Timestamp,PC,Type,Address,pattern_type,Delta_with_1_last_read,Delta_with_1_last_write,Delta_with_2_last_read,Delta_with_2_last_write,Delta_with_3_last_read,Delta_with_3_last_write,Delta_with_4_last_read,Delta_with_4_last_write,Delta_with_5_last_read,Delta_with_5_last_write,Delta_with_6_last_read,Delta_with_6_last_write,Delta_with_7_last_read,Delta_with_7_last_write,Delta_with_8_last_read,Delta_with_8_last_write,Delta_with_1_next_read,Delta_with_1_next_write,Delta_with_2_next_read,Delta_with_2_next_write,Delta_with_3_next_read,Delta_with_3_next_write,Delta_with_4_next_read,Delta_with_4_next_write,Delta_with_5_next_read,Delta_with_5_next_write,Delta_with_6_next_read,Delta_with_6_next_write,Delta_with_7_next_read,Delta_with_7_next_write,Delta_with_8_next_read,Delta_with_8_next_write
5,0x55a1bd679089,R,0x7ffee78d5df0,1,,,,,,,,,,,,,,,,,-46579627433496,-8,-46579627433480,-24,-104,-280,-992478176904,-288,-388,-304,16,-312,-400,-388,-46579627433504,-400
9,0x55a1bd679091,W,0x7ffee78d5de8,1,-8,,,,,,,,,,,,,,,,-46579627433488,-8,-46579627433472,-264,-96,-272,-992478176896,-288,-392,-296,-46579627433496,-304,32,-380,-46579627433496,-320
11,0x55a1bd679092,W,0x7ffee78d5de0,1,-16,-8,-16,,,,,,,,,,,,,,-46579627433480,-8,-88,-256,-88,-272,-372,-280,32,-288,-384,-296,40,-384,-46579627433488,-364
16,0x55a1bd67909f,R,0x55a1bd67bfd8,1,-46579627433496,-46579627433480,-46579627433496,-46579627433488,-46579627433496,,,,,,,,,,,,16,46579627433472,46579627433392,46579627433216,45587149256592,46579627433208,46579627433096,46579627433200,-8,46579627433192,46579627433096,46579627433108,46579627433520,46579627433168,-8,46579627433120
17,0x55a1bd67909f,W,0x7ffee78d5dd8,1,46579627433472,-8,-24,-16,-24,-16,-24,,,,,,,,,,-46579627433456,-248,-80,-256,-364,-264,40,-272,-46579627433480,-288,-376,-376,48,-356,-46579627433480,-348
21,0x55a1bd679008,R,0x55a1bd67bfe8,1,16,-46579627433456,-46579627433480,-46579627433472,-46579627433480,-46579627433464,-46579627433480,-46579627433472,-46579627433480,,,,,,,,46579627433376,46579627433208,45587149256576,46579627433200,46579627433080,46579627433192,46579627433496,46579627433176,-24,46579627433092,46579627433080,46579627433152,46579627433504,46579627433104,-24,46579627433024
26,0x55a1bd67901a,R,0x7ffee78d5d88,1,46579627433376,-80,-104,-88,46579627433392,-88,-104,-88,-104,-96,-104,,,,,,0,-168,-284,-176,-296,-192,120,-208,-46579627433400,-296,-296,-276,128,-268,-46579627433400,-276
39,0x55a1bd679118,R,0x7ffee78d5d88,1,0,-80,46579627433392,-88,46579627433392,-96,46579627433392,-88,-104,-88,-104,-96,-104,,,,-992478176800,-168,-284,-184,-296,-200,120,-284,-46579627433400,-224,-296,-272,128,-352,-46579627433400,-352
42,0x55a1bd67916d,W,0x7ffee78d5ce0,1,-168,-248,46579627433208,-256,-272,-264,46579627433224,-248,46579627433224,-256,-272,-256,-272,-264,-272,,-992478176632,-8,-116,-24,-128,-40,288,-128,-46579627433232,-108,-128,-100,296,-108,-46579627433232,-104
45,0x55a1bd679171,W,0x7ffee78d5cd8,1,-176,-8,-176,-264,46579627433216,-272,46579627433200,-256,46579627433216,-256,46579627433216,-264,-280,-264,-280,-272,-992478176624,-8,-108,-24,-120,-108,296,-48,-46579627433224,-96,-120,-176,304,-176,-120,-96
47,0x55a1bd679173,W,0x7ffee78d5cd0,1,-184,-8,-184,-264,46579627433192,-280,-288,-264,46579627433192,-264,46579627433208,-264,46579627433208,-272,-288,-272,-992478176616,-8,-100,-24,-112,-112,304,-92,-46579627433216,-84,-112,-92,-46579627433216,-168,-112,-168
49,0x55a1bd679175,W,0x7ffee78d5cc8,1,-192,-8,-192,-24,46579627433184,-280,46579627433200,-272,-192,-272,46579627433184,-272,46579627433200,-272,46579627433200,-280,-992478176608,-8,-92,-92,-104,-32,312,-80,-46579627433208,-160,320,-84,-46579627433208,-80,-104,-76
51,0x55a1bd679177,W,0x7ffee78d5cc0,1,-200,-8,-200,-24,46579627433176,-280,46579627433192,-296,-304,-280,-200,-280,46579627433176,-280,46579627433192,-280,-992478176600,-8,-84,-96,-96,-76,320,-68,-96,-152,328,-152,-46579627433200,-152,-96,-48
53,0x55a1bd679179,W,0x7ffee78d5cb8,1,-208,-8,-208,-24,46579627433168,-40,46579627433184,-296,-312,-40,-208,-288,-208,-288,46579627433168,-288,-992478176592,-76,-76,-16,-88,-64,-46579627433192,-60,-88,-68,336,-64,-46579627433192,-60,-88,-136
56,0x55a1bd679181,W,0x7ffee78d5c6c,1,-284,-76,-284,-92,46579627433092,-108,46579627433108,-364,-388,-380,-284,-116,-284,-364,-284,-364,-992478176516,-12,0,8,404,12,-46579627433116,-68,-12,-68,412,-68,-46579627433116,36,420,-60
58,0x55a1bd679184,W,0x7ffee78d5c60,1,-296,-12,-296,-96,46579627433080,-112,46579627433096,-128,-400,-384,-296,-120,-296,-128,-296,-376,-992478176504,72,0,20,416,28,-46579627433104,20,0,24,424,28,0,48,-46579627433104,-48
60,0x55a1bd679188,R,0x7f17d33e3768,1,-992478176800,-992478176504,-992478176800,-992478176592,45587149256576,-992478176608,45587149256592,-992478176624,-992478176904,-992478176880,-992478176800,-992478176896,-992478176800,-992478176624,-992478176800,-992478176632,992478176516,992478176576,992478176504,992478176528,992478176920,992478176448,-45587149256600,992478176448,992478176504,992478176448,-45587149256600,992478176532,992478176936,992478176552,992478176532,992478176456
62,0x55a1bd679191,W,0x7ffee78d5ca8,1,992478176576,72,-224,60,46579627433152,-24,46579627433168,-40,-328,-56,-224,-312,-224,-40,-224,-48,-60,-52,-72,-44,344,-52,-46579627433176,-48,352,-128,-72,-44,-46579627433176,-24,-44,-112
67,0x55a1bd67919d,W,0x7ffee78d5c74,1,992478176524,-52,-276,8,46579627433100,-68,46579627433116,-84,-380,-100,-276,-356,-276,-372,-276,-92,-8,4,-20,-76,396,-76,-20,4,-46579627433124,-76,412,8,-46579627433124,-68,4,-60
69,0x55a1bd6791a4,W,0x7ffee78d5c78,1,992478176528,4,-272,24,-272,-64,46579627433120,-72,-376,-88,-272,-104,-272,-360,-272,-80,-12,4,-24,-4,-46579627433128,-80,400,0,-24,-80,408,24,4,-72,0,32
71,0x55a1bd6791ab,W,0x7ffee78d5c7c,1,992478176532,4,-268,-44,-268,16,46579627433108,-68,-372,-76,-268,-92,-268,-348,-268,-364,-16,-84,388,-8,-28,-84,-46579627433132,-4,-28,0,-46579627433132,20,0,-68,-60,28
73,0x55a1bd6791b2,R,0x7ffee78d5c6c,1,992478176516,-16,-284,-8,-284,12,46579627433092,-76,46579627433108,-92,-284,-100,-284,-116,-284,-372,-12,-68,-46579627433116,8,412,-68,-46579627433116,-68,420,16,-46579627433116,-60,12,-52,-36,44
76,0x55a1bd6791b8,R,0x7ffee78d5c60,1,-12,-28,-296,-24,-296,-72,46579627433080,-12,46579627433096,-96,-400,-112,-296,-120,-296,-376,416,-56,0,20,424,24,0,-56,432,48,28,-48,-32,-40,-24,-32
79,0x55a1bd6791c0,R,0x7ffee78d5e00,1,416,388,992478176920,392,120,396,46579627433496,416,46579627433512,328,16,312,992478176920,296,120,288,-46579627433520,-472,-416,-472,-46579627433520,-392,-416,-388,-46579627433520,-368,-392,-464,-448,-360,-432,-448
82,0x55a1bd6791c6,W,0x7ffee78d5c28,1,-472,-84,-68,-80,-352,-76,46579627433024,-128,46579627433040,-68,-456,-152,992478176448,-168,992478176448,-184,-46579627433048,76,480,0,-46579627433048,0,488,84,84,104,80,16,32,112,40,32
85,0x55a1bd679074,R,0x55a1bd67bfd0,1,-46579627433520,-46579627433048,-46579627433104,-46579627433128,-45587149256600,-46579627433124,-46579627433400,-46579627433176,-8,-46579627433104,-46579627433504,-46579627433192,-45587149256600,-46579627433208,-45587149256600,-46579627433224,46579627433104,46579627433124,46579627433528,46579627433128,46579627433104,46579627433048,0,46579627433132,46579627433132,46579627433056,46579627433072,46579627433064,46579627433080,46579627433072,46579627433096,46579627433080
87,0x55a1bd6791cb,W,0x7ffee78d5c74,1,46579627433124,76,20,-8,8,0,-276,-52,46579627433100,20,-380,8,992478176524,-76,992478176524,-92,-20,-76,-46579627433124,4,412,-76,-46579627433124,28,4,-68,-52,36,-36,-52,-36,-44
89,0x55a1bd6791ce,R,0x7ffee78d5c60,1,46579627433104,-20,-416,-28,-12,-24,992478176504,-72,-296,0,46579627433096,-12,992478176504,-88,992478176504,-104,424,-56,0,24,432,28,28,48,24,-40,-24,56,-8,-32,-16,-16
92,0x55a1bd6791d6,R,0x7ffee78d5e08,1,424,404,8,480,424,400,992478176928,404,128,424,46579627433504,412,24,336,992478176928,328,-46579627433528,-480,-424,-480,-46579627433528,-396,-396,-472,-456,-464,-440,-368,-432,-448,-480,-440
95,0x55a1bd6791dc,W,0x7ffee78d5c28,1,-480,-76,46579627433048,0,-56,-84,-68,-76,-352,-128,-352,-68,46579627433040,-144,-68,-152,-46579627433048,80,488,0,-46579627433048,104,80,8,32,16,40,24,40,32,0,48
98,0x55a1bd679074,R,0x55a1bd67bfd0,1,-46579627433528,-46579627433048,-46579627433104,-46579627433048,-46579627433520,-46579627433132,-46579627433116,-46579627433128,-45587149256600,-46579627433176,-46579627433400,-46579627433104,-24,-46579627433192,-46579627433504,-46579627433200,46579627433104,46579627433128,46579627433536,46579627433132,46579627433132,46579627433152,46579627433072,46579627433056,46579627433080,46579627433160,46579627433096,46579627433072,46579627433088,46579627433088,46579627433136,46579627433096
100,0x55a1bd6791e1,W,0x7ffee78d5c78,1,46579627433128,80,24,4,46579627433128,-4,24,0,992478176528,4,-272,24,46579627433104,12,46579627433120,-72,-24,-80,-46579627433128,4,0,24,-56,-64,-40,32,-32,-48,-80,-40,0,-32
102,0x55a1bd6791e4,R,0x7ffee78d5c60,1,46579627433104,-24,-424,-20,46579627433104,56,-416,-24,-12,-20,-296,-72,-296,-12,46579627433096,-88,432,-56,28,28,24,-48,-24,-40,-16,-32,-16,-24,32,-16,24,-56
105,0x55a1bd6791ec,R,0x7ffee78d5e10,1,432,408,8,488,432,488,16,404,432,412,992478176936,360,136,432,46579627433512,344,-46579627433536,-488,-404,-384,-464,-480,-456,-376,-440,-464,-488,-456,-400,-440,-408,-368
108,0x55a1bd6791f2,W,0x7ffee78d5c28,1,-488,-80,46579627433048,0,-56,-76,46579627433048,-84,-56,-80,-68,-128,-352,-56,46579627433024,-68,-46579627433048,84,80,104,24,16,40,112,40,24,0,40,88,0,80,88
111,0x55a1bd679074,R,0x55a1bd67bfd0,1,-46579627433536,-46579627433048,-46579627433104,-46579627433048,-46579627433528,-46579627433124,0,-46579627433048,-46579627433520,-46579627433128,-46579627433116,-46579627433124,-45587149256600,-46579627433104,-46579627433400,-46579627433116,46579627433132,46579627433132,46579627433128,46579627433056,46579627433080,46579627433064,46579627433096,46579627433160,46579627433088,46579627433080,46579627433048,46579627433096,46579627433136,46579627433168,46579627433128,46579627433140
113,0x55a1bd6791f7,W,0x7ffee78d5c7c,1,46579627433132,84,28,4,46579627433132,8,28,84,-388,0,28,8,992478176532,-44,-268,16,0,20,-60,-76,-44,-68,-36,-60,-44,-44,-84,-84,4,4,-4,12
115,0x55a1bd6791fa,R,0x7ffee78d5c7c,1,46579627433132,0,-404,4,46579627433132,84,-396,84,46579627433132,0,28,4,16,-44,-268,28,-4,20,-52,-76,-44,28,-36,-52,-44,-36,-84,36,4,8,-4,16
117,0x55a1bd6791fd,R,0x7ffee78d5c78,1,-4,-4,-408,80,24,80,-400,4,24,-4,-392,0,12,4,992478176528,24,-56,24,-48,-64,-40,-56,-32,-40,-40,-80,-80,8,8,16,0,-1096
121,0x55a1bd679207,W,0x7ffee78d5c90,1,24,20,46579627433152,104,48,24,46579627433152,28,48,104,46579627433152,24,48,28,992478176552,-24,-80,-96,-72,8,-64,-72,-56,-56,-64,16,-104,-12,-16,-4,-24,-4
124,0x55a1bd67920e,W,0x7ffee78d5c30,1,-72,-96,-76,8,-480,-72,46579627433056,8,-472,8,46579627433056,-76,-464,-68,-60,-120,16,8,24,16,32,32,40,-8,32,80,-8,88,80,-1024,84,92
126,0x55a1bd679215,W,0x7ffee78d5c38,1,-64,8,-68,-68,46579627433064,-64,-40,16,-464,-60,-40,-68,-456,-64,-40,-112,8,96,16,16,24,32,32,104,24,76,-16,84,64,-1032,68,84
132,0x55a1bd679232,W,0x7ffee78d5c98,1,32,96,28,8,46579627433160,112,-376,112,46579627433160,36,56,112,46579627433160,32,56,36,-88,-88,-80,-72,-72,-112,-64,-24,-72,-16,-24,-12,-20,-1128,-24,-12
135,0x55a1bd679239,W,0x7ffee78d5c40,1,-56,-88,-60,16,46579627433072,-60,-464,-56,-32,-52,-456,24,46579627433072,-60,-448,-52,0,8,8,24,16,96,24,68,-24,72,56,76,60,-1040,64,76
137,0x55a1bd679240,W,0x7ffee78d5c48,1,-48,8,-52,16,46579627433080,-72,-456,32,-24,32,46579627433080,32,-24,-52,-440,-48,-8,8,0,-32,8,56,8,60,56,64,60,68,56,-1048,44,68
140,0x55a1bd67924e,W,0x7ffee78d5c50,1,-40,8,-44,-72,46579627433088,32,-448,-44,-16,-40,46579627433088,-36,-440,-44,46579627433088,-40,-16,8,-8,80,8,48,-40,52,40,56,44,60,48,-1056,56,60
142,0x55a1bd679255,W,0x7ffee78d5c58,1,-32,8,-36,24,46579627433096,32,-440,-56,-8,48,46579627433096,48,-432,48,-8,-32,-24,-48,-8,72,-8,40,40,44,44,48,40,52,28,-1064,48,-1060
144,0x55a1bd679260,R,0x7ffee78d5c40,1,-56,-24,-60,-8,46579627433072,-88,-464,16,-32,-60,46579627433072,-56,-456,-52,-32,-60,8,-24,24,96,-24,64,56,68,60,72,64,76,52,76,72,76
146,0x55a1bd679267,R,0x7ffee78d5c48,1,8,-16,-52,-8,46579627433080,8,-456,16,-24,-72,46579627433080,32,-448,32,-24,32,8,-32,8,88,56,56,60,60,56,64,56,-1048,44,-1044,64,-1040
149,0x55a1bd679271,R,0x7ffee78d5c50,1,8,-8,-40,0,46579627433088,8,-448,-72,-16,32,46579627433088,-44,-440,-40,-16,-36,8,-40,-40,80,40,48,44,52,48,60,48,60,36,60,52,-1048
151,0x55a1bd679279,R,0x7ffee78d5c58,1,8,0,24,8,-36,16,-440,24,-8,32,46579627433096,-56,-432,48,-8,48,-8,-48,40,72,44,40,36,48,40,-1064,40,-1060,48,52,44,-1056
156,0x55a1bd67928b,R,0x7ffee78d5c50,1,-8,-8,8,0,-40,8,46579627433088,16,-16,-72,46579627433088,32,-440,-44,-16,-40,-40,-40,40,80,52,52,44,60,48,60,36,-1052,52,60,52,60
202,0x55a1bd67934a,R,0x7ffee78d5c28,1,-40,-48,-40,-40,-24,-32,-84,-24,-488,-112,46579627433048,-16,-480,-104,-56,0,88,0,80,88,92,96,84,-1016,88,100,96,-1012,92,-1008,76,100
203,0x55a1bd67934a,W,0x7ffee78d5c28,1,0,-48,-48,-40,-32,-32,-80,-24,46579627433048,-112,-56,-16,-480,-8,-56,-84,88,120,80,92,92,100,88,-1016,76,100,96,100,92,-1008,100,100
209,0x55a1bd67935d,W,0x7ffee78d5ca0,1,120,120,80,80,80,88,96,96,36,8,-368,104,46579627433168,112,64,16,-32,-32,-40,-24,-36,-20,-32,-1136,-44,-1132,-28,-20,-44,-1128,-24,-20
211,0x55a1bd679361,W,0x7ffee78d5c80,1,88,-32,48,40,40,56,56,64,8,-24,46579627433136,72,32,80,-392,-16,0,4,4,8,0,12,0,12,8,-1100,4,12,12,-1096,8,-1092
214,0x55a1bd6793e3,R,0x7ffee78d5c80,1,88,0,48,88,40,48,48,64,64,-24,4,72,-400,80,46579627433136,-16,-8,4,-4,8,0,-1104,-12,12,4,-1100,-12,12,12,12,12,-1092
216,0x55a1bd6793e6,R,0x7ffee78d5c78,1,-8,-8,40,-40,32,32,40,48,48,-32,0,64,46579627433128,72,24,-24,12,12,4,20,8,-1096,16,20,12,-1092,-4,-1088,16,20,40,-1084
219,0x55a1bd67936a,W,0x7ffee78d5c84,1,12,4,92,-28,44,92,52,52,60,68,68,76,8,84,-396,-12,0,4,-4,8,-16,-1108,0,8,0,8,8,-1100,8,8,8,-1096
222,0x55a1bd6793d5,R,0x7ffee78d5c84,1,12,0,4,-28,52,92,52,44,60,60,68,-20,12,84,46579627433140,-12,-8,4,-4,8,4,-1108,0,-1104,-16,8,4,-1100,28,8,4,-1096
224,0x55a1bd6793d8,R,0x7ffee78d5c7c,1,-8,-8,-4,-4,84,84,36,36,52,44,60,60,4,68,0,-20,4,12,-8,16,12,16,8,-1096,16,16,16,-1092,16,16,12,16
227,0x55a1bd679373,R,0x7ffee78d5c80,1,4,-4,8,0,88,-32,48,40,48,48,64,56,8,-24,4,80,0,8,-12,-1104,4,12,-12,-1100,8,12,32,-1096,12,-1092,12,12
229,0x55a1bd679376,W,0x7ffee78d5c88,1,8,4,4,8,8,-24,56,96,48,56,64,64,16,72,12,80,-8,4,0,-1112,-4,4,4,-1108,4,4,24,4,0,-1100,-4,4
232,0x55a1bd6793c2,R,0x7ffee78d5c80,1,0,-8,4,0,8,-32,88,88,40,40,48,56,64,64,4,-24,-12,12,4,-1104,-12,12,8,-1100,12,-1096,12,12,12,-1092,-12,12
234,0x55a1bd6793c5,R,0x7ffee78d5c74,1,-12,-20,-8,-16,-16,-44,-12,76,36,28,36,36,44,52,-4,-36,20,24,16,-1092,24,24,20,24,44,-1084,20,24,16,-1080,24,24
237,0x55a1bd6793ca,R,0x7ffee78d5c88,1,20,0,8,4,4,8,16,96,96,48,48,56,64,64,72,-16,-4,4,-20,-1112,4,-1108,4,4,4,-1104,4,4,-20,-1100,0,4
240,0x55a1bd67937b,R,0x7ffee78d5c84,1,-4,-4,4,0,8,4,12,-28,4,44,52,52,52,60,68,68,0,8,-16,8,4,-1104,28,8,4,-1100,0,8,8,-1096,8,8
242,0x55a1bd67937e,W,0x7ffee78d5c8c,1,8,4,24,8,12,12,8,-20,12,100,100,60,52,68,68,76,-8,-1116,0,0,0,-1112,0,0,0,-1108,-24,0,-4,-1104,20,0
245,0x55a1bd6793b1,R,0x7ffee78d5c84,1,0,-8,-4,0,4,4,8,-28,12,92,92,44,52,60,52,68,-16,-1108,4,8,28,-1104,4,8,0,-1100,8,8,8,-1096,8,8
247,0x55a1bd6793b4,R,0x7ffee78d5c74,1,-16,-24,-20,-20,0,-12,-12,-44,-16,76,-12,28,36,36,28,52,24,-1092,24,24,24,-1088,24,24,0,-1084,20,24,44,-1080,24,-1076
250,0x55a1bd6793b9,R,0x7ffee78d5c8c,1,24,0,8,4,24,8,12,-20,16,100,20,52,100,60,52,68,-4,-1116,20,0,-4,-1112,-8,0,0,-1108,0,0,20,0,-4,-1100
255,0x55a1bd67938a,R,0x7ffee78d5c88,1,-4,-4,4,0,0,4,8,8,8,96,4,48,8,56,56,64,4,-1112,4,4,4,-1108,-20,4,0,-1104,4,-1100,4,4,0,4
257,0x55a1bd67938d,R,0x7ffee78d5c8c,1,4,0,24,4,8,8,24,12,12,-20,16,52,20,60,100,68,20,-1116,-4,0,-8,-1112,0,0,-4,0,20,-1104,0,-1100,0,0
260,0x55a1bd679393,R,0x7ffee78d5ca0,1,20,20,20,24,28,28,24,32,32,0,36,120,28,80,32,88,-20,-1136,-20,-20,-44,-1132,-20,-1128,-20,-20,0,-20,-24,-1120,-28,-20
262,0x55a1bd679397,R,0x7ffee78d5c8c,1,-20,0,4,4,24,8,8,12,24,-20,12,100,8,52,20,68,-4,-1116,-8,0,-24,0,-4,-1108,0,-1104,0,0,0,-1100,-24,0
265,0x55a1bd67939d,R,0x7ffee78d5c88,1,-4,-4,-4,0,-4,4,4,8,0,-24,8,96,12,48,16,56,4,-1112,-4,-1108,4,4,0,4,24,-1100,0,4,-4,-1096,4,4
270,0x55a1bd6793aa,W,0x7ffee78d5830,1,-1112,-1116,-1136,-1112,-1112,-1108,-1092,-1104,-1108,-1136,-1092,-1016,-1104,-1064,-1108,-1056,1116,1116,1092,4,1116,8,1116,1116,1116,12,1116,1116,1092,16,1112,1116
272,0x55a1bd6793ad,R,0x7ffee78d5c8c,1,4,1116,0,4,0,8,0,12,8,-20,4,100,12,52,16,60,-8,0,-24,0,-4,-1108,20,0,-4,-1104,-8,0,0,-1100,0,0
273,0x55a1bd6793ad,W,0x7ffee78d5c8c,1,0,1116,0,0,-20,8,4,12,24,-20,8,100,24,52,12,60,-8,-1112,0,0,0,-1108,0,0,0,-1104,-24,0,-4,-1100,20,0
275,0x55a1bd6793b1,R,0x7ffee78d5c84,1,-8,-8,-4,-8,-28,-4,-8,4,-8,-28,0,92,-4,44,4,52,-16,-1104,4,8,28,-1100,4,8,0,-1096,8,8,8,-1092,8,8
277,0x55a1bd6793b4,R,0x7ffee78d5c74,1,-16,-24,-20,1092,-24,-20,-24,-16,-20,-44,0,76,-16,28,0,36,24,-1088,24,24,24,-1084,24,24,0,-1080,20,24,44,-1076,24,-1072
280,0x55a1bd6793b9,R,0x7ffee78d5c8c,1,24,0,0,1116,0,0,-20,8,4,12,0,100,8,52,4,60,-4,-1112,20,0,-4,-1108,-8,0,0,-1104,0,0,20,0,-4,-1096
285,0x55a1bd67938a,R,0x7ffee78d5c88,1,-4,-4,4,1112,0,-4,-24,0,-4,8,-4,-24,20,48,4,56,4,-1108,4,4,4,-1104,-20,4,0,-1100,4,-1096,4,4,0,4
287,0x55a1bd67938d,R,0x7ffee78d5c8c,1,4,0,24,1116,0,0,0,4,0,8,4,-20,24,100,8,60,20,-1112,-4,0,-8,-1108,0,0,-4,0,20,-1100,0,-1096,0,0
290,0x55a1bd679393,R,0x7ffee78d5ca0,1,20,20,20,1136,28,20,24,24,0,28,24,32,20,120,28,72,-20,-1132,-20,-20,-44,-1128,-20,-1124,-20,-20,0,-20,-24,-1116,-28,-20
292,0x55a1bd679397,R,0x7ffee78d5c8c,1,-20,0,4,1116,24,0,0,4,0,8,0,12,0,-20,24,52,-4,-1112,-8,0,-24,0,-4,-1104,0,-1100,0,0,0,-1096,-24,0
295,0x55a1bd67939d,R,0x7ffee78d5c88,1,-4,-4,-4,1112,-4,-4,4,0,0,4,-24,8,0,-24,20,96,4,-1108,-4,-1104,4,4,0,4,24,-1096,0,4,-4,-1092,4,4
300,0x55a1bd6793aa,W,0x7ffee78d5834,1,-1108,-1112,-1132,4,-1108,-1112,-1088,-1108,-1112,-1104,-1112,-1100,-1112,-1132,-1112,-1012,1112,1112,1088,4,1112,8,1112,1112,1112,12,1112,1112,1088,16,1108,1112
302,0x55a1bd6793ad,R,0x7ffee78d5c8c,1,4,1112,0,1116,0,0,0,4,8,8,4,12,-20,-20,4,100,-8,0,-24,0,-4,-1104,20,0,-4,-1100,-8,0,0,-1096,0,0
303,0x55a1bd6793ad,W,0x7ffee78d5c8c,1,0,1112,0,0,-20,0,4,4,24,8,0,12,0,-20,0,100,-8,-1108,0,0,0,-1104,0,0,0,-1100,-24,0,-4,-1096,20,0
305,0x55a1bd6793b1,R,0x7ffee78d5c84,1,-8,-8,-4,-8,-28,1108,-8,-4,-8,0,0,4,-4,-28,-28,92,-16,-1100,4,8,28,-1096,4,8,0,-1092,8,8,8,-1088,8,8
307,0x55a1bd6793b4,R,0x7ffee78d5c74,1,-16,-24,-20,1088,-24,1092,-24,-24,-20,-16,0,-12,-24,-44,-24,76,24,-1084,24,24,24,-1080,24,24,0,-1076,20,24,44,-1072,24,-1068
310,0x55a1bd6793b9,R,0x7ffee78d5c8c,1,24,0,0,1112,0,0,-20,0,4,4,0,12,8,-20,4,100,-4,-1108,20,0,-4,-1104,-8,0,0,-1100,0,0,20,0,-4,-1092
315,0x55a1bd67938a,R,0x7ffee78d5c88,1,-4,-4,4,1108,0,-4,-24,1112,-4,0,-4,4,20,-24,-4,96,4,-1104,4,4,4,-1100,-20,4,0,-1096,4,-1092,4,4,0,4
317,0x55a1bd67938d,R,0x7ffee78d5c8c,1,4,0,24,1112,0,0,0,1116,0,0,4,8,24,12,8,100,20,-1108,-4,0,-8,-1104,0,0,-4,0,20,-1096,0,-1092,0,0
320,0x55a1bd679393,R,0x7ffee78d5ca0,1,20,20,20,1132,28,20,24,1136,0,20,24,24,20,32,28,0,-20,-1128,-20,-20,-44,-1124,-20,-1120,-20,-20,0,-20,-24,-1112,-28,-20
322,0x55a1bd679397,R,0x7ffee78d5c8c,1,-20,0,4,1112,24,0,0,1116,0,0,0,4,0,8,24,-20,-4,-1108,-8,0,-24,0,-4,-1100,0,-1096,0,0,0,-1092,-24,0
325,0x55a1bd67939d,R,0x7ffee78d5c88,1,-4,-4,-4,1108,-4,-4,4,1112,0,-4,-24,0,0,4,20,8,4,-1104,-4,-1100,4,4,0,4,24,-1092,0,4,-4,-1088,4,4
330,0x55a1bd6793aa,W,0x7ffee78d5838,1,-1104,-1108,-1128,4,-1104,-1108,-1084,8,-1108,-1108,-1108,-1104,-1108,-1100,-1108,-1096,1108,1108,1084,4,1108,8,1108,1108,1108,12,1108,1108,1084,16,1104,1108
332,0x55a1bd6793ad,R,0x7ffee78d5c8c,1,4,1108,0,1112,0,0,0,1116,8,0,4,4,-20,8,4,12,-8,0,-24,0,-4,-1100,20,0,-4,-1096,-8,0,0,-1092,0,0
333,0x55a1bd6793ad,W,0x7ffee78d5c8c,1,0,1108,0,0,-20,0,4,1116,24,0,0,4,0,8,0,12,-8,-1104,0,0,0,-1100,0,0,0,-1096,-24,0,-4,-1092,20,0
335,0x55a1bd6793b1,R,0x7ffee78d5c84,1,-8,-8,-4,-8,-28,1104,-8,1108,-8,-8,0,-4,-4,0,-28,4,-16,-1096,4,8,28,-1092,4,8,0,-1088,8,8,8,-1084,8,8
337,0x55a1bd6793b4,R,0x7ffee78d5c74,1,-16,-24,-20,1084,-24,1088,-24,-24,-20,-24,0,-20,-24,-16,-24,-12,24,-1080,24,24,24,-1076,24,24,0,-1072,20,24,44,-1068,24,-1064
340,0x55a1bd6793b9,R,0x7ffee78d5c8c,1,24,0,0,1108,0,0,-20,0,4,1116,0,4,8,8,4,12,-4,-1104,20,0,-4,-1100,-8,0,0,-1096,0,0,20,0,-4,-1088
345,0x55a1bd67938a,R,0x7ffee78d5c88,1,-4,-4,4,1104,0,-4,-24,1108,-4,1112,-4,-4,20,4,-4,8,4,-1100,4,4,4,-1096,-20,4,0,-1092,4,-1088,4,4,0,4
347,0x55a1bd67938d,R,0x7ffee78d5c8c,1,4,0,24,1108,0,0,0,1112,0,0,4,0,24,4,8,12,20,-1104,-4,0,-8,-1100,0,0,-4,0,20,-1092,0,-1088,0,0
350,0x55a1bd679393,R,0x7ffee78d5ca0,1,20,20,20,1128,28,20,24,1132,0,20,24,1136,20,24,28,28,-20,-1124,-20,-20,-44,-1120,-20,-1116,-20,-20,0,-20,-24,-1108,-28,-20
352,0x55a1bd679397,R,0x7ffee78d5c8c,1,-20,0,4,1108,24,0,0,1112,0,0,0,1116,0,0,24,8,-4,-1104,-8,0,-24,0,-4,-1096,0,-1092,0,0,0,-1088,-24,0
355,0x55a1bd67939d,R,0x7ffee78d5c88,1,-4,-4,-4,1104,-4,-4,4,1108,0,-4,-24,1112,0,-4,20,0,4,-1100,-4,-1096,4,4,0,4,24,-1088,0,4,-4,-1084,4,4
360,0x55a1bd6793aa,W,0x7ffee78d583c,1,-1100,-1104,-1124,4,-1100,-1104,-1080,8,-1104,-1104,-1104,12,-1104,-1104,-1104,-1100,1104,1104,1080,4,1104,8,1104,1104,1104,12,1104,1104,1080,16,1100,1104
362,0x55a1bd6793ad,R,0x7ffee78d5c8c,1,4,1104,0,1108,0,0,0,1112,8,0,4,1116,-20,0,4,4,-8,0,-24,0,-4,-1096,20,0,-4,-1092,-8,0,0,-1088,0,0
363,0x55a1bd6793ad,W,0x7ffee78d5c8c,1,0,1104,0,0,-20,0,4,1112,24,0,0,1116,0,0,0,4,-8,-1100,0,0,0,-1096,0,0,0,-1092,-24,0,-4,-1088,20,0
365,0x55a1bd6793b1,R,0x7ffee78d5c84,1,-8,-8,-4,-8,-28,1100,-8,1104,-8,-8,0,1108,-4,-8,-28,-4,-16,-1092,4,8,28,-1088,4,8,0,-1084,8,8,8,-1080,8,8
367,0x55a1bd6793b4,R,0x7ffee78d5c74,1,-16,-24,-20,1080,-24,1084,-24,-24,-20,-24,0,1092,-24,-24,-24,-20,24,-1076,24,24,24,-1072,24,24,0,-1068,20,24,44,-1064,24,-1060
370,0x55a1bd6793b9,R,0x7ffee78d5c8c,1,24,0,0,1104,0,0,-20,0,4,1112,0,1116,8,0,4,4,-4,-1100,20,0,-4,-1096,-8,0,0,-1092,0,0,20,0,-4,-1084
375,0x55a1bd67938a,R,0x7ffee78d5c88,1,-4,-4,4,1100,0,-4,-24,1104,-4,1108,-4,-4,20,-4,-4,0,4,-1096,4,4,4,-1092,-20,4,0,-1088,4,-1084,4,4,0,4
377,0x55a1bd67938d,R,0x7ffee78d5c8c,1,4,0,24,1104,0,0,0,1108,0,0,4,0,24,1116,8,4,20,-1100,-4,0,-8,-1096,0,0,-4,0,20,-1088,0,-1084,0,0
380,0x55a1bd679393,R,0x7ffee78d5ca0,1,20,20,20,1124,28,20,24,1128,0,20,24,1132,20,1136,28,20,-20,-1120,-20,-20,-44,-1116,-20,-1112,-20,-20,0,-20,-24,-1104,-28,-20
382,0x55a1bd679397,R,0x7ffee78d5c8c,1,-20,0,4,1104,24,0,0,1108,0,0,0,1112,0,0,24,0,-4,-1100,-8,0,-24,0,-4,-1092,0,-1088,0,0,0,-1084,-24,0
385,0x55a1bd67939d,R,0x7ffee78d5c88,1,-4,-4,-4,1100,-4,-4,4,1104,0,-4,-24,1108,0,-4,20,1112,4,-1096,-4,-1092,4,4,0,4,24,-1084,0,4,-4,-1080,4,4
390,0x55a1bd6793aa,W,0x7ffee78d5840,1,-1096,-1100,-1120,4,-1096,-1100,-1076,8,-1100,-1100,-1100,12,-1100,-1100,-1100,16,1100,1100,1076,4,1100,8,1100,1100,1100,12,1100,1100,1076,16,1096,1100
392,0x55a1bd6793ad,R,0x7ffee78d5c8c,1,4,1100,0,1104,0,0,0,1108,8,0,4,1112,-20,0,4,1116,-8,0,-24,0,-4,-1092,20,0,-4,-1088,-8,0,0,-1084,0,0
393,0x55a1bd6793ad,W,0x7ffee78d5c8c,1,0,1100,0,0,-20,0,4,1108,24,0,0,1112,0,0,0,1116,-8,-1096,0,0,0,-1092,0,0,0,-1088,-24,0,-4,-1084,20,0
395,0x55a1bd6793b1,R,0x7ffee78d5c84,1,-8,-8,-4,-8,-28,1096,-8,1100,-8,-8,0,1104,-4,-8,-28,1108,-16,-1088,4,8,28,-1084,4,8,0,-1080,8,8,8,-1076,8,8
397,0x55a1bd6793b4,R,0x7ffee78d5c74,1,-16,-24,-20,1076,-24,1080,-24,-24,-20,-24,0,1088,-24,-24,-24,1092,24,-1072,24,24,24,-1068,24,24,0,-1064,20,24,44,-1060,24,-1056
400,0x55a1bd6793b9,R,0x7ffee78d5c8c,1,24,0,0,1100,0,0,-20,0,4,1108,0,1112,8,0,4,1116,-4,-1096,20,0,-4,-1092,-8,0,0,-1088,0,0,20,0,-4,-1080
405,0x55a1bd67938a,R,0x7ffee78d5c88,1,-4,-4,4,1096,0,-4,-24,1100,-4,1104,-4,-4,20,-4,-4,1112,4,-1092,4,4,4,-1088,-20,4,0,-1084,4,-1080,4,4,0,4
407,0x55a1bd67938d,R,0x7ffee78d5c8c,1,4,0,24,1100,0,0,0,1104,0,0,4,0,24,1112,8,1116,20,-1096,-4,0,-8,-1092,0,0,-4,0,20,-1084,0,-1080,0,0
410,0x55a1bd679393,R,0x7ffee78d5ca0,1,20,20,20,1120,28,20,24,1124,0,20,24,1128,20,1132,28,20,-20,-1116,-20,-20,-44,-1112,-20,-1108,-20,-20,0,-20,-24,-1100,-28,-20
412,0x55a1bd679397,R,0x7ffee78d5c8c,1,-20,0,4,1100,24,0,0,1104,0,0,0,1108,0,0,24,0,-4,-1096,-8,0,-24,0,-4,-1088,0,-1084,0,0,0,-1080,-24,0
415,0x55a1bd67939d,R,0x7ffee78d5c88,1,-4,-4,-4,1096,-4,-4,4,1100,0,-4,-24,1104,0,-4,20,1108,4,-1092,-4,-1088,4,4,0,4,24,-1080,0,4,-4,-1076,4,4
420,0x55a1bd6793aa,W,0x7ffee78d5844,1,-1092,-1096,-1116,4,-1092,-1096,-1072,8,-1096,-1096,-1096,12,-1096,-1096,-1096,16,1096,1096,1072,4,1096,8,1096,1096,1096,12,1096,1096,1072,16,1092,1096
422,0x55a1bd6793ad,R,0x7ffee78d5c8c,1,4,1096,0,1100,0,0,0,1104,8,0,4,1108,-20,0,4,1112,-8,0,-24,0,-4,-1088,20,0,-4,-1084,-8,0,0,-1080,0,0
423,0x55a1bd6793ad,W,0x7ffee78d5c8c,1,0,1096,0,0,-20,0,4,1104,24,0,0,1108,0,0,0,1112,-8,-1092,0,0,0,-1088,0,0,0,-1084,-24,0,-4,-1080,20,0
425,0x55a1bd6793b1,R,0x7ffee78d5c84,1,-8,-8,-4,-8,-28,1092,-8,1096,-8,-8,0,1100,-4,-8,-28,1104,-16,-1084,4,8,28,-1080,4,8,0,-1076,8,8,8,-1072,8,8
427,0x55a1bd6793b4,R,0x7ffee78d5c74,1,-16,-24,-20,1072,-24,1076,-24,-24,-20,-24,0,1084,-24,-24,-24,1088,24,-1068,24,24,24,-1064,24,24,0,-1060,20,24,44,-1056,24,-1052
430,0x55a1bd6793b9,R,0x7ffee78d5c8c,1,24,0,0,1096,0,0,-20,0,4,1104,0,1108,8,0,4,1112,-4,-1092,20,0,-4,-1088,-8,0,0,-1084,0,0,20,0,-4,-1076
435,0x55a1bd67938a,R,0x7ffee78d5c88,1,-4,-4,4,1092,0,-4,-24,1096,-4,1100,-4,-4,20,-4,-4,1108,4,-1088,4,4,4,-1084,-20,4,0,-1080,4,-1076,4,4,0,4
437,0x55a1bd67938d,R,0x7ffee78d5c8c,1,4,0,24,1096,0,0,0,1100,0,0,4,0,24,1108,8,1112,20,-1092,-4,0,-8,-1088,0,0,-4,0,20,-1080,0,-1076,0,0
440,0x55a1bd679393,R,0x7ffee78d5ca0,1,20,20,20,1116,28,20,24,1120,0,20,24,1124,20,1128,28,20,-20,-1112,-20,-20,-44,-1108,-20,-1104,-20,-20,0,-20,-24,-1096,-28,-20
442,0x55a1bd679397,R,0x7ffee78d5c8c,1,-20,0,4,1096,24,0,0,1100,0,0,0,1104,0,0,24,0,-4,-1092,-8,0,-24,0,-4,-1084,0,-1080,0,0,0,-1076,-24,0
445,0x55a1bd67939d,R,0x7ffee78d5c88,1,-4,-4,-4,1092,-4,-4,4,1096,0,-4,-24,1100,0,-4,20,1104,4,-1088,-4,-1084,4,4,0,4,24,-1076,0,4,-4,-1072,4,4
450,0x55a1bd6793aa,W,0x7ffee78d5848,1,-1088,-1092,-1112,4,-1088,-1092,-1068,8,-1092,-1092,-1092,12,-1092,-1092,-1092,16,1092,1092,1068,4,1092,8,1092,1092,1092,12,1092,1092,1068,16,1088,1092
452,0x55a1bd6793ad,R,0x7ffee78d5c8c,1,4,1092,0,1096,0,0,0,1100,8,0,4,1104,-20,0,4,1108,-8,0,-24,0,-4,-1084,20,0,-4,-1080,-8,0,0,-1076,0,0
453,0x55a1bd6793ad,W,0x7ffee78d5c8c,1,0,1092,0,0,-20,0,4,1100,24,0,0,1104,0,0,0,1108,-8,-1088,0,0,0,-1084,0,0,0,-1080,-24,0,-4,-1076,20,0
455,0x55a1bd6793b1,R,0x7ffee78d5c84,1,-8,-8,-4,-8,-28,1088,-8,1092,-8,-8,0,1096,-4,-8,-28,1100,-16,-1080,4,8,28,-1076,4,8,0,-1072,8,8,8,-1068,8,8
457,0x55a1bd6793b4,R,0x7ffee78d5c74,1,-16,-24,-20,1068,-24,1072,-24,-24,-20,-24,0,1080,-24,-24,-24,1084,24,-1064,24,24,24,-1060,24,24,0,-1056,20,24,44,-1052,24,-1048
460,0x55a1bd6793b9,R,0x7ffee78d5c8c,1,24,0,0,1092,0,0,-20,0,4,1100,0,1104,8,0,4,1108,-4,-1088,20,0,-4,-1084,-8,0,0,-1080,0,0,20,0,-4,-1072
465,0x55a1bd67938a,R,0x7ffee78d5c88,1,-4,-4,4,1088,0,-4,-24,1092,-4,1096,-4,-4,20,-4,-4,1104,4,-1084,4,4,4,-1080,-20,4,0,-1076,4,-1072,4,4,0,4
467,0x55a1bd67938d,R,0x7ffee78d5c8c,1,4,0,24,1092,0,0,0,1096,0,0,4,0,24,1104,8,1108,20,-1088,-4,0,-8,-1084,0,0,-4,0,20,-1076,0,-1072,0,0
470,0x55a1bd679393,R,0x7ffee78d5ca0,1,20,20,20,1112,28,20,24,1116,0,20,24,1120,20,1124,28,20,-20,-1108,-20,-20,-44,-1104,-20,-1100,-20,-20,0,-20,-24,-1092,-28,-20
472,0x55a1bd679397,R,0x7ffee78d5c8c,1,-20,0,4,1092,24,0,0,1096,0,0,0,1100,0,0,24,0,-4,-1088,-8,0,-24,0,-4,-1080,0,-1076,0,0,0,-1072,-24,0
475,0x55a1bd67939d,R,0x7ffee78d5c88,1,-4,-4,-4,1088,-4,-4,4,1092,0,-4,-24,1096,0,-4,20,1100,4,-1084,-4,-1080,4,4,0,4,24,-1072,0,4,-4,-1068,4,4
480,0x55a1bd6793aa,W,0x7ffee78d584c,1,-1084,-1088,-1108,4,-1084,-1088,-1064,8,-1088,-1088,-1088,12,-1088,-1088,-1088,16,1088,1088,1064,4,1088,8,1088,1088,1088,12,1088,1088,1064,16,1084,1088
482,0x55a1bd6793ad,R,0x7ffee78d5c8c,1,4,1088,0,1092,0,0,0,1096,8,0,4,1100,-20,0,4,1104,-8,0,-24,0,-4,-1080,20,0,-4,-1076,-8,0,0,-1072,0,0
483,0x55a1bd6793ad,W,0x7ffee78d5c8c,1,0,1088,0,0,-20,0,4,1096,24,0,0,1100,0,0,0,1104,-8,-1084,0,0,0,-1080,0,0,0,-1076,-24,0,-4,-1072,20,0
485,0x55a1bd6793b1,R,0x7ffee78d5c84,1,-8,-8,-4,-8,-28,1084,-8,1088,-8,-8,0,1092,-4,-8,-28,1096,-16,-1076,4,8,28,-1072,4,8,0,-1068,8,8,8,-1064,8,8
487,0x55a1bd6793b4,R,0x7ffee78d5c74,1,-16,-24,-20,1064,-24,1068,-24,-24,-20,-24,0,1076,-24,-24,-24,1080,24,-1060,24,24,24,-1056,24,24,0,-1052,20,24,44,-1048,24,-1044
490,0x55a1bd6793b9,R,0x7ffee78d5c8c,1,24,0,0,1088,0,0,-20,0,4,1096,0,1100,8,0,4,1104,-4,-1084,20,0,-4,-1080,-8,0,0,-1076,0,0,20,0,-4,-1068
495,0x55a1bd67938a,R,0x7ffee78d5c88,1,-4,-4,4,1084,0,-4,-24,1088,-4,1092,-4,-4,20,-4,-4,1100,4,-1080,4,4,4,-1076,-20,4,0,-1072,4,-1068,4,4,0,4
497,0x55a1bd67938d,R,0x7ffee78d5c8c,1,4,0,24,1088,0,0,0,1092,0,0,4,0,24,1100,8,1104,20,-1084,-4,0,-8,-1080,0,0,-4,0,20,-1072,0,-1068,0,0
500,0x55a1bd679393,R,0x7ffee78d5ca0,1,20,20,20,1108,28,20,24,1112,0,20,24,1116,20,1120,28,20,-20,-1104,-20,-20,-44,-1100,-20,-1096,-20,-20,0,-20,-24,-1088,-28,-20
502,0x55a1bd679397,R,0x7ffee78d5c8c,1,-20,0,4,1088,24,0,0,1092,0,0,0,1096,0,0,24,0,-4,-1084,-8,0,-24,0,-4,-1076,0,-1072,0,0,0,-1068,-24,0
505,0x55a1bd67939d,R,0x7ffee78d5c88,1,-4,-4,-4,1084,-4,-4,4,1088,0,-4,-24,1092,0,-4,20,1096,4,-1080,-4,-1076,4,4,0,4,24,-1068,0,4,-4,-1064,4,4
510,0x55a1bd6793aa,W,0x7ffee78d5850,1,-1080,-1084,-1104,4,-1080,-1084,-1060,8,-1084,-1084,-1084,12,-1084,-1084,-1084,16,1084,1084,1060,4,1084,8,1084,1084,1084,12,1084,1084,1060,16,1080,1084
512,0x55a1bd6793ad,R,0x7ffee78d5c8c,1,4,1084,0,1088,0,0,0,1092,8,0,4,1096,-20,0,4,1100,-8,0,-24,0,-4,-1076,20,0,-4,-1072,-8,0,0,-1068,0,0
513,0x55a1bd6793ad,W,0x7ffee78d5c8c,1,0,1084,0,0,-20,0,4,1092,24,0,0,1096,0,0,0,1100,-8,-1080,0,0,0,-1076,0,0,0,-1072,-24,0,-4,-1068,20,0
515,0x55a1bd6793b1,R,0x7ffee78d5c84,1,-8,-8,-4,-8,-28,1080,-8,1084,-8,-8,0,1088,-4,-8,-28,1092,-16,-1072,4,8,28,-1068,4,8,0,-1064,8,8,8,-1060,8,8
517,0x55a1bd6793b4,R,0x7ffee78d5c74,1,-16,-24,-20,1060,-24,1064,-24,-24,-20,-24,0,1072,-24,-24,-24,1076,24,-1056,24,24,24,-1052,24,24,0,-1048,20,24,44,-1044,24,-1040
520,0x55a1bd6793b9,R,0x7ffee78d5c8c,1,24,0,0,1084,0,0,-20,0,4,1092,0,1096,8,0,4,1100,-4,-1080,20,0,-4,-1076,-8,0,0,-1072,0,0,20,0,-4,-1064
525,0x55a1bd67938a,R,0x7ffee78d5c88,1,-4,-4,4,1080,0,-4,-24,1084,-4,1088,-4,-4,20,-4,-4,1096,4,-1076,4,4,4,-1072,-20,4,0,-1068,4,-1064,4,4,0,4
527,0x55a1bd67938d,R,0x7ffee78d5c8c,1,4,0,24,1084,0,0,0,1088,0,0,4,0,24,1096,8,1100,20,-1080,-4,0,-8,-1076,0,0,-4,0,20,-1068,0,-1064,0,0
530,0x55a1bd679393,R,0x7ffee78d5ca0,1,20,20,20,1104,28,20,24,1108,0,20,24,1112,20,1116,28,20,-20,-1100,-20,-20,-44,-1096,-20,-1092,-20,-20,0,-20,-24,-1084,-28,-20
532,0x55a1bd679397,R,0x7ffee78d5c8c,1,-20,0,4,1084,24,0,0,1088,0,0,0,1092,0,0,24,0,-4,-1080,-8,0,-24,0,-4,-1072,0,-1068,0,0,0,-1064,-24,0
535,0x55a1bd67939d,R,0x7ffee78d5c88,1,-4,-4,-4,1080,-4,-4,4,1084,0,-4,-24,1088,0,-4,20,1092,4,-1076,-4,-1072,4,4,0,4,24,-1064,0,4,-4,-1060,4,4
540,0x55a1bd6793aa,W,0x7ffee78d5854,1,-1076,-1080,-1100,4,-1076,-1080,-1056,8,-1080,-1080,-1080,12,-1080,-1080,-1080,16,1080,1080,1056,4,1080,8,1080,1080,1080,12,1080,1080,1056,16,1076,1080
542,0x55a1bd6793ad,R,0x7ffee78d5c8c,1,4,1080,0,1084,0,0,0,1088,8,0,4,1092,-20,0,4,1096,-8,0,-24,0,-4,-1072,20,0,-4,-1068,-8,0,0,-1064,0,0
543,0x55a1bd6793ad,W,0x7ffee78d5c8c,1,0,1080,0,0,-20,0,4,1088,24,0,0,1092,0,0,0,1096,-8,-1076,0,0,0,-1072,0,0,0,-1068,-24,0,-4,-1064,20,0
545,0x55a1bd6793b1,R,0x7ffee78d5c84,1,-8,-8,-4,-8,-28,1076,-8,1080,-8,-8,0,1084,-4,-8,-28,1088,-16,-1068,4,8,28,-1064,4,8,0,-1060,8,8,8,-1056,8,8
547,0x55a1bd6793b4,R,0x7ffee78d5c74,1,-16,-24,-20,1056,-24,1060,-24,-24,-20,-24,0,1068,-24,-24,-24,1072,24,-1052,24,24,24,-1048,24,24,0,-1044,20,24,44,-1040,24,-1036
550,0x55a1bd6793b9,R,0x7ffee78d5c8c,1,24,0,0,1080,0,0,-20,0,4,1088,0,1092,8,0,4,1096,-4,-1076,20,0,-4,-1072,-8,0,0,-1068,0,0,20,0,-4,-1060
555,0x55a1bd67938a,R,0x7ffee78d5c88,1,-4,-4,4,1076,0,-4,-24,1080,-4,1084,-4,-4,20,-4,-4,1092,4,-1072,4,4,4,-1068,-20,4,0,-1064,4,-1060,4,4,0,4
557,0x55a1bd67938d,R,0x7ffee78d5c8c,1,4,0,24,1080,0,0,0,1084,0,0,4,0,24,1092,8,1096,20,-1076,-4,0,-8,-1072,0,0,-4,0,20,-1064,0,-1060,0,0
560,0x55a1bd679393,R,0x7ffee78d5ca0,1,20,20,20,1100,28,20,24,1104,0,20,24,1108,20,1112,28,20,-20,-1096,-20,-20,-44,-1092,-20,-1088,-20,-20,0,-20,-24,-1080,-28,-20
562,0x55a1bd679397,R,0x7ffee78d5c8c,1,-20,0,4,1080,24,0,0,1084,0,0,0,1088,0,0,24,0,-4,-1076,-8,0,-24,0,-4,-1068,0,-1064,0,0,0,-1060,-24,0
565,0x55a1bd67939d,R,0x7ffee78d5c88,1,-4,-4,-4,1076,-4,-4,4,1080,0,-4,-24,1084,0,-4,20,1088,4,-1072,-4,-1068,4,4,0,4,24,-1060,0,4,-4,-1056,4,4
570,0x55a1bd6793aa,W,0x7ffee78d5858,1,-1072,-1076,-1096,4,-1072,-1076,-1052,8,-1076,-1076,-1076,12,-1076,-1076,-1076,16,1076,1076,1052,4,1076,8,1076,1076,1076,12,1076,1076,1052,16,1072,1076
572,0x55a1bd6793ad,R,0x7ffee78d5c8c,1,4,1076,0,1080,0,0,0,1084,8,0,4,1088,-20,0,4,1092,-8,0,-24,0,-4,-1068,20,0,-4,-1064,-8,0,0,-1060,0,0
573,0x55a1bd6793ad,W,0x7ffee78d5c8c,1,0,1076,0,0,-20,0,4,1084,24,0,0,1088,0,0,0,1092,-8,-1072,0,0,0,-1068,0,0,0,-1064,-24,0,-4,-1060,20,0
575,0x55a1bd6793b1,R,0x7ffee78d5c84,1,-8,-8,-4,-8,-28,1072,-8,1076,-8,-8,0,1080,-4,-8,-28,1084,-16,-1064,4,8,28,-1060,4,8,0,-1056,8,8,8,-1052,8,8
577,0x55a1bd6793b4,R,0x7ffee78d5c74,1,-16,-24,-20,1052,-24,1056,-24,-24,-20,-24,0,1064,-24,-24,-24,1068,24,-1048,24,24,24,-1044,24,24,0,-1040,20,24,44,-1036,24,-1032
580,0x55a1bd6793b9,R,0x7ffee78d5c8c,1,24,0,0,1076,0,0,-20,0,4,1084,0,1088,8,0,4,1092,-4,-1072,20,0,-4,-1068,-8,0,0,-1064,0,0,20,0,-4,-1056
585,0x55a1bd67938a,R,0x7ffee78d5c88,1,-4,-4,4,1072,0,-4,-24,1076,-4,1080,-4,-4,20,-4,-4,1088,4,-1068,4,4,4,-1064,-20,4,0,-1060,4,-1056,4,4,0,4
587,0x55a1bd67938d,R,0x7ffee78d5c8c,1,4,0,24,1076,0,0,0,1080,0,0,4,0,24,1088,8,1092,20,-1072,-4,0,-8,-1068,0,0,-4,0,20,-1060,0,-1056,0,0
590,0x55a1bd679393,R,0x7ffee78d5ca0,1,20,20,20,1096,28,20,24,1100,0,20,24,1104,20,1108,28,20,-20,-1092,-20,-20,-44,-1088,-20,-1084,-20,-20,0,-20,-24,-1076,-28,-20
592,0x55a1bd679397,R,0x7ffee78d5c8c,1,-20,0,4,1076,24,0,0,1080,0,0,0,1084,0,0,24,0,-4,-1072,-8,0,-24,0,-4,-1064,0,-1060,0,0,0,-1056,-24,0
595,0x55a1bd67939d,R,0x7ffee78d5c88,1,-4,-4,-4,1072,-4,-4,4,1076,0,-4,-24,1080,0,-4,20,1084,4,-1068,-4,-1064,4,4,0,4,24,-1056,0,4,-4,-1052,4,4
600,0x55a1bd6793aa,W,0x7ffee78d585c,1,-1068,-1072,-1092,4,-1068,-1072,-1048,8,-1072,-1072,-1072,12,-1072,-1072,-1072,16,1072,1072,1048,4,1072,8,1072,1072,1072,12,1072,1072,1048,16,1068,1072
602,0x55a1bd6793ad,R,0x7ffee78d5c8c,1,4,1072,0,1076,0,0,0,1080,8,0,4,1084,-20,0,4,1088,-8,0,-24,0,-4,-1064,20,0,-4,-1060,-8,0,0,-1056,0,0
603,0x55a1bd6793ad,W,0x7ffee78d5c8c,1,0,1072,0,0,-20,0,4,1080,24,0,0,1084,0,0,0,1088,-8,-1068,0,0,0,-1064,0,0,0,-1060,-24,0,-4,-1056,20,0
605,0x55a1bd6793b1,R,0x7ffee78d5c84,1,-8,-8,-4,-8,-28,1068,-8,1072,-8,-8,0,1076,-4,-8,-28,1080,-16,-1060,4,8,28,-1056,4,8,0,-1052,8,8,8,-1048,8,8
607,0x55a1bd6793b4,R,0x7ffee78d5c74,1,-16,-24,-20,1048,-24,1052,-24,-24,-20,-24,0,1060,-24,-24,-24,1064,24,-1044,24,24,24,-1040,24,24,0,-1036,20,24,44,-1032,24,20
610,0x55a1bd6793b9,R,0x7ffee78d5c8c,1,24,0,0,1072,0,0,-20,0,4,1080,0,1084,8,0,4,1088,-4,-1068,20,0,-4,-1064,-8,0,0,-1060,0,0,20,0,-4,-4
615,0x55a1bd67938a,R,0x7ffee78d5c88,1,-4,-4,4,1068,0,-4,-24,1072,-4,1076,-4,-4,20,-4,-4,1084,4,-1064,4,4,4,-1060,-20,4,0,-1056,4,-1052,4,4,0,4
617,0x55a1bd67938d,R,0x7ffee78d5c8c,1,4,0,24,1072,0,0,0,1076,0,0,4,0,24,1084,8,1088,20,-1068,-4,0,-8,-1064,0,0,-4,0,20,-1056,0,-4,0,0
620,0x55a1bd679393,R,0x7ffee78d5ca0,1,20,20,20,1092,28,20,24,1096,0,20,24,1100,20,1104,28,20,-20,-1088,-20,-20,-44,-1084,-20,-1080,-20,-20,0,-20,-24,-24,-28,-20
622,0x55a1bd679397,R,0x7ffee78d5c8c,1,-20,0,4,1072,24,0,0,1076,0,0,0,1080,0,0,24,0,-4,-1068,-8,0,-24,0,-4,-1060,0,-1056,0,0,0,-4,-24,0
625,0x55a1bd67939d,R,0x7ffee78d5c88,1,-4,-4,-4,1068,-4,-4,4,1072,0,-4,-24,1076,0,-4,20,1080,4,-1064,-4,-1060,4,4,0,4,24,-1052,0,4,-4,0,4,4
630,0x55a1bd6793aa,W,0x7ffee78d5860,1,-1064,-1068,-1088,4,-1064,-1068,-1044,8,-1068,-1068,-1068,12,-1068,-1068,-1068,16,1068,1068,1044,4,1068,8,1068,1068,1068,12,1068,1068,1044,1064,1064,1068
632,0x55a1bd6793ad,R,0x7ffee78d5c8c,1,4,1068,0,1072,0,0,0,1076,8,0,4,1080,-20,0,4,1084,-8,0,-24,0,-4,-1060,20,0,-4,-1056,-8,0,0,-4,0,0
633,0x55a1bd6793ad,W,0x7ffee78d5c8c,1,0,1068,0,0,-20,0,4,1076,24,0,0,1080,0,0,0,1084,-8,-1064,0,0,0,-1060,0,0,0,-1056,-24,0,-4,-4,20,0
635,0x55a1bd6793b1,R,0x7ffee78d5c84,1,-8,-8,-4,-8,-28,1064,-8,1068,-8,-8,0,1072,-4,-8,-28,1076,-16,-1056,4,8,28,-1052,4,8,0,-1048,8,8,8,4,8,8
637,0x55a1bd6793b4,R,0x7ffee78d5c74,1,-16,-24,-20,1044,-24,1048,-24,-24,-20,-24,0,1056,-24,-24,-24,1060,24,-1040,24,24,24,-1036,24,24,0,-1032,20,24,44,20,24,-1028
640,0x55a1bd6793b9,R,0x7ffee78d5c8c,1,24,0,0,1068,0,0,-20,0,4,1076,0,1080,8,0,4,1084,-4,-1064,20,0,-4,-1060,-8,0,0,-1056,0,0,20,0,-4,-1052
645,0x55a1bd67938a,R,0x7ffee78d5c88,1,-4,-4,4,1064,0,-4,-24,1068,-4,1072,-4,-4,20,-4,-4,1080,4,-1060,4,4,4,-1056,-20,4,0,-1052,4,0,4,4,0,4
647,0x55a1bd67938d,R,0x7ffee78d5c8c,1,4,0,24,1068,0,0,0,1072,0,0,4,0,24,1080,8,1084,20,-1064,-4,0,-8,-1060,0,0,-4,0,20,-4,0,-1052,0,0
650,0x55a1bd679393,R,0x7ffee78d5ca0,1,20,20,20,1088,28,20,24,1092,0,20,24,1096,20,1100,28,20,-20,-1084,-20,-20,-44,-1080,-20,-1076,-20,-20,0,-20,-24,-1072,-28,-20
652,0x55a1bd679397,R,0x7ffee78d5c8c,1,-20,0,4,1068,24,0,0,1072,0,0,0,1076,0,0,24,0,-4,-1064,-8,0,-24,0,-4,-1056,0,-4,0,0,0,-1052,-24,0
655,0x55a1bd67939d,R,0x7ffee78d5c88,1,-4,-4,-4,1064,-4,-4,4,1068,0,-4,-24,1072,0,-4,20,1076,4,-1060,-4,-1056,4,4,0,4,24,0,0,4,-4,-1048,4,4
660,0x55a1bd6793aa,W,0x7ffee78d5864,1,-1060,-1064,-1084,4,-1060,-1064,-1040,8,-1064,-1064,-1064,12,-1064,-1064,-1064,16,1064,1064,1040,4,1064,8,1064,1064,1064,1060,1064,1064,1040,12,1060,1064
662,0x55a1bd6793ad,R,0x7ffee78d5c8c,1,4,1064,0,1068,0,0,0,1072,8,0,4,1076,-20,0,4,1080,-8,0,-24,0,-4,-1056,20,0,-4,-4,-8,0,0,-1052,0,0
663,0x55a1bd6793ad,W,0x7ffee78d5c8c,1,0,1064,0,0,-20,0,4,1072,24,0,0,1076,0,0,0,1080,-8,-1060,0,0,0,-1056,0,0,0,-4,-24,0,-4,-1052,20,0
665,0x55a1bd6793b1,R,0x7ffee78d5c84,1,-8,-8,-4,-8,-28,1060,-8,1064,-8,-8,0,1068,-4,-8,-28,1072,-16,-1052,4,8,28,-1048,4,8,0,4,8,8,8,-1044,8,8
667,0x55a1bd6793b4,R,0x7ffee78d5c74,1,-16,-24,-20,1040,-24,1044,-24,-24,-20,-24,0,1052,-24,-24,-24,1056,24,-1036,24,24,24,-1032,24,24,0,20,20,24,44,-1028,24,-1024
670,0x55a1bd6793b9,R,0x7ffee78d5c8c,1,24,0,0,1064,0,0,-20,0,4,1072,0,1076,8,0,4,1080,-4,-1060,20,0,-4,-1056,-8,0,0,-4,0,0,20,0,-4,-1048
675,0x55a1bd67938a,R,0x7ffee78d5c88,1,-4,-4,4,1060,0,-4,-24,1064,-4,1068,-4,-4,20,-4,-4,1076,4,-1056,4,4,4,-1052,-20,4,0,0,4,-1048,4,4,0,4
677,0x55a1bd67938d,R,0x7ffee78d5c8c,1,4,0,24,1064,0,0,0,1068,0,0,4,0,24,1076,8,1080,20,-1060,-4,0,-8,-1056,0,0,-4,0,20,-1052,0,-1048,0,0
680,0x55a1bd679393,R,0x7ffee78d5ca0,1,20,20,20,1084,28,20,24,1088,0,20,24,1092,20,1096,28,20,-20,-1080,-20,-20,-44,-1076,-20,-24,-20,-20,0,-20,-24,-1068,-28,-20
682,0x55a1bd679397,R,0x7ffee78d5c8c,1,-20,0,4,1064,24,0,0,1068,0,0,0,1072,0,0,24,0,-4,-1060,-8,0,-24,0,-4,-4,0,-1052,0,0,0,-1048,-24,0
685,0x55a1bd67939d,R,0x7ffee78d5c88,1,-4,-4,-4,1060,-4,-4,4,1064,0,-4,-24,1068,0,-4,20,1072,4,-1056,-4,-1052,4,4,0,4,24,-1048,0,4,-4,-1044,4,4
690,0x55a1bd6793aa,W,0x7ffee78d5868,1,-1056,-1060,-1080,4,-1056,-1060,-1036,8,-1060,-1060,-1060,12,-1060,-1060,-1060,16,1060,1060,1036,4,1060,1056,1060,1060,1060,8,1060,1060,1036,12,1056,1060
692,0x55a1bd6793ad,R,0x7ffee78d5c8c,1,4,1060,0,1064,0,0,0,1068,8,0,4,1072,-20,0,4,1076,-8,0,-24,0,-4,-4,20,0,-4,-1052,-8,0,0,-1048,-12,0
693,0x55a1bd6793ad,W,0x7ffee78d5c8c,1,0,1060,0,0,-20,0,4,1068,24,0,0,1072,0,0,0,1076,-8,-1056,0,0,0,-4,0,0,0,-1052,-24,0,-4,-1048,-24,0
695,0x55a1bd6793b1,R,0x7ffee78d5c84,1,-8,-8,-4,-8,-28,1056,-8,1060,-8,-8,0,1064,-4,-8,-28,1068,-16,-1048,4,8,28,4,4,8,0,-1044,8,8,-4,-1040,4,8
697,0x55a1bd6793b4,R,0x7ffee78d5c74,1,-16,-24,-20,1036,-24,1040,-24,-24,-20,-24,0,1048,-24,-24,-24,1052,24,-1032,24,24,24,20,24,24,0,-1028,20,24,0,-1024,20,-1020
700,0x55a1bd6793b9,R,0x7ffee78d5c8c,1,24,0,0,1060,0,0,-20,0,4,1068,0,1072,8,0,4,1076,-4,-1056,20,0,-4,-4,-8,0,0,-1052,-12,0,-24,0,-8,-1044
705,0x55a1bd67938a,R,0x7ffee78d5c88,1,-4,-4,4,1056,0,-4,-24,1060,-4,1064,-4,-4,20,-4,-4,1072,4,-1052,4,4,4,0,-20,4,0,-1048,-8,-1044,0,4,-4,4
707,0x55a1bd67938d,R,0x7ffee78d5c8c,1,4,0,24,1060,0,0,0,1064,0,0,4,0,24,1072,8,1076,20,-1056,-4,0,-8,-4,0,0,-4,0,-24,-1048,-4,-1044,-8,0
710,0x55a1bd679393,R,0x7ffee78d5ca0,1,20,20,20,1080,28,20,24,1084,0,20,24,1088,20,1092,28,20,-20,-1076,-20,-20,-44,-24,-20,-1072,-32,-20,-44,-20,-28,-1064,-44,-20
712,0x55a1bd679397,R,0x7ffee78d5c8c,1,-20,0,4,1060,24,0,0,1064,0,0,0,1068,0,0,24,0,-4,-1056,-8,0,-24,0,-4,-1052,-12,-1048,-4,0,-8,-1044,0,0
715,0x55a1bd67939d,R,0x7ffee78d5c88,1,-4,-4,-4,1056,-4,-4,4,1060,0,-4,-24,1064,0,-4,20,1068,4,-1052,-4,0,4,4,0,4,-20,-1044,-4,4,-20,-1040,0,4
720,0x55a1bd6793aa,W,0x7ffee78d586c,1,-1052,-1056,-1076,4,-1052,-1056,-1032,8,-1056,-1056,-1056,12,-1056,-1056,-1056,16,1056,1056,1032,1052,1056,4,1044,1056,1052,8,1048,1056,1056,12,1052,16
722,0x55a1bd6793ad,R,0x7ffee78d5c8c,1,4,1056,0,1060,0,0,0,1064,8,0,4,1068,-20,0,4,1072,-8,0,-24,0,-4,-1052,-24,0,-8,-1048,-24,0,0,0,0,-1040
723,0x55a1bd6793ad,W,0x7ffee78d5c8c,1,0,1056,0,0,-20,0,4,1064,24,0,0,1068,0,0,0,1072,-8,-4,0,0,-12,-1052,-4,0,-8,-1048,-24,-1044,-4,0,20,-1040
725,0x55a1bd6793b1,R,0x7ffee78d5c84,1,-8,-8,-4,-8,-28,1052,-8,1056,-8,-8,0,1060,-4,-8,-28,1064,-16,4,4,8,-16,-1044,0,8,0,8,8,-1036,8,8,8,-1032
727,0x55a1bd6793b4,R,0x7ffee78d5c74,1,-16,-24,-20,1032,-24,1036,-24,-24,-20,-24,0,1044,-24,-24,-24,1048,24,20,12,24,20,-1028,16,-1024,0,24,20,-1020,44,24,20,-1016
730,0x55a1bd6793b9,R,0x7ffee78d5c8c,1,24,0,0,1056,0,0,-20,0,4,1064,0,1068,8,0,4,1072,-4,-4,-24,0,-4,0,-8,-1048,0,0,0,-1044,0,0,-4,0
733,0x55a1bd6793be,R,0x7ffee78d5c88,1,-4,-4,4,1052,0,-4,-24,1056,-4,1060,-4,-4,20,-4,-4,1068,-8,0,-20,-1048,-4,4,-20,-1044,0,4,24,-1040,4,-1036,4,4
734,0x55a1bd6793be,W,0x7ffee78d5c88,1,0,-4,20,1052,-4,-4,-4,1056,-4,-4,0,-4,20,1064,4,1068,-8,4,0,-1048,-4,4,4,-1044,4,4,24,4,0,-1036,-4,4
736,0x55a1bd6793c2,R,0x7ffee78d5c80,1,-8,-8,-12,1044,-4,-12,-8,1048,-32,-12,-8,1052,-12,1056,-4,-12,-12,12,4,-1040,-12,12,8,-1036,12,-1032,12,12,12,-1028,-12,12
738,0x55a1bd6793c5,R,0x7ffee78d5c74,1,-12,-20,-24,-24,0,-24,-24,1036,-24,-24,-24,1040,-24,-24,0,-24,20,24,16,-1028,24,24,20,24,44,-1020,20,24,16,-1016,24,24
741,0x55a1bd6793ca,R,0x7ffee78d5c88,1,20,0,0,-4,20,1052,4,1056,0,-4,-24,1060,0,-4,20,1064,-4,4,-20,-1048,4,-1044,4,4,4,-1040,4,4,-20,-1036,0,4
744,0x55a1bd67937b,R,0x7ffee78d5c84,1,-4,-4,4,-8,-8,1048,0,-8,-8,-8,-8,1056,-8,-8,-8,1060,0,8,-16,8,4,-1040,28,8,4,-1036,0,8,8,-1032,8,8
746,0x55a1bd67937e,W,0x7ffee78d5c8c,1,8,4,24,0,4,1056,24,0,0,1060,4,1064,-20,0,4,1068,-8,-1052,0,0,0,-1048,0,0,0,-1044,-24,0,-4,-1040,20,0
749,0x55a1bd6793b1,R,0x7ffee78d5c84,1,0,-8,-4,-8,4,1048,-8,-8,0,1052,-4,-8,-8,-8,-8,1060,-16,-1044,4,8,28,-1040,4,8,0,-1036,8,8,8,-1032,8,8
751,0x55a1bd6793b4,R,0x7ffee78d5c74,1,-16,-24,-20,-20,0,1032,-20,-24,0,1036,-24,-24,-24,1040,-44,1044,24,-1028,24,24,24,-1024,24,24,0,-1020,20,24,44,-1016,24,-1012
754,0x55a1bd6793b9,R,0x7ffee78d5c8c,1,24,0,8,4,24,0,12,0,0,1060,8,0,4,1064,-20,0,-4,-1052,20,0,-4,-1048,-8,0,0,-1044,0,0,20,0,-4,-1036
759,0x55a1bd67938a,R,0x7ffee78d5c88,1,-4,-4,4,0,0,-4,8,1052,0,1056,20,-4,-4,1060,-4,-4,4,-1048,4,4,4,-1044,-20,4,0,-1040,4,-1036,4,4,0,4
761,0x55a1bd67938d,R,0x7ffee78d5c8c,1,4,0,24,4,8,0,24,1056,4,0,0,0,8,1064,4,0,20,-1052,-4,0,-8,-1048,0,0,-4,0,20,-1040,0,-1036,0,0
764,0x55a1bd679393,R,0x7ffee78d5ca0,1,20,20,20,24,28,20,24,1076,32,20,20,1080,44,1084,20,20,-20,-1072,-20,-20,-44,-1068,-20,-1064,-20,-20,0,-20,-24,-1056,-28,-20
766,0x55a1bd679397,R,0x7ffee78d5c8c,1,-20,0,4,4,24,0,8,1056,24,0,4,1060,24,0,8,0,-4,-1052,-8,0,-24,0,-4,-1044,0,-1040,0,0,0,-1036,-24,0
769,0x55a1bd67939d,R,0x7ffee78d5c88,1,-4,-4,-4,0,-4,-4,4,1052,0,-4,8,1056,-4,-4,4,1060,4,-1048,-4,-1044,4,4,0,4,24,-1036,0,4,-4,-1032,4,4
774,0x55a1bd6793aa,W,0x7ffee78d5870,1,-1048,-1052,-1072,-1048,-1048,-1052,-1028,4,-1044,-1052,-1028,8,-1048,-1052,-1028,12,1052,1052,1028,4,1052,8,1052,1052,1052,12,1052,1052,1028,16,1048,1052
776,0x55a1bd6793ad,R,0x7ffee78d5c8c,1,4,1052,0,4,0,0,0,1056,8,0,4,1060,12,0,0,1064,-8,0,-24,0,-4,-1044,20,0,-4,-1040,-8,0,0,-1036,0,0
777,0x55a1bd6793ad,W,0x7ffee78d5c8c,1,0,1052,0,0,-20,0,4,1056,24,0,8,1060,24,0,4,1064,-8,-1048,0,0,0,-1044,0,0,0,-1040,-24,0,-4,-1036,20,0
779,0x55a1bd6793b1,R,0x7ffee78d5c84,1,-8,-8,-4,-8,-28,-4,-8,1048,-8,-8,0,1052,-4,-8,4,1056,-16,-1040,4,8,28,-1036,4,8,0,-1032,8,8,8,-1028,8,8
781,0x55a1bd6793b4,R,0x7ffee78d5c74,1,-16,-24,-20,1028,-24,-20,-24,-24,-20,-24,0,1036,-16,-24,0,1040,24,-1024,24,24,24,-1020,24,24,0,-1016,20,24,44,-1012,24,-1008
784,0x55a1bd6793b9,R,0x7ffee78d5c8c,1,24,0,0,1052,0,0,-20,0,4,1056,0,1060,8,0,4,1064,-4,-1048,20,0,-4,-1044,-8,0,0,-1040,0,0,20,0,-4,-1032
789,0x55a1bd67938a,R,0x7ffee78d5c88,1,-4,-4,4,1048,0,-4,-24,0,-4,1052,-4,-4,20,-4,4,1060,4,-1044,4,4,4,-1040,-20,4,0,-1036,4,-1032,4,4,0,4
791,0x55a1bd67938d,R,0x7ffee78d5c8c,1,4,0,24,1052,0,0,0,4,0,0,4,0,24,1060,8,1064,20,-1048,-4,0,-8,-1044,0,0,-4,0,20,-1036,0,-1032,0,0
794,0x55a1bd679393,R,0x7ffee78d5ca0,1,20,20,20,1072,28,20,24,24,0,20,24,1076,20,1080,28,20,-20,-1068,-20,-20,-44,-1064,-20,-1060,-20,-20,0,-20,-24,-1052,-28,-20
796,0x55a1bd679397,R,0x7ffee78d5c8c,1,-20,0,4,1052,24,0,0,4,0,0,0,1056,0,0,24,0,-4,-1048,-8,0,-24,0,-4,-1040,0,-1036,0,0,0,-1032,-24,0
799,0x55a1bd67939d,R,0x7ffee78d5c88,1,-4,-4,-4,1048,-4,-4,4,0,0,-4,-24,1052,0,-4,20,1056,4,-1044,-4,-1040,4,4,0,4,24,-1032,0,4,-4,-1028,4,4
804,0x55a1bd6793aa,W,0x7ffee78d5874,1,-1044,-1048,-1068,4,-1044,-1048,-1024,-1044,-1048,-1048,-1048,8,-1048,-1048,-1048,12,1048,1048,1024,4,1048,8,1048,1048,1048,12,1048,1048,1024,16,1044,1048
806,0x55a1bd6793ad,R,0x7ffee78d5c8c,1,4,1048,0,1052,0,0,0,4,8,0,4,1056,-20,0,4,1060,-8,0,-24,0,-4,-1040,20,0,-4,-1036,-8,0,0,-1032,0,0
807,0x55a1bd6793ad,W,0x7ffee78d5c8c,1,0,1048,0,0,-20,0,4,4,24,0,0,1056,0,0,0,1060,-8,-1044,0,0,0,-1040,0,0,0,-1036,-24,0,-4,-1032,20,0
809,0x55a1bd6793b1,R,0x7ffee78d5c84,1,-8,-8,-4,-8,-28,1044,-8,-4,-8,-8,0,1048,-4,-8,-28,1052,-16,-1036,4,8,28,-1032,4,8,0,-1028,8,8,8,-1024,8,8
811,0x55a1bd6793b4,R,0x7ffee78d5c74,1,-16,-24,-20,1024,-24,1028,-24,-24,-20,-24,0,1032,-24,-24,-24,1036,24,-1020,24,24,24,-1016,24,24,0,-1012,20,24,44,-1008,24,-1004
814,0x55a1bd6793b9,R,0x7ffee78d5c8c,1,24,0,0,1048,0,0,-20,0,4,4,0,1056,8,0,4,1060,-4,-1044,20,0,-4,-1040,-8,0,0,-1036,0,0,20,0,-4,-1028
819,0x55a1bd67938a,R,0x7ffee78d5c88,1,-4,-4,4,1044,0,-4,-24,1048,-4,0,-4,-4,20,-4,-4,1056,4,-1040,4,4,4,-1036,-20,4,0,-1032,4,-1028,4,4,0,4
821,0x55a1bd67938d,R,0x7ffee78d5c8c,1,4,0,24,1048,0,0,0,1052,0,0,4,0,24,1056,8,1060,20,-1044,-4,0,-8,-1040,0,0,-4,0,20,-1032,0,-1028,0,0
824,0x55a1bd679393,R,0x7ffee78d5ca0,1,20,20,20,1068,28,20,24,1072,0,20,24,24,20,1076,28,20,-20,-1064,-20,-20,-44,-1060,-20,-1056,-20,-20,0,-20,-24,-1048,-28,-20
826,0x55a1bd679397,R,0x7ffee78d5c8c,1,-20,0,4,1048,24,0,0,1052,0,0,0,4,0,0,24,0,-4,-1044,-8,0,-24,0,-4,-1036,0,-1032,0,0,0,-1028,-24,0
829,0x55a1bd67939d,R,0x7ffee78d5c88,1,-4,-4,-4,1044,-4,-4,4,1048,0,-4,-24,0,0,-4,20,1052,4,-1040,-4,-1036,4,4,0,4,24,-1028,0,4,-4,-1024,4,4
834,0x55a1bd6793aa,W,0x7ffee78d5878,1,-1040,-1044,-1064,4,-1040,-1044,-1020,8,-1044,-1044,-1044,-1040,-1044,-1044,-1044,12,1044,1044,1020,4,1044,8,1044,1044,1044,12,1044,1044,1020,16,1040,1044
836,0x55a1bd6793ad,R,0x7ffee78d5c8c,1,4,1044,0,1048,0,0,0,1052,8,0,4,4,-20,0,4,1056,-8,0,-24,0,-4,-1036,20,0,-4,-1032,-8,0,0,-1028,0,0
837,0x55a1bd6793ad,W,0x7ffee78d5c8c,1,0,1044,0,0,-20,0,4,1052,24,0,0,4,0,0,0,1056,-8,-1040,0,0,0,-1036,0,0,0,-1032,-24,0,-4,-1028,20,0
839,0x55a1bd6793b1,R,0x7ffee78d5c84,1,-8,-8,-4,-8,-28,1040,-8,1044,-8,-8,0,-4,-4,-8,-28,1048,-16,-1032,4,8,28,-1028,4,8,0,-1024,8,8,8,-1020,8,8
841,0x55a1bd6793b4,R,0x7ffee78d5c74,1,-16,-24,-20,1020,-24,1024,-24,-24,-20,-24,0,-20,-24,-24,-24,1032,24,-1016,24,24,24,-1012,24,24,0,-1008,20,24,44,-1004,24,-1000
844,0x55a1bd6793b9,R,0x7ffee78d5c8c,1,24,0,0,1044,0,0,-20,0,4,1052,0,4,8,0,4,1056,-4,-1040,20,0,-4,-1036,-8,0,0,-1032,0,0,20,0,-4,-1024
849,0x55a1bd67938a,R,0x7ffee78d5c88,1,-4,-4,4,1040,0,-4,-24,1044,-4,1048,-4,-4,20,-4,-4,1052,4,-1036,4,4,4,-1032,-20,4,0,-1028,4,-1024,4,4,0,4
851,0x55a1bd67938d,R,0x7ffee78d5c8c,1,4,0,24,1044,0,0,0,1048,0,0,4,0,24,4,8,1056,20,-1040,-4,0,-8,-1036,0,0,-4,0,20,-1028,0,-1024,0,0
854,0x55a1bd679393,R,0x7ffee78d5ca0,1,20,20,20,1064,28,20,24,1068,0,20,24,1072,20,24,28,20,-20,-1060,-20,-20,-44,-1056,-20,-1052,-20,-20,0,-20,-24,-1044,-28,-20
856,0x55a1bd679397,R,0x7ffee78d5c8c,1,-20,0,4,1044,24,0,0,1048,0,0,0,1052,0,0,24,0,-4,-1040,-8,0,-24,0,-4,-1032,0,-1028,0,0,0,-1024,-24,0
859,0x55a1bd67939d,R,0x7ffee78d5c88,1,-4,-4,-4,1040,-4,-4,4,1044,0,-4,-24,1048,0,-4,20,0,4,-1036,-4,-1032,4,4,0,4,24,-1024,0,4,-4,-1020,4,4
864,0x55a1bd6793aa,W,0x7ffee78d587c,1,-1036,-1040,-1060,4,-1036,-1040,-1016,8,-1040,-1040,-1040,12,-1040,-1040,-1040,-1036,1040,1040,1016,4,1040,8,1040,1040,1040,12,1040,1040,1016,16,1036,1040
866,0x55a1bd6793ad,R,0x7ffee78d5c8c,1,4,1040,0,1044,0,0,0,1048,8,0,4,1052,-20,0,4,4,-8,0,-24,0,-4,-1032,20,0,-4,-1028,-8,0,0,-1024,0,0
867,0x55a1bd6793ad,W,0x7ffee78d5c8c,1,0,1040,0,0,-20,0,4,1048,24,0,0,1052,0,0,0,4,-8,-1036,0,0,0,-1032,0,0,0,-1028,-24,0,-4,-1024,20,0
869,0x55a1bd6793b1,R,0x7ffee78d5c84,1,-8,-8,-4,-8,-28,1036,-8,1040,-8,-8,0,1044,-4,-8,-28,-4,-16,-1028,4,8,28,-1024,4,8,0,-1020,8,8,8,-1016,8,8
871,0x55a1bd6793b4,R,0x7ffee78d5c74,1,-16,-24,-20,1016,-24,1020,-24,-24,-20,-24,0,1028,-24,-24,-24,-20,24,-1012,24,24,24,-1008,24,24,0,-1004,20,24,44,-1000,24,-996
874,0x55a1bd6793b9,R,0x7ffee78d5c8c,1,24,0,0,1040,0,0,-20,0,4,1048,0,1052,8,0,4,4,-4,-1036,20,0,-4,-1032,-8,0,0,-1028,0,0,20,0,-4,-1020
879,0x55a1bd67938a,R,0x7ffee78d5c88,1,-4,-4,4,1036,0,-4,-24,1040,-4,1044,-4,-4,20,-4,-4,0,4,-1032,4,4,4,-1028,-20,4,0,-1024,4,-1020,4,4,0,4
881,0x55a1bd67938d,R,0x7ffee78d5c8c,1,4,0,24,1040,0,0,0,1044,0,0,4,0,24,1052,8,4,20,-1036,-4,0,-8,-1032,0,0,-4,0,20,-1024,0,-1020,0,0
884,0x55a1bd679393,R,0x7ffee78d5ca0,1,20,20,20,1060,28,20,24,1064,0,20,24,1068,20,1072,28,20,-20,-1056,-20,-20,-44,-1052,-20,-1048,-20,-20,0,-20,-24,-1040,-28,-20
886,0x55a1bd679397,R,0x7ffee78d5c8c,1,-20,0,4,1040,24,0,0,1044,0,0,0,1048,0,0,24,0,-4,-1036,-8,0,-24,0,-4,-1028,0,-1024,0,0,0,-1020,-24,0
889,0x55a1bd67939d,R,0x7ffee78d5c88,1,-4,-4,-4,1036,-4,-4,4,1040,0,-4,-24,1044,0,-4,20,1048,4,-1032,-4,-1028,4,4,0,4,24,-1020,0,4,-4,-1016,4,4
894,0x55a1bd6793aa,W,0x7ffee78d5880,1,-1032,-1036,-1056,4,-1032,-1036,-1012,8,-1036,-1036,-1036,12,-1036,-1036,-1036,16,1036,1036,1012,4,1036,8,1036,1036,1036,12,1036,1036,1012,16,1032,1036
896,0x55a1bd6793ad,R,0x7ffee78d5c8c,1,4,1036,0,1040,0,0,0,1044,8,0,4,1048,-20,0,4,1052,-8,0,-24,0,-4,-1028,20,0,-4,-1024,-8,0,0,-1020,0,0
897,0x55a1bd6793ad,W,0x7ffee78d5c8c,1,0,1036,0,0,-20,0,4,1044,24,0,0,1048,0,0,0,1052,-8,-1032,0,0,0,-1028,0,0,0,-1024,-24,0,-4,-1020,20,0
899,0x55a1bd6793b1,R,0x7ffee78d5c84,1,-8,-8,-4,-8,-28,1032,-8,1036,-8,-8,0,1040,-4,-8,-28,1044,-16,-1024,4,8,28,-1020,4,8,0,-1016,8,8,8,-1012,8,8
901,0x55a1bd6793b4,R,0x7ffee78d5c74,1,-16,-24,-20,1012,-24,1016,-24,-24,-20,-24,0,1024,-24,-24,-24,1028,24,-1008,24,24,24,-1004,24,24,0,-1000,20,24,44,-996,24,-992
904,0x55a1bd6793b9,R,0x7ffee78d5c8c,1,24,0,0,1036,0,0,-20,0,4,1044,0,1048,8,0,4,1052,-4,-1032,20,0,-4,-1028,-8,0,0,-1024,0,0,20,0,-4,-1016
909,0x55a1bd67938a,R,0x7ffee78d5c88,1,-4,-4,4,1032,0,-4,-24,1036,-4,1040,-4,-4,20,-4,-4,1048,4,-1028,4,4,4,-1024,-20,4,0,-1020,4,-1016,4,4,0,4
911,0x55a1bd67938d,R,0x7ffee78d5c8c,1,4,0,24,1036,0,0,0,1040,0,0,4,0,24,1048,8,1052,20,-1032,-4,0,-8,-1028,0,0,-4,0,20,-1020,0,-1016,0,0
914,0x55a1bd679393,R,0x7ffee78d5ca0,1,20,20,20,1056,28,20,24,1060,0,20,24,1064,20,1068,28,20,-20,-1052,-20,-20,-44,-1048,-20,-1044,-20,-20,0,-20,-24,-1036,-28,-20
916,0x55a1bd679397,R,0x7ffee78d5c8c,1,-20,0,4,1036,24,0,0,1040,0,0,0,1044,0,0,24,0,-4,-1032,-8,0,-24,0,-4,-1024,0,-1020,0,0,0,-1016,-24,0
919,0x55a1bd67939d,R,0x7ffee78d5c88,1,-4,-4,-4,1032,-4,-4,4,1036,0,-4,-24,1040,0,-4,20,1044,4,-1028,-4,-1024,4,4,0,4,24,-1016,0,4,-4,-1012,4,4
924,0x55a1bd6793aa,W,0x7ffee78d5884,1,-1028,-1032,-1052,4,-1028,-1032,-1008,8,-1032,-1032,-1032,12,-1032,-1032,-1032,16,1032,1032,1008,4,1032,8,1032,1032,1032,12,1032,1032,1008,16,1028,1032
926,0x55a1bd6793ad,R,0x7ffee78d5c8c,1,4,1032,0,1036,0,0,0,1040,8,0,4,1044,-20,0,4,1048,-8,0,-24,0,-4,-1024,20,0,-4,-1020,-8,0,0,-1016,0,0
927,0x55a1bd6793ad,W,0x7ffee78d5c8c,1,0,1032,0,0,-20,0,4,1040,24,0,0,1044,0,0,0,1048,-8,-1028,0,0,0,-1024,0,0,0,-1020,-24,0,-4,-1016,20,0
929,0x55a1bd6793b1,R,0x7ffee78d5c84,1,-8,-8,-4,-8,-28,1028,-8,1032,-8,-8,0,1036,-4,-8,-28,1040,-16,-1020,4,8,28,-1016,4,8,0,-1012,8,8,8,-1008,8,8
931,0x55a1bd6793b4,R,0x7ffee78d5c74,1,-16,-24,-20,1008,-24,1012,-24,-24,-20,-24,0,1020,-24,-24,-24,1024,24,-1004,24,24,24,-1000,24,24,0,-996,20,24,44,-992,24,-988
934,0x55a1bd6793b9,R,0x7ffee78d5c8c,1,24,0,0,1032,0,0,-20,0,4,1040,0,1044,8,0,4,1048,-4,-1028,20,0,-4,-1024,-8,0,0,-1020,0,0,20,0,-4,-1012
939,0x55a1bd67938a,R,0x7ffee78d5c88,1,-4,-4,4,1028,0,-4,-24,1032,-4,1036,-4,-4,20,-4,-4,1044,4,-1024,4,4,4,-1020,-20,4,0,-1016,4,-1012,4,4,0,4
941,0x55a1bd67938d,R,0x7ffee78d5c8c,1,4,0,24,1032,0,0,0,1036,0,0,4,0,24,1044,8,1048,20,-1028,-4,0,-8,-1024,0,0,-4,0,20,-1016,0,-1012,0,0
944,0x55a1bd679393,R,0x7ffee78d5ca0,1,20,20,20,1052,28,20,24,1056,0,20,24,1060,20,1064,28,20,-20,-1048,-20,-20,-44,-1044,-20,-1040,-20,-20,0,-20,-24,-1032,-28,-20
946,0x55a1bd679397,R,0x7ffee78d5c8c,1,-20,0,4,1032,24,0,0,1036,0,0,0,1040,0,0,24,0,-4,-1028,-8,0,-24,0,-4,-1020,0,-1016,0,0,0,-1012,-24,0
949,0x55a1bd67939d,R,0x7ffee78d5c88,1,-4,-4,-4,1028,-4,-4,4,1032,0,-4,-24,1036,0,-4,20,1040,4,-1024,-4,-1020,4,4,0,4,24,-1012,0,4,-4,-1008,4,4
954,0x55a1bd6793aa,W,0x7ffee78d5888,1,-1024,-1028,-1048,4,-1024,-1028,-1004,8,-1028,-1028,-1028,12,-1028,-1028,-1028,16,1028,1028,1004,4,1028,8,1028,1028,1028,12,1028,1028,1004,16,1024,1028
956,0x55a1bd6793ad,R,0x7ffee78d5c8c,1,4,1028,0,1032,0,0,0,1036,8,0,4,1040,-20,0,4,1044,-8,0,-24,0,-4,-1020,20,0,-4,-1016,-8,0,0,-1012,0,0
957,0x55a1bd6793ad,W,0x7ffee78d5c8c,1,0,1028,0,0,-20,0,4,1036,24,0,0,1040,0,0,0,1044,-8,-1024,0,0,0,-1020,0,0,0,-1016,-24,0,-4,-1012,20,0
959,0x55a1bd6793b1,R,0x7ffee78d5c84,1,-8,-8,-4,-8,-28,1024,-8,1028,-8,-8,0,1032,-4,-8,-28,1036,-16,-1016,4,8,28,-1012,4,8,0,-1008,8,8,8,-1004,8,8
961,0x55a1bd6793b4,R,0x7ffee78d5c74,1,-16,-24,-20,1004,-24,1008,-24,-24,-20,-24,0,1016,-24,-24,-24,1020,24,-1000,24,24,24,-996,24,24,0,-992,20,24,44,-988,24,-984
964,0x55a1bd6793b9,R,0x7ffee78d5c8c,1,24,0,0,1028,0,0,-20,0,4,1036,0,1040,8,0,4,1044,-4,-1024,20,0,-4,-1020,-8,0,0,-1016,0,0,20,0,-4,-1008
969,0x55a1bd67938a,R,0x7ffee78d5c88,1,-4,-4,4,1024,0,-4,-24,1028,-4,1032,-4,-4,20,-4,-4,1040,4,-1020,4,4,4,-1016,-20,4,0,-1012,4,-1008,4,4,0,4
971,0x55a1bd67938d,R,0x7ffee78d5c8c,1,4,0,24,1028,0,0,0,1032,0,0,4,0,24,1040,8,1044,20,-1024,-4,0,-8,-1020,0,0,-4,0,20,-1012,0,-1008,0,0
974,0x55a1bd679393,R,0x7ffee78d5ca0,1,20,20,20,1048,28,20,24,1052,0,20,24,1056,20,1060,28,20,-20,-1044,-20,-20,-44,-1040,-20,-1036,-20,-20,0,-20,-24,-1028,-28,-20
976,0x55a1bd679397,R,0x7ffee78d5c8c,1,-20,0,4,1028,24,0,0,1032,0,0,0,1036,0,0,24,0,-4,-1024,-8,0,-24,0,-4,-1016,0,-1012,0,0,0,-1008,-24,0
979,0x55a1bd67939d,R,0x7ffee78d5c88,1,-4,-4,-4,1024,-4,-4,4,1028,0,-4,-24,1032,0,-4,20,1036,4,-1020,-4,-1016,4,4,0,4,24,-1008,0,4,-4,-1004,4,4
984,0x55a1bd6793aa,W,0x7ffee78d588c,1,-1020,-1024,-1044,4,-1020,-1024,-1000,8,-1024,-1024,-1024,12,-1024,-1024,-1024,16,1024,1024,1000,4,1024,8,1024,1024,1024,12,1024,1024,1000,16,1020,1024
986,0x55a1bd6793ad,R,0x7ffee78d5c8c,1,4,1024,0,1028,0,0,0,1032,8,0,4,1036,-20,0,4,1040,-8,0,-24,0,-4,-1016,20,0,-4,-1012,-8,0,0,-1008,0,0
987,0x55a1bd6793ad,W,0x7ffee78d5c8c,1,0,1024,0,0,-20,0,4,1032,24,0,0,1036,0,0,0,1040,-8,-1020,0,0,0,-1016,0,0,0,-1012,-24,0,-4,-1008,20,0
989,0x55a1bd6793b1,R,0x7ffee78d5c84,1,-8,-8,-4,-8,-28,1020,-8,1024,-8,-8,0,1028,-4,-8,-28,1032,-16,-1012,4,8,28,-1008,4,8,0,-1004,8,8,8,-1000,8,8
991,0x55a1bd6793b4,R,0x7ffee78d5c74,1,-16,-24,-20,1000,-24,1004,-24,-24,-20,-24,0,1012,-24,-24,-24,1016,24,-996,24,24,24,-992,24,24,0,-988,20,24,44,-984,24,-980
994,0x55a1bd6793b9,R,0x7ffee78d5c8c,1,24,0,0,1024,0,0,-20,0,4,1032,0,1036,8,0,4,1040,-4,-1020,20,0,-4,-1016,-8,0,0,-1012,0,0,20,0,-4,-1004
999,0x55a1bd67938a,R,0x7ffee78d5c88,1,-4,-4,4,1020,0,-4,-24,1024,-4,1028,-4,-4,20,-4,-4,1036,4,-1016,4,4,4,-1012,-20,4,0,-1008,4,-1004,4,4,0,4
1001,0x55a1bd67938d,R,0x7ffee78d5c8c,1,4,0,24,1024,0,0,0,1028,0,0,4,0,24,1036,8,1040,20,-1020,-4,0,-8,-1016,0,0,-4,0,20,-1008,0,-1004,0,0
1004,0x55a1bd679393,R,0x7ffee78d5ca0,1,20,20,20,1044,28,20,24,1048,0,20,24,1052,20,1056,28,20,-20,-1040,-20,-20,-44,-1036,-20,-1032,-20,-20,0,-20,-24,-1024,-28,-20
1006,0x55a1bd679397,R,0x7ffee78d5c8c,1,-20,0,4,1024,24,0,0,1028,0,0,0,1032,0,0,24,0,-4,-1020,-8,0,-24,0,-4,-1012,0,-1008,0,0,0,-1004,-24,0
1009,0x55a1bd67939d,R,0x7ffee78d5c88,1,-4,-4,-4,1020,-4,-4,4,1024,0,-4,-24,1028,0,-4,20,1032,4,-1016,-4,-1012,4,4,0,4,24,-1004,0,4,-4,-1000,4,4
1014,0x55a1bd6793aa,W,0x7ffee78d5890,1,-1016,-1020,-1040,4,-1016,-1020,-996,8,-1020,-1020,-1020,12,-1020,-1020,-1020,16,1020,1020,996,4,1020,8,1020,1020,1020,12,1020,1020,996,16,1016,1020
1016,0x55a1bd6793ad,R,0x7ffee78d5c8c,1,4,1020,0,1024,0,0,0,1028,8,0,4,1032,-20,0,4,1036,-8,0,-24,0,-4,-1012,20,0,-4,-1008,-8,0,0,-1004,0,0
1017,0x55a1bd6793ad,W,0x7ffee78d5c8c,1,0,1020,0,0,-20,0,4,1028,24,0,0,1032,0,0,0,1036,-8,-1016,0,0,0,-1012,0,0,0,-1008,-24,0,-4,-1004,20,0
1019,0x55a1bd6793b1,R,0x7ffee78d5c84,1,-8,-8,-4,-8,-28,1016,-8,1020,-8,-8,0,1024,-4,-8,-28,1028,-16,-1008,4,8,28,-1004,4,8,0,-1000,8,8,8,-996,8,8
1021,0x55a1bd6793b4,R,0x7ffee78d5c74,1,-16,-24,-20,996,-24,1000,-24,-24,-20,-24,0,1008,-24,-24,-24,1012,24,-992,24,24,24,-988,24,24,0,-984,20,24,44,-980,24,-976
1024,0x55a1bd6793b9,R,0x7ffee78d5c8c,1,24,0,0,1020,0,0,-20,0,4,1028,0,1032,8,0,4,1036,-4,-1016,20,0,-4,-1012,-8,0,0,-1008,0,0,20,0,-4,-1000
1029,0x55a1bd67938a,R,0x7ffee78d5c88,1,-4,-4,4,1016,0,-4,-24,1020,-4,1024,-4,-4,20,-4,-4,1032,4,-1012,4,4,4,-1008,-20,4,0,-1004,4,-1000,4,4,0,4
1031,0x55a1bd67938d,R,0x7ffee78d5c8c,1,4,0,24,1020,0,0,0,1024,0,0,4,0,24,1032,8,1036,20,-1016,-4,0,-8,-1012,0,0,-4,0,20,-1004,0,-1000,0,0
1034,0x55a1bd679393,R,0x7ffee78d5ca0,1,20,20,20,1040,28,20,24,1044,0,20,24,1048,20,1052,28,20,-20,-1036,-20,-20,-44,-1032,-20,-1028,-20,-20,0,-20,-24,-1020,-28,-20
1036,0x55a1bd679397,R,0x7ffee78d5c8c,1,-20,0,4,1020,24,0,0,1024,0,0,0,1028,0,0,24,0,-4,-1016,-8,0,-24,0,-4,-1008,0,-1004,0,0,0,-1000,-24,0
1039,0x55a1bd67939d,R,0x7ffee78d5c88,1,-4,-4,-4,1016,-4,-4,4,1020,0,-4,-24,1024,0,-4,20,1028,4,-1012,-4,-1008,4,4,0,4,24,-1000,0,4,-4,-996,4,4
1044,0x55a1bd6793aa,W,0x7ffee78d5894,1,-1012,-1016,-1036,4,-1012,-1016,-992,8,-1016,-1016,-1016,12,-1016,-1016,-1016,16,1016,1016,992,4,1016,8,1016,1016,1016,12,1016,1016,992,16,1012,1016
1046,0x55a1bd6793ad,R,0x7ffee78d5c8c,1,4,1016,0,1020,0,0,0,1024,8,0,4,1028,-20,0,4,1032,-8,0,-24,0,-4,-1008,20,0,-4,-1004,-8,0,0,-1000,0,0
1047,0x55a1bd6793ad,W,0x7ffee78d5c8c,1,0,1016,0,0,-20,0,4,1024,24,0,0,1028,0,0,0,1032,-8,-1012,0,0,0,-1008,0,0,0,-1004,-24,0,-4,-1000,20,0
1049,0x55a1bd6793b1,R,0x7ffee78d5c84,1,-8,-8,-4,-8,-28,1012,-8,1016,-8,-8,0,1020,-4,-8,-28,1024,-16,-1004,4,8,28,-1000,4,8,0,-996,8,8,8,-992,8,8
1051,0x55a1bd6793b4,R,0x7ffee78d5c74,1,-16,-24,-20,992,-24,996,-24,-24,-20,-24,0,1004,-24,-24,-24,1008,24,-988,24,24,24,-984,24,24,0,-980,20,24,44,-976,24,-972
1054,0x55a1bd6793b9,R,0x7ffee78d5c8c,1,24,0,0,1016,0,0,-20,0,4,1024,0,1028,8,0,4,1032,-4,-1012,20,0,-4,-1008,-8,0,0,-1004,0,0,20,0,-4,-996
1059,0x55a1bd67938a,R,0x7ffee78d5c88,1,-4,-4,4,1012,0,-4,-24,1016,-4,1020,-4,-4,20,-4,-4,1028,4,-1008,4,4,4,-1004,-20,4,0,-1000,4,-996,4,4,0,4
1061,0x55a1bd67938d,R,0x7ffee78d5c8c,1,4,0,24,1016,0,0,0,1020,0,0,4,0,24,1028,8,1032,20,-1012,-4,0,-8,-1008,0,0,-4,0,20,-1000,0,-996,0,0
1064,0x55a1bd679393,R,0x7ffee78d5ca0,1,20,20,20,1036,28,20,24,1040,0,20,24,1044,20,1048,28,20,-20,-1032,-20,-20,-44,-1028,-20,-1024,-20,-20,0,-20,-24,-1016,-28,-20
1066,0x55a1bd679397,R,0x7ffee78d5c8c,1,-20,0,4,1016,24,0,0,1020,0,0,0,1024,0,0,24,0,-4,-1012,-8,0,-24,0,-4,-1004,0,-1000,0,0,0,-996,-24,0
1069,0x55a1bd67939d,R,0x7ffee78d5c88,1,-4,-4,-4,1012,-4,-4,4,1016,0,-4,-24,1020,0,-4,20,1024,4,-1008,-4,-1004,4,4,0,4,24,-996,0,4,-4,-992,4,4
1074,0x55a1bd6793aa,W,0x7ffee78d5898,1,-1008,-1012,-1032,4,-1008,-1012,-988,8,-1012,-1012,-1012,12,-1012,-1012,-1012,16,1012,1012,988,4,1012,8,1012,1012,1012,12,1012,1012,988,16,1008,1012
1076,0x55a1bd6793ad,R,0x7ffee78d5c8c,1,4,1012,0,1016,0,0,0,1020,8,0,4,1024,-20,0,4,1028,-8,0,-24,0,-4,-1004,20,0,-4,-1000,-8,0,0,-996,0,0
1077,0x55a1bd6793ad,W,0x7ffee78d5c8c,1,0,1012,0,0,-20,0,4,1020,24,0,0,1024,0,0,0,1028,-8,-1008,0,0,0,-1004,0,0,0,-1000,-24,0,-4,-996,20,0
1079,0x55a1bd6793b1,R,0x7ffee78d5c84,1,-8,-8,-4,-8,-28,1008,-8,1012,-8,-8,0,1016,-4,-8,-28,1020,-16,-1000,4,8,28,-996,4,8,0,-992,8,8,8,-988,8,8
1081,0x55a1bd6793b4,R,0x7ffee78d5c74,1,-16,-24,-20,988,-24,992,-24,-24,-20,-24,0,1000,-24,-24,-24,1004,24,-984,24,24,24,-980,24,24,0,-976,20,24,44,-972,24,-968
1084,0x55a1bd6793b9,R,0x7ffee78d5c8c,1,24,0,0,1012,0,0,-20,0,4,1020,0,1024,8,0,4,1028,-4,-1008,20,0,-4,-1004,-8,0,0,-1000,0,0,20,0,-4,-992
1089,0x55a1bd67938a,R,0x7ffee78d5c88,1,-4,-4,4,1008,0,-4,-24,1012,-4,1016,-4,-4,20,-4,-4,1024,4,-1004,4,4,4,-1000,-20,4,0,-996,4,-992,4,4,0,4
1091,0x55a1bd67938d,R,0x7ffee78d5c8c,1,4,0,24,1012,0,0,0,1016,0,0,4,0,24,1024,8,1028,20,-1008,-4,0,-8,-1004,0,0,-4,0,20,-996,0,-992,0,0
1094,0x55a1bd679393,R,0x7ffee78d5ca0,1,20,20,20,1032,28,20,24,1036,0,20,24,1040,20,1044,28,20,-20,-1028,-20,-20,-44,-1024,-20,-1020,-20,-20,0,-20,-24,-1012,-28,-20
1096,0x55a1bd679397,R,0x7ffee78d5c8c,1,-20,0,4,1012,24,0,0,1016,0,0,0,1020,0,0,24,0,-4,-1008,-8,0,-24,0,-4,-1000,0,-996,0,0,0,-992,-24,0
1099,0x55a1bd67939d,R,0x7ffee78d5c88,1,-4,-4,-4,1008,-4,-4,4,1012,0,-4,-24,1016,0,-4,20,1020,4,-1004,-4,-1000,4,4,0,4,24,-992,0,4,-4,-988,4,4
1104,0x55a1bd6793aa,W,0x7ffee78d589c,1,-1004,-1008,-1028,4,-1004,-1008,-984,8,-1008,-1008,-1008,12,-1008,-1008,-1008,16,1008,1008,984,4,1008,8,1008,1008,1008,12,1008,1008,984,16,1004,1008
1106,0x55a1bd6793ad,R,0x7ffee78d5c8c,1,4,1008,0,1012,0,0,0,1016,8,0,4,1020,-20,0,4,1024,-8,0,-24,0,-4,-1000,20,0,-4,-996,-8,0,0,-992,0,0
1107,0x55a1bd6793ad,W,0x7ffee78d5c8c,1,0,1008,0,0,-20,0,4,1016,24,0,0,1020,0,0,0,1024,-8,-1004,0,0,0,-1000,0,0,0,-996,-24,0,-4,-992,20,0
1109,0x55a1bd6793b1,R,0x7ffee78d5c84,1,-8,-8,-4,-8,-28,1004,-8,1008,-8,-8,0,1012,-4,-8,-28,1016,-16,-996,4,8,28,-992,4,8,0,-988,8,8,8,-984,8,8
1111,0x55a1bd6793b4,R,0x7ffee78d5c74,1,-16,-24,-20,984,-24,988,-24,-24,-20,-24,0,996,-24,-24,-24,1000,24,-980,24,24,24,-976,24,24,0,-972,20,24,44,-968,24,20
1114,0x55a1bd6793b9,R,0x7ffee78d5c8c,1,24,0,0,1008,0,0,-20,0,4,1016,0,1020,8,0,4,1024,-4,-1004,20,0,-4,-1000,-8,0,0,-996,0,0,20,0,-4,-4
1119,0x55a1bd67938a,R,0x7ffee78d5c88,1,-4,-4,4,1004,0,-4,-24,1008,-4,1012,-4,-4,20,-4,-4,1020,4,-1000,4,4,4,-996,-20,4,0,-992,4,-988,4,4,0,4
1121,0x55a1bd67938d,R,0x7ffee78d5c8c,1,4,0,24,1008,0,0,0,1012,0,0,4,0,24,1020,8,1024,20,-1004,-4,0,-8,-1000,0,0,-4,0,20,-992,0,-4,0,0
1124,0x55a1bd679393,R,0x7ffee78d5ca0,1,20,20,20,1028,28,20,24,1032,0,20,24,1036,20,1040,28,20,-20,-1024,-20,-20,-44,-1020,-20,-1016,-20,-20,0,-20,-24,-24,-28,-20
1126,0x55a1bd679397,R,0x7ffee78d5c8c,1,-20,0,4,1008,24,0,0,1012,0,0,0,1016,0,0,24,0,-4,-1004,-8,0,-24,0,-4,-996,0,-992,0,0,0,-4,-24,0
1129,0x55a1bd67939d,R,0x7ffee78d5c88,1,-4,-4,-4,1004,-4,-4,4,1008,0,-4,-24,1012,0,-4,20,1016,4,-1000,-4,-996,4,4,0,4,24,-988,0,4,-4,0,4,4
1134,0x55a1bd6793aa,W,0x7ffee78d58a0,1,-1000,-1004,-1024,4,-1000,-1004,-980,8,-1004,-1004,-1004,12,-1004,-1004,-1004,16,1004,1004,980,4,1004,8,1004,1004,1004,12,1004,1004,980,1000,1000,1004
1136,0x55a1bd6793ad,R,0x7ffee78d5c8c,1,4,1004,0,1008,0,0,0,1012,8,0,4,1016,-20,0,4,1020,-8,0,-24,0,-4,-996,20,0,-4,-992,-8,0,0,-4,0,0
1137,0x55a1bd6793ad,W,0x7ffee78d5c8c,1,0,1004,0,0,-20,0,4,1012,24,0,0,1016,0,0,0,1020,-8,-1000,0,0,0,-996,0,0,0,-992,-24,0,-4,-4,20,0
1139,0x55a1bd6793b1,R,0x7ffee78d5c84,1,-8,-8,-4,-8,-28,1000,-8,1004,-8,-8,0,1008,-4,-8,-28,1012,-16,-992,4,8,28,-988,4,8,0,-984,8,8,8,4,8,8
1141,0x55a1bd6793b4,R,0x7ffee78d5c74,1,-16,-24,-20,980,-24,984,-24,-24,-20,-24,0,992,-24,-24,-24,996,24,-976,24,24,24,-972,24,24,0,-968,20,24,44,20,24,-964
1144,0x55a1bd6793b9,R,0x7ffee78d5c8c,1,24,0,0,1004,0,0,-20,0,4,1012,0,1016,8,0,4,1020,-4,-1000,20,0,-4,-996,-8,0,0,-992,0,0,20,0,-4,-988
1149,0x55a1bd67938a,R,0x7ffee78d5c88,1,-4,-4,4,1000,0,-4,-24,1004,-4,1008,-4,-4,20,-4,-4,1016,4,-996,4,4,4,-992,-20,4,0,-988,4,0,4,4,0,4
1151,0x55a1bd67938d,R,0x7ffee78d5c8c,1,4,0,24,1004,0,0,0,1008,0,0,4,0,24,1016,8,1020,20,-1000,-4,0,-8,-996,0,0,-4,0,20,-4,0,-988,0,0
1154,0x55a1bd679393,R,0x7ffee78d5ca0,1,20,20,20,1024,28,20,24,1028,0,20,24,1032,20,1036,28,20,-20,-1020,-20,-20,-44,-1016,-20,-1012,-20,-20,0,-20,-24,-1008,-28,-20
1156,0x55a1bd679397,R,0x7ffee78d5c8c,1,-20,0,4,1004,24,0,0,1008,0,0,0,1012,0,0,24,0,-4,-1000,-8,0,-24,0,-4,-992,0,-4,0,0,0,-988,-24,0
1159,0x55a1bd67939d,R,0x7ffee78d5c88,1,-4,-4,-4,1000,-4,-4,4,1004,0,-4,-24,1008,0,-4,20,1012,4,-996,-4,-992,4,4,0,4,24,0,0,4,-4,-984,4,4
1164,0x55a1bd6793aa,W,0x7ffee78d58a4,1,-996,-1000,-1020,4,-996,-1000,-976,8,-1000,-1000,-1000,12,-1000,-1000,-1000,16,1000,1000,976,4,1000,8,1000,1000,1000,996,1000,1000,976,12,996,1000
1166,0x55a1bd6793ad,R,0x7ffee78d5c8c,1,4,1000,0,1004,0,0,0,1008,8,0,4,1012,-20,0,4,1016,-8,0,-24,0,-4,-992,20,0,-4,-4,-8,0,0,-988,0,0
1167,0x55a1bd6793ad,W,0x7ffee78d5c8c,1,0,1000,0,0,-20,0,4,1008,24,0,0,1012,0,0,0,1016,-8,-996,0,0,0,-992,0,0,0,-4,-24,0,-4,-988,20,0
1169,0x55a1bd6793b1,R,0x7ffee78d5c84,1,-8,-8,-4,-8,-28,996,-8,1000,-8,-8,0,1004,-4,-8,-28,1008,-16,-988,4,8,28,-984,4,8,0,4,8,8,8,-980,8,8
1171,0x55a1bd6793b4,R,0x7ffee78d5c74,1,-16,-24,-20,976,-24,980,-24,-24,-20,-24,0,988,-24,-24,-24,992,24,-972,24,24,24,-968,24,24,0,20,20,24,44,-964,24,-960
1174,0x55a1bd6793b9,R,0x7ffee78d5c8c,1,24,0,0,1000,0,0,-20,0,4,1008,0,1012,8,0,4,1016,-4,-996,20,0,-4,-992,-8,0,0,-4,0,0,20,0,-4,-984
1179,0x55a1bd67938a,R,0x7ffee78d5c88,1,-4,-4,4,996,0,-4,-24,1000,-4,1004,-4,-4,20,-4,-4,1012,4,-992,4,4,4,-988,-20,4,0,0,4,-984,4,4,0,4
1181,0x55a1bd67938d,R,0x7ffee78d5c8c,1,4,0,24,1000,0,0,0,1004,0,0,4,0,24,1012,8,1016,20,-996,-4,0,-8,-992,0,0,-4,0,20,-988,0,-984,0,0
1184,0x55a1bd679393,R,0x7ffee78d5ca0,1,20,20,20,1020,28,20,24,1024,0,20,24,1028,20,1032,28,20,-20,-1016,-20,-20,-44,-1012,-20,-24,-20,-20,0,-20,-24,-1004,-28,-20
1186,0x55a1bd679397,R,0x7ffee78d5c8c,1,-20,0,4,1000,24,0,0,1004,0,0,0,1008,0,0,24,0,-4,-996,-8,0,-24,0,-4,-4,0,-988,0,0,0,-984,-24,0
1189,0x55a1bd67939d,R,0x7ffee78d5c88,1,-4,-4,-4,996,-4,-4,4,1000,0,-4,-24,1004,0,-4,20,1008,4,-992,-4,-988,4,4,0,4,24,-984,0,4,-4,-980,4,4
1194,0x55a1bd6793aa,W,0x7ffee78d58a8,1,-992,-996,-1016,4,-992,-996,-972,8,-996,-996,-996,12,-996,-996,-996,16,996,996,972,4,996,992,996,996,996,8,996,996,972,12,992,996
1196,0x55a1bd6793ad,R,0x7ffee78d5c8c,1,4,996,0,1000,0,0,0,1004,8,0,4,1008,-20,0,4,1012,-8,0,-24,0,-4,-4,20,0,-4,-988,-8,0,0,-984,-12,0
1197,0x55a1bd6793ad,W,0x7ffee78d5c8c,1,0,996,0,0,-20,0,4,1004,24,0,0,1008,0,0,0,1012,-8,-992,0,0,0,-4,0,0,0,-988,-24,0,-4,-984,-24,0
1199,0x55a1bd6793b1,R,0x7ffee78d5c84,1,-8,-8,-4,-8,-28,992,-8,996,-8,-8,0,1000,-4,-8,-28,1004,-16,-984,4,8,28,4,4,8,0,-980,8,8,-4,-976,4,8
1201,0x55a1bd6793b4,R,0x7ffee78d5c74,1,-16,-24,-20,972,-24,976,-24,-24,-20,-24,0,984,-24,-24,-24,988,24,-968,24,24,24,20,24,24,0,-964,20,24,0,-960,20,-956
1204,0x55a1bd6793b9,R,0x7ffee78d5c8c,1,24,0,0,996,0,0,-20,0,4,1004,0,1008,8,0,4,1012,-4,-992,20,0,-4,-4,-8,0,0,-988,-12,0,-24,0,-8,-980
1209,0x55a1bd67938a,R,0x7ffee78d5c88,1,-4,-4,4,992,0,-4,-24,996,-4,1000,-4,-4,20,-4,-4,1008,4,-988,4,4,4,0,-20,4,0,-984,-8,-980,0,4,-4,4
1211,0x55a1bd67938d,R,0x7ffee78d5c8c,1,4,0,24,996,0,0,0,1000,0,0,4,0,24,1008,8,1012,20,-992,-4,0,-8,-4,0,0,-4,0,-24,-984,-4,-980,-8,0
1214,0x55a1bd679393,R,0x7ffee78d5ca0,1,20,20,20,1016,28,20,24,1020,0,20,24,1024,20,1028,28,20,-20,-1012,-20,-20,-44,-24,-20,-1008,-32,-20,-44,-20,-28,-1000,-44,-20
1216,0x55a1bd679397,R,0x7ffee78d5c8c,1,-20,0,4,996,24,0,0,1000,0,0,0,1004,0,0,24,0,-4,-992,-8,0,-24,0,-4,-988,-12,-984,-4,0,-8,-980,0,0
1219,0x55a1bd67939d,R,0x7ffee78d5c88,1,-4,-4,-4,992,-4,-4,4,996,0,-4,-24,1000,0,-4,20,1004,4,-988,-4,0,4,4,0,4,-20,-980,-4,4,-20,-976,0,4
1224,0x55a1bd6793aa,W,0x7ffee78d58ac,1,-988,-992,-1012,4,-988,-992,-968,8,-992,-992,-992,12,-992,-992,-992,16,992,992,968,988,992,4,980,992,988,8,984,992,992,12,988,16
1226,0x55a1bd6793ad,R,0x7ffee78d5c8c,1,4,992,0,996,0,0,0,1000,8,0,4,1004,-20,0,4,1008,-8,0,-24,0,-4,-988,-24,0,-8,-984,-24,0,0,0,0,-976
1227,0x55a1bd6793ad,W,0x7ffee78d5c8c,1,0,992,0,0,-20,0,4,1000,24,0,0,1004,0,0,0,1008,-8,-4,0,0,-12,-988,-4,0,-8,-984,-24,-980,-4,0,20,-976
1229,0x55a1bd6793b1,R,0x7ffee78d5c84,1,-8,-8,-4,-8,-28,988,-8,992,-8,-8,0,996,-4,-8,-28,1000,-16,4,4,8,-16,-980,0,8,0,8,8,-972,8,8,8,-968
1231,0x55a1bd6793b4,R,0x7ffee78d5c74,1,-16,-24,-20,968,-24,972,-24,-24,-20,-24,0,980,-24,-24,-24,984,24,20,12,24,20,-964,16,-960,0,24,20,-956,44,24,20,-952
1234,0x55a1bd6793b9,R,0x7ffee78d5c8c,1,24,0,0,992,0,0,-20,0,4,1000,0,1004,8,0,4,1008,-4,-4,-24,0,-4,0,-8,-984,0,0,0,-980,0,0,-4,0
1237,0x55a1bd6793be,R,0x7ffee78d5c88,1,-4,-4,4,988,0,-4,-24,992,-4,996,-4,-4,20,-4,-4,1004,-8,0,-20,-984,-4,4,-20,-980,0,4,24,-976,4,-972,4,4
1238,0x55a1bd6793be,W,0x7ffee78d5c88,1,0,-4,20,988,-4,-4,-4,992,-4,-4,0,-4,20,1000,4,1004,-8,4,0,-984,-4,4,4,-980,4,4,24,4,0,-972,-4,4
1240,0x55a1bd6793c2,R,0x7ffee78d5c80,1,-8,-8,-12,980,-4,-12,-8,984,-32,-12,-8,988,-12,992,-4,-12,-12,12,4,-976,-12,12,8,-972,12,-968,12,12,12,-964,-12,12
1242,0x55a1bd6793c5,R,0x7ffee78d5c74,1,-12,-20,-24,-24,0,-24,-24,972,-24,-24,-24,976,-24,-24,0,-24,20,24,16,-964,24,24,20,24,44,-956,20,24,16,-952,24,24
1245,0x55a1bd6793ca,R,0x7ffee78d5c88,1,20,0,0,-4,20,988,4,992,0,-4,-24,996,0,-4,20,1000,-4,4,-20,-984,4,-980,4,4,4,-976,4,4,-20,-972,0,4
1248,0x55a1bd67937b,R,0x7ffee78d5c84,1,-4,-4,4,-8,-8,984,0,-8,-8,-8,-8,992,-8,-8,-8,996,0,8,-16,8,4,-976,28,8,4,-972,0,8,8,-968,8,8
1250,0x55a1bd67937e,W,0x7ffee78d5c8c,1,8,4,24,0,4,992,24,0,0,996,4,1000,-20,0,4,1004,-8,-988,0,0,0,-984,0,0,0,-980,-24,0,-4,-976,20,0
1253,0x55a1bd6793b1,R,0x7ffee78d5c84,1,0,-8,-4,-8,4,984,-8,-8,0,988,-4,-8,-8,-8,-8,996,-16,-980,4,8,28,-976,4,8,0,-972,8,8,8,-968,8,8
1255,0x55a1bd6793b4,R,0x7ffee78d5c74,1,-16,-24,-20,-20,0,968,-20,-24,0,972,-24,-24,-24,976,-44,980,24,-964,24,24,24,-960,24,24,0,-956,20,24,44,-952,24,-948
1258,0x55a1bd6793b9,R,0x7ffee78d5c8c,1,24,0,8,4,24,0,12,0,0,996,8,0,4,1000,-20,0,-4,-988,20,0,-4,-984,-8,0,0,-980,0,0,20,0,-4,-972
1263,0x55a1bd67938a,R,0x7ffee78d5c88,1,-4,-4,4,0,0,-4,8,988,0,992,20,-4,-4,996,-4,-4,4,-984,4,4,4,-980,-20,4,0,-976,4,-972,4,4,0,4
1265,0x55a1bd67938d,R,0x7ffee78d5c8c,1,4,0,24,4,8,0,24,992,4,0,0,0,8,1000,4,0,20,-988,-4,0,-8,-984,0,0,-4,0,20,-976,0,-972,0,0
1268,0x55a1bd679393,R,0x7ffee78d5ca0,1,20,20,20,24,28,20,24,1012,32,20,20,1016,44,1020,20,20,-20,-1008,-20,-20,-44,-1004,-20,-1000,-20,-20,0,-20,-24,-992,-28,-20
1270,0x55a1bd679397,R,0x7ffee78d5c8c,1,-20,0,4,4,24,0,8,992,24,0,4,996,24,0,8,0,-4,-988,-8,0,-24,0,-4,-980,0,-976,0,0,0,-972,-24,0
1273,0x55a1bd67939d,R,0x7ffee78d5c88,1,-4,-4,-4,0,-4,-4,4,988,0,-4,8,992,-4,-4,4,996,4,-984,-4,-980,4,4,0,4,24,-972,0,4,-4,-968,4,4
1278,0x55a1bd6793aa,W,0x7ffee78d58b0,1,-984,-988,-1008,-984,-984,-988,-964,4,-980,-988,-964,8,-984,-988,-964,12,988,988,964,4,988,8,988,988,988,12,988,988,964,16,984,988
1280,0x55a1bd6793ad,R,0x7ffee78d5c8c,1,4,988,0,4,0,0,0,992,8,0,4,996,12,0,0,1000,-8,0,-24,0,-4,-980,20,0,-4,-976,-8,0,0,-972,0,0
1281,0x55a1bd6793ad,W,0x7ffee78d5c8c,1,0,988,0,0,-20,0,4,992,24,0,8,996,24,0,4,1000,-8,-984,0,0,0,-980,0,0,0,-976,-24,0,-4,-972,20,0
1283,0x55a1bd6793b1,R,0x7ffee78d5c84,1,-8,-8,-4,-8,-28,-4,-8,984,-8,-8,0,988,-4,-8,4,992,-16,-976,4,8,28,-972,4,8,0,-968,8,8,8,-964,8,8
1285,0x55a1bd6793b4,R,0x7ffee78d5c74,1,-16,-24,-20,964,-24,-20,-24,-24,-20,-24,0,972,-16,-24,0,976,24,-960,24,24,24,-956,24,24,0,-952,20,24,44,-948,24,-944
1288,0x55a1bd6793b9,R,0x7ffee78d5c8c,1,24,0,0,988,0,0,-20,0,4,992,0,996,8,0,4,1000,-4,-984,20,0,-4,-980,-8,0,0,-976,0,0,20,0,-4,-968
1293,0x55a1bd67938a,R,0x7ffee78d5c88,1,-4,-4,4,984,0,-4,-24,0,-4,988,-4,-4,20,-4,4,996,4,-980,4,4,4,-976,-20,4,0,-972,4,-968,4,4,0,4
1295,0x55a1bd67938d,R,0x7ffee78d5c8c,1,4,0,24,988,0,0,0,4,0,0,4,0,24,996,8,1000,20,-984,-4,0,-8,-980,0,0,-4,0,20,-972,0,-968,0,0
1298,0x55a1bd679393,R,0x7ffee78d5ca0,1,20,20,20,1008,28,20,24,24,0,20,24,1012,20,1016,28,20,-20,-1004,-20,-20,-44,-1000,-20,-996,-20,-20,0,-20,-24,-988,-28,-20
1300,0x55a1bd679397,R,0x7ffee78d5c8c,1,-20,0,4,988,24,0,0,4,0,0,0,992,0,0,24,0,-4,-984,-8,0,-24,0,-4,-976,0,-972,0,0,0,-968,-24,0
1303,0x55a1bd67939d,R,0x7ffee78d5c88,1,-4,-4,-4,984,-4,-4,4,0,0,-4,-24,988,0,-4,20,992,4,-980,-4,-976,4,4,0,4,24,-968,0,4,-4,-964,4,4
1308,0x55a1bd6793aa,W,0x7ffee78d58b4,1,-980,-984,-1004,4,-980,-984,-960,-980,-984,-984,-984,8,-984,-984,-984,12,984,984,960,4,984,8,984,984,984,12,984,984,960,16,980,984
1310,0x55a1bd6793ad,R,0x7ffee78d5c8c,1,4,984,0,988,0,0,0,4,8,0,4,992,-20,0,4,996,-8,0,-24,0,-4,-976,20,0,-4,-972,-8,0,0,-968,0,0
1311,0x55a1bd6793ad,W,0x7ffee78d5c8c,1,0,984,0,0,-20,0,4,4,24,0,0,992,0,0,0,996,-8,-980,0,0,0,-976,0,0,0,-972,-24,0,-4,-968,20,0
1313,0x55a1bd6793b1,R,0x7ffee78d5c84,1,-8,-8,-4,-8,-28,980,-8,-4,-8,-8,0,984,-4,-8,-28,988,-16,-972,4,8,28,-968,4,8,0,-964,8,8,8,-960,8,8
1315,0x55a1bd6793b4,R,0x7ffee78d5c74,1,-16,-24,-20,960,-24,964,-24,-24,-20,-24,0,968,-24,-24,-24,972,24,-956,24,24,24,-952,24,24,0,-948,20,24,44,-944,24,-940
1318,0x55a1bd6793b9,R,0x7ffee78d5c8c,1,24,0,0,984,0,0,-20,0,4,4,0,992,8,0,4,996,-4,-980,20,0,-4,-976,-8,0,0,-972,0,0,20,0,-4,-964
1323,0x55a1bd67938a,R,0x7ffee78d5c88,1,-4,-4,4,980,0,-4,-24,984,-4,0,-4,-4,20,-4,-4,992,4,-976,4,4,4,-972,-20,4,0,-968,4,-964,4,4,0,4
1325,0x55a1bd67938d,R,0x7ffee78d5c8c,1,4,0,24,984,0,0,0,988,0,0,4,0,24,992,8,996,20,-980,-4,0,-8,-976,0,0,-4,0,20,-968,0,-964,0,0
1328,0x55a1bd679393,R,0x7ffee78d5ca0,1,20,20,20,1004,28,20,24,1008,0,20,24,24,20,1012,28,20,-20,-1000,-20,-20,-44,-996,-20,-992,-20,-20,0,-20,-24,-984,-28,-20
1330,0x55a1bd679397,R,0x7ffee78d5c8c,1,-20,0,4,984,24,0,0,988,0,0,0,4,0,0,24,0,-4,-980,-8,0,-24,0,-4,-972,0,-968,0,0,0,-964,-24,0
1333,0x55a1bd67939d,R,0x7ffee78d5c88,1,-4,-4,-4,980,-4,-4,4,984,0,-4,-24,0,0,-4,20,988,4,-976,-4,-972,4,4,0,4,24,-964,0,4,-4,-960,4,4
1338,0x55a1bd6793aa,W,0x7ffee78d58b8,1,-976,-980,-1000,4,-976,-980,-956,8,-980,-980,-980,-976,-980,-980,-980,12,980,980,956,4,980,8,980,980,980,12,980,980,956,16,976,980
1340,0x55a1bd6793ad,R,0x7ffee78d5c8c,1,4,980,0,984,0,0,0,988,8,0,4,4,-20,0,4,992,-8,0,-24,0,-4,-972,20,0,-4,-968,-8,0,0,-964,0,0
1341,0x55a1bd6793ad,W,0x7ffee78d5c8c,1,0,980,0,0,-20,0,4,988,24,0,0,4,0,0,0,992,-8,-976,0,0,0,-972,0,0,0,-968,-24,0,-4,-964,20,0
1343,0x55a1bd6793b1,R,0x7ffee78d5c84,1,-8,-8,-4,-8,-28,976,-8,980,-8,-8,0,-4,-4,-8,-28,984,-16,-968,4,8,28,-964,4,8,0,-960,8,8,8,-956,8,8
1345,0x55a1bd6793b4,R,0x7ffee78d5c74,1,-16,-24,-20,956,-24,960,-24,-24,-20,-24,0,-20,-24,-24,-24,968,24,-952,24,24,24,-948,24,24,0,-944,20,24,44,-940,24,-936
1348,0x55a1bd6793b9,R,0x7ffee78d5c8c,1,24,0,0,980,0,0,-20,0,4,988,0,4,8,0,4,992,-4,-976,20,0,-4,-972,-8,0,0,-968,0,0,20,0,-4,-960
1353,0x55a1bd67938a,R,0x7ffee78d5c88,1,-4,-4,4,976,0,-4,-24,980,-4,984,-4,-4,20,-4,-4,988,4,-972,4,4,4,-968,-20,4,0,-964,4,-960,4,4,0,4
1355,0x55a1bd67938d,R,0x7ffee78d5c8c,1,4,0,24,980,0,0,0,984,0,0,4,0,24,4,8,992,20,-976,-4,0,-8,-972,0,0,-4,0,20,-964,0,-960,0,0
1358,0x55a1bd679393,R,0x7ffee78d5ca0,1,20,20,20,1000,28,20,24,1004,0,20,24,1008,20,24,28,20,-20,-996,-20,-20,-44,-992,-20,-988,-20,-20,0,-20,-24,-980,-28,-20
1360,0x55a1bd679397,R,0x7ffee78d5c8c,1,-20,0,4,980,24,0,0,984,0,0,0,988,0,0,24,0,-4,-976,-8,0,-24,0,-4,-968,0,-964,0,0,0,-960,-24,0
1363,0x55a1bd67939d,R,0x7ffee78d5c88,1,-4,-4,-4,976,-4,-4,4,980,0,-4,-24,984,0,-4,20,0,4,-972,-4,-968,4,4,0,4,24,-960,0,4,-4,-956,4,4
1368,0x55a1bd6793aa,W,0x7ffee78d58bc,1,-972,-976,-996,4,-972,-976,-952,8,-976,-976,-976,12,-976,-976,-976,-972,976,976,952,4,976,8,976,976,976,12,976,976,952,16,972,976
1370,0x55a1bd6793ad,R,0x7ffee78d5c8c,1,4,976,0,980,0,0,0,984,8,0,4,988,-20,0,4,4,-8,0,-24,0,-4,-968,20,0,-4,-964,-8,0,0,-960,0,0
1371,0x55a1bd6793ad,W,0x7ffee78d5c8c,1,0,976,0,0,-20,0,4,984,24,0,0,988,0,0,0,4,-8,-972,0,0,0,-968,0,0,0,-964,-24,0,-4,-960,20,0
1373,0x55a1bd6793b1,R,0x7ffee78d5c84,1,-8,-8,-4,-8,-28,972,-8,976,-8,-8,0,980,-4,-8,-28,-4,-16,-964,4,8,28,-960,4,8,0,-956,8,8,8,-952,8,8
1375,0x55a1bd6793b4,R,0x7ffee78d5c74,1,-16,-24,-20,952,-24,956,-24,-24,-20,-24,0,964,-24,-24,-24,-20,24,-948,24,24,24,-944,24,24,0,-940,20,24,44,-936,24,-932
1378,0x55a1bd6793b9,R,0x7ffee78d5c8c,1,24,0,0,976,0,0,-20,0,4,984,0,988,8,0,4,4,-4,-972,20,0,-4,-968,-8,0,0,-964,0,0,20,0,-4,-956
1383,0x55a1bd67938a,R,0x7ffee78d5c88,1,-4,-4,4,972,0,-4,-24,976,-4,980,-4,-4,20,-4,-4,0,4,-968,4,4,4,-964,-20,4,0,-960,4,-956,4,4,0,4
1385,0x55a1bd67938d,R,0x7ffee78d5c8c,1,4,0,24,976,0,0,0,980,0,0,4,0,24,988,8,4,20,-972,-4,0,-8,-968,0,0,-4,0,20,-960,0,-956,0,0
1388,0x55a1bd679393,R,0x7ffee78d5ca0,1,20,20,20,996,28,20,24,1000,0,20,24,1004,20,1008,28,20,-20,-992,-20,-20,-44,-988,-20,-984,-20,-20,0,-20,-24,-976,-28,-20
1390,0x55a1bd679397,R,0x7ffee78d5c8c,1,-20,0,4,976,24,0,0,980,0,0,0,984,0,0,24,0,-4,-972,-8,0,-24,0,-4,-964,0,-960,0,0,0,-956,-24,0
1393,0x55a1bd67939d,R,0x7ffee78d5c88,1,-4,-4,-4,972,-4,-4,4,976,0,-4,-24,980,0,-4,20,984,4,-968,-4,-964,4,4,0,4,24,-956,0,4,-4,-952,4,4
1398,0x55a1bd6793aa,W,0x7ffee78d58c0,1,-968,-972,-992,4,-968,-972,-948,8,-972,-972,-972,12,-972,-972,-972,16,972,972,948,4,972,8,972,972,972,12,972,972,948,16,968,972
1400,0x55a1bd6793ad,R,0x7ffee78d5c8c,1,4,972,0,976,0,0,0,980,8,0,4,984,-20,0,4,988,-8,0,-24,0,-4,-964,20,0,-4,-960,-8,0,0,-956,0,0
1401,0x55a1bd6793ad,W,0x7ffee78d5c8c,1,0,972,0,0,-20,0,4,980,24,0,0,984,0,0,0,988,-8,-968,0,0,0,-964,0,0,0,-960,-24,0,-4,-956,20,0
1403,0x55a1bd6793b1,R,0x7ffee78d5c84,1,-8,-8,-4,-8,-28,968,-8,972,-8,-8,0,976,-4,-8,-28,980,-16,-960,4,8,28,-956,4,8,0,-952,8,8,8,-948,8,8
1405,0x55a1bd6793b4,R,0x7ffee78d5c74,1,-16,-24,-20,948,-24,952,-24,-24,-20,-24,0,960,-24,-24,-24,964,24,-944,24,24,24,-940,24,24,0,-936,20,24,44,-932,24,-928
1408,0x55a1bd6793b9,R,0x7ffee78d5c8c,1,24,0,0,972,0,0,-20,0,4,980,0,984,8,0,4,988,-4,-968,20,0,-4,-964,-8,0,0,-960,0,0,20,0,-4,-952
1413,0x55a1bd67938a,R,0x7ffee78d5c88,1,-4,-4,4,968,0,-4,-24,972,-4,976,-4,-4,20,-4,-4,984,4,-964,4,4,4,-960,-20,4,0,-956,4,-952,4,4,0,4
1415,0x55a1bd67938d,R,0x7ffee78d5c8c,1,4,0,24,972,0,0,0,976,0,0,4,0,24,984,8,988,20,-968,-4,0,-8,-964,0,0,-4,0,20,-956,0,-952,0,0
1418,0x55a1bd679393,R,0x7ffee78d5ca0,1,20,20,20,992,28,20,24,996,0,20,24,1000,20,1004,28,20,-20,-988,-20,-20,-44,-984,-20,-980,-20,-20,0,-20,-24,-972,-28,-20
1420,0x55a1bd679397,R,0x7ffee78d5c8c,1,-20,0,4,972,24,0,0,976,0,0,0,980,0,0,24,0,-4,-968,-8,0,-24,0,-4,-960,0,-956,0,0,0,-952,-24,0
1423,0x55a1bd67939d,R,0x7ffee78d5c88,1,-4,-4,-4,968,-4,-4,4,972,0,-4,-24,976,0,-4,20,980,4,-964,-4,-960,4,4,0,4,24,-952,0,4,-4,-948,4,4
1428,0x55a1bd6793aa,W,0x7ffee78d58c4,1,-964,-968,-988,4,-964,-968,-944,8,-968,-968,-968,12,-968,-968,-968,16,968,968,944,4,968,8,968,968,968,12,968,968,944,16,964,968
1430,0x55a1bd6793ad,R,0x7ffee78d5c8c,1,4,968,0,972,0,0,0,976,8,0,4,980,-20,0,4,984,-8,0,-24,0,-4,-960,20,0,-4,-956,-8,0,0,-952,0,0
1431,0x55a1bd6793ad,W,0x7ffee78d5c8c,1,0,968,0,0,-20,0,4,976,24,0,0,980,0,0,0,984,-8,-964,0,0,0,-960,0,0,0,-956,-24,0,-4,-952,20,0
1433,0x55a1bd6793b1,R,0x7ffee78d5c84,1,-8,-8,-4,-8,-28,964,-8,968,-8,-8,0,972,-4,-8,-28,976,-16,-956,4,8,28,-952,4,8,0,-948,8,8,8,-944,8,8
1435,0x55a1bd6793b4,R,0x7ffee78d5c74,1,-16,-24,-20,944,-24,948,-24,-24,-20,-24,0,956,-24,-24,-24,960,24,-940,24,24,24,-936,24,24,0,-932,20,24,44,-928,24,-924
1438,0x55a1bd6793b9,R,0x7ffee78d5c8c,1,24,0,0,968,0,0,-20,0,4,976,0,980,8,0,4,984,-4,-964,20,0,-4,-960,-8,0,0,-956,0,0,20,0,-4,-948
1443,0x55a1bd67938a,R,0x7ffee78d5c88,1,-4,-4,4,964,0,-4,-24,968,-4,972,-4,-4,20,-4,-4,980,4,-960,4,4,4,-956,-20,4,0,-952,4,-948,4,4,0,4
1445,0x55a1bd67938d,R,0x7ffee78d5c8c,1,4,0,24,968,0,0,0,972,0,0,4,0,24,980,8,984,20,-964,-4,0,-8,-960,0,0,-4,0,20,-952,0,-948,0,0
1448,0x55a1bd679393,R,0x7ffee78d5ca0,1,20,20,20,988,28,20,24,992,0,20,24,996,20,1000,28,20,-20,-984,-20,-20,-44,-980,-20,-976,-20,-20,0,-20,-24,-968,-28,-20
1450,0x55a1bd679397,R,0x7ffee78d5c8c,1,-20,0,4,968,24,0,0,972,0,0,0,976,0,0,24,0,-4,-964,-8,0,-24,0,-4,-956,0,-952,0,0,0,-948,-24,0
1453,0x55a1bd67939d,R,0x7ffee78d5c88,1,-4,-4,-4,964,-4,-4,4,968,0,-4,-24,972,0,-4,20,976,4,-960,-4,-956,4,4,0,4,24,-948,0,4,-4,-944,4,4
1458,0x55a1bd6793aa,W,0x7ffee78d58c8,1,-960,-964,-984,4,-960,-964,-940,8,-964,-964,-964,12,-964,-964,-964,16,964,964,940,4,964,8,964,964,964,12,964,964,940,16,960,964
1460,0x55a1bd6793ad,R,0x7ffee78d5c8c,1,4,964,0,968,0,0,0,972,8,0,4,976,-20,0,4,980,-8,0,-24,0,-4,-956,20,0,-4,-952,-8,0,0,-948,0,0
1461,0x55a1bd6793ad,W,0x7ffee78d5c8c,1,0,964,0,0,-20,0,4,972,24,0,0,976,0,0,0,980,-8,-960,0,0,0,-956,0,0,0,-952,-24,0,-4,-948,20,0
1463,0x55a1bd6793b1,R,0x7ffee78d5c84,1,-8,-8,-4,-8,-28,960,-8,964,-8,-8,0,968,-4,-8,-28,972,-16,-952,4,8,28,-948,4,8,0,-944,8,8,8,-940,8,8
1465,0x55a1bd6793b4,R,0x7ffee78d5c74,1,-16,-24,-20,940,-24,944,-24,-24,-20,-24,0,952,-24,-24,-24,956,24,-936,24,24,24,-932,24,24,0,-928,20,24,44,-924,24,-920
1468,0x55a1bd6793b9,R,0x7ffee78d5c8c,1,24,0,0,964,0,0,-20,0,4,972,0,976,8,0,4,980,-4,-960,20,0,-4,-956,-8,0,0,-952,0,0,20,0,-4,-944
1473,0x55a1bd67938a,R,0x7ffee78d5c88,1,-4,-4,4,960,0,-4,-24,964,-4,968,-4,-4,20,-4,-4,976,4,-956,4,4,4,-952,-20,4,0,-948,4,-944,4,4,0,4
1475,0x55a1bd67938d,R,0x7ffee78d5c8c,1,4,0,24,964,0,0,0,968,0,0,4,0,24,976,8,980,20,-960,-4,0,-8,-956,0,0,-4,0,20,-948,0,-944,0,0
1478,0x55a1bd679393,R,0x7ffee78d5ca0,1,20,20,20,984,28,20,24,988,0,20,24,992,20,996,28,20,-20,-980,-20,-20,-44,-976,-20,-972,-20,-20,0,-20,-24,-964,-28,-20
1480,0x55a1bd679397,R,0x7ffee78d5c8c,1,-20,0,4,964,24,0,0,968,0,0,0,972,0,0,24,0,-4,-960,-8,0,-24,0,-4,-952,0,-948,0,0,0,-944,-24,0
1483,0x55a1bd67939d,R,0x7ffee78d5c88,1,-4,-4,-4,960,-4,-4,4,964,0,-4,-24,968,0,-4,20,972,4,-956,-4,-952,4,4,0,4,24,-944,0,4,-4,-940,4,4
1488,0x55a1bd6793aa,W,0x7ffee78d58cc,1,-956,-960,-980,4,-956,-960,-936,8,-960,-960,-960,12,-960,-960,-960,16,960,960,936,4,960,8,960,960,960,12,960,960,936,16,956,960
1490,0x55a1bd6793ad,R,0x7ffee78d5c8c,1,4,960,0,964,0,0,0,968,8,0,4,972,-20,0,4,976,-8,0,-24,0,-4,-952,20,0,-4,-948,-8,0,0,-944,0,0
1491,0x55a1bd6793ad,W,0x7ffee78d5c8c,1,0,960,0,0,-20,0,4,968,24,0,0,972,0,0,0,976,-8,-956,0,0,0,-952,0,0,0,-948,-24,0,-4,-944,20,0
1493,0x55a1bd6793b1,R,0x7ffee78d5c84,1,-8,-8,-4,-8,-28,956,-8,960,-8,-8,0,964,-4,-8,-28,968,-16,-948,4,8,28,-944,4,8,0,-940,8,8,8,-936,8,8
1495,0x55a1bd6793b4,R,0x7ffee78d5c74,1,-16,-24,-20,936,-24,940,-24,-24,-20,-24,0,948,-24,-24,-24,952,24,-932,24,24,24,-928,24,24,0,-924,20,24,44,-920,24,-916
1498,0x55a1bd6793b9,R,0x7ffee78d5c8c,1,24,0,0,960,0,0,-20,0,4,968,0,972,8,0,4,976,-4,-956,20,0,-4,-952,-8,0,0,-948,0,0,20,0,-4,-940
1503,0x55a1bd67938a,R,0x7ffee78d5c88,1,-4,-4,4,956,0,-4,-24,960,-4,964,-4,-4,20,-4,-4,972,4,-952,4,4,4,-948,-20,4,0,-944,4,-940,4,4,0,4
1505,0x55a1bd67938d,R,0x7ffee78d5c8c,1,4,0,24,960,0,0,0,964,0,0,4,0,24,972,8,976,20,-956,-4,0,-8,-952,0,0,-4,0,20,-944,0,-940,0,0
1508,0x55a1bd679393,R,0x7ffee78d5ca0,1,20,20,20,980,28,20,24,984,0,20,24,988,20,992,28,20,-20,-976,-20,-20,-44,-972,-20,-968,-20,-20,0,-20,-24,-960,-28,-20
1510,0x55a1bd679397,R,0x7ffee78d5c8c,1,-20,0,4,960,24,0,0,964,0,0,0,968,0,0,24,0,-4,-956,-8,0,-24,0,-4,-948,0,-944,0,0,0,-940,-24,0
1513,0x55a1bd67939d,R,0x7ffee78d5c88,1,-4,-4,-4,956,-4,-4,4,960,0,-4,-24,964,0,-4,20,968,4,-952,-4,-948,4,4,0,4,24,-940,0,4,-4,-936,4,4
1518,0x55a1bd6793aa,W,0x7ffee78d58d0,1,-952,-956,-976,4,-952,-956,-932,8,-956,-956,-956,12,-956,-956,-956,16,956,956,932,4,956,8,956,956,956,12,956,956,932,16,952,956
1520,0x55a1bd6793ad,R,0x7ffee78d5c8c,1,4,956,0,960,0,0,0,964,8,0,4,968,-20,0,4,972,-8,0,-24,0,-4,-948,20,0,-4,-944,-8,0,0,-940,0,0
1521,0x55a1bd6793ad,W,0x7ffee78d5c8c,1,0,956,0,0,-20,0,4,964,24,0,0,968,0,0,0,972,-8,-952,0,0,0,-948,0,0,0,-944,-24,0,-4,-940,20,0
1523,0x55a1bd6793b1,R,0x7ffee78d5c84,1,-8,-8,-4,-8,-28,952,-8,956,-8,-8,0,960,-4,-8,-28,964,-16,-944,4,8,28,-940,4,8,0,-936,8,8,8,-932,8,8
1525,0x55a1bd6793b4,R,0x7ffee78d5c74,1,-16,-24,-20,932,-24,936,-24,-24,-20,-24,0,944,-24,-24,-24,948,24,-928,24,24,24,-924,24,24,0,-920,20,24,44,-916,24,-912
1528,0x55a1bd6793b9,R,0x7ffee78d5c8c,1,24,0,0,956,0,0,-20,0,4,964,0,968,8,0,4,972,-4,-952,20,0,-4,-948,-8,0,0,-944,0,0,20,0,-4,-936
1533,0x55a1bd67938a,R,0x7ffee78d5c88,1,-4,-4,4,952,0,-4,-24,956,-4,960,-4,-4,20,-4,-4,968,4,-948,4,4,4,-944,-20,4,0,-940,4,-936,4,4,0,4
1535,0x55a1bd67938d,R,0x7ffee78d5c8c,1,4,0,24,956,0,0,0,960,0,0,4,0,24,968,8,972,20,-952,-4,0,-8,-948,0,0,-4,0,20,-940,0,-936,0,0
1538,0x55a1bd679393,R,0x7ffee78d5ca0,1,20,20,20,976,28,20,24,980,0,20,24,984,20,988,28,20,-20,-972,-20,-20,-44,-968,-20,-964,-20,-20,0,-20,-24,-956,-28,-20
1540,0x55a1bd679397,R,0x7ffee78d5c8c,1,-20,0,4,956,24,0,0,960,0,0,0,964,0,0,24,0,-4,-952,-8,0,-24,0,-4,-944,0,-940,0,0,0,-936,-24,0
1543,0x55a1bd67939d,R,0x7ffee78d5c88,1,-4,-4,-4,952,-4,-4,4,956,0,-4,-24,960,0,-4,20,964,4,-948,-4,-944,4,4,0,4,24,-936,0,4,-4,-932,4,4
1548,0x55a1bd6793aa,W,0x7ffee78d58d4,1,-948,-952,-972,4,-948,-952,-928,8,-952,-952,-952,12,-952,-952,-952,16,952,952,928,4,952,8,952,952,952,12,952,952,928,16,948,952
1550,0x55a1bd6793ad,R,0x7ffee78d5c8c,1,4,952,0,956,0,0,0,960,8,0,4,964,-20,0,4,968,-8,0,-24,0,-4,-944,20,0,-4,-940,-8,0,0,-936,0,0
1551,0x55a1bd6793ad,W,0x7ffee78d5c8c,1,0,952,0,0,-20,0,4,960,24,0,0,964,0,0,0,968,-8,-948,0,0,0,-944,0,0,0,-940,-24,0,-4,-936,20,0
1553,0x55a1bd6793b1,R,0x7ffee78d5c84,1,-8,-8,-4,-8,-28,948,-8,952,-8,-8,0,956,-4,-8,-28,960,-16,-940,4,8,28,-936,4,8,0,-932,8,8,8,-928,8,8
1555,0x55a1bd6793b4,R,0x7ffee78d5c74,1,-16,-24,-20,928,-24,932,-24,-24,-20,-24,0,940,-24,-24,-24,944,24,-924,24,24,24,-920,24,24,0,-916,20,24,44,-912,24,-908
1558,0x55a1bd6793b9,R,0x7ffee78d5c8c,1,24,0,0,952,0,0,-20,0,4,960,0,964,8,0,4,968,-4,-948,20,0,-4,-944,-8,0,0,-940,0,0,20,0,-4,-932
1563,0x55a1bd67938a,R,0x7ffee78d5c88,1,-4,-4,4,948,0,-4,-24,952,-4,956,-4,-4,20,-4,-4,964,4,-944,4,4,4,-940,-20,4,0,-936,4,-932,4,4,0,4
1565,0x55a1bd67938d,R,0x7ffee78d5c8c,1,4,0,24,952,0,0,0,956,0,0,4,0,24,964,8,968,20,-948,-4,0,-8,-944,0,0,-4,0,20,-936,0,-932,0,0
1568,0x55a1bd679393,R,0x7ffee78d5ca0,1,20,20,20,972,28,20,24,976,0,20,24,980,20,984,28,20,-20,-968,-20,-20,-44,-964,-20,-960,-20,-20,0,-20,-24,-952,-28,-20
1570,0x55a1bd679397,R,0x7ffee78d5c8c,1,-20,0,4,952,24,0,0,956,0,0,0,960,0,0,24,0,-4,-948,-8,0,-24,0,-4,-940,0,-936,0,0,0,-932,-24,0
1573,0x55a1bd67939d,R,0x7ffee78d5c88,1,-4,-4,-4,948,-4,-4,4,952,0,-4,-24,956,0,-4,20,960,4,-944,-4,-940,4,4,0,4,24,-932,0,4,-4,-928,4,4
1578,0x55a1bd6793aa,W,0x7ffee78d58d8,1,-944,-948,-968,4,-944,-948,-924,8,-948,-948,-948,12,-948,-948,-948,16,948,948,924,4,948,8,948,948,948,12,948,948,924,16,944,948
1580,0x55a1bd6793ad,R,0x7ffee78d5c8c,1,4,948,0,952,0,0,0,956,8,0,4,960,-20,0,4,964,-8,0,-24,0,-4,-940,20,0,-4,-936,-8,0,0,-932,0,0
1581,0x55a1bd6793ad,W,0x7ffee78d5c8c,1,0,948,0,0,-20,0,4,956,24,0,0,960,0,0,0,964,-8,-944,0,0,0,-940,0,0,0,-936,-24,0,-4,-932,20,0
1583,0x55a1bd6793b1,R,0x7ffee78d5c84,1,-8,-8,-4,-8,-28,944,-8,948,-8,-8,0,952,-4,-8,-28,956,-16,-936,4,8,28,-932,4,8,0,-928,8,8,8,-924,8,8
1585,0x55a1bd6793b4,R,0x7ffee78d5c74,1,-16,-24,-20,924,-24,928,-24,-24,-20,-24,0,936,-24,-24,-24,940,24,-920,24,24,24,-916,24,24,0,-912,20,24,44,-908,24,-904
1588,0x55a1bd6793b9,R,0x7ffee78d5c8c,1,24,0,0,948,0,0,-20,0,4,956,0,960,8,0,4,964,-4,-944,20,0,-4,-940,-8,0,0,-936,0,0,20,0,-4,-928
1593,0x55a1bd67938a,R,0x7ffee78d5c88,1,-4,-4,4,944,0,-4,-24,948,-4,952,-4,-4,20,-4,-4,960,4,-940,4,4,4,-936,-20,4,0,-932,4,-928,4,4,0,4
1595,0x55a1bd67938d,R,0x7ffee78d5c8c,1,4,0,24,948,0,0,0,952,0,0,4,0,24,960,8,964,20,-944,-4,0,-8,-940,0,0,-4,0,20,-932,0,-928,0,0
1598,0x55a1bd679393,R,0x7ffee78d5ca0,1,20,20,20,968,28,20,24,972,0,20,24,976,20,980,28,20,-20,-964,-20,-20,-44,-960,-20,-956,-20,-20,0,-20,-24,-948,-28,-20
1600,0x55a1bd679397,R,0x7ffee78d5c8c,1,-20,0,4,948,24,0,0,952,0,0,0,956,0,0,24,0,-4,-944,-8,0,-24,0,-4,-936,0,-932,0,0,0,-928,-24,0
1603,0x55a1bd67939d,R,0x7ffee78d5c88,1,-4,-4,-4,944,-4,-4,4,948,0,-4,-24,952,0,-4,20,956,4,-940,-4,-936,4,4,0,4,24,-928,0,4,-4,-924,4,4
1608,0x55a1bd6793aa,W,0x7ffee78d58dc,1,-940,-944,-964,4,-940,-944,-920,8,-944,-944,-944,12,-944,-944,-944,16,944,944,920,4,944,8,944,944,944,12,944,944,920,16,940,944
1610,0x55a1bd6793ad,R,0x7ffee78d5c8c,1,4,944,0,948,0,0,0,952,8,0,4,956,-20,0,4,960,-8,0,-24,0,-4,-936,20,0,-4,-932,-8,0,0,-928,0,0
1611,0x55a1bd6793ad,W,0x7ffee78d5c8c,1,0,944,0,0,-20,0,4,952,24,0,0,956,0,0,0,960,-8,-940,0,0,0,-936,0,0,0,-932,-24,0,-4,-928,20,0
1613,0x55a1bd6793b1,R,0x7ffee78d5c84,1,-8,-8,-4,-8,-28,940,-8,944,-8,-8,0,948,-4,-8,-28,952,-16,-932,4,8,28,-928,4,8,0,-924,8,8,8,-920,8,8
1615,0x55a1bd6793b4,R,0x7ffee78d5c74,1,-16,-24,-20,920,-24,924,-24,-24,-20,-24,0,932,-24,-24,-24,936,24,-916,24,24,24,-912,24,24,0,-908,20,24,44,-904,24,20
1618,0x55a1bd6793b9,R,0x7ffee78d5c8c,1,24,0,0,944,0,0,-20,0,4,952,0,956,8,0,4,960,-4,-940,20,0,-4,-936,-8,0,0,-932,0,0,20,0,-4,-4
1623,0x55a1bd67938a,R,0x7ffee78d5c88,1,-4,-4,4,940,0,-4,-24,944,-4,948,-4,-4,20,-4,-4,956,4,-936,4,4,4,-932,-20,4,0,-928,4,-924,4,4,0,4
1625,0x55a1bd67938d,R,0x7ffee78d5c8c,1,4,0,24,944,0,0,0,948,0,0,4,0,24,956,8,960,20,-940,-4,0,-8,-936,0,0,-4,0,20,-928,0,-4,0,0
1628,0x55a1bd679393,R,0x7ffee78d5ca0,1,20,20,20,964,28,20,24,968,0,20,24,972,20,976,28,20,-20,-960,-20,-20,-44,-956,-20,-952,-20,-20,0,-20,-24,-24,-28,-20
1630,0x55a1bd679397,R,0x7ffee78d5c8c,1,-20,0,4,944,24,0,0,948,0,0,0,952,0,0,24,0,-4,-940,-8,0,-24,0,-4,-932,0,-928,0,0,0,-4,-24,0
1633,0x55a1bd67939d,R,0x7ffee78d5c88,1,-4,-4,-4,940,-4,-4,4,944,0,-4,-24,948,0,-4,20,952,4,-936,-4,-932,4,4,0,4,24,-924,0,4,-4,0,4,4
1638,0x55a1bd6793aa,W,0x7ffee78d58e0,1,-936,-940,-960,4,-936,-940,-916,8,-940,-940,-940,12,-940,-940,-940,16,940,940,916,4,940,8,940,940,940,12,940,940,916,936,936,940
1640,0x55a1bd6793ad,R,0x7ffee78d5c8c,1,4,940,0,944,0,0,0,948,8,0,4,952,-20,0,4,956,-8,0,-24,0,-4,-932,20,0,-4,-928,-8,0,0,-4,0,0
1641,0x55a1bd6793ad,W,0x7ffee78d5c8c,1,0,940,0,0,-20,0,4,948,24,0,0,952,0,0,0,956,-8,-936,0,0,0,-932,0,0,0,-928,-24,0,-4,-4,20,0
1643,0x55a1bd6793b1,R,0x7ffee78d5c84,1,-8,-8,-4,-8,-28,936,-8,940,-8,-8,0,944,-4,-8,-28,948,-16,-928,4,8,28,-924,4,8,0,-920,8,8,8,4,8,8
1645,0x55a1bd6793b4,R,0x7ffee78d5c74,1,-16,-24,-20,916,-24,920,-24,-24,-20,-24,0,928,-24,-24,-24,932,24,-912,24,24,24,-908,24,24,0,-904,20,24,44,20,24,-900
1648,0x55a1bd6793b9,R,0x7ffee78d5c8c,1,24,0,0,940,0,0,-20,0,4,948,0,952,8,0,4,956,-4,-936,20,0,-4,-932,-8,0,0,-928,0,0,20,0,-4,-924
1653,0x55a1bd67938a,R,0x7ffee78d5c88,1,-4,-4,4,936,0,-4,-24,940,-4,944,-4,-4,20,-4,-4,952,4,-932,4,4,4,-928,-20,4,0,-924,4,0,4,4,0,4
1655,0x55a1bd67938d,R,0x7ffee78d5c8c,1,4,0,24,940,0,0,0,944,0,0,4,0,24,952,8,956,20,-936,-4,0,-8,-932,0,0,-4,0,20,-4,0,-924,0,0
1658,0x55a1bd679393,R,0x7ffee78d5ca0,1,20,20,20,960,28,20,24,964,0,20,24,968,20,972,28,20,-20,-956,-20,-20,-44,-952,-20,-948,-20,-20,0,-20,-24,-944,-28,-20
1660,0x55a1bd679397,R,0x7ffee78d5c8c,1,-20,0,4,940,24,0,0,944,0,0,0,948,0,0,24,0,-4,-936,-8,0,-24,0,-4,-928,0,-4,0,0,0,-924,-24,0
1663,0x55a1bd67939d,R,0x7ffee78d5c88,1,-4,-4,-4,936,-4,-4,4,940,0,-4,-24,944,0,-4,20,948,4,-932,-4,-928,4,4,0,4,24,0,0,4,-4,-920,4,4
1668,0x55a1bd6793aa,W,0x7ffee78d58e4,1,-932,-936,-956,4,-932,-936,-912,8,-936,-936,-936,12,-936,-936,-936,16,936,936,912,4,936,8,936,936,936,932,936,936,912,12,932,936
1670,0x55a1bd6793ad,R,0x7ffee78d5c8c,1,4,936,0,940,0,0,0,944,8,0,4,948,-20,0,4,952,-8,0,-24,0,-4,-928,20,0,-4,-4,-8,0,0,-924,0,0
1671,0x55a1bd6793ad,W,0x7ffee78d5c8c,1,0,936,0,0,-20,0,4,944,24,0,0,948,0,0,0,952,-8,-932,0,0,0,-928,0,0,0,-4,-24,0,-4,-924,20,0
1673,0x55a1bd6793b1,R,0x7ffee78d5c84,1,-8,-8,-4,-8,-28,932,-8,936,-8,-8,0,940,-4,-8,-28,944,-16,-924,4,8,28,-920,4,8,0,4,8,8,8,-916,8,8
1675,0x55a1bd6793b4,R,0x7ffee78d5c74,1,-16,-24,-20,912,-24,916,-24,-24,-20,-24,0,924,-24,-24,-24,928,24,-908,24,24,24,-904,24,24,0,20,20,24,44,-900,24,-896
1678,0x55a1bd6793b9,R,0x7ffee78d5c8c,1,24,0,0,936,0,0,-20,0,4,944,0,948,8,0,4,952,-4,-932,20,0,-4,-928,-8,0,0,-4,0,0,20,0,-4,-920
1683,0x55a1bd67938a,R,0x7ffee78d5c88,1,-4,-4,4,932,0,-4,-24,936,-4,940,-4,-4,20,-4,-4,948,4,-928,4,4,4,-924,-20,4,0,0,4,-920,4,4,0,4
1685,0x55a1bd67938d,R,0x7ffee78d5c8c,1,4,0,24,936,0,0,0,940,0,0,4,0,24,948,8,952,20,-932,-4,0,-8,-928,0,0,-4,0,20,-924,0,-920,0,0
1688,0x55a1bd679393,R,0x7ffee78d5ca0,1,20,20,20,956,28,20,24,960,0,20,24,964,20,968,28,20,-20,-952,-20,-20,-44,-948,-20,-24,-20,-20,0,-20,-24,-940,-28,-20
1690,0x55a1bd679397,R,0x7ffee78d5c8c,1,-20,0,4,936,24,0,0,940,0,0,0,944,0,0,24,0,-4,-932,-8,0,-24,0,-4,-4,0,-924,0,0,0,-920,-24,0
1693,0x55a1bd67939d,R,0x7ffee78d5c88,1,-4,-4,-4,932,-4,-4,4,936,0,-4,-24,940,0,-4,20,944,4,-928,-4,-924,4,4,0,4,24,-920,0,4,-4,-916,4,4
1698,0x55a1bd6793aa,W,0x7ffee78d58e8,1,-928,-932,-952,4,-928,-932,-908,8,-932,-932,-932,12,-932,-932,-932,16,932,932,908,4,932,928,932,932,932,8,932,932,908,12,928,932
1700,0x55a1bd6793ad,R,0x7ffee78d5c8c,1,4,932,0,936,0,0,0,940,8,0,4,944,-20,0,4,948,-8,0,-24,0,-4,-4,20,0,-4,-924,-8,0,0,-920,-12,0
1701,0x55a1bd6793ad,W,0x7ffee78d5c8c,1,0,932,0,0,-20,0,4,940,24,0,0,944,0,0,0,948,-8,-928,0,0,0,-4,0,0,0,-924,-24,0,-4,-920,-24,0
1703,0x55a1bd6793b1,R,0x7ffee78d5c84,1,-8,-8,-4,-8,-28,928,-8,932,-8,-8,0,936,-4,-8,-28,940,-16,-920,4,8,28,4,4,8,0,-916,8,8,-4,-912,4,8
1705,0x55a1bd6793b4,R,0x7ffee78d5c74,1,-16,-24,-20,908,-24,912,-24,-24,-20,-24,0,920,-24,-24,-24,924,24,-904,24,24,24,20,24,24,0,-900,20,24,0,-896,20,-892
1708,0x55a1bd6793b9,R,0x7ffee78d5c8c,1,24,0,0,932,0,0,-20,0,4,940,0,944,8,0,4,948,-4,-928,20,0,-4,-4,-8,0,0,-924,-12,0,-24,0,-8,-916
1713,0x55a1bd67938a,R,0x7ffee78d5c88,1,-4,-4,4,928,0,-4,-24,932,-4,936,-4,-4,20,-4,-4,944,4,-924,4,4,4,0,-20,4,0,-920,-8,-916,0,4,-4,4
1715,0x55a1bd67938d,R,0x7ffee78d5c8c,1,4,0,24,932,0,0,0,936,0,0,4,0,24,944,8,948,20,-928,-4,0,-8,-4,0,0,-4,0,-24,-920,-4,-916,-8,0
1718,0x55a1bd679393,R,0x7ffee78d5ca0,1,20,20,20,952,28,20,24,956,0,20,24,960,20,964,28,20,-20,-948,-20,-20,-44,-24,-20,-944,-32,-20,-44,-20,-28,-936,-44,-20
1720,0x55a1bd679397,R,0x7ffee78d5c8c,1,-20,0,4,932,24,0,0,936,0,0,0,940,0,0,24,0,-4,-928,-8,0,-24,0,-4,-924,-12,-920,-4,0,-8,-916,0,0
1723,0x55a1bd67939d,R,0x7ffee78d5c88,1,-4,-4,-4,928,-4,-4,4,932,0,-4,-24,936,0,-4,20,940,4,-924,-4,0,4,4,0,4,-20,-916,-4,4,-20,-912,0,4
1728,0x55a1bd6793aa,W,0x7ffee78d58ec,1,-924,-928,-948,4,-924,-928,-904,8,-928,-928,-928,12,-928,-928,-928,16,928,928,904,924,928,4,916,928,924,8,920,928,928,12,924,16
1730,0x55a1bd6793ad,R,0x7ffee78d5c8c,1,4,928,0,932,0,0,0,936,8,0,4,940,-20,0,4,944,-8,0,-24,0,-4,-924,-24,0,-8,-920,-24,0,0,0,0,-912
1731,0x55a1bd6793ad,W,0x7ffee78d5c8c,1,0,928,0,0,-20,0,4,936,24,0,0,940,0,0,0,944,-8,-4,0,0,-12,-924,-4,0,-8,-920,-24,-916,-4,0,20,-912
1733,0x55a1bd6793b1,R,0x7ffee78d5c84,1,-8,-8,-4,-8,-28,924,-8,928,-8,-8,0,932,-4,-8,-28,936,-16,4,4,8,-16,-916,0,8,0,8,8,-908,8,8,8,-904
1735,0x55a1bd6793b4,R,0x7ffee78d5c74,1,-16,-24,-20,904,-24,908,-24,-24,-20,-24,0,916,-24,-24,-24,920,24,20,12,24,20,-900,16,-896,0,24,20,-892,44,24,20,-888
1738,0x55a1bd6793b9,R,0x7ffee78d5c8c,1,24,0,0,928,0,0,-20,0,4,936,0,940,8,0,4,944,-4,-4,-24,0,-4,0,-8,-920,0,0,0,-916,0,0,-4,0
1741,0x55a1bd6793be,R,0x7ffee78d5c88,1,-4,-4,4,924,0,-4,-24,928,-4,932,-4,-4,20,-4,-4,940,-8,0,-20,-920,-4,4,-20,-916,0,4,24,-912,4,-908,4,4
1742,0x55a1bd6793be,W,0x7ffee78d5c88,1,0,-4,20,924,-4,-4,-4,928,-4,-4,0,-4,20,936,4,940,-8,4,0,-920,-4,4,4,-916,4,4,24,4,0,-908,-4,4
1744,0x55a1bd6793c2,R,0x7ffee78d5c80,1,-8,-8,-12,916,-4,-12,-8,920,-32,-12,-8,924,-12,928,-4,-12,-12,12,4,-912,-12,12,8,-908,12,-904,12,12,12,-900,-12,12
1746,0x55a1bd6793c5,R,0x7ffee78d5c74,1,-12,-20,-24,-24,0,-24,-24,908,-24,-24,-24,912,-24,-24,0,-24,20,24,16,-900,24,24,20,24,44,-892,20,24,16,-888,24,24
1749,0x55a1bd6793ca,R,0x7ffee78d5c88,1,20,0,0,-4,20,924,4,928,0,-4,-24,932,0,-4,20,936,-4,4,-20,-920,4,-916,4,4,4,-912,4,4,-20,-908,0,4
1752,0x55a1bd67937b,R,0x7ffee78d5c84,1,-4,-4,4,-8,-8,920,0,-8,-8,-8,-8,928,-8,-8,-8,932,0,8,-16,8,4,-912,28,8,4,-908,0,8,8,-904,8,8
1754,0x55a1bd67937e,W,0x7ffee78d5c8c,1,8,4,24,0,4,928,24,0,0,932,4,936,-20,0,4,940,-8,-924,0,0,0,-920,0,0,0,-916,-24,0,-4,-912,20,0
1757,0x55a1bd6793b1,R,0x7ffee78d5c84,1,0,-8,-4,-8,4,920,-8,-8,0,924,-4,-8,-8,-8,-8,932,-16,-916,4,8,28,-912,4,8,0,-908,8,8,8,-904,8,8
1759,0x55a1bd6793b4,R,0x7ffee78d5c74,1,-16,-24,-20,-20,0,904,-20,-24,0,908,-24,-24,-24,912,-44,916,24,-900,24,24,24,-896,24,24,0,-892,20,24,44,-888,24,-884
1762,0x55a1bd6793b9,R,0x7ffee78d5c8c,1,24,0,8,4,24,0,12,0,0,932,8,0,4,936,-20,0,-4,-924,20,0,-4,-920,-8,0,0,-916,0,0,20,0,-4,-908
1767,0x55a1bd67938a,R,0x7ffee78d5c88,1,-4,-4,4,0,0,-4,8,924,0,928,20,-4,-4,932,-4,-4,4,-920,4,4,4,-916,-20,4,0,-912,4,-908,4,4,0,4
1769,0x55a1bd67938d,R,0x7ffee78d5c8c,1,4,0,24,4,8,0,24,928,4,0,0,0,8,936,4,0,20,-924,-4,0,-8,-920,0,0,-4,0,20,-912,0,-908,0,0
1772,0x55a1bd679393,R,0x7ffee78d5ca0,1,20,20,20,24,28,20,24,948,32,20,20,952,44,956,20,20,-20,-944,-20,-20,-44,-940,-20,-936,-20,-20,0,-20,-24,-928,-28,-20
1774,0x55a1bd679397,R,0x7ffee78d5c8c,1,-20,0,4,4,24,0,8,928,24,0,4,932,24,0,8,0,-4,-924,-8,0,-24,0,-4,-916,0,-912,0,0,0,-908,-24,0
1777,0x55a1bd67939d,R,0x7ffee78d5c88,1,-4,-4,-4,0,-4,-4,4,924,0,-4,8,928,-4,-4,4,932,4,-920,-4,-916,4,4,0,4,24,-908,0,4,-4,-904,4,4
1782,0x55a1bd6793aa,W,0x7ffee78d58f0,1,-920,-924,-944,-920,-920,-924,-900,4,-916,-924,-900,8,-920,-924,-900,12,924,924,900,4,924,8,924,924,924,12,924,924,900,16,920,924
1784,0x55a1bd6793ad,R,0x7ffee78d5c8c,1,4,924,0,4,0,0,0,928,8,0,4,932,12,0,0,936,-8,0,-24,0,-4,-916,20,0,-4,-912,-8,0,0,-908,0,0
1785,0x55a1bd6793ad,W,0x7ffee78d5c8c,1,0,924,0,0,-20,0,4,928,24,0,8,932,24,0,4,936,-8,-920,0,0,0,-916,0,0,0,-912,-24,0,-4,-908,20,0
1787,0x55a1bd6793b1,R,0x7ffee78d5c84,1,-8,-8,-4,-8,-28,-4,-8,920,-8,-8,0,924,-4,-8,4,928,-16,-912,4,8,28,-908,4,8,0,-904,8,8,8,-900,8,8
1789,0x55a1bd6793b4,R,0x7ffee78d5c74,1,-16,-24,-20,900,-24,-20,-24,-24,-20,-24,0,908,-16,-24,0,912,24,-896,24,24,24,-892,24,24,0,-888,20,24,44,-884,24,-880
1792,0x55a1bd6793b9,R,0x7ffee78d5c8c,1,24,0,0,924,0,0,-20,0,4,928,0,932,8,0,4,936,-4,-920,20,0,-4,-916,-8,0,0,-912,0,0,20,0,-4,-904
1797,0x55a1bd67938a,R,0x7ffee78d5c88,1,-4,-4,4,920,0,-4,-24,0,-4,924,-4,-4,20,-4,4,932,4,-916,4,4,4,-912,-20,4,0,-908,4,-904,4,4,0,4
1799,0x55a1bd67938d,R,0x7ffee78d5c8c,1,4,0,24,924,0,0,0,4,0,0,4,0,24,932,8,936,20,-920,-4,0,-8,-916,0,0,-4,0,20,-908,0,-904,0,0
1802,0x55a1bd679393,R,0x7ffee78d5ca0,1,20,20,20,944,28,20,24,24,0,20,24,948,20,952,28,20,-20,-940,-20,-20,-44,-936,-20,-932,-20,-20,0,-20,-24,-924,-28,-20
1804,0x55a1bd679397,R,0x7ffee78d5c8c,1,-20,0,4,924,24,0,0,4,0,0,0,928,0,0,24,0,-4,-920,-8,0,-24,0,-4,-912,0,-908,0,0,0,-904,-24,0
1807,0x55a1bd67939d,R,0x7ffee78d5c88,1,-4,-4,-4,920,-4,-4,4,0,0,-4,-24,924,0,-4,20,928,4,-916,-4,-912,4,4,0,4,24,-904,0,4,-4,-900,4,4
1812,0x55a1bd6793aa,W,0x7ffee78d58f4,1,-916,-920,-940,4,-916,-920,-896,-916,-920,-920,-920,8,-920,-920,-920,12,920,920,896,4,920,8,920,920,920,12,920,920,896,16,916,920
1814,0x55a1bd6793ad,R,0x7ffee78d5c8c,1,4,920,0,924,0,0,0,4,8,0,4,928,-20,0,4,932,-8,0,-24,0,-4,-912,20,0,-4,-908,-8,0,0,-904,0,0
1815,0x55a1bd6793ad,W,0x7ffee78d5c8c,1,0,920,0,0,-20,0,4,4,24,0,0,928,0,0,0,932,-8,-916,0,0,0,-912,0,0,0,-908,-24,0,-4,-904,20,0
1817,0x55a1bd6793b1,R,0x7ffee78d5c84,1,-8,-8,-4,-8,-28,916,-8,-4,-8,-8,0,920,-4,-8,-28,924,-16,-908,4,8,28,-904,4,8,0,-900,8,8,8,-896,8,8
1819,0x55a1bd6793b4,R,0x7ffee78d5c74,1,-16,-24,-20,896,-24,900,-24,-24,-20,-24,0,904,-24,-24,-24,908,24,-892,24,24,24,-888,24,24,0,-884,20,24,44,-880,24,-876
1822,0x55a1bd6793b9,R,0x7ffee78d5c8c,1,24,0,0,920,0,0,-20,0,4,4,0,928,8,0,4,932,-4,-916,20,0,-4,-912,-8,0,0,-908,0,0,20,0,-4,-900
1827,0x55a1bd67938a,R,0x7ffee78d5c88,1,-4,-4,4,916,0,-4,-24,920,-4,0,-4,-4,20,-4,-4,928,4,-912,4,4,4,-908,-20,4,0,-904,4,-900,4,4,0,4
1829,0x55a1bd67938d,R,0x7ffee78d5c8c,1,4,0,24,920,0,0,0,924,0,0,4,0,24,928,8,932,20,-916,-4,0,-8,-912,0,0,-4,0,20,-904,0,-900,0,0
1832,0x55a1bd679393,R,0x7ffee78d5ca0,1,20,20,20,940,28,20,24,944,0,20,24,24,20,948,28,20,-20,-936,-20,-20,-44,-932,-20,-928,-20,-20,0,-20,-24,-920,-28,-20
1834,0x55a1bd679397,R,0x7ffee78d5c8c,1,-20,0,4,920,24,0,0,924,0,0,0,4,0,0,24,0,-4,-916,-8,0,-24,0,-4,-908,0,-904,0,0,0,-900,-24,0
1837,0x55a1bd67939d,R,0x7ffee78d5c88,1,-4,-4,-4,916,-4,-4,4,920,0,-4,-24,0,0,-4,20,924,4,-912,-4,-908,4,4,0,4,24,-900,0,4,-4,-896,4,4
1842,0x55a1bd6793aa,W,0x7ffee78d58f8,1,-912,-916,-936,4,-912,-916,-892,8,-916,-916,-916,-912,-916,-916,-916,12,916,916,892,4,916,8,916,916,916,12,916,916,892,16,912,916
1844,0x55a1bd6793ad,R,0x7ffee78d5c8c,1,4,916,0,920,0,0,0,924,8,0,4,4,-20,0,4,928,-8,0,-24,0,-4,-908,20,0,-4,-904,-8,0,0,-900,0,0
1845,0x55a1bd6793ad,W,0x7ffee78d5c8c,1,0,916,0,0,-20,0,4,924,24,0,0,4,0,0,0,928,-8,-912,0,0,0,-908,0,0,0,-904,-24,0,-4,-900,20,0
1847,0x55a1bd6793b1,R,0x7ffee78d5c84,1,-8,-8,-4,-8,-28,912,-8,916,-8,-8,0,-4,-4,-8,-28,920,-16,-904,4,8,28,-900,4,8,0,-896,8,8,8,-892,8,8
1849,0x55a1bd6793b4,R,0x7ffee78d5c74,1,-16,-24,-20,892,-24,896,-24,-24,-20,-24,0,-20,-24,-24,-24,904,24,-888,24,24,24,-884,24,24,0,-880,20,24,44,-876,24,-872
1852,0x55a1bd6793b9,R,0x7ffee78d5c8c,1,24,0,0,916,0,0,-20,0,4,924,0,4,8,0,4,928,-4,-912,20,0,-4,-908,-8,0,0,-904,0,0,20,0,-4,-896
1857,0x55a1bd67938a,R,0x7ffee78d5c88,1,-4,-4,4,912,0,-4,-24,916,-4,920,-4,-4,20,-4,-4,924,4,-908,4,4,4,-904,-20,4,0,-900,4,-896,4,4,0,4
1859,0x55a1bd67938d,R,0x7ffee78d5c8c,1,4,0,24,916,0,0,0,920,0,0,4,0,24,4,8,928,20,-912,-4,0,-8,-908,0,0,-4,0,20,-900,0,-896,0,0
1862,0x55a1bd679393,R,0x7ffee78d5ca0,1,20,20,20,936,28,20,24,940,0,20,24,944,20,24,28,20,-20,-932,-20,-20,-44,-928,-20,-924,-20,-20,0,-20,-24,-916,-28,-20
1864,0x55a1bd679397,R,0x7ffee78d5c8c,1,-20,0,4,916,24,0,0,920,0,0,0,924,0,0,24,0,-4,-912,-8,0,-24,0,-4,-904,0,-900,0,0,0,-896,-24,0
1867,0x55a1bd67939d,R,0x7ffee78d5c88,1,-4,-4,-4,912,-4,-4,4,916,0,-4,-24,920,0,-4,20,0,4,-908,-4,-904,4,4,0,4,24,-896,0,4,-4,-892,4,4
1872,0x55a1bd6793aa,W,0x7ffee78d58fc,1,-908,-912,-932,4,-908,-912,-888,8,-912,-912,-912,12,-912,-912,-912,-908,912,912,888,4,912,8,912,912,912,12,912,912,888,16,908,912
1874,0x55a1bd6793ad,R,0x7ffee78d5c8c,1,4,912,0,916,0,0,0,920,8,0,4,924,-20,0,4,4,-8,0,-24,0,-4,-904,20,0,-4,-900,-8,0,0,-896,0,0
1875,0x55a1bd6793ad,W,0x7ffee78d5c8c,1,0,912,0,0,-20,0,4,920,24,0,0,924,0,0,0,4,-8,-908,0,0,0,-904,0,0,0,-900,-24,0,-4,-896,20,0
1877,0x55a1bd6793b1,R,0x7ffee78d5c84,1,-8,-8,-4,-8,-28,908,-8,912,-8,-8,0,916,-4,-8,-28,-4,-16,-900,4,8,28,-896,4,8,0,-892,8,8,8,-888,8,8
1879,0x55a1bd6793b4,R,0x7ffee78d5c74,1,-16,-24,-20,888,-24,892,-24,-24,-20,-24,0,900,-24,-24,-24,-20,24,-884,24,24,24,-880,24,24,0,-876,20,24,44,-872,24,-868
1882,0x55a1bd6793b9,R,0x7ffee78d5c8c,1,24,0,0,912,0,0,-20,0,4,920,0,924,8,0,4,4,-4,-908,20,0,-4,-904,-8,0,0,-900,0,0,20,0,-4,-892
1887,0x55a1bd67938a,R,0x7ffee78d5c88,1,-4,-4,4,908,0,-4,-24,912,-4,916,-4,-4,20,-4,-4,0,4,-904,4,4,4,-900,-20,4,0,-896,4,-892,4,4,0,4
1889,0x55a1bd67938d,R,0x7ffee78d5c8c,1,4,0,24,912,0,0,0,916,0,0,4,0,24,924,8,4,20,-908,-4,0,-8,-904,0,0,-4,0,20,-896,0,-892,0,0
1892,0x55a1bd679393,R,0x7ffee78d5ca0,1,20,20,20,932,28,20,24,936,0,20,24,940,20,944,28,20,-20,-928,-20,-20,-44,-924,-20,-920,-20,-20,0,-20,-24,-912,-28,-20
1894,0x55a1bd679397,R,0x7ffee78d5c8c,1,-20,0,4,912,24,0,0,916,0,0,0,920,0,0,24,0,-4,-908,-8,0,-24,0,-4,-900,0,-896,0,0,0,-892,-24,0
1897,0x55a1bd67939d,R,0x7ffee78d5c88,1,-4,-4,-4,908,-4,-4,4,912,0,-4,-24,916,0,-4,20,920,4,-904,-4,-900,4,4,0,4,24,-892,0,4,-4,-888,4,4
1902,0x55a1bd6793aa,W,0x7ffee78d5900,1,-904,-908,-928,4,-904,-908,-884,8,-908,-908,-908,12,-908,-908,-908,16,908,908,884,4,908,8,908,908,908,12,908,908,884,16,904,908
1904,0x55a1bd6793ad,R,0x7ffee78d5c8c,1,4,908,0,912,0,0,0,916,8,0,4,920,-20,0,4,924,-8,0,-24,0,-4,-900,20,0,-4,-896,-8,0,0,-892,0,0
1905,0x55a1bd6793ad,W,0x7ffee78d5c8c,1,0,908,0,0,-20,0,4,916,24,0,0,920,0,0,0,924,-8,-904,0,0,0,-900,0,0,0,-896,-24,0,-4,-892,20,0
1907,0x55a1bd6793b1,R,0x7ffee78d5c84,1,-8,-8,-4,-8,-28,904,-8,908,-8,-8,0,912,-4,-8,-28,916,-16,-896,4,8,28,-892,4,8,0,-888,8,8,8,-884,8,8
1909,0x55a1bd6793b4,R,0x7ffee78d5c74,1,-16,-24,-20,884,-24,888,-24,-24,-20,-24,0,896,-24,-24,-24,900,24,-880,24,24,24,-876,24,24,0,-872,20,24,44,-868,24,-864
1912,0x55a1bd6793b9,R,0x7ffee78d5c8c,1,24,0,0,908,0,0,-20,0,4,916,0,920,8,0,4,924,-4,-904,20,0,-4,-900,-8,0,0,-896,0,0,20,0,-4,-888
1917,0x55a1bd67938a,R,0x7ffee78d5c88,1,-4,-4,4,904,0,-4,-24,908,-4,912,-4,-4,20,-4,-4,920,4,-900,4,4,4,-896,-20,4,0,-892,4,-888,4,4,0,4
1919,0x55a1bd67938d,R,0x7ffee78d5c8c,1,4,0,24,908,0,0,0,912,0,0,4,0,24,920,8,924,20,-904,-4,0,-8,-900,0,0,-4,0,20,-892,0,-888,0,0
1922,0x55a1bd679393,R,0x7ffee78d5ca0,1,20,20,20,928,28,20,24,932,0,20,24,936,20,940,28,20,-20,-924,-20,-20,-44,-920,-20,-916,-20,-20,0,-20,-24,-908,-28,-20
1924,0x55a1bd679397,R,0x7ffee78d5c8c,1,-20,0,4,908,24,0,0,912,0,0,0,916,0,0,24,0,-4,-904,-8,0,-24,0,-4,-896,0,-892,0,0,0,-888,-24,0
1927,0x55a1bd67939d,R,0x7ffee78d5c88,1,-4,-4,-4,904,-4,-4,4,908,0,-4,-24,912,0,-4,20,916,4,-900,-4,-896,4,4,0,4,24,-888,0,4,-4,-884,4,4
1932,0x55a1bd6793aa,W,0x7ffee78d5904,1,-900,-904,-924,4,-900,-904,-880,8,-904,-904,-904,12,-904,-904,-904,16,904,904,880,4,904,8,904,904,904,12,904,904,880,16,900,904
1934,0x55a1bd6793ad,R,0x7ffee78d5c8c,1,4,904,0,908,0,0,0,912,8,0,4,916,-20,0,4,920,-8,0,-24,0,-4,-896,20,0,-4,-892,-8,0,0,-888,0,0
1935,0x55a1bd6793ad,W,0x7ffee78d5c8c,1,0,904,0,0,-20,0,4,912,24,0,0,916,0,0,0,920,-8,-900,0,0,0,-896,0,0,0,-892,-24,0,-4,-888,20,0
1937,0x55a1bd6793b1,R,0x7ffee78d5c84,1,-8,-8,-4,-8,-28,900,-8,904,-8,-8,0,908,-4,-8,-28,912,-16,-892,4,8,28,-888,4,8,0,-884,8,8,8,-880,8,8
1939,0x55a1bd6793b4,R,0x7ffee78d5c74,1,-16,-24,-20,880,-24,884,-24,-24,-20,-24,0,892,-24,-24,-24,896,24,-876,24,24,24,-872,24,24,0,-868,20,24,44,-864,24,-860
1942,0x55a1bd6793b9,R,0x7ffee78d5c8c,1,24,0,0,904,0,0,-20,0,4,912,0,916,8,0,4,920,-4,-900,20,0,-4,-896,-8,0,0,-892,0,0,20,0,-4,-884
1947,0x55a1bd67938a,R,0x7ffee78d5c88,1,-4,-4,4,900,0,-4,-24,904,-4,908,-4,-4,20,-4,-4,916,4,-896,4,4,4,-892,-20,4,0,-888,4,-884,4,4,0,4
1949,0x55a1bd67938d,R,0x7ffee78d5c8c,1,4,0,24,904,0,0,0,908,0,0,4,0,24,916,8,920,20,-900,-4,0,-8,-896,0,0,-4,0,20,-888,0,-884,0,0
1952,0x55a1bd679393,R,0x7ffee78d5ca0,1,20,20,20,924,28,20,24,928,0,20,24,932,20,936,28,20,-20,-920,-20,-20,-44,-916,-20,-912,-20,-20,0,-20,-24,-904,-28,-20
1954,0x55a1bd679397,R,0x7ffee78d5c8c,1,-20,0,4,904,24,0,0,908,0,0,0,912,0,0,24,0,-4,-900,-8,0,-24,0,-4,-892,0,-888,0,0,0,-884,-24,0
1957,0x55a1bd67939d,R,0x7ffee78d5c88,1,-4,-4,-4,900,-4,-4,4,904,0,-4,-24,908,0,-4,20,912,4,-896,-4,-892,4,4,0,4,24,-884,0,4,-4,-880,4,4
1962,0x55a1bd6793aa,W,0x7ffee78d5908,1,-896,-900,-920,4,-896,-900,-876,8,-900,-900,-900,12,-900,-900,-900,16,900,900,876,4,900,8,900,900,900,12,900,900,876,16,896,900
1964,0x55a1bd6793ad,R,0x7ffee78d5c8c,1,4,900,0,904,0,0,0,908,8,0,4,912,-20,0,4,916,-8,0,-24,0,-4,-892,20,0,-4,-888,-8,0,0,-884,0,0
1965,0x55a1bd6793ad,W,0x7ffee78d5c8c,1,0,900,0,0,-20,0,4,908,24,0,0,912,0,0,0,916,-8,-896,0,0,0,-892,0,0,0,-888,-24,0,-4,-884,20,0
1967,0x55a1bd6793b1,R,0x7ffee78d5c84,1,-8,-8,-4,-8,-28,896,-8,900,-8,-8,0,904,-4,-8,-28,908,-16,-888,4,8,28,-884,4,8,0,-880,8,8,8,-876,8,8
1969,0x55a1bd6793b4,R,0x7ffee78d5c74,1,-16,-24,-20,876,-24,880,-24,-24,-20,-24,0,888,-24,-24,-24,892,24,-872,24,24,24,-868,24,24,0,-864,20,24,44,-860,24,-856
1972,0x55a1bd6793b9,R,0x7ffee78d5c8c,1,24,0,0,900,0,0,-20,0,4,908,0,912,8,0,4,916,-4,-896,20,0,-4,-892,-8,0,0,-888,0,0,20,0,-4,-880
1977,0x55a1bd67938a,R,0x7ffee78d5c88,1,-4,-4,4,896,0,-4,-24,900,-4,904,-4,-4,20,-4,-4,912,4,-892,4,4,4,-888,-20,4,0,-884,4,-880,4,4,0,4
1979,0x55a1bd67938d,R,0x7ffee78d5c8c,1,4,0,24,900,0,0,0,904,0,0,4,0,24,912,8,916,20,-896,-4,0,-8,-892,0,0,-4,0,20,-884,0,-880,0,0
1982,0x55a1bd679393,R,0x7ffee78d5ca0,1,20,20,20,920,28,20,24,924,0,20,24,928,20,932,28,20,-20,-916,-20,-20,-44,-912,-20,-908,-20,-20,0,-20,-24,-900,-28,-20
1984,0x55a1bd679397,R,0x7ffee78d5c8c,1,-20,0,4,900,24,0,0,904,0,0,0,908,0,0,24,0,-4,-896,-8,0,-24,0,-4,-888,0,-884,0,0,0,-880,-24,0
1987,0x55a1bd67939d,R,0x7ffee78d5c88,1,-4,-4,-4,896,-4,-4,4,900,0,-4,-24,904,0,-4,20,908,4,-892,-4,-888,4,4,0,4,24,-880,0,4,-4,-876,4,4
1992,0x55a1bd6793aa,W,0x7ffee78d590c,1,-892,-896,-916,4,-892,-896,-872,8,-896,-896,-896,12,-896,-896,-896,16,896,896,872,4,896,8,896,896,896,12,896,896,872,16,892,896
1994,0x55a1bd6793ad,R,0x7ffee78d5c8c,1,4,896,0,900,0,0,0,904,8,0,4,908,-20,0,4,912,-8,0,-24,0,-4,-888,20,0,-4,-884,-8,0,0,-880,0,0
1995,0x55a1bd6793ad,W,0x7ffee78d5c8c,1,0,896,0,0,-20,0,4,904,24,0,0,908,0,0,0,912,-8,-892,0,0,0,-888,0,0,0,-884,-24,0,-4,-880,20,0
1997,0x55a1bd6793b1,R,0x7ffee78d5c84,1,-8,-8,-4,-8,-28,892,-8,896,-8,-8,0,900,-4,-8,-28,904,-16,-884,4,8,28,-880,4,8,0,-876,8,8,8,-872,8,8
1999,0x55a1bd6793b4,R,0x7ffee78d5c74,1,-16,-24,-20,872,-24,876,-24,-24,-20,-24,0,884,-24,-24,-24,888,24,-868,24,24,24,-864,24,24,0,-860,20,24,44,-856,24,-852
2002,0x55a1bd6793b9,R,0x7ffee78d5c8c,1,24,0,0,896,0,0,-20,0,4,904,0,908,8,0,4,912,-4,-892,20,0,-4,-888,-8,0,0,-884,0,0,20,0,-4,-876
2007,0x55a1bd67938a,R,0x7ffee78d5c88,1,-4,-4,4,892,0,-4,-24,896,-4,900,-4,-4,20,-4,-4,908,4,-888,4,4,4,-884,-20,4,0,-880,4,-876,4,4,0,4
2009,0x55a1bd67938d,R,0x7ffee78d5c8c,1,4,0,24,896,0,0,0,900,0,0,4,0,24,908,8,912,20,-892,-4,0,-8,-888,0,0,-4,0,20,-880,0,-876,0,0
2012,0x55a1bd679393,R,0x7ffee78d5ca0,1,20,20,20,916,28,20,24,920,0,20,24,924,20,928,28,20,-20,-912,-20,-20,-44,-908,-20,-904,-20,-20,0,-20,-24,-896,-28,-20
2014,0x55a1bd679397,R,0x7ffee78d5c8c,1,-20,0,4,896,24,0,0,900,0,0,0,904,0,0,24,0,-4,-892,-8,0,-24,0,-4,-884,0,-880,0,0,0,-876,-24,0
2017,0x55a1bd67939d,R,0x7ffee78d5c88,1,-4,-4,-4,892,-4,-4,4,896,0,-4,-24,900,0,-4,20,904,4,-888,-4,-884,4,4,0,4,24,-876,0,4,-4,-872,4,4
2022,0x55a1bd6793aa,W,0x7ffee78d5910,1,-888,-892,-912,4,-888,-892,-868,8,-892,-892,-892,12,-892,-892,-892,16,892,892,868,4,892,8,892,892,892,12,892,892,868,16,888,892
2024,0x55a1bd6793ad,R,0x7ffee78d5c8c,1,4,892,0,896,0,0,0,900,8,0,4,904,-20,0,4,908,-8,0,-24,0,-4,-884,20,0,-4,-880,-8,0,0,-876,0,0
2025,0x55a1bd6793ad,W,0x7ffee78d5c8c,1,0,892,0,0,-20,0,4,900,24,0,0,904,0,0,0,908,-8,-888,0,0,0,-884,0,0,0,-880,-24,0,-4,-876,20,0
2027,0x55a1bd6793b1,R,0x7ffee78d5c84,1,-8,-8,-4,-8,-28,888,-8,892,-8,-8,0,896,-4,-8,-28,900,-16,-880,4,8,28,-876,4,8,0,-872,8,8,8,-868,8,8
2029,0x55a1bd6793b4,R,0x7ffee78d5c74,1,-16,-24,-20,868,-24,872,-24,-24,-20,-24,0,880,-24,-24,-24,884,24,-864,24,24,24,-860,24,24,0,-856,20,24,44,-852,24,-848
2032,0x55a1bd6793b9,R,0x7ffee78d5c8c,1,24,0,0,892,0,0,-20,0,4,900,0,904,8,0,4,908,-4,-888,20,0,-4,-884,-8,0,0,-880,0,0,20,0,-4,-872
2037,0x55a1bd67938a,R,0x7ffee78d5c88,1,-4,-4,4,888,0,-4,-24,892,-4,896,-4,-4,20,-4,-4,904,4,-884,4,4,4,-880,-20,4,0,-876,4,-872,4,4,0,4
2039,0x55a1bd67938d,R,0x7ffee78d5c8c,1,4,0,24,892,0,0,0,896,0,0,4,0,24,904,8,908,20,-888,-4,0,-8,-884,0,0,-4,0,20,-876,0,-872,0,0
2042,0x55a1bd679393,R,0x7ffee78d5ca0,1,20,20,20,912,28,20,24,916,0,20,24,920,20,924,28,20,-20,-908,-20,-20,-44,-904,-20,-900,-20,-20,0,-20,-24,-892,-28,-20
2044,0x55a1bd679397,R,0x7ffee78d5c8c,1,-20,0,4,892,24,0,0,896,0,0,0,900,0,0,24,0,-4,-888,-8,0,-24,0,-4,-880,0,-876,0,0,0,-872,-24,0
2047,0x55a1bd67939d,R,0x7ffee78d5c88,1,-4,-4,-4,888,-4,-4,4,892,0,-4,-24,896,0,-4,20,900,4,-884,-4,-880,4,4,0,4,24,-872,0,4,-4,-868,4,4
2052,0x55a1bd6793aa,W,0x7ffee78d5914,1,-884,-888,-908,4,-884,-888,-864,8,-888,-888,-888,12,-888,-888,-888,16,888,888,864,4,888,8,888,888,888,12,888,888,864,16,884,888
2054,0x55a1bd6793ad,R,0x7ffee78d5c8c,1,4,888,0,892,0,0,0,896,8,0,4,900,-20,0,4,904,-8,0,-24,0,-4,-880,20,0,-4,-876,-8,0,0,-872,0,0
2055,0x55a1bd6793ad,W,0x7ffee78d5c8c,1,0,888,0,0,-20,0,4,896,24,0,0,900,0,0,0,904,-8,-884,0,0,0,-880,0,0,0,-876,-24,0,-4,-872,20,0
2057,0x55a1bd6793b1,R,0x7ffee78d5c84,1,-8,-8,-4,-8,-28,884,-8,888,-8,-8,0,892,-4,-8,-28,896,-16,-876,4,8,28,-872,4,8,0,-868,8,8,8,-864,8,8
2059,0x55a1bd6793b4,R,0x7ffee78d5c74,1,-16,-24,-20,864,-24,868,-24,-24,-20,-24,0,876,-24,-24,-24,880,24,-860,24,24,24,-856,24,24,0,-852,20,24,44,-848,24,-844
2062,0x55a1bd6793b9,R,0x7ffee78d5c8c,1,24,0,0,888,0,0,-20,0,4,896,0,900,8,0,4,904,-4,-884,20,0,-4,-880,-8,0,0,-876,0,0,20,0,-4,-868
2067,0x55a1bd67938a,R,0x7ffee78d5c88,1,-4,-4,4,884,0,-4,-24,888,-4,892,-4,-4,20,-4,-4,900,4,-880,4,4,4,-876,-20,4,0,-872,4,-868,4,4,0,4
2069,0x55a1bd67938d,R,0x7ffee78d5c8c,1,4,0,24,888,0,0,0,892,0,0,4,0,24,900,8,904,20,-884,-4,0,-8,-880,0,0,-4,0,20,-872,0,-868,0,0
2072,0x55a1bd679393,R,0x7ffee78d5ca0,1,20,20,20,908,28,20,24,912,0,20,24,916,20,920,28,20,-20,-904,-20,-20,-44,-900,-20,-896,-20,-20,0,-20,-24,-888,-28,-20
2074,0x55a1bd679397,R,0x7ffee78d5c8c,1,-20,0,4,888,24,0,0,892,0,0,0,896,0,0,24,0,-4,-884,-8,0,-24,0,-4,-876,0,-872,0,0,0,-868,-24,0
2077,0x55a1bd67939d,R,0x7ffee78d5c88,1,-4,-4,-4,884,-4,-4,4,888,0,-4,-24,892,0,-4,20,896,4,-880,-4,-876,4,4,0,4,24,-868,0,4,-4,-864,4,4
2082,0x55a1bd6793aa,W,0x7ffee78d5918,1,-880,-884,-904,4,-880,-884,-860,8,-884,-884,-884,12,-884,-884,-884,16,884,884,860,4,884,8,884,884,884,12,884,884,860,16,880,884
2084,0x55a1bd6793ad,R,0x7ffee78d5c8c,1,4,884,0,888,0,0,0,892,8,0,4,896,-20,0,4,900,-8,0,-24,0,-4,-876,20,0,-4,-872,-8,0,0,-868,0,0
2085,0x55a1bd6793ad,W,0x7ffee78d5c8c,1,0,884,0,0,-20,0,4,892,24,0,0,896,0,0,0,900,-8,-880,0,0,0,-876,0,0,0,-872,-24,0,-4,-868,20,0
2087,0x55a1bd6793b1,R,0x7ffee78d5c84,1,-8,-8,-4,-8,-28,880,-8,884,-8,-8,0,888,-4,-8,-28,892,-16,-872,4,8,28,-868,4,8,0,-864,8,8,8,-860,8,8
2089,0x55a1bd6793b4,R,0x7ffee78d5c74,1,-16,-24,-20,860,-24,864,-24,-24,-20,-24,0,872,-24,-24,-24,876,24,-856,24,24,24,-852,24,24,0,-848,20,24,44,-844,24,-840
2092,0x55a1bd6793b9,R,0x7ffee78d5c8c,1,24,0,0,884,0,0,-20,0,4,892,0,896,8,0,4,900,-4,-880,20,0,-4,-876,-8,0,0,-872,0,0,20,0,-4,-864
2097,0x55a1bd67938a,R,0x7ffee78d5c88,1,-4,-4,4,880,0,-4,-24,884,-4,888,-4,-4,20,-4,-4,896,4,-876,4,4,4,-872,-20,4,0,-868,4,-864,4,4,0,4
2099,0x55a1bd67938d,R,0x7ffee78d5c8c,1,4,0,24,884,0,0,0,888,0,0,4,0,24,896,8,900,20,-880,-4,0,-8,-876,0,0,-4,0,20,-868,0,-864,0,0
2102,0x55a1bd679393,R,0x7ffee78d5ca0,1,20,20,20,904,28,20,24,908,0,20,24,912,20,916,28,20,-20,-900,-20,-20,-44,-896,-20,-892,-20,-20,0,-20,-24,-884,-28,-20
2104,0x55a1bd679397,R,0x7ffee78d5c8c,1,-20,0,4,884,24,0,0,888,0,0,0,892,0,0,24,0,-4,-880,-8,0,-24,0,-4,-872,0,-868,0,0,0,-864,-24,0
2107,0x55a1bd67939d,R,0x7ffee78d5c88,1,-4,-4,-4,880,-4,-4,4,884,0,-4,-24,888,0,-4,20,892,4,-876,-4,-872,4,4,0,4,24,-864,0,4,-4,-860,4,4
2112,0x55a1bd6793aa,W,0x7ffee78d591c,1,-876,-880,-900,4,-876,-880,-856,8,-880,-880,-880,12,-880,-880,-880,16,880,880,856,4,880,8,880,880,880,12,880,880,856,16,876,880
2114,0x55a1bd6793ad,R,0x7ffee78d5c8c,1,4,880,0,884,0,0,0,888,8,0,4,892,-20,0,4,896,-8,0,-24,0,-4,-872,20,0,-4,-868,-8,0,0,-864,0,0
2115,0x55a1bd6793ad,W,0x7ffee78d5c8c,1,0,880,0,0,-20,0,4,888,24,0,0,892,0,0,0,896,-8,-876,0,0,0,-872,0,0,0,-868,-24,0,-4,-864,20,0
2117,0x55a1bd6793b1,R,0x7ffee78d5c84,1,-8,-8,-4,-8,-28,876,-8,880,-8,-8,0,884,-4,-8,-28,888,-16,-868,4,8,28,-864,4,8,0,-860,8,8,8,-856,8,8
2119,0x55a1bd6793b4,R,0x7ffee78d5c74,1,-16,-24,-20,856,-24,860,-24,-24,-20,-24,0,868,-24,-24,-24,872,24,-852,24,24,24,-848,24,24,0,-844,20,24,44,-840,24,20
2122,0x55a1bd6793b9,R,0x7ffee78d5c8c,1,24,0,0,880,0,0,-20,0,4,888,0,892,8,0,4,896,-4,-876,20,0,-4,-872,-8,0,0,-868,0,0,20,0,-4,-4
2127,0x55a1bd67938a,R,0x7ffee78d5c88,1,-4,-4,4,876,0,-4,-24,880,-4,884,-4,-4,20,-4,-4,892,4,-872,4,4,4,-868,-20,4,0,-864,4,-860,4,4,0,4
2129,0x55a1bd67938d,R,0x7ffee78d5c8c,1,4,0,24,880,0,0,0,884,0,0,4,0,24,892,8,896,20,-876,-4,0,-8,-872,0,0,-4,0,20,-864,0,-4,0,0
2132,0x55a1bd679393,R,0x7ffee78d5ca0,1,20,20,20,900,28,20,24,904,0,20,24,908,20,912,28,20,-20,-896,-20,-20,-44,-892,-20,-888,-20,-20,0,-20,-24,-24,-28,-20
2134,0x55a1bd679397,R,0x7ffee78d5c8c,1,-20,0,4,880,24,0,0,884,0,0,0,888,0,0,24,0,-4,-876,-8,0,-24,0,-4,-868,0,-864,0,0,0,-4,-24,0
2137,0x55a1bd67939d,R,0x7ffee78d5c88,1,-4,-4,-4,876,-4,-4,4,880,0,-4,-24,884,0,-4,20,888,4,-872,-4,-868,4,4,0,4,24,-860,0,4,-4,0,4,4
2142,0x55a1bd6793aa,W,0x7ffee78d5920,1,-872,-876,-896,4,-872,-876,-852,8,-876,-876,-876,12,-876,-876,-876,16,876,876,852,4,876,8,876,876,876,12,876,876,852,872,872,876
2144,0x55a1bd6793ad,R,0x7ffee78d5c8c,1,4,876,0,880,0,0,0,884,8,0,4,888,-20,0,4,892,-8,0,-24,0,-4,-868,20,0,-4,-864,-8,0,0,-4,0,0
2145,0x55a1bd6793ad,W,0x7ffee78d5c8c,1,0,876,0,0,-20,0,4,884,24,0,0,888,0,0,0,892,-8,-872,0,0,0,-868,0,0,0,-864,-24,0,-4,-4,20,0
2147,0x55a1bd6793b1,R,0x7ffee78d5c84,1,-8,-8,-4,-8,-28,872,-8,876,-8,-8,0,880,-4,-8,-28,884,-16,-864,4,8,28,-860,4,8,0,-856,8,8,8,4,8,8
2149,0x55a1bd6793b4,R,0x7ffee78d5c74,1,-16,-24,-20,852,-24,856,-24,-24,-20,-24,0,864,-24,-24,-24,868,24,-848,24,24,24,-844,24,24,0,-840,20,24,44,20,24,-836
2152,0x55a1bd6793b9,R,0x7ffee78d5c8c,1,24,0,0,876,0,0,-20,0,4,884,0,888,8,0,4,892,-4,-872,20,0,-4,-868,-8,0,0,-864,0,0,20,0,-4,-860
2157,0x55a1bd67938a,R,0x7ffee78d5c88,1,-4,-4,4,872,0,-4,-24,876,-4,880,-4,-4,20,-4,-4,888,4,-868,4,4,4,-864,-20,4,0,-860,4,0,4,4,0,4
2159,0x55a1bd67938d,R,0x7ffee78d5c8c,1,4,0,24,876,0,0,0,880,0,0,4,0,24,888,8,892,20,-872,-4,0,-8,-868,0,0,-4,0,20,-4,0,-860,0,0
2162,0x55a1bd679393,R,0x7ffee78d5ca0,1,20,20,20,896,28,20,24,900,0,20,24,904,20,908,28,20,-20,-892,-20,-20,-44,-888,-20,-884,-20,-20,0,-20,-24,-880,-28,-20
2164,0x55a1bd679397,R,0x7ffee78d5c8c,1,-20,0,4,876,24,0,0,880,0,0,0,884,0,0,24,0,-4,-872,-8,0,-24,0,-4,-864,0,-4,0,0,0,-860,-24,0
2167,0x55a1bd67939d,R,0x7ffee78d5c88,1,-4,-4,-4,872,-4,-4,4,876,0,-4,-24,880,0,-4,20,884,4,-868,-4,-864,4,4,0,4,24,0,0,4,-4,-856,4,4
2172,0x55a1bd6793aa,W,0x7ffee78d5924,1,-868,-872,-892,4,-868,-872,-848,8,-872,-872,-872,12,-872,-872,-872,16,872,872,848,4,872,8,872,872,872,868,872,872,848,12,868,872
2174,0x55a1bd6793ad,R,0x7ffee78d5c8c,1,4,872,0,876,0,0,0,880,8,0,4,884,-20,0,4,888,-8,0,-24,0,-4,-864,20,0,-4,-4,-8,0,0,-860,0,0
2175,0x55a1bd6793ad,W,0x7ffee78d5c8c,1,0,872,0,0,-20,0,4,880,24,0,0,884,0,0,0,888,-8,-868,0,0,0,-864,0,0,0,-4,-24,0,-4,-860,20,0
2177,0x55a1bd6793b1,R,0x7ffee78d5c84,1,-8,-8,-4,-8,-28,868,-8,872,-8,-8,0,876,-4,-8,-28,880,-16,-860,4,8,28,-856,4,8,0,4,8,8,8,-852,8,8
2179,0x55a1bd6793b4,R,0x7ffee78d5c74,1,-16,-24,-20,848,-24,852,-24,-24,-20,-24,0,860,-24,-24,-24,864,24,-844,24,24,24,-840,24,24,0,20,20,24,44,-836,24,-832
2182,0x55a1bd6793b9,R,0x7ffee78d5c8c,1,24,0,0,872,0,0,-20,0,4,880,0,884,8,0,4,888,-4,-868,20,0,-4,-864,-8,0,0,-4,0,0,20,0,-4,-856
2187,0x55a1bd67938a,R,0x7ffee78d5c88,1,-4,-4,4,868,0,-4,-24,872,-4,876,-4,-4,20,-4,-4,884,4,-864,4,4,4,-860,-20,4,0,0,4,-856,4,4,0,4
2189,0x55a1bd67938d,R,0x7ffee78d5c8c,1,4,0,24,872,0,0,0,876,0,0,4,0,24,884,8,888,20,-868,-4,0,-8,-864,0,0,-4,0,20,-860,0,-856,0,0
2192,0x55a1bd679393,R,0x7ffee78d5ca0,1,20,20,20,892,28,20,24,896,0,20,24,900,20,904,28,20,-20,-888,-20,-20,-44,-884,-20,-24,-20,-20,0,-20,-24,-876,-28,-20
2194,0x55a1bd679397,R,0x7ffee78d5c8c,1,-20,0,4,872,24,0,0,876,0,0,0,880,0,0,24,0,-4,-868,-8,0,-24,0,-4,-4,0,-860,0,0,0,-856,-24,0
2197,0x55a1bd67939d,R,0x7ffee78d5c88,1,-4,-4,-4,868,-4,-4,4,872,0,-4,-24,876,0,-4,20,880,4,-864,-4,-860,4,4,0,4,24,-856,0,4,-4,-852,4,4
2202,0x55a1bd6793aa,W,0x7ffee78d5928,1,-864,-868,-888,4,-864,-868,-844,8,-868,-868,-868,12,-868,-868,-868,16,868,868,844,4,868,864,868,868,868,8,868,868,844,12,864,868
2204,0x55a1bd6793ad,R,0x7ffee78d5c8c,1,4,868,0,872,0,0,0,876,8,0,4,880,-20,0,4,884,-8,0,-24,0,-4,-4,20,0,-4,-860,-8,0,0,-856,-12,0
2205,0x55a1bd6793ad,W,0x7ffee78d5c8c,1,0,868,0,0,-20,0,4,876,24,0,0,880,0,0,0,884,-8,-864,0,0,0,-4,0,0,0,-860,-24,0,-4,-856,-24,0
2207,0x55a1bd6793b1,R,0x7ffee78d5c84,1,-8,-8,-4,-8,-28,864,-8,868,-8,-8,0,872,-4,-8,-28,876,-16,-856,4,8,28,4,4,8,0,-852,8,8,-4,-848,4,8
2209,0x55a1bd6793b4,R,0x7ffee78d5c74,1,-16,-24,-20,844,-24,848,-24,-24,-20,-24,0,856,-24,-24,-24,860,24,-840,24,24,24,20,24,24,0,-836,20,24,0,-832,20,-828
2212,0x55a1bd6793b9,R,0x7ffee78d5c8c,1,24,0,0,868,0,0,-20,0,4,876,0,880,8,0,4,884,-4,-864,20,0,-4,-4,-8,0,0,-860,-12,0,-24,0,-8,-852
2217,0x55a1bd67938a,R,0x7ffee78d5c88,1,-4,-4,4,864,0,-4,-24,868,-4,872,-4,-4,20,-4,-4,880,4,-860,4,4,4,0,-20,4,0,-856,-8,-852,0,4,-4,4
2219,0x55a1bd67938d,R,0x7ffee78d5c8c,1,4,0,24,868,0,0,0,872,0,0,4,0,24,880,8,884,20,-864,-4,0,-8,-4,0,0,-4,0,-24,-856,-4,-852,-8,0
2222,0x55a1bd679393,R,0x7ffee78d5ca0,1,20,20,20,888,28,20,24,892,0,20,24,896,20,900,28,20,-20,-884,-20,-20,-44,-24,-20,-880,-32,-20,-44,-20,-28,-872,-44,-20
2224,0x55a1bd679397,R,0x7ffee78d5c8c,1,-20,0,4,868,24,0,0,872,0,0,0,876,0,0,24,0,-4,-864,-8,0,-24,0,-4,-860,-12,-856,-4,0,-8,-852,0,0
2227,0x55a1bd67939d,R,0x7ffee78d5c88,1,-4,-4,-4,864,-4,-4,4,868,0,-4,-24,872,0,-4,20,876,4,-860,-4,0,4,4,0,4,-20,-852,-4,4,-20,-848,0,4
2232,0x55a1bd6793aa,W,0x7ffee78d592c,1,-860,-864,-884,4,-860,-864,-840,8,-864,-864,-864,12,-864,-864,-864,16,864,864,840,860,864,4,852,864,860,8,856,864,864,12,860,16
2234,0x55a1bd6793ad,R,0x7ffee78d5c8c,1,4,864,0,868,0,0,0,872,8,0,4,876,-20,0,4,880,-8,0,-24,0,-4,-860,-24,0,-8,-856,-24,0,0,0,0,-848
2235,0x55a1bd6793ad,W,0x7ffee78d5c8c,1,0,864,0,0,-20,0,4,872,24,0,0,876,0,0,0,880,-8,-4,0,0,-12,-860,-4,0,-8,-856,-24,-852,-4,0,20,-848
2237,0x55a1bd6793b1,R,0x7ffee78d5c84,1,-8,-8,-4,-8,-28,860,-8,864,-8,-8,0,868,-4,-8,-28,872,-16,4,4,8,-16,-852,0,8,0,8,8,-844,8,8,8,-840
2239,0x55a1bd6793b4,R,0x7ffee78d5c74,1,-16,-24,-20,840,-24,844,-24,-24,-20,-24,0,852,-24,-24,-24,856,24,20,12,24,20,-836,16,-832,0,24,20,-828,44,24,20,-824
2242,0x55a1bd6793b9,R,0x7ffee78d5c8c,1,24,0,0,864,0,0,-20,0,4,872,0,876,8,0,4,880,-4,-4,-24,0,-4,0,-8,-856,0,0,0,-852,0,0,-4,0
2245,0x55a1bd6793be,R,0x7ffee78d5c88,1,-4,-4,4,860,0,-4,-24,864,-4,868,-4,-4,20,-4,-4,876,-8,0,-20,-856,-4,4,-20,-852,0,4,24,-848,4,-844,4,4
2246,0x55a1bd6793be,W,0x7ffee78d5c88,1,0,-4,20,860,-4,-4,-4,864,-4,-4,0,-4,20,872,4,876,-8,4,0,-856,-4,4,4,-852,4,4,24,4,0,-844,-4,4
2248,0x55a1bd6793c2,R,0x7ffee78d5c80,1,-8,-8,-12,852,-4,-12,-8,856,-32,-12,-8,860,-12,864,-4,-12,-12,12,4,-848,-12,12,8,-844,12,-840,12,12,12,-836,-12,12
2250,0x55a1bd6793c5,R,0x7ffee78d5c74,1,-12,-20,-24,-24,0,-24,-24,844,-24,-24,-24,848,-24,-24,0,-24,20,24,16,-836,24,24,20,24,44,-828,20,24,16,-824,24,24
2253,0x55a1bd6793ca,R,0x7ffee78d5c88,1,20,0,0,-4,20,860,4,864,0,-4,-24,868,0,-4,20,872,-4,4,-20,-856,4,-852,4,4,4,-848,4,4,-20,-844,0,4
2256,0x55a1bd67937b,R,0x7ffee78d5c84,1,-4,-4,4,-8,-8,856,0,-8,-8,-8,-8,864,-8,-8,-8,868,0,8,-16,8,4,-848,28,8,4,-844,0,8,8,-840,8,8
2258,0x55a1bd67937e,W,0x7ffee78d5c8c,1,8,4,24,0,4,864,24,0,0,868,4,872,-20,0,4,876,-8,-860,0,0,0,-856,0,0,0,-852,-24,0,-4,-848,20,0
2261,0x55a1bd6793b1,R,0x7ffee78d5c84,1,0,-8,-4,-8,4,856,-8,-8,0,860,-4,-8,-8,-8,-8,868,-16,-852,4,8,28,-848,4,8,0,-844,8,8,8,-840,8,8
2263,0x55a1bd6793b4,R,0x7ffee78d5c74,1,-16,-24,-20,-20,0,840,-20,-24,0,844,-24,-24,-24,848,-44,852,24,-836,24,24,24,-832,24,24,0,-828,20,24,44,-824,24,-820
2266,0x55a1bd6793b9,R,0x7ffee78d5c8c,1,24,0,8,4,24,0,12,0,0,868,8,0,4,872,-20,0,-4,-860,20,0,-4,-856,-8,0,0,-852,0,0,20,0,-4,-844
2271,0x55a1bd67938a,R,0x7ffee78d5c88,1,-4,-4,4,0,0,-4,8,860,0,864,20,-4,-4,868,-4,-4,4,-856,4,4,4,-852,-20,4,0,-848,4,-844,4,4,0,4
2273,0x55a1bd67938d,R,0x7ffee78d5c8c,1,4,0,24,4,8,0,24,864,4,0,0,0,8,872,4,0,20,-860,-4,0,-8,-856,0,0,-4,0,20,-848,0,-844,0,0
2276,0x55a1bd679393,R,0x7ffee78d5ca0,1,20,20,20,24,28,20,24,884,32,20,20,888,44,892,20,20,-20,-880,-20,-20,-44,-876,-20,-872,-20,-20,0,-20,-24,-864,-28,-20
2278,0x55a1bd679397,R,0x7ffee78d5c8c,1,-20,0,4,4,24,0,8,864,24,0,4,868,24,0,8,0,-4,-860,-8,0,-24,0,-4,-852,0,-848,0,0,0,-844,-24,0
2281,0x55a1bd67939d,R,0x7ffee78d5c88,1,-4,-4,-4,0,-4,-4,4,860,0,-4,8,864,-4,-4,4,868,4,-856,-4,-852,4,4,0,4,24,-844,0,4,-4,-840,4,4
2286,0x55a1bd6793aa,W,0x7ffee78d5930,1,-856,-860,-880,-856,-856,-860,-836,4,-852,-860,-836,8,-856,-860,-836,12,860,860,836,4,860,8,860,860,860,12,860,860,836,16,856,860
2288,0x55a1bd6793ad,R,0x7ffee78d5c8c,1,4,860,0,4,0,0,0,864,8,0,4,868,12,0,0,872,-8,0,-24,0,-4,-852,20,0,-4,-848,-8,0,0,-844,0,0
2289,0x55a1bd6793ad,W,0x7ffee78d5c8c,1,0,860,0,0,-20,0,4,864,24,0,8,868,24,0,4,872,-8,-856,0,0,0,-852,0,0,0,-848,-24,0,-4,-844,20,0
2291,0x55a1bd6793b1,R,0x7ffee78d5c84,1,-8,-8,-4,-8,-28,-4,-8,856,-8,-8,0,860,-4,-8,4,864,-16,-848,4,8,28,-844,4,8,0,-840,8,8,8,-836,8,8
2293,0x55a1bd6793b4,R,0x7ffee78d5c74,1,-16,-24,-20,836,-24,-20,-24,-24,-20,-24,0,844,-16,-24,0,848,24,-832,24,24,24,-828,24,24,0,-824,20,24,44,-820,24,-816
2296,0x55a1bd6793b9,R,0x7ffee78d5c8c,1,24,0,0,860,0,0,-20,0,4,864,0,868,8,0,4,872,-4,-856,20,0,-4,-852,-8,0,0,-848,0,0,20,0,-4,-840
2301,0x55a1bd67938a,R,0x7ffee78d5c88,1,-4,-4,4,856,0,-4,-24,0,-4,860,-4,-4,20,-4,4,868,4,-852,4,4,4,-848,-20,4,0,-844,4,-840,4,4,0,4
2303,0x55a1bd67938d,R,0x7ffee78d5c8c,1,4,0,24,860,0,0,0,4,0,0,4,0,24,868,8,872,20,-856,-4,0,-8,-852,0,0,-4,0,20,-844,0,-840,0,0
2306,0x55a1bd679393,R,0x7ffee78d5ca0,1,20,20,20,880,28,20,24,24,0,20,24,884,20,888,28,20,-20,-876,-20,-20,-44,-872,-20,-868,-20,-20,0,-20,-24,-860,-28,-20
2308,0x55a1bd679397,R,0x7ffee78d5c8c,1,-20,0,4,860,24,0,0,4,0,0,0,864,0,0,24,0,-4,-856,-8,0,-24,0,-4,-848,0,-844,0,0,0,-840,-24,0
2311,0x55a1bd67939d,R,0x7ffee78d5c88,1,-4,-4,-4,856,-4,-4,4,0,0,-4,-24,860,0,-4,20,864,4,-852,-4,-848,4,4,0,4,24,-840,0,4,-4,-836,4,4
2316,0x55a1bd6793aa,W,0x7ffee78d5934,1,-852,-856,-876,4,-852,-856,-832,-852,-856,-856,-856,8,-856,-856,-856,12,856,856,832,4,856,8,856,856,856,12,856,856,832,16,852,856
2318,0x55a1bd6793ad,R,0x7ffee78d5c8c,1,4,856,0,860,0,0,0,4,8,0,4,864,-20,0,4,868,-8,0,-24,0,-4,-848,20,0,-4,-844,-8,0,0,-840,0,0
2319,0x55a1bd6793ad,W,0x7ffee78d5c8c,1,0,856,0,0,-20,0,4,4,24,0,0,864,0,0,0,868,-8,-852,0,0,0,-848,0,0,0,-844,-24,0,-4,-840,20,0
2321,0x55a1bd6793b1,R,0x7ffee78d5c84,1,-8,-8,-4,-8,-28,852,-8,-4,-8,-8,0,856,-4,-8,-28,860,-16,-844,4,8,28,-840,4,8,0,-836,8,8,8,-832,8,8
2323,0x55a1bd6793b4,R,0x7ffee78d5c74,1,-16,-24,-20,832,-24,836,-24,-24,-20,-24,0,840,-24,-24,-24,844,24,-828,24,24,24,-824,24,24,0,-820,20,24,44,-816,24,-812
2326,0x55a1bd6793b9,R,0x7ffee78d5c8c,1,24,0,0,856,0,0,-20,0,4,4,0,864,8,0,4,868,-4,-852,20,0,-4,-848,-8,0,0,-844,0,0,20,0,-4,-836
2331,0x55a1bd67938a,R,0x7ffee78d5c88,1,-4,-4,4,852,0,-4,-24,856,-4,0,-4,-4,20,-4,-4,864,4,-848,4,4,4,-844,-20,4,0,-840,4,-836,4,4,0,4
2333,0x55a1bd67938d,R,0x7ffee78d5c8c,1,4,0,24,856,0,0,0,860,0,0,4,0,24,864,8,868,20,-852,-4,0,-8,-848,0,0,-4,0,20,-840,0,-836,0,0
2336,0x55a1bd679393,R,0x7ffee78d5ca0,1,20,20,20,876,28,20,24,880,0,20,24,24,20,884,28,20,-20,-872,-20,-20,-44,-868,-20,-864,-20,-20,0,-20,-24,-856,-28,-20
2338,0x55a1bd679397,R,0x7ffee78d5c8c,1,-20,0,4,856,24,0,0,860,0,0,0,4,0,0,24,0,-4,-852,-8,0,-24,0,-4,-844,0,-840,0,0,0,-836,-24,0
2341,0x55a1bd67939d,R,0x7ffee78d5c88,1,-4,-4,-4,852,-4,-4,4,856,0,-4,-24,0,0,-4,20,860,4,-848,-4,-844,4,4,0,4,24,-836,0,4,-4,-832,4,4
2346,0x55a1bd6793aa,W,0x7ffee78d5938,1,-848,-852,-872,4,-848,-852,-828,8,-852,-852,-852,-848,-852,-852,-852,12,852,852,828,4,852,8,852,852,852,12,852,852,828,16,848,852
2348,0x55a1bd6793ad,R,0x7ffee78d5c8c,1,4,852,0,856,0,0,0,860,8,0,4,4,-20,0,4,864,-8,0,-24,0,-4,-844,20,0,-4,-840,-8,0,0,-836,0,0
2349,0x55a1bd6793ad,W,0x7ffee78d5c8c,1,0,852,0,0,-20,0,4,860,24,0,0,4,0,0,0,864,-8,-848,0,0,0,-844,0,0,0,-840,-24,0,-4,-836,20,0
2351,0x55a1bd6793b1,R,0x7ffee78d5c84,1,-8,-8,-4,-8,-28,848,-8,852,-8,-8,0,-4,-4,-8,-28,856,-16,-840,4,8,28,-836,4,8,0,-832,8,8,8,-828,8,8
2353,0x55a1bd6793b4,R,0x7ffee78d5c74,1,-16,-24,-20,828,-24,832,-24,-24,-20,-24,0,-20,-24,-24,-24,840,24,-824,24,24,24,-820,24,24,0,-816,20,24,44,-812,24,-808
2356,0x55a1bd6793b9,R,0x7ffee78d5c8c,1,24,0,0,852,0,0,-20,0,4,860,0,4,8,0,4,864,-4,-848,20,0,-4,-844,-8,0,0,-840,0,0,20,0,-4,-832
2361,0x55a1bd67938a,R,0x7ffee78d5c88,1,-4,-4,4,848,0,-4,-24,852,-4,856,-4,-4,20,-4,-4,860,4,-844,4,4,4,-840,-20,4,0,-836,4,-832,4,4,0,4
2363,0x55a1bd67938d,R,0x7ffee78d5c8c,1,4,0,24,852,0,0,0,856,0,0,4,0,24,4,8,864,20,-848,-4,0,-8,-844,0,0,-4,0,20,-836,0,-832,0,0
2366,0x55a1bd679393,R,0x7ffee78d5ca0,1,20,20,20,872,28,20,24,876,0,20,24,880,20,24,28,20,-20,-868,-20,-20,-44,-864,-20,-860,-20,-20,0,-20,-24,-852,-28,-20
2368,0x55a1bd679397,R,0x7ffee78d5c8c,1,-20,0,4,852,24,0,0,856,0,0,0,860,0,0,24,0,-4,-848,-8,0,-24,0,-4,-840,0,-836,0,0,0,-832,-24,0
2371,0x55a1bd67939d,R,0x7ffee78d5c88,1,-4,-4,-4,848,-4,-4,4,852,0,-4,-24,856,0,-4,20,0,4,-844,-4,-840,4,4,0,4,24,-832,0,4,-4,-828,4,4
2376,0x55a1bd6793aa,W,0x7ffee78d593c,1,-844,-848,-868,4,-844,-848,-824,8,-848,-848,-848,12,-848,-848,-848,-844,848,848,824,4,848,8,848,848,848,12,848,848,824,16,844,848
2378,0x55a1bd6793ad,R,0x7ffee78d5c8c,1,4,848,0,852,0,0,0,856,8,0,4,860,-20,0,4,4,-8,0,-24,0,-4,-840,20,0,-4,-836,-8,0,0,-832,0,0
2379,0x55a1bd6793ad,W,0x7ffee78d5c8c,1,0,848,0,0,-20,0,4,856,24,0,0,860,0,0,0,4,-8,-844,0,0,0,-840,0,0,0,-836,-24,0,-4,-832,20,0
2381,0x55a1bd6793b1,R,0x7ffee78d5c84,1,-8,-8,-4,-8,-28,844,-8,848,-8,-8,0,852,-4,-8,-28,-4,-16,-836,4,8,28,-832,4,8,0,-828,8,8,8,-824,8,8
2383,0x55a1bd6793b4,R,0x7ffee78d5c74,1,-16,-24,-20,824,-24,828,-24,-24,-20,-24,0,836,-24,-24,-24,-20,24,-820,24,24,24,-816,24,24,0,-812,20,24,44,-808,24,-804
2386,0x55a1bd6793b9,R,0x7ffee78d5c8c,1,24,0,0,848,0,0,-20,0,4,856,0,860,8,0,4,4,-4,-844,20,0,-4,-840,-8,0,0,-836,0,0,20,0,-4,-828
2391,0x55a1bd67938a,R,0x7ffee78d5c88,1,-4,-4,4,844,0,-4,-24,848,-4,852,-4,-4,20,-4,-4,0,4,-840,4,4,4,-836,-20,4,0,-832,4,-828,4,4,0,4
2393,0x55a1bd67938d,R,0x7ffee78d5c8c,1,4,0,24,848,0,0,0,852,0,0,4,0,24,860,8,4,20,-844,-4,0,-8,-840,0,0,-4,0,20,-832,0,-828,0,0
2396,0x55a1bd679393,R,0x7ffee78d5ca0,1,20,20,20,868,28,20,24,872,0,20,24,876,20,880,28,20,-20,-864,-20,-20,-44,-860,-20,-856,-20,-20,0,-20,-24,-848,-28,-20
2398,0x55a1bd679397,R,0x7ffee78d5c8c,1,-20,0,4,848,24,0,0,852,0,0,0,856,0,0,24,0,-4,-844,-8,0,-24,0,-4,-836,0,-832,0,0,0,-828,-24,0
2401,0x55a1bd67939d,R,0x7ffee78d5c88,1,-4,-4,-4,844,-4,-4,4,848,0,-4,-24,852,0,-4,20,856,4,-840,-4,-836,4,4,0,4,24,-828,0,4,-4,-824,4,4
2406,0x55a1bd6793aa,W,0x7ffee78d5940,1,-840,-844,-864,4,-840,-844,-820,8,-844,-844,-844,12,-844,-844,-844,16,844,844,820,4,844,8,844,844,844,12,844,844,820,16,840,844
2408,0x55a1bd6793ad,R,0x7ffee78d5c8c,1,4,844,0,848,0,0,0,852,8,0,4,856,-20,0,4,860,-8,0,-24,0,-4,-836,20,0,-4,-832,-8,0,0,-828,0,0
2409,0x55a1bd6793ad,W,0x7ffee78d5c8c,1,0,844,0,0,-20,0,4,852,24,0,0,856,0,0,0,860,-8,-840,0,0,0,-836,0,0,0,-832,-24,0,-4,-828,20,0
2411,0x55a1bd6793b1,R,0x7ffee78d5c84,1,-8,-8,-4,-8,-28,840,-8,844,-8,-8,0,848,-4,-8,-28,852,-16,-832,4,8,28,-828,4,8,0,-824,8,8,8,-820,8,8
2413,0x55a1bd6793b4,R,0x7ffee78d5c74,1,-16,-24,-20,820,-24,824,-24,-24,-20,-24,0,832,-24,-24,-24,836,24,-816,24,24,24,-812,24,24,0,-808,20,24,44,-804,24,-800
2416,0x55a1bd6793b9,R,0x7ffee78d5c8c,1,24,0,0,844,0,0,-20,0,4,852,0,856,8,0,4,860,-4,-840,20,0,-4,-836,-8,0,0,-832,0,0,20,0,-4,-824
2421,0x55a1bd67938a,R,0x7ffee78d5c88,1,-4,-4,4,840,0,-4,-24,844,-4,848,-4,-4,20,-4,-4,856,4,-836,4,4,4,-832,-20,4,0,-828,4,-824,4,4,0,4
2423,0x55a1bd67938d,R,0x7ffee78d5c8c,1,4,0,24,844,0,0,0,848,0,0,4,0,24,856,8,860,20,-840,-4,0,-8,-836,0,0,-4,0,20,-828,0,-824,0,0
2426,0x55a1bd679393,R,0x7ffee78d5ca0,1,20,20,20,864,28,20,24,868,0,20,24,872,20,876,28,20,-20,-860,-20,-20,-44,-856,-20,-852,-20,-20,0,-20,-24,-844,-28,-20
2428,0x55a1bd679397,R,0x7ffee78d5c8c,1,-20,0,4,844,24,0,0,848,0,0,0,852,0,0,24,0,-4,-840,-8,0,-24,0,-4,-832,0,-828,0,0,0,-824,-24,0
2431,0x55a1bd67939d,R,0x7ffee78d5c88,1,-4,-4,-4,840,-4,-4,4,844,0,-4,-24,848,0,-4,20,852,4,-836,-4,-832,4,4,0,4,24,-824,0,4,-4,-820,4,4
2436,0x55a1bd6793aa,W,0x7ffee78d5944,1,-836,-840,-860,4,-836,-840,-816,8,-840,-840,-840,12,-840,-840,-840,16,840,840,816,4,840,8,840,840,840,12,840,840,816,16,836,840
2438,0x55a1bd6793ad,R,0x7ffee78d5c8c,1,4,840,0,844,0,0,0,848,8,0,4,852,-20,0,4,856,-8,0,-24,0,-4,-832,20,0,-4,-828,-8,0,0,-824,0,0
2439,0x55a1bd6793ad,W,0x7ffee78d5c8c,1,0,840,0,0,-20,0,4,848,24,0,0,852,0,0,0,856,-8,-836,0,0,0,-832,0,0,0,-828,-24,0,-4,-824,20,0
2441,0x55a1bd6793b1,R,0x7ffee78d5c84,1,-8,-8,-4,-8,-28,836,-8,840,-8,-8,0,844,-4,-8,-28,848,-16,-828,4,8,28,-824,4,8,0,-820,8,8,8,-816,8,8
2443,0x55a1bd6793b4,R,0x7ffee78d5c74,1,-16,-24,-20,816,-24,820,-24,-24,-20,-24,0,828,-24,-24,-24,832,24,-812,24,24,24,-808,24,24,0,-804,20,24,44,-800,24,-796
2446,0x55a1bd6793b9,R,0x7ffee78d5c8c,1,24,0,0,840,0,0,-20,0,4,848,0,852,8,0,4,856,-4,-836,20,0,-4,-832,-8,0,0,-828,0,0,20,0,-4,-820
2451,0x55a1bd67938a,R,0x7ffee78d5c88,1,-4,-4,4,836,0,-4,-24,840,-4,844,-4,-4,20,-4,-4,852,4,-832,4,4,4,-828,-20,4,0,-824,4,-820,4,4,0,4
2453,0x55a1bd67938d,R,0x7ffee78d5c8c,1,4,0,24,840,0,0,0,844,0,0,4,0,24,852,8,856,20,-836,-4,0,-8,-832,0,0,-4,0,20,-824,0,-820,0,0
2456,0x55a1bd679393,R,0x7ffee78d5ca0,1,20,20,20,860,28,20,24,864,0,20,24,868,20,872,28,20,-20,-856,-20,-20,-44,-852,-20,-848,-20,-20,0,-20,-24,-840,-28,-20
2458,0x55a1bd679397,R,0x7ffee78d5c8c,1,-20,0,4,840,24,0,0,844,0,0,0,848,0,0,24,0,-4,-836,-8,0,-24,0,-4,-828,0,-824,0,0,0,-820,-24,0
2461,0x55a1bd67939d,R,0x7ffee78d5c88,1,-4,-4,-4,836,-4,-4,4,840,0,-4,-24,844,0,-4,20,848,4,-832,-4,-828,4,4,0,4,24,-820,0,4,-4,-816,4,4
2466,0x55a1bd6793aa,W,0x7ffee78d5948,1,-832,-836,-856,4,-832,-836,-812,8,-836,-836,-836,12,-836,-836,-836,16,836,836,812,4,836,8,836,836,836,12,836,836,812,16,832,836
2468,0x55a1bd6793ad,R,0x7ffee78d5c8c,1,4,836,0,840,0,0,0,844,8,0,4,848,-20,0,4,852,-8,0,-24,0,-4,-828,20,0,-4,-824,-8,0,0,-820,0,0
2469,0x55a1bd6793ad,W,0x7ffee78d5c8c,1,0,836,0,0,-20,0,4,844,24,0,0,848,0,0,0,852,-8,-832,0,0,0,-828,0,0,0,-824,-24,0,-4,-820,20,0
2471,0x55a1bd6793b1,R,0x7ffee78d5c84,1,-8,-8,-4,-8,-28,832,-8,836,-8,-8,0,840,-4,-8,-28,844,-16,-824,4,8,28,-820,4,8,0,-816,8,8,8,-812,8,8
2473,0x55a1bd6793b4,R,0x7ffee78d5c74,1,-16,-24,-20,812,-24,816,-24,-24,-20,-24,0,824,-24,-24,-24,828,24,-808,24,24,24,-804,24,24,0,-800,20,24,44,-796,24,-792
2476,0x55a1bd6793b9,R,0x7ffee78d5c8c,1,24,0,0,836,0,0,-20,0,4,844,0,848,8,0,4,852,-4,-832,20,0,-4,-828,-8,0,0,-824,0,0,20,0,-4,-816
2481,0x55a1bd67938a,R,0x7ffee78d5c88,1,-4,-4,4,832,0,-4,-24,836,-4,840,-4,-4,20,-4,-4,848,4,-828,4,4,4,-824,-20,4,0,-820,4,-816,4,4,0,4
2483,0x55a1bd67938d,R,0x7ffee78d5c8c,1,4,0,24,836,0,0,0,840,0,0,4,0,24,848,8,852,20,-832,-4,0,-8,-828,0,0,-4,0,20,-820,0,-816,0,0
2486,0x55a1bd679393,R,0x7ffee78d5ca0,1,20,20,20,856,28,20,24,860,0,20,24,864,20,868,28,20,-20,-852,-20,-20,-44,-848,-20,-844,-20,-20,0,-20,-24,-836,-28,-20
2488,0x55a1bd679397,R,0x7ffee78d5c8c,1,-20,0,4,836,24,0,0,840,0,0,0,844,0,0,24,0,-4,-832,-8,0,-24,0,-4,-824,0,-820,0,0,0,-816,-24,0
2491,0x55a1bd67939d,R,0x7ffee78d5c88,1,-4,-4,-4,832,-4,-4,4,836,0,-4,-24,840,0,-4,20,844,4,-828,-4,-824,4,4,0,4,24,-816,0,4,-4,-812,4,4
2496,0x55a1bd6793aa,W,0x7ffee78d594c,1,-828,-832,-852,4,-828,-832,-808,8,-832,-832,-832,12,-832,-832,-832,16,832,832,808,4,832,8,832,832,832,12,832,832,808,16,828,832
2498,0x55a1bd6793ad,R,0x7ffee78d5c8c,1,4,832,0,836,0,0,0,840,8,0,4,844,-20,0,4,848,-8,0,-24,0,-4,-824,20,0,-4,-820,-8,0,0,-816,0,0
2499,0x55a1bd6793ad,W,0x7ffee78d5c8c,1,0,832,0,0,-20,0,4,840,24,0,0,844,0,0,0,848,-8,-828,0,0,0,-824,0,0,0,-820,-24,0,-4,-816,20,0
2501,0x55a1bd6793b1,R,0x7ffee78d5c84,1,-8,-8,-4,-8,-28,828,-8,832,-8,-8,0,836,-4,-8,-28,840,-16,-820,4,8,28,-816,4,8,0,-812,8,8,8,-808,8,8
2503,0x55a1bd6793b4,R,0x7ffee78d5c74,1,-16,-24,-20,808,-24,812,-24,-24,-20,-24,0,820,-24,-24,-24,824,24,-804,24,24,24,-800,24,24,0,-796,20,24,44,-792,24,-788
2506,0x55a1bd6793b9,R,0x7ffee78d5c8c,1,24,0,0,832,0,0,-20,0,4,840,0,844,8,0,4,848,-4,-828,20,0,-4,-824,-8,0,0,-820,0,0,20,0,-4,-812
2511,0x55a1bd67938a,R,0x7ffee78d5c88,1,-4,-4,4,828,0,-4,-24,832,-4,836,-4,-4,20,-4,-4,844,4,-824,4,4,4,-820,-20,4,0,-816,4,-812,4,4,0,4
2513,0x55a1bd67938d,R,0x7ffee78d5c8c,1,4,0,24,832,0,0,0,836,0,0,4,0,24,844,8,848,20,-828,-4,0,-8,-824,0,0,-4,0,20,-816,0,-812,0,0
2516,0x55a1bd679393,R,0x7ffee78d5ca0,1,20,20,20,852,28,20,24,856,0,20,24,860,20,864,28,20,-20,-848,-20,-20,-44,-844,-20,-840,-20,-20,0,-20,-24,-832,-28,-20
2518,0x55a1bd679397,R,0x7ffee78d5c8c,1,-20,0,4,832,24,0,0,836,0,0,0,840,0,0,24,0,-4,-828,-8,0,-24,0,-4,-820,0,-816,0,0,0,-812,-24,0
2521,0x55a1bd67939d,R,0x7ffee78d5c88,1,-4,-4,-4,828,-4,-4,4,832,0,-4,-24,836,0,-4,20,840,4,-824,-4,-820,4,4,0,4,24,-812,0,4,-4,-808,4,4
2526,0x55a1bd6793aa,W,0x7ffee78d5950,1,-824,-828,-848,4,-824,-828,-804,8,-828,-828,-828,12,-828,-828,-828,16,828,828,804,4,828,8,828,828,828,12,828,828,804,16,824,828
2528,0x55a1bd6793ad,R,0x7ffee78d5c8c,1,4,828,0,832,0,0,0,836,8,0,4,840,-20,0,4,844,-8,0,-24,0,-4,-820,20,0,-4,-816,-8,0,0,-812,0,0
2529,0x55a1bd6793ad,W,0x7ffee78d5c8c,1,0,828,0,0,-20,0,4,836,24,0,0,840,0,0,0,844,-8,-824,0,0,0,-820,0,0,0,-816,-24,0,-4,-812,20,0
2531,0x55a1bd6793b1,R,0x7ffee78d5c84,1,-8,-8,-4,-8,-28,824,-8,828,-8,-8,0,832,-4,-8,-28,836,-16,-816,4,8,28,-812,4,8,0,-808,8,8,8,-804,8,8
2533,0x55a1bd6793b4,R,0x7ffee78d5c74,1,-16,-24,-20,804,-24,808,-24,-24,-20,-24,0,816,-24,-24,-24,820,24,-800,24,24,24,-796,24,24,0,-792,20,24,44,-788,24,-784
2536,0x55a1bd6793b9,R,0x7ffee78d5c8c,1,24,0,0,828,0,0,-20,0,4,836,0,840,8,0,4,844,-4,-824,20,0,-4,-820,-8,0,0,-816,0,0,20,0,-4,-808
2541,0x55a1bd67938a,R,0x7ffee78d5c88,1,-4,-4,4,824,0,-4,-24,828,-4,832,-4,-4,20,-4,-4,840,4,-820,4,4,4,-816,-20,4,0,-812,4,-808,4,4,0,4
2543,0x55a1bd67938d,R,0x7ffee78d5c8c,1,4,0,24,828,0,0,0,832,0,0,4,0,24,840,8,844,20,-824,-4,0,-8,-820,0,0,-4,0,20,-812,0,-808,0,0
2546,0x55a1bd679393,R,0x7ffee78d5ca0,1,20,20,20,848,28,20,24,852,0,20,24,856,20,860,28,20,-20,-844,-20,-20,-44,-840,-20,-836,-20,-20,0,-20,-24,-828,-28,-20
2548,0x55a1bd679397,R,0x7ffee78d5c8c,1,-20,0,4,828,24,0,0,832,0,0,0,836,0,0,24,0,-4,-824,-8,0,-24,0,-4,-816,0,-812,0,0,0,-808,-24,0
2551,0x55a1bd67939d,R,0x7ffee78d5c88,1,-4,-4,-4,824,-4,-4,4,828,0,-4,-24,832,0,-4,20,836,4,-820,-4,-816,4,4,0,4,24,-808,0,4,-4,-804,4,4
2556,0x55a1bd6793aa,W,0x7ffee78d5954,1,-820,-824,-844,4,-820,-824,-800,8,-824,-824,-824,12,-824,-824,-824,16,824,824,800,4,824,8,824,824,824,12,824,824,800,16,820,824
2558,0x55a1bd6793ad,R,0x7ffee78d5c8c,1,4,824,0,828,0,0,0,832,8,0,4,836,-20,0,4,840,-8,0,-24,0,-4,-816,20,0,-4,-812,-8,0,0,-808,0,0
2559,0x55a1bd6793ad,W,0x7ffee78d5c8c,1,0,824,0,0,-20,0,4,832,24,0,0,836,0,0,0,840,-8,-820,0,0,0,-816,0,0,0,-812,-24,0,-4,-808,20,0
2561,0x55a1bd6793b1,R,0x7ffee78d5c84,1,-8,-8,-4,-8,-28,820,-8,824,-8,-8,0,828,-4,-8,-28,832,-16,-812,4,8,28,-808,4,8,0,-804,8,8,8,-800,8,8
2563,0x55a1bd6793b4,R,0x7ffee78d5c74,1,-16,-24,-20,800,-24,804,-24,-24,-20,-24,0,812,-24,-24,-24,816,24,-796,24,24,24,-792,24,24,0,-788,20,24,44,-784,24,-780
2566,0x55a1bd6793b9,R,0x7ffee78d5c8c,1,24,0,0,824,0,0,-20,0,4,832,0,836,8,0,4,840,-4,-820,20,0,-4,-816,-8,0,0,-812,0,0,20,0,-4,-804
2571,0x55a1bd67938a,R,0x7ffee78d5c88,1,-4,-4,4,820,0,-4,-24,824,-4,828,-4,-4,20,-4,-4,836,4,-816,4,4,4,-812,-20,4,0,-808,4,-804,4,4,0,4
2573,0x55a1bd67938d,R,0x7ffee78d5c8c,1,4,0,24,824,0,0,0,828,0,0,4,0,24,836,8,840,20,-820,-4,0,-8,-816,0,0,-4,0,20,-808,0,-804,0,0
2576,0x55a1bd679393,R,0x7ffee78d5ca0,1,20,20,20,844,28,20,24,848,0,20,24,852,20,856,28,20,-20,-840,-20,-20,-44,-836,-20,-832,-20,-20,0,-20,-24,-824,-28,-20
2578,0x55a1bd679397,R,0x7ffee78d5c8c,1,-20,0,4,824,24,0,0,828,0,0,0,832,0,0,24,0,-4,-820,-8,0,-24,0,-4,-812,0,-808,0,0,0,-804,-24,0
2581,0x55a1bd67939d,R,0x7ffee78d5c88,1,-4,-4,-4,820,-4,-4,4,824,0,-4,-24,828,0,-4,20,832,4,-816,-4,-812,4,4,0,4,24,-804,0,4,-4,-800,4,4
2586,0x55a1bd6793aa,W,0x7ffee78d5958,1,-816,-820,-840,4,-816,-820,-796,8,-820,-820,-820,12,-820,-820,-820,16,820,820,796,4,820,8,820,820,820,12,820,820,796,16,816,820
2588,0x55a1bd6793ad,R,0x7ffee78d5c8c,1,4,820,0,824,0,0,0,828,8,0,4,832,-20,0,4,836,-8,0,-24,0,-4,-812,20,0,-4,-808,-8,0,0,-804,0,0
2589,0x55a1bd6793ad,W,0x7ffee78d5c8c,1,0,820,0,0,-20,0,4,828,24,0,0,832,0,0,0,836,-8,-816,0,0,0,-812,0,0,0,-808,-24,0,-4,-804,20,0
2591,0x55a1bd6793b1,R,0x7ffee78d5c84,1,-8,-8,-4,-8,-28,816,-8,820,-8,-8,0,824,-4,-8,-28,828,-16,-808,4,8,28,-804,4,8,0,-800,8,8,8,-796,8,8
2593,0x55a1bd6793b4,R,0x7ffee78d5c74,1,-16,-24,-20,796,-24,800,-24,-24,-20,-24,0,808,-24,-24,-24,812,24,-792,24,24,24,-788,24,24,0,-784,20,24,44,-780,24,-776
2596,0x55a1bd6793b9,R,0x7ffee78d5c8c,1,24,0,0,820,0,0,-20,0,4,828,0,832,8,0,4,836,-4,-816,20,0,-4,-812,-8,0,0,-808,0,0,20,0,-4,-800
2601,0x55a1bd67938a,R,0x7ffee78d5c88,1,-4,-4,4,816,0,-4,-24,820,-4,824,-4,-4,20,-4,-4,832,4,-812,4,4,4,-808,-20,4,0,-804,4,-800,4,4,0,4
2603,0x55a1bd67938d,R,0x7ffee78d5c8c,1,4,0,24,820,0,0,0,824,0,0,4,0,24,832,8,836,20,-816,-4,0,-8,-812,0,0,-4,0,20,-804,0,-800,0,0
2606,0x55a1bd679393,R,0x7ffee78d5ca0,1,20,20,20,840,28,20,24,844,0,20,24,848,20,852,28,20,-20,-836,-20,-20,-44,-832,-20,-828,-20,-20,0,-20,-24,-820,-28,-20
2608,0x55a1bd679397,R,0x7ffee78d5c8c,1,-20,0,4,820,24,0,0,824,0,0,0,828,0,0,24,0,-4,-816,-8,0,-24,0,-4,-808,0,-804,0,0,0,-800,-24,0
2611,0x55a1bd67939d,R,0x7ffee78d5c88,1,-4,-4,-4,816,-4,-4,4,820,0,-4,-24,824,0,-4,20,828,4,-812,-4,-808,4,4,0,4,24,-800,0,4,-4,-796,4,4
2616,0x55a1bd6793aa,W,0x7ffee78d595c,1,-812,-816,-836,4,-812,-816,-792,8,-816,-816,-816,12,-816,-816,-816,16,816,816,792,4,816,8,816,816,816,12,816,816,792,16,812,816
2618,0x55a1bd6793ad,R,0x7ffee78d5c8c,1,4,816,0,820,0,0,0,824,8,0,4,828,-20,0,4,832,-8,0,-24,0,-4,-808,20,0,-4,-804,-8,0,0,-800,0,0
2619,0x55a1bd6793ad,W,0x7ffee78d5c8c,1,0,816,0,0,-20,0,4,824,24,0,0,828,0,0,0,832,-8,-812,0,0,0,-808,0,0,0,-804,-24,0,-4,-800,20,0
2621,0x55a1bd6793b1,R,0x7ffee78d5c84,1,-8,-8,-4,-8,-28,812,-8,816,-8,-8,0,820,-4,-8,-28,824,-16,-804,4,8,28,-800,4,8,0,-796,8,8,8,-792,8,8
2623,0x55a1bd6793b4,R,0x7ffee78d5c74,1,-16,-24,-20,792,-24,796,-24,-24,-20,-24,0,804,-24,-24,-24,808,24,-788,24,24,24,-784,24,24,0,-780,20,24,44,-776,24,20
2626,0x55a1bd6793b9,R,0x7ffee78d5c8c,1,24,0,0,816,0,0,-20,0,4,824,0,828,8,0,4,832,-4,-812,20,0,-4,-808,-8,0,0,-804,0,0,20,0,-4,-4
2631,0x55a1bd67938a,R,0x7ffee78d5c88,1,-4,-4,4,812,0,-4,-24,816,-4,820,-4,-4,20,-4,-4,828,4,-808,4,4,4,-804,-20,4,0,-800,4,-796,4,4,0,4
2633,0x55a1bd67938d,R,0x7ffee78d5c8c,1,4,0,24,816,0,0,0,820,0,0,4,0,24,828,8,832,20,-812,-4,0,-8,-808,0,0,-4,0,20,-800,0,-4,0,0
2636,0x55a1bd679393,R,0x7ffee78d5ca0,1,20,20,20,836,28,20,24,840,0,20,24,844,20,848,28,20,-20,-832,-20,-20,-44,-828,-20,-824,-20,-20,0,-20,-24,-24,-28,-20
2638,0x55a1bd679397,R,0x7ffee78d5c8c,1,-20,0,4,816,24,0,0,820,0,0,0,824,0,0,24,0,-4,-812,-8,0,-24,0,-4,-804,0,-800,0,0,0,-4,-24,0
2641,0x55a1bd67939d,R,0x7ffee78d5c88,1,-4,-4,-4,812,-4,-4,4,816,0,-4,-24,820,0,-4,20,824,4,-808,-4,-804,4,4,0,4,24,-796,0,4,-4,0,4,4
2646,0x55a1bd6793aa,W,0x7ffee78d5960,1,-808,-812,-832,4,-808,-812,-788,8,-812,-812,-812,12,-812,-812,-812,16,812,812,788,4,812,8,812,812,812,12,812,812,788,808,808,812
2648,0x55a1bd6793ad,R,0x7ffee78d5c8c,1,4,812,0,816,0,0,0,820,8,0,4,824,-20,0,4,828,-8,0,-24,0,-4,-804,20,0,-4,-800,-8,0,0,-4,0,0
2649,0x55a1bd6793ad,W,0x7ffee78d5c8c,1,0,812,0,0,-20,0,4,820,24,0,0,824,0,0,0,828,-8,-808,0,0,0,-804,0,0,0,-800,-24,0,-4,-4,20,0
2651,0x55a1bd6793b1,R,0x7ffee78d5c84,1,-8,-8,-4,-8,-28,808,-8,812,-8,-8,0,816,-4,-8,-28,820,-16,-800,4,8,28,-796,4,8,0,-792,8,8,8,4,8,8
2653,0x55a1bd6793b4,R,0x7ffee78d5c74,1,-16,-24,-20,788,-24,792,-24,-24,-20,-24,0,800,-24,-24,-24,804,24,-784,24,24,24,-780,24,24,0,-776,20,24,44,20,24,-772
2656,0x55a1bd6793b9,R,0x7ffee78d5c8c,1,24,0,0,812,0,0,-20,0,4,820,0,824,8,0,4,828,-4,-808,20,0,-4,-804,-8,0,0,-800,0,0,20,0,-4,-796
2661,0x55a1bd67938a,R,0x7ffee78d5c88,1,-4,-4,4,808,0,-4,-24,812,-4,816,-4,-4,20,-4,-4,824,4,-804,4,4,4,-800,-20,4,0,-796,4,0,4,4,0,4
2663,0x55a1bd67938d,R,0x7ffee78d5c8c,1,4,0,24,812,0,0,0,816,0,0,4,0,24,824,8,828,20,-808,-4,0,-8,-804,0,0,-4,0,20,-4,0,-796,0,0
2666,0x55a1bd679393,R,0x7ffee78d5ca0,1,20,20,20,832,28,20,24,836,0,20,24,840,20,844,28,20,-20,-828,-20,-20,-44,-824,-20,-820,-20,-20,0,-20,-24,-816,-28,-20
2668,0x55a1bd679397,R,0x7ffee78d5c8c,1,-20,0,4,812,24,0,0,816,0,0,0,820,0,0,24,0,-4,-808,-8,0,-24,0,-4,-800,0,-4,0,0,0,-796,-24,0
2671,0x55a1bd67939d,R,0x7ffee78d5c88,1,-4,-4,-4,808,-4,-4,4,812,0,-4,-24,816,0,-4,20,820,4,-804,-4,-800,4,4,0,4,24,0,0,4,-4,-792,4,4
2676,0x55a1bd6793aa,W,0x7ffee78d5964,1,-804,-808,-828,4,-804,-808,-784,8,-808,-808,-808,12,-808,-808,-808,16,808,808,784,4,808,8,808,808,808,804,808,808,784,12,804,808
2678,0x55a1bd6793ad,R,0x7ffee78d5c8c,1,4,808,0,812,0,0,0,816,8,0,4,820,-20,0,4,824,-8,0,-24,0,-4,-800,20,0,-4,-4,-8,0,0,-796,0,0
2679,0x55a1bd6793ad,W,0x7ffee78d5c8c,1,0,808,0,0,-20,0,4,816,24,0,0,820,0,0,0,824,-8,-804,0,0,0,-800,0,0,0,-4,-24,0,-4,-796,20,0
2681,0x55a1bd6793b1,R,0x7ffee78d5c84,1,-8,-8,-4,-8,-28,804,-8,808,-8,-8,0,812,-4,-8,-28,816,-16,-796,4,8,28,-792,4,8,0,4,8,8,8,-788,8,8
2683,0x55a1bd6793b4,R,0x7ffee78d5c74,1,-16,-24,-20,784,-24,788,-24,-24,-20,-24,0,796,-24,-24,-24,800,24,-780,24,24,24,-776,24,24,0,20,20,24,44,-772,24,-768
2686,0x55a1bd6793b9,R,0x7ffee78d5c8c,1,24,0,0,808,0,0,-20,0,4,816,0,820,8,0,4,824,-4,-804,20,0,-4,-800,-8,0,0,-4,0,0,20,0,-4,-792
2691,0x55a1bd67938a,R,0x7ffee78d5c88,1,-4,-4,4,804,0,-4,-24,808,-4,812,-4,-4,20,-4,-4,820,4,-800,4,4,4,-796,-20,4,0,0,4,-792,4,4,0,4
2693,0x55a1bd67938d,R,0x7ffee78d5c8c,1,4,0,24,808,0,0,0,812,0,0,4,0,24,820,8,824,20,-804,-4,0,-8,-800,0,0,-4,0,20,-796,0,-792,0,0
2696,0x55a1bd679393,R,0x7ffee78d5ca0,1,20,20,20,828,28,20,24,832,0,20,24,836,20,840,28,20,-20,-824,-20,-20,-44,-820,-20,-24,-20,-20,0,-20,-24,-812,-28,-20
2698,0x55a1bd679397,R,0x7ffee78d5c8c,1,-20,0,4,808,24,0,0,812,0,0,0,816,0,0,24,0,-4,-804,-8,0,-24,0,-4,-4,0,-796,0,0,0,-792,-24,0
2701,0x55a1bd67939d,R,0x7ffee78d5c88,1,-4,-4,-4,804,-4,-4,4,808,0,-4,-24,812,0,-4,20,816,4,-800,-4,-796,4,4,0,4,24,-792,0,4,-4,-788,4,4
2706,0x55a1bd6793aa,W,0x7ffee78d5968,1,-800,-804,-824,4,-800,-804,-780,8,-804,-804,-804,12,-804,-804,-804,16,804,804,780,4,804,800,804,804,804,8,804,804,780,12,800,804
2708,0x55a1bd6793ad,R,0x7ffee78d5c8c,1,4,804,0,808,0,0,0,812,8,0,4,816,-20,0,4,820,-8,0,-24,0,-4,-4,20,0,-4,-796,-8,0,0,-792,-12,0
2709,0x55a1bd6793ad,W,0x7ffee78d5c8c,1,0,804,0,0,-20,0,4,812,24,0,0,816,0,0,0,820,-8,-800,0,0,0,-4,0,0,0,-796,-24,0,-4,-792,-24,0
2711,0x55a1bd6793b1,R,0x7ffee78d5c84,1,-8,-8,-4,-8,-28,800,-8,804,-8,-8,0,808,-4,-8,-28,812,-16,-792,4,8,28,4,4,8,0,-788,8,8,-4,-784,4,8
2713,0x55a1bd6793b4,R,0x7ffee78d5c74,1,-16,-24,-20,780,-24,784,-24,-24,-20,-24,0,792,-24,-24,-24,796,24,-776,24,24,24,20,24,24,0,-772,20,24,0,-768,20,-764
2716,0x55a1bd6793b9,R,0x7ffee78d5c8c,1,24,0,0,804,0,0,-20,0,4,812,0,816,8,0,4,820,-4,-800,20,0,-4,-4,-8,0,0,-796,-12,0,-24,0,-8,-788
2721,0x55a1bd67938a,R,0x7ffee78d5c88,1,-4,-4,4,800,0,-4,-24,804,-4,808,-4,-4,20,-4,-4,816,4,-796,4,4,4,0,-20,4,0,-792,-8,-788,0,4,-4,4
2723,0x55a1bd67938d,R,0x7ffee78d5c8c,1,4,0,24,804,0,0,0,808,0,0,4,0,24,816,8,820,20,-800,-4,0,-8,-4,0,0,-4,0,-24,-792,-4,-788,-8,0
2726,0x55a1bd679393,R,0x7ffee78d5ca0,1,20,20,20,824,28,20,24,828,0,20,24,832,20,836,28,20,-20,-820,-20,-20,-44,-24,-20,-816,-32,-20,-44,-20,-28,-808,-44,-20
2728,0x55a1bd679397,R,0x7ffee78d5c8c,1,-20,0,4,804,24,0,0,808,0,0,0,812,0,0,24,0,-4,-800,-8,0,-24,0,-4,-796,-12,-792,-4,0,-8,-788,0,0
2731,0x55a1bd67939d,R,0x7ffee78d5c88,1,-4,-4,-4,800,-4,-4,4,804,0,-4,-24,808,0,-4,20,812,4,-796,-4,0,4,4,0,4,-20,-788,-4,4,-20,-784,0,4
2736,0x55a1bd6793aa,W,0x7ffee78d596c,1,-796,-800,-820,4,-796,-800,-776,8,-800,-800,-800,12,-800,-800,-800,16,800,800,776,796,800,4,788,800,796,8,792,800,800,12,796,16
2738,0x55a1bd6793ad,R,0x7ffee78d5c8c,1,4,800,0,804,0,0,0,808,8,0,4,812,-20,0,4,816,-8,0,-24,0,-4,-796,-24,0,-8,-792,-24,0,0,0,0,-784
2739,0x55a1bd6793ad,W,0x7ffee78d5c8c,1,0,800,0,0,-20,0,4,808,24,0,0,812,0,0,0,816,-8,-4,0,0,-12,-796,-4,0,-8,-792,-24,-788,-4,0,20,-784
2741,0x55a1bd6793b1,R,0x7ffee78d5c84,1,-8,-8,-4,-8,-28,796,-8,800,-8,-8,0,804,-4,-8,-28,808,-16,4,4,8,-16,-788,0,8,0,8,8,-780,8,8,8,-776
2743,0x55a1bd6793b4,R,0x7ffee78d5c74,1,-16,-24,-20,776,-24,780,-24,-24,-20,-24,0,788,-24,-24,-24,792,24,20,12,24,20,-772,16,-768,0,24,20,-764,44,24,20,-760
2746,0x55a1bd6793b9,R,0x7ffee78d5c8c,1,24,0,0,800,0,0,-20,0,4,808,0,812,8,0,4,816,-4,-4,-24,0,-4,0,-8,-792,0,0,0,-788,0,0,-4,0
2749,0x55a1bd6793be,R,0x7ffee78d5c88,1,-4,-4,4,796,0,-4,-24,800,-4,804,-4,-4,20,-4,-4,812,-8,0,-20,-792,-4,4,-20,-788,0,4,24,-784,4,-780,4,4
2750,0x55a1bd6793be,W,0x7ffee78d5c88,1,0,-4,20,796,-4,-4,-4,800,-4,-4,0,-4,20,808,4,812,-8,4,0,-792,-4,4,4,-788,4,4,24,4,0,-780,-4,4
2752,0x55a1bd6793c2,R,0x7ffee78d5c80,1,-8,-8,-12,788,-4,-12,-8,792,-32,-12,-8,796,-12,800,-4,-12,-12,12,4,-784,-12,12,8,-780,12,-776,12,12,12,-772,-12,12
2754,0x55a1bd6793c5,R,0x7ffee78d5c74,1,-12,-20,-24,-24,0,-24,-24,780,-24,-24,-24,784,-24,-24,0,-24,20,24,16,-772,24,24,20,24,44,-764,20,24,16,-760,24,24
2757,0x55a1bd6793ca,R,0x7ffee78d5c88,1,20,0,0,-4,20,796,4,800,0,-4,-24,804,0,-4,20,808,-4,4,-20,-792,4,-788,4,4,4,-784,4,4,-20,-780,0,4
2760,0x55a1bd67937b,R,0x7ffee78d5c84,1,-4,-4,4,-8,-8,792,0,-8,-8,-8,-8,800,-8,-8,-8,804,0,8,-16,8,4,-784,28,8,4,-780,0,8,8,-776,8,8
2762,0x55a1bd67937e,W,0x7ffee78d5c8c,1,8,4,24,0,4,800,24,0,0,804,4,808,-20,0,4,812,-8,-796,0,0,0,-792,0,0,0,-788,-24,0,-4,-784,20,0
2765,0x55a1bd6793b1,R,0x7ffee78d5c84,1,0,-8,-4,-8,4,792,-8,-8,0,796,-4,-8,-8,-8,-8,804,-16,-788,4,8,28,-784,4,8,0,-780,8,8,8,-776,8,8
2767,0x55a1bd6793b4,R,0x7ffee78d5c74,1,-16,-24,-20,-20,0,776,-20,-24,0,780,-24,-24,-24,784,-44,788,24,-772,24,24,24,-768,24,24,0,-764,20,24,44,-760,24,-756
2770,0x55a1bd6793b9,R,0x7ffee78d5c8c,1,24,0,8,4,24,0,12,0,0,804,8,0,4,808,-20,0,-4,-796,20,0,-4,-792,-8,0,0,-788,0,0,20,0,-4,-780
2775,0x55a1bd67938a,R,0x7ffee78d5c88,1,-4,-4,4,0,0,-4,8,796,0,800,20,-4,-4,804,-4,-4,4,-792,4,4,4,-788,-20,4,0,-784,4,-780,4,4,0,4
2777,0x55a1bd67938d,R,0x7ffee78d5c8c,1,4,0,24,4,8,0,24,800,4,0,0,0,8,808,4,0,20,-796,-4,0,-8,-792,0,0,-4,0,20,-784,0,-780,0,0
2780,0x55a1bd679393,R,0x7ffee78d5ca0,1,20,20,20,24,28,20,24,820,32,20,20,824,44,828,20,20,-20,-816,-20,-20,-44,-812,-20,-808,-20,-20,0,-20,-24,-800,-28,-20
2782,0x55a1bd679397,R,0x7ffee78d5c8c,1,-20,0,4,4,24,0,8,800,24,0,4,804,24,0,8,0,-4,-796,-8,0,-24,0,-4,-788,0,-784,0,0,0,-780,-24,0
2785,0x55a1bd67939d,R,0x7ffee78d5c88,1,-4,-4,-4,0,-4,-4,4,796,0,-4,8,800,-4,-4,4,804,4,-792,-4,-788,4,4,0,4,24,-780,0,4,-4,-776,4,4
2790,0x55a1bd6793aa,W,0x7ffee78d5970,1,-792,-796,-816,-792,-792,-796,-772,4,-788,-796,-772,8,-792,-796,-772,12,796,796,772,4,796,8,796,796,796,12,796,796,772,16,792,796
2792,0x55a1bd6793ad,R,0x7ffee78d5c8c,1,4,796,0,4,0,0,0,800,8,0,4,804,12,0,0,808,-8,0,-24,0,-4,-788,20,0,-4,-784,-8,0,0,-780,0,0
2793,0x55a1bd6793ad,W,0x7ffee78d5c8c,1,0,796,0,0,-20,0,4,800,24,0,8,804,24,0,4,808,-8,-792,0,0,0,-788,0,0,0,-784,-24,0,-4,-780,20,0
2795,0x55a1bd6793b1,R,0x7ffee78d5c84,1,-8,-8,-4,-8,-28,-4,-8,792,-8,-8,0,796,-4,-8,4,800,-16,-784,4,8,28,-780,4,8,0,-776,8,8,8,-772,8,8
2797,0x55a1bd6793b4,R,0x7ffee78d5c74,1,-16,-24,-20,772,-24,-20,-24,-24,-20,-24,0,780,-16,-24,0,784,24,-768,24,24,24,-764,24,24,0,-760,20,24,44,-756,24,-752
2800,0x55a1bd6793b9,R,0x7ffee78d5c8c,1,24,0,0,796,0,0,-20,0,4,800,0,804,8,0,4,808,-4,-792,20,0,-4,-788,-8,0,0,-784,0,0,20,0,-4,-776
2805,0x55a1bd67938a,R,0x7ffee78d5c88,1,-4,-4,4,792,0,-4,-24,0,-4,796,-4,-4,20,-4,4,804,4,-788,4,4,4,-784,-20,4,0,-780,4,-776,4,4,0,4
2807,0x55a1bd67938d,R,0x7ffee78d5c8c,1,4,0,24,796,0,0,0,4,0,0,4,0,24,804,8,808,20,-792,-4,0,-8,-788,0,0,-4,0,20,-780,0,-776,0,0
2810,0x55a1bd679393,R,0x7ffee78d5ca0,1,20,20,20,816,28,20,24,24,0,20,24,820,20,824,28,20,-20,-812,-20,-20,-44,-808,-20,-804,-20,-20,0,-20,-24,-796,-28,-20
2812,0x55a1bd679397,R,0x7ffee78d5c8c,1,-20,0,4,796,24,0,0,4,0,0,0,800,0,0,24,0,-4,-792,-8,0,-24,0,-4,-784,0,-780,0,0,0,-776,-24,0
2815,0x55a1bd67939d,R,0x7ffee78d5c88,1,-4,-4,-4,792,-4,-4,4,0,0,-4,-24,796,0,-4,20,800,4,-788,-4,-784,4,4,0,4,24,-776,0,4,-4,-772,4,4
2820,0x55a1bd6793aa,W,0x7ffee78d5974,1,-788,-792,-812,4,-788,-792,-768,-788,-792,-792,-792,8,-792,-792,-792,12,792,792,768,4,792,8,792,792,792,12,792,792,768,16,788,792
2822,0x55a1bd6793ad,R,0x7ffee78d5c8c,1,4,792,0,796,0,0,0,4,8,0,4,800,-20,0,4,804,-8,0,-24,0,-4,-784,20,0,-4,-780,-8,0,0,-776,0,0
2823,0x55a1bd6793ad,W,0x7ffee78d5c8c,1,0,792,0,0,-20,0,4,4,24,0,0,800,0,0,0,804,-8,-788,0,0,0,-784,0,0,0,-780,-24,0,-4,-776,20,0
2825,0x55a1bd6793b1,R,0x7ffee78d5c84,1,-8,-8,-4,-8,-28,788,-8,-4,-8,-8,0,792,-4,-8,-28,796,-16,-780,4,8,28,-776,4,8,0,-772,8,8,8,-768,8,8
2827,0x55a1bd6793b4,R,0x7ffee78d5c74,1,-16,-24,-20,768,-24,772,-24,-24,-20,-24,0,776,-24,-24,-24,780,24,-764,24,24,24,-760,24,24,0,-756,20,24,44,-752,24,-748
2830,0x55a1bd6793b9,R,0x7ffee78d5c8c,1,24,0,0,792,0,0,-20,0,4,4,0,800,8,0,4,804,-4,-788,20,0,-4,-784,-8,0,0,-780,0,0,20,0,-4,-772
2835,0x55a1bd67938a,R,0x7ffee78d5c88,1,-4,-4,4,788,0,-4,-24,792,-4,0,-4,-4,20,-4,-4,800,4,-784,4,4,4,-780,-20,4,0,-776,4,-772,4,4,0,4
2837,0x55a1bd67938d,R,0x7ffee78d5c8c,1,4,0,24,792,0,0,0,796,0,0,4,0,24,800,8,804,20,-788,-4,0,-8,-784,0,0,-4,0,20,-776,0,-772,0,0
2840,0x55a1bd679393,R,0x7ffee78d5ca0,1,20,20,20,812,28,20,24,816,0,20,24,24,20,820,28,20,-20,-808,-20,-20,-44,-804,-20,-800,-20,-20,0,-20,-24,-792,-28,-20
2842,0x55a1bd679397,R,0x7ffee78d5c8c,1,-20,0,4,792,24,0,0,796,0,0,0,4,0,0,24,0,-4,-788,-8,0,-24,0,-4,-780,0,-776,0,0,0,-772,-24,0
2845,0x55a1bd67939d,R,0x7ffee78d5c88,1,-4,-4,-4,788,-4,-4,4,792,0,-4,-24,0,0,-4,20,796,4,-784,-4,-780,4,4,0,4,24,-772,0,4,-4,-768,4,4
2850,0x55a1bd6793aa,W,0x7ffee78d5978,1,-784,-788,-808,4,-784,-788,-764,8,-788,-788,-788,-784,-788,-788,-788,12,788,788,764,4,788,8,788,788,788,12,788,788,764,16,784,788
2852,0x55a1bd6793ad,R,0x7ffee78d5c8c,1,4,788,0,792,0,0,0,796,8,0,4,4,-20,0,4,800,-8,0,-24,0,-4,-780,20,0,-4,-776,-8,0,0,-772,0,0
2853,0x55a1bd6793ad,W,0x7ffee78d5c8c,1,0,788,0,0,-20,0,4,796,24,0,0,4,0,0,0,800,-8,-784,0,0,0,-780,0,0,0,-776,-24,0,-4,-772,20,0
2855,0x55a1bd6793b1,R,0x7ffee78d5c84,1,-8,-8,-4,-8,-28,784,-8,788,-8,-8,0,-4,-4,-8,-28,792,-16,-776,4,8,28,-772,4,8,0,-768,8,8,8,-764,8,8
2857,0x55a1bd6793b4,R,0x7ffee78d5c74,1,-16,-24,-20,764,-24,768,-24,-24,-20,-24,0,-20,-24,-24,-24,776,24,-760,24,24,24,-756,24,24,0,-752,20,24,44,-748,24,-744
2860,0x55a1bd6793b9,R,0x7ffee78d5c8c,1,24,0,0,788,0,0,-20,0,4,796,0,4,8,0,4,800,-4,-784,20,0,-4,-780,-8,0,0,-776,0,0,20,0,-4,-768
2865,0x55a1bd67938a,R,0x7ffee78d5c88,1,-4,-4,4,784,0,-4,-24,788,-4,792,-4,-4,20,-4,-4,796,4,-780,4,4,4,-776,-20,4,0,-772,4,-768,4,4,0,4
2867,0x55a1bd67938d,R,0x7ffee78d5c8c,1,4,0,24,788,0,0,0,792,0,0,4,0,24,4,8,800,20,-784,-4,0,-8,-780,0,0,-4,0,20,-772,0,-768,0,0
2870,0x55a1bd679393,R,0x7ffee78d5ca0,1,20,20,20,808,28,20,24,812,0,20,24,816,20,24,28,20,-20,-804,-20,-20,-44,-800,-20,-796,-20,-20,0,-20,-24,-788,-28,-20
2872,0x55a1bd679397,R,0x7ffee78d5c8c,1,-20,0,4,788,24,0,0,792,0,0,0,796,0,0,24,0,-4,-784,-8,0,-24,0,-4,-776,0,-772,0,0,0,-768,-24,0
2875,0x55a1bd67939d,R,0x7ffee78d5c88,1,-4,-4,-4,784,-4,-4,4,788,0,-4,-24,792,0,-4,20,0,4,-780,-4,-776,4,4,0,4,24,-768,0,4,-4,-764,4,4
2880,0x55a1bd6793aa,W,0x7ffee78d597c,1,-780,-784,-804,4,-780,-784,-760,8,-784,-784,-784,12,-784,-784,-784,-780,784,784,760,4,784,8,784,784,784,12,784,784,760,16,780,784
2882,0x55a1bd6793ad,R,0x7ffee78d5c8c,1,4,784,0,788,0,0,0,792,8,0,4,796,-20,0,4,4,-8,0,-24,0,-4,-776,20,0,-4,-772,-8,0,0,-768,0,0
2883,0x55a1bd6793ad,W,0x7ffee78d5c8c,1,0,784,0,0,-20,0,4,792,24,0,0,796,0,0,0,4,-8,-780,0,0,0,-776,0,0,0,-772,-24,0,-4,-768,20,0
2885,0x55a1bd6793b1,R,0x7ffee78d5c84,1,-8,-8,-4,-8,-28,780,-8,784,-8,-8,0,788,-4,-8,-28,-4,-16,-772,4,8,28,-768,4,8,0,-764,8,8,8,-760,8,8
2887,0x55a1bd6793b4,R,0x7ffee78d5c74,1,-16,-24,-20,760,-24,764,-24,-24,-20,-24,0,772,-24,-24,-24,-20,24,-756,24,24,24,-752,24,24,0,-748,20,24,44,-744,24,-740
2890,0x55a1bd6793b9,R,0x7ffee78d5c8c,1,24,0,0,784,0,0,-20,0,4,792,0,796,8,0,4,4,-4,-780,20,0,-4,-776,-8,0,0,-772,0,0,20,0,-4,-764
2895,0x55a1bd67938a,R,0x7ffee78d5c88,1,-4,-4,4,780,0,-4,-24,784,-4,788,-4,-4,20,-4,-4,0,4,-776,4,4,4,-772,-20,4,0,-768,4,-764,4,4,0,4
2897,0x55a1bd67938d,R,0x7ffee78d5c8c,1,4,0,24,784,0,0,0,788,0,0,4,0,24,796,8,4,20,-780,-4,0,-8,-776,0,0,-4,0,20,-768,0,-764,0,0
2900,0x55a1bd679393,R,0x7ffee78d5ca0,1,20,20,20,804,28,20,24,808,0,20,24,812,20,816,28,20,-20,-800,-20,-20,-44,-796,-20,-792,-20,-20,0,-20,-24,-784,-28,-20
2902,0x55a1bd679397,R,0x7ffee78d5c8c,1,-20,0,4,784,24,0,0,788,0,0,0,792,0,0,24,0,-4,-780,-8,0,-24,0,-4,-772,0,-768,0,0,0,-764,-24,0
2905,0x55a1bd67939d,R,0x7ffee78d5c88,1,-4,-4,-4,780,-4,-4,4,784,0,-4,-24,788,0,-4,20,792,4,-776,-4,-772,4,4,0,4,24,-764,0,4,-4,-760,4,4
2910,0x55a1bd6793aa,W,0x7ffee78d5980,1,-776,-780,-800,4,-776,-780,-756,8,-780,-780,-780,12,-780,-780,-780,16,780,780,756,4,780,8,780,780,780,12,780,780,756,16,776,780
2912,0x55a1bd6793ad,R,0x7ffee78d5c8c,1,4,780,0,784,0,0,0,788,8,0,4,792,-20,0,4,796,-8,0,-24,0,-4,-772,20,0,-4,-768,-8,0,0,-764,0,0
2913,0x55a1bd6793ad,W,0x7ffee78d5c8c,1,0,780,0,0,-20,0,4,788,24,0,0,792,0,0,0,796,-8,-776,0,0,0,-772,0,0,0,-768,-24,0,-4,-764,20,0
2915,0x55a1bd6793b1,R,0x7ffee78d5c84,1,-8,-8,-4,-8,-28,776,-8,780,-8,-8,0,784,-4,-8,-28,788,-16,-768,4,8,28,-764,4,8,0,-760,8,8,8,-756,8,8
2917,0x55a1bd6793b4,R,0x7ffee78d5c74,1,-16,-24,-20,756,-24,760,-24,-24,-20,-24,0,768,-24,-24,-24,772,24,-752,24,24,24,-748,24,24,0,-744,20,24,44,-740,24,-736
2920,0x55a1bd6793b9,R,0x7ffee78d5c8c,1,24,0,0,780,0,0,-20,0,4,788,0,792,8,0,4,796,-4,-776,20,0,-4,-772,-8,0,0,-768,0,0,20,0,-4,-760
2925,0x55a1bd67938a,R,0x7ffee78d5c88,1,-4,-4,4,776,0,-4,-24,780,-4,784,-4,-4,20,-4,-4,792,4,-772,4,4,4,-768,-20,4,0,-764,4,-760,4,4,0,4
2927,0x55a1bd67938d,R,0x7ffee78d5c8c,1,4,0,24,780,0,0,0,784,0,0,4,0,24,792,8,796,20,-776,-4,0,-8,-772,0,0,-4,0,20,-764,0,-760,0,0
2930,0x55a1bd679393,R,0x7ffee78d5ca0,1,20,20,20,800,28,20,24,804,0,20,24,808,20,812,28,20,-20,-796,-20,-20,-44,-792,-20,-788,-20,-20,0,-20,-24,-780,-28,-20
2932,0x55a1bd679397,R,0x7ffee78d5c8c,1,-20,0,4,780,24,0,0,784,0,0,0,788,0,0,24,0,-4,-776,-8,0,-24,0,-4,-768,0,-764,0,0,0,-760,-24,0
2935,0x55a1bd67939d,R,0x7ffee78d5c88,1,-4,-4,-4,776,-4,-4,4,780,0,-4,-24,784,0,-4,20,788,4,-772,-4,-768,4,4,0,4,24,-760,0,4,-4,-756,4,4
2940,0x55a1bd6793aa,W,0x7ffee78d5984,1,-772,-776,-796,4,-772,-776,-752,8,-776,-776,-776,12,-776,-776,-776,16,776,776,752,4,776,8,776,776,776,12,776,776,752,16,772,776
2942,0x55a1bd6793ad,R,0x7ffee78d5c8c,1,4,776,0,780,0,0,0,784,8,0,4,788,-20,0,4,792,-8,0,-24,0,-4,-768,20,0,-4,-764,-8,0,0,-760,0,0
2943,0x55a1bd6793ad,W,0x7ffee78d5c8c,1,0,776,0,0,-20,0,4,784,24,0,0,788,0,0,0,792,-8,-772,0,0,0,-768,0,0,0,-764,-24,0,-4,-760,20,0
2945,0x55a1bd6793b1,R,0x7ffee78d5c84,1,-8,-8,-4,-8,-28,772,-8,776,-8,-8,0,780,-4,-8,-28,784,-16,-764,4,8,28,-760,4,8,0,-756,8,8,8,-752,8,8
2947,0x55a1bd6793b4,R,0x7ffee78d5c74,1,-16,-24,-20,752,-24,756,-24,-24,-20,-24,0,764,-24,-24,-24,768,24,-748,24,24,24,-744,24,24,0,-740,20,24,44,-736,24,-732
2950,0x55a1bd6793b9,R,0x7ffee78d5c8c,1,24,0,0,776,0,0,-20,0,4,784,0,788,8,0,4,792,-4,-772,20,0,-4,-768,-8,0,0,-764,0,0,20,0,-4,-756
2955,0x55a1bd67938a,R,0x7ffee78d5c88,1,-4,-4,4,772,0,-4,-24,776,-4,780,-4,-4,20,-4,-4,788,4,-768,4,4,4,-764,-20,4,0,-760,4,-756,4,4,0,4
2957,0x55a1bd67938d,R,0x7ffee78d5c8c,1,4,0,24,776,0,0,0,780,0,0,4,0,24,788,8,792,20,-772,-4,0,-8,-768,0,0,-4,0,20,-760,0,-756,0,0
2960,0x55a1bd679393,R,0x7ffee78d5ca0,1,20,20,20,796,28,20,24,800,0,20,24,804,20,808,28,20,-20,-792,-20,-20,-44,-788,-20,-784,-20,-20,0,-20,-24,-776,-28,-20
2962,0x55a1bd679397,R,0x7ffee78d5c8c,1,-20,0,4,776,24,0,0,780,0,0,0,784,0,0,24,0,-4,-772,-8,0,-24,0,-4,-764,0,-760,0,0,0,-756,-24,0
2965,0x55a1bd67939d,R,0x7ffee78d5c88,1,-4,-4,-4,772,-4,-4,4,776,0,-4,-24,780,0,-4,20,784,4,-768,-4,-764,4,4,0,4,24,-756,0,4,-4,-752,4,4
2970,0x55a1bd6793aa,W,0x7ffee78d5988,1,-768,-772,-792,4,-768,-772,-748,8,-772,-772,-772,12,-772,-772,-772,16,772,772,748,4,772,8,772,772,772,12,772,772,748,16,768,772
2972,0x55a1bd6793ad,R,0x7ffee78d5c8c,1,4,772,0,776,0,0,0,780,8,0,4,784,-20,0,4,788,-8,0,-24,0,-4,-764,20,0,-4,-760,-8,0,0,-756,0,0
2973,0x55a1bd6793ad,W,0x7ffee78d5c8c,1,0,772,0,0,-20,0,4,780,24,0,0,784,0,0,0,788,-8,-768,0,0,0,-764,0,0,0,-760,-24,0,-4,-756,20,0
2975,0x55a1bd6793b1,R,0x7ffee78d5c84,1,-8,-8,-4,-8,-28,768,-8,772,-8,-8,0,776,-4,-8,-28,780,-16,-760,4,8,28,-756,4,8,0,-752,8,8,8,-748,8,8
2977,0x55a1bd6793b4,R,0x7ffee78d5c74,1,-16,-24,-20,748,-24,752,-24,-24,-20,-24,0,760,-24,-24,-24,764,24,-744,24,24,24,-740,24,24,0,-736,20,24,44,-732,24,-728
2980,0x55a1bd6793b9,R,0x7ffee78d5c8c,1,24,0,0,772,0,0,-20,0,4,780,0,784,8,0,4,788,-4,-768,20,0,-4,-764,-8,0,0,-760,0,0,20,0,-4,-752
2985,0x55a1bd67938a,R,0x7ffee78d5c88,1,-4,-4,4,768,0,-4,-24,772,-4,776,-4,-4,20,-4,-4,784,4,-764,4,4,4,-760,-20,4,0,-756,4,-752,4,4,0,4
2987,0x55a1bd67938d,R,0x7ffee78d5c8c,1,4,0,24,772,0,0,0,776,0,0,4,0,24,784,8,788,20,-768,-4,0,-8,-764,0,0,-4,0,20,-756,0,-752,0,0
2990,0x55a1bd679393,R,0x7ffee78d5ca0,1,20,20,20,792,28,20,24,796,0,20,24,800,20,804,28,20,-20,-788,-20,-20,-44,-784,-20,-780,-20,-20,0,-20,-24,-772,-28,-20
2992,0x55a1bd679397,R,0x7ffee78d5c8c,1,-20,0,4,772,24,0,0,776,0,0,0,780,0,0,24,0,-4,-768,-8,0,-24,0,-4,-760,0,-756,0,0,0,-752,-24,0
2995,0x55a1bd67939d,R,0x7ffee78d5c88,1,-4,-4,-4,768,-4,-4,4,772,0,-4,-24,776,0,-4,20,780,4,-764,-4,-760,4,4,0,4,24,-752,0,4,-4,-748,4,4
3000,0x55a1bd6793aa,W,0x7ffee78d598c,1,-764,-768,-788,4,-764,-768,-744,8,-768,-768,-768,12,-768,-768,-768,16,768,768,744,4,768,8,768,768,768,12,768,768,744,16,764,768
3002,0x55a1bd6793ad,R,0x7ffee78d5c8c,1,4,768,0,772,0,0,0,776,8,0,4,780,-20,0,4,784,-8,0,-24,0,-4,-760,20,0,-4,-756,-8,0,0,-752,0,0
3003,0x55a1bd6793ad,W,0x7ffee78d5c8c,1,0,768,0,0,-20,0,4,776,24,0,0,780,0,0,0,784,-8,-764,0,0,0,-760,0,0,0,-756,-24,0,-4,-752,20,0
3005,0x55a1bd6793b1,R,0x7ffee78d5c84,1,-8,-8,-4,-8,-28,764,-8,768,-8,-8,0,772,-4,-8,-28,776,-16,-756,4,8,28,-752,4,8,0,-748,8,8,8,-744,8,8
3007,0x55a1bd6793b4,R,0x7ffee78d5c74,1,-16,-24,-20,744,-24,748,-24,-24,-20,-24,0,756,-24,-24,-24,760,24,-740,24,24,24,-736,24,24,0,-732,20,24,44,-728,24,-724
3010,0x55a1bd6793b9,R,0x7ffee78d5c8c,1,24,0,0,768,0,0,-20,0,4,776,0,780,8,0,4,784,-4,-764,20,0,-4,-760,-8,0,0,-756,0,0,20,0,-4,-748
3015,0x55a1bd67938a,R,0x7ffee78d5c88,1,-4,-4,4,764,0,-4,-24,768,-4,772,-4,-4,20,-4,-4,780,4,-760,4,4,4,-756,-20,4,0,-752,4,-748,4,4,0,4
3017,0x55a1bd67938d,R,0x7ffee78d5c8c,1,4,0,24,768,0,0,0,772,0,0,4,0,24,780,8,784,20,-764,-4,0,-8,-760,0,0,-4,0,20,-752,0,-748,0,0
3020,0x55a1bd679393,R,0x7ffee78d5ca0,1,20,20,20,788,28,20,24,792,0,20,24,796,20,800,28,20,-20,-784,-20,-20,-44,-780,-20,-776,-20,-20,0,-20,-24,-768,-28,-20
3022,0x55a1bd679397,R,0x7ffee78d5c8c,1,-20,0,4,768,24,0,0,772,0,0,0,776,0,0,24,0,-4,-764,-8,0,-24,0,-4,-756,0,-752,0,0,0,-748,-24,0
3025,0x55a1bd67939d,R,0x7ffee78d5c88,1,-4,-4,-4,764,-4,-4,4,768,0,-4,-24,772,0,-4,20,776,4,-760,-4,-756,4,4,0,4,24,-748,0,4,-4,-744,4,4
3030,0x55a1bd6793aa,W,0x7ffee78d5990,1,-760,-764,-784,4,-760,-764,-740,8,-764,-764,-764,12,-764,-764,-764,16,764,764,740,4,764,8,764,764,764,12,764,764,740,16,760,764
3032,0x55a1bd6793ad,R,0x7ffee78d5c8c,1,4,764,0,768,0,0,0,772,8,0,4,776,-20,0,4,780,-8,0,-24,0,-4,-756,20,0,-4,-752,-8,0,0,-748,0,0
3033,0x55a1bd6793ad,W,0x7ffee78d5c8c,1,0,764,0,0,-20,0,4,772,24,0,0,776,0,0,0,780,-8,-760,0,0,0,-756,0,0,0,-752,-24,0,-4,-748,20,0
3035,0x55a1bd6793b1,R,0x7ffee78d5c84,1,-8,-8,-4,-8,-28,760,-8,764,-8,-8,0,768,-4,-8,-28,772,-16,-752,4,8,28,-748,4,8,0,-744,8,8,8,-740,8,8
3037,0x55a1bd6793b4,R,0x7ffee78d5c74,1,-16,-24,-20,740,-24,744,-24,-24,-20,-24,0,752,-24,-24,-24,756,24,-736,24,24,24,-732,24,24,0,-728,20,24,44,-724,24,-720
3040,0x55a1bd6793b9,R,0x7ffee78d5c8c,1,24,0,0,764,0,0,-20,0,4,772,0,776,8,0,4,780,-4,-760,20,0,-4,-756,-8,0,0,-752,0,0,20,0,-4,-744
3045,0x55a1bd67938a,R,0x7ffee78d5c88,1,-4,-4,4,760,0,-4,-24,764,-4,768,-4,-4,20,-4,-4,776,4,-756,4,4,4,-752,-20,4,0,-748,4,-744,4,4,0,4
3047,0x55a1bd67938d,R,0x7ffee78d5c8c,1,4,0,24,764,0,0,0,768,0,0,4,0,24,776,8,780,20,-760,-4,0,-8,-756,0,0,-4,0,20,-748,0,-744,0,0
3050,0x55a1bd679393,R,0x7ffee78d5ca0,1,20,20,20,784,28,20,24,788,0,20,24,792,20,796,28,20,-20,-780,-20,-20,-44,-776,-20,-772,-20,-20,0,-20,-24,-764,-28,-20
3052,0x55a1bd679397,R,0x7ffee78d5c8c,1,-20,0,4,764,24,0,0,768,0,0,0,772,0,0,24,0,-4,-760,-8,0,-24,0,-4,-752,0,-748,0,0,0,-744,-24,0
3055,0x55a1bd67939d,R,0x7ffee78d5c88,1,-4,-4,-4,760,-4,-4,4,764,0,-4,-24,768,0,-4,20,772,4,-756,-4,-752,4,4,0,4,24,-744,0,4,-4,-740,4,4
3060,0x55a1bd6793aa,W,0x7ffee78d5994,1,-756,-760,-780,4,-756,-760,-736,8,-760,-760,-760,12,-760,-760,-760,16,760,760,736,4,760,8,760,760,760,12,760,760,736,16,756,760
3062,0x55a1bd6793ad,R,0x7ffee78d5c8c,1,4,760,0,764,0,0,0,768,8,0,4,772,-20,0,4,776,-8,0,-24,0,-4,-752,20,0,-4,-748,-8,0,0,-744,0,0
3063,0x55a1bd6793ad,W,0x7ffee78d5c8c,1,0,760,0,0,-20,0,4,768,24,0,0,772,0,0,0,776,-8,-756,0,0,0,-752,0,0,0,-748,-24,0,-4,-744,20,0
3065,0x55a1bd6793b1,R,0x7ffee78d5c84,1,-8,-8,-4,-8,-28,756,-8,760,-8,-8,0,764,-4,-8,-28,768,-16,-748,4,8,28,-744,4,8,0,-740,8,8,8,-736,8,8
3067,0x55a1bd6793b4,R,0x7ffee78d5c74,1,-16,-24,-20,736,-24,740,-24,-24,-20,-24,0,748,-24,-24,-24,752,24,-732,24,24,24,-728,24,24,0,-724,20,24,44,-720,24,-716
3070,0x55a1bd6793b9,R,0x7ffee78d5c8c,1,24,0,0,760,0,0,-20,0,4,768,0,772,8,0,4,776,-4,-756,20,0,-4,-752,-8,0,0,-748,0,0,20,0,-4,-740
3075,0x55a1bd67938a,R,0x7ffee78d5c88,1,-4,-4,4,756,0,-4,-24,760,-4,764,-4,-4,20,-4,-4,772,4,-752,4,4,4,-748,-20,4,0,-744,4,-740,4,4,0,4
3077,0x55a1bd67938d,R,0x7ffee78d5c8c,1,4,0,24,760,0,0,0,764,0,0,4,0,24,772,8,776,20,-756,-4,0,-8,-752,0,0,-4,0,20,-744,0,-740,0,0
3080,0x55a1bd679393,R,0x7ffee78d5ca0,1,20,20,20,780,28,20,24,784,0,20,24,788,20,792,28,20,-20,-776,-20,-20,-44,-772,-20,-768,-20,-20,0,-20,-24,-760,-28,-20
3082,0x55a1bd679397,R,0x7ffee78d5c8c,1,-20,0,4,760,24,0,0,764,0,0,0,768,0,0,24,0,-4,-756,-8,0,-24,0,-4,-748,0,-744,0,0,0,-740,-24,0
3085,0x55a1bd67939d,R,0x7ffee78d5c88,1,-4,-4,-4,756,-4,-4,4,760,0,-4,-24,764,0,-4,20,768,4,-752,-4,-748,4,4,0,4,24,-740,0,4,-4,-736,4,4
3090,0x55a1bd6793aa,W,0x7ffee78d5998,1,-752,-756,-776,4,-752,-756,-732,8,-756,-756,-756,12,-756,-756,-756,16,756,756,732,4,756,8,756,756,756,12,756,756,732,16,752,756
3092,0x55a1bd6793ad,R,0x7ffee78d5c8c,1,4,756,0,760,0,0,0,764,8,0,4,768,-20,0,4,772,-8,0,-24,0,-4,-748,20,0,-4,-744,-8,0,0,-740,0,0
3093,0x55a1bd6793ad,W,0x7ffee78d5c8c,1,0,756,0,0,-20,0,4,764,24,0,0,768,0,0,0,772,-8,-752,0,0,0,-748,0,0,0,-744,-24,0,-4,-740,20,0
3095,0x55a1bd6793b1,R,0x7ffee78d5c84,1,-8,-8,-4,-8,-28,752,-8,756,-8,-8,0,760,-4,-8,-28,764,-16,-744,4,8,28,-740,4,8,0,-736,8,8,8,-732,8,8
3097,0x55a1bd6793b4,R,0x7ffee78d5c74,1,-16,-24,-20,732,-24,736,-24,-24,-20,-24,0,744,-24,-24,-24,748,24,-728,24,24,24,-724,24,24,0,-720,20,24,44,-716,24,-712
3100,0x55a1bd6793b9,R,0x7ffee78d5c8c,1,24,0,0,756,0,0,-20,0,4,764,0,768,8,0,4,772,-4,-752,20,0,-4,-748,-8,0,0,-744,0,0,20,0,-4,-736
3105,0x55a1bd67938a,R,0x7ffee78d5c88,1,-4,-4,4,752,0,-4,-24,756,-4,760,-4,-4,20,-4,-4,768,4,-748,4,4,4,-744,-20,4,0,-740,4,-736,4,4,0,4
3107,0x55a1bd67938d,R,0x7ffee78d5c8c,1,4,0,24,756,0,0,0,760,0,0,4,0,24,768,8,772,20,-752,-4,0,-8,-748,0,0,-4,0,20,-740,0,-736,0,0
3110,0x55a1bd679393,R,0x7ffee78d5ca0,1,20,20,20,776,28,20,24,780,0,20,24,784,20,788,28,20,-20,-772,-20,-20,-44,-768,-20,-764,-20,-20,0,-20,-24,-756,-28,-20
3112,0x55a1bd679397,R,0x7ffee78d5c8c,1,-20,0,4,756,24,0,0,760,0,0,0,764,0,0,24,0,-4,-752,-8,0,-24,0,-4,-744,0,-740,0,0,0,-736,-24,0
3115,0x55a1bd67939d,R,0x7ffee78d5c88,1,-4,-4,-4,752,-4,-4,4,756,0,-4,-24,760,0,-4,20,764,4,-748,-4,-744,4,4,0,4,24,-736,0,4,-4,-732,4,4
3120,0x55a1bd6793aa,W,0x7ffee78d599c,1,-748,-752,-772,4,-748,-752,-728,8,-752,-752,-752,12,-752,-752,-752,16,752,752,728,4,752,8,752,752,752,12,752,752,728,16,748,752
3122,0x55a1bd6793ad,R,0x7ffee78d5c8c,1,4,752,0,756,0,0,0,760,8,0,4,764,-20,0,4,768,-8,0,-24,0,-4,-744,20,0,-4,-740,-8,0,0,-736,0,0
3123,0x55a1bd6793ad,W,0x7ffee78d5c8c,1,0,752,0,0,-20,0,4,760,24,0,0,764,0,0,0,768,-8,-748,0,0,0,-744,0,0,0,-740,-24,0,-4,-736,20,0
3125,0x55a1bd6793b1,R,0x7ffee78d5c84,1,-8,-8,-4,-8,-28,748,-8,752,-8,-8,0,756,-4,-8,-28,760,-16,-740,4,8,28,-736,4,8,0,-732,8,8,8,-728,8,8
3127,0x55a1bd6793b4,R,0x7ffee78d5c74,1,-16,-24,-20,728,-24,732,-24,-24,-20,-24,0,740,-24,-24,-24,744,24,-724,24,24,24,-720,24,24,0,-716,20,24,44,-712,24,20
3130,0x55a1bd6793b9,R,0x7ffee78d5c8c,1,24,0,0,752,0,0,-20,0,4,760,0,764,8,0,4,768,-4,-748,20,0,-4,-744,-8,0,0,-740,0,0,20,0,-4,-4
3135,0x55a1bd67938a,R,0x7ffee78d5c88,1,-4,-4,4,748,0,-4,-24,752,-4,756,-4,-4,20,-4,-4,764,4,-744,4,4,4,-740,-20,4,0,-736,4,-732,4,4,0,4
3137,0x55a1bd67938d,R,0x7ffee78d5c8c,1,4,0,24,752,0,0,0,756,0,0,4,0,24,764,8,768,20,-748,-4,0,-8,-744,0,0,-4,0,20,-736,0,-4,0,0
3140,0x55a1bd679393,R,0x7ffee78d5ca0,1,20,20,20,772,28,20,24,776,0,20,24,780,20,784,28,20,-20,-768,-20,-20,-44,-764,-20,-760,-20,-20,0,-20,-24,-24,-28,-20
3142,0x55a1bd679397,R,0x7ffee78d5c8c,1,-20,0,4,752,24,0,0,756,0,0,0,760,0,0,24,0,-4,-748,-8,0,-24,0,-4,-740,0,-736,0,0,0,-4,-24,0
3145,0x55a1bd67939d,R,0x7ffee78d5c88,1,-4,-4,-4,748,-4,-4,4,752,0,-4,-24,756,0,-4,20,760,4,-744,-4,-740,4,4,0,4,24,-732,0,4,-4,0,4,4
3150,0x55a1bd6793aa,W,0x7ffee78d59a0,1,-744,-748,-768,4,-744,-748,-724,8,-748,-748,-748,12,-748,-748,-748,16,748,748,724,4,748,8,748,748,748,12,748,748,724,744,744,748
3152,0x55a1bd6793ad,R,0x7ffee78d5c8c,1,4,748,0,752,0,0,0,756,8,0,4,760,-20,0,4,764,-8,0,-24,0,-4,-740,20,0,-4,-736,-8,0,0,-4,0,0
3153,0x55a1bd6793ad,W,0x7ffee78d5c8c,1,0,748,0,0,-20,0,4,756,24,0,0,760,0,0,0,764,-8,-744,0,0,0,-740,0,0,0,-736,-24,0,-4,-4,20,0
3155,0x55a1bd6793b1,R,0x7ffee78d5c84,1,-8,-8,-4,-8,-28,744,-8,748,-8,-8,0,752,-4,-8,-28,756,-16,-736,4,8,28,-732,4,8,0,-728,8,8,8,4,8,8
3157,0x55a1bd6793b4,R,0x7ffee78d5c74,1,-16,-24,-20,724,-24,728,-24,-24,-20,-24,0,736,-24,-24,-24,740,24,-720,24,24,24,-716,24,24,0,-712,20,24,44,20,24,-708
3160,0x55a1bd6793b9,R,0x7ffee78d5c8c,1,24,0,0,748,0,0,-20,0,4,756,0,760,8,0,4,764,-4,-744,20,0,-4,-740,-8,0,0,-736,0,0,20,0,-4,-732
3165,0x55a1bd67938a,R,0x7ffee78d5c88,1,-4,-4,4,744,0,-4,-24,748,-4,752,-4,-4,20,-4,-4,760,4,-740,4,4,4,-736,-20,4,0,-732,4,0,4,4,0,4
3167,0x55a1bd67938d,R,0x7ffee78d5c8c,1,4,0,24,748,0,0,0,752,0,0,4,0,24,760,8,764,20,-744,-4,0,-8,-740,0,0,-4,0,20,-4,0,-732,0,0
3170,0x55a1bd679393,R,0x7ffee78d5ca0,1,20,20,20,768,28,20,24,772,0,20,24,776,20,780,28,20,-20,-764,-20,-20,-44,-760,-20,-756,-20,-20,0,-20,-24,-752,-28,-20
3172,0x55a1bd679397,R,0x7ffee78d5c8c,1,-20,0,4,748,24,0,0,752,0,0,0,756,0,0,24,0,-4,-744,-8,0,-24,0,-4,-736,0,-4,0,0,0,-732,-24,0
3175,0x55a1bd67939d,R,0x7ffee78d5c88,1,-4,-4,-4,744,-4,-4,4,748,0,-4,-24,752,0,-4,20,756,4,-740,-4,-736,4,4,0,4,24,0,0,4,-4,-728,4,4
3180,0x55a1bd6793aa,W,0x7ffee78d59a4,1,-740,-744,-764,4,-740,-744,-720,8,-744,-744,-744,12,-744,-744,-744,16,744,744,720,4,744,8,744,744,744,740,744,744,720,12,740,744
3182,0x55a1bd6793ad,R,0x7ffee78d5c8c,1,4,744,0,748,0,0,0,752,8,0,4,756,-20,0,4,760,-8,0,-24,0,-4,-736,20,0,-4,-4,-8,0,0,-732,0,0
3183,0x55a1bd6793ad,W,0x7ffee78d5c8c,1,0,744,0,0,-20,0,4,752,24,0,0,756,0,0,0,760,-8,-740,0,0,0,-736,0,0,0,-4,-24,0,-4,-732,20,0
3185,0x55a1bd6793b1,R,0x7ffee78d5c84,1,-8,-8,-4,-8,-28,740,-8,744,-8,-8,0,748,-4,-8,-28,752,-16,-732,4,8,28,-728,4,8,0,4,8,8,8,-724,8,8
3187,0x55a1bd6793b4,R,0x7ffee78d5c74,1,-16,-24,-20,720,-24,724,-24,-24,-20,-24,0,732,-24,-24,-24,736,24,-716,24,24,24,-712,24,24,0,20,20,24,44,-708,24,-704
3190,0x55a1bd6793b9,R,0x7ffee78d5c8c,1,24,0,0,744,0,0,-20,0,4,752,0,756,8,0,4,760,-4,-740,20,0,-4,-736,-8,0,0,-4,0,0,20,0,-4,-728
3195,0x55a1bd67938a,R,0x7ffee78d5c88,1,-4,-4,4,740,0,-4,-24,744,-4,748,-4,-4,20,-4,-4,756,4,-736,4,4,4,-732,-20,4,0,0,4,-728,4,4,0,4
3197,0x55a1bd67938d,R,0x7ffee78d5c8c,1,4,0,24,744,0,0,0,748,0,0,4,0,24,756,8,760,20,-740,-4,0,-8,-736,0,0,-4,0,20,-732,0,-728,0,0
3200,0x55a1bd679393,R,0x7ffee78d5ca0,1,20,20,20,764,28,20,24,768,0,20,24,772,20,776,28,20,-20,-760,-20,-20,-44,-756,-20,-24,-20,-20,0,-20,-24,-748,-28,-20
3202,0x55a1bd679397,R,0x7ffee78d5c8c,1,-20,0,4,744,24,0,0,748,0,0,0,752,0,0,24,0,-4,-740,-8,0,-24,0,-4,-4,0,-732,0,0,0,-728,-24,0
3205,0x55a1bd67939d,R,0x7ffee78d5c88,1,-4,-4,-4,740,-4,-4,4,744,0,-4,-24,748,0,-4,20,752,4,-736,-4,-732,4,4,0,4,24,-728,0,4,-4,-724,4,4
3210,0x55a1bd6793aa,W,0x7ffee78d59a8,1,-736,-740,-760,4,-736,-740,-716,8,-740,-740,-740,12,-740,-740,-740,16,740,740,716,4,740,736,740,740,740,8,740,740,716,12,736,740
3212,0x55a1bd6793ad,R,0x7ffee78d5c8c,1,4,740,0,744,0,0,0,748,8,0,4,752,-20,0,4,756,-8,0,-24,0,-4,-4,20,0,-4,-732,-8,0,0,-728,-12,0
3213,0x55a1bd6793ad,W,0x7ffee78d5c8c,1,0,740,0,0,-20,0,4,748,24,0,0,752,0,0,0,756,-8,-736,0,0,0,-4,0,0,0,-732,-24,0,-4,-728,-24,0
3215,0x55a1bd6793b1,R,0x7ffee78d5c84,1,-8,-8,-4,-8,-28,736,-8,740,-8,-8,0,744,-4,-8,-28,748,-16,-728,4,8,28,4,4,8,0,-724,8,8,-4,-720,4,8
3217,0x55a1bd6793b4,R,0x7ffee78d5c74,1,-16,-24,-20,716,-24,720,-24,-24,-20,-24,0,728,-24,-24,-24,732,24,-712,24,24,24,20,24,24,0,-708,20,24,0,-704,20,-700
3220,0x55a1bd6793b9,R,0x7ffee78d5c8c,1,24,0,0,740,0,0,-20,0,4,748,0,752,8,0,4,756,-4,-736,20,0,-4,-4,-8,0,0,-732,-12,0,-24,0,-8,-724
3225,0x55a1bd67938a,R,0x7ffee78d5c88,1,-4,-4,4,736,0,-4,-24,740,-4,744,-4,-4,20,-4,-4,752,4,-732,4,4,4,0,-20,4,0,-728,-8,-724,0,4,-4,4
3227,0x55a1bd67938d,R,0x7ffee78d5c8c,1,4,0,24,740,0,0,0,744,0,0,4,0,24,752,8,756,20,-736,-4,0,-8,-4,0,0,-4,0,-24,-728,-4,-724,-8,0
3230,0x55a1bd679393,R,0x7ffee78d5ca0,1,20,20,20,760,28,20,24,764,0,20,24,768,20,772,28,20,-20,-756,-20,-20,-44,-24,-20,-752,-32,-20,-44,-20,-28,-744,-44,-20
3232,0x55a1bd679397,R,0x7ffee78d5c8c,1,-20,0,4,740,24,0,0,744,0,0,0,748,0,0,24,0,-4,-736,-8,0,-24,0,-4,-732,-12,-728,-4,0,-8,-724,0,0
3235,0x55a1bd67939d,R,0x7ffee78d5c88,1,-4,-4,-4,736,-4,-4,4,740,0,-4,-24,744,0,-4,20,748,4,-732,-4,0,4,4,0,4,-20,-724,-4,4,-20,-720,0,4
3240,0x55a1bd6793aa,W,0x7ffee78d59ac,1,-732,-736,-756,4,-732,-736,-712,8,-736,-736,-736,12,-736,-736,-736,16,736,736,712,732,736,4,724,736,732,8,728,736,736,12,732,16
3242,0x55a1bd6793ad,R,0x7ffee78d5c8c,1,4,736,0,740,0,0,0,744,8,0,4,748,-20,0,4,752,-8,0,-24,0,-4,-732,-24,0,-8,-728,-24,0,0,0,0,-720
3243,0x55a1bd6793ad,W,0x7ffee78d5c8c,1,0,736,0,0,-20,0,4,744,24,0,0,748,0,0,0,752,-8,-4,0,0,-12,-732,-4,0,-8,-728,-24,-724,-4,0,20,-720
3245,0x55a1bd6793b1,R,0x7ffee78d5c84,1,-8,-8,-4,-8,-28,732,-8,736,-8,-8,0,740,-4,-8,-28,744,-16,4,4,8,-16,-724,0,8,0,8,8,-716,8,8,8,-712
3247,0x55a1bd6793b4,R,0x7ffee78d5c74,1,-16,-24,-20,712,-24,716,-24,-24,-20,-24,0,724,-24,-24,-24,728,24,20,12,24,20,-708,16,-704,0,24,20,-700,44,24,20,-696
3250,0x55a1bd6793b9,R,0x7ffee78d5c8c,1,24,0,0,736,0,0,-20,0,4,744,0,748,8,0,4,752,-4,-4,-24,0,-4,0,-8,-728,0,0,0,-724,0,0,-4,0
3253,0x55a1bd6793be,R,0x7ffee78d5c88,1,-4,-4,4,732,0,-4,-24,736,-4,740,-4,-4,20,-4,-4,748,-8,0,-20,-728,-4,4,-20,-724,0,4,24,-720,4,-716,4,4
3254,0x55a1bd6793be,W,0x7ffee78d5c88,1,0,-4,20,732,-4,-4,-4,736,-4,-4,0,-4,20,744,4,748,-8,4,0,-728,-4,4,4,-724,4,4,24,4,0,-716,-4,4
3256,0x55a1bd6793c2,R,0x7ffee78d5c80,1,-8,-8,-12,724,-4,-12,-8,728,-32,-12,-8,732,-12,736,-4,-12,-12,12,4,-720,-12,12,8,-716,12,-712,12,12,12,-708,-12,12
3258,0x55a1bd6793c5,R,0x7ffee78d5c74,1,-12,-20,-24,-24,0,-24,-24,716,-24,-24,-24,720,-24,-24,0,-24,20,24,16,-708,24,24,20,24,44,-700,20,24,16,-696,24,24
3261,0x55a1bd6793ca,R,0x7ffee78d5c88,1,20,0,0,-4,20,732,4,736,0,-4,-24,740,0,-4,20,744,-4,4,-20,-728,4,-724,4,4,4,-720,4,4,-20,-716,0,4
3264,0x55a1bd67937b,R,0x7ffee78d5c84,1,-4,-4,4,-8,-8,728,0,-8,-8,-8,-8,736,-8,-8,-8,740,0,8,-16,8,4,-720,28,8,4,-716,0,8,8,-712,8,8
3266,0x55a1bd67937e,W,0x7ffee78d5c8c,1,8,4,24,0,4,736,24,0,0,740,4,744,-20,0,4,748,-8,-732,0,0,0,-728,0,0,0,-724,-24,0,-4,-720,20,0
3269,0x55a1bd6793b1,R,0x7ffee78d5c84,1,0,-8,-4,-8,4,728,-8,-8,0,732,-4,-8,-8,-8,-8,740,-16,-724,4,8,28,-720,4,8,0,-716,8,8,8,-712,8,8
3271,0x55a1bd6793b4,R,0x7ffee78d5c74,1,-16,-24,-20,-20,0,712,-20,-24,0,716,-24,-24,-24,720,-44,724,24,-708,24,24,24,-704,24,24,0,-700,20,24,44,-696,24,-692
3274,0x55a1bd6793b9,R,0x7ffee78d5c8c,1,24,0,8,4,24,0,12,0,0,740,8,0,4,744,-20,0,-4,-732,20,0,-4,-728,-8,0,0,-724,0,0,20,0,-4,-716
3279,0x55a1bd67938a,R,0x7ffee78d5c88,1,-4,-4,4,0,0,-4,8,732,0,736,20,-4,-4,740,-4,-4,4,-728,4,4,4,-724,-20,4,0,-720,4,-716,4,4,0,4
3281,0x55a1bd67938d,R,0x7ffee78d5c8c,1,4,0,24,4,8,0,24,736,4,0,0,0,8,744,4,0,20,-732,-4,0,-8,-728,0,0,-4,0,20,-720,0,-716,0,0
3284,0x55a1bd679393,R,0x7ffee78d5ca0,1,20,20,20,24,28,20,24,756,32,20,20,760,44,764,20,20,-20,-752,-20,-20,-44,-748,-20,-744,-20,-20,0,-20,-24,-736,-28,-20
3286,0x55a1bd679397,R,0x7ffee78d5c8c,1,-20,0,4,4,24,0,8,736,24,0,4,740,24,0,8,0,-4,-732,-8,0,-24,0,-4,-724,0,-720,0,0,0,-716,-24,0
3289,0x55a1bd67939d,R,0x7ffee78d5c88,1,-4,-4,-4,0,-4,-4,4,732,0,-4,8,736,-4,-4,4,740,4,-728,-4,-724,4,4,0,4,24,-716,0,4,-4,-712,4,4
3294,0x55a1bd6793aa,W,0x7ffee78d59b0,1,-728,-732,-752,-728,-728,-732,-708,4,-724,-732,-708,8,-728,-732,-708,12,732,732,708,4,732,8,732,732,732,12,732,732,708,16,728,732
3296,0x55a1bd6793ad,R,0x7ffee78d5c8c,1,4,732,0,4,0,0,0,736,8,0,4,740,12,0,0,744,-8,0,-24,0,-4,-724,20,0,-4,-720,-8,0,0,-716,0,0
3297,0x55a1bd6793ad,W,0x7ffee78d5c8c,1,0,732,0,0,-20,0,4,736,24,0,8,740,24,0,4,744,-8,-728,0,0,0,-724,0,0,0,-720,-24,0,-4,-716,20,0
3299,0x55a1bd6793b1,R,0x7ffee78d5c84,1,-8,-8,-4,-8,-28,-4,-8,728,-8,-8,0,732,-4,-8,4,736,-16,-720,4,8,28,-716,4,8,0,-712,8,8,8,-708,8,8
3301,0x55a1bd6793b4,R,0x7ffee78d5c74,1,-16,-24,-20,708,-24,-20,-24,-24,-20,-24,0,716,-16,-24,0,720,24,-704,24,24,24,-700,24,24,0,-696,20,24,44,-692,24,-688
3304,0x55a1bd6793b9,R,0x7ffee78d5c8c,1,24,0,0,732,0,0,-20,0,4,736,0,740,8,0,4,744,-4,-728,20,0,-4,-724,-8,0,0,-720,0,0,20,0,-4,-712
3309,0x55a1bd67938a,R,0x7ffee78d5c88,1,-4,-4,4,728,0,-4,-24,0,-4,732,-4,-4,20,-4,4,740,4,-724,4,4,4,-720,-20,4,0,-716,4,-712,4,4,0,4
3311,0x55a1bd67938d,R,0x7ffee78d5c8c,1,4,0,24,732,0,0,0,4,0,0,4,0,24,740,8,744,20,-728,-4,0,-8,-724,0,0,-4,0,20,-716,0,-712,0,0
3314,0x55a1bd679393,R,0x7ffee78d5ca0,1,20,20,20,752,28,20,24,24,0,20,24,756,20,760,28,20,-20,-748,-20,-20,-44,-744,-20,-740,-20,-20,0,-20,-24,-732,-28,-20
3316,0x55a1bd679397,R,0x7ffee78d5c8c,1,-20,0,4,732,24,0,0,4,0,0,0,736,0,0,24,0,-4,-728,-8,0,-24,0,-4,-720,0,-716,0,0,0,-712,-24,0
3319,0x55a1bd67939d,R,0x7ffee78d5c88,1,-4,-4,-4,728,-4,-4,4,0,0,-4,-24,732,0,-4,20,736,4,-724,-4,-720,4,4,0,4,24,-712,0,4,-4,-708,4,4
3324,0x55a1bd6793aa,W,0x7ffee78d59b4,1,-724,-728,-748,4,-724,-728,-704,-724,-728,-728,-728,8,-728,-728,-728,12,728,728,704,4,728,8,728,728,728,12,728,728,704,16,724,728
3326,0x55a1bd6793ad,R,0x7ffee78d5c8c,1,4,728,0,732,0,0,0,4,8,0,4,736,-20,0,4,740,-8,0,-24,0,-4,-720,20,0,-4,-716,-8,0,0,-712,0,0
3327,0x55a1bd6793ad,W,0x7ffee78d5c8c,1,0,728,0,0,-20,0,4,4,24,0,0,736,0,0,0,740,-8,-724,0,0,0,-720,0,0,0,-716,-24,0,-4,-712,20,0
3329,0x55a1bd6793b1,R,0x7ffee78d5c84,1,-8,-8,-4,-8,-28,724,-8,-4,-8,-8,0,728,-4,-8,-28,732,-16,-716,4,8,28,-712,4,8,0,-708,8,8,8,-704,8,8
3331,0x55a1bd6793b4,R,0x7ffee78d5c74,1,-16,-24,-20,704,-24,708,-24,-24,-20,-24,0,712,-24,-24,-24,716,24,-700,24,24,24,-696,24,24,0,-692,20,24,44,-688,24,-684
3334,0x55a1bd6793b9,R,0x7ffee78d5c8c,1,24,0,0,728,0,0,-20,0,4,4,0,736,8,0,4,740,-4,-724,20,0,-4,-720,-8,0,0,-716,0,0,20,0,-4,-708
3339,0x55a1bd67938a,R,0x7ffee78d5c88,1,-4,-4,4,724,0,-4,-24,728,-4,0,-4,-4,20,-4,-4,736,4,-720,4,4,4,-716,-20,4,0,-712,4,-708,4,4,0,4
3341,0x55a1bd67938d,R,0x7ffee78d5c8c,1,4,0,24,728,0,0,0,732,0,0,4,0,24,736,8,740,20,-724,-4,0,-8,-720,0,0,-4,0,20,-712,0,-708,0,0
3344,0x55a1bd679393,R,0x7ffee78d5ca0,1,20,20,20,748,28,20,24,752,0,20,24,24,20,756,28,20,-20,-744,-20,-20,-44,-740,-20,-736,-20,-20,0,-20,-24,-728,-28,-20
3346,0x55a1bd679397,R,0x7ffee78d5c8c,1,-20,0,4,728,24,0,0,732,0,0,0,4,0,0,24,0,-4,-724,-8,0,-24,0,-4,-716,0,-712,0,0,0,-708,-24,0
3349,0x55a1bd67939d,R,0x7ffee78d5c88,1,-4,-4,-4,724,-4,-4,4,728,0,-4,-24,0,0,-4,20,732,4,-720,-4,-716,4,4,0,4,24,-708,0,4,-4,-704,4,4
3354,0x55a1bd6793aa,W,0x7ffee78d59b8,1,-720,-724,-744,4,-720,-724,-700,8,-724,-724,-724,-720,-724,-724,-724,12,724,724,700,4,724,8,724,724,724,12,724,724,700,16,720,724
3356,0x55a1bd6793ad,R,0x7ffee78d5c8c,1,4,724,0,728,0,0,0,732,8,0,4,4,-20,0,4,736,-8,0,-24,0,-4,-716,20,0,-4,-712,-8,0,0,-708,0,0
3357,0x55a1bd6793ad,W,0x7ffee78d5c8c,1,0,724,0,0,-20,0,4,732,24,0,0,4,0,0,0,736,-8,-720,0,0,0,-716,0,0,0,-712,-24,0,-4,-708,20,0
3359,0x55a1bd6793b1,R,0x7ffee78d5c84,1,-8,-8,-4,-8,-28,720,-8,724,-8,-8,0,-4,-4,-8,-28,728,-16,-712,4,8,28,-708,4,8,0,-704,8,8,8,-700,8,8
3361,0x55a1bd6793b4,R,0x7ffee78d5c74,1,-16,-24,-20,700,-24,704,-24,-24,-20,-24,0,-20,-24,-24,-24,712,24,-696,24,24,24,-692,24,24,0,-688,20,24,44,-684,24,-680
3364,0x55a1bd6793b9,R,0x7ffee78d5c8c,1,24,0,0,724,0,0,-20,0,4,732,0,4,8,0,4,736,-4,-720,20,0,-4,-716,-8,0,0,-712,0,0,20,0,-4,-704
3369,0x55a1bd67938a,R,0x7ffee78d5c88,1,-4,-4,4,720,0,-4,-24,724,-4,728,-4,-4,20,-4,-4,732,4,-716,4,4,4,-712,-20,4,0,-708,4,-704,4,4,0,4
3371,0x55a1bd67938d,R,0x7ffee78d5c8c,1,4,0,24,724,0,0,0,728,0,0,4,0,24,4,8,736,20,-720,-4,0,-8,-716,0,0,-4,0,20,-708,0,-704,0,0
3374,0x55a1bd679393,R,0x7ffee78d5ca0,1,20,20,20,744,28,20,24,748,0,20,24,752,20,24,28,20,-20,-740,-20,-20,-44,-736,-20,-732,-20,-20,0,-20,-24,-724,-28,-20
3376,0x55a1bd679397,R,0x7ffee78d5c8c,1,-20,0,4,724,24,0,0,728,0,0,0,732,0,0,24,0,-4,-720,-8,0,-24,0,-4,-712,0,-708,0,0,0,-704,-24,0
3379,0x55a1bd67939d,R,0x7ffee78d5c88,1,-4,-4,-4,720,-4,-4,4,724,0,-4,-24,728,0,-4,20,0,4,-716,-4,-712,4,4,0,4,24,-704,0,4,-4,-700,4,4
3384,0x55a1bd6793aa,W,0x7ffee78d59bc,1,-716,-720,-740,4,-716,-720,-696,8,-720,-720,-720,12,-720,-720,-720,-716,720,720,696,4,720,8,720,720,720,12,720,720,696,16,716,720
3386,0x55a1bd6793ad,R,0x7ffee78d5c8c,1,4,720,0,724,0,0,0,728,8,0,4,732,-20,0,4,4,-8,0,-24,0,-4,-712,20,0,-4,-708,-8,0,0,-704,0,0
3387,0x55a1bd6793ad,W,0x7ffee78d5c8c,1,0,720,0,0,-20,0,4,728,24,0,0,732,0,0,0,4,-8,-716,0,0,0,-712,0,0,0,-708,-24,0,-4,-704,20,0
3389,0x55a1bd6793b1,R,0x7ffee78d5c84,1,-8,-8,-4,-8,-28,716,-8,720,-8,-8,0,724,-4,-8,-28,-4,-16,-708,4,8,28,-704,4,8,0,-700,8,8,8,-696,8,8
3391,0x55a1bd6793b4,R,0x7ffee78d5c74,1,-16,-24,-20,696,-24,700,-24,-24,-20,-24,0,708,-24,-24,-24,-20,24,-692,24,24,24,-688,24,24,0,-684,20,24,44,-680,24,-676
3394,0x55a1bd6793b9,R,0x7ffee78d5c8c,1,24,0,0,720,0,0,-20,0,4,728,0,732,8,0,4,4,-4,-716,20,0,-4,-712,-8,0,0,-708,0,0,20,0,-4,-700
3399,0x55a1bd67938a,R,0x7ffee78d5c88,1,-4,-4,4,716,0,-4,-24,720,-4,724,-4,-4,20,-4,-4,0,4,-712,4,4,4,-708,-20,4,0,-704,4,-700,4,4,0,4
3401,0x55a1bd67938d,R,0x7ffee78d5c8c,1,4,0,24,720,0,0,0,724,0,0,4,0,24,732,8,4,20,-716,-4,0,-8,-712,0,0,-4,0,20,-704,0,-700,0,0
3404,0x55a1bd679393,R,0x7ffee78d5ca0,1,20,20,20,740,28,20,24,744,0,20,24,748,20,752,28,20,-20,-736,-20,-20,-44,-732,-20,-728,-20,-20,0,-20,-24,-720,-28,-20
3406,0x55a1bd679397,R,0x7ffee78d5c8c,1,-20,0,4,720,24,0,0,724,0,0,0,728,0,0,24,0,-4,-716,-8,0,-24,0,-4,-708,0,-704,0,0,0,-700,-24,0
3409,0x55a1bd67939d,R,0x7ffee78d5c88,1,-4,-4,-4,716,-4,-4,4,720,0,-4,-24,724,0,-4,20,728,4,-712,-4,-708,4,4,0,4,24,-700,0,4,-4,-696,4,4
3414,0x55a1bd6793aa,W,0x7ffee78d59c0,1,-712,-716,-736,4,-712,-716,-692,8,-716,-716,-716,12,-716,-716,-716,16,716,716,692,4,716,8,716,716,716,12,716,716,692,16,712,716
3416,0x55a1bd6793ad,R,0x7ffee78d5c8c,1,4,716,0,720,0,0,0,724,8,0,4,728,-20,0,4,732,-8,0,-24,0,-4,-708,20,0,-4,-704,-8,0,0,-700,0,0
3417,0x55a1bd6793ad,W,0x7ffee78d5c8c,1,0,716,0,0,-20,0,4,724,24,0,0,728,0,0,0,732,-8,-712,0,0,0,-708,0,0,0,-704,-24,0,-4,-700,20,0
3419,0x55a1bd6793b1,R,0x7ffee78d5c84,1,-8,-8,-4,-8,-28,712,-8,716,-8,-8,0,720,-4,-8,-28,724,-16,-704,4,8,28,-700,4,8,0,-696,8,8,8,-692,8,8
3421,0x55a1bd6793b4,R,0x7ffee78d5c74,1,-16,-24,-20,692,-24,696,-24,-24,-20,-24,0,704,-24,-24,-24,708,24,-688,24,24,24,-684,24,24,0,-680,20,24,44,-676,24,-672
3424,0x55a1bd6793b9,R,0x7ffee78d5c8c,1,24,0,0,716,0,0,-20,0,4,724,0,728,8,0,4,732,-4,-712,20,0,-4,-708,-8,0,0,-704,0,0,20,0,-4,-696
3429,0x55a1bd67938a,R,0x7ffee78d5c88,1,-4,-4,4,712,0,-4,-24,716,-4,720,-4,-4,20,-4,-4,728,4,-708,4,4,4,-704,-20,4,0,-700,4,-696,4,4,0,4
3431,0x55a1bd67938d,R,0x7ffee78d5c8c,1,4,0,24,716,0,0,0,720,0,0,4,0,24,728,8,732,20,-712,-4,0,-8,-708,0,0,-4,0,20,-700,0,-696,0,0
3434,0x55a1bd679393,R,0x7ffee78d5ca0,1,20,20,20,736,28,20,24,740,0,20,24,744,20,748,28,20,-20,-732,-20,-20,-44,-728,-20,-724,-20,-20,0,-20,-24,-716,-28,-20
3436,0x55a1bd679397,R,0x7ffee78d5c8c,1,-20,0,4,716,24,0,0,720,0,0,0,724,0,0,24,0,-4,-712,-8,0,-24,0,-4,-704,0,-700,0,0,0,-696,-24,0
3439,0x55a1bd67939d,R,0x7ffee78d5c88,1,-4,-4,-4,712,-4,-4,4,716,0,-4,-24,720,0,-4,20,724,4,-708,-4,-704,4,4,0,4,24,-696,0,4,-4,-692,4,4
3444,0x55a1bd6793aa,W,0x7ffee78d59c4,1,-708,-712,-732,4,-708,-712,-688,8,-712,-712,-712,12,-712,-712,-712,16,712,712,688,4,712,8,712,712,712,12,712,712,688,16,708,712
3446,0x55a1bd6793ad,R,0x7ffee78d5c8c,1,4,712,0,716,0,0,0,720,8,0,4,724,-20,0,4,728,-8,0,-24,0,-4,-704,20,0,-4,-700,-8,0,0,-696,0,0
3447,0x55a1bd6793ad,W,0x7ffee78d5c8c,1,0,712,0,0,-20,0,4,720,24,0,0,724,0,0,0,728,-8,-708,0,0,0,-704,0,0,0,-700,-24,0,-4,-696,20,0
3449,0x55a1bd6793b1,R,0x7ffee78d5c84,1,-8,-8,-4,-8,-28,708,-8,712,-8,-8,0,716,-4,-8,-28,720,-16,-700,4,8,28,-696,4,8,0,-692,8,8,8,-688,8,8
3451,0x55a1bd6793b4,R,0x7ffee78d5c74,1,-16,-24,-20,688,-24,692,-24,-24,-20,-24,0,700,-24,-24,-24,704,24,-684,24,24,24,-680,24,24,0,-676,20,24,44,-672,24,-668
3454,0x55a1bd6793b9,R,0x7ffee78d5c8c,1,24,0,0,712,0,0,-20,0,4,720,0,724,8,0,4,728,-4,-708,20,0,-4,-704,-8,0,0,-700,0,0,20,0,-4,-692
3459,0x55a1bd67938a,R,0x7ffee78d5c88,1,-4,-4,4,708,0,-4,-24,712,-4,716,-4,-4,20,-4,-4,724,4,-704,4,4,4,-700,-20,4,0,-696,4,-692,4,4,0,4
3461,0x55a1bd67938d,R,0x7ffee78d5c8c,1,4,0,24,712,0,0,0,716,0,0,4,0,24,724,8,728,20,-708,-4,0,-8,-704,0,0,-4,0,20,-696,0,-692,0,0
3464,0x55a1bd679393,R,0x7ffee78d5ca0,1,20,20,20,732,28,20,24,736,0,20,24,740,20,744,28,20,-20,-728,-20,-20,-44,-724,-20,-720,-20,-20,0,-20,-24,-712,-28,-20
3466,0x55a1bd679397,R,0x7ffee78d5c8c,1,-20,0,4,712,24,0,0,716,0,0,0,720,0,0,24,0,-4,-708,-8,0,-24,0,-4,-700,0,-696,0,0,0,-692,-24,0
3469,0x55a1bd67939d,R,0x7ffee78d5c88,1,-4,-4,-4,708,-4,-4,4,712,0,-4,-24,716,0,-4,20,720,4,-704,-4,-700,4,4,0,4,24,-692,0,4,-4,-688,4,4
3474,0x55a1bd6793aa,W,0x7ffee78d59c8,1,-704,-708,-728,4,-704,-708,-684,8,-708,-708,-708,12,-708,-708,-708,16,708,708,684,4,708,8,708,708,708,12,708,708,684,16,704,708
3476,0x55a1bd6793ad,R,0x7ffee78d5c8c,1,4,708,0,712,0,0,0,716,8,0,4,720,-20,0,4,724,-8,0,-24,0,-4,-700,20,0,-4,-696,-8,0,0,-692,0,0
3477,0x55a1bd6793ad,W,0x7ffee78d5c8c,1,0,708,0,0,-20,0,4,716,24,0,0,720,0,0,0,724,-8,-704,0,0,0,-700,0,0,0,-696,-24,0,-4,-692,20,0
3479,0x55a1bd6793b1,R,0x7ffee78d5c84,1,-8,-8,-4,-8,-28,704,-8,708,-8,-8,0,712,-4,-8,-28,716,-16,-696,4,8,28,-692,4,8,0,-688,8,8,8,-684,8,8
3481,0x55a1bd6793b4,R,0x7ffee78d5c74,1,-16,-24,-20,684,-24,688,-24,-24,-20,-24,0,696,-24,-24,-24,700,24,-680,24,24,24,-676,24,24,0,-672,20,24,44,-668,24,-664
3484,0x55a1bd6793b9,R,0x7ffee78d5c8c,1,24,0,0,708,0,0,-20,0,4,716,0,720,8,0,4,724,-4,-704,20,0,-4,-700,-8,0,0,-696,0,0,20,0,-4,-688
3489,0x55a1bd67938a,R,0x7ffee78d5c88,1,-4,-4,4,704,0,-4,-24,708,-4,712,-4,-4,20,-4,-4,720,4,-700,4,4,4,-696,-20,4,0,-692,4,-688,4,4,0,4
3491,0x55a1bd67938d,R,0x7ffee78d5c8c,1,4,0,24,708,0,0,0,712,0,0,4,0,24,720,8,724,20,-704,-4,0,-8,-700,0,0,-4,0,20,-692,0,-688,0,0
3494,0x55a1bd679393,R,0x7ffee78d5ca0,1,20,20,20,728,28,20,24,732,0,20,24,736,20,740,28,20,-20,-724,-20,-20,-44,-720,-20,-716,-20,-20,0,-20,-24,-708,-28,-20
3496,0x55a1bd679397,R,0x7ffee78d5c8c,1,-20,0,4,708,24,0,0,712,0,0,0,716,0,0,24,0,-4,-704,-8,0,-24,0,-4,-696,0,-692,0,0,0,-688,-24,0
3499,0x55a1bd67939d,R,0x7ffee78d5c88,1,-4,-4,-4,704,-4,-4,4,708,0,-4,-24,712,0,-4,20,716,4,-700,-4,-696,4,4,0,4,24,-688,0,4,-4,-684,4,4
3504,0x55a1bd6793aa,W,0x7ffee78d59cc,1,-700,-704,-724,4,-700,-704,-680,8,-704,-704,-704,12,-704,-704,-704,16,704,704,680,4,704,8,704,704,704,12,704,704,680,16,700,704
3506,0x55a1bd6793ad,R,0x7ffee78d5c8c,1,4,704,0,708,0,0,0,712,8,0,4,716,-20,0,4,720,-8,0,-24,0,-4,-696,20,0,-4,-692,-8,0,0,-688,0,0
3507,0x55a1bd6793ad,W,0x7ffee78d5c8c,1,0,704,0,0,-20,0,4,712,24,0,0,716,0,0,0,720,-8,-700,0,0,0,-696,0,0,0,-692,-24,0,-4,-688,20,0
3509,0x55a1bd6793b1,R,0x7ffee78d5c84,1,-8,-8,-4,-8,-28,700,-8,704,-8,-8,0,708,-4,-8,-28,712,-16,-692,4,8,28,-688,4,8,0,-684,8,8,8,-680,8,8
3511,0x55a1bd6793b4,R,0x7ffee78d5c74,1,-16,-24,-20,680,-24,684,-24,-24,-20,-24,0,692,-24,-24,-24,696,24,-676,24,24,24,-672,24,24,0,-668,20,24,44,-664,24,-660
3514,0x55a1bd6793b9,R,0x7ffee78d5c8c,1,24,0,0,704,0,0,-20,0,4,712,0,716,8,0,4,720,-4,-700,20,0,-4,-696,-8,0,0,-692,0,0,20,0,-4,-684
3519,0x55a1bd67938a,R,0x7ffee78d5c88,1,-4,-4,4,700,0,-4,-24,704,-4,708,-4,-4,20,-4,-4,716,4,-696,4,4,4,-692,-20,4,0,-688,4,-684,4,4,0,4
3521,0x55a1bd67938d,R,0x7ffee78d5c8c,1,4,0,24,704,0,0,0,708,0,0,4,0,24,716,8,720,20,-700,-4,0,-8,-696,0,0,-4,0,20,-688,0,-684,0,0
3524,0x55a1bd679393,R,0x7ffee78d5ca0,1,20,20,20,724,28,20,24,728,0,20,24,732,20,736,28,20,-20,-720,-20,-20,-44,-716,-20,-712,-20,-20,0,-20,-24,-704,-28,-20
3526,0x55a1bd679397,R,0x7ffee78d5c8c,1,-20,0,4,704,24,0,0,708,0,0,0,712,0,0,24,0,-4,-700,-8,0,-24,0,-4,-692,0,-688,0,0,0,-684,-24,0
3529,0x55a1bd67939d,R,0x7ffee78d5c88,1,-4,-4,-4,700,-4,-4,4,704,0,-4,-24,708,0,-4,20,712,4,-696,-4,-692,4,4,0,4,24,-684,0,4,-4,-680,4,4
3534,0x55a1bd6793aa,W,0x7ffee78d59d0,1,-696,-700,-720,4,-696,-700,-676,8,-700,-700,-700,12,-700,-700,-700,16,700,700,676,4,700,8,700,700,700,12,700,700,676,16,696,700
3536,0x55a1bd6793ad,R,0x7ffee78d5c8c,1,4,700,0,704,0,0,0,708,8,0,4,712,-20,0,4,716,-8,0,-24,0,-4,-692,20,0,-4,-688,-8,0,0,-684,0,0
3537,0x55a1bd6793ad,W,0x7ffee78d5c8c,1,0,700,0,0,-20,0,4,708,24,0,0,712,0,0,0,716,-8,-696,0,0,0,-692,0,0,0,-688,-24,0,-4,-684,20,0
3539,0x55a1bd6793b1,R,0x7ffee78d5c84,1,-8,-8,-4,-8,-28,696,-8,700,-8,-8,0,704,-4,-8,-28,708,-16,-688,4,8,28,-684,4,8,0,-680,8,8,8,-676,8,8
3541,0x55a1bd6793b4,R,0x7ffee78d5c74,1,-16,-24,-20,676,-24,680,-24,-24,-20,-24,0,688,-24,-24,-24,692,24,-672,24,24,24,-668,24,24,0,-664,20,24,44,-660,24,-656
3544,0x55a1bd6793b9,R,0x7ffee78d5c8c,1,24,0,0,700,0,0,-20,0,4,708,0,712,8,0,4,716,-4,-696,20,0,-4,-692,-8,0,0,-688,0,0,20,0,-4,-680
3549,0x55a1bd67938a,R,0x7ffee78d5c88,1,-4,-4,4,696,0,-4,-24,700,-4,704,-4,-4,20,-4,-4,712,4,-692,4,4,4,-688,-20,4,0,-684,4,-680,4,4,0,4
3551,0x55a1bd67938d,R,0x7ffee78d5c8c,1,4,0,24,700,0,0,0,704,0,0,4,0,24,712,8,716,20,-696,-4,0,-8,-692,0,0,-4,0,20,-684,0,-680,0,0
3554,0x55a1bd679393,R,0x7ffee78d5ca0,1,20,20,20,720,28,20,24,724,0,20,24,728,20,732,28,20,-20,-716,-20,-20,-44,-712,-20,-708,-20,-20,0,-20,-24,-700,-28,-20
3556,0x55a1bd679397,R,0x7ffee78d5c8c,1,-20,0,4,700,24,0,0,704,0,0,0,708,0,0,24,0,-4,-696,-8,0,-24,0,-4,-688,0,-684,0,0,0,-680,-24,0
3559,0x55a1bd67939d,R,0x7ffee78d5c88,1,-4,-4,-4,696,-4,-4,4,700,0,-4,-24,704,0,-4,20,708,4,-692,-4,-688,4,4,0,4,24,-680,0,4,-4,-676,4,4
3564,0x55a1bd6793aa,W,0x7ffee78d59d4,1,-692,-696,-716,4,-692,-696,-672,8,-696,-696,-696,12,-696,-696,-696,16,696,696,672,4,696,8,696,696,696,12,696,696,672,16,692,696
3566,0x55a1bd6793ad,R,0x7ffee78d5c8c,1,4,696,0,700,0,0,0,704,8,0,4,708,-20,0,4,712,-8,0,-24,0,-4,-688,20,0,-4,-684,-8,0,0,-680,0,0
3567,0x55a1bd6793ad,W,0x7ffee78d5c8c,1,0,696,0,0,-20,0,4,704,24,0,0,708,0,0,0,712,-8,-692,0,0,0,-688,0,0,0,-684,-24,0,-4,-680,20,0
3569,0x55a1bd6793b1,R,0x7ffee78d5c84,1,-8,-8,-4,-8,-28,692,-8,696,-8,-8,0,700,-4,-8,-28,704,-16,-684,4,8,28,-680,4,8,0,-676,8,8,8,-672,8,8
3571,0x55a1bd6793b4,R,0x7ffee78d5c74,1,-16,-24,-20,672,-24,676,-24,-24,-20,-24,0,684,-24,-24,-24,688,24,-668,24,24,24,-664,24,24,0,-660,20,24,44,-656,24,-652
3574,0x55a1bd6793b9,R,0x7ffee78d5c8c,1,24,0,0,696,0,0,-20,0,4,704,0,708,8,0,4,712,-4,-692,20,0,-4,-688,-8,0,0,-684,0,0,20,0,-4,-676
3579,0x55a1bd67938a,R,0x7ffee78d5c88,1,-4,-4,4,692,0,-4,-24,696,-4,700,-4,-4,20,-4,-4,708,4,-688,4,4,4,-684,-20,4,0,-680,4,-676,4,4,0,4
3581,0x55a1bd67938d,R,0x7ffee78d5c8c,1,4,0,24,696,0,0,0,700,0,0,4,0,24,708,8,712,20,-692,-4,0,-8,-688,0,0,-4,0,20,-680,0,-676,0,0
3584,0x55a1bd679393,R,0x7ffee78d5ca0,1,20,20,20,716,28,20,24,720,0,20,24,724,20,728,28,20,-20,-712,-20,-20,-44,-708,-20,-704,-20,-20,0,-20,-24,-696,-28,-20
3586,0x55a1bd679397,R,0x7ffee78d5c8c,1,-20,0,4,696,24,0,0,700,0,0,0,704,0,0,24,0,-4,-692,-8,0,-24,0,-4,-684,0,-680,0,0,0,-676,-24,0
3589,0x55a1bd67939d,R,0x7ffee78d5c88,1,-4,-4,-4,692,-4,-4,4,696,0,-4,-24,700,0,-4,20,704,4,-688,-4,-684,4,4,0,4,24,-676,0,4,-4,-672,4,4
3594,0x55a1bd6793aa,W,0x7ffee78d59d8,1,-688,-692,-712,4,-688,-692,-668,8,-692,-692,-692,12,-692,-692,-692,16,692,692,668,4,692,8,692,692,692,12,692,692,668,16,688,692
3596,0x55a1bd6793ad,R,0x7ffee78d5c8c,1,4,692,0,696,0,0,0,700,8,0,4,704,-20,0,4,708,-8,0,-24,0,-4,-684,20,0,-4,-680,-8,0,0,-676,0,0
3597,0x55a1bd6793ad,W,0x7ffee78d5c8c,1,0,692,0,0,-20,0,4,700,24,0,0,704,0,0,0,708,-8,-688,0,0,0,-684,0,0,0,-680,-24,0,-4,-676,20,0
3599,0x55a1bd6793b1,R,0x7ffee78d5c84,1,-8,-8,-4,-8,-28,688,-8,692,-8,-8,0,696,-4,-8,-28,700,-16,-680,4,8,28,-676,4,8,0,-672,8,8,8,-668,8,8
3601,0x55a1bd6793b4,R,0x7ffee78d5c74,1,-16,-24,-20,668,-24,672,-24,-24,-20,-24,0,680,-24,-24,-24,684,24,-664,24,24,24,-660,24,24,0,-656,20,24,44,-652,24,-648
3604,0x55a1bd6793b9,R,0x7ffee78d5c8c,1,24,0,0,692,0,0,-20,0,4,700,0,704,8,0,4,708,-4,-688,20,0,-4,-684,-8,0,0,-680,0,0,20,0,-4,-672
3609,0x55a1bd67938a,R,0x7ffee78d5c88,1,-4,-4,4,688,0,-4,-24,692,-4,696,-4,-4,20,-4,-4,704,4,-684,4,4,4,-680,-20,4,0,-676,4,-672,4,4,0,4
3611,0x55a1bd67938d,R,0x7ffee78d5c8c,1,4,0,24,692,0,0,0,696,0,0,4,0,24,704,8,708,20,-688,-4,0,-8,-684,0,0,-4,0,20,-676,0,-672,0,0
3614,0x55a1bd679393,R,0x7ffee78d5ca0,1,20,20,20,712,28,20,24,716,0,20,24,720,20,724,28,20,-20,-708,-20,-20,-44,-704,-20,-700,-20,-20,0,-20,-24,-692,-28,-20
3616,0x55a1bd679397,R,0x7ffee78d5c8c,1,-20,0,4,692,24,0,0,696,0,0,0,700,0,0,24,0,-4,-688,-8,0,-24,0,-4,-680,0,-676,0,0,0,-672,-24,0
3619,0x55a1bd67939d,R,0x7ffee78d5c88,1,-4,-4,-4,688,-4,-4,4,692,0,-4,-24,696,0,-4,20,700,4,-684,-4,-680,4,4,0,4,24,-672,0,4,-4,-668,4,4
3624,0x55a1bd6793aa,W,0x7ffee78d59dc,1,-684,-688,-708,4,-684,-688,-664,8,-688,-688,-688,12,-688,-688,-688,16,688,688,664,4,688,8,688,688,688,12,688,688,664,16,684,688
3626,0x55a1bd6793ad,R,0x7ffee78d5c8c,1,4,688,0,692,0,0,0,696,8,0,4,700,-20,0,4,704,-8,0,-24,0,-4,-680,20,0,-4,-676,-8,0,0,-672,0,0
3627,0x55a1bd6793ad,W,0x7ffee78d5c8c,1,0,688,0,0,-20,0,4,696,24,0,0,700,0,0,0,704,-8,-684,0,0,0,-680,0,0,0,-676,-24,0,-4,-672,20,0
3629,0x55a1bd6793b1,R,0x7ffee78d5c84,1,-8,-8,-4,-8,-28,684,-8,688,-8,-8,0,692,-4,-8,-28,696,-16,-676,4,8,28,-672,4,8,0,-668,8,8,8,-664,8,8
3631,0x55a1bd6793b4,R,0x7ffee78d5c74,1,-16,-24,-20,664,-24,668,-24,-24,-20,-24,0,676,-24,-24,-24,680,24,-660,24,24,24,-656,24,24,0,-652,20,24,44,-648,24,20
3634,0x55a1bd6793b9,R,0x7ffee78d5c8c,1,24,0,0,688,0,0,-20,0,4,696,0,700,8,0,4,704,-4,-684,20,0,-4,-680,-8,0,0,-676,0,0,20,0,-4,-4
3639,0x55a1bd67938a,R,0x7ffee78d5c88,1,-4,-4,4,684,0,-4,-24,688,-4,692,-4,-4,20,-4,-4,700,4,-680,4,4,4,-676,-20,4,0,-672,4,-668,4,4,0,4
3641,0x55a1bd67938d,R,0x7ffee78d5c8c,1,4,0,24,688,0,0,0,692,0,0,4,0,24,700,8,704,20,-684,-4,0,-8,-680,0,0,-4,0,20,-672,0,-4,0,0
3644,0x55a1bd679393,R,0x7ffee78d5ca0,1,20,20,20,708,28,20,24,712,0,20,24,716,20,720,28,20,-20,-704,-20,-20,-44,-700,-20,-696,-20,-20,0,-20,-24,-24,-28,-20
3646,0x55a1bd679397,R,0x7ffee78d5c8c,1,-20,0,4,688,24,0,0,692,0,0,0,696,0,0,24,0,-4,-684,-8,0,-24,0,-4,-676,0,-672,0,0,0,-4,-24,0
3649,0x55a1bd67939d,R,0x7ffee78d5c88,1,-4,-4,-4,684,-4,-4,4,688,0,-4,-24,692,0,-4,20,696,4,-680,-4,-676,4,4,0,4,24,-668,0,4,-4,0,4,4
3654,0x55a1bd6793aa,W,0x7ffee78d59e0,1,-680,-684,-704,4,-680,-684,-660,8,-684,-684,-684,12,-684,-684,-684,16,684,684,660,4,684,8,684,684,684,12,684,684,660,680,680,684
3656,0x55a1bd6793ad,R,0x7ffee78d5c8c,1,4,684,0,688,0,0,0,692,8,0,4,696,-20,0,4,700,-8,0,-24,0,-4,-676,20,0,-4,-672,-8,0,0,-4,0,0
3657,0x55a1bd6793ad,W,0x7ffee78d5c8c,1,0,684,0,0,-20,0,4,692,24,0,0,696,0,0,0,700,-8,-680,0,0,0,-676,0,0,0,-672,-24,0,-4,-4,20,0
3659,0x55a1bd6793b1,R,0x7ffee78d5c84,1,-8,-8,-4,-8,-28,680,-8,684,-8,-8,0,688,-4,-8,-28,692,-16,-672,4,8,28,-668,4,8,0,-664,8,8,8,4,8,8
3661,0x55a1bd6793b4,R,0x7ffee78d5c74,1,-16,-24,-20,660,-24,664,-24,-24,-20,-24,0,672,-24,-24,-24,676,24,-656,24,24,24,-652,24,24,0,-648,20,24,44,20,24,-644
3664,0x55a1bd6793b9,R,0x7ffee78d5c8c,1,24,0,0,684,0,0,-20,0,4,692,0,696,8,0,4,700,-4,-680,20,0,-4,-676,-8,0,0,-672,0,0,20,0,-4,-668
3669,0x55a1bd67938a,R,0x7ffee78d5c88,1,-4,-4,4,680,0,-4,-24,684,-4,688,-4,-4,20,-4,-4,696,4,-676,4,4,4,-672,-20,4,0,-668,4,0,4,4,0,4
3671,0x55a1bd67938d,R,0x7ffee78d5c8c,1,4,0,24,684,0,0,0,688,0,0,4,0,24,696,8,700,20,-680,-4,0,-8,-676,0,0,-4,0,20,-4,0,-668,0,0
3674,0x55a1bd679393,R,0x7ffee78d5ca0,1,20,20,20,704,28,20,24,708,0,20,24,712,20,716,28,20,-20,-700,-20,-20,-44,-696,-20,-692,-20,-20,0,-20,-24,-688,-28,-20
3676,0x55a1bd679397,R,0x7ffee78d5c8c,1,-20,0,4,684,24,0,0,688,0,0,0,692,0,0,24,0,-4,-680,-8,0,-24,0,-4,-672,0,-4,0,0,0,-668,-24,0
3679,0x55a1bd67939d,R,0x7ffee78d5c88,1,-4,-4,-4,680,-4,-4,4,684,0,-4,-24,688,0,-4,20,692,4,-676,-4,-672,4,4,0,4,24,0,0,4,-4,-664,4,4
3684,0x55a1bd6793aa,W,0x7ffee78d59e4,1,-676,-680,-700,4,-676,-680,-656,8,-680,-680,-680,12,-680,-680,-680,16,680,680,656,4,680,8,680,680,680,676,680,680,656,12,676,680
3686,0x55a1bd6793ad,R,0x7ffee78d5c8c,1,4,680,0,684,0,0,0,688,8,0,4,692,-20,0,4,696,-8,0,-24,0,-4,-672,20,0,-4,-4,-8,0,0,-668,0,0
3687,0x55a1bd6793ad,W,0x7ffee78d5c8c,1,0,680,0,0,-20,0,4,688,24,0,0,692,0,0,0,696,-8,-676,0,0,0,-672,0,0,0,-4,-24,0,-4,-668,20,0
3689,0x55a1bd6793b1,R,0x7ffee78d5c84,1,-8,-8,-4,-8,-28,676,-8,680,-8,-8,0,684,-4,-8,-28,688,-16,-668,4,8,28,-664,4,8,0,4,8,8,8,-660,8,8
3691,0x55a1bd6793b4,R,0x7ffee78d5c74,1,-16,-24,-20,656,-24,660,-24,-24,-20,-24,0,668,-24,-24,-24,672,24,-652,24,24,24,-648,24,24,0,20,20,24,44,-644,24,-640
3694,0x55a1bd6793b9,R,0x7ffee78d5c8c,1,24,0,0,680,0,0,-20,0,4,688,0,692,8,0,4,696,-4,-676,20,0,-4,-672,-8,0,0,-4,0,0,20,0,-4,-664
3699,0x55a1bd67938a,R,0x7ffee78d5c88,1,-4,-4,4,676,0,-4,-24,680,-4,684,-4,-4,20,-4,-4,692,4,-672,4,4,4,-668,-20,4,0,0,4,-664,4,4,0,4
3701,0x55a1bd67938d,R,0x7ffee78d5c8c,1,4,0,24,680,0,0,0,684,0,0,4,0,24,692,8,696,20,-676,-4,0,-8,-672,0,0,-4,0,20,-668,0,-664,0,0
3704,0x55a1bd679393,R,0x7ffee78d5ca0,1,20,20,20,700,28,20,24,704,0,20,24,708,20,712,28,20,-20,-696,-20,-20,-44,-692,-20,-24,-20,-20,0,-20,-24,-684,-28,-20
3706,0x55a1bd679397,R,0x7ffee78d5c8c,1,-20,0,4,680,24,0,0,684,0,0,0,688,0,0,24,0,-4,-676,-8,0,-24,0,-4,-4,0,-668,0,0,0,-664,-24,0
3709,0x55a1bd67939d,R,0x7ffee78d5c88,1,-4,-4,-4,676,-4,-4,4,680,0,-4,-24,684,0,-4,20,688,4,-672,-4,-668,4,4,0,4,24,-664,0,4,-4,-660,4,4
3714,0x55a1bd6793aa,W,0x7ffee78d59e8,1,-672,-676,-696,4,-672,-676,-652,8,-676,-676,-676,12,-676,-676,-676,16,676,676,652,4,676,672,676,676,676,8,676,676,652,12,672,676
3716,0x55a1bd6793ad,R,0x7ffee78d5c8c,1,4,676,0,680,0,0,0,684,8,0,4,688,-20,0,4,692,-8,0,-24,0,-4,-4,20,0,-4,-668,-8,0,0,-664,-12,0
3717,0x55a1bd6793ad,W,0x7ffee78d5c8c,1,0,676,0,0,-20,0,4,684,24,0,0,688,0,0,0,692,-8,-672,0,0,0,-4,0,0,0,-668,-24,0,-4,-664,-24,0
3719,0x55a1bd6793b1,R,0x7ffee78d5c84,1,-8,-8,-4,-8,-28,672,-8,676,-8,-8,0,680,-4,-8,-28,684,-16,-664,4,8,28,4,4,8,0,-660,8,8,-4,-656,4,8
3721,0x55a1bd6793b4,R,0x7ffee78d5c74,1,-16,-24,-20,652,-24,656,-24,-24,-20,-24,0,664,-24,-24,-24,668,24,-648,24,24,24,20,24,24,0,-644,20,24,0,-640,20,-636
3724,0x55a1bd6793b9,R,0x7ffee78d5c8c,1,24,0,0,676,0,0,-20,0,4,684,0,688,8,0,4,692,-4,-672,20,0,-4,-4,-8,0,0,-668,-12,0,-24,0,-8,-660
3729,0x55a1bd67938a,R,0x7ffee78d5c88,1,-4,-4,4,672,0,-4,-24,676,-4,680,-4,-4,20,-4,-4,688,4,-668,4,4,4,0,-20,4,0,-664,-8,-660,0,4,-4,4
3731,0x55a1bd67938d,R,0x7ffee78d5c8c,1,4,0,24,676,0,0,0,680,0,0,4,0,24,688,8,692,20,-672,-4,0,-8,-4,0,0,-4,0,-24,-664,-4,-660,-8,0
3734,0x55a1bd679393,R,0x7ffee78d5ca0,1,20,20,20,696,28,20,24,700,0,20,24,704,20,708,28,20,-20,-692,-20,-20,-44,-24,-20,-688,-32,-20,-44,-20,-28,-680,-44,-20
3736,0x55a1bd679397,R,0x7ffee78d5c8c,1,-20,0,4,676,24,0,0,680,0,0,0,684,0,0,24,0,-4,-672,-8,0,-24,0,-4,-668,-12,-664,-4,0,-8,-660,0,0
3739,0x55a1bd67939d,R,0x7ffee78d5c88,1,-4,-4,-4,672,-4,-4,4,676,0,-4,-24,680,0,-4,20,684,4,-668,-4,0,4,4,0,4,-20,-660,-4,4,-20,-656,0,4
3744,0x55a1bd6793aa,W,0x7ffee78d59ec,1,-668,-672,-692,4,-668,-672,-648,8,-672,-672,-672,12,-672,-672,-672,16,672,672,648,668,672,4,660,672,668,8,664,672,672,12,668,16
3746,0x55a1bd6793ad,R,0x7ffee78d5c8c,1,4,672,0,676,0,0,0,680,8,0,4,684,-20,0,4,688,-8,0,-24,0,-4,-668,-24,0,-8,-664,-24,0,0,0,0,-656
3747,0x55a1bd6793ad,W,0x7ffee78d5c8c,1,0,672,0,0,-20,0,4,680,24,0,0,684,0,0,0,688,-8,-4,0,0,-12,-668,-4,0,-8,-664,-24,-660,-4,0,20,-656
3749,0x55a1bd6793b1,R,0x7ffee78d5c84,1,-8,-8,-4,-8,-28,668,-8,672,-8,-8,0,676,-4,-8,-28,680,-16,4,4,8,-16,-660,0,8,0,8,8,-652,8,8,8,-648
3751,0x55a1bd6793b4,R,0x7ffee78d5c74,1,-16,-24,-20,648,-24,652,-24,-24,-20,-24,0,660,-24,-24,-24,664,24,20,12,24,20,-644,16,-640,0,24,20,-636,44,24,20,-632
3754,0x55a1bd6793b9,R,0x7ffee78d5c8c,1,24,0,0,672,0,0,-20,0,4,680,0,684,8,0,4,688,-4,-4,-24,0,-4,0,-8,-664,0,0,0,-660,0,0,-4,0
3757,0x55a1bd6793be,R,0x7ffee78d5c88,1,-4,-4,4,668,0,-4,-24,672,-4,676,-4,-4,20,-4,-4,684,-8,0,-20,-664,-4,4,-20,-660,0,4,24,-656,4,-652,4,4
3758,0x55a1bd6793be,W,0x7ffee78d5c88,1,0,-4,20,668,-4,-4,-4,672,-4,-4,0,-4,20,680,4,684,-8,4,0,-664,-4,4,4,-660,4,4,24,4,0,-652,-4,4
3760,0x55a1bd6793c2,R,0x7ffee78d5c80,1,-8,-8,-12,660,-4,-12,-8,664,-32,-12,-8,668,-12,672,-4,-12,-12,12,4,-656,-12,12,8,-652,12,-648,12,12,12,-644,-12,12
3762,0x55a1bd6793c5,R,0x7ffee78d5c74,1,-12,-20,-24,-24,0,-24,-24,652,-24,-24,-24,656,-24,-24,0,-24,20,24,16,-644,24,24,20,24,44,-636,20,24,16,-632,24,24
3765,0x55a1bd6793ca,R,0x7ffee78d5c88,1,20,0,0,-4,20,668,4,672,0,-4,-24,676,0,-4,20,680,-4,4,-20,-664,4,-660,4,4,4,-656,4,4,-20,-652,0,4
3768,0x55a1bd67937b,R,0x7ffee78d5c84,1,-4,-4,4,-8,-8,664,0,-8,-8,-8,-8,672,-8,-8,-8,676,0,8,-16,8,4,-656,28,8,4,-652,0,8,8,-648,8,8
3770,0x55a1bd67937e,W,0x7ffee78d5c8c,1,8,4,24,0,4,672,24,0,0,676,4,680,-20,0,4,684,-8,-668,0,0,0,-664,0,0,0,-660,-24,0,-4,-656,20,0
3773,0x55a1bd6793b1,R,0x7ffee78d5c84,1,0,-8,-4,-8,4,664,-8,-8,0,668,-4,-8,-8,-8,-8,676,-16,-660,4,8,28,-656,4,8,0,-652,8,8,8,-648,8,8
3775,0x55a1bd6793b4,R,0x7ffee78d5c74,1,-16,-24,-20,-20,0,648,-20,-24,0,652,-24,-24,-24,656,-44,660,24,-644,24,24,24,-640,24,24,0,-636,20,24,44,-632,24,-628
3778,0x55a1bd6793b9,R,0x7ffee78d5c8c,1,24,0,8,4,24,0,12,0,0,676,8,0,4,680,-20,0,-4,-668,20,0,-4,-664,-8,0,0,-660,0,0,20,0,-4,-652
3783,0x55a1bd67938a,R,0x7ffee78d5c88,1,-4,-4,4,0,0,-4,8,668,0,672,20,-4,-4,676,-4,-4,4,-664,4,4,4,-660,-20,4,0,-656,4,-652,4,4,0,4
3785,0x55a1bd67938d,R,0x7ffee78d5c8c,1,4,0,24,4,8,0,24,672,4,0,0,0,8,680,4,0,20,-668,-4,0,-8,-664,0,0,-4,0,20,-656,0,-652,0,0
3788,0x55a1bd679393,R,0x7ffee78d5ca0,1,20,20,20,24,28,20,24,692,32,20,20,696,44,700,20,20,-20,-688,-20,-20,-44,-684,-20,-680,-20,-20,0,-20,-24,-672,-28,-20
3790,0x55a1bd679397,R,0x7ffee78d5c8c,1,-20,0,4,4,24,0,8,672,24,0,4,676,24,0,8,0,-4,-668,-8,0,-24,0,-4,-660,0,-656,0,0,0,-652,-24,0
3793,0x55a1bd67939d,R,0x7ffee78d5c88,1,-4,-4,-4,0,-4,-4,4,668,0,-4,8,672,-4,-4,4,676,4,-664,-4,-660,4,4,0,4,24,-652,0,4,-4,-648,4,4
3798,0x55a1bd6793aa,W,0x7ffee78d59f0,1,-664,-668,-688,-664,-664,-668,-644,4,-660,-668,-644,8,-664,-668,-644,12,668,668,644,4,668,8,668,668,668,12,668,668,644,16,664,668
3800,0x55a1bd6793ad,R,0x7ffee78d5c8c,1,4,668,0,4,0,0,0,672,8,0,4,676,12,0,0,680,-8,0,-24,0,-4,-660,20,0,-4,-656,-8,0,0,-652,0,0
3801,0x55a1bd6793ad,W,0x7ffee78d5c8c,1,0,668,0,0,-20,0,4,672,24,0,8,676,24,0,4,680,-8,-664,0,0,0,-660,0,0,0,-656,-24,0,-4,-652,20,0
3803,0x55a1bd6793b1,R,0x7ffee78d5c84,1,-8,-8,-4,-8,-28,-4,-8,664,-8,-8,0,668,-4,-8,4,672,-16,-656,4,8,28,-652,4,8,0,-648,8,8,8,-644,8,8
3805,0x55a1bd6793b4,R,0x7ffee78d5c74,1,-16,-24,-20,644,-24,-20,-24,-24,-20,-24,0,652,-16,-24,0,656,24,-640,24,24,24,-636,24,24,0,-632,20,24,44,-628,24,-624
3808,0x55a1bd6793b9,R,0x7ffee78d5c8c,1,24,0,0,668,0,0,-20,0,4,672,0,676,8,0,4,680,-4,-664,20,0,-4,-660,-8,0,0,-656,0,0,20,0,-4,-648
3813,0x55a1bd67938a,R,0x7ffee78d5c88,1,-4,-4,4,664,0,-4,-24,0,-4,668,-4,-4,20,-4,4,676,4,-660,4,4,4,-656,-20,4,0,-652,4,-648,4,4,0,4
3815,0x55a1bd67938d,R,0x7ffee78d5c8c,1,4,0,24,668,0,0,0,4,0,0,4,0,24,676,8,680,20,-664,-4,0,-8,-660,0,0,-4,0,20,-652,0,-648,0,0
3818,0x55a1bd679393,R,0x7ffee78d5ca0,1,20,20,20,688,28,20,24,24,0,20,24,692,20,696,28,20,-20,-684,-20,-20,-44,-680,-20,-676,-20,-20,0,-20,-24,-668,-28,-20
3820,0x55a1bd679397,R,0x7ffee78d5c8c,1,-20,0,4,668,24,0,0,4,0,0,0,672,0,0,24,0,-4,-664,-8,0,-24,0,-4,-656,0,-652,0,0,0,-648,-24,0
3823,0x55a1bd67939d,R,0x7ffee78d5c88,1,-4,-4,-4,664,-4,-4,4,0,0,-4,-24,668,0,-4,20,672,4,-660,-4,-656,4,4,0,4,24,-648,0,4,-4,-644,4,4
3828,0x55a1bd6793aa,W,0x7ffee78d59f4,1,-660,-664,-684,4,-660,-664,-640,-660,-664,-664,-664,8,-664,-664,-664,12,664,664,640,4,664,8,664,664,664,12,664,664,640,16,660,664
3830,0x55a1bd6793ad,R,0x7ffee78d5c8c,1,4,664,0,668,0,0,0,4,8,0,4,672,-20,0,4,676,-8,0,-24,0,-4,-656,20,0,-4,-652,-8,0,0,-648,0,0
3831,0x55a1bd6793ad,W,0x7ffee78d5c8c,1,0,664,0,0,-20,0,4,4,24,0,0,672,0,0,0,676,-8,-660,0,0,0,-656,0,0,0,-652,-24,0,-4,-648,20,0
3833,0x55a1bd6793b1,R,0x7ffee78d5c84,1,-8,-8,-4,-8,-28,660,-8,-4,-8,-8,0,664,-4,-8,-28,668,-16,-652,4,8,28,-648,4,8,0,-644,8,8,8,-640,8,8
3835,0x55a1bd6793b4,R,0x7ffee78d5c74,1,-16,-24,-20,640,-24,644,-24,-24,-20,-24,0,648,-24,-24,-24,652,24,-636,24,24,24,-632,24,24,0,-628,20,24,44,-624,24,-620
3838,0x55a1bd6793b9,R,0x7ffee78d5c8c,1,24,0,0,664,0,0,-20,0,4,4,0,672,8,0,4,676,-4,-660,20,0,-4,-656,-8,0,0,-652,0,0,20,0,-4,-644
3843,0x55a1bd67938a,R,0x7ffee78d5c88,1,-4,-4,4,660,0,-4,-24,664,-4,0,-4,-4,20,-4,-4,672,4,-656,4,4,4,-652,-20,4,0,-648,4,-644,4,4,0,4
3845,0x55a1bd67938d,R,0x7ffee78d5c8c,1,4,0,24,664,0,0,0,668,0,0,4,0,24,672,8,676,20,-660,-4,0,-8,-656,0,0,-4,0,20,-648,0,-644,0,0
3848,0x55a1bd679393,R,0x7ffee78d5ca0,1,20,20,20,684,28,20,24,688,0,20,24,24,20,692,28,20,-20,-680,-20,-20,-44,-676,-20,-672,-20,-20,0,-20,-24,-664,-28,-20
3850,0x55a1bd679397,R,0x7ffee78d5c8c,1,-20,0,4,664,24,0,0,668,0,0,0,4,0,0,24,0,-4,-660,-8,0,-24,0,-4,-652,0,-648,0,0,0,-644,-24,0
3853,0x55a1bd67939d,R,0x7ffee78d5c88,1,-4,-4,-4,660,-4,-4,4,664,0,-4,-24,0,0,-4,20,668,4,-656,-4,-652,4,4,0,4,24,-644,0,4,-4,-640,4,4
3858,0x55a1bd6793aa,W,0x7ffee78d59f8,1,-656,-660,-680,4,-656,-660,-636,8,-660,-660,-660,-656,-660,-660,-660,12,660,660,636,4,660,8,660,660,660,12,660,660,636,16,656,660
3860,0x55a1bd6793ad,R,0x7ffee78d5c8c,1,4,660,0,664,0,0,0,668,8,0,4,4,-20,0,4,672,-8,0,-24,0,-4,-652,20,0,-4,-648,-8,0,0,-644,0,0
3861,0x55a1bd6793ad,W,0x7ffee78d5c8c,1,0,660,0,0,-20,0,4,668,24,0,0,4,0,0,0,672,-8,-656,0,0,0,-652,0,0,0,-648,-24,0,-4,-644,20,0
3863,0x55a1bd6793b1,R,0x7ffee78d5c84,1,-8,-8,-4,-8,-28,656,-8,660,-8,-8,0,-4,-4,-8,-28,664,-16,-648,4,8,28,-644,4,8,0,-640,8,8,8,-636,8,8
3865,0x55a1bd6793b4,R,0x7ffee78d5c74,1,-16,-24,-20,636,-24,640,-24,-24,-20,-24,0,-20,-24,-24,-24,648,24,-632,24,24,24,-628,24,24,0,-624,20,24,44,-620,24,-616
3868,0x55a1bd6793b9,R,0x7ffee78d5c8c,1,24,0,0,660,0,0,-20,0,4,668,0,4,8,0,4,672,-4,-656,20,0,-4,-652,-8,0,0,-648,0,0,20,0,-4,-640
3873,0x55a1bd67938a,R,0x7ffee78d5c88,1,-4,-4,4,656,0,-4,-24,660,-4,664,-4,-4,20,-4,-4,668,4,-652,4,4,4,-648,-20,4,0,-644,4,-640,4,4,0,4
3875,0x55a1bd67938d,R,0x7ffee78d5c8c,1,4,0,24,660,0,0,0,664,0,0,4,0,24,4,8,672,20,-656,-4,0,-8,-652,0,0,-4,0,20,-644,0,-640,0,0
3878,0x55a1bd679393,R,0x7ffee78d5ca0,1,20,20,20,680,28,20,24,684,0,20,24,688,20,24,28,20,-20,-676,-20,-20,-44,-672,-20,-668,-20,-20,0,-20,-24,-660,-28,-20
3880,0x55a1bd679397,R,0x7ffee78d5c8c,1,-20,0,4,660,24,0,0,664,0,0,0,668,0,0,24,0,-4,-656,-8,0,-24,0,-4,-648,0,-644,0,0,0,-640,-24,0
3883,0x55a1bd67939d,R,0x7ffee78d5c88,1,-4,-4,-4,656,-4,-4,4,660,0,-4,-24,664,0,-4,20,0,4,-652,-4,-648,4,4,0,4,24,-640,0,4,-4,-636,4,4
3888,0x55a1bd6793aa,W,0x7ffee78d59fc,1,-652,-656,-676,4,-652,-656,-632,8,-656,-656,-656,12,-656,-656,-656,-652,656,656,632,4,656,8,656,656,656,12,656,656,632,16,652,656
3890,0x55a1bd6793ad,R,0x7ffee78d5c8c,1,4,656,0,660,0,0,0,664,8,0,4,668,-20,0,4,4,-8,0,-24,0,-4,-648,20,0,-4,-644,-8,0,0,-640,0,0
3891,0x55a1bd6793ad,W,0x7ffee78d5c8c,1,0,656,0,0,-20,0,4,664,24,0,0,668,0,0,0,4,-8,-652,0,0,0,-648,0,0,0,-644,-24,0,-4,-640,20,0
3893,0x55a1bd6793b1,R,0x7ffee78d5c84,1,-8,-8,-4,-8,-28,652,-8,656,-8,-8,0,660,-4,-8,-28,-4,-16,-644,4,8,28,-640,4,8,0,-636,8,8,8,-632,8,8
3895,0x55a1bd6793b4,R,0x7ffee78d5c74,1,-16,-24,-20,632,-24,636,-24,-24,-20,-24,0,644,-24,-24,-24,-20,24,-628,24,24,24,-624,24,24,0,-620,20,24,44,-616,24,-612
3898,0x55a1bd6793b9,R,0x7ffee78d5c8c,1,24,0,0,656,0,0,-20,0,4,664,0,668,8,0,4,4,-4,-652,20,0,-4,-648,-8,0,0,-644,0,0,20,0,-4,-636
3903,0x55a1bd67938a,R,0x7ffee78d5c88,1,-4,-4,4,652,0,-4,-24,656,-4,660,-4,-4,20,-4,-4,0,4,-648,4,4,4,-644,-20,4,0,-640,4,-636,4,4,0,4
3905,0x55a1bd67938d,R,0x7ffee78d5c8c,1,4,0,24,656,0,0,0,660,0,0,4,0,24,668,8,4,20,-652,-4,0,-8,-648,0,0,-4,0,20,-640,0,-636,0,0
3908,0x55a1bd679393,R,0x7ffee78d5ca0,1,20,20,20,676,28,20,24,680,0,20,24,684,20,688,28,20,-20,-672,-20,-20,-44,-668,-20,-664,-20,-20,0,-20,-24,-656,-28,-20
3910,0x55a1bd679397,R,0x7ffee78d5c8c,1,-20,0,4,656,24,0,0,660,0,0,0,664,0,0,24,0,-4,-652,-8,0,-24,0,-4,-644,0,-640,0,0,0,-636,-24,0
3913,0x55a1bd67939d,R,0x7ffee78d5c88,1,-4,-4,-4,652,-4,-4,4,656,0,-4,-24,660,0,-4,20,664,4,-648,-4,-644,4,4,0,4,24,-636,0,4,-4,-632,4,4
3918,0x55a1bd6793aa,W,0x7ffee78d5a00,1,-648,-652,-672,4,-648,-652,-628,8,-652,-652,-652,12,-652,-652,-652,16,652,652,628,4,652,8,652,652,652,12,652,652,628,16,648,652
3920,0x55a1bd6793ad,R,0x7ffee78d5c8c,1,4,652,0,656,0,0,0,660,8,0,4,664,-20,0,4,668,-8,0,-24,0,-4,-644,20,0,-4,-640,-8,0,0,-636,0,0
3921,0x55a1bd6793ad,W,0x7ffee78d5c8c,1,0,652,0,0,-20,0,4,660,24,0,0,664,0,0,0,668,-8,-648,0,0,0,-644,0,0,0,-640,-24,0,-4,-636,20,0
3923,0x55a1bd6793b1,R,0x7ffee78d5c84,1,-8,-8,-4,-8,-28,648,-8,652,-8,-8,0,656,-4,-8,-28,660,-16,-640,4,8,28,-636,4,8,0,-632,8,8,8,-628,8,8
3925,0x55a1bd6793b4,R,0x7ffee78d5c74,1,-16,-24,-20,628,-24,632,-24,-24,-20,-24,0,640,-24,-24,-24,644,24,-624,24,24,24,-620,24,24,0,-616,20,24,44,-612,24,-608
3928,0x55a1bd6793b9,R,0x7ffee78d5c8c,1,24,0,0,652,0,0,-20,0,4,660,0,664,8,0,4,668,-4,-648,20,0,-4,-644,-8,0,0,-640,0,0,20,0,-4,-632
3933,0x55a1bd67938a,R,0x7ffee78d5c88,1,-4,-4,4,648,0,-4,-24,652,-4,656,-4,-4,20,-4,-4,664,4,-644,4,4,4,-640,-20,4,0,-636,4,-632,4,4,0,4
3935,0x55a1bd67938d,R,0x7ffee78d5c8c,1,4,0,24,652,0,0,0,656,0,0,4,0,24,664,8,668,20,-648,-4,0,-8,-644,0,0,-4,0,20,-636,0,-632,0,0
3938,0x55a1bd679393,R,0x7ffee78d5ca0,1,20,20,20,672,28,20,24,676,0,20,24,680,20,684,28,20,-20,-668,-20,-20,-44,-664,-20,-660,-20,-20,0,-20,-24,-652,-28,-20
3940,0x55a1bd679397,R,0x7ffee78d5c8c,1,-20,0,4,652,24,0,0,656,0,0,0,660,0,0,24,0,-4,-648,-8,0,-24,0,-4,-640,0,-636,0,0,0,-632,-24,0
3943,0x55a1bd67939d,R,0x7ffee78d5c88,1,-4,-4,-4,648,-4,-4,4,652,0,-4,-24,656,0,-4,20,660,4,-644,-4,-640,4,4,0,4,24,-632,0,4,-4,-628,4,4
3948,0x55a1bd6793aa,W,0x7ffee78d5a04,1,-644,-648,-668,4,-644,-648,-624,8,-648,-648,-648,12,-648,-648,-648,16,648,648,624,4,648,8,648,648,648,12,648,648,624,16,644,648
3950,0x55a1bd6793ad,R,0x7ffee78d5c8c,1,4,648,0,652,0,0,0,656,8,0,4,660,-20,0,4,664,-8,0,-24,0,-4,-640,20,0,-4,-636,-8,0,0,-632,0,0
3951,0x55a1bd6793ad,W,0x7ffee78d5c8c,1,0,648,0,0,-20,0,4,656,24,0,0,660,0,0,0,664,-8,-644,0,0,0,-640,0,0,0,-636,-24,0,-4,-632,20,0
3953,0x55a1bd6793b1,R,0x7ffee78d5c84,1,-8,-8,-4,-8,-28,644,-8,648,-8,-8,0,652,-4,-8,-28,656,-16,-636,4,8,28,-632,4,8,0,-628,8,8,8,-624,8,8
3955,0x55a1bd6793b4,R,0x7ffee78d5c74,1,-16,-24,-20,624,-24,628,-24,-24,-20,-24,0,636,-24,-24,-24,640,24,-620,24,24,24,-616,24,24,0,-612,20,24,44,-608,24,-604
3958,0x55a1bd6793b9,R,0x7ffee78d5c8c,1,24,0,0,648,0,0,-20,0,4,656,0,660,8,0,4,664,-4,-644,20,0,-4,-640,-8,0,0,-636,0,0,20,0,-4,-628
3963,0x55a1bd67938a,R,0x7ffee78d5c88,1,-4,-4,4,644,0,-4,-24,648,-4,652,-4,-4,20,-4,-4,660,4,-640,4,4,4,-636,-20,4,0,-632,4,-628,4,4,0,4
3965,0x55a1bd67938d,R,0x7ffee78d5c8c,1,4,0,24,648,0,0,0,652,0,0,4,0,24,660,8,664,20,-644,-4,0,-8,-640,0,0,-4,0,20,-632,0,-628,0,0
3968,0x55a1bd679393,R,0x7ffee78d5ca0,1,20,20,20,668,28,20,24,672,0,20,24,676,20,680,28,20,-20,-664,-20,-20,-44,-660,-20,-656,-20,-20,0,-20,-24,-648,-28,-20
3970,0x55a1bd679397,R,0x7ffee78d5c8c,1,-20,0,4,648,24,0,0,652,0,0,0,656,0,0,24,0,-4,-644,-8,0,-24,0,-4,-636,0,-632,0,0,0,-628,-24,0
3973,0x55a1bd67939d,R,0x7ffee78d5c88,1,-4,-4,-4,644,-4,-4,4,648,0,-4,-24,652,0,-4,20,656,4,-640,-4,-636,4,4,0,4,24,-628,0,4,-4,-624,4,4
3978,0x55a1bd6793aa,W,0x7ffee78d5a08,1,-640,-644,-664,4,-640,-644,-620,8,-644,-644,-644,12,-644,-644,-644,16,644,644,620,4,644,8,644,644,644,12,644,644,620,16,640,644
3980,0x55a1bd6793ad,R,0x7ffee78d5c8c,1,4,644,0,648,0,0,0,652,8,0,4,656,-20,0,4,660,-8,0,-24,0,-4,-636,20,0,-4,-632,-8,0,0,-628,0,0
3981,0x55a1bd6793ad,W,0x7ffee78d5c8c,1,0,644,0,0,-20,0,4,652,24,0,0,656,0,0,0,660,-8,-640,0,0,0,-636,0,0,0,-632,-24,0,-4,-628,20,0
3983,0x55a1bd6793b1,R,0x7ffee78d5c84,1,-8,-8,-4,-8,-28,640,-8,644,-8,-8,0,648,-4,-8,-28,652,-16,-632,4,8,28,-628,4,8,0,-624,8,8,8,-620,8,8
3985,0x55a1bd6793b4,R,0x7ffee78d5c74,1,-16,-24,-20,620,-24,624,-24,-24,-20,-24,0,632,-24,-24,-24,636,24,-616,24,24,24,-612,24,24,0,-608,20,24,44,-604,24,-600
3988,0x55a1bd6793b9,R,0x7ffee78d5c8c,1,24,0,0,644,0,0,-20,0,4,652,0,656,8,0,4,660,-4,-640,20,0,-4,-636,-8,0,0,-632,0,0,20,0,-4,-624
3993,0x55a1bd67938a,R,0x7ffee78d5c88,1,-4,-4,4,640,0,-4,-24,644,-4,648,-4,-4,20,-4,-4,656,4,-636,4,4,4,-632,-20,4,0,-628,4,-624,4,4,0,4
3995,0x55a1bd67938d,R,0x7ffee78d5c8c,1,4,0,24,644,0,0,0,648,0,0,4,0,24,656,8,660,20,-640,-4,0,-8,-636,0,0,-4,0,20,-628,0,-624,0,0
3998,0x55a1bd679393,R,0x7ffee78d5ca0,1,20,20,20,664,28,20,24,668,0,20,24,672,20,676,28,20,-20,-660,-20,-20,-44,-656,-20,-652,-20,-20,0,-20,-24,-644,-28,-20
4000,0x55a1bd679397,R,0x7ffee78d5c8c,1,-20,0,4,644,24,0,0,648,0,0,0,652,0,0,24,0,-4,-640,-8,0,-24,0,-4,-632,0,-628,0,0,0,-624,-24,0
4003,0x55a1bd67939d,R,0x7ffee78d5c88,1,-4,-4,-4,640,-4,-4,4,644,0,-4,-24,648,0,-4,20,652,4,-636,-4,-632,4,4,0,4,24,-624,0,4,-4,-620,4,4
4008,0x55a1bd6793aa,W,0x7ffee78d5a0c,1,-636,-640,-660,4,-636,-640,-616,8,-640,-640,-640,12,-640,-640,-640,16,640,640,616,4,640,8,640,640,640,12,640,640,616,16,636,640
4010,0x55a1bd6793ad,R,0x7ffee78d5c8c,1,4,640,0,644,0,0,0,648,8,0,4,652,-20,0,4,656,-8,0,-24,0,-4,-632,20,0,-4,-628,-8,0,0,-624,0,0
4011,0x55a1bd6793ad,W,0x7ffee78d5c8c,1,0,640,0,0,-20,0,4,648,24,0,0,652,0,0,0,656,-8,-636,0,0,0,-632,0,0,0,-628,-24,0,-4,-624,20,0
4013,0x55a1bd6793b1,R,0x7ffee78d5c84,1,-8,-8,-4,-8,-28,636,-8,640,-8,-8,0,644,-4,-8,-28,648,-16,-628,4,8,28,-624,4,8,0,-620,8,8,8,-616,8,8
4015,0x55a1bd6793b4,R,0x7ffee78d5c74,1,-16,-24,-20,616,-24,620,-24,-24,-20,-24,0,628,-24,-24,-24,632,24,-612,24,24,24,-608,24,24,0,-604,20,24,44,-600,24,-596
4018,0x55a1bd6793b9,R,0x7ffee78d5c8c,1,24,0,0,640,0,0,-20,0,4,648,0,652,8,0,4,656,-4,-636,20,0,-4,-632,-8,0,0,-628,0,0,20,0,-4,-620
4023,0x55a1bd67938a,R,0x7ffee78d5c88,1,-4,-4,4,636,0,-4,-24,640,-4,644,-4,-4,20,-4,-4,652,4,-632,4,4,4,-628,-20,4,0,-624,4,-620,4,4,0,4
4025,0x55a1bd67938d,R,0x7ffee78d5c8c,1,4,0,24,640,0,0,0,644,0,0,4,0,24,652,8,656,20,-636,-4,0,-8,-632,0,0,-4,0,20,-624,0,-620,0,0
4028,0x55a1bd679393,R,0x7ffee78d5ca0,1,20,20,20,660,28,20,24,664,0,20,24,668,20,672,28,20,-20,-656,-20,-20,-44,-652,-20,-648,-20,-20,0,-20,-24,-640,-28,-20
4030,0x55a1bd679397,R,0x7ffee78d5c8c,1,-20,0,4,640,24,0,0,644,0,0,0,648,0,0,24,0,-4,-636,-8,0,-24,0,-4,-628,0,-624,0,0,0,-620,-24,0
4033,0x55a1bd67939d,R,0x7ffee78d5c88,1,-4,-4,-4,636,-4,-4,4,640,0,-4,-24,644,0,-4,20,648,4,-632,-4,-628,4,4,0,4,24,-620,0,4,-4,-616,4,4
4038,0x55a1bd6793aa,W,0x7ffee78d5a10,1,-632,-636,-656,4,-632,-636,-612,8,-636,-636,-636,12,-636,-636,-636,16,636,636,612,4,636,8,636,636,636,12,636,636,612,16,632,636
4040,0x55a1bd6793ad,R,0x7ffee78d5c8c,1,4,636,0,640,0,0,0,644,8,0,4,648,-20,0,4,652,-8,0,-24,0,-4,-628,20,0,-4,-624,-8,0,0,-620,0,0
4041,0x55a1bd6793ad,W,0x7ffee78d5c8c,1,0,636,0,0,-20,0,4,644,24,0,0,648,0,0,0,652,-8,-632,0,0,0,-628,0,0,0,-624,-24,0,-4,-620,20,0
4043,0x55a1bd6793b1,R,0x7ffee78d5c84,1,-8,-8,-4,-8,-28,632,-8,636,-8,-8,0,640,-4,-8,-28,644,-16,-624,4,8,28,-620,4,8,0,-616,8,8,8,-612,8,8
4045,0x55a1bd6793b4,R,0x7ffee78d5c74,1,-16,-24,-20,612,-24,616,-24,-24,-20,-24,0,624,-24,-24,-24,628,24,-608,24,24,24,-604,24,24,0,-600,20,24,44,-596,24,-592
4048,0x55a1bd6793b9,R,0x7ffee78d5c8c,1,24,0,0,636,0,0,-20,0,4,644,0,648,8,0,4,652,-4,-632,20,0,-4,-628,-8,0,0,-624,0,0,20,0,-4,-616
4053,0x55a1bd67938a,R,0x7ffee78d5c88,1,-4,-4,4,632,0,-4,-24,636,-4,640,-4,-4,20,-4,-4,648,4,-628,4,4,4,-624,-20,4,0,-620,4,-616,4,4,0,4
4055,0x55a1bd67938d,R,0x7ffee78d5c8c,1,4,0,24,636,0,0,0,640,0,0,4,0,24,648,8,652,20,-632,-4,0,-8,-628,0,0,-4,0,20,-620,0,-616,0,0
4058,0x55a1bd679393,R,0x7ffee78d5ca0,1,20,20,20,656,28,20,24,660,0,20,24,664,20,668,28,20,-20,-652,-20,-20,-44,-648,-20,-644,-20,-20,0,-20,-24,-636,-28,-20
4060,0x55a1bd679397,R,0x7ffee78d5c8c,1,-20,0,4,636,24,0,0,640,0,0,0,644,0,0,24,0,-4,-632,-8,0,-24,0,-4,-624,0,-620,0,0,0,-616,-24,0
4063,0x55a1bd67939d,R,0x7ffee78d5c88,1,-4,-4,-4,632,-4,-4,4,636,0,-4,-24,640,0,-4,20,644,4,-628,-4,-624,4,4,0,4,24,-616,0,4,-4,-612,4,4
4068,0x55a1bd6793aa,W,0x7ffee78d5a14,1,-628,-632,-652,4,-628,-632,-608,8,-632,-632,-632,12,-632,-632,-632,16,632,632,608,4,632,8,632,632,632,12,632,632,608,16,628,632
4070,0x55a1bd6793ad,R,0x7ffee78d5c8c,1,4,632,0,636,0,0,0,640,8,0,4,644,-20,0,4,648,-8,0,-24,0,-4,-624,20,0,-4,-620,-8,0,0,-616,0,0
4071,0x55a1bd6793ad,W,0x7ffee78d5c8c,1,0,632,0,0,-20,0,4,640,24,0,0,644,0,0,0,648,-8,-628,0,0,0,-624,0,0,0,-620,-24,0,-4,-616,20,0
4073,0x55a1bd6793b1,R,0x7ffee78d5c84,1,-8,-8,-4,-8,-28,628,-8,632,-8,-8,0,636,-4,-8,-28,640,-16,-620,4,8,28,-616,4,8,0,-612,8,8,8,-608,8,8
4075,0x55a1bd6793b4,R,0x7ffee78d5c74,1,-16,-24,-20,608,-24,612,-24,-24,-20,-24,0,620,-24,-24,-24,624,24,-604,24,24,24,-600,24,24,0,-596,20,24,44,-592,24,-588
4078,0x55a1bd6793b9,R,0x7ffee78d5c8c,1,24,0,0,632,0,0,-20,0,4,640,0,644,8,0,4,648,-4,-628,20,0,-4,-624,-8,0,0,-620,0,0,20,0,-4,-612
4083,0x55a1bd67938a,R,0x7ffee78d5c88,1,-4,-4,4,628,0,-4,-24,632,-4,636,-4,-4,20,-4,-4,644,4,-624,4,4,4,-620,-20,4,0,-616,4,-612,4,4,0,4
4085,0x55a1bd67938d,R,0x7ffee78d5c8c,1,4,0,24,632,0,0,0,636,0,0,4,0,24,644,8,648,20,-628,-4,0,-8,-624,0,0,-4,0,20,-616,0,-612,0,0
4088,0x55a1bd679393,R,0x7ffee78d5ca0,1,20,20,20,652,28,20,24,656,0,20,24,660,20,664,28,20,-20,-648,-20,-20,-44,-644,-20,-640,-20,-20,0,-20,-24,-632,-28,-20
4090,0x55a1bd679397,R,0x7ffee78d5c8c,1,-20,0,4,632,24,0,0,636,0,0,0,640,0,0,24,0,-4,-628,-8,0,-24,0,-4,-620,0,-616,0,0,0,-612,-24,0
4093,0x55a1bd67939d,R,0x7ffee78d5c88,1,-4,-4,-4,628,-4,-4,4,632,0,-4,-24,636,0,-4,20,640,4,-624,-4,-620,4,4,0,4,24,-612,0,4,-4,-608,4,4
4098,0x55a1bd6793aa,W,0x7ffee78d5a18,1,-624,-628,-648,4,-624,-628,-604,8,-628,-628,-628,12,-628,-628,-628,16,628,628,604,4,628,8,628,628,628,12,628,628,604,16,624,628
4100,0x55a1bd6793ad,R,0x7ffee78d5c8c,1,4,628,0,632,0,0,0,636,8,0,4,640,-20,0,4,644,-8,0,-24,0,-4,-620,20,0,-4,-616,-8,0,0,-612,0,0
4101,0x55a1bd6793ad,W,0x7ffee78d5c8c,1,0,628,0,0,-20,0,4,636,24,0,0,640,0,0,0,644,-8,-624,0,0,0,-620,0,0,0,-616,-24,0,-4,-612,20,0
4103,0x55a1bd6793b1,R,0x7ffee78d5c84,1,-8,-8,-4,-8,-28,624,-8,628,-8,-8,0,632,-4,-8,-28,636,-16,-616,4,8,28,-612,4,8,0,-608,8,8,8,-604,8,8
4105,0x55a1bd6793b4,R,0x7ffee78d5c74,1,-16,-24,-20,604,-24,608,-24,-24,-20,-24,0,616,-24,-24,-24,620,24,-600,24,24,24,-596,24,24,0,-592,20,24,44,-588,24,-584
4108,0x55a1bd6793b9,R,0x7ffee78d5c8c,1,24,0,0,628,0,0,-20,0,4,636,0,640,8,0,4,644,-4,-624,20,0,-4,-620,-8,0,0,-616,0,0,20,0,-4,-608
4113,0x55a1bd67938a,R,0x7ffee78d5c88,1,-4,-4,4,624,0,-4,-24,628,-4,632,-4,-4,20,-4,-4,640,4,-620,4,4,4,-616,-20,4,0,-612,4,-608,4,4,0,4
4115,0x55a1bd67938d,R,0x7ffee78d5c8c,1,4,0,24,628,0,0,0,632,0,0,4,0,24,640,8,644,20,-624,-4,0,-8,-620,0,0,-4,0,20,-612,0,-608,0,0
4118,0x55a1bd679393,R,0x7ffee78d5ca0,1,20,20,20,648,28,20,24,652,0,20,24,656,20,660,28,20,-20,-644,-20,-20,-44,-640,-20,-636,-20,-20,0,-20,-24,-628,-28,-20
4120,0x55a1bd679397,R,0x7ffee78d5c8c,1,-20,0,4,628,24,0,0,632,0,0,0,636,0,0,24,0,-4,-624,-8,0,-24,0,-4,-616,0,-612,0,0,0,-608,-24,0
4123,0x55a1bd67939d,R,0x7ffee78d5c88,1,-4,-4,-4,624,-4,-4,4,628,0,-4,-24,632,0,-4,20,636,4,-620,-4,-616,4,4,0,4,24,-608,0,4,-4,-604,4,4
4128,0x55a1bd6793aa,W,0x7ffee78d5a1c,1,-620,-624,-644,4,-620,-624,-600,8,-624,-624,-624,12,-624,-624,-624,16,624,624,600,4,624,8,624,624,624,12,624,624,600,16,620,624
4130,0x55a1bd6793ad,R,0x7ffee78d5c8c,1,4,624,0,628,0,0,0,632,8,0,4,636,-20,0,4,640,-8,0,-24,0,-4,-616,20,0,-4,-612,-8,0,0,-608,0,0
4131,0x55a1bd6793ad,W,0x7ffee78d5c8c,1,0,624,0,0,-20,0,4,632,24,0,0,636,0,0,0,640,-8,-620,0,0,0,-616,0,0,0,-612,-24,0,-4,-608,20,0
4133,0x55a1bd6793b1,R,0x7ffee78d5c84,1,-8,-8,-4,-8,-28,620,-8,624,-8,-8,0,628,-4,-8,-28,632,-16,-612,4,8,28,-608,4,8,0,-604,8,8,8,-600,8,8
4135,0x55a1bd6793b4,R,0x7ffee78d5c74,1,-16,-24,-20,600,-24,604,-24,-24,-20,-24,0,612,-24,-24,-24,616,24,-596,24,24,24,-592,24,24,0,-588,20,24,44,-584,24,20
4138,0x55a1bd6793b9,R,0x7ffee78d5c8c,1,24,0,0,624,0,0,-20,0,4,632,0,636,8,0,4,640,-4,-620,20,0,-4,-616,-8,0,0,-612,0,0,20,0,-4,-4
4143,0x55a1bd67938a,R,0x7ffee78d5c88,1,-4,-4,4,620,0,-4,-24,624,-4,628,-4,-4,20,-4,-4,636,4,-616,4,4,4,-612,-20,4,0,-608,4,-604,4,4,0,4
4145,0x55a1bd67938d,R,0x7ffee78d5c8c,1,4,0,24,624,0,0,0,628,0,0,4,0,24,636,8,640,20,-620,-4,0,-8,-616,0,0,-4,0,20,-608,0,-4,0,0
4148,0x55a1bd679393,R,0x7ffee78d5ca0,1,20,20,20,644,28,20,24,648,0,20,24,652,20,656,28,20,-20,-640,-20,-20,-44,-636,-20,-632,-20,-20,0,-20,-24,-24,-28,-20
4150,0x55a1bd679397,R,0x7ffee78d5c8c,1,-20,0,4,624,24,0,0,628,0,0,0,632,0,0,24,0,-4,-620,-8,0,-24,0,-4,-612,0,-608,0,0,0,-4,-24,0
4153,0x55a1bd67939d,R,0x7ffee78d5c88,1,-4,-4,-4,620,-4,-4,4,624,0,-4,-24,628,0,-4,20,632,4,-616,-4,-612,4,4,0,4,24,-604,0,4,-4,0,4,4
4158,0x55a1bd6793aa,W,0x7ffee78d5a20,1,-616,-620,-640,4,-616,-620,-596,8,-620,-620,-620,12,-620,-620,-620,16,620,620,596,4,620,8,620,620,620,12,620,620,596,616,616,620
4160,0x55a1bd6793ad,R,0x7ffee78d5c8c,1,4,620,0,624,0,0,0,628,8,0,4,632,-20,0,4,636,-8,0,-24,0,-4,-612,20,0,-4,-608,-8,0,0,-4,0,0
4161,0x55a1bd6793ad,W,0x7ffee78d5c8c,1,0,620,0,0,-20,0,4,628,24,0,0,632,0,0,0,636,-8,-616,0,0,0,-612,0,0,0,-608,-24,0,-4,-4,20,0
4163,0x55a1bd6793b1,R,0x7ffee78d5c84,1,-8,-8,-4,-8,-28,616,-8,620,-8,-8,0,624,-4,-8,-28,628,-16,-608,4,8,28,-604,4,8,0,-600,8,8,8,4,8,8
4165,0x55a1bd6793b4,R,0x7ffee78d5c74,1,-16,-24,-20,596,-24,600,-24,-24,-20,-24,0,608,-24,-24,-24,612,24,-592,24,24,24,-588,24,24,0,-584,20,24,44,20,24,-580
4168,0x55a1bd6793b9,R,0x7ffee78d5c8c,1,24,0,0,620,0,0,-20,0,4,628,0,632,8,0,4,636,-4,-616,20,0,-4,-612,-8,0,0,-608,0,0,20,0,-4,-604
4173,0x55a1bd67938a,R,0x7ffee78d5c88,1,-4,-4,4,616,0,-4,-24,620,-4,624,-4,-4,20,-4,-4,632,4,-612,4,4,4,-608,-20,4,0,-604,4,0,4,4,0,4
4175,0x55a1bd67938d,R,0x7ffee78d5c8c,1,4,0,24,620,0,0,0,624,0,0,4,0,24,632,8,636,20,-616,-4,0,-8,-612,0,0,-4,0,20,-4,0,-604,0,0
4178,0x55a1bd679393,R,0x7ffee78d5ca0,1,20,20,20,640,28,20,24,644,0,20,24,648,20,652,28,20,-20,-636,-20,-20,-44,-632,-20,-628,-20,-20,0,-20,-24,-624,-28,-20
4180,0x55a1bd679397,R,0x7ffee78d5c8c,1,-20,0,4,620,24,0,0,624,0,0,0,628,0,0,24,0,-4,-616,-8,0,-24,0,-4,-608,0,-4,0,0,0,-604,-24,0
4183,0x55a1bd67939d,R,0x7ffee78d5c88,1,-4,-4,-4,616,-4,-4,4,620,0,-4,-24,624,0,-4,20,628,4,-612,-4,-608,4,4,0,4,24,0,0,4,-4,-600,4,4
4188,0x55a1bd6793aa,W,0x7ffee78d5a24,1,-612,-616,-636,4,-612,-616,-592,8,-616,-616,-616,12,-616,-616,-616,16,616,616,592,4,616,8,616,616,616,612,616,616,592,12,612,616
4190,0x55a1bd6793ad,R,0x7ffee78d5c8c,1,4,616,0,620,0,0,0,624,8,0,4,628,-20,0,4,632,-8,0,-24,0,-4,-608,20,0,-4,-4,-8,0,0,-604,0,0
4191,0x55a1bd6793ad,W,0x7ffee78d5c8c,1,0,616,0,0,-20,0,4,624,24,0,0,628,0,0,0,632,-8,-612,0,0,0,-608,0,0,0,-4,-24,0,-4,-604,20,0
4193,0x55a1bd6793b1,R,0x7ffee78d5c84,1,-8,-8,-4,-8,-28,612,-8,616,-8,-8,0,620,-4,-8,-28,624,-16,-604,4,8,28,-600,4,8,0,4,8,8,8,-596,8,8
4195,0x55a1bd6793b4,R,0x7ffee78d5c74,1,-16,-24,-20,592,-24,596,-24,-24,-20,-24,0,604,-24,-24,-24,608,24,-588,24,24,24,-584,24,24,0,20,20,24,44,-580,24,-576
4198,0x55a1bd6793b9,R,0x7ffee78d5c8c,1,24,0,0,616,0,0,-20,0,4,624,0,628,8,0,4,632,-4,-612,20,0,-4,-608,-8,0,0,-4,0,0,20,0,-4,-600
4203,0x55a1bd67938a,R,0x7ffee78d5c88,1,-4,-4,4,612,0,-4,-24,616,-4,620,-4,-4,20,-4,-4,628,4,-608,4,4,4,-604,-20,4,0,0,4,-600,4,4,0,4
4205,0x55a1bd67938d,R,0x7ffee78d5c8c,1,4,0,24,616,0,0,0,620,0,0,4,0,24,628,8,632,20,-612,-4,0,-8,-608,0,0,-4,0,20,-604,0,-600,0,0
4208,0x55a1bd679393,R,0x7ffee78d5ca0,1,20,20,20,636,28,20,24,640,0,20,24,644,20,648,28,20,-20,-632,-20,-20,-44,-628,-20,-24,-20,-20,0,-20,-24,-620,-28,-20
4210,0x55a1bd679397,R,0x7ffee78d5c8c,1,-20,0,4,616,24,0,0,620,0,0,0,624,0,0,24,0,-4,-612,-8,0,-24,0,-4,-4,0,-604,0,0,0,-600,-24,0
4213,0x55a1bd67939d,R,0x7ffee78d5c88,1,-4,-4,-4,612,-4,-4,4,616,0,-4,-24,620,0,-4,20,624,4,-608,-4,-604,4,4,0,4,24,-600,0,4,-4,-596,4,4
4218,0x55a1bd6793aa,W,0x7ffee78d5a28,1,-608,-612,-632,4,-608,-612,-588,8,-612,-612,-612,12,-612,-612,-612,16,612,612,588,4,612,608,612,612,612,8,612,612,588,12,608,612
4220,0x55a1bd6793ad,R,0x7ffee78d5c8c,1,4,612,0,616,0,0,0,620,8,0,4,624,-20,0,4,628,-8,0,-24,0,-4,-4,20,0,-4,-604,-8,0,0,-600,-12,0
4221,0x55a1bd6793ad,W,0x7ffee78d5c8c,1,0,612,0,0,-20,0,4,620,24,0,0,624,0,0,0,628,-8,-608,0,0,0,-4,0,0,0,-604,-24,0,-4,-600,-24,0
4223,0x55a1bd6793b1,R,0x7ffee78d5c84,1,-8,-8,-4,-8,-28,608,-8,612,-8,-8,0,616,-4,-8,-28,620,-16,-600,4,8,28,4,4,8,0,-596,8,8,-4,-592,4,8
4225,0x55a1bd6793b4,R,0x7ffee78d5c74,1,-16,-24,-20,588,-24,592,-24,-24,-20,-24,0,600,-24,-24,-24,604,24,-584,24,24,24,20,24,24,0,-580,20,24,0,-576,20,-572
4228,0x55a1bd6793b9,R,0x7ffee78d5c8c,1,24,0,0,612,0,0,-20,0,4,620,0,624,8,0,4,628,-4,-608,20,0,-4,-4,-8,0,0,-604,-12,0,-24,0,-8,-596
4233,0x55a1bd67938a,R,0x7ffee78d5c88,1,-4,-4,4,608,0,-4,-24,612,-4,616,-4,-4,20,-4,-4,624,4,-604,4,4,4,0,-20,4,0,-600,-8,-596,0,4,-4,4
4235,0x55a1bd67938d,R,0x7ffee78d5c8c,1,4,0,24,612,0,0,0,616,0,0,4,0,24,624,8,628,20,-608,-4,0,-8,-4,0,0,-4,0,-24,-600,-4,-596,-8,0
4238,0x55a1bd679393,R,0x7ffee78d5ca0,1,20,20,20,632,28,20,24,636,0,20,24,640,20,644,28,20,-20,-628,-20,-20,-44,-24,-20,-624,-32,-20,-44,-20,-28,-616,-44,-20
4240,0x55a1bd679397,R,0x7ffee78d5c8c,1,-20,0,4,612,24,0,0,616,0,0,0,620,0,0,24,0,-4,-608,-8,0,-24,0,-4,-604,-12,-600,-4,0,-8,-596,0,0
4243,0x55a1bd67939d,R,0x7ffee78d5c88,1,-4,-4,-4,608,-4,-4,4,612,0,-4,-24,616,0,-4,20,620,4,-604,-4,0,4,4,0,4,-20,-596,-4,4,-20,-592,0,4
4248,0x55a1bd6793aa,W,0x7ffee78d5a2c,1,-604,-608,-628,4,-604,-608,-584,8,-608,-608,-608,12,-608,-608,-608,16,608,608,584,604,608,4,596,608,604,8,600,608,608,12,604,16
4250,0x55a1bd6793ad,R,0x7ffee78d5c8c,1,4,608,0,612,0,0,0,616,8,0,4,620,-20,0,4,624,-8,0,-24,0,-4,-604,-24,0,-8,-600,-24,0,0,0,0,-592
4251,0x55a1bd6793ad,W,0x7ffee78d5c8c,1,0,608,0,0,-20,0,4,616,24,0,0,620,0,0,0,624,-8,-4,0,0,-12,-604,-4,0,-8,-600,-24,-596,-4,0,20,-592
4253,0x55a1bd6793b1,R,0x7ffee78d5c84,1,-8,-8,-4,-8,-28,604,-8,608,-8,-8,0,612,-4,-8,-28,616,-16,4,4,8,-16,-596,0,8,0,8,8,-588,8,8,8,-584
4255,0x55a1bd6793b4,R,0x7ffee78d5c74,1,-16,-24,-20,584,-24,588,-24,-24,-20,-24,0,596,-24,-24,-24,600,24,20,12,24,20,-580,16,-576,0,24,20,-572,44,24,20,-568
4258,0x55a1bd6793b9,R,0x7ffee78d5c8c,1,24,0,0,608,0,0,-20,0,4,616,0,620,8,0,4,624,-4,-4,-24,0,-4,0,-8,-600,0,0,0,-596,0,0,-4,0
4261,0x55a1bd6793be,R,0x7ffee78d5c88,1,-4,-4,4,604,0,-4,-24,608,-4,612,-4,-4,20,-4,-4,620,-8,0,-20,-600,-4,4,-20,-596,0,4,24,-592,4,-588,4,4
4262,0x55a1bd6793be,W,0x7ffee78d5c88,1,0,-4,20,604,-4,-4,-4,608,-4,-4,0,-4,20,616,4,620,-8,4,0,-600,-4,4,4,-596,4,4,24,4,0,-588,-4,4
4264,0x55a1bd6793c2,R,0x7ffee78d5c80,1,-8,-8,-12,596,-4,-12,-8,600,-32,-12,-8,604,-12,608,-4,-12,-12,12,4,-592,-12,12,8,-588,12,-584,12,12,12,-580,-12,12
4266,0x55a1bd6793c5,R,0x7ffee78d5c74,1,-12,-20,-24,-24,0,-24,-24,588,-24,-24,-24,592,-24,-24,0,-24,20,24,16,-580,24,24,20,24,44,-572,20,24,16,-568,24,24
4269,0x55a1bd6793ca,R,0x7ffee78d5c88,1,20,0,0,-4,20,604,4,608,0,-4,-24,612,0,-4,20,616,-4,4,-20,-600,4,-596,4,4,4,-592,4,4,-20,-588,0,4
4272,0x55a1bd67937b,R,0x7ffee78d5c84,1,-4,-4,4,-8,-8,600,0,-8,-8,-8,-8,608,-8,-8,-8,612,0,8,-16,8,4,-592,28,8,4,-588,0,8,8,-584,8,8
4274,0x55a1bd67937e,W,0x7ffee78d5c8c,1,8,4,24,0,4,608,24,0,0,612,4,616,-20,0,4,620,-8,-604,0,0,0,-600,0,0,0,-596,-24,0,-4,-592,20,0
4277,0x55a1bd6793b1,R,0x7ffee78d5c84,1,0,-8,-4,-8,4,600,-8,-8,0,604,-4,-8,-8,-8,-8,612,-16,-596,4,8,28,-592,4,8,0,-588,8,8,8,-584,8,8
4279,0x55a1bd6793b4,R,0x7ffee78d5c74,1,-16,-24,-20,-20,0,584,-20,-24,0,588,-24,-24,-24,592,-44,596,24,-580,24,24,24,-576,24,24,0,-572,20,24,44,-568,24,-564
4282,0x55a1bd6793b9,R,0x7ffee78d5c8c,1,24,0,8,4,24,0,12,0,0,612,8,0,4,616,-20,0,-4,-604,20,0,-4,-600,-8,0,0,-596,0,0,20,0,-4,-588
4287,0x55a1bd67938a,R,0x7ffee78d5c88,1,-4,-4,4,0,0,-4,8,604,0,608,20,-4,-4,612,-4,-4,4,-600,4,4,4,-596,-20,4,0,-592,4,-588,4,4,0,4
4289,0x55a1bd67938d,R,0x7ffee78d5c8c,1,4,0,24,4,8,0,24,608,4,0,0,0,8,616,4,0,20,-604,-4,0,-8,-600,0,0,-4,0,20,-592,0,-588,0,0
4292,0x55a1bd679393,R,0x7ffee78d5ca0,1,20,20,20,24,28,20,24,628,32,20,20,632,44,636,20,20,-20,-624,-20,-20,-44,-620,-20,-616,-20,-20,0,-20,-24,-608,-28,-20
4294,0x55a1bd679397,R,0x7ffee78d5c8c,1,-20,0,4,4,24,0,8,608,24,0,4,612,24,0,8,0,-4,-604,-8,0,-24,0,-4,-596,0,-592,0,0,0,-588,-24,0
4297,0x55a1bd67939d,R,0x7ffee78d5c88,1,-4,-4,-4,0,-4,-4,4,604,0,-4,8,608,-4,-4,4,612,4,-600,-4,-596,4,4,0,4,24,-588,0,4,-4,-584,4,4
4302,0x55a1bd6793aa,W,0x7ffee78d5a30,1,-600,-604,-624,-600,-600,-604,-580,4,-596,-604,-580,8,-600,-604,-580,12,604,604,580,4,604,8,604,604,604,12,604,604,580,16,600,604
4304,0x55a1bd6793ad,R,0x7ffee78d5c8c,1,4,604,0,4,0,0,0,608,8,0,4,612,12,0,0,616,-8,0,-24,0,-4,-596,20,0,-4,-592,-8,0,0,-588,0,0
4305,0x55a1bd6793ad,W,0x7ffee78d5c8c,1,0,604,0,0,-20,0,4,608,24,0,8,612,24,0,4,616,-8,-600,0,0,0,-596,0,0,0,-592,-24,0,-4,-588,20,0
4307,0x55a1bd6793b1,R,0x7ffee78d5c84,1,-8,-8,-4,-8,-28,-4,-8,600,-8,-8,0,604,-4,-8,4,608,-16,-592,4,8,28,-588,4,8,0,-584,8,8,8,-580,8,8
4309,0x55a1bd6793b4,R,0x7ffee78d5c74,1,-16,-24,-20,580,-24,-20,-24,-24,-20,-24,0,588,-16,-24,0,592,24,-576,24,24,24,-572,24,24,0,-568,20,24,44,-564,24,-560
4312,0x55a1bd6793b9,R,0x7ffee78d5c8c,1,24,0,0,604,0,0,-20,0,4,608,0,612,8,0,4,616,-4,-600,20,0,-4,-596,-8,0,0,-592,0,0,20,0,-4,-584
4317,0x55a1bd67938a,R,0x7ffee78d5c88,1,-4,-4,4,600,0,-4,-24,0,-4,604,-4,-4,20,-4,4,612,4,-596,4,4,4,-592,-20,4,0,-588,4,-584,4,4,0,4
4319,0x55a1bd67938d,R,0x7ffee78d5c8c,1,4,0,24,604,0,0,0,4,0,0,4,0,24,612,8,616,20,-600,-4,0,-8,-596,0,0,-4,0,20,-588,0,-584,0,0
4322,0x55a1bd679393,R,0x7ffee78d5ca0,1,20,20,20,624,28,20,24,24,0,20,24,628,20,632,28,20,-20,-620,-20,-20,-44,-616,-20,-612,-20,-20,0,-20,-24,-604,-28,-20
4324,0x55a1bd679397,R,0x7ffee78d5c8c,1,-20,0,4,604,24,0,0,4,0,0,0,608,0,0,24,0,-4,-600,-8,0,-24,0,-4,-592,0,-588,0,0,0,-584,-24,0
4327,0x55a1bd67939d,R,0x7ffee78d5c88,1,-4,-4,-4,600,-4,-4,4,0,0,-4,-24,604,0,-4,20,608,4,-596,-4,-592,4,4,0,4,24,-584,0,4,-4,-580,4,4
4332,0x55a1bd6793aa,W,0x7ffee78d5a34,1,-596,-600,-620,4,-596,-600,-576,-596,-600,-600,-600,8,-600,-600,-600,12,600,600,576,4,600,8,600,600,600,12,600,600,576,16,596,600
4334,0x55a1bd6793ad,R,0x7ffee78d5c8c,1,4,600,0,604,0,0,0,4,8,0,4,608,-20,0,4,612,-8,0,-24,0,-4,-592,20,0,-4,-588,-8,0,0,-584,0,0
4335,0x55a1bd6793ad,W,0x7ffee78d5c8c,1,0,600,0,0,-20,0,4,4,24,0,0,608,0,0,0,612,-8,-596,0,0,0,-592,0,0,0,-588,-24,0,-4,-584,20,0
4337,0x55a1bd6793b1,R,0x7ffee78d5c84,1,-8,-8,-4,-8,-28,596,-8,-4,-8,-8,0,600,-4,-8,-28,604,-16,-588,4,8,28,-584,4,8,0,-580,8,8,8,-576,8,8
4339,0x55a1bd6793b4,R,0x7ffee78d5c74,1,-16,-24,-20,576,-24,580,-24,-24,-20,-24,0,584,-24,-24,-24,588,24,-572,24,24,24,-568,24,24,0,-564,20,24,44,-560,24,-556
4342,0x55a1bd6793b9,R,0x7ffee78d5c8c,1,24,0,0,600,0,0,-20,0,4,4,0,608,8,0,4,612,-4,-596,20,0,-4,-592,-8,0,0,-588,0,0,20,0,-4,-580
4347,0x55a1bd67938a,R,0x7ffee78d5c88,1,-4,-4,4,596,0,-4,-24,600,-4,0,-4,-4,20,-4,-4,608,4,-592,4,4,4,-588,-20,4,0,-584,4,-580,4,4,0,4
4349,0x55a1bd67938d,R,0x7ffee78d5c8c,1,4,0,24,600,0,0,0,604,0,0,4,0,24,608,8,612,20,-596,-4,0,-8,-592,0,0,-4,0,20,-584,0,-580,0,0
4352,0x55a1bd679393,R,0x7ffee78d5ca0,1,20,20,20,620,28,20,24,624,0,20,24,24,20,628,28,20,-20,-616,-20,-20,-44,-612,-20,-608,-20,-20,0,-20,-24,-600,-28,-20
4354,0x55a1bd679397,R,0x7ffee78d5c8c,1,-20,0,4,600,24,0,0,604,0,0,0,4,0,0,24,0,-4,-596,-8,0,-24,0,-4,-588,0,-584,0,0,0,-580,-24,0
4357,0x55a1bd67939d,R,0x7ffee78d5c88,1,-4,-4,-4,596,-4,-4,4,600,0,-4,-24,0,0,-4,20,604,4,-592,-4,-588,4,4,0,4,24,-580,0,4,-4,-576,4,4
4362,0x55a1bd6793aa,W,0x7ffee78d5a38,1,-592,-596,-616,4,-592,-596,-572,8,-596,-596,-596,-592,-596,-596,-596,12,596,596,572,4,596,8,596,596,596,12,596,596,572,16,592,596
4364,0x55a1bd6793ad,R,0x7ffee78d5c8c,1,4,596,0,600,0,0,0,604,8,0,4,4,-20,0,4,608,-8,0,-24,0,-4,-588,20,0,-4,-584,-8,0,0,-580,0,0
4365,0x55a1bd6793ad,W,0x7ffee78d5c8c,1,0,596,0,0,-20,0,4,604,24,0,0,4,0,0,0,608,-8,-592,0,0,0,-588,0,0,0,-584,-24,0,-4,-580,20,0
4367,0x55a1bd6793b1,R,0x7ffee78d5c84,1,-8,-8,-4,-8,-28,592,-8,596,-8,-8,0,-4,-4,-8,-28,600,-16,-584,4,8,28,-580,4,8,0,-576,8,8,8,-572,8,8
4369,0x55a1bd6793b4,R,0x7ffee78d5c74,1,-16,-24,-20,572,-24,576,-24,-24,-20,-24,0,-20,-24,-24,-24,584,24,-568,24,24,24,-564,24,24,0,-560,20,24,44,-556,24,-552
4372,0x55a1bd6793b9,R,0x7ffee78d5c8c,1,24,0,0,596,0,0,-20,0,4,604,0,4,8,0,4,608,-4,-592,20,0,-4,-588,-8,0,0,-584,0,0,20,0,-4,-576
4377,0x55a1bd67938a,R,0x7ffee78d5c88,1,-4,-4,4,592,0,-4,-24,596,-4,600,-4,-4,20,-4,-4,604,4,-588,4,4,4,-584,-20,4,0,-580,4,-576,4,4,0,4
4379,0x55a1bd67938d,R,0x7ffee78d5c8c,1,4,0,24,596,0,0,0,600,0,0,4,0,24,4,8,608,20,-592,-4,0,-8,-588,0,0,-4,0,20,-580,0,-576,0,0
4382,0x55a1bd679393,R,0x7ffee78d5ca0,1,20,20,20,616,28,20,24,620,0,20,24,624,20,24,28,20,-20,-612,-20,-20,-44,-608,-20,-604,-20,-20,0,-20,-24,-596,-28,-20
4384,0x55a1bd679397,R,0x7ffee78d5c8c,1,-20,0,4,596,24,0,0,600,0,0,0,604,0,0,24,0,-4,-592,-8,0,-24,0,-4,-584,0,-580,0,0,0,-576,-24,0
4387,0x55a1bd67939d,R,0x7ffee78d5c88,1,-4,-4,-4,592,-4,-4,4,596,0,-4,-24,600,0,-4,20,0,4,-588,-4,-584,4,4,0,4,24,-576,0,4,-4,-572,4,4
4392,0x55a1bd6793aa,W,0x7ffee78d5a3c,1,-588,-592,-612,4,-588,-592,-568,8,-592,-592,-592,12,-592,-592,-592,-588,592,592,568,4,592,8,592,592,592,12,592,592,568,16,588,592
4394,0x55a1bd6793ad,R,0x7ffee78d5c8c,1,4,592,0,596,0,0,0,600,8,0,4,604,-20,0,4,4,-8,0,-24,0,-4,-584,20,0,-4,-580,-8,0,0,-576,0,0
4395,0x55a1bd6793ad,W,0x7ffee78d5c8c,1,0,592,0,0,-20,0,4,600,24,0,0,604,0,0,0,4,-8,-588,0,0,0,-584,0,0,0,-580,-24,0,-4,-576,20,0
4397,0x55a1bd6793b1,R,0x7ffee78d5c84,1,-8,-8,-4,-8,-28,588,-8,592,-8,-8,0,596,-4,-8,-28,-4,-16,-580,4,8,28,-576,4,8,0,-572,8,8,8,-568,8,8
4399,0x55a1bd6793b4,R,0x7ffee78d5c74,1,-16,-24,-20,568,-24,572,-24,-24,-20,-24,0,580,-24,-24,-24,-20,24,-564,24,24,24,-560,24,24,0,-556,20,24,44,-552,24,-548
4402,0x55a1bd6793b9,R,0x7ffee78d5c8c,1,24,0,0,592,0,0,-20,0,4,600,0,604,8,0,4,4,-4,-588,20,0,-4,-584,-8,0,0,-580,0,0,20,0,-4,-572
4407,0x55a1bd67938a,R,0x7ffee78d5c88,1,-4,-4,4,588,0,-4,-24,592,-4,596,-4,-4,20,-4,-4,0,4,-584,4,4,4,-580,-20,4,0,-576,4,-572,4,4,0,4
4409,0x55a1bd67938d,R,0x7ffee78d5c8c,1,4,0,24,592,0,0,0,596,0,0,4,0,24,604,8,4,20,-588,-4,0,-8,-584,0,0,-4,0,20,-576,0,-572,0,0
4412,0x55a1bd679393,R,0x7ffee78d5ca0,1,20,20,20,612,28,20,24,616,0,20,24,620,20,624,28,20,-20,-608,-20,-20,-44,-604,-20,-600,-20,-20,0,-20,-24,-592,-28,-20
4414,0x55a1bd679397,R,0x7ffee78d5c8c,1,-20,0,4,592,24,0,0,596,0,0,0,600,0,0,24,0,-4,-588,-8,0,-24,0,-4,-580,0,-576,0,0,0,-572,-24,0
4417,0x55a1bd67939d,R,0x7ffee78d5c88,1,-4,-4,-4,588,-4,-4,4,592,0,-4,-24,596,0,-4,20,600,4,-584,-4,-580,4,4,0,4,24,-572,0,4,-4,-568,4,4
4422,0x55a1bd6793aa,W,0x7ffee78d5a40,1,-584,-588,-608,4,-584,-588,-564,8,-588,-588,-588,12,-588,-588,-588,16,588,588,564,4,588,8,588,588,588,12,588,588,564,16,584,588
4424,0x55a1bd6793ad,R,0x7ffee78d5c8c,1,4,588,0,592,0,0,0,596,8,0,4,600,-20,0,4,604,-8,0,-24,0,-4,-580,20,0,-4,-576,-8,0,0,-572,0,0
4425,0x55a1bd6793ad,W,0x7ffee78d5c8c,1,0,588,0,0,-20,0,4,596,24,0,0,600,0,0,0,604,-8,-584,0,0,0,-580,0,0,0,-576,-24,0,-4,-572,20,0
4427,0x55a1bd6793b1,R,0x7ffee78d5c84,1,-8,-8,-4,-8,-28,584,-8,588,-8,-8,0,592,-4,-8,-28,596,-16,-576,4,8,28,-572,4,8,0,-568,8,8,8,-564,8,8
4429,0x55a1bd6793b4,R,0x7ffee78d5c74,1,-16,-24,-20,564,-24,568,-24,-24,-20,-24,0,576,-24,-24,-24,580,24,-560,24,24,24,-556,24,24,0,-552,20,24,44,-548,24,-544
4432,0x55a1bd6793b9,R,0x7ffee78d5c8c,1,24,0,0,588,0,0,-20,0,4,596,0,600,8,0,4,604,-4,-584,20,0,-4,-580,-8,0,0,-576,0,0,20,0,-4,-568
4437,0x55a1bd67938a,R,0x7ffee78d5c88,1,-4,-4,4,584,0,-4,-24,588,-4,592,-4,-4,20,-4,-4,600,4,-580,4,4,4,-576,-20,4,0,-572,4,-568,4,4,0,4
4439,0x55a1bd67938d,R,0x7ffee78d5c8c,1,4,0,24,588,0,0,0,592,0,0,4,0,24,600,8,604,20,-584,-4,0,-8,-580,0,0,-4,0,20,-572,0,-568,0,0
4442,0x55a1bd679393,R,0x7ffee78d5ca0,1,20,20,20,608,28,20,24,612,0,20,24,616,20,620,28,20,-20,-604,-20,-20,-44,-600,-20,-596,-20,-20,0,-20,-24,-588,-28,-20
4444,0x55a1bd679397,R,0x7ffee78d5c8c,1,-20,0,4,588,24,0,0,592,0,0,0,596,0,0,24,0,-4,-584,-8,0,-24,0,-4,-576,0,-572,0,0,0,-568,-24,0
4447,0x55a1bd67939d,R,0x7ffee78d5c88,1,-4,-4,-4,584,-4,-4,4,588,0,-4,-24,592,0,-4,20,596,4,-580,-4,-576,4,4,0,4,24,-568,0,4,-4,-564,4,4
4452,0x55a1bd6793aa,W,0x7ffee78d5a44,1,-580,-584,-604,4,-580,-584,-560,8,-584,-584,-584,12,-584,-584,-584,16,584,584,560,4,584,8,584,584,584,12,584,584,560,16,580,584
4454,0x55a1bd6793ad,R,0x7ffee78d5c8c,1,4,584,0,588,0,0,0,592,8,0,4,596,-20,0,4,600,-8,0,-24,0,-4,-576,20,0,-4,-572,-8,0,0,-568,0,0
4455,0x55a1bd6793ad,W,0x7ffee78d5c8c,1,0,584,0,0,-20,0,4,592,24,0,0,596,0,0,0,600,-8,-580,0,0,0,-576,0,0,0,-572,-24,0,-4,-568,20,0
4457,0x55a1bd6793b1,R,0x7ffee78d5c84,1,-8,-8,-4,-8,-28,580,-8,584,-8,-8,0,588,-4,-8,-28,592,-16,-572,4,8,28,-568,4,8,0,-564,8,8,8,-560,8,8
4459,0x55a1bd6793b4,R,0x7ffee78d5c74,1,-16,-24,-20,560,-24,564,-24,-24,-20,-24,0,572,-24,-24,-24,576,24,-556,24,24,24,-552,24,24,0,-548,20,24,44,-544,24,-540
4462,0x55a1bd6793b9,R,0x7ffee78d5c8c,1,24,0,0,584,0,0,-20,0,4,592,0,596,8,0,4,600,-4,-580,20,0,-4,-576,-8,0,0,-572,0,0,20,0,-4,-564
4467,0x55a1bd67938a,R,0x7ffee78d5c88,1,-4,-4,4,580,0,-4,-24,584,-4,588,-4,-4,20,-4,-4,596,4,-576,4,4,4,-572,-20,4,0,-568,4,-564,4,4,0,4
4469,0x55a1bd67938d,R,0x7ffee78d5c8c,1,4,0,24,584,0,0,0,588,0,0,4,0,24,596,8,600,20,-580,-4,0,-8,-576,0,0,-4,0,20,-568,0,-564,0,0
4472,0x55a1bd679393,R,0x7ffee78d5ca0,1,20,20,20,604,28,20,24,608,0,20,24,612,20,616,28,20,-20,-600,-20,-20,-44,-596,-20,-592,-20,-20,0,-20,-24,-584,-28,-20
4474,0x55a1bd679397,R,0x7ffee78d5c8c,1,-20,0,4,584,24,0,0,588,0,0,0,592,0,0,24,0,-4,-580,-8,0,-24,0,-4,-572,0,-568,0,0,0,-564,-24,0
4477,0x55a1bd67939d,R,0x7ffee78d5c88,1,-4,-4,-4,580,-4,-4,4,584,0,-4,-24,588,0,-4,20,592,4,-576,-4,-572,4,4,0,4,24,-564,0,4,-4,-560,4,4
4482,0x55a1bd6793aa,W,0x7ffee78d5a48,1,-576,-580,-600,4,-576,-580,-556,8,-580,-580,-580,12,-580,-580,-580,16,580,580,556,4,580,8,580,580,580,12,580,580,556,16,576,580
4484,0x55a1bd6793ad,R,0x7ffee78d5c8c,1,4,580,0,584,0,0,0,588,8,0,4,592,-20,0,4,596,-8,0,-24,0,-4,-572,20,0,-4,-568,-8,0,0,-564,0,0
4485,0x55a1bd6793ad,W,0x7ffee78d5c8c,1,0,580,0,0,-20,0,4,588,24,0,0,592,0,0,0,596,-8,-576,0,0,0,-572,0,0,0,-568,-24,0,-4,-564,20,0
4487,0x55a1bd6793b1,R,0x7ffee78d5c84,1,-8,-8,-4,-8,-28,576,-8,580,-8,-8,0,584,-4,-8,-28,588,-16,-568,4,8,28,-564,4,8,0,-560,8,8,8,-556,8,8
4489,0x55a1bd6793b4,R,0x7ffee78d5c74,1,-16,-24,-20,556,-24,560,-24,-24,-20,-24,0,568,-24,-24,-24,572,24,-552,24,24,24,-548,24,24,0,-544,20,24,44,-540,24,-536
4492,0x55a1bd6793b9,R,0x7ffee78d5c8c,1,24,0,0,580,0,0,-20,0,4,588,0,592,8,0,4,596,-4,-576,20,0,-4,-572,-8,0,0,-568,0,0,20,0,-4,-560
4497,0x55a1bd67938a,R,0x7ffee78d5c88,1,-4,-4,4,576,0,-4,-24,580,-4,584,-4,-4,20,-4,-4,592,4,-572,4,4,4,-568,-20,4,0,-564,4,-560,4,4,0,4
4499,0x55a1bd67938d,R,0x7ffee78d5c8c,1,4,0,24,580,0,0,0,584,0,0,4,0,24,592,8,596,20,-576,-4,0,-8,-572,0,0,-4,0,20,-564,0,-560,0,0
4502,0x55a1bd679393,R,0x7ffee78d5ca0,1,20,20,20,600,28,20,24,604,0,20,24,608,20,612,28,20,-20,-596,-20,-20,-44,-592,-20,-588,-20,-20,0,-20,-24,-580,-28,-20
4504,0x55a1bd679397,R,0x7ffee78d5c8c,1,-20,0,4,580,24,0,0,584,0,0,0,588,0,0,24,0,-4,-576,-8,0,-24,0,-4,-568,0,-564,0,0,0,-560,-24,0
4507,0x55a1bd67939d,R,0x7ffee78d5c88,1,-4,-4,-4,576,-4,-4,4,580,0,-4,-24,584,0,-4,20,588,4,-572,-4,-568,4,4,0,4,24,-560,0,4,-4,-556,4,4
4512,0x55a1bd6793aa,W,0x7ffee78d5a4c,1,-572,-576,-596,4,-572,-576,-552,8,-576,-576,-576,12,-576,-576,-576,16,576,576,552,4,576,8,576,576,576,12,576,576,552,16,572,576
4514,0x55a1bd6793ad,R,0x7ffee78d5c8c,1,4,576,0,580,0,0,0,584,8,0,4,588,-20,0,4,592,-8,0,-24,0,-4,-568,20,0,-4,-564,-8,0,0,-560,0,0
4515,0x55a1bd6793ad,W,0x7ffee78d5c8c,1,0,576,0,0,-20,0,4,584,24,0,0,588,0,0,0,592,-8,-572,0,0,0,-568,0,0,0,-564,-24,0,-4,-560,20,0
4517,0x55a1bd6793b1,R,0x7ffee78d5c84,1,-8,-8,-4,-8,-28,572,-8,576,-8,-8,0,580,-4,-8,-28,584,-16,-564,4,8,28,-560,4,8,0,-556,8,8,8,-552,8,8
4519,0x55a1bd6793b4,R,0x7ffee78d5c74,1,-16,-24,-20,552,-24,556,-24,-24,-20,-24,0,564,-24,-24,-24,568,24,-548,24,24,24,-544,24,24,0,-540,20,24,44,-536,24,-532
4522,0x55a1bd6793b9,R,0x7ffee78d5c8c,1,24,0,0,576,0,0,-20,0,4,584,0,588,8,0,4,592,-4,-572,20,0,-4,-568,-8,0,0,-564,0,0,20,0,-4,-556
4527,0x55a1bd67938a,R,0x7ffee78d5c88,1,-4,-4,4,572,0,-4,-24,576,-4,580,-4,-4,20,-4,-4,588,4,-568,4,4,4,-564,-20,4,0,-560,4,-556,4,4,0,4
4529,0x55a1bd67938d,R,0x7ffee78d5c8c,1,4,0,24,576,0,0,0,580,0,0,4,0,24,588,8,592,20,-572,-4,0,-8,-568,0,0,-4,0,20,-560,0,-556,0,0
4532,0x55a1bd679393,R,0x7ffee78d5ca0,1,20,20,20,596,28,20,24,600,0,20,24,604,20,608,28,20,-20,-592,-20,-20,-44,-588,-20,-584,-20,-20,0,-20,-24,-576,-28,-20
4534,0x55a1bd679397,R,0x7ffee78d5c8c,1,-20,0,4,576,24,0,0,580,0,0,0,584,0,0,24,0,-4,-572,-8,0,-24,0,-4,-564,0,-560,0,0,0,-556,-24,0
4537,0x55a1bd67939d,R,0x7ffee78d5c88,1,-4,-4,-4,572,-4,-4,4,576,0,-4,-24,580,0,-4,20,584,4,-568,-4,-564,4,4,0,4,24,-556,0,4,-4,-552,4,4
4542,0x55a1bd6793aa,W,0x7ffee78d5a50,1,-568,-572,-592,4,-568,-572,-548,8,-572,-572,-572,12,-572,-572,-572,16,572,572,548,4,572,8,572,572,572,12,572,572,548,16,568,572
4544,0x55a1bd6793ad,R,0x7ffee78d5c8c,1,4,572,0,576,0,0,0,580,8,0,4,584,-20,0,4,588,-8,0,-24,0,-4,-564,20,0,-4,-560,-8,0,0,-556,0,0
4545,0x55a1bd6793ad,W,0x7ffee78d5c8c,1,0,572,0,0,-20,0,4,580,24,0,0,584,0,0,0,588,-8,-568,0,0,0,-564,0,0,0,-560,-24,0,-4,-556,20,0
4547,0x55a1bd6793b1,R,0x7ffee78d5c84,1,-8,-8,-4,-8,-28,568,-8,572,-8,-8,0,576,-4,-8,-28,580,-16,-560,4,8,28,-556,4,8,0,-552,8,8,8,-548,8,8
4549,0x55a1bd6793b4,R,0x7ffee78d5c74,1,-16,-24,-20,548,-24,552,-24,-24,-20,-24,0,560,-24,-24,-24,564,24,-544,24,24,24,-540,24,24,0,-536,20,24,44,-532,24,-528
4552,0x55a1bd6793b9,R,0x7ffee78d5c8c,1,24,0,0,572,0,0,-20,0,4,580,0,584,8,0,4,588,-4,-568,20,0,-4,-564,-8,0,0,-560,0,0,20,0,-4,-552
4557,0x55a1bd67938a,R,0x7ffee78d5c88,1,-4,-4,4,568,0,-4,-24,572,-4,576,-4,-4,20,-4,-4,584,4,-564,4,4,4,-560,-20,4,0,-556,4,-552,4,4,0,4
4559,0x55a1bd67938d,R,0x7ffee78d5c8c,1,4,0,24,572,0,0,0,576,0,0,4,0,24,584,8,588,20,-568,-4,0,-8,-564,0,0,-4,0,20,-556,0,-552,0,0
4562,0x55a1bd679393,R,0x7ffee78d5ca0,1,20,20,20,592,28,20,24,596,0,20,24,600,20,604,28,20,-20,-588,-20,-20,-44,-584,-20,-580,-20,-20,0,-20,-24,-572,-28,-20
4564,0x55a1bd679397,R,0x7ffee78d5c8c,1,-20,0,4,572,24,0,0,576,0,0,0,580,0,0,24,0,-4,-568,-8,0,-24,0,-4,-560,0,-556,0,0,0,-552,-24,0
4567,0x55a1bd67939d,R,0x7ffee78d5c88,1,-4,-4,-4,568,-4,-4,4,572,0,-4,-24,576,0,-4,20,580,4,-564,-4,-560,4,4,0,4,24,-552,0,4,-4,-548,4,4
4572,0x55a1bd6793aa,W,0x7ffee78d5a54,1,-564,-568,-588,4,-564,-568,-544,8,-568,-568,-568,12,-568,-568,-568,16,568,568,544,4,568,8,568,568,568,12,568,568,544,16,564,568
4574,0x55a1bd6793ad,R,0x7ffee78d5c8c,1,4,568,0,572,0,0,0,576,8,0,4,580,-20,0,4,584,-8,0,-24,0,-4,-560,20,0,-4,-556,-8,0,0,-552,0,0
4575,0x55a1bd6793ad,W,0x7ffee78d5c8c,1,0,568,0,0,-20,0,4,576,24,0,0,580,0,0,0,584,-8,-564,0,0,0,-560,0,0,0,-556,-24,0,-4,-552,20,0
4577,0x55a1bd6793b1,R,0x7ffee78d5c84,1,-8,-8,-4,-8,-28,564,-8,568,-8,-8,0,572,-4,-8,-28,576,-16,-556,4,8,28,-552,4,8,0,-548,8,8,8,-544,8,8
4579,0x55a1bd6793b4,R,0x7ffee78d5c74,1,-16,-24,-20,544,-24,548,-24,-24,-20,-24,0,556,-24,-24,-24,560,24,-540,24,24,24,-536,24,24,0,-532,20,24,44,-528,24,-524
4582,0x55a1bd6793b9,R,0x7ffee78d5c8c,1,24,0,0,568,0,0,-20,0,4,576,0,580,8,0,4,584,-4,-564,20,0,-4,-560,-8,0,0,-556,0,0,20,0,-4,-548
4587,0x55a1bd67938a,R,0x7ffee78d5c88,1,-4,-4,4,564,0,-4,-24,568,-4,572,-4,-4,20,-4,-4,580,4,-560,4,4,4,-556,-20,4,0,-552,4,-548,4,4,0,4
4589,0x55a1bd67938d,R,0x7ffee78d5c8c,1,4,0,24,568,0,0,0,572,0,0,4,0,24,580,8,584,20,-564,-4,0,-8,-560,0,0,-4,0,20,-552,0,-548,0,0
4592,0x55a1bd679393,R,0x7ffee78d5ca0,1,20,20,20,588,28,20,24,592,0,20,24,596,20,600,28,20,-20,-584,-20,-20,-44,-580,-20,-576,-20,-20,0,-20,-24,-568,-28,-20
4594,0x55a1bd679397,R,0x7ffee78d5c8c,1,-20,0,4,568,24,0,0,572,0,0,0,576,0,0,24,0,-4,-564,-8,0,-24,0,-4,-556,0,-552,0,0,0,-548,-24,0
4597,0x55a1bd67939d,R,0x7ffee78d5c88,1,-4,-4,-4,564,-4,-4,4,568,0,-4,-24,572,0,-4,20,576,4,-560,-4,-556,4,4,0,4,24,-548,0,4,-4,-544,4,4
4602,0x55a1bd6793aa,W,0x7ffee78d5a58,1,-560,-564,-584,4,-560,-564,-540,8,-564,-564,-564,12,-564,-564,-564,16,564,564,540,4,564,8,564,564,564,12,564,564,540,16,560,564
4604,0x55a1bd6793ad,R,0x7ffee78d5c8c,1,4,564,0,568,0,0,0,572,8,0,4,576,-20,0,4,580,-8,0,-24,0,-4,-556,20,0,-4,-552,-8,0,0,-548,0,0
4605,0x55a1bd6793ad,W,0x7ffee78d5c8c,1,0,564,0,0,-20,0,4,572,24,0,0,576,0,0,0,580,-8,-560,0,0,0,-556,0,0,0,-552,-24,0,-4,-548,20,0
4607,0x55a1bd6793b1,R,0x7ffee78d5c84,1,-8,-8,-4,-8,-28,560,-8,564,-8,-8,0,568,-4,-8,-28,572,-16,-552,4,8,28,-548,4,8,0,-544,8,8,8,-540,8,8
4609,0x55a1bd6793b4,R,0x7ffee78d5c74,1,-16,-24,-20,540,-24,544,-24,-24,-20,-24,0,552,-24,-24,-24,556,24,-536,24,24,24,-532,24,24,0,-528,20,24,44,-524,24,-520
4612,0x55a1bd6793b9,R,0x7ffee78d5c8c,1,24,0,0,564,0,0,-20,0,4,572,0,576,8,0,4,580,-4,-560,20,0,-4,-556,-8,0,0,-552,0,0,20,0,-4,-544
4617,0x55a1bd67938a,R,0x7ffee78d5c88,1,-4,-4,4,560,0,-4,-24,564,-4,568,-4,-4,20,-4,-4,576,4,-556,4,4,4,-552,-20,4,0,-548,4,-544,4,4,0,4
4619,0x55a1bd67938d,R,0x7ffee78d5c8c,1,4,0,24,564,0,0,0,568,0,0,4,0,24,576,8,580,20,-560,-4,0,-8,-556,0,0,-4,0,20,-548,0,-544,0,0
4622,0x55a1bd679393,R,0x7ffee78d5ca0,1,20,20,20,584,28,20,24,588,0,20,24,592,20,596,28,20,-20,-580,-20,-20,-44,-576,-20,-572,-20,-20,0,-20,-24,-564,-28,-20
4624,0x55a1bd679397,R,0x7ffee78d5c8c,1,-20,0,4,564,24,0,0,568,0,0,0,572,0,0,24,0,-4,-560,-8,0,-24,0,-4,-552,0,-548,0,0,0,-544,-24,0
4627,0x55a1bd67939d,R,0x7ffee78d5c88,1,-4,-4,-4,560,-4,-4,4,564,0,-4,-24,568,0,-4,20,572,4,-556,-4,-552,4,4,0,4,24,-544,0,4,-4,-540,4,4
4632,0x55a1bd6793aa,W,0x7ffee78d5a5c,1,-556,-560,-580,4,-556,-560,-536,8,-560,-560,-560,12,-560,-560,-560,16,560,560,536,4,560,8,560,560,560,12,560,560,536,16,556,560
4634,0x55a1bd6793ad,R,0x7ffee78d5c8c,1,4,560,0,564,0,0,0,568,8,0,4,572,-20,0,4,576,-8,0,-24,0,-4,-552,20,0,-4,-548,-8,0,0,-544,0,0
4635,0x55a1bd6793ad,W,0x7ffee78d5c8c,1,0,560,0,0,-20,0,4,568,24,0,0,572,0,0,0,576,-8,-556,0,0,0,-552,0,0,0,-548,-24,0,-4,-544,20,0
4637,0x55a1bd6793b1,R,0x7ffee78d5c84,1,-8,-8,-4,-8,-28,556,-8,560,-8,-8,0,564,-4,-8,-28,568,-16,-548,4,8,28,-544,4,8,0,-540,8,8,8,-536,8,8
4639,0x55a1bd6793b4,R,0x7ffee78d5c74,1,-16,-24,-20,536,-24,540,-24,-24,-20,-24,0,548,-24,-24,-24,552,24,-532,24,24,24,-528,24,24,0,-524,20,24,44,-520,24,20
4642,0x55a1bd6793b9,R,0x7ffee78d5c8c,1,24,0,0,560,0,0,-20,0,4,568,0,572,8,0,4,576,-4,-556,20,0,-4,-552,-8,0,0,-548,0,0,20,0,-4,-4
4647,0x55a1bd67938a,R,0x7ffee78d5c88,1,-4,-4,4,556,0,-4,-24,560,-4,564,-4,-4,20,-4,-4,572,4,-552,4,4,4,-548,-20,4,0,-544,4,-540,4,4,0,4
4649,0x55a1bd67938d,R,0x7ffee78d5c8c,1,4,0,24,560,0,0,0,564,0,0,4,0,24,572,8,576,20,-556,-4,0,-8,-552,0,0,-4,0,20,-544,0,-4,0,0
4652,0x55a1bd679393,R,0x7ffee78d5ca0,1,20,20,20,580,28,20,24,584,0,20,24,588,20,592,28,20,-20,-576,-20,-20,-44,-572,-20,-568,-20,-20,0,-20,-24,-24,-28,-20
4654,0x55a1bd679397,R,0x7ffee78d5c8c,1,-20,0,4,560,24,0,0,564,0,0,0,568,0,0,24,0,-4,-556,-8,0,-24,0,-4,-548,0,-544,0,0,0,-4,-24,0
4657,0x55a1bd67939d,R,0x7ffee78d5c88,1,-4,-4,-4,556,-4,-4,4,560,0,-4,-24,564,0,-4,20,568,4,-552,-4,-548,4,4,0,4,24,-540,0,4,-4,0,4,4
4662,0x55a1bd6793aa,W,0x7ffee78d5a60,1,-552,-556,-576,4,-552,-556,-532,8,-556,-556,-556,12,-556,-556,-556,16,556,556,532,4,556,8,556,556,556,12,556,556,532,552,552,556
4664,0x55a1bd6793ad,R,0x7ffee78d5c8c,1,4,556,0,560,0,0,0,564,8,0,4,568,-20,0,4,572,-8,0,-24,0,-4,-548,20,0,-4,-544,-8,0,0,-4,0,0
4665,0x55a1bd6793ad,W,0x7ffee78d5c8c,1,0,556,0,0,-20,0,4,564,24,0,0,568,0,0,0,572,-8,-552,0,0,0,-548,0,0,0,-544,-24,0,-4,-4,20,0
4667,0x55a1bd6793b1,R,0x7ffee78d5c84,1,-8,-8,-4,-8,-28,552,-8,556,-8,-8,0,560,-4,-8,-28,564,-16,-544,4,8,28,-540,4,8,0,-536,8,8,8,4,8,8
4669,0x55a1bd6793b4,R,0x7ffee78d5c74,1,-16,-24,-20,532,-24,536,-24,-24,-20,-24,0,544,-24,-24,-24,548,24,-528,24,24,24,-524,24,24,0,-520,20,24,44,20,24,-516
4672,0x55a1bd6793b9,R,0x7ffee78d5c8c,1,24,0,0,556,0,0,-20,0,4,564,0,568,8,0,4,572,-4,-552,20,0,-4,-548,-8,0,0,-544,0,0,20,0,-4,-540
4677,0x55a1bd67938a,R,0x7ffee78d5c88,1,-4,-4,4,552,0,-4,-24,556,-4,560,-4,-4,20,-4,-4,568,4,-548,4,4,4,-544,-20,4,0,-540,4,0,4,4,0,4
4679,0x55a1bd67938d,R,0x7ffee78d5c8c,1,4,0,24,556,0,0,0,560,0,0,4,0,24,568,8,572,20,-552,-4,0,-8,-548,0,0,-4,0,20,-4,0,-540,0,0
4682,0x55a1bd679393,R,0x7ffee78d5ca0,1,20,20,20,576,28,20,24,580,0,20,24,584,20,588,28,20,-20,-572,-20,-20,-44,-568,-20,-564,-20,-20,0,-20,-24,-560,-28,-20
4684,0x55a1bd679397,R,0x7ffee78d5c8c,1,-20,0,4,556,24,0,0,560,0,0,0,564,0,0,24,0,-4,-552,-8,0,-24,0,-4,-544,0,-4,0,0,0,-540,-24,0
4687,0x55a1bd67939d,R,0x7ffee78d5c88,1,-4,-4,-4,552,-4,-4,4,556,0,-4,-24,560,0,-4,20,564,4,-548,-4,-544,4,4,0,4,24,0,0,4,-4,-536,4,4
4692,0x55a1bd6793aa,W,0x7ffee78d5a64,1,-548,-552,-572,4,-548,-552,-528,8,-552,-552,-552,12,-552,-552,-552,16,552,552,528,4,552,8,552,552,552,548,552,552,528,12,548,552
4694,0x55a1bd6793ad,R,0x7ffee78d5c8c,1,4,552,0,556,0,0,0,560,8,0,4,564,-20,0,4,568,-8,0,-24,0,-4,-544,20,0,-4,-4,-8,0,0,-540,0,0
4695,0x55a1bd6793ad,W,0x7ffee78d5c8c,1,0,552,0,0,-20,0,4,560,24,0,0,564,0,0,0,568,-8,-548,0,0,0,-544,0,0,0,-4,-24,0,-4,-540,20,0
4697,0x55a1bd6793b1,R,0x7ffee78d5c84,1,-8,-8,-4,-8,-28,548,-8,552,-8,-8,0,556,-4,-8,-28,560,-16,-540,4,8,28,-536,4,8,0,4,8,8,8,-532,8,8
4699,0x55a1bd6793b4,R,0x7ffee78d5c74,1,-16,-24,-20,528,-24,532,-24,-24,-20,-24,0,540,-24,-24,-24,544,24,-524,24,24,24,-520,24,24,0,20,20,24,44,-516,24,-512
4702,0x55a1bd6793b9,R,0x7ffee78d5c8c,1,24,0,0,552,0,0,-20,0,4,560,0,564,8,0,4,568,-4,-548,20,0,-4,-544,-8,0,0,-4,0,0,20,0,-4,-536
4707,0x55a1bd67938a,R,0x7ffee78d5c88,1,-4,-4,4,548,0,-4,-24,552,-4,556,-4,-4,20,-4,-4,564,4,-544,4,4,4,-540,-20,4,0,0,4,-536,4,4,0,4
4709,0x55a1bd67938d,R,0x7ffee78d5c8c,1,4,0,24,552,0,0,0,556,0,0,4,0,24,564,8,568,20,-548,-4,0,-8,-544,0,0,-4,0,20,-540,0,-536,0,0
4712,0x55a1bd679393,R,0x7ffee78d5ca0,1,20,20,20,572,28,20,24,576,0,20,24,580,20,584,28,20,-20,-568,-20,-20,-44,-564,-20,-24,-20,-20,0,-20,-24,-556,-28,-20
4714,0x55a1bd679397,R,0x7ffee78d5c8c,1,-20,0,4,552,24,0,0,556,0,0,0,560,0,0,24,0,-4,-548,-8,0,-24,0,-4,-4,0,-540,0,0,0,-536,-24,0
4717,0x55a1bd67939d,R,0x7ffee78d5c88,1,-4,-4,-4,548,-4,-4,4,552,0,-4,-24,556,0,-4,20,560,4,-544,-4,-540,4,4,0,4,24,-536,0,4,-4,-532,4,4
4722,0x55a1bd6793aa,W,0x7ffee78d5a68,1,-544,-548,-568,4,-544,-548,-524,8,-548,-548,-548,12,-548,-548,-548,16,548,548,524,4,548,544,548,548,548,8,548,548,524,12,544,548
4724,0x55a1bd6793ad,R,0x7ffee78d5c8c,1,4,548,0,552,0,0,0,556,8,0,4,560,-20,0,4,564,-8,0,-24,0,-4,-4,20,0,-4,-540,-8,0,0,-536,-12,0
4725,0x55a1bd6793ad,W,0x7ffee78d5c8c,1,0,548,0,0,-20,0,4,556,24,0,0,560,0,0,0,564,-8,-544,0,0,0,-4,0,0,0,-540,-24,0,-4,-536,-24,0
4727,0x55a1bd6793b1,R,0x7ffee78d5c84,1,-8,-8,-4,-8,-28,544,-8,548,-8,-8,0,552,-4,-8,-28,556,-16,-536,4,8,28,4,4,8,0,-532,8,8,-4,-528,4,8
4729,0x55a1bd6793b4,R,0x7ffee78d5c74,1,-16,-24,-20,524,-24,528,-24,-24,-20,-24,0,536,-24,-24,-24,540,24,-520,24,24,24,20,24,24,0,-516,20,24,0,-512,20,-508
4732,0x55a1bd6793b9,R,0x7ffee78d5c8c,1,24,0,0,548,0,0,-20,0,4,556,0,560,8,0,4,564,-4,-544,20,0,-4,-4,-8,0,0,-540,-12,0,-24,0,-8,-532
4737,0x55a1bd67938a,R,0x7ffee78d5c88,1,-4,-4,4,544,0,-4,-24,548,-4,552,-4,-4,20,-4,-4,560,4,-540,4,4,4,0,-20,4,0,-536,-8,-532,0,4,-4,4
4739,0x55a1bd67938d,R,0x7ffee78d5c8c,1,4,0,24,548,0,0,0,552,0,0,4,0,24,560,8,564,20,-544,-4,0,-8,-4,0,0,-4,0,-24,-536,-4,-532,-8,0
4742,0x55a1bd679393,R,0x7ffee78d5ca0,1,20,20,20,568,28,20,24,572,0,20,24,576,20,580,28,20,-20,-564,-20,-20,-44,-24,-20,-560,-32,-20,-44,-20,-28,-552,-44,-20
4744,0x55a1bd679397,R,0x7ffee78d5c8c,1,-20,0,4,548,24,0,0,552,0,0,0,556,0,0,24,0,-4,-544,-8,0,-24,0,-4,-540,-12,-536,-4,0,-8,-532,0,0
4747,0x55a1bd67939d,R,0x7ffee78d5c88,1,-4,-4,-4,544,-4,-4,4,548,0,-4,-24,552,0,-4,20,556,4,-540,-4,0,4,4,0,4,-20,-532,-4,4,-20,-528,0,4
4752,0x55a1bd6793aa,W,0x7ffee78d5a6c,1,-540,-544,-564,4,-540,-544,-520,8,-544,-544,-544,12,-544,-544,-544,16,544,544,520,540,544,4,532,544,540,8,536,544,544,12,540,16
4754,0x55a1bd6793ad,R,0x7ffee78d5c8c,1,4,544,0,548,0,0,0,552,8,0,4,556,-20,0,4,560,-8,0,-24,0,-4,-540,-24,0,-8,-536,-24,0,0,0,0,-528
4755,0x55a1bd6793ad,W,0x7ffee78d5c8c,1,0,544,0,0,-20,0,4,552,24,0,0,556,0,0,0,560,-8,-4,0,0,-12,-540,-4,0,-8,-536,-24,-532,-4,0,20,-528
4757,0x55a1bd6793b1,R,0x7ffee78d5c84,1,-8,-8,-4,-8,-28,540,-8,544,-8,-8,0,548,-4,-8,-28,552,-16,4,4,8,-16,-532,0,8,0,8,8,-524,8,8,8,-520
4759,0x55a1bd6793b4,R,0x7ffee78d5c74,1,-16,-24,-20,520,-24,524,-24,-24,-20,-24,0,532,-24,-24,-24,536,24,20,12,24,20,-516,16,-512,0,24,20,-508,44,24,20,-504
4762,0x55a1bd6793b9,R,0x7ffee78d5c8c,1,24,0,0,544,0,0,-20,0,4,552,0,556,8,0,4,560,-4,-4,-24,0,-4,0,-8,-536,0,0,0,-532,0,0,-4,0
4765,0x55a1bd6793be,R,0x7ffee78d5c88,1,-4,-4,4,540,0,-4,-24,544,-4,548,-4,-4,20,-4,-4,556,-8,0,-20,-536,-4,4,-20,-532,0,4,24,-528,4,-524,4,4
4766,0x55a1bd6793be,W,0x7ffee78d5c88,1,0,-4,20,540,-4,-4,-4,544,-4,-4,0,-4,20,552,4,556,-8,4,0,-536,-4,4,4,-532,4,4,24,4,0,-524,-4,4
4768,0x55a1bd6793c2,R,0x7ffee78d5c80,1,-8,-8,-12,532,-4,-12,-8,536,-32,-12,-8,540,-12,544,-4,-12,-12,12,4,-528,-12,12,8,-524,12,-520,12,12,12,-516,-12,12
4770,0x55a1bd6793c5,R,0x7ffee78d5c74,1,-12,-20,-24,-24,0,-24,-24,524,-24,-24,-24,528,-24,-24,0,-24,20,24,16,-516,24,24,20,24,44,-508,20,24,16,-504,24,24
4773,0x55a1bd6793ca,R,0x7ffee78d5c88,1,20,0,0,-4,20,540,4,544,0,-4,-24,548,0,-4,20,552,-4,4,-20,-536,4,-532,4,4,4,-528,4,4,-20,-524,0,4
4776,0x55a1bd67937b,R,0x7ffee78d5c84,1,-4,-4,4,-8,-8,536,0,-8,-8,-8,-8,544,-8,-8,-8,548,0,8,-16,8,4,-528,28,8,4,-524,0,8,8,-520,8,8
4778,0x55a1bd67937e,W,0x7ffee78d5c8c,1,8,4,24,0,4,544,24,0,0,548,4,552,-20,0,4,556,-8,-540,0,0,0,-536,0,0,0,-532,-24,0,-4,-528,20,0
4781,0x55a1bd6793b1,R,0x7ffee78d5c84,1,0,-8,-4,-8,4,536,-8,-8,0,540,-4,-8,-8,-8,-8,548,-16,-532,4,8,28,-528,4,8,0,-524,8,8,8,-520,8,8
4783,0x55a1bd6793b4,R,0x7ffee78d5c74,1,-16,-24,-20,-20,0,520,-20,-24,0,524,-24,-24,-24,528,-44,532,24,-516,24,24,24,-512,24,24,0,-508,20,24,44,-504,24,-500
4786,0x55a1bd6793b9,R,0x7ffee78d5c8c,1,24,0,8,4,24,0,12,0,0,548,8,0,4,552,-20,0,-4,-540,20,0,-4,-536,-8,0,0,-532,0,0,20,0,-4,-524
4791,0x55a1bd67938a,R,0x7ffee78d5c88,1,-4,-4,4,0,0,-4,8,540,0,544,20,-4,-4,548,-4,-4,4,-536,4,4,4,-532,-20,4,0,-528,4,-524,4,4,0,4
4793,0x55a1bd67938d,R,0x7ffee78d5c8c,1,4,0,24,4,8,0,24,544,4,0,0,0,8,552,4,0,20,-540,-4,0,-8,-536,0,0,-4,0,20,-528,0,-524,0,0
4796,0x55a1bd679393,R,0x7ffee78d5ca0,1,20,20,20,24,28,20,24,564,32,20,20,568,44,572,20,20,-20,-560,-20,-20,-44,-556,-20,-552,-20,-20,0,-20,-24,-544,-28,-20
4798,0x55a1bd679397,R,0x7ffee78d5c8c,1,-20,0,4,4,24,0,8,544,24,0,4,548,24,0,8,0,-4,-540,-8,0,-24,0,-4,-532,0,-528,0,0,0,-524,-24,0
4801,0x55a1bd67939d,R,0x7ffee78d5c88,1,-4,-4,-4,0,-4,-4,4,540,0,-4,8,544,-4,-4,4,548,4,-536,-4,-532,4,4,0,4,24,-524,0,4,-4,-520,4,4
4806,0x55a1bd6793aa,W,0x7ffee78d5a70,1,-536,-540,-560,-536,-536,-540,-516,4,-532,-540,-516,8,-536,-540,-516,12,540,540,516,4,540,8,540,540,540,12,540,540,516,16,536,540
4808,0x55a1bd6793ad,R,0x7ffee78d5c8c,1,4,540,0,4,0,0,0,544,8,0,4,548,12,0,0,552,-8,0,-24,0,-4,-532,20,0,-4,-528,-8,0,0,-524,0,0
4809,0x55a1bd6793ad,W,0x7ffee78d5c8c,1,0,540,0,0,-20,0,4,544,24,0,8,548,24,0,4,552,-8,-536,0,0,0,-532,0,0,0,-528,-24,0,-4,-524,20,0
4811,0x55a1bd6793b1,R,0x7ffee78d5c84,1,-8,-8,-4,-8,-28,-4,-8,536,-8,-8,0,540,-4,-8,4,544,-16,-528,4,8,28,-524,4,8,0,-520,8,8,8,-516,8,8
4813,0x55a1bd6793b4,R,0x7ffee78d5c74,1,-16,-24,-20,516,-24,-20,-24,-24,-20,-24,0,524,-16,-24,0,528,24,-512,24,24,24,-508,24,24,0,-504,20,24,44,-500,24,-496
4816,0x55a1bd6793b9,R,0x7ffee78d5c8c,1,24,0,0,540,0,0,-20,0,4,544,0,548,8,0,4,552,-4,-536,20,0,-4,-532,-8,0,0,-528,0,0,20,0,-4,-520
4821,0x55a1bd67938a,R,0x7ffee78d5c88,1,-4,-4,4,536,0,-4,-24,0,-4,540,-4,-4,20,-4,4,548,4,-532,4,4,4,-528,-20,4,0,-524,4,-520,4,4,0,4
4823,0x55a1bd67938d,R,0x7ffee78d5c8c,1,4,0,24,540,0,0,0,4,0,0,4,0,24,548,8,552,20,-536,-4,0,-8,-532,0,0,-4,0,20,-524,0,-520,0,0
4826,0x55a1bd679393,R,0x7ffee78d5ca0,1,20,20,20,560,28,20,24,24,0,20,24,564,20,568,28,20,-20,-556,-20,-20,-44,-552,-20,-548,-20,-20,0,-20,-24,-540,-28,-20
4828,0x55a1bd679397,R,0x7ffee78d5c8c,1,-20,0,4,540,24,0,0,4,0,0,0,544,0,0,24,0,-4,-536,-8,0,-24,0,-4,-528,0,-524,0,0,0,-520,-24,0
4831,0x55a1bd67939d,R,0x7ffee78d5c88,1,-4,-4,-4,536,-4,-4,4,0,0,-4,-24,540,0,-4,20,544,4,-532,-4,-528,4,4,0,4,24,-520,0,4,-4,-516,4,4
4836,0x55a1bd6793aa,W,0x7ffee78d5a74,1,-532,-536,-556,4,-532,-536,-512,-532,-536,-536,-536,8,-536,-536,-536,12,536,536,512,4,536,8,536,536,536,12,536,536,512,16,532,536
4838,0x55a1bd6793ad,R,0x7ffee78d5c8c,1,4,536,0,540,0,0,0,4,8,0,4,544,-20,0,4,548,-8,0,-24,0,-4,-528,20,0,-4,-524,-8,0,0,-520,0,0
4839,0x55a1bd6793ad,W,0x7ffee78d5c8c,1,0,536,0,0,-20,0,4,4,24,0,0,544,0,0,0,548,-8,-532,0,0,0,-528,0,0,0,-524,-24,0,-4,-520,20,0
4841,0x55a1bd6793b1,R,0x7ffee78d5c84,1,-8,-8,-4,-8,-28,532,-8,-4,-8,-8,0,536,-4,-8,-28,540,-16,-524,4,8,28,-520,4,8,0,-516,8,8,8,-512,8,8
4843,0x55a1bd6793b4,R,0x7ffee78d5c74,1,-16,-24,-20,512,-24,516,-24,-24,-20,-24,0,520,-24,-24,-24,524,24,-508,24,24,24,-504,24,24,0,-500,20,24,44,-496,24,-492
4846,0x55a1bd6793b9,R,0x7ffee78d5c8c,1,24,0,0,536,0,0,-20,0,4,4,0,544,8,0,4,548,-4,-532,20,0,-4,-528,-8,0,0,-524,0,0,20,0,-4,-516
4851,0x55a1bd67938a,R,0x7ffee78d5c88,1,-4,-4,4,532,0,-4,-24,536,-4,0,-4,-4,20,-4,-4,544,4,-528,4,4,4,-524,-20,4,0,-520,4,-516,4,4,0,4
4853,0x55a1bd67938d,R,0x7ffee78d5c8c,1,4,0,24,536,0,0,0,540,0,0,4,0,24,544,8,548,20,-532,-4,0,-8,-528,0,0,-4,0,20,-520,0,-516,0,0
4856,0x55a1bd679393,R,0x7ffee78d5ca0,1,20,20,20,556,28,20,24,560,0,20,24,24,20,564,28,20,-20,-552,-20,-20,-44,-548,-20,-544,-20,-20,0,-20,-24,-536,-28,-20
4858,0x55a1bd679397,R,0x7ffee78d5c8c,1,-20,0,4,536,24,0,0,540,0,0,0,4,0,0,24,0,-4,-532,-8,0,-24,0,-4,-524,0,-520,0,0,0,-516,-24,0
4861,0x55a1bd67939d,R,0x7ffee78d5c88,1,-4,-4,-4,532,-4,-4,4,536,0,-4,-24,0,0,-4,20,540,4,-528,-4,-524,4,4,0,4,24,-516,0,4,-4,-512,4,4
4866,0x55a1bd6793aa,W,0x7ffee78d5a78,1,-528,-532,-552,4,-528,-532,-508,8,-532,-532,-532,-528,-532,-532,-532,12,532,532,508,4,532,8,532,532,532,12,532,532,508,16,528,532
4868,0x55a1bd6793ad,R,0x7ffee78d5c8c,1,4,532,0,536,0,0,0,540,8,0,4,4,-20,0,4,544,-8,0,-24,0,-4,-524,20,0,-4,-520,-8,0,0,-516,0,0
4869,0x55a1bd6793ad,W,0x7ffee78d5c8c,1,0,532,0,0,-20,0,4,540,24,0,0,4,0,0,0,544,-8,-528,0,0,0,-524,0,0,0,-520,-24,0,-4,-516,20,0
4871,0x55a1bd6793b1,R,0x7ffee78d5c84,1,-8,-8,-4,-8,-28,528,-8,532,-8,-8,0,-4,-4,-8,-28,536,-16,-520,4,8,28,-516,4,8,0,-512,8,8,8,-508,8,8
4873,0x55a1bd6793b4,R,0x7ffee78d5c74,1,-16,-24,-20,508,-24,512,-24,-24,-20,-24,0,-20,-24,-24,-24,520,24,-504,24,24,24,-500,24,24,0,-496,20,24,44,-492,24,-488
4876,0x55a1bd6793b9,R,0x7ffee78d5c8c,1,24,0,0,532,0,0,-20,0,4,540,0,4,8,0,4,544,-4,-528,20,0,-4,-524,-8,0,0,-520,0,0,20,0,-4,-512
4881,0x55a1bd67938a,R,0x7ffee78d5c88,1,-4,-4,4,528,0,-4,-24,532,-4,536,-4,-4,20,-4,-4,540,4,-524,4,4,4,-520,-20,4,0,-516,4,-512,4,4,0,4
4883,0x55a1bd67938d,R,0x7ffee78d5c8c,1,4,0,24,532,0,0,0,536,0,0,4,0,24,4,8,544,20,-528,-4,0,-8,-524,0,0,-4,0,20,-516,0,-512,0,0
4886,0x55a1bd679393,R,0x7ffee78d5ca0,1,20,20,20,552,28,20,24,556,0,20,24,560,20,24,28,20,-20,-548,-20,-20,-44,-544,-20,-540,-20,-20,0,-20,-24,-532,-28,-20
4888,0x55a1bd679397,R,0x7ffee78d5c8c,1,-20,0,4,532,24,0,0,536,0,0,0,540,0,0,24,0,-4,-528,-8,0,-24,0,-4,-520,0,-516,0,0,0,-512,-24,0
4891,0x55a1bd67939d,R,0x7ffee78d5c88,1,-4,-4,-4,528,-4,-4,4,532,0,-4,-24,536,0,-4,20,0,4,-524,-4,-520,4,4,0,4,24,-512,0,4,-4,-508,4,4
4896,0x55a1bd6793aa,W,0x7ffee78d5a7c,1,-524,-528,-548,4,-524,-528,-504,8,-528,-528,-528,12,-528,-528,-528,-524,528,528,504,4,528,8,528,528,528,12,528,528,504,16,524,528
4898,0x55a1bd6793ad,R,0x7ffee78d5c8c,1,4,528,0,532,0,0,0,536,8,0,4,540,-20,0,4,4,-8,0,-24,0,-4,-520,20,0,-4,-516,-8,0,0,-512,0,0
4899,0x55a1bd6793ad,W,0x7ffee78d5c8c,1,0,528,0,0,-20,0,4,536,24,0,0,540,0,0,0,4,-8,-524,0,0,0,-520,0,0,0,-516,-24,0,-4,-512,20,0
4901,0x55a1bd6793b1,R,0x7ffee78d5c84,1,-8,-8,-4,-8,-28,524,-8,528,-8,-8,0,532,-4,-8,-28,-4,-16,-516,4,8,28,-512,4,8,0,-508,8,8,8,-504,8,8
4903,0x55a1bd6793b4,R,0x7ffee78d5c74,1,-16,-24,-20,504,-24,508,-24,-24,-20,-24,0,516,-24,-24,-24,-20,24,-500,24,24,24,-496,24,24,0,-492,20,24,44,-488,24,-484
4906,0x55a1bd6793b9,R,0x7ffee78d5c8c,1,24,0,0,528,0,0,-20,0,4,536,0,540,8,0,4,4,-4,-524,20,0,-4,-520,-8,0,0,-516,0,0,20,0,-4,-508
4911,0x55a1bd67938a,R,0x7ffee78d5c88,1,-4,-4,4,524,0,-4,-24,528,-4,532,-4,-4,20,-4,-4,0,4,-520,4,4,4,-516,-20,4,0,-512,4,-508,4,4,0,4
4913,0x55a1bd67938d,R,0x7ffee78d5c8c,1,4,0,24,528,0,0,0,532,0,0,4,0,24,540,8,4,20,-524,-4,0,-8,-520,0,0,-4,0,20,-512,0,-508,0,0
4916,0x55a1bd679393,R,0x7ffee78d5ca0,1,20,20,20,548,28,20,24,552,0,20,24,556,20,560,28,20,-20,-544,-20,-20,-44,-540,-20,-536,-20,-20,0,-20,-24,-528,-28,-20
4918,0x55a1bd679397,R,0x7ffee78d5c8c,1,-20,0,4,528,24,0,0,532,0,0,0,536,0,0,24,0,-4,-524,-8,0,-24,0,-4,-516,0,-512,0,0,0,-508,-24,0
4921,0x55a1bd67939d,R,0x7ffee78d5c88,1,-4,-4,-4,524,-4,-4,4,528,0,-4,-24,532,0,-4,20,536,4,-520,-4,-516,4,4,0,4,24,-508,0,4,-4,-504,4,4
4926,0x55a1bd6793aa,W,0x7ffee78d5a80,1,-520,-524,-544,4,-520,-524,-500,8,-524,-524,-524,12,-524,-524,-524,16,524,524,500,4,524,8,524,524,524,12,524,524,500,16,520,524
4928,0x55a1bd6793ad,R,0x7ffee78d5c8c,1,4,524,0,528,0,0,0,532,8,0,4,536,-20,0,4,540,-8,0,-24,0,-4,-516,20,0,-4,-512,-8,0,0,-508,0,0
4929,0x55a1bd6793ad,W,0x7ffee78d5c8c,1,0,524,0,0,-20,0,4,532,24,0,0,536,0,0,0,540,-8,-520,0,0,0,-516,0,0,0,-512,-24,0,-4,-508,20,0
4931,0x55a1bd6793b1,R,0x7ffee78d5c84,1,-8,-8,-4,-8,-28,520,-8,524,-8,-8,0,528,-4,-8,-28,532,-16,-512,4,8,28,-508,4,8,0,-504,8,8,8,-500,8,8
4933,0x55a1bd6793b4,R,0x7ffee78d5c74,1,-16,-24,-20,500,-24,504,-24,-24,-20,-24,0,512,-24,-24,-24,516,24,-496,24,24,24,-492,24,24,0,-488,20,24,44,-484,24,-480
4936,0x55a1bd6793b9,R,0x7ffee78d5c8c,1,24,0,0,524,0,0,-20,0,4,532,0,536,8,0,4,540,-4,-520,20,0,-4,-516,-8,0,0,-512,0,0,20,0,-4,-504
4941,0x55a1bd67938a,R,0x7ffee78d5c88,1,-4,-4,4,520,0,-4,-24,524,-4,528,-4,-4,20,-4,-4,536,4,-516,4,4,4,-512,-20,4,0,-508,4,-504,4,4,0,4
4943,0x55a1bd67938d,R,0x7ffee78d5c8c,1,4,0,24,524,0,0,0,528,0,0,4,0,24,536,8,540,20,-520,-4,0,-8,-516,0,0,-4,0,20,-508,0,-504,0,0
4946,0x55a1bd679393,R,0x7ffee78d5ca0,1,20,20,20,544,28,20,24,548,0,20,24,552,20,556,28,20,-20,-540,-20,-20,-44,-536,-20,-532,-20,-20,0,-20,-24,-524,-28,-20
4948,0x55a1bd679397,R,0x7ffee78d5c8c,1,-20,0,4,524,24,0,0,528,0,0,0,532,0,0,24,0,-4,-520,-8,0,-24,0,-4,-512,0,-508,0,0,0,-504,-24,0
4951,0x55a1bd67939d,R,0x7ffee78d5c88,1,-4,-4,-4,520,-4,-4,4,524,0,-4,-24,528,0,-4,20,532,4,-516,-4,-512,4,4,0,4,24,-504,0,4,-4,-500,4,4
4956,0x55a1bd6793aa,W,0x7ffee78d5a84,1,-516,-520,-540,4,-516,-520,-496,8,-520,-520,-520,12,-520,-520,-520,16,520,520,496,4,520,8,520,520,520,12,520,520,496,16,516,520
4958,0x55a1bd6793ad,R,0x7ffee78d5c8c,1,4,520,0,524,0,0,0,528,8,0,4,532,-20,0,4,536,-8,0,-24,0,-4,-512,20,0,-4,-508,-8,0,0,-504,0,0
4959,0x55a1bd6793ad,W,0x7ffee78d5c8c,1,0,520,0,0,-20,0,4,528,24,0,0,532,0,0,0,536,-8,-516,0,0,0,-512,0,0,0,-508,-24,0,-4,-504,20,0
4961,0x55a1bd6793b1,R,0x7ffee78d5c84,1,-8,-8,-4,-8,-28,516,-8,520,-8,-8,0,524,-4,-8,-28,528,-16,-508,4,8,28,-504,4,8,0,-500,8,8,8,-496,8,8
4963,0x55a1bd6793b4,R,0x7ffee78d5c74,1,-16,-24,-20,496,-24,500,-24,-24,-20,-24,0,508,-24,-24,-24,512,24,-492,24,24,24,-488,24,24,0,-484,20,24,44,-480,24,-476
4966,0x55a1bd6793b9,R,0x7ffee78d5c8c,1,24,0,0,520,0,0,-20,0,4,528,0,532,8,0,4,536,-4,-516,20,0,-4,-512,-8,0,0,-508,0,0,20,0,-4,-500
4971,0x55a1bd67938a,R,0x7ffee78d5c88,1,-4,-4,4,516,0,-4,-24,520,-4,524,-4,-4,20,-4,-4,532,4,-512,4,4,4,-508,-20,4,0,-504,4,-500,4,4,0,4
4973,0x55a1bd67938d,R,0x7ffee78d5c8c,1,4,0,24,520,0,0,0,524,0,0,4,0,24,532,8,536,20,-516,-4,0,-8,-512,0,0,-4,0,20,-504,0,-500,0,0
4976,0x55a1bd679393,R,0x7ffee78d5ca0,1,20,20,20,540,28,20,24,544,0,20,24,548,20,552,28,20,-20,-536,-20,-20,-44,-532,-20,-528,-20,-20,0,-20,-24,-520,-28,-20
4978,0x55a1bd679397,R,0x7ffee78d5c8c,1,-20,0,4,520,24,0,0,524,0,0,0,528,0,0,24,0,-4,-516,-8,0,-24,0,-4,-508,0,-504,0,0,0,-500,-24,0
4981,0x55a1bd67939d,R,0x7ffee78d5c88,1,-4,-4,-4,516,-4,-4,4,520,0,-4,-24,524,0,-4,20,528,4,-512,-4,-508,4,4,0,4,24,-500,0,4,-4,-496,4,4
4986,0x55a1bd6793aa,W,0x7ffee78d5a88,1,-512,-516,-536,4,-512,-516,-492,8,-516,-516,-516,12,-516,-516,-516,16,516,516,492,4,516,8,516,516,516,12,516,516,492,16,512,516
4988,0x55a1bd6793ad,R,0x7ffee78d5c8c,1,4,516,0,520,0,0,0,524,8,0,4,528,-20,0,4,532,-8,0,-24,0,-4,-508,20,0,-4,-504,-8,0,0,-500,0,0
4989,0x55a1bd6793ad,W,0x7ffee78d5c8c,1,0,516,0,0,-20,0,4,524,24,0,0,528,0,0,0,532,-8,-512,0,0,0,-508,0,0,0,-504,-24,0,-4,-500,20,0
4991,0x55a1bd6793b1,R,0x7ffee78d5c84,1,-8,-8,-4,-8,-28,512,-8,516,-8,-8,0,520,-4,-8,-28,524,-16,-504,4,8,28,-500,4,8,0,-496,8,8,8,-492,8,8
4993,0x55a1bd6793b4,R,0x7ffee78d5c74,1,-16,-24,-20,492,-24,496,-24,-24,-20,-24,0,504,-24,-24,-24,508,24,-488,24,24,24,-484,24,24,0,-480,20,24,44,-476,24,-472
4996,0x55a1bd6793b9,R,0x7ffee78d5c8c,1,24,0,0,516,0,0,-20,0,4,524,0,528,8,0,4,532,-4,-512,20,0,-4,-508,-8,0,0,-504,0,0,20,0,-4,-496
5001,0x55a1bd67938a,R,0x7ffee78d5c88,1,-4,-4,4,512,0,-4,-24,516,-4,520,-4,-4,20,-4,-4,528,4,-508,4,4,4,-504,-20,4,0,-500,4,-496,4,4,0,4
5003,0x55a1bd67938d,R,0x7ffee78d5c8c,1,4,0,24,516,0,0,0,520,0,0,4,0,24,528,8,532,20,-512,-4,0,-8,-508,0,0,-4,0,20,-500,0,-496,0,0
5006,0x55a1bd679393,R,0x7ffee78d5ca0,1,20,20,20,536,28,20,24,540,0,20,24,544,20,548,28,20,-20,-532,-20,-20,-44,-528,-20,-524,-20,-20,0,-20,-24,-516,-28,-20
5008,0x55a1bd679397,R,0x7ffee78d5c8c,1,-20,0,4,516,24,0,0,520,0,0,0,524,0,0,24,0,-4,-512,-8,0,-24,0,-4,-504,0,-500,0,0,0,-496,-24,0
5011,0x55a1bd67939d,R,0x7ffee78d5c88,1,-4,-4,-4,512,-4,-4,4,516,0,-4,-24,520,0,-4,20,524,4,-508,-4,-504,4,4,0,4,24,-496,0,4,-4,-492,4,4
5016,0x55a1bd6793aa,W,0x7ffee78d5a8c,1,-508,-512,-532,4,-508,-512,-488,8,-512,-512,-512,12,-512,-512,-512,16,512,512,488,4,512,8,512,512,512,12,512,512,488,16,508,512
5018,0x55a1bd6793ad,R,0x7ffee78d5c8c,1,4,512,0,516,0,0,0,520,8,0,4,524,-20,0,4,528,-8,0,-24,0,-4,-504,20,0,-4,-500,-8,0,0,-496,0,0
5019,0x55a1bd6793ad,W,0x7ffee78d5c8c,1,0,512,0,0,-20,0,4,520,24,0,0,524,0,0,0,528,-8,-508,0,0,0,-504,0,0,0,-500,-24,0,-4,-496,20,0
5021,0x55a1bd6793b1,R,0x7ffee78d5c84,1,-8,-8,-4,-8,-28,508,-8,512,-8,-8,0,516,-4,-8,-28,520,-16,-500,4,8,28,-496,4,8,0,-492,8,8,8,-488,8,8
5023,0x55a1bd6793b4,R,0x7ffee78d5c74,1,-16,-24,-20,488,-24,492,-24,-24,-20,-24,0,500,-24,-24,-24,504,24,-484,24,24,24,-480,24,24,0,-476,20,24,44,-472,24,-468
5026,0x55a1bd6793b9,R,0x7ffee78d5c8c,1,24,0,0,512,0,0,-20,0,4,520,0,524,8,0,4,528,-4,-508,20,0,-4,-504,-8,0,0,-500,0,0,20,0,-4,-492
5031,0x55a1bd67938a,R,0x7ffee78d5c88,1,-4,-4,4,508,0,-4,-24,512,-4,516,-4,-4,20,-4,-4,524,4,-504,4,4,4,-500,-20,4,0,-496,4,-492,4,4,0,4
5033,0x55a1bd67938d,R,0x7ffee78d5c8c,1,4,0,24,512,0,0,0,516,0,0,4,0,24,524,8,528,20,-508,-4,0,-8,-504,0,0,-4,0,20,-496,0,-492,0,0
5036,0x55a1bd679393,R,0x7ffee78d5ca0,1,20,20,20,532,28,20,24,536,0,20,24,540,20,544,28,20,-20,-528,-20,-20,-44,-524,-20,-520,-20,-20,0,-20,-24,-512,-28,-20
5038,0x55a1bd679397,R,0x7ffee78d5c8c,1,-20,0,4,512,24,0,0,516,0,0,0,520,0,0,24,0,-4,-508,-8,0,-24,0,-4,-500,0,-496,0,0,0,-492,-24,0
5041,0x55a1bd67939d,R,0x7ffee78d5c88,1,-4,-4,-4,508,-4,-4,4,512,0,-4,-24,516,0,-4,20,520,4,-504,-4,-500,4,4,0,4,24,-492,0,4,-4,-488,4,4
5046,0x55a1bd6793aa,W,0x7ffee78d5a90,1,-504,-508,-528,4,-504,-508,-484,8,-508,-508,-508,12,-508,-508,-508,16,508,508,484,4,508,8,508,508,508,12,508,508,484,16,504,508
5048,0x55a1bd6793ad,R,0x7ffee78d5c8c,1,4,508,0,512,0,0,0,516,8,0,4,520,-20,0,4,524,-8,0,-24,0,-4,-500,20,0,-4,-496,-8,0,0,-492,0,0
5049,0x55a1bd6793ad,W,0x7ffee78d5c8c,1,0,508,0,0,-20,0,4,516,24,0,0,520,0,0,0,524,-8,-504,0,0,0,-500,0,0,0,-496,-24,0,-4,-492,20,0
5051,0x55a1bd6793b1,R,0x7ffee78d5c84,1,-8,-8,-4,-8,-28,504,-8,508,-8,-8,0,512,-4,-8,-28,516,-16,-496,4,8,28,-492,4,8,0,-488,8,8,8,-484,8,8
5053,0x55a1bd6793b4,R,0x7ffee78d5c74,1,-16,-24,-20,484,-24,488,-24,-24,-20,-24,0,496,-24,-24,-24,500,24,-480,24,24,24,-476,24,24,0,-472,20,24,44,-468,24,-464
5056,0x55a1bd6793b9,R,0x7ffee78d5c8c,1,24,0,0,508,0,0,-20,0,4,516,0,520,8,0,4,524,-4,-504,20,0,-4,-500,-8,0,0,-496,0,0,20,0,-4,-488
5061,0x55a1bd67938a,R,0x7ffee78d5c88,1,-4,-4,4,504,0,-4,-24,508,-4,512,-4,-4,20,-4,-4,520,4,-500,4,4,4,-496,-20,4,0,-492,4,-488,4,4,0,4
5063,0x55a1bd67938d,R,0x7ffee78d5c8c,1,4,0,24,508,0,0,0,512,0,0,4,0,24,520,8,524,20,-504,-4,0,-8,-500,0,0,-4,0,20,-492,0,-488,0,0
5066,0x55a1bd679393,R,0x7ffee78d5ca0,1,20,20,20,528,28,20,24,532,0,20,24,536,20,540,28,20,-20,-524,-20,-20,-44,-520,-20,-516,-20,-20,0,-20,-24,-508,-28,-20
5068,0x55a1bd679397,R,0x7ffee78d5c8c,1,-20,0,4,508,24,0,0,512,0,0,0,516,0,0,24,0,-4,-504,-8,0,-24,0,-4,-496,0,-492,0,0,0,-488,-24,0
5071,0x55a1bd67939d,R,0x7ffee78d5c88,1,-4,-4,-4,504,-4,-4,4,508,0,-4,-24,512,0,-4,20,516,4,-500,-4,-496,4,4,0,4,24,-488,0,4,-4,-484,4,4
5076,0x55a1bd6793aa,W,0x7ffee78d5a94,1,-500,-504,-524,4,-500,-504,-480,8,-504,-504,-504,12,-504,-504,-504,16,504,504,480,4,504,8,504,504,504,12,504,504,480,16,500,504
5078,0x55a1bd6793ad,R,0x7ffee78d5c8c,1,4,504,0,508,0,0,0,512,8,0,4,516,-20,0,4,520,-8,0,-24,0,-4,-496,20,0,-4,-492,-8,0,0,-488,0,0
5079,0x55a1bd6793ad,W,0x7ffee78d5c8c,1,0,504,0,0,-20,0,4,512,24,0,0,516,0,0,0,520,-8,-500,0,0,0,-496,0,0,0,-492,-24,0,-4,-488,20,0
5081,0x55a1bd6793b1,R,0x7ffee78d5c84,1,-8,-8,-4,-8,-28,500,-8,504,-8,-8,0,508,-4,-8,-28,512,-16,-492,4,8,28,-488,4,8,0,-484,8,8,8,-480,8,8
5083,0x55a1bd6793b4,R,0x7ffee78d5c74,1,-16,-24,-20,480,-24,484,-24,-24,-20,-24,0,492,-24,-24,-24,496,24,-476,24,24,24,-472,24,24,0,-468,20,24,44,-464,24,-460
5086,0x55a1bd6793b9,R,0x7ffee78d5c8c,1,24,0,0,504,0,0,-20,0,4,512,0,516,8,0,4,520,-4,-500,20,0,-4,-496,-8,0,0,-492,0,0,20,0,-4,-484
5091,0x55a1bd67938a,R,0x7ffee78d5c88,1,-4,-4,4,500,0,-4,-24,504,-4,508,-4,-4,20,-4,-4,516,4,-496,4,4,4,-492,-20,4,0,-488,4,-484,4,4,0,4
5093,0x55a1bd67938d,R,0x7ffee78d5c8c,1,4,0,24,504,0,0,0,508,0,0,4,0,24,516,8,520,20,-500,-4,0,-8,-496,0,0,-4,0,20,-488,0,-484,0,0
5096,0x55a1bd679393,R,0x7ffee78d5ca0,1,20,20,20,524,28,20,24,528,0,20,24,532,20,536,28,20,-20,-520,-20,-20,-44,-516,-20,-512,-20,-20,0,-20,-24,-504,-28,-20
5098,0x55a1bd679397,R,0x7ffee78d5c8c,1,-20,0,4,504,24,0,0,508,0,0,0,512,0,0,24,0,-4,-500,-8,0,-24,0,-4,-492,0,-488,0,0,0,-484,-24,0
5101,0x55a1bd67939d,R,0x7ffee78d5c88,1,-4,-4,-4,500,-4,-4,4,504,0,-4,-24,508,0,-4,20,512,4,-496,-4,-492,4,4,0,4,24,-484,0,4,-4,-480,4,4
5106,0x55a1bd6793aa,W,0x7ffee78d5a98,1,-496,-500,-520,4,-496,-500,-476,8,-500,-500,-500,12,-500,-500,-500,16,500,500,476,4,500,8,500,500,500,12,500,500,476,16,496,500
5108,0x55a1bd6793ad,R,0x7ffee78d5c8c,1,4,500,0,504,0,0,0,508,8,0,4,512,-20,0,4,516,-8,0,-24,0,-4,-492,20,0,-4,-488,-8,0,0,-484,0,0
5109,0x55a1bd6793ad,W,0x7ffee78d5c8c,1,0,500,0,0,-20,0,4,508,24,0,0,512,0,0,0,516,-8,-496,0,0,0,-492,0,0,0,-488,-24,0,-4,-484,20,0
5111,0x55a1bd6793b1,R,0x7ffee78d5c84,1,-8,-8,-4,-8,-28,496,-8,500,-8,-8,0,504,-4,-8,-28,508,-16,-488,4,8,28,-484,4,8,0,-480,8,8,8,-476,8,8
5113,0x55a1bd6793b4,R,0x7ffee78d5c74,1,-16,-24,-20,476,-24,480,-24,-24,-20,-24,0,488,-24,-24,-24,492,24,-472,24,24,24,-468,24,24,0,-464,20,24,44,-460,24,-456
5116,0x55a1bd6793b9,R,0x7ffee78d5c8c,1,24,0,0,500,0,0,-20,0,4,508,0,512,8,0,4,516,-4,-496,20,0,-4,-492,-8,0,0,-488,0,0,20,0,-4,-480
5121,0x55a1bd67938a,R,0x7ffee78d5c88,1,-4,-4,4,496,0,-4,-24,500,-4,504,-4,-4,20,-4,-4,512,4,-492,4,4,4,-488,-20,4,0,-484,4,-480,4,4,0,4
5123,0x55a1bd67938d,R,0x7ffee78d5c8c,1,4,0,24,500,0,0,0,504,0,0,4,0,24,512,8,516,20,-496,-4,0,-8,-492,0,0,-4,0,20,-484,0,-480,0,0
5126,0x55a1bd679393,R,0x7ffee78d5ca0,1,20,20,20,520,28,20,24,524,0,20,24,528,20,532,28,20,-20,-516,-20,-20,-44,-512,-20,-508,-20,-20,0,-20,-24,-500,-28,-20
5128,0x55a1bd679397,R,0x7ffee78d5c8c,1,-20,0,4,500,24,0,0,504,0,0,0,508,0,0,24,0,-4,-496,-8,0,-24,0,-4,-488,0,-484,0,0,0,-480,-24,0
5131,0x55a1bd67939d,R,0x7ffee78d5c88,1,-4,-4,-4,496,-4,-4,4,500,0,-4,-24,504,0,-4,20,508,4,-492,-4,-488,4,4,0,4,24,-480,0,4,-4,-476,4,4
5136,0x55a1bd6793aa,W,0x7ffee78d5a9c,1,-492,-496,-516,4,-492,-496,-472,8,-496,-496,-496,12,-496,-496,-496,16,496,496,472,4,496,8,496,496,496,12,496,496,472,16,492,496
5138,0x55a1bd6793ad,R,0x7ffee78d5c8c,1,4,496,0,500,0,0,0,504,8,0,4,508,-20,0,4,512,-8,0,-24,0,-4,-488,20,0,-4,-484,-8,0,0,-480,0,0
5139,0x55a1bd6793ad,W,0x7ffee78d5c8c,1,0,496,0,0,-20,0,4,504,24,0,0,508,0,0,0,512,-8,-492,0,0,0,-488,0,0,0,-484,-24,0,-4,-480,20,0
5141,0x55a1bd6793b1,R,0x7ffee78d5c84,1,-8,-8,-4,-8,-28,492,-8,496,-8,-8,0,500,-4,-8,-28,504,-16,-484,4,8,28,-480,4,8,0,-476,8,8,8,-472,8,8
5143,0x55a1bd6793b4,R,0x7ffee78d5c74,1,-16,-24,-20,472,-24,476,-24,-24,-20,-24,0,484,-24,-24,-24,488,24,-468,24,24,24,-464,24,24,0,-460,20,24,44,-456,24,20
5146,0x55a1bd6793b9,R,0x7ffee78d5c8c,1,24,0,0,496,0,0,-20,0,4,504,0,508,8,0,4,512,-4,-492,20,0,-4,-488,-8,0,0,-484,0,0,20,0,-4,-4
5151,0x55a1bd67938a,R,0x7ffee78d5c88,1,-4,-4,4,492,0,-4,-24,496,-4,500,-4,-4,20,-4,-4,508,4,-488,4,4,4,-484,-20,4,0,-480,4,-476,4,4,0,4
5153,0x55a1bd67938d,R,0x7ffee78d5c8c,1,4,0,24,496,0,0,0,500,0,0,4,0,24,508,8,512,20,-492,-4,0,-8,-488,0,0,-4,0,20,-480,0,-4,0,0
5156,0x55a1bd679393,R,0x7ffee78d5ca0,1,20,20,20,516,28,20,24,520,0,20,24,524,20,528,28,20,-20,-512,-20,-20,-44,-508,-20,-504,-20,-20,0,-20,-24,-24,-28,-20
5158,0x55a1bd679397,R,0x7ffee78d5c8c,1,-20,0,4,496,24,0,0,500,0,0,0,504,0,0,24,0,-4,-492,-8,0,-24,0,-4,-484,0,-480,0,0,0,-4,-24,0
5161,0x55a1bd67939d,R,0x7ffee78d5c88,1,-4,-4,-4,492,-4,-4,4,496,0,-4,-24,500,0,-4,20,504,4,-488,-4,-484,4,4,0,4,24,-476,0,4,-4,0,4,4
5166,0x55a1bd6793aa,W,0x7ffee78d5aa0,1,-488,-492,-512,4,-488,-492,-468,8,-492,-492,-492,12,-492,-492,-492,16,492,492,468,4,492,8,492,492,492,12,492,492,468,488,488,492
5168,0x55a1bd6793ad,R,0x7ffee78d5c8c,1,4,492,0,496,0,0,0,500,8,0,4,504,-20,0,4,508,-8,0,-24,0,-4,-484,20,0,-4,-480,-8,0,0,-4,0,0
5169,0x55a1bd6793ad,W,0x7ffee78d5c8c,1,0,492,0,0,-20,0,4,500,24,0,0,504,0,0,0,508,-8,-488,0,0,0,-484,0,0,0,-480,-24,0,-4,-4,20,0
5171,0x55a1bd6793b1,R,0x7ffee78d5c84,1,-8,-8,-4,-8,-28,488,-8,492,-8,-8,0,496,-4,-8,-28,500,-16,-480,4,8,28,-476,4,8,0,-472,8,8,8,4,8,8
5173,0x55a1bd6793b4,R,0x7ffee78d5c74,1,-16,-24,-20,468,-24,472,-24,-24,-20,-24,0,480,-24,-24,-24,484,24,-464,24,24,24,-460,24,24,0,-456,20,24,44,20,24,-452
5176,0x55a1bd6793b9,R,0x7ffee78d5c8c,1,24,0,0,492,0,0,-20,0,4,500,0,504,8,0,4,508,-4,-488,20,0,-4,-484,-8,0,0,-480,0,0,20,0,-4,-476
5181,0x55a1bd67938a,R,0x7ffee78d5c88,1,-4,-4,4,488,0,-4,-24,492,-4,496,-4,-4,20,-4,-4,504,4,-484,4,4,4,-480,-20,4,0,-476,4,0,4,4,0,4
5183,0x55a1bd67938d,R,0x7ffee78d5c8c,1,4,0,24,492,0,0,0,496,0,0,4,0,24,504,8,508,20,-488,-4,0,-8,-484,0,0,-4,0,20,-4,0,-476,0,0
5186,0x55a1bd679393,R,0x7ffee78d5ca0,1,20,20,20,512,28,20,24,516,0,20,24,520,20,524,28,20,-20,-508,-20,-20,-44,-504,-20,-500,-20,-20,0,-20,-24,-496,-28,-20
5188,0x55a1bd679397,R,0x7ffee78d5c8c,1,-20,0,4,492,24,0,0,496,0,0,0,500,0,0,24,0,-4,-488,-8,0,-24,0,-4,-480,0,-4,0,0,0,-476,-24,0
5191,0x55a1bd67939d,R,0x7ffee78d5c88,1,-4,-4,-4,488,-4,-4,4,492,0,-4,-24,496,0,-4,20,500,4,-484,-4,-480,4,4,0,4,24,0,0,4,-4,-472,4,4
5196,0x55a1bd6793aa,W,0x7ffee78d5aa4,1,-484,-488,-508,4,-484,-488,-464,8,-488,-488,-488,12,-488,-488,-488,16,488,488,464,4,488,8,488,488,488,484,488,488,464,12,484,488
5198,0x55a1bd6793ad,R,0x7ffee78d5c8c,1,4,488,0,492,0,0,0,496,8,0,4,500,-20,0,4,504,-8,0,-24,0,-4,-480,20,0,-4,-4,-8,0,0,-476,0,0
5199,0x55a1bd6793ad,W,0x7ffee78d5c8c,1,0,488,0,0,-20,0,4,496,24,0,0,500,0,0,0,504,-8,-484,0,0,0,-480,0,0,0,-4,-24,0,-4,-476,20,0
5201,0x55a1bd6793b1,R,0x7ffee78d5c84,1,-8,-8,-4,-8,-28,484,-8,488,-8,-8,0,492,-4,-8,-28,496,-16,-476,4,8,28,-472,4,8,0,4,8,8,8,-468,8,8
5203,0x55a1bd6793b4,R,0x7ffee78d5c74,1,-16,-24,-20,464,-24,468,-24,-24,-20,-24,0,476,-24,-24,-24,480,24,-460,24,24,24,-456,24,24,0,20,20,24,44,-452,24,-448
5206,0x55a1bd6793b9,R,0x7ffee78d5c8c,1,24,0,0,488,0,0,-20,0,4,496,0,500,8,0,4,504,-4,-484,20,0,-4,-480,-8,0,0,-4,0,0,20,0,-4,-472
5211,0x55a1bd67938a,R,0x7ffee78d5c88,1,-4,-4,4,484,0,-4,-24,488,-4,492,-4,-4,20,-4,-4,500,4,-480,4,4,4,-476,-20,4,0,0,4,-472,4,4,0,4
5213,0x55a1bd67938d,R,0x7ffee78d5c8c,1,4,0,24,488,0,0,0,492,0,0,4,0,24,500,8,504,20,-484,-4,0,-8,-480,0,0,-4,0,20,-476,0,-472,0,0
5216,0x55a1bd679393,R,0x7ffee78d5ca0,1,20,20,20,508,28,20,24,512,0,20,24,516,20,520,28,20,-20,-504,-20,-20,-44,-500,-20,-24,-20,-20,0,-20,-24,-492,-28,-20
5218,0x55a1bd679397,R,0x7ffee78d5c8c,1,-20,0,4,488,24,0,0,492,0,0,0,496,0,0,24,0,-4,-484,-8,0,-24,0,-4,-4,0,-476,0,0,0,-472,-24,0
5221,0x55a1bd67939d,R,0x7ffee78d5c88,1,-4,-4,-4,484,-4,-4,4,488,0,-4,-24,492,0,-4,20,496,4,-480,-4,-476,4,4,0,4,24,-472,0,4,-4,-468,4,4
5226,0x55a1bd6793aa,W,0x7ffee78d5aa8,1,-480,-484,-504,4,-480,-484,-460,8,-484,-484,-484,12,-484,-484,-484,16,484,484,460,4,484,480,484,484,484,8,484,484,460,12,480,484
5228,0x55a1bd6793ad,R,0x7ffee78d5c8c,1,4,484,0,488,0,0,0,492,8,0,4,496,-20,0,4,500,-8,0,-24,0,-4,-4,20,0,-4,-476,-8,0,0,-472,-12,0
5229,0x55a1bd6793ad,W,0x7ffee78d5c8c,1,0,484,0,0,-20,0,4,492,24,0,0,496,0,0,0,500,-8,-480,0,0,0,-4,0,0,0,-476,-24,0,-4,-472,-24,0
5231,0x55a1bd6793b1,R,0x7ffee78d5c84,1,-8,-8,-4,-8,-28,480,-8,484,-8,-8,0,488,-4,-8,-28,492,-16,-472,4,8,28,4,4,8,0,-468,8,8,-4,-464,4,8
5233,0x55a1bd6793b4,R,0x7ffee78d5c74,1,-16,-24,-20,460,-24,464,-24,-24,-20,-24,0,472,-24,-24,-24,476,24,-456,24,24,24,20,24,24,0,-452,20,24,0,-448,20,-444
5236,0x55a1bd6793b9,R,0x7ffee78d5c8c,1,24,0,0,484,0,0,-20,0,4,492,0,496,8,0,4,500,-4,-480,20,0,-4,-4,-8,0,0,-476,-12,0,-24,0,-8,-468
5241,0x55a1bd67938a,R,0x7ffee78d5c88,1,-4,-4,4,480,0,-4,-24,484,-4,488,-4,-4,20,-4,-4,496,4,-476,4,4,4,0,-20,4,0,-472,-8,-468,0,4,-4,4
5243,0x55a1bd67938d,R,0x7ffee78d5c8c,1,4,0,24,484,0,0,0,488,0,0,4,0,24,496,8,500,20,-480,-4,0,-8,-4,0,0,-4,0,-24,-472,-4,-468,-8,0
5246,0x55a1bd679393,R,0x7ffee78d5ca0,1,20,20,20,504,28,20,24,508,0,20,24,512,20,516,28,20,-20,-500,-20,-20,-44,-24,-20,-496,-32,-20,-44,-20,-28,-488,-44,-20
5248,0x55a1bd679397,R,0x7ffee78d5c8c,1,-20,0,4,484,24,0,0,488,0,0,0,492,0,0,24,0,-4,-480,-8,0,-24,0,-4,-476,-12,-472,-4,0,-8,-468,0,0
5251,0x55a1bd67939d,R,0x7ffee78d5c88,1,-4,-4,-4,480,-4,-4,4,484,0,-4,-24,488,0,-4,20,492,4,-476,-4,0,4,4,0,4,-20,-468,-4,4,-20,-464,0,4
5256,0x55a1bd6793aa,W,0x7ffee78d5aac,1,-476,-480,-500,4,-476,-480,-456,8,-480,-480,-480,12,-480,-480,-480,16,480,480,456,476,480,4,468,480,476,8,472,480,480,12,476,16
5258,0x55a1bd6793ad,R,0x7ffee78d5c8c,1,4,480,0,484,0,0,0,488,8,0,4,492,-20,0,4,496,-8,0,-24,0,-4,-476,-24,0,-8,-472,-24,0,0,0,0,-464
5259,0x55a1bd6793ad,W,0x7ffee78d5c8c,1,0,480,0,0,-20,0,4,488,24,0,0,492,0,0,0,496,-8,-4,0,0,-12,-476,-4,0,-8,-472,-24,-468,-4,0,20,-464
5261,0x55a1bd6793b1,R,0x7ffee78d5c84,1,-8,-8,-4,-8,-28,476,-8,480,-8,-8,0,484,-4,-8,-28,488,-16,4,4,8,-16,-468,0,8,0,8,8,-460,8,8,8,-456
5263,0x55a1bd6793b4,R,0x7ffee78d5c74,1,-16,-24,-20,456,-24,460,-24,-24,-20,-24,0,468,-24,-24,-24,472,24,20,12,24,20,-452,16,-448,0,24,20,-444,44,24,20,-440
5266,0x55a1bd6793b9,R,0x7ffee78d5c8c,1,24,0,0,480,0,0,-20,0,4,488,0,492,8,0,4,496,-4,-4,-24,0,-4,0,-8,-472,0,0,0,-468,0,0,-4,0
5269,0x55a1bd6793be,R,0x7ffee78d5c88,1,-4,-4,4,476,0,-4,-24,480,-4,484,-4,-4,20,-4,-4,492,-8,0,-20,-472,-4,4,-20,-468,0,4,24,-464,4,-460,4,4
5270,0x55a1bd6793be,W,0x7ffee78d5c88,1,0,-4,20,476,-4,-4,-4,480,-4,-4,0,-4,20,488,4,492,-8,4,0,-472,-4,4,4,-468,4,4,24,4,0,-460,-4,4
5272,0x55a1bd6793c2,R,0x7ffee78d5c80,1,-8,-8,-12,468,-4,-12,-8,472,-32,-12,-8,476,-12,480,-4,-12,-12,12,4,-464,-12,12,8,-460,12,-456,12,12,12,-452,-12,12
5274,0x55a1bd6793c5,R,0x7ffee78d5c74,1,-12,-20,-24,-24,0,-24,-24,460,-24,-24,-24,464,-24,-24,0,-24,20,24,16,-452,24,24,20,24,44,-444,20,24,16,-440,24,24
5277,0x55a1bd6793ca,R,0x7ffee78d5c88,1,20,0,0,-4,20,476,4,480,0,-4,-24,484,0,-4,20,488,-4,4,-20,-472,4,-468,4,4,4,-464,4,4,-20,-460,0,4
5280,0x55a1bd67937b,R,0x7ffee78d5c84,1,-4,-4,4,-8,-8,472,0,-8,-8,-8,-8,480,-8,-8,-8,484,0,8,-16,8,4,-464,28,8,4,-460,0,8,8,-456,8,8
5282,0x55a1bd67937e,W,0x7ffee78d5c8c,1,8,4,24,0,4,480,24,0,0,484,4,488,-20,0,4,492,-8,-476,0,0,0,-472,0,0,0,-468,-24,0,-4,-464,20,0
5285,0x55a1bd6793b1,R,0x7ffee78d5c84,1,0,-8,-4,-8,4,472,-8,-8,0,476,-4,-8,-8,-8,-8,484,-16,-468,4,8,28,-464,4,8,0,-460,8,8,8,-456,8,8
5287,0x55a1bd6793b4,R,0x7ffee78d5c74,1,-16,-24,-20,-20,0,456,-20,-24,0,460,-24,-24,-24,464,-44,468,24,-452,24,24,24,-448,24,24,0,-444,20,24,44,-440,24,-436
5290,0x55a1bd6793b9,R,0x7ffee78d5c8c,1,24,0,8,4,24,0,12,0,0,484,8,0,4,488,-20,0,-4,-476,20,0,-4,-472,-8,0,0,-468,0,0,20,0,-4,-460
5295,0x55a1bd67938a,R,0x7ffee78d5c88,1,-4,-4,4,0,0,-4,8,476,0,480,20,-4,-4,484,-4,-4,4,-472,4,4,4,-468,-20,4,0,-464,4,-460,4,4,0,4
5297,0x55a1bd67938d,R,0x7ffee78d5c8c,1,4,0,24,4,8,0,24,480,4,0,0,0,8,488,4,0,20,-476,-4,0,-8,-472,0,0,-4,0,20,-464,0,-460,0,0
5300,0x55a1bd679393,R,0x7ffee78d5ca0,1,20,20,20,24,28,20,24,500,32,20,20,504,44,508,20,20,-20,-496,-20,-20,-44,-492,-20,-488,-20,-20,0,-20,-24,-480,-28,-20
5302,0x55a1bd679397,R,0x7ffee78d5c8c,1,-20,0,4,4,24,0,8,480,24,0,4,484,24,0,8,0,-4,-476,-8,0,-24,0,-4,-468,0,-464,0,0,0,-460,-24,0
5305,0x55a1bd67939d,R,0x7ffee78d5c88,1,-4,-4,-4,0,-4,-4,4,476,0,-4,8,480,-4,-4,4,484,4,-472,-4,-468,4,4,0,4,24,-460,0,4,-4,-456,4,4
5310,0x55a1bd6793aa,W,0x7ffee78d5ab0,1,-472,-476,-496,-472,-472,-476,-452,4,-468,-476,-452,8,-472,-476,-452,12,476,476,452,4,476,8,476,476,476,12,476,476,452,16,472,476
5312,0x55a1bd6793ad,R,0x7ffee78d5c8c,1,4,476,0,4,0,0,0,480,8,0,4,484,12,0,0,488,-8,0,-24,0,-4,-468,20,0,-4,-464,-8,0,0,-460,0,0
5313,0x55a1bd6793ad,W,0x7ffee78d5c8c,1,0,476,0,0,-20,0,4,480,24,0,8,484,24,0,4,488,-8,-472,0,0,0,-468,0,0,0,-464,-24,0,-4,-460,20,0
5315,0x55a1bd6793b1,R,0x7ffee78d5c84,1,-8,-8,-4,-8,-28,-4,-8,472,-8,-8,0,476,-4,-8,4,480,-16,-464,4,8,28,-460,4,8,0,-456,8,8,8,-452,8,8
5317,0x55a1bd6793b4,R,0x7ffee78d5c74,1,-16,-24,-20,452,-24,-20,-24,-24,-20,-24,0,460,-16,-24,0,464,24,-448,24,24,24,-444,24,24,0,-440,20,24,44,-436,24,-432
5320,0x55a1bd6793b9,R,0x7ffee78d5c8c,1,24,0,0,476,0,0,-20,0,4,480,0,484,8,0,4,488,-4,-472,20,0,-4,-468,-8,0,0,-464,0,0,20,0,-4,-456
5325,0x55a1bd67938a,R,0x7ffee78d5c88,1,-4,-4,4,472,0,-4,-24,0,-4,476,-4,-4,20,-4,4,484,4,-468,4,4,4,-464,-20,4,0,-460,4,-456,4,4,0,4
5327,0x55a1bd67938d,R,0x7ffee78d5c8c,1,4,0,24,476,0,0,0,4,0,0,4,0,24,484,8,488,20,-472,-4,0,-8,-468,0,0,-4,0,20,-460,0,-456,0,0
5330,0x55a1bd679393,R,0x7ffee78d5ca0,1,20,20,20,496,28,20,24,24,0,20,24,500,20,504,28,20,-20,-492,-20,-20,-44,-488,-20,-484,-20,-20,0,-20,-24,-476,-28,-20
5332,0x55a1bd679397,R,0x7ffee78d5c8c,1,-20,0,4,476,24,0,0,4,0,0,0,480,0,0,24,0,-4,-472,-8,0,-24,0,-4,-464,0,-460,0,0,0,-456,-24,0
5335,0x55a1bd67939d,R,0x7ffee78d5c88,1,-4,-4,-4,472,-4,-4,4,0,0,-4,-24,476,0,-4,20,480,4,-468,-4,-464,4,4,0,4,24,-456,0,4,-4,-452,4,4
5340,0x55a1bd6793aa,W,0x7ffee78d5ab4,1,-468,-472,-492,4,-468,-472,-448,-468,-472,-472,-472,8,-472,-472,-472,12,472,472,448,4,472,8,472,472,472,12,472,472,448,16,468,472
5342,0x55a1bd6793ad,R,0x7ffee78d5c8c,1,4,472,0,476,0,0,0,4,8,0,4,480,-20,0,4,484,-8,0,-24,0,-4,-464,20,0,-4,-460,-8,0,0,-456,0,0
5343,0x55a1bd6793ad,W,0x7ffee78d5c8c,1,0,472,0,0,-20,0,4,4,24,0,0,480,0,0,0,484,-8,-468,0,0,0,-464,0,0,0,-460,-24,0,-4,-456,20,0
5345,0x55a1bd6793b1,R,0x7ffee78d5c84,1,-8,-8,-4,-8,-28,468,-8,-4,-8,-8,0,472,-4,-8,-28,476,-16,-460,4,8,28,-456,4,8,0,-452,8,8,8,-448,8,8
5347,0x55a1bd6793b4,R,0x7ffee78d5c74,1,-16,-24,-20,448,-24,452,-24,-24,-20,-24,0,456,-24,-24,-24,460,24,-444,24,24,24,-440,24,24,0,-436,20,24,44,-432,24,-428
5350,0x55a1bd6793b9,R,0x7ffee78d5c8c,1,24,0,0,472,0,0,-20,0,4,4,0,480,8,0,4,484,-4,-468,20,0,-4,-464,-8,0,0,-460,0,0,20,0,-4,-452
5355,0x55a1bd67938a,R,0x7ffee78d5c88,1,-4,-4,4,468,0,-4,-24,472,-4,0,-4,-4,20,-4,-4,480,4,-464,4,4,4,-460,-20,4,0,-456,4,-452,4,4,0,4
5357,0x55a1bd67938d,R,0x7ffee78d5c8c,1,4,0,24,472,0,0,0,476,0,0,4,0,24,480,8,484,20,-468,-4,0,-8,-464,0,0,-4,0,20,-456,0,-452,0,0
5360,0x55a1bd679393,R,0x7ffee78d5ca0,1,20,20,20,492,28,20,24,496,0,20,24,24,20,500,28,20,-20,-488,-20,-20,-44,-484,-20,-480,-20,-20,0,-20,-24,-472,-28,-20
5362,0x55a1bd679397,R,0x7ffee78d5c8c,1,-20,0,4,472,24,0,0,476,0,0,0,4,0,0,24,0,-4,-468,-8,0,-24,0,-4,-460,0,-456,0,0,0,-452,-24,0
5365,0x55a1bd67939d,R,0x7ffee78d5c88,1,-4,-4,-4,468,-4,-4,4,472,0,-4,-24,0,0,-4,20,476,4,-464,-4,-460,4,4,0,4,24,-452,0,4,-4,-448,4,4
5370,0x55a1bd6793aa,W,0x7ffee78d5ab8,1,-464,-468,-488,4,-464,-468,-444,8,-468,-468,-468,-464,-468,-468,-468,12,468,468,444,4,468,8,468,468,468,12,468,468,444,16,464,468
5372,0x55a1bd6793ad,R,0x7ffee78d5c8c,1,4,468,0,472,0,0,0,476,8,0,4,4,-20,0,4,480,-8,0,-24,0,-4,-460,20,0,-4,-456,-8,0,0,-452,0,0
5373,0x55a1bd6793ad,W,0x7ffee78d5c8c,1,0,468,0,0,-20,0,4,476,24,0,0,4,0,0,0,480,-8,-464,0,0,0,-460,0,0,0,-456,-24,0,-4,-452,20,0
5375,0x55a1bd6793b1,R,0x7ffee78d5c84,1,-8,-8,-4,-8,-28,464,-8,468,-8,-8,0,-4,-4,-8,-28,472,-16,-456,4,8,28,-452,4,8,0,-448,8,8,8,-444,8,8
5377,0x55a1bd6793b4,R,0x7ffee78d5c74,1,-16,-24,-20,444,-24,448,-24,-24,-20,-24,0,-20,-24,-24,-24,456,24,-440,24,24,24,-436,24,24,0,-432,20,24,44,-428,24,-424
5380,0x55a1bd6793b9,R,0x7ffee78d5c8c,1,24,0,0,468,0,0,-20,0,4,476,0,4,8,0,4,480,-4,-464,20,0,-4,-460,-8,0,0,-456,0,0,20,0,-4,-448
5385,0x55a1bd67938a,R,0x7ffee78d5c88,1,-4,-4,4,464,0,-4,-24,468,-4,472,-4,-4,20,-4,-4,476,4,-460,4,4,4,-456,-20,4,0,-452,4,-448,4,4,0,4
5387,0x55a1bd67938d,R,0x7ffee78d5c8c,1,4,0,24,468,0,0,0,472,0,0,4,0,24,4,8,480,20,-464,-4,0,-8,-460,0,0,-4,0,20,-452,0,-448,0,0
5390,0x55a1bd679393,R,0x7ffee78d5ca0,1,20,20,20,488,28,20,24,492,0,20,24,496,20,24,28,20,-20,-484,-20,-20,-44,-480,-20,-476,-20,-20,0,-20,-24,-468,-28,-20
5392,0x55a1bd679397,R,0x7ffee78d5c8c,1,-20,0,4,468,24,0,0,472,0,0,0,476,0,0,24,0,-4,-464,-8,0,-24,0,-4,-456,0,-452,0,0,0,-448,-24,0
5395,0x55a1bd67939d,R,0x7ffee78d5c88,1,-4,-4,-4,464,-4,-4,4,468,0,-4,-24,472,0,-4,20,0,4,-460,-4,-456,4,4,0,4,24,-448,0,4,-4,-444,4,4
5400,0x55a1bd6793aa,W,0x7ffee78d5abc,1,-460,-464,-484,4,-460,-464,-440,8,-464,-464,-464,12,-464,-464,-464,-460,464,464,440,4,464,8,464,464,464,12,464,464,440,16,460,464
5402,0x55a1bd6793ad,R,0x7ffee78d5c8c,1,4,464,0,468,0,0,0,472,8,0,4,476,-20,0,4,4,-8,0,-24,0,-4,-456,20,0,-4,-452,-8,0,0,-448,0,0
5403,0x55a1bd6793ad,W,0x7ffee78d5c8c,1,0,464,0,0,-20,0,4,472,24,0,0,476,0,0,0,4,-8,-460,0,0,0,-456,0,0,0,-452,-24,0,-4,-448,20,0
5405,0x55a1bd6793b1,R,0x7ffee78d5c84,1,-8,-8,-4,-8,-28,460,-8,464,-8,-8,0,468,-4,-8,-28,-4,-16,-452,4,8,28,-448,4,8,0,-444,8,8,8,-440,8,8
5407,0x55a1bd6793b4,R,0x7ffee78d5c74,1,-16,-24,-20,440,-24,444,-24,-24,-20,-24,0,452,-24,-24,-24,-20,24,-436,24,24,24,-432,24,24,0,-428,20,24,44,-424,24,-420
5410,0x55a1bd6793b9,R,0x7ffee78d5c8c,1,24,0,0,464,0,0,-20,0,4,472,0,476,8,0,4,4,-4,-460,20,0,-4,-456,-8,0,0,-452,0,0,20,0,-4,-444
5415,0x55a1bd67938a,R,0x7ffee78d5c88,1,-4,-4,4,460,0,-4,-24,464,-4,468,-4,-4,20,-4,-4,0,4,-456,4,4,4,-452,-20,4,0,-448,4,-444,4,4,0,4
5417,0x55a1bd67938d,R,0x7ffee78d5c8c,1,4,0,24,464,0,0,0,468,0,0,4,0,24,476,8,4,20,-460,-4,0,-8,-456,0,0,-4,0,20,-448,0,-444,0,0
5420,0x55a1bd679393,R,0x7ffee78d5ca0,1,20,20,20,484,28,20,24,488,0,20,24,492,20,496,28,20,-20,-480,-20,-20,-44,-476,-20,-472,-20,-20,0,-20,-24,-464,-28,-20
5422,0x55a1bd679397,R,0x7ffee78d5c8c,1,-20,0,4,464,24,0,0,468,0,0,0,472,0,0,24,0,-4,-460,-8,0,-24,0,-4,-452,0,-448,0,0,0,-444,-24,0
5425,0x55a1bd67939d,R,0x7ffee78d5c88,1,-4,-4,-4,460,-4,-4,4,464,0,-4,-24,468,0,-4,20,472,4,-456,-4,-452,4,4,0,4,24,-444,0,4,-4,-440,4,4
5430,0x55a1bd6793aa,W,0x7ffee78d5ac0,1,-456,-460,-480,4,-456,-460,-436,8,-460,-460,-460,12,-460,-460,-460,16,460,460,436,4,460,8,460,460,460,12,460,460,436,16,456,460
5432,0x55a1bd6793ad,R,0x7ffee78d5c8c,1,4,460,0,464,0,0,0,468,8,0,4,472,-20,0,4,476,-8,0,-24,0,-4,-452,20,0,-4,-448,-8,0,0,-444,0,0
5433,0x55a1bd6793ad,W,0x7ffee78d5c8c,1,0,460,0,0,-20,0,4,468,24,0,0,472,0,0,0,476,-8,-456,0,0,0,-452,0,0,0,-448,-24,0,-4,-444,20,0
5435,0x55a1bd6793b1,R,0x7ffee78d5c84,1,-8,-8,-4,-8,-28,456,-8,460,-8,-8,0,464,-4,-8,-28,468,-16,-448,4,8,28,-444,4,8,0,-440,8,8,8,-436,8,8
5437,0x55a1bd6793b4,R,0x7ffee78d5c74,1,-16,-24,-20,436,-24,440,-24,-24,-20,-24,0,448,-24,-24,-24,452,24,-432,24,24,24,-428,24,24,0,-424,20,24,44,-420,24,-416
5440,0x55a1bd6793b9,R,0x7ffee78d5c8c,1,24,0,0,460,0,0,-20,0,4,468,0,472,8,0,4,476,-4,-456,20,0,-4,-452,-8,0,0,-448,0,0,20,0,-4,-440
5445,0x55a1bd67938a,R,0x7ffee78d5c88,1,-4,-4,4,456,0,-4,-24,460,-4,464,-4,-4,20,-4,-4,472,4,-452,4,4,4,-448,-20,4,0,-444,4,-440,4,4,0,4
5447,0x55a1bd67938d,R,0x7ffee78d5c8c,1,4,0,24,460,0,0,0,464,0,0,4,0,24,472,8,476,20,-456,-4,0,-8,-452,0,0,-4,0,20,-444,0,-440,0,0
5450,0x55a1bd679393,R,0x7ffee78d5ca0,1,20,20,20,480,28,20,24,484,0,20,24,488,20,492,28,20,-20,-476,-20,-20,-44,-472,-20,-468,-20,-20,0,-20,-24,-460,-28,-20
5452,0x55a1bd679397,R,0x7ffee78d5c8c,1,-20,0,4,460,24,0,0,464,0,0,0,468,0,0,24,0,-4,-456,-8,0,-24,0,-4,-448,0,-444,0,0,0,-440,-24,0
5455,0x55a1bd67939d,R,0x7ffee78d5c88,1,-4,-4,-4,456,-4,-4,4,460,0,-4,-24,464,0,-4,20,468,4,-452,-4,-448,4,4,0,4,24,-440,0,4,-4,-436,4,4
5460,0x55a1bd6793aa,W,0x7ffee78d5ac4,1,-452,-456,-476,4,-452,-456,-432,8,-456,-456,-456,12,-456,-456,-456,16,456,456,432,4,456,8,456,456,456,12,456,456,432,16,452,456
5462,0x55a1bd6793ad,R,0x7ffee78d5c8c,1,4,456,0,460,0,0,0,464,8,0,4,468,-20,0,4,472,-8,0,-24,0,-4,-448,20,0,-4,-444,-8,0,0,-440,0,0
5463,0x55a1bd6793ad,W,0x7ffee78d5c8c,1,0,456,0,0,-20,0,4,464,24,0,0,468,0,0,0,472,-8,-452,0,0,0,-448,0,0,0,-444,-24,0,-4,-440,20,0
5465,0x55a1bd6793b1,R,0x7ffee78d5c84,1,-8,-8,-4,-8,-28,452,-8,456,-8,-8,0,460,-4,-8,-28,464,-16,-444,4,8,28,-440,4,8,0,-436,8,8,8,-432,8,8
5467,0x55a1bd6793b4,R,0x7ffee78d5c74,1,-16,-24,-20,432,-24,436,-24,-24,-20,-24,0,444,-24,-24,-24,448,24,-428,24,24,24,-424,24,24,0,-420,20,24,44,-416,24,-412
5470,0x55a1bd6793b9,R,0x7ffee78d5c8c,1,24,0,0,456,0,0,-20,0,4,464,0,468,8,0,4,472,-4,-452,20,0,-4,-448,-8,0,0,-444,0,0,20,0,-4,-436
5475,0x55a1bd67938a,R,0x7ffee78d5c88,1,-4,-4,4,452,0,-4,-24,456,-4,460,-4,-4,20,-4,-4,468,4,-448,4,4,4,-444,-20,4,0,-440,4,-436,4,4,0,4
5477,0x55a1bd67938d,R,0x7ffee78d5c8c,1,4,0,24,456,0,0,0,460,0,0,4,0,24,468,8,472,20,-452,-4,0,-8,-448,0,0,-4,0,20,-440,0,-436,0,0
5480,0x55a1bd679393,R,0x7ffee78d5ca0,1,20,20,20,476,28,20,24,480,0,20,24,484,20,488,28,20,-20,-472,-20,-20,-44,-468,-20,-464,-20,-20,0,-20,-24,-456,-28,-20
5482,0x55a1bd679397,R,0x7ffee78d5c8c,1,-20,0,4,456,24,0,0,460,0,0,0,464,0,0,24,0,-4,-452,-8,0,-24,0,-4,-444,0,-440,0,0,0,-436,-24,0
5485,0x55a1bd67939d,R,0x7ffee78d5c88,1,-4,-4,-4,452,-4,-4,4,456,0,-4,-24,460,0,-4,20,464,4,-448,-4,-444,4,4,0,4,24,-436,0,4,-4,-432,4,4
5490,0x55a1bd6793aa,W,0x7ffee78d5ac8,1,-448,-452,-472,4,-448,-452,-428,8,-452,-452,-452,12,-452,-452,-452,16,452,452,428,4,452,8,452,452,452,12,452,452,428,16,448,452
5492,0x55a1bd6793ad,R,0x7ffee78d5c8c,1,4,452,0,456,0,0,0,460,8,0,4,464,-20,0,4,468,-8,0,-24,0,-4,-444,20,0,-4,-440,-8,0,0,-436,0,0
5493,0x55a1bd6793ad,W,0x7ffee78d5c8c,1,0,452,0,0,-20,0,4,460,24,0,0,464,0,0,0,468,-8,-448,0,0,0,-444,0,0,0,-440,-24,0,-4,-436,20,0
5495,0x55a1bd6793b1,R,0x7ffee78d5c84,1,-8,-8,-4,-8,-28,448,-8,452,-8,-8,0,456,-4,-8,-28,460,-16,-440,4,8,28,-436,4,8,0,-432,8,8,8,-428,8,8
5497,0x55a1bd6793b4,R,0x7ffee78d5c74,1,-16,-24,-20,428,-24,432,-24,-24,-20,-24,0,440,-24,-24,-24,444,24,-424,24,24,24,-420,24,24,0,-416,20,24,44,-412,24,-408
5500,0x55a1bd6793b9,R,0x7ffee78d5c8c,1,24,0,0,452,0,0,-20,0,4,460,0,464,8,0,4,468,-4,-448,20,0,-4,-444,-8,0,0,-440,0,0,20,0,-4,-432
5505,0x55a1bd67938a,R,0x7ffee78d5c88,1,-4,-4,4,448,0,-4,-24,452,-4,456,-4,-4,20,-4,-4,464,4,-444,4,4,4,-440,-20,4,0,-436,4,-432,4,4,0,4
5507,0x55a1bd67938d,R,0x7ffee78d5c8c,1,4,0,24,452,0,0,0,456,0,0,4,0,24,464,8,468,20,-448,-4,0,-8,-444,0,0,-4,0,20,-436,0,-432,0,0
5510,0x55a1bd679393,R,0x7ffee78d5ca0,1,20,20,20,472,28,20,24,476,0,20,24,480,20,484,28,20,-20,-468,-20,-20,-44,-464,-20,-460,-20,-20,0,-20,-24,-452,-28,-20
5512,0x55a1bd679397,R,0x7ffee78d5c8c,1,-20,0,4,452,24,0,0,456,0,0,0,460,0,0,24,0,-4,-448,-8,0,-24,0,-4,-440,0,-436,0,0,0,-432,-24,0
5515,0x55a1bd67939d,R,0x7ffee78d5c88,1,-4,-4,-4,448,-4,-4,4,452,0,-4,-24,456,0,-4,20,460,4,-444,-4,-440,4,4,0,4,24,-432,0,4,-4,-428,4,4
5520,0x55a1bd6793aa,W,0x7ffee78d5acc,1,-444,-448,-468,4,-444,-448,-424,8,-448,-448,-448,12,-448,-448,-448,16,448,448,424,4,448,8,448,448,448,12,448,448,424,16,444,448
5522,0x55a1bd6793ad,R,0x7ffee78d5c8c,1,4,448,0,452,0,0,0,456,8,0,4,460,-20,0,4,464,-8,0,-24,0,-4,-440,20,0,-4,-436,-8,0,0,-432,0,0
5523,0x55a1bd6793ad,W,0x7ffee78d5c8c,1,0,448,0,0,-20,0,4,456,24,0,0,460,0,0,0,464,-8,-444,0,0,0,-440,0,0,0,-436,-24,0,-4,-432,20,0
5525,0x55a1bd6793b1,R,0x7ffee78d5c84,1,-8,-8,-4,-8,-28,444,-8,448,-8,-8,0,452,-4,-8,-28,456,-16,-436,4,8,28,-432,4,8,0,-428,8,8,8,-424,8,8
5527,0x55a1bd6793b4,R,0x7ffee78d5c74,1,-16,-24,-20,424,-24,428,-24,-24,-20,-24,0,436,-24,-24,-24,440,24,-420,24,24,24,-416,24,24,0,-412,20,24,44,-408,24,-404
5530,0x55a1bd6793b9,R,0x7ffee78d5c8c,1,24,0,0,448,0,0,-20,0,4,456,0,460,8,0,4,464,-4,-444,20,0,-4,-440,-8,0,0,-436,0,0,20,0,-4,-428
5535,0x55a1bd67938a,R,0x7ffee78d5c88,1,-4,-4,4,444,0,-4,-24,448,-4,452,-4,-4,20,-4,-4,460,4,-440,4,4,4,-436,-20,4,0,-432,4,-428,4,4,0,4
5537,0x55a1bd67938d,R,0x7ffee78d5c8c,1,4,0,24,448,0,0,0,452,0,0,4,0,24,460,8,464,20,-444,-4,0,-8,-440,0,0,-4,0,20,-432,0,-428,0,0
5540,0x55a1bd679393,R,0x7ffee78d5ca0,1,20,20,20,468,28,20,24,472,0,20,24,476,20,480,28,20,-20,-464,-20,-20,-44,-460,-20,-456,-20,-20,0,-20,-24,-448,-28,-20
5542,0x55a1bd679397,R,0x7ffee78d5c8c,1,-20,0,4,448,24,0,0,452,0,0,0,456,0,0,24,0,-4,-444,-8,0,-24,0,-4,-436,0,-432,0,0,0,-428,-24,0
5545,0x55a1bd67939d,R,0x7ffee78d5c88,1,-4,-4,-4,444,-4,-4,4,448,0,-4,-24,452,0,-4,20,456,4,-440,-4,-436,4,4,0,4,24,-428,0,4,-4,-424,4,4
5550,0x55a1bd6793aa,W,0x7ffee78d5ad0,1,-440,-444,-464,4,-440,-444,-420,8,-444,-444,-444,12,-444,-444,-444,16,444,444,420,4,444,8,444,444,444,12,444,444,420,16,440,444
5552,0x55a1bd6793ad,R,0x7ffee78d5c8c,1,4,444,0,448,0,0,0,452,8,0,4,456,-20,0,4,460,-8,0,-24,0,-4,-436,20,0,-4,-432,-8,0,0,-428,0,0
5553,0x55a1bd6793ad,W,0x7ffee78d5c8c,1,0,444,0,0,-20,0,4,452,24,0,0,456,0,0,0,460,-8,-440,0,0,0,-436,0,0,0,-432,-24,0,-4,-428,20,0
5555,0x55a1bd6793b1,R,0x7ffee78d5c84,1,-8,-8,-4,-8,-28,440,-8,444,-8,-8,0,448,-4,-8,-28,452,-16,-432,4,8,28,-428,4,8,0,-424,8,8,8,-420,8,8
5557,0x55a1bd6793b4,R,0x7ffee78d5c74,1,-16,-24,-20,420,-24,424,-24,-24,-20,-24,0,432,-24,-24,-24,436,24,-416,24,24,24,-412,24,24,0,-408,20,24,44,-404,24,-400
5560,0x55a1bd6793b9,R,0x7ffee78d5c8c,1,24,0,0,444,0,0,-20,0,4,452,0,456,8,0,4,460,-4,-440,20,0,-4,-436,-8,0,0,-432,0,0,20,0,-4,-424
5565,0x55a1bd67938a,R,0x7ffee78d5c88,1,-4,-4,4,440,0,-4,-24,444,-4,448,-4,-4,20,-4,-4,456,4,-436,4,4,4,-432,-20,4,0,-428,4,-424,4,4,0,4
5567,0x55a1bd67938d,R,0x7ffee78d5c8c,1,4,0,24,444,0,0,0,448,0,0,4,0,24,456,8,460,20,-440,-4,0,-8,-436,0,0,-4,0,20,-428,0,-424,0,0
5570,0x55a1bd679393,R,0x7ffee78d5ca0,1,20,20,20,464,28,20,24,468,0,20,24,472,20,476,28,20,-20,-460,-20,-20,-44,-456,-20,-452,-20,-20,0,-20,-24,-444,-28,-20
5572,0x55a1bd679397,R,0x7ffee78d5c8c,1,-20,0,4,444,24,0,0,448,0,0,0,452,0,0,24,0,-4,-440,-8,0,-24,0,-4,-432,0,-428,0,0,0,-424,-24,0
5575,0x55a1bd67939d,R,0x7ffee78d5c88,1,-4,-4,-4,440,-4,-4,4,444,0,-4,-24,448,0,-4,20,452,4,-436,-4,-432,4,4,0,4,24,-424,0,4,-4,-420,4,4
5580,0x55a1bd6793aa,W,0x7ffee78d5ad4,1,-436,-440,-460,4,-436,-440,-416,8,-440,-440,-440,12,-440,-440,-440,16,440,440,416,4,440,8,440,440,440,12,440,440,416,16,436,440
5582,0x55a1bd6793ad,R,0x7ffee78d5c8c,1,4,440,0,444,0,0,0,448,8,0,4,452,-20,0,4,456,-8,0,-24,0,-4,-432,20,0,-4,-428,-8,0,0,-424,0,0
5583,0x55a1bd6793ad,W,0x7ffee78d5c8c,1,0,440,0,0,-20,0,4,448,24,0,0,452,0,0,0,456,-8,-436,0,0,0,-432,0,0,0,-428,-24,0,-4,-424,20,0
5585,0x55a1bd6793b1,R,0x7ffee78d5c84,1,-8,-8,-4,-8,-28,436,-8,440,-8,-8,0,444,-4,-8,-28,448,-16,-428,4,8,28,-424,4,8,0,-420,8,8,8,-416,8,8
5587,0x55a1bd6793b4,R,0x7ffee78d5c74,1,-16,-24,-20,416,-24,420,-24,-24,-20,-24,0,428,-24,-24,-24,432,24,-412,24,24,24,-408,24,24,0,-404,20,24,44,-400,24,-396
5590,0x55a1bd6793b9,R,0x7ffee78d5c8c,1,24,0,0,440,0,0,-20,0,4,448,0,452,8,0,4,456,-4,-436,20,0,-4,-432,-8,0,0,-428,0,0,20,0,-4,-420
5595,0x55a1bd67938a,R,0x7ffee78d5c88,1,-4,-4,4,436,0,-4,-24,440,-4,444,-4,-4,20,-4,-4,452,4,-432,4,4,4,-428,-20,4,0,-424,4,-420,4,4,0,4
5597,0x55a1bd67938d,R,0x7ffee78d5c8c,1,4,0,24,440,0,0,0,444,0,0,4,0,24,452,8,456,20,-436,-4,0,-8,-432,0,0,-4,0,20,-424,0,-420,0,0
5600,0x55a1bd679393,R,0x7ffee78d5ca0,1,20,20,20,460,28,20,24,464,0,20,24,468,20,472,28,20,-20,-456,-20,-20,-44,-452,-20,-448,-20,-20,0,-20,-24,-440,-28,-20
5602,0x55a1bd679397,R,0x7ffee78d5c8c,1,-20,0,4,440,24,0,0,444,0,0,0,448,0,0,24,0,-4,-436,-8,0,-24,0,-4,-428,0,-424,0,0,0,-420,-24,0
5605,0x55a1bd67939d,R,0x7ffee78d5c88,1,-4,-4,-4,436,-4,-4,4,440,0,-4,-24,444,0,-4,20,448,4,-432,-4,-428,4,4,0,4,24,-420,0,4,-4,-416,4,4
5610,0x55a1bd6793aa,W,0x7ffee78d5ad8,1,-432,-436,-456,4,-432,-436,-412,8,-436,-436,-436,12,-436,-436,-436,16,436,436,412,4,436,8,436,436,436,12,436,436,412,16,432,436
5612,0x55a1bd6793ad,R,0x7ffee78d5c8c,1,4,436,0,440,0,0,0,444,8,0,4,448,-20,0,4,452,-8,0,-24,0,-4,-428,20,0,-4,-424,-8,0,0,-420,0,0
5613,0x55a1bd6793ad,W,0x7ffee78d5c8c,1,0,436,0,0,-20,0,4,444,24,0,0,448,0,0,0,452,-8,-432,0,0,0,-428,0,0,0,-424,-24,0,-4,-420,20,0
5615,0x55a1bd6793b1,R,0x7ffee78d5c84,1,-8,-8,-4,-8,-28,432,-8,436,-8,-8,0,440,-4,-8,-28,444,-16,-424,4,8,28,-420,4,8,0,-416,8,8,8,-412,8,8
5617,0x55a1bd6793b4,R,0x7ffee78d5c74,1,-16,-24,-20,412,-24,416,-24,-24,-20,-24,0,424,-24,-24,-24,428,24,-408,24,24,24,-404,24,24,0,-400,20,24,44,-396,24,-392
5620,0x55a1bd6793b9,R,0x7ffee78d5c8c,1,24,0,0,436,0,0,-20,0,4,444,0,448,8,0,4,452,-4,-432,20,0,-4,-428,-8,0,0,-424,0,0,20,0,-4,-416
5625,0x55a1bd67938a,R,0x7ffee78d5c88,1,-4,-4,4,432,0,-4,-24,436,-4,440,-4,-4,20,-4,-4,448,4,-428,4,4,4,-424,-20,4,0,-420,4,-416,4,4,0,4
5627,0x55a1bd67938d,R,0x7ffee78d5c8c,1,4,0,24,436,0,0,0,440,0,0,4,0,24,448,8,452,20,-432,-4,0,-8,-428,0,0,-4,0,20,-420,0,-416,0,0
5630,0x55a1bd679393,R,0x7ffee78d5ca0,1,20,20,20,456,28,20,24,460,0,20,24,464,20,468,28,20,-20,-452,-20,-20,-44,-448,-20,-444,-20,-20,0,-20,-24,-436,-28,-20
5632,0x55a1bd679397,R,0x7ffee78d5c8c,1,-20,0,4,436,24,0,0,440,0,0,0,444,0,0,24,0,-4,-432,-8,0,-24,0,-4,-424,0,-420,0,0,0,-416,-24,0
5635,0x55a1bd67939d,R,0x7ffee78d5c88,1,-4,-4,-4,432,-4,-4,4,436,0,-4,-24,440,0,-4,20,444,4,-428,-4,-424,4,4,0,4,24,-416,0,4,-4,-412,4,4
5640,0x55a1bd6793aa,W,0x7ffee78d5adc,1,-428,-432,-452,4,-428,-432,-408,8,-432,-432,-432,12,-432,-432,-432,16,432,432,408,4,432,8,432,432,432,12,432,432,408,16,428,432
5642,0x55a1bd6793ad,R,0x7ffee78d5c8c,1,4,432,0,436,0,0,0,440,8,0,4,444,-20,0,4,448,-8,0,-24,0,-4,-424,20,0,-4,-420,-8,0,0,-416,0,0
5643,0x55a1bd6793ad,W,0x7ffee78d5c8c,1,0,432,0,0,-20,0,4,440,24,0,0,444,0,0,0,448,-8,-428,0,0,0,-424,0,0,0,-420,-24,0,-4,-416,20,0
5645,0x55a1bd6793b1,R,0x7ffee78d5c84,1,-8,-8,-4,-8,-28,428,-8,432,-8,-8,0,436,-4,-8,-28,440,-16,-420,4,8,28,-416,4,8,0,-412,8,8,8,-408,8,8
5647,0x55a1bd6793b4,R,0x7ffee78d5c74,1,-16,-24,-20,408,-24,412,-24,-24,-20,-24,0,420,-24,-24,-24,424,24,-404,24,24,24,-400,24,24,0,-396,20,24,44,-392,24,20
5650,0x55a1bd6793b9,R,0x7ffee78d5c8c,1,24,0,0,432,0,0,-20,0,4,440,0,444,8,0,4,448,-4,-428,20,0,-4,-424,-8,0,0,-420,0,0,20,0,-4,-4
5655,0x55a1bd67938a,R,0x7ffee78d5c88,1,-4,-4,4,428,0,-4,-24,432,-4,436,-4,-4,20,-4,-4,444,4,-424,4,4,4,-420,-20,4,0,-416,4,-412,4,4,0,4
5657,0x55a1bd67938d,R,0x7ffee78d5c8c,1,4,0,24,432,0,0,0,436,0,0,4,0,24,444,8,448,20,-428,-4,0,-8,-424,0,0,-4,0,20,-416,0,-4,0,0
5660,0x55a1bd679393,R,0x7ffee78d5ca0,1,20,20,20,452,28,20,24,456,0,20,24,460,20,464,28,20,-20,-448,-20,-20,-44,-444,-20,-440,-20,-20,0,-20,-24,-24,-28,-20
5662,0x55a1bd679397,R,0x7ffee78d5c8c,1,-20,0,4,432,24,0,0,436,0,0,0,440,0,0,24,0,-4,-428,-8,0,-24,0,-4,-420,0,-416,0,0,0,-4,-24,0
5665,0x55a1bd67939d,R,0x7ffee78d5c88,1,-4,-4,-4,428,-4,-4,4,432,0,-4,-24,436,0,-4,20,440,4,-424,-4,-420,4,4,0,4,24,-412,0,4,-4,0,4,4
5670,0x55a1bd6793aa,W,0x7ffee78d5ae0,1,-424,-428,-448,4,-424,-428,-404,8,-428,-428,-428,12,-428,-428,-428,16,428,428,404,4,428,8,428,428,428,12,428,428,404,424,424,428
5672,0x55a1bd6793ad,R,0x7ffee78d5c8c,1,4,428,0,432,0,0,0,436,8,0,4,440,-20,0,4,444,-8,0,-24,0,-4,-420,20,0,-4,-416,-8,0,0,-4,0,0
5673,0x55a1bd6793ad,W,0x7ffee78d5c8c,1,0,428,0,0,-20,0,4,436,24,0,0,440,0,0,0,444,-8,-424,0,0,0,-420,0,0,0,-416,-24,0,-4,-4,20,0
5675,0x55a1bd6793b1,R,0x7ffee78d5c84,1,-8,-8,-4,-8,-28,424,-8,428,-8,-8,0,432,-4,-8,-28,436,-16,-416,4,8,28,-412,4,8,0,-408,8,8,8,4,8,8
5677,0x55a1bd6793b4,R,0x7ffee78d5c74,1,-16,-24,-20,404,-24,408,-24,-24,-20,-24,0,416,-24,-24,-24,420,24,-400,24,24,24,-396,24,24,0,-392,20,24,44,20,24,-388
5680,0x55a1bd6793b9,R,0x7ffee78d5c8c,1,24,0,0,428,0,0,-20,0,4,436,0,440,8,0,4,444,-4,-424,20,0,-4,-420,-8,0,0,-416,0,0,20,0,-4,-412
5685,0x55a1bd67938a,R,0x7ffee78d5c88,1,-4,-4,4,424,0,-4,-24,428,-4,432,-4,-4,20,-4,-4,440,4,-420,4,4,4,-416,-20,4,0,-412,4,0,4,4,0,4
5687,0x55a1bd67938d,R,0x7ffee78d5c8c,1,4,0,24,428,0,0,0,432,0,0,4,0,24,440,8,444,20,-424,-4,0,-8,-420,0,0,-4,0,20,-4,0,-412,0,0
5690,0x55a1bd679393,R,0x7ffee78d5ca0,1,20,20,20,448,28,20,24,452,0,20,24,456,20,460,28,20,-20,-444,-20,-20,-44,-440,-20,-436,-20,-20,0,-20,-24,-432,-28,-20
5692,0x55a1bd679397,R,0x7ffee78d5c8c,1,-20,0,4,428,24,0,0,432,0,0,0,436,0,0,24,0,-4,-424,-8,0,-24,0,-4,-416,0,-4,0,0,0,-412,-24,0
5695,0x55a1bd67939d,R,0x7ffee78d5c88,1,-4,-4,-4,424,-4,-4,4,428,0,-4,-24,432,0,-4,20,436,4,-420,-4,-416,4,4,0,4,24,0,0,4,-4,-408,4,4
5700,0x55a1bd6793aa,W,0x7ffee78d5ae4,1,-420,-424,-444,4,-420,-424,-400,8,-424,-424,-424,12,-424,-424,-424,16,424,424,400,4,424,8,424,424,424,420,424,424,400,12,420,424
5702,0x55a1bd6793ad,R,0x7ffee78d5c8c,1,4,424,0,428,0,0,0,432,8,0,4,436,-20,0,4,440,-8,0,-24,0,-4,-416,20,0,-4,-4,-8,0,0,-412,0,0
5703,0x55a1bd6793ad,W,0x7ffee78d5c8c,1,0,424,0,0,-20,0,4,432,24,0,0,436,0,0,0,440,-8,-420,0,0,0,-416,0,0,0,-4,-24,0,-4,-412,20,0
5705,0x55a1bd6793b1,R,0x7ffee78d5c84,1,-8,-8,-4,-8,-28,420,-8,424,-8,-8,0,428,-4,-8,-28,432,-16,-412,4,8,28,-408,4,8,0,4,8,8,8,-404,8,8
5707,0x55a1bd6793b4,R,0x7ffee78d5c74,1,-16,-24,-20,400,-24,404,-24,-24,-20,-24,0,412,-24,-24,-24,416,24,-396,24,24,24,-392,24,24,0,20,20,24,44,-388,24,-384
5710,0x55a1bd6793b9,R,0x7ffee78d5c8c,1,24,0,0,424,0,0,-20,0,4,432,0,436,8,0,4,440,-4,-420,20,0,-4,-416,-8,0,0,-4,0,0,20,0,-4,-408
5715,0x55a1bd67938a,R,0x7ffee78d5c88,1,-4,-4,4,420,0,-4,-24,424,-4,428,-4,-4,20,-4,-4,436,4,-416,4,4,4,-412,-20,4,0,0,4,-408,4,4,0,4
5717,0x55a1bd67938d,R,0x7ffee78d5c8c,1,4,0,24,424,0,0,0,428,0,0,4,0,24,436,8,440,20,-420,-4,0,-8,-416,0,0,-4,0,20,-412,0,-408,0,0
5720,0x55a1bd679393,R,0x7ffee78d5ca0,1,20,20,20,444,28,20,24,448,0,20,24,452,20,456,28,20,-20,-440,-20,-20,-44,-436,-20,-24,-20,-20,0,-20,-24,-428,-28,-20
5722,0x55a1bd679397,R,0x7ffee78d5c8c,1,-20,0,4,424,24,0,0,428,0,0,0,432,0,0,24,0,-4,-420,-8,0,-24,0,-4,-4,0,-412,0,0,0,-408,-24,0
5725,0x55a1bd67939d,R,0x7ffee78d5c88,1,-4,-4,-4,420,-4,-4,4,424,0,-4,-24,428,0,-4,20,432,4,-416,-4,-412,4,4,0,4,24,-408,0,4,-4,-404,4,4
5730,0x55a1bd6793aa,W,0x7ffee78d5ae8,1,-416,-420,-440,4,-416,-420,-396,8,-420,-420,-420,12,-420,-420,-420,16,420,420,396,4,420,416,420,420,420,8,420,420,396,12,416,420
5732,0x55a1bd6793ad,R,0x7ffee78d5c8c,1,4,420,0,424,0,0,0,428,8,0,4,432,-20,0,4,436,-8,0,-24,0,-4,-4,20,0,-4,-412,-8,0,0,-408,-12,0
5733,0x55a1bd6793ad,W,0x7ffee78d5c8c,1,0,420,0,0,-20,0,4,428,24,0,0,432,0,0,0,436,-8,-416,0,0,0,-4,0,0,0,-412,-24,0,-4,-408,-24,0
5735,0x55a1bd6793b1,R,0x7ffee78d5c84,1,-8,-8,-4,-8,-28,416,-8,420,-8,-8,0,424,-4,-8,-28,428,-16,-408,4,8,28,4,4,8,0,-404,8,8,-4,-400,4,8
5737,0x55a1bd6793b4,R,0x7ffee78d5c74,1,-16,-24,-20,396,-24,400,-24,-24,-20,-24,0,408,-24,-24,-24,412,24,-392,24,24,24,20,24,24,0,-388,20,24,0,-384,20,-380
5740,0x55a1bd6793b9,R,0x7ffee78d5c8c,1,24,0,0,420,0,0,-20,0,4,428,0,432,8,0,4,436,-4,-416,20,0,-4,-4,-8,0,0,-412,-12,0,-24,0,-8,-404
5745,0x55a1bd67938a,R,0x7ffee78d5c88,1,-4,-4,4,416,0,-4,-24,420,-4,424,-4,-4,20,-4,-4,432,4,-412,4,4,4,0,-20,4,0,-408,-8,-404,0,4,-4,4
5747,0x55a1bd67938d,R,0x7ffee78d5c8c,1,4,0,24,420,0,0,0,424,0,0,4,0,24,432,8,436,20,-416,-4,0,-8,-4,0,0,-4,0,-24,-408,-4,-404,-8,0
5750,0x55a1bd679393,R,0x7ffee78d5ca0,1,20,20,20,440,28,20,24,444,0,20,24,448,20,452,28,20,-20,-436,-20,-20,-44,-24,-20,-432,-32,-20,-44,-20,-28,-424,-44,-20
5752,0x55a1bd679397,R,0x7ffee78d5c8c,1,-20,0,4,420,24,0,0,424,0,0,0,428,0,0,24,0,-4,-416,-8,0,-24,0,-4,-412,-12,-408,-4,0,-8,-404,0,0
5755,0x55a1bd67939d,R,0x7ffee78d5c88,1,-4,-4,-4,416,-4,-4,4,420,0,-4,-24,424,0,-4,20,428,4,-412,-4,0,4,4,0,4,-20,-404,-4,4,-20,-400,0,4
5760,0x55a1bd6793aa,W,0x7ffee78d5aec,1,-412,-416,-436,4,-412,-416,-392,8,-416,-416,-416,12,-416,-416,-416,16,416,416,392,412,416,4,404,416,412,8,408,416,416,12,412,16
5762,0x55a1bd6793ad,R,0x7ffee78d5c8c,1,4,416,0,420,0,0,0,424,8,0,4,428,-20,0,4,432,-8,0,-24,0,-4,-412,-24,0,-8,-408,-24,0,0,0,0,-400
5763,0x55a1bd6793ad,W,0x7ffee78d5c8c,1,0,416,0,0,-20,0,4,424,24,0,0,428,0,0,0,432,-8,-4,0,0,-12,-412,-4,0,-8,-408,-24,-404,-4,0,20,-400
5765,0x55a1bd6793b1,R,0x7ffee78d5c84,1,-8,-8,-4,-8,-28,412,-8,416,-8,-8,0,420,-4,-8,-28,424,-16,4,4,8,-16,-404,0,8,0,8,8,-396,8,8,8,-392
5767,0x55a1bd6793b4,R,0x7ffee78d5c74,1,-16,-24,-20,392,-24,396,-24,-24,-20,-24,0,404,-24,-24,-24,408,24,20,12,24,20,-388,16,-384,0,24,20,-380,44,24,20,-376
5770,0x55a1bd6793b9,R,0x7ffee78d5c8c,1,24,0,0,416,0,0,-20,0,4,424,0,428,8,0,4,432,-4,-4,-24,0,-4,0,-8,-408,0,0,0,-404,0,0,-4,0
5773,0x55a1bd6793be,R,0x7ffee78d5c88,1,-4,-4,4,412,0,-4,-24,416,-4,420,-4,-4,20,-4,-4,428,-8,0,-20,-408,-4,4,-20,-404,0,4,24,-400,4,-396,4,4
5774,0x55a1bd6793be,W,0x7ffee78d5c88,1,0,-4,20,412,-4,-4,-4,416,-4,-4,0,-4,20,424,4,428,-8,4,0,-408,-4,4,4,-404,4,4,24,4,0,-396,-4,4
5776,0x55a1bd6793c2,R,0x7ffee78d5c80,1,-8,-8,-12,404,-4,-12,-8,408,-32,-12,-8,412,-12,416,-4,-12,-12,12,4,-400,-12,12,8,-396,12,-392,12,12,12,-388,-12,12
5778,0x55a1bd6793c5,R,0x7ffee78d5c74,1,-12,-20,-24,-24,0,-24,-24,396,-24,-24,-24,400,-24,-24,0,-24,20,24,16,-388,24,24,20,24,44,-380,20,24,16,-376,24,24
5781,0x55a1bd6793ca,R,0x7ffee78d5c88,1,20,0,0,-4,20,412,4,416,0,-4,-24,420,0,-4,20,424,-4,4,-20,-408,4,-404,4,4,4,-400,4,4,-20,-396,0,4
5784,0x55a1bd67937b,R,0x7ffee78d5c84,1,-4,-4,4,-8,-8,408,0,-8,-8,-8,-8,416,-8,-8,-8,420,0,8,-16,8,4,-400,28,8,4,-396,0,8,8,-392,8,8
5786,0x55a1bd67937e,W,0x7ffee78d5c8c,1,8,4,24,0,4,416,24,0,0,420,4,424,-20,0,4,428,-8,-412,0,0,0,-408,0,0,0,-404,-24,0,-4,-400,20,0
5789,0x55a1bd6793b1,R,0x7ffee78d5c84,1,0,-8,-4,-8,4,408,-8,-8,0,412,-4,-8,-8,-8,-8,420,-16,-404,4,8,28,-400,4,8,0,-396,8,8,8,-392,8,8
5791,0x55a1bd6793b4,R,0x7ffee78d5c74,1,-16,-24,-20,-20,0,392,-20,-24,0,396,-24,-24,-24,400,-44,404,24,-388,24,24,24,-384,24,24,0,-380,20,24,44,-376,24,-372
5794,0x55a1bd6793b9,R,0x7ffee78d5c8c,1,24,0,8,4,24,0,12,0,0,420,8,0,4,424,-20,0,-4,-412,20,0,-4,-408,-8,0,0,-404,0,0,20,0,-4,-396
5799,0x55a1bd67938a,R,0x7ffee78d5c88,1,-4,-4,4,0,0,-4,8,412,0,416,20,-4,-4,420,-4,-4,4,-408,4,4,4,-404,-20,4,0,-400,4,-396,4,4,0,4
5801,0x55a1bd67938d,R,0x7ffee78d5c8c,1,4,0,24,4,8,0,24,416,4,0,0,0,8,424,4,0,20,-412,-4,0,-8,-408,0,0,-4,0,20,-400,0,-396,0,0
5804,0x55a1bd679393,R,0x7ffee78d5ca0,1,20,20,20,24,28,20,24,436,32,20,20,440,44,444,20,20,-20,-432,-20,-20,-44,-428,-20,-424,-20,-20,0,-20,-24,-416,-28,-20
5806,0x55a1bd679397,R,0x7ffee78d5c8c,1,-20,0,4,4,24,0,8,416,24,0,4,420,24,0,8,0,-4,-412,-8,0,-24,0,-4,-404,0,-400,0,0,0,-396,-24,0
5809,0x55a1bd67939d,R,0x7ffee78d5c88,1,-4,-4,-4,0,-4,-4,4,412,0,-4,8,416,-4,-4,4,420,4,-408,-4,-404,4,4,0,4,24,-396,0,4,-4,-392,4,4
5814,0x55a1bd6793aa,W,0x7ffee78d5af0,1,-408,-412,-432,-408,-408,-412,-388,4,-404,-412,-388,8,-408,-412,-388,12,412,412,388,4,412,8,412,412,412,12,412,412,388,16,408,412
5816,0x55a1bd6793ad,R,0x7ffee78d5c8c,1,4,412,0,4,0,0,0,416,8,0,4,420,12,0,0,424,-8,0,-24,0,-4,-404,20,0,-4,-400,-8,0,0,-396,0,0
5817,0x55a1bd6793ad,W,0x7ffee78d5c8c,1,0,412,0,0,-20,0,4,416,24,0,8,420,24,0,4,424,-8,-408,0,0,0,-404,0,0,0,-400,-24,0,-4,-396,20,0
5819,0x55a1bd6793b1,R,0x7ffee78d5c84,1,-8,-8,-4,-8,-28,-4,-8,408,-8,-8,0,412,-4,-8,4,416,-16,-400,4,8,28,-396,4,8,0,-392,8,8,8,-388,8,8
5821,0x55a1bd6793b4,R,0x7ffee78d5c74,1,-16,-24,-20,388,-24,-20,-24,-24,-20,-24,0,396,-16,-24,0,400,24,-384,24,24,24,-380,24,24,0,-376,20,24,44,-372,24,-368
5824,0x55a1bd6793b9,R,0x7ffee78d5c8c,1,24,0,0,412,0,0,-20,0,4,416,0,420,8,0,4,424,-4,-408,20,0,-4,-404,-8,0,0,-400,0,0,20,0,-4,-392
5829,0x55a1bd67938a,R,0x7ffee78d5c88,1,-4,-4,4,408,0,-4,-24,0,-4,412,-4,-4,20,-4,4,420,4,-404,4,4,4,-400,-20,4,0,-396,4,-392,4,4,0,4
5831,0x55a1bd67938d,R,0x7ffee78d5c8c,1,4,0,24,412,0,0,0,4,0,0,4,0,24,420,8,424,20,-408,-4,0,-8,-404,0,0,-4,0,20,-396,0,-392,0,0
5834,0x55a1bd679393,R,0x7ffee78d5ca0,1,20,20,20,432,28,20,24,24,0,20,24,436,20,440,28,20,-20,-428,-20,-20,-44,-424,-20,-420,-20,-20,0,-20,-24,-412,-28,-20
5836,0x55a1bd679397,R,0x7ffee78d5c8c,1,-20,0,4,412,24,0,0,4,0,0,0,416,0,0,24,0,-4,-408,-8,0,-24,0,-4,-400,0,-396,0,0,0,-392,-24,0
5839,0x55a1bd67939d,R,0x7ffee78d5c88,1,-4,-4,-4,408,-4,-4,4,0,0,-4,-24,412,0,-4,20,416,4,-404,-4,-400,4,4,0,4,24,-392,0,4,-4,-388,4,4
5844,0x55a1bd6793aa,W,0x7ffee78d5af4,1,-404,-408,-428,4,-404,-408,-384,-404,-408,-408,-408,8,-408,-408,-408,12,408,408,384,4,408,8,408,408,408,12,408,408,384,16,404,408
5846,0x55a1bd6793ad,R,0x7ffee78d5c8c,1,4,408,0,412,0,0,0,4,8,0,4,416,-20,0,4,420,-8,0,-24,0,-4,-400,20,0,-4,-396,-8,0,0,-392,0,0
5847,0x55a1bd6793ad,W,0x7ffee78d5c8c,1,0,408,0,0,-20,0,4,4,24,0,0,416,0,0,0,420,-8,-404,0,0,0,-400,0,0,0,-396,-24,0,-4,-392,20,0
5849,0x55a1bd6793b1,R,0x7ffee78d5c84,1,-8,-8,-4,-8,-28,404,-8,-4,-8,-8,0,408,-4,-8,-28,412,-16,-396,4,8,28,-392,4,8,0,-388,8,8,8,-384,8,8
5851,0x55a1bd6793b4,R,0x7ffee78d5c74,1,-16,-24,-20,384,-24,388,-24,-24,-20,-24,0,392,-24,-24,-24,396,24,-380,24,24,24,-376,24,24,0,-372,20,24,44,-368,24,-364
5854,0x55a1bd6793b9,R,0x7ffee78d5c8c,1,24,0,0,408,0,0,-20,0,4,4,0,416,8,0,4,420,-4,-404,20,0,-4,-400,-8,0,0,-396,0,0,20,0,-4,-388
5859,0x55a1bd67938a,R,0x7ffee78d5c88,1,-4,-4,4,404,0,-4,-24,408,-4,0,-4,-4,20,-4,-4,416,4,-400,4,4,4,-396,-20,4,0,-392,4,-388,4,4,0,4
5861,0x55a1bd67938d,R,0x7ffee78d5c8c,1,4,0,24,408,0,0,0,412,0,0,4,0,24,416,8,420,20,-404,-4,0,-8,-400,0,0,-4,0,20,-392,0,-388,0,0
5864,0x55a1bd679393,R,0x7ffee78d5ca0,1,20,20,20,428,28,20,24,432,0,20,24,24,20,436,28,20,-20,-424,-20,-20,-44,-420,-20,-416,-20,-20,0,-20,-24,-408,-28,-20
5866,0x55a1bd679397,R,0x7ffee78d5c8c,1,-20,0,4,408,24,0,0,412,0,0,0,4,0,0,24,0,-4,-404,-8,0,-24,0,-4,-396,0,-392,0,0,0,-388,-24,0
5869,0x55a1bd67939d,R,0x7ffee78d5c88,1,-4,-4,-4,404,-4,-4,4,408,0,-4,-24,0,0,-4,20,412,4,-400,-4,-396,4,4,0,4,24,-388,0,4,-4,-384,4,4
5874,0x55a1bd6793aa,W,0x7ffee78d5af8,1,-400,-404,-424,4,-400,-404,-380,8,-404,-404,-404,-400,-404,-404,-404,12,404,404,380,4,404,8,404,404,404,12,404,404,380,16,400,404
5876,0x55a1bd6793ad,R,0x7ffee78d5c8c,1,4,404,0,408,0,0,0,412,8,0,4,4,-20,0,4,416,-8,0,-24,0,-4,-396,20,0,-4,-392,-8,0,0,-388,0,0
5877,0x55a1bd6793ad,W,0x7ffee78d5c8c,1,0,404,0,0,-20,0,4,412,24,0,0,4,0,0,0,416,-8,-400,0,0,0,-396,0,0,0,-392,-24,0,-4,-388,20,0
5879,0x55a1bd6793b1,R,0x7ffee78d5c84,1,-8,-8,-4,-8,-28,400,-8,404,-8,-8,0,-4,-4,-8,-28,408,-16,-392,4,8,28,-388,4,8,0,-384,8,8,8,-380,8,8
5881,0x55a1bd6793b4,R,0x7ffee78d5c74,1,-16,-24,-20,380,-24,384,-24,-24,-20,-24,0,-20,-24,-24,-24,392,24,-376,24,24,24,-372,24,24,0,-368,20,24,44,-364,24,-360
5884,0x55a1bd6793b9,R,0x7ffee78d5c8c,1,24,0,0,404,0,0,-20,0,4,412,0,4,8,0,4,416,-4,-400,20,0,-4,-396,-8,0,0,-392,0,0,20,0,-4,-384
5889,0x55a1bd67938a,R,0x7ffee78d5c88,1,-4,-4,4,400,0,-4,-24,404,-4,408,-4,-4,20,-4,-4,412,4,-396,4,4,4,-392,-20,4,0,-388,4,-384,4,4,0,4
5891,0x55a1bd67938d,R,0x7ffee78d5c8c,1,4,0,24,404,0,0,0,408,0,0,4,0,24,4,8,416,20,-400,-4,0,-8,-396,0,0,-4,0,20,-388,0,-384,0,0
5894,0x55a1bd679393,R,0x7ffee78d5ca0,1,20,20,20,424,28,20,24,428,0,20,24,432,20,24,28,20,-20,-420,-20,-20,-44,-416,-20,-412,-20,-20,0,-20,-24,-404,-28,-20
5896,0x55a1bd679397,R,0x7ffee78d5c8c,1,-20,0,4,404,24,0,0,408,0,0,0,412,0,0,24,0,-4,-400,-8,0,-24,0,-4,-392,0,-388,0,0,0,-384,-24,0
5899,0x55a1bd67939d,R,0x7ffee78d5c88,1,-4,-4,-4,400,-4,-4,4,404,0,-4,-24,408,0,-4,20,0,4,-396,-4,-392,4,4,0,4,24,-384,0,4,-4,-380,4,4
5904,0x55a1bd6793aa,W,0x7ffee78d5afc,1,-396,-400,-420,4,-396,-400,-376,8,-400,-400,-400,12,-400,-400,-400,-396,400,400,376,4,400,8,400,400,400,12,400,400,376,16,396,400
5906,0x55a1bd6793ad,R,0x7ffee78d5c8c,1,4,400,0,404,0,0,0,408,8,0,4,412,-20,0,4,4,-8,0,-24,0,-4,-392,20,0,-4,-388,-8,0,0,-384,0,0
5907,0x55a1bd6793ad,W,0x7ffee78d5c8c,1,0,400,0,0,-20,0,4,408,24,0,0,412,0,0,0,4,-8,-396,0,0,0,-392,0,0,0,-388,-24,0,-4,-384,20,0
5909,0x55a1bd6793b1,R,0x7ffee78d5c84,1,-8,-8,-4,-8,-28,396,-8,400,-8,-8,0,404,-4,-8,-28,-4,-16,-388,4,8,28,-384,4,8,0,-380,8,8,8,-376,8,8
5911,0x55a1bd6793b4,R,0x7ffee78d5c74,1,-16,-24,-20,376,-24,380,-24,-24,-20,-24,0,388,-24,-24,-24,-20,24,-372,24,24,24,-368,24,24,0,-364,20,24,44,-360,24,-356
5914,0x55a1bd6793b9,R,0x7ffee78d5c8c,1,24,0,0,400,0,0,-20,0,4,408,0,412,8,0,4,4,-4,-396,20,0,-4,-392,-8,0,0,-388,0,0,20,0,-4,-380
5919,0x55a1bd67938a,R,0x7ffee78d5c88,1,-4,-4,4,396,0,-4,-24,400,-4,404,-4,-4,20,-4,-4,0,4,-392,4,4,4,-388,-20,4,0,-384,4,-380,4,4,0,4
5921,0x55a1bd67938d,R,0x7ffee78d5c8c,1,4,0,24,400,0,0,0,404,0,0,4,0,24,412,8,4,20,-396,-4,0,-8,-392,0,0,-4,0,20,-384,0,-380,0,0
5924,0x55a1bd679393,R,0x7ffee78d5ca0,1,20,20,20,420,28,20,24,424,0,20,24,428,20,432,28,20,-20,-416,-20,-20,-44,-412,-20,-408,-20,-20,0,-20,-24,-400,-28,-20
5926,0x55a1bd679397,R,0x7ffee78d5c8c,1,-20,0,4,400,24,0,0,404,0,0,0,408,0,0,24,0,-4,-396,-8,0,-24,0,-4,-388,0,-384,0,0,0,-380,-24,0
5929,0x55a1bd67939d,R,0x7ffee78d5c88,1,-4,-4,-4,396,-4,-4,4,400,0,-4,-24,404,0,-4,20,408,4,-392,-4,-388,4,4,0,4,24,-380,0,4,-4,-376,4,4
5934,0x55a1bd6793aa,W,0x7ffee78d5b00,1,-392,-396,-416,4,-392,-396,-372,8,-396,-396,-396,12,-396,-396,-396,16,396,396,372,4,396,8,396,396,396,12,396,396,372,16,392,396
5936,0x55a1bd6793ad,R,0x7ffee78d5c8c,1,4,396,0,400,0,0,0,404,8,0,4,408,-20,0,4,412,-8,0,-24,0,-4,-388,20,0,-4,-384,-8,0,0,-380,0,0
5937,0x55a1bd6793ad,W,0x7ffee78d5c8c,1,0,396,0,0,-20,0,4,404,24,0,0,408,0,0,0,412,-8,-392,0,0,0,-388,0,0,0,-384,-24,0,-4,-380,20,0
5939,0x55a1bd6793b1,R,0x7ffee78d5c84,1,-8,-8,-4,-8,-28,392,-8,396,-8,-8,0,400,-4,-8,-28,404,-16,-384,4,8,28,-380,4,8,0,-376,8,8,8,-372,8,8
5941,0x55a1bd6793b4,R,0x7ffee78d5c74,1,-16,-24,-20,372,-24,376,-24,-24,-20,-24,0,384,-24,-24,-24,388,24,-368,24,24,24,-364,24,24,0,-360,20,24,44,-356,24,-352
5944,0x55a1bd6793b9,R,0x7ffee78d5c8c,1,24,0,0,396,0,0,-20,0,4,404,0,408,8,0,4,412,-4,-392,20,0,-4,-388,-8,0,0,-384,0,0,20,0,-4,-376
5949,0x55a1bd67938a,R,0x7ffee78d5c88,1,-4,-4,4,392,0,-4,-24,396,-4,400,-4,-4,20,-4,-4,408,4,-388,4,4,4,-384,-20,4,0,-380,4,-376,4,4,0,4
5951,0x55a1bd67938d,R,0x7ffee78d5c8c,1,4,0,24,396,0,0,0,400,0,0,4,0,24,408,8,412,20,-392,-4,0,-8,-388,0,0,-4,0,20,-380,0,-376,0,0
5954,0x55a1bd679393,R,0x7ffee78d5ca0,1,20,20,20,416,28,20,24,420,0,20,24,424,20,428,28,20,-20,-412,-20,-20,-44,-408,-20,-404,-20,-20,0,-20,-24,-396,-28,-20
5956,0x55a1bd679397,R,0x7ffee78d5c8c,1,-20,0,4,396,24,0,0,400,0,0,0,404,0,0,24,0,-4,-392,-8,0,-24,0,-4,-384,0,-380,0,0,0,-376,-24,0
5959,0x55a1bd67939d,R,0x7ffee78d5c88,1,-4,-4,-4,392,-4,-4,4,396,0,-4,-24,400,0,-4,20,404,4,-388,-4,-384,4,4,0,4,24,-376,0,4,-4,-372,4,4
5964,0x55a1bd6793aa,W,0x7ffee78d5b04,1,-388,-392,-412,4,-388,-392,-368,8,-392,-392,-392,12,-392,-392,-392,16,392,392,368,4,392,8,392,392,392,12,392,392,368,16,388,392
5966,0x55a1bd6793ad,R,0x7ffee78d5c8c,1,4,392,0,396,0,0,0,400,8,0,4,404,-20,0,4,408,-8,0,-24,0,-4,-384,20,0,-4,-380,-8,0,0,-376,0,0
5967,0x55a1bd6793ad,W,0x7ffee78d5c8c,1,0,392,0,0,-20,0,4,400,24,0,0,404,0,0,0,408,-8,-388,0,0,0,-384,0,0,0,-380,-24,0,-4,-376,20,0
5969,0x55a1bd6793b1,R,0x7ffee78d5c84,1,-8,-8,-4,-8,-28,388,-8,392,-8,-8,0,396,-4,-8,-28,400,-16,-380,4,8,28,-376,4,8,0,-372,8,8,8,-368,8,8
5971,0x55a1bd6793b4,R,0x7ffee78d5c74,1,-16,-24,-20,368,-24,372,-24,-24,-20,-24,0,380,-24,-24,-24,384,24,-364,24,24,24,-360,24,24,0,-356,20,24,44,-352,24,-348
5974,0x55a1bd6793b9,R,0x7ffee78d5c8c,1,24,0,0,392,0,0,-20,0,4,400,0,404,8,0,4,408,-4,-388,20,0,-4,-384,-8,0,0,-380,0,0,20,0,-4,-372
5979,0x55a1bd67938a,R,0x7ffee78d5c88,1,-4,-4,4,388,0,-4,-24,392,-4,396,-4,-4,20,-4,-4,404,4,-384,4,4,4,-380,-20,4,0,-376,4,-372,4,4,0,4
5981,0x55a1bd67938d,R,0x7ffee78d5c8c,1,4,0,24,392,0,0,0,396,0,0,4,0,24,404,8,408,20,-388,-4,0,-8,-384,0,0,-4,0,20,-376,0,-372,0,0
5984,0x55a1bd679393,R,0x7ffee78d5ca0,1,20,20,20,412,28,20,24,416,0,20,24,420,20,424,28,20,-20,-408,-20,-20,-44,-404,-20,-400,-20,-20,0,-20,-24,-392,-28,-20
5986,0x55a1bd679397,R,0x7ffee78d5c8c,1,-20,0,4,392,24,0,0,396,0,0,0,400,0,0,24,0,-4,-388,-8,0,-24,0,-4,-380,0,-376,0,0,0,-372,-24,0
5989,0x55a1bd67939d,R,0x7ffee78d5c88,1,-4,-4,-4,388,-4,-4,4,392,0,-4,-24,396,0,-4,20,400,4,-384,-4,-380,4,4,0,4,24,-372,0,4,-4,-368,4,4
5994,0x55a1bd6793aa,W,0x7ffee78d5b08,1,-384,-388,-408,4,-384,-388,-364,8,-388,-388,-388,12,-388,-388,-388,16,388,388,364,4,388,8,388,388,388,12,388,388,364,16,384,388
5996,0x55a1bd6793ad,R,0x7ffee78d5c8c,1,4,388,0,392,0,0,0,396,8,0,4,400,-20,0,4,404,-8,0,-24,0,-4,-380,20,0,-4,-376,-8,0,0,-372,0,0
5997,0x55a1bd6793ad,W,0x7ffee78d5c8c,1,0,388,0,0,-20,0,4,396,24,0,0,400,0,0,0,404,-8,-384,0,0,0,-380,0,0,0,-376,-24,0,-4,-372,20,0
5999,0x55a1bd6793b1,R,0x7ffee78d5c84,1,-8,-8,-4,-8,-28,384,-8,388,-8,-8,0,392,-4,-8,-28,396,-16,-376,4,8,28,-372,4,8,0,-368,8,8,8,-364,8,8
6001,0x55a1bd6793b4,R,0x7ffee78d5c74,1,-16,-24,-20,364,-24,368,-24,-24,-20,-24,0,376,-24,-24,-24,380,24,-360,24,24,24,-356,24,24,0,-352,20,24,44,-348,24,-344
6004,0x55a1bd6793b9,R,0x7ffee78d5c8c,1,24,0,0,388,0,0,-20,0,4,396,0,400,8,0,4,404,-4,-384,20,0,-4,-380,-8,0,0,-376,0,0,20,0,-4,-368
6009,0x55a1bd67938a,R,0x7ffee78d5c88,1,-4,-4,4,384,0,-4,-24,388,-4,392,-4,-4,20,-4,-4,400,4,-380,4,4,4,-376,-20,4,0,-372,4,-368,4,4,0,4
6011,0x55a1bd67938d,R,0x7ffee78d5c8c,1,4,0,24,388,0,0,0,392,0,0,4,0,24,400,8,404,20,-384,-4,0,-8,-380,0,0,-4,0,20,-372,0,-368,0,0
6014,0x55a1bd679393,R,0x7ffee78d5ca0,1,20,20,20,408,28,20,24,412,0,20,24,416,20,420,28,20,-20,-404,-20,-20,-44,-400,-20,-396,-20,-20,0,-20,-24,-388,-28,-20
6016,0x55a1bd679397,R,0x7ffee78d5c8c,1,-20,0,4,388,24,0,0,392,0,0,0,396,0,0,24,0,-4,-384,-8,0,-24,0,-4,-376,0,-372,0,0,0,-368,-24,0
6019,0x55a1bd67939d,R,0x7ffee78d5c88,1,-4,-4,-4,384,-4,-4,4,388,0,-4,-24,392,0,-4,20,396,4,-380,-4,-376,4,4,0,4,24,-368,0,4,-4,-364,4,4
6024,0x55a1bd6793aa,W,0x7ffee78d5b0c,1,-380,-384,-404,4,-380,-384,-360,8,-384,-384,-384,12,-384,-384,-384,16,384,384,360,4,384,8,384,384,384,12,384,384,360,16,380,384
6026,0x55a1bd6793ad,R,0x7ffee78d5c8c,1,4,384,0,388,0,0,0,392,8,0,4,396,-20,0,4,400,-8,0,-24,0,-4,-376,20,0,-4,-372,-8,0,0,-368,0,0
6027,0x55a1bd6793ad,W,0x7ffee78d5c8c,1,0,384,0,0,-20,0,4,392,24,0,0,396,0,0,0,400,-8,-380,0,0,0,-376,0,0,0,-372,-24,0,-4,-368,20,0
6029,0x55a1bd6793b1,R,0x7ffee78d5c84,1,-8,-8,-4,-8,-28,380,-8,384,-8,-8,0,388,-4,-8,-28,392,-16,-372,4,8,28,-368,4,8,0,-364,8,8,8,-360,8,8
6031,0x55a1bd6793b4,R,0x7ffee78d5c74,1,-16,-24,-20,360,-24,364,-24,-24,-20,-24,0,372,-24,-24,-24,376,24,-356,24,24,24,-352,24,24,0,-348,20,24,44,-344,24,-340
6034,0x55a1bd6793b9,R,0x7ffee78d5c8c,1,24,0,0,384,0,0,-20,0,4,392,0,396,8,0,4,400,-4,-380,20,0,-4,-376,-8,0,0,-372,0,0,20,0,-4,-364
6039,0x55a1bd67938a,R,0x7ffee78d5c88,1,-4,-4,4,380,0,-4,-24,384,-4,388,-4,-4,20,-4,-4,396,4,-376,4,4,4,-372,-20,4,0,-368,4,-364,4,4,0,4
6041,0x55a1bd67938d,R,0x7ffee78d5c8c,1,4,0,24,384,0,0,0,388,0,0,4,0,24,396,8,400,20,-380,-4,0,-8,-376,0,0,-4,0,20,-368,0,-364,0,0
6044,0x55a1bd679393,R,0x7ffee78d5ca0,1,20,20,20,404,28,20,24,408,0,20,24,412,20,416,28,20,-20,-400,-20,-20,-44,-396,-20,-392,-20,-20,0,-20,-24,-384,-28,-20
6046,0x55a1bd679397,R,0x7ffee78d5c8c,1,-20,0,4,384,24,0,0,388,0,0,0,392,0,0,24,0,-4,-380,-8,0,-24,0,-4,-372,0,-368,0,0,0,-364,-24,0
6049,0x55a1bd67939d,R,0x7ffee78d5c88,1,-4,-4,-4,380,-4,-4,4,384,0,-4,-24,388,0,-4,20,392,4,-376,-4,-372,4,4,0,4,24,-364,0,4,-4,-360,4,4
6054,0x55a1bd6793aa,W,0x7ffee78d5b10,1,-376,-380,-400,4,-376,-380,-356,8,-380,-380,-380,12,-380,-380,-380,16,380,380,356,4,380,8,380,380,380,12,380,380,356,16,376,380
6056,0x55a1bd6793ad,R,0x7ffee78d5c8c,1,4,380,0,384,0,0,0,388,8,0,4,392,-20,0,4,396,-8,0,-24,0,-4,-372,20,0,-4,-368,-8,0,0,-364,0,0
6057,0x55a1bd6793ad,W,0x7ffee78d5c8c,1,0,380,0,0,-20,0,4,388,24,0,0,392,0,0,0,396,-8,-376,0,0,0,-372,0,0,0,-368,-24,0,-4,-364,20,0
6059,0x55a1bd6793b1,R,0x7ffee78d5c84,1,-8,-8,-4,-8,-28,376,-8,380,-8,-8,0,384,-4,-8,-28,388,-16,-368,4,8,28,-364,4,8,0,-360,8,8,8,-356,8,8
6061,0x55a1bd6793b4,R,0x7ffee78d5c74,1,-16,-24,-20,356,-24,360,-24,-24,-20,-24,0,368,-24,-24,-24,372,24,-352,24,24,24,-348,24,24,0,-344,20,24,44,-340,24,-336
6064,0x55a1bd6793b9,R,0x7ffee78d5c8c,1,24,0,0,380,0,0,-20,0,4,388,0,392,8,0,4,396,-4,-376,20,0,-4,-372,-8,0,0,-368,0,0,20,0,-4,-360
6069,0x55a1bd67938a,R,0x7ffee78d5c88,1,-4,-4,4,376,0,-4,-24,380,-4,384,-4,-4,20,-4,-4,392,4,-372,4,4,4,-368,-20,4,0,-364,4,-360,4,4,0,4
6071,0x55a1bd67938d,R,0x7ffee78d5c8c,1,4,0,24,380,0,0,0,384,0,0,4,0,24,392,8,396,20,-376,-4,0,-8,-372,0,0,-4,0,20,-364,0,-360,0,0
6074,0x55a1bd679393,R,0x7ffee78d5ca0,1,20,20,20,400,28,20,24,404,0,20,24,408,20,412,28,20,-20,-396,-20,-20,-44,-392,-20,-388,-20,-20,0,-20,-24,-380,-28,-20
6076,0x55a1bd679397,R,0x7ffee78d5c8c,1,-20,0,4,380,24,0,0,384,0,0,0,388,0,0,24,0,-4,-376,-8,0,-24,0,-4,-368,0,-364,0,0,0,-360,-24,0
6079,0x55a1bd67939d,R,0x7ffee78d5c88,1,-4,-4,-4,376,-4,-4,4,380,0,-4,-24,384,0,-4,20,388,4,-372,-4,-368,4,4,0,4,24,-360,0,4,-4,-356,4,4
6084,0x55a1bd6793aa,W,0x7ffee78d5b14,1,-372,-376,-396,4,-372,-376,-352,8,-376,-376,-376,12,-376,-376,-376,16,376,376,352,4,376,8,376,376,376,12,376,376,352,16,372,376
6086,0x55a1bd6793ad,R,0x7ffee78d5c8c,1,4,376,0,380,0,0,0,384,8,0,4,388,-20,0,4,392,-8,0,-24,0,-4,-368,20,0,-4,-364,-8,0,0,-360,0,0
6087,0x55a1bd6793ad,W,0x7ffee78d5c8c,1,0,376,0,0,-20,0,4,384,24,0,0,388,0,0,0,392,-8,-372,0,0,0,-368,0,0,0,-364,-24,0,-4,-360,20,0
6089,0x55a1bd6793b1,R,0x7ffee78d5c84,1,-8,-8,-4,-8,-28,372,-8,376,-8,-8,0,380,-4,-8,-28,384,-16,-364,4,8,28,-360,4,8,0,-356,8,8,8,-352,8,8
6091,0x55a1bd6793b4,R,0x7ffee78d5c74,1,-16,-24,-20,352,-24,356,-24,-24,-20,-24,0,364,-24,-24,-24,368,24,-348,24,24,24,-344,24,24,0,-340,20,24,44,-336,24,-332
6094,0x55a1bd6793b9,R,0x7ffee78d5c8c,1,24,0,0,376,0,0,-20,0,4,384,0,388,8,0,4,392,-4,-372,20,0,-4,-368,-8,0,0,-364,0,0,20,0,-4,-356
6099,0x55a1bd67938a,R,0x7ffee78d5c88,1,-4,-4,4,372,0,-4,-24,376,-4,380,-4,-4,20,-4,-4,388,4,-368,4,4,4,-364,-20,4,0,-360,4,-356,4,4,0,4
6101,0x55a1bd67938d,R,0x7ffee78d5c8c,1,4,0,24,376,0,0,0,380,0,0,4,0,24,388,8,392,20,-372,-4,0,-8,-368,0,0,-4,0,20,-360,0,-356,0,0
6104,0x55a1bd679393,R,0x7ffee78d5ca0,1,20,20,20,396,28,20,24,400,0,20,24,404,20,408,28,20,-20,-392,-20,-20,-44,-388,-20,-384,-20,-20,0,-20,-24,-376,-28,-20
6106,0x55a1bd679397,R,0x7ffee78d5c8c,1,-20,0,4,376,24,0,0,380,0,0,0,384,0,0,24,0,-4,-372,-8,0,-24,0,-4,-364,0,-360,0,0,0,-356,-24,0
6109,0x55a1bd67939d,R,0x7ffee78d5c88,1,-4,-4,-4,372,-4,-4,4,376,0,-4,-24,380,0,-4,20,384,4,-368,-4,-364,4,4,0,4,24,-356,0,4,-4,-352,4,4
6114,0x55a1bd6793aa,W,0x7ffee78d5b18,1,-368,-372,-392,4,-368,-372,-348,8,-372,-372,-372,12,-372,-372,-372,16,372,372,348,4,372,8,372,372,372,12,372,372,348,16,368,372
6116,0x55a1bd6793ad,R,0x7ffee78d5c8c,1,4,372,0,376,0,0,0,380,8,0,4,384,-20,0,4,388,-8,0,-24,0,-4,-364,20,0,-4,-360,-8,0,0,-356,0,0
6117,0x55a1bd6793ad,W,0x7ffee78d5c8c,1,0,372,0,0,-20,0,4,380,24,0,0,384,0,0,0,388,-8,-368,0,0,0,-364,0,0,0,-360,-24,0,-4,-356,20,0
6119,0x55a1bd6793b1,R,0x7ffee78d5c84,1,-8,-8,-4,-8,-28,368,-8,372,-8,-8,0,376,-4,-8,-28,380,-16,-360,4,8,28,-356,4,8,0,-352,8,8,8,-348,8,8
6121,0x55a1bd6793b4,R,0x7ffee78d5c74,1,-16,-24,-20,348,-24,352,-24,-24,-20,-24,0,360,-24,-24,-24,364,24,-344,24,24,24,-340,24,24,0,-336,20,24,44,-332,24,-328
6124,0x55a1bd6793b9,R,0x7ffee78d5c8c,1,24,0,0,372,0,0,-20,0,4,380,0,384,8,0,4,388,-4,-368,20,0,-4,-364,-8,0,0,-360,0,0,20,0,-4,-352
6129,0x55a1bd67938a,R,0x7ffee78d5c88,1,-4,-4,4,368,0,-4,-24,372,-4,376,-4,-4,20,-4,-4,384,4,-364,4,4,4,-360,-20,4,0,-356,4,-352,4,4,0,4
6131,0x55a1bd67938d,R,0x7ffee78d5c8c,1,4,0,24,372,0,0,0,376,0,0,4,0,24,384,8,388,20,-368,-4,0,-8,-364,0,0,-4,0,20,-356,0,-352,0,0
6134,0x55a1bd679393,R,0x7ffee78d5ca0,1,20,20,20,392,28,20,24,396,0,20,24,400,20,404,28,20,-20,-388,-20,-20,-44,-384,-20,-380,-20,-20,0,-20,-24,-372,-28,-20
6136,0x55a1bd679397,R,0x7ffee78d5c8c,1,-20,0,4,372,24,0,0,376,0,0,0,380,0,0,24,0,-4,-368,-8,0,-24,0,-4,-360,0,-356,0,0,0,-352,-24,0
6139,0x55a1bd67939d,R,0x7ffee78d5c88,1,-4,-4,-4,368,-4,-4,4,372,0,-4,-24,376,0,-4,20,380,4,-364,-4,-360,4,4,0,4,24,-352,0,4,-4,-348,4,4
6144,0x55a1bd6793aa,W,0x7ffee78d5b1c,1,-364,-368,-388,4,-364,-368,-344,8,-368,-368,-368,12,-368,-368,-368,16,368,368,344,4,368,8,368,368,368,12,368,368,344,16,364,368
6146,0x55a1bd6793ad,R,0x7ffee78d5c8c,1,4,368,0,372,0,0,0,376,8,0,4,380,-20,0,4,384,-8,0,-24,0,-4,-360,20,0,-4,-356,-8,0,0,-352,0,0
6147,0x55a1bd6793ad,W,0x7ffee78d5c8c,1,0,368,0,0,-20,0,4,376,24,0,0,380,0,0,0,384,-8,-364,0,0,0,-360,0,0,0,-356,-24,0,-4,-352,20,0
6149,0x55a1bd6793b1,R,0x7ffee78d5c84,1,-8,-8,-4,-8,-28,364,-8,368,-8,-8,0,372,-4,-8,-28,376,-16,-356,4,8,28,-352,4,8,0,-348,8,8,8,-344,8,8
6151,0x55a1bd6793b4,R,0x7ffee78d5c74,1,-16,-24,-20,344,-24,348,-24,-24,-20,-24,0,356,-24,-24,-24,360,24,-340,24,24,24,-336,24,24,0,-332,20,24,44,-328,24,20
6154,0x55a1bd6793b9,R,0x7ffee78d5c8c,1,24,0,0,368,0,0,-20,0,4,376,0,380,8,0,4,384,-4,-364,20,0,-4,-360,-8,0,0,-356,0,0,20,0,-4,-4
6159,0x55a1bd67938a,R,0x7ffee78d5c88,1,-4,-4,4,364,0,-4,-24,368,-4,372,-4,-4,20,-4,-4,380,4,-360,4,4,4,-356,-20,4,0,-352,4,-348,4,4,0,4
6161,0x55a1bd67938d,R,0x7ffee78d5c8c,1,4,0,24,368,0,0,0,372,0,0,4,0,24,380,8,384,20,-364,-4,0,-8,-360,0,0,-4,0,20,-352,0,-4,0,0
6164,0x55a1bd679393,R,0x7ffee78d5ca0,1,20,20,20,388,28,20,24,392,0,20,24,396,20,400,28,20,-20,-384,-20,-20,-44,-380,-20,-376,-20,-20,0,-20,-24,-24,-28,-20
6166,0x55a1bd679397,R,0x7ffee78d5c8c,1,-20,0,4,368,24,0,0,372,0,0,0,376,0,0,24,0,-4,-364,-8,0,-24,0,-4,-356,0,-352,0,0,0,-4,-24,0
6169,0x55a1bd67939d,R,0x7ffee78d5c88,1,-4,-4,-4,364,-4,-4,4,368,0,-4,-24,372,0,-4,20,376,4,-360,-4,-356,4,4,0,4,24,-348,0,4,-4,0,4,4
6174,0x55a1bd6793aa,W,0x7ffee78d5b20,1,-360,-364,-384,4,-360,-364,-340,8,-364,-364,-364,12,-364,-364,-364,16,364,364,340,4,364,8,364,364,364,12,364,364,340,360,360,364
6176,0x55a1bd6793ad,R,0x7ffee78d5c8c,1,4,364,0,368,0,0,0,372,8,0,4,376,-20,0,4,380,-8,0,-24,0,-4,-356,20,0,-4,-352,-8,0,0,-4,0,0
6177,0x55a1bd6793ad,W,0x7ffee78d5c8c,1,0,364,0,0,-20,0,4,372,24,0,0,376,0,0,0,380,-8,-360,0,0,0,-356,0,0,0,-352,-24,0,-4,-4,20,0
6179,0x55a1bd6793b1,R,0x7ffee78d5c84,1,-8,-8,-4,-8,-28,360,-8,364,-8,-8,0,368,-4,-8,-28,372,-16,-352,4,8,28,-348,4,8,0,-344,8,8,8,4,8,8
6181,0x55a1bd6793b4,R,0x7ffee78d5c74,1,-16,-24,-20,340,-24,344,-24,-24,-20,-24,0,352,-24,-24,-24,356,24,-336,24,24,24,-332,24,24,0,-328,20,24,44,20,24,-324
6184,0x55a1bd6793b9,R,0x7ffee78d5c8c,1,24,0,0,364,0,0,-20,0,4,372,0,376,8,0,4,380,-4,-360,20,0,-4,-356,-8,0,0,-352,0,0,20,0,-4,-348
6189,0x55a1bd67938a,R,0x7ffee78d5c88,1,-4,-4,4,360,0,-4,-24,364,-4,368,-4,-4,20,-4,-4,376,4,-356,4,4,4,-352,-20,4,0,-348,4,0,4,4,0,4
6191,0x55a1bd67938d,R,0x7ffee78d5c8c,1,4,0,24,364,0,0,0,368,0,0,4,0,24,376,8,380,20,-360,-4,0,-8,-356,0,0,-4,0,20,-4,0,-348,0,0
6194,0x55a1bd679393,R,0x7ffee78d5ca0,1,20,20,20,384,28,20,24,388,0,20,24,392,20,396,28,20,-20,-380,-20,-20,-44,-376,-20,-372,-20,-20,0,-20,-24,-368,-28,-20
6196,0x55a1bd679397,R,0x7ffee78d5c8c,1,-20,0,4,364,24,0,0,368,0,0,0,372,0,0,24,0,-4,-360,-8,0,-24,0,-4,-352,0,-4,0,0,0,-348,-24,0
6199,0x55a1bd67939d,R,0x7ffee78d5c88,1,-4,-4,-4,360,-4,-4,4,364,0,-4,-24,368,0,-4,20,372,4,-356,-4,-352,4,4,0,4,24,0,0,4,-4,-344,4,4
6204,0x55a1bd6793aa,W,0x7ffee78d5b24,1,-356,-360,-380,4,-356,-360,-336,8,-360,-360,-360,12,-360,-360,-360,16,360,360,336,4,360,8,360,360,360,356,360,360,336,12,356,360
6206,0x55a1bd6793ad,R,0x7ffee78d5c8c,1,4,360,0,364,0,0,0,368,8,0,4,372,-20,0,4,376,-8,0,-24,0,-4,-352,20,0,-4,-4,-8,0,0,-348,0,0
6207,0x55a1bd6793ad,W,0x7ffee78d5c8c,1,0,360,0,0,-20,0,4,368,24,0,0,372,0,0,0,376,-8,-356,0,0,0,-352,0,0,0,-4,-24,0,-4,-348,20,0
6209,0x55a1bd6793b1,R,0x7ffee78d5c84,1,-8,-8,-4,-8,-28,356,-8,360,-8,-8,0,364,-4,-8,-28,368,-16,-348,4,8,28,-344,4,8,0,4,8,8,8,-340,8,8
6211,0x55a1bd6793b4,R,0x7ffee78d5c74,1,-16,-24,-20,336,-24,340,-24,-24,-20,-24,0,348,-24,-24,-24,352,24,-332,24,24,24,-328,24,24,0,20,20,24,44,-324,24,-320
6214,0x55a1bd6793b9,R,0x7ffee78d5c8c,1,24,0,0,360,0,0,-20,0,4,368,0,372,8,0,4,376,-4,-356,20,0,-4,-352,-8,0,0,-4,0,0,20,0,-4,-344
6219,0x55a1bd67938a,R,0x7ffee78d5c88,1,-4,-4,4,356,0,-4,-24,360,-4,364,-4,-4,20,-4,-4,372,4,-352,4,4,4,-348,-20,4,0,0,4,-344,4,4,0,4
6221,0x55a1bd67938d,R,0x7ffee78d5c8c,1,4,0,24,360,0,0,0,364,0,0,4,0,24,372,8,376,20,-356,-4,0,-8,-352,0,0,-4,0,20,-348,0,-344,0,0
6224,0x55a1bd679393,R,0x7ffee78d5ca0,1,20,20,20,380,28,20,24,384,0,20,24,388,20,392,28,20,-20,-376,-20,-20,-44,-372,-20,-24,-20,-20,0,-20,-24,-364,-28,-20
6226,0x55a1bd679397,R,0x7ffee78d5c8c,1,-20,0,4,360,24,0,0,364,0,0,0,368,0,0,24,0,-4,-356,-8,0,-24,0,-4,-4,0,-348,0,0,0,-344,-24,0
6229,0x55a1bd67939d,R,0x7ffee78d5c88,1,-4,-4,-4,356,-4,-4,4,360,0,-4,-24,364,0,-4,20,368,4,-352,-4,-348,4,4,0,4,24,-344,0,4,-4,-340,4,4
6234,0x55a1bd6793aa,W,0x7ffee78d5b28,1,-352,-356,-376,4,-352,-356,-332,8,-356,-356,-356,12,-356,-356,-356,16,356,356,332,4,356,352,356,356,356,8,356,356,332,12,352,356
6236,0x55a1bd6793ad,R,0x7ffee78d5c8c,1,4,356,0,360,0,0,0,364,8,0,4,368,-20,0,4,372,-8,0,-24,0,-4,-4,20,0,-4,-348,-8,0,0,-344,-12,0
6237,0x55a1bd6793ad,W,0x7ffee78d5c8c,1,0,356,0,0,-20,0,4,364,24,0,0,368,0,0,0,372,-8,-352,0,0,0,-4,0,0,0,-348,-24,0,-4,-344,-24,0
6239,0x55a1bd6793b1,R,0x7ffee78d5c84,1,-8,-8,-4,-8,-28,352,-8,356,-8,-8,0,360,-4,-8,-28,364,-16,-344,4,8,28,4,4,8,0,-340,8,8,-4,-336,4,8
6241,0x55a1bd6793b4,R,0x7ffee78d5c74,1,-16,-24,-20,332,-24,336,-24,-24,-20,-24,0,344,-24,-24,-24,348,24,-328,24,24,24,20,24,24,0,-324,20,24,0,-320,20,-316
6244,0x55a1bd6793b9,R,0x7ffee78d5c8c,1,24,0,0,356,0,0,-20,0,4,364,0,368,8,0,4,372,-4,-352,20,0,-4,-4,-8,0,0,-348,-12,0,-24,0,-8,-340
6249,0x55a1bd67938a,R,0x7ffee78d5c88,1,-4,-4,4,352,0,-4,-24,356,-4,360,-4,-4,20,-4,-4,368,4,-348,4,4,4,0,-20,4,0,-344,-8,-340,0,4,-4,4
6251,0x55a1bd67938d,R,0x7ffee78d5c8c,1,4,0,24,356,0,0,0,360,0,0,4,0,24,368,8,372,20,-352,-4,0,-8,-4,0,0,-4,0,-24,-344,-4,-340,-8,0
6254,0x55a1bd679393,R,0x7ffee78d5ca0,1,20,20,20,376,28,20,24,380,0,20,24,384,20,388,28,20,-20,-372,-20,-20,-44,-24,-20,-368,-32,-20,-44,-20,-28,-360,-44,-20
6256,0x55a1bd679397,R,0x7ffee78d5c8c,1,-20,0,4,356,24,0,0,360,0,0,0,364,0,0,24,0,-4,-352,-8,0,-24,0,-4,-348,-12,-344,-4,0,-8,-340,0,0
6259,0x55a1bd67939d,R,0x7ffee78d5c88,1,-4,-4,-4,352,-4,-4,4,356,0,-4,-24,360,0,-4,20,364,4,-348,-4,0,4,4,0,4,-20,-340,-4,4,-20,-336,0,4
6264,0x55a1bd6793aa,W,0x7ffee78d5b2c,1,-348,-352,-372,4,-348,-352,-328,8,-352,-352,-352,12,-352,-352,-352,16,352,352,328,348,352,4,340,352,348,8,344,352,352,12,348,16
6266,0x55a1bd6793ad,R,0x7ffee78d5c8c,1,4,352,0,356,0,0,0,360,8,0,4,364,-20,0,4,368,-8,0,-24,0,-4,-348,-24,0,-8,-344,-24,0,0,0,0,-336
6267,0x55a1bd6793ad,W,0x7ffee78d5c8c,1,0,352,0,0,-20,0,4,360,24,0,0,364,0,0,0,368,-8,-4,0,0,-12,-348,-4,0,-8,-344,-24,-340,-4,0,20,-336
6269,0x55a1bd6793b1,R,0x7ffee78d5c84,1,-8,-8,-4,-8,-28,348,-8,352,-8,-8,0,356,-4,-8,-28,360,-16,4,4,8,-16,-340,0,8,0,8,8,-332,8,8,8,-328
6271,0x55a1bd6793b4,R,0x7ffee78d5c74,1,-16,-24,-20,328,-24,332,-24,-24,-20,-24,0,340,-24,-24,-24,344,24,20,12,24,20,-324,16,-320,0,24,20,-316,44,24,20,-312
6274,0x55a1bd6793b9,R,0x7ffee78d5c8c,1,24,0,0,352,0,0,-20,0,4,360,0,364,8,0,4,368,-4,-4,-24,0,-4,0,-8,-344,0,0,0,-340,0,0,-4,0
6277,0x55a1bd6793be,R,0x7ffee78d5c88,1,-4,-4,4,348,0,-4,-24,352,-4,356,-4,-4,20,-4,-4,364,-8,0,-20,-344,-4,4,-20,-340,0,4,24,-336,4,-332,4,4
6278,0x55a1bd6793be,W,0x7ffee78d5c88,1,0,-4,20,348,-4,-4,-4,352,-4,-4,0,-4,20,360,4,364,-8,4,0,-344,-4,4,4,-340,4,4,24,4,0,-332,-4,4
6280,0x55a1bd6793c2,R,0x7ffee78d5c80,1,-8,-8,-12,340,-4,-12,-8,344,-32,-12,-8,348,-12,352,-4,-12,-12,12,4,-336,-12,12,8,-332,12,-328,12,12,12,-324,-12,12
6282,0x55a1bd6793c5,R,0x7ffee78d5c74,1,-12,-20,-24,-24,0,-24,-24,332,-24,-24,-24,336,-24,-24,0,-24,20,24,16,-324,24,24,20,24,44,-316,20,24,16,-312,24,24
6285,0x55a1bd6793ca,R,0x7ffee78d5c88,1,20,0,0,-4,20,348,4,352,0,-4,-24,356,0,-4,20,360,-4,4,-20,-344,4,-340,4,4,4,-336,4,4,-20,-332,0,4
6288,0x55a1bd67937b,R,0x7ffee78d5c84,1,-4,-4,4,-8,-8,344,0,-8,-8,-8,-8,352,-8,-8,-8,356,0,8,-16,8,4,-336,28,8,4,-332,0,8,8,-328,8,8
6290,0x55a1bd67937e,W,0x7ffee78d5c8c,1,8,4,24,0,4,352,24,0,0,356,4,360,-20,0,4,364,-8,-348,0,0,0,-344,0,0,0,-340,-24,0,-4,-336,20,0
6293,0x55a1bd6793b1,R,0x7ffee78d5c84,1,0,-8,-4,-8,4,344,-8,-8,0,348,-4,-8,-8,-8,-8,356,-16,-340,4,8,28,-336,4,8,0,-332,8,8,8,-328,8,8
6295,0x55a1bd6793b4,R,0x7ffee78d5c74,1,-16,-24,-20,-20,0,328,-20,-24,0,332,-24,-24,-24,336,-44,340,24,-324,24,24,24,-320,24,24,0,-316,20,24,44,-312,24,-308
6298,0x55a1bd6793b9,R,0x7ffee78d5c8c,1,24,0,8,4,24,0,12,0,0,356,8,0,4,360,-20,0,-4,-348,20,0,-4,-344,-8,0,0,-340,0,0,20,0,-4,-332
6303,0x55a1bd67938a,R,0x7ffee78d5c88,1,-4,-4,4,0,0,-4,8,348,0,352,20,-4,-4,356,-4,-4,4,-344,4,4,4,-340,-20,4,0,-336,4,-332,4,4,0,4
6305,0x55a1bd67938d,R,0x7ffee78d5c8c,1,4,0,24,4,8,0,24,352,4,0,0,0,8,360,4,0,20,-348,-4,0,-8,-344,0,0,-4,0,20,-336,0,-332,0,0
6308,0x55a1bd679393,R,0x7ffee78d5ca0,1,20,20,20,24,28,20,24,372,32,20,20,376,44,380,20,20,-20,-368,-20,-20,-44,-364,-20,-360,-20,-20,0,-20,-24,-352,-28,-20
6310,0x55a1bd679397,R,0x7ffee78d5c8c,1,-20,0,4,4,24,0,8,352,24,0,4,356,24,0,8,0,-4,-348,-8,0,-24,0,-4,-340,0,-336,0,0,0,-332,-24,0
6313,0x55a1bd67939d,R,0x7ffee78d5c88,1,-4,-4,-4,0,-4,-4,4,348,0,-4,8,352,-4,-4,4,356,4,-344,-4,-340,4,4,0,4,24,-332,0,4,-4,-328,4,4
6318,0x55a1bd6793aa,W,0x7ffee78d5b30,1,-344,-348,-368,-344,-344,-348,-324,4,-340,-348,-324,8,-344,-348,-324,12,348,348,324,4,348,8,348,348,348,12,348,348,324,16,344,348
6320,0x55a1bd6793ad,R,0x7ffee78d5c8c,1,4,348,0,4,0,0,0,352,8,0,4,356,12,0,0,360,-8,0,-24,0,-4,-340,20,0,-4,-336,-8,0,0,-332,0,0
6321,0x55a1bd6793ad,W,0x7ffee78d5c8c,1,0,348,0,0,-20,0,4,352,24,0,8,356,24,0,4,360,-8,-344,0,0,0,-340,0,0,0,-336,-24,0,-4,-332,20,0
6323,0x55a1bd6793b1,R,0x7ffee78d5c84,1,-8,-8,-4,-8,-28,-4,-8,344,-8,-8,0,348,-4,-8,4,352,-16,-336,4,8,28,-332,4,8,0,-328,8,8,8,-324,8,8
6325,0x55a1bd6793b4,R,0x7ffee78d5c74,1,-16,-24,-20,324,-24,-20,-24,-24,-20,-24,0,332,-16,-24,0,336,24,-320,24,24,24,-316,24,24,0,-312,20,24,44,-308,24,-304
6328,0x55a1bd6793b9,R,0x7ffee78d5c8c,1,24,0,0,348,0,0,-20,0,4,352,0,356,8,0,4,360,-4,-344,20,0,-4,-340,-8,0,0,-336,0,0,20,0,-4,-328
6333,0x55a1bd67938a,R,0x7ffee78d5c88,1,-4,-4,4,344,0,-4,-24,0,-4,348,-4,-4,20,-4,4,356,4,-340,4,4,4,-336,-20,4,0,-332,4,-328,4,4,0,4
6335,0x55a1bd67938d,R,0x7ffee78d5c8c,1,4,0,24,348,0,0,0,4,0,0,4,0,24,356,8,360,20,-344,-4,0,-8,-340,0,0,-4,0,20,-332,0,-328,0,0
6338,0x55a1bd679393,R,0x7ffee78d5ca0,1,20,20,20,368,28,20,24,24,0,20,24,372,20,376,28,20,-20,-364,-20,-20,-44,-360,-20,-356,-20,-20,0,-20,-24,-348,-28,-20
6340,0x55a1bd679397,R,0x7ffee78d5c8c,1,-20,0,4,348,24,0,0,4,0,0,0,352,0,0,24,0,-4,-344,-8,0,-24,0,-4,-336,0,-332,0,0,0,-328,-24,0
6343,0x55a1bd67939d,R,0x7ffee78d5c88,1,-4,-4,-4,344,-4,-4,4,0,0,-4,-24,348,0,-4,20,352,4,-340,-4,-336,4,4,0,4,24,-328,0,4,-4,-324,4,4
6348,0x55a1bd6793aa,W,0x7ffee78d5b34,1,-340,-344,-364,4,-340,-344,-320,-340,-344,-344,-344,8,-344,-344,-344,12,344,344,320,4,344,8,344,344,344,12,344,344,320,16,340,344
6350,0x55a1bd6793ad,R,0x7ffee78d5c8c,1,4,344,0,348,0,0,0,4,8,0,4,352,-20,0,4,356,-8,0,-24,0,-4,-336,20,0,-4,-332,-8,0,0,-328,0,0
6351,0x55a1bd6793ad,W,0x7ffee78d5c8c,1,0,344,0,0,-20,0,4,4,24,0,0,352,0,0,0,356,-8,-340,0,0,0,-336,0,0,0,-332,-24,0,-4,-328,20,0
6353,0x55a1bd6793b1,R,0x7ffee78d5c84,1,-8,-8,-4,-8,-28,340,-8,-4,-8,-8,0,344,-4,-8,-28,348,-16,-332,4,8,28,-328,4,8,0,-324,8,8,8,-320,8,8
6355,0x55a1bd6793b4,R,0x7ffee78d5c74,1,-16,-24,-20,320,-24,324,-24,-24,-20,-24,0,328,-24,-24,-24,332,24,-316,24,24,24,-312,24,24,0,-308,20,24,44,-304,24,-300
6358,0x55a1bd6793b9,R,0x7ffee78d5c8c,1,24,0,0,344,0,0,-20,0,4,4,0,352,8,0,4,356,-4,-340,20,0,-4,-336,-8,0,0,-332,0,0,20,0,-4,-324
6363,0x55a1bd67938a,R,0x7ffee78d5c88,1,-4,-4,4,340,0,-4,-24,344,-4,0,-4,-4,20,-4,-4,352,4,-336,4,4,4,-332,-20,4,0,-328,4,-324,4,4,0,4
6365,0x55a1bd67938d,R,0x7ffee78d5c8c,1,4,0,24,344,0,0,0,348,0,0,4,0,24,352,8,356,20,-340,-4,0,-8,-336,0,0,-4,0,20,-328,0,-324,0,0
6368,0x55a1bd679393,R,0x7ffee78d5ca0,1,20,20,20,364,28,20,24,368,0,20,24,24,20,372,28,20,-20,-360,-20,-20,-44,-356,-20,-352,-20,-20,0,-20,-24,-344,-28,-20
6370,0x55a1bd679397,R,0x7ffee78d5c8c,1,-20,0,4,344,24,0,0,348,0,0,0,4,0,0,24,0,-4,-340,-8,0,-24,0,-4,-332,0,-328,0,0,0,-324,-24,0
6373,0x55a1bd67939d,R,0x7ffee78d5c88,1,-4,-4,-4,340,-4,-4,4,344,0,-4,-24,0,0,-4,20,348,4,-336,-4,-332,4,4,0,4,24,-324,0,4,-4,-320,4,4
6378,0x55a1bd6793aa,W,0x7ffee78d5b38,1,-336,-340,-360,4,-336,-340,-316,8,-340,-340,-340,-336,-340,-340,-340,12,340,340,316,4,340,8,340,340,340,12,340,340,316,16,336,340
6380,0x55a1bd6793ad,R,0x7ffee78d5c8c,1,4,340,0,344,0,0,0,348,8,0,4,4,-20,0,4,352,-8,0,-24,0,-4,-332,20,0,-4,-328,-8,0,0,-324,0,0
6381,0x55a1bd6793ad,W,0x7ffee78d5c8c,1,0,340,0,0,-20,0,4,348,24,0,0,4,0,0,0,352,-8,-336,0,0,0,-332,0,0,0,-328,-24,0,-4,-324,20,0
6383,0x55a1bd6793b1,R,0x7ffee78d5c84,1,-8,-8,-4,-8,-28,336,-8,340,-8,-8,0,-4,-4,-8,-28,344,-16,-328,4,8,28,-324,4,8,0,-320,8,8,8,-316,8,8
6385,0x55a1bd6793b4,R,0x7ffee78d5c74,1,-16,-24,-20,316,-24,320,-24,-24,-20,-24,0,-20,-24,-24,-24,328,24,-312,24,24,24,-308,24,24,0,-304,20,24,44,-300,24,-296
6388,0x55a1bd6793b9,R,0x7ffee78d5c8c,1,24,0,0,340,0,0,-20,0,4,348,0,4,8,0,4,352,-4,-336,20,0,-4,-332,-8,0,0,-328,0,0,20,0,-4,-320
6393,0x55a1bd67938a,R,0x7ffee78d5c88,1,-4,-4,4,336,0,-4,-24,340,-4,344,-4,-4,20,-4,-4,348,4,-332,4,4,4,-328,-20,4,0,-324,4,-320,4,4,0,4
6395,0x55a1bd67938d,R,0x7ffee78d5c8c,1,4,0,24,340,0,0,0,344,0,0,4,0,24,4,8,352,20,-336,-4,0,-8,-332,0,0,-4,0,20,-324,0,-320,0,0
6398,0x55a1bd679393,R,0x7ffee78d5ca0,1,20,20,20,360,28,20,24,364,0,20,24,368,20,24,28,20,-20,-356,-20,-20,-44,-352,-20,-348,-20,-20,0,-20,-24,-340,-28,-20
6400,0x55a1bd679397,R,0x7ffee78d5c8c,1,-20,0,4,340,24,0,0,344,0,0,0,348,0,0,24,0,-4,-336,-8,0,-24,0,-4,-328,0,-324,0,0,0,-320,-24,0
6403,0x55a1bd67939d,R,0x7ffee78d5c88,1,-4,-4,-4,336,-4,-4,4,340,0,-4,-24,344,0,-4,20,0,4,-332,-4,-328,4,4,0,4,24,-320,0,4,-4,-316,4,4
6408,0x55a1bd6793aa,W,0x7ffee78d5b3c,1,-332,-336,-356,4,-332,-336,-312,8,-336,-336,-336,12,-336,-336,-336,-332,336,336,312,4,336,8,336,336,336,12,336,336,312,16,332,336
6410,0x55a1bd6793ad,R,0x7ffee78d5c8c,1,4,336,0,340,0,0,0,344,8,0,4,348,-20,0,4,4,-8,0,-24,0,-4,-328,20,0,-4,-324,-8,0,0,-320,0,0
6411,0x55a1bd6793ad,W,0x7ffee78d5c8c,1,0,336,0,0,-20,0,4,344,24,0,0,348,0,0,0,4,-8,-332,0,0,0,-328,0,0,0,-324,-24,0,-4,-320,20,0
6413,0x55a1bd6793b1,R,0x7ffee78d5c84,1,-8,-8,-4,-8,-28,332,-8,336,-8,-8,0,340,-4,-8,-28,-4,-16,-324,4,8,28,-320,4,8,0,-316,8,8,8,-312,8,8
6415,0x55a1bd6793b4,R,0x7ffee78d5c74,1,-16,-24,-20,312,-24,316,-24,-24,-20,-24,0,324,-24,-24,-24,-20,24,-308,24,24,24,-304,24,24,0,-300,20,24,44,-296,24,-292
6418,0x55a1bd6793b9,R,0x7ffee78d5c8c,1,24,0,0,336,0,0,-20,0,4,344,0,348,8,0,4,4,-4,-332,20,0,-4,-328,-8,0,0,-324,0,0,20,0,-4,-316
6423,0x55a1bd67938a,R,0x7ffee78d5c88,1,-4,-4,4,332,0,-4,-24,336,-4,340,-4,-4,20,-4,-4,0,4,-328,4,4,4,-324,-20,4,0,-320,4,-316,4,4,0,4
6425,0x55a1bd67938d,R,0x7ffee78d5c8c,1,4,0,24,336,0,0,0,340,0,0,4,0,24,348,8,4,20,-332,-4,0,-8,-328,0,0,-4,0,20,-320,0,-316,0,0
6428,0x55a1bd679393,R,0x7ffee78d5ca0,1,20,20,20,356,28,20,24,360,0,20,24,364,20,368,28,20,-20,-352,-20,-20,-44,-348,-20,-344,-20,-20,0,-20,-24,-336,-28,-20
6430,0x55a1bd679397,R,0x7ffee78d5c8c,1,-20,0,4,336,24,0,0,340,0,0,0,344,0,0,24,0,-4,-332,-8,0,-24,0,-4,-324,0,-320,0,0,0,-316,-24,0
6433,0x55a1bd67939d,R,0x7ffee78d5c88,1,-4,-4,-4,332,-4,-4,4,336,0,-4,-24,340,0,-4,20,344,4,-328,-4,-324,4,4,0,4,24,-316,0,4,-4,-312,4,4
6438,0x55a1bd6793aa,W,0x7ffee78d5b40,1,-328,-332,-352,4,-328,-332,-308,8,-332,-332,-332,12,-332,-332,-332,16,332,332,308,4,332,8,332,332,332,12,332,332,308,16,328,332
6440,0x55a1bd6793ad,R,0x7ffee78d5c8c,1,4,332,0,336,0,0,0,340,8,0,4,344,-20,0,4,348,-8,0,-24,0,-4,-324,20,0,-4,-320,-8,0,0,-316,0,0
6441,0x55a1bd6793ad,W,0x7ffee78d5c8c,1,0,332,0,0,-20,0,4,340,24,0,0,344,0,0,0,348,-8,-328,0,0,0,-324,0,0,0,-320,-24,0,-4,-316,20,0
6443,0x55a1bd6793b1,R,0x7ffee78d5c84,1,-8,-8,-4,-8,-28,328,-8,332,-8,-8,0,336,-4,-8,-28,340,-16,-320,4,8,28,-316,4,8,0,-312,8,8,8,-308,8,8
6445,0x55a1bd6793b4,R,0x7ffee78d5c74,1,-16,-24,-20,308,-24,312,-24,-24,-20,-24,0,320,-24,-24,-24,324,24,-304,24,24,24,-300,24,24,0,-296,20,24,44,-292,24,-288
6448,0x55a1bd6793b9,R,0x7ffee78d5c8c,1,24,0,0,332,0,0,-20,0,4,340,0,344,8,0,4,348,-4,-328,20,0,-4,-324,-8,0,0,-320,0,0,20,0,-4,-312
6453,0x55a1bd67938a,R,0x7ffee78d5c88,1,-4,-4,4,328,0,-4,-24,332,-4,336,-4,-4,20,-4,-4,344,4,-324,4,4,4,-320,-20,4,0,-316,4,-312,4,4,0,4
6455,0x55a1bd67938d,R,0x7ffee78d5c8c,1,4,0,24,332,0,0,0,336,0,0,4,0,24,344,8,348,20,-328,-4,0,-8,-324,0,0,-4,0,20,-316,0,-312,0,0
6458,0x55a1bd679393,R,0x7ffee78d5ca0,1,20,20,20,352,28,20,24,356,0,20,24,360,20,364,28,20,-20,-348,-20,-20,-44,-344,-20,-340,-20,-20,0,-20,-24,-332,-28,-20
6460,0x55a1bd679397,R,0x7ffee78d5c8c,1,-20,0,4,332,24,0,0,336,0,0,0,340,0,0,24,0,-4,-328,-8,0,-24,0,-4,-320,0,-316,0,0,0,-312,-24,0
6463,0x55a1bd67939d,R,0x7ffee78d5c88,1,-4,-4,-4,328,-4,-4,4,332,0,-4,-24,336,0,-4,20,340,4,-324,-4,-320,4,4,0,4,24,-312,0,4,-4,-308,4,4
6468,0x55a1bd6793aa,W,0x7ffee78d5b44,1,-324,-328,-348,4,-324,-328,-304,8,-328,-328,-328,12,-328,-328,-328,16,328,328,304,4,328,8,328,328,328,12,328,328,304,16,324,328
6470,0x55a1bd6793ad,R,0x7ffee78d5c8c,1,4,328,0,332,0,0,0,336,8,0,4,340,-20,0,4,344,-8,0,-24,0,-4,-320,20,0,-4,-316,-8,0,0,-312,0,0
6471,0x55a1bd6793ad,W,0x7ffee78d5c8c,1,0,328,0,0,-20,0,4,336,24,0,0,340,0,0,0,344,-8,-324,0,0,0,-320,0,0,0,-316,-24,0,-4,-312,20,0
6473,0x55a1bd6793b1,R,0x7ffee78d5c84,1,-8,-8,-4,-8,-28,324,-8,328,-8,-8,0,332,-4,-8,-28,336,-16,-316,4,8,28,-312,4,8,0,-308,8,8,8,-304,8,8
6475,0x55a1bd6793b4,R,0x7ffee78d5c74,1,-16,-24,-20,304,-24,308,-24,-24,-20,-24,0,316,-24,-24,-24,320,24,-300,24,24,24,-296,24,24,0,-292,20,24,44,-288,24,-284
6478,0x55a1bd6793b9,R,0x7ffee78d5c8c,1,24,0,0,328,0,0,-20,0,4,336,0,340,8,0,4,344,-4,-324,20,0,-4,-320,-8,0,0,-316,0,0,20,0,-4,-308
6483,0x55a1bd67938a,R,0x7ffee78d5c88,1,-4,-4,4,324,0,-4,-24,328,-4,332,-4,-4,20,-4,-4,340,4,-320,4,4,4,-316,-20,4,0,-312,4,-308,4,4,0,4
6485,0x55a1bd67938d,R,0x7ffee78d5c8c,1,4,0,24,328,0,0,0,332,0,0,4,0,24,340,8,344,20,-324,-4,0,-8,-320,0,0,-4,0,20,-312,0,-308,0,0
6488,0x55a1bd679393,R,0x7ffee78d5ca0,1,20,20,20,348,28,20,24,352,0,20,24,356,20,360,28,20,-20,-344,-20,-20,-44,-340,-20,-336,-20,-20,0,-20,-24,-328,-28,-20
6490,0x55a1bd679397,R,0x7ffee78d5c8c,1,-20,0,4,328,24,0,0,332,0,0,0,336,0,0,24,0,-4,-324,-8,0,-24,0,-4,-316,0,-312,0,0,0,-308,-24,0
6493,0x55a1bd67939d,R,0x7ffee78d5c88,1,-4,-4,-4,324,-4,-4,4,328,0,-4,-24,332,0,-4,20,336,4,-320,-4,-316,4,4,0,4,24,-308,0,4,-4,-304,4,4
6498,0x55a1bd6793aa,W,0x7ffee78d5b48,1,-320,-324,-344,4,-320,-324,-300,8,-324,-324,-324,12,-324,-324,-324,16,324,324,300,4,324,8,324,324,324,12,324,324,300,16,320,324
6500,0x55a1bd6793ad,R,0x7ffee78d5c8c,1,4,324,0,328,0,0,0,332,8,0,4,336,-20,0,4,340,-8,0,-24,0,-4,-316,20,0,-4,-312,-8,0,0,-308,0,0
6501,0x55a1bd6793ad,W,0x7ffee78d5c8c,1,0,324,0,0,-20,0,4,332,24,0,0,336,0,0,0,340,-8,-320,0,0,0,-316,0,0,0,-312,-24,0,-4,-308,20,0
6503,0x55a1bd6793b1,R,0x7ffee78d5c84,1,-8,-8,-4,-8,-28,320,-8,324,-8,-8,0,328,-4,-8,-28,332,-16,-312,4,8,28,-308,4,8,0,-304,8,8,8,-300,8,8
6505,0x55a1bd6793b4,R,0x7ffee78d5c74,1,-16,-24,-20,300,-24,304,-24,-24,-20,-24,0,312,-24,-24,-24,316,24,-296,24,24,24,-292,24,24,0,-288,20,24,44,-284,24,-280
6508,0x55a1bd6793b9,R,0x7ffee78d5c8c,1,24,0,0,324,0,0,-20,0,4,332,0,336,8,0,4,340,-4,-320,20,0,-4,-316,-8,0,0,-312,0,0,20,0,-4,-304
6513,0x55a1bd67938a,R,0x7ffee78d5c88,1,-4,-4,4,320,0,-4,-24,324,-4,328,-4,-4,20,-4,-4,336,4,-316,4,4,4,-312,-20,4,0,-308,4,-304,4,4,0,4
6515,0x55a1bd67938d,R,0x7ffee78d5c8c,1,4,0,24,324,0,0,0,328,0,0,4,0,24,336,8,340,20,-320,-4,0,-8,-316,0,0,-4,0,20,-308,0,-304,0,0
6518,0x55a1bd679393,R,0x7ffee78d5ca0,1,20,20,20,344,28,20,24,348,0,20,24,352,20,356,28,20,-20,-340,-20,-20,-44,-336,-20,-332,-20,-20,0,-20,-24,-324,-28,-20
6520,0x55a1bd679397,R,0x7ffee78d5c8c,1,-20,0,4,324,24,0,0,328,0,0,0,332,0,0,24,0,-4,-320,-8,0,-24,0,-4,-312,0,-308,0,0,0,-304,-24,0
6523,0x55a1bd67939d,R,0x7ffee78d5c88,1,-4,-4,-4,320,-4,-4,4,324,0,-4,-24,328,0,-4,20,332,4,-316,-4,-312,4,4,0,4,24,-304,0,4,-4,-300,4,4
6528,0x55a1bd6793aa,W,0x7ffee78d5b4c,1,-316,-320,-340,4,-316,-320,-296,8,-320,-320,-320,12,-320,-320,-320,16,320,320,296,4,320,8,320,320,320,12,320,320,296,16,316,320
6530,0x55a1bd6793ad,R,0x7ffee78d5c8c,1,4,320,0,324,0,0,0,328,8,0,4,332,-20,0,4,336,-8,0,-24,0,-4,-312,20,0,-4,-308,-8,0,0,-304,0,0
6531,0x55a1bd6793ad,W,0x7ffee78d5c8c,1,0,320,0,0,-20,0,4,328,24,0,0,332,0,0,0,336,-8,-316,0,0,0,-312,0,0,0,-308,-24,0,-4,-304,20,0
6533,0x55a1bd6793b1,R,0x7ffee78d5c84,1,-8,-8,-4,-8,-28,316,-8,320,-8,-8,0,324,-4,-8,-28,328,-16,-308,4,8,28,-304,4,8,0,-300,8,8,8,-296,8,8
6535,0x55a1bd6793b4,R,0x7ffee78d5c74,1,-16,-24,-20,296,-24,300,-24,-24,-20,-24,0,308,-24,-24,-24,312,24,-292,24,24,24,-288,24,24,0,-284,20,24,44,-280,24,-276
6538,0x55a1bd6793b9,R,0x7ffee78d5c8c,1,24,0,0,320,0,0,-20,0,4,328,0,332,8,0,4,336,-4,-316,20,0,-4,-312,-8,0,0,-308,0,0,20,0,-4,-300
6543,0x55a1bd67938a,R,0x7ffee78d5c88,1,-4,-4,4,316,0,-4,-24,320,-4,324,-4,-4,20,-4,-4,332,4,-312,4,4,4,-308,-20,4,0,-304,4,-300,4,4,0,4
6545,0x55a1bd67938d,R,0x7ffee78d5c8c,1,4,0,24,320,0,0,0,324,0,0,4,0,24,332,8,336,20,-316,-4,0,-8,-312,0,0,-4,0,20,-304,0,-300,0,0
6548,0x55a1bd679393,R,0x7ffee78d5ca0,1,20,20,20,340,28,20,24,344,0,20,24,348,20,352,28,20,-20,-336,-20,-20,-44,-332,-20,-328,-20,-20,0,-20,-24,-320,-28,-20
6550,0x55a1bd679397,R,0x7ffee78d5c8c,1,-20,0,4,320,24,0,0,324,0,0,0,328,0,0,24,0,-4,-316,-8,0,-24,0,-4,-308,0,-304,0,0,0,-300,-24,0
6553,0x55a1bd67939d,R,0x7ffee78d5c88,1,-4,-4,-4,316,-4,-4,4,320,0,-4,-24,324,0,-4,20,328,4,-312,-4,-308,4,4,0,4,24,-300,0,4,-4,-296,4,4
6558,0x55a1bd6793aa,W,0x7ffee78d5b50,1,-312,-316,-336,4,-312,-316,-292,8,-316,-316,-316,12,-316,-316,-316,16,316,316,292,4,316,8,316,316,316,12,316,316,292,16,312,316
6560,0x55a1bd6793ad,R,0x7ffee78d5c8c,1,4,316,0,320,0,0,0,324,8,0,4,328,-20,0,4,332,-8,0,-24,0,-4,-308,20,0,-4,-304,-8,0,0,-300,0,0
6561,0x55a1bd6793ad,W,0x7ffee78d5c8c,1,0,316,0,0,-20,0,4,324,24,0,0,328,0,0,0,332,-8,-312,0,0,0,-308,0,0,0,-304,-24,0,-4,-300,20,0
6563,0x55a1bd6793b1,R,0x7ffee78d5c84,1,-8,-8,-4,-8,-28,312,-8,316,-8,-8,0,320,-4,-8,-28,324,-16,-304,4,8,28,-300,4,8,0,-296,8,8,8,-292,8,8
6565,0x55a1bd6793b4,R,0x7ffee78d5c74,1,-16,-24,-20,292,-24,296,-24,-24,-20,-24,0,304,-24,-24,-24,308,24,-288,24,24,24,-284,24,24,0,-280,20,24,44,-276,24,-272
6568,0x55a1bd6793b9,R,0x7ffee78d5c8c,1,24,0,0,316,0,0,-20,0,4,324,0,328,8,0,4,332,-4,-312,20,0,-4,-308,-8,0,0,-304,0,0,20,0,-4,-296
6573,0x55a1bd67938a,R,0x7ffee78d5c88,1,-4,-4,4,312,0,-4,-24,316,-4,320,-4,-4,20,-4,-4,328,4,-308,4,4,4,-304,-20,4,0,-300,4,-296,4,4,0,4
6575,0x55a1bd67938d,R,0x7ffee78d5c8c,1,4,0,24,316,0,0,0,320,0,0,4,0,24,328,8,332,20,-312,-4,0,-8,-308,0,0,-4,0,20,-300,0,-296,0,0
6578,0x55a1bd679393,R,0x7ffee78d5ca0,1,20,20,20,336,28,20,24,340,0,20,24,344,20,348,28,20,-20,-332,-20,-20,-44,-328,-20,-324,-20,-20,0,-20,-24,-316,-28,-20
6580,0x55a1bd679397,R,0x7ffee78d5c8c,1,-20,0,4,316,24,0,0,320,0,0,0,324,0,0,24,0,-4,-312,-8,0,-24,0,-4,-304,0,-300,0,0,0,-296,-24,0
6583,0x55a1bd67939d,R,0x7ffee78d5c88,1,-4,-4,-4,312,-4,-4,4,316,0,-4,-24,320,0,-4,20,324,4,-308,-4,-304,4,4,0,4,24,-296,0,4,-4,-292,4,4
6588,0x55a1bd6793aa,W,0x7ffee78d5b54,1,-308,-312,-332,4,-308,-312,-288,8,-312,-312,-312,12,-312,-312,-312,16,312,312,288,4,312,8,312,312,312,12,312,312,288,16,308,312
6590,0x55a1bd6793ad,R,0x7ffee78d5c8c,1,4,312,0,316,0,0,0,320,8,0,4,324,-20,0,4,328,-8,0,-24,0,-4,-304,20,0,-4,-300,-8,0,0,-296,0,0
6591,0x55a1bd6793ad,W,0x7ffee78d5c8c,1,0,312,0,0,-20,0,4,320,24,0,0,324,0,0,0,328,-8,-308,0,0,0,-304,0,0,0,-300,-24,0,-4,-296,20,0
6593,0x55a1bd6793b1,R,0x7ffee78d5c84,1,-8,-8,-4,-8,-28,308,-8,312,-8,-8,0,316,-4,-8,-28,320,-16,-300,4,8,28,-296,4,8,0,-292,8,8,8,-288,8,8
6595,0x55a1bd6793b4,R,0x7ffee78d5c74,1,-16,-24,-20,288,-24,292,-24,-24,-20,-24,0,300,-24,-24,-24,304,24,-284,24,24,24,-280,24,24,0,-276,20,24,44,-272,24,-268
6598,0x55a1bd6793b9,R,0x7ffee78d5c8c,1,24,0,0,312,0,0,-20,0,4,320,0,324,8,0,4,328,-4,-308,20,0,-4,-304,-8,0,0,-300,0,0,20,0,-4,-292
6603,0x55a1bd67938a,R,0x7ffee78d5c88,1,-4,-4,4,308,0,-4,-24,312,-4,316,-4,-4,20,-4,-4,324,4,-304,4,4,4,-300,-20,4,0,-296,4,-292,4,4,0,4
6605,0x55a1bd67938d,R,0x7ffee78d5c8c,1,4,0,24,312,0,0,0,316,0,0,4,0,24,324,8,328,20,-308,-4,0,-8,-304,0,0,-4,0,20,-296,0,-292,0,0
6608,0x55a1bd679393,R,0x7ffee78d5ca0,1,20,20,20,332,28,20,24,336,0,20,24,340,20,344,28,20,-20,-328,-20,-20,-44,-324,-20,-320,-20,-20,0,-20,-24,-312,-28,-20
6610,0x55a1bd679397,R,0x7ffee78d5c8c,1,-20,0,4,312,24,0,0,316,0,0,0,320,0,0,24,0,-4,-308,-8,0,-24,0,-4,-300,0,-296,0,0,0,-292,-24,0
6613,0x55a1bd67939d,R,0x7ffee78d5c88,1,-4,-4,-4,308,-4,-4,4,312,0,-4,-24,316,0,-4,20,320,4,-304,-4,-300,4,4,0,4,24,-292,0,4,-4,-288,4,4
6618,0x55a1bd6793aa,W,0x7ffee78d5b58,1,-304,-308,-328,4,-304,-308,-284,8,-308,-308,-308,12,-308,-308,-308,16,308,308,284,4,308,8,308,308,308,12,308,308,284,16,304,308
6620,0x55a1bd6793ad,R,0x7ffee78d5c8c,1,4,308,0,312,0,0,0,316,8,0,4,320,-20,0,4,324,-8,0,-24,0,-4,-300,20,0,-4,-296,-8,0,0,-292,0,0
6621,0x55a1bd6793ad,W,0x7ffee78d5c8c,1,0,308,0,0,-20,0,4,316,24,0,0,320,0,0,0,324,-8,-304,0,0,0,-300,0,0,0,-296,-24,0,-4,-292,20,0
6623,0x55a1bd6793b1,R,0x7ffee78d5c84,1,-8,-8,-4,-8,-28,304,-8,308,-8,-8,0,312,-4,-8,-28,316,-16,-296,4,8,28,-292,4,8,0,-288,8,8,8,-284,8,8
6625,0x55a1bd6793b4,R,0x7ffee78d5c74,1,-16,-24,-20,284,-24,288,-24,-24,-20,-24,0,296,-24,-24,-24,300,24,-280,24,24,24,-276,24,24,0,-272,20,24,44,-268,24,-264
6628,0x55a1bd6793b9,R,0x7ffee78d5c8c,1,24,0,0,308,0,0,-20,0,4,316,0,320,8,0,4,324,-4,-304,20,0,-4,-300,-8,0,0,-296,0,0,20,0,-4,-288
6633,0x55a1bd67938a,R,0x7ffee78d5c88,1,-4,-4,4,304,0,-4,-24,308,-4,312,-4,-4,20,-4,-4,320,4,-300,4,4,4,-296,-20,4,0,-292,4,-288,4,4,0,4
6635,0x55a1bd67938d,R,0x7ffee78d5c8c,1,4,0,24,308,0,0,0,312,0,0,4,0,24,320,8,324,20,-304,-4,0,-8,-300,0,0,-4,0,20,-292,0,-288,0,0
6638,0x55a1bd679393,R,0x7ffee78d5ca0,1,20,20,20,328,28,20,24,332,0,20,24,336,20,340,28,20,-20,-324,-20,-20,-44,-320,-20,-316,-20,-20,0,-20,-24,-308,-28,-20
6640,0x55a1bd679397,R,0x7ffee78d5c8c,1,-20,0,4,308,24,0,0,312,0,0,0,316,0,0,24,0,-4,-304,-8,0,-24,0,-4,-296,0,-292,0,0,0,-288,-24,0
6643,0x55a1bd67939d,R,0x7ffee78d5c88,1,-4,-4,-4,304,-4,-4,4,308,0,-4,-24,312,0,-4,20,316,4,-300,-4,-296,4,4,0,4,24,-288,0,4,-4,-284,4,4
6648,0x55a1bd6793aa,W,0x7ffee78d5b5c,1,-300,-304,-324,4,-300,-304,-280,8,-304,-304,-304,12,-304,-304,-304,16,304,304,280,4,304,8,304,304,304,12,304,304,280,16,300,304
6650,0x55a1bd6793ad,R,0x7ffee78d5c8c,1,4,304,0,308,0,0,0,312,8,0,4,316,-20,0,4,320,-8,0,-24,0,-4,-296,20,0,-4,-292,-8,0,0,-288,0,0
6651,0x55a1bd6793ad,W,0x7ffee78d5c8c,1,0,304,0,0,-20,0,4,312,24,0,0,316,0,0,0,320,-8,-300,0,0,0,-296,0,0,0,-292,-24,0,-4,-288,20,0
6653,0x55a1bd6793b1,R,0x7ffee78d5c84,1,-8,-8,-4,-8,-28,300,-8,304,-8,-8,0,308,-4,-8,-28,312,-16,-292,4,8,28,-288,4,8,0,-284,8,8,8,-280,8,8
6655,0x55a1bd6793b4,R,0x7ffee78d5c74,1,-16,-24,-20,280,-24,284,-24,-24,-20,-24,0,292,-24,-24,-24,296,24,-276,24,24,24,-272,24,24,0,-268,20,24,44,-264,24,20
6658,0x55a1bd6793b9,R,0x7ffee78d5c8c,1,24,0,0,304,0,0,-20,0,4,312,0,316,8,0,4,320,-4,-300,20,0,-4,-296,-8,0,0,-292,0,0,20,0,-4,-4
6663,0x55a1bd67938a,R,0x7ffee78d5c88,1,-4,-4,4,300,0,-4,-24,304,-4,308,-4,-4,20,-4,-4,316,4,-296,4,4,4,-292,-20,4,0,-288,4,-284,4,4,0,4
6665,0x55a1bd67938d,R,0x7ffee78d5c8c,1,4,0,24,304,0,0,0,308,0,0,4,0,24,316,8,320,20,-300,-4,0,-8,-296,0,0,-4,0,20,-288,0,-4,0,0
6668,0x55a1bd679393,R,0x7ffee78d5ca0,1,20,20,20,324,28,20,24,328,0,20,24,332,20,336,28,20,-20,-320,-20,-20,-44,-316,-20,-312,-20,-20,0,-20,-24,-24,-28,-20
6670,0x55a1bd679397,R,0x7ffee78d5c8c,1,-20,0,4,304,24,0,0,308,0,0,0,312,0,0,24,0,-4,-300,-8,0,-24,0,-4,-292,0,-288,0,0,0,-4,-24,0
6673,0x55a1bd67939d,R,0x7ffee78d5c88,1,-4,-4,-4,300,-4,-4,4,304,0,-4,-24,308,0,-4,20,312,4,-296,-4,-292,4,4,0,4,24,-284,0,4,-4,0,4,4
6678,0x55a1bd6793aa,W,0x7ffee78d5b60,1,-296,-300,-320,4,-296,-300,-276,8,-300,-300,-300,12,-300,-300,-300,16,300,300,276,4,300,8,300,300,300,12,300,300,276,296,296,300
6680,0x55a1bd6793ad,R,0x7ffee78d5c8c,1,4,300,0,304,0,0,0,308,8,0,4,312,-20,0,4,316,-8,0,-24,0,-4,-292,20,0,-4,-288,-8,0,0,-4,0,0
6681,0x55a1bd6793ad,W,0x7ffee78d5c8c,1,0,300,0,0,-20,0,4,308,24,0,0,312,0,0,0,316,-8,-296,0,0,0,-292,0,0,0,-288,-24,0,-4,-4,20,0
6683,0x55a1bd6793b1,R,0x7ffee78d5c84,1,-8,-8,-4,-8,-28,296,-8,300,-8,-8,0,304,-4,-8,-28,308,-16,-288,4,8,28,-284,4,8,0,-280,8,8,8,4,8,8
6685,0x55a1bd6793b4,R,0x7ffee78d5c74,1,-16,-24,-20,276,-24,280,-24,-24,-20,-24,0,288,-24,-24,-24,292,24,-272,24,24,24,-268,24,24,0,-264,20,24,44,20,24,-260
6688,0x55a1bd6793b9,R,0x7ffee78d5c8c,1,24,0,0,300,0,0,-20,0,4,308,0,312,8,0,4,316,-4,-296,20,0,-4,-292,-8,0,0,-288,0,0,20,0,-4,-284
6693,0x55a1bd67938a,R,0x7ffee78d5c88,1,-4,-4,4,296,0,-4,-24,300,-4,304,-4,-4,20,-4,-4,312,4,-292,4,4,4,-288,-20,4,0,-284,4,0,4,4,0,4
6695,0x55a1bd67938d,R,0x7ffee78d5c8c,1,4,0,24,300,0,0,0,304,0,0,4,0,24,312,8,316,20,-296,-4,0,-8,-292,0,0,-4,0,20,-4,0,-284,0,0
6698,0x55a1bd679393,R,0x7ffee78d5ca0,1,20,20,20,320,28,20,24,324,0,20,24,328,20,332,28,20,-20,-316,-20,-20,-44,-312,-20,-308,-20,-20,0,-20,-24,-304,-28,-20
6700,0x55a1bd679397,R,0x7ffee78d5c8c,1,-20,0,4,300,24,0,0,304,0,0,0,308,0,0,24,0,-4,-296,-8,0,-24,0,-4,-288,0,-4,0,0,0,-284,-24,0
6703,0x55a1bd67939d,R,0x7ffee78d5c88,1,-4,-4,-4,296,-4,-4,4,300,0,-4,-24,304,0,-4,20,308,4,-292,-4,-288,4,4,0,4,24,0,0,4,-4,-280,4,4
6708,0x55a1bd6793aa,W,0x7ffee78d5b64,1,-292,-296,-316,4,-292,-296,-272,8,-296,-296,-296,12,-296,-296,-296,16,296,296,272,4,296,8,296,296,296,292,296,296,272,12,292,296
6710,0x55a1bd6793ad,R,0x7ffee78d5c8c,1,4,296,0,300,0,0,0,304,8,0,4,308,-20,0,4,312,-8,0,-24,0,-4,-288,20,0,-4,-4,-8,0,0,-284,0,0
6711,0x55a1bd6793ad,W,0x7ffee78d5c8c,1,0,296,0,0,-20,0,4,304,24,0,0,308,0,0,0,312,-8,-292,0,0,0,-288,0,0,0,-4,-24,0,-4,-284,20,0
6713,0x55a1bd6793b1,R,0x7ffee78d5c84,1,-8,-8,-4,-8,-28,292,-8,296,-8,-8,0,300,-4,-8,-28,304,-16,-284,4,8,28,-280,4,8,0,4,8,8,8,-276,8,8
6715,0x55a1bd6793b4,R,0x7ffee78d5c74,1,-16,-24,-20,272,-24,276,-24,-24,-20,-24,0,284,-24,-24,-24,288,24,-268,24,24,24,-264,24,24,0,20,20,24,44,-260,24,-256
6718,0x55a1bd6793b9,R,0x7ffee78d5c8c,1,24,0,0,296,0,0,-20,0,4,304,0,308,8,0,4,312,-4,-292,20,0,-4,-288,-8,0,0,-4,0,0,20,0,-4,-280
6723,0x55a1bd67938a,R,0x7ffee78d5c88,1,-4,-4,4,292,0,-4,-24,296,-4,300,-4,-4,20,-4,-4,308,4,-288,4,4,4,-284,-20,4,0,0,4,-280,4,4,0,4
6725,0x55a1bd67938d,R,0x7ffee78d5c8c,1,4,0,24,296,0,0,0,300,0,0,4,0,24,308,8,312,20,-292,-4,0,-8,-288,0,0,-4,0,20,-284,0,-280,0,0
6728,0x55a1bd679393,R,0x7ffee78d5ca0,1,20,20,20,316,28,20,24,320,0,20,24,324,20,328,28,20,-20,-312,-20,-20,-44,-308,-20,-24,-20,-20,0,-20,-24,-300,-28,-20
6730,0x55a1bd679397,R,0x7ffee78d5c8c,1,-20,0,4,296,24,0,0,300,0,0,0,304,0,0,24,0,-4,-292,-8,0,-24,0,-4,-4,0,-284,0,0,0,-280,-24,0
6733,0x55a1bd67939d,R,0x7ffee78d5c88,1,-4,-4,-4,292,-4,-4,4,296,0,-4,-24,300,0,-4,20,304,4,-288,-4,-284,4,4,0,4,24,-280,0,4,-4,-276,4,4
6738,0x55a1bd6793aa,W,0x7ffee78d5b68,1,-288,-292,-312,4,-288,-292,-268,8,-292,-292,-292,12,-292,-292,-292,16,292,292,268,4,292,288,292,292,292,8,292,292,268,12,288,292
6740,0x55a1bd6793ad,R,0x7ffee78d5c8c,1,4,292,0,296,0,0,0,300,8,0,4,304,-20,0,4,308,-8,0,-24,0,-4,-4,20,0,-4,-284,-8,0,0,-280,-12,0
6741,0x55a1bd6793ad,W,0x7ffee78d5c8c,1,0,292,0,0,-20,0,4,300,24,0,0,304,0,0,0,308,-8,-288,0,0,0,-4,0,0,0,-284,-24,0,-4,-280,-24,0
6743,0x55a1bd6793b1,R,0x7ffee78d5c84,1,-8,-8,-4,-8,-28,288,-8,292,-8,-8,0,296,-4,-8,-28,300,-16,-280,4,8,28,4,4,8,0,-276,8,8,-4,-272,4,8
6745,0x55a1bd6793b4,R,0x7ffee78d5c74,1,-16,-24,-20,268,-24,272,-24,-24,-20,-24,0,280,-24,-24,-24,284,24,-264,24,24,24,20,24,24,0,-260,20,24,0,-256,20,-252
6748,0x55a1bd6793b9,R,0x7ffee78d5c8c,1,24,0,0,292,0,0,-20,0,4,300,0,304,8,0,4,308,-4,-288,20,0,-4,-4,-8,0,0,-284,-12,0,-24,0,-8,-276
6753,0x55a1bd67938a,R,0x7ffee78d5c88,1,-4,-4,4,288,0,-4,-24,292,-4,296,-4,-4,20,-4,-4,304,4,-284,4,4,4,0,-20,4,0,-280,-8,-276,0,4,-4,4
6755,0x55a1bd67938d,R,0x7ffee78d5c8c,1,4,0,24,292,0,0,0,296,0,0,4,0,24,304,8,308,20,-288,-4,0,-8,-4,0,0,-4,0,-24,-280,-4,-276,-8,0
6758,0x55a1bd679393,R,0x7ffee78d5ca0,1,20,20,20,312,28,20,24,316,0,20,24,320,20,324,28,20,-20,-308,-20,-20,-44,-24,-20,-304,-32,-20,-44,-20,-28,-296,-44,-20
6760,0x55a1bd679397,R,0x7ffee78d5c8c,1,-20,0,4,292,24,0,0,296,0,0,0,300,0,0,24,0,-4,-288,-8,0,-24,0,-4,-284,-12,-280,-4,0,-8,-276,0,0
6763,0x55a1bd67939d,R,0x7ffee78d5c88,1,-4,-4,-4,288,-4,-4,4,292,0,-4,-24,296,0,-4,20,300,4,-284,-4,0,4,4,0,4,-20,-276,-4,4,-20,-272,0,4
6768,0x55a1bd6793aa,W,0x7ffee78d5b6c,1,-284,-288,-308,4,-284,-288,-264,8,-288,-288,-288,12,-288,-288,-288,16,288,288,264,284,288,4,276,288,284,8,280,288,288,12,284,16
6770,0x55a1bd6793ad,R,0x7ffee78d5c8c,1,4,288,0,292,0,0,0,296,8,0,4,300,-20,0,4,304,-8,0,-24,0,-4,-284,-24,0,-8,-280,-24,0,0,0,0,-272
6771,0x55a1bd6793ad,W,0x7ffee78d5c8c,1,0,288,0,0,-20,0,4,296,24,0,0,300,0,0,0,304,-8,-4,0,0,-12,-284,-4,0,-8,-280,-24,-276,-4,0,20,-272
6773,0x55a1bd6793b1,R,0x7ffee78d5c84,1,-8,-8,-4,-8,-28,284,-8,288,-8,-8,0,292,-4,-8,-28,296,-16,4,4,8,-16,-276,0,8,0,8,8,-268,8,8,8,-264
6775,0x55a1bd6793b4,R,0x7ffee78d5c74,1,-16,-24,-20,264,-24,268,-24,-24,-20,-24,0,276,-24,-24,-24,280,24,20,12,24,20,-260,16,-256,0,24,20,-252,44,24,20,-248
6778,0x55a1bd6793b9,R,0x7ffee78d5c8c,1,24,0,0,288,0,0,-20,0,4,296,0,300,8,0,4,304,-4,-4,-24,0,-4,0,-8,-280,0,0,0,-276,0,0,-4,0
6781,0x55a1bd6793be,R,0x7ffee78d5c88,1,-4,-4,4,284,0,-4,-24,288,-4,292,-4,-4,20,-4,-4,300,-8,0,-20,-280,-4,4,-20,-276,0,4,24,-272,4,-268,4,4
6782,0x55a1bd6793be,W,0x7ffee78d5c88,1,0,-4,20,284,-4,-4,-4,288,-4,-4,0,-4,20,296,4,300,-8,4,0,-280,-4,4,4,-276,4,4,24,4,0,-268,-4,4
6784,0x55a1bd6793c2,R,0x7ffee78d5c80,1,-8,-8,-12,276,-4,-12,-8,280,-32,-12,-8,284,-12,288,-4,-12,-12,12,4,-272,-12,12,8,-268,12,-264,12,12,12,-260,-12,12
6786,0x55a1bd6793c5,R,0x7ffee78d5c74,1,-12,-20,-24,-24,0,-24,-24,268,-24,-24,-24,272,-24,-24,0,-24,20,24,16,-260,24,24,20,24,44,-252,20,24,16,-248,24,24
6789,0x55a1bd6793ca,R,0x7ffee78d5c88,1,20,0,0,-4,20,284,4,288,0,-4,-24,292,0,-4,20,296,-4,4,-20,-280,4,-276,4,4,4,-272,4,4,-20,-268,0,4
6792,0x55a1bd67937b,R,0x7ffee78d5c84,1,-4,-4,4,-8,-8,280,0,-8,-8,-8,-8,288,-8,-8,-8,292,0,8,-16,8,4,-272,28,8,4,-268,0,8,8,-264,8,8
6794,0x55a1bd67937e,W,0x7ffee78d5c8c,1,8,4,24,0,4,288,24,0,0,292,4,296,-20,0,4,300,-8,-284,0,0,0,-280,0,0,0,-276,-24,0,-4,-272,20,0
6797,0x55a1bd6793b1,R,0x7ffee78d5c84,1,0,-8,-4,-8,4,280,-8,-8,0,284,-4,-8,-8,-8,-8,292,-16,-276,4,8,28,-272,4,8,0,-268,8,8,8,-264,8,8
6799,0x55a1bd6793b4,R,0x7ffee78d5c74,1,-16,-24,-20,-20,0,264,-20,-24,0,268,-24,-24,-24,272,-44,276,24,-260,24,24,24,-256,24,24,0,-252,20,24,44,-248,24,-244
6802,0x55a1bd6793b9,R,0x7ffee78d5c8c,1,24,0,8,4,24,0,12,0,0,292,8,0,4,296,-20,0,-4,-284,20,0,-4,-280,-8,0,0,-276,0,0,20,0,-4,-268
6807,0x55a1bd67938a,R,0x7ffee78d5c88,1,-4,-4,4,0,0,-4,8,284,0,288,20,-4,-4,292,-4,-4,4,-280,4,4,4,-276,-20,4,0,-272,4,-268,4,4,0,4
6809,0x55a1bd67938d,R,0x7ffee78d5c8c,1,4,0,24,4,8,0,24,288,4,0,0,0,8,296,4,0,20,-284,-4,0,-8,-280,0,0,-4,0,20,-272,0,-268,0,0
6812,0x55a1bd679393,R,0x7ffee78d5ca0,1,20,20,20,24,28,20,24,308,32,20,20,312,44,316,20,20,-20,-304,-20,-20,-44,-300,-20,-296,-20,-20,0,-20,-24,-288,-28,-20
6814,0x55a1bd679397,R,0x7ffee78d5c8c,1,-20,0,4,4,24,0,8,288,24,0,4,292,24,0,8,0,-4,-284,-8,0,-24,0,-4,-276,0,-272,0,0,0,-268,-24,0
6817,0x55a1bd67939d,R,0x7ffee78d5c88,1,-4,-4,-4,0,-4,-4,4,284,0,-4,8,288,-4,-4,4,292,4,-280,-4,-276,4,4,0,4,24,-268,0,4,-4,-264,4,4
6822,0x55a1bd6793aa,W,0x7ffee78d5b70,1,-280,-284,-304,-280,-280,-284,-260,4,-276,-284,-260,8,-280,-284,-260,12,284,284,260,4,284,8,284,284,284,12,284,284,260,16,280,284
6824,0x55a1bd6793ad,R,0x7ffee78d5c8c,1,4,284,0,4,0,0,0,288,8,0,4,292,12,0,0,296,-8,0,-24,0,-4,-276,20,0,-4,-272,-8,0,0,-268,0,0
6825,0x55a1bd6793ad,W,0x7ffee78d5c8c,1,0,284,0,0,-20,0,4,288,24,0,8,292,24,0,4,296,-8,-280,0,0,0,-276,0,0,0,-272,-24,0,-4,-268,20,0
6827,0x55a1bd6793b1,R,0x7ffee78d5c84,1,-8,-8,-4,-8,-28,-4,-8,280,-8,-8,0,284,-4,-8,4,288,-16,-272,4,8,28,-268,4,8,0,-264,8,8,8,-260,8,8
6829,0x55a1bd6793b4,R,0x7ffee78d5c74,1,-16,-24,-20,260,-24,-20,-24,-24,-20,-24,0,268,-16,-24,0,272,24,-256,24,24,24,-252,24,24,0,-248,20,24,44,-244,24,-240
6832,0x55a1bd6793b9,R,0x7ffee78d5c8c,1,24,0,0,284,0,0,-20,0,4,288,0,292,8,0,4,296,-4,-280,20,0,-4,-276,-8,0,0,-272,0,0,20,0,-4,-264
6837,0x55a1bd67938a,R,0x7ffee78d5c88,1,-4,-4,4,280,0,-4,-24,0,-4,284,-4,-4,20,-4,4,292,4,-276,4,4,4,-272,-20,4,0,-268,4,-264,4,4,0,4
6839,0x55a1bd67938d,R,0x7ffee78d5c8c,1,4,0,24,284,0,0,0,4,0,0,4,0,24,292,8,296,20,-280,-4,0,-8,-276,0,0,-4,0,20,-268,0,-264,0,0
6842,0x55a1bd679393,R,0x7ffee78d5ca0,1,20,20,20,304,28,20,24,24,0,20,24,308,20,312,28,20,-20,-300,-20,-20,-44,-296,-20,-292,-20,-20,0,-20,-24,-284,-28,-20
6844,0x55a1bd679397,R,0x7ffee78d5c8c,1,-20,0,4,284,24,0,0,4,0,0,0,288,0,0,24,0,-4,-280,-8,0,-24,0,-4,-272,0,-268,0,0,0,-264,-24,0
6847,0x55a1bd67939d,R,0x7ffee78d5c88,1,-4,-4,-4,280,-4,-4,4,0,0,-4,-24,284,0,-4,20,288,4,-276,-4,-272,4,4,0,4,24,-264,0,4,-4,-260,4,4
6852,0x55a1bd6793aa,W,0x7ffee78d5b74,1,-276,-280,-300,4,-276,-280,-256,-276,-280,-280,-280,8,-280,-280,-280,12,280,280,256,4,280,8,280,280,280,12,280,280,256,16,276,280
6854,0x55a1bd6793ad,R,0x7ffee78d5c8c,1,4,280,0,284,0,0,0,4,8,0,4,288,-20,0,4,292,-8,0,-24,0,-4,-272,20,0,-4,-268,-8,0,0,-264,0,0
6855,0x55a1bd6793ad,W,0x7ffee78d5c8c,1,0,280,0,0,-20,0,4,4,24,0,0,288,0,0,0,292,-8,-276,0,0,0,-272,0,0,0,-268,-24,0,-4,-264,20,0
6857,0x55a1bd6793b1,R,0x7ffee78d5c84,1,-8,-8,-4,-8,-28,276,-8,-4,-8,-8,0,280,-4,-8,-28,284,-16,-268,4,8,28,-264,4,8,0,-260,8,8,8,-256,8,8
6859,0x55a1bd6793b4,R,0x7ffee78d5c74,1,-16,-24,-20,256,-24,260,-24,-24,-20,-24,0,264,-24,-24,-24,268,24,-252,24,24,24,-248,24,24,0,-244,20,24,44,-240,24,-236
6862,0x55a1bd6793b9,R,0x7ffee78d5c8c,1,24,0,0,280,0,0,-20,0,4,4,0,288,8,0,4,292,-4,-276,20,0,-4,-272,-8,0,0,-268,0,0,20,0,-4,-260
6867,0x55a1bd67938a,R,0x7ffee78d5c88,1,-4,-4,4,276,0,-4,-24,280,-4,0,-4,-4,20,-4,-4,288,4,-272,4,4,4,-268,-20,4,0,-264,4,-260,4,4,0,4
6869,0x55a1bd67938d,R,0x7ffee78d5c8c,1,4,0,24,280,0,0,0,284,0,0,4,0,24,288,8,292,20,-276,-4,0,-8,-272,0,0,-4,0,20,-264,0,-260,0,0
6872,0x55a1bd679393,R,0x7ffee78d5ca0,1,20,20,20,300,28,20,24,304,0,20,24,24,20,308,28,20,-20,-296,-20,-20,-44,-292,-20,-288,-20,-20,0,-20,-24,-280,-28,-20
6874,0x55a1bd679397,R,0x7ffee78d5c8c,1,-20,0,4,280,24,0,0,284,0,0,0,4,0,0,24,0,-4,-276,-8,0,-24,0,-4,-268,0,-264,0,0,0,-260,-24,0
6877,0x55a1bd67939d,R,0x7ffee78d5c88,1,-4,-4,-4,276,-4,-4,4,280,0,-4,-24,0,0,-4,20,284,4,-272,-4,-268,4,4,0,4,24,-260,0,4,-4,-256,4,4
6882,0x55a1bd6793aa,W,0x7ffee78d5b78,1,-272,-276,-296,4,-272,-276,-252,8,-276,-276,-276,-272,-276,-276,-276,12,276,276,252,4,276,8,276,276,276,12,276,276,252,16,272,276
6884,0x55a1bd6793ad,R,0x7ffee78d5c8c,1,4,276,0,280,0,0,0,284,8,0,4,4,-20,0,4,288,-8,0,-24,0,-4,-268,20,0,-4,-264,-8,0,0,-260,0,0
6885,0x55a1bd6793ad,W,0x7ffee78d5c8c,1,0,276,0,0,-20,0,4,284,24,0,0,4,0,0,0,288,-8,-272,0,0,0,-268,0,0,0,-264,-24,0,-4,-260,20,0
6887,0x55a1bd6793b1,R,0x7ffee78d5c84,1,-8,-8,-4,-8,-28,272,-8,276,-8,-8,0,-4,-4,-8,-28,280,-16,-264,4,8,28,-260,4,8,0,-256,8,8,8,-252,8,8
6889,0x55a1bd6793b4,R,0x7ffee78d5c74,1,-16,-24,-20,252,-24,256,-24,-24,-20,-24,0,-20,-24,-24,-24,264,24,-248,24,24,24,-244,24,24,0,-240,20,24,44,-236,24,-232
6892,0x55a1bd6793b9,R,0x7ffee78d5c8c,1,24,0,0,276,0,0,-20,0,4,284,0,4,8,0,4,288,-4,-272,20,0,-4,-268,-8,0,0,-264,0,0,20,0,-4,-256
6897,0x55a1bd67938a,R,0x7ffee78d5c88,1,-4,-4,4,272,0,-4,-24,276,-4,280,-4,-4,20,-4,-4,284,4,-268,4,4,4,-264,-20,4,0,-260,4,-256,4,4,0,4
6899,0x55a1bd67938d,R,0x7ffee78d5c8c,1,4,0,24,276,0,0,0,280,0,0,4,0,24,4,8,288,20,-272,-4,0,-8,-268,0,0,-4,0,20,-260,0,-256,0,0
6902,0x55a1bd679393,R,0x7ffee78d5ca0,1,20,20,20,296,28,20,24,300,0,20,24,304,20,24,28,20,-20,-292,-20,-20,-44,-288,-20,-284,-20,-20,0,-20,-24,-276,-28,-20
6904,0x55a1bd679397,R,0x7ffee78d5c8c,1,-20,0,4,276,24,0,0,280,0,0,0,284,0,0,24,0,-4,-272,-8,0,-24,0,-4,-264,0,-260,0,0,0,-256,-24,0
6907,0x55a1bd67939d,R,0x7ffee78d5c88,1,-4,-4,-4,272,-4,-4,4,276,0,-4,-24,280,0,-4,20,0,4,-268,-4,-264,4,4,0,4,24,-256,0,4,-4,-252,4,4
6912,0x55a1bd6793aa,W,0x7ffee78d5b7c,1,-268,-272,-292,4,-268,-272,-248,8,-272,-272,-272,12,-272,-272,-272,-268,272,272,248,4,272,8,272,272,272,12,272,272,248,16,268,272
6914,0x55a1bd6793ad,R,0x7ffee78d5c8c,1,4,272,0,276,0,0,0,280,8,0,4,284,-20,0,4,4,-8,0,-24,0,-4,-264,20,0,-4,-260,-8,0,0,-256,0,0
6915,0x55a1bd6793ad,W,0x7ffee78d5c8c,1,0,272,0,0,-20,0,4,280,24,0,0,284,0,0,0,4,-8,-268,0,0,0,-264,0,0,0,-260,-24,0,-4,-256,20,0
6917,0x55a1bd6793b1,R,0x7ffee78d5c84,1,-8,-8,-4,-8,-28,268,-8,272,-8,-8,0,276,-4,-8,-28,-4,-16,-260,4,8,28,-256,4,8,0,-252,8,8,8,-248,8,8
6919,0x55a1bd6793b4,R,0x7ffee78d5c74,1,-16,-24,-20,248,-24,252,-24,-24,-20,-24,0,260,-24,-24,-24,-20,24,-244,24,24,24,-240,24,24,0,-236,20,24,44,-232,24,-228
6922,0x55a1bd6793b9,R,0x7ffee78d5c8c,1,24,0,0,272,0,0,-20,0,4,280,0,284,8,0,4,4,-4,-268,20,0,-4,-264,-8,0,0,-260,0,0,20,0,-4,-252
6927,0x55a1bd67938a,R,0x7ffee78d5c88,1,-4,-4,4,268,0,-4,-24,272,-4,276,-4,-4,20,-4,-4,0,4,-264,4,4,4,-260,-20,4,0,-256,4,-252,4,4,0,4
6929,0x55a1bd67938d,R,0x7ffee78d5c8c,1,4,0,24,272,0,0,0,276,0,0,4,0,24,284,8,4,20,-268,-4,0,-8,-264,0,0,-4,0,20,-256,0,-252,0,0
6932,0x55a1bd679393,R,0x7ffee78d5ca0,1,20,20,20,292,28,20,24,296,0,20,24,300,20,304,28,20,-20,-288,-20,-20,-44,-284,-20,-280,-20,-20,0,-20,-24,-272,-28,-20
6934,0x55a1bd679397,R,0x7ffee78d5c8c,1,-20,0,4,272,24,0,0,276,0,0,0,280,0,0,24,0,-4,-268,-8,0,-24,0,-4,-260,0,-256,0,0,0,-252,-24,0
6937,0x55a1bd67939d,R,0x7ffee78d5c88,1,-4,-4,-4,268,-4,-4,4,272,0,-4,-24,276,0,-4,20,280,4,-264,-4,-260,4,4,0,4,24,-252,0,4,-4,-248,4,4
6942,0x55a1bd6793aa,W,0x7ffee78d5b80,1,-264,-268,-288,4,-264,-268,-244,8,-268,-268,-268,12,-268,-268,-268,16,268,268,244,4,268,8,268,268,268,12,268,268,244,16,264,268
6944,0x55a1bd6793ad,R,0x7ffee78d5c8c,1,4,268,0,272,0,0,0,276,8,0,4,280,-20,0,4,284,-8,0,-24,0,-4,-260,20,0,-4,-256,-8,0,0,-252,0,0
6945,0x55a1bd6793ad,W,0x7ffee78d5c8c,1,0,268,0,0,-20,0,4,276,24,0,0,280,0,0,0,284,-8,-264,0,0,0,-260,0,0,0,-256,-24,0,-4,-252,20,0
6947,0x55a1bd6793b1,R,0x7ffee78d5c84,1,-8,-8,-4,-8,-28,264,-8,268,-8,-8,0,272,-4,-8,-28,276,-16,-256,4,8,28,-252,4,8,0,-248,8,8,8,-244,8,8
6949,0x55a1bd6793b4,R,0x7ffee78d5c74,1,-16,-24,-20,244,-24,248,-24,-24,-20,-24,0,256,-24,-24,-24,260,24,-240,24,24,24,-236,24,24,0,-232,20,24,44,-228,24,-224
6952,0x55a1bd6793b9,R,0x7ffee78d5c8c,1,24,0,0,268,0,0,-20,0,4,276,0,280,8,0,4,284,-4,-264,20,0,-4,-260,-8,0,0,-256,0,0,20,0,-4,-248
6957,0x55a1bd67938a,R,0x7ffee78d5c88,1,-4,-4,4,264,0,-4,-24,268,-4,272,-4,-4,20,-4,-4,280,4,-260,4,4,4,-256,-20,4,0,-252,4,-248,4,4,0,4
6959,0x55a1bd67938d,R,0x7ffee78d5c8c,1,4,0,24,268,0,0,0,272,0,0,4,0,24,280,8,284,20,-264,-4,0,-8,-260,0,0,-4,0,20,-252,0,-248,0,0
6962,0x55a1bd679393,R,0x7ffee78d5ca0,1,20,20,20,288,28,20,24,292,0,20,24,296,20,300,28,20,-20,-284,-20,-20,-44,-280,-20,-276,-20,-20,0,-20,-24,-268,-28,-20
6964,0x55a1bd679397,R,0x7ffee78d5c8c,1,-20,0,4,268,24,0,0,272,0,0,0,276,0,0,24,0,-4,-264,-8,0,-24,0,-4,-256,0,-252,0,0,0,-248,-24,0
6967,0x55a1bd67939d,R,0x7ffee78d5c88,1,-4,-4,-4,264,-4,-4,4,268,0,-4,-24,272,0,-4,20,276,4,-260,-4,-256,4,4,0,4,24,-248,0,4,-4,-244,4,4
6972,0x55a1bd6793aa,W,0x7ffee78d5b84,1,-260,-264,-284,4,-260,-264,-240,8,-264,-264,-264,12,-264,-264,-264,16,264,264,240,4,264,8,264,264,264,12,264,264,240,16,260,264
6974,0x55a1bd6793ad,R,0x7ffee78d5c8c,1,4,264,0,268,0,0,0,272,8,0,4,276,-20,0,4,280,-8,0,-24,0,-4,-256,20,0,-4,-252,-8,0,0,-248,0,0
6975,0x55a1bd6793ad,W,0x7ffee78d5c8c,1,0,264,0,0,-20,0,4,272,24,0,0,276,0,0,0,280,-8,-260,0,0,0,-256,0,0,0,-252,-24,0,-4,-248,20,0
6977,0x55a1bd6793b1,R,0x7ffee78d5c84,1,-8,-8,-4,-8,-28,260,-8,264,-8,-8,0,268,-4,-8,-28,272,-16,-252,4,8,28,-248,4,8,0,-244,8,8,8,-240,8,8
6979,0x55a1bd6793b4,R,0x7ffee78d5c74,1,-16,-24,-20,240,-24,244,-24,-24,-20,-24,0,252,-24,-24,-24,256,24,-236,24,24,24,-232,24,24,0,-228,20,24,44,-224,24,-220
6982,0x55a1bd6793b9,R,0x7ffee78d5c8c,1,24,0,0,264,0,0,-20,0,4,272,0,276,8,0,4,280,-4,-260,20,0,-4,-256,-8,0,0,-252,0,0,20,0,-4,-244
6987,0x55a1bd67938a,R,0x7ffee78d5c88,1,-4,-4,4,260,0,-4,-24,264,-4,268,-4,-4,20,-4,-4,276,4,-256,4,4,4,-252,-20,4,0,-248,4,-244,4,4,0,4
6989,0x55a1bd67938d,R,0x7ffee78d5c8c,1,4,0,24,264,0,0,0,268,0,0,4,0,24,276,8,280,20,-260,-4,0,-8,-256,0,0,-4,0,20,-248,0,-244,0,0
6992,0x55a1bd679393,R,0x7ffee78d5ca0,1,20,20,20,284,28,20,24,288,0,20,24,292,20,296,28,20,-20,-280,-20,-20,-44,-276,-20,-272,-20,-20,0,-20,-24,-264,-28,-20
6994,0x55a1bd679397,R,0x7ffee78d5c8c,1,-20,0,4,264,24,0,0,268,0,0,0,272,0,0,24,0,-4,-260,-8,0,-24,0,-4,-252,0,-248,0,0,0,-244,-24,0
6997,0x55a1bd67939d,R,0x7ffee78d5c88,1,-4,-4,-4,260,-4,-4,4,264,0,-4,-24,268,0,-4,20,272,4,-256,-4,-252,4,4,0,4,24,-244,0,4,-4,-240,4,4
7002,0x55a1bd6793aa,W,0x7ffee78d5b88,1,-256,-260,-280,4,-256,-260,-236,8,-260,-260,-260,12,-260,-260,-260,16,260,260,236,4,260,8,260,260,260,12,260,260,236,16,256,260
7004,0x55a1bd6793ad,R,0x7ffee78d5c8c,1,4,260,0,264,0,0,0,268,8,0,4,272,-20,0,4,276,-8,0,-24,0,-4,-252,20,0,-4,-248,-8,0,0,-244,0,0
7005,0x55a1bd6793ad,W,0x7ffee78d5c8c,1,0,260,0,0,-20,0,4,268,24,0,0,272,0,0,0,276,-8,-256,0,0,0,-252,0,0,0,-248,-24,0,-4,-244,20,0
7007,0x55a1bd6793b1,R,0x7ffee78d5c84,1,-8,-8,-4,-8,-28,256,-8,260,-8,-8,0,264,-4,-8,-28,268,-16,-248,4,8,28,-244,4,8,0,-240,8,8,8,-236,8,8
7009,0x55a1bd6793b4,R,0x7ffee78d5c74,1,-16,-24,-20,236,-24,240,-24,-24,-20,-24,0,248,-24,-24,-24,252,24,-232,24,24,24,-228,24,24,0,-224,20,24,44,-220,24,-216
7012,0x55a1bd6793b9,R,0x7ffee78d5c8c,1,24,0,0,260,0,0,-20,0,4,268,0,272,8,0,4,276,-4,-256,20,0,-4,-252,-8,0,0,-248,0,0,20,0,-4,-240
7017,0x55a1bd67938a,R,0x7ffee78d5c88,1,-4,-4,4,256,0,-4,-24,260,-4,264,-4,-4,20,-4,-4,272,4,-252,4,4,4,-248,-20,4,0,-244,4,-240,4,4,0,4
7019,0x55a1bd67938d,R,0x7ffee78d5c8c,1,4,0,24,260,0,0,0,264,0,0,4,0,24,272,8,276,20,-256,-4,0,-8,-252,0,0,-4,0,20,-244,0,-240,0,0
7022,0x55a1bd679393,R,0x7ffee78d5ca0,1,20,20,20,280,28,20,24,284,0,20,24,288,20,292,28,20,-20,-276,-20,-20,-44,-272,-20,-268,-20,-20,0,-20,-24,-260,-28,-20
7024,0x55a1bd679397,R,0x7ffee78d5c8c,1,-20,0,4,260,24,0,0,264,0,0,0,268,0,0,24,0,-4,-256,-8,0,-24,0,-4,-248,0,-244,0,0,0,-240,-24,0
7027,0x55a1bd67939d,R,0x7ffee78d5c88,1,-4,-4,-4,256,-4,-4,4,260,0,-4,-24,264,0,-4,20,268,4,-252,-4,-248,4,4,0,4,24,-240,0,4,-4,-236,4,4
7032,0x55a1bd6793aa,W,0x7ffee78d5b8c,1,-252,-256,-276,4,-252,-256,-232,8,-256,-256,-256,12,-256,-256,-256,16,256,256,232,4,256,8,256,256,256,12,256,256,232,16,252,256
7034,0x55a1bd6793ad,R,0x7ffee78d5c8c,1,4,256,0,260,0,0,0,264,8,0,4,268,-20,0,4,272,-8,0,-24,0,-4,-248,20,0,-4,-244,-8,0,0,-240,0,0
7035,0x55a1bd6793ad,W,0x7ffee78d5c8c,1,0,256,0,0,-20,0,4,264,24,0,0,268,0,0,0,272,-8,-252,0,0,0,-248,0,0,0,-244,-24,0,-4,-240,20,0
7037,0x55a1bd6793b1,R,0x7ffee78d5c84,1,-8,-8,-4,-8,-28,252,-8,256,-8,-8,0,260,-4,-8,-28,264,-16,-244,4,8,28,-240,4,8,0,-236,8,8,8,-232,8,8
7039,0x55a1bd6793b4,R,0x7ffee78d5c74,1,-16,-24,-20,232,-24,236,-24,-24,-20,-24,0,244,-24,-24,-24,248,24,-228,24,24,24,-224,24,24,0,-220,20,24,44,-216,24,-212
7042,0x55a1bd6793b9,R,0x7ffee78d5c8c,1,24,0,0,256,0,0,-20,0,4,264,0,268,8,0,4,272,-4,-252,20,0,-4,-248,-8,0,0,-244,0,0,20,0,-4,-236
7047,0x55a1bd67938a,R,0x7ffee78d5c88,1,-4,-4,4,252,0,-4,-24,256,-4,260,-4,-4,20,-4,-4,268,4,-248,4,4,4,-244,-20,4,0,-240,4,-236,4,4,0,4
7049,0x55a1bd67938d,R,0x7ffee78d5c8c,1,4,0,24,256,0,0,0,260,0,0,4,0,24,268,8,272,20,-252,-4,0,-8,-248,0,0,-4,0,20,-240,0,-236,0,0
7052,0x55a1bd679393,R,0x7ffee78d5ca0,1,20,20,20,276,28,20,24,280,0,20,24,284,20,288,28,20,-20,-272,-20,-20,-44,-268,-20,-264,-20,-20,0,-20,-24,-256,-28,-20
7054,0x55a1bd679397,R,0x7ffee78d5c8c,1,-20,0,4,256,24,0,0,260,0,0,0,264,0,0,24,0,-4,-252,-8,0,-24,0,-4,-244,0,-240,0,0,0,-236,-24,0
7057,0x55a1bd67939d,R,0x7ffee78d5c88,1,-4,-4,-4,252,-4,-4,4,256,0,-4,-24,260,0,-4,20,264,4,-248,-4,-244,4,4,0,4,24,-236,0,4,-4,-232,4,4
7062,0x55a1bd6793aa,W,0x7ffee78d5b90,1,-248,-252,-272,4,-248,-252,-228,8,-252,-252,-252,12,-252,-252,-252,16,252,252,228,4,252,8,252,252,252,12,252,252,228,16,248,252
7064,0x55a1bd6793ad,R,0x7ffee78d5c8c,1,4,252,0,256,0,0,0,260,8,0,4,264,-20,0,4,268,-8,0,-24,0,-4,-244,20,0,-4,-240,-8,0,0,-236,0,0
7065,0x55a1bd6793ad,W,0x7ffee78d5c8c,1,0,252,0,0,-20,0,4,260,24,0,0,264,0,0,0,268,-8,-248,0,0,0,-244,0,0,0,-240,-24,0,-4,-236,20,0
7067,0x55a1bd6793b1,R,0x7ffee78d5c84,1,-8,-8,-4,-8,-28,248,-8,252,-8,-8,0,256,-4,-8,-28,260,-16,-240,4,8,28,-236,4,8,0,-232,8,8,8,-228,8,8
7069,0x55a1bd6793b4,R,0x7ffee78d5c74,1,-16,-24,-20,228,-24,232,-24,-24,-20,-24,0,240,-24,-24,-24,244,24,-224,24,24,24,-220,24,24,0,-216,20,24,44,-212,24,-208
7072,0x55a1bd6793b9,R,0x7ffee78d5c8c,1,24,0,0,252,0,0,-20,0,4,260,0,264,8,0,4,268,-4,-248,20,0,-4,-244,-8,0,0,-240,0,0,20,0,-4,-232
7077,0x55a1bd67938a,R,0x7ffee78d5c88,1,-4,-4,4,248,0,-4,-24,252,-4,256,-4,-4,20,-4,-4,264,4,-244,4,4,4,-240,-20,4,0,-236,4,-232,4,4,0,4
7079,0x55a1bd67938d,R,0x7ffee78d5c8c,1,4,0,24,252,0,0,0,256,0,0,4,0,24,264,8,268,20,-248,-4,0,-8,-244,0,0,-4,0,20,-236,0,-232,0,0
7082,0x55a1bd679393,R,0x7ffee78d5ca0,1,20,20,20,272,28,20,24,276,0,20,24,280,20,284,28,20,-20,-268,-20,-20,-44,-264,-20,-260,-20,-20,0,-20,-24,-252,-28,-20
7084,0x55a1bd679397,R,0x7ffee78d5c8c,1,-20,0,4,252,24,0,0,256,0,0,0,260,0,0,24,0,-4,-248,-8,0,-24,0,-4,-240,0,-236,0,0,0,-232,-24,0
7087,0x55a1bd67939d,R,0x7ffee78d5c88,1,-4,-4,-4,248,-4,-4,4,252,0,-4,-24,256,0,-4,20,260,4,-244,-4,-240,4,4,0,4,24,-232,0,4,-4,-228,4,4
7092,0x55a1bd6793aa,W,0x7ffee78d5b94,1,-244,-248,-268,4,-244,-248,-224,8,-248,-248,-248,12,-248,-248,-248,16,248,248,224,4,248,8,248,248,248,12,248,248,224,16,244,248
7094,0x55a1bd6793ad,R,0x7ffee78d5c8c,1,4,248,0,252,0,0,0,256,8,0,4,260,-20,0,4,264,-8,0,-24,0,-4,-240,20,0,-4,-236,-8,0,0,-232,0,0
7095,0x55a1bd6793ad,W,0x7ffee78d5c8c,1,0,248,0,0,-20,0,4,256,24,0,0,260,0,0,0,264,-8,-244,0,0,0,-240,0,0,0,-236,-24,0,-4,-232,20,0
7097,0x55a1bd6793b1,R,0x7ffee78d5c84,1,-8,-8,-4,-8,-28,244,-8,248,-8,-8,0,252,-4,-8,-28,256,-16,-236,4,8,28,-232,4,8,0,-228,8,8,8,-224,8,8
7099,0x55a1bd6793b4,R,0x7ffee78d5c74,1,-16,-24,-20,224,-24,228,-24,-24,-20,-24,0,236,-24,-24,-24,240,24,-220,24,24,24,-216,24,24,0,-212,20,24,44,-208,24,-204
7102,0x55a1bd6793b9,R,0x7ffee78d5c8c,1,24,0,0,248,0,0,-20,0,4,256,0,260,8,0,4,264,-4,-244,20,0,-4,-240,-8,0,0,-236,0,0,20,0,-4,-228
7107,0x55a1bd67938a,R,0x7ffee78d5c88,1,-4,-4,4,244,0,-4,-24,248,-4,252,-4,-4,20,-4,-4,260,4,-240,4,4,4,-236,-20,4,0,-232,4,-228,4,4,0,4
7109,0x55a1bd67938d,R,0x7ffee78d5c8c,1,4,0,24,248,0,0,0,252,0,0,4,0,24,260,8,264,20,-244,-4,0,-8,-240,0,0,-4,0,20,-232,0,-228,0,0
7112,0x55a1bd679393,R,0x7ffee78d5ca0,1,20,20,20,268,28,20,24,272,0,20,24,276,20,280,28,20,-20,-264,-20,-20,-44,-260,-20,-256,-20,-20,0,-20,-24,-248,-28,-20
7114,0x55a1bd679397,R,0x7ffee78d5c8c,1,-20,0,4,248,24,0,0,252,0,0,0,256,0,0,24,0,-4,-244,-8,0,-24,0,-4,-236,0,-232,0,0,0,-228,-24,0
7117,0x55a1bd67939d,R,0x7ffee78d5c88,1,-4,-4,-4,244,-4,-4,4,248,0,-4,-24,252,0,-4,20,256,4,-240,-4,-236,4,4,0,4,24,-228,0,4,-4,-224,4,4
7122,0x55a1bd6793aa,W,0x7ffee78d5b98,1,-240,-244,-264,4,-240,-244,-220,8,-244,-244,-244,12,-244,-244,-244,16,244,244,220,4,244,8,244,244,244,12,244,244,220,16,240,244
7124,0x55a1bd6793ad,R,0x7ffee78d5c8c,1,4,244,0,248,0,0,0,252,8,0,4,256,-20,0,4,260,-8,0,-24,0,-4,-236,20,0,-4,-232,-8,0,0,-228,0,0
7125,0x55a1bd6793ad,W,0x7ffee78d5c8c,1,0,244,0,0,-20,0,4,252,24,0,0,256,0,0,0,260,-8,-240,0,0,0,-236,0,0,0,-232,-24,0,-4,-228,20,0
7127,0x55a1bd6793b1,R,0x7ffee78d5c84,1,-8,-8,-4,-8,-28,240,-8,244,-8,-8,0,248,-4,-8,-28,252,-16,-232,4,8,28,-228,4,8,0,-224,8,8,8,-220,8,8
7129,0x55a1bd6793b4,R,0x7ffee78d5c74,1,-16,-24,-20,220,-24,224,-24,-24,-20,-24,0,232,-24,-24,-24,236,24,-216,24,24,24,-212,24,24,0,-208,20,24,44,-204,24,-200
7132,0x55a1bd6793b9,R,0x7ffee78d5c8c,1,24,0,0,244,0,0,-20,0,4,252,0,256,8,0,4,260,-4,-240,20,0,-4,-236,-8,0,0,-232,0,0,20,0,-4,-224
7137,0x55a1bd67938a,R,0x7ffee78d5c88,1,-4,-4,4,240,0,-4,-24,244,-4,248,-4,-4,20,-4,-4,256,4,-236,4,4,4,-232,-20,4,0,-228,4,-224,4,4,0,4
7139,0x55a1bd67938d,R,0x7ffee78d5c8c,1,4,0,24,244,0,0,0,248,0,0,4,0,24,256,8,260,20,-240,-4,0,-8,-236,0,0,-4,0,20,-228,0,-224,0,0
7142,0x55a1bd679393,R,0x7ffee78d5ca0,1,20,20,20,264,28,20,24,268,0,20,24,272,20,276,28,20,-20,-260,-20,-20,-44,-256,-20,-252,-20,-20,0,-20,-24,-244,-28,-20
7144,0x55a1bd679397,R,0x7ffee78d5c8c,1,-20,0,4,244,24,0,0,248,0,0,0,252,0,0,24,0,-4,-240,-8,0,-24,0,-4,-232,0,-228,0,0,0,-224,-24,0
7147,0x55a1bd67939d,R,0x7ffee78d5c88,1,-4,-4,-4,240,-4,-4,4,244,0,-4,-24,248,0,-4,20,252,4,-236,-4,-232,4,4,0,4,24,-224,0,4,-4,-220,4,4
7152,0x55a1bd6793aa,W,0x7ffee78d5b9c,1,-236,-240,-260,4,-236,-240,-216,8,-240,-240,-240,12,-240,-240,-240,16,240,240,216,4,240,8,240,240,240,12,240,240,216,16,236,240
7154,0x55a1bd6793ad,R,0x7ffee78d5c8c,1,4,240,0,244,0,0,0,248,8,0,4,252,-20,0,4,256,-8,0,-24,0,-4,-232,20,0,-4,-228,-8,0,0,-224,0,0
7155,0x55a1bd6793ad,W,0x7ffee78d5c8c,1,0,240,0,0,-20,0,4,248,24,0,0,252,0,0,0,256,-8,-236,0,0,0,-232,0,0,0,-228,-24,0,-4,-224,20,0
7157,0x55a1bd6793b1,R,0x7ffee78d5c84,1,-8,-8,-4,-8,-28,236,-8,240,-8,-8,0,244,-4,-8,-28,248,-16,-228,4,8,28,-224,4,8,0,-220,8,8,8,-216,8,8
7159,0x55a1bd6793b4,R,0x7ffee78d5c74,1,-16,-24,-20,216,-24,220,-24,-24,-20,-24,0,228,-24,-24,-24,232,24,-212,24,24,24,-208,24,24,0,-204,20,24,44,-200,24,20
7162,0x55a1bd6793b9,R,0x7ffee78d5c8c,1,24,0,0,240,0,0,-20,0,4,248,0,252,8,0,4,256,-4,-236,20,0,-4,-232,-8,0,0,-228,0,0,20,0,-4,-4
7167,0x55a1bd67938a,R,0x7ffee78d5c88,1,-4,-4,4,236,0,-4,-24,240,-4,244,-4,-4,20,-4,-4,252,4,-232,4,4,4,-228,-20,4,0,-224,4,-220,4,4,0,4
7169,0x55a1bd67938d,R,0x7ffee78d5c8c,1,4,0,24,240,0,0,0,244,0,0,4,0,24,252,8,256,20,-236,-4,0,-8,-232,0,0,-4,0,20,-224,0,-4,0,0
7172,0x55a1bd679393,R,0x7ffee78d5ca0,1,20,20,20,260,28,20,24,264,0,20,24,268,20,272,28,20,-20,-256,-20,-20,-44,-252,-20,-248,-20,-20,0,-20,-24,-24,-28,-20
7174,0x55a1bd679397,R,0x7ffee78d5c8c,1,-20,0,4,240,24,0,0,244,0,0,0,248,0,0,24,0,-4,-236,-8,0,-24,0,-4,-228,0,-224,0,0,0,-4,-24,0
7177,0x55a1bd67939d,R,0x7ffee78d5c88,1,-4,-4,-4,236,-4,-4,4,240,0,-4,-24,244,0,-4,20,248,4,-232,-4,-228,4,4,0,4,24,-220,0,4,-4,0,4,4
7182,0x55a1bd6793aa,W,0x7ffee78d5ba0,1,-232,-236,-256,4,-232,-236,-212,8,-236,-236,-236,12,-236,-236,-236,16,236,236,212,4,236,8,236,236,236,12,236,236,212,232,232,236
7184,0x55a1bd6793ad,R,0x7ffee78d5c8c,1,4,236,0,240,0,0,0,244,8,0,4,248,-20,0,4,252,-8,0,-24,0,-4,-228,20,0,-4,-224,-8,0,0,-4,0,0
7185,0x55a1bd6793ad,W,0x7ffee78d5c8c,1,0,236,0,0,-20,0,4,244,24,0,0,248,0,0,0,252,-8,-232,0,0,0,-228,0,0,0,-224,-24,0,-4,-4,20,0
7187,0x55a1bd6793b1,R,0x7ffee78d5c84,1,-8,-8,-4,-8,-28,232,-8,236,-8,-8,0,240,-4,-8,-28,244,-16,-224,4,8,28,-220,4,8,0,-216,8,8,8,4,8,8
7189,0x55a1bd6793b4,R,0x7ffee78d5c74,1,-16,-24,-20,212,-24,216,-24,-24,-20,-24,0,224,-24,-24,-24,228,24,-208,24,24,24,-204,24,24,0,-200,20,24,44,20,24,-196
7192,0x55a1bd6793b9,R,0x7ffee78d5c8c,1,24,0,0,236,0,0,-20,0,4,244,0,248,8,0,4,252,-4,-232,20,0,-4,-228,-8,0,0,-224,0,0,20,0,-4,-220
7197,0x55a1bd67938a,R,0x7ffee78d5c88,1,-4,-4,4,232,0,-4,-24,236,-4,240,-4,-4,20,-4,-4,248,4,-228,4,4,4,-224,-20,4,0,-220,4,0,4,4,0,4
7199,0x55a1bd67938d,R,0x7ffee78d5c8c,1,4,0,24,236,0,0,0,240,0,0,4,0,24,248,8,252,20,-232,-4,0,-8,-228,0,0,-4,0,20,-4,0,-220,0,0
7202,0x55a1bd679393,R,0x7ffee78d5ca0,1,20,20,20,256,28,20,24,260,0,20,24,264,20,268,28,20,-20,-252,-20,-20,-44,-248,-20,-244,-20,-20,0,-20,-24,-240,-28,-20
7204,0x55a1bd679397,R,0x7ffee78d5c8c,1,-20,0,4,236,24,0,0,240,0,0,0,244,0,0,24,0,-4,-232,-8,0,-24,0,-4,-224,0,-4,0,0,0,-220,-24,0
7207,0x55a1bd67939d,R,0x7ffee78d5c88,1,-4,-4,-4,232,-4,-4,4,236,0,-4,-24,240,0,-4,20,244,4,-228,-4,-224,4,4,0,4,24,0,0,4,-4,-216,4,4
7212,0x55a1bd6793aa,W,0x7ffee78d5ba4,1,-228,-232,-252,4,-228,-232,-208,8,-232,-232,-232,12,-232,-232,-232,16,232,232,208,4,232,8,232,232,232,228,232,232,208,12,228,232
7214,0x55a1bd6793ad,R,0x7ffee78d5c8c,1,4,232,0,236,0,0,0,240,8,0,4,244,-20,0,4,248,-8,0,-24,0,-4,-224,20,0,-4,-4,-8,0,0,-220,0,0
7215,0x55a1bd6793ad,W,0x7ffee78d5c8c,1,0,232,0,0,-20,0,4,240,24,0,0,244,0,0,0,248,-8,-228,0,0,0,-224,0,0,0,-4,-24,0,-4,-220,20,0
7217,0x55a1bd6793b1,R,0x7ffee78d5c84,1,-8,-8,-4,-8,-28,228,-8,232,-8,-8,0,236,-4,-8,-28,240,-16,-220,4,8,28,-216,4,8,0,4,8,8,8,-212,8,8
7219,0x55a1bd6793b4,R,0x7ffee78d5c74,1,-16,-24,-20,208,-24,212,-24,-24,-20,-24,0,220,-24,-24,-24,224,24,-204,24,24,24,-200,24,24,0,20,20,24,44,-196,24,-192
7222,0x55a1bd6793b9,R,0x7ffee78d5c8c,1,24,0,0,232,0,0,-20,0,4,240,0,244,8,0,4,248,-4,-228,20,0,-4,-224,-8,0,0,-4,0,0,20,0,-4,-216
7227,0x55a1bd67938a,R,0x7ffee78d5c88,1,-4,-4,4,228,0,-4,-24,232,-4,236,-4,-4,20,-4,-4,244,4,-224,4,4,4,-220,-20,4,0,0,4,-216,4,4,0,4
7229,0x55a1bd67938d,R,0x7ffee78d5c8c,1,4,0,24,232,0,0,0,236,0,0,4,0,24,244,8,248,20,-228,-4,0,-8,-224,0,0,-4,0,20,-220,0,-216,0,0
7232,0x55a1bd679393,R,0x7ffee78d5ca0,1,20,20,20,252,28,20,24,256,0,20,24,260,20,264,28,20,-20,-248,-20,-20,-44,-244,-20,-24,-20,-20,0,-20,-24,-236,-28,-20
7234,0x55a1bd679397,R,0x7ffee78d5c8c,1,-20,0,4,232,24,0,0,236,0,0,0,240,0,0,24,0,-4,-228,-8,0,-24,0,-4,-4,0,-220,0,0,0,-216,-24,0
7237,0x55a1bd67939d,R,0x7ffee78d5c88,1,-4,-4,-4,228,-4,-4,4,232,0,-4,-24,236,0,-4,20,240,4,-224,-4,-220,4,4,0,4,24,-216,0,4,-4,-212,4,4
7242,0x55a1bd6793aa,W,0x7ffee78d5ba8,1,-224,-228,-248,4,-224,-228,-204,8,-228,-228,-228,12,-228,-228,-228,16,228,228,204,4,228,224,228,228,228,8,228,228,204,12,224,228
7244,0x55a1bd6793ad,R,0x7ffee78d5c8c,1,4,228,0,232,0,0,0,236,8,0,4,240,-20,0,4,244,-8,0,-24,0,-4,-4,20,0,-4,-220,-8,0,0,-216,-12,0
7245,0x55a1bd6793ad,W,0x7ffee78d5c8c,1,0,228,0,0,-20,0,4,236,24,0,0,240,0,0,0,244,-8,-224,0,0,0,-4,0,0,0,-220,-24,0,-4,-216,-24,0
7247,0x55a1bd6793b1,R,0x7ffee78d5c84,1,-8,-8,-4,-8,-28,224,-8,228,-8,-8,0,232,-4,-8,-28,236,-16,-216,4,8,28,4,4,8,0,-212,8,8,-4,-208,4,8
7249,0x55a1bd6793b4,R,0x7ffee78d5c74,1,-16,-24,-20,204,-24,208,-24,-24,-20,-24,0,216,-24,-24,-24,220,24,-200,24,24,24,20,24,24,0,-196,20,24,0,-192,20,-188
7252,0x55a1bd6793b9,R,0x7ffee78d5c8c,1,24,0,0,228,0,0,-20,0,4,236,0,240,8,0,4,244,-4,-224,20,0,-4,-4,-8,0,0,-220,-12,0,-24,0,-8,-212
7257,0x55a1bd67938a,R,0x7ffee78d5c88,1,-4,-4,4,224,0,-4,-24,228,-4,232,-4,-4,20,-4,-4,240,4,-220,4,4,4,0,-20,4,0,-216,-8,-212,0,4,-4,4
7259,0x55a1bd67938d,R,0x7ffee78d5c8c,1,4,0,24,228,0,0,0,232,0,0,4,0,24,240,8,244,20,-224,-4,0,-8,-4,0,0,-4,0,-24,-216,-4,-212,-8,0
7262,0x55a1bd679393,R,0x7ffee78d5ca0,1,20,20,20,248,28,20,24,252,0,20,24,256,20,260,28,20,-20,-244,-20,-20,-44,-24,-20,-240,-32,-20,-44,-20,-28,-232,-44,-20
7264,0x55a1bd679397,R,0x7ffee78d5c8c,1,-20,0,4,228,24,0,0,232,0,0,0,236,0,0,24,0,-4,-224,-8,0,-24,0,-4,-220,-12,-216,-4,0,-8,-212,0,0
7267,0x55a1bd67939d,R,0x7ffee78d5c88,1,-4,-4,-4,224,-4,-4,4,228,0,-4,-24,232,0,-4,20,236,4,-220,-4,0,4,4,0,4,-20,-212,-4,4,-20,-208,0,4
7272,0x55a1bd6793aa,W,0x7ffee78d5bac,1,-220,-224,-244,4,-220,-224,-200,8,-224,-224,-224,12,-224,-224,-224,16,224,224,200,220,224,4,212,224,220,8,216,224,224,12,220,16
7274,0x55a1bd6793ad,R,0x7ffee78d5c8c,1,4,224,0,228,0,0,0,232,8,0,4,236,-20,0,4,240,-8,0,-24,0,-4,-220,-24,0,-8,-216,-24,0,0,0,0,-208
7275,0x55a1bd6793ad,W,0x7ffee78d5c8c,1,0,224,0,0,-20,0,4,232,24,0,0,236,0,0,0,240,-8,-4,0,0,-12,-220,-4,0,-8,-216,-24,-212,-4,0,20,-208
7277,0x55a1bd6793b1,R,0x7ffee78d5c84,1,-8,-8,-4,-8,-28,220,-8,224,-8,-8,0,228,-4,-8,-28,232,-16,4,4,8,-16,-212,0,8,0,8,8,-204,8,8,8,-200
7279,0x55a1bd6793b4,R,0x7ffee78d5c74,1,-16,-24,-20,200,-24,204,-24,-24,-20,-24,0,212,-24,-24,-24,216,24,20,12,24,20,-196,16,-192,0,24,20,-188,44,24,20,-184
7282,0x55a1bd6793b9,R,0x7ffee78d5c8c,1,24,0,0,224,0,0,-20,0,4,232,0,236,8,0,4,240,-4,-4,-24,0,-4,0,-8,-216,0,0,0,-212,0,0,-4,0
7285,0x55a1bd6793be,R,0x7ffee78d5c88,1,-4,-4,4,220,0,-4,-24,224,-4,228,-4,-4,20,-4,-4,236,-8,0,-20,-216,-4,4,-20,-212,0,4,24,-208,4,-204,4,4
7286,0x55a1bd6793be,W,0x7ffee78d5c88,1,0,-4,20,220,-4,-4,-4,224,-4,-4,0,-4,20,232,4,236,-8,4,0,-216,-4,4,4,-212,4,4,24,4,0,-204,-4,4
7288,0x55a1bd6793c2,R,0x7ffee78d5c80,1,-8,-8,-12,212,-4,-12,-8,216,-32,-12,-8,220,-12,224,-4,-12,-12,12,4,-208,-12,12,8,-204,12,-200,12,12,12,-196,-12,12
7290,0x55a1bd6793c5,R,0x7ffee78d5c74,1,-12,-20,-24,-24,0,-24,-24,204,-24,-24,-24,208,-24,-24,0,-24,20,24,16,-196,24,24,20,24,44,-188,20,24,16,-184,24,24
7293,0x55a1bd6793ca,R,0x7ffee78d5c88,1,20,0,0,-4,20,220,4,224,0,-4,-24,228,0,-4,20,232,-4,4,-20,-216,4,-212,4,4,4,-208,4,4,-20,-204,0,4
7296,0x55a1bd67937b,R,0x7ffee78d5c84,1,-4,-4,4,-8,-8,216,0,-8,-8,-8,-8,224,-8,-8,-8,228,0,8,-16,8,4,-208,28,8,4,-204,0,8,8,-200,8,8
7298,0x55a1bd67937e,W,0x7ffee78d5c8c,1,8,4,24,0,4,224,24,0,0,228,4,232,-20,0,4,236,-8,-220,0,0,0,-216,0,0,0,-212,-24,0,-4,-208,20,0
7301,0x55a1bd6793b1,R,0x7ffee78d5c84,1,0,-8,-4,-8,4,216,-8,-8,0,220,-4,-8,-8,-8,-8,228,-16,-212,4,8,28,-208,4,8,0,-204,8,8,8,-200,8,8
7303,0x55a1bd6793b4,R,0x7ffee78d5c74,1,-16,-24,-20,-20,0,200,-20,-24,0,204,-24,-24,-24,208,-44,212,24,-196,24,24,24,-192,24,24,0,-188,20,24,44,-184,24,-180
7306,0x55a1bd6793b9,R,0x7ffee78d5c8c,1,24,0,8,4,24,0,12,0,0,228,8,0,4,232,-20,0,-4,-220,20,0,-4,-216,-8,0,0,-212,0,0,20,0,-4,-204
7311,0x55a1bd67938a,R,0x7ffee78d5c88,1,-4,-4,4,0,0,-4,8,220,0,224,20,-4,-4,228,-4,-4,4,-216,4,4,4,-212,-20,4,0,-208,4,-204,4,4,0,4
7313,0x55a1bd67938d,R,0x7ffee78d5c8c,1,4,0,24,4,8,0,24,224,4,0,0,0,8,232,4,0,20,-220,-4,0,-8,-216,0,0,-4,0,20,-208,0,-204,0,0
7316,0x55a1bd679393,R,0x7ffee78d5ca0,1,20,20,20,24,28,20,24,244,32,20,20,248,44,252,20,20,-20,-240,-20,-20,-44,-236,-20,-232,-20,-20,0,-20,-24,-224,-28,-20
7318,0x55a1bd679397,R,0x7ffee78d5c8c,1,-20,0,4,4,24,0,8,224,24,0,4,228,24,0,8,0,-4,-220,-8,0,-24,0,-4,-212,0,-208,0,0,0,-204,-24,0
7321,0x55a1bd67939d,R,0x7ffee78d5c88,1,-4,-4,-4,0,-4,-4,4,220,0,-4,8,224,-4,-4,4,228,4,-216,-4,-212,4,4,0,4,24,-204,0,4,-4,-200,4,4
7326,0x55a1bd6793aa,W,0x7ffee78d5bb0,1,-216,-220,-240,-216,-216,-220,-196,4,-212,-220,-196,8,-216,-220,-196,12,220,220,196,4,220,8,220,220,220,12,220,220,196,16,216,220
7328,0x55a1bd6793ad,R,0x7ffee78d5c8c,1,4,220,0,4,0,0,0,224,8,0,4,228,12,0,0,232,-8,0,-24,0,-4,-212,20,0,-4,-208,-8,0,0,-204,0,0
7329,0x55a1bd6793ad,W,0x7ffee78d5c8c,1,0,220,0,0,-20,0,4,224,24,0,8,228,24,0,4,232,-8,-216,0,0,0,-212,0,0,0,-208,-24,0,-4,-204,20,0
7331,0x55a1bd6793b1,R,0x7ffee78d5c84,1,-8,-8,-4,-8,-28,-4,-8,216,-8,-8,0,220,-4,-8,4,224,-16,-208,4,8,28,-204,4,8,0,-200,8,8,8,-196,8,8
7333,0x55a1bd6793b4,R,0x7ffee78d5c74,1,-16,-24,-20,196,-24,-20,-24,-24,-20,-24,0,204,-16,-24,0,208,24,-192,24,24,24,-188,24,24,0,-184,20,24,44,-180,24,-176
7336,0x55a1bd6793b9,R,0x7ffee78d5c8c,1,24,0,0,220,0,0,-20,0,4,224,0,228,8,0,4,232,-4,-216,20,0,-4,-212,-8,0,0,-208,0,0,20,0,-4,-200
7341,0x55a1bd67938a,R,0x7ffee78d5c88,1,-4,-4,4,216,0,-4,-24,0,-4,220,-4,-4,20,-4,4,228,4,-212,4,4,4,-208,-20,4,0,-204,4,-200,4,4,0,4
7343,0x55a1bd67938d,R,0x7ffee78d5c8c,1,4,0,24,220,0,0,0,4,0,0,4,0,24,228,8,232,20,-216,-4,0,-8,-212,0,0,-4,0,20,-204,0,-200,0,0
7346,0x55a1bd679393,R,0x7ffee78d5ca0,1,20,20,20,240,28,20,24,24,0,20,24,244,20,248,28,20,-20,-236,-20,-20,-44,-232,-20,-228,-20,-20,0,-20,-24,-220,-28,-20
7348,0x55a1bd679397,R,0x7ffee78d5c8c,1,-20,0,4,220,24,0,0,4,0,0,0,224,0,0,24,0,-4,-216,-8,0,-24,0,-4,-208,0,-204,0,0,0,-200,-24,0
7351,0x55a1bd67939d,R,0x7ffee78d5c88,1,-4,-4,-4,216,-4,-4,4,0,0,-4,-24,220,0,-4,20,224,4,-212,-4,-208,4,4,0,4,24,-200,0,4,-4,-196,4,4
7356,0x55a1bd6793aa,W,0x7ffee78d5bb4,1,-212,-216,-236,4,-212,-216,-192,-212,-216,-216,-216,8,-216,-216,-216,12,216,216,192,4,216,8,216,216,216,12,216,216,192,16,212,216
7358,0x55a1bd6793ad,R,0x7ffee78d5c8c,1,4,216,0,220,0,0,0,4,8,0,4,224,-20,0,4,228,-8,0,-24,0,-4,-208,20,0,-4,-204,-8,0,0,-200,0,0
7359,0x55a1bd6793ad,W,0x7ffee78d5c8c,1,0,216,0,0,-20,0,4,4,24,0,0,224,0,0,0,228,-8,-212,0,0,0,-208,0,0,0,-204,-24,0,-4,-200,20,0
7361,0x55a1bd6793b1,R,0x7ffee78d5c84,1,-8,-8,-4,-8,-28,212,-8,-4,-8,-8,0,216,-4,-8,-28,220,-16,-204,4,8,28,-200,4,8,0,-196,8,8,8,-192,8,8
7363,0x55a1bd6793b4,R,0x7ffee78d5c74,1,-16,-24,-20,192,-24,196,-24,-24,-20,-24,0,200,-24,-24,-24,204,24,-188,24,24,24,-184,24,24,0,-180,20,24,44,-176,24,-172
7366,0x55a1bd6793b9,R,0x7ffee78d5c8c,1,24,0,0,216,0,0,-20,0,4,4,0,224,8,0,4,228,-4,-212,20,0,-4,-208,-8,0,0,-204,0,0,20,0,-4,-196
7371,0x55a1bd67938a,R,0x7ffee78d5c88,1,-4,-4,4,212,0,-4,-24,216,-4,0,-4,-4,20,-4,-4,224,4,-208,4,4,4,-204,-20,4,0,-200,4,-196,4,4,0,4
7373,0x55a1bd67938d,R,0x7ffee78d5c8c,1,4,0,24,216,0,0,0,220,0,0,4,0,24,224,8,228,20,-212,-4,0,-8,-208,0,0,-4,0,20,-200,0,-196,0,0
7376,0x55a1bd679393,R,0x7ffee78d5ca0,1,20,20,20,236,28,20,24,240,0,20,24,24,20,244,28,20,-20,-232,-20,-20,-44,-228,-20,-224,-20,-20,0,-20,-24,-216,-28,-20
7378,0x55a1bd679397,R,0x7ffee78d5c8c,1,-20,0,4,216,24,0,0,220,0,0,0,4,0,0,24,0,-4,-212,-8,0,-24,0,-4,-204,0,-200,0,0,0,-196,-24,0
7381,0x55a1bd67939d,R,0x7ffee78d5c88,1,-4,-4,-4,212,-4,-4,4,216,0,-4,-24,0,0,-4,20,220,4,-208,-4,-204,4,4,0,4,24,-196,0,4,-4,-192,4,4
7386,0x55a1bd6793aa,W,0x7ffee78d5bb8,1,-208,-212,-232,4,-208,-212,-188,8,-212,-212,-212,-208,-212,-212,-212,12,212,212,188,4,212,8,212,212,212,12,212,212,188,16,208,212
7388,0x55a1bd6793ad,R,0x7ffee78d5c8c,1,4,212,0,216,0,0,0,220,8,0,4,4,-20,0,4,224,-8,0,-24,0,-4,-204,20,0,-4,-200,-8,0,0,-196,0,0
7389,0x55a1bd6793ad,W,0x7ffee78d5c8c,1,0,212,0,0,-20,0,4,220,24,0,0,4,0,0,0,224,-8,-208,0,0,0,-204,0,0,0,-200,-24,0,-4,-196,20,0
7391,0x55a1bd6793b1,R,0x7ffee78d5c84,1,-8,-8,-4,-8,-28,208,-8,212,-8,-8,0,-4,-4,-8,-28,216,-16,-200,4,8,28,-196,4,8,0,-192,8,8,8,-188,8,8
7393,0x55a1bd6793b4,R,0x7ffee78d5c74,1,-16,-24,-20,188,-24,192,-24,-24,-20,-24,0,-20,-24,-24,-24,200,24,-184,24,24,24,-180,24,24,0,-176,20,24,44,-172,24,-168
7396,0x55a1bd6793b9,R,0x7ffee78d5c8c,1,24,0,0,212,0,0,-20,0,4,220,0,4,8,0,4,224,-4,-208,20,0,-4,-204,-8,0,0,-200,0,0,20,0,-4,-192
7401,0x55a1bd67938a,R,0x7ffee78d5c88,1,-4,-4,4,208,0,-4,-24,212,-4,216,-4,-4,20,-4,-4,220,4,-204,4,4,4,-200,-20,4,0,-196,4,-192,4,4,0,4
7403,0x55a1bd67938d,R,0x7ffee78d5c8c,1,4,0,24,212,0,0,0,216,0,0,4,0,24,4,8,224,20,-208,-4,0,-8,-204,0,0,-4,0,20,-196,0,-192,0,0
7406,0x55a1bd679393,R,0x7ffee78d5ca0,1,20,20,20,232,28,20,24,236,0,20,24,240,20,24,28,20,-20,-228,-20,-20,-44,-224,-20,-220,-20,-20,0,-20,-24,-212,-28,-20
7408,0x55a1bd679397,R,0x7ffee78d5c8c,1,-20,0,4,212,24,0,0,216,0,0,0,220,0,0,24,0,-4,-208,-8,0,-24,0,-4,-200,0,-196,0,0,0,-192,-24,0
7411,0x55a1bd67939d,R,0x7ffee78d5c88,1,-4,-4,-4,208,-4,-4,4,212,0,-4,-24,216,0,-4,20,0,4,-204,-4,-200,4,4,0,4,24,-192,0,4,-4,-188,4,4
7416,0x55a1bd6793aa,W,0x7ffee78d5bbc,1,-204,-208,-228,4,-204,-208,-184,8,-208,-208,-208,12,-208,-208,-208,-204,208,208,184,4,208,8,208,208,208,12,208,208,184,16,204,208
7418,0x55a1bd6793ad,R,0x7ffee78d5c8c,1,4,208,0,212,0,0,0,216,8,0,4,220,-20,0,4,4,-8,0,-24,0,-4,-200,20,0,-4,-196,-8,0,0,-192,0,0
7419,0x55a1bd6793ad,W,0x7ffee78d5c8c,1,0,208,0,0,-20,0,4,216,24,0,0,220,0,0,0,4,-8,-204,0,0,0,-200,0,0,0,-196,-24,0,-4,-192,20,0
7421,0x55a1bd6793b1,R,0x7ffee78d5c84,1,-8,-8,-4,-8,-28,204,-8,208,-8,-8,0,212,-4,-8,-28,-4,-16,-196,4,8,28,-192,4,8,0,-188,8,8,8,-184,8,8
7423,0x55a1bd6793b4,R,0x7ffee78d5c74,1,-16,-24,-20,184,-24,188,-24,-24,-20,-24,0,196,-24,-24,-24,-20,24,-180,24,24,24,-176,24,24,0,-172,20,24,44,-168,24,-164
7426,0x55a1bd6793b9,R,0x7ffee78d5c8c,1,24,0,0,208,0,0,-20,0,4,216,0,220,8,0,4,4,-4,-204,20,0,-4,-200,-8,0,0,-196,0,0,20,0,-4,-188
7431,0x55a1bd67938a,R,0x7ffee78d5c88,1,-4,-4,4,204,0,-4,-24,208,-4,212,-4,-4,20,-4,-4,0,4,-200,4,4,4,-196,-20,4,0,-192,4,-188,4,4,0,4
7433,0x55a1bd67938d,R,0x7ffee78d5c8c,1,4,0,24,208,0,0,0,212,0,0,4,0,24,220,8,4,20,-204,-4,0,-8,-200,0,0,-4,0,20,-192,0,-188,0,0
7436,0x55a1bd679393,R,0x7ffee78d5ca0,1,20,20,20,228,28,20,24,232,0,20,24,236,20,240,28,20,-20,-224,-20,-20,-44,-220,-20,-216,-20,-20,0,-20,-24,-208,-28,-20
7438,0x55a1bd679397,R,0x7ffee78d5c8c,1,-20,0,4,208,24,0,0,212,0,0,0,216,0,0,24,0,-4,-204,-8,0,-24,0,-4,-196,0,-192,0,0,0,-188,-24,0
7441,0x55a1bd67939d,R,0x7ffee78d5c88,1,-4,-4,-4,204,-4,-4,4,208,0,-4,-24,212,0,-4,20,216,4,-200,-4,-196,4,4,0,4,24,-188,0,4,-4,-184,4,4
7446,0x55a1bd6793aa,W,0x7ffee78d5bc0,1,-200,-204,-224,4,-200,-204,-180,8,-204,-204,-204,12,-204,-204,-204,16,204,204,180,4,204,8,204,204,204,12,204,204,180,16,200,204
7448,0x55a1bd6793ad,R,0x7ffee78d5c8c,1,4,204,0,208,0,0,0,212,8,0,4,216,-20,0,4,220,-8,0,-24,0,-4,-196,20,0,-4,-192,-8,0,0,-188,0,0
7449,0x55a1bd6793ad,W,0x7ffee78d5c8c,1,0,204,0,0,-20,0,4,212,24,0,0,216,0,0,0,220,-8,-200,0,0,0,-196,0,0,0,-192,-24,0,-4,-188,20,0
7451,0x55a1bd6793b1,R,0x7ffee78d5c84,1,-8,-8,-4,-8,-28,200,-8,204,-8,-8,0,208,-4,-8,-28,212,-16,-192,4,8,28,-188,4,8,0,-184,8,8,8,-180,8,8
7453,0x55a1bd6793b4,R,0x7ffee78d5c74,1,-16,-24,-20,180,-24,184,-24,-24,-20,-24,0,192,-24,-24,-24,196,24,-176,24,24,24,-172,24,24,0,-168,20,24,44,-164,24,-160
7456,0x55a1bd6793b9,R,0x7ffee78d5c8c,1,24,0,0,204,0,0,-20,0,4,212,0,216,8,0,4,220,-4,-200,20,0,-4,-196,-8,0,0,-192,0,0,20,0,-4,-184
7461,0x55a1bd67938a,R,0x7ffee78d5c88,1,-4,-4,4,200,0,-4,-24,204,-4,208,-4,-4,20,-4,-4,216,4,-196,4,4,4,-192,-20,4,0,-188,4,-184,4,4,0,4
7463,0x55a1bd67938d,R,0x7ffee78d5c8c,1,4,0,24,204,0,0,0,208,0,0,4,0,24,216,8,220,20,-200,-4,0,-8,-196,0,0,-4,0,20,-188,0,-184,0,0
7466,0x55a1bd679393,R,0x7ffee78d5ca0,1,20,20,20,224,28,20,24,228,0,20,24,232,20,236,28,20,-20,-220,-20,-20,-44,-216,-20,-212,-20,-20,0,-20,-24,-204,-28,-20
7468,0x55a1bd679397,R,0x7ffee78d5c8c,1,-20,0,4,204,24,0,0,208,0,0,0,212,0,0,24,0,-4,-200,-8,0,-24,0,-4,-192,0,-188,0,0,0,-184,-24,0
7471,0x55a1bd67939d,R,0x7ffee78d5c88,1,-4,-4,-4,200,-4,-4,4,204,0,-4,-24,208,0,-4,20,212,4,-196,-4,-192,4,4,0,4,24,-184,0,4,-4,-180,4,4
7476,0x55a1bd6793aa,W,0x7ffee78d5bc4,1,-196,-200,-220,4,-196,-200,-176,8,-200,-200,-200,12,-200,-200,-200,16,200,200,176,4,200,8,200,200,200,12,200,200,176,16,196,200
7478,0x55a1bd6793ad,R,0x7ffee78d5c8c,1,4,200,0,204,0,0,0,208,8,0,4,212,-20,0,4,216,-8,0,-24,0,-4,-192,20,0,-4,-188,-8,0,0,-184,0,0
7479,0x55a1bd6793ad,W,0x7ffee78d5c8c,1,0,200,0,0,-20,0,4,208,24,0,0,212,0,0,0,216,-8,-196,0,0,0,-192,0,0,0,-188,-24,0,-4,-184,20,0
7481,0x55a1bd6793b1,R,0x7ffee78d5c84,1,-8,-8,-4,-8,-28,196,-8,200,-8,-8,0,204,-4,-8,-28,208,-16,-188,4,8,28,-184,4,8,0,-180,8,8,8,-176,8,8
7483,0x55a1bd6793b4,R,0x7ffee78d5c74,1,-16,-24,-20,176,-24,180,-24,-24,-20,-24,0,188,-24,-24,-24,192,24,-172,24,24,24,-168,24,24,0,-164,20,24,44,-160,24,-156
7486,0x55a1bd6793b9,R,0x7ffee78d5c8c,1,24,0,0,200,0,0,-20,0,4,208,0,212,8,0,4,216,-4,-196,20,0,-4,-192,-8,0,0,-188,0,0,20,0,-4,-180
7491,0x55a1bd67938a,R,0x7ffee78d5c88,1,-4,-4,4,196,0,-4,-24,200,-4,204,-4,-4,20,-4,-4,212,4,-192,4,4,4,-188,-20,4,0,-184,4,-180,4,4,0,4
7493,0x55a1bd67938d,R,0x7ffee78d5c8c,1,4,0,24,200,0,0,0,204,0,0,4,0,24,212,8,216,20,-196,-4,0,-8,-192,0,0,-4,0,20,-184,0,-180,0,0
7496,0x55a1bd679393,R,0x7ffee78d5ca0,1,20,20,20,220,28,20,24,224,0,20,24,228,20,232,28,20,-20,-216,-20,-20,-44,-212,-20,-208,-20,-20,0,-20,-24,-200,-28,-20
7498,0x55a1bd679397,R,0x7ffee78d5c8c,1,-20,0,4,200,24,0,0,204,0,0,0,208,0,0,24,0,-4,-196,-8,0,-24,0,-4,-188,0,-184,0,0,0,-180,-24,0
7501,0x55a1bd67939d,R,0x7ffee78d5c88,1,-4,-4,-4,196,-4,-4,4,200,0,-4,-24,204,0,-4,20,208,4,-192,-4,-188,4,4,0,4,24,-180,0,4,-4,-176,4,4
7506,0x55a1bd6793aa,W,0x7ffee78d5bc8,1,-192,-196,-216,4,-192,-196,-172,8,-196,-196,-196,12,-196,-196,-196,16,196,196,172,4,196,8,196,196,196,12,196,196,172,16,192,196
7508,0x55a1bd6793ad,R,0x7ffee78d5c8c,1,4,196,0,200,0,0,0,204,8,0,4,208,-20,0,4,212,-8,0,-24,0,-4,-188,20,0,-4,-184,-8,0,0,-180,0,0
7509,0x55a1bd6793ad,W,0x7ffee78d5c8c,1,0,196,0,0,-20,0,4,204,24,0,0,208,0,0,0,212,-8,-192,0,0,0,-188,0,0,0,-184,-24,0,-4,-180,20,0
7511,0x55a1bd6793b1,R,0x7ffee78d5c84,1,-8,-8,-4,-8,-28,192,-8,196,-8,-8,0,200,-4,-8,-28,204,-16,-184,4,8,28,-180,4,8,0,-176,8,8,8,-172,8,8
7513,0x55a1bd6793b4,R,0x7ffee78d5c74,1,-16,-24,-20,172,-24,176,-24,-24,-20,-24,0,184,-24,-24,-24,188,24,-168,24,24,24,-164,24,24,0,-160,20,24,44,-156,24,-152
7516,0x55a1bd6793b9,R,0x7ffee78d5c8c,1,24,0,0,196,0,0,-20,0,4,204,0,208,8,0,4,212,-4,-192,20,0,-4,-188,-8,0,0,-184,0,0,20,0,-4,-176
7521,0x55a1bd67938a,R,0x7ffee78d5c88,1,-4,-4,4,192,0,-4,-24,196,-4,200,-4,-4,20,-4,-4,208,4,-188,4,4,4,-184,-20,4,0,-180,4,-176,4,4,0,4
7523,0x55a1bd67938d,R,0x7ffee78d5c8c,1,4,0,24,196,0,0,0,200,0,0,4,0,24,208,8,212,20,-192,-4,0,-8,-188,0,0,-4,0,20,-180,0,-176,0,0
7526,0x55a1bd679393,R,0x7ffee78d5ca0,1,20,20,20,216,28,20,24,220,0,20,24,224,20,228,28,20,-20,-212,-20,-20,-44,-208,-20,-204,-20,-20,0,-20,-24,-196,-28,-20
7528,0x55a1bd679397,R,0x7ffee78d5c8c,1,-20,0,4,196,24,0,0,200,0,0,0,204,0,0,24,0,-4,-192,-8,0,-24,0,-4,-184,0,-180,0,0,0,-176,-24,0
7531,0x55a1bd67939d,R,0x7ffee78d5c88,1,-4,-4,-4,192,-4,-4,4,196,0,-4,-24,200,0,-4,20,204,4,-188,-4,-184,4,4,0,4,24,-176,0,4,-4,-172,4,4
7536,0x55a1bd6793aa,W,0x7ffee78d5bcc,1,-188,-192,-212,4,-188,-192,-168,8,-192,-192,-192,12,-192,-192,-192,16,192,192,168,4,192,8,192,192,192,12,192,192,168,16,188,192
7538,0x55a1bd6793ad,R,0x7ffee78d5c8c,1,4,192,0,196,0,0,0,200,8,0,4,204,-20,0,4,208,-8,0,-24,0,-4,-184,20,0,-4,-180,-8,0,0,-176,0,0
7539,0x55a1bd6793ad,W,0x7ffee78d5c8c,1,0,192,0,0,-20,0,4,200,24,0,0,204,0,0,0,208,-8,-188,0,0,0,-184,0,0,0,-180,-24,0,-4,-176,20,0
7541,0x55a1bd6793b1,R,0x7ffee78d5c84,1,-8,-8,-4,-8,-28,188,-8,192,-8,-8,0,196,-4,-8,-28,200,-16,-180,4,8,28,-176,4,8,0,-172,8,8,8,-168,8,8
7543,0x55a1bd6793b4,R,0x7ffee78d5c74,1,-16,-24,-20,168,-24,172,-24,-24,-20,-24,0,180,-24,-24,-24,184,24,-164,24,24,24,-160,24,24,0,-156,20,24,44,-152,24,-148
7546,0x55a1bd6793b9,R,0x7ffee78d5c8c,1,24,0,0,192,0,0,-20,0,4,200,0,204,8,0,4,208,-4,-188,20,0,-4,-184,-8,0,0,-180,0,0,20,0,-4,-172
7551,0x55a1bd67938a,R,0x7ffee78d5c88,1,-4,-4,4,188,0,-4,-24,192,-4,196,-4,-4,20,-4,-4,204,4,-184,4,4,4,-180,-20,4,0,-176,4,-172,4,4,0,4
7553,0x55a1bd67938d,R,0x7ffee78d5c8c,1,4,0,24,192,0,0,0,196,0,0,4,0,24,204,8,208,20,-188,-4,0,-8,-184,0,0,-4,0,20,-176,0,-172,0,0
7556,0x55a1bd679393,R,0x7ffee78d5ca0,1,20,20,20,212,28,20,24,216,0,20,24,220,20,224,28,20,-20,-208,-20,-20,-44,-204,-20,-200,-20,-20,0,-20,-24,-192,-28,-20
7558,0x55a1bd679397,R,0x7ffee78d5c8c,1,-20,0,4,192,24,0,0,196,0,0,0,200,0,0,24,0,-4,-188,-8,0,-24,0,-4,-180,0,-176,0,0,0,-172,-24,0
7561,0x55a1bd67939d,R,0x7ffee78d5c88,1,-4,-4,-4,188,-4,-4,4,192,0,-4,-24,196,0,-4,20,200,4,-184,-4,-180,4,4,0,4,24,-172,0,4,-4,-168,4,4
7566,0x55a1bd6793aa,W,0x7ffee78d5bd0,1,-184,-188,-208,4,-184,-188,-164,8,-188,-188,-188,12,-188,-188,-188,16,188,188,164,4,188,8,188,188,188,12,188,188,164,16,184,188
7568,0x55a1bd6793ad,R,0x7ffee78d5c8c,1,4,188,0,192,0,0,0,196,8,0,4,200,-20,0,4,204,-8,0,-24,0,-4,-180,20,0,-4,-176,-8,0,0,-172,0,0
7569,0x55a1bd6793ad,W,0x7ffee78d5c8c,1,0,188,0,0,-20,0,4,196,24,0,0,200,0,0,0,204,-8,-184,0,0,0,-180,0,0,0,-176,-24,0,-4,-172,20,0
7571,0x55a1bd6793b1,R,0x7ffee78d5c84,1,-8,-8,-4,-8,-28,184,-8,188,-8,-8,0,192,-4,-8,-28,196,-16,-176,4,8,28,-172,4,8,0,-168,8,8,8,-164,8,8
7573,0x55a1bd6793b4,R,0x7ffee78d5c74,1,-16,-24,-20,164,-24,168,-24,-24,-20,-24,0,176,-24,-24,-24,180,24,-160,24,24,24,-156,24,24,0,-152,20,24,44,-148,24,-144
7576,0x55a1bd6793b9,R,0x7ffee78d5c8c,1,24,0,0,188,0,0,-20,0,4,196,0,200,8,0,4,204,-4,-184,20,0,-4,-180,-8,0,0,-176,0,0,20,0,-4,-168
7581,0x55a1bd67938a,R,0x7ffee78d5c88,1,-4,-4,4,184,0,-4,-24,188,-4,192,-4,-4,20,-4,-4,200,4,-180,4,4,4,-176,-20,4,0,-172,4,-168,4,4,0,4
7583,0x55a1bd67938d,R,0x7ffee78d5c8c,1,4,0,24,188,0,0,0,192,0,0,4,0,24,200,8,204,20,-184,-4,0,-8,-180,0,0,-4,0,20,-172,0,-168,0,0
7586,0x55a1bd679393,R,0x7ffee78d5ca0,1,20,20,20,208,28,20,24,212,0,20,24,216,20,220,28,20,-20,-204,-20,-20,-44,-200,-20,-196,-20,-20,0,-20,-24,-188,-28,-20
7588,0x55a1bd679397,R,0x7ffee78d5c8c,1,-20,0,4,188,24,0,0,192,0,0,0,196,0,0,24,0,-4,-184,-8,0,-24,0,-4,-176,0,-172,0,0,0,-168,-24,0
7591,0x55a1bd67939d,R,0x7ffee78d5c88,1,-4,-4,-4,184,-4,-4,4,188,0,-4,-24,192,0,-4,20,196,4,-180,-4,-176,4,4,0,4,24,-168,0,4,-4,-164,4,4
7596,0x55a1bd6793aa,W,0x7ffee78d5bd4,1,-180,-184,-204,4,-180,-184,-160,8,-184,-184,-184,12,-184,-184,-184,16,184,184,160,4,184,8,184,184,184,12,184,184,160,16,180,184
7598,0x55a1bd6793ad,R,0x7ffee78d5c8c,1,4,184,0,188,0,0,0,192,8,0,4,196,-20,0,4,200,-8,0,-24,0,-4,-176,20,0,-4,-172,-8,0,0,-168,0,0
7599,0x55a1bd6793ad,W,0x7ffee78d5c8c,1,0,184,0,0,-20,0,4,192,24,0,0,196,0,0,0,200,-8,-180,0,0,0,-176,0,0,0,-172,-24,0,-4,-168,20,0
7601,0x55a1bd6793b1,R,0x7ffee78d5c84,1,-8,-8,-4,-8,-28,180,-8,184,-8,-8,0,188,-4,-8,-28,192,-16,-172,4,8,28,-168,4,8,0,-164,8,8,8,-160,8,8
7603,0x55a1bd6793b4,R,0x7ffee78d5c74,1,-16,-24,-20,160,-24,164,-24,-24,-20,-24,0,172,-24,-24,-24,176,24,-156,24,24,24,-152,24,24,0,-148,20,24,44,-144,24,-140
7606,0x55a1bd6793b9,R,0x7ffee78d5c8c,1,24,0,0,184,0,0,-20,0,4,192,0,196,8,0,4,200,-4,-180,20,0,-4,-176,-8,0,0,-172,0,0,20,0,-4,-164
7611,0x55a1bd67938a,R,0x7ffee78d5c88,1,-4,-4,4,180,0,-4,-24,184,-4,188,-4,-4,20,-4,-4,196,4,-176,4,4,4,-172,-20,4,0,-168,4,-164,4,4,0,4
7613,0x55a1bd67938d,R,0x7ffee78d5c8c,1,4,0,24,184,0,0,0,188,0,0,4,0,24,196,8,200,20,-180,-4,0,-8,-176,0,0,-4,0,20,-168,0,-164,0,0
7616,0x55a1bd679393,R,0x7ffee78d5ca0,1,20,20,20,204,28,20,24,208,0,20,24,212,20,216,28,20,-20,-200,-20,-20,-44,-196,-20,-192,-20,-20,0,-20,-24,-184,-28,-20
7618,0x55a1bd679397,R,0x7ffee78d5c8c,1,-20,0,4,184,24,0,0,188,0,0,0,192,0,0,24,0,-4,-180,-8,0,-24,0,-4,-172,0,-168,0,0,0,-164,-24,0
7621,0x55a1bd67939d,R,0x7ffee78d5c88,1,-4,-4,-4,180,-4,-4,4,184,0,-4,-24,188,0,-4,20,192,4,-176,-4,-172,4,4,0,4,24,-164,0,4,-4,-160,4,4
7626,0x55a1bd6793aa,W,0x7ffee78d5bd8,1,-176,-180,-200,4,-176,-180,-156,8,-180,-180,-180,12,-180,-180,-180,16,180,180,156,4,180,8,180,180,180,12,180,180,156,16,176,180
7628,0x55a1bd6793ad,R,0x7ffee78d5c8c,1,4,180,0,184,0,0,0,188,8,0,4,192,-20,0,4,196,-8,0,-24,0,-4,-172,20,0,-4,-168,-8,0,0,-164,0,0
7629,0x55a1bd6793ad,W,0x7ffee78d5c8c,1,0,180,0,0,-20,0,4,188,24,0,0,192,0,0,0,196,-8,-176,0,0,0,-172,0,0,0,-168,-24,0,-4,-164,20,0
7631,0x55a1bd6793b1,R,0x7ffee78d5c84,1,-8,-8,-4,-8,-28,176,-8,180,-8,-8,0,184,-4,-8,-28,188,-16,-168,4,8,28,-164,4,8,0,-160,8,8,8,-156,8,8
7633,0x55a1bd6793b4,R,0x7ffee78d5c74,1,-16,-24,-20,156,-24,160,-24,-24,-20,-24,0,168,-24,-24,-24,172,24,-152,24,24,24,-148,24,24,0,-144,20,24,44,-140,24,-136
7636,0x55a1bd6793b9,R,0x7ffee78d5c8c,1,24,0,0,180,0,0,-20,0,4,188,0,192,8,0,4,196,-4,-176,20,0,-4,-172,-8,0,0,-168,0,0,20,0,-4,-160
7641,0x55a1bd67938a,R,0x7ffee78d5c88,1,-4,-4,4,176,0,-4,-24,180,-4,184,-4,-4,20,-4,-4,192,4,-172,4,4,4,-168,-20,4,0,-164,4,-160,4,4,0,4
7643,0x55a1bd67938d,R,0x7ffee78d5c8c,1,4,0,24,180,0,0,0,184,0,0,4,0,24,192,8,196,20,-176,-4,0,-8,-172,0,0,-4,0,20,-164,0,-160,0,0
7646,0x55a1bd679393,R,0x7ffee78d5ca0,1,20,20,20,200,28,20,24,204,0,20,24,208,20,212,28,20,-20,-196,-20,-20,-44,-192,-20,-188,-20,-20,0,-20,-24,-180,-28,-20
7648,0x55a1bd679397,R,0x7ffee78d5c8c,1,-20,0,4,180,24,0,0,184,0,0,0,188,0,0,24,0,-4,-176,-8,0,-24,0,-4,-168,0,-164,0,0,0,-160,-24,0
7651,0x55a1bd67939d,R,0x7ffee78d5c88,1,-4,-4,-4,176,-4,-4,4,180,0,-4,-24,184,0,-4,20,188,4,-172,-4,-168,4,4,0,4,24,-160,0,4,-4,-156,4,4
7656,0x55a1bd6793aa,W,0x7ffee78d5bdc,1,-172,-176,-196,4,-172,-176,-152,8,-176,-176,-176,12,-176,-176,-176,16,176,176,152,4,176,8,176,176,176,12,176,176,152,16,172,176
7658,0x55a1bd6793ad,R,0x7ffee78d5c8c,1,4,176,0,180,0,0,0,184,8,0,4,188,-20,0,4,192,-8,0,-24,0,-4,-168,20,0,-4,-164,-8,0,0,-160,0,0
7659,0x55a1bd6793ad,W,0x7ffee78d5c8c,1,0,176,0,0,-20,0,4,184,24,0,0,188,0,0,0,192,-8,-172,0,0,0,-168,0,0,0,-164,-24,0,-4,-160,20,0
7661,0x55a1bd6793b1,R,0x7ffee78d5c84,1,-8,-8,-4,-8,-28,172,-8,176,-8,-8,0,180,-4,-8,-28,184,-16,-164,4,8,28,-160,4,8,0,-156,8,8,8,-152,8,8
7663,0x55a1bd6793b4,R,0x7ffee78d5c74,1,-16,-24,-20,152,-24,156,-24,-24,-20,-24,0,164,-24,-24,-24,168,24,-148,24,24,24,-144,24,24,0,-140,20,24,44,-136,24,20
7666,0x55a1bd6793b9,R,0x7ffee78d5c8c,1,24,0,0,176,0,0,-20,0,4,184,0,188,8,0,4,192,-4,-172,20,0,-4,-168,-8,0,0,-164,0,0,20,0,-4,-4
7671,0x55a1bd67938a,R,0x7ffee78d5c88,1,-4,-4,4,172,0,-4,-24,176,-4,180,-4,-4,20,-4,-4,188,4,-168,4,4,4,-164,-20,4,0,-160,4,-156,4,4,0,4
7673,0x55a1bd67938d,R,0x7ffee78d5c8c,1,4,0,24,176,0,0,0,180,0,0,4,0,24,188,8,192,20,-172,-4,0,-8,-168,0,0,-4,0,20,-160,0,-4,0,0
7676,0x55a1bd679393,R,0x7ffee78d5ca0,1,20,20,20,196,28,20,24,200,0,20,24,204,20,208,28,20,-20,-192,-20,-20,-44,-188,-20,-184,-20,-20,0,-20,-24,-24,-28,-20
7678,0x55a1bd679397,R,0x7ffee78d5c8c,1,-20,0,4,176,24,0,0,180,0,0,0,184,0,0,24,0,-4,-172,-8,0,-24,0,-4,-164,0,-160,0,0,0,-4,-24,0
7681,0x55a1bd67939d,R,0x7ffee78d5c88,1,-4,-4,-4,172,-4,-4,4,176,0,-4,-24,180,0,-4,20,184,4,-168,-4,-164,4,4,0,4,24,-156,0,4,-4,0,4,4
7686,0x55a1bd6793aa,W,0x7ffee78d5be0,1,-168,-172,-192,4,-168,-172,-148,8,-172,-172,-172,12,-172,-172,-172,16,172,172,148,4,172,8,172,172,172,12,172,172,148,168,168,172
7688,0x55a1bd6793ad,R,0x7ffee78d5c8c,1,4,172,0,176,0,0,0,180,8,0,4,184,-20,0,4,188,-8,0,-24,0,-4,-164,20,0,-4,-160,-8,0,0,-4,0,0
7689,0x55a1bd6793ad,W,0x7ffee78d5c8c,1,0,172,0,0,-20,0,4,180,24,0,0,184,0,0,0,188,-8,-168,0,0,0,-164,0,0,0,-160,-24,0,-4,-4,20,0
7691,0x55a1bd6793b1,R,0x7ffee78d5c84,1,-8,-8,-4,-8,-28,168,-8,172,-8,-8,0,176,-4,-8,-28,180,-16,-160,4,8,28,-156,4,8,0,-152,8,8,8,4,8,8
7693,0x55a1bd6793b4,R,0x7ffee78d5c74,1,-16,-24,-20,148,-24,152,-24,-24,-20,-24,0,160,-24,-24,-24,164,24,-144,24,24,24,-140,24,24,0,-136,20,24,44,20,24,-132
7696,0x55a1bd6793b9,R,0x7ffee78d5c8c,1,24,0,0,172,0,0,-20,0,4,180,0,184,8,0,4,188,-4,-168,20,0,-4,-164,-8,0,0,-160,0,0,20,0,-4,-156
7701,0x55a1bd67938a,R,0x7ffee78d5c88,1,-4,-4,4,168,0,-4,-24,172,-4,176,-4,-4,20,-4,-4,184,4,-164,4,4,4,-160,-20,4,0,-156,4,0,4,4,0,4
7703,0x55a1bd67938d,R,0x7ffee78d5c8c,1,4,0,24,172,0,0,0,176,0,0,4,0,24,184,8,188,20,-168,-4,0,-8,-164,0,0,-4,0,20,-4,0,-156,0,0
7706,0x55a1bd679393,R,0x7ffee78d5ca0,1,20,20,20,192,28,20,24,196,0,20,24,200,20,204,28,20,-20,-188,-20,-20,-44,-184,-20,-180,-20,-20,0,-20,-24,-176,-28,-20
7708,0x55a1bd679397,R,0x7ffee78d5c8c,1,-20,0,4,172,24,0,0,176,0,0,0,180,0,0,24,0,-4,-168,-8,0,-24,0,-4,-160,0,-4,0,0,0,-156,-24,0
7711,0x55a1bd67939d,R,0x7ffee78d5c88,1,-4,-4,-4,168,-4,-4,4,172,0,-4,-24,176,0,-4,20,180,4,-164,-4,-160,4,4,0,4,24,0,0,4,-4,-152,4,4
7716,0x55a1bd6793aa,W,0x7ffee78d5be4,1,-164,-168,-188,4,-164,-168,-144,8,-168,-168,-168,12,-168,-168,-168,16,168,168,144,4,168,8,168,168,168,164,168,168,144,12,164,168
7718,0x55a1bd6793ad,R,0x7ffee78d5c8c,1,4,168,0,172,0,0,0,176,8,0,4,180,-20,0,4,184,-8,0,-24,0,-4,-160,20,0,-4,-4,-8,0,0,-156,0,0
7719,0x55a1bd6793ad,W,0x7ffee78d5c8c,1,0,168,0,0,-20,0,4,176,24,0,0,180,0,0,0,184,-8,-164,0,0,0,-160,0,0,0,-4,-24,0,-4,-156,20,0
7721,0x55a1bd6793b1,R,0x7ffee78d5c84,1,-8,-8,-4,-8,-28,164,-8,168,-8,-8,0,172,-4,-8,-28,176,-16,-156,4,8,28,-152,4,8,0,4,8,8,8,-148,8,8
7723,0x55a1bd6793b4,R,0x7ffee78d5c74,1,-16,-24,-20,144,-24,148,-24,-24,-20,-24,0,156,-24,-24,-24,160,24,-140,24,24,24,-136,24,24,0,20,20,24,44,-132,24,-128
7726,0x55a1bd6793b9,R,0x7ffee78d5c8c,1,24,0,0,168,0,0,-20,0,4,176,0,180,8,0,4,184,-4,-164,20,0,-4,-160,-8,0,0,-4,0,0,20,0,-4,-152
7731,0x55a1bd67938a,R,0x7ffee78d5c88,1,-4,-4,4,164,0,-4,-24,168,-4,172,-4,-4,20,-4,-4,180,4,-160,4,4,4,-156,-20,4,0,0,4,-152,4,4,0,4
7733,0x55a1bd67938d,R,0x7ffee78d5c8c,1,4,0,24,168,0,0,0,172,0,0,4,0,24,180,8,184,20,-164,-4,0,-8,-160,0,0,-4,0,20,-156,0,-152,0,0
7736,0x55a1bd679393,R,0x7ffee78d5ca0,1,20,20,20,188,28,20,24,192,0,20,24,196,20,200,28,20,-20,-184,-20,-20,-44,-180,-20,-24,-20,-20,0,-20,-24,-172,-28,-20
7738,0x55a1bd679397,R,0x7ffee78d5c8c,1,-20,0,4,168,24,0,0,172,0,0,0,176,0,0,24,0,-4,-164,-8,0,-24,0,-4,-4,0,-156,0,0,0,-152,-24,0
7741,0x55a1bd67939d,R,0x7ffee78d5c88,1,-4,-4,-4,164,-4,-4,4,168,0,-4,-24,172,0,-4,20,176,4,-160,-4,-156,4,4,0,4,24,-152,0,4,-4,-148,4,4
7746,0x55a1bd6793aa,W,0x7ffee78d5be8,1,-160,-164,-184,4,-160,-164,-140,8,-164,-164,-164,12,-164,-164,-164,16,164,164,140,4,164,160,164,164,164,8,164,164,140,12,160,164
7748,0x55a1bd6793ad,R,0x7ffee78d5c8c,1,4,164,0,168,0,0,0,172,8,0,4,176,-20,0,4,180,-8,0,-24,0,-4,-4,20,0,-4,-156,-8,0,0,-152,-12,0
7749,0x55a1bd6793ad,W,0x7ffee78d5c8c,1,0,164,0,0,-20,0,4,172,24,0,0,176,0,0,0,180,-8,-160,0,0,0,-4,0,0,0,-156,-24,0,-4,-152,-24,0
7751,0x55a1bd6793b1,R,0x7ffee78d5c84,1,-8,-8,-4,-8,-28,160,-8,164,-8,-8,0,168,-4,-8,-28,172,-16,-152,4,8,28,4,4,8,0,-148,8,8,-4,-144,4,8
7753,0x55a1bd6793b4,R,0x7ffee78d5c74,1,-16,-24,-20,140,-24,144,-24,-24,-20,-24,0,152,-24,-24,-24,156,24,-136,24,24,24,20,24,24,0,-132,20,24,0,-128,20,-124
7756,0x55a1bd6793b9,R,0x7ffee78d5c8c,1,24,0,0,164,0,0,-20,0,4,172,0,176,8,0,4,180,-4,-160,20,0,-4,-4,-8,0,0,-156,-12,0,-24,0,-8,-148
7761,0x55a1bd67938a,R,0x7ffee78d5c88,1,-4,-4,4,160,0,-4,-24,164,-4,168,-4,-4,20,-4,-4,176,4,-156,4,4,4,0,-20,4,0,-152,-8,-148,0,4,-4,4
7763,0x55a1bd67938d,R,0x7ffee78d5c8c,1,4,0,24,164,0,0,0,168,0,0,4,0,24,176,8,180,20,-160,-4,0,-8,-4,0,0,-4,0,-24,-152,-4,-148,-8,0
7766,0x55a1bd679393,R,0x7ffee78d5ca0,1,20,20,20,184,28,20,24,188,0,20,24,192,20,196,28,20,-20,-180,-20,-20,-44,-24,-20,-176,-32,-20,-44,-20,-28,-168,-44,-20
7768,0x55a1bd679397,R,0x7ffee78d5c8c,1,-20,0,4,164,24,0,0,168,0,0,0,172,0,0,24,0,-4,-160,-8,0,-24,0,-4,-156,-12,-152,-4,0,-8,-148,0,0
7771,0x55a1bd67939d,R,0x7ffee78d5c88,1,-4,-4,-4,160,-4,-4,4,164,0,-4,-24,168,0,-4,20,172,4,-156,-4,0,4,4,0,4,-20,-148,-4,4,-20,-144,0,4
7776,0x55a1bd6793aa,W,0x7ffee78d5bec,1,-156,-160,-180,4,-156,-160,-136,8,-160,-160,-160,12,-160,-160,-160,16,160,160,136,156,160,4,148,160,156,8,152,160,160,12,156,16
7778,0x55a1bd6793ad,R,0x7ffee78d5c8c,1,4,160,0,164,0,0,0,168,8,0,4,172,-20,0,4,176,-8,0,-24,0,-4,-156,-24,0,-8,-152,-24,0,0,0,0,-144
7779,0x55a1bd6793ad,W,0x7ffee78d5c8c,1,0,160,0,0,-20,0,4,168,24,0,0,172,0,0,0,176,-8,-4,0,0,-12,-156,-4,0,-8,-152,-24,-148,-4,0,20,-144
7781,0x55a1bd6793b1,R,0x7ffee78d5c84,1,-8,-8,-4,-8,-28,156,-8,160,-8,-8,0,164,-4,-8,-28,168,-16,4,4,8,-16,-148,0,8,0,8,8,-140,8,8,8,-136
7783,0x55a1bd6793b4,R,0x7ffee78d5c74,1,-16,-24,-20,136,-24,140,-24,-24,-20,-24,0,148,-24,-24,-24,152,24,20,12,24,20,-132,16,-128,0,24,20,-124,44,24,20,-120
7786,0x55a1bd6793b9,R,0x7ffee78d5c8c,1,24,0,0,160,0,0,-20,0,4,168,0,172,8,0,4,176,-4,-4,-24,0,-4,0,-8,-152,0,0,0,-148,0,0,-4,0
7789,0x55a1bd6793be,R,0x7ffee78d5c88,1,-4,-4,4,156,0,-4,-24,160,-4,164,-4,-4,20,-4,-4,172,-8,0,-20,-152,-4,4,-20,-148,0,4,24,-144,4,-140,4,4
7790,0x55a1bd6793be,W,0x7ffee78d5c88,1,0,-4,20,156,-4,-4,-4,160,-4,-4,0,-4,20,168,4,172,-8,4,0,-152,-4,4,4,-148,4,4,24,4,0,-140,-4,4
7792,0x55a1bd6793c2,R,0x7ffee78d5c80,1,-8,-8,-12,148,-4,-12,-8,152,-32,-12,-8,156,-12,160,-4,-12,-12,12,4,-144,-12,12,8,-140,12,-136,12,12,12,-132,-12,12
7794,0x55a1bd6793c5,R,0x7ffee78d5c74,1,-12,-20,-24,-24,0,-24,-24,140,-24,-24,-24,144,-24,-24,0,-24,20,24,16,-132,24,24,20,24,44,-124,20,24,16,-120,24,24
7797,0x55a1bd6793ca,R,0x7ffee78d5c88,1,20,0,0,-4,20,156,4,160,0,-4,-24,164,0,-4,20,168,-4,4,-20,-152,4,-148,4,4,4,-144,4,4,-20,-140,0,4
7800,0x55a1bd67937b,R,0x7ffee78d5c84,1,-4,-4,4,-8,-8,152,0,-8,-8,-8,-8,160,-8,-8,-8,164,0,8,-16,8,4,-144,28,8,4,-140,0,8,8,-136,8,8
7802,0x55a1bd67937e,W,0x7ffee78d5c8c,1,8,4,24,0,4,160,24,0,0,164,4,168,-20,0,4,172,-8,-156,0,0,0,-152,0,0,0,-148,-24,0,-4,-144,20,0
7805,0x55a1bd6793b1,R,0x7ffee78d5c84,1,0,-8,-4,-8,4,152,-8,-8,0,156,-4,-8,-8,-8,-8,164,-16,-148,4,8,28,-144,4,8,0,-140,8,8,8,-136,8,8
7807,0x55a1bd6793b4,R,0x7ffee78d5c74,1,-16,-24,-20,-20,0,136,-20,-24,0,140,-24,-24,-24,144,-44,148,24,-132,24,24,24,-128,24,24,0,-124,20,24,44,-120,24,-116
7810,0x55a1bd6793b9,R,0x7ffee78d5c8c,1,24,0,8,4,24,0,12,0,0,164,8,0,4,168,-20,0,-4,-156,20,0,-4,-152,-8,0,0,-148,0,0,20,0,-4,-140
7815,0x55a1bd67938a,R,0x7ffee78d5c88,1,-4,-4,4,0,0,-4,8,156,0,160,20,-4,-4,164,-4,-4,4,-152,4,4,4,-148,-20,4,0,-144,4,-140,4,4,0,4
7817,0x55a1bd67938d,R,0x7ffee78d5c8c,1,4,0,24,4,8,0,24,160,4,0,0,0,8,168,4,0,20,-156,-4,0,-8,-152,0,0,-4,0,20,-144,0,-140,0,0
7820,0x55a1bd679393,R,0x7ffee78d5ca0,1,20,20,20,24,28,20,24,180,32,20,20,184,44,188,20,20,-20,-176,-20,-20,-44,-172,-20,-168,-20,-20,0,-20,-24,-160,-28,-20
7822,0x55a1bd679397,R,0x7ffee78d5c8c,1,-20,0,4,4,24,0,8,160,24,0,4,164,24,0,8,0,-4,-156,-8,0,-24,0,-4,-148,0,-144,0,0,0,-140,-24,0
7825,0x55a1bd67939d,R,0x7ffee78d5c88,1,-4,-4,-4,0,-4,-4,4,156,0,-4,8,160,-4,-4,4,164,4,-152,-4,-148,4,4,0,4,24,-140,0,4,-4,-136,4,4
7830,0x55a1bd6793aa,W,0x7ffee78d5bf0,1,-152,-156,-176,-152,-152,-156,-132,4,-148,-156,-132,8,-152,-156,-132,12,156,156,132,4,156,8,156,156,156,12,156,156,132,16,152,156
7832,0x55a1bd6793ad,R,0x7ffee78d5c8c,1,4,156,0,4,0,0,0,160,8,0,4,164,12,0,0,168,-8,0,-24,0,-4,-148,20,0,-4,-144,-8,0,0,-140,0,0
7833,0x55a1bd6793ad,W,0x7ffee78d5c8c,1,0,156,0,0,-20,0,4,160,24,0,8,164,24,0,4,168,-8,-152,0,0,0,-148,0,0,0,-144,-24,0,-4,-140,20,0
7835,0x55a1bd6793b1,R,0x7ffee78d5c84,1,-8,-8,-4,-8,-28,-4,-8,152,-8,-8,0,156,-4,-8,4,160,-16,-144,4,8,28,-140,4,8,0,-136,8,8,8,-132,8,8
7837,0x55a1bd6793b4,R,0x7ffee78d5c74,1,-16,-24,-20,132,-24,-20,-24,-24,-20,-24,0,140,-16,-24,0,144,24,-128,24,24,24,-124,24,24,0,-120,20,24,44,-116,24,-112
7840,0x55a1bd6793b9,R,0x7ffee78d5c8c,1,24,0,0,156,0,0,-20,0,4,160,0,164,8,0,4,168,-4,-152,20,0,-4,-148,-8,0,0,-144,0,0,20,0,-4,-136
7845,0x55a1bd67938a,R,0x7ffee78d5c88,1,-4,-4,4,152,0,-4,-24,0,-4,156,-4,-4,20,-4,4,164,4,-148,4,4,4,-144,-20,4,0,-140,4,-136,4,4,0,4
7847,0x55a1bd67938d,R,0x7ffee78d5c8c,1,4,0,24,156,0,0,0,4,0,0,4,0,24,164,8,168,20,-152,-4,0,-8,-148,0,0,-4,0,20,-140,0,-136,0,0
7850,0x55a1bd679393,R,0x7ffee78d5ca0,1,20,20,20,176,28,20,24,24,0,20,24,180,20,184,28,20,-20,-172,-20,-20,-44,-168,-20,-164,-20,-20,0,-20,-24,-156,-28,-20
7852,0x55a1bd679397,R,0x7ffee78d5c8c,1,-20,0,4,156,24,0,0,4,0,0,0,160,0,0,24,0,-4,-152,-8,0,-24,0,-4,-144,0,-140,0,0,0,-136,-24,0
7855,0x55a1bd67939d,R,0x7ffee78d5c88,1,-4,-4,-4,152,-4,-4,4,0,0,-4,-24,156,0,-4,20,160,4,-148,-4,-144,4,4,0,4,24,-136,0,4,-4,-132,4,4
7860,0x55a1bd6793aa,W,0x7ffee78d5bf4,1,-148,-152,-172,4,-148,-152,-128,-148,-152,-152,-152,8,-152,-152,-152,12,152,152,128,4,152,8,152,152,152,12,152,152,128,16,148,152
7862,0x55a1bd6793ad,R,0x7ffee78d5c8c,1,4,152,0,156,0,0,0,4,8,0,4,160,-20,0,4,164,-8,0,-24,0,-4,-144,20,0,-4,-140,-8,0,0,-136,0,0
7863,0x55a1bd6793ad,W,0x7ffee78d5c8c,1,0,152,0,0,-20,0,4,4,24,0,0,160,0,0,0,164,-8,-148,0,0,0,-144,0,0,0,-140,-24,0,-4,-136,20,0
7865,0x55a1bd6793b1,R,0x7ffee78d5c84,1,-8,-8,-4,-8,-28,148,-8,-4,-8,-8,0,152,-4,-8,-28,156,-16,-140,4,8,28,-136,4,8,0,-132,8,8,8,-128,8,8
7867,0x55a1bd6793b4,R,0x7ffee78d5c74,1,-16,-24,-20,128,-24,132,-24,-24,-20,-24,0,136,-24,-24,-24,140,24,-124,24,24,24,-120,24,24,0,-116,20,24,44,-112,24,-108
7870,0x55a1bd6793b9,R,0x7ffee78d5c8c,1,24,0,0,152,0,0,-20,0,4,4,0,160,8,0,4,164,-4,-148,20,0,-4,-144,-8,0,0,-140,0,0,20,0,-4,-132
7875,0x55a1bd67938a,R,0x7ffee78d5c88,1,-4,-4,4,148,0,-4,-24,152,-4,0,-4,-4,20,-4,-4,160,4,-144,4,4,4,-140,-20,4,0,-136,4,-132,4,4,0,4
7877,0x55a1bd67938d,R,0x7ffee78d5c8c,1,4,0,24,152,0,0,0,156,0,0,4,0,24,160,8,164,20,-148,-4,0,-8,-144,0,0,-4,0,20,-136,0,-132,0,0
7880,0x55a1bd679393,R,0x7ffee78d5ca0,1,20,20,20,172,28,20,24,176,0,20,24,24,20,180,28,20,-20,-168,-20,-20,-44,-164,-20,-160,-20,-20,0,-20,-24,-152,-28,-20
7882,0x55a1bd679397,R,0x7ffee78d5c8c,1,-20,0,4,152,24,0,0,156,0,0,0,4,0,0,24,0,-4,-148,-8,0,-24,0,-4,-140,0,-136,0,0,0,-132,-24,0
7885,0x55a1bd67939d,R,0x7ffee78d5c88,1,-4,-4,-4,148,-4,-4,4,152,0,-4,-24,0,0,-4,20,156,4,-144,-4,-140,4,4,0,4,24,-132,0,4,-4,-128,4,4
7890,0x55a1bd6793aa,W,0x7ffee78d5bf8,1,-144,-148,-168,4,-144,-148,-124,8,-148,-148,-148,-144,-148,-148,-148,12,148,148,124,4,148,8,148,148,148,12,148,148,124,16,144,148
7892,0x55a1bd6793ad,R,0x7ffee78d5c8c,1,4,148,0,152,0,0,0,156,8,0,4,4,-20,0,4,160,-8,0,-24,0,-4,-140,20,0,-4,-136,-8,0,0,-132,0,0
7893,0x55a1bd6793ad,W,0x7ffee78d5c8c,1,0,148,0,0,-20,0,4,156,24,0,0,4,0,0,0,160,-8,-144,0,0,0,-140,0,0,0,-136,-24,0,-4,-132,20,0
7895,0x55a1bd6793b1,R,0x7ffee78d5c84,1,-8,-8,-4,-8,-28,144,-8,148,-8,-8,0,-4,-4,-8,-28,152,-16,-136,4,8,28,-132,4,8,0,-128,8,8,8,-124,8,8
7897,0x55a1bd6793b4,R,0x7ffee78d5c74,1,-16,-24,-20,124,-24,128,-24,-24,-20,-24,0,-20,-24,-24,-24,136,24,-120,24,24,24,-116,24,24,0,-112,20,24,44,-108,24,-104
7900,0x55a1bd6793b9,R,0x7ffee78d5c8c,1,24,0,0,148,0,0,-20,0,4,156,0,4,8,0,4,160,-4,-144,20,0,-4,-140,-8,0,0,-136,0,0,20,0,-4,-128
7905,0x55a1bd67938a,R,0x7ffee78d5c88,1,-4,-4,4,144,0,-4,-24,148,-4,152,-4,-4,20,-4,-4,156,4,-140,4,4,4,-136,-20,4,0,-132,4,-128,4,4,0,4
7907,0x55a1bd67938d,R,0x7ffee78d5c8c,1,4,0,24,148,0,0,0,152,0,0,4,0,24,4,8,160,20,-144,-4,0,-8,-140,0,0,-4,0,20,-132,0,-128,0,0
7910,0x55a1bd679393,R,0x7ffee78d5ca0,1,20,20,20,168,28,20,24,172,0,20,24,176,20,24,28,20,-20,-164,-20,-20,-44,-160,-20,-156,-20,-20,0,-20,-24,-148,-28,-20
7912,0x55a1bd679397,R,0x7ffee78d5c8c,1,-20,0,4,148,24,0,0,152,0,0,0,156,0,0,24,0,-4,-144,-8,0,-24,0,-4,-136,0,-132,0,0,0,-128,-24,0
7915,0x55a1bd67939d,R,0x7ffee78d5c88,1,-4,-4,-4,144,-4,-4,4,148,0,-4,-24,152,0,-4,20,0,4,-140,-4,-136,4,4,0,4,24,-128,0,4,-4,-124,4,4
7920,0x55a1bd6793aa,W,0x7ffee78d5bfc,1,-140,-144,-164,4,-140,-144,-120,8,-144,-144,-144,12,-144,-144,-144,-140,144,144,120,4,144,8,144,144,144,12,144,144,120,16,140,144
7922,0x55a1bd6793ad,R,0x7ffee78d5c8c,1,4,144,0,148,0,0,0,152,8,0,4,156,-20,0,4,4,-8,0,-24,0,-4,-136,20,0,-4,-132,-8,0,0,-128,0,0
7923,0x55a1bd6793ad,W,0x7ffee78d5c8c,1,0,144,0,0,-20,0,4,152,24,0,0,156,0,0,0,4,-8,-140,0,0,0,-136,0,0,0,-132,-24,0,-4,-128,20,0
7925,0x55a1bd6793b1,R,0x7ffee78d5c84,1,-8,-8,-4,-8,-28,140,-8,144,-8,-8,0,148,-4,-8,-28,-4,-16,-132,4,8,28,-128,4,8,0,-124,8,8,8,-120,8,8
7927,0x55a1bd6793b4,R,0x7ffee78d5c74,1,-16,-24,-20,120,-24,124,-24,-24,-20,-24,0,132,-24,-24,-24,-20,24,-116,24,24,24,-112,24,24,0,-108,20,24,44,-104,24,-100
7930,0x55a1bd6793b9,R,0x7ffee78d5c8c,1,24,0,0,144,0,0,-20,0,4,152,0,156,8,0,4,4,-4,-140,20,0,-4,-136,-8,0,0,-132,0,0,20,0,-4,-124
7935,0x55a1bd67938a,R,0x7ffee78d5c88,1,-4,-4,4,140,0,-4,-24,144,-4,148,-4,-4,20,-4,-4,0,4,-136,4,4,4,-132,-20,4,0,-128,4,-124,4,4,0,4
7937,0x55a1bd67938d,R,0x7ffee78d5c8c,1,4,0,24,144,0,0,0,148,0,0,4,0,24,156,8,4,20,-140,-4,0,-8,-136,0,0,-4,0,20,-128,0,-124,0,0
7940,0x55a1bd679393,R,0x7ffee78d5ca0,1,20,20,20,164,28,20,24,168,0,20,24,172,20,176,28,20,-20,-160,-20,-20,-44,-156,-20,-152,-20,-20,0,-20,-24,-144,-28,-20
7942,0x55a1bd679397,R,0x7ffee78d5c8c,1,-20,0,4,144,24,0,0,148,0,0,0,152,0,0,24,0,-4,-140,-8,0,-24,0,-4,-132,0,-128,0,0,0,-124,-24,0
7945,0x55a1bd67939d,R,0x7ffee78d5c88,1,-4,-4,-4,140,-4,-4,4,144,0,-4,-24,148,0,-4,20,152,4,-136,-4,-132,4,4,0,4,24,-124,0,4,-4,-120,4,4
7950,0x55a1bd6793aa,W,0x7ffee78d5c00,1,-136,-140,-160,4,-136,-140,-116,8,-140,-140,-140,12,-140,-140,-140,16,140,140,116,4,140,8,140,140,140,12,140,140,116,16,136,140
7952,0x55a1bd6793ad,R,0x7ffee78d5c8c,1,4,140,0,144,0,0,0,148,8,0,4,152,-20,0,4,156,-8,0,-24,0,-4,-132,20,0,-4,-128,-8,0,0,-124,0,0
7953,0x55a1bd6793ad,W,0x7ffee78d5c8c,1,0,140,0,0,-20,0,4,148,24,0,0,152,0,0,0,156,-8,-136,0,0,0,-132,0,0,0,-128,-24,0,-4,-124,20,0
7955,0x55a1bd6793b1,R,0x7ffee78d5c84,1,-8,-8,-4,-8,-28,136,-8,140,-8,-8,0,144,-4,-8,-28,148,-16,-128,4,8,28,-124,4,8,0,-120,8,8,8,-116,8,8
7957,0x55a1bd6793b4,R,0x7ffee78d5c74,1,-16,-24,-20,116,-24,120,-24,-24,-20,-24,0,128,-24,-24,-24,132,24,-112,24,24,24,-108,24,24,0,-104,20,24,44,-100,24,-96
7960,0x55a1bd6793b9,R,0x7ffee78d5c8c,1,24,0,0,140,0,0,-20,0,4,148,0,152,8,0,4,156,-4,-136,20,0,-4,-132,-8,0,0,-128,0,0,20,0,-4,-120
7965,0x55a1bd67938a,R,0x7ffee78d5c88,1,-4,-4,4,136,0,-4,-24,140,-4,144,-4,-4,20,-4,-4,152,4,-132,4,4,4,-128,-20,4,0,-124,4,-120,4,4,0,4
7967,0x55a1bd67938d,R,0x7ffee78d5c8c,1,4,0,24,140,0,0,0,144,0,0,4,0,24,152,8,156,20,-136,-4,0,-8,-132,0,0,-4,0,20,-124,0,-120,0,0
7970,0x55a1bd679393,R,0x7ffee78d5ca0,1,20,20,20,160,28,20,24,164,0,20,24,168,20,172,28,20,-20,-156,-20,-20,-44,-152,-20,-148,-20,-20,0,-20,-24,-140,-28,-20
7972,0x55a1bd679397,R,0x7ffee78d5c8c,1,-20,0,4,140,24,0,0,144,0,0,0,148,0,0,24,0,-4,-136,-8,0,-24,0,-4,-128,0,-124,0,0,0,-120,-24,0
7975,0x55a1bd67939d,R,0x7ffee78d5c88,1,-4,-4,-4,136,-4,-4,4,140,0,-4,-24,144,0,-4,20,148,4,-132,-4,-128,4,4,0,4,24,-120,0,4,-4,-116,4,4
7980,0x55a1bd6793aa,W,0x7ffee78d5c04,1,-132,-136,-156,4,-132,-136,-112,8,-136,-136,-136,12,-136,-136,-136,16,136,136,112,4,136,8,136,136,136,12,136,136,112,16,132,136
7982,0x55a1bd6793ad,R,0x7ffee78d5c8c,1,4,136,0,140,0,0,0,144,8,0,4,148,-20,0,4,152,-8,0,-24,0,-4,-128,20,0,-4,-124,-8,0,0,-120,0,0
7983,0x55a1bd6793ad,W,0x7ffee78d5c8c,1,0,136,0,0,-20,0,4,144,24,0,0,148,0,0,0,152,-8,-132,0,0,0,-128,0,0,0,-124,-24,0,-4,-120,20,0
7985,0x55a1bd6793b1,R,0x7ffee78d5c84,1,-8,-8,-4,-8,-28,132,-8,136,-8,-8,0,140,-4,-8,-28,144,-16,-124,4,8,28,-120,4,8,0,-116,8,8,8,-112,8,8
7987,0x55a1bd6793b4,R,0x7ffee78d5c74,1,-16,-24,-20,112,-24,116,-24,-24,-20,-24,0,124,-24,-24,-24,128,24,-108,24,24,24,-104,24,24,0,-100,20,24,44,-96,24,-92
7990,0x55a1bd6793b9,R,0x7ffee78d5c8c,1,24,0,0,136,0,0,-20,0,4,144,0,148,8,0,4,152,-4,-132,20,0,-4,-128,-8,0,0,-124,0,0,20,0,-4,-116
7995,0x55a1bd67938a,R,0x7ffee78d5c88,1,-4,-4,4,132,0,-4,-24,136,-4,140,-4,-4,20,-4,-4,148,4,-128,4,4,4,-124,-20,4,0,-120,4,-116,4,4,0,4
7997,0x55a1bd67938d,R,0x7ffee78d5c8c,1,4,0,24,136,0,0,0,140,0,0,4,0,24,148,8,152,20,-132,-4,0,-8,-128,0,0,-4,0,20,-120,0,-116,0,0
8000,0x55a1bd679393,R,0x7ffee78d5ca0,1,20,20,20,156,28,20,24,160,0,20,24,164,20,168,28,20,-20,-152,-20,-20,-44,-148,-20,-144,-20,-20,0,-20,-24,-136,-28,-20
8002,0x55a1bd679397,R,0x7ffee78d5c8c,1,-20,0,4,136,24,0,0,140,0,0,0,144,0,0,24,0,-4,-132,-8,0,-24,0,-4,-124,0,-120,0,0,0,-116,-24,0
8005,0x55a1bd67939d,R,0x7ffee78d5c88,1,-4,-4,-4,132,-4,-4,4,136,0,-4,-24,140,0,-4,20,144,4,-128,-4,-124,4,4,0,4,24,-116,0,4,-4,-112,4,4
8010,0x55a1bd6793aa,W,0x7ffee78d5c08,1,-128,-132,-152,4,-128,-132,-108,8,-132,-132,-132,12,-132,-132,-132,16,132,132,108,4,132,8,132,132,132,12,132,132,108,16,128,132
8012,0x55a1bd6793ad,R,0x7ffee78d5c8c,1,4,132,0,136,0,0,0,140,8,0,4,144,-20,0,4,148,-8,0,-24,0,-4,-124,20,0,-4,-120,-8,0,0,-116,0,0
8013,0x55a1bd6793ad,W,0x7ffee78d5c8c,1,0,132,0,0,-20,0,4,140,24,0,0,144,0,0,0,148,-8,-128,0,0,0,-124,0,0,0,-120,-24,0,-4,-116,20,0
8015,0x55a1bd6793b1,R,0x7ffee78d5c84,1,-8,-8,-4,-8,-28,128,-8,132,-8,-8,0,136,-4,-8,-28,140,-16,-120,4,8,28,-116,4,8,0,-112,8,8,8,-108,8,8
8017,0x55a1bd6793b4,R,0x7ffee78d5c74,1,-16,-24,-20,108,-24,112,-24,-24,-20,-24,0,120,-24,-24,-24,124,24,-104,24,24,24,-100,24,24,0,-96,20,24,44,-92,24,-88
8020,0x55a1bd6793b9,R,0x7ffee78d5c8c,1,24,0,0,132,0,0,-20,0,4,140,0,144,8,0,4,148,-4,-128,20,0,-4,-124,-8,0,0,-120,0,0,20,0,-4,-112
8025,0x55a1bd67938a,R,0x7ffee78d5c88,1,-4,-4,4,128,0,-4,-24,132,-4,136,-4,-4,20,-4,-4,144,4,-124,4,4,4,-120,-20,4,0,-116,4,-112,4,4,0,4
8027,0x55a1bd67938d,R,0x7ffee78d5c8c,1,4,0,24,132,0,0,0,136,0,0,4,0,24,144,8,148,20,-128,-4,0,-8,-124,0,0,-4,0,20,-116,0,-112,0,0
8030,0x55a1bd679393,R,0x7ffee78d5ca0,1,20,20,20,152,28,20,24,156,0,20,24,160,20,164,28,20,-20,-148,-20,-20,-44,-144,-20,-140,-20,-20,0,-20,-24,-132,-28,-20
8032,0x55a1bd679397,R,0x7ffee78d5c8c,1,-20,0,4,132,24,0,0,136,0,0,0,140,0,0,24,0,-4,-128,-8,0,-24,0,-4,-120,0,-116,0,0,0,-112,-24,0
8035,0x55a1bd67939d,R,0x7ffee78d5c88,1,-4,-4,-4,128,-4,-4,4,132,0,-4,-24,136,0,-4,20,140,4,-124,-4,-120,4,4,0,4,24,-112,0,4,-4,-108,4,4
8040,0x55a1bd6793aa,W,0x7ffee78d5c0c,1,-124,-128,-148,4,-124,-128,-104,8,-128,-128,-128,12,-128,-128,-128,16,128,128,104,4,128,8,128,128,128,12,128,128,104,16,124,128
8042,0x55a1bd6793ad,R,0x7ffee78d5c8c,1,4,128,0,132,0,0,0,136,8,0,4,140,-20,0,4,144,-8,0,-24,0,-4,-120,20,0,-4,-116,-8,0,0,-112,0,0
8043,0x55a1bd6793ad,W,0x7ffee78d5c8c,1,0,128,0,0,-20,0,4,136,24,0,0,140,0,0,0,144,-8,-124,0,0,0,-120,0,0,0,-116,-24,0,-4,-112,20,0
8045,0x55a1bd6793b1,R,0x7ffee78d5c84,1,-8,-8,-4,-8,-28,124,-8,128,-8,-8,0,132,-4,-8,-28,136,-16,-116,4,8,28,-112,4,8,0,-108,8,8,8,-104,8,8
8047,0x55a1bd6793b4,R,0x7ffee78d5c74,1,-16,-24,-20,104,-24,108,-24,-24,-20,-24,0,116,-24,-24,-24,120,24,-100,24,24,24,-96,24,24,0,-92,20,24,44,-88,24,-84
8050,0x55a1bd6793b9,R,0x7ffee78d5c8c,1,24,0,0,128,0,0,-20,0,4,136,0,140,8,0,4,144,-4,-124,20,0,-4,-120,-8,0,0,-116,0,0,20,0,-4,-108
8055,0x55a1bd67938a,R,0x7ffee78d5c88,1,-4,-4,4,124,0,-4,-24,128,-4,132,-4,-4,20,-4,-4,140,4,-120,4,4,4,-116,-20,4,0,-112,4,-108,4,4,0,4
8057,0x55a1bd67938d,R,0x7ffee78d5c8c,1,4,0,24,128,0,0,0,132,0,0,4,0,24,140,8,144,20,-124,-4,0,-8,-120,0,0,-4,0,20,-112,0,-108,0,0
8060,0x55a1bd679393,R,0x7ffee78d5ca0,1,20,20,20,148,28,20,24,152,0,20,24,156,20,160,28,20,-20,-144,-20,-20,-44,-140,-20,-136,-20,-20,0,-20,-24,-128,-28,-20
8062,0x55a1bd679397,R,0x7ffee78d5c8c,1,-20,0,4,128,24,0,0,132,0,0,0,136,0,0,24,0,-4,-124,-8,0,-24,0,-4,-116,0,-112,0,0,0,-108,-24,0
8065,0x55a1bd67939d,R,0x7ffee78d5c88,1,-4,-4,-4,124,-4,-4,4,128,0,-4,-24,132,0,-4,20,136,4,-120,-4,-116,4,4,0,4,24,-108,0,4,-4,-104,4,4
8070,0x55a1bd6793aa,W,0x7ffee78d5c10,1,-120,-124,-144,4,-120,-124,-100,8,-124,-124,-124,12,-124,-124,-124,16,124,124,100,4,124,8,124,124,124,12,124,124,100,16,120,124
8072,0x55a1bd6793ad,R,0x7ffee78d5c8c,1,4,124,0,128,0,0,0,132,8,0,4,136,-20,0,4,140,-8,0,-24,0,-4,-116,20,0,-4,-112,-8,0,0,-108,0,0
8073,0x55a1bd6793ad,W,0x7ffee78d5c8c,1,0,124,0,0,-20,0,4,132,24,0,0,136,0,0,0,140,-8,-120,0,0,0,-116,0,0,0,-112,-24,0,-4,-108,20,0
8075,0x55a1bd6793b1,R,0x7ffee78d5c84,1,-8,-8,-4,-8,-28,120,-8,124,-8,-8,0,128,-4,-8,-28,132,-16,-112,4,8,28,-108,4,8,0,-104,8,8,8,-100,8,8
8077,0x55a1bd6793b4,R,0x7ffee78d5c74,1,-16,-24,-20,100,-24,104,-24,-24,-20,-24,0,112,-24,-24,-24,116,24,-96,24,24,24,-92,24,24,0,-88,20,24,44,-84,24,-80
8080,0x55a1bd6793b9,R,0x7ffee78d5c8c,1,24,0,0,124,0,0,-20,0,4,132,0,136,8,0,4,140,-4,-120,20,0,-4,-116,-8,0,0,-112,0,0,20,0,-4,-104
8085,0x55a1bd67938a,R,0x7ffee78d5c88,1,-4,-4,4,120,0,-4,-24,124,-4,128,-4,-4,20,-4,-4,136,4,-116,4,4,4,-112,-20,4,0,-108,4,-104,4,4,0,4
8087,0x55a1bd67938d,R,0x7ffee78d5c8c,1,4,0,24,124,0,0,0,128,0,0,4,0,24,136,8,140,20,-120,-4,0,-8,-116,0,0,-4,0,20,-108,0,-104,0,0
8090,0x55a1bd679393,R,0x7ffee78d5ca0,1,20,20,20,144,28,20,24,148,0,20,24,152,20,156,28,20,-20,-140,-20,-20,-44,-136,-20,-132,-20,-20,0,-20,-24,-124,-28,-20
8092,0x55a1bd679397,R,0x7ffee78d5c8c,1,-20,0,4,124,24,0,0,128,0,0,0,132,0,0,24,0,-4,-120,-8,0,-24,0,-4,-112,0,-108,0,0,0,-104,-24,0
8095,0x55a1bd67939d,R,0x7ffee78d5c88,1,-4,-4,-4,120,-4,-4,4,124,0,-4,-24,128,0,-4,20,132,4,-116,-4,-112,4,4,0,4,24,-104,0,4,-4,-100,4,4
8100,0x55a1bd6793aa,W,0x7ffee78d5c14,1,-116,-120,-140,4,-116,-120,-96,8,-120,-120,-120,12,-120,-120,-120,16,120,120,96,4,120,8,120,120,120,12,120,120,96,16,116,120
8102,0x55a1bd6793ad,R,0x7ffee78d5c8c,1,4,120,0,124,0,0,0,128,8,0,4,132,-20,0,4,136,-8,0,-24,0,-4,-112,20,0,-4,-108,-8,0,0,-104,0,0
8103,0x55a1bd6793ad,W,0x7ffee78d5c8c,1,0,120,0,0,-20,0,4,128,24,0,0,132,0,0,0,136,-8,-116,0,0,0,-112,0,0,0,-108,-24,0,-4,-104,20,0
8105,0x55a1bd6793b1,R,0x7ffee78d5c84,1,-8,-8,-4,-8,-28,116,-8,120,-8,-8,0,124,-4,-8,-28,128,-16,-108,4,8,28,-104,4,8,0,-100,8,8,8,-96,8,8
8107,0x55a1bd6793b4,R,0x7ffee78d5c74,1,-16,-24,-20,96,-24,100,-24,-24,-20,-24,0,108,-24,-24,-24,112,24,-92,24,24,24,-88,24,24,0,-84,20,24,44,-80,24,-76
8110,0x55a1bd6793b9,R,0x7ffee78d5c8c,1,24,0,0,120,0,0,-20,0,4,128,0,132,8,0,4,136,-4,-116,20,0,-4,-112,-8,0,0,-108,0,0,20,0,-4,-100
8115,0x55a1bd67938a,R,0x7ffee78d5c88,1,-4,-4,4,116,0,-4,-24,120,-4,124,-4,-4,20,-4,-4,132,4,-112,4,4,4,-108,-20,4,0,-104,4,-100,4,4,0,4
8117,0x55a1bd67938d,R,0x7ffee78d5c8c,1,4,0,24,120,0,0,0,124,0,0,4,0,24,132,8,136,20,-116,-4,0,-8,-112,0,0,-4,0,20,-104,0,-100,0,0
8120,0x55a1bd679393,R,0x7ffee78d5ca0,1,20,20,20,140,28,20,24,144,0,20,24,148,20,152,28,20,-20,-136,-20,-20,-44,-132,-20,-128,-20,-20,0,-20,-24,-120,-28,-20
8122,0x55a1bd679397,R,0x7ffee78d5c8c,1,-20,0,4,120,24,0,0,124,0,0,0,128,0,0,24,0,-4,-116,-8,0,-24,0,-4,-108,0,-104,0,0,0,-100,-24,0
8125,0x55a1bd67939d,R,0x7ffee78d5c88,1,-4,-4,-4,116,-4,-4,4,120,0,-4,-24,124,0,-4,20,128,4,-112,-4,-108,4,4,0,4,24,-100,0,4,-4,-96,4,4
8130,0x55a1bd6793aa,W,0x7ffee78d5c18,1,-112,-116,-136,4,-112,-116,-92,8,-116,-116,-116,12,-116,-116,-116,16,116,116,92,4,116,8,116,116,116,12,116,116,92,16,112,116
8132,0x55a1bd6793ad,R,0x7ffee78d5c8c,1,4,116,0,120,0,0,0,124,8,0,4,128,-20,0,4,132,-8,0,-24,0,-4,-108,20,0,-4,-104,-8,0,0,-100,0,0
8133,0x55a1bd6793ad,W,0x7ffee78d5c8c,1,0,116,0,0,-20,0,4,124,24,0,0,128,0,0,0,132,-8,-112,0,0,0,-108,0,0,0,-104,-24,0,-4,-100,20,0
8135,0x55a1bd6793b1,R,0x7ffee78d5c84,1,-8,-8,-4,-8,-28,112,-8,116,-8,-8,0,120,-4,-8,-28,124,-16,-104,4,8,28,-100,4,8,0,-96,8,8,8,-92,8,8
8137,0x55a1bd6793b4,R,0x7ffee78d5c74,1,-16,-24,-20,92,-24,96,-24,-24,-20,-24,0,104,-24,-24,-24,108,24,-88,24,24,24,-84,24,24,0,-80,20,24,44,-76,24,-72
8140,0x55a1bd6793b9,R,0x7ffee78d5c8c,1,24,0,0,116,0,0,-20,0,4,124,0,128,8,0,4,132,-4,-112,20,0,-4,-108,-8,0,0,-104,0,0,20,0,-4,-96
8145,0x55a1bd67938a,R,0x7ffee78d5c88,1,-4,-4,4,112,0,-4,-24,116,-4,120,-4,-4,20,-4,-4,128,4,-108,4,4,4,-104,-20,4,0,-100,4,-96,4,4,0,4
8147,0x55a1bd67938d,R,0x7ffee78d5c8c,1,4,0,24,116,0,0,0,120,0,0,4,0,24,128,8,132,20,-112,-4,0,-8,-108,0,0,-4,0,20,-100,0,-96,0,0
8150,0x55a1bd679393,R,0x7ffee78d5ca0,1,20,20,20,136,28,20,24,140,0,20,24,144,20,148,28,20,-20,-132,-20,-20,-44,-128,-20,-124,-20,-20,0,-20,-24,-116,-28,-20
8152,0x55a1bd679397,R,0x7ffee78d5c8c,1,-20,0,4,116,24,0,0,120,0,0,0,124,0,0,24,0,-4,-112,-8,0,-24,0,-4,-104,0,-100,0,0,0,-96,-24,0
8155,0x55a1bd67939d,R,0x7ffee78d5c88,1,-4,-4,-4,112,-4,-4,4,116,0,-4,-24,120,0,-4,20,124,4,-108,-4,-104,4,4,0,4,24,-96,0,4,-4,-92,4,4
8160,0x55a1bd6793aa,W,0x7ffee78d5c1c,1,-108,-112,-132,4,-108,-112,-88,8,-112,-112,-112,12,-112,-112,-112,16,112,112,88,4,112,8,112,112,112,12,112,112,88,16,108,112
8162,0x55a1bd6793ad,R,0x7ffee78d5c8c,1,4,112,0,116,0,0,0,120,8,0,4,124,-20,0,4,128,-8,0,-24,0,-4,-104,20,0,-4,-100,-8,0,0,-96,0,0
8163,0x55a1bd6793ad,W,0x7ffee78d5c8c,1,0,112,0,0,-20,0,4,120,24,0,0,124,0,0,0,128,-8,-108,0,0,0,-104,0,0,0,-100,-24,0,-4,-96,20,0
8165,0x55a1bd6793b1,R,0x7ffee78d5c84,1,-8,-8,-4,-8,-28,108,-8,112,-8,-8,0,116,-4,-8,-28,120,-16,-100,4,8,28,-96,4,8,0,-92,8,8,8,-88,8,8
8167,0x55a1bd6793b4,R,0x7ffee78d5c74,1,-16,-24,-20,88,-24,92,-24,-24,-20,-24,0,100,-24,-24,-24,104,24,-84,24,24,24,-80,24,24,0,-76,20,24,44,-72,24,20
8170,0x55a1bd6793b9,R,0x7ffee78d5c8c,1,24,0,0,112,0,0,-20,0,4,120,0,124,8,0,4,128,-4,-108,20,0,-4,-104,-8,0,0,-100,0,0,20,0,-4,-4
8175,0x55a1bd67938a,R,0x7ffee78d5c88,1,-4,-4,4,108,0,-4,-24,112,-4,116,-4,-4,20,-4,-4,124,4,-104,4,4,4,-100,-20,4,0,-96,4,-92,4,4,0,-4
8177,0x55a1bd67938d,R,0x7ffee78d5c8c,1,4,0,24,112,0,0,0,116,0,0,4,0,24,124,8,128,20,-108,-4,0,-8,-104,0,0,-4,0,20,-96,0,-4,0,-8
8180,0x55a1bd679393,R,0x7ffee78d5ca0,1,20,20,20,132,28,20,24,136,0,20,24,140,20,144,28,20,-20,-128,-20,-20,-44,-124,-20,-120,-20,-20,0,-20,-24,-24,-28,-28
8182,0x55a1bd679397,R,0x7ffee78d5c8c,1,-20,0,4,112,24,0,0,116,0,0,0,120,0,0,24,0,-4,-108,-8,0,-24,0,-4,-100,0,-96,0,0,0,-4,-24,-8
8185,0x55a1bd67939d,R,0x7ffee78d5c88,1,-4,-4,-4,108,-4,-4,4,112,0,-4,-24,116,0,-4,20,120,4,-104,-4,-100,4,4,0,4,24,-92,0,4,-4,0,4,-4
8190,0x55a1bd6793aa,W,0x7ffee78d5c20,1,-104,-108,-128,4,-104,-108,-84,8,-108,-108,-108,12,-108,-108,-108,16,108,108,84,4,108,8,108,108,108,12,108,108,84,104,104,100
8192,0x55a1bd6793ad,R,0x7ffee78d5c8c,1,4,108,0,112,0,0,0,116,8,0,4,120,-20,0,4,124,-8,0,-24,0,-4,-100,20,0,-4,-96,-8,0,0,-4,0,-8
8193,0x55a1bd6793ad,W,0x7ffee78d5c8c,1,0,108,0,0,-20,0,4,116,24,0,0,120,0,0,0,124,-8,-104,0,0,0,-100,0,0,0,-96,-24,0,-4,-4,20,-8
8195,0x55a1bd6793b1,R,0x7ffee78d5c84,1,-8,-8,-4,-8,-28,104,-8,108,-8,-8,0,112,-4,-8,-28,116,-16,-96,4,8,28,-92,4,8,0,-88,8,8,8,4,8,0
8197,0x55a1bd6793b4,R,0x7ffee78d5c74,1,-16,-24,-20,84,-24,88,-24,-24,-20,-24,0,96,-24,-24,-24,100,24,-80,24,24,24,-76,24,24,0,-72,20,24,44,20,24,12
8200,0x55a1bd6793b9,R,0x7ffee78d5c8c,1,24,0,0,108,0,0,-20,0,4,116,0,120,8,0,4,124,-4,-104,20,0,-4,-100,-8,0,0,-96,0,0,20,-8,-4,-12
8205,0x55a1bd67938a,R,0x7ffee78d5c88,1,-4,-4,4,104,0,-4,-24,108,-4,112,-4,-4,20,-4,-4,120,4,-100,4,4,4,-96,-20,4,0,-92,4,0,4,-4,0,-168
8207,0x55a1bd67938d,R,0x7ffee78d5c8c,1,4,0,24,108,0,0,0,112,0,0,4,0,24,120,8,124,20,-104,-4,0,-8,-100,0,0,-4,0,20,-4,0,-12,0,-172
8210,0x55a1bd679393,R,0x7ffee78d5ca0,1,20,20,20,128,28,20,24,132,0,20,24,136,20,140,28,20,-20,-124,-20,-20,-44,-120,-20,-116,-20,-20,0,-28,-24,-32,-28,-192
8212,0x55a1bd679397,R,0x7ffee78d5c8c,1,-20,0,4,108,24,0,0,112,0,0,0,116,0,0,24,0,-4,-104,-8,0,-24,0,-4,-96,0,-4,0,-8,0,-12,-24,-172
8215,0x55a1bd67939d,R,0x7ffee78d5c88,1,-4,-4,-4,104,-4,-4,4,108,0,-4,-24,112,0,-4,20,116,4,-100,-4,-96,4,4,0,4,24,0,0,-4,-4,-8,4,-168
8220,0x55a1bd6793aa,W,0x7ffee78d5c24,1,-100,-104,-124,4,-100,-104,-80,8,-104,-104,-104,12,-104,-104,-104,16,104,104,80,4,104,8,104,104,104,100,104,96,80,92,100,-68
8222,0x55a1bd6793ad,R,0x7ffee78d5c8c,1,4,104,0,108,0,0,0,112,8,0,4,116,-20,0,4,120,-8,0,-24,0,-4,-96,20,0,-4,-4,-8,-8,0,-12,0,-172
8223,0x55a1bd6793ad,W,0x7ffee78d5c8c,1,0,104,0,0,-20,0,4,112,24,0,0,116,0,0,0,120,-8,-100,0,0,0,-96,0,0,0,-4,-24,-8,-4,-12,20,-172
8225,0x55a1bd6793b1,R,0x7ffee78d5c84,1,-8,-8,-4,-8,-28,100,-8,104,-8,-8,0,108,-4,-8,-28,112,-16,-92,4,8,28,-88,4,8,0,4,8,0,8,-4,8,-164
8227,0x55a1bd6793b4,R,0x7ffee78d5c74,1,-16,-24,-20,80,-24,84,-24,-24,-20,-24,0,92,-24,-24,-24,96,24,-76,24,24,24,-72,24,24,0,20,20,16,44,12,24,-156
8230,0x55a1bd6793b9,R,0x7ffee78d5c8c,1,24,0,0,104,0,0,-20,0,4,112,0,116,8,0,4,120,-4,-100,20,0,-4,-96,-8,0,0,-4,0,-8,20,-172,-4,-180
8235,0x55a1bd67938a,R,0x7ffee78d5c88,1,-4,-4,4,100,0,-4,-24,104,-4,108,-4,-4,20,-4,-4,116,4,-96,4,4,4,-92,-20,4,0,0,4,-8,4,-168,0,-176
8237,0x55a1bd67938d,R,0x7ffee78d5c8c,1,4,0,24,104,0,0,0,108,0,0,4,0,24,116,8,120,20,-100,-4,0,-8,-96,0,0,-4,-8,20,-12,0,-180,0,-180
8240,0x55a1bd679393,R,0x7ffee78d5ca0,1,20,20,20,124,28,20,24,128,0,20,24,132,20,136,28,20,-20,-120,-20,-20,-44,-116,-20,-24,-20,-28,0,-192,-24,-200,-28,-200
8242,0x55a1bd679397,R,0x7ffee78d5c8c,1,-20,0,4,104,24,0,0,108,0,0,0,112,0,0,24,0,-4,-100,-8,0,-24,0,-4,-4,0,-12,0,-172,0,-180,-24,-180
8245,0x55a1bd67939d,R,0x7ffee78d5c88,1,-4,-4,-4,100,-4,-4,4,104,0,-4,-24,108,0,-4,20,112,4,-96,-4,-92,4,4,0,-4,24,-8,0,-168,-4,-176,4,-176
8250,0x55a1bd6793aa,W,0x7ffee78d5c28,1,-96,-100,-120,4,-96,-100,-76,8,-100,-100,-100,12,-100,-100,-100,16,100,100,76,4,100,96,100,92,100,88,100,-72,76,-80,96,-80
8252,0x55a1bd6793ad,R,0x7ffee78d5c8c,1,4,100,0,104,0,0,0,108,8,0,4,112,-20,0,4,116,-8,0,-24,0,-4,-4,20,-8,-4,-12,-8,-172,0,-180,-12,-180
8253,0x55a1bd6793ad,W,0x7ffee78d5c8c,1,0,100,0,0,-20,0,4,108,24,0,0,112,0,0,0,116,-8,-96,0,0,0,-4,0,-8,0,-12,-24,-172,-4,-180,-24,-180
8255,0x55a1bd6793b1,R,0x7ffee78d5c84,1,-8,-8,-4,-8,-28,96,-8,100,-8,-8,0,104,-4,-8,-28,108,-16,-88,4,8,28,4,4,0,0,-4,8,-164,-4,-172,4,-172
8257,0x55a1bd6793b4,R,0x7ffee78d5c74,1,-16,-24,-20,76,-24,80,-24,-24,-20,-24,0,88,-24,-24,-24,92,24,-72,24,24,24,20,24,16,0,12,20,-148,0,-156,20,-46579627433060
8260,0x55a1bd6793b9,R,0x7ffee78d5c8c,1,24,0,0,100,0,0,-20,0,4,108,0,112,8,0,4,116,-4,-96,20,0,-4,-4,-8,-8,0,-12,-12,-172,-24,-180,-24,-46579627433084
8265,0x55a1bd67938a,R,0x7ffee78d5c88,1,-4,-4,4,96,0,-4,-24,100,-4,104,-4,-4,20,-4,-4,112,4,-92,4,4,4,0,-20,-4,0,-8,-8,-176,0,-176,-20,0
8267,0x55a1bd67938d,R,0x7ffee78d5c8c,1,4,0,24,100,0,0,0,104,0,0,4,0,24,112,8,116,20,-96,-4,0,-8,-4,0,-8,-4,-172,-24,-180,-4,-46579627433084,-8,-4
8270,0x55a1bd679393,R,0x7ffee78d5ca0,1,20,20,20,120,28,20,24,124,0,20,24,128,20,132,28,20,-20,-116,-20,-20,-44,-24,-20,-32,-32,-192,-44,-200,-44,-46579627433104,-28,-24
8272,0x55a1bd679397,R,0x7ffee78d5c8c,1,-20,0,4,100,24,0,0,104,0,0,0,108,0,0,24,0,-4,-96,-8,0,-24,-8,-4,-12,-12,-180,-4,-180,-8,-46579627433084,-16,-4
8275,0x55a1bd67939d,R,0x7ffee78d5c88,1,-4,-4,-4,96,-4,-4,4,100,0,-4,-24,104,0,-4,20,108,4,-92,-4,0,4,-4,0,-168,-20,-176,-20,-176,-4,-46579627433080,-20,0
8280,0x55a1bd6793aa,W,0x7ffee78d5c2c,1,-92,-96,-116,4,-92,-96,-72,8,-96,-96,-96,12,-96,-96,-96,16,96,96,72,92,96,84,84,-76,92,-84,88,-84,80,-46579627432988,72,88
8282,0x55a1bd6793ad,R,0x7ffee78d5c8c,1,4,96,0,100,0,0,0,104,8,0,4,108,-20,0,4,112,-8,0,-24,-8,-4,-12,-24,-172,-24,-180,-8,-180,-16,-8,-12,-8
8283,0x55a1bd6793ad,W,0x7ffee78d5c8c,1,0,96,0,0,-20,0,4,104,24,0,0,108,0,0,0,112,-8,-4,0,-8,-12,-12,-4,-172,-8,-180,-8,-46579627433084,-24,-8,-12,-8
8285,0x55a1bd6793b1,R,0x7ffee78d5c84,1,-8,-8,-4,-8,-28,92,-8,96,-8,-8,0,100,-4,-8,-28,104,-16,4,4,0,-16,-4,-16,-164,0,-172,-8,-46579627433076,-4,0,-12,0
8287,0x55a1bd6793b4,R,0x7ffee78d5c74,1,-16,-24,-20,72,-24,76,-24,-24,-20,-24,0,84,-24,-24,-24,88,24,20,12,16,20,12,0,-156,16,-156,0,-46579627433060,12,16,52,16
8290,0x55a1bd6793b9,R,0x7ffee78d5c8c,1,24,0,0,96,0,0,-20,0,4,104,0,108,8,0,4,112,-4,-4,-24,-8,-4,-172,-8,-180,-16,-180,-12,-46579627433084,-20,-8,-992478176548,-8
8293,0x55a1bd6793be,R,0x7ffee78d5c88,1,-4,-4,4,92,0,-4,-24,96,-4,100,-4,-4,20,-4,-4,108,-8,0,-20,-8,-20,-168,-4,-176,-20,-176,-8,-46579627433080,32,-4,-992478176544,-8
8294,0x55a1bd6793be,W,0x7ffee78d5c88,1,0,-4,20,92,-4,-4,-4,96,-4,-4,0,-4,20,104,4,108,-8,-4,0,-8,-4,-168,-12,-176,-8,-176,-16,-46579627433080,32,-8,48,-8
8296,0x55a1bd6793c2,R,0x7ffee78d5c80,1,-8,-8,-12,84,-4,-12,-8,88,-32,-12,-8,92,-12,96,-4,-12,-12,4,-12,0,4,-160,-12,-168,0,-168,-8,0,-992478176536,0,64,0
8298,0x55a1bd6793c5,R,0x7ffee78d5c74,1,-12,-20,-24,-24,0,-24,-24,76,-24,-24,-24,80,-24,-24,0,-24,20,16,16,12,8,-148,12,-156,12,-46579627433060,52,12,68,12,84,12
8301,0x55a1bd6793ca,R,0x7ffee78d5c88,1,20,0,0,-4,20,92,4,96,0,-4,-24,100,0,-4,20,104,-20,-4,-4,-8,-20,-168,-8,-176,-16,-46579627433080,-992478176544,-8,56,-8,72,-8
8304,0x55a1bd6793cf,R,0x7ffee78d5c74,1,-20,-20,-12,-24,-24,72,-16,-24,-24,-24,-24,80,-24,-24,-24,84,16,16,8,12,0,-156,12,-156,52,-46579627433060,68,12,84,12,92,-148
8306,0x55a1bd6793d2,R,0x7ffee78d5c84,1,16,-4,16,-8,-4,88,16,-8,-8,92,-4,96,-28,-8,-4,100,0,0,-8,-164,-4,-172,-12,-172,-992478176540,-46579627433076,60,-4,68,-164,84,-164
8307,0x55a1bd6793d2,W,0x7ffee78d5c84,1,0,-4,-4,-8,4,88,-8,-8,0,92,-4,-8,-8,-8,-8,100,0,-4,-16,-164,-4,-172,36,-172,52,-46579627433076,60,-164,76,-164,92,-164
8309,0x55a1bd6793d5,R,0x7ffee78d5c84,1,0,0,16,-8,16,88,-4,-8,16,92,-8,-8,-8,96,-28,100,-8,-4,-4,-164,-12,-172,-992478176540,-172,52,-164,68,-164,84,-164,100,-164
8311,0x55a1bd6793d8,R,0x7ffee78d5c7c,1,-8,-8,8,-12,-12,80,-4,-16,-16,84,-8,-16,-12,88,-36,-16,-8,4,4,-156,44,-164,-992478176532,-46579627433068,68,-156,84,-156,100,-156,-46579627433068,-156
8314,0x55a1bd6793dd,R,0x7ffee78d5c74,1,-8,-16,-16,-20,-20,-24,0,-24,-20,76,0,-24,-24,80,-24,-24,12,12,4,-148,52,-156,68,-46579627433060,84,-148,100,-148,116,-148,-46579627433084,-148
8316,0x55a1bd6793e0,R,0x7ffee78d5c80,1,12,-4,-4,-8,12,-12,12,84,0,88,-12,-12,-4,92,-8,-12,0,0,-8,-168,-992478176536,-168,64,-46579627433072,80,-160,96,-160,-46579627433072,-160,-46579627433080,-160
8317,0x55a1bd6793e0,W,0x7ffee78d5c80,1,0,-4,4,-8,-4,-12,-8,84,0,-12,-8,-12,12,92,-12,-12,0,-160,40,-168,56,-168,72,-46579627433072,88,-160,104,-160,-46579627433096,-160,-46579627433096,-160
8319,0x55a1bd6793e3,R,0x7ffee78d5c80,1,0,0,12,-8,-4,-12,12,84,12,-12,-8,88,-12,92,-4,-12,-8,-160,-992478176536,-168,64,-168,80,-46579627433072,96,-160,-46579627433072,-160,-46579627433080,-160,-168,-160
8321,0x55a1bd6793e6,R,0x7ffee78d5c78,1,-8,-8,4,-12,-4,-20,-12,76,-16,-20,-8,80,-20,-20,4,-20,48,-152,64,-160,80,-160,96,-46579627433064,112,-152,-46579627433088,-152,-46579627433088,-152,-152,-152
8326,0x55a1bd6793f7,R,0x7ffee78d5ca8,1,48,40,40,36,44,32,36,124,52,28,52,128,32,28,52,132,-992478176576,-200,24,-208,40,-208,56,-46579627433112,-46579627433112,-200,-46579627433120,-200,-208,-200,-192,-200
8328,0x55a1bd6793fb,R,0x7f17d33e3768,1,-992478176576,-992478176536,-992478176536,-992478176540,-992478176524,-992478176544,-992478176540,-992478176548,-992478176540,-992478176548,-992478176544,-992478176448,-992478176536,-992478176548,-992478176548,-992478176444,992478176592,992478176376,992478176608,992478176368,992478176624,992478176368,992478176640,-45587149256536,-45587149256560,992478176376,-45587149256560,992478176376,992478176376,992478176376,992478176384,992478176376
8332,0x55a1bd67940f,R,0x7ffee78d5cb8,1,992478176592,56,64,52,56,48,60,44,52,140,68,144,68,44,48,148,8,-216,24,-224,40,-224,-46579627433128,-46579627433128,-46579627433136,-216,-224,-216,-208,-216,-46579627433152,-216
8334,0x55a1bd679410,R,0x7ffee78d5cc0,1,8,64,24,60,64,56,76,52,60,148,76,52,56,52,64,156,8,-224,24,-232,40,-232,-46579627433160,-46579627433136,-46579627433160,-224,-224,-224,-216,-224,-46579627433160,-232
8336,0x55a1bd679412,R,0x7ffee78d5cc8,1,8,72,992478176608,68,80,64,72,60,76,156,68,60,64,160,84,164,8,-232,24,-240,-46579627433144,-240,-46579627433152,-46579627433144,-240,-232,-224,-232,-224,-240,-46579627433152,-240
8338,0x55a1bd679414,R,0x7ffee78d5cd0,1,8,80,24,76,40,72,80,68,92,164,76,68,92,168,92,68,8,-240,24,-248,-46579627433176,-248,-46579627433176,-46579627433152,-240,-240,-232,-248,-46579627433160,-248,-46579627433176,-248
8340,0x55a1bd679416,R,0x7ffee78d5cd8,1,8,88,24,84,992478176624,80,96,76,88,172,92,76,84,176,80,76,8,-248,-46579627433160,-256,-46579627433168,-256,-256,-46579627433160,-248,-256,-240,-256,-46579627433184,-256,-46579627433184,-256
8342,0x55a1bd679418,R,0x7ffee78d5ce0,1,8,96,24,92,40,88,56,84,96,180,108,84,92,184,108,84,8,-256,-46579627433192,-264,-46579627433192,-264,-264,-264,-248,-264,-46579627433192,-264,-46579627433192,-264,-264,-264
8344,0x55a1bd679419,R,0x7ffee78d5ce8,1,8,104,24,100,40,96,992478176640,92,112,188,104,92,108,192,100,92,-46579627433176,-264,-46579627433184,-272,-46579627433200,-46579627433176,-264,-272,-256,-272,-46579627433200,-272,-272,-272,-272,-46579627433176
8347,0x55a1bd679124,R,0x55a1bd67c010,1,-46579627433176,-46579627433072,-46579627433160,-46579627433076,-46579627433144,-46579627433080,-46579627433128,-46579627433084,-46579627433112,-46579627432988,-46579627433072,-46579627433084,-46579627433060,-46579627432984,-46579627433076,-46579627433084,-24,46579627432912,-8,46579627432904,46579627432904,0,46579627432920,46579627432904,46579627432920,46579627432904,46579627432904,46579627432904,46579627432904,0,46579627432912,0
8350,0x55a1bd67912d,W,0x7ffee78d5be0,1,46579627432912,-160,-256,-164,-240,-168,-224,-172,992478176376,-76,-152,-172,-160,-72,-156,-172,-46579627432936,-8,-46579627432936,-8,0,-46579627432912,8,-8,-8,-8,-8,-46579627432912,0,-46579627432912,0,
8352,0x55a1bd67912e,R,0x55a1bd67bff8,1,-24,-46579627432936,-46579627433200,-46579627433100,-46579627433184,-46579627433104,-46579627433168,-46579627433108,-46579627433152,-46579627433012,-46579627433136,-46579627433108,-46579627433096,-46579627433008,-46579627433084,-46579627433108,16,46579627432928,46579627432928,46579627432928,46579627432936,46579627432928,46579627432944,46579627432928,46579627432928,24,46579627432936,24,46579627432936,,46579627432944,
8356,0x55a1bd67913b,R,0x55a1bd67c008,1,16,-46579627432920,-46579627433184,-46579627433080,-46579627433176,-46579627433088,-46579627433160,-46579627433092,-46579627433144,-46579627432996,-45587149256544,-46579627433092,-46579627433072,-46579627432992,-46579627433080,-46579627433092,-16,46579627432912,46579627432912,8,46579627432928,46579627432912,46579627432928,8,46579627432920,8,46579627432920,,46579627432928,,46579627432928,
8358,0x55a1bd679142,W,0x7ffee78d5bd8,1,46579627432912,-8,46579627432904,-168,-264,-172,-256,-180,-240,-84,-224,-180,-208,-80,-168,-180,-46579627432928,0,8,-46579627432904,16,-46579627432904,8,-46579627432904,8,,16,,16,,,
8361,0x55a1bd679054,R,0x55a1bd67bff8,1,-16,-46579627432928,0,-46579627433096,-46579627433200,-46579627433100,-46579627433184,-46579627433104,-46579627433176,-46579627433012,-46579627433160,-46579627433108,-45587149256560,-46579627433008,-46579627433088,-46579627433108,46579627432928,46579627432928,46579627432936,24,46579627432944,24,46579627432936,,46579627432944,,46579627432944,,,,,
8363,0x55a1bd679147,W,0x7ffee78d5bd8,1,46579627432928,0,46579627432928,-8,46579627432904,-172,-264,-176,-248,-180,-240,-180,-224,-80,-208,-180,0,-46579627432904,16,-46579627432904,16,,16,,16,,,,,,,
8369,0x55a1bd6790d8,R,0x7ffee78d5bd8,1,46579627432928,0,46579627432912,-8,46579627432904,-168,-272,-176,-256,-180,-240,-84,-232,-80,992478176368,-180,8,-46579627432904,16,,16,,16,,,,,,,,,
8371,0x55a1bd67914c,W,0x55a1bd67c010,1,-46579627432904,-46579627432904,8,-46579627432904,24,-46579627433072,-46579627433176,-46579627433076,-46579627433168,-46579627433084,-46579627433152,-46579627432988,-46579627433136,-46579627433084,-46579627433128,-46579627433084,46579627432912,,46579627432920,,46579627432920,,,,,,,,,,,
8373,0x55a1bd679153,R,0x7ffee78d5be0,1,8,46579627432912,46579627432936,8,46579627432936,0,46579627432912,-164,-256,-168,-248,-76,-232,-172,-216,-72,8,,8,,,,,,,,,,,,,
8375,0x55a1bd679154,R,0x7ffee78d5be8,1,8,46579627432920,46579627432944,16,46579627432928,8,46579627432920,-152,-256,-160,-240,-164,-232,-164,-216,-64,0,,,,,,,,,,,,,,,
8380,0x55a1bd679428,R,0x7ffee78d5be8,1,0,46579627432920,16,16,46579627432928,16,46579627432944,-152,-256,-156,-248,-164,-232,-68,-224,-64,,,,,,,,,,,,,,,,
