Delta_with_1_last_read_mean,Delta_with_1_last_read_std,Delta_with_1_last_read_median,Delta_with_1_last_read_unique,Delta_with_1_last_read_zeros_frac,Delta_with_1_last_read_entropy,Delta_with_1_last_read_mode,Delta_with_1_last_read_mode_count,Delta_with_1_last_read_ac_first_peak,Delta_with_1_last_read_fft_dom_bin,Delta_with_1_last_read_fft_dom_power,Delta_with_1_last_write_mean,Delta_with_1_last_write_std,Delta_with_1_last_write_median,Delta_with_1_last_write_unique,Delta_with_1_last_write_zeros_frac,Delta_with_1_last_write_entropy,Delta_with_1_last_write_mode,Delta_with_1_last_write_mode_count,Delta_with_1_last_write_ac_first_peak,Delta_with_1_last_write_fft_dom_bin,Delta_with_1_last_write_fft_dom_power,start,length,Target
0.8437355108577193,11.725122891618003,0.0,52,0.13,2.984530933958303,0.0,13,13,15,241.466338337002,-1.9911924531455605,7.891587906187389,-1.6094379124341005,39,0.18,3.028496372268923,0.0,18,5,20,170.87242473045308,0,100,5
-0.5229288084865514,3.776243083991633,0.0,19,0.19,2.549968979988141,1.6094379124341005,28,10,50,166.19669648975523,0.4969424503074219,5.192907572469033,0.0,26,0.29,2.290037566858848,0.0,29,5,20,245.98302368208024,50,100,5
-0.81523355852043,3.422806829947388,0.0,16,0.2,2.4464393447504027,1.6094379124341005,30,10,50,183.6422653300546,0.7254808715246988,5.191142964662149,0.0,24,0.3,2.170950594612793,0.0,30,5,20,276.9866001502972,100,100,5
-0.8150259385096923,3.422299825379228,0.0,16,0.2,2.4464393447504027,1.6094379124341005,30,10,50,183.62150332898088,0.7252733376904683,5.190071643208155,0.0,24,0.3,2.170950594612793,0.0,30,5,20,276.9420020364922,150,100,5
-0.8148178865406631,3.4217918043511264,0.0,16,0.2,2.4464393447504027,1.6094379124341005,30,10,50,183.60069813207792,0.7250653722568297,5.18899811335731,0.0,24,0.3,2.170950594612793,0.0,30,5,20,276.8973111738936,200,100,5
-0.8146094008121928,3.4212827627219777,0.0,16,0.2,2.4464393447504027,1.6094379124341005,30,10,50,183.5798495592309,0.72485697342488,5.187922365958104,0.0,24,0.3,2.170950594612793,0.0,30,5,20,276.8525271759252,250,100,5
-0.8144004795118432,3.420772696325173,0.0,16,0.2,2.4464393447504027,1.6094379124341005,30,10,50,183.558957429196,0.7246481393844466,5.186844391801951,0.0,24,0.3,2.170950594612793,0.0,30,5,20,276.807649653589,300,100,5
-0.8141911208157928,3.4202616009683893,0.0,16,0.2,2.4464393447504027,1.6094379124341005,30,10,50,183.53802155959093,0.7244388683139918,5.185764181622712,0.0,24,0.3,2.170950594612793,0.0,30,5,20,276.7626782154448,350,100,5
-0.6930588489636469,3.341555792239607,0.0,16,0.2,2.458588903606928,1.6094379124341005,29,10,49,107.0031588644497,0.6267513517561024,4.956776309171113,0.0,23,0.31,2.2041819175800743,0.0,31,5,21,157.59046660706585,400,100,5
-0.6928696736842506,3.34107637886937,0.0,16,0.2,2.458588903606928,1.6094379124341005,29,10,50,135.43833667757758,0.6265622559707135,4.955751657218498,0.0,23,0.31,2.2041819175800743,0.0,31,5,20,207.97543466026423,450,100,5
-0.8136025738552428,3.418825023896296,0.0,16,0.2,2.4464393447504027,1.6094379124341005,30,10,50,183.4791668635359,0.7238505686702064,5.1827276178862,0.0,24,0.3,2.170950594612793,0.0,30,5,20,276.6362551941156,500,100,5
-0.813391536218679,3.4183099797978023,0.0,16,0.2,2.4464393447504027,1.6094379124341005,30,10,50,183.4580630998795,0.7236396200699943,5.181638825282759,0.0,24,0.3,2.170950594612793,0.0,30,5,20,276.5909232622876,550,100,5
-0.8131800522705656,3.417793886251463,0.0,16,0.2,2.4464393447504027,1.6094379124341005,30,10,50,183.43691470506812,0.7234282255351481,5.180547751362291,0.0,24,0.3,2.170950594612793,0.0,30,5,20,276.5454955010904,600,100,5
-0.8129681201191411,3.417276738911549,0.0,16,0.2,2.4464393447504027,1.6094379124341005,30,10,50,183.4157214899257,0.7232163831763038,5.179454386515205,0.0,24,0.3,2.170950594612793,0.0,30,5,20,276.4999715045079,650,100,5
-0.8127557378605892,3.4167585334051283,0.0,16,0.2,2.4464393447504027,1.6094379124341005,30,10,50,183.3944832640705,0.7230040910920646,5.178358721070981,0.0,24,0.3,2.170950594612793,0.0,30,5,20,276.4543508639388,700,100,5
-0.8125429035789387,3.416239265331831,0.0,16,0.2,2.4464393447504027,1.6094379124341005,30,10,50,183.37319983590547,0.7227913473688986,5.177260745297656,0.0,24,0.3,2.170950594612793,0.0,30,5,20,276.4086331681734,750,100,5
-0.7990972530944301,3.405569240332381,0.0,17,0.2,2.4502458858374188,1.6094379124341005,29,10,49,96.11027300107772,0.5742063044286614,5.111442476754356,0.0,25,0.29,2.210449414138192,0.0,29,5,30,152.1208749649601,800,100,5
-0.798883508969523,3.4050454489842856,0.0,17,0.2,2.4502458858374188,1.6094379124341005,29,10,50,113.17780639970272,0.5740140580466725,5.110355575532092,0.0,25,0.29,2.210449414138192,0.0,29,5,20,174.37689334255262,850,100,5
-0.8119016692511508,3.414675041290673,0.0,16,0.2,2.4464393447504027,1.6094379124341005,30,10,50,183.3090764031267,0.7221932457854321,5.174022597696937,0.0,25,0.3,2.170950594612793,0.0,30,5,20,276.27511932607854,900,100,5
-0.8116870074706148,3.414151478389426,0.0,16,0.2,2.4464393447504027,1.6094379124341005,30,10,50,183.28761022507308,0.7219787681658373,5.172915430738677,0.0,25,0.3,2.170950594612793,0.0,30,5,20,276.22901831968034,950,100,5
-0.8114718839011127,3.4136268304998163,0.0,16,0.2,2.4464393447504027,1.6094379124341005,30,10,50,183.26609786812287,0.7217638295501375,5.171805904488419,0.0,25,0.3,2.170950594612793,0.0,30,5,20,276.1828182011975,1000,100,5
-0.8112562965515195,3.41310109305195,0.0,16,0.2,2.4464393447504027,1.6094379124341005,30,10,50,183.2445391331636,0.7215484279523393,5.170694008838496,0.0,25,0.3,2.170950594612793,0.0,30,5,20,276.136518543551,1050,100,5
-0.8110402434178051,3.41257426144683,0.0,16,0.2,2.4464393447504027,1.6094379124341005,30,10,50,183.2229338197921,0.7213325613735877,5.1695797336160645,0.0,25,0.3,2.170950594612793,0.0,30,5,20,276.0901189168949,1100,100,5
-0.810823722482921,3.4120463310561133,0.0,16,0.2,2.4464393447504027,1.6094379124341005,30,10,50,183.2012817263037,0.7211162278020551,5.168463068582542,0.0,25,0.3,2.170950594612793,0.0,30,5,20,276.04361888859336,1150,100,5
-0.7280889912835149,3.292193763610112,0.0,16,0.22,2.4432112184846027,1.6094379124341005,28,10,50,95.40362378907112,0.6580842371757805,5.012236894172482,0.0,24,0.3,2.194096283401811,0.0,30,5,20,161.20619663333014,1200,100,5
-0.727893317517021,3.291694534037341,0.0,16,0.22,2.4432112184846027,1.6094379124341005,28,10,50,87.76725279351498,0.657866963530749,5.011157301560827,0.0,24,0.3,2.194096283401811,0.0,30,5,20,149.26735729627697,1250,100,5
-0.810214957831341,3.410562240659812,0.0,16,0.2,2.4464393447504027,1.6094379124341005,30,10,50,183.1404052611457,0.7204644048155349,5.16525268782317,0.0,24,0.3,2.170950594612793,0.0,30,5,20,275.9085833915796,1300,100,5
-0.8099966406236024,3.4100300921482884,0.0,16,0.2,2.4464393447504027,1.6094379124341005,30,10,50,183.11857354037184,0.7202461828911864,5.164126693177711,0.0,24,0.3,2.170950594612793,0.0,30,5,20,275.86168845475834,1350,100,5
-0.8097778457480577,3.409496822218586,0.0,16,0.2,2.4464393447504027,1.6094379124341005,30,10,50,183.09669405281736,0.7200274837163484,5.1629982579727365,0.0,24,0.3,2.170950594612793,0.0,30,5,20,275.81469095893124,1400,100,5
-0.80955857110989,3.408962426067102,0.0,16,0.2,2.4464393447504027,1.6094379124341005,30,10,50,183.0747665890006,0.7198083051989519,5.161867371572569,0.0,24,0.3,2.170950594612793,0.0,30,5,20,275.767590454522,1450,100,5
-0.8093388146004716,3.4084268988591244,0.0,16,0.2,2.4464393447504027,1.6094379124341005,30,10,50,183.0527909380588,0.7195886452331409,5.160734023271762,0.0,24,0.3,2.170950594612793,0.0,30,5,20,275.7203864889919,1500,100,5
-0.8091185740972427,3.4078902357285616,0.0,16,0.2,2.4464393447504027,1.6094379124341005,30,10,50,183.0307668877359,0.7193685016991519,5.159598202294492,0.0,24,0.3,2.170950594612793,0.0,30,5,20,275.6730786068131,1550,100,5
-0.6374252531772157,3.325669990053784,0.0,16,0.2,2.442235772870531,1.6094379124341005,30,10,50,126.2241005775768,0.6060848012908088,4.936635050113646,0.0,23,0.3,2.2037164513373875,0.0,30,5,20,192.19431020299527,1600,100,5
-0.6372262038482754,3.325162856842559,0.0,16,0.2,2.442235772870531,1.6094379124341005,30,10,49,102.9559481935486,0.6058858399689471,4.935557851498448,0.0,23,0.3,2.2037164513373875,0.0,30,5,21,150.68582701759985,1650,100,5
-0.8084993075998723,3.40638149404276,0.0,16,0.2,2.4464393447504027,1.6094379124341005,30,10,50,182.96884023799885,0.718749509004125,5.156404656316466,0.0,24,0.3,2.170950594612793,0.0,30,5,20,275.5400597853581,1700,100,5
-0.8082772083130549,3.405840469466092,0.0,16,0.2,2.4464393447504027,1.6094379124341005,30,10,50,182.9466303093172,0.7185275083298914,5.155259339633529,0.0,24,0.3,2.170950594612793,0.0,30,5,20,275.49235281200947,1750,100,5
-0.8080546146462809,3.4052982851640854,0.0,16,0.2,2.4464393447504027,1.6094379124341005,30,10,50,182.9243709426397,0.7183050137151045,5.15411149755077,0.0,24,0.3,2.170950594612793,0.0,30,5,20,275.44453969303555,1800,100,5
-0.8078315243937143,3.4047549360831644,0.0,16,0.2,2.4464393447504027,1.6094379124341005,30,10,50,182.90206191738304,0.7180820229568715,5.152961118871739,0.0,24,0.3,2.170950594612793,0.0,30,5,20,275.39661995504446,1850,100,5
-0.8076079353347226,3.404210417136456,0.0,16,0.2,2.4464393447504027,1.6094379124341005,30,10,50,182.8797030114839,0.7178585338375302,5.151808192325275,0.0,24,0.3,2.170950594612793,0.0,30,5,20,275.34859312147046,1900,100,5
-0.8073838452337456,3.4036647232035,0.0,16,0.2,2.4464393447504027,1.6094379124341005,30,10,50,182.85729400138607,0.7176345441245161,5.150652706564817,0.0,24,0.3,2.170950594612793,0.0,30,5,20,275.3004587125456,1950,100,5
-0.8449863443276374,3.3947770227518044,0.0,17,0.2,2.46610143688913,1.6094379124341005,28,10,50,148.19151022009044,0.4786393413370315,5.012737352506805,0.0,24,0.3,2.2037164513373875,0.0,30,5,20,226.34251529379543,2000,100,5
-0.844761245375619,3.394230125194676,0.0,17,0.2,2.46610143688913,1.6094379124341005,28,10,49,110.86784992403317,0.4784594344429234,5.011611808149307,0.0,24,0.3,2.2037164513373875,0.0,30,5,21,159.8537409911002,2050,100,5
-0.8067085460965328,3.4020205397723737,0.0,16,0.2,2.4464393447504027,1.6094379124341005,30,10,50,182.7897640876649,0.717049832288494,5.147317632645233,0.0,24,0.3,2.170950594612793,0.0,30,5,20,275.1619481096768,2100,100,5
-0.8064824291687028,3.401470094007496,0.0,16,0.2,2.4464393447504027,1.6094379124341005,30,10,50,182.76715239488192,0.7168240218111034,5.146152124821619,0.0,24,0.3,2.170950594612793,0.0,30,5,20,275.1133933367924,2150,100,5
-0.8062557997924046,3.4009184471396683,0.0,16,0.2,2.4464393447504027,1.6094379124341005,30,10,50,182.74448945725203,0.7165977002751017,5.1449840013847,0.0,24,0.3,2.170950594612793,0.0,30,5,20,275.064728607774,2200,100,5
-0.8060286556396341,3.40036559384052,0.0,16,0.2,2.4464393447504027,1.6094379124341005,30,10,50,182.721775041975,0.7163708653619626,5.143813250531255,0.0,24,0.3,2.170950594612793,0.0,30,5,20,275.0159534234809,2250,100,5
-0.8058009943664881,3.399811528745938,0.0,16,0.2,2.4464393447504027,1.6094379124341005,30,10,50,182.6990089146604,0.7161435147373457,5.142639860377874,0.0,24,0.3,2.170950594612793,0.0,30,5,20,274.96706728136667,2300,100,5
-0.8055728136130185,3.399256246455742,0.0,16,0.2,2.4464393447504027,1.6094379124341005,30,10,50,182.67619083931345,0.7159156460509528,5.141463818960242,0.0,24,0.3,2.170950594612793,0.0,30,5,20,274.918069675447,2350,100,5
-0.6852870654170999,3.2848838716344635,0.0,16,0.22,2.4384571478798605,1.6094379124341005,29,10,50,172.00337543657994,0.7655792065649665,5.047501454605417,0.0,24,0.3,2.2010160357585984,0.0,30,5,20,261.2024050286707,2400,100,5
-0.6850808085924395,3.284357087337019,0.0,16,0.22,2.4384571478798605,1.6094379124341005,29,10,49,115.70683866776348,0.7653273351529566,5.046345375222132,0.0,24,0.3,2.2010160357585984,0.0,30,5,21,167.99965478029912,2450,100,5
-0.8049311235795917,3.3976949341456155,0.0,16,0.2,2.4464393447504027,1.6094379124341005,30,10,50,182.6120218359708,0.7151829360673474,5.138007229804535,0.0,24,0.3,2.170950594612793,0.0,30,5,20,274.7736188742569,2500,100,5
-0.8047009469908258,3.397134976616763,0.0,16,0.2,2.4464393447504027,1.6094379124341005,30,10,50,182.58900417709413,0.7149528653925796,5.136820661348553,0.0,24,0.3,2.170950594612793,0.0,30,5,20,274.7241776937415,2550,100,5
-0.8044702393659534,3.396573775459049,0.0,16,0.2,2.4464393447504027,1.6094379124341005,30,10,50,182.5659334146069,0.7147222641708616,5.135631381480292,0.0,24,0.3,2.170950594612793,0.0,30,5,20,274.674622501051,2600,100,5
-0.8042389982490161,3.3960113250565924,0.0,16,0.2,2.4464393447504027,1.6094379124341005,30,10,50,182.5428093029132,0.7144911299496315,5.134439377740502,0.0,24,0.3,2.170950594612793,0.0,30,5,20,274.6249527691404,2650,100,5
-0.8040072211669781,3.395447619755159,0.0,16,0.2,2.4464393447504027,1.6094379124341005,30,10,50,182.51963159470932,0.7142594602592814,5.133244637583749,0.0,24,0.3,2.170950594612793,0.0,30,5,20,274.57516796730255,2700,100,5
-0.803774905629568,3.394882653861814,0.0,16,0.2,2.4464393447504027,1.6094379124341005,30,10,50,182.4964000409684,0.7140272526130002,5.1320471483776045,0.0,24,0.3,2.170950594612793,0.0,30,5,20,274.52526756113275,2750,100,5
-0.8035420491291179,3.39431642164457,0.0,16,0.2,2.4464393447504027,1.6094379124341005,30,10,50,182.4731143909234,0.713794504506612,5.13084689740185,0.0,24,0.3,2.170950594612793,0.0,30,5,20,274.4752510124948,2800,100,5
-0.6893334406540922,3.2902697779032173,0.0,16,0.2,2.433892755101021,1.6094379124341005,30,10,49,114.32359761921148,0.5441206303015287,4.908532898478933,0.0,23,0.3,2.1859659513082934,0.0,30,5,21,169.9098025107338,2850,100,5
-0.6891229385553408,3.2897345928312287,0.0,16,0.2,2.433892755101021,1.6094379124341005,30,10,50,160.37918861619093,0.5439102266261108,4.907391754603311,0.0,23,0.3,2.1859659513082934,0.0,30,5,20,249.6452256730049,2900,100,5
-0.8028871514417665,3.392724185314341,0.0,16,0.2,2.4464393447504027,1.6094379124341005,30,10,50,182.4076246221883,0.7131399130283681,5.127471392683561,0.0,24,0.3,2.170950594612793,0.0,30,5,20,274.33458217112275,2950,100,5
-0.8026522161002001,3.3921530880910566,0.0,16,0.2,2.4464393447504027,1.6094379124341005,30,10,50,182.38413108803164,0.7129050880244381,5.12626052940227,0.0,24,0.3,2.170950594612793,0.0,30,5,20,274.28411930646143,3000,100,5
-0.8024167275114479,3.3915806964752,0.0,16,0.2,2.4464393447504027,1.6094379124341005,30,10,50,182.3605822291564,0.7126697102934795,5.125046842046179,0.0,24,0.3,2.170950594612793,0.0,30,5,20,274.23353766322583,3050,100,5
-0.80218068306368,3.39100700450104,0.0,16,0.2,2.4464393447504027,1.6094379124341005,30,10,50,182.3369777843796,0.7124337772273484,5.123830317369462,0.0,24,0.3,2.170950594612793,0.0,30,5,20,274.1828366809376,3100,100,5
-0.8019440801265262,3.390432006161264,0.0,16,0.2,2.4464393447504027,1.6094379124341005,30,10,50,182.31331749066425,0.712197286199397,5.122610942032762,0.0,24,0.3,2.170950594612793,0.0,30,5,20,274.1320157951421,3150,100,5
-0.8017069160509022,3.389855695406585,0.0,16,0.2,2.4464393447504027,1.6094379124341005,30,10,50,182.28960108310184,0.7119602345642981,5.121388702602296,0.0,24,0.3,2.170950594612793,0.0,30,5,20,274.08107443737026,3200,100,5
-0.7139892082990706,3.3063063827792343,0.0,16,0.2,2.463342974211669,1.6094379124341005,28,10,49,105.15112372452228,0.5994036078560417,4.900475678112801,0.0,23,0.3,2.2037164513373875,0.0,30,5,21,157.55721920007798,3250,100,5
-0.713774794531864,3.305766689537213,0.0,16,0.2,2.463342974211669,1.6094379124341005,28,10,50,131.34139539044418,0.5991892962031908,4.899316258140836,0.0,23,0.3,2.2037164513373875,0.0,30,5,20,207.5192847493812,3300,100,5
-0.8010398485994986,3.38823499123004,0.0,16,0.2,2.4464393447504027,1.6094379124341005,30,10,50,182.22289433796143,0.7112934848054254,5.11795107968943,0.0,24,0.3,2.170950594612793,0.0,30,5,20,273.9377928357002,3350,100,5
-0.8008005277026823,3.38765363737735,0.0,16,0.2,2.4464393447504027,1.6094379124341005,30,10,50,182.19896224827983,0.7110542784030617,5.116717832494831,0.0,24,0.3,2.170950594612793,0.0,30,5,20,273.88638842805227,3400,100,5
-0.8005606326855974,3.3870709414764018,0.0,16,0.2,2.4464393447504027,1.6094379124341005,30,10,50,182.1749727465713,0.7108144984302917,5.115481655381493,0.0,24,0.3,2.170950594612793,0.0,30,5,20,273.8348607626823,3450,100,5
-0.8003201607870346,3.386486897226576,0.0,16,0.2,2.4464393447504027,1.6094379124341005,30,10,50,182.1509255567151,0.7105741421298771,5.1142425343500415,0.0,24,0.3,2.170950594612793,0.0,30,5,20,273.7832092470721,3500,100,5
-0.8000791092258175,3.385901498282513,0.0,16,0.2,2.4464393447504027,1.6094379124341005,30,10,50,182.12682040059337,0.7103332067246498,5.113000455300388,0.0,24,0.3,2.170950594612793,0.0,30,5,20,273.7314332844207,3550,100,5
-0.7998374752006078,3.385314738253692,0.0,16,0.2,2.4464393447504027,1.6094379124341005,30,10,50,182.1026569980724,0.7100916894173198,5.111755404030768,0.0,24,0.3,2.170950594612793,0.0,30,5,20,273.6795322736032,3600,100,5
-0.7702685145138429,3.3743078357093634,0.0,17,0.21,2.4502458858374188,1.6094379124341005,29,10,49,94.52329411559394,0.669006645126594,5.111313656678982,0.0,25,0.29,2.217369166494979,0.0,29,5,30,151.5378195796977,3650,100,5
-0.7700257070750115,3.373714402991846,0.0,17,0.21,2.4502458858374188,1.6094379124341005,29,10,50,110.80163182323729,0.6687639555417229,5.110060875614215,0.0,25,0.29,2.217369166494979,0.0,29,5,20,182.7646763275696,3700,100,5
-0.7991090500211118,3.383546227066889,0.0,16,0.2,2.4464393447504027,1.6094379124341005,30,10,50,182.02981448012275,0.7093636178038711,5.108002273338532,0.0,24,0.3,2.170950594612793,0.0,30,5,20,273.523072875158,3750,100,5
-0.7988650577164473,3.38295395787532,0.0,16,0.2,2.4464393447504027,1.6094379124341005,30,10,50,182.00541524965635,0.7091197445059154,5.106745189103176,0.0,24,0.3,2.170950594612793,0.0,30,5,20,273.47066557246586,3800,100,5
-0.7986204686317662,3.3823602949536435,0.0,16,0.2,2.4464393447504027,1.6094379124341005,30,10,50,181.98095634118823,0.7088752750106699,5.105485060079061,0.0,24,0.3,2.170950594612793,0.0,30,5,20,273.41813014963634,3850,100,5
-0.7983752798405783,3.381765231631116,0.0,16,0.2,2.4464393447504027,1.6094379124341005,30,10,50,181.95643746206943,0.7086302063959354,5.104221871433318,0.0,24,0.3,2.170950594612793,0.0,30,5,20,273.365465978702,3900,100,5
-0.7981294883948145,3.3811687611887,0.0,16,0.2,2.4464393447504027,1.6094379124341005,30,10,50,181.9318583174931,0.7083845357179753,5.10295560822428,0.0,24,0.3,2.170950594612793,0.0,30,5,20,273.3126724270672,3950,100,5
-0.7978830913246138,3.3805708768585947,0.0,16,0.2,2.4464393447504027,1.6094379124341005,30,10,50,181.90721861047297,0.708138260011304,5.101686255400407,0.0,24,0.3,2.170950594612793,0.0,30,5,20,273.2597488574622,4000,100,5
-0.7003237416571154,3.269947166300404,0.0,16,0.21,2.4391444053904503,1.6094379124341005,29,10,50,93.14664681028952,0.5390190047331322,4.880871217629505,0.0,23,0.3,2.1859659513082934,0.0,30,5,20,148.9527045413274,4050,100,5
-0.7001009413277566,3.269381808135148,0.0,16,0.21,2.4391444053904503,1.6094379124341005,29,10,50,88.72595673586649,0.5387963146605022,4.879664119387221,0.0,23,0.3,2.1859659513082934,0.0,30,5,20,153.16913116775302,4100,100,5
-0.7971899320539922,3.378889220634468,0.0,16,0.2,2.4464393447504027,1.6094379124341005,30,10,50,181.83790268341085,0.7074454437656087,5.098115501249703,0.0,24,0.3,2.170950594612793,0.0,30,5,20,273.110865684066,4150,100,5
-0.7969412061350591,3.378285900934733,0.0,16,0.2,2.4464393447504027,1.6094379124341005,30,10,50,181.8130300915176,0.7071968415146382,5.096834268649613,0.0,24,0.3,2.170950594612793,0.0,30,5,20,273.0574421504751,4200,100,5
-0.7966918600261356,3.377681134167966,0.0,16,0.2,2.4464393447504027,1.6094379124341005,30,10,50,181.7880954806252,0.7069476196910177,5.095549872623431,0.0,24,0.3,2.170950594612793,0.0,30,5,20,273.0038854734874,4250,100,5
-0.796441890626635,3.377074913274001,0.0,16,0.2,2.4464393447504027,1.6094379124341005,30,10,50,181.76309854067512,0.7066977751987951,5.094262297460648,0.0,24,0.3,2.170950594612793,0.0,30,5,20,272.95019498779646,4300,100,5
-0.7961912948126612,3.3764672311405746,0.0,16,0.2,2.4464393447504027,1.6094379124341005,30,10,50,181.73803895927773,0.7064473049187542,5.092971527333259,0.0,24,0.3,2.170950594612793,0.0,30,5,20,272.89637002309735,4350,100,5
-0.7959400694367734,3.375858080602797,0.0,16,0.2,2.4464393447504027,1.6094379124341005,30,10,50,181.71291642168896,0.7061962057081828,5.091677546294606,0.0,24,0.3,2.170950594612793,0.0,30,5,20,272.84240990403487,4400,100,5
-0.6765988473957895,3.299992079071575,0.0,16,0.2,2.458588903606928,1.6094379124341005,29,10,50,120.19419888109404,0.610298931499898,4.867707361372331,0.0,23,0.31,2.2041819175800743,0.0,31,5,20,188.9094602413663,4450,100,5
-0.6763716602173944,3.29942054666702,0.0,16,0.2,2.458588903606928,1.6094379124341005,29,10,49,99.65348656859322,0.6100718589616899,4.866479229271899,0.0,23,0.31,2.2041819175800743,0.0,31,5,21,147.4909614397482,4500,100,5
-0.7952332620293029,3.374144585540064,0.0,16,0.2,2.4464393447504027,1.6094379124341005,30,10,50,181.6422356809419,0.7054897549633882,5.088037180115832,0.0,24,0.3,2.170950594612793,0.0,30,5,20,272.6905967376489,4550,100,5
-0.794979615191192,3.373529788778385,0.0,16,0.2,2.4464393447504027,1.6094379124341005,30,10,50,181.6168709971308,0.7052362367338137,5.0867308500526445,0.0,24,0.3,2.170950594612793,0.0,30,5,20,272.6361167822039,4600,100,5
-0.794725323348142,3.3729134884717227,0.0,16,0.2,2.4464393447504027,1.6094379124341005,30,10,50,181.5914418128258,0.7049820741540508,5.0854212308444415,0.0,24,0.3,2.170950594612793,0.0,30,5,20,272.5814983587809,4650,100,5
-0.7944703832113825,3.3722956771394834,0.0,16,0.2,2.4464393447504027,1.6094379124341005,30,10,50,181.56594779914985,0.7047272639403416,5.084108305832377,0.0,24,0.3,2.170950594612793,0.0,30,5,20,272.52674076171513,4700,100,5
-0.7942147914669252,3.3716763472447613,0.0,16,0.2,2.4464393447504027,1.6094379124341005,30,10,50,181.5403886247041,0.7044718027837618,5.082792058230548,0.0,24,0.3,2.170950594612793,0.0,30,5,20,272.4718432799337,4750,100,5
-0.7939585447753054,3.371055491193783,0.0,16,0.2,2.4464393447504027,1.6094379124341005,30,10,50,181.5147639555421,0.7042156873499633,5.081472471124697,0.0,24,0.3,2.170950594612793,0.0,30,5,20,272.4168051969004,4800,100,5
-0.7804692775197937,3.3600732650452727,0.0,17,0.2,2.4502458858374188,1.6094379124341005,29,10,50,142.009539540461,0.557452928182344,5.016801486264692,0.0,25,0.29,2.210449414138192,0.0,29,5,20,225.4564861152681,4850,100,5
-0.7802117108122393,3.3594463950792,0.0,17,0.2,2.4502458858374188,1.6094379124341005,29,10,49,108.67649838907404,0.5572212972245515,5.015494104045248,0.0,25,0.29,2.210449414138192,0.0,29,5,21,166.02588002359136,4900,100,5
-0.7931858412351651,3.3691836893003537,0.0,16,0.2,2.4464393447504027,1.6094379124341005,30,10,50,181.4374936015281,0.703495054680355,5.077577468506132,0.0,25,0.3,2.170950594612793,0.0,30,5,20,272.2559349063295,4950,100,5
-0.7929269408414952,3.3685566515288685,0.0,16,0.2,2.4464393447504027,1.6094379124341005,30,10,50,181.4116035621612,0.7032364221277052,5.07624456747616,0.0,25,0.3,2.170950594612793,0.0,30,5,20,272.20034033941045,5000,100,5
-0.7926673684119164,3.367928048758771,0.0,16,0.2,2.4464393447504027,1.6094379124341005,30,10,50,181.3856463192033,0.7029771189307188,5.074908241514486,0.0,25,0.3,2.170950594612793,0.0,30,5,20,272.144601573167,5050,100,5
-0.7924071204484897,3.367297873042708,0.0,16,0.2,2.4464393447504027,1.6094379124341005,30,10,50,181.3596215228606,0.70271714160233,5.073568472917247,0.0,25,0.3,2.170950594612793,0.0,30,5,20,272.0887178576129,5100,100,5
-0.7921461934258949,3.3666661163722686,0.0,16,0.2,2.4464393447504027,1.6094379124341005,30,10,50,181.3335288206011,0.7024564866282051,5.072225243842761,0.0,25,0.3,2.170950594612793,0.0,30,5,20,272.0326884368956,5150,100,5
-0.7918845837911431,3.36603277067735,0.0,16,0.2,2.4464393447504027,1.6094379124341005,30,10,50,181.307367857126,0.7021951504664575,5.070878536310095,0.0,25,0.3,2.170950594612793,0.0,30,5,20,271.9765125492346,5200,100,5
-0.7110070843700902,3.248771977163011,0.0,16,0.22,2.4432112184846027,1.6094379124341005,28,10,50,166.96205235233833,0.6391179415103108,4.918079359947314,0.0,24,0.3,2.194096283401811,0.0,30,5,20,253.1374369267883,5250,100,5
-0.7107704596356512,3.248172785084883,0.0,16,0.22,2.4432112184846027,1.6094379124341005,28,10,49,114.66864528593037,0.6388552322359985,4.916776342080468,0.0,24,0.3,2.194096283401811,0.0,30,5,21,173.34411856017925,5300,100,5
-0.7911484147277459,3.364250879656548,0.0,16,0.2,2.4464393447504027,1.6094379124341005,30,10,50,181.2337509507862,0.7014070190172278,5.067003414560174,0.0,24,0.3,2.170950594612793,0.0,30,5,20,271.8132346984596,5350,100,5
-0.7908841782669367,3.363611420962376,0.0,16,0.2,2.4464393447504027,1.6094379124341005,30,10,50,181.20732730470527,0.7011429221248774,5.065643097618,0.0,24,0.3,2.170950594612793,0.0,30,5,20,271.7564814356452,5400,100,5
-0.7906192417452134,3.3629703336281884,0.0,16,0.2,2.4464393447504027,1.6094379124341005,30,10,50,181.18083365253293,0.7008781259119362,5.064279212738756,0.0,24,0.3,2.170950594612793,0.0,30,5,20,271.69957789196155,5450,100,5
-0.7903536014432666,3.362327609213264,0.0,16,0.2,2.4464393447504027,1.6094379124341005,30,10,50,181.1542696223383,0.700612626665001,5.062911741095151,0.0,24,0.3,2.170950594612793,0.0,30,5,20,271.64252326941505,5500,100,5
-0.7900872536120677,3.361683239210689,0.0,16,0.2,2.4464393447504027,1.6094379124341005,30,10,50,181.1276348392184,0.7003464206410119,5.061540663710272,0.0,24,0.3,2.170950594612793,0.0,30,5,20,271.58531676363924,5550,100,5
-0.7898201944725514,3.3610372150466667,0.0,16,0.2,2.4464393447504027,1.6094379124341005,30,10,50,181.1009289252668,0.7000795040669368,5.060165961455993,0.0,24,0.3,2.170950594612793,0.0,30,5,20,271.5279575638265,5600,100,5
-0.789552420215294,3.3603895280798066,0.0,16,0.2,2.4464393447504027,1.6094379124341005,30,10,50,181.07415149954105,0.6998118731394497,5.058787615051356,0.0,24,0.3,2.170950594612793,0.0,30,5,20,271.4704448526592,5650,100,5
-0.6197770399056118,3.280876178207429,0.0,16,0.2,2.442235772870531,1.6094379124341005,30,10,49,114.1232827245814,0.5884451986145343,4.841228272786107,0.0,23,0.3,2.2037164513373875,0.0,30,5,21,169.72081916609406,5700,100,5
-0.6195348107892601,3.280263787923113,0.0,16,0.2,2.442235772870531,1.6094379124341005,30,10,50,164.80784011718825,0.5882030998171301,4.839920217815963,0.0,23,0.3,2.2037164513373875,0.0,30,5,20,252.54255953518867,5750,100,5
-0.788798815062587,3.3585670840597244,0.0,16,0.2,2.4464393447504027,1.6094379124341005,30,10,50,180.9987909842704,0.6990586734290456,5.054908692205199,0.0,24,0.3,2.170950594612793,0.0,30,5,20,271.3085855424509,5800,100,5
-0.7885282880708446,3.3579129984192697,0.0,16,0.2,2.4464393447504027,1.6094379124341005,30,10,50,180.97173828509608,0.6987882927283008,5.05351631944291,0.0,24,0.3,2.170950594612793,0.0,30,5,20,271.2504819173058,5850,100,5
-0.7882570272431195,3.357257207533608,0.0,16,0.2,2.4464393447504027,1.6094379124341005,30,10,50,180.9446122023236,0.6985171789860989,5.052120207802116,0.0,24,0.3,2.170950594612793,0.0,30,5,20,271.1922207648298,5900,100,5
-0.787985028587339,3.3565997023549223,0.0,16,0.2,2.4464393447504027,1.6094379124341005,30,10,50,180.9174123367456,0.698245328216858,5.0507203370825495,0.0,24,0.3,2.170950594612793,0.0,30,5,20,271.1338012285394,5950,100,5
-0.7877122880787668,3.355940473762756,0.0,16,0.2,2.4464393447504027,1.6094379124341005,30,10,50,180.8901382858883,0.6979727364024029,5.049316686919559,0.0,24,0.3,2.170950594612793,0.0,30,5,20,271.07522244494675,6000,100,5
-0.7874388016596445,3.355279512563224,0.0,16,0.2,2.4464393447504027,1.6094379124341005,30,10,50,180.86278964397607,0.6976993994916085,5.047909236782325,0.0,24,0.3,2.170950594612793,0.0,30,5,20,271.0164835434835,6050,100,5
-0.8249916577263083,3.346381113883534,0.0,17,0.2,2.46610143688913,1.6094379124341005,28,10,49,108.48594185995854,0.4626605118223185,4.9128593017344615,0.0,24,0.3,2.2037164513373875,0.0,30,5,21,154.2825138641979,6100,100,5
-0.8247166671789085,3.345718133070505,0.0,17,0.2,2.46610143688913,1.6094379124341005,28,10,50,142.72174771708887,0.4624407764755348,4.911487100722554,0.0,24,0.3,2.2037164513373875,0.0,30,5,20,213.5279085861337,6150,100,5
-0.786613825858428,3.353286140263474,0.0,16,0.2,2.4464393447504027,1.6094379124341005,30,10,50,180.78029206385443,0.6969852374977566,5.0438431176302085,0.0,24,0.3,2.170950594612793,0.0,30,5,20,270.8472951033709,6200,100,5
-0.7863373145463067,3.3526181551991354,0.0,16,0.2,2.4464393447504027,1.6094379124341005,30,10,50,180.7526409326423,0.6967091843468487,5.042420750925989,0.0,24,0.3,2.170950594612793,0.0,30,5,20,270.7879290056357,6250,100,5
-0.7860600365266656,3.3519483904284884,0.0,16,0.2,2.4464393447504027,1.6094379124341005,30,10,50,180.7249131306781,0.6964323670310733,5.040994481752312,0.0,24,0.3,2.170950594612793,0.0,30,5,20,270.72839845098133,6300,100,5
-0.785781987535832,3.351276836300056,0.0,16,0.2,2.4464393447504027,1.6094379124341005,30,10,50,180.6971082315948,0.6961547813079835,5.039564288564935,0.0,24,0.3,2.170950594612793,0.0,30,5,20,270.6687025257112,6350,100,5
-0.7855031632744689,3.350603483083153,0.0,16,0.2,2.4464393447504027,1.6094379124341005,30,10,50,180.6692258054585,0.6958764228997052,5.038130149640455,0.0,24,0.3,2.170950594612793,0.0,30,5,20,270.6088403084927,6400,100,5
-0.7852235594071765,3.3499283209670145,0.0,16,0.2,2.4464393447504027,1.6094379124341005,30,10,50,180.64126541872923,0.6955972874925395,5.036692043074327,0.0,24,0.3,2.170950594612793,0.0,30,5,20,270.5488108702726,6450,100,5
-0.6669308897809043,3.2381863989222093,0.0,16,0.22,2.4384571478798605,1.6094379124341005,29,10,49,98.71389475337804,0.7431655971321729,4.944716982710604,0.0,24,0.3,2.2010160357585984,0.0,30,5,21,140.23105683546362,6500,100,5
-0.666677902433331,3.2375454540206063,0.0,16,0.22,2.4384571478798605,1.6094379124341005,29,10,50,118.79372289061914,0.7428567216400888,4.943301879999803,0.0,24,0.3,2.2010160357585984,0.0,30,5,20,180.8842016339505,6550,100,5
-0.7844364837203487,3.348028159185364,0.0,16,0.2,2.4464393447504027,1.6094379124341005,30,10,50,180.5625578500465,0.6946987499973379,5.032460898174531,0.0,24,0.3,2.170950594612793,0.0,30,5,20,270.3716571518493,6600,100,5
-0.7841538771635733,3.347346032339248,0.0,16,0.2,2.4464393447504027,1.6094379124341005,30,10,50,180.5342971943689,0.6944163030837889,5.031006997725039,0.0,24,0.3,2.170950594612793,0.0,30,5,20,270.310960551558,6650,100,5
-0.7838704696760043,3.3466620483592227,0.0,16,0.2,2.4464393447504027,1.6094379124341005,30,10,50,180.50595644561207,0.694133056145359,5.029549019007153,0.0,24,0.3,2.170950594612793,0.0,30,5,20,270.25009202950105,6700,100,5
-0.7835862567049129,3.345976196952222,0.0,16,0.2,2.4464393447504027,1.6094379124341005,30,10,50,180.4775351485029,0.6938490046370527,5.028086939000271,0.0,24,0.3,2.170950594612793,0.0,30,5,20,270.18905060897947,6750,100,5
-0.783301233658641,3.345288467738836,0.0,16,0.2,2.4464393447504027,1.6094379124341005,30,10,50,180.44903284387573,0.693564143975033,5.026620734488046,0.0,24,0.3,2.170950594612793,0.0,30,5,20,270.12783530494744,6800,100,5
-0.7830153959061562,3.344598850252344,0.0,16,0.2,2.4464393447504027,1.6094379124341005,30,10,50,180.4204490686272,0.6932784695361783,5.0251503820561645,0.0,24,0.3,2.170950594612793,0.0,30,5,20,270.066445123917,6850,100,5
-0.6708163336166092,3.243382089094208,0.0,16,0.2,2.433892755101021,1.6094379124341005,30,10,50,94.01203004873636,0.5256131244952525,4.808258479649568,0.0,23,0.3,2.1859659513082934,0.0,30,5,20,147.19153471960183,6900,100,5
-0.6705576750157082,3.24272990264514,0.0,16,0.2,2.433892755101021,1.6094379124341005,30,10,50,86.36824084638582,0.5253546144855309,4.806859364794205,0.0,23,0.3,2.1859659513082934,0.0,30,5,20,151.3990917280662,6950,100,5
-0.7822106760492096,3.342657785490219,0.0,16,0.2,2.4464393447504027,1.6094379124341005,30,10,50,180.3399770829326,0.6924742119701512,5.021011126530083,0.0,24,0.3,2.170950594612793,0.0,30,5,20,269.8936137090041,7000,100,5
-0.7819216994702054,3.341960895540115,0.0,16,0.2,2.4464393447504027,1.6094379124341005,30,10,50,180.3110794250321,0.692185402310178,5.019524794905985,0.0,24,0.3,2.170950594612793,0.0,30,5,20,269.83154978299467,7050,100,5
-0.7816318853934979,3.3412620658297083,0.0,16,0.2,2.4464393447504027,1.6094379124341005,30,10,50,180.2820980173614,0.6918957561211387,5.018034200145453,0.0,24,0.3,2.170950594612793,0.0,30,5,20,269.7693060906355,7100,100,5
-0.7813412289505709,3.3405612853659705,0.0,16,0.2,2.4464393447504027,1.6094379124341005,30,10,50,180.25303237306872,0.6916052685429734,5.016539317640335,0.0,24,0.3,2.170950594612793,0.0,30,5,20,269.7068815875216,7150,100,5
-0.7810497252303324,3.339858543061579,0.0,16,0.2,2.4464393447504027,1.6094379124341005,30,10,50,180.22388200104484,0.691313934673145,5.015040122568487,0.0,24,0.3,2.170950594612793,0.0,30,5,20,269.64427522012016,7200,100,5
-0.7807573692786164,3.339153827733824,0.0,16,0.2,2.4464393447504027,1.6094379124341005,30,10,50,180.19464640587324,0.691021749566142,5.013536589891285,0.0,24,0.3,2.170950594612793,0.0,30,5,20,269.58148592566306,7250,100,5
-0.6950896934785777,3.258939653857179,0.0,16,0.2,2.463342974211669,1.6094379124341005,28,10,50,122.34834550502244,0.5805140962861476,4.798396646311505,0.0,23,0.3,2.2037164513373875,0.0,30,5,20,185.96243400663084,7300,100,5
-0.6948251035263422,3.2582795079243905,0.0,16,0.2,2.463342974211669,1.6094379124341005,28,10,49,100.5432540613176,0.5802496618159462,4.796969293408601,0.0,23,0.3,2.2037164513373875,0.0,30,5,21,145.93433158051457,7350,100,5
-0.7799341960323332,3.337170031948756,0.0,16,0.2,2.4464393447504027,1.6094379124341005,30,10,50,180.11232908124492,0.6901990600496819,5.009303406491362,0.0,24,0.3,2.170950594612793,0.0,30,5,20,269.4046935671606,7400,100,5
-0.7796385556442564,3.33645771543082,0.0,16,0.2,2.4464393447504027,1.6094379124341005,30,10,50,180.08276504243725,0.6899035943654152,5.007783158668193,0.0,24,0.3,2.170950594612793,0.0,30,5,20,269.34119929134727,7450,100,5
-0.7793420386289486,3.335743370849541,0.0,16,0.2,2.4464393447504027,1.6094379124341005,30,10,50,180.05311334090646,0.6896072530912059,5.006258449960004,0.0,24,0.3,2.170950594612793,0.0,30,5,20,269.2775168551788,7500,100,5
-0.7790446397722129,3.3350269864467563,0.0,16,0.2,2.4464393447504027,1.6094379124341005,30,10,50,180.0233734552329,0.6893100310221232,5.004729254021564,0.0,24,0.3,2.170950594612793,0.0,30,5,20,269.21364514013896,7550,100,5
-0.7787463538131927,3.3343085503611074,0.0,16,0.2,2.4464393447504027,1.6094379124341005,30,10,50,179.99354485933088,0.6890119229066869,5.003195544273224,0.0,24,0.3,2.170950594612793,0.0,30,5,20,269.1495830177087,7600,100,5
-0.7784471754438124,3.333588050626821,0.0,16,0.2,2.4464393447504027,1.6094379124341005,30,10,50,179.96362702239287,0.68871292344631,5.001657293898131,0.0,24,0.3,2.170950594612793,0.0,30,5,20,269.0853293492456,7650,100,5
-0.7488203579323427,3.3220947318576672,0.0,17,0.21,2.4502458858374188,1.6094379124341005,29,10,50,142.37539462127398,0.6475700850310487,5.0007634880805,0.0,25,0.29,2.217369166494979,0.0,29,5,20,213.561085621364,7700,100,5
-0.7485193786262994,3.3213650609576533,0.0,17,0.21,2.4502458858374188,1.6094379124341005,29,10,49,108.2481767558053,0.6472692867937725,4.999213818445,0.0,25,0.29,2.217369166494979,0.0,29,5,21,161.84175602041012,7750,100,5
-0.7775442320725164,3.331414048282244,0.0,16,0.2,2.4464393447504027,1.6094379124341005,30,10,50,179.87333268526322,0.687810523291151,4.997015027225939,0.0,24,0.3,2.170950594612793,0.0,30,5,20,268.89140752683033,7800,100,5
-0.7772414300165533,3.3306851721639315,0.0,16,0.2,2.4464393447504027,1.6094379124341005,30,10,50,179.84305247966694,0.6875079045030646,4.995458341331141,0.0,24,0.3,2.1709505945736582,0.0,30,5,20,268.8263760810665,7850,100,5
-0.7769377082814359,3.3299541709581457,0.0,16,0.2,2.4464393447504027,1.6094379124341005,30,10,50,179.81268030615522,0.6872043671504326,4.993896977066576,0.0,24,0.3,2.1709505945736582,0.0,30,5,20,268.76114723990025,7900,100,5
-0.7766330612635712,3.3292210320460973,0.0,16,0.2,2.4464393447504027,1.6094379124341005,30,10,50,179.78221560436873,0.6868999056398616,4.992330906131148,0.0,24,0.3,2.1709505945736582,0.0,30,5,20,268.6957198013364,7950,100,5
-0.7763274833079954,3.3284857426955554,0.0,16,0.2,2.4464393447504027,1.6094379124341005,30,10,50,179.75165780881116,0.6865945143267119,4.990760099965796,0.0,24,0.3,2.4464393447504027,0.0,30,5,20,268.63009255236767,8000,100,5
-0.7760209687077446,3.327748290059476,0.0,16,0.2,2.4464393447504027,1.6094379124341005,30,10,50,179.72100634878606,0.6862881875144705,4.9891845297503625,0.0,24,0.3,2.4464393447504027,0.0,30,5,20,268.56426426883934,8050,100,5
-0.6805988889088784,3.220114493970311,0.0,16,0.21,2.4391444053904503,1.6094379124341005,29,10,50,163.92123280621718,0.5193050513084466,4.774129910587582,0.0,23,0.3,2.434300174245042,0.0,30,5,20,239.6421277381064,8100,100,5
-0.68032140995274,3.21941668783987,0.0,16,0.21,2.4391444053904503,1.6094379124341005,29,10,49,113.5274810739122,0.5190277433464849,4.772630177133639,0.0,23,0.3,2.434300174245042,0.0,30,5,21,165.51655324464917,8150,100,5
-0.7751576956470957,3.325671803204929,0.0,16,0.2,2.4464393447504027,1.6094379124341005,30,10,50,179.63467904272122,0.6854254464453082,4.984747339806951,0.0,24,0.3,2.4464393447504027,0.0,30,5,20,268.3788650111994,8200,100,5
-0.7748475688133583,3.324926010852466,0.0,16,0.2,2.4464393447504027,1.6094379124341005,30,10,50,179.6036663593474,0.6851155118504036,4.983153398660925,0.0,24,0.3,2.4464393447504027,0.0,30,5,20,268.31226143135785,8250,100,5
-0.774536477197194,3.324177991906037,0.0,16,0.2,2.4464393447504027,1.6094379124341005,30,10,50,179.57255719773102,0.684804613670647,4.981554551391159,0.0,24,0.3,2.4464393447504027,0.0,30,5,20,268.24545078145417,8300,100,5
-0.7742244147771082,3.323427732824627,0.0,16,0.2,2.4464393447504027,1.6094379124341005,30,10,50,179.5413509557224,0.6844927458957695,4.979950767598497,0.0,24,0.3,2.4464393447504027,0.0,30,5,20,268.1784317699087,8350,100,5
-0.7739113754750561,3.322675219942531,0.0,16,0.2,2.4464393447504027,1.6094379124341005,30,10,50,179.51004702551722,0.6841799024590925,4.978342016599951,0.0,24,0.3,2.4464393447504027,0.0,30,5,20,268.11120309301987,8400,100,5
-0.7735973531557334,3.321920439467821,0.0,16,0.2,2.4464393447504027,1.6094379124341005,30,10,50,179.47864479358495,0.6838660772368208,4.97672826742516,0.0,24,0.3,2.4464393447504027,0.0,30,5,20,268.0437634348118,8450,100,5
-0.7732823416258536,3.3211633774807714,0.0,16,0.2,2.4464393447504027,1.6094379124341005,30,10,50,179.44714364059698,0.683551264047323,4.975109488812783,0.0,24,0.3,2.4464393447504027,0.0,30,5,20,267.97611146688,8500,100,5
-0.6561549569581276,3.248802206714634,0.0,16,0.2,2.458588903606928,1.6094379124341005,29,10,49,113.62963679287796,0.5898666075173892,4.757331902967743,0.0,23,0.31,2.4308605329485737,0.0,31,5,21,166.19178615376396,8550,100,5
-0.6558697396665508,3.2480915416129563,0.0,16,0.2,2.458588903606928,1.6094379124341005,29,10,50,168.44133300491734,0.5895815708872817,4.755794091286387,0.0,23,0.31,2.4308605329485737,0.0,31,5,20,249.62445662590727,8600,100,5
-0.7723949932967855,3.319031346182621,0.0,16,0.2,2.4464393447504027,1.6094379124341005,30,10,50,179.35840880769018,0.6826644777868783,4.970549882340498,0.0,24,0.3,2.4464393447504027,0.0,30,5,20,267.7855450055124,8650,100,5
-0.772076165239527,3.3182654851994946,0.0,16,0.2,2.4464393447504027,1.6094379124341005,30,10,50,179.3265260019643,0.682345852903578,4.968911701520613,0.0,24,0.3,2.4464393447504027,0.0,30,5,20,267.71707392168906,8700,100,5
-0.7717563174133599,3.317497274059575,0.0,16,0.2,2.4464393447504027,1.6094379124341005,30,10,50,179.2945412193476,0.6820262095527367,4.967268337041032,0.0,24,0.3,2.4464393447504027,0.0,30,5,20,267.6483839737627,8750,100,5
-0.7714354432738791,3.3167266980698,0.0,16,0.2,2.4464393447504027,1.6094379124341005,30,10,50,179.2624538053995,0.6817055412024929,4.965619755878708,0.0,24,0.3,2.4464393447504027,0.0,30,5,20,267.57947375806606,8800,100,5
-0.7711135362134783,3.3159537423979986,0.0,16,0.2,2.4464393447504027,1.6094379124341005,30,10,50,179.23026309935943,0.6813838412579457,4.963965924693549,0.0,24,0.3,2.4464393447504027,0.0,30,5,20,267.5103418573848,8850,100,5
-0.7707905895605333,3.3151783920711284,0.0,16,0.2,2.4464393447504027,1.6094379124341005,30,10,50,179.19796843406493,0.6810611030603403,4.962306809824346,0.0,24,0.3,2.4464393447504027,0.0,30,5,20,267.4409868407826,8900,100,5
-0.7572342343270448,3.303772040577921,0.0,17,0.2,2.4502458858374188,1.6094379124341005,29,10,49,109.25721131514553,0.5365595510386791,4.8990017850508565,0.0,25,0.29,2.4442725871651234,0.0,29,5,21,160.90494153744314,8950,100,5
-0.7569091882139045,3.30298804272292,0.0,17,0.2,2.4502458858374188,1.6094379124341005,29,10,50,146.48694899514993,0.5362672947238071,4.897355877448295,0.0,25,0.29,2.4442725871651234,0.0,29,5,20,215.196374643986,9000,100,5
-0.7698154443524027,3.312837821278664,0.0,16,0.2,2.4464393447504027,1.6094379124341005,30,10,50,179.1004539132519,0.680151855119397,4.957403277265765,0.0,25,0.3,1.960964047565199,0.0,30,5,20,267.2380034412088,9050,100,5
-0.7694882713033548,3.312052739720156,0.0,16,0.2,2.4464393447504027,1.6094379124341005,30,10,50,179.0677366083471,0.6798251096814435,4.95572302818331,0.0,25,0.3,1.960964047565199,0.0,30,5,20,267.16776243846977,9100,100,5
-0.7691600243138562,3.3112651864643805,0.0,16,0.2,2.4464393447504027,1.6094379124341005,30,10,50,179.0349119093972,0.6794972931130657,4.954037324392129,0.0,25,0.3,1.960964047565199,0.0,30,5,20,267.0972910913809,9150,100,5
-0.7688306963102697,3.310475145654312,0.0,16,0.2,2.4464393447504027,1.6094379124341005,30,10,50,179.0019791090386,0.6791683983684176,4.952346130237083,0.0,25,0.3,1.960964047565199,0.0,30,5,20,267.026587884208,9200,100,5
-0.768500280148841,3.3096826012788485,0.0,16,0.2,2.4464393447504027,1.6094379124341005,30,10,50,178.9689374928957,0.6788384183319026,4.950649409711776,0.0,25,0.3,1.960964047565199,0.0,30,5,20,266.9556512862067,9250,100,5
-0.7681687686147676,3.308887537170813,0.0,16,0.2,2.4464393447504027,1.6094379124341005,30,10,50,178.93578633948837,0.6785073458172495,4.948947126453913,0.0,25,0.3,1.960964047565199,0.0,30,5,20,266.88447975142327,9300,100,5
-0.6896059217631669,3.1948411791211786,0.0,16,0.22,2.4432112184846027,1.6094379124341005,28,10,49,99.83104055895748,0.6153599855295263,4.800379183365435,0.0,24,0.3,2.014039867073472,0.0,30,5,21,148.9992354449661,9350,100,5
-0.6893056703850617,3.1940883834776126,0.0,16,0.22,2.4432112184846027,1.6094379124341005,28,10,50,121.39874377177742,0.6150267062123767,4.798730095755197,0.0,24,0.3,2.014039867073472,0.0,30,5,20,188.7414247659013,9400,100,5
-0.7672346466316395,3.3066478131151347,0.0,16,0.2,2.4464393447504027,1.6094379124341005,30,10,50,178.84237414117555,0.6775075004618093,4.944042228350737,0.0,24,0.3,2.4464393447504027,0.0,30,5,20,266.6773333061764,9450,100,5
-0.7668989056011943,3.3058430237648446,0.0,16,0.2,2.4464393447504027,1.6094379124341005,30,10,50,178.80880003813104,0.6771719847252113,4.942318106848608,0.0,24,0.3,2.4464393447504027,0.0,30,5,20,266.60523245384024,9500,100,5
-0.766562033547758,3.305035634841415,0.0,16,0.2,2.4464393447504027,1.6094379124341005,30,10,50,178.77511283278744,0.6768353394855845,4.94058824054416,0.0,24,0.3,2.4464393447504027,0.0,30,5,20,266.53288887637933,9550,100,5
-0.766224022825301,3.304225629231041,0.0,16,0.2,2.4464393447504027,1.6094379124341005,30,10,50,178.74131176054175,0.6764975571123333,4.938852590891017,0.0,24,0.3,2.4464393447504027,0.0,30,5,20,266.46030093401333,9600,100,5
-0.7658848657099964,3.30341298964926,0.0,16,0.2,2.4464393447504027,1.6094379124341005,30,10,50,178.70739604901124,0.676158629897274,4.937111118952949,0.0,24,0.3,2.4464393447504027,0.0,30,5,20,266.3874669702886,9650,100,5
-0.7655445543991606,3.3025976986386705,0.0,16,0.2,2.4464393447504027,1.6094379124341005,30,10,50,178.6733649179277,0.6758185500535803,4.935363785398611,0.0,24,0.3,2.4464393447504027,0.0,30,5,20,266.3143853118516,9700,100,5
-0.598110877514847,3.2263685640599933,0.0,16,0.2,2.442235772870531,1.6094379124341005,30,10,50,87.4438307466906,0.5667921966738101,4.724391667408724,0.0,23,0.3,2.4370586369225014,0.0,30,5,20,140.78038565099848,9750,100,5
-0.5978026042845996,3.225596983203672,0.0,16,0.2,2.442235772870531,1.6094379124341005,30,10,50,91.18166232975254,0.5664841344829326,4.722731711458076,0.0,23,0.3,2.4370586369225014,0.0,30,5,20,154.6174882012707,9800,100,5
-0.7645854750007043,3.300300627436687,0.0,16,0.2,2.4464393447504027,1.6094379124341005,30,10,50,178.57745697808204,0.6748601272366787,4.930439727892076,0.0,24,0.3,2.4464393447504027,0.0,30,5,20,266.1084244762934,9850,100,5
-0.7642407051633857,3.2994750986655665,0.0,16,0.2,2.4464393447504027,1.6094379124341005,30,10,50,178.54297999435022,0.6745155949691943,4.928669754364675,0.0,24,0.3,2.4464393447504027,0.0,30,5,20,266.0343860120019,9900,100,5
-0.7638947425454318,3.298646832188304,0.0,16,0.2,2.4464393447504027,1.6094379124341005,30,10,50,178.50838373255476,0.6741698715671695,4.926893724758204,0.0,24,0.3,2.4464393447504027,0.0,30,5,20,265.9600915782541,9950,100,5
-0.7635475788649575,3.297815809497376,0.0,16,0.2,2.4464393447504027,1.6094379124341005,30,10,50,178.47366736450738,0.6738229487658873,4.9251115973407655,0.0,24,0.3,2.4464393447504027,0.0,30,5,20,265.88553939899987,10000,100,5
-0.7631992057535218,3.2969820118957145,0.0,16,0.2,2.4464393447504027,1.6094379124341005,30,10,50,178.4388300533638,0.6734748182143145,4.92332332994696,0.0,24,0.3,2.4464393447504027,0.0,30,5,20,265.8107276796404,10050,100,5
-0.7628496147549164,3.2961454204941134,0.0,16,0.2,2.4464393447504027,1.6094379124341005,30,10,50,178.40387095350326,0.6731254714738938,4.921528879971858,0.0,24,0.3,2.4464393447504027,0.0,30,5,20,265.73565460676764,10100,100,5
-0.8003258898114122,3.287205565504572,0.0,17,0.2,2.46610143688913,1.6094379124341005,28,10,50,108.95212012907164,0.4429540145658753,4.789941042515152,0.0,24,0.3,2.4370586369225014,0.0,30,5,20,171.06309799866978,10150,100,5
-0.7999738373125923,3.2863653052884048,0.0,17,0.2,2.46610143688913,1.6094379124341005,28,10,49,92.65085570821688,0.4426727939323859,4.788189109275789,0.0,24,0.3,2.4370586369225014,0.0,30,5,30,134.3817517228771,10200,100,5
-0.76179344853147,3.2936186916594297,0.0,16,0.2,2.4464393447504027,1.6094379124341005,30,10,50,178.2982543311586,0.6722114666969756,4.916337220865855,0.0,24,0.3,1.960964047565199,0.0,30,5,20,265.51909718320445,10250,100,5
-0.7614388996231883,3.2927707322293345,0.0,16,0.2,2.4464393447504027,1.6094379124341005,30,10,50,178.2627994403304,0.6718576707761379,4.914518411879151,0.0,24,0.3,1.960964047565199,0.0,30,5,20,265.4429965349177,10300,100,5
-0.7610830891863094,3.291919881576668,0.0,16,0.2,2.4464393447504027,1.6094379124341005,30,10,50,178.22721839664254,0.6715026186902491,4.912693206184485,0.0,24,0.3,1.960964047565199,0.0,30,5,20,265.36662543346506,10350,100,5
-0.7607260082113808,3.291066119602028,0.0,16,0.2,2.4464393447504027,1.6094379124341005,30,10,50,178.1915102991497,0.6711463014873692,4.910861558467978,0.0,24,0.3,1.960964047565199,0.0,30,5,20,265.2899819496593,10400,100,5
-0.7603676475920912,3.290209425994313,0.0,16,0.2,2.4464393447504027,1.6094379124341005,30,10,50,178.15567423722075,0.670788710119524,4.909023422931808,0.0,24,0.3,1.960964047565199,0.0,30,5,20,265.2130641335975,10450,100,5
-0.760007998123874,3.2893497802277176,0.0,16,0.2,2.4464393447504027,1.6094379124341005,30,10,50,178.119709290399,0.6704298354413243,4.907178753287278,0.0,24,0.3,1.960964047565199,0.0,30,5,20,265.13587001436326,10500,100,5
-0.6441716669407249,3.18082310317138,0.0,16,0.22,2.4384571478798605,1.6094379124341005,29,10,50,132.28017716185917,0.7153826210776018,4.817582418538711,0.0,24,0.3,2.0064184976868296,0.0,30,5,20,203.9178730342351,10550,100,5
-0.64384575561329,3.180006108907885,0.0,16,0.22,2.4384571478798605,1.6094379124341005,29,10,49,104.16056905637016,0.7149848344917105,4.815764441623398,0.0,24,0.3,2.0064184976868296,0.0,30,5,21,150.78686911091154,10600,100,5
-0.7589940433506716,3.286926889179011,0.0,16,0.2,2.4464393447504027,1.6094379124341005,30,10,50,178.01831381307878,0.6692726513149628,4.901742853275865,0.0,24,0.3,2.4464393447504027,0.0,30,5,20,264.9077005637735,10650,100,5
-0.7586294105355158,3.286055834135462,0.0,16,0.2,2.4464393447504027,1.6094379124341005,30,10,50,177.98185053156317,0.6689082842216643,4.899872070432161,0.0,24,0.3,2.4464393447504027,0.0,30,5,20,264.82939968466536,10700,100,5
-0.7582634432762798,3.285181725322725,0.0,16,0.2,2.4464393447504027,1.6094379124341005,30,10,50,177.9452538056396,0.6685425846320616,4.897994518026606,0.0,24,0.3,2.4464393447504027,0.0,30,5,20,264.7508124581016,10750,100,5
-0.7578961317697213,3.2843045409078777,0.0,16,0.2,2.4464393447504027,1.6094379124341005,30,10,50,177.90852265498376,0.6681755427644087,4.896110146712268,0.0,24,0.3,2.4464393447504027,0.0,30,5,20,264.6719367820293,10800,100,5
-0.7575274661041732,3.2834242588214573,0.0,16,0.2,2.4464393447504027,1.6094379124341005,30,10,50,177.8716560884289,0.6678071487288499,4.8942189065998285,0.0,24,0.3,2.4464393447504027,0.0,30,5,20,264.59277053116386,10850,100,5
-0.7571574362579375,3.282540856754024,0.0,16,0.2,2.4464393447504027,1.6094379124341005,30,10,50,177.83465310380535,0.6674373925258239,4.892320747249608,0.0,24,0.3,2.4464393447504027,0.0,30,5,20,264.51331155664485,10900,100,5
-0.6474755634119949,3.184847751529418,0.0,16,0.2,2.433892755101021,1.6094379124341005,30,10,50,163.82777608139696,0.5022876388447682,4.682190403746176,0.0,23,0.3,2.434300174245042,0.0,30,5,20,235.9853297438564,10950,100,5
-0.6471401788864368,3.18401143503595,0.0,16,0.2,2.433892755101021,1.6094379124341005,30,10,49,112.56902413309962,0.5019525040959981,4.680381734101236,0.0,23,0.3,2.434300174245042,0.0,30,5,21,162.99250254557754,11000,100,5
-0.7561140085569,3.2800505397471884,0.0,16,0.2,2.4464393447504027,1.6094379124341005,30,10,50,177.73031033370162,0.6663947419286161,4.886968654451338,0.0,24,0.3,2.4464393447504027,0.0,30,5,20,264.28925055017044,11050,100,5
-0.7557387014366035,3.279155073952349,0.0,16,0.2,2.4464393447504027,1.6094379124341005,30,10,50,177.69277962167197,0.6660197163095273,4.885043732037319,0.0,24,0.3,2.4464393447504027,0.0,30,5,20,264.2086592018783,11100,100,5
-0.7553619804473479,3.278256377638129,0.0,16,0.2,2.4464393447504027,1.6094379124341005,30,10,50,177.65510752274642,0.6656432789456465,4.883111640352805,0.0,24,0.3,2.4464393447504027,0.0,30,5,20,264.1277644759916,11150,100,5
-0.7549838348960425,3.277354427032015,0.0,16,0.2,2.4464393447504027,1.6094379124341005,30,10,50,177.61729296761587,0.665265419168017,4.881172325600771,0.0,24,0.3,2.4464393447504027,0.0,30,5,20,264.0465640798001,11200,100,5
-0.7546042539678277,3.276449198096363,0.0,16,0.2,2.4464393447504027,1.6094379124341005,30,10,50,177.5793348747944,0.6648861261862795,4.879225733375439,0.0,24,0.3,2.4464393447504027,0.0,30,5,20,263.96505569450505,11250,100,5
-0.7542232267242184,3.2755406665244298,0.0,16,0.2,2.4464393447504027,1.6094379124341005,30,10,50,177.54123215043347,0.6645053890868253,4.877271808653056,0.0,24,0.3,2.4464393447504027,0.0,30,5,20,263.8832369748216,11300,100,5
-0.7699351212255552,3.2669200630061206,0.0,16,0.21,2.451690995039832,1.6094379124341005,29,10,50,179.11242160056713,0.6480288177065683,4.880130490695661,0.0,24,0.29,2.451690995039832,0.0,29,5,20,263.0592149254736,11350,100,5
-0.670791272112035,3.198670422146758,0.0,16,0.2,2.463342974211669,1.6094379124341005,28,10,49,112.23983669735628,0.5562320412727327,4.667527803611657,0.0,23,0.3,2.4370586369225014,0.0,30,5,21,164.7766184256631,11400,100,5
-0.6543501371888155,3.2051910140636184,0.0,16,0.19,2.4578672552240617,1.6094379124341005,29,10,50,165.07049693227555,0.5719799315929193,4.66093979166476,0.0,23,0.31,2.4308605329485737,0.0,31,5,20,245.84217532119132,11450,100,5
-0.7527619361399238,3.272057689674627,0.0,16,0.2,2.4464393447504027,1.6094379124341005,30,10,50,177.39510309200398,0.6630452215432827,4.869779033189024,0.0,24,0.3,2.4464393447504027,0.0,30,5,20,263.5694534253296,11500,100,5
-0.7523738103000135,3.271132958355372,0.0,16,0.2,2.4464393447504027,1.6094379124341005,30,10,50,177.35629050801296,0.6626573967548889,4.867789126464764,0.0,24,0.3,2.4464393447504027,0.0,30,5,20,263.4861115932472,11550,100,5
-0.7519841721643635,3.2702047779017542,0.0,16,0.2,2.4464393447504027,1.6094379124341005,30,10,50,177.31732669444796,0.6622680620204613,4.865791555425839,0.0,24,0.3,2.4464393447504027,0.0,30,5,20,263.4024452805712,11600,100,5
-0.7515930099017646,3.26927312206578,0.0,16,0.2,2.4464393447504027,1.6094379124341005,30,10,50,177.2782104681881,0.6618772055364082,4.8637862605874185,0.0,24,0.3,2.4464393447504027,0.0,30,5,20,263.3184519507639,11650,100,5
-0.751200311541622,3.2683379642966632,0.0,16,0.2,2.4464393447504027,1.6094379124341005,30,10,50,177.2389406321738,0.6614848153601861,4.861773181768368,0.0,24,0.3,2.4464393447504027,0.0,30,5,20,263.23412903742707,11700,100,5
-0.7508060649717574,3.2673992777361383,0.0,16,0.2,2.4464393447504027,1.6094379124341005,30,10,50,177.19951597518735,0.661090879408111,4.85975225808033,0.0,24,0.3,2.4464393447504027,0.0,30,5,20,263.1494739438323,11750,100,5
-0.7210835165602982,3.2552167105109326,0.0,17,0.21,2.4502458858374188,1.6094379124341005,29,10,49,107.5654150443032,0.6198524431894398,4.858158442687844,0.0,25,0.29,2.4449942355479903,0.0,29,5,21,162.59352893975824,11800,100,5
-0.7206861366568661,3.254264036531114,0.0,17,0.21,2.4502458858374188,1.6094379124341005,29,10,50,143.26591309331002,0.6194553788588366,4.856118486615831,0.0,25,0.29,2.4449942355479903,0.0,29,5,20,221.7181792165389,11850,100,5
-0.7496139127109029,3.264561772010041,0.0,16,0.2,2.4464393447504027,1.6094379124341005,30,10,50,177.0803007491019,0.6598996738956204,4.853641798074968,0.0,24,0.3,2.4464393447504027,0.0,30,5,20,262.893489149115,11900,100,5
-0.7492133492692905,3.2636086953820884,0.0,16,0.2,2.4464393447504027,1.6094379124341005,30,10,50,177.0402444049407,0.6594994311013952,4.85158887148854,0.0,24,0.3,2.4464393447504027,0.0,30,5,20,262.8074787435984,11950,100,5
-0.7488111748532692,3.262651950888352,0.0,16,0.2,2.4464393447504027,1.6094379124341005,30,10,50,177.00002696333854,0.6590975799160647,4.849527784585437,0.0,24,0.3,2.4464393447504027,0.0,30,5,20,262.72112270209203,12000,100,5
-0.7484073764524867,3.261691509721832,0.0,16,0.2,2.4464393447504027,1.6094379124341005,30,10,50,176.95964712326025,0.6586941073606215,4.847458471992236,0.0,24,0.3,2.4464393447504027,0.0,30,5,20,262.6344182354666,12050,100,5
-0.7480019408983419,3.2607273427325087,0.0,16,0.2,2.4464393447504027,1.6094379124341005,30,10,50,176.9191035678458,0.6582890002983196,4.845380867545527,0.0,24,0.3,2.4464393447504027,0.0,30,5,20,262.5473625206951,12100,100,5
-0.7475948548614079,3.25975942042185,0.0,16,0.2,2.4464393447504027,1.6094379124341005,30,10,50,176.8783949641524,0.657882245432105,4.843294904279138,0.0,24,0.3,2.4464393447504027,0.0,30,5,20,262.4599527003018,12150,100,5
-0.6549333893000947,3.1559616639640367,0.0,16,0.21,2.4391444053904503,1.6094379124341005,29,10,49,99.4855642170862,0.4936578235787837,4.635641410944672,0.0,23,0.3,2.434300174245042,0.0,30,5,21,147.25376493985405,12200,100,5
-0.6545641563557483,3.155044624132713,0.0,16,0.21,2.4391444053904503,1.6094379124341005,29,10,50,121.556620203919,0.4932888933499849,4.633652571371232,0.0,23,0.3,2.434300174245042,0.0,30,5,20,191.94844039725805,12250,100,5
-0.7464461179000823,3.257029004155012,0.0,16,0.2,2.4464393447504027,1.6094379124341005,30,10,50,176.76352126801984,0.656734450282578,4.837409158067859,0.0,24,0.3,2.4464393447504027,0.0,30,5,20,262.21329660376665,12300,100,5
-0.7460326355487605,3.256046536282013,0.0,16,0.2,2.4464393447504027,1.6094379124341005,30,10,50,176.72217303288767,0.6563213095864416,4.835290806004933,0.0,24,0.3,2.4464393447504027,0.0,30,5,20,262.1245144973581,12350,100,5
-0.7456174364100953,3.2550601664633723,0.0,16,0.2,2.4464393447504027,1.6094379124341005,30,10,50,176.68065311902114,0.6559064549448088,4.833163762090182,0.0,24,0.3,2.4464393447504027,0.0,30,5,20,262.03536407180354,12400,100,5
-0.7452005061682705,3.254069863065129,0.0,16,0.2,2.4464393447504027,1.6094379124341005,30,10,50,176.6389600948387,0.6554898720774692,4.831027954435367,0.0,24,0.3,2.4464393447504027,0.0,30,5,20,261.945842258351,12450,100,5
-0.7447818303276564,3.2530755940644216,0.0,16,0.2,2.4464393447504027,1.6094379124341005,30,10,50,176.59709251077726,0.6550715465249957,4.828883310255259,0.0,24,0.3,2.4464393447504027,0.0,30,5,20,261.85594594973566,12500,100,5
-0.7443613942097845,3.2520773270430507,0.0,16,0.2,2.4464393447504027,1.6094379124341005,30,10,50,176.5550488989901,0.6546514636457321,4.82672975585264,0.0,24,0.3,2.4464393447504027,0.0,30,5,20,261.7656719995327,12550,100,5
-0.6300401330719548,3.184146306649208,0.0,16,0.2,2.458588903606928,1.6094379124341005,29,10,49,84.17125693592985,0.5637709426944602,4.616777546443474,0.0,23,0.31,2.4308605329485737,0.0,31,5,20,136.89367396697463,12600,100,5
-0.6296586939288403,3.183208248242719,0.0,16,0.2,2.458588903606928,1.6094379124341005,29,10,50,95.21847210912132,0.5633898266035865,4.614728443264959,0.0,23,0.31,2.4308605329485737,0.0,31,5,20,152.0136220533688,12650,100,5
-0.7431746811527726,3.2492606289794628,0.0,16,0.2,2.4464393447504027,1.6094379124341005,30,10,50,176.43637759328885,0.6534657556744098,4.820651762315984,0.0,24,0.3,2.4464393447504027,0.0,30,5,20,261.5108686088564,12700,100,5
-0.7427474187962083,3.2482468666562005,0.0,16,0.2,2.4464393447504027,1.6094379124341005,30,10,50,176.39365135763245,0.6530388581151101,4.818463660404487,0.0,24,0.3,2.4464393447504027,0.0,30,5,20,261.4191302147098,12750,100,5
-0.7423183230612014,3.2472289449907885,0.0,16,0.2,2.4464393447504027,1.6094379124341005,30,10,50,176.35074178413174,0.6526101303134433,4.8162662813359205,0.0,24,0.3,2.4464393447504027,0.0,30,5,20,261.32699850975155,12800,100,5
-0.7418873781458086,3.246206829138324,0.0,16,0.2,2.4464393447504027,1.6094379124341005,30,10,50,176.3076472925925,0.6521795565080811,4.814059545811089,0.0,24,0.3,2.4464393447504027,0.0,30,5,20,261.23447010694434,12850,100,5
-0.7414545680429047,3.245180483811158,0.0,16,0.2,2.4464393447504027,1.6094379124341005,30,10,50,176.2643662823021,0.6517471207332173,4.811843373508036,0.0,24,0.3,2.4464393447504027,0.0,30,5,20,261.1415415753095,12900,100,5
-0.7410198765366144,3.24414987327133,0.0,16,0.2,2.4464393447504027,1.6094379124341005,30,10,50,176.22089713167304,0.6513128068150162,4.809617683064359,0.0,24,0.3,2.4464393447504027,0.0,30,5,20,261.04820943916377,12950,100,5
-0.7273509249471399,3.232129630086688,0.0,17,0.2,2.4502458858374188,1.6094379124341005,29,10,50,102.53400391044164,0.5096950790673158,4.7479360108369,0.0,25,0.29,2.4442725871651234,0.0,29,5,20,170.20319025168982,13000,100,5
-0.7269124211331449,3.2310850509188844,0.0,17,0.2,2.4502458858374188,1.6094379124341005,29,10,49,88.69473778779891,0.5093009446065819,4.745723220991125,0.0,25,0.29,2.4442725871651234,0.0,29,5,30,136.3949489703798,13050,100,5
-0.7397043482303098,3.241032086078212,0.0,16,0.2,2.4464393447504027,1.6094379124341005,30,10,50,176.08934430104262,0.6500865958208845,4.8030253013082405,0.0,25,0.3,1.960964047565199,0.0,30,5,20,260.77444887819604,13100,100,5
-0.7392619646474397,3.2399840480280058,0.0,16,0.2,2.4464393447504027,1.6094379124341005,30,10,50,176.04510594275558,0.6496449936744831,4.800761328976288,0.0,25,0.3,1.960964047565199,0.0,30,5,20,260.6795051369405,13150,100,5
-0.7388176153201229,3.238931559044368,0.0,16,0.2,2.4464393447504027,1.6094379124341005,30,10,50,176.0006710100239,0.649201432737605,4.798487420970267,0.0,25,0.3,1.960964047565199,0.0,30,5,20,260.58414005666634,13200,100,5
-0.7383712827005556,3.237874580519259,0.0,16,0.2,2.4464393447504027,1.6094379124341005,30,10,50,175.95603774806716,0.6487558955556857,4.796203489365377,0.0,25,0.3,1.960964047565199,0.0,30,5,20,260.4883498810557,13250,100,5
-0.7379229490049088,3.2368130733365925,0.0,16,0.2,2.4464393447504027,1.6094379124341005,30,10,50,175.9112043785025,0.6483083644398113,4.793909445062589,0.0,25,0.3,1.960964047565199,0.0,30,5,20,260.39213080333315,13300,100,5
-0.7374725962090786,3.235746997863251,0.0,16,0.2,2.4464393447504027,1.6094379124341005,30,10,50,175.86616909891944,0.6478588214625044,4.79160519776763,0.0,25,0.3,1.960964047565199,0.0,30,5,20,260.29547896535774,13350,100,5
-0.6618824131264133,3.12579750742218,0.0,16,0.22,2.4432112184846027,1.6094379124341005,28,10,50,126.8917502890706,0.5845920604163658,4.648386615895104,0.0,24,0.3,2.014039867073472,0.0,30,5,20,195.8730819599407,13400,100,5
-0.6614735980005887,3.1247865723200934,0.0,16,0.22,2.4432112184846027,1.6094379124341005,28,10,49,101.53053630671288,0.5841384389578617,4.646149625906759,0.0,24,0.3,2.014039867073472,0.0,30,5,21,151.8094881046067,13450,100,5
-0.7362007103075353,3.2327373393377137,0.0,16,0.2,2.4464393447504027,1.6094379124341005,30,10,50,175.73898050876517,0.6464979384175733,4.784950582300708,0.0,24,0.3,2.4464393447504027,0.0,30,5,20,260.01351557141913,13500,100,5
-0.7357425161826285,3.2316535335105616,0.0,16,0.2,2.4464393447504027,1.6094379124341005,30,10,50,175.69316109627448,0.646040163795588,4.782606047505771,0.0,24,0.3,2.4464393447504027,0.0,30,5,20,259.9151418361872,13550,100,5
-0.7352822129569985,3.2305649616605074,0.0,16,0.2,2.4464393447504027,1.6094379124341005,30,10,50,175.64713077371147,0.6455802839420224,4.78025085283195,0.0,24,0.3,2.4464393447504027,0.0,30,5,20,259.8163156962213,13600,100,5
-0.7348197811239972,3.229471580967792,0.0,16,0.2,2.4464393447504027,1.6094379124341005,30,10,50,175.60088759041133,0.6451182794040051,4.777884900528053,0.0,24,0.3,2.4464393447504027,0.0,30,5,20,259.71703297118864,13650,100,5
-0.734355200905096,3.2283733480289105,0.0,16,0.2,2.4464393447504027,1.6094379124341005,30,10,50,175.5544295685212,0.6446541304577861,4.775508091489898,0.0,24,0.3,2.4464393447504027,0.0,30,5,20,259.6172894225458,13700,100,5
-0.733888452244812,3.2272702188459017,0.0,16,0.2,2.4464393447504027,1.6094379124341005,30,10,50,175.5077547024928,0.6441878171036847,4.7731203252351975,0.0,24,0.3,2.4464393447504027,0.0,30,5,20,259.5170807524531,13750,100,5
-0.5695172111843708,3.1552941586098475,0.0,16,0.2,2.442235772870531,1.6094379124341005,30,10,50,156.03194085863456,0.5382215295928101,4.570733486834829,0.0,23,0.3,2.4370586369225014,0.0,30,5,20,226.40662078872592,13800,100,5
-0.5690933793097499,3.1542483194481297,0.0,16,0.2,2.442235772870531,1.6094379124341005,30,10,49,109.99871688286284,0.5377980965311225,4.568460768130995,0.0,23,0.3,2.4370586369225014,0.0,30,5,21,159.71560349704274,13850,100,5
-0.7325698456694651,3.224155027082116,0.0,16,0.2,2.4464393447504027,1.6094379124341005,30,10,50,175.37589404495813,0.6428704513319213,4.766375414581401,0.0,24,0.3,2.4464393447504027,0.0,30,5,20,259.2339846962262,13900,100,5
-0.7320946689848428,3.223032880096237,0.0,16,0.2,2.4464393447504027,1.6094379124341005,30,10,50,175.3283763764959,0.6423957258085063,4.763945069426342,0.0,24,0.3,2.4464393447504027,0.0,30,5,20,259.1319682890632,13950,100,5
-0.7316172235696512,3.221905617048108,0.0,16,0.2,2.4464393447504027,1.6094379124341005,30,10,50,175.28063183497676,0.6419187358709199,4.761503264727546,0.0,24,0.3,2.4464393447504027,0.0,30,5,20,259.02946526955776,14000,100,5
-0.7311374876556481,3.220773190267826,0.0,16,0.2,2.4464393447504027,1.6094379124341005,30,10,50,175.23265824357642,0.6414394598131622,4.759049891483527,0.0,24,0.3,2.4464393447504027,0.0,30,5,20,258.92647097319,14050,100,5
-0.7306554391597824,3.2196355514113475,0.0,16,0.2,2.4464393447504027,1.6094379124341005,30,10,50,175.18445339398983,0.6409578756156279,4.756584839127545,0.0,24,0.3,2.4464393447504027,0.0,30,5,20,258.822980668048,14100,100,5
-0.7301710556780934,3.218492651447667,0.0,16,0.2,2.4464393447504027,1.6094379124341005,30,10,50,175.13601504582095,0.6404739609390326,4.754107995497469,0.0,24,0.3,2.4464393447504027,0.0,30,5,20,258.718989553522,14150,100,5
-0.7807437692184691,3.182141583928015,0.0,16,0.22,2.4399022570822733,1.6094379124341005,29,10,50,173.20027127692555,0.5889282383791917,4.748081770215729,0.0,24,0.3,2.435337864303434,0.0,30,5,20,254.42267295390425,14200,100,5
-0.7670222849866941,3.208283333734305,0.0,17,0.2,2.46610143688913,1.6094379124341005,28,10,49,111.03593109764682,0.4163583473280123,4.624541167116656,0.0,24,0.3,2.4370586369225014,0.0,30,5,21,156.32188295552402,14250,100,5
-0.7154713040810299,3.241835008178884,0.0,17,0.18,2.467487423159648,1.6094379124341005,29,10,50,171.182613621497,0.4670254024763617,4.627647851300137,0.0,24,0.3,2.44816011736947,0.0,30,5,20,247.07171790468232,14300,100,5
-0.7282097122278577,3.213867435112956,0.0,16,0.2,2.4464393447504027,1.6094379124341005,30,10,50,174.93988070079735,0.638712315757737,4.744400011082429,0.0,24,0.3,1.960964047565199,0.0,30,5,20,258.3122506274364,14350,100,5
-0.7277133060797618,3.212697469167459,0.0,16,0.2,2.4464393447504027,1.6094379124341005,30,10,50,174.89024008598778,0.6382173847211811,4.741864043552699,0.0,24,0.3,1.960964047565199,0.0,30,5,20,258.20575216752087,14400,100,5
-0.7272144234221318,3.211521932744595,0.0,16,0.2,2.4464393447504027,1.6094379124341005,30,10,50,174.84035182022478,0.6377199919130725,4.73931559209799,0.0,24,0.3,1.960964047565199,0.0,30,5,20,258.0987232859517,14450,100,5
-0.72671303942081,3.2103407716186245,0.0,16,0.2,2.4464393447504027,1.6094379124341005,30,10,50,174.7902134200926,0.6372201127212375,4.736754532714143,0.0,24,0.3,1.960964047565199,0.0,30,5,20,257.991158672634,14500,100,5
-0.7262091288662015,3.209153930762413,0.0,16,0.2,2.4464393447504027,1.6094379124341005,30,10,50,174.73982236463178,0.6367177221625455,4.734180739537019,0.0,24,0.3,1.960964047565199,0.0,30,5,20,257.88305293733146,14550,100,5
-0.7257026661656678,3.2079613543315086,0.0,16,0.2,2.4464393447504027,1.6094379124341005,30,10,50,174.6891760945784,0.6362127948754165,4.731594084805061,0.0,24,0.3,1.960964047565199,0.0,30,5,20,257.7744006080451,14600,100,5
-0.6131770018647917,3.1037118256653216,0.0,16,0.22,2.4384571478798605,1.6094379124341005,29,10,49,108.30427699063912,0.6775624934711899,4.645041738820526,0.0,24,0.3,2.0064184976868296,0.0,30,5,21,153.08449854278484,14650,100,5
-0.6127167573044963,3.102575937838959,0.0,16,0.22,2.4384571478798605,1.6094379124341005,29,10,50,149.5196946662383,0.6770010670953189,4.642485250919471,0.0,24,0.3,2.0064184976868296,0.0,30,5,20,218.2201574418837,14700,100,5
-0.7242707704837014,3.2045911413556283,0.0,16,0.2,2.4464393447504027,1.6094379124341005,30,10,50,174.54598652638174,0.6345795721756281,4.723949617657539,0.0,24,0.3,2.4464393447504027,0.0,30,5,20,257.4523116076796,14750,100,5
-0.7237543692327892,3.203376245531866,0.0,16,0.2,2.4464393447504027,1.6094379124341005,30,10,50,174.49434640129053,0.6340637037208134,4.721311188075431,0.0,24,0.3,2.4464393447504027,0.0,30,5,20,257.34145377121854,14800,100,5
-0.7232352874071364,3.2021553341750018,0.0,16,0.2,2.4464393447504027,1.6094379124341005,30,10,50,174.44243821872527,0.6335451602341495,4.71865923846855,0.0,24,0.3,2.4464393447504027,0.0,30,5,20,257.2300210825629,14850,100,5
-0.7227134970321561,3.200928346364654,0.0,16,0.2,2.4464393447504027,1.6094379124341005,30,10,50,174.39025918122724,0.6330239138279999,4.715993629008302,0.0,24,0.3,2.4464393447504027,0.0,30,5,20,257.11800754878806,14900,100,5
-0.7221889696930438,3.1996952202435414,0.0,16,0.2,2.4464393447504027,1.6094379124341005,30,10,50,174.33780644731598,0.6324999361763388,4.713314217681846,0.0,24,0.3,2.4464393447504027,0.0,30,5,20,257.0054070827612,14950,100,5
-0.7216616765254912,3.198455892998082,0.0,16,0.2,2.4464393447504027,1.6094379124341005,30,10,50,174.28507713056072,0.6319731985055133,4.710620860246315,0.0,24,0.3,2.4464393447504027,0.0,30,5,20,256.89221350115685,15000,100,5
-0.6154009445197951,3.1055045028101738,0.0,16,0.2,2.433892755101021,1.6094379124341005,30,10,49,97.26554150389616,0.4702416602560138,4.509604720202567,0.0,23,0.3,2.434300174245042,0.0,30,5,21,144.13076444363577,15050,100,5
-0.6149215789078905,3.1043287259630707,0.0,16,0.2,2.433892755101021,1.6094379124341005,30,10,50,118.11369293396686,0.4697628047533044,4.507031565689736,0.0,23,0.3,2.434300174245042,0.0,30,5,20,187.8918114070098,15100,100,5
-0.7201702900468274,3.194952239920493,0.0,16,0.2,2.4464393447504027,1.6094379124341005,30,10,50,174.13593848269434,0.6304833991186949,4.703004010012412,0.0,24,0.3,2.4464393447504027,0.0,30,5,20,256.5720622435977,15150,100,5
-0.719632215273066,3.193688758076048,0.0,16,0.2,2.4464393447504027,1.6094379124341005,30,10,50,174.08213100531822,0.6299459027782918,4.700256301118201,0.0,24,0.3,2.4464393447504027,0.0,30,5,20,256.4565566728024,15200,100,5
-0.7190912295566108,3.19241875964676,0.0,16,0.2,2.4464393447504027,1.6094379124341005,30,10,50,174.0280324336727,0.6294055017673581,4.697493921186766,0.0,24,0.3,2.4464393447504027,0.0,30,5,20,256.34042690151693,15250,100,5
-0.7185473012298096,3.19114217586322,0.0,16,0.2,2.4464393447504027,1.6094379124341005,30,10,50,173.97363960099256,0.6288621645208161,4.69471671207408,0.0,24,0.3,2.4464393447504027,0.0,30,5,20,256.2236661465517,15300,100,5
-0.7180003981054174,3.189858936853609,0.0,16,0.2,2.4464393447504027,1.6094379124341005,30,10,50,173.91894928855336,0.6283158589562438,4.691924513060756,0.0,24,0.3,2.4464393447504027,0.0,30,5,20,256.1062675135418,15350,100,5
-0.7174504874651657,3.188568971619902,0.0,16,0.2,2.4464393447504027,1.6094379124341005,30,10,50,173.86395822452818,0.6277665524625066,4.689117160795763,0.0,24,0.3,2.4464393447504027,0.0,30,5,20,255.9882239945049,15400,100,5
-0.6379032640093555,3.118289897071251,0.0,16,0.2,2.463342974211669,1.6094379124341005,28,10,50,83.14849993063686,0.5233745382435793,4.4911283484913,0.0,23,0.3,2.4370586369225014,0.0,30,5,20,133.34766929403364,15450,100,5
-0.6374031196760079,3.1170785939122165,0.0,16,0.2,2.463342974211669,1.6094379124341005,28,10,50,90.63787272831404,0.5228749491754302,4.488452763659285,0.0,23,0.3,2.4370586369225014,0.0,30,5,20,150.3467384996344,15500,100,5
-0.7158944524372819,3.184920666804584,0.0,16,0.2,2.4464393447504027,1.6094379124341005,30,10,50,173.70835472173982,0.626212245027611,4.681174535251365,0.0,24,0.3,2.4464393447504027,0.0,30,5,20,255.6542102507848,15550,100,5
-0.7153328051255526,3.183604473816385,0.0,16,0.2,2.4464393447504027,1.6094379124341005,30,10,50,173.65218999056688,0.6256512279115993,4.67830806270703,0.0,24,0.3,2.4464393447504027,0.0,30,5,20,255.53365017230823,15600,100,5
-0.7147679854778595,3.1822811973454592,0.0,16,0.2,2.4464393447504027,1.6094379124341005,30,10,50,173.5957080257975,0.6250870455948155,4.675425614320196,0.0,24,0.3,2.4464393447504027,0.0,30,5,20,255.41240990659355,15650,100,5
-0.7141999574537347,3.1809507593581863,0.0,16,0.2,2.4464393447504027,1.6094379124341005,30,10,50,173.5389052233851,0.624519662158662,4.672527010283866,0.0,24,0.3,2.4464393447504027,0.0,30,5,20,255.2904817348997,15700,100,5
-0.7136286843950174,3.179613080514686,0.0,16,0.2,2.4464393447504027,1.6094379124341005,30,10,50,173.48177791751334,0.6239490410696391,4.669612067732904,0.0,24,0.3,2.4464393447504027,0.0,30,5,20,255.16785780634632,15750,100,5
-0.7130541290116568,3.1782680801393712,0.0,16,0.2,2.4464393447504027,1.6094379124341005,30,10,50,173.4243223791773,0.6233751451652292,4.66668060067421,0.0,24,0.3,2.4464393447504027,0.0,30,5,20,255.04453013487964,15800,100,5
-0.6831495119912365,3.16500592758309,0.0,17,0.21,2.4502458858374188,1.6094379124341005,29,10,50,102.4615731523018,0.5819549943756871,4.663853658731934,0.0,25,0.29,2.4449942355479903,0.0,29,5,20,158.20938372262952,15850,100,5
-0.6825682774874179,3.163635529211469,0.0,17,0.21,2.4502458858374188,1.6094379124341005,29,10,49,88.20755750669971,0.5813744347638373,4.66088356153946,0.0,25,0.29,2.4449942355479903,0.0,29,5,30,134.83672228000177,15900,100,5
-0.7113103862251257,3.1741883223891554,0.0,16,0.2,2.4464393447504027,1.6094379124341005,30,10,50,173.2499481005242,0.6216334271912644,4.657785144078569,0.0,24,0.3,2.4464393447504027,0.0,30,5,20,254.6702427086882,15950,100,5
-0.7107223154846224,3.1728132013384687,0.0,16,0.2,2.4464393447504027,1.6094379124341005,30,10,50,173.19114102647387,0.621046047302477,4.654785653940986,0.0,24,0.3,2.4464393447504027,0.0,30,5,20,254.5440173904082,16000,100,5
-0.7101307659644547,3.1714303342517685,0.0,16,0.2,2.4464393447504027,1.6094379124341005,30,10,50,173.13198607445707,0.6204551968270388,4.651768659822889,0.0,24,0.3,2.4464393447504027,0.0,30,5,20,254.4170462588741,16050,100,5
-0.7095356962610936,3.170039631772017,0.0,16,0.2,2.4464393447504027,1.6094379124341005,30,10,50,173.07247910412093,0.6198608345080365,4.648733955379951,0.0,24,0.3,2.4464393447504027,0.0,30,5,20,254.28932044816585,16100,100,5
-0.7089370642274126,3.168641002975255,0.0,16,0.2,2.4464393447504027,1.6094379124341005,30,10,50,173.0126159007529,0.6192629183484801,4.645681330590926,0.0,24,0.3,2.4464393447504027,0.0,30,5,20,254.16083093332423,16150,100,5
-0.7083348269547756,3.167234355333594,0.0,16,0.2,2.4464393447504027,1.6094379124341005,30,10,50,172.95239217348916,0.6186614055934934,4.642610571669661,0.0,24,0.3,2.4464393447504027,0.0,30,5,20,254.031568526524,16200,100,5
-0.6194398224070593,3.0686096299001737,0.0,16,0.21,2.4391444053904503,1.6094379124341005,29,10,50,123.23547945809922,0.4581998490635913,4.444951607045083,0.0,23,0.3,2.434300174245042,0.0,30,5,20,181.36358204942115,16250,100,5
-0.6188915362719871,3.0672733217707604,0.0,16,0.21,2.4391444053904503,1.6094379124341005,29,10,49,99.23441108128384,0.4576522301635096,4.442014134251066,0.0,23,0.3,2.434300174245042,0.0,30,5,21,140.4686679846871,16300,100,5
-0.7066290077703009,3.1632522736428523,0.0,16,0.2,2.4464393447504027,1.6094379124341005,30,10,50,172.7818102550417,0.6169576623974309,4.63391410535599,0.0,24,0.3,2.4464393447504027,0.0,30,5,20,253.66544171855048,16350,100,5
-0.7060126652731243,3.161814281094001,0.0,16,0.2,2.4464393447504027,1.6094379124341005,30,10,50,172.72017600532405,0.6163420787329005,4.630772417856895,0.0,24,0.3,2.4464393447504027,0.0,30,5,20,253.53315553747305,16400,100,5
-0.7053925003757417,3.160367802002266,0.0,16,0.2,2.4464393447504027,1.6094379124341005,30,10,50,172.6581595155858,0.6157226821038101,4.627611514701328,0.0,24,0.3,2.4464393447504027,0.0,30,5,20,253.4000499677112,16450,100,5
-0.7047684653704013,3.1589127337481107,0.0,16,0.2,2.4464393447504027,1.6094379124341005,30,10,50,172.59575601505173,0.6150994249795008,4.624431158389937,0.0,24,0.3,2.4464393447504027,0.0,30,5,20,253.2661147951461,16500,100,5
-0.7041405116505594,3.15744897182504,0.0,16,0.2,2.4464393447504027,1.6094379124341005,30,10,50,172.53296064306755,0.614472258934982,4.621231106984806,0.0,24,0.3,2.4464393447504027,0.0,30,5,20,253.13133961347145,16550,100,5
-0.7035085896881614,3.1559764097928373,0.0,16,0.2,2.4464393447504027,1.6094379124341005,30,10,50,172.46976844682774,0.613841134628354,4.618011113998024,0.0,24,0.3,2.4464393447504027,0.0,30,5,20,252.9957138193411,16600,100,5
-0.5930996448366563,3.094186876792258,0.0,16,0.2,2.458588903606928,1.6094379124341005,29,10,50,148.178293276062,0.52686904770578,4.418893839566389,0.0,23,0.31,2.4308605329485737,0.0,31,5,20,219.36413279610727,16650,100,5
-0.5925240049989141,3.0927996448321746,0.0,16,0.2,2.458588903606928,1.6094379124341005,29,10,49,107.01448582490524,0.5262941432960679,4.415819686340878,0.0,23,0.31,2.4308605329485737,0.0,31,5,21,154.0670615070156,16700,100,5
-0.7017176637892892,3.15180548881938,0.0,16,0.2,2.4464393447504027,1.6094379124341005,30,10,50,172.29067585694054,0.6120524969054345,4.608886888210118,0.0,24,0.3,2.4464393447504027,0.0,30,5,20,252.61134356504445,16750,100,5
-0.7010701938458118,3.150298480071608,0.0,16,0.2,2.4464393447504027,1.6094379124341005,30,10,50,172.2259288625928,0.6114058643267664,4.605588785510867,0.0,24,0.3,2.4464393447504027,0.0,30,5,20,252.4723851140862,16800,100,5
-0.7004185043350349,3.1487821318167604,0.0,16,0.2,2.4464393447504027,1.6094379124341005,30,10,50,172.1607599115151,0.6107550231236322,4.602269491013872,0.0,24,0.3,2.4464393447504027,0.0,30,5,20,252.33252224896088,16850,100,5
-0.6997625398972871,3.147256325398725,0.0,16,0.2,2.4464393447504027,1.6094379124341005,30,10,50,172.0951634677403,0.6100999181522786,4.598928729455179,0.0,24,0.3,2.4464393447504027,0.0,30,5,20,252.1917431195314,16900,100,5
-0.6991022440762245,3.145720939868034,0.0,16,0.2,2.4464393447504027,1.6094379124341005,30,10,50,172.02913388563408,0.6094404931779986,4.595566220162596,0.0,24,0.3,2.4464393447504027,0.0,30,5,20,252.05003564121984,16950,100,5
-0.6984375592896735,3.144175851922118,0.0,16,0.2,2.4464393447504027,1.6094379124341005,30,10,50,171.962665406979,0.6087766908461636,4.592181676912936,0.0,24,0.3,2.4464393447504027,0.0,30,5,20,251.9073874887822,17000,100,5
-0.7358350516971963,3.098283016846485,0.0,16,0.22,2.4288007766353044,1.6094379124341005,29,10,50,168.70939952479827,0.535076752139917,4.592631947713916,0.0,24,0.29,2.450245885837419,0.0,29,5,20,247.25316040312103,17050,100,5
-0.6838624244288986,3.1295286507386835,0.0,17,0.2,2.4502458858374188,1.6094379124341005,29,10,49,109.21726284139416,0.4706197565621869,4.529089891141467,0.0,25,0.29,2.4442725871651234,0.0,29,5,21,160.05920043430615,17100,100,5
-0.6451175906386598,3.171236391428158,0.0,17,0.18,2.4622357728702187,1.6094379124341005,30,10,50,171.7605672568007,0.5430423102521147,4.522823751897405,0.0,25,0.3,2.4399850586362963,0.0,30,5,20,245.1935558329267,17150,100,5
-0.6957337377246746,3.137895924062636,0.0,16,0.2,2.4464393447504027,1.6094379124341005,30,10,50,171.69228325047905,0.6062132742164015,4.578637514684378,0.0,25,0.3,1.960964047565199,0.0,30,5,20,251.3406168456261,17200,100,5
-0.6950462028064841,3.136300387707088,0.0,16,0.2,2.4464393447504027,1.6094379124341005,30,10,50,171.62352975866003,0.6055276249661581,4.575139803740159,0.0,25,0.3,1.960964047565199,0.0,30,5,20,251.1931643971061,17250,100,5
-0.6943539080262979,3.1346943561023446,0.0,16,0.2,2.4464393447504027,1.6094379124341005,30,10,50,171.55430028064143,0.6048372420177867,4.571618236960563,0.0,25,0.3,1.960964047565199,0.0,30,5,20,251.0446931803746,17300,100,5
-0.6936567870174816,3.133077687625929,0.0,16,0.2,2.4464393447504027,1.6094379124341005,30,10,50,171.48458817975975,0.6041420595530067,4.568072485274045,0.0,25,0.3,1.960964047565199,0.0,30,5,20,250.8951890195933,17350,100,5
-0.6929547720156047,3.1314502377465345,0.0,16,0.2,2.4464393447504027,1.6094379124341005,30,10,50,171.41438667957206,0.6034420103711728,4.564502212739902,0.0,25,0.3,1.960964047565199,0.0,30,5,20,250.7446374409662,17400,100,5
-0.6922477938189104,3.1298118589434587,0.0,16,0.2,2.4464393447504027,1.6094379124341005,30,10,50,171.34368885990267,0.6027370258502917,4.560907076355543,0.0,25,0.3,1.960964047565199,0.0,30,5,20,250.59302366433,17450,100,5
-0.6209700067268705,3.0257221372420453,0.0,16,0.22,2.4432112184846027,1.6094379124341005,28,10,49,107.18617411612333,0.5392118478696033,4.425202721469477,0.0,24,0.3,2.014039867073472,0.0,30,5,21,157.47171745074283,17500,100,5
-0.620325065002836,3.0241628451597897,0.0,16,0.22,2.4432112184846027,1.6094379124341005,28,10,50,150.28052543607225,0.538496780915962,4.4216961940336645,0.0,24,0.3,2.014039867073472,0.0,30,5,20,221.3951949809374,17550,100,5
-0.6902412431916956,3.125164962413743,0.0,16,0.2,2.4464393447504027,1.6094379124341005,30,10,50,171.1430337971812,0.6005917518552772,4.550472858107435,0.0,24,0.3,2.4464393447504027,0.0,30,5,20,250.14848074101928,17600,100,5
-0.6895147471396283,3.123483653053418,0.0,16,0.2,2.4464393447504027,1.6094379124341005,30,10,50,171.07038419197443,0.5998663098876236,4.5467783068483,0.0,24,0.3,2.4464393447504027,0.0,30,5,20,249.99258651302745,17650,100,5
-0.6887829343799161,3.121790662336446,0.0,16,0.2,2.4464393447504027,1.6094379124341005,30,10,50,170.99720291600323,0.5991355666859507,4.543057116165819,0.0,24,0.3,2.4464393447504027,0.0,30,5,20,249.8355530741457,17700,100,5
-0.6880457265187018,3.120085823662712,0.0,16,0.2,2.4464393447504027,1.6094379124341005,30,10,50,170.9234821298818,0.5983994441996496,4.539308897393734,0.0,24,0.3,2.4464393447504027,0.0,30,5,20,249.67736365166115,17750,100,5
-0.6873030434153568,3.118368966813612,0.0,16,0.2,2.4464393447504027,1.6094379124341005,30,10,50,170.8492138195473,0.5976578626415672,4.5355332532808665,0.0,24,0.3,2.4464393447504027,0.0,30,5,20,249.5180010996856,17800,100,5
-0.6865548031301959,3.1166399178460247,0.0,16,0.2,2.4464393447504027,1.6094379124341005,30,10,50,170.77438979103124,0.5969107404361057,4.531729777736119,0.0,24,0.3,2.4464393447504027,0.0,30,5,20,249.3574478880024,17850,100,5
-0.5266863640050908,3.0508032139633823,0.0,16,0.2,2.442235772870531,1.6094379124341005,30,10,49,97.64763588560469,0.4954421601447076,4.34185676650349,0.0,23,0.3,2.4370586369225014,0.0,30,5,21,143.20476816228626,17900,100,5
-0.5260032382760599,3.049156923187753,0.0,16,0.2,2.442235772870531,1.6094379124341005,30,10,50,121.3163776407356,0.4947600698885328,4.3382201458184815,0.0,23,0.3,2.4370586369225014,0.0,30,5,20,187.90527372908363,17950,100,5
-0.6844294455280587,3.111732190226523,0.0,16,0.2,2.4464393447504027,1.6094379124341005,30,10,50,170.56185403081747,0.5947886046572464,4.52092841274898,0.0,24,0.3,2.4464393447504027,0.0,30,5,20,248.90141042842384,18000,100,5
-0.6836593072797439,3.109955155810884,0.0,16,0.2,2.4464393447504027,1.6094379124341005,30,10,50,170.484840205986,0.5940196508394167,4.517015310247563,0.0,24,0.3,2.4464393447504027,0.0,30,5,20,248.7361657034328,18050,100,5
-0.682883191720985,3.1081650389088984,0.0,16,0.2,2.4464393447504027,1.6094379124341005,30,10,50,170.40722865011008,0.5932447381541434,4.513072295371655,0.0,24,0.3,2.4464393447504027,0.0,30,5,20,248.5696404451889,18100,100,5
-0.6821010053396906,3.1063616416717035,0.0,16,0.2,2.4464393447504027,1.6094379124341005,30,10,50,170.32901001198067,0.5924637735234941,4.509098905212968,0.0,24,0.3,2.4464393447504027,0.0,30,5,20,248.401814651678,18150,100,5
-0.6813126524119859,3.1045447616911748,0.0,16,0.2,2.4464393447504027,1.6094379124341005,30,10,50,170.2501747192102,0.5916766616714871,4.505094666012516,0.0,24,0.3,2.4464393447504027,0.0,30,5,20,248.23266784853536,18200,100,5
-0.6805180349319041,3.1027141918580927,0.0,16,0.2,2.4464393447504027,1.6094379124341005,30,10,50,170.17071297120202,0.590883305054332,4.5010590928184255,0.0,24,0.3,2.4464393447504027,0.0,30,5,20,248.06217907405505,18250,100,5
-0.7175441450257403,3.09327245754413,0.0,17,0.2,2.4661014368891294,1.6094379124341005,28,10,49,86.15837406126235,0.376882537049423,4.380182949868992,0.0,24,0.3,2.4370586369225014,0.0,30,5,21,119.26372556350434,18300,100,5
-0.716736694926062,3.091419179676284,0.0,17,0.2,2.4661014368891294,1.6094379124341005,28,10,50,100.06042823561025,0.376238793298945,4.376210348803248,0.0,24,0.3,2.4370586369225014,0.0,30,5,20,152.44296583846318,18350,100,5
-0.6780955793299271,3.097138198498386,0.0,16,0.2,2.4464393447504027,1.6094379124341005,30,10,50,169.9284674110043,0.5887908941075192,4.489283634002069,0.0,24,0.3,1.960964047565199,0.0,30,5,20,247.56607662992403,18400,100,5
-0.6772748753164606,3.095250698857389,0.0,16,0.2,2.4464393447504027,1.6094379124341005,30,10,50,169.84639700965766,0.5879742161119069,4.485121899185109,0.0,24,0.3,1.960964047565199,0.0,30,5,20,247.3901943084836,18450,100,5
-0.676447379823629,3.0933483979318783,0.0,16,0.2,2.4464393447504027,1.6094379124341005,30,10,50,169.7636474603745,0.5871508134172998,4.480926294822725,0.0,24,0.3,1.960964047565199,0.0,30,5,20,247.2128605490376,18500,100,5
-0.6756129795087392,3.0914310570960537,0.0,16,0.2,2.4464393447504027,1.6094379124341005,30,10,50,169.68020742888552,0.5863205743564897,4.476696262555428,0.0,24,0.3,1.960964047565199,0.0,30,5,20,247.034051196066,18550,100,5
-0.6747715581677819,3.089498431858153,0.0,16,0.2,2.4464393447504027,1.6094379124341005,30,10,50,169.5960652947898,0.5854833844574753,4.472431230073637,0.0,24,0.3,1.960964047565199,0.0,30,5,20,246.8537414859593,18600,100,5
-0.6739229966383007,3.087550271665683,0.0,16,0.2,2.4464393447504027,1.6094379124341005,30,10,50,169.51120914184168,0.5846391263487359,4.468130610648513,0.0,24,0.3,1.960964047565199,0.0,30,5,20,246.6719060264345,18650,100,5
-0.5662947332286897,2.989469713382036,0.0,16,0.22,2.4384571478798605,1.6094379124341005,29,10,50,92.35452504333452,0.6204077440190984,4.3855707576322445,0.0,24,0.3,2.0064184976868296,0.0,30,5,20,146.4399272386011,18700,100,5
-0.5655185163842066,2.987604076914963,0.0,16,0.22,2.4384571478798605,1.6094379124341005,29,10,49,81.38831676446709,0.6194621414864864,4.381291973593496,0.0,24,0.3,2.0064184976868296,0.0,30,5,20,123.82476373868587,18750,100,5
-0.6715079860052936,3.0820105662113835,0.0,16,0.2,2.4464393447504027,1.6094379124341005,30,10,50,169.26970807854096,0.5818882750684865,4.455334900279384,0.0,24,0.3,2.4464393447504027,0.0,30,5,20,246.1291875685167,18800,100,5
-0.6706311497238646,3.080000975060071,0.0,16,0.2,2.4464393447504027,1.6094379124341005,30,10,50,169.18202445039807,0.5810129738275254,4.450888573776592,0.0,24,0.3,2.4464393447504027,0.0,30,5,20,245.94108927147715,18850,100,5
-0.669746556761718,3.0779745552681264,0.0,16,0.2,2.4464393447504027,1.6094379124341005,30,10,50,169.0935651541834,0.580129943161246,4.446403541867397,0.0,24,0.3,2.4464393447504027,0.0,30,5,20,245.7513299565612,18900,100,5
-0.6688540686549509,3.0759310168437604,0.0,16,0.2,2.4464393447504027,1.6094379124341005,30,10,50,169.00431634350667,0.5792390453381668,4.441879121577881,0.0,24,0.3,2.4464393447504027,0.0,30,5,20,245.5598800259177,18950,100,5
-0.6679535431985822,3.073870062170152,0.0,16,0.2,2.4464393447504027,1.6094379124341005,30,10,50,168.9142637978698,0.578340138912209,4.437314611658531,0.0,24,0.3,2.4464393447504027,0.0,30,5,20,245.3667090834461,19000,100,5
-0.6670448343105538,3.071791385734456,0.0,16,0.2,2.4464393447504027,1.6094379124341005,30,10,50,168.823392909067,0.577433078587904,4.432709291925537,0.0,24,0.3,2.4464393447504027,0.0,30,5,20,245.1717859058302,19050,100,5
-0.5659327421890012,2.985832418986661,0.0,16,0.2,2.6407906636295344,1.6094379124341005,30,10,50,121.94006726578093,0.4208434114541507,4.245145340408331,0.0,23,0.3,2.434300174245042,0.0,30,5,20,174.9380061837793,19100,100,5
-0.5651005397543278,2.983849053516062,0.0,16,0.2,2.6407906636295344,1.6094379124341005,30,10,49,97.57425609151156,0.4200127452485628,4.240716340278799,0.0,23,0.3,2.434300174245042,0.0,30,5,21,135.45158990323455,19150,100,5
-0.664455619843809,3.065874109140471,0.0,16,0.2,2.646439344711818,1.6094379124341005,30,10,50,168.5644714623925,0.5748486442757561,4.419590912844873,0.0,24,0.3,2.4464393447504027,0.0,30,5,20,244.6164026192786,19200,100,5
-0.6635144089106132,3.0637251558015137,0.0,16,0.2,2.646439344711818,1.6094379124341005,30,10,50,168.47035036907292,0.5739092018341896,4.414823592711272,0.0,24,0.3,2.4464393447504027,0.0,30,5,20,244.4145206741269,19250,100,5
-0.6625642546914363,3.06155689499392,0.0,16,0.2,2.646439344711818,1.6094379124341005,30,10,50,168.37533494715524,0.5729608498434281,4.410011719608715,0.0,24,0.3,2.4464393447504027,0.0,30,5,20,244.21072410800363,19300,100,5
-0.6616049855930527,3.059368969396098,0.0,16,0.2,2.646439344711818,1.6094379124341005,30,10,50,168.2794080373169,0.5720034176849464,4.40515444890096,0.0,24,0.3,2.4464393447504027,0.0,30,5,20,244.0049762557876,19350,100,5
-0.6606364250357143,3.057161011587612,0.0,16,0.2,2.646439344711818,1.6094379124341005,30,10,50,168.18255198158306,0.5710367297916116,4.400250911651617,0.0,24,0.3,2.4464393447504027,0.0,30,5,20,243.79723938892545,19400,100,5
-0.6596583912580419,3.054932643663089,0.0,16,0.2,2.646439344711818,1.6094379124341005,30,10,50,168.08474860381585,0.5700606054544335,4.395300213681777,0.0,24,0.3,2.4464393447504027,0.0,30,5,20,243.58747467390305,19450,100,5
-0.585538700650933,2.99339445703139,0.0,16,0.2,2.672999345417643,1.6094379124341005,28,10,50,147.4221988574896,0.471088589500592,4.2122811711458015,0.0,23,0.3,2.4370586369225014,0.0,30,5,20,210.11819930523572,19500,100,5
-0.5846418084904309,2.9912905822896527,0.0,16,0.2,2.672999345417643,1.6094379124341005,28,10,49,105.04311918693288,0.4701934814362159,4.207529472351304,0.0,23,0.3,2.4370586369225014,0.0,30,5,21,148.91278907744595,19550,100,5
-0.6568678845531468,3.048581278622598,0.0,16,0.2,2.646439344711818,1.6094379124341005,30,10,50,167.8056979333263,0.5672756503164248,4.381179424688079,0.0,24,0.3,2.4464393447504027,0.0,30,5,20,242.9890003884504,19600,100,5
-0.6558520972001411,3.0462717084187565,0.0,16,0.2,2.646439344711818,1.6094379124341005,30,10,50,167.70411919802575,0.5662619225148408,4.376040885526368,0.0,24,0.3,2.4464393447504027,0.0,30,5,20,242.7711548628815,19650,100,5
-0.6548258852669356,3.043939754818027,0.0,16,0.2,2.646439344711818,1.6094379124341005,30,10,50,167.60149800470515,0.5652378125806176,4.370850509503291,0.0,24,0.3,2.4464393447504027,0.0,30,5,20,242.5510782650716,19700,100,5
-0.6537890325595257,3.041584970459219,0.0,16,0.2,2.646439344711818,1.6094379124341005,30,10,50,167.49781273396417,0.5642031056457356,4.365607234904885,0.0,24,0.3,2.4464393447504027,0.0,30,5,20,242.32872442089305,19750,100,5
-0.6527413160877006,3.0392068943138293,0.0,16,0.2,2.646439344711818,1.6094379124341005,30,10,50,167.39304108678164,0.5631575801017799,4.360309966989079,0.0,24,0.3,2.4464393447504027,0.0,30,5,20,242.1040457077397,19800,100,5
-0.6516825057771551,3.0368050511207225,0.0,16,0.2,2.646439344711818,1.6094379124341005,30,10,50,167.2871600557271,0.5621010073150209,4.354957576599615,0.0,24,0.3,2.4464393447504027,0.0,30,5,20,241.8769929932988,19850,100,5
-0.6469351163649408,3.0049920999384967,0.0,17,0.22,2.638457147841277,1.6094379124341005,29,10,50,168.16818053136404,0.5201902090625918,4.349098892485565,0.0,25,0.29,2.4449942355479903,0.0,29,5,20,234.25019953656096,19900,100,5
-0.6202039047101614,3.0188350830084456,0.0,17,0.21,2.648800776596423,1.6094379124341005,29,10,49,106.2229073205593,0.5191108262708944,4.343622008953586,0.0,25,0.29,2.4449942355479903,0.0,29,5,21,154.50137527685663,19950,100,5
-0.6227876047489781,3.045648532141598,0.0,17,0.19,2.655374067573508,1.6094379124341005,30,10,50,169.5275686678325,0.5588626073635686,4.338557831608721,0.0,24,0.3,2.4464393447504027,0.0,30,5,20,241.1810754944648,20000,100,5
-0.6473314592657026,3.0269499702892904,0.0,16,0.2,2.646439344711818,1.6094379124341005,30,10,50,166.85205540458185,0.5577594079094862,4.332972918711475,0.0,24,0.3,2.4464393447504027,0.0,30,5,20,240.9440029254553,20050,100,5
-0.6462134585233325,3.0244216213276385,0.0,16,0.2,2.646439344711818,1.6094379124341005,30,10,50,166.74025533034484,0.5566439015695341,4.327326667409944,0.0,24,0.3,2.4464393447504027,0.0,30,5,20,240.70428566379576,20100,100,5
-0.645082816534641,3.0218663192235127,0.0,16,0.2,2.646439344711818,1.6094379124341005,30,10,50,166.62719113147568,0.5555158106492597,4.321617708483902,0.0,24,0.3,2.4464393447504027,0.0,30,5,20,240.46186403425773,20150,100,5
-0.6439392441452884,3.019283470511918,0.0,16,0.2,2.646439344711818,1.6094379124341005,30,10,50,166.5128338925404,0.5543748479475391,4.315844626244791,0.0,24,0.3,2.4464393447504027,0.0,30,5,20,240.21667631867408,20200,100,5
-0.6427824421644786,3.0166724617275404,0.0,16,0.2,2.646439344711818,1.6094379124341005,30,10,50,166.39715369445946,0.5532207163176059,4.310005956406103,0.0,24,0.3,2.4464393447504027,0.0,30,5,20,239.968658661607,20250,100,5
-0.641612100895011,3.01403265849104,0.0,16,0.2,2.646439344711818,1.6094379124341005,30,10,50,166.2801195675127,0.5520531082024442,4.30410018383022,0.0,24,0.3,2.4464393447504027,0.0,30,5,20,239.7177449705058,20300,100,5
-0.5589216529368621,2.923702092592389,0.0,16,0.21,2.646042313918964,1.6094379124341005,29,10,49,104.3298677108033,0.3977863339571964,4.12245092739816,0.0,23,0.3,2.434300174245042,0.0,30,5,21,148.28102532034208,20350,100,5
-0.5578443996393592,2.9211723934522658,0.0,16,0.21,2.646042313918964,1.6094379124341005,29,10,50,147.25133472459277,0.3967116534619718,4.1167448521509336,0.0,23,0.3,2.434300174245042,0.0,30,5,20,218.01284250101315,20400,100,5
-0.6382603420009773,3.0064823484634022,0.0,16,0.2,2.646439344711818,1.6094379124341005,30,10,50,165.94494367810933,0.5487093557568883,4.287193468820214,0.0,24,0.3,2.4464393447504027,0.0,30,5,20,238.9991877361919,20450,100,5
-0.6370355263147226,3.00372694206564,0.0,16,0.2,2.646439344711818,1.6094379124341005,30,10,50,165.8224621094839,0.5474875332704803,4.281017917250788,0.0,24,0.3,2.4464393447504027,0.0,30,5,20,238.7366236289382,20500,100,5
-0.6357955219064456,3.00093937280219,0.0,16,0.2,2.646439344711818,1.6094379124341005,30,10,50,165.69846166865617,0.5462505966703742,4.274767202750188,0.0,24,0.3,2.4464393447504027,0.0,30,5,20,238.47081156903252,20550,100,5
-0.6345399473158814,2.998118864013402,0.0,16,0.2,2.646439344711818,1.6094379124341005,30,10,50,165.57290420959976,0.5449981673211841,4.268439463413302,0.0,24,0.3,2.4464393447504027,0.0,30,5,20,238.2016701895224,20600,100,5
-0.633268406528651,2.995264610295523,0.0,16,0.2,2.646439344711818,1.6094379124341005,30,10,50,165.44575013087672,0.5437298521778504,4.262032767119488,0.0,24,0.3,2.4464393447504027,0.0,30,5,20,237.92911502688523,20650,100,5
-0.6319804882262813,2.9923757760567584,0.0,16,0.2,2.646439344711818,1.6094379124341005,30,10,50,165.31695830063973,0.5424452430450127,4.255545107952007,0.0,24,0.3,2.4464393447504027,0.0,30,5,20,237.65305836187173,20700,100,5
-0.5281835418395847,2.940803798951516,0.0,16,0.2,2.657143794365932,1.6094379124341005,29,10,49,96.60612180957462,0.462074024551476,4.074330242992167,0.0,23,0.31,2.4308605329485737,0.0,31,5,21,135.58232480923922,20750,100,5
-0.5269953505471663,2.938056891959836,0.0,16,0.2,2.657143794365932,1.6094379124341005,29,10,50,122.51916810792191,0.4608889625169927,4.068067369957724,0.0,23,0.31,2.4308605329485737,0.0,31,5,20,179.40479790087142,20800,100,5
-0.6282834848881194,2.984095560377678,0.0,16,0.2,2.646439344711818,1.6094379124341005,30,10,50,164.94725796682354,0.5387579783934633,4.236930889356174,0.0,24,0.3,2.4464393447504027,0.0,30,5,20,236.8606819551965,20850,100,5
-0.6269292861064071,2.981067119535982,0.0,16,0.2,2.646439344711818,1.6094379124341005,30,10,50,164.8118380886523,0.5374074376894444,4.23011585758291,0.0,24,0.3,2.4464393447504027,0.0,30,5,20,236.57045690324745,20900,100,5
-0.6255564955835134,2.9779996155357966,0.0,16,0.2,2.646439344711818,1.6094379124341005,30,10,50,164.67455903636295,0.5360384062453577,4.2232090791937145,0.0,24,0.3,2.4464393447504027,0.0,30,5,20,236.276258277646,20950,100,5
-0.6241645956813704,2.974892004021523,0.0,16,0.2,2.646439344711818,1.6094379124341005,30,10,50,164.53536904614867,0.5346503706649945,4.216208036578443,0.0,24,0.3,2.4464393447504027,0.0,30,5,20,235.9779757519856,21000,100,5
-0.6227530468364989,2.971743197775047,0.0,16,0.2,2.646439344711818,1.6094379124341005,30,10,50,164.3942141616615,0.5332427958676583,4.2091101068001215,0.0,24,0.3,2.4464393447504027,0.0,30,5,20,235.67549433996743,21050,100,5
-0.6213212863039196,2.968552064324243,0.0,16,0.2,2.646439344711818,1.6094379124341005,30,10,50,164.25103810840358,0.531815123849426,4.201912555627786,0.0,24,0.3,2.4464393447504027,0.0,30,5,20,235.36869412920188,21100,100,5
-0.606636364558272,2.952758039046724,0.0,17,0.2,2.659902257043392,1.6094379124341005,29,10,49,86.26158376245789,0.4013286546849345,4.144028733387119,0.0,25,0.29,2.4442725871651234,0.0,29,5,21,119.78549282866489,21150,100,5
-0.6051623928532289,2.9494580827972503,0.0,17,0.2,2.659902257043392,1.6094379124341005,29,10,50,101.51400940003212,0.4000079388600984,4.136731762270653,0.0,25,0.29,2.4442725871651234,0.0,29,5,20,149.1629984199592,21200,100,5
-0.6168987304089033,2.9587126421196874,0.0,16,0.2,2.646439344711818,1.6094379124341005,30,10,50,163.80878251890192,0.5277056695299659,4.180171717807995,0.0,25,0.3,1.960964047565199,0.0,30,5,20,234.45069210728465,21250,100,5
-0.615379982738756,2.955339876415221,0.0,16,0.2,2.646439344711818,1.6094379124341005,30,10,50,163.65690775188722,0.5261960933899692,4.172553065699309,0.0,25,0.3,1.960964047565199,0.0,30,5,20,234.1257594297169,21300,100,5
-0.6138378111050736,2.951918345880154,0.0,16,0.2,2.646439344711818,1.6094379124341005,30,10,50,163.502690588519,0.5246633775238868,4.164819430621583,0.0,25,0.3,1.960964047565199,0.0,30,5,20,233.79583768285204,21350,100,5
-0.6122714815694902,2.9484465856686706,0.0,16,0.2,2.646439344711818,1.6094379124341005,30,10,50,163.34605763496063,0.5231068014157882,4.15696726866653,0.0,25,0.3,1.960964047565199,0.0,30,5,20,233.46077125565185,21400,100,5
-0.610680225146449,2.944923063245619,0.0,16,0.2,2.646439344711818,1.6094379124341005,30,10,50,163.18693199265653,0.5215256103612673,4.148992869093077,0.0,25,0.3,1.960964047565199,0.0,30,5,20,233.12039714060063,21450,100,5
-0.6090632355354237,2.9413461741258424,0.0,16,0.2,2.646439344711818,1.6094379124341005,30,10,50,163.02523303155397,0.5199190132694558,4.140892343672083,0.0,25,0.3,1.960964047565199,0.0,30,5,20,232.7745444573489,21500,100,5
-0.545350871221602,2.847146698626545,0.0,16,0.22,2.650109127013115,1.6094379124341005,28,10,50,85.29187198110097,0.4554709922484477,4.017030825734181,0.0,24,0.3,2.014039867073472,0.0,30,5,20,135.2662451360006,21550,100,5
-0.5438494739489541,2.8436934687090747,0.0,16,0.22,2.650109127013115,1.6094379124341005,28,10,50,77.50171819359787,0.4538110521785291,4.008995137034863,0.0,24,0.3,2.014039867073472,0.0,30,5,20,126.03692850507676,21600,100,5
-0.6043913980368381,2.931032349180007,0.0,16,0.2,2.646439344711818,1.6094379124341005,30,10,50,162.55804928169545,0.5149382777345308,4.116963239955088,0.0,24,0.3,2.4464393447504027,0.0,30,5,20,231.7419369997825,21650,100,5
-0.6026685337979041,2.927236620630355,0.0,16,0.2,2.646439344711818,1.6094379124341005,30,10,50,162.38576285780204,0.5132213303535628,4.108335271068252,0.0,24,0.3,2.4464393447504027,0.0,30,5,20,231.3729728716045,21700,100,5
-0.6009154627536301,2.923378665181781,0.0,16,0.2,2.646439344711818,1.6094379124341005,30,10,50,162.21045575337462,0.5114743851229693,4.099559327821004,0.0,24,0.3,2.4464393447504027,0.0,30,5,20,230.9975623468476,21750,100,5
-0.5991311066336196,2.9194563572260823,0.0,16,0.2,2.646439344711818,1.6094379124341005,30,10,50,162.03202014137355,0.5096963750415382,4.090630215197743,0.0,24,0.3,2.4464393447504027,0.0,30,5,20,230.6154761320675,21800,100,5
-0.5973143283749068,2.9154674591753893,0.0,16,0.2,2.646439344711818,1.6094379124341005,30,10,50,161.8503423155023,0.5078861751407594,4.081542458961169,0.0,24,0.3,2.4464393447504027,0.0,30,5,20,230.22647247692893,21850,100,5
-0.5954639277680076,2.911409613406386,0.0,16,0.2,2.646439344711818,1.6094379124341005,30,10,50,161.66530225481236,0.5060425982078375,4.072290285243144,0.0,24,0.3,2.4464393447504027,0.0,30,5,20,229.8302962551029,21900,100,5
-0.4437902158861923,2.856168168666404,0.0,16,0.2,2.6407906636295344,1.6094379124341005,30,10,50,111.1905875118193,0.4127512722511202,3.904380180250472,0.0,23,0.3,2.4370586369225014,0.0,30,5,20,158.95332859816233,21950,100,5
-0.4420642027357188,2.852233367621152,0.0,16,0.2,2.6407906636295344,1.6094379124341005,30,10,49,90.64265309296704,0.4110318549174891,3.8953645894553928,0.0,23,0.3,2.4370586369225014,0.0,30,5,21,124.66439265130047,22000,100,5
-0.5900928572979214,2.8996591419154534,0.0,16,0.2,2.646439344711818,1.6094379124341005,30,10,50,161.12819520780374,0.5006920623600024,4.045456267190781,0.0,24,0.3,2.4464393447504027,0.0,30,5,20,228.68049068303145,22050,100,5
-0.5881024816750083,2.8953153988349856,0.0,16,0.2,2.646439344711818,1.6094379124341005,30,10,50,160.92915764551245,0.4987095797944702,4.035520660701083,0.0,24,0.3,2.4464393447504027,0.0,30,5,20,228.25446429738864,22100,100,5
-0.5860716786896731,2.890889416637165,0.0,16,0.2,2.646439344711818,1.6094379124341005,30,10,50,160.7260773469789,0.496686993154166,4.025387979540453,0.0,24,0.3,2.4464393447504027,0.0,30,5,20,227.8198197359714,22150,100,5
-0.5839987717210087,2.88637793894786,0.0,16,0.2,2.646439344711818,1.6094379124341005,30,10,50,160.51878665011247,0.4946226460984563,4.015050197186039,0.0,24,0.3,2.4464393447504027,0.0,30,5,20,227.3762010591668,22200,100,5
-0.5818819776194725,2.881777509869797,0.0,16,0.2,2.646439344711818,1.6094379124341005,30,10,50,160.30710723995884,0.4925147774908414,4.00449878510274,0.0,24,0.3,2.4464393447504027,0.0,30,5,20,226.9232298072426,22250,100,5
-0.5797193974850507,2.8770844572331966,0.0,16,0.2,2.646439344711818,1.6094379124341005,30,10,50,160.0908492265167,0.4903615123662511,3.993724669910548,0.0,24,0.3,2.4464393447504027,0.0,30,5,20,226.4605030592645,22300,100,5
-0.6153360989127424,2.8654409407169994,0.0,17,0.2,2.6757578080951023,1.6094379124341005,28,10,50,129.85590957599322,0.2956023779967602,3.882156316287448,0.0,24,0.3,2.4370586369225014,0.0,30,5,20,184.33187657392384,22350,100,5
-0.6130757346419711,2.86056883770837,0.0,17,0.2,2.6757578080951023,1.6094379124341005,28,10,49,96.96956660865042,0.2938114507919253,3.871271300895685,0.0,24,0.3,2.4370586369225014,0.0,30,5,21,130.6808069939581,22400,100,5
-0.5729359922736521,2.862409188008177,0.0,16,0.2,2.646439344711818,1.6094379124341005,30,10,50,159.4125087053768,0.4845379814911478,3.961438205324729,0.0,24,0.3,1.960964047565199,0.0,30,5,20,225.07668170127167,22450,100,5
-0.5705685800425208,2.8573038997770293,0.0,16,0.2,2.646439344711818,1.6094379124341005,30,10,50,159.17576748226367,0.4822038368588084,3.949704271726085,0.0,24,0.3,1.960964047565199,0.0,30,5,20,224.57193554732217,22500,100,5
-0.5681437484251289,2.8520836560949907,0.0,16,0.2,2.646439344711818,1.6094379124341005,30,10,50,158.93328432052448,0.4798138972796172,3.937693886813288,0.0,24,0.3,1.960964047565199,0.0,30,5,20,224.0550457984566,22550,100,5
-0.565658642150341,2.846743015382715,0.0,16,0.2,2.4464393447504027,1.6094379124341005,30,10,50,158.6847736930457,0.4773654294669234,3.925393619695406,0.0,24,0.3,1.960964047565199,0.0,30,5,20,223.52541357524976,22600,100,5
-0.563110187483694,2.8412761355825444,0.0,16,0.2,2.4464393447504027,1.6094379124341005,30,10,50,158.429928226381,0.4748554942007591,3.912789033149571,0.0,24,0.3,1.960964047565199,0.0,30,5,20,222.98239456405668,22650,100,5
-0.5604950693508104,2.835676733585631,0.0,16,0.2,2.4464393447504027,1.6094379124341005,30,10,50,158.16841641309264,0.4722809251028695,3.899864580303442,0.0,24,0.3,1.960964047565199,0.0,30,5,20,222.42529430059136,22700,100,5
-0.4627322056031038,2.7489641338112385,0.0,16,0.22,2.4384571478798605,1.6094379124341005,29,10,50,149.74788945518029,0.4946017537134491,3.821059147597604,0.0,24,0.3,2.0064184976868296,0.0,30,5,20,209.90138442597907,22750,100,5
-0.4602556209052117,2.74343863912658,0.0,16,0.22,2.4384571478798605,1.6094379124341005,29,10,49,100.01244348371932,0.4916060732542675,3.8077481757608,0.0,24,0.3,2.0064184976868296,0.0,30,5,21,135.2827729972703,22800,100,5
-0.5527864382744891,2.819233662921309,0.0,16,0.2,2.4464393447504027,1.6094379124341005,30,10,50,157.39755330546052,0.4635630472652476,3.860034901544151,0.0,24,0.3,2.4464393447504027,0.0,30,5,20,220.7016370065838,22850,100,5
-0.5498826689324878,2.81306411453167,0.0,16,0.2,2.4464393447504027,1.6094379124341005,30,10,50,157.10717637126038,0.460676050083721,3.845678491116903,0.0,24,0.3,2.4464393447504027,0.0,30,5,20,220.0812347436322,22900,100,5
-0.5468920270605454,2.806724095656906,0.0,16,0.2,2.4464393447504027,1.6094379124341005,30,10,50,156.80811218406615,0.4577031962322379,3.8309048846295415,0.0,24,0.3,2.4464393447504027,0.0,30,5,20,219.4423822948201,22950,100,5
-0.5438091522894843,2.800203632096014,0.0,16,0.2,2.4464393447504027,1.6094379124341005,30,10,50,156.49982470696003,0.4546392205480704,3.815688923665017,0.0,24,0.3,2.4464393447504027,0.0,30,5,20,218.7839482025032,23000,100,5
-0.5406281721088441,2.793491836117888,0.0,16,0.2,2.4464393447504027,1.6094379124341005,30,10,50,156.181726688896,0.4514783580121027,3.800003094928782,0.0,24,0.3,2.4464393447504027,0.0,30,5,20,218.10469359239056,23050,100,5
-0.5373426344492342,2.786576790482243,0.0,16,0.2,2.4464393447504027,1.6094379124341005,30,10,50,155.85317292293504,0.448214278379454,3.783817226180692,0.0,24,0.3,2.1709505945736582,0.0,30,5,20,217.403258125996,23100,100,5
-0.5339454287882419,2.7794454133466258,0.0,16,0.2,2.4464393447504027,1.6094379124341005,30,10,50,155.51345235683578,0.444840009757771,3.767098131362932,0.0,24,0.3,2.1709505945736582,0.0,30,5,20,216.67814357799944,23150,100,5
-0.4440456258363616,2.7074478122576284,0.0,16,0.2,2.433892755101021,1.6094379124341005,30,4,49,97.15119772349097,0.2994304237031104,3.605732569639655,0.0,23,0.3,2.1859659512691736,0.0,30,5,21,133.75020647302136,23200,100,5
-0.4407773302158896,2.700354201638851,0.0,16,0.2,2.433892755101021,1.6094379124341005,30,4,50,135.5446277822458,0.2961857048900627,3.588904234951414,0.0,23,0.3,2.1859659512691736,0.0,30,5,20,196.41022258862355,23250,100,5
-0.5237688822390976,2.75819814856332,0.0,16,0.2,2.4464393447504027,1.6094379124341005,30,10,50,154.49579770192136,0.4347369965723805,3.7171208540250817,0.0,24,0.3,2.1709505945736582,0.0,30,5,20,214.50705339612904,23300,100,5
-0.5198677941357518,2.75009963009052,0.0,16,0.2,2.4464393447504027,1.6094379124341005,30,10,50,154.1056888915868,0.4308661285316972,3.6980058894064793,0.0,24,0.3,2.1709505945736582,0.0,30,5,20,213.6752220400808,23350,100,5
-0.5158082352983641,2.741699836864084,0.0,16,0.2,2.4464393447504027,1.6094379124341005,30,10,50,153.699733007848,0.426839286214648,3.6781407823843097,0.0,24,0.3,2.1709505945736582,0.0,30,5,20,212.80987257091823,23400,100,5
-0.5115767757748224,2.7329747168394767,0.0,16,0.2,2.4464393447504027,1.6094379124341005,30,4,50,153.27658705549385,0.4226433625419388,3.657463723619789,0.0,24,0.3,2.1709505945736582,0.0,30,5,20,211.9081883425368,23450,100,5
-0.5071582014035994,2.7238971728070456,0.0,16,0.2,2.4464393447504027,1.6094379124341005,30,4,50,152.83472961837154,0.4182635244496327,3.635904901274323,0.0,24,0.3,2.1709505945736582,0.0,30,5,20,210.9669818034758,23500,100,5
-0.5025351828266911,2.714436520651459,0.0,16,0.2,2.4464393447504027,1.6094379124341005,30,4,50,152.3724277606807,0.4136828956566921,3.613385052893929,0.0,24,0.3,2.1709505945736582,0.0,30,5,20,209.9826263252952,23550,100,5
-0.4410174474703456,2.672352936833298,0.0,16,0.2,2.46334297421167,1.6094379124341005,28,4,49,87.88803416462466,0.3272741237566337,3.4612127772530243,0.0,23,0.3,2.203716451298285,0.0,30,5,21,121.1674802685018,23600,100,5
-0.4364563883598985,2.662882766298236,0.0,16,0.2,2.46334297421167,1.6094379124341005,28,4,50,109.69384396936418,0.322758870623787,3.4381266256154763,0.0,23,0.3,2.203716451298285,0.0,30,5,20,159.75584535371928,23650,100,5
-0.4883220155805776,2.68559102277222,0.0,16,0.2,2.4464393447504027,1.6094379124341005,30,4,50,150.95111103606934,0.3996129304741419,3.544393081778849,0.0,24,0.3,2.1709505945736582,0.0,30,5,20,206.95905753544017,23700,100,5
-0.4827124866292398,2.6743083999163044,0.0,16,0.2,2.4464393447504027,1.6094379124341005,30,4,50,150.39015814093557,0.3940657162413955,3.5172698671410734,0.0,24,0.3,2.1709505945736582,0.0,30,5,20,205.7669876022748,23750,100,5
-0.4767691013686817,2.6624184550771948,0.0,16,0.2,2.4464393447504027,1.6094379124341005,30,4,50,149.7958196148798,0.3881922485011327,3.4886010119025244,0.0,24,0.3,2.1709505945736582,0.0,30,5,20,204.50480740498,23800,100,5
-0.470449535487436,2.649849395461113,0.0,16,0.2,2.4464393447504027,1.6094379124341005,30,4,50,149.16386302675522,0.3819516867933696,3.458197703425992,0.0,24,0.3,2.1709505945736582,0.0,30,5,20,203.1637405360872,23850,100,5
-0.4637028553254521,2.636515645206845,0.0,16,0.2,2.4464393447504027,1.6094379124341005,30,4,50,148.48919501055684,0.3752949949778152,3.425834059040293,0.0,24,0.3,2.1709505945736582,0.0,30,5,20,201.7332493789024,23900,100,5
-0.4564670075865308,2.622314029038794,0.0,16,0.2,2.4464393447504027,1.6094379124341005,30,4,50,147.7656102366647,0.3681625861824122,3.391236694768805,0.0,24,0.3,2.1709505945736582,0.0,30,5,20,200.200529019367,23950,100,5
-0.4193385783278016,2.589606701907513,0.0,17,0.21,2.6488007765964228,1.6094379124341005,29,4,49,76.47845225707987,0.3196381118798642,3.351043280173965,0.0,25,0.29,2.2173691664558906,0.0,29,5,21,106.40704399957292,24000,100,5
-0.4108747600432066,2.5730533413629417,0.0,17,0.21,2.6488007765964228,1.6094379124341005,29,4,50,88.98290525150017,0.3113155862797922,3.3107510429030924,0.0,25,0.29,2.2173691664558906,0.0,29,5,20,132.46389929987197,24050,100,5
-0.4309523021951706,2.573079898257285,0.0,16,0.2,2.646439344711818,1.6094379124341005,30,4,50,145.21413969752868,0.3430778927595206,3.270248961957338,0.0,24,0.3,2.1709505945736582,0.0,30,5,20,194.80994982472023,24100,100,5
-0.4207563624291903,2.5537856452106573,0.0,16,0.2,2.646439344711818,1.6094379124341005,30,4,50,144.19454572093065,0.3330865584790117,3.222379953681837,0.0,24,0.3,2.1709505945736582,0.0,30,5,20,192.6628608238553,24150,100,5
-0.4093966029459027,2.532554761129198,0.0,16,0.2,2.646439344711818,1.6094379124341005,30,4,50,143.05856977260186,0.3219804507164486,3.169401685966688,0.0,24,0.3,2.1709505945736582,0.0,30,5,20,190.2762127018824,24200,100,5
-0.3965710348746173,2.5089308088063484,0.0,16,0.2,2.646439344711818,1.6094379124341005,30,4,50,141.77601296547334,0.3094777386596354,3.110070915072316,0.0,24,0.3,2.1709505945736582,0.0,30,5,20,187.589441505912,24250,100,5
-0.3818413753452876,2.482268441332429,0.0,16,0.2,2.646439344711818,1.6094379124341005,30,4,50,140.3030470125404,0.295173200261855,3.042620748338994,0.0,24,0.3,2.1709505945736582,0.0,30,5,20,184.5154671762049,24300,100,5
-0.3645352915170604,2.4516091042007644,0.0,16,0.2,2.646439344711818,1.6094379124341005,30,4,50,138.57243862971762,0.2784528925427598,2.964413770101908,0.0,24,0.3,2.1709505945736582,0.0,30,5,20,180.92235666796992,24350,100,5
-0.1859629150489452,3.0048518449017063,0.0,23,0.21,2.5264976775416352,1.6094379124341005,22,4,20,97.80291460266712,-0.1045387621020023,2.953288028646643,0.0,24,0.28,2.3445115466371345,0.0,28,5,20,149.57435973636157,24400,100,5
-0.0978001879257151,4.054038703897733,0.0,28,0.26,2.527246634812891,0.0,26,4,50,162.11582475418942,-0.778583760096738,3.170973021657402,0.0,19,0.23,2.4900640758032133,0.0,23,10,20,132.76573797718098,24450,100,5
-0.1788100180245987,4.55872481604881,0.0,25,0.3,2.3709505945740093,0.0,30,4,50,287.4210703296826,-1.0785910508644505,3.361752098029321,-0.8047189562170501,16,0.2,1.8464393448301704,-2.19722457733622,20,10,20,145.32458638500873,24500,100,5
-0.1788101039156042,4.557890589794186,0.0,25,0.3,2.3709505945740093,0.0,30,4,50,287.3796237721021,-1.0783839468419023,3.361253240613566,-0.8047189562170501,16,0.2,1.8464393448301704,-2.19722457733622,20,10,20,145.30594946550391,24550,100,5
-0.1788101901637094,4.557054667024292,0.0,25,0.3,2.3709505945740093,0.0,30,4,50,287.33809114514406,-1.0781764130076723,3.360753388840801,-0.8047189562170501,16,0.2,1.8464393448301704,-2.19722457733622,20,10,20,145.28727443131558,24600,100,5
-0.1788102767711458,4.556217040772892,0.0,25,0.3,2.3709505945740093,0.0,30,4,50,287.29647209059453,-1.0779684475740337,3.360252538678759,-0.8047189562170501,16,0.2,1.8464393448301704,-2.19722457733622,20,10,20,145.26856112530325,24650,100,5
-0.1788103637401636,4.555377704030624,0.0,25,0.3,2.3709505945740093,0.0,30,4,50,287.2547662479988,-1.077760048742084,3.35975068607044,-0.8047189562170501,16,0.2,1.8464393448301704,-2.19722457733622,20,10,20,145.24980938935036,24700,100,5
-0.1788104510730319,4.55453664974464,0.0,25,0.3,2.3709505945740093,0.0,30,4,50,287.212973254642,-1.0775512147016506,3.3592478269339137,-0.8047189562170501,16,0.2,1.8464393448301704,-2.19722457733622,20,10,20,145.23101906435622,24750,100,5
-0.1595555001703196,4.385440978417432,0.0,25,0.31,2.352671367193407,0.0,31,4,50,206.90714682318423,-1.0550844203960543,3.2386489068240083,-0.8047189562170501,16,0.21,1.830765470540341,0.0,21,10,10,108.05765085251667,24800,100,5
-0.1595555793977072,4.384651908368752,0.0,25,0.31,2.352671367193407,0.0,31,4,49,165.3577324575716,-1.0548957210806682,3.2381764523225205,-0.8047189562170501,16,0.21,1.830765470540341,0.0,21,10,10,84.77128896253069,24850,100,5
-0.1788106975602997,4.5521724998346205,0.0,25,0.3,2.3709505945740093,0.0,30,4,50,287.0954861155602,-1.0769641485304209,3.357834431564988,-0.8047189562170501,16,0.2,1.8464393448301704,-2.19722457733622,20,10,20,145.1781994941222,24900,100,5
-0.1788107862968328,4.551324853782852,0.0,25,0.3,2.3709505945740093,0.0,30,4,50,287.0533586009418,-1.0767536439874104,3.3573277099482475,-0.8047189562170501,16,0.2,1.8464393448301704,-2.19722457733622,20,10,20,145.1592610621722,24950,100,5
-0.1788108754083768,4.550475455716828,0.0,25,0.3,2.3709505945740093,0.0,30,4,50,287.0111421624746,-1.0765426953871984,3.356819961856416,-0.8047189562170501,16,0.2,1.8464393448301704,-2.19722457733622,20,10,20,145.1402832635363,25000,100,5
-0.1788109648973139,4.549624298324228,0.0,25,0.3,2.3709505945740093,0.0,30,4,50,286.96883642395824,-1.0763313008523523,3.3563111830588293,-0.8047189562170501,16,0.2,1.8464393448301704,-2.19722457733622,20,10,20,145.12126593324123,25050,100,5
-0.1788110547660465,4.548771374246713,0.0,25,0.3,2.3709505945740093,0.0,30,4,50,286.92644100680013,-1.076119458493508,3.3558013692984536,-0.8047189562170501,16,0.2,1.8464393448301704,-2.19722457733622,20,10,20,145.10220890527188,25100,100,5
-0.1788111450169978,4.547916676079536,0.0,25,0.3,2.3709505945740093,0.0,30,4,50,286.88395552999464,-1.0759071664092688,3.3552905162916606,-0.8047189562170501,16,0.2,1.8464393448301704,-2.19722457733622,20,10,20,145.08311201256288,25150,100,5
-0.1385147855545514,4.39861903725286,0.0,25,0.29,2.366266035252332,0.0,29,4,50,255.84563649428304,-1.0307781412402128,3.238830755009978,-0.8047189562170501,16,0.21,1.830765470540341,0.0,21,10,20,128.39719824540137,25200,100,5
-0.138514867440005,4.397820683145612,0.0,25,0.29,2.366266035252332,0.0,29,4,49,179.63193195842786,-1.0305863046354675,3.238350008763585,-0.8047189562170501,16,0.21,1.830765470540341,0.0,21,10,19,90.59183315979618,25250,100,5
-0.178811399773944,4.545514019445868,0.0,25,0.3,2.3709505945740093,0.0,30,4,50,286.76451380437265,-1.0753103396993684,3.353854562287476,-0.8047189562170501,16,0.2,1.8464393448301704,-2.19722457733622,20,10,20,145.0294271973869,25300,100,5
-0.17881149149979,4.544652511376632,0.0,25,0.3,2.3709505945740093,0.0,30,4,50,286.72168258297734,-1.075096321102636,3.353339720601995,-0.8047189562170501,16,0.2,1.8464393448301704,-2.19722457733622,20,10,20,145.01017727624082,25350,100,5
-0.1788115836197762,4.543789193016482,0.0,25,0.3,2.3709505945740093,0.0,30,4,50,286.6787594388687,-1.0748818434830414,3.3528238187314034,-0.8047189562170501,16,0.2,1.8464393448301704,-2.19722457733622,20,10,20,144.9908866735354,25400,100,5
-0.1788116761364483,4.542924056683658,0.0,25,0.3,2.3709505945740093,0.0,30,4,50,286.6357439766355,-1.0746669048673416,3.352306852233363,-0.8047189562170501,16,0.2,1.8464393448301704,-2.19722457733622,20,10,20,144.9715552159343,25450,100,5
-0.1788117690523744,4.542057094647239,0.0,25,0.3,2.3709505945740093,0.0,30,4,50,286.5926357983095,-1.0744515032695434,3.351788816637384,-0.8047189562170501,16,0.2,1.8464393448301704,-2.19722457733622,20,10,20,144.95218272898836,25500,100,5
-0.1788118623701443,4.541188299126735,0.0,25,0.3,2.3709505945740093,0.0,30,4,50,286.5494345033436,-1.0742356366907917,3.3512697074445787,-0.8047189562170501,16,0.2,1.8464393448301704,-2.19722457733622,20,10,20,144.93276903712604,25550,100,5
-0.1410759398172764,4.52220372166815,0.0,26,0.32,2.6212403650130884,0.0,32,4,50,284.190696440652,-1.1205589066208343,3.325447230388939,-1.6094379124341005,16,0.2,2.170469607131848,-2.19722457733622,20,10,20,141.4650617085942,25600,100,5
-0.1291159875998268,4.549425512310304,0.0,27,0.3,2.644994235548067,0.0,30,4,49,181.54238363568967,-1.1786374408312257,3.3080424441345806,-1.6094379124341005,17,0.2,2.184880048981145,-2.19722457733622,20,10,21,88.02720054433377,25650,100,5
-0.1668520984139888,4.566661341646393,0.0,26,0.28,2.6633429742117287,0.0,28,4,50,281.1775208589213,-1.1318805636846183,3.3337665415335094,-1.6094379124341005,17,0.2,2.185858616107644,-2.19722457733622,20,10,20,139.6399062630243,25700,100,5
-0.1788122397122552,4.537694624834913,0.0,25,0.3,2.646439344750478,0.0,30,4,50,286.3756900546192,-1.0733674801327389,3.349182443719968,-0.8047189562170501,16,0.2,2.1709505945736582,-2.19722457733622,20,10,20,144.85469866925604,25750,100,5
-0.1788123350788899,4.53681654342141,0.0,25,0.3,2.646439344750478,0.0,30,4,50,286.332017076408,-1.07314925820839,3.348657898048869,-0.8047189562170501,16,0.2,2.1709505945736582,-2.19722457733622,20,10,20,144.83507627927418,25800,100,5
-0.178812430863389,4.535936580775632,0.0,25,0.3,2.646439344750478,0.0,30,4,50,286.2882485228492,-1.0729305590335525,3.3481322511776246,-0.8047189562170501,16,0.2,2.1709505945736582,-2.19722457733622,20,10,20,144.8154116068288,25850,100,5
-0.1788125270685048,4.535054728757885,0.0,25,0.3,2.646439344750478,0.0,30,4,50,286.2443839747041,-1.0727113805161557,3.347605498401668,-0.8047189562170501,16,0.2,2.1709505945736582,-2.19722457733622,20,10,20,144.79570446821546,25900,100,5
-0.1788126236970142,4.53417097917536,0.0,25,0.3,2.646439344750478,0.0,30,4,50,286.2004230099694,-1.0724917205503446,3.347077634986033,-0.8047189562170501,16,0.2,2.1709505945736582,-2.19722457733622,20,10,20,144.77595467852686,25950,100,5
-0.1788127207517181,4.533285323781677,0.0,25,0.3,2.646439344750478,0.0,30,4,50,286.1563652038533,-1.0722715770163556,3.3465486561650843,-0.8047189562170501,16,0.2,2.1709505945736582,-2.19722457733622,20,10,20,144.75616205164275,26000,100,5
-0.1071400806517949,4.362057296809152,0.0,25,0.31,2.626715008167465,0.0,31,4,49,177.62686748898255,-0.9979060795891188,3.236481564836017,0.0,16,0.21,2.1747571356606747,0.0,21,10,19,87.72542199034247,26050,100,5
-0.1071401687367648,4.361225660252527,0.0,25,0.31,2.626715008167465,0.0,31,4,50,246.34566833511505,-0.9977071182672576,3.235982821353561,0.0,16,0.21,2.1747571356606747,0.0,21,10,10,132.5432249416827,26100,100,5
-0.1788129947963951,4.530795278901669,0.0,25,0.3,2.646439344750478,0.0,30,4,50,286.0324844999116,-1.071652584321329,3.3450615405620976,-0.8047189562170501,16,0.2,2.1709505945736582,-2.19722457733622,20,10,20,144.7005132030777,26150,100,5
-0.1788130934966253,4.52990230525981,0.0,25,0.3,2.646439344750478,0.0,30,4,50,285.98805477252506,-1.0714305836470954,3.344528279189629,-0.8047189562170501,16,0.2,2.1709505945736582,-2.19722457733622,20,10,20,144.680556075721,26200,100,5
-0.1788131926368454,4.529007385463446,0.0,25,0.3,2.646439344750478,0.0,30,4,50,285.9435261251482,-1.0712080890323086,3.343993879101432,-0.8047189562170501,16,0.2,2.1709505945736582,-2.19722457733622,20,10,20,144.66055520056406,26250,100,5
-0.178813292220004,4.528110510946044,0.0,25,0.3,2.646439344750478,0.0,30,4,50,285.89889811631906,-1.0709850982740756,3.3434583353486604,-0.8047189562170501,16,0.2,2.1709505945736582,-2.19722457733622,20,10,20,144.6405103842363,26300,100,5
-0.1788133922490762,4.527211673084211,0.0,25,0.3,2.646439344750478,0.0,30,4,50,285.8541703016135,-1.0707616091547345,3.3429216429499333,-0.8047189562170501,16,0.2,2.1709505945736582,-2.19722457733622,20,10,20,144.62042143207916,26350,100,5
-0.1788134927270638,4.526310863197171,0.0,25,0.3,2.646439344750478,0.0,30,4,50,285.8093422336193,-1.07053761944172,3.342383796891047,-0.8047189562170501,16,0.2,2.1709505945736582,-2.19722457733622,20,10,20,144.60028814813472,26400,100,5
-0.1528677520802293,4.385623829076772,0.0,25,0.29,2.635698685202488,0.0,29,4,49,162.21766002868236,-1.040286881219316,3.232459093036452,-0.8047189562170501,16,0.21,2.188351803719613,0.0,21,10,10,83.28975624310219,26450,100,5
-0.1528678432855058,4.3847837450253815,0.0,25,0.29,2.635698685202488,0.0,29,4,50,200.8798772537969,-1.0400844289430962,3.231954710562109,-0.8047189562170501,16,0.21,2.188351803719613,0.0,21,10,10,111.3140826282568,26500,100,5
-0.1788137764795449,4.523778029731913,0.0,25,0.3,2.646439344750478,0.0,30,4,50,285.6832864500292,-1.069907765897171,3.340871647363197,-0.8047189562170501,16,0.2,2.1709505945736582,-2.19722457733622,20,10,20,144.54367742375356,26550,100,5
-0.1788138786912673,4.522869645953441,0.0,25,0.3,2.646439344750478,0.0,30,4,50,285.6380732856355,-1.069681853300422,3.340329371078667,-0.8047189562170501,16,0.2,2.1709505945736582,-2.19722457733622,20,10,20,144.5233738686186,26600,100,5
-0.1788139813666951,4.521959247667128,0.0,25,0.3,2.646439344750478,0.0,30,4,50,285.5927576779186,-1.0694554291819858,3.3397859165996486,-0.8047189562170501,16,0.2,2.1709505945736582,-2.19722457733622,20,10,20,144.50302502263963,26650,100,5
-0.1788140845089908,4.521046825849179,0.0,25,0.3,2.646439344750478,0.0,30,4,50,285.5473391615941,-1.069228491220179,3.33924127871574,-0.8047189562170501,16,0.2,2.1709505945736582,-2.19722457733622,20,10,20,144.4826306820888,26700,100,5
-0.1788141881213463,4.520132371414835,0.0,25,0.3,2.646439344750478,0.0,30,4,50,285.5018172682004,-1.0690010370774754,3.338695452181679,-0.8047189562170501,16,0.2,2.1709505945736582,-2.19722457733622,20,10,20,144.4621906418574,26750,100,5
-0.178814292206982,4.519215875217819,0.0,25,0.3,2.646439344750478,0.0,30,4,50,285.45619152607003,-1.0687730644003617,3.338148431717034,-0.8047189562170501,16,0.2,2.1709505945736582,-2.19722457733622,20,10,20,144.4417046954431,26800,100,5
-0.1452127132716273,4.530696268536139,0.0,27,0.29,2.661347366284448,0.0,29,4,49,145.56244263482867,-1.1675016444713644,3.294112539317294,-1.6094379124341005,17,0.2,2.184880048981145,0.0,20,10,10,96.95415235249276,26850,100,5
-0.1452128183136041,4.529778181799039,0.0,27,0.29,2.661347366284448,0.0,29,4,50,169.8872328700988,-1.1672726276002134,3.2935627414473605,-1.6094379124341005,17,0.2,2.184880048981145,0.0,20,10,10,109.15868633215808,26900,100,5
-0.1788146073362226,4.516454043653534,0.0,25,0.3,2.646439344750478,0.0,30,4,50,285.3186864418726,-1.0680860113845514,3.33650015340099,-0.8047189562170501,16,0.2,2.1709505945736582,-2.19722457733622,20,10,20,144.37996933291015,26950,100,5
-0.1788147133477816,4.51552928769315,0.0,25,0.3,2.646439344750478,0.0,30,4,50,285.2726405229635,-1.0678559407097836,3.3359483036950626,-0.8047189562170501,16,0.2,2.1709505945736582,-2.19722457733622,20,10,20,144.35929766842457,27000,100,5
-0.1788148198491738,4.514602443296261,0.0,25,0.3,2.646439344750478,0.0,30,4,50,285.2264883478498,-1.0676253394880657,3.3353952331175907,-0.8047189562170501,16,0.2,2.1709505945736582,-2.19722457733622,20,10,20,144.33857904389333,27050,100,5
-0.1788149268438018,4.51367350093557,0.0,25,0.3,2.646439344750478,0.0,30,4,50,285.18022942499954,-1.0673942052668357,3.334840936170334,-0.8047189562170501,16,0.2,2.1709505945736582,-2.19722457733622,20,10,20,144.31781324418202,27100,100,5
-0.1788150343351001,4.512742451018227,0.0,25,0.3,2.646439344750478,0.0,30,4,50,285.1338632594621,-1.067162535576485,3.33428540731759,-0.8047189562170501,16,0.2,2.1709505945736582,-2.19722457733622,20,10,20,144.29700005267068,27150,100,5
-0.1788151423265352,4.511809283885218,0.0,25,0.3,2.646439344750478,0.0,30,4,50,285.0873893528366,-1.066930327930204,3.333728640985845,-0.8047189562170501,16,0.2,2.1709505945736582,-2.19722457733622,20,10,20,144.27613925124044,27200,100,5
-0.1071422689831372,4.34193492389069,0.0,25,0.31,2.626715008167465,0.0,31,4,50,153.6552798897958,-1.01506138869734,3.2250641208079567,-0.8047189562170501,16,0.2,2.169505485371246,0.0,20,10,10,96.0456080849469,27250,100,5
-0.1071423670392604,4.341058595851342,0.0,25,0.31,2.626715008167465,0.0,31,4,49,135.8037827298408,-1.014851475761228,3.224540663701374,-0.8047189562170501,16,0.2,2.169505485371246,0.0,20,10,10,98.64759017930504,27300,100,5
-0.1788154473931872,4.509185069281113,0.0,25,0.3,2.646439344750478,0.0,30,4,50,284.9566849461804,-1.066277263212286,3.3321630639545177,-0.8047189562170501,16,0.2,2.1709505945736582,-2.19722457733622,20,10,20,144.21747384710406,27350,100,5
-0.1788155573173296,4.508243767453464,0.0,25,0.3,2.646439344750478,0.0,30,4,50,284.9097970161969,-1.066042988345572,3.33160154369512,-0.8047189562170501,16,0.2,2.1709505945736582,-2.19722457733622,20,10,20,144.19643011188833,27400,100,5
-0.1788156677587043,4.507300301106486,0.0,25,0.3,2.646439344750478,0.0,30,4,50,284.8627989037461,-1.065808163341642,3.3310387586665664,-0.8047189562170501,16,0.2,2.1709505945736582,-2.19722457733622,20,10,20,144.17533769847387,27450,100,5
-0.1788157787209703,4.506354660185177,0.0,25,0.3,2.646439344750478,0.0,30,4,50,284.8156900897691,-1.0655727856106834,3.3304747030691155,-0.8047189562170501,16,0.2,2.1709505945736582,-2.19722457733622,20,10,20,144.1541963797686,27500,100,5
-0.1788158902078216,4.505406834564079,0.0,25,0.3,2.646439344750478,0.0,30,4,50,284.7684700515304,-1.065336852544552,3.3299093710627843,-0.8047189562170501,16,0.2,2.1709505945736582,-2.19722457733622,20,10,20,144.13300592708376,27550,100,5
-0.1788160022229868,4.504456814046619,0.0,25,0.3,2.646439344750478,0.0,30,4,50,284.72113826258305,-1.0651003615166013,3.3293427567669744,-0.8047189562170501,16,0.2,2.1709505945736582,-2.19722457733622,20,10,20,144.11176611011885,27600,100,5
-0.122424795653781,4.355621103174024,0.0,25,0.3,2.6311342924236527,0.0,30,4,50,201.44667924409063,-1.0353831802376416,3.2202561601195394,-0.8047189562170501,16,0.21,2.188351803719613,0.0,21,10,10,107.8444109876754,27650,100,5
-0.1224248973800978,4.3547331340986,0.0,25,0.3,2.6311342924236527,0.0,30,4,49,162.31998265408112,-1.0351693777010764,3.219724775110216,-0.8047189562170501,16,0.21,2.188351803719613,0.0,21,10,10,84.66991827381929,27700,100,5
-0.1788163187082597,4.50178499206685,0.0,25,0.3,2.646439344750478,0.0,30,4,50,284.5880102122461,-1.064435195692086,3.3277493643953453,-0.8047189562170501,16,0.2,2.1709505945736582,-2.19722457733622,20,10,20,144.05203002418187,27750,100,5
-0.1788164327656556,4.500826536676371,0.0,25,0.3,2.3219280949683307,0.0,30,4,50,284.54024890291066,-1.0641965601226295,3.327177823040888,-0.8047189562170501,16,0.2,2.1709505945736582,-2.19722457733622,20,10,20,144.03060049373684,27800,100,5
-0.1788165473697645,4.499865836434706,0.0,25,0.3,2.3219280949683307,0.0,30,4,50,284.4923732631365,-1.0639573537202656,3.3266049705926206,-0.8047189562170501,16,0.2,2.1709505945736582,-2.19722457733622,20,10,20,144.00912047064995,27850,100,5
-0.1788166625245272,4.498902880719366,0.0,25,0.3,2.3219280949683307,0.0,30,4,50,284.4443827442433,-1.0637175737474955,3.3260308009267594,-0.8047189562170501,16,0.2,2.1709505945736582,-2.19722457733622,20,10,20,143.98758971496738,27900,100,5
-0.1788167782339215,4.4979376588320426,0.0,25,0.3,2.3219280949683307,0.0,30,4,50,284.39627679359126,-1.063477217447081,3.32545530787624,-0.8047189562170501,16,0.2,2.1709505945736582,-2.19722457733622,20,10,20,143.96600798501677,27950,100,5
-0.1788168945019644,4.496970159997877,0.0,25,0.3,2.3219280949683307,0.0,30,4,50,284.34805485454353,-1.0632362820418535,3.324878485230307,-0.8047189562170501,16,0.2,2.1709505945736582,-2.19722457733622,20,10,20,143.9443750373906,28000,100,5
-0.2658341745623617,4.422239263213704,0.0,26,0.29,2.34738270676946,0.0,29,4,50,240.8272406900168,-1.1399795926133331,3.2811543606925846,-1.6094379124341005,17,0.21,2.1906126867123854,0.0,21,10,10,122.44752095309413,28050,100,5
-0.2658100053663063,4.421301944924497,0.0,26,0.29,2.34738270676946,0.0,29,4,49,174.79599774045653,-1.1397374905862931,3.280572919858032,-1.6094379124341005,17,0.21,2.1906126867123854,0.0,21,10,10,86.52319159364203,28100,100,5
-0.1787686143840418,4.494153381497146,0.0,25,0.3,2.3219280949683307,0.0,30,4,50,284.20755071134835,-1.0625099731226129,3.3231399769483323,-0.8047189562170501,16,0.2,2.1709505945736582,-2.19722457733622,20,10,20,143.8791664280038,28150,100,5
-0.1787686143840417,4.493176903340495,0.0,25,0.3,2.3219280949683307,0.0,30,4,50,284.1588710253947,-1.0622666931210751,3.32255777292471,-0.8047189562170501,16,0.2,2.1709505945736582,-2.19722457733622,20,10,20,143.85732614030874,28200,100,5
-0.1787686143840417,4.492198094335691,0.0,25,0.3,2.3219280949683307,0.0,30,4,50,284.1100725644618,-1.0620228198231194,3.321974207581811,-0.8047189562170501,16,0.2,2.1709505945736582,-2.19722457733622,20,10,20,143.83543339128232,28250,100,5
-0.1787686143840418,4.491216943241227,0.0,25,0.3,2.3219280949683307,0.0,30,4,50,284.0611547475256,-1.061778350327874,3.3213892744378306,-0.8047189562170501,16,0.2,2.1709505945736582,-2.19722457733622,20,10,20,143.81348792674885,28300,100,5
-0.1787686143840417,4.490233438733801,0.0,25,0.3,2.3219280949683307,0.0,30,4,50,284.0121169892881,-1.0615332817131395,3.320802966964264,-0.8047189562170501,16,0.2,2.1709505945736582,-2.19722457733622,20,10,20,143.79148949067644,28350,100,5
-0.1787686143840418,4.489247569407529,0.0,25,0.3,2.3219280949683307,0.0,30,4,50,283.96295870013523,-1.0612876110351792,3.320215278585448,-0.8047189562170501,16,0.2,2.1709505945736582,-2.19722457733622,20,10,20,143.7694378251588,28400,100,5
-0.0814952185560021,4.390508342198625,0.0,25,0.32,2.2797251340746234,0.0,32,4,50,275.64449808286315,-1.0480386155123604,3.2036649217891484,-1.6094379124341005,15,0.2,2.169024497929436,-2.19722457733622,20,10,20,135.11290939489652,28450,100,5
-0.0171424576103326,4.413806558388235,0.0,26,0.3,2.317724523088459,0.0,30,4,49,179.82484671152116,-1.053694341739556,3.1976879974178924,-1.6094379124341005,16,0.2,2.169024497929436,-2.19722457733622,20,10,21,88.55250100609813,28500,100,5
-0.11444067042592,4.5115015174377255,0.0,26,0.28,2.358484187216429,0.0,28,4,50,283.8197119393367,-1.0664743714830731,3.3133032407376573,-0.8047189562170501,17,0.2,2.1709505945736582,-2.19722457733622,20,10,20,143.6250704156016,28550,100,5
-0.1788183101006801,4.485377874195171,0.0,25,0.3,2.3219280949683307,0.0,30,4,50,283.770077860307,-1.0603485190828126,3.317969351513004,-0.8047189562170501,16,0.2,2.1709505945736582,-2.19722457733622,20,10,20,143.68515143920376,28600,100,5
-0.1788184338917424,4.4843802441544245,0.0,25,0.3,2.3219280949683307,0.0,30,4,50,283.72032029741416,-1.060099916831842,3.31737494173951,-0.8047189562170501,16,0.2,2.1709505945736582,-2.19722457733622,20,10,20,143.66284062201532,28650,100,5
-0.1788185583010682,4.483380180246632,0.0,25,0.3,2.3219280949683307,0.0,30,4,50,283.6704386346969,-1.0598506950082216,3.316779111968227,-0.8047189562170501,16,0.2,2.1709505945736582,-2.19722457733622,20,10,20,143.64047504160837,28700,100,5
-0.1788186833333012,4.4823776704733165,0.0,25,0.3,2.3219280949683307,0.0,30,4,50,283.62043225157345,-1.0596008505159988,3.316181855290421,-0.8047189562170501,16,0.2,2.1709505945736582,-2.19722457733622,20,10,20,143.61805442683237,28750,100,5
-0.178818808993131,4.4813727027467625,0.0,25,0.3,2.3219280949683307,0.0,30,4,50,283.57030052279566,-1.0593503802359585,3.315583164746488,-0.8047189562170501,16,0.2,2.1709505945736582,-2.19722457733622,20,10,20,143.59557850451318,28800,100,5
-0.1788189352852953,4.480365264889128,0.0,25,0.3,2.3219280949683307,0.0,30,4,50,283.52004281840175,-1.0590992810253863,3.3149830333254493,-0.8047189562170501,16,0.2,2.1709505945736582,-2.19722457733622,20,10,20,143.57304699943276,28850,100,5
-0.1595631677190533,4.316000878793643,0.0,25,0.31,2.30662304264149,0.0,31,4,49,177.0686468492594,-1.0384433008244638,3.1971483541206784,-0.8047189562170501,16,0.21,2.188351803719613,0.0,21,10,19,90.27204730233947,28900,100,5
-0.159563282475054,4.31505543496371,0.0,25,0.31,2.30662304264149,0.0,31,4,50,249.204051317428,-1.0382162282862557,3.196584399642008,-0.8047189562170501,16,0.21,2.188351803719613,0.0,21,10,20,131.69163344704464,28950,100,5
-0.178819292308289,4.477531193005064,0.0,25,0.3,2.3219280949683307,0.0,30,4,50,283.37864563460823,-1.058392830280592,3.3132949395602287,-0.8047189562170501,16,0.2,2.1709505945736582,-2.19722457733622,20,10,20,143.50966071668944,29000,100,5
-0.1788194210473771,4.4765142559711215,0.0,25,0.3,2.3219280949683307,0.0,30,4,50,283.32790339307724,-1.058139312051018,3.3126892679448696,-0.8047189562170501,16,0.2,2.1709505945736582,-2.19722457733622,20,10,20,143.48691545047075,29050,100,5
-0.1788195504422141,4.475494789069154,0.0,25,0.3,2.3219280949683307,0.0,30,4,50,283.2770320849835,-1.057885149471255,3.3120821210683298,-0.8047189562170501,16,0.2,2.1709505945736582,-2.19722457733622,20,10,20,143.46411325133874,29100,100,5
-0.1788196804978231,4.474472779580479,0.0,25,0.3,2.3219280949683307,0.0,30,4,50,283.2260310520708,-1.0576303392575457,3.311473491611425,-0.8047189562170501,16,0.2,2.1709505945736582,-2.19722457733622,20,10,20,143.4412538318086,29150,100,5
-0.1788198112192786,4.473448214689933,0.0,25,0.3,2.3219280949683307,0.0,30,4,50,283.17489963103367,-1.057374878100966,3.310863372200008,-0.8047189562170501,16,0.2,2.1709505945736582,-2.19722457733622,20,10,20,143.41833690220727,29200,100,5
-0.178819942611707,4.472421081484907,0.0,25,0.3,2.3219280949683307,0.0,30,4,50,283.1236371534669,-1.0571187626671674,3.310251755404414,-0.8047189562170501,16,0.2,2.1709505945736582,-2.19722457733622,20,10,20,143.3953621706509,29250,100,5
-0.1385227369302389,4.328256484347077,0.0,25,0.29,2.343420602856653,0.0,29,4,49,161.23881062497975,-1.0138329283891503,3.1965358470325924,-0.8047189562170501,16,0.21,2.1747571356606747,0.0,21,10,10,83.07289887020788,29300,100,5
-0.1385228563435196,4.327296907251803,0.0,25,0.29,2.343420602856653,0.0,29,4,50,200.4253108885624,-1.013601297431358,3.195960116750861,-0.8047189562170501,16,0.21,2.1747571356606747,0.0,21,10,10,109.25172158127144,29350,100,5
-0.1788203141243744,4.46953133394608,0.0,25,0.3,2.3219280949683307,0.0,30,4,50,282.9793992422386,-1.056398129997559,3.3085311983570107,-0.8047189562170501,16,0.2,2.1709505945736582,-2.19722457733622,20,10,20,143.3307229037132,29400,100,5
-0.1788204481141932,4.468494321634712,0.0,25,0.3,2.3219280949683307,0.0,30,4,50,282.9276325624865,-1.0561394974449092,3.307913822747253,-0.8047189562170501,16,0.2,2.1709505945736582,-2.19722457733622,20,10,20,143.3075258230887,29450,100,5
-0.1788205828003388,4.467454677640059,0.0,25,0.3,2.3219280949683307,0.0,30,4,50,282.8757315451853,-1.0558801942479228,3.3072949133002587,-0.8047189562170501,16,0.2,2.1709505945736582,-2.19722457733622,20,10,20,143.2842695079741,29500,100,5
-0.1788207181882536,4.466412388464293,0.0,25,0.3,2.3219280949683307,0.0,30,4,50,282.82369549129146,-1.055620216919534,3.3066744622530897,-0.8047189562170501,16,0.2,2.1709505945736582,-2.19722457733622,20,10,20,143.2609536532095,29550,100,5
-0.1788208542834369,4.465367440505129,0.0,25,0.3,2.3219280949683307,0.0,30,4,50,282.77152369629084,-1.0553595619454093,3.3060524617833376,-0.8047189562170501,16,0.2,2.1709505945736582,-2.19722457733622,20,10,20,143.23757795126505,29600,100,5
-0.1788209910914451,4.464319820054741,0.0,25,0.3,2.3219280949683307,0.0,30,4,50,282.7192154501413,-1.0550982257836616,3.305428904008509,-0.8047189562170501,16,0.2,2.1709505945736582,-2.19722457733622,20,10,20,143.2141420922161,29650,100,5
-0.1291250659960315,4.473419903657871,0.0,27,0.3,2.338289336327919,0.0,30,4,49,143.17928720702054,-1.1596711451657555,3.262640062279791,-1.6094379124341005,17,0.2,2.184880048981145,-2.19722457733622,20,10,10,96.61407639204296,29700,100,5
-0.129125204246594,4.472369288092081,0.0,27,0.3,2.338289336327919,0.0,30,4,50,166.62536836258107,-1.1594084358914436,3.262013708511855,-1.6094379124341005,17,0.2,2.184880048981145,-2.19722457733622,20,10,10,108.44824085283228,29750,100,5
-0.1788214058488667,4.461160785071685,0.0,25,0.3,2.3219280949683307,0.0,30,4,50,282.56146482023905,-1.0543100943344317,3.303548807114334,-0.8047189562170501,16,0.2,2.1709505945736582,-2.19722457733622,20,10,20,143.1434704367499,29800,100,5
-0.1788215455649209,4.460102335428586,0.0,25,0.3,2.3219280949683307,0.0,30,4,50,282.5086035564718,-1.0540459974420813,3.3029189400707706,-0.8047189562170501,16,0.2,2.1709505945736582,-2.19722457733622,20,10,20,143.11979080126335,29850,100,5
-0.1788216860224742,4.4590411431330965,0.0,25,0.3,2.3219280949683307,0.0,30,4,50,282.4556022063718,-1.05378120122914,3.3022874753864624,-0.8047189562170501,16,0.2,2.1709505945736582,-2.19722457733622,20,10,20,143.0960494222443,29900,100,5
-0.1788218272274458,4.457977193820595,0.0,25,0.3,2.3219280949683307,0.0,30,4,50,282.40246002548525,-1.0535157019822048,3.301654404805131,-0.8047189562170501,16,0.2,2.1709505945736582,-2.19722457733622,20,10,20,143.07224597486442,29950,100,5
-0.1788219691858173,4.456910473012928,0.0,25,0.3,2.3219280949683307,0.0,30,4,50,282.3491762634084,-1.0532494959582157,3.3010197200059053,-0.8047189562170501,16,0.2,2.1709505945736582,-2.19722457733622,20,10,20,143.04838013171906,30000,100,5
-0.1788221119036344,4.455840966117216,0.0,25,0.3,2.3219280949683307,0.0,30,4,50,282.29575016372337,-1.0529825793841407,3.3003834126026432,-0.8047189562170501,16,0.2,2.1709505945736582,-2.19722457733622,20,10,20,143.02445156279958,30050,100,5
-0.1071485699248442,4.289496739321431,0.0,25,0.31,2.296798998509201,0.0,31,4,50,152.25827939378738,-0.9805079262132164,3.193048336617902,0.0,16,0.21,2.1747571356606747,0.0,21,10,10,95.20424602510126,30100,100,5
-0.1071486996845542,4.288492092508753,0.0,25,0.31,2.296798998509201,0.0,31,4,49,134.54008811419777,-0.9802664769128446,3.19244816345102,0.0,16,0.21,2.1747571356606747,0.0,21,10,10,99.79773574111914,30150,100,5
-0.1788225156060397,4.452831399169648,0.0,25,0.3,2.3219280949683307,0.0,30,4,50,282.145393334594,-1.0522314003588775,3.2985930474200806,-0.8047189562170501,16,0.2,2.1709505945736582,-2.19722457733622,20,10,20,142.95711502707064,30200,100,5
-0.1788226612660426,4.451751169992591,0.0,25,0.3,2.3219280949683307,0.0,30,4,50,282.0914193454897,-1.0519617487462494,3.2979504964683364,-0.8047189562170501,16,0.2,2.1709505945736582,-2.19722457733622,20,10,20,142.93294504378522,30250,100,5
-0.1788228077154294,4.450668083045703,0.0,25,0.3,2.3219280949683307,0.0,30,4,50,282.03729930220254,-1.051691368045505,3.2973062817285994,-0.8047189562170501,16,0.2,2.1709505945736582,-2.19722457733622,20,10,20,142.90871071355446,30300,100,5
-0.1788229549606345,4.449582123046134,0.0,25,0.3,2.3219280949683307,0.0,30,4,50,281.983032412137,-1.0514202543033029,3.2966603944223376,-0.8047189562170501,16,0.2,2.1709505945736582,-2.19722457733622,20,10,20,142.88441169070953,30350,100,5
-0.1788231030081624,4.448493274587695,0.0,25,0.3,2.3219280949683307,0.0,30,4,50,281.92861787622815,-1.051148403534062,3.29601282570089,-0.8047189562170501,16,0.2,2.1709505945736582,-2.19722457733622,20,10,20,142.8600476267817,30400,100,5
-0.1788232518645887,4.447401522139525,0.0,25,0.3,2.3219280949683307,0.0,30,4,50,281.874054888871,-1.0508758117196069,3.2953635666447254,-0.8047189562170501,16,0.2,2.1709505945736582,-2.19722457733622,20,10,20,142.83561817047217,30450,100,5
-0.1528765747597786,4.312207303226399,0.0,25,0.29,2.331631864899095,0.0,29,4,50,196.40578816099435,-1.0225517071494588,3.1884646855867365,-0.8047189562170501,16,0.21,2.188351803719613,0.0,21,10,10,106.740402607356,30500,100,5
-0.1528767101301223,4.311188991334821,0.0,25,0.29,2.331631864899095,0.0,29,4,49,159.25124473326233,-1.0223050973768644,3.187855690588823,-0.8047189562170501,16,0.21,2.188351803719613,0.0,21,10,10,83.83759457340199,30550,100,5
-0.1788236730227871,4.444329032299062,0.0,25,0.3,2.3219280949683307,0.0,30,4,50,281.7204818233329,-1.050108577667597,3.2935365718960834,-0.8047189562170501,16,0.2,2.1709505945736582,-2.19722457733622,20,10,20,142.76686477963003,30600,100,5
-0.1788238250142793,4.443226100809423,0.0,25,0.3,2.3219280949683307,0.0,30,4,50,281.66534725588167,-1.0498331326501171,3.2928808069491646,-0.8047189562170501,16,0.2,2.1709505945736582,-2.19722457733622,20,10,20,142.7421835775947,30650,100,5
-0.1788239778472534,4.442120189003285,0.0,25,0.3,2.3219280949683307,0.0,30,4,50,281.6100602767549,-1.0495569268350895,3.292223307842836,-0.8047189562170501,16,0.2,2.1709505945736582,-2.19722457733622,20,10,20,142.71743525656436,30700,100,5
-0.1788241315287168,4.441011280599448,0.0,25,0.3,2.3219280949683307,0.0,30,4,50,281.55462004097296,-1.049279956008113,3.291564065231136,-0.8047189562170501,16,0.2,2.1709505945736582,-2.19722457733622,20,10,20,142.6926194482053,30750,100,5
-0.1788242860657553,4.439899359182477,0.0,25,0.3,2.3219280949683307,0.0,30,4,50,281.4990256965101,-1.0490022159196706,3.290903069691838,-0.8047189562170501,16,0.2,2.1709505945736582,-2.19722457733622,20,10,20,142.66773578113592,30800,100,5
-0.1788244414655334,4.438784408201222,0.0,25,0.3,2.3219280949683307,0.0,30,4,50,281.4432763842153,-1.0487237022847389,3.29024031172562,-0.8047189562170501,16,0.2,2.1709505945736582,-2.19722457733622,20,10,20,142.64278388089278,30850,100,5
-0.1452229142377751,4.450290079717523,0.0,27,0.29,2.358484187216429,0.0,29,4,50,226.43684736580565,-1.1474014844345626,3.246057482000355,-1.6094379124341005,17,0.2,2.184880048981145,0.0,20,10,10,122.10376018541729,30900,100,5
-0.1452230713848485,4.449172201384414,0.0,27,0.29,2.358484187216429,0.0,29,4,49,170.04799873939717,-1.1471214107075658,3.245390775510368,-1.6094379124341005,17,0.2,2.184880048981145,0.0,20,10,10,87.82528161664057,30950,100,5
-0.1788249129141626,4.435421210292766,0.0,25,0.3,2.3219280949683307,0.0,30,4,50,281.2750899402739,-1.0478834767098024,3.288241367097843,-0.8047189562170501,16,0.2,2.1709505945736582,-2.19722457733622,20,10,20,142.56751498954097,31000,100,5
-0.1788250718381675,4.434293972775469,0.0,25,0.3,2.3219280949683307,0.0,30,4,50,281.21871201982947,-1.0476018253145418,3.287571462858836,-0.8047189562170501,16,0.2,2.1709505945736582,-2.19722457733622,20,10,20,142.54228634912874,31050,100,5
-0.1788252316619617,4.4331636208490295,0.0,25,0.3,2.3219280949683307,0.0,30,4,50,281.16217472609503,-1.0473193784009929,3.286899747509757,-0.8047189562170501,16,0.2,2.1709505945736582,-2.19722457733622,20,10,20,142.51698755578656,31100,100,5
-0.1788253923932085,4.432030137115684,0.0,25,0.3,2.3219280949683307,0.0,30,4,50,281.1054771554566,-1.047036131462563,3.2862262110704945,-0.8047189562170501,16,0.2,2.1709505945736582,-2.19722457733622,20,10,20,142.49161821582533,31150,100,5
-0.1788255540396585,4.430893504030984,0.0,25,0.3,2.3219280949683307,0.0,30,4,50,281.04861839659327,-1.0467520799542565,3.285550843477657,-0.8047189562170501,16,0.2,2.1709505945736582,-2.19722457733622,20,10,20,142.4661779322244,31200,100,5
-0.1788257166091507,4.429753703902127,0.0,25,0.3,2.3219280949683307,0.0,30,4,50,280.9915975303897,-1.0464672192922368,3.284873634583644,-0.8047189562170501,16,0.2,2.1709505945736582,-2.19722457733622,20,10,20,142.4406663045938,31250,100,5
-0.1393405886108256,4.251958906530404,0.0,25,0.32,2.2782800248722115,0.0,32,4,50,267.1844887368481,-0.9966017395622786,3.1792377861744265,-0.8047189562170501,16,0.2,2.169505485371246,0.0,20,10,20,131.15386310039906,31300,100,5
-0.107151978272585,4.263984889505881,0.0,25,0.31,2.296798998509201,0.0,31,4,49,177.8229432150726,-0.996343969954952,3.1786008660914766,-0.8047189562170501,16,0.2,2.169505485371246,0.0,20,10,19,85.31173399939618,31350,100,5
-0.1466374185334712,4.43941334467482,0.0,26,0.29,2.3410477990053784,0.0,29,4,50,284.0499445976176,-1.045665265236334,3.282967566526481,-0.8047189562170501,16,0.2,2.1709505945736582,-2.19722457733622,20,10,20,142.36885074663903,31400,100,5
-0.1788263429322971,4.425393263484635,0.0,25,0.3,2.3219280949683307,0.0,30,4,50,280.7734233761888,-1.0453772872873557,3.282283266628519,-0.8047189562170501,16,0.2,2.1709505945736582,-2.19722457733622,20,10,20,142.3430642995736,31450,100,5
-0.1788265100443836,4.424238010474912,0.0,25,0.3,2.3219280949683307,0.0,30,4,50,280.7156113491793,-1.045088477627382,3.281597075518448,-0.8047189562170501,16,0.2,2.1709505945736582,-2.19722457733622,20,10,20,142.3172045384806,31500,100,5
-0.1788266781267908,4.423079484789748,0.0,25,0.3,2.3219280949683307,0.0,30,4,50,280.65763172559707,-1.0447988314383423,3.280908982541173,-0.8047189562170501,16,0.2,2.1709505945736582,-2.19722457733622,20,10,20,142.29127104265547,31550,100,5
-0.1788268471879947,4.42191766768177,0.0,25,0.3,2.3219280949683307,0.0,30,4,50,280.59948353089123,-1.0445083438601772,3.280218976950682,-0.8047189562170501,16,0.2,2.1709505945736582,-2.19722457733622,20,10,20,142.2652633877526,31600,100,5
-0.1788270172365697,4.4207525402414936,0.0,25,0.3,2.3219280949683307,0.0,30,4,50,280.541165781986,-1.044217009990349,3.2795270479090144,-0.8047189562170501,16,0.2,2.1709505945736582,-2.19722457733622,20,10,20,142.2391811457437,31650,100,5
-0.1788271882811912,4.419584083395445,0.0,25,0.3,2.3219280949683307,0.0,30,4,50,280.4826774871807,-1.043924824883346,3.278833184485196,-0.8047189562170501,16,0.2,2.1709505945736582,-2.19722457733622,20,10,20,142.21302388487456,31700,100,5
-0.1224349112700688,4.276485609745397,0.0,25,0.3,2.323225751968143,0.0,30,4,49,175.7961942736297,-1.016279866131182,3.1730004695602823,-0.8047189562170501,16,0.21,2.188351803719613,0.0,21,10,19,88.65516431924685,31750,100,5
-0.1224350669350516,4.275393145631953,0.0,25,0.3,2.323225751968143,0.0,30,4,50,250.16980988348143,-1.0160154316609809,3.1723495628583405,-0.8047189562170501,16,0.21,2.188351803719613,0.0,21,10,20,130.85654703521175,31800,100,5
-0.1788276725802063,4.416294527378286,0.0,25,0.3,2.3219280949683307,0.0,30,4,50,280.3179944080225,-1.043102135366886,3.2768799817750187,-0.8047189562170501,16,0.2,2.1709505945736582,-2.19722457733622,20,10,20,142.1393807322965,31850,100,5
-0.178827847490738,4.415113241891226,0.0,25,0.3,2.3219280949683307,0.0,30,4,50,280.258848839354,-1.0428066696826193,3.276178666336256,-0.8047189562170501,16,0.2,2.1709505945736582,-2.19722457733622,20,10,20,142.11293439515595,31900,100,5
-0.1788280234404026,4.413928533102057,0.0,25,0.3,2.3219280949683307,0.0,30,4,50,280.199527841326,-1.0425103284084098,3.2754753627177187,-0.8047189562170501,16,0.2,2.1709505945736582,-2.19722457733622,20,10,20,142.08641091348352,31950,100,5
-0.1788282004384882,4.412740380947712,0.0,25,0.3,2.3219280949683307,0.0,30,4,50,280.1400303701703,-1.0422131063393272,3.274770059427355,-0.8047189562170501,16,0.2,2.1709505945736582,-2.19722457733622,20,10,20,142.059809833039,32000,100,5
-0.1788283784943931,4.411548765187612,0.0,25,0.3,2.3219280949683307,0.0,30,4,50,280.0803553727758,-1.0419149982238909,3.2740627448725093,-0.8047189562170501,16,0.2,2.1709505945736582,-2.19722457733622,20,10,20,142.03313069554815,32050,100,5
-0.1788285576176293,4.410353665401569,0.0,25,0.3,2.3219280949683307,0.0,30,4,50,280.02050178657606,-1.041615998763514,3.273353407358728,-0.8047189562170501,16,0.2,2.1709505945736582,-2.19722457733622,20,10,20,142.00637303865506,32100,100,5
-0.2636704033927911,4.338518207648348,0.0,26,0.29,2.34738270676946,0.0,29,4,49,164.00927393999257,-1.118300930490748,3.22932268786204,-1.6094379124341005,17,0.21,2.1906126867123854,0.0,21,10,10,85.49263916395186,32150,100,5
-0.2636403868611739,4.337359588684543,0.0,26,0.29,2.34738270676946,0.0,29,4,50,210.75117654305728,-1.1180001322534718,3.228606869156128,-1.6094379124341005,17,0.21,2.1906126867123854,0.0,21,10,10,119.751928479506,32200,100,5
-0.1787686143840418,4.406870452317278,0.0,25,0.3,2.3219280949683307,0.0,30,4,50,279.84590743567566,-1.040713598608355,3.2712131385670884,-0.8047189562170501,16,0.2,2.1709505945736582,-2.19722457733622,20,10,20,141.92562426574534,32250,100,5
-0.1787686143840418,4.405661574483194,0.0,25,0.3,2.3219280949683307,0.0,30,4,50,279.78534702448303,-1.0404109798202683,3.2704955901948733,-0.8047189562170501,16,0.2,2.1709505945736582,-2.19722457733622,20,10,20,141.89854782432505,32300,100,5
-0.1787686143840417,4.404449109948525,0.0,25,0.3,2.3219280949683307,0.0,30,4,50,279.7246026774596,-1.0401074424676364,3.26977595882198,-0.8047189562170501,16,0.2,2.1709505945736582,-2.19722457733622,20,10,20,141.87139048876378,32350,100,5
-0.1787686143840418,4.403233037189316,0.0,25,0.3,2.3219280949683307,0.0,30,4,50,279.6636732738866,-1.0398029809570657,3.269054232117381,-0.8047189562170501,16,0.2,2.1709505945736582,-2.19722457733622,20,10,20,141.8441517711657,32400,100,5
-0.1787686143840417,4.4020133344866,0.0,25,0.3,2.4464393447504027,0.0,30,4,50,279.6025576827715,-1.0394975896439158,3.268330397639473,-0.8047189562170501,16,0.2,2.1709505945736582,-2.19722457733622,20,10,20,141.81683117919636,32450,100,5
-0.1787686143840418,4.400789979924033,0.0,25,0.3,2.4464393447504027,0.0,30,4,50,279.5412547627212,-1.0391912628316746,3.2676044428347484,-0.8047189562170501,16,0.2,2.1709505945736582,-2.19722457733622,20,10,20,141.78942821602882,32500,100,5
-0.0193401787969885,4.329115322657274,0.0,26,0.3,2.4235491263458755,0.0,30,4,49,147.93368450345037,-1.0339803883148704,3.1489492090011946,-1.6094379124341005,16,0.2,2.169024497929436,-2.19722457733622,20,10,10,85.83023613155277,32550,100,5
-0.0193711050625529,4.327927126761093,0.0,26,0.3,2.4235491263458755,0.0,30,4,50,175.68482136757274,-1.0337030803529088,3.148267141589816,-1.6094379124341005,16,0.2,2.169024497929436,-2.19722457733622,20,10,10,107.96344066531384,32600,100,5
-0.1788305628553447,4.397218859354771,0.0,25,0.3,2.4464393447504027,0.0,30,4,50,279.36240530346123,-1.038328521762512,3.2655603809834144,-0.8047189562170501,16,0.2,2.1709505945736582,-2.19722457733622,20,10,20,141.7122574190189,32650,100,5
-0.1788307553328013,4.395981040697549,0.0,25,0.3,2.4464393447504027,0.0,30,4,50,279.300360688968,-1.0380185871676075,3.2648262524348137,-0.8047189562170501,16,0.2,2.1709505945736582,-2.19722457733622,20,10,20,141.6845368333631,32700,100,5
-0.1788309490100665,4.394739459799387,0.0,25,0.3,2.4464393447504027,0.0,30,4,50,279.2381229980087,-1.037707688987851,3.2640899417015685,-0.8047189562170501,16,0.2,2.1709505945736582,-2.19722457733622,20,10,20,141.65673142744515,32750,100,5
-0.1788311438983943,4.39349409352868,0.0,25,0.3,2.4464393447504027,0.0,30,4,50,279.1756910251587,-1.0373958212129732,3.2633514355538105,-0.8047189562170501,16,0.2,2.1709505945736582,-2.19722457733622,20,10,20,141.6288406772714,32800,100,5
-0.1788313400091791,4.392244918539082,0.0,25,0.3,2.4464393447504027,0.0,30,4,50,279.1130635536699,-1.0370829777762962,3.262610720640161,-0.8047189562170501,16,0.2,2.1709505945736582,-2.19722457733622,20,10,20,141.60086405396515,32850,100,5
-0.1788315373539594,4.390991911266831,0.0,25,0.3,2.4464393447504027,0.0,30,4,50,279.05023935532734,-1.0367691525540246,3.261867783486231,-0.8047189562170501,16,0.2,2.1709505945736582,-2.19722457733622,20,10,20,141.57280102370584,32900,100,5
-0.1595745675840552,4.232337199957675,0.0,25,0.31,2.407402265678257,0.0,31,4,50,145.39218083456956,-1.0182951135869105,3.147359998479092,-0.8047189562170501,16,0.21,2.188351803719613,0.0,21,10,10,90.91793942354596,32950,100,5
-0.1595747473332287,4.231160669563108,0.0,25,0.31,2.407402265678257,0.0,31,4,50,133.56971585728076,-1.018010976841955,3.1466615601750387,-0.8047189562170501,16,0.21,2.188351803719613,0.0,21,10,10,93.73020873576708,33000,100,5
-0.178832096584221,4.387462899856913,0.0,25,0.3,2.4464393447504027,0.0,30,4,50,278.87327441458285,-1.0358851659894643,3.25977562089904,-0.8047189562170501,16,0.2,2.1709505945736582,-2.19722457733622,20,10,20,141.4937602480433,33050,100,5
-0.1788322987260093,4.386195111093585,0.0,25,0.3,2.4464393447504027,0.0,30,4,50,278.8096912463327,-1.0355675531040824,3.259024114130702,-0.8047189562170501,16,0.2,2.1709505945736582,-2.19722457733622,20,10,20,141.4653639138739,33100,100,5
-0.1788325021592451,4.3849233738282445,0.0,25,0.3,2.4464393447504027,0.0,30,4,50,278.74590529155745,-1.0352489282207822,3.258270318683996,-0.8047189562170501,16,0.2,2.1709505945736582,-2.19722457733622,20,10,20,141.4368785396097,33150,100,5
-0.1788327068963448,4.383647663181255,0.0,25,0.3,2.4464393447504027,0.0,30,4,50,278.6819152526141,-1.034929284869941,3.25751422034031,-0.8047189562170501,16,0.2,2.1709505945736582,-2.19722457733622,20,10,20,141.40830356150295,33200,100,5
-0.1788329129498835,4.382367954036244,0.0,25,0.3,2.4464393447504027,0.0,30,4,50,278.617719819364,-1.034608616519697,3.256755804747197,-0.8047189562170501,16,0.2,2.1709505945736582,-2.19722457733622,20,10,20,141.3796384104215,33250,100,5
-0.1788331203325992,4.3810842210371,0.0,25,0.3,2.4464393447504027,0.0,30,4,50,278.55331766901224,-1.0342869165751498,3.255995057416677,-0.8047189562170501,16,0.2,2.1709505945736582,-2.19722457733622,20,10,20,141.3508825117795,33300,100,5
-0.1385346589242264,4.243152240875598,0.0,25,0.29,2.4288007766353044,0.0,29,4,50,192.64154471061727,-0.9932308615870232,3.1455907713182785,-0.8047189562170501,16,0.21,2.1747571356606747,0.0,21,10,10,106.47469018394808,33350,100,5
-0.1385348478733034,4.241952480903327,0.0,25,0.29,2.4288007766353044,0.0,29,4,49,156.6130870484606,-0.9929395512454852,3.144874282268985,-0.8047189562170501,16,0.21,2.1747571356606747,0.0,21,10,10,82.29070613245315,33400,100,5
-0.1788337081858969,4.377468142893417,0.0,25,0.3,2.4464393447504027,0.0,30,4,50,278.3718804944443,-1.0333806117211344,3.253852435024814,-0.8047189562170501,16,0.2,2.1709505945736582,-2.19722457733622,20,10,20,141.26987825919403,33450,100,5
-0.1788339207385951,4.376168883680748,0.0,25,0.3,2.4464393447504027,0.0,30,4,50,278.3066805271082,-1.033054930436601,3.253082692520169,-0.8047189562170501,16,0.2,2.1709505945736582,-2.19722457733622,20,10,20,141.2407721813243,33500,100,5
-0.1788341346839547,4.374865475469008,0.0,25,0.3,2.4464393447504027,0.0,30,4,50,278.2412673118347,-1.0327281849986476,3.2523105467942046,-0.8047189562170501,16,0.2,2.1709505945736582,-2.19722457733622,20,10,20,141.21157251972548,33550,100,5
-0.1788343500357083,4.373557891449465,0.0,25,0.3,2.4464393447504027,0.0,30,4,50,278.17563944911024,-1.0324003684302696,3.2515359825381056,-0.8047189562170501,16,0.2,2.1709505945736582,-2.19722457733622,20,10,20,141.18227866676443,33600,100,5
-0.1788345668077691,4.37224610455178,0.0,25,0.3,2.4464393447504027,0.0,30,4,50,278.109795525599,-1.0320714736856218,3.250758984295283,-0.8047189562170501,16,0.2,2.1709505945736582,-2.19722457733622,20,10,20,141.15289000885545,33650,100,5
-0.1788347850142347,4.370930087440582,0.0,25,0.3,2.4464393447504027,0.0,30,4,50,278.0437341139599,-1.0317414936491067,3.249979536459461,-0.8047189562170501,16,0.2,2.1709505945736582,-2.19722457733622,20,10,20,141.12340592638228,33700,100,5
-0.129138942047528,4.379977417621289,0.0,27,0.3,2.435337864303434,0.0,30,4,50,225.3202276079804,-1.1362453614356465,3.207068602561609,-1.6094379124341005,17,0.2,2.184880048981145,-2.19722457733622,20,10,10,121.13209083246282,33750,100,5
-0.1291391631658477,4.378655995751346,0.0,27,0.3,2.435337864303434,0.0,30,4,49,168.44719997178012,-1.1359131891849714,3.2062847624887265,-1.6094379124341005,17,0.2,2.184880048981145,-2.19722457733622,20,10,10,87.28312036232836,33800,100,5
-0.1788354483838624,4.366956377423296,0.0,25,0.3,2.4464393447504027,0.0,30,4,50,277.84423046286383,-1.0307449695666286,3.247626337044816,-0.8047189562170501,16,0.2,2.1709505945736582,-2.19722457733622,20,10,20,141.03437484327927,33850,100,5
-0.1788356724727137,4.365623160680776,0.0,25,0.3,2.4464393447504027,0.0,30,4,50,277.7772845386331,-1.0304105757790132,3.2468369317116723,-0.8047189562170501,16,0.2,2.1709505945736582,-2.19722457733622,20,10,20,141.00450274296765,33900,100,5
-0.1788358980693287,4.364285572948663,0.0,25,0.3,2.4464393447504027,0.0,30,4,50,277.7101137728825,-1.0300750600424151,3.246044996439571,-0.8047189562170501,16,0.2,2.1709505945736582,-2.19722457733622,20,10,20,140.97453202672577,33950,100,5
-0.178836125188976,4.362943585226314,0.0,25,0.3,2.4464393447504027,0.0,30,4,50,277.64271665023057,-1.0297384148027886,3.24525051468209,-0.8047189562170501,16,0.2,2.1709505945736582,-2.19722457733622,20,10,20,140.9444620370394,34000,100,5
-0.1788363538471313,4.361597168222464,0.0,25,0.3,2.4464393447504027,0.0,30,4,50,277.57509163992364,-1.0294006324295373,3.2444534697288048,-0.8047189562170501,16,0.2,2.1709505945736582,-2.19722457733622,20,10,20,140.9142921097794,34050,100,5
-0.1788365840594806,4.360246292351324,0.0,25,0.3,2.4464393447504027,0.0,30,4,50,277.50723719562774,-1.029061705214478,3.243653844703099,-0.8047189562170501,16,0.2,2.1709505945736582,-2.19722457733622,20,10,20,140.88402157411255,34100,100,5
-0.1071616663313312,4.199935520265554,0.0,25,0.31,2.406715008167667,0.0,31,4,50,260.82086308565306,-0.958920486285616,3.139676790517836,0.0,16,0.21,2.1747571356606747,0.0,21,10,20,130.71975647279606,34150,100,5
-0.1071618762192379,4.198665698404786,0.0,25,0.31,2.406715008167667,0.0,31,4,49,175.6162289450322,-0.9586134749721203,3.138922034889452,0.0,16,0.21,2.1747571356606747,0.0,21,10,19,86.07241611762022,34200,100,5
-0.1788372370585468,4.3564398632017465,0.0,25,0.3,2.4464393447504027,0.0,30,4,50,277.31601080450275,-1.0281065518664112,3.241401022903476,-0.8047189562170501,16,0.2,2.1709505945736582,-2.19722457733622,20,10,20,140.79872304311408,34250,100,5
-0.1788374733237072,4.355071768499262,0.0,25,0.3,2.4464393447504027,0.0,30,4,50,277.2472701273467,-1.0277632025538828,3.240591436690425,-0.8047189562170501,16,0.2,2.1709505945736582,-2.19722457733622,20,10,20,140.76806395655206,34300,100,5
-0.1788377112213983,4.353699068690581,0.0,25,0.3,2.4464393447504027,0.0,30,4,50,277.1782923701139,-1.027418670286398,3.239779187012676,-0.8047189562170501,16,0.2,2.1709505945736582,-2.19722457733622,20,10,20,140.7373009453555,34350,100,5
-0.178837950768599,4.352321732401209,0.0,25,0.3,2.4464393447504027,0.0,30,4,50,277.10907589180295,-1.0270729468843731,3.2389642559847425,-0.8047189562170501,16,0.2,2.1709505945736582,-2.19722457733622,20,10,20,140.70643329797014,34400,100,5
-0.178838191982525,4.350939727933758,0.0,25,0.3,2.4464393447504027,0.0,30,4,50,277.0396190343156,-1.026726024083091,3.238146625539092,-0.8047189562170501,16,0.2,2.1709505945736582,-2.19722457733622,20,10,20,140.67546029548964,34450,100,5
-0.1788384348806321,4.349553023263492,0.0,25,0.3,2.4464393447504027,0.0,30,4,50,276.9699201222178,-1.0263778935315186,3.2373262774236617,-0.8047189562170501,16,0.2,2.1709505945736582,-2.19722457733622,20,10,20,140.6443812115539,34500,100,5
-0.178838679480621,4.348161586033794,0.0,25,0.3,2.4464393447504027,0.0,30,4,50,276.89997746249776,-1.026028546791098,3.236503193199322,-0.8047189562170501,16,0.2,2.1709505945736582,-2.19722457733622,20,10,20,140.61319531224558,34550,100,5
-0.1528905378359822,4.2199054637909725,0.0,25,0.29,2.4170120386777456,0.0,29,4,49,173.93251517676907,-1.000126642057282,3.1334051913535843,-0.8047189562170501,16,0.21,2.188351803719613,0.0,21,10,19,87.70082897755698,34600,100,5
-0.1528907609303589,4.218607073646816,0.0,25,0.29,2.4170120386777456,0.0,29,4,50,249.97013368036403,-0.999810129345517,3.1326327592083465,-0.8047189562170501,16,0.21,2.188351803719613,0.0,21,10,20,129.39687579830294,34650,100,5
-0.1788393735683603,4.344240104980945,0.0,25,0.3,2.4464393447504027,0.0,30,4,50,276.7028266458982,-1.0250438328632885,3.2341838419656512,-0.8047189562170501,16,0.2,2.1709505945736582,-2.19722457733622,20,10,20,140.52530019424216,34700,100,5
-0.1788396248013727,4.342830382941782,0.0,25,0.3,2.4464393447504027,0.0,30,4,50,276.6319419875431,-1.0246897860652344,3.233350188986352,-0.8047189562170501,16,0.2,2.1709505945736582,-2.19722457733622,20,10,20,140.49370156675192,34750,100,5
-0.178839877824773,4.341415768263725,0.0,25,0.3,2.4464393447504027,0.0,30,4,50,276.56080520250737,-1.0243344813155506,3.2325137087037885,-0.8047189562170501,16,0.2,2.1709505945736582,-2.19722457733622,20,10,20,140.46199249250787,34800,100,5
-0.1788401326577684,4.33999622657173,0.0,25,0.3,2.4464393447504027,0.0,30,4,50,276.4894144908212,-1.0239779096431445,3.231674381541639,-0.8047189562170501,16,0.2,2.1709505945736582,-2.19722457733622,20,10,20,140.43017219162329,34850,100,5
-0.1788403893198416,4.33857172312587,0.0,25,0.3,2.4464393447504027,0.0,30,4,50,276.41776803317055,-1.0236200619806135,3.2308321877180965,-0.8047189562170501,16,0.2,2.1709505945736582,-2.19722457733622,20,10,20,140.3982398759001,34900,100,5
-0.178840647830756,4.337142222816154,0.0,25,0.3,2.4464393447504027,0.0,30,4,50,276.34586399061857,-1.0232609291628625,3.229987107242972,-0.8047189562170501,16,0.2,2.1709505945736582,-2.19722457733622,20,10,20,140.3661947487102,34950,100,5
-0.14523922471304,4.348627471882604,0.0,27,0.29,2.451690995039832,0.0,29,4,49,166.15882985533412,-1.121857575577864,3.185588691159618,-1.6094379124341005,17,0.2,2.184880048981145,0.0,20,10,10,86.20384352022513,35000,100,5
-0.1452394869820758,4.347192151507204,0.0,27,0.29,2.451690995039832,0.0,29,4,50,219.63110724797804,-1.1214958445565424,3.184737380343841,-1.6094379124341005,17,0.2,2.184880048981145,0.0,20,10,10,120.08571579141086,35050,100,5
-0.1788414346584994,4.332823383941163,0.0,25,0.3,2.4464393447504027,0.0,30,4,50,276.1285876638609,-1.022175726632167,3.2274343428181544,-0.8047189562170501,16,0.2,2.1709505945736582,-2.19722457733622,20,10,20,140.26937440305662,35100,100,5
-0.1788417007682073,4.331373537487615,0.0,25,0.3,2.4464393447504027,0.0,30,4,50,276.0556344898589,-1.0218113595388685,3.2265775115628053,-0.8047189562170501,16,0.2,2.1709505945736582,-2.19722457733622,20,10,20,140.23686989084376,35150,100,5
-0.1788419688299657,4.329918512880787,0.0,25,0.3,2.4464393447504027,0.0,30,4,50,275.9824142318359,-1.0214456599492658,3.2257176904740965,-0.8047189562170501,16,0.2,2.1709505945736582,-2.19722457733622,20,10,20,140.20424845326758,35200,100,5
-0.1788422388653326,4.328458272675851,0.0,25,0.3,2.4464393447504027,0.0,30,4,50,275.90892492698754,-1.0210786180816127,3.22485485824773,-0.8047189562170501,16,0.2,2.1709505945736582,-2.19722457733622,20,10,20,140.1715092405047,35250,100,5
-0.1788425108961847,4.326992779018845,0.0,25,0.3,2.4464393447504027,0.0,30,4,50,275.8351645907927,-1.020710224046054,3.223988993349239,-0.8047189562170501,16,0.2,2.1709505945736582,-2.19722457733622,20,10,20,140.13865139340874,35300,100,5
-0.1788427849447234,4.325521993640669,0.0,25,0.3,2.4464393447504027,0.0,30,4,50,275.76113121669164,-1.020340467843028,3.2231200740106485,-0.8047189562170501,16,0.2,2.1709505945736582,-2.19722457733622,20,10,20,140.10567404337317,35350,100,5
-0.1071672829833803,4.167402488498743,0.0,25,0.31,2.406715008167667,0.0,31,4,49,150.82642334644407,-0.9730184843044676,3.121319191733955,-0.8047189562170501,16,0.2,2.169505485371246,0.0,20,10,10,82.99703557174152,35400,100,5
-0.1071675331327663,4.166019502991495,0.0,25,0.31,2.406715008167667,0.0,31,4,50,181.80237812913245,-0.9726833495556976,3.1205013673635658,-0.8047189562170501,16,0.2,2.169505485371246,0.0,20,10,10,109.52243443412188,35450,100,5
-0.178843563207808,4.321375311651767,0.0,25,0.3,2.4464393447504027,0.0,30,4,50,275.55236785017576,-1.01929781724582,3.2206706620127394,-0.8047189562170501,16,0.2,2.1709505945736582,-2.19722457733622,20,10,20,140.01269419493704,35500,100,5
-0.178843845131936,4.3198840612143945,0.0,25,0.3,2.4464393447504027,0.0,30,4,50,275.4772782337037,-1.0189227916267314,3.219789933057532,-0.8047189562170501,16,0.2,2.1709505945736582,-2.19722457733622,20,10,20,139.97925464100797,35550,100,5
-0.1788441291850284,4.318387329389441,0.0,25,0.3,2.4464393447504027,0.0,30,4,50,275.4019056305433,-1.0185463542628503,3.2189060418162327,-0.8047189562170501,16,0.2,2.1709505945736582,-2.19722457733622,20,10,20,139.9456912786582,35600,100,5
-0.1788444153912926,4.316885075375991,0.0,25,0.3,2.4464393447504027,0.0,30,4,50,275.3262478996558,-1.0181684944852207,3.218018965097404,-0.8047189562170501,16,0.2,2.1709505945736582,-2.19722457733622,20,10,20,139.91200318157556,35650,100,5
-0.1788447037753035,4.315377257914176,0.0,25,0.3,2.4464393447504027,0.0,30,4,50,275.25030287561174,-1.0177892015034835,3.2171286794516925,-0.8047189562170501,16,0.2,2.1709505945736582,-2.19722457733622,20,10,20,139.8781894129855,35700,100,5
-0.1788449943620124,4.313863835278243,0.0,25,0.3,2.4464393447504027,0.0,30,4,50,275.17406836821897,-1.017408464404029,3.216235161167965,-0.8047189562170501,16,0.2,2.1709505945736582,-2.19722457733622,20,10,20,139.84424902549276,35750,100,5
-0.1224510344774352,4.177934267105912,0.0,25,0.3,2.412447645898907,0.0,30,4,50,139.7382461659388,-0.9923429710920908,3.1144483380117,-0.8047189562170501,16,0.21,2.188351803719613,0.0,21,10,10,90.43442313183836,35800,100,5
-0.1224512998344471,4.17651832996243,0.0,25,0.3,2.412447645898907,0.0,30,4,50,135.32852078185977,-0.9919978111177672,3.1136095964072896,-0.8047189562170501,16,0.21,2.188351803719613,0.0,21,10,10,92.92491164593068,35850,100,5
-0.1788458199402852,4.30959607133251,0.0,25,0.3,2.4464393447504027,0.0,30,4,50,274.95905274116274,-1.016334623369635,3.2137159072129413,-0.8047189562170501,16,0.2,2.1709505945736582,-2.19722457733622,20,10,20,139.74853412991027,35900,100,5
-0.1788461191316346,4.308060960067893,0.0,25,0.3,2.4464393447504027,0.0,30,4,50,274.8816977743978,-1.015948296860487,3.212809883924693,-0.8047189562170501,16,0.2,2.1709505945736582,-2.19722457733622,20,10,20,139.71410375818576,35950,100,5
-0.1788464206509036,4.306520036633789,0.0,25,0.3,2.4464393447504027,0.0,30,4,50,274.8040424544888,-1.015560472072093,3.211900510414961,-0.8047189562170501,16,0.2,2.1709505945736582,-2.19722457733622,20,10,20,139.67954206703348,36000,100,5
-0.1788467245253676,4.304973256458871,0.0,25,0.3,2.4464393447504027,0.0,30,4,50,274.7260844399125,-1.0151711373376655,3.210987761374496,-0.8047189562170501,16,0.2,2.1709505945736582,-2.19722457733622,20,10,20,139.64484804417543,36050,100,5
-0.1788470307827299,4.303420574455208,0.0,25,0.3,2.4464393447504027,0.0,30,4,50,274.6478213616565,-1.0147802808536122,3.210071611204056,-0.8047189562170501,16,0.2,2.1709505945736582,-2.19722457733622,20,10,20,139.61002066555216,36100,100,5
-0.1788473394511302,4.301861945010229,0.0,25,0.3,2.4464393447504027,0.0,30,4,50,274.5692508227879,-1.01438789067739,3.209152034009941,-0.8047189562170501,16,0.2,2.1709505945736582,-2.19722457733622,20,10,20,139.57505889513922,36150,100,5
-0.2609447889796925,4.233631421448093,0.0,26,0.29,2.4405895145928627,0.0,29,4,50,177.60628181125986,-1.0909787826041244,3.164692600198819,-1.6094379124341005,17,0.21,2.1906126867123854,0.0,21,10,10,103.61358758369046,36200,100,5
-0.2609053489758958,4.232118524368088,0.0,26,0.29,2.4405895145928627,0.0,29,4,49,147.7485764652015,-1.0905832886491391,3.163762964089312,-1.6094379124341005,17,0.21,2.1906126867123854,0.0,21,10,10,91.2486092845511,36250,100,5
-0.1787686143840418,4.297311199512851,0.0,25,0.3,2.4464393447504027,0.0,30,4,50,274.3396366277193,-1.0132013964397266,3.206372476835442,-0.8047189562170501,16,0.2,2.1709505945736582,-2.19722457733622,20,10,20,139.4693566894788,36300,100,5
-0.1787686143840418,4.295728943783837,0.0,25,0.3,2.4464393447504027,0.0,30,4,50,274.2598435633529,-1.0128027492128242,3.205438926559241,-0.8047189562170501,16,0.2,2.1709505945736582,-2.19722457733622,20,10,20,139.4338467457221,36350,100,5
-0.1787686143840418,4.294140509375281,0.0,25,0.3,2.4464393447504027,0.0,30,4,50,274.1797308750305,-1.012402506418599,3.204501815211505,-0.8047189562170501,16,0.2,2.1709505945736582,-2.19722457733622,20,10,20,139.398197043886,36400,100,5
-0.1787686143840418,4.292545847408672,0.0,25,0.3,2.4464393447504027,0.0,30,4,50,274.09929599182624,-1.0120006552332683,3.2035611150330108,-0.8047189562170501,16,0.2,2.1709505945736582,-2.19722457733622,20,10,20,139.36240647208754,36450,100,5
-0.1787686143840417,4.290944908420986,0.0,25,0.3,2.4464393447504027,0.0,30,4,50,274.01853631166966,-1.0115971826778256,3.2026167979362725,-0.8047189562170501,16,0.2,2.1709505945736582,-2.19722457733622,20,10,20,139.32647390508612,36500,100,5
-0.1787686143840417,4.289337642355311,0.0,25,0.3,2.4464393447504027,0.0,30,4,50,273.9374492008408,-1.0111920756155235,3.201668835500329,-0.8047189562170501,16,0.2,2.1709505945736582,-2.19722457733622,20,10,20,139.29039820406848,36550,100,5
-0.0221610603440487,4.221168295476673,0.0,26,0.3,2.4235491263458755,0.0,30,4,50,211.33304415054545,-1.0087005846513533,3.08718673477556,-1.6094379124341005,16,0.2,2.169024497929436,-2.19722457733622,20,10,10,108.74084186112668,36600,100,5
-0.0222020860426166,4.219605017442531,0.0,26,0.3,2.4235491263458755,0.0,30,4,49,162.60349450942607,-1.0083331605852073,3.0862953845899663,-1.6094379124341005,16,0.2,2.169024497929436,-2.19722457733622,20,10,10,82.5550272220682,36650,100,5
-0.178850834785562,4.2846368596898605,0.0,25,0.3,2.4464393447504027,0.0,30,4,50,273.700418501625,-1.0100489664543644,3.198994901350121,-0.8047189562170501,16,0.2,2.1709505945736582,-2.19722457733622,20,10,20,139.18861490344793,36700,100,5
-0.178851174192512,4.283004412532109,0.0,25,0.3,2.4464393447504027,0.0,30,4,50,273.61802862034176,-1.009637525599782,3.198032821384837,-0.8047189562170501,16,0.2,2.1709505945736582,-2.19722457733622,20,10,20,139.15198466122348,36750,100,5
-0.1788515164132466,4.28136538397075,0.0,25,0.3,2.4464393447504027,0.0,30,4,50,273.535297928004,-1.0092243849036455,3.197066954846564,-0.8047189562170501,16,0.2,2.1709505945736582,-2.19722457733622,20,10,20,139.1152056226863,36800,100,5
-0.1788518614829021,4.2797197202418085,0.0,25,0.3,2.4464393447504027,0.0,30,4,50,273.45222359330535,-1.0088095302620126,3.1960972712717712,-0.8047189562170501,16,0.2,2.1709505945736582,-2.19722457733622,20,10,20,139.0782765658291,36850,100,5
-0.1788522094372027,4.278067366917275,0.0,25,0.3,2.4464393447504027,0.0,30,4,50,273.36880274951045,-1.0083929473946731,3.1951237398250654,-0.8047189562170501,16,0.2,2.1709505945736582,-2.19722457733622,20,10,20,139.04119625348787,36900,100,5
-0.1788525603124721,4.276408268894103,0.0,25,0.3,2.4464393447504027,0.0,30,4,50,273.2850324938606,-1.0079746218421994,3.194146329293094,-0.8047189562170501,16,0.2,2.1709505945736582,-2.19722457733622,20,10,20,139.00396343308978,36950,100,5
-0.1595936138738584,4.125076113956277,0.0,25,0.31,2.407402265678257,0.0,31,4,50,251.76615017912343,-0.9922948210222142,3.083889643820376,-0.8047189562170501,16,0.21,2.188351803719613,0.0,21,10,20,123.84839557185089,37000,100,5
-0.1595939347474188,4.123516606276642,0.0,25,0.31,2.407402265678257,0.0,31,4,49,172.41410680621848,-0.991915312019026,3.0829699506926125,-0.8047189562170501,16,0.21,2.188351803719613,0.0,21,10,19,86.75324376089745,37050,100,5
-0.1788535586195846,4.271726435073959,0.0,25,0.3,2.4464393447504027,0.0,30,4,50,273.0485917438476,-1.0067939138688742,3.19138867261173,-0.8047189562170501,16,0.2,2.1709505945736582,-2.19722457733622,20,10,20,138.8988893366843,37100,100,5
-0.1788539209367678,4.270041192413176,0.0,25,0.3,2.4464393447504027,0.0,30,4,50,272.9634665964543,-1.006368830991614,3.19039623003685,-0.8047189562170501,16,0.2,2.1709505945736582,-2.19722457733622,20,10,20,138.86106528271324,37150,100,5
-0.1788542863580318,4.268348930800996,0.0,25,0.3,2.4464393447504027,0.0,30,4,50,272.877977583015,-1.0059419334323143,3.18939975309092,-0.8047189562170501,16,0.2,2.1709505945736582,-2.19722457733622,20,10,20,138.82308248556166,37200,100,5
-0.1788546549234385,4.266649590990019,0.0,25,0.3,2.4464393447504027,0.0,30,4,50,272.792121579473,-1.0055132056306475,3.188399208241401,-0.8047189562170501,16,0.2,2.1709505945736582,-2.19722457733622,20,10,20,138.78493959803632,37250,100,5
-0.1788550266737425,4.264943112976596,0.0,25,0.3,2.4464393447504027,0.0,30,4,50,272.70589542136406,-1.0050826318252857,3.187394561532789,-0.8047189562170501,16,0.2,2.1709505945736582,-2.19722457733622,20,10,20,138.74663525567473,37300,100,5
-0.1788554016504061,4.263229435987865,0.0,25,0.3,2.4464393447504027,0.0,30,4,50,272.61929590311684,-1.0046501960504215,3.186385778579432,-0.8047189562170501,16,0.2,2.1709505945736582,-2.19722457733622,20,10,20,138.70816807644755,37350,100,5
-0.1788557798956142,4.261508498468526,0.0,25,0.3,2.4464393447504027,0.0,30,4,50,272.532319777338,-1.0042158821322202,3.1853728245582094,-0.8047189562170501,16,0.2,2.1709505945736582,-2.19722457733622,20,10,20,138.6695366604558,37400,100,5
-0.1385551923873125,4.131761618784049,0.0,25,0.29,2.4288007766353044,0.0,29,4,49,171.29217661221324,-0.9660750792741218,3.0792812682948174,-0.8047189562170501,16,0.21,2.2375122460364283,0.0,21,10,19,87.83112562004483,37450,100,5
-0.1385555385029361,4.130151779144457,0.0,25,0.29,2.4288007766353044,0.0,29,4,50,247.44486844648685,-0.9656809448133882,3.0783261803488617,-0.8047189562170501,16,0.21,2.2375122460364283,0.0,21,10,20,127.8353874219594,37500,100,5
-0.1788568567391195,4.256650713547157,0.0,25,0.3,2.4464393447504027,0.0,30,4,50,272.28675490274213,-1.0029896711380886,3.182514061277455,-0.8047189562170501,16,0.2,2.1709505945736582,-2.19722457733622,20,10,20,138.56048281435912,37550,100,5
-0.1788572478027486,4.254901610420902,0.0,25,0.3,2.4464393447504027,0.0,30,4,50,272.198317292531,-1.002548068991687,3.1814849316709344,-0.8047189562170501,16,0.2,2.1709505945736582,-2.19722457733622,20,10,20,138.52121420709997,37600,100,5
-0.1788576423479833,4.253144939971479,0.0,25,0.3,2.4464393447504027,0.0,30,4,50,272.1094868815911,-1.002104508054809,3.18045145751493,-0.8047189562170501,16,0.2,2.1709505945736582,-2.19722457733622,20,10,20,138.48177438483063,37650,100,5
-0.1788580404215263,4.25138063582931,0.0,25,0.3,2.4464393447504027,0.0,30,4,50,272.0202601650319,-1.0016589708728896,3.1794136012961887,-0.8047189562170501,16,0.2,2.1709505945736582,-2.19722457733622,20,10,20,138.44216183767787,37700,100,5
-0.1788584420709197,4.249608630744402,0.0,25,0.3,2.4464393447504027,0.0,30,4,50,271.9306335908419,-1.001211439757015,3.178371325009776,-0.8047189562170501,16,0.2,2.1709505945736582,-2.19722457733622,20,10,20,138.4023750356527,37750,100,5
-0.1788588473445633,4.247828856570661,0.0,25,0.3,2.4464393447504027,0.0,30,4,50,271.84060355904023,-1.0007618967797085,3.177324590150413,-0.8047189562170501,16,0.2,2.1709505945736582,-2.19722457733622,20,10,20,138.36241242829064,37800,100,5
-0.1291631936698725,4.256710105652335,0.0,27,0.3,2.435337864303434,0.0,30,4,49,162.90046080437895,-1.105145264071811,3.134204368418584,-1.6094379124341005,17,0.2,2.247119801538031,-2.19722457733622,20,10,10,85.41459417315907,37850,100,5
-0.1291636063407462,4.254919092140632,0.0,27,0.3,2.435337864303434,0.0,30,4,50,214.38478110712188,-1.1046916426133069,3.133149601108385,-1.6094379124341005,17,0.2,2.247119801538031,-2.19722457733622,20,10,10,118.3695863995444,37900,100,5
-0.1788600854082765,4.242442224275036,0.0,25,0.3,2.4464393447504027,0.0,30,4,50,271.568055980256,-0.9994010137347772,3.1741572413892123,-0.8047189562170501,16,0.2,2.1709505945736582,-2.19722457733622,20,10,20,138.2414539546307,37950,100,5
-0.1788605056807718,4.240630673794595,0.0,25,0.3,2.4464393447504027,0.0,30,4,50,271.4763751280251,-0.998943239112792,3.173092276864075,-0.8047189562170501,16,0.2,2.1709505945736582,-2.19722457733622,20,10,20,138.20077219872866,38000,100,5
-0.1788609298330863,4.23881099947968,0.0,25,0.3,2.4464393447504027,0.0,30,4,50,271.38427206766767,-0.9984833592592264,3.1720226534172937,-0.8047189562170501,16,0.2,2.1709505945736582,-2.19722457733622,20,10,20,138.15990656487722,38050,100,5
-0.1788613579191952,4.236983127458101,0.0,25,0.3,2.4464393447504027,0.0,30,4,50,271.29174289245645,-0.9980213547212088,3.17094832934836,-0.8047189562170501,16,0.2,2.1709505945736582,-2.19722457733622,20,10,20,138.11885537174277,38100,100,5
-0.1788617899940799,4.235146982841453,0.0,25,0.3,2.4464393447504027,0.0,30,4,50,271.1987836411878,-0.99755720577499,3.169869262390061,-0.8047189562170501,16,0.2,2.1709505945736582,-2.19722457733622,20,10,20,138.07761691476114,38150,100,5
-0.1788622261137509,4.233302489706357,0.0,25,0.3,2.4464393447504027,0.0,30,4,50,271.1053902971638,-0.9970908924208884,3.168785409698123,-0.8047189562170501,16,0.2,2.1709505945736582,-2.19722457733622,20,10,20,138.03618946570697,38200,100,5
-0.1071849128389923,4.0809954133369954,0.0,25,0.31,2.406715008167667,0.0,31,4,49,148.1703516639271,-0.9300428078911204,3.069230746962892,0.0,16,0.21,2.2380098257211154,0.0,21,10,10,82.20800562831711,38250,100,5
-0.1071853124038884,4.079259112815172,0.0,25,0.31,2.406715008167667,0.0,31,4,50,178.51414417585414,-0.9296193748294332,3.068206208935791,0.0,16,0.21,2.2380098257211154,0.0,21,10,10,109.87381240426562,38300,100,5
-0.1788634692569715,4.228092835451462,0.0,25,0.3,2.4464393447504027,0.0,30,4,50,270.8415446677724,-0.9957735266491252,3.1657247900657763,-0.8047189562170501,16,0.2,2.1709505945736582,-2.19722457733622,20,10,20,137.9191721603914,38350,100,5
-0.1788639212765356,4.226215906693165,0.0,25,0.3,2.4464393447504027,0.0,30,4,50,270.7464641288916,-0.9952988011257105,3.164622350349603,-0.8047189562170501,16,0.2,2.1709505945736582,-2.19722457733622,20,10,20,137.8770103494707,38400,100,5
-0.1788643776248513,4.22433024995779,0.0,25,0.3,2.4464393447504027,0.0,30,4,50,270.65092941102165,-0.9948218111881236,3.163514910872679,-0.8047189562170501,16,0.2,2.1709505945736582,-2.19722457733622,20,10,20,137.83465090741564,38450,100,5
-0.1788648383643994,4.222435782925885,0.0,25,0.3,2.4464393447504027,0.0,30,4,50,270.5549361542662,-0.9943425351303662,3.162402425226814,-0.8047189562170501,16,0.2,2.1709505945736582,-2.19722457733622,20,10,20,137.79209195974258,38500,100,5
-0.1788653035588691,4.22053242210319,0.0,25,0.3,2.4464393447504027,0.0,30,4,50,270.4584799356461,-0.993860950932832,3.161284846349628,-0.8047189562170501,16,0.2,2.1709505945736582,-2.19722457733622,20,10,20,137.7493316050975,38550,100,5
-0.1788657732731872,4.218620082798129,0.0,25,0.3,2.4464393447504027,0.0,30,4,50,270.3615562678765,-0.9933770362562367,3.16016212651214,-0.8047189562170501,16,0.2,2.1709505945736582,-2.19722457733622,20,10,20,137.7063679147391,38600,100,5
-0.1529151067132463,4.099455122568315,0.0,25,0.29,2.4170120386777456,0.0,29,4,50,134.28395566125755,-0.9706304471169288,3.062005397535693,-0.8047189562170501,16,0.21,2.251106914095367,0.0,21,10,10,88.8302337227356,38650,100,5
-0.152915537348211,4.097668724454438,0.0,25,0.29,2.4170120386777456,0.0,29,4,50,135.94097950137143,-0.9701908830075308,3.060950508036579,-0.8047189562170501,16,0.21,2.251106914095367,0.0,21,10,10,91.31031603192044,38700,100,5
-0.1788671130873151,4.213217031155422,0.0,25,0.3,2.4464393447504027,0.0,30,4,50,270.0876441580112,-0.992009482810454,3.156990746347086,-0.8047189562170501,16,0.2,2.1709505945736582,-2.19722457733622,20,10,20,137.58497107132197,38750,100,5
-0.1788676005919319,4.211269779418495,0.0,25,0.3,2.4464393447504027,0.0,30,4,50,269.9889020875329,-0.9915165027536484,3.1558480434327283,-0.8047189562170501,16,0.2,2.1709505945736582,-2.19722457733622,20,10,20,137.54121661615775,38800,100,5
-0.1788680929462541,4.209313125268467,0.0,25,0.3,2.4464393447504027,0.0,30,4,50,269.889670093346,-0.9910210803384836,3.154699960769777,-0.8047189562170501,16,0.2,2.1709505945736582,-2.19722457733622,20,10,20,137.4972491689989,38850,100,5
-0.1788685902230112,4.207346976596526,0.0,25,0.3,2.4464393447504027,0.0,30,4,50,269.7899432894957,-0.990523191243993,3.153546446502555,-0.8047189562170501,16,0.2,2.1709505945736582,-2.19722457733622,20,10,20,137.45306663140252,38900,100,5
-0.1788690924963949,4.205371239928217,0.0,25,0.3,2.4464393447504027,0.0,30,4,50,269.6897167165697,-0.9900228107841064,3.152387448016098,-0.8047189562170501,16,0.2,2.1709505945736582,-2.19722457733622,20,10,20,137.4086668736729,38950,100,5
-0.1788695998420949,4.2033858203962495,0.0,25,0.3,2.4464393447504027,0.0,30,4,50,269.588985340218,-0.989519913900306,3.1512229119211863,-0.8047189562170501,16,0.2,2.1709505945736582,-2.19722457733622,20,10,20,137.36404773423712,39000,100,5
-0.1452684288398167,4.21472239104237,0.0,27,0.29,2.451690995039832,0.0,29,4,50,163.04202451154293,-1.0879715488062678,3.106473067613213,-1.6094379124341005,17,0.2,2.247119801538031,0.0,20,10,10,102.91317894870792,39050,100,5
-0.1452689465634043,4.212723664953782,0.0,27,0.29,2.451690995039832,0.0,29,4,49,139.00817509677984,-1.0874635423714518,3.105296980881381,-1.6094379124341005,17,0.2,2.247119801538031,0.0,20,10,10,91.73597723008194,39100,100,5
-0.1788711530932759,4.197370494462555,0.0,25,0.3,2.4464393447504027,0.0,30,4,50,269.2837108909066,-0.987995868374044,3.147695532155012,-0.8047189562170501,16,0.2,2.1709505945736582,-2.19722457733622,20,10,20,137.22885191824057,39150,100,5
-0.1788716815164659,4.195345365955718,0.0,25,0.3,2.4464393447504027,0.0,30,4,50,269.18090840467016,-0.987482647492832,3.146508295704199,-0.8047189562170501,16,0.2,2.1709505945736582,-2.19722457733622,20,10,20,137.18333297594646,39200,100,5
-0.1788722154142718,4.193310058355522,0.0,25,0.3,2.4464393447504027,0.0,30,4,50,269.0775747647072,-0.9869667790380174,3.1453152425347,-0.8047189562170501,16,0.2,2.1709505945736582,-2.19722457733622,20,10,20,137.13758334293092,39250,100,5
-0.1788727548722151,4.191264467826934,0.0,25,0.3,2.4464393447504027,0.0,30,4,50,268.9737044537823,-0.9864482355513534,3.14411631427595,-0.8047189562170501,16,0.2,2.1709505945736582,-2.19722457733622,20,10,20,137.09160065232496,39300,100,5
-0.1788732999776083,4.189208488931437,0.0,25,0.3,2.4464393447504027,0.0,30,4,50,268.86929186824693,-0.9859269891452038,3.1429114516673446,-0.8047189562170501,16,0.2,2.1709505945736582,-2.19722457733622,20,10,20,137.045382500542,39350,100,5
-0.1788738508196014,4.1871420145937766,0.0,25,0.3,2.4464393447504027,0.0,30,4,50,268.76433131622514,-0.9854030114935428,3.141700594539962,-0.8047189562170501,16,0.2,2.1709505945736582,-2.19722457733622,20,10,20,136.99892644651317,39400,100,5
-0.1071954692763702,4.0377372854182925,0.0,25,0.31,2.406715008167667,0.0,31,4,50,199.20500942572457,-0.9414488268711524,3.044953263996667,-0.8047189562170501,16,0.2,2.2327581754316865,0.0,20,10,10,103.64085217868151,39450,100,5
-0.1071959750682138,4.035790645925652,0.0,25,0.31,2.406715008167667,0.0,31,4,49,156.91488536506426,-0.9409725057157132,3.043811740529764,-0.8047189562170501,16,0.2,2.2327581754316865,0.0,20,10,10,82.68227267471491,39500,100,5
-0.1788754244782452,4.181299118492566,0.0,25,0.3,2.4464393447504027,0.0,30,4,50,268.4674770191676,-0.983921097164569,3.13827778005768,-0.8047189562170501,16,0.2,2.1709505945736582,-2.19722457733622,20,10,20,136.86756260100967,39550,100,5
-0.1788759979662531,4.17919175505093,0.0,25,0.3,2.4464393447504027,0.0,30,4,50,268.36038067231675,-0.9833864744358988,3.1370435784329214,-0.8047189562170501,16,0.2,2.1709505945736582,-2.19722457733622,20,10,20,136.82017957114135,39600,100,5
-0.178876577645944,4.177073358318096,0.0,25,0.3,2.4464393447504027,0.0,30,4,50,268.25270774959534,-0.9828489780954957,3.1358030802285937,-0.8047189562170501,16,0.2,2.1709505945736582,-2.19722457733622,20,10,20,136.77254637475542,39650,100,5
-0.1788771636181361,4.174943811023447,0.0,25,0.3,2.4464393447504027,0.0,30,4,50,268.14445200908506,-0.982308577084562,3.1345562196221084,-0.8047189562170501,16,0.2,2.1709505945736582,-2.19722457733622,20,10,20,136.72466033724044,39700,100,5
-0.1788777559858485,4.17280299400892,0.0,25,0.3,2.4464393447504027,0.0,30,4,50,268.03560710695365,-0.98176523983802,3.133302929745002,-0.8047189562170501,16,0.2,2.1709505945736582,-2.19722457733622,20,10,20,136.67651874073798,39750,100,5
-0.1788783548543616,4.170650786188187,0.0,25,0.3,2.4464393447504027,0.0,30,4,50,267.9261665952239,-0.9812189342734476,3.1320431426605624,-0.8047189562170501,16,0.2,2.1709505945736582,-2.19722457733622,20,10,20,136.62811882320398,39800,100,5
-0.1224813118703706,4.044447555800241,0.0,25,0.3,2.412447645898907,0.0,30,4,50,243.208620973142,-0.9596371392227026,3.035706232559577,-0.8047189562170501,16,0.21,2.251106914095367,0.0,21,10,20,121.88637131578054,39850,100,5
-0.1224818622337827,4.042430700468838,0.0,25,0.3,2.412447645898907,0.0,30,4,49,168.5014666972123,-0.9591403080886142,3.03452179676813,-0.8047189562170501,16,0.21,2.251106914095367,0.0,21,10,19,84.48601391296417,39900,100,5
-0.178880067195568,4.1645629500052594,0.0,25,0.3,2.4464393447504027,0.0,30,4,50,267.6165083099442,-0.9796732075774728,3.128480581830173,-0.8047189562170501,16,0.2,2.1709505945736582,-2.19722457733622,20,10,20,136.49120071401782,39950,100,5
-0.1788806917690528,4.162366317538179,0.0,25,0.3,2.4464393447504027,0.0,30,4,50,267.5047437701276,-0.979115320344815,3.1271954662402943,-0.8047189562170501,16,0.2,2.1709505945736582,-2.19722457733622,20,10,20,136.44179317827644,40000,100,5
-0.1788813233821906,4.160157684851038,0.0,25,0.3,2.4464393447504027,0.0,30,4,50,267.39235114646795,-0.9785543032288032,3.125903511732731,-0.8047189562170501,16,0.2,2.1709505945736582,-2.19722457733622,20,10,20,136.3921134173829,40050,100,5
-0.1788819621546745,4.1579369188093205,0.0,25,0.3,2.4464393447504027,0.0,30,4,50,267.2793233396809,-0.9779901209120196,3.1246046437014665,-0.8047189562170501,16,0.2,2.1709505945736582,-2.19722457733622,20,10,20,136.34215839313148,40100,100,5
-0.1788826082089267,4.155703884041244,0.0,25,0.3,2.4464393447504027,0.0,30,4,50,267.1656531294308,-0.977422737475866,3.123298786303012,-0.8047189562170501,16,0.2,2.1709505945736582,-2.19722457733622,20,10,20,136.29192501602083,40150,100,5
-0.1788832616701763,4.153458442887217,0.0,25,0.3,2.4464393447504027,0.0,30,4,50,267.0513331715624,-0.9768521163868432,3.1219858624287573,-0.8047189562170501,16,0.2,2.1709505945736582,-2.19722457733622,20,10,20,136.24141014409022,40200,100,5
-0.1876875098930219,4.143863279656133,0.0,26,0.3,2.4464393447504027,0.0,30,4,50,266.05599727260574,-1.022817823984009,3.094952276490489,-1.6094379124341005,16,0.2,2.170469607131848,-2.19722457733622,20,10,20,134.19589822521672,40250,100,5
-0.2571283717334525,4.087897302371041,0.0,26,0.29,2.4405895145928627,0.0,29,4,49,168.46541677756144,-1.0526858398353864,3.075502324014785,-1.6094379124341005,17,0.21,2.2528524392692706,0.0,21,10,21,83.89454983382672,40300,100,5
-0.2482669641666426,4.093290518087138,0.0,25,0.29,2.4405895145928627,0.0,29,4,50,253.3284781658332,-1.0055656767219616,3.1004888385060214,-0.8047189562170501,17,0.21,2.2538653767728265,0.0,21,10,20,131.40393228875678,40350,100,5
-0.1787686143840417,4.144585134696941,0.0,25,0.3,2.4464393447504027,0.0,30,4,50,266.5991382661975,-0.9745365025084682,3.116661914107852,-0.8047189562170501,16,0.2,2.1709505945736582,-2.19722457733622,20,10,20,136.03647096491872,40400,100,5
-0.1787686143840417,4.142276866204745,0.0,25,0.3,2.4464393447504027,0.0,30,4,50,266.48152411809684,-0.973949122619681,3.115312454910684,-0.8047189562170501,16,0.2,2.1709505945736582,-2.19722457733622,20,10,20,135.9844995677078,40450,100,5
-0.1787686143840417,4.13995533010045,0.0,25,0.3,2.4464393447504027,0.0,30,4,50,266.3632142140633,-0.9733582721442428,3.1139554383688184,-0.8047189562170501,16,0.2,2.1709505945736582,-2.19722457733622,20,10,20,135.93222665280408,40500,100,5
-0.1787686143840417,4.137620371446852,0.0,25,0.3,2.4464393447504027,0.0,30,4,50,266.244200273391,-0.9727639098252406,3.1125907776748214,-0.8047189562170501,16,0.2,2.1709505945736582,-2.19722457733622,20,10,20,135.87964867552637,40550,100,5
-0.1787686143840417,4.135271832565165,0.0,25,0.3,2.4464393447504027,0.0,30,4,50,266.12447386665485,-0.972165993665684,3.111218384504564,-0.8047189562170501,16,0.2,2.1709505945736582,-2.19722457733622,20,10,20,135.8267620281319,40600,100,5
-0.1787686143840417,4.13290955296979,0.0,25,0.3,2.4464393447504027,0.0,30,4,50,266.0040264121275,-0.9715644809106974,3.10983816898152,-0.8047189562170501,16,0.2,2.1709505945736582,-2.19722457733622,20,10,20,135.77356303830933,40650,100,5
-0.0261656832438058,4.069548292463626,0.0,26,0.3,2.4235491263458755,0.0,30,4,49,162.50002226177787,-0.9728751860700152,3.001170830471994,-1.6094379124341005,16,0.2,2.231779608305189,-2.19722457733622,20,10,21,82.23483163723013,40700,100,5
-0.0262269767240841,4.0672437271136745,0.0,26,0.3,2.4235491263458755,0.0,30,4,50,219.96703622627373,-0.9723275671699336,2.99987044122518,-1.6094379124341005,16,0.2,2.231779608305189,-2.19722457733622,20,10,20,122.44305846813997,40750,100,5
-0.1788915793517994,4.125974322027602,0.0,25,0.3,2.4464393447504027,0.0,30,4,50,265.6505660784568,-0.9698607377146348,3.105931165788126,-0.8047189562170501,16,0.2,2.1709505945736582,-2.19722457733622,20,10,20,135.62291212314142,40800,100,5
-0.1788923400576167,4.123556828335258,0.0,25,0.3,2.4464393447504027,0.0,30,4,50,265.52722150843977,-0.9692451540501044,3.104520377157967,-0.8047189562170501,16,0.2,2.1709505945736582,-2.19722457733622,20,10,20,135.56849155480043,40850,100,5
-0.1788931102341482,4.121124764189563,0.0,25,0.3,2.4464393447504027,0.0,30,4,50,265.40311151131004,-0.968625757421014,3.1031013119646453,-0.8047189562170501,16,0.2,2.1709505945736582,-2.19722457733622,20,10,20,135.51374006771454,40900,100,5
-0.1788938900593684,4.118677951097938,0.0,25,0.3,2.4464393447504027,0.0,30,4,50,265.27822652772,-0.9680025002967046,3.101673870566815,-0.8047189562170501,16,0.2,2.1709505945736582,-2.19722457733622,20,10,20,135.45865358292113,40950,100,5
-0.178894679715739,4.116216207253407,0.0,25,0.3,2.4464393447504027,0.0,30,4,50,265.15255681811453,-0.967375334252186,3.100237951497759,-0.8047189562170501,16,0.2,2.1709505945736582,-2.19722457733622,20,10,20,135.40322794534805,41000,100,5
-0.1788954793903518,4.113739347451825,0.0,25,0.3,2.4464393447504027,0.0,30,4,50,265.0260924581736,-0.966744209945558,3.0987934514203155,-0.8047189562170501,16,0.2,2.1709505945736582,-2.19722457733622,20,10,20,135.34745892190472,41050,100,5
-0.1596326099371913,3.9727647049489465,0.0,25,0.31,2.407402265678257,0.0,31,4,49,147.32171394524545,-0.9550134170303458,2.99451656636856,-0.8047189562170501,16,0.21,2.251106914095367,0.0,21,10,19,77.79222449130125,41100,100,5
-0.1596333472492039,3.9704304827434207,0.0,25,0.31,2.407402265678257,0.0,31,4,50,179.45027651296832,-0.9544385126206336,2.9931542406256497,-0.8047189562170501,16,0.21,2.251106914095367,0.0,21,10,10,102.83148911954216,41150,100,5
-0.1788977734284947,4.106722103282155,0.0,25,0.3,2.4464393447504027,0.0,30,4,50,264.6676778745849,-0.9649555722226388,3.0947022967596163,-0.8047189562170501,16,0.2,2.1709505945736582,-2.19722457733622,20,10,20,135.18944181507388,41200,100,5
-0.1788986129648655,4.104186051277959,0.0,25,0.3,2.4464393447504027,0.0,30,4,50,264.5380999322524,-0.9643089396439706,3.0932242120178186,-0.8047189562170501,16,0.2,2.1709505945736582,-2.19722457733622,20,10,20,135.13232788384855,41250,100,5
-0.1788994634868047,4.101633944271485,0.0,25,0.3,2.4464393447504027,0.0,30,4,50,264.40767697790307,-0.9636580984408364,3.091737022701585,-0.8047189562170501,16,0.2,2.1709505945736582,-2.19722457733622,20,10,20,135.0748490978718,41300,100,5
-0.1789003252113595,4.099065575582798,0.0,25,0.3,2.4464393447504027,0.0,30,4,50,264.27639791789795,-0.9630029934694826,3.090240613660964,-0.8047189562170501,16,0.2,2.1709505945736582,-2.19722457733622,20,10,20,135.01700073067605,41350,100,5
-0.1789011983613327,4.096480734497473,0.0,25,0.3,2.4464393447504027,0.0,30,4,50,264.1442514386882,-0.9623435684952028,3.0887348675289545,-0.8047189562170501,16,0.2,2.1709505945736582,-2.19722457733622,20,10,20,134.9587779630749,41400,100,5
-0.1789020831654746,4.093879206160635,0.0,25,0.3,2.4464393447504027,0.0,30,4,50,264.0112260009638,-0.9616797661633676,3.0872196646639503,-0.8047189562170501,16,0.2,2.1709505945736582,-2.19722457733622,20,10,20,134.90017588071814,41450,100,5
-0.1385972819888628,3.975611152014325,0.0,25,0.29,2.4288007766353044,0.0,29,4,50,129.66758085099093,-0.927604808356746,2.987097584079044,-0.8047189562170501,16,0.21,2.2375122460364283,0.0,21,10,10,87.54932036144689,41500,100,5
-0.1385980988213298,3.9731716328765794,0.0,25,0.29,2.4288007766353044,0.0,29,4,50,134.15565630680737,-0.9269997567689932,2.985665040252924,-0.8047189562170501,16,0.21,2.2375122460364283,0.0,21,10,10,88.33599007591003,41550,100,5
-0.1789046246411803,4.086504268835553,0.0,25,0.3,2.4464393447504027,0.0,30,4,50,263.6339776044643,-0.9597973295592958,3.082925739351252,-0.8047189562170501,16,0.2,2.1709505945736582,-2.19722457733622,20,10,20,134.73402904728425,41600,100,5
-0.1789055559283676,4.083837293118658,0.0,25,0.3,2.4464393447504027,0.0,30,4,50,263.49750272053984,-0.9591163495336056,3.081373467848474,-0.8047189562170501,16,0.2,2.1709505945736582,-2.19722457733622,20,10,20,134.67393899488886,41650,100,5
-0.1789065000570738,4.081152537645814,0.0,25,0.3,2.4464393447504027,0.0,30,4,50,263.3600901497724,-0.958430700283362,3.0798111317347963,-0.8047189562170501,16,0.2,2.1709505945736582,-2.19722457733622,20,10,20,134.6134446318711,41700,100,5
-0.1789074572947546,4.078449761269102,0.0,25,0.3,2.4464393447504027,0.0,30,4,50,263.22172691750325,-0.9577403173349908,3.07823859693938,-0.8047189562170501,16,0.2,2.1709505945736582,-2.19722457733622,20,10,20,134.55254043933812,41750,100,5
-0.1789084279163451,4.075728717878944,0.0,25,0.3,2.4464393447504027,0.0,30,4,50,263.082399777899,-0.9570451348702108,3.076655726671311,-0.8047189562170501,16,0.2,2.1709505945736582,-2.19722457733622,20,10,20,134.49122078427462,41800,100,5
-0.1789094122045228,4.072989156266692,0.0,25,0.3,2.4464393447504027,0.0,30,4,50,262.9420952063414,-0.9563450856883768,3.075062381345145,-0.8047189562170501,16,0.2,2.1709505945736582,-2.19722457733622,20,10,20,134.42947991636913,41850,100,5
-0.1292143478281206,4.081359906691274,0.0,27,0.3,2.435337864303434,0.0,30,4,50,160.65222225390175,-1.0604750414686883,3.031507418870768,-1.6094379124341005,17,0.2,2.247119801538031,-2.19722457733622,20,10,10,100.92435375497112,41900,100,5
-0.1292153603298602,4.078590124747319,0.0,27,0.3,2.435337864303434,0.0,30,4,49,136.48294306058355,-1.0597650515250483,3.029894901894334,-1.6094379124341005,17,0.2,2.247119801538031,-2.19722457733622,20,10,10,89.90135341486524,41950,100,5
-0.1789124500173412,4.064656770503332,0.0,25,0.3,2.4464393447504027,0.0,30,4,50,262.5151773045629,-0.954215044270214,3.0702180556095544,-0.8047189562170501,16,0.2,2.1709505945736582,-2.19722457733622,20,10,20,134.24167070324089,42000,100,5
-0.1789134919633536,4.061840516851092,0.0,25,0.3,2.4464393447504027,0.0,30,4,50,262.37082190158026,-0.9534948271724812,3.0685813555534085,-0.8047189562170501,16,0.2,2.1709505945736582,-2.19722457733622,20,10,20,134.17818501748434,42050,100,5
-0.1789145491155109,4.059004407290636,0.0,25,0.3,2.4464393447504027,0.0,30,4,50,262.22541697595113,-0.9527693852048272,3.066933437802257,-0.8047189562170501,16,0.2,2.1709505945736582,-2.19722457733622,20,10,20,134.11424748874782,42100,100,5
-0.1789156218091435,4.056148156849816,0.0,25,0.3,2.4464393447504027,0.0,30,4,50,262.07894715464545,-0.9520386420031548,3.0652741442882583,-0.8047189562170501,16,0.2,2.1709505945736582,-2.19722457733622,20,10,20,134.0498515897223,42150,100,5
-0.1789167103895146,4.053271474349094,0.0,25,0.3,2.4464393447504027,0.0,30,4,50,261.9313967243654,-0.9513025195168536,3.0636033135494776,-0.8047189562170501,16,0.2,2.1709505945736582,-2.19722457733622,20,10,20,133.98499065019084,42200,100,5
-0.178917815212191,4.050374062219467,0.0,25,0.3,2.4464393447504027,0.0,30,4,50,261.7827496214288,-0.9505609379587712,3.061920780631531,-0.8047189562170501,16,0.2,2.1709505945736582,-2.19722457733622,20,10,20,133.91965785281928,42250,100,5
-0.1072354939282533,3.909515411332788,0.0,25,0.31,2.406715008167667,0.0,31,4,50,194.29719447323373,-0.8879403980683332,2.968618216888007,0.0,16,0.21,2.2380098257211154,0.0,21,10,20,100.8727207132276,42300,100,5
-0.1072365169483373,3.906778112881645,0.0,25,0.31,2.406715008167667,0.0,31,4,49,152.9048437876364,-0.8872634384430179,2.967021956582868,0.0,16,0.21,2.2380098257211154,0.0,21,10,10,82.52435718256815,42350,100,5
-0.1789209982850911,4.042148411656947,0.0,25,0.3,2.4464393447504027,0.0,30,4,50,261.36056219783904,-0.9484547658718196,3.0571459839406416,-0.8047189562170501,16,0.2,2.1709505945736582,-2.19722457733622,20,10,20,133.73415581742708,42400,100,5
-0.1789221682648738,4.0391693946696,0.0,25,0.3,2.4464393447504027,0.0,30,4,50,261.2075947387009,-0.9476916799744504,3.055417413658769,-0.8047189562170501,16,0.2,2.1709505945736582,-2.19722457733622,20,10,20,133.66696505855518,42450,100,5
-0.1789233563498678,4.036168124606743,0.0,25,0.3,2.4464393447504027,0.0,30,4,50,261.05344828053853,-0.9469227261566208,3.053676297469091,-0.8047189562170501,16,0.2,2.1709505945736582,-2.19722457733622,20,10,20,133.5992675279878,42500,100,5
-0.1789245629636209,4.033144262885057,0.0,25,0.3,2.4464393447504027,0.0,30,4,50,260.8981045074115,-0.9461478134713474,3.051922448026485,-0.8047189562170501,16,0.2,2.1709505945736582,-2.19722457733622,20,10,20,133.53105546363068,42550,100,5
-0.1789257885429959,4.030097463098433,0.0,25,0.3,2.4464393447504027,0.0,30,4,50,260.7415446732151,-0.945366848840698,3.0501556737203046,-0.8047189562170501,16,0.2,2.1709505945736582,-2.19722457733622,20,10,20,133.46232092311666,42600,100,5
-0.1789270335386983,4.027027370774462,0.0,25,0.3,2.4464393447504027,0.0,30,4,50,260.583749588104,-0.9445797369886912,3.048375778543236,-0.8047189562170501,16,0.2,2.1709505945736582,-2.19722457733622,20,10,20,133.39305577817,42650,100,5
-0.1529708802430239,3.921309731036327,0.0,25,0.29,2.4170120386777456,0.0,29,4,50,233.51627303377472,-0.9264644082907688,2.9574346608316984,-0.8047189562170501,16,0.21,2.251106914095367,0.0,21,10,20,119.00238077053012,42700,100,5
-0.1529720350913431,3.9184323867643394,0.0,25,0.29,2.4170120386777456,0.0,29,4,49,163.27925428779054,-0.9257452551843366,2.955756543546111,-0.8047189562170501,16,0.21,2.251106914095367,0.0,21,10,19,82.54557278768687,42750,100,5
-0.1789306268381959,4.0183040748430985,0.0,25,0.3,2.4464393447504027,0.0,30,4,50,260.1351827543045,-0.9423422812819966,3.043320544020731,-0.8047189562170501,16,0.2,2.1709505945736582,-2.19722457733622,20,10,20,133.19621897478635,42800,100,5
-0.1789319499874718,4.015142088107179,0.0,25,0.3,2.4464393447504027,0.0,30,4,50,259.9725104475008,-0.9415309001773444,3.0414889202509685,-0.8047189562170501,16,0.2,2.1709505945736582,-2.19722457733622,20,10,20,133.12485994562437,42850,100,5
-0.1789332949274147,4.011954986789605,0.0,25,0.3,2.4464393447504027,0.0,30,4,50,259.80850413880177,-0.9407128816427762,3.039643169110679,-0.8047189562170501,16,0.2,2.1709505945736582,-2.19722457733622,20,10,20,133.05292851645547,42900,100,5
-0.1789346622008054,4.008742364311572,0.0,25,0.3,2.4464393447504027,0.0,30,4,50,259.64314176757455,-0.9398881161857524,3.03778306622902,-0.8047189562170501,16,0.2,2.1709505945736582,-2.19722457733622,20,10,20,132.98041535752088,42950,100,5
-0.1789360523686025,4.005503804093389,0.0,25,0.3,2.4464393447504027,0.0,30,4,50,259.47640072137625,-0.9390564915818008,3.0359083817983867,-0.8047189562170501,16,0.2,2.1709505945736582,-2.19722457733622,20,10,20,132.90731090835374,43000,100,5
-0.1789374660107107,4.002238879222841,0.0,25,0.3,2.4464393447504027,0.0,30,4,50,259.30825781739566,-0.9382178927828692,3.034018880396412,-0.8047189562170501,16,0.2,2.1709505945736582,-2.19722457733622,20,10,20,132.83360537009594,43050,100,5
-0.1572972665760328,3.9810210576441554,0.0,26,0.31,2.4399850586362963,0.0,31,4,50,255.21380812273543,-1.0000061844477128,3.0052431131873885,-1.6094379124341005,16,0.19,2.163549854775054,-2.19722457733622,20,10,20,129.22270831263037,43100,100,5
-0.145338682639565,4.009644735446937,0.0,27,0.29,2.451690995039832,0.0,29,4,49,164.2398792105735,-1.0354763713648862,2.986605155655368,-1.6094379124341005,17,0.2,2.247119801538031,0.0,20,10,21,80.75014025888733,43150,100,5
-0.166981807536592,4.024187515778342,0.0,26,0.28,2.4564450656445733,0.0,28,4,50,253.55343014796463,-0.9719821473734176,3.012444445462878,-0.8047189562170501,17,0.21,2.2538653767728265,0.0,21,10,20,128.28882767830203,43200,100,5
-0.1789433676297882,3.988906613571772,0.0,25,0.3,2.4464393447504027,0.0,30,4,50,258.62118289765635,-0.9347913503856904,3.026307789510565,-0.8047189562170501,16,0.2,2.1709505945736582,-2.19722457733622,20,10,20,132.53256754729398,43250,100,5
-0.1789449080639742,3.985503075094342,0.0,25,0.3,2.4464393447504027,0.0,30,4,50,258.44566159795204,-0.9339160491447294,3.024340461979307,-0.8047189562170501,16,0.2,2.1709505945736582,-2.19722457733622,20,10,20,132.45570065706087,43300,100,5
-0.1789464758979815,3.982070373095619,0.0,25,0.3,2.4464393447504027,0.0,30,4,50,258.268586222122,-0.93303301847845,3.0223567760874497,-0.8047189562170501,16,0.2,2.1709505945736582,-2.19722457733622,20,10,20,132.3781684052471,43350,100,5
-0.1789480718694339,3.978607997789642,0.0,25,0.3,2.4464393447504027,0.0,30,4,50,258.0899290036233,-0.9321421206553708,3.0203564514567405,-0.8047189562170501,16,0.2,2.1709505945736582,-2.19722457733622,20,10,20,132.29995907978906,43400,100,5
-0.1789496967426719,3.975115425840199,0.0,25,0.3,2.4464393447504027,0.0,30,4,50,257.9096614250258,-0.931243214229413,3.0183392003708094,-0.8047189562170501,16,0.2,2.1709505945736582,-2.19722457733622,20,10,20,132.22106065562429,43450,100,5
-0.1789513513099741,3.971592119874935,0.0,25,0.3,2.4464393447504027,0.0,30,4,50,257.7277541906899,-0.930336153905108,3.0163047275154766,-0.8047189562170501,16,0.2,2.1709505945736582,-2.19722457733622,20,10,20,132.1414607834176,43500,100,5
-0.1072661319904026,3.835598446924275,0.0,25,0.31,2.406715008167667,0.0,31,4,49,159.64389587690127,-0.8915742569138503,2.927265488743495,-0.8047189562170501,16,0.2,2.2327581754316865,0.0,20,10,19,79.1694452392406,43550,100,5
-0.107267673912373,3.832261982571477,0.0,25,0.31,2.406715008167667,0.0,31,4,50,220.5203207211593,-0.8907435907082625,2.9253380947109284,-0.8047189562170501,16,0.2,2.2327581754316865,0.0,20,10,20,119.50518912955609,43600,100,5
-0.1789561491815248,3.961558602211571,0.0,25,0.3,2.4464393447504027,0.0,30,4,50,257.2094315101858,-0.92775171959296,3.010513971601225,-0.8047189562170501,16,0.2,2.1709505945736582,-2.19722457733622,20,10,20,131.91474011722516,43650,100,5
-0.1789579243442954,3.957913343044357,0.0,25,0.3,2.4464393447504027,0.0,30,4,50,257.0210118072697,-0.9268122771513936,3.008411220450054,-0.8047189562170501,16,0.2,2.1709505945736582,-2.19722457733622,20,10,20,131.8323560364176,43700,100,5
-0.1789597334358445,3.954234558347076,0.0,25,0.3,2.4464393447504027,0.0,30,4,50,256.8308000542793,-0.925863925160632,3.006289715319807,-0.8047189562170501,16,0.2,2.1709505945736582,-2.19722457733622,20,10,20,131.74920632826158,43750,100,5
-0.1789615774383125,3.95052161854883,0.0,25,0.3,2.4464393447504027,0.0,30,4,50,256.6387618343558,-0.9249064930021506,3.0041491110705296,-0.8047189562170501,16,0.2,2.1709505945736582,-2.19722457733622,20,10,20,131.66527651220198,43800,100,5
-0.178963457372116,3.946773876087458,0.0,25,0.3,2.4464393447504027,0.0,30,4,50,256.4448617295078,-0.9239398051088156,3.0019890528549795,-0.8047189562170501,16,0.2,2.1709505945736582,-2.19722457733622,20,10,20,131.58055169158095,43850,100,5
-0.1789653742978331,3.942990664715416,0.0,25,0.3,2.4464393447504027,0.0,30,4,50,256.2490632814016,-0.9229636807716378,2.9998091757491583,-0.8047189562170501,16,0.2,2.1709505945736582,-2.19722457733622,20,10,20,131.4950165375116,43900,100,5
-0.1225607202744963,3.832149513988584,0.0,25,0.3,2.412447645898907,0.0,30,4,49,144.03743489279384,-0.9068543593456267,2.911972177284341,-0.8047189562170501,16,0.21,2.251106914095367,0.0,21,10,19,74.98678356721646,43950,100,5
-0.1225625114970627,3.828585208096948,0.0,25,0.3,2.412447645898907,0.0,30,4,50,176.91405162508207,-0.9059592512812508,2.9099119644657883,-0.8047189562170501,16,0.21,2.251106914095367,0.0,21,10,10,99.76239920153064,44000,100,5
-0.1789709480442391,3.932203064145697,0.0,25,0.3,2.4464393447504027,0.0,30,4,50,255.690404565782,-0.9201787256336288,2.993596846155746,-0.8047189562170501,16,0.2,2.1709505945736582,-2.19722457733622,20,10,20,131.25107102974397,44050,100,5
-0.1789730159816779,3.928278642840749,0.0,25,0.3,2.4464393447504027,0.0,30,4,50,255.487040301437,-0.9191649978320448,2.9913381395558765,-0.8047189562170501,16,0.2,2.1709505945736582,-2.19722457733622,20,10,20,131.1623086666959,44100,100,5
-0.1789751266275461,3.924315270454831,0.0,25,0.3,2.4464393447504027,0.0,30,4,50,255.281586850209,-0.9181408878978218,2.989057709358234,-0.8047189562170501,16,0.2,2.1709505945736582,-2.19722457733622,20,10,20,131.07265581522194,44150,100,5
-0.1789772813187616,3.920312156810473,0.0,25,0.3,2.4464393447504027,0.0,30,4,50,255.0740008396055,-0.9171061809629396,2.9867551239267374,-0.8047189562170501,16,0.2,2.1709505945736582,-2.19722457733622,20,10,20,130.98209427794586,44200,100,5
-0.1789794814486331,3.91626848731465,0.0,25,0.3,2.4464393447504027,0.0,30,4,50,254.86423753225333,-0.9160606554189838,2.984429938505588,-0.8047189562170501,16,0.2,2.1709505945736582,-2.19722457733622,20,10,20,130.89060529203343,44250,100,5
-0.1789817284698648,3.912183421939389,0.0,25,0.3,2.4464393447504027,0.0,30,4,50,254.65225076802105,-0.9150040826322252,2.9820816946791275,-0.8047189562170501,16,0.2,2.1709505945736582,-2.19722457733622,20,10,20,130.7981695054746,44300,100,5
-0.2509864556296202,3.8563011906368287,0.0,26,0.29,2.4405895145928627,0.0,29,4,49,122.96655500544966,-0.9909210545222912,2.935408485090381,-1.6094379124341005,17,0.21,2.2528524392692706,0.0,21,10,10,85.0785737099421,44350,100,5
-0.2508793308772821,3.852295189467152,0.0,26,0.29,2.4405895145928627,0.0,29,4,50,140.59698946577987,-0.9898416717305938,2.933004835944369,-1.6094379124341005,17,0.21,2.2528524392692706,0.0,21,10,10,95.22977358896908,44400,100,5
-0.1787686143840417,3.900104800574935,0.0,25,0.3,2.4464393447504027,0.0,30,2,50,254.02448068589104,-0.9117656826807728,2.9748938115667563,-0.8047189562170501,16,0.2,2.1709505945736582,-2.19722457733622,20,10,20,130.51497845021322,44450,100,5
-0.1787686143840418,3.895849878684088,0.0,25,0.3,2.4464393447504027,0.0,30,2,50,253.80335287431285,-0.91066248322669,2.972448456230641,-0.8047189562170501,16,0.2,2.1709505945736582,-2.19722457733622,20,10,20,130.41854925453345,44500,100,5
-0.1787686143840419,3.8915490425697583,0.0,25,0.3,2.4464393447504027,0.0,30,2,50,253.57975272583883,-0.909546976886738,2.96997752453086,-0.8047189562170501,16,0.2,2.1709505945736582,-2.19722457733622,20,10,20,130.32106673758992,44550,100,5
-0.1787686143840418,3.8872012783692433,0.0,25,0.3,2.4464393447504027,0.0,30,2,50,253.35362432810047,-0.9084188859664636,2.9674804630379783,-0.8047189562170501,16,0.2,2.1709505945736582,-2.19722457733622,20,10,20,130.2225074377396,44600,100,5
-0.1787686143840418,3.882805538084264,0.0,25,0.3,2.4464393447504027,0.0,30,2,50,253.12490985023004,-0.9072779232647432,2.96495669998215,-0.8047189562170501,16,0.2,2.1709505945736582,-2.19722457733622,20,10,20,130.1228470979033,44650,100,5
-0.1787686143840418,3.878360738026375,0.0,25,0.3,2.4464393447504027,0.0,30,2,50,252.89354945406805,-0.90612379163481,2.9624056444289835,-0.8047189562170501,16,0.2,2.1709505945736582,-2.19722457733622,20,10,20,130.02206062912578,44700,100,5
-0.0328288646547315,3.822273776053584,0.0,26,0.3,2.4235491263458755,0.0,30,4,50,144.96364635676014,-0.9135236696196142,2.8629607501158527,-1.6094379124341005,16,0.2,2.231779608305189,-2.19722457733622,20,10,10,87.84442665237398,44750,100,5
-0.0329485548926848,3.817897643426326,0.0,26,0.3,2.4235491263458755,0.0,30,4,49,125.58507884133404,-0.9124616709636204,2.8605402908507505,-1.6094379124341005,16,0.2,2.2317796083051884,-2.19722457733622,20,10,10,85.3708621830858,44800,100,5
-0.179009444807227,3.8651714707908464,0.0,25,0.3,2.646439344711819,0.0,30,4,50,252.20704529404412,-0.9028195043684296,2.9551122113463992,-0.8047189562170501,16,0.2,2.1709505945736582,-2.19722457733622,20,10,20,129.73364302741945,44850,100,5
-0.179012380262818,3.860524101890638,0.0,25,0.3,2.646439344711819,0.0,30,2,50,251.9647528334902,-0.9016124310740924,2.9524516900988584,-0.8047189562170501,16,0.2,2.1709505945736582,-2.19722457733622,20,10,20,129.62833259534492,44900,100,5
-0.1790153881649756,3.855821785234263,0.0,25,0.3,2.646439344711819,0.0,30,2,50,251.71948890602349,-0.9003906085876843,2.94976074404491,-0.8047189562170501,16,0.2,2.1709505945736582,-2.19722457733622,20,10,20,129.5217627405989,44950,100,5
-0.1790184712293038,3.851063189506505,0.0,25,0.3,2.646439344711819,0.0,30,2,50,251.47117971793529,-0.8991536719875782,2.947038652220233,-0.8047189562170501,16,0.2,2.1709505945736582,-2.19722457733622,20,10,20,129.41390271261298,45000,100,5
-0.1790216323088546,3.846246934147567,0.0,25,0.3,2.646439344711819,0.0,30,2,50,251.21974869186727,-0.8979012426383881,2.9442846674604333,-0.8047189562170501,16,0.2,2.1709505945736582,-2.19722457733622,20,10,20,129.30472061663966,45050,100,5
-0.1790248744029353,3.8413715868861416,0.0,25,0.3,2.646439344711819,0.0,30,2,50,250.9651163250132,-0.8966329274950543,2.941498015108371,-0.8047189562170501,16,0.2,2.1709505945736582,-2.19722457733622,20,10,20,129.1941833561595,45100,100,5
-0.1597510984541533,3.717357656196784,0.0,25,0.31,2.6143001742067704,0.0,31,4,50,181.43261422755032,-0.8913880536612667,2.8469159487768487,-0.8047189562170501,16,0.21,2.2375122460364283,0.0,21,10,10,93.97819649706216,45150,100,5
-0.1597541627207855,3.712720737258088,0.0,25,0.31,2.6143001742067704,0.0,31,4,49,144.54385412728698,-0.8902183938760418,2.844265545903611,-0.8047189562170501,16,0.21,2.2375122460364283,0.0,21,10,10,74.1085050037343,45200,100,5
-0.1790344107620888,3.8273933709969374,0.0,25,0.3,2.646439344711819,0.0,30,4,50,250.23439914605763,-0.8929935965425088,2.9335146402220524,-0.8047189562170501,16,0.2,2.1709505945736582,-2.19722457733622,20,10,20,128.87717195277915,45250,100,5
-0.1790379909413599,3.822279418868337,0.0,25,0.3,2.646439344711819,0.0,30,4,50,249.96682034306448,-0.8916610537106675,2.930596258719651,-0.8047189562170501,16,0.2,2.1709505945736582,-2.19722457733622,20,10,20,128.76116013275816,45300,100,5
-0.1790416688909444,3.817098692036728,0.0,25,0.3,2.646439344711819,0.0,30,4,50,249.6956127917635,-0.8903105130066487,2.9276410624974067,-0.8047189562170501,16,0.2,2.1709505945736582,-2.19722457733622,20,10,20,128.64361549908122,45350,100,5
-0.1790454486715259,3.8118494008173744,0.0,25,0.3,2.646439344711819,0.0,30,4,50,249.42067670912664,-0.8889414815625618,2.924648087385405,-0.8047189562170501,16,0.2,2.1709505945736582,-2.19722457733622,20,10,20,128.52449664196794,45400,100,5
-0.1790493345718287,3.806529682185231,0.0,25,0.3,2.646439344711819,0.0,30,4,50,249.14190813866776,-0.8875534459821988,2.9216163304268883,-0.8047189562170501,16,0.2,2.1709505945736582,-2.19722457733622,20,10,20,128.40376044440248,45450,100,5
-0.1790533311248549,3.80113759569859,0.0,25,0.3,2.646439344711819,0.0,30,4,50,248.85919871439083,-0.8861458711848625,2.91854474775659,-0.8047189562170501,16,0.2,2.1709505945736582,-2.19722457733622,20,10,20,128.28136198677996,45500,100,5
-0.138736002161506,3.702588939389445,0.0,25,0.29,2.647487423121376,0.0,29,4,50,221.42584301990928,-0.8590102686105255,2.8284077318127805,-0.8047189562170501,16,0.21,2.2511069140953666,0.0,21,10,20,113.34984931741243,45550,100,5
-0.1387398002208489,3.69748155182816,0.0,25,0.29,2.647487423121376,0.0,29,4,49,155.4307832765973,-0.8577086548917408,2.82547314983104,-0.8047189562170501,16,0.21,2.2511069140953666,0.0,21,10,19,80.46364124220773,45600,100,5
-0.1790651520497938,3.7856372091567336,0.0,25,0.3,2.646439344711819,0.0,30,4,50,248.04566580869889,-0.8820958696230093,2.9097230142955937,-0.8047189562170501,16,0.2,2.1709505945736582,-2.19722457733622,20,10,20,127.9293967265624,45650,100,5
-0.1790696152870203,3.779950926782592,0.0,25,0.3,2.646439344711819,0.0,30,4,50,247.74690719325088,-0.8806087448471699,2.9064897817883817,-0.8047189562170501,16,0.2,2.1709505945736582,-2.19722457733622,20,10,20,127.80023704328016,45700,100,5
-0.1790742149417823,3.774181737250304,0.0,25,0.3,2.646439344711819,0.0,30,4,50,247.4436176246976,-0.8790991687071732,2.90321106692544,-0.8047189562170501,16,0.2,2.1709505945736582,-2.19722457733622,20,10,20,127.66917094056608,45750,100,5
-0.179078957365997,3.76832715430704,0.0,25,0.3,2.646439344711819,0.0,30,4,50,247.13565754038257,-0.8775664528410907,2.89988553832642,-0.8047189562170501,16,0.2,2.1709505945736582,-2.19722457733622,20,10,20,127.53614077788494,45800,100,5
-0.1790838493121778,3.7623845774888967,0.0,25,0.3,2.646439344711819,0.0,30,4,50,246.822880827884,-0.8760098767329922,2.896511804630016,-0.8047189562170501,16,0.2,2.1709505945736582,-2.19722457733622,20,10,20,127.40108625042735,45850,100,5
-0.1790888979655253,3.756351284991848,0.0,25,0.3,2.646439344711819,0.0,30,4,50,246.5051344086105,-0.8744286856784713,2.8930884108126342,-0.8047189562170501,16,0.2,2.1709505945736582,-2.19722457733622,20,10,20,127.26394422197988,45900,100,5
-0.1413580947040553,3.7282766214088094,0.0,26,0.32,2.6212403649744043,0.0,32,4,50,243.86681453983044,-0.9193616920882351,2.863506997294933,-1.6094379124341005,16,0.2,2.185858616107643,-2.19722457733622,20,10,20,124.08499244243885,45950,100,5
-0.1294034338909324,3.756099324220122,0.0,27,0.3,2.6422357728319468,0.0,30,4,49,155.91235057083904,-0.9760241959038928,2.8444845843738986,-1.6094379124341005,17,0.2,2.247119801538031,-2.19722457733622,20,10,21,76.50186227655074,46000,100,5
-0.1671450169287014,3.7717388247686894,0.0,26,0.28,2.666101436850546,0.0,28,4,50,240.27868490362343,-0.9278246523323987,2.868116807041336,-1.6094379124341005,17,0.2,2.233224717507601,-2.19722457733622,20,10,20,121.50972106536987,46050,100,5
-0.1791108205724621,3.731251826385903,0.0,25,0.3,2.646439344711819,0.0,30,4,50,245.181120009698,-0.8678413530517348,2.8788666743085254,-0.8047189562170501,16,0.2,2.1709505945736582,-2.19722457733622,20,10,20,126.69312874745911,46100,100,5
-0.1791167783572657,3.724719306272438,0.0,25,0.3,2.646439344711819,0.0,30,4,50,244.8359513834308,-0.8661244056707668,2.8751706299309547,-0.8047189562170501,16,0.2,2.1709505945736582,-2.19722457733622,20,10,20,126.54448957792404,46150,100,5
-0.1791229472890257,3.718076713425934,0.0,25,0.3,2.646439344711819,0.0,30,4,50,244.4847202814,-0.864377460440173,2.871414612180153,-0.8047189562170501,16,0.2,2.1709505945736582,-2.19722457733622,20,10,20,126.39331341434789,46200,100,5
-0.1791293387962088,3.711320221666911,0.0,25,0.3,2.646439344711819,0.0,30,4,50,244.12720990667955,-0.8625994503587421,2.8675965892163995,-0.8047189562170501,16,0.2,2.1709505945736582,-2.19722457733622,20,10,20,126.23951131669124,46250,100,5
-0.179135965147295,3.704445800516975,0.0,25,0.3,2.646439344711819,0.0,30,4,50,243.7631916198284,-0.8607892504579633,2.863714422948218,-0.8047189562170501,16,0.2,2.1709505945736582,-2.19722457733622,20,10,20,126.08298956564865,46300,100,5
-0.1791428395294083,3.697449200335049,0.0,25,0.3,2.646439344711819,0.0,30,4,50,243.3924240602373,-0.8589456735250416,2.859765861441541,-0.8047189562170501,16,0.2,2.1709505945736582,-2.19722457733622,20,10,20,125.92364931317572,46350,100,5
-0.1074428704078718,3.577701217886487,0.0,25,0.31,2.621439550740932,0.0,31,4,49,150.50348442208215,-0.8045725505494307,2.777692160927332,0.0,16,0.21,2.2380098257211154,0.0,21,10,19,76.74669827222357,46400,100,5
-0.1074495170302938,3.570978111343532,0.0,25,0.31,2.621439550740932,0.0,31,4,50,207.28233328325084,-0.8028531332157997,2.773882777819044,0.0,16,0.21,2.2380098257211154,0.0,21,10,10,113.08067545213724,46450,100,5
-0.1791635324347865,3.677169568924214,0.0,25,0.3,2.646439344711819,0.0,30,2,50,242.31614067568216,-0.8535951376772064,2.8483359500112786,-0.8047189562170501,16,0.2,2.1709505945736582,-2.19722457733622,20,10,20,125.4615908847328,46500,100,5
-0.1791714886046685,3.669665553790616,0.0,25,0.3,2.646439344711819,0.0,30,2,50,241.9172699341113,-0.8516126551116744,2.8441122799800524,-0.8047189562170501,16,0.2,2.1709505945736582,-2.19722457733622,20,10,20,125.29053631960022,46550,100,5
-0.1791797719879515,3.6620153488652094,0.0,25,0.3,2.646439344711819,0.0,30,2,50,241.510280998716,-0.8495900684713701,2.839809534703382,-0.8047189562170501,16,0.2,2.1709505945736582,-2.19722457733622,20,10,20,125.11610417330353,46600,100,5
-0.1791884031974283,3.654213058740723,0.0,25,0.3,2.646439344711819,0.0,30,2,50,241.09483648403543,-0.8475257214156605,2.8354246114170545,-0.8047189562170501,16,0.2,2.1709505945736582,-2.19722457733622,20,10,20,124.9381570342468,46650,100,5
-0.1791974046146341,3.646252421633093,0.0,25,0.3,2.646439344711819,0.0,30,2,50,240.6705775220076,-0.8454178528080455,2.830954218805116,-0.8047189562170501,16,0.2,2.1709505945736582,-2.19722457733622,20,10,20,124.7565488954816,46700,100,5
-0.1792068005837502,3.63812677825614,0.0,25,0.3,2.646439344711819,0.0,30,2,50,240.23712189821168,-0.8432645876834551,2.826394861294412,-0.8047189562170501,16,0.2,2.1709505945736582,-2.19722457733622,20,10,20,124.57112442076829,46750,100,5
-0.1532295687318331,3.5588189387279727,0.0,25,0.29,2.635698685163817,0.0,29,4,49,136.12362435788177,-0.8341437997158215,2.749195171151356,-0.8047189562170501,16,0.21,2.2375122460364283,0.0,21,10,19,71.18016287712045,46800,100,5
-0.1532387664723925,3.551052904426927,0.0,25,0.29,2.635698685163817,0.0,29,4,50,168.37854522130408,-0.8321232412959021,2.7448120684111523,-0.8047189562170501,16,0.21,2.2375122460364283,0.0,21,10,10,93.39600553484328,46850,100,5
-0.1792354436028688,3.614434954534533,0.0,25,0.3,2.646439344711819,0.0,30,2,50,238.97094239778545,-0.8369763971487195,2.813122790155314,-0.8047189562170501,16,0.2,2.1709505945736582,-2.19722457733622,20,10,20,124.03018148574604,46900,100,5
-0.1792466026214195,3.605613444273444,0.0,25,0.3,2.646439344711819,0.0,30,2,50,238.49857585341425,-0.8346311982262598,2.8081893306905448,-0.8047189562170501,16,0.2,2.1709505945736582,-2.19722457733622,20,10,20,123.82864778052108,46950,100,5
-0.1792583083010342,3.596588216677242,0.0,25,0.3,2.646439344711819,0.0,30,2,50,238.01478009789736,-0.8322296654677754,2.803146674409612,-0.8047189562170501,16,0.2,2.1709505945736582,-2.19722457733622,20,10,20,123.62239362848231,47000,100,5
-0.1792706018289653,3.5873494879568275,0.0,25,0.3,2.646439344711819,0.0,30,2,50,237.51898819573287,-0.829769025188,2.797989729942108,-0.8047189562170501,16,0.2,2.1709505945736582,-2.19722457733622,20,10,20,123.4111902489714,47050,100,5
-0.1792835286375694,3.5778867469779616,0.0,25,0.3,2.646439344711819,0.0,30,2,50,237.01058994326388,-0.8272462936258964,2.7927130365752864,-0.8047189562170501,16,0.2,2.4464393447504027,-2.19722457733622,20,10,20,123.194791740222,47100,100,5
-0.1792971389658249,3.568188681008131,0.0,25,0.3,2.646439344711819,0.0,30,2,50,236.4889273495127,-0.8246582551746374,2.787310727360742,-0.8047189562170501,16,0.2,2.4464393447504027,-2.19722457733622,20,10,20,122.97293332258737,47150,100,5
-0.1457098050148991,3.573978908583987,0.0,27,0.29,2.6585889035683445,0.0,29,4,49,120.24145791255972,-0.9209585113678938,2.7383712397547346,-1.6094379124341005,17,0.2,2.545618930077214,0.0,20,10,10,80.45331899639109,47200,100,5
-0.145724955700809,3.5638178250558283,0.0,27,0.29,2.6585889035683445,0.0,29,4,50,139.74732044149442,-0.9182291582343683,2.732706987573324,-1.6094379124341005,17,0.2,2.545618930077214,0.0,20,10,10,90.1542798935923,47250,100,5
-0.1793426600609151,3.537555536459319,0.0,25,0.3,2.646439344711819,0.0,30,2,50,234.8369441083828,-0.8164661225824517,2.77028442766378,-0.8047189562170501,16,0.2,2.4464393447504027,-2.19722457733622,20,10,20,122.27162396289802,47300,100,5
-0.1793596283068008,3.5267838193025574,0.0,25,0.3,2.646439344711819,0.0,30,2,50,234.254493415394,-0.813579125400925,2.764311281242309,-0.8047189562170501,16,0.2,2.4464393447504027,-2.19722457733622,20,10,20,122.02482497690973,47350,100,5
-0.1793776305574429,3.5157048100272963,0.0,25,0.3,2.646439344711819,0.0,30,2,50,233.65456481594128,-0.810606271549442,2.758175420273869,-0.8047189562170501,16,0.2,2.4464393447504027,-2.19722457733622,20,10,20,121.77087897725602,47400,100,5
-0.179396764329834,3.504300150563908,0.0,25,0.3,2.646439344711819,0.0,30,2,50,233.03607648449,-0.8075422958652743,2.751867437621306,-0.8047189562170501,16,0.2,2.4464393447504027,-2.19722457733622,20,10,20,121.50935494551052,47450,100,5
-0.1794171398058373,3.492549773583825,0.0,25,0.3,2.646439344711819,0.0,30,2,50,232.3978429007616,-0.8043814333293067,2.7453770740939443,-0.8047189562170501,16,0.2,2.4464393447504027,-2.19722457733622,20,10,20,121.23978146343016,47500,100,5
-0.1794388819580146,3.4804316824226538,0.0,25,0.3,2.370950594535074,0.0,30,2,50,231.7385611536219,-0.801117353696658,2.7386931114321738,-0.8047189562170501,16,0.2,2.4464393447504027,-2.19722457733622,20,10,20,120.96164148533894,47550,100,5
-0.1077222680675167,3.3719974198402243,0.0,25,0.31,2.36757938868844,0.0,31,2,50,126.87746791759452,-0.7732930307446169,2.665170754245307,-0.8047189562170501,16,0.2,2.5171816484701206,0.0,20,10,10,78.22691573548076,47600,100,5
-0.1077445358654339,3.360068519759549,0.0,25,0.31,2.36757938868844,0.0,31,2,49,111.2712136017076,-0.7701612691628099,2.658603414967428,-0.8047189562170501,16,0.2,2.5171816484701206,0.0,20,10,10,80.51494491724307,47650,100,5
-0.179508323021735,3.4443291999544843,0.0,25,0.3,2.370950594535074,0.0,30,2,50,229.76777295699583,-0.7913666046801202,2.718838544052496,-0.8047189562170501,16,0.2,2.4464393447504027,-2.19722457733622,20,10,20,120.1322036342928,47700,100,5
-0.179536746161658,3.430570675467513,0.0,25,0.3,2.370950594535074,0.0,30,2,50,229.01402429123024,-0.7876400718895844,2.711295577738511,-0.8047189562170501,16,0.2,2.4464393447504027,-2.19722457733622,20,10,20,119.81578911890296,47750,100,5
-0.1795674421005178,3.416302390601296,0.0,25,0.3,2.370950594535074,0.0,30,2,50,228.2307370766751,-0.7837692038489013,2.703487177863068,-0.8047189562170501,16,0.2,2.4464393447504027,-2.19722457733622,20,10,20,119.48746271324596,47800,100,5
-0.179600694964924,3.4014843623076003,0.0,25,0.3,2.370950594535074,0.0,30,2,50,227.41550002275693,-0.7797423615318522,2.695393293424176,-0.8047189562170501,16,0.2,2.1709505945736582,-2.19722457733622,20,10,20,119.14628103342578,47850,100,5
-0.1796368383306309,3.3860716663756216,0.0,25,0.3,2.370950594535074,0.0,30,2,50,226.5655937814779,-0.7755464378591431,2.686991474256568,-0.8047189562170501,16,0.2,2.1709505945736582,-2.19722457733622,20,10,20,118.79118334556529,47900,100,5
-0.1796762664771844,3.370013583216031,0.0,25,0.3,2.370950594535074,0.0,30,2,50,225.677936092578,-0.7711665997668368,2.6782564684089305,-0.8047189562170501,16,0.2,2.1709505945736582,-2.19722457733622,20,10,20,118.42097118568948,47950,100,5
-0.1232336335557741,3.293581241791271,0.0,25,0.3,2.3667470226552028,0.0,30,2,50,159.70891409157403,-0.7673392681679367,2.60877112419302,-0.8047189562170501,16,0.21,2.2511069140953666,0.0,21,10,10,84.81881369456934,48000,100,5
-0.123275950466317,3.2775892089367367,0.0,25,0.3,2.631134292384978,0.0,30,2,49,127.87783661301278,-0.7630398936016684,2.6000689638864745,-0.8047189562170501,16,0.21,2.2511069140953666,0.0,21,10,10,67.01777456966978,48050,100,5
-0.1798085115192823,3.321095346708516,0.0,25,0.3,2.646439344711819,0.0,30,2,50,222.9597197392784,-0.7577713432747812,2.651767534294214,-0.8047189562170501,16,0.2,2.1709505945736582,-2.19722457733622,20,10,20,117.2916158689417,48100,100,5
-0.179865603556606,3.301984054226585,0.0,25,0.3,2.646439344711819,0.0,30,2,50,221.89176522003143,-0.7525160057913459,2.641469911114037,-0.8047189562170501,16,0.2,2.1709505945736582,-2.19722457733622,20,10,20,116.84975072889428,48150,100,5
-0.1799293360965692,3.281861304497109,0.0,25,0.3,2.646439344711819,0.0,30,2,50,220.76348617576755,-0.7469687915585996,2.630659363407006,-0.8047189562170501,16,0.2,2.1709505945736582,-2.19722457733622,20,10,20,116.38409927060792,48200,100,5
-0.1800009407882813,3.260611452021994,0.0,25,0.3,2.646439344711819,0.0,30,2,50,219.5676486544848,-0.7410953238183368,2.6192798936350457,-0.8047189562170501,16,0.2,2.1709505945736582,-2.19722457733622,20,10,20,115.89191577924942,48250,100,5
-0.1800819744046525,3.238097568899416,0.0,25,0.3,2.646439344711819,0.0,30,2,50,218.29563211659848,-0.7348547621105737,2.607265614991456,-0.8047189562170501,16,0.2,2.1709505945736582,-2.19722457733622,20,10,20,115.36994631051364,48300,100,5
-0.1801744338902537,3.2141558360686404,0.0,25,0.3,2.646439344711819,0.0,30,2,50,216.9370501356416,-0.7281980702950193,2.594538245565525,-0.8047189562170501,16,0.2,2.1709505945736582,-2.19722457733622,20,10,20,114.8142943034084,48350,100,5
-0.2321370470664416,3.16813344138566,0.0,26,0.29,2.647487423121376,0.0,29,2,50,182.52364864358543,-0.7980504893784257,2.535592302388977,-1.6094379124341005,17,0.21,2.2528524392692706,0.0,21,10,20,98.59553157454056,48400,100,5
-0.2314094535236174,3.142057987606648,0.0,26,0.29,2.647487423121376,0.0,29,2,49,131.73096488975838,-0.7903689573395636,2.5211104579577563,-1.6094379124341005,17,0.21,2.2528524392692706,0.0,21,10,21,66.79367915348028,48450,100,5
-0.1787686143840417,3.134721809551743,0.0,25,0.3,2.646439344711819,0.0,30,2,50,212.3773613049874,-0.7050616038606822,2.551029016824744,-0.8047189562170501,16,0.2,2.1709505945736582,-2.19722457733622,20,10,20,112.89228895170903,48500,100,5
-0.1787686143840417,3.1028435498474787,0.0,25,0.3,2.646439344711819,0.0,30,2,50,210.5275214602065,-0.6959809680767246,2.534270458364912,-0.8047189562170501,16,0.2,2.1709505945736582,-2.19722457733622,20,10,20,112.14197963327788,48550,100,5
-0.1787686143840418,3.067968720844681,0.0,25,0.3,2.646439344711819,0.0,30,2,50,208.4883335070104,-0.6859896337962158,2.516045307409847,-0.8047189562170501,16,0.2,2.1709505945736582,-2.19722457733622,20,10,20,111.31913720084576,48600,100,5
-0.1787686143840417,3.029454800604832,0.0,25,0.3,2.646439344711819,0.0,30,2,50,206.21638161035287,-0.6748835260336528,2.4960564373315086,-0.8047189562170501,16,0.2,2.1709505945736582,-2.19722457733622,20,10,20,110.40790115775242,48650,100,5
-0.1787686143840417,2.986423073481458,0.0,25,0.3,2.646439344711819,0.0,30,2,50,203.65126799609573,-0.6623808139768395,2.473903165569592,-0.8047189562170501,16,0.2,2.1709505945736582,-2.19722457733622,20,10,20,109.38648574808704,48700,100,5
-0.1787686143840417,2.937624362845775,0.0,25,0.3,2.646439344711819,0.0,30,2,50,200.70533609022988,-0.648076275579059,2.4490255026564807,-0.8047189562170501,16,0.2,2.4464393447504027,-2.19722457733622,20,10,20,108.22376155249091,48750,100,5
-0.1265914587888603,2.8341101792069106,0.0,25,0.32,2.469585033539443,0.0,32,2,50,193.4845621446383,-0.6630148008072407,2.374616613325278,-1.6094379124341005,15,0.2,2.459902257081976,-2.19722457733622,20,10,20,103.3906400095162,48800,100,5
