Delta_with_1_last_read_mean,Delta_with_1_last_read_std,Delta_with_1_last_read_median,Delta_with_1_last_read_unique,Delta_with_1_last_read_zeros_frac,Delta_with_1_last_read_entropy,Delta_with_1_last_read_mode,Delta_with_1_last_read_mode_count,Delta_with_1_last_read_ac_first_peak,Delta_with_1_last_read_fft_dom_bin,Delta_with_1_last_read_fft_dom_power,Delta_with_2_last_read_mean,Delta_with_2_last_read_std,Delta_with_2_last_read_median,Delta_with_2_last_read_unique,Delta_with_2_last_read_zeros_frac,Delta_with_2_last_read_entropy,Delta_with_2_last_read_mode,Delta_with_2_last_read_mode_count,Delta_with_2_last_read_ac_first_peak,Delta_with_2_last_read_fft_dom_bin,Delta_with_2_last_read_fft_dom_power,Delta_with_3_last_read_mean,Delta_with_3_last_read_std,Delta_with_3_last_read_median,Delta_with_3_last_read_unique,Delta_with_3_last_read_zeros_frac,Delta_with_3_last_read_entropy,Delta_with_3_last_read_mode,Delta_with_3_last_read_mode_count,Delta_with_3_last_read_ac_first_peak,Delta_with_3_last_read_fft_dom_bin,Delta_with_3_last_read_fft_dom_power,Delta_with_4_last_read_mean,Delta_with_4_last_read_std,Delta_with_4_last_read_median,Delta_with_4_last_read_unique,Delta_with_4_last_read_zeros_frac,Delta_with_4_last_read_entropy,Delta_with_4_last_read_mode,Delta_with_4_last_read_mode_count,Delta_with_4_last_read_ac_first_peak,Delta_with_4_last_read_fft_dom_bin,Delta_with_4_last_read_fft_dom_power,Delta_with_1_last_write_mean,Delta_with_1_last_write_std,Delta_with_1_last_write_median,Delta_with_1_last_write_unique,Delta_with_1_last_write_zeros_frac,Delta_with_1_last_write_entropy,Delta_with_1_last_write_mode,Delta_with_1_last_write_mode_count,Delta_with_1_last_write_ac_first_peak,Delta_with_1_last_write_fft_dom_bin,Delta_with_1_last_write_fft_dom_power,Delta_with_2_last_write_mean,Delta_with_2_last_write_std,Delta_with_2_last_write_median,Delta_with_2_last_write_unique,Delta_with_2_last_write_zeros_frac,Delta_with_2_last_write_entropy,Delta_with_2_last_write_mode,Delta_with_2_last_write_mode_count,Delta_with_2_last_write_ac_first_peak,Delta_with_2_last_write_fft_dom_bin,Delta_with_2_last_write_fft_dom_power,Delta_with_3_last_write_mean,Delta_with_3_last_write_std,Delta_with_3_last_write_median,Delta_with_3_last_write_unique,Delta_with_3_last_write_zeros_frac,Delta_with_3_last_write_entropy,Delta_with_3_last_write_mode,Delta_with_3_last_write_mode_count,Delta_with_3_last_write_ac_first_peak,Delta_with_3_last_write_fft_dom_bin,Delta_with_3_last_write_fft_dom_power,Delta_with_4_last_write_mean,Delta_with_4_last_write_std,Delta_with_4_last_write_median,Delta_with_4_last_write_unique,Delta_with_4_last_write_zeros_frac,Delta_with_4_last_write_entropy,Delta_with_4_last_write_mode,Delta_with_4_last_write_mode_count,Delta_with_4_last_write_ac_first_peak,Delta_with_4_last_write_fft_dom_bin,Delta_with_4_last_write_fft_dom_power,start,length,Target,Fine_grained_Target
1.5058537223848545,19.977786146223703,0.0,47,0.1473684210526315,2.551305457977062,0.0,14,8,24,407.9641455780544,-0.3126650035484471,16.03471869665721,0.0,48,0.1157894736842105,2.5236219763802463,0.0,11,0,34,277.1459565645601,2.18446925973144,20.129523659812666,0.0,53,0.1473684210526315,2.063019602221957,0.0,14,4,24,525.2057547435176,2.024653234533258,18.397970868833205,0.0,58,0.1684210526315789,2.6922051053765923,0.0,16,22,5,396.2813573460497,-1.690467326142641,17.76259941479587,-1.6094379124341005,47,0.1473684210526315,2.6118012206428647,0.0,14,2,5,347.2090861812691,-2.475893073545359,17.984430770935443,0.0,50,0.1578947368421052,2.4834082585905697,0.0,15,17,5,450.8729216256108,-2.7386076577439886,17.69912133723339,0.0,50,0.1157894736842105,2.500392078505986,0.0,11,4,5,517.4522457626314,-2.9538927836785764,16.917305642002237,0.0,51,0.1263157894736842,2.4689516884917766,0.0,12,3,5,428.4429969360848,0,100,11,1
-1.655512794338502,18.16082056287209,-1.6094379124341005,36,0.18,2.7092825045882525,0.0,18,6,17,440.8253266403743,-3.480950443342491,13.796874666953048,0.0,41,0.13,2.293415706349008,-3.49650756146648,15,18,11,242.6344942521926,0.1449321757896871,17.55455253730073,0.0,40,0.17,2.714070495023866,0.0,17,18,17,502.9071986806437,0.3552865121455461,17.00834741086356,0.0,48,0.15,2.607819915218567,0.0,15,18,5,526.6146472986646,2.629708216758968,18.30466711274173,0.0,40,0.13,2.488573661861278,0.0,13,2,5,534.0563439596494,2.987698921689553,20.33753542632697,0.0,48,0.06,1.9641128860417183,3.49650756146648,12,18,5,691.4586519008418,1.880979881243373,19.92100643351558,0.0,50,0.12,2.609631696671701,0.0,12,2,5,706.3947044605052,2.121023394516228,18.21540036890953,2.6990813507588767,49,0.11,2.526090968065352,0.0,11,4,5,565.3480378519121,0,100,11,2
-1.513653965457213,18.968707983590942,-2.381086967398878,35,0.17,2.5764207046818424,0.0,17,6,17,478.7459458319228,-3.3288612459174938,14.028502503949865,-1.416606672028108,39,0.13,2.307264583025048,-3.49650756146648,16,18,11,331.39418223486507,-0.1391239360952859,17.865493944812858,0.0,40,0.18,2.5293141478363186,0.0,18,18,17,483.63700479548834,0.1132976871736461,17.336082299711205,0.0,46,0.17,2.686297277647514,0.0,17,18,5,520.6576896646594,2.2237329766818683,18.630364056685245,-0.8047189562170501,39,0.12,2.5196457240686594,-3.49650756146648,13,2,5,542.389151937286,2.6913199651050115,20.619431183770303,0.0,45,0.06,1.971999313439928,3.49650756146648,15,18,5,672.8902781323605,1.301706591927485,19.83780945006187,0.0,50,0.12,2.6504573907218894,0.0,12,2,5,650.8493403166186,1.660718879397921,18.12894700575307,2.6990813507588767,49,0.11,2.5402355857800494,0.0,11,4,5,537.9124995228494,0,100,11,3
-4.425523110838093,17.358874207814008,-2.2213256282451583,21,0.23,2.629237654836313,0.0,23,6,50,680.4756330079354,-4.4961493604204055,13.237352153907311,0.0,24,0.17,2.157634641107532,-3.49650756146648,24,8,50,437.1308121374898,-3.344937823362476,15.26115879144456,-2.833213344056216,24,0.23,2.619727109068126,-2.833213344056216,23,18,50,602.1008055147036,-2.4546230809255367,15.579368853537373,-2.833213344056216,26,0.16,2.33602497563955,-3.49650756146648,17,2,50,530.7960811463271,6.209313906266741,20.032424449123404,0.0,31,0.11,1.8810329377807795,-3.49650756146648,17,2,50,694.2292356037228,7.847780337720008,22.535144676831155,3.49650756146648,41,0.0,1.9024549991691009,3.49650756146648,15,18,6,789.8663369479569,5.148929896801857,22.50908367211478,3.1648604527613484,44,0.12,2.0729719058709937,0.0,12,2,50,977.921111851588,4.780494493274322,19.614586609994777,3.49650756146648,41,0.05,2.0682257878488004,-3.49650756146648,12,4,50,649.125043916652,50,100,11,3
-2.045287076853568,19.374354755538107,0.0,34,0.24,2.373105666854879,0.0,24,4,50,827.0077987906909,-1.803115442139673,13.178518694402303,0.0,29,0.18,2.234652938622444,0.0,18,8,50,441.3555439259454,-2.0338784596386987,17.157690573166413,0.0,40,0.22,2.6755934476157064,0.0,22,4,23,458.6170011975141,-0.8354539885337816,14.463572293064884,0.0,29,0.25,2.3313981253386604,0.0,25,16,50,477.4120327451906,2.7508473751427687,19.308119259105432,0.0,35,0.15,2.257466050102604,0.0,15,2,50,719.7044657688491,3.40758302615807,21.16956659675116,3.044522437723423,44,0.14,1.924843883201836,0.0,14,4,50,745.3900915053675,1.8138143801016435,21.186370500250185,2.5152189606962176,44,0.11,2.331100286366557,0.0,11,2,50,899.8357378848641,2.1030923070102183,19.234480321579632,2.833213344056216,43,0.14,2.4513926696390795,0.0,14,4,50,669.3593266940647,100,100,11,3
3.067231841473752,22.74876396798015,0.0,52,0.2,1.967579388765592,0.0,20,4,25,939.6404594275456,3.093476609517113,14.077766541480178,2.19722457733622,36,0.19,2.2754269095968924,0.0,19,8,38,391.9671944339269,0.1237336924837585,21.057281293922856,0.0,59,0.21,2.4593196193416054,0.0,21,4,25,1091.5437676126887,1.9418524897527376,14.717008491566604,0.0,37,0.4,2.5328981011265626,0.0,40,8,13,353.02876501126246,-4.7938774950227145,16.988158188623302,0.0,44,0.21,2.396273662572738,0.0,21,4,50,651.2053948020618,-4.865732335963901,16.938839095268303,0.0,44,0.33,1.843138783536176,0.0,33,4,50,660.3667243153703,-5.050800135456364,17.524526920955697,0.0,45,0.11,1.779666984000332,3.044522437723423,23,4,50,689.0941576691346,-4.118740639896288,17.471239355475717,0.0,48,0.28,2.061105160828686,0.0,28,4,50,622.7921684648134,150,100,11,3
-1.5139363938356982,18.9771102162638,-2.381086967398878,35,0.17,2.5764207046818424,0.0,17,6,17,478.9625049209607,-3.3373895009760908,14.022274632528347,-1.416606672028108,39,0.13,2.307264583025048,-3.49650756146648,16,18,11,330.9145395982936,-0.1448743479317188,17.866686623395207,0.0,40,0.18,2.5293141478363186,0.0,18,18,17,483.61214792792646,0.1078294445944014,17.33688119088443,0.0,46,0.17,2.686297277647514,0.0,17,18,5,520.4647019827943,2.2250031061394617,18.63855251121724,-0.8047189562170501,39,0.12,2.5196457240686594,-3.49650756146648,13,2,5,542.6417345845808,2.6925900945626045,20.6285233993438,0.0,45,0.06,1.971999313439928,3.49650756146648,15,18,5,673.2119712201737,1.3066543685486136,19.841790208897947,0.0,50,0.12,2.596831614433837,0.0,12,2,5,651.4716326597791,1.667174758102826,18.12982051560053,2.6990813507588767,49,0.11,2.5402355857800494,0.0,11,4,5,538.6080846318706,0,100,11,4
-4.427216472953519,17.36662587381619,-2.2213256282451583,21,0.23,2.629237654836313,0.0,23,6,50,680.7860539634896,-4.505383124836364,13.229423820854604,0.0,24,0.17,2.1301543846534243,-3.49650756146648,24,8,50,438.0541885790856,-3.3534661639759342,15.256589409107342,-2.833213344056216,24,0.23,2.619727109068126,-2.833213344056216,23,18,50,603.094724320061,-2.4642362483441507,15.573425696657848,-2.833213344056216,26,0.16,2.33602497563955,-3.49650756146648,17,2,50,531.9266995810024,6.212418374712745,20.04121313023796,0.0,31,0.11,1.8810329377807795,-3.49650756146648,17,2,50,694.5396565592771,7.851308125120664,22.545145226337063,3.49650756146648,41,0.0,1.9024549991691009,3.49650756146648,15,18,6,790.2438902352898,5.159813021084424,22.509250597983343,3.1648604527613484,44,0.12,2.0729719058709937,0.0,12,2,50,977.4818884871296,4.790954298206523,19.612142795834743,3.49650756146648,41,0.05,2.0682257878488004,-3.49650756146648,12,4,50,648.5306036417264,50,100,11,4
-4.370816060816638,17.382725202687148,-2.2213256282451583,21,0.23,2.645104992549128,0.0,23,6,50,683.2071928445949,-4.342679387318296,13.275650749208364,0.0,25,0.18,2.133834917336336,-3.49650756146648,22,18,50,441.4362717612572,-2.40752537301839,15.56076719962163,0.0,25,0.23,2.348591380994175,-2.833213344056216,23,18,50,592.6904064129901,-2.270685021346412,15.602283261513788,0.0,27,0.16,2.3532696901802903,-3.49650756146648,17,2,50,539.103704163942,7.544504160319609,20.07585974551653,0.0,32,0.1,1.8634536617538893,-3.49650756146648,16,2,50,694.2294883771169,7.934083424275044,22.516378409358087,3.49650756146648,43,0.0,1.9037982531559243,3.49650756146648,15,18,6,777.166610574486,4.216011853785544,22.18167248362119,3.1648604527613484,41,0.12,2.05710456815764,0.0,12,2,50,960.7332656804102,4.140744480481966,19.40298047159589,3.49650756146648,39,0.06,2.3966617708004128,2.833213344056216,12,4,50,663.2583295973293,100,100,11,4
-4.027720174159988,18.294348866704503,-2.2213256282451583,22,0.21,2.6606592822797865,0.0,21,6,50,711.8503283144222,-4.011461415593779,13.53005401477941,0.0,26,0.17,2.1428079708821746,-3.49650756146648,20,18,50,419.8529539714272,-2.5956944337556536,15.848899007103045,0.0,26,0.22,2.3713296946826867,0.0,22,18,50,624.1667542977618,-2.5788155580200267,15.863229269267212,0.0,28,0.17,2.367703218214809,0.0,17,2,50,569.9167578313036,6.663656759866879,20.144074304167297,0.0,33,0.11,1.8931620959649769,-3.49650756146648,17,2,50,726.3837168994298,6.465161210422642,22.33344169388381,3.49650756146648,42,0.0,1.94002380536411,3.49650756146648,18,18,6,795.3361446276065,3.61481700320482,22.28934093792848,2.833213344056216,42,0.11,2.159906472396893,3.8918202981106265,12,2,50,1015.1863240502948,5.044803374154867,19.93708667014537,3.49650756146648,40,0.06,2.0501980415321475,2.833213344056216,12,4,50,683.4160458229314,150,100,11,4
-4.077487644122137,18.282739971695413,-2.2213256282451583,22,0.21,2.6447919445669723,0.0,21,6,50,710.0924836506642,-4.174165136077508,13.488695084975578,0.0,25,0.16,2.143180319704735,-3.49650756146648,22,18,50,416.4708690858217,-2.988311229505351,15.47230631575465,-1.416606672028108,25,0.21,2.3401701341307897,-2.833213344056216,21,18,50,586.4605085093366,-3.5693801157064886,15.543237996688328,-2.833213344056216,27,0.17,2.314084172871617,0.0,17,2,50,586.4813773046769,5.388508295647124,20.034039280367463,0.0,31,0.12,1.912818774065216,-3.49650756146648,17,2,50,721.0001529427254,5.826791565936483,22.50976914560334,3.49650756146648,41,0.0,1.950630732880403,3.49650756146648,18,18,50,798.3023452868525,4.593583229083705,22.636067539342605,3.1648604527613484,44,0.1,2.1606907759292766,-2.833213344056216,11,2,50,1035.431456121766,5.688380232670645,20.11232916447385,3.49650756146648,42,0.05,2.0686560378365124,-3.49650756146648,11,4,50,668.0250273532504,200,100,11,4
-0.8220449025428144,19.968548863793483,0.0,37,0.25,2.297982908824005,0.0,25,4,50,823.8781611842767,-1.2337390237805903,12.481341292311356,0.0,27,0.18,2.207660766218195,0.0,18,8,50,378.86436045649833,-1.935940389062298,17.33739654195039,0.0,41,0.22,2.6637069237739706,0.0,22,4,25,481.8770711174354,-0.7902060018189659,13.965078287658192,0.0,28,0.29,2.366056011919224,0.0,29,16,50,460.0026791538187,1.1609886678146588,18.70146879099444,0.0,35,0.17,2.4183469003873936,0.0,17,2,50,690.2837838362877,2.828689421150876,20.786739868176323,0.0,43,0.18,1.888525451722288,0.0,18,4,50,744.1849916201438,2.051169288382757,20.935609480228088,2.5152189606962176,45,0.1,2.3632908109744624,3.044522437723423,12,2,50,867.8641764311654,2.353405569346256,18.947268203016435,2.833213344056216,42,0.17,2.435411242065818,0.0,17,4,50,638.0962586884525,250,100,11,4
2.877899791312791,22.98720438460581,0.0,52,0.26,1.722862766255747,0.0,26,4,25,1209.187385126713,3.112704280817208,11.1707549404131,0.8047189562170501,23,0.22,2.336957939537968,-3.044522437723423,22,8,50,388.8582432140128,-0.7423821317821762,20.93539636764897,0.0,54,0.24,2.3441603879892514,0.0,24,4,25,1354.910314945563,3.647462667182351,11.097111397803204,0.0,24,0.51,2.0597670386901363,0.0,51,8,50,317.1977072206337,-5.42651426173815,15.572321762304965,0.0,33,0.23,2.243681778651575,0.0,23,4,50,796.041461823967,-4.125867724706389,16.520739719685228,0.0,35,0.42,2.021102072184517,0.0,42,4,50,793.9979764884763,-4.573937285889554,16.780255843162056,0.0,36,0.12,2.179885377910696,3.044522437723423,30,4,50,791.9296850802277,-4.352986150953484,16.184284992695634,0.0,38,0.39,2.008972835815796,0.0,39,4,50,765.2871015192007,300,100,11,4
4.065733634217751,24.47914698117549,1.0986122886681098,56,0.22,1.913373186404603,0.0,22,4,25,1353.1366665562357,3.8000964153565655,11.826361670407678,2.19722457733622,24,0.23,2.085016394590121,-3.044522437723423,23,8,25,442.3252676522171,-0.0496605585398301,22.315964578725023,0.0,56,0.25,1.913373186404603,0.0,25,4,25,1524.5371192565929,4.101996240003522,11.790884077830295,0.0,21,0.58,1.5842060032438436,0.0,58,8,25,373.34514362865,-8.159190849826786,14.00696361417948,-3.044522437723423,33,0.23,1.5701430394328486,3.044522437723423,24,4,50,824.3830860117396,-7.514047185328893,14.2787904133709,0.0,32,0.47,0.9793958621926688,0.0,47,4,50,823.9681843154307,-7.816076553684431,14.229200609276743,-1.5222612188617115,33,0.13,1.5593945184420213,3.044522437723423,35,4,50,788.5404693148184,-7.504713606545891,14.294541042925708,0.0,33,0.45,1.0354214083813815,0.0,45,4,50,824.2103997669348,350,100,11,4
-1.513526530155343,18.96486348366424,-2.381086967398878,35,0.17,2.5764207046818424,0.0,17,6,17,478.646884829813,-3.4885985546784712,13.769859081169962,-1.416606672028108,39,0.13,2.307264583025048,-3.49650756146648,16,18,11,317.7595002841851,-0.2674051449596574,17.72511343462449,0.0,40,0.18,2.5293141478363186,0.0,18,18,17,478.5214540014387,-0.0151127687226369,17.19349901061933,0.0,46,0.17,2.686297277647514,0.0,17,18,5,511.31271417021634,2.2231540472193525,18.62662133341423,-0.8047189562170501,39,0.12,2.5196457240686594,-3.49650756146648,13,2,5,542.2737162331749,2.690741035642495,20.61527582001117,0.0,45,0.06,1.971999313439928,3.49650756146648,15,18,5,672.7432822164175,1.3976273845636356,19.73598132337837,0.0,50,0.12,2.6504573907218894,0.0,12,2,5,657.8350407407096,1.7886773600909984,17.979693649327753,2.6990813507588767,49,0.11,2.5402355857800494,0.0,11,4,5,547.6640375978423,0,100,11,5
-4.424750219193635,17.35532855127743,-2.2213256282451583,21,0.23,2.629237654836313,0.0,23,6,50,680.3337390675651,-4.655564129632707,12.948815340242913,0.0,24,0.17,2.130154384614249,-3.49650756146648,24,8,50,453.07228905872,-3.5046756030687023,15.023040537944349,-2.833213344056216,24,0.23,2.619727109068126,-2.833213344056216,23,18,50,618.0099787094016,-2.6465923008308687,15.310611199238636,-2.833213344056216,26,0.16,2.33602497563955,-3.49650756146648,17,2,50,549.9154774057508,6.207896741113021,20.0284080398859,0.0,31,0.11,1.8810329377807795,-3.49650756146648,17,2,50,694.0873416633526,7.846169801801007,22.5305748219319,3.49650756146648,41,0.0,1.9024549991691009,3.49650756146648,15,18,6,789.6938329299664,5.340319004411352,22.29823265639167,3.1648604527613484,44,0.12,2.0729719058709937,0.0,12,2,50,958.485699250544,4.972076907397689,19.377207493804136,3.49650756146648,41,0.05,2.0682257878488004,-3.49650756146648,12,4,22,632.6189334886632,50,100,11,5
-4.368349933336708,17.371430539970337,-2.2213256282451583,21,0.23,2.645104992549128,0.0,23,6,50,682.7548905766658,-4.4928603587557765,12.997921010878317,0.0,25,0.18,2.133834917297164,-3.49650756146648,22,18,50,456.45436890500514,-2.589881296362732,15.29841180198732,0.0,25,0.23,2.348591380994175,-2.833213344056216,23,18,50,610.6791713235009,-2.4530410085462235,15.342264357160362,0.0,27,0.16,2.3532696901802903,-3.49650756146648,17,2,50,557.0924754599998,7.539160147480004,20.06304143104852,0.0,32,0.1,1.8634536617538893,-3.49650756146648,16,2,50,693.7771861091877,7.928944974675415,22.501808500838447,3.49650756146648,43,0.0,1.9037982531559243,3.49650756146648,15,18,6,776.6206756414343,4.366604676225351,22.00795671840861,3.1648604527613484,41,0.12,2.05710456815764,0.0,12,2,50,944.810617828526,4.291748376188803,19.20868546608944,3.49650756146648,39,0.06,2.3966617708004128,2.833213344056216,12,4,50,647.5412503067143,100,100,11,5
-4.025459862479946,18.282463982861227,-2.2213256282451583,22,0.21,2.6606592822797865,0.0,21,6,50,711.3774697224947,-4.192377462976359,13.2082597802176,0.0,26,0.17,2.142807970843012,-3.49650756146648,20,18,50,437.9445587096853,-2.7778446022940453,15.588813720523676,0.0,26,0.22,2.3713296946826867,0.0,22,18,50,642.1349437276776,-2.760965790413666,15.603579806529332,0.0,28,0.17,2.367703218214809,0.0,17,2,50,587.8849536467438,6.658929436747194,20.131182924085905,0.0,33,0.11,1.8931620959649769,-3.49650756146648,17,2,50,725.9108583075022,6.461050577022888,22.31898609210733,3.49650756146648,42,0.0,1.94002380536411,3.49650756146648,18,18,6,794.7798546477214,3.7658207924859903,22.12049424862704,2.833213344056216,42,0.11,2.159906472396893,3.8918202981106265,12,2,50,999.2225795142726,5.195190420503367,19.74031265526687,3.49650756146648,40,0.06,2.0501980415321475,2.833213344056216,12,4,50,667.678426172158,150,100,11,5
-4.075227206162129,18.27085350386943,-2.2213256282451583,22,0.21,2.6447919445669723,0.0,21,6,50,709.6196124307401,-4.355080865614773,13.163654119837702,0.0,25,0.16,2.1431803196655723,-3.49650756146648,22,18,50,434.5624420395483,-3.1702553906785496,15.201545811674004,-1.416606672028108,25,0.21,2.3401701341307897,-2.833213344056216,21,18,50,604.4492351067202,-3.720383619069667,15.311557271619105,-2.833213344056216,27,0.17,2.314084172871617,0.0,17,2,50,601.3760381210586,5.384603351767296,20.021200752826005,0.0,31,0.12,1.912818774065216,-3.49650756146648,17,2,50,720.5272817228011,5.823092185296631,22.495203572328585,3.49650756146648,41,0.0,1.950630732880403,3.49650756146648,18,18,50,797.8089177429305,4.774499828047094,22.430712941945472,3.1648604527613484,44,0.1,2.1606907759292766,-2.833213344056216,11,2,50,1016.3942053215288,5.868885641298983,19.874334557597773,3.49650756146648,42,0.05,2.0686560378365124,-3.49650756146648,11,4,50,649.2344588264963,200,100,11,5
-3.509408565418737,17.840523920740974,-1.6094379124341005,20,0.23,2.6289246068541576,0.0,23,6,50,646.0447332334678,-4.269931336262077,12.707154585631644,0.0,23,0.16,2.1110425474714347,-3.49650756146648,24,18,50,421.5020248445899,-3.1201869132100244,14.784748739236202,-2.833213344056216,23,0.22,2.3004706858313075,-2.833213344056216,23,18,50,586.5541248464667,-3.132865619679761,14.790575799057386,-2.833213344056216,25,0.18,2.303441165978842,0.0,18,2,50,535.6312230591352,5.970047764525313,19.85424314541906,0.0,31,0.12,1.8931620959649769,-3.49650756146648,16,2,6,681.084526229587,7.633730786377459,22.38663814692445,3.49650756146648,41,0.0,1.9129350397776232,3.49650756146648,17,18,6,807.696238129498,5.99776625117236,22.13226791214578,3.49650756146648,43,0.11,2.1380902351067186,-2.833213344056216,11,2,50,955.6525595539194,5.880784870003643,19.37489423963193,3.49650756146648,41,0.05,2.0586700036551697,-3.49650756146648,12,4,50,594.8083139507385,250,100,11,5
-4.104851463175252,17.146668861655385,-1.6094379124341005,21,0.24,2.627105067638614,0.0,24,6,50,649.4120284375874,-4.249376074869362,12.705610689032952,0.0,24,0.17,2.1194265545542468,-3.49650756146648,23,18,50,425.1129253934308,-2.862147220385442,15.155482641267753,-2.833213344056216,24,0.23,2.310960140410412,-2.833213344056216,24,18,50,625.0175012123711,-2.2322247806047315,15.052432404784357,0.0,26,0.16,2.3374704850942924,-3.49650756146648,17,2,50,522.3514108548052,7.186535597680762,19.944954986918624,0.0,31,0.11,1.8642902997055488,-3.49650756146648,16,2,50,666.1280561089117,8.485871727395196,22.2959182659904,3.49650756146648,42,0.0,1.8882444141543304,3.49650756146648,15,18,6,729.7881431741821,5.275312761578265,22.030907943679946,3.49650756146648,43,0.12,2.0477475750508214,0.0,12,2,50,909.8583791498016,4.857566403202885,19.07455781527086,3.49650756146648,39,0.06,2.045750242169806,-3.49650756146648,12,4,22,603.4108306910415,300,100,11,5
-4.682907858234175,17.573107947883482,-2.833213344056216,22,0.22,2.645104992549128,0.0,22,6,50,714.2106830664125,-4.235118847805104,13.188084656121296,0.0,26,0.18,2.152601843501359,-3.49650756146648,20,18,50,440.8921087577392,-2.84777401705178,15.568340662564676,0.0,26,0.24,2.3626001508696586,0.0,24,18,50,642.1348700805183,-2.732632920500686,15.611138602537704,0.0,28,0.16,2.362600150947545,-3.49650756146648,16,2,50,585.0516666554461,7.246301413844296,20.41352653312716,0.0,33,0.1,1.8797590525805887,-3.49650756146648,17,2,50,721.7364710374685,7.020236275589833,22.58635481200988,3.49650756146648,43,0.0,1.9255307293635824,3.49650756146648,16,18,6,812.598376948817,3.394597986978131,21.95631409906719,2.833213344056216,41,0.12,2.0796615501912945,-2.833213344056216,12,2,50,973.4332750849062,4.646736032658016,19.38076862956324,3.49650756146648,40,0.06,2.0388536364545806,2.833213344056216,12,4,50,667.961054516395,350,100,11,5
-4.087464960477044,18.269607626139145,-2.833213344056216,22,0.21,2.6447919445669723,0.0,21,6,50,705.176961174119,-4.227341607523283,13.20174330847222,0.0,25,0.16,2.136526374582711,-3.49650756146648,21,18,50,434.4479580414448,-2.8195875439255333,15.586909494990753,0.0,25,0.21,2.365818848219421,-2.833213344056216,21,18,50,637.9604633510353,-3.6007151987719466,15.340545351449675,-1.416606672028108,27,0.17,2.325788947786846,0.0,17,2,50,601.1646676548457,6.029813580687868,20.32848286868009,0.0,32,0.11,1.9085913805651609,-3.49650756146648,17,2,50,718.9178438102364,5.825205276231417,22.494380401742333,3.49650756146648,41,0.0,1.950630732880403,3.49650756146648,18,18,6,740.484705872448,4.223219647739925,22.10454162548333,3.1648604527613484,43,0.1,2.1711120978813985,3.8918202981106265,12,2,50,1016.394278968291,5.617624188984605,19.69615858631856,3.49650756146648,41,0.06,2.0651940181062587,2.833213344056216,12,4,50,681.3536191805904,400,100,11,5
-3.83059943249074,18.051687004757166,-2.2213256282451583,21,0.22,2.6287314690959094,0.0,22,6,50,671.1708048177352,-4.110452154622104,12.872551297190448,0.0,24,0.15,2.126007612830816,-3.49650756146648,24,18,50,403.1065558173484,-3.4347442243865145,15.047311509289194,-2.833213344056216,24,0.21,2.304290300135315,-2.833213344056216,23,18,50,618.0098559641158,-3.5107201399107937,15.039531180174963,-2.833213344056216,26,0.17,2.2963673954311035,-3.49650756146648,18,2,50,566.4236599593053,4.9914089142113065,19.8782762099402,0.0,30,0.12,1.9059252053401856,-3.49650756146648,17,2,50,691.2687138100653,6.7250220872925786,22.45967671194297,3.49650756146648,40,0.0,1.9332808458183008,3.49650756146648,18,18,6,798.9260103260956,5.683207589804309,22.436718310261025,3.49650756146648,44,0.1,2.142812121764598,-2.833213344056216,11,2,50,981.4419990022434,6.155110495432967,19.54014358365276,3.49650756146648,41,0.05,2.0621320233854235,-3.49650756146648,12,4,50,621.9385618475666,450,100,11,5
-4.028897590385483,17.16565872386113,-1.6094379124341005,23,0.23,2.657892385207342,0.0,23,6,50,651.8775170013953,-4.267973103132027,12.695975960133204,0.0,25,0.17,2.1194265545542468,-3.49650756146648,23,10,50,424.5250773564531,-3.214234120930363,14.757754542535954,-2.833213344056216,26,0.23,2.6237341288087195,-2.833213344056216,23,18,50,590.580013375386,-2.3407362322414893,15.03356954380396,-2.381086967398878,28,0.16,2.3240674417101053,-3.49650756146648,17,2,50,521.9836124281111,6.5896085061289895,19.65418660863937,0.0,32,0.11,1.8768567051382767,-3.49650756146648,16,2,6,671.7498075919611,8.152024196586245,22.199135560103144,3.49650756146648,43,0.0,1.8964496595479383,3.49650756146648,15,18,6,760.9181224959458,5.826591591691649,22.3321985790615,3.49650756146648,44,0.12,2.0460493065818386,0.0,12,2,50,909.8584405217129,5.458349505838824,19.425504256094595,3.49650756146648,40,0.05,2.0449873805561056,-3.49650756146648,12,4,22,638.9970076124999,500,100,11,5
0.0164017594868155,20.93324829050244,0.0,42,0.24,2.338733279594708,0.0,24,4,50,898.2619478021568,-0.4161507903492255,12.650707061469014,0.0,28,0.2,2.205464059327592,0.0,20,8,50,433.9540290894042,-1.3046712290717946,18.37878912812449,0.0,46,0.23,2.5153328989503785,0.0,23,4,25,738.99072679328,0.3412389415525383,13.474016146377927,0.0,28,0.34,2.3215136773573937,0.0,34,16,50,436.91800302277056,0.3781228353037981,18.45408672167916,0.0,35,0.18,2.418303928517901,0.0,18,2,50,734.6951347038538,0.9955016245783044,19.96542662731928,0.0,42,0.24,2.4209806465699244,0.0,24,4,50,750.2170715943896,-0.083143940695397,19.90915729576124,1.90333124488516,43,0.11,2.525386820999652,3.044522437723423,17,2,50,846.8358734904505,0.1275620854827885,18.37098175971899,1.0986122886681098,41,0.22,2.3381751851908987,0.0,22,4,50,687.4599053211434,550,100,11,5
3.882144133299344,24.285316354194567,1.416606672028108,52,0.25,1.5604122766544126,0.0,25,4,25,1371.6294469616296,3.844261204477532,10.92438980211196,2.19722457733622,19,0.24,2.298863564885547,-3.044522437723423,24,8,50,383.68524262008754,-0.4962264840260466,21.84524604641262,0.0,54,0.24,2.2537874985648947,0.0,24,4,25,1513.008548577168,3.635163042458668,10.887524543314036,0.0,17,0.58,1.6777498607948385,0.0,58,8,25,344.73113798177536,-7.833502898103182,13.803797300229556,0.0,28,0.26,1.4895642179521462,0.0,26,4,50,862.5078731911274,-7.038439996552192,14.154560578031235,0.0,28,0.48,0.8112781247028926,0.0,48,4,50,862.5078731911269,-7.014835048256042,14.617850029228054,0.0,31,0.11,1.5375885331212376,3.044522437723423,36,4,50,857.6037498155001,-5.94766111180892,15.320860926512836,0.0,32,0.44,1.834686815263824,0.0,44,4,50,864.6450196444989,600,100,11,5
4.140037791316888,24.44262357923048,0.0,52,0.26,1.5611819421386397,0.0,26,4,25,1384.5111029750458,4.030582764022088,10.389368567950884,0.0,17,0.25,1.903084570639961,-3.044522437723423,26,8,25,395.4867898554064,8.991918321044067e-14,22.296713008234374,0.0,53,0.24,1.913373186404603,0.0,24,4,25,1574.7803421203184,4.963379914055944,10.346591016491114,0.0,15,0.62,1.310233267254462,0.0,62,8,25,418.16370134451273,-7.924838571233838,13.754934109219583,-3.044522437723423,28,0.25,1.5095699921973325,-3.044522437723423,26,4,50,859.4633507532992,-7.102817513048509,14.115026846838395,0.0,27,0.5,0.8112781247838816,0.0,50,4,50,862.5078731910221,-7.529050654329845,14.018547006277815,-3.044522437723423,28,0.12,1.5095699921973325,3.044522437723423,37,4,50,825.9736039383467,-7.133262737425748,14.096377941185915,0.0,27,0.51,0.8112781248243761,0.0,51,4,50,859.4633507532991,650,100,11,5
4.170483015693704,24.439343750065493,1.5222612188617115,52,0.25,1.5611819421386397,0.0,25,4,25,1382.8645374297832,4.334924176445358,10.73463293257628,1.0986122886681098,18,0.24,1.912795954638569,-3.044522437723423,26,8,25,425.58054833866606,-0.0304452243770644,22.294613539844224,0.0,53,0.25,1.897520139850759,0.0,25,4,25,1574.630242618037,4.963379914055398,10.34659101648972,0.0,15,0.62,1.310233267254462,0.0,62,8,25,418.1637013444595,-7.894393346855467,13.77579484396013,-3.044522437723423,28,0.24,1.5095699921973325,-3.044522437723423,26,4,50,862.5078731909089,-7.102817513047381,14.11502684683645,0.0,27,0.5,0.8112781247838816,0.0,50,4,50,862.5078731909093,-7.559495878705948,13.998842624078032,-3.044522437723423,28,0.13,1.5095699921973325,3.044522437723423,36,4,50,822.9290815005099,-7.102817513047377,14.11502684683644,0.0,27,0.5,0.8112781247838816,0.0,50,4,50,862.5078731909088,700,100,11,5
4.48504094059217,24.58563662162886,3.044522437723423,52,0.24,1.5611819421386397,0.0,24,4,25,1409.4411463299791,4.426259849576515,10.692962376625868,2.19722457733622,18,0.25,2.259422768818224,0.0,25,8,25,418.92483887787176,8.473222123939195e-14,22.29255545319598,0.0,53,0.26,1.897520139850759,0.0,26,4,25,1574.4860158921188,4.648821989155717,10.009039471156925,0.0,14,0.63,1.2870102911617602,0.0,63,8,25,387.45865468827054,-7.803057673722716,13.8243831569263,0.0,28,0.25,1.4895642179521462,3.044522437723423,26,4,50,865.5523956285276,-7.102817513046334,14.115026846834644,0.0,27,0.5,0.8112781247838816,0.0,50,4,50,862.5078731908045,-7.437714981195962,14.063924367412652,0.0,28,0.13,1.4895642179521462,3.044522437723423,38,4,50,822.9290815004052,-7.072372288669094,14.133585563815844,0.0,27,0.49,0.8112781247028926,0.0,49,4,50,865.5523956285274,750,100,11,5
-1.5137462671395292,18.9714645171174,-2.381086967398878,35,0.17,2.5764207046818424,0.0,17,6,17,478.8169873931929,-3.321897533421624,14.042979133097452,-1.416606672028108,39,0.13,2.307264583025048,-3.49650756146648,16,18,11,332.06615941528884,-0.1332010589100837,17.87487020417615,0.0,40,0.18,2.5293141478363186,0.0,18,18,17,483.9425688394609,0.1193131564443886,17.345489946895945,0.0,46,0.17,2.686297277647514,0.0,17,18,5,521.1598124767213,2.22414922898386,18.63304967048267,-0.8047189562170501,39,0.12,2.5196457240686594,-3.49650756146648,13,2,5,542.4719903844251,2.691736217407002,20.62241312093118,0.0,45,0.06,1.971999313439928,3.49650756146648,15,18,5,672.9957775236433,1.2974726689139915,19.84552661089395,0.0,50,0.12,2.6504573907218894,0.0,12,2,5,650.6206982175651,1.6550274335126698,18.13874228831675,2.6990813507588767,49,0.11,2.5402355857800494,0.0,11,4,5,537.5399858036074,0,100,11,6
-4.426078275120309,17.361417076838123,-2.2213256282451583,21,0.23,2.629237654836313,0.0,23,6,50,680.5774453689207,-4.489417031489229,13.25311785247954,0.0,24,0.17,2.157634641107532,-3.49650756146648,24,8,50,436.45757924437225,-3.337974014846057,15.274855808321137,-2.833213344056216,24,0.23,2.619727109068126,-2.833213344056216,23,18,50,601.4507205958253,-2.446062885418117,15.594612125674976,-2.833213344056216,26,0.16,2.33602497563955,-3.49650756146648,17,2,50,529.9956167149014,6.210331739693384,20.03530679251558,0.0,31,0.11,1.8810329377807795,-3.49650756146648,17,2,50,694.3310479647082,7.848936986399138,22.538424390950816,3.49650756146648,41,0.0,1.9024549991691009,3.49650756146648,15,18,6,789.990152371355,5.140786147051902,22.522440195306128,3.1648604527613484,44,0.12,2.0729719058709937,0.0,12,2,50,978.948336880399,4.772211928649043,19.62882937359304,3.49650756146648,41,0.05,2.0682257878488004,-3.49650756146648,12,4,50,650.1013699818341,50,100,11,6
-4.369677817227286,17.377517465970005,-2.2213256282451583,21,0.23,2.645104992549128,0.0,23,6,50,682.9985796744118,-4.326713250147218,13.29906699494318,0.0,25,0.18,2.16259284895348,-3.49650756146648,22,18,50,439.8396580441495,-2.389351967427732,15.581904608040023,0.0,25,0.23,2.348591380994175,-2.833213344056216,23,18,50,590.7593192804268,-2.252511614982874,15.6232053263333,0.0,27,0.16,2.3532696901802903,-3.49650756146648,17,2,50,537.1726169540907,7.542038232786831,20.06994714425082,0.0,32,0.1,1.8634536617538893,-3.49650756146648,16,2,50,694.0208752069336,7.9317123313096545,22.509657624314883,3.49650756146648,43,0.0,1.9037982531559243,3.49650756146648,15,18,6,776.9147671465096,4.200235155841429,22.19126426468765,3.1648604527613484,41,0.12,2.05710456815764,0.0,12,2,50,961.9126302917932,4.125157452316692,19.415688430233573,3.49650756146648,39,0.06,2.3966617708004128,2.833213344056216,12,4,50,664.5325287116934,100,100,11,6
-4.026676673625741,18.28886908471012,-2.2213256282451583,22,0.21,2.6606592822797865,0.0,21,6,50,711.6322316874998,-3.992624444693661,13.557804496618555,0.0,26,0.17,2.183691971383542,-3.49650756146648,20,18,50,417.9692568814155,-2.577426195916244,15.86969546112287,0.0,26,0.22,2.3713296946826867,0.0,22,18,50,622.2261839403234,-2.560547319407738,15.883987549732364,0.0,28,0.17,2.367703218214809,0.0,17,2,50,567.9761873965768,6.66147533603626,20.138127968014,0.0,33,0.11,1.8931620959649769,-3.49650756146648,17,2,50,726.1656202725073,6.463264290294184,22.32677361545752,3.49650756146648,42,0.0,1.94002380536411,3.49650756146648,18,18,6,795.079529649791,3.5992299763276763,22.29843043409445,2.833213344056216,42,0.11,2.159906472396893,3.8918202981106265,12,2,50,1016.34672155498,5.028931844219625,19.94978365855493,3.49650756146648,40,0.06,2.0501980415321475,2.833213344056216,12,4,50,684.6807612873367,150,100,11,6
-4.076444189344027,18.27725961905704,-2.2213256282451583,22,0.21,2.6447919445669723,0.0,21,6,50,709.8743915993555,-4.155328213252165,13.516757314507895,0.0,25,0.16,2.18293579744688,-3.49650756146648,22,18,50,414.5871768032876,-2.969948250929469,15.494281968382216,-1.416606672028108,25,0.21,2.3401701341307897,-2.833213344056216,21,18,50,584.5294218405004,-3.5537931365176805,15.561212728622968,-2.833213344056216,27,0.17,2.314084172871617,0.0,17,2,50,584.8278905745482,5.38670616432991,20.028117490777625,0.0,31,0.12,1.912818774065216,-3.49650756146648,17,2,50,720.7820608914167,5.825084269186655,22.50305048357692,3.49650756146648,41,0.0,1.950630732880403,3.49650756146648,18,18,50,798.0747697788051,4.574746030368984,22.64866929229264,3.1648604527613484,44,0.1,2.1606907759292766,-2.833213344056216,11,2,50,1036.8789369832523,5.669353365594028,20.129072006139,3.49650756146648,42,0.05,2.0686560378365124,-3.49650756146648,11,4,50,669.5863096183148,200,100,11,6
-3.510404091255458,17.84677625080932,-1.6094379124341005,20,0.23,2.6289246068541576,0.0,23,6,50,646.2773666675655,-4.103674101870347,13.011950838123148,0.0,23,0.16,2.1472465699775656,-3.49650756146648,24,18,50,404.8763014054168,-2.953375188738954,15.036081321496097,-2.833213344056216,23,0.22,2.3004706858313075,-2.833213344056216,23,18,50,569.983853108048,-2.966053841352261,15.041951693906215,-2.833213344056216,25,0.18,2.303441165978842,0.0,18,2,50,519.0609459350733,5.972372034433112,19.861089450351244,0.0,31,0.12,1.8931620959649769,-3.49650756146648,16,2,6,681.324384091376,7.636387242303029,22.394446616541803,3.49650756146648,41,0.0,1.9129350397776232,3.49650756146648,17,18,6,808.0009435102089,5.798455562068323,22.36394821322313,3.49650756146648,43,0.11,2.1380902351067186,-2.833213344056216,11,2,50,976.115126092755,5.681252788182178,19.635877815336148,3.49650756146648,41,0.05,2.0586700036551697,-3.49650756146648,12,4,50,615.1379996196908,250,100,11,6
-4.106068618393254,17.152679356474486,-1.6094379124341005,21,0.24,2.627105067638614,0.0,24,6,50,649.6446446680757,-4.0831188300105,13.010179812698762,0.0,24,0.17,2.15181096275635,-3.49650756146648,23,18,50,408.4872009075446,-2.695224584738506,15.398216517758534,-2.833213344056216,24,0.23,2.310960140410412,-2.833213344056216,24,18,50,608.4583184981034,-2.031585369276557,15.33558233401917,0.0,26,0.16,2.3374704850942924,-3.49650756146648,17,2,50,502.4205505724136,7.189302954315025,19.95181773423572,0.0,31,0.11,1.8642902997055488,-3.49650756146648,16,2,50,666.3606723394,8.488860541374638,22.30368645890889,3.49650756146648,42,0.0,1.8882444141543304,3.49650756146648,15,18,6,730.0636976515699,5.109276019635598,22.2209105340484,3.49650756146648,43,0.12,2.0477475750508214,0.0,12,2,50,926.9492595034652,4.691197529098754,19.287833795342017,3.49650756146648,39,0.06,2.045750242169806,-3.49650756146648,12,4,22,613.0378384548296,300,100,11,6
-4.684346470797362,17.57926994507876,-2.833213344056216,22,0.22,2.645104992549128,0.0,22,6,50,714.4654450314193,-4.035366540427095,13.538779808558754,0.0,26,0.18,2.186475331514378,-3.49650756146648,20,18,50,420.9168780199383,-2.647356321578461,15.850468575976988,0.0,26,0.24,2.3626001508696586,0.0,24,18,50,622.2261813836121,-2.5322151604000624,15.891054762499328,0.0,28,0.16,2.362600150947545,-3.49650756146648,16,2,50,565.1429714958093,7.249068770478566,20.42056490126417,0.0,33,0.1,1.8797590525805887,-3.49650756146648,17,2,50,721.9912330024754,7.02267144620633,22.594234931195665,3.49650756146648,43,0.0,1.9255307293635824,3.49650756146648,16,18,6,812.9051886805372,3.2278970345686573,22.13263431454677,2.833213344056216,41,0.12,2.0796615501912945,-2.833213344056216,12,2,50,990.546285016215,4.480256591449844,19.58912378595338,3.49650756146648,40,0.06,2.0388536364545806,2.833213344056216,12,4,50,684.9633303895016,350,100,11,6
-4.088681943658956,18.276013363131337,-2.833213344056216,22,0.21,2.6447919445669723,0.0,21,6,50,705.431740342736,-4.0275896660629,13.551970425545155,0.0,25,0.16,2.181885985903491,-3.49650756146648,21,18,28,418.9403367865888,-2.6191702143697846,15.8683513592303,0.0,25,0.21,2.365818848219421,-2.833213344056216,21,18,50,618.0518112458863,-3.434125308639338,15.5884570010061,-1.416606672028108,27,0.17,2.325788947786846,0.0,17,2,50,584.616579350273,6.0321378505956815,20.335505301827087,0.0,32,0.11,1.9085913805651609,-3.49650756146648,17,2,50,719.1726229788534,5.827197360121461,22.50222741297603,3.49650756146648,41,0.0,1.950630732880403,3.49650756146648,18,18,6,740.7656553791887,4.0232451036203,22.32047658174796,3.1648604527613484,43,0.1,2.1711120978813985,3.8918202981106265,12,2,50,1036.8789395396525,5.417981895509908,19.95051277073061,3.49650756146648,41,0.06,2.0651940181062587,2.833213344056216,12,4,50,701.7164717493863,400,100,11,6
-3.8317056870000648,18.05801793623259,-2.2213256282451583,21,0.22,2.6287314690959094,0.0,22,6,50,671.4145111190933,-3.910589678369988,13.229499072572132,0.0,24,0.15,2.170484977269981,-3.49650756146648,24,18,28,383.43996790651687,-3.2680438210046754,15.297963692105936,-2.833213344056216,24,0.21,2.304290300135315,-2.833213344056216,23,18,50,601.4507163346201,-3.3440196826732085,15.291139271327792,-2.833213344056216,26,0.17,2.2963673954311035,-3.49650756146648,18,2,50,549.864514944235,4.993400998101356,19.88513685750552,0.0,30,0.12,1.9059252053401856,-3.49650756146648,17,2,50,691.5124201114235,6.727346357200401,22.4675116526682,3.49650756146648,40,0.0,1.9332808458183008,3.49650756146648,18,18,6,799.2281582600386,5.483786882928888,22.66270030722952,3.49650756146648,44,0.1,2.142812121764598,-2.833213344056216,11,2,50,1001.9155673182214,5.955689853184477,19.80185524871024,3.49650756146648,41,0.05,2.0621320233854235,-3.49650756146648,12,4,50,642.2792492937423,450,100,11,6
-4.426078275117548,17.361417076833824,-2.2213256282451583,21,0.23,2.629237654836313,0.0,23,6,50,680.5774453686445,-4.489416983066499,13.253117943893276,0.0,24,0.17,2.157634641107532,-3.49650756146648,24,8,50,436.4575744020991,-3.3379739664233266,15.274855883985415,-2.833213344056216,24,0.23,2.619727109068126,-2.833213344056216,23,18,50,601.4507157535522,-2.4460628273113887,15.594612211288055,-2.833213344056216,26,0.16,2.33602497563955,-3.49650756146648,17,2,50,529.9956109042287,6.21033173968855,20.035306792506773,0.0,31,0.11,1.8810329377807795,-3.49650756146648,17,2,50,694.331047964432,7.848936986393787,22.53842439094039,3.49650756146648,41,0.0,1.9024549991691009,3.49650756146648,15,18,6,789.9901523709357,5.140786088943619,22.52244026152762,3.1648604527613484,44,0.12,2.0729719058709937,0.0,12,2,50,978.9483426904328,4.772211870541281,19.62882944848901,3.49650756146648,41,0.05,2.0682257878488004,-3.49650756146648,12,4,50,650.1013757920576,500,100,11,6
-4.369677817224351,17.377517465965425,-2.2213256282451583,21,0.23,2.645104992549128,0.0,23,6,50,682.9985796741183,-4.326713201724321,13.299067085448296,0.0,25,0.18,2.16259284895348,-3.49650756146648,22,18,50,439.8396532018597,-2.3893519093208413,15.58190469351111,0.0,25,0.23,2.348591380994175,-2.833213344056216,23,18,50,590.7593134697377,-2.252511556875981,15.623205411069494,0.0,27,0.16,2.3532696901802903,-3.49650756146648,17,2,50,537.1726111434014,7.542038232781477,20.06994714424173,0.0,32,0.1,1.8634536617538893,-3.49650756146648,16,2,50,694.0208752066401,7.931712331304473,22.50965762430416,3.49650756146648,43,0.0,1.9037982531559243,3.49650756146648,15,18,6,776.9147671460813,4.200235107418011,22.19126431864178,3.1648604527613484,41,0.12,2.05710456815764,0.0,12,2,50,961.91263513341,4.1251574038936205,19.41568849171677,3.49650756146648,39,0.06,2.3966617708004128,2.833213344056216,12,4,50,664.5325335534826,550,100,11,6
-4.0266766736226325,18.288869084705457,-2.2213256282451583,22,0.21,2.6606592822797865,0.0,21,6,50,711.632231687189,-3.992624386586604,13.557804601721012,0.0,26,0.17,2.183691971383542,-3.49650756146648,20,18,50,417.9692510707097,-2.577426137809187,15.869695545732275,0.0,26,0.22,2.3713296946826867,0.0,22,18,50,622.2261781296177,-2.5605472613006786,15.8839876342039,0.0,28,0.17,2.367703218214809,0.0,17,2,50,567.976181585871,6.661475336031425,20.13812796800481,0.0,33,0.11,1.8931620959649769,-3.49650756146648,17,2,50,726.1656202721965,6.463264290289867,22.32677361544685,3.49650756146648,42,0.0,1.94002380536411,3.49650756146648,18,18,6,795.0795296493635,3.5992299279046085,22.298430486484072,2.833213344056216,42,0.11,2.159906472396893,3.8918202981106265,12,2,50,1016.3467263965616,5.0289317957960415,19.9497837205851,3.49650756146648,40,0.06,2.0501980415321475,2.833213344056216,12,4,50,684.680766129108,600,100,11,6
-4.076444189341092,18.277259619052632,-2.2213256282451583,22,0.21,2.6447919445669723,0.0,21,6,50,709.8743915990619,-4.155328155145288,13.516757420629304,0.0,25,0.16,2.18293579744688,-3.49650756146648,22,18,50,414.5871709925997,-2.969948192822592,15.49428205651399,-1.416606672028108,25,0.21,2.3401701341307897,-2.833213344056216,21,18,50,584.5294160298126,-3.5537930880947903,15.561212803566123,-2.833213344056216,27,0.17,2.314084172871617,0.0,17,2,50,584.8278857322591,5.386706164325594,20.028117490768743,0.0,31,0.12,1.912818774065216,-3.49650756146648,17,2,50,720.7820608911231,5.825084269182512,22.503050483566405,3.49650756146648,41,0.0,1.950630732880403,3.49650756146648,18,18,50,798.0747697784943,4.574745972261066,22.648669356692707,3.1648604527613484,44,0.1,2.1606907759292766,-2.833213344056216,11,2,50,1036.8789427932502,5.669353307485768,20.12907208176282,3.49650756146648,42,0.05,2.0686560378365124,-3.49650756146648,11,4,50,669.5863154285192,650,100,11,6
-3.510404091252868,17.846776250805267,-1.6094379124341005,20,0.23,2.6289246068541576,0.0,23,6,50,646.2773666673066,-4.103674053447809,13.01195092979599,0.0,23,0.16,2.1472465699775656,-3.49650756146648,24,18,50,404.8762965631631,-2.953375140316417,15.03608139712365,-2.833213344056216,23,0.22,2.3004706858313075,-2.833213344056216,23,18,50,569.9838482657943,-2.966053792929724,15.04195176954508,-2.833213344056216,25,0.18,2.303441165978842,0.0,18,2,50,519.0609410928193,5.97237203442845,19.86108945034253,0.0,31,0.12,1.8931620959649769,-3.49650756146648,16,2,6,681.3243840910714,7.63638724229785,22.39444661653144,3.49650756146648,41,0.0,1.9129350397776232,3.49650756146648,17,18,6,808.0009435097755,5.798455503959721,22.36394828162281,3.49650756146648,43,0.11,2.1380902351067186,-2.833213344056216,11,2,50,976.1151319027864,5.681252730073924,19.63587789289518,3.49650756146648,41,0.05,2.0586700036551697,-3.49650756146648,12,4,50,615.1380054299291,700,100,11,6
-4.106068618390492,17.152679356470077,-1.6094379124341005,21,0.24,2.627105067638614,0.0,24,6,50,649.6446446677994,-4.083118781587795,13.010179904307206,0.0,24,0.17,2.15181096275635,-3.49650756146648,23,18,50,408.4871960652741,-2.695224536315802,15.398216590795348,-2.833213344056216,24,0.23,2.310960140410412,-2.833213344056216,24,18,50,608.4583136558329,-2.0315853111698616,15.335582419507814,0.0,26,0.16,2.3374704850942924,-3.49650756146648,17,2,50,502.420544761744,7.189302954309845,19.95181773422669,0.0,31,0.11,1.8642902997055488,-3.49650756146648,16,2,50,666.3606723391238,8.488860541369114,22.30368645889833,3.49650756146648,42,0.0,1.8882444141543304,3.49650756146648,15,18,6,730.0636976511685,5.109275971211681,22.22091058991137,3.49650756146648,43,0.12,2.0477475750508214,0.0,12,2,50,926.9492643450968,4.691197480675357,19.2878338586539,3.49650756146648,39,0.06,2.045750242169806,-3.49650756146648,12,4,22,613.0378412143829,750,100,11,6
-4.684346470794253,17.579269945074028,-2.833213344056216,22,0.22,2.645104992549128,0.0,22,6,50,714.4654450311086,-4.035366482320061,13.5387799139923,0.0,26,0.18,2.186475331514378,-3.49650756146648,20,18,50,420.91687220923495,-2.647356263471429,15.850468660945351,0.0,26,0.24,2.3626001508696586,0.0,24,18,50,622.2261755729089,-2.532215102293028,15.89105484682966,0.0,28,0.16,2.362600150947545,-3.49650756146648,16,2,50,565.1429656851059,7.249068770473385,20.420564901254835,0.0,33,0.1,1.8797590525805887,-3.49650756146648,17,2,50,721.9912330021646,7.022671446201669,22.59423493118485,3.49650756146648,43,0.0,1.9255307293635824,3.49650756146648,16,18,6,812.9051886800949,3.227896986145782,22.132634366516623,2.833213344056216,41,0.12,2.0796615501912945,-2.833213344056216,12,2,50,990.5462898578118,4.480256543026625,19.58912384776974,3.49650756146648,40,0.06,2.0388536364545806,2.833213344056216,12,4,50,684.9633352312709,800,100,11,6
-4.08868194365602,18.27601336312693,-2.833213344056216,22,0.21,2.6447919445669723,0.0,21,6,50,705.4317403424425,-4.027589607956047,13.55197053084307,0.0,25,0.16,2.181885985903491,-3.49650756146648,21,18,28,418.9403402016849,-2.619170156262933,15.868351444000002,0.0,25,0.21,2.365818848219421,-2.833213344056216,21,18,50,618.051805435201,-3.434125260216469,15.588457075446518,-1.416606672028108,27,0.17,2.325788947786846,0.0,17,2,50,584.6165745079862,6.032137850591023,20.33550530181805,0.0,32,0.11,1.9085913805651609,-3.49650756146648,17,2,50,719.1726229785597,5.827197360117318,22.50222741296552,3.49650756146648,41,0.0,1.950630732880403,3.49650756146648,18,18,6,740.7656553787799,4.023245045512752,22.3204766456596,3.1648604527613484,43,0.1,2.1711120978813985,3.8918202981106265,12,2,50,1036.8789453496474,5.417981837401844,19.950512846299333,3.49650756146648,41,0.06,2.0651940181062587,2.833213344056216,12,4,50,701.716477559571,850,100,11,6
-3.831705686997302,18.058017936228364,-2.2213256282451583,21,0.22,2.6287314690959094,0.0,22,6,50,671.414511118817,-3.9105896202633135,13.22949917992316,0.0,24,0.15,2.170484977269981,-3.49650756146648,24,18,28,383.4399713684075,-3.2680437725819864,15.297963767434508,-2.833213344056216,24,0.21,2.304290300135315,-2.833213344056216,23,18,50,601.4507114923512,-3.344019634250518,15.29113934693058,-2.833213344056216,26,0.17,2.2963673954311035,-3.49650756146648,18,2,50,549.8645101019661,4.993400998097212,19.885136857496725,0.0,30,0.12,1.9059252053401856,-3.49650756146648,17,2,50,691.5124201111473,6.72734635719574,22.467511652657745,3.49650756146648,40,0.0,1.9332808458183008,3.49650756146648,18,18,6,799.2281582596029,5.483786824820485,22.662700373920373,3.49650756146648,44,0.1,2.142812121764598,-2.833213344056216,11,2,50,1001.9155731282332,5.955689795076074,19.80185532642425,3.49650756146648,41,0.05,2.0621320233854235,-3.49650756146648,12,4,50,642.2792551039608,900,100,11,6
-4.426078275114785,17.361417076829518,-2.2213256282451583,21,0.23,2.629237654836313,0.0,23,6,50,680.5774453683682,-4.489416934643815,13.253118035306928,0.0,24,0.17,2.157634641107532,-3.49650756146648,24,8,50,436.45756955983074,-3.337973918000643,15.274855959649624,-2.833213344056216,24,0.23,2.619727109068126,-2.833213344056216,23,18,50,601.4507109112839,-2.4460627692047177,15.594612296901053,-2.833213344056216,26,0.16,2.33602497563955,-3.49650756146648,17,2,50,529.9956050935614,6.210331739683713,20.03530679249797,0.0,31,0.11,1.8810329377807795,-3.49650756146648,17,2,50,694.3310479641557,7.848936986388432,22.53842439092996,3.49650756146648,41,0.0,1.9024549991691009,3.49650756146648,15,18,6,789.9901523705161,5.140786030835395,22.522440327749045,3.1648604527613484,44,0.12,2.0729719058709937,0.0,12,2,50,978.9483485004612,4.772211812433577,19.62882952338493,3.49650756146648,41,0.05,2.0682257878488004,-3.49650756146648,12,4,50,650.1013816022756,950,100,11,6
-4.369677817221415,17.37751746596085,-2.2213256282451583,21,0.23,2.645104992549128,0.0,23,6,50,682.9985796738247,-4.32671315330147,13.299067175953327,0.0,25,0.18,2.16259284895348,-3.49650756146648,22,18,50,439.83964835957465,-2.3893518512140064,15.58190477898211,0.0,25,0.23,2.348591380994175,-2.833213344056216,23,18,50,590.7593076590542,-2.2525114987691444,15.623205495805603,0.0,27,0.16,2.3532696901802903,-3.49650756146648,17,2,50,537.1726053327176,7.542038232776125,20.06994714423264,0.0,32,0.1,1.8634536617538893,-3.49650756146648,16,2,50,694.0208752063465,7.931712331299294,22.509657624293432,3.49650756146648,43,0.0,1.9037982531559243,3.49650756146648,15,18,6,776.9147671456531,4.200235058994637,22.191264372595867,3.1648604527613484,41,0.12,2.05710456815764,0.0,12,2,50,961.912639975022,4.125157355470595,19.41568855319991,3.49650756146648,39,0.06,2.3966617708004128,2.833213344056216,12,4,50,664.532538395267,1000,100,11,6
-4.026676673619525,18.288869084700792,-2.2213256282451583,22,0.21,2.6606592822797865,0.0,21,6,50,711.6322316868782,-3.9926243284796032,13.557804706823363,0.0,26,0.17,2.183691971383542,-3.49650756146648,20,18,50,417.9692452600096,-2.577426079702186,15.869695630341605,0.0,26,0.22,2.3713296946826867,0.0,22,18,50,622.2261723189176,-2.560547203193676,15.883987718675352,0.0,28,0.17,2.367703218214809,0.0,17,2,50,567.9761757751708,6.66147533602659,20.13812796799562,0.0,33,0.11,1.8931620959649769,-3.49650756146648,17,2,50,726.1656202718858,6.46326429028555,22.32677361543617,3.49650756146648,42,0.0,1.94002380536411,3.49650756146648,18,18,6,795.0795296489359,3.5992298794815865,22.29843053887364,2.833213344056216,42,0.11,2.159906472396893,3.8918202981106265,12,2,50,1016.3467312381384,5.028931747372504,19.9497837826152,3.49650756146648,40,0.06,2.0501980415321475,2.833213344056216,12,4,50,684.6807709708746,1050,100,11,6
-2.4754107475016376,19.07351772431227,0.0,32,0.23,2.365245484525704,0.0,23,4,50,787.3623771524756,-2.2655759607706587,13.283905159731516,0.0,29,0.16,2.2444071008988127,-3.49650756146648,17,8,50,420.9307431772773,-2.6938257675754307,16.49953776101607,0.0,37,0.21,2.665682387366249,0.0,21,4,50,504.1194684853915,-1.9762668881446568,14.710286910072613,0.0,29,0.22,2.31843368909655,0.0,22,2,50,508.1813093813539,2.707029184148441,19.31908884823328,0.0,34,0.15,2.409314147835605,0.0,15,2,50,712.5080538881771,3.6973554971210856,21.367097821516936,3.044522437723423,44,0.1,1.9476116075065708,3.49650756146648,12,4,50,773.518944623522,3.1471563649382883,21.82150415959213,2.833213344056216,47,0.1,2.0467619556798025,0.0,10,2,50,943.6953295819204,4.01785089735624,19.82048014196664,3.044522437723423,45,0.1,1.9591553063867924,0.0,10,4,50,647.6246071295607,1100,100,11,6
2.388517644263522,22.391127488541137,0.0,51,0.25,1.938195789879112,0.0,25,4,50,1001.0308126214028,1.9810430976194968,11.614615141656191,0.0,26,0.21,2.107978928668913,0.0,21,8,50,376.9365811993795,-0.908349200770146,19.824513901867288,0.0,53,0.24,2.412503675891821,0.0,24,4,25,1048.091357480506,1.796982727954,11.981925165570289,0.0,26,0.46,2.3207275729297514,0.0,46,8,50,355.72653041046283,-3.900086438915691,16.324175877503986,0.0,36,0.22,2.333156857637858,0.0,22,4,50,751.8165129600237,-2.280938688387033,18.01673678867829,0.0,40,0.36,2.234584031162923,0.0,36,4,50,788.425382032865,-2.2537599310696463,18.4576049913592,0.0,40,0.11,2.311471695224044,3.044522437723423,26,2,50,806.8085483605688,-2.031044894935313,17.36279101064661,0.0,39,0.32,2.424054282611513,0.0,32,4,50,717.5853339211649,1150,100,11,6
4.456035188960138,24.59794955125131,1.5222612188617115,52,0.25,1.8975201398507588,0.0,25,4,25,1411.5602454488776,4.123247181225115,10.35250338230832,1.0986122886681098,17,0.26,2.238845536816478,0.0,26,8,25,388.9285148850302,0.0304452243774114,22.3024249804853,0.0,53,0.25,1.913373186404603,0.0,25,4,25,1575.1832390433767,4.650150733228132,10.012598228678094,0.0,14,0.63,1.2870102911617602,0.0,63,8,25,387.5881045945636,-7.836271114917397,13.808534539674168,0.0,28,0.26,1.4895642179521462,0.0,26,4,50,862.7846948725488,-7.105585729863772,14.119802920214818,0.0,27,0.5,0.8112781247838816,0.0,50,4,50,862.7846948725482,-7.41003797363617,14.088001444898728,0.0,28,0.12,1.4895642179521462,3.044522437723423,39,4,50,826.2504256198729,-7.105585729863775,14.119802920214823,0.0,27,0.5,0.8112781247838816,0.0,50,4,50,862.7846948725489,1200,100,11,6
4.141366535387716,24.45123348210653,0.0,52,0.26,1.5611819421386397,0.0,26,4,25,1385.0054351429987,4.031911508092915,10.39287613501675,0.0,17,0.25,1.903084570639961,-3.044522437723423,26,8,25,395.614635420132,8.817835350782843e-14,22.30452371359819,0.0,53,0.24,1.913373186404603,0.0,24,4,25,1575.3332858551132,4.96481938679934,10.35027679538876,0.0,15,0.62,1.310233267254462,0.0,62,8,25,418.30446950556217,-7.927606788048064,13.759669796278915,-3.044522437723423,28,0.25,1.5095699921973325,-3.044522437723423,26,4,50,859.7401724347219,-7.105585729862735,14.119802920213033,0.0,27,0.5,0.8112781247838816,0.0,50,4,50,862.7846948724448,-7.531818871144071,14.023271799919288,-3.044522437723423,28,0.12,1.5095699921973325,3.044522437723423,37,4,50,826.2504256197692,-7.136030954239974,14.101154354217837,0.0,27,0.51,0.8112781248243761,0.0,51,4,50,859.7401724347217,1250,100,11,6
4.171811759764538,24.44795315331282,1.5222612188617115,52,0.25,1.5611819421386397,0.0,25,4,25,1383.3588487502886,4.336363649188761,10.738269765916176,1.0986122886681098,18,0.24,1.912795954638569,-3.044522437723423,26,8,25,425.71989348847706,-0.0304452243770656,22.30242498047921,0.0,53,0.25,1.897520139850759,0.0,25,4,25,1575.183239042946,4.964819386798802,10.350276795387382,0.0,15,0.62,1.310233267254462,0.0,62,8,25,418.3044695055094,-7.897161563669705,13.780529478017202,-3.044522437723423,28,0.24,1.5095699921973325,-3.044522437723423,26,4,50,862.7846948723327,-7.105585729861619,14.119802920211104,0.0,27,0.5,0.8112781247838816,0.0,50,4,50,862.7846948723331,-7.562264095520184,14.003568047570276,-3.044522437723423,28,0.13,1.5095699921973325,3.044522437723423,36,4,50,823.2059031819338,-7.105585729861613,14.1198029202111,0.0,27,0.5,0.8112781247838816,0.0,50,4,50,862.7846948723327,1300,100,11,6
4.4864804133355785,24.594299266296147,3.044522437723423,52,0.24,1.5611819421386397,0.0,24,4,25,1409.944671102608,4.427699322319924,10.696601086604606,2.19722457733622,18,0.25,2.259422768818224,0.0,25,8,25,419.0643055828371,8.530065542800003e-14,22.300367614743863,0.0,53,0.26,1.897520139850759,0.0,26,4,25,1575.0390629550534,4.650150733226557,10.012598228673877,0.0,14,0.63,1.2870102911617602,0.0,63,8,25,387.5881045944101,-7.805825890536965,13.829119438887744,0.0,28,0.25,1.4895642179521462,3.044522437723423,26,4,50,865.8292173099524,-7.105585729860581,14.119802920209318,0.0,27,0.5,0.8112781247838816,0.0,50,4,50,862.7846948722295,-7.44048319801021,14.06865189324789,0.0,28,0.13,1.4895642179521462,3.044522437723423,38,4,50,823.2059031818303,-7.075140505483344,14.13836132889369,0.0,27,0.49,0.8112781247028926,0.0,49,4,50,865.8292173099526,1350,100,11,6
4.456035188957896,24.597949551237804,1.5222612188617115,52,0.25,1.8975201398507588,0.0,25,4,25,1411.5602454480922,4.123247181223043,10.352503382302848,1.0986122886681098,17,0.26,2.238845536816478,0.0,26,8,25,388.9285148848306,0.0304452243774114,22.30242498047312,0.0,53,0.25,1.913373186404603,0.0,25,4,25,1575.1832390425143,4.650150733226059,10.012598228672546,0.0,14,0.63,1.2870102911617602,0.0,63,8,25,387.5881045943617,-7.836271114913079,13.80853453966678,0.0,28,0.26,1.4895642179521462,0.0,26,4,50,862.7846948721171,-7.105585729859455,14.11980292020737,0.0,27,0.5,0.8112781247838816,0.0,50,4,50,862.7846948721167,-7.410037973631852,14.088001444891358,0.0,28,0.12,1.4895642179521462,3.044522437723423,39,4,50,826.2504256194411,-7.105585729859459,14.119802920207375,0.0,27,0.5,0.8112781247838816,0.0,50,4,50,862.7846948721171,1400,100,11,6
4.141366535385645,24.451233482093112,0.0,52,0.26,1.5611819421386397,0.0,26,4,25,1385.005435142228,4.031911508090843,10.39287613501128,0.0,17,0.25,1.903084570639961,-3.044522437723423,26,8,25,395.6146354199327,8.817835350782843e-14,22.30452371358601,0.0,53,0.24,1.913373186404603,0.0,24,4,25,1575.3332858542512,4.964819386797096,10.350276795383012,0.0,15,0.62,1.310233267254462,0.0,62,8,25,418.3044695053426,-7.927606788043748,13.75966979627153,-3.044522437723423,28,0.25,1.5095699921973325,-3.044522437723423,26,4,50,859.74017243429,-7.105585729858418,14.119802920205585,0.0,27,0.5,0.8112781247838816,0.0,50,4,50,862.784694872013,-7.531818871139754,14.023271799911916,-3.044522437723423,28,0.12,1.5095699921973325,3.044522437723423,37,4,50,826.2504256193376,-7.136030954235658,14.10115435421039,0.0,27,0.51,0.8112781248243761,0.0,51,4,50,859.7401724342901,1450,100,11,6
4.171811759762466,24.4479531532994,1.5222612188617115,52,0.25,1.5611819421386397,0.0,25,4,25,1383.3588487495176,4.3363636491865165,10.738269765910502,1.0986122886681098,18,0.24,1.912795954638569,-3.044522437723423,26,8,25,425.7198934882597,-0.030445224377065,22.30242498046703,0.0,53,0.25,1.897520139850759,0.0,25,4,25,1575.1832390420836,4.964819386796558,10.350276795381632,0.0,15,0.62,1.310233267254462,0.0,62,8,25,418.30446950528994,-7.897161563665389,13.78052947800982,-3.044522437723423,28,0.24,1.5095699921973325,-3.044522437723423,26,4,50,862.7846948719009,-7.105585729857301,14.11980292020366,0.0,27,0.5,0.8112781247838816,0.0,50,4,50,862.7846948719014,-7.562264095515867,14.003568047562904,-3.044522437723423,28,0.13,1.5095699921973325,3.044522437723423,36,4,50,823.2059031815022,-7.105585729857297,14.119802920203652,0.0,27,0.5,0.8112781247838816,0.0,50,4,50,862.7846948719009,1500,100,11,6
4.486480413333336,24.59429926628264,3.044522437723423,52,0.24,1.5611819421386397,0.0,24,4,25,1409.944671101823,4.42769932231768,10.696601086598932,2.19722457733622,18,0.25,2.259422768818224,0.0,25,8,25,419.0643055826197,8.355982572538779e-14,22.30036761473168,0.0,53,0.26,1.897520139850759,0.0,26,4,25,1575.0390629541912,4.650150733224486,10.01259822866833,0.0,14,0.63,1.2870102911617602,0.0,63,8,25,387.5881045942083,-7.805825890532649,13.829119438880356,0.0,28,0.25,1.4895642179521462,3.044522437723423,26,4,50,865.8292173095209,-7.105585729856268,14.11980292020187,0.0,27,0.5,0.8112781247838816,0.0,50,4,50,862.7846948717979,-7.440483198005896,14.068651893240515,0.0,28,0.13,1.4895642179521462,3.044522437723423,38,4,50,823.2059031813984,-7.075140505479027,14.138361328886244,0.0,27,0.49,0.8112781247028926,0.0,49,4,50,865.8292173095208,1550,100,11,6
4.691820013906076,24.359046871154177,2.5152189606962176,56,0.22,1.9072315238494253,0.0,22,4,25,1299.045448633722,3.462412244253797,12.332036047623347,1.0986122886681098,25,0.23,2.122979209472656,-3.044522437723423,23,8,25,397.2578038414023,-0.1054581266073471,22.31605948711529,0.0,57,0.24,1.9277254054381776,0.0,24,4,25,1495.7854322879834,4.063117039438854,12.611541268223732,0.0,23,0.57,1.6381393188603062,0.0,57,8,25,411.5684101076475,-8.209142936780752,13.970605029595395,-3.044522437723423,34,0.23,1.579995815432434,-3.044522437723423,23,4,50,760.3744412207095,-7.594653928398582,14.237102276748734,0.0,33,0.47,1.0354214083813815,0.0,47,4,50,763.0250051359653,-7.868785699452491,14.20537426468423,-3.044522437723423,34,0.12,1.6101147897115549,3.044522437723423,35,4,50,730.8965752806354,-7.587867976691195,14.252559140564662,0.0,34,0.45,1.0912437513668032,0.0,45,4,50,763.5219832950283,1600,100,11,6
-1.5138959543040758,18.975864053825525,-2.381086967398878,35,0.17,2.5764207046818424,0.0,17,6,17,478.9304086829858,-3.4758069222977843,13.799539396296847,-1.416606672028108,39,0.13,2.307264583025048,-3.49650756146648,16,18,11,319.15745863683094,-0.2557679266552478,17.746842695987464,0.0,40,0.18,2.5293141478363186,0.0,18,18,17,479.23597862313096,-0.0031060917068314,17.21505355821146,0.0,46,0.17,2.686297277647514,0.0,17,18,5,512.4401660953665,2.2248165312307844,18.63734125405085,-0.8047189562170501,39,0.12,2.5196457240686594,-3.49650756146648,13,2,5,542.6043830257471,2.6924035196539275,20.627178813445653,0.0,45,0.06,1.971999313439928,3.49650756146648,15,18,5,673.1644196579281,1.3897307176639793,19.75562369401364,0.0,50,0.12,2.596831614433837,0.0,12,2,5,657.5848242943266,1.7779637591740944,18.002330642506102,2.6990813507588767,49,0.11,2.5402355857800494,0.0,11,4,5,547.1004704868443,0,100,11,7
-4.426966878117376,17.36547714770707,-2.2213256282451583,21,0.23,2.629237654836313,0.0,23,6,50,680.740129251949,-4.643696139502266,12.980744909155757,0.0,24,0.17,2.130154384614249,-3.49650756146648,24,8,50,451.8854900456759,-3.491883995095115,15.051807992353568,-2.833213344056216,24,0.23,2.619727109068126,-2.833213344056216,23,18,50,616.9155422040528,-2.630429564852049,15.3420915928499,-2.833213344056216,26,0.16,2.33602497563955,-3.49650756146648,17,2,50,548.5208729582807,6.211960618521569,20.03991362801249,0.0,31,0.11,1.8810329377807795,-3.49650756146648,17,2,50,694.4937318477366,7.850787845976767,22.54366683825355,3.49650756146648,41,0.0,1.9024549991691009,3.49650756146648,15,18,6,790.1880953316894,5.325818768734158,22.328963712823303,3.1648604527613484,44,0.12,2.0729719058709937,0.0,12,2,50,960.78544519465,4.957022522314447,19.40853693581208,3.49650756146648,41,0.05,2.0682257878488004,-3.49650756146648,12,4,22,633.7738840347705,50,100,11,7
-4.370566590224181,17.381576924420497,-2.2213256282451583,21,0.23,2.645104992549128,0.0,23,6,50,683.161280557423,-4.480992409991786,13.02958197476433,0.0,25,0.18,2.133834917297164,-3.49650756146648,22,18,50,455.2675740286062,-2.5737186277920943,15.329857365973544,0.0,25,0.23,2.348591380994175,-2.833213344056216,23,18,50,609.2845736168492,-2.436878322614525,15.373476381272411,0.0,27,0.16,2.3532696901802903,-3.49650756146648,17,2,50,555.6978760172418,7.543962915947785,20.07455907699422,0.0,32,0.1,1.8634536617538893,-3.49650756146648,16,2,50,694.1835760899447,7.933563020887461,22.51490026263443,3.49650756146648,43,0.0,1.9037982531559243,3.49650756146648,15,18,6,777.1112415234423,4.354367247450298,22.03511793958005,3.1648604527613484,41,0.12,2.05710456815764,0.0,12,2,50,946.8101941801248,4.279141517369842,19.23620792400588,3.49650756146648,39,0.06,2.3966617708004128,2.833213344056216,12,4,50,649.35610295582,100,100,11,7
-4.027491793039142,18.29314048498171,-2.2213256282451583,22,0.21,2.6606592822797865,0.0,21,6,50,711.802331928826,-4.177507910156272,13.244022171501724,0.0,26,0.17,2.142807970843012,-3.49650756146648,20,18,50,436.4576034276765,-2.7618667080621355,15.620208534492082,0.0,26,0.22,2.3713296946826867,0.0,22,18,50,640.7588234548987,-2.744987878820796,15.634927742480668,0.0,28,0.17,2.367703218214809,0.0,17,2,50,586.5088316378688,6.663178038447777,20.142766255706285,0.0,33,0.11,1.8931620959649769,-3.49650756146648,17,2,50,726.3357205138335,6.464745011956257,22.331975164447226,3.49650756146648,42,0.0,1.94002380536411,3.49650756146648,18,18,6,795.2797196805714,3.753213962602084,22.147248068293383,2.833213344056216,42,0.11,2.159906472396893,3.8918202981106265,12,2,50,1001.259095976758,5.1831377718541525,19.768407835806,3.49650756146648,40,0.06,2.0501980415321475,2.833213344056216,12,4,50,669.5117467065847,150,100,11,7
-4.077259138757604,18.281531258150967,-2.2213256282451583,22,0.21,2.6447919445669723,0.0,21,6,50,710.0444748406993,-4.340211366913671,13.199720574965804,0.0,25,0.16,2.1431803196655723,-3.49650756146648,22,18,50,433.075492169438,-3.154462274857609,15.233730479038783,-1.416606672028108,25,0.21,2.3401701341307897,-2.833213344056216,21,18,50,603.0546478166361,-3.7077768346244016,15.340297655649094,-2.833213344056216,27,0.17,2.314084172871617,0.0,17,2,50,600.3000839685421,5.388113062408666,20.032736414908047,0.0,31,0.12,1.912818774065216,-3.49650756146648,17,2,50,720.9521441327604,5.826417173682264,22.508291305254,3.49650756146648,41,0.0,1.950630732880403,3.49650756146648,18,18,50,798.2522523784635,4.759630286746814,22.460975626011805,3.1648604527613484,44,0.1,2.1606907759292766,-2.833213344056216,11,2,50,1018.7308818279485,5.854385561871068,19.9062726528623,3.49650756146648,42,0.05,2.0686560378365124,-3.49650756146648,11,4,50,651.3494668899418,200,100,11,7
-3.511071053502743,17.850944956057955,-1.6094379124341005,20,0.23,2.6289246068541576,0.0,23,6,50,646.4326511922801,-4.257878783017986,12.738935823912309,0.0,23,0.16,2.1110425474714347,-3.49650756146648,24,18,50,420.2967695201809,-3.10721074212271,14.813293113669886,-2.833213344056216,23,0.22,2.3004706858313075,-2.833213344056216,23,18,50,585.4412320297453,-3.119889434125135,14.819120070411133,-2.833213344056216,25,0.18,2.303441165978842,0.0,18,2,50,534.5183287956822,5.973926919678167,19.865661231082555,0.0,31,0.12,1.8931620959649769,-3.49650756146648,16,2,6,681.4845530908453,7.638164108297526,22.39966159709032,3.49650756146648,41,0.0,1.9129350397776232,3.49650756146648,17,18,6,808.2044917272946,5.983635650977618,22.16355929183108,3.49650756146648,43,0.11,2.1380902351067186,-2.833213344056216,11,2,50,957.9522864009342,5.866284842658218,19.407064106261515,3.49650756146648,41,0.05,2.0586700036551697,-3.49650756146648,12,4,50,596.8863723547889,250,100,11,7
-4.106883397807011,17.156687655684774,-1.6094379124341005,21,0.24,2.627105067638614,0.0,24,6,50,649.7999461927732,-4.237323562990796,12.73737625502285,0.0,24,0.17,2.1194265545542468,-3.49650756146648,23,18,50,423.9076742055742,-2.848986366371621,15.183526944122573,-2.833213344056216,24,0.23,2.310960140410412,-2.833213344056216,24,18,50,623.923084961401,-2.2158775633871484,15.083649120581963,0.0,26,0.16,2.3374704850942924,-3.49650756146648,17,2,50,520.9383582834587,7.191153643892847,19.956400963960377,0.0,31,0.11,1.8642902997055488,-3.49650756146648,16,2,50,666.5159738640974,8.490859218118757,22.3088749572576,3.49650756146648,42,0.0,1.8882444141543304,3.49650756146648,15,18,6,730.2477884749692,5.263629658712135,22.058676142959595,3.49650756146648,43,0.12,2.0477475750508214,0.0,12,2,50,911.8394673616616,4.845329148036796,19.1025530604128,3.49650756146648,39,0.06,2.045750242169806,-3.49650756146648,12,4,22,604.5436126937526,300,100,11,7
-4.685309237377416,17.583379636548244,-2.833213344056216,22,0.22,2.645104992549128,0.0,22,6,50,714.6355452727464,-4.220249485953481,13.2239493723408,0.0,26,0.18,2.152601843501359,-3.49650756146648,20,18,50,439.4051725725768,-2.831796313788242,15.599848068828232,0.0,26,0.24,2.3626001508696586,0.0,24,18,50,640.7587689045762,-2.7166551998765582,15.642442217656674,0.0,28,0.16,2.362600150947545,-3.49650756146648,16,2,50,583.6755637434451,7.250919460056392,20.425265547465354,0.0,33,0.1,1.8797590525805887,-3.49650756146648,17,2,50,722.1613332438025,7.024300155034718,22.59949834912064,3.49650756146648,43,0.0,1.9255307293635824,3.49650756146648,16,18,6,813.1101535435438,3.381806593979264,21.98281871597273,2.833213344056216,41,0.12,2.0796615501912945,-2.833213344056216,12,2,50,975.451303407746,4.634314098637798,19.408532793596063,3.49650756146648,40,0.06,2.0388536364545806,2.833213344056216,12,4,50,669.7943591367795,350,100,11,7
-4.089496893072544,18.280284747875022,-2.833213344056216,22,0.21,2.6447919445669723,0.0,21,6,50,705.6018235840808,-4.21247229978953,13.237562206687963,0.0,25,0.16,2.136526374582711,-3.49650756146648,21,18,50,432.9610272680694,-2.8036098947798407,15.618350546882558,0.0,25,0.21,2.365818848219421,-2.833213344056216,21,18,50,636.5843675868778,-3.5881085734665312,15.369133162259551,-1.416606672028108,27,0.17,2.325788947786846,0.0,17,2,50,600.0887294163141,6.033692735840749,20.34019484900361,0.0,32,0.11,1.9085913805651609,-3.49650756146648,17,2,50,719.3427062201981,5.828530264617085,22.50746830116519,3.49650756146648,41,0.0,1.950630732880403,3.49650756146648,18,18,6,740.9533496823326,4.207980852896172,22.134424800727388,3.1648604527613484,43,0.1,2.1711120978813985,3.8918202981106265,12,2,50,1018.7309363779164,5.602939578268591,19.72795808781101,3.49650756146648,41,0.06,2.0651940181062587,2.833213344056216,12,4,50,683.4870803728509,400,100,11,7
-3.8324466428305057,18.06223924554447,-2.2213256282451583,21,0.22,2.6287314690959094,0.0,22,6,50,671.5771950021235,-4.095398176713907,12.908757256602724,0.0,24,0.15,2.126007612830816,-3.49650756146648,24,18,50,401.6011580265288,-3.421952934693548,15.075972899243236,-2.833213344056216,24,0.21,2.304290300135315,-2.833213344056216,23,18,50,616.9154512868291,-3.4979288357508245,15.068271883454962,-2.833213344056216,26,0.17,2.2963673954311035,-3.49650756146648,18,2,50,565.3292538353182,4.994733902596983,19.889718310959857,0.0,30,0.12,1.9059252053401856,-3.49650756146648,17,2,50,691.6751039944537,6.728901242445471,22.47274440152099,3.49650756146648,40,0.0,1.9332808458183008,3.49650756146648,18,18,6,799.4300080133127,5.668892458320726,22.46769295761022,3.49650756146648,44,0.1,2.142812121764598,-2.833213344056216,11,2,50,983.7601789781488,6.140795381309805,19.5724838615948,3.49650756146648,41,0.05,2.0621320233854235,-3.49650756146648,12,4,50,624.035073380543,450,100,11,7
-4.426966878114634,17.3654771477028,-2.2213256282451583,21,0.23,2.629237654836313,0.0,23,6,50,680.7401292516747,-4.6436951063531176,12.98074666933912,0.0,24,0.17,2.130154384614249,-3.49650756146648,24,8,50,451.88538673076096,-3.491882961946178,15.051809431283283,-2.833213344056216,24,0.23,2.619727109068126,-2.833213344056216,23,18,50,616.9154388891593,-2.630428325072337,15.342093217284516,-2.833213344056216,26,0.16,2.33602497563955,-3.49650756146648,17,2,50,548.5207489803095,6.211960618516772,20.039913628003752,0.0,31,0.11,1.8810329377807795,-3.49650756146648,17,2,50,694.4937318474623,7.850787845971455,22.5436668382432,3.49650756146648,41,0.0,1.9024549991691009,3.49650756146648,15,18,6,790.188095331273,5.325817528952903,22.32896497860981,3.1648604527613484,44,0.12,2.0729719058709937,0.0,12,2,50,960.7855691719868,4.957021282534733,19.408538368507383,3.49650756146648,41,0.05,2.0682257878488004,-3.49650756146648,12,4,22,633.7739417676373,500,100,11,7
-4.370566590221267,17.381576924415956,-2.2213256282451583,21,0.23,2.645104992549128,0.0,23,6,50,683.1612805571317,-4.480991376845027,13.029583715444565,0.0,25,0.18,2.133834917297164,-3.49650756146648,22,18,50,455.2674707139303,-2.5737173880163096,15.32985898711274,0.0,25,0.23,2.348591380994175,-2.833213344056216,23,18,50,609.2844496392706,-2.436877082837716,15.373477986777898,0.0,27,0.16,2.3532696901802903,-3.49650756146648,17,2,50,555.6977520395608,7.543962915942472,20.0745590769852,0.0,32,0.1,1.8634536617538893,-3.49650756146648,16,2,50,694.1835760896533,7.933563020882319,22.514900262623783,3.49650756146648,43,0.0,1.9037982531559243,3.49650756146648,15,18,6,777.111241523017,4.354366214301529,22.035118962916904,3.1648604527613484,41,0.12,2.05710456815764,0.0,12,2,50,946.8102974942816,4.279140484222271,19.23620909220256,3.49650756146648,39,0.06,2.3966617708004128,2.833213344056216,12,4,50,649.3562062700629,550,100,11,7
-4.027491793036056,18.29314048497708,-2.2213256282451583,22,0.21,2.6606592822797865,0.0,21,6,50,711.8023319285176,-4.177506670383134,13.244024198084563,0.0,26,0.17,2.142807970843012,-3.49650756146648,20,18,50,436.45747945036265,-2.761865468289254,15.620210140426469,0.0,26,0.22,2.3713296946826867,0.0,22,18,50,640.7586994776104,-2.74498663904689,15.63492934556603,0.0,28,0.17,2.367703218214809,0.0,17,2,50,586.5087076604781,6.663178038442977,20.14276625569716,0.0,33,0.11,1.8931620959649769,-3.49650756146648,17,2,50,726.3357205135251,6.464745011951972,22.33197516443662,3.49650756146648,42,0.0,1.94002380536411,3.49650756146648,18,18,6,795.279719680147,3.753212929456221,22.147249058403503,2.833213344056216,42,0.11,2.159906472396893,3.8918202981106265,12,2,50,1001.2591992906245,5.183136738708629,19.768409019794458,3.49650756146648,40,0.06,2.0501980415321475,2.833213344056216,12,4,50,669.5118500205544,600,100,11,7
-4.077259138754691,18.2815312581466,-2.2213256282451583,22,0.21,2.6447919445669723,0.0,21,6,50,710.0444748404079,-4.340210127143779,13.199722623627665,0.0,25,0.16,2.1431803196655723,-3.49650756146648,22,18,50,433.0753681924488,-3.154461035087973,15.233732157662663,-1.416606672028108,25,0.21,2.3401701341307897,-2.833213344056216,21,18,50,603.0545238396724,-3.707775801481273,15.340299082050224,-2.833213344056216,27,0.17,2.314084172871617,0.0,17,2,50,600.2999806542291,5.388113062404382,20.03273641489924,0.0,31,0.12,1.912818774065216,-3.49650756146648,17,2,50,720.9521441324691,5.826417173678152,22.50829130524356,3.49650756146648,41,0.0,1.950630732880403,3.49650756146648,18,18,50,798.252252378155,4.759629046974099,22.460976853099,3.1648604527613484,44,0.1,2.1606907759292766,-2.833213344056216,11,2,50,1018.7310058044312,5.854384322099036,19.906274105613225,3.49650756146648,42,0.05,2.0686560378365124,-3.49650756146648,11,4,50,651.349590866528,650,100,11,7
-3.511071053500172,17.85094495605393,-1.6094379124341005,20,0.23,2.6289246068541576,0.0,23,6,50,646.4326511920231,-4.257877749878402,12.738937586201928,0.0,23,0.16,2.1110425474714347,-3.49650756146648,24,18,50,420.2966662062224,-3.107209708983339,14.81329454892738,-2.833213344056216,23,0.22,2.3004706858313075,-2.833213344056216,23,18,50,585.4411287158082,-3.119888400984909,14.819121505989322,-2.833213344056216,25,0.18,2.303441165978842,0.0,18,2,50,534.5182254816598,5.97392691967354,19.8656612310739,0.0,31,0.12,1.8931620959649769,-3.49650756146648,16,2,6,681.4845530905429,7.6381641082923855,22.39966159708004,3.49650756146648,41,0.0,1.9129350397776232,3.49650756146648,17,18,6,808.2044917268644,5.983634411207292,22.163560603849543,3.49650756146648,43,0.11,2.1380902351067186,-2.833213344056216,11,2,50,957.952410377144,5.866283602889257,19.40706559713877,3.49650756146648,41,0.05,2.0586700036551697,-3.49650756146648,12,4,50,596.8864963311021,700,100,11,7
-4.1068833978042685,17.1566876556804,-1.6094379124341005,21,0.24,2.627105067638614,0.0,24,6,50,649.799946192499,-4.237322529853601,12.737378015856462,0.0,24,0.17,2.1194265545542468,-3.49650756146648,23,18,50,423.90757089185473,-2.84898533323464,15.183528326808815,-2.833213344056216,24,0.23,2.310960140410412,-2.833213344056216,24,18,50,623.9229816477027,-2.2158763236217824,15.083650738758257,0.0,26,0.16,2.3374704850942924,-3.49650756146648,17,2,50,520.9382343069221,7.191153643887707,19.95640096395142,0.0,31,0.11,1.8642902997055488,-3.49650756146648,16,2,50,666.5159738638233,8.490859218113275,22.308874957247102,3.49650756146648,42,0.0,1.8882444141543304,3.49650756146648,15,18,6,730.2477884745707,5.263628625572244,22.05867720778073,3.49650756146648,43,0.12,2.0477475750508214,0.0,12,2,50,911.8395706748964,4.845328114898276,19.102554267394453,3.49650756146648,39,0.06,2.045750242169806,-3.49650756146648,12,4,22,604.5436701169292,750,100,11,7
-4.68530923737433,17.583379636543544,-2.833213344056216,22,0.22,2.645104992549128,0.0,22,6,50,714.635545272438,-4.2202482461916135,13.223951405989297,0.0,26,0.18,2.152601843501359,-3.49650756146648,20,18,50,439.40504859639015,-2.831795074026632,15.599849682402237,0.0,26,0.24,2.3626001508696586,0.0,24,18,50,640.7586449284152,-2.716653960113923,15.64244381771254,0.0,28,0.16,2.362600150947545,-3.49650756146648,16,2,50,583.6754397671816,7.250919460051254,20.42526554745609,0.0,33,0.1,1.8797590525805887,-3.49650756146648,17,2,50,722.1613332434939,7.024300155030089,22.5994983491099,3.49650756146648,43,0.0,1.9255307293635824,3.49650756146648,16,18,6,813.1101535431048,3.3818055608429654,21.98281969602515,2.833213344056216,41,0.12,2.0796615501912945,-2.833213344056216,12,2,50,975.4514067206904,4.634313065502011,19.4085339703137,3.49650756146648,40,0.06,2.0388536364545806,2.833213344056216,12,4,50,669.7944624498098,800,100,11,7
-4.089496893069629,18.28028474787066,-2.833213344056216,22,0.21,2.6447919445669723,0.0,21,6,50,705.6018235837894,-4.212471060030909,13.237564237512336,0.0,25,0.16,2.136526374582711,-3.49650756146648,21,18,50,432.96090329220726,-2.803608655021475,15.618352156304145,0.0,25,0.21,2.365818848219421,-2.833213344056216,21,18,50,636.5842436110413,-3.5881075403327936,15.369134577927882,-1.416606672028108,27,0.17,2.325788947786846,0.0,17,2,50,600.0886261029405,6.033692735836124,20.340194848994635,0.0,32,0.11,1.9085913805651609,-3.49650756146648,17,2,50,719.3427062199069,5.82853026461297,22.507468301154752,3.49650756146648,41,0.0,1.950630732880403,3.49650756146648,18,18,6,740.9533496819267,4.207979613135073,22.13442601500931,3.1648604527613484,43,0.1,2.1711120978813985,3.8918202981106265,12,2,50,1018.7310603532724,5.602938338508,19.72795953787877,3.49650756146648,41,0.06,2.0651940181062587,2.833213344056216,12,4,50,683.4872043482928,850,100,11,7
-3.832446642827764,18.062239245540272,-2.2213256282451583,21,0.22,2.6287314690959094,0.0,22,6,50,671.5771950018493,-4.095396936958531,12.908759327906814,0.0,24,0.15,2.126007612830816,-3.49650756146648,24,18,50,401.60103405099113,-3.4219519015633977,15.075974331049396,-2.833213344056216,24,0.21,2.304290300135315,-2.833213344056216,23,18,50,616.9153479738142,-3.497927802619821,15.068273321203172,-2.833213344056216,26,0.17,2.2963673954311035,-3.49650756146648,18,2,50,565.3291505222179,4.994733902592868,19.889718310951128,0.0,30,0.12,1.9059252053401856,-3.49650756146648,17,2,50,691.6751039941794,6.728901242440843,22.472744401510617,3.49650756146648,40,0.0,1.9332808458183008,3.49650756146648,18,18,6,799.4300080128801,5.668891218561844,22.4676942344896,3.49650756146648,44,0.1,2.142812121764598,-2.833213344056216,11,2,50,983.7603029532144,6.140794141551948,19.5724853572466,3.49650756146648,41,0.05,2.0621320233854235,-3.49650756146648,12,4,50,624.035197355712,900,100,11,7
-4.426966878111891,17.36547714769853,-2.2213256282451583,21,0.23,2.629237654836313,0.0,23,6,50,680.7401292514006,-4.643694073225314,12.980748429487443,0.0,24,0.17,2.130154384614249,-3.49650756146648,24,8,50,451.8852834179807,-3.49188192881859,15.051810870184475,-2.833213344056216,24,0.23,2.619727109068126,-2.833213344056216,23,18,50,616.9153355764004,-2.630427085318242,15.342094841686963,-2.833213344056216,26,0.16,2.33602497563955,-3.49650756146648,17,2,50,548.5206250048999,6.211960618511972,20.03991362799501,0.0,31,0.11,1.8810329377807795,-3.49650756146648,17,2,50,694.4937318471882,7.850787845966141,22.54366683823284,3.49650756146648,41,0.0,1.9024549991691009,3.49650756146648,15,18,6,790.1880953308566,5.325816289197266,22.328966244371177,3.1648604527613484,44,0.12,2.0729719058709937,0.0,12,2,50,960.7856931467624,4.957020042780632,19.40853980117422,3.49650756146648,41,0.05,2.0682257878488004,-3.49650756146648,12,4,22,633.7739994993262,950,100,11,7
-4.370566590218353,17.381576924411412,-2.2213256282451583,21,0.23,2.645104992549128,0.0,23,6,50,683.1612805568402,-4.480990343719614,13.029585456090151,0.0,25,0.18,2.133834917297164,-3.49650756146648,22,18,50,455.267367401389,-2.5737161482661417,15.329860608219832,0.0,25,0.23,2.348591380994175,-2.833213344056216,23,18,50,609.2843256642539,-2.4368758430865234,15.373479592251613,0.0,27,0.16,2.3532696901802903,-3.49650756146648,17,2,50,555.6976280644417,7.543962915937158,20.07455907697618,0.0,32,0.1,1.8634536617538893,-3.49650756146648,16,2,50,694.1835760893621,7.933563020877176,22.514900262613136,3.49650756146648,43,0.0,1.9037982531559243,3.49650756146648,15,18,6,777.111241522592,4.35436518117411,22.03511998623348,3.1648604527613484,41,0.12,2.05710456815764,0.0,12,2,50,946.810400806304,4.279139451096047,19.236210260376083,3.49650756146648,39,0.06,2.3966617708004128,2.833213344056216,12,4,50,649.3563095821712,1000,100,11,7
-4.02749179303297,18.29314048497245,-2.2213256282451583,22,0.21,2.6606592822797865,0.0,21,6,50,711.8023319282089,-4.177505430635612,13.244026224627044,0.0,26,0.17,2.142807970843012,-3.49650756146648,20,18,50,436.45735547561054,-2.761864228541989,15.620211746329048,0.0,26,0.22,2.3713296946826867,0.0,22,18,50,640.7585755028839,-2.7449853992986,15.634930948619644,0.0,28,0.17,2.367703218214809,0.0,17,2,50,586.508583685649,6.663178038438177,20.14276625568804,0.0,33,0.11,1.8931620959649769,-3.49650756146648,17,2,50,726.3357205132164,6.46474501194769,22.331975164426023,3.49650756146648,42,0.0,1.94002380536411,3.49650756146648,18,18,6,795.2797196797227,3.753211896331704,22.147250048494023,2.833213344056216,42,0.11,2.159906472396893,3.8918202981106265,12,2,50,1001.2593026023562,5.183135705584453,19.768410203759405,3.49650756146648,40,0.06,2.0501980415321475,2.833213344056216,12,4,50,669.5119533323893,1050,100,11,7
-4.077259138751777,18.28153125814224,-2.2213256282451583,22,0.21,2.6447919445669723,0.0,21,6,50,710.0444748401165,-4.340208887399501,13.1997246722487,0.0,25,0.16,2.1431803196655723,-3.49650756146648,22,18,50,433.0752442180211,-3.154459795343952,15.233733836253252,-1.416606672028108,25,0.21,2.3401701341307897,-2.833213344056216,21,18,50,603.0543998652704,-3.707774768359489,15.340300508423066,-2.833213344056216,27,0.17,2.314084172871617,0.0,17,2,50,600.2998773420508,5.388113062400097,20.032736414890422,0.0,31,0.12,1.912818774065216,-3.49650756146648,17,2,50,720.9521441321776,5.826417173674038,22.50829130523312,3.49650756146648,41,0.0,1.950630732880403,3.49650756146648,18,18,50,798.2522523778465,4.759627807227001,22.46097808016185,3.1648604527613484,44,0.1,2.1606907759292766,-2.833213344056216,11,2,50,1018.7311297783526,5.854383082352619,19.906275558335235,3.49650756146648,42,0.05,2.0686560378365124,-3.49650756146648,11,4,50,651.3497148405527,1100,100,11,7
-3.511071053497601,17.8509449560499,-1.6094379124341005,20,0.23,2.6289246068541576,0.0,23,6,50,646.4326511917659,-4.257876716760163,12.73893934845648,0.0,23,0.16,2.1110425474714347,-3.49650756146648,24,18,50,420.29656289439856,-3.107208675865314,14.813295984156454,-2.833213344056216,23,0.22,2.3004706858313075,-2.833213344056216,23,18,50,585.4410254040056,-3.1198873678660304,14.81912294153908,-2.833213344056216,25,0.18,2.303441165978842,0.0,18,2,50,534.5181221697718,5.973926919668912,19.865661231065243,0.0,31,0.12,1.8931620959649769,-3.49650756146648,16,2,6,681.4845530902405,7.638164108287243,22.399661597069745,3.49650756146648,41,0.0,1.9129350397776232,3.49650756146648,17,18,6,808.2044917264342,5.983633171462582,22.163561915841903,3.49650756146648,43,0.11,2.1380902351067186,-2.833213344056216,11,2,50,957.9525343507923,5.866282363145915,19.40706708798635,3.49650756146648,41,0.05,2.0586700036551697,-3.49650756146648,12,4,50,596.8866203048535,1150,100,11,7
-4.106883397801527,17.156687655676027,-1.6094379124341005,21,0.24,2.627105067638614,0.0,24,6,50,649.7999461922245,-4.237321496737753,12.737379776655038,0.0,24,0.17,2.1194265545542468,-3.49650756146648,23,18,50,423.9074675802699,-2.8489843001190054,15.183529709467708,-2.833213344056216,24,0.23,2.310960140410412,-2.833213344056216,24,18,50,623.9228783361393,-2.215875083882032,15.083652356902537,0.0,26,0.16,2.3374704850942924,-3.49650756146648,17,2,50,520.9381103329471,7.191153643882565,19.95640096394246,0.0,31,0.11,1.8642902997055488,-3.49650756146648,16,2,50,666.5159738635489,8.49085921810779,22.308874957236625,3.49650756146648,42,0.0,1.8882444141543304,3.49650756146648,15,18,6,730.2477884741722,5.263627592453703,22.05867827258073,3.49650756146648,43,0.12,2.0477475750508214,0.0,12,2,50,911.8396739859966,4.8453270817811,19.102555474352144,3.49650756146648,39,0.06,2.045750242169806,-3.49650756146648,12,4,22,604.5437275389293,1200,100,11,7
-4.6853092373712455,17.583379636538844,-2.833213344056216,22,0.22,2.645104992549128,0.0,22,6,50,714.6355452721294,-4.220247006455363,13.223953439597276,0.0,26,0.18,2.152601843501359,-3.49650756146648,20,18,50,439.40492462276507,-2.8317938342906364,15.599851295944267,0.0,26,0.24,2.3626001508696586,0.0,24,18,50,640.7585209548158,-2.7166527203769046,15.642445417736717,0.0,28,0.16,2.362600150947545,-3.49650756146648,16,2,50,583.6753157934796,7.25091946004611,20.42526554744682,0.0,33,0.1,1.8797590525805887,-3.49650756146648,17,2,50,722.1613332431855,7.024300155025461,22.599498349099168,3.49650756146648,43,0.0,1.9255307293635824,3.49650756146648,16,18,6,813.1101535426659,3.381804527728012,21.9828206760582,2.833213344056216,41,0.12,2.0796615501912945,-2.833213344056216,12,2,50,975.4515100315,4.634312032387568,19.408535147008006,3.49650756146648,40,0.06,2.0388536364545806,2.833213344056216,12,4,50,669.7945657607054,1250,100,11,7
-4.089496893066716,18.280284747866293,-2.833213344056216,22,0.21,2.6447919445669723,0.0,21,6,50,705.6018235834981,-4.212469820297904,13.237566268296252,0.0,25,0.16,2.136526374582711,-3.49650756146648,21,18,50,432.9607793189067,-2.803607415288726,15.618353765693843,0.0,25,0.21,2.365818848219421,-2.833213344056216,21,18,50,636.5841196377662,-3.588106507220403,15.369135993568149,-1.416606672028108,27,0.17,2.325788947786846,0.0,17,2,50,600.0885227917013,6.033692735831495,20.340194848985668,0.0,32,0.11,1.9085913805651609,-3.49650756146648,17,2,50,719.3427062196154,5.828530264608856,22.50746830114432,3.49650756146648,41,0.0,1.950630732880403,3.49650756146648,18,18,6,740.9533496815208,4.207978373399588,22.134427229267164,3.1648604527613484,43,0.1,2.1711120978813985,3.8918202981106265,12,2,50,1018.7311843260666,5.602937098773027,19.72796098791769,3.49650756146648,41,0.06,2.0651940181062587,2.833213344056216,12,4,50,683.4873283211732,1300,100,11,7
-3.832446642825021,18.06223924553608,-2.2213256282451583,21,0.22,2.6287314690959094,0.0,22,6,50,671.5771950015751,-4.095395697228771,12.908761399169638,0.0,24,0.15,2.126007612830816,-3.49650756146648,24,18,50,401.6009100780152,-3.421950868454594,15.075975762827184,-2.833213344056216,24,0.21,2.304290300135315,-2.833213344056216,23,18,50,616.9152446629337,-3.4979267695101623,15.068274758922884,-2.833213344056216,26,0.17,2.2963673954311035,-3.49650756146648,18,2,50,565.3290472112521,4.994733902588755,19.8897183109424,0.0,30,0.12,1.9059252053401856,-3.49650756146648,17,2,50,691.6751039939052,6.728901242436217,22.47274440150024,3.49650756146648,40,0.0,1.9332808458183008,3.49650756146648,18,18,6,799.4300080124474,5.668889978828577,22.4676955113436,3.49650756146648,44,0.1,2.142812121764598,-2.833213344056216,11,2,50,983.7604269257184,6.140792901819705,19.572486852868632,3.49650756146648,41,0.05,2.0621320233854235,-3.49650756146648,12,4,50,624.0353213283191,1350,100,11,7
-4.426966878109149,17.36547714769426,-2.2213256282451583,21,0.23,2.629237654836313,0.0,23,6,50,680.7401292511264,-4.643693040118858,12.98075018960072,0.0,24,0.17,2.130154384614249,-3.49650756146648,24,8,50,451.8851801073352,-3.491880895712348,15.05181230905715,-2.833213344056216,24,0.23,2.619727109068126,-2.833213344056216,23,18,50,616.915232265776,-2.630425845589764,15.342096466057246,-2.833213344056216,26,0.16,2.33602497563955,-3.49650756146648,17,2,50,548.520501032052,6.211960618507175,20.03991362798627,0.0,31,0.11,1.8810329377807795,-3.49650756146648,17,2,50,694.493731846914,7.850787845960829,22.54366683822249,3.49650756146648,41,0.0,1.9024549991691009,3.49650756146648,15,18,6,790.1880953304405,5.325815049467244,22.3289675101074,3.1648604527613484,44,0.12,2.0729719058709937,0.0,12,2,50,960.7858171189762,4.957018803052151,19.408541233812592,3.49650756146648,41,0.05,2.0682257878488004,-3.49650756146648,12,4,22,633.774057229837,1400,100,11,7
-4.370566590215439,17.38157692440687,-2.2213256282451583,21,0.23,2.645104992549128,0.0,23,6,50,683.1612805565488,-4.4809893106155485,13.0295871967011,0.0,25,0.18,2.133834917297164,-3.49650756146648,22,18,50,455.2672640909825,-2.57371490854159,15.329862229294832,0.0,25,0.23,2.348591380994175,-2.833213344056216,23,18,50,609.2842016917987,-2.4368746033609465,15.373481197693549,0.0,27,0.16,2.3532696901802903,-3.49650756146648,17,2,50,555.697504091884,7.543962915931846,20.07455907696716,0.0,32,0.1,1.8634536617538893,-3.49650756146648,16,2,50,694.1835760890706,7.933563020872036,22.514900262602488,3.49650756146648,43,0.0,1.9037982531559243,3.49650756146648,15,18,6,777.111241522167,4.354364148068035,22.03512100952979,3.1648604527613484,41,0.12,2.05710456815764,0.0,12,2,50,946.8105041161914,4.27913841799117,19.236211428526456,3.49650756146648,39,0.06,2.3966617708004128,2.833213344056216,12,4,50,649.3564128921447,1450,100,11,7
-4.027491793029887,18.29314048496782,-2.2213256282451583,22,0.21,2.6606592822797865,0.0,21,6,50,711.8023319279005,-4.177504190913706,13.244028251129151,0.0,26,0.17,2.142807970843012,-3.49650756146648,20,18,50,436.45723150342,-2.7618629888203383,15.620213352199825,0.0,26,0.22,2.3713296946826867,0.0,22,18,50,640.758451530719,-2.744984159575925,15.634932551641509,0.0,28,0.17,2.367703218214809,0.0,17,2,50,586.5084597133817,6.663178038433376,20.14276625567891,0.0,33,0.11,1.8931620959649769,-3.49650756146648,17,2,50,726.335720512908,6.464745011943404,22.331975164415432,3.49650756146648,42,0.0,1.94002380536411,3.49650756146648,18,18,6,795.2797196792982,3.753210863228535,22.14725103856497,2.833213344056216,42,0.11,2.159906472396893,3.8918202981106265,12,2,50,1001.2594059119532,5.183134672481623,19.768411387700848,3.49650756146648,40,0.06,2.0501980415321475,2.833213344056216,12,4,50,669.5120566420896,1500,100,11,7
-4.077259138748865,18.28153125813787,-2.2213256282451583,22,0.21,2.6447919445669723,0.0,21,6,50,710.0444748398253,-4.340207647680841,13.19972672082891,0.0,25,0.16,2.1431803196655723,-3.49650756146648,22,18,50,433.0751202461551,-3.154458555625548,15.233735514810553,-1.416606672028108,25,0.21,2.3401701341307897,-2.833213344056216,21,18,50,603.0542758934298,-3.707773735259053,15.34030193476763,-2.833213344056216,27,0.17,2.314084172871617,0.0,17,2,50,600.299774032007,5.388113062395812,20.03273641488161,0.0,31,0.12,1.912818774065216,-3.49650756146648,17,2,50,720.9521441318864,5.826417173669925,22.508291305222684,3.49650756146648,41,0.0,1.950630732880403,3.49650756146648,18,18,50,798.2522523775381,4.75962656750552,22.460979307200343,3.1648604527613484,44,0.1,2.1606907759292766,-2.833213344056216,11,2,50,1018.7312537497124,5.85438184263182,19.906277011028344,3.49650756146648,42,0.05,2.0686560378365124,-3.49650756146648,11,4,50,651.3498388120156,1550,100,11,7
-3.5110710534950305,17.850944956045872,-1.6094379124341005,20,0.23,2.6289246068541576,0.0,23,6,50,646.432651191509,-4.257875683663271,12.738941110675972,0.0,23,0.16,2.1110425474714347,-3.49650756146648,24,18,50,420.2964595847093,-3.1072076427686346,14.813297419357102,-2.833213344056216,23,0.22,2.3004706858313075,-2.833213344056216,23,18,50,585.4409220943378,-3.119886334768497,14.819124377060406,-2.833213344056216,25,0.18,2.303441165978842,0.0,18,2,50,534.5180188600185,5.973926919664284,19.865661231056585,0.0,31,0.12,1.8931620959649769,-3.49650756146648,16,2,6,681.4845530899382,7.638164108282101,22.39966159705946,3.49650756146648,41,0.0,1.9129350397776232,3.49650756146648,17,18,6,808.204491726004,5.983631931743487,22.163563227808165,3.49650756146648,43,0.11,2.1380902351067186,-2.833213344056216,11,2,50,957.952658321879,5.866281123428188,19.407068578804253,3.49650756146648,41,0.05,2.0586700036551697,-3.49650756146648,12,4,50,596.8867442760434,1600,100,11,7
-4.106883397798785,17.156687655671654,-1.6094379124341005,21,0.24,2.627105067638614,0.0,24,6,50,649.7999461919503,-4.23732046364325,12.737381537418583,0.0,24,0.17,2.1194265545542468,-3.49650756146648,23,18,50,423.9073642708197,-2.8489832670247166,15.183531092099235,-2.833213344056216,24,0.23,2.310960140410412,-2.833213344056216,24,18,50,623.9227750267104,-2.215873844167897,15.083653975014808,0.0,26,0.16,2.3374704850942924,-3.49650756146648,17,2,50,520.9379863615335,7.191153643877424,19.956400963933504,0.0,31,0.11,1.8642902997055488,-3.49650756146648,16,2,50,666.5159738632747,8.490859218102305,22.30887495722613,3.49650756146648,42,0.0,1.8882444141543304,3.49650756146648,15,18,6,730.2477884737735,5.2636265593565055,22.058679337359603,3.49650756146648,43,0.12,2.0477475750508214,0.0,12,2,50,911.839777294962,4.845326048685273,19.102556681285886,3.49650756146648,39,0.06,2.045750242169806,-3.49650756146648,12,4,22,604.543784959753,1650,100,11,7
-4.68530923736816,17.583379636534143,-2.833213344056216,22,0.22,2.645104992549128,0.0,22,6,50,714.635545271821,-4.220245766744728,13.223955473164748,0.0,26,0.18,2.152601843501359,-3.49650756146648,20,18,50,439.4048006517015,-2.8317925945802576,15.59985290945434,0.0,26,0.24,2.3626001508696586,0.0,24,18,50,640.7583969837779,-2.7166514806655004,15.642447017729207,0.0,28,0.16,2.362600150947545,-3.49650756146648,16,2,50,583.6751918223392,7.250919460040968,20.42526554743755,0.0,33,0.1,1.8797590525805887,-3.49650756146648,17,2,50,722.1613332428769,7.024300155020836,22.599498349088428,3.49650756146648,43,0.0,1.9255307293635824,3.49650756146648,16,18,6,813.1101535422271,3.381803494634406,21.98282165607188,2.833213344056216,41,0.12,2.0796615501912945,-2.833213344056216,12,2,50,975.4516133401752,4.634310999294474,19.40853632367897,3.49650756146648,40,0.06,2.0388536364545806,2.833213344056216,12,4,50,669.7946690694665,1700,100,11,7
-4.089496893063801,18.28028474786193,-2.833213344056216,22,0.21,2.6447919445669723,0.0,21,6,50,705.6018235832067,-4.212468580590513,13.237568299039715,0.0,25,0.16,2.136526374582711,-3.49650756146648,21,18,50,432.9606553481677,-2.803606175581592,15.618355375051673,0.0,25,0.21,2.365818848219421,-2.833213344056216,21,18,50,636.5839956670529,-3.5881054741293577,15.369137409180352,-1.416606672028108,27,0.17,2.325788947786846,0.0,17,2,50,600.0884194825969,6.033692735826868,20.340194848976694,0.0,32,0.11,1.9085913805651609,-3.49650756146648,17,2,50,719.342706219324,5.828530264604744,22.50746830113388,3.49650756146648,41,0.0,1.950630732880403,3.49650756146648,18,18,6,740.9533496811148,4.207977133689719,22.13442844350095,3.1648604527613484,43,0.1,2.1711120978813985,3.8918202981106265,12,2,50,1018.7313082962992,5.6029358590636695,19.72796243792776,3.49650756146648,41,0.06,2.0651940181062587,2.833213344056216,12,4,50,683.487452291492,1750,100,11,7
-3.832446642822279,18.06223924553188,-2.2213256282451583,21,0.22,2.6287314690959094,0.0,22,6,50,671.5771950013009,-4.095394457524626,12.908763470391198,0.0,24,0.15,2.126007612830816,-3.49650756146648,24,18,50,401.60078610760064,-3.421949835367136,15.075977194576597,-2.833213344056216,24,0.21,2.304290300135315,-2.833213344056216,23,18,50,616.9151413541879,-3.49792573642185,15.068276196614098,-2.833213344056216,26,0.17,2.2963673954311035,-3.49650756146648,18,2,50,565.3289439024209,4.994733902584641,19.889718310933663,0.0,30,0.12,1.9059252053401856,-3.49650756146648,17,2,50,691.675103993631,6.728901242431589,22.472744401489862,3.49650756146648,40,0.0,1.9332808458183008,3.49650756146648,18,18,6,799.4300080120149,5.668888739120925,22.467696788172205,3.49650756146648,44,0.1,2.142812121764598,-2.833213344056216,11,2,50,983.7605508956613,6.1407916621130765,19.572488348460865,3.49650756146648,41,0.05,2.0621320233854235,-3.49650756146648,12,4,50,624.035445298365,1800,100,11,7
-4.426966878106407,17.36547714768999,-2.2213256282451583,21,0.23,2.629237654836313,0.0,23,6,50,680.7401292508521,-4.643692007033748,12.980751949678952,0.0,24,0.17,2.130154384614249,-3.49650756146648,24,8,50,451.88507679882406,-3.491879862627451,15.0518137479013,-2.833213344056216,24,0.23,2.619727109068126,-2.833213344056216,23,18,50,616.9151289572865,-2.6304246058868985,15.342098090395364,-2.833213344056216,26,0.16,2.33602497563955,-3.49650756146648,17,2,50,548.5203770617657,6.211960618502375,20.03991362797753,0.0,31,0.11,1.8810329377807795,-3.49650756146648,17,2,50,694.4937318466397,7.850787845955515,22.543666838212136,3.49650756146648,41,0.0,1.9024549991691009,3.49650756146648,15,18,6,790.1880953300241,5.3258138097628365,22.32896877581846,3.1648604527613484,44,0.12,2.0729719058709937,0.0,12,2,50,960.7859410886284,4.9570175633492815,19.40854266642249,3.49650756146648,41,0.05,2.0682257878488004,-3.49650756146648,12,4,22,633.7741149591699,1850,100,11,7
-4.370566590212525,17.381576924402324,-2.2213256282451583,21,0.23,2.645104992549128,0.0,23,6,50,683.1612805562575,-4.480988277532828,13.029588937277412,0.0,25,0.18,2.133834917297164,-3.49650756146648,22,18,50,455.2671607827105,-2.573713668842652,15.329863850337736,0.0,25,0.23,2.348591380994175,-2.833213344056216,23,18,50,609.2840777219049,-2.4368733636609843,15.373482803103714,0.0,27,0.16,2.3532696901802903,-3.49650756146648,17,2,50,555.6973801218876,7.543962915926532,20.074559076958145,0.0,32,0.1,1.8634536617538893,-3.49650756146648,16,2,50,694.1835760887793,7.933563020866893,22.51490026259184,3.49650756146648,43,0.0,1.9037982531559243,3.49650756146648,15,18,6,777.1112415217418,4.354363114983308,22.035122032805823,3.1648604527613484,41,0.12,2.05710456815764,0.0,12,2,50,946.8106074239444,4.279137384907639,19.23621259665367,3.49650756146648,39,0.06,2.3966617708004128,2.833213344056216,12,4,50,649.3565161999836,1900,100,11,7
-4.027491793026802,18.2931404849632,-2.2213256282451583,22,0.21,2.6606592822797865,0.0,21,6,50,711.802331927592,-4.177502951217415,13.244030277590902,0.0,26,0.17,2.142807970843012,-3.49650756146648,20,18,50,436.4571075337908,-2.761861749124304,15.620214958038792,0.0,26,0.22,2.3713296946826867,0.0,22,18,50,640.7583275611154,-2.7449829198788653,15.63493415463163,0.0,28,0.17,2.367703218214809,0.0,17,2,50,586.5083357436756,6.663178038428581,20.14276625566979,0.0,33,0.11,1.8931620959649769,-3.49650756146648,17,2,50,726.3357205125996,6.464745011939119,22.33197516440484,3.49650756146648,42,0.0,1.94002380536411,3.49650756146648,18,18,6,795.2797196788738,3.753209830146712,22.14725202861633,2.833213344056216,42,0.11,2.159906472396893,3.8918202981106265,12,2,50,1001.259509219416,5.183133639400137,19.768412571618786,3.49650756146648,40,0.06,2.0501980415321475,2.833213344056216,12,4,50,669.5121599496554,1950,100,11,7
-4.07725913874595,18.2815312581335,-2.2213256282451583,22,0.21,2.6447919445669723,0.0,21,6,50,710.0444748395339,-4.340206407987795,13.199728769368306,0.0,25,0.16,2.1431803196655723,-3.49650756146648,22,18,50,433.07499627685047,-3.1544573159327576,15.23373719333457,-1.416606672028108,25,0.21,2.3401701341307897,-2.833213344056216,21,18,50,603.054151924151,-3.7077727021799616,15.340303361083912,-2.833213344056216,27,0.17,2.314084172871617,0.0,17,2,50,600.2996707240978,5.388113062391528,20.032736414872804,0.0,31,0.12,1.912818774065216,-3.49650756146648,17,2,50,720.9521441315949,5.826417173665812,22.508291305212243,3.49650756146648,41,0.0,1.950630732880403,3.49650756146648,18,18,50,798.2522523772295,4.759625327809651,22.460980534214496,3.1648604527613484,44,0.1,2.1606907759292766,-2.833213344056216,11,2,50,1018.7313777185108,5.854380602936634,19.906278463692537,3.49650756146648,42,0.05,2.0686560378365124,-3.49650756146648,11,4,50,651.3499627809172,2000,100,11,7
-3.511071053492459,17.850944956041847,-1.6094379124341005,20,0.23,2.6289246068541576,0.0,23,6,50,646.4326511912518,-4.257874650587724,12.738942872860402,0.0,23,0.16,2.1110425474714347,-3.49650756146648,24,18,50,420.2963562771547,-3.1072066096933013,14.813298854529322,-2.833213344056216,23,0.22,2.3004706858313075,-2.833213344056216,23,18,50,585.4408187868045,-3.1198853016923107,14.819125812553304,-2.833213344056216,25,0.18,2.303441165978842,0.0,18,2,50,534.5179155523999,5.973926919659656,19.86566123104793,0.0,31,0.12,1.8931620959649769,-3.49650756146648,16,2,6,681.4845530896358,7.63816410827696,22.39966159704917,3.49650756146648,41,0.0,1.9129350397776232,3.49650756146648,17,18,6,808.2044917255737,5.983630692050009,22.16356453974833,3.49650756146648,43,0.11,2.1380902351067186,-2.833213344056216,11,2,50,957.9527822904043,5.866279883736079,19.40707006959248,3.49650756146648,41,0.05,2.0586700036551697,-3.49650756146648,12,4,50,596.8868682446719,2050,100,11,7
-4.106883397796042,17.15668765566728,-1.6094379124341005,21,0.24,2.627105067638614,0.0,24,6,50,649.7999461916761,-4.237319430570094,12.737383298147098,0.0,24,0.17,2.1194265545542468,-3.49650756146648,23,18,50,423.907260963504,-2.848982233951773,15.183532474703412,-2.833213344056216,24,0.23,2.310960140410412,-2.833213344056216,24,18,50,623.922671719416,-2.215872604479377,15.08365559309507,0.0,26,0.16,2.3374704850942924,-3.49650756146648,17,2,50,520.9378623926816,7.191153643872282,19.956400963924544,0.0,31,0.11,1.8642902997055488,-3.49650756146648,16,2,50,666.5159738630005,8.49085921809682,22.30887495721565,3.49650756146648,42,0.0,1.8882444141543304,3.49650756146648,15,18,6,730.247788473375,5.263625526280656,22.058680402117343,3.49650756146648,43,0.12,2.0477475750508214,0.0,12,2,50,911.8398806017932,4.84532501561079,19.10255788819568,3.49650756146648,39,0.06,2.045750242169806,-3.49650756146648,12,4,22,604.5438423794004,2100,100,11,7
-4.685309237365074,17.583379636529443,-2.833213344056216,22,0.22,2.645104992549128,0.0,22,6,50,714.6355452715125,-4.220244527059706,13.223957506691708,0.0,26,0.18,2.152601843501359,-3.49650756146648,20,18,50,439.40467668319945,-2.8317913548954925,15.599854522932455,0.0,26,0.24,2.3626001508696586,0.0,24,18,50,640.7582730153013,-2.716650240979711,15.642448617690022,0.0,28,0.16,2.362600150947545,-3.49650756146648,16,2,50,583.6750678537603,7.250919460035824,20.42526554742828,0.0,33,0.1,1.8797590525805887,-3.49650756146648,17,2,50,722.1613332425686,7.024300155016207,22.59949834907769,3.49650756146648,43,0.0,1.9255307293635824,3.49650756146648,16,18,6,813.1101535417882,3.381802461562145,21.98282263606619,2.833213344056216,41,0.12,2.0796615501912945,-2.833213344056216,12,2,50,975.4517166467156,4.634309966222723,19.4085375003266,3.49650756146648,40,0.06,2.0388536364545806,2.833213344056216,12,4,50,669.7947723760931,2150,100,11,7
-4.089496893060889,18.280284747857564,-2.833213344056216,22,0.21,2.6447919445669723,0.0,21,6,50,705.6018235829154,-4.212467340908738,13.237570329742734,0.0,25,0.16,2.136526374582711,-3.49650756146648,21,18,50,432.9605313799901,-2.803604935900071,15.618356984377623,0.0,25,0.21,2.365818848219421,-2.833213344056216,21,18,50,636.5838716989008,-3.5881044410596585,15.369138824764498,-1.416606672028108,27,0.17,2.325788947786846,0.0,17,2,50,600.0883161756268,6.033692735822239,20.340194848967727,0.0,32,0.11,1.9085913805651609,-3.49650756146648,17,2,50,719.3427062190326,5.82853026460063,22.507468301123435,3.49650756146648,41,0.0,1.950630732880403,3.49650756146648,18,18,6,740.9533496807088,4.207975894005465,22.13442965771068,3.1648604527613484,43,0.1,2.1711120978813985,3.8918202981106265,12,2,50,1018.7314322639704,5.602934619379925,19.72796388790897,3.49650756146648,41,0.06,2.0651940181062587,2.833213344056216,12,4,50,683.4875762592494,2200,100,11,7
-2.2265970354146574,18.848460493259548,0.0,31,0.24,2.354039294897569,0.0,24,4,50,749.5319983952022,-2.795374122813687,12.629055393627455,0.0,28,0.16,2.206521222686077,-3.49650756146648,19,18,50,404.0134109775389,-2.5589011773091643,16.083112035358212,-0.8047189562170501,36,0.2,2.666289383212101,0.0,20,4,50,485.0196416373098,-2.2041679493382245,14.52593895012837,0.0,29,0.21,2.307617077038054,0.0,21,2,50,524.0670566776938,2.935402955867114,19.03357822706882,0.0,33,0.15,2.4077115412035703,0.0,15,2,50,678.1519846174265,4.6119528236118965,21.423950332198995,3.044522437723423,43,0.1,1.9414303637575985,3.49650756146648,12,4,50,739.1702747110412,4.214612153004959,21.766778264731048,2.93886789088982,47,0.09,2.04181815005747,0.0,9,2,50,900.1794558203856,4.418455610946275,19.37418749342972,3.044522437723423,44,0.1,2.0100169696236425,-3.49650756146648,10,4,50,608.6900867661773,2250,100,11,7
1.4731396213235806,22.25553708892991,0.0,51,0.25,1.9498799484301936,0.0,25,4,50,1035.5676537885156,1.605621910305989,12.03980374436246,0.0,27,0.21,2.1330328031966816,0.0,21,8,50,408.522843504948,-1.568659927557095,19.758398477699828,0.0,53,0.24,2.41710234280058,0.0,24,4,25,988.4697752709798,2.256136599650417,12.392199361424344,0.0,27,0.44,2.3925166011525354,0.0,44,8,50,372.89282878042775,-3.651641844754448,16.685956791222345,0.0,36,0.21,2.3445657669284747,0.0,21,4,50,783.9055316819902,-1.9990505717344385,18.329562620159265,0.0,40,0.34,2.2351862520997545,0.0,34,4,50,823.2886908142278,-2.599381508164357,18.64730629296537,0.0,41,0.12,2.325803354881184,3.044522437723423,24,2,50,835.400050926931,-2.318324691363398,17.58527637314574,0.0,40,0.31,2.3419751089055647,0.0,31,4,50,747.3060761107132,2300,100,11,7
4.4874423299182,24.60008801486829,3.044522437723423,52,0.24,1.5611819421386397,0.0,24,4,25,1410.281147711957,4.428661238902545,10.6990326591992,2.19722457733622,18,0.25,2.259422768818224,0.0,25,8,25,419.157504823749,8.473222123939195e-14,22.3055880384311,0.0,53,0.26,1.897520139850759,0.0,26,4,25,1575.4086326321028,4.651038656225899,10.014976356729916,0.0,14,0.63,1.2870102911617602,0.0,63,8,25,387.6746097895536,-7.807675730118929,13.832284445291522,0.0,28,0.25,1.4895642179521462,3.044522437723423,26,4,50,866.0142012681489,-7.107435569442546,14.122994501518251,0.0,27,0.5,0.8112781247838816,0.0,50,4,50,862.9696788304259,-7.442333037592174,14.071811051338262,0.0,28,0.13,1.4895642179521462,3.044522437723423,38,4,50,823.3908871400265,-7.076990345065306,14.14155270429248,0.0,27,0.49,0.8112781247028926,0.0,49,4,50,866.014201268149,2350,100,11,7
4.456997105540519,24.603738631271167,1.5222612188617115,52,0.25,1.8975201398507588,0.0,25,4,25,1411.8967359287358,4.124135104222389,10.354848628404598,1.0986122886681098,17,0.26,2.238845536816478,0.0,26,8,25,389.014027102644,0.0304452243774119,22.307644922696703,0.0,53,0.25,1.913373186404603,0.0,25,4,25,1575.5527749008888,4.651038656225406,10.014976356728592,0.0,14,0.63,1.2870102911617602,0.0,63,8,25,387.6746097895056,-7.838120954495051,13.81170018556874,0.0,28,0.26,1.4895642179521462,0.0,26,4,50,862.9696788303144,-7.107435569441426,14.122994501516317,0.0,27,0.5,0.8112781247838816,0.0,50,4,50,862.9696788303138,-7.411887813213823,14.091160261667657,0.0,28,0.12,1.4895642179521462,3.044522437723423,39,4,50,826.4354095776384,-7.107435569441431,14.122994501516326,0.0,27,0.5,0.8112781247838816,0.0,50,4,50,862.9696788303144,2400,100,11,7
4.142254458384994,24.456986986190987,0.0,52,0.26,1.5611819421386397,0.0,26,4,25,1385.335768856104,4.0327994310901945,10.39522007426286,0.0,17,0.25,1.903084570639961,-3.044522437723423,26,8,25,395.700069081547,8.700595799382426e-14,22.309743164756657,0.0,53,0.24,1.913373186404603,0.0,24,4,25,1575.702786523455,4.965781303379725,10.352739803950978,0.0,15,0.62,1.310233267254462,0.0,62,8,25,418.3985379514563,-7.929456627625727,13.762834405478026,-3.044522437723423,28,0.25,1.5095699921973325,-3.044522437723423,26,4,50,859.9251563924881,-7.1074355694404,14.122994501514546,0.0,27,0.5,0.8112781247838816,0.0,50,4,50,862.969678830211,-7.533668710721734,14.026429133343134,-3.044522437723423,28,0.12,1.5095699921973325,3.044522437723423,37,4,50,826.4354095775357,-7.137880793817637,14.104346162373789,0.0,27,0.51,0.8112781248243761,0.0,51,4,50,859.9251563924881,2450,100,11,7
4.172699682761819,24.45370632372069,1.5222612188617115,52,0.25,1.5611819421386397,0.0,25,4,25,1383.6891685406058,4.337325565769149,10.74070008503755,1.0986122886681098,18,0.24,1.912795954638569,-3.044522437723423,26,8,25,425.8130115188468,-0.0304452243770679,22.307644922690663,0.0,53,0.25,1.897520139850759,0.0,25,4,25,1575.5527749004614,4.96578130337919,10.352739803949609,0.0,15,0.62,1.310233267254462,0.0,62,8,25,418.398537951404,-7.899011403247377,13.78369338392446,-3.044522437723423,28,0.24,1.5095699921973325,-3.044522437723423,26,4,50,862.9696788300996,-7.10743556943929,14.122994501512634,0.0,27,0.5,0.8112781247838816,0.0,50,4,50,862.9696788301002,-7.564113935097856,14.006725801687386,-3.044522437723423,28,0.13,1.5095699921973325,3.044522437723423,36,4,50,823.3908871397009,-7.107435569439286,14.122994501512627,0.0,27,0.5,0.8112781247838816,0.0,50,4,50,862.9696788300998,2500,100,11,7
4.487442329915972,24.600088014854887,3.044522437723423,52,0.24,1.5611819421386397,0.0,24,4,25,1410.2811477111773,4.428661238900317,10.699032659193566,2.19722457733622,18,0.25,2.259422768818224,0.0,25,8,25,419.157504823533,8.412825991399586e-14,22.30558803841901,0.0,53,0.26,1.897520139850759,0.0,26,4,25,1575.4086326312463,4.651038656223842,10.014976356724407,0.0,14,0.63,1.2870102911617602,0.0,63,8,25,387.67460978935327,-7.807675730114644,13.83228444528419,0.0,28,0.25,1.4895642179521462,3.044522437723423,26,4,50,866.0142012677204,-7.107435569438261,14.12299450151086,0.0,27,0.5,0.8112781247838816,0.0,50,4,50,862.9696788299975,-7.442333037587889,14.071811051330943,0.0,28,0.13,1.4895642179521462,3.044522437723423,38,4,50,823.390887139598,-7.076990345061023,14.14155270428509,0.0,27,0.49,0.8112781247028926,0.0,49,4,50,866.0142012677204,2550,100,11,7
4.456997105538292,24.603738631257755,1.5222612188617115,52,0.25,1.8975201398507588,0.0,25,4,25,1411.8967359279563,4.124135104220333,10.354848628399166,1.0986122886681098,17,0.26,2.238845536816478,0.0,26,8,25,389.0140271024459,0.0304452243774107,22.307644922684613,0.0,53,0.25,1.913373186404603,0.0,25,4,25,1575.552774900033,4.651038656223348,10.014976356723087,0.0,14,0.63,1.2870102911617602,0.0,63,8,25,387.6746097893051,-7.838120954490767,13.811700185561406,0.0,28,0.26,1.4895642179521462,0.0,26,4,50,862.9696788298857,-7.107435569437143,14.122994501508929,0.0,27,0.5,0.8112781247838816,0.0,50,4,50,862.9696788298854,-7.411887813209541,14.091160261660344,0.0,28,0.12,1.4895642179521462,3.044522437723423,39,4,50,826.4354095772098,-7.107435569437147,14.122994501508936,0.0,27,0.5,0.8112781247838816,0.0,50,4,50,862.9696788298859,2600,100,11,7
4.142254458382939,24.45698698617766,0.0,52,0.26,1.5611819421386397,0.0,26,4,25,1385.3357688553388,4.0327994310881365,10.395220074257432,0.0,17,0.25,1.903084570639961,-3.044522437723423,26,8,25,395.70006908134906,8.757439218243234e-14,22.30974316474457,0.0,53,0.24,1.913373186404603,0.0,24,4,25,1575.702786522599,4.965781303377498,10.352739803945276,0.0,15,0.62,1.310233267254462,0.0,62,8,25,418.3985379512385,-7.929456627621444,13.762834405470697,-3.044522437723423,28,0.25,1.5095699921973325,-3.044522437723423,26,4,50,859.9251563920595,-7.107435569436115,14.122994501507154,0.0,27,0.5,0.8112781247838816,0.0,50,4,50,862.9696788297825,-7.533668710717449,14.02642913333582,-3.044522437723423,28,0.12,1.5095699921973325,3.044522437723423,37,4,50,826.435409577107,-7.137880793813354,14.104346162366395,0.0,27,0.51,0.8112781248243761,0.0,51,4,50,859.9251563920595,2650,100,11,7
4.172699682759761,24.453706323707365,1.5222612188617115,52,0.25,1.5611819421386397,0.0,25,4,25,1383.6891685398407,4.337325565766921,10.74070008503192,1.0986122886681098,18,0.24,1.912795954638569,-3.044522437723423,26,8,25,425.8130115186312,-0.0304452243770673,22.307644922678573,0.0,53,0.25,1.897520139850759,0.0,25,4,25,1575.5527748996055,4.965781303376961,10.352739803943903,0.0,15,0.62,1.310233267254462,0.0,62,8,25,418.3985379511861,-7.899011403243091,13.78369338391713,-3.044522437723423,28,0.24,1.5095699921973325,-3.044522437723423,26,4,50,862.9696788296714,-7.107435569435005,14.12299450150524,0.0,27,0.5,0.8112781247838816,0.0,50,4,50,862.9696788296717,-7.564113935093571,14.00672580168007,-3.044522437723423,28,0.13,1.5095699921973325,3.044522437723423,36,4,50,823.3908871392723,-7.107435569435,14.122994501505234,0.0,27,0.5,0.8112781247838816,0.0,50,4,50,862.9696788296712,2700,100,11,7
4.487442329913745,24.60008801484148,3.044522437723423,52,0.24,1.5611819421386397,0.0,24,4,25,1410.281147710398,4.428661238898088,10.699032659187935,2.19722457733622,18,0.25,2.259422768818224,0.0,25,8,25,419.15750482331725,8.412825991399586e-14,22.30558803840692,0.0,53,0.26,1.897520139850759,0.0,26,4,25,1575.4086326303905,4.651038656221785,10.0149763567189,0.0,14,0.63,1.2870102911617602,0.0,63,8,25,387.67460978915295,-7.8076757301103585,13.83228444527686,0.0,28,0.25,1.4895642179521462,3.044522437723423,26,4,50,866.0142012672919,-7.107435569433977,14.122994501503468,0.0,27,0.5,0.8112781247838816,0.0,50,4,50,862.9696788295689,-7.442333037583603,14.071811051323628,0.0,28,0.13,1.4895642179521462,3.044522437723423,38,4,50,823.3908871391695,-7.076990345056737,14.141552704277698,0.0,27,0.49,0.8112781247028926,0.0,49,4,50,866.0142012672919,2750,100,11,7
4.456997105536064,24.603738631244347,1.5222612188617115,52,0.25,1.8975201398507588,0.0,25,4,25,1411.8967359271771,4.124135104218276,10.354848628393734,1.0986122886681098,17,0.26,2.238845536816478,0.0,26,8,25,389.0140271022479,0.030445224377409,22.307644922672523,0.0,53,0.25,1.913373186404603,0.0,25,4,25,1575.5527748991772,4.651038656221293,10.014976356717575,0.0,14,0.63,1.2870102911617602,0.0,63,8,25,387.6746097891048,-7.838120954486482,13.811700185554075,0.0,28,0.26,1.4895642179521462,0.0,26,4,50,862.9696788294573,-7.107435569432857,14.122994501501536,0.0,27,0.5,0.8112781247838816,0.0,50,4,50,862.9696788294568,-7.411887813205253,14.091160261653023,0.0,28,0.12,1.4895642179521462,3.044522437723423,39,4,50,826.4354095767814,-7.10743556943286,14.122994501501545,0.0,27,0.5,0.8112781247838816,0.0,50,4,50,862.9696788294574,2800,100,11,7
4.142254458380881,24.45698698616433,0.0,52,0.26,1.5611819421386397,0.0,26,4,25,1385.335768854574,4.03279943108608,10.395220074252002,0.0,17,0.25,1.903084570639961,-3.044522437723423,26,8,25,395.7000690811511,8.700595799382426e-14,22.30974316473248,0.0,53,0.24,1.913373186404603,0.0,24,4,25,1575.702786521743,4.965781303375269,10.352739803939569,0.0,15,0.62,1.310233267254462,0.0,62,8,25,418.3985379510206,-7.929456627617159,13.762834405463366,-3.044522437723423,28,0.25,1.5095699921973325,-3.044522437723423,26,4,50,859.9251563916309,-7.107435569431829,14.12299450149976,0.0,27,0.5,0.8112781247838816,0.0,50,4,50,862.969678829354,-7.533668710713166,14.026429133328504,-3.044522437723423,28,0.12,1.5095699921973325,3.044522437723423,37,4,50,826.4354095766786,-7.137880793809067,14.104346162359,0.0,27,0.51,0.8112781248243761,0.0,51,4,50,859.925156391631,2850,100,11,7
4.172699682757707,24.45370632369404,1.5222612188617115,52,0.25,1.5611819421386397,0.0,25,4,25,1383.6891685390756,4.337325565764693,10.740700085026292,1.0986122886681098,18,0.24,1.912795954638569,-3.044522437723423,26,8,25,425.81301151841546,-0.0304452243770679,22.30764492266648,0.0,53,0.25,1.897520139850759,0.0,25,4,25,1575.5527748987497,4.965781303374734,10.3527398039382,0.0,15,0.62,1.310233267254462,0.0,62,8,25,418.3985379509682,-7.899011403238806,13.7836933839098,-3.044522437723423,28,0.24,1.5095699921973325,-3.044522437723423,26,4,50,862.9696788292429,-7.10743556943072,14.122994501497846,0.0,27,0.5,0.8112781247838816,0.0,50,4,50,862.9696788292433,-7.564113935089285,14.006725801672754,-3.044522437723423,28,0.13,1.5095699921973325,3.044522437723423,36,4,50,823.3908871388438,-7.107435569430716,14.12299450149784,0.0,27,0.5,0.8112781247838816,0.0,50,4,50,862.9696788292428,2900,100,11,7
4.487442329911516,24.60008801482807,3.044522437723423,52,0.24,1.5611819421386397,0.0,24,4,25,1410.2811477096188,4.428661238895861,10.699032659182302,2.19722457733622,18,0.25,2.259422768818224,0.0,25,8,25,419.15750482310136,8.412825991399586e-14,22.305588038394827,0.0,53,0.26,1.897520139850759,0.0,26,4,25,1575.4086326295346,4.651038656219728,10.01497635671339,0.0,14,0.63,1.2870102911617602,0.0,63,8,25,387.6746097889524,-7.807675730106074,13.832284445269527,0.0,28,0.25,1.4895642179521462,3.044522437723423,26,4,50,866.0142012668637,-7.107435569429692,14.122994501496072,0.0,27,0.5,0.8112781247838816,0.0,50,4,50,862.9696788291404,-7.442333037579321,14.07181105131631,0.0,28,0.13,1.4895642179521462,3.044522437723423,38,4,50,823.3908871387412,-7.076990345052452,14.141552704270309,0.0,27,0.49,0.8112781247028926,0.0,49,4,50,866.0142012668634,2950,100,11,7
4.456997105533837,24.603738631230943,1.5222612188617115,52,0.25,1.8975201398507588,0.0,25,4,25,1411.8967359263977,4.12413510421622,10.354848628388302,1.0986122886681098,17,0.26,2.238845536816478,0.0,26,8,25,389.01402710204985,0.0304452243774107,22.30764492266044,0.0,53,0.25,1.913373186404603,0.0,25,4,25,1575.552774898321,4.651038656219235,10.01497635671207,0.0,14,0.63,1.2870102911617602,0.0,63,8,25,387.6746097889044,-7.838120954482198,13.81170018554674,0.0,28,0.26,1.4895642179521462,0.0,26,4,50,862.9696788290287,-7.107435569428572,14.12299450149414,0.0,27,0.5,0.8112781247838816,0.0,50,4,50,862.9696788290285,-7.41188781320097,14.091160261645708,0.0,28,0.12,1.4895642179521462,3.044522437723423,39,4,50,826.4354095763529,-7.107435569428577,14.12299450149415,0.0,27,0.5,0.8112781247838816,0.0,50,4,50,862.9696788290289,3000,100,11,7
4.142254458378826,24.456986986151005,0.0,52,0.26,1.5611819421386397,0.0,26,4,25,1385.3357688538083,4.032799431084023,10.395220074246572,0.0,17,0.25,1.903084570639961,-3.044522437723423,26,8,25,395.70006908095326,8.697043085703626e-14,22.309743164720388,0.0,53,0.24,1.913373186404603,0.0,24,4,25,1575.702786520887,4.965781303373041,10.352739803933863,0.0,15,0.62,1.310233267254462,0.0,62,8,25,418.3985379508027,-7.929456627612874,13.762834405456037,-3.044522437723423,28,0.25,1.5095699921973325,-3.044522437723423,26,4,50,859.9251563912026,-7.107435569427545,14.122994501492368,0.0,27,0.5,0.8112781247838816,0.0,50,4,50,862.9696788289257,-7.533668710708879,14.026429133321194,-3.044522437723423,28,0.12,1.5095699921973325,3.044522437723423,37,4,50,826.4354095762501,-7.137880793804784,14.104346162351607,0.0,27,0.51,0.8112781248243761,0.0,51,4,50,859.9251563912026,3050,100,11,7
4.172699682755648,24.45370632368072,1.5222612188617115,52,0.25,1.5611819421386397,0.0,25,4,25,1383.6891685383102,4.337325565762466,10.740700085020665,1.0986122886681098,18,0.24,1.912795954638569,-3.044522437723423,26,8,25,425.8130115181997,-0.0304452243770673,22.307644922654383,0.0,53,0.25,1.897520139850759,0.0,25,4,25,1575.5527748978936,4.965781303372506,10.352739803932495,0.0,15,0.62,1.310233267254462,0.0,62,8,25,418.3985379507504,-7.899011403234522,13.783693383902472,-3.044522437723423,28,0.24,1.5095699921973325,-3.044522437723423,26,4,50,862.9696788288143,-7.107435569426436,14.122994501490457,0.0,27,0.5,0.8112781247838816,0.0,50,4,50,862.9696788288147,-7.564113935085001,14.00672580166544,-3.044522437723423,28,0.13,1.5095699921973325,3.044522437723423,36,4,50,823.3908871384156,-7.107435569426432,14.12299450149045,0.0,27,0.5,0.8112781247838816,0.0,50,4,50,862.9696788288143,3100,100,11,7
4.487442329909288,24.60008801481466,3.044522437723423,52,0.24,1.5611819421386397,0.0,24,4,25,1410.281147708839,4.428661238893632,10.699032659176671,2.19722457733622,18,0.25,2.259422768818224,0.0,25,8,25,419.1575048228855,8.473222123939195e-14,22.305588038382734,0.0,53,0.26,1.897520139850759,0.0,26,4,25,1575.4086326286786,4.651038656217672,10.014976356707884,0.0,14,0.63,1.2870102911617602,0.0,63,8,25,387.67460978875215,-7.8076757301017885,13.8322844452622,0.0,28,0.25,1.4895642179521462,3.044522437723423,26,4,50,866.0142012664351,-7.107435569425405,14.12299450148868,0.0,27,0.5,0.8112781247838816,0.0,50,4,50,862.969678828712,-7.442333037575033,14.071811051308991,0.0,28,0.13,1.4895642179521462,3.044522437723423,38,4,50,823.3908871383126,-7.076990345048166,14.141552704262914,0.0,27,0.49,0.8112781247028926,0.0,49,4,50,866.014201266435,3150,100,11,7
4.456997105531606,24.60373863121753,1.5222612188617115,52,0.25,1.8975201398507588,0.0,25,4,25,1411.896735925618,4.1241351042141625,10.35484862838287,1.0986122886681098,17,0.26,2.238845536816478,0.0,26,8,25,389.0140271018518,0.0304452243774108,22.30764492264834,0.0,53,0.25,1.913373186404603,0.0,25,4,25,1575.552774897465,4.651038656217178,10.01497635670656,0.0,14,0.63,1.2870102911617602,0.0,63,8,25,387.6746097887041,-7.838120954477912,13.811700185539408,0.0,28,0.26,1.4895642179521462,0.0,26,4,50,862.9696788286003,-7.107435569424286,14.122994501486748,0.0,27,0.5,0.8112781247838816,0.0,50,4,50,862.9696788286,-7.411887813196683,14.091160261638391,0.0,28,0.12,1.4895642179521462,3.044522437723423,39,4,50,826.4354095759245,-7.10743556942429,14.122994501486756,0.0,27,0.5,0.8112781247838816,0.0,50,4,50,862.9696788286003,3200,100,11,7
4.142254458376768,24.45698698613768,0.0,52,0.26,1.5611819421386397,0.0,26,4,25,1385.335768853043,4.032799431081967,10.395220074241143,0.0,17,0.25,1.903084570639961,-3.044522437723423,26,8,25,395.7000690807554,8.757439218243234e-14,22.309743164708298,0.0,53,0.24,1.913373186404603,0.0,24,4,25,1575.7027865200314,4.965781303370813,10.35273980392816,0.0,15,0.62,1.310233267254462,0.0,62,8,25,418.3985379505848,-7.929456627608589,13.762834405448706,-3.044522437723423,28,0.25,1.5095699921973325,-3.044522437723423,26,4,50,859.925156390774,-7.1074355694232585,14.122994501484971,0.0,27,0.5,0.8112781247838816,0.0,50,4,50,862.9696788284971,-7.533668710704596,14.02642913331388,-3.044522437723423,28,0.12,1.5095699921973325,3.044522437723423,37,4,50,826.4354095758216,-7.137880793800498,14.104346162344218,0.0,27,0.51,0.8112781248243761,0.0,51,4,50,859.9251563907741,3250,100,11,7
-1.5137533412682538,18.97162192445235,-2.381086967398878,35,0.17,2.5764207046818424,0.0,17,6,17,478.8210718222749,-3.4289164651066266,13.867998404583467,-1.416606672028108,39,0.13,2.307264583025048,-3.49650756146648,16,18,11,322.996917372289,-0.2187968766991512,17.78072805557259,0.0,40,0.18,2.5293141478363186,0.0,18,18,17,480.5592127663074,0.0337225148129724,17.249702260507807,0.0,46,0.17,2.686297277647514,0.0,17,18,5,514.984127643411,2.224175241826364,18.6332070121152,-0.8047189562170501,39,0.12,2.5196457240686594,-3.49650756146648,13,2,5,542.4768573318628,2.691762230249507,20.622588269332983,0.0,45,0.06,1.971999313439928,3.49650756146648,15,18,5,673.0020007142894,1.3616818351058395,19.778323164233505,0.0,50,0.12,2.6504573907218894,0.0,12,2,5,655.3760173703942,1.7406365317416794,18.03876570617664,2.6990813507588767,49,0.11,2.5402355857800494,0.0,11,4,5,544.1288044200548,0,100,11,8
-4.426111910128917,17.361563464141234,-2.2213256282451583,21,0.23,2.629237654836313,0.0,23,6,50,680.5834020308862,-4.596449529207017,13.057990235663622,0.0,24,0.17,2.3277445093718194,-3.49650756146648,24,8,50,447.1608290161508,-3.444993543128125,15.11405257610591,-2.833213344056216,24,0.23,2.619727109068126,-2.833213344056216,23,18,50,612.1552665851367,-2.574474432170084,15.412774313666134,-2.833213344056216,26,0.16,2.33602497563955,-3.49650756146648,17,2,50,542.8398831834236,6.210393194119552,20.03547633318433,0.0,31,0.11,1.8810329377807795,-3.49650756146648,17,2,50,694.3370046266737,7.849006692260252,22.53861768178901,3.49650756146648,41,0.0,1.9024549991691009,3.49650756146648,15,18,6,789.9974730651597,5.269222448108696,22.381572949102004,3.1648604527613484,44,0.12,2.0729719058709937,0.0,12,2,50,966.1173589749646,4.900639960845951,19.46941051792501,3.49650756146648,41,0.05,2.0682257878488004,-3.49650756146648,12,4,50,637.2673682927486,50,100,11,8
-4.369711609553104,17.377664072116207,-2.2213256282451583,21,0.23,2.645104992549128,0.0,23,6,50,683.0045520680982,-4.433745861619888,13.105952799112876,0.0,25,0.18,2.336329193763534,-3.49650756146648,22,18,50,450.5429191914164,-2.517763601797168,15.400390013395045,0.0,25,0.23,2.348591380994175,-2.833213344056216,23,18,50,603.603594510696,-2.3809232667772364,15.443314057934408,0.0,27,0.16,2.3532696901802903,-3.49650756146648,17,2,50,550.0168939268524,7.542110531809048,20.070117110707,0.0,32,0.1,1.8634536617538893,-3.49650756146648,16,2,50,694.0268476006202,7.931781879853554,22.50985118119245,3.49650756146648,43,0.0,1.9037982531559243,3.49650756146648,15,18,6,776.9220439636466,4.307263078354868,22.076814267341884,3.1648604527613484,41,0.12,2.05710456815764,0.0,12,2,50,951.2213900493688,4.232179859352729,19.28513719417468,3.49650756146648,39,0.06,2.3966617708004128,2.833213344056216,12,4,50,653.8385394430322,100,100,11,8
-4.026708030107664,18.28902321104459,-2.2213256282451583,22,0.21,2.6606592822797865,0.0,21,6,50,711.6384791290177,-4.121054340589526,13.333327100661997,0.0,26,0.17,2.374144788141277,-3.49650756146648,20,18,50,430.812246471002,-2.705840528489256,15.68997622468467,0.0,26,0.22,2.3713296946826867,0.0,22,18,50,635.0707289909499,-2.688961669405656,15.704569864756689,0.0,28,0.17,2.367703218214809,0.0,17,2,50,580.8207341896941,6.661539383623532,20.138298952101703,0.0,33,0.11,1.8931620959649769,-3.49650756146648,17,2,50,726.1718677140252,6.463320086446516,22.326965683783428,3.49650756146648,42,0.0,1.94002380536411,3.49650756146648,18,18,6,795.0869363846416,3.706252354322182,22.187433598809907,2.833213344056216,42,0.11,2.159906472396893,3.8918202981106265,12,2,50,1005.6560357644488,5.135962459128315,19.81788121224221,3.49650756146648,40,0.06,2.0501980415321475,2.833213344056216,12,4,50,673.9870514227358,150,100,11,8
-4.07647538850874,18.277413522155022,-2.2213256282451583,22,0.21,2.6447919445669723,0.0,21,6,50,709.8806233091524,-4.283757899556135,13.290014252668026,0.0,25,0.16,2.3689130034243724,-3.49650756146648,22,18,50,427.43014543368446,-3.0983649670716944,15.306857833233687,-1.416606672028108,25,0.21,2.3401701341307897,-2.833213344056216,21,18,50,597.3736866158274,-3.660815313632717,15.401904770462862,-2.833213344056216,27,0.17,2.314084172871617,0.0,17,2,50,595.5327014471563,5.386759367321138,20.0282875174358,0.0,31,0.12,1.912818774065216,-3.49650756146648,17,2,50,720.7882926012135,5.825134721699571,22.503243792965947,3.49650756146648,41,0.0,1.950630732880403,3.49650756146648,18,18,50,798.0812765364333,4.70317669106977,22.51182299009989,3.1648604527613484,44,0.1,2.1606907759292766,-2.833213344056216,11,2,50,1024.0485231134194,5.797789509826549,19.967887650622654,3.49650756146648,42,0.05,2.0686560378365124,-3.49650756146648,11,4,50,656.7525969169938,200,100,11,8
-3.5104297894635432,17.84692623865771,-1.6094379124341005,20,0.23,2.6289246068541576,0.0,23,6,50,646.2830482816996,-4.210703689381523,12.81636734995636,0.0,23,0.16,2.313536823937827,-3.49650756146648,24,18,50,415.5792601565345,-3.060391806814427,14.875458866313704,-2.833213344056216,23,0.22,2.3004706858313075,-2.833213344056216,23,18,50,580.6881080766998,-3.0730704739484604,14.88130140378872,-2.833213344056216,25,0.18,2.303441165978842,0.0,18,2,50,529.7652023557978,5.972430738380968,19.86125768386908,0.0,31,0.12,1.8931620959649769,-3.49650756146648,16,2,6,681.3302772827564,7.636454197685827,22.39463888482028,3.49650756146648,41,0.0,1.9129350397776232,3.49650756146648,17,18,6,808.0084733084124,5.926897172407705,22.218273599917502,3.49650756146648,43,0.11,2.1380902351067186,-2.833213344056216,11,2,50,963.2841673547248,5.809688880140056,19.47052373845408,3.49650756146648,41,0.05,2.0586700036551697,-3.49650756146648,12,4,50,602.3037420501712,250,100,11,8
-4.106099660240759,17.152824016296947,-1.6094379124341005,21,0.24,2.627105067638614,0.0,24,6,50,649.6503420139309,-4.190148531276736,12.814741384959774,0.0,24,0.17,2.3219208310206314,-3.49650756146648,23,18,50,419.1901710341682,-2.802238723407937,15.24322958843281,-2.833213344056216,24,0.23,2.310960140410412,-2.833213344056216,24,18,50,619.1628441583721,-2.159994078918774,15.15414383948288,0.0,26,0.16,2.3374704850942924,-3.49650756146648,17,2,50,515.2645333299607,7.189372502858927,19.95198663840977,0.0,31,0.11,1.8642902997055488,-3.49650756146648,16,2,50,666.3663696852552,8.488935590875172,22.303877972242265,3.49650756146648,42,0.0,1.8882444141543304,3.49650756146648,15,18,6,730.0705160945328,5.216312033855759,22.10221465027428,3.49650756146648,43,0.12,2.0477475750508214,0.0,12,2,50,916.2577601860314,4.798225277363256,19.153247465628205,3.49650756146648,39,0.06,2.045750242169806,-3.49650756146648,12,4,22,606.9967284573243,300,100,11,8
-4.684383013601494,17.579418454216334,-2.833213344056216,22,0.22,2.645104992549128,0.0,22,6,50,714.4716924729371,-4.163796244649393,13.313569668613326,0.0,26,0.18,2.38118208130492,-3.49650756146648,20,18,50,433.7598484421681,-2.775770462477924,15.669956028176104,0.0,26,0.24,2.3626001508696586,0.0,24,18,50,635.0707072668839,-2.6606293187243604,15.711949595595486,0.0,28,0.16,2.362600150947545,-3.49650756146648,16,2,50,577.9874991215647,7.249138319022467,20.42073820139338,0.0,33,0.1,1.8797590525805887,-3.49650756146648,17,2,50,721.9974804439931,7.022732743315292,22.59442929580765,3.49650756146648,43,0.0,1.9255307293635824,3.49650756146648,16,18,6,812.9127759599698,3.3349165023568035,22.02260306013368,2.833213344056216,41,0.12,2.0796615501912945,-2.833213344056216,12,2,50,979.8553401506572,4.587281545673918,19.45778713116418,3.49650756146648,40,0.06,2.0388536364545806,2.833213344056216,12,4,50,674.2696364976995,350,100,11,8
-4.08871314282367,18.276167255833,-2.833213344056216,22,0.21,2.6447919445669723,0.0,21,6,50,705.4379720525329,-4.156019160693515,13.327057902224396,0.0,25,0.16,2.367863191880982,-3.49650756146648,21,18,50,427.3157133584679,-2.7475841456775685,15.688275075376422,0.0,25,0.21,2.365818848219421,-2.833213344056216,21,18,50,630.8963161699901,-3.5411473260265063,15.430260587033386,-1.416606672028108,27,0.17,2.325788947786846,0.0,17,2,50,595.3213742500946,6.03219655454354,20.335677950122296,0.0,32,0.11,1.9085913805651609,-3.49650756146648,17,2,50,719.1788546886503,5.827247812634376,22.502420724697984,3.49650756146648,41,0.0,1.950630732880403,3.49650756146648,18,18,6,740.7726068657781,4.15167007169098,22.184791992061648,3.1648604527613484,43,0.1,2.1711120978813985,3.8918202981106265,12,2,50,1024.048544837167,5.546415097590707,19.78950211750898,3.49650756146648,41,0.06,2.0651940181062587,2.833213344056216,12,4,50,688.8830532632375,400,100,11,8
-3.831734135686464,18.05816992149557,-2.2213256282451583,21,0.22,2.6287314690959094,0.0,22,6,50,671.4204677810587,-4.039016370247872,13.000158443624938,0.0,24,0.15,2.351740296589633,-3.49650756146648,24,18,50,395.9629773799252,-3.375063029830828,15.13790077755806,-2.833213344056216,24,0.21,2.304290300135315,-2.833213344056216,23,18,50,612.15523037834,-3.451038906020029,15.130466769470685,-2.833213344056216,26,0.17,2.2963673954311035,-3.49650756146648,18,2,50,560.5690304400216,4.99345145061427,19.885305497240378,0.0,30,0.12,1.9059252053401856,-3.49650756146648,17,2,50,691.518376773389,6.727405061148257,22.46770462322413,3.49650756146648,40,0.0,1.9332808458183008,3.49650756146648,18,18,6,799.2356305054979,5.612225551116689,22.52075783494107,3.49650756146648,44,0.1,2.142812121764598,-2.833213344056216,11,2,50,989.0849027953496,6.084128503947475,19.63610760861842,3.49650756146648,41,0.05,2.0621320233854235,-3.49650756146648,12,4,50,629.4452859393738,450,100,11,8
-4.426111910126156,17.361563464136932,-2.2213256282451583,21,0.23,2.629237654836313,0.0,23,6,50,680.5834020306099,-4.596449117766367,13.05799096000841,0.0,24,0.17,2.3277445093718194,-3.49650756146648,24,8,50,447.1607878720859,-3.444993131687509,15.114053170567963,-2.833213344056216,24,0.23,2.619727109068126,-2.833213344056216,23,18,50,612.1552254410751,-2.5744739384416544,15.412774985310136,-2.833213344056216,26,0.16,2.33602497563955,-3.49650756146648,17,2,50,542.8398338105806,6.210393194114721,20.03547633317553,0.0,31,0.11,1.8810329377807795,-3.49650756146648,17,2,50,694.3370046263975,7.849006692254901,22.538617681778582,3.49650756146648,41,0.0,1.9024549991691009,3.49650756146648,15,18,6,789.9974730647407,5.269221954378715,22.381573471056235,3.1648604527613484,44,0.12,2.0729719058709937,0.0,12,2,50,966.117408347169,4.900639467116648,19.469411108607545,3.49650756146648,41,0.05,2.0682257878488004,-3.49650756146648,12,4,50,637.2674176651265,500,100,11,8
-4.369711609550169,17.37766407211163,-2.2213256282451583,21,0.23,2.645104992549128,0.0,23,6,50,683.0045520678048,-4.433745450179472,13.105953515697996,0.0,25,0.18,2.336329193763534,-3.49650756146648,22,18,50,450.54287804737487,-2.517763108069216,15.400390683759866,0.0,25,0.23,2.348591380994175,-2.833213344056216,23,18,50,603.6035451379007,-2.380922773049122,15.443314722061356,0.0,27,0.16,2.3532696901802903,-3.49650756146648,17,2,50,550.016844554041,7.542110531803697,20.070117110697915,0.0,32,0.1,1.8634536617538893,-3.49650756146648,16,2,50,694.0268476003266,7.931781879848378,22.509851181181727,3.49650756146648,43,0.0,1.9037982531559243,3.49650756146648,15,18,6,776.9220439632185,4.3072626669137,22.07681469037833,3.1648604527613484,41,0.12,2.05710456815764,0.0,12,2,50,951.2214311927607,4.23217944791204,19.285137676850297,3.49650756146648,39,0.06,2.3966617708004128,2.833213344056216,12,4,50,653.8385805865832,550,100,11,8
-4.026708030104557,18.289023211039925,-2.2213256282451583,22,0.21,2.6606592822797865,0.0,21,6,50,711.638479128707,-4.121053846861849,13.333327934321488,0.0,26,0.17,2.374144788141277,-3.49650756146648,20,18,50,430.8121970982343,-2.7058400347616174,15.689976888594138,0.0,26,0.22,2.3713296946826867,0.0,22,18,50,635.0706796181862,-2.688961175677856,15.704570527518776,0.0,28,0.17,2.367703218214809,0.0,17,2,50,580.8206848169143,6.661539383618698,20.138298952092512,0.0,33,0.11,1.8931620959649769,-3.49650756146648,17,2,50,726.1718677137144,6.4633200864422005,22.326965683772755,3.49650756146648,42,0.0,1.94002380536411,3.49650756146648,18,18,6,795.0869363842143,3.706251942881764,22.187434008591715,2.833213344056216,42,0.11,2.159906472396893,3.8918202981106265,12,2,50,1005.6560769077656,5.135962047687514,19.817881700704906,3.49650756146648,40,0.06,2.0501980415321475,2.833213344056216,12,4,50,673.987092566229,600,100,11,8
-4.076475388505806,18.277413522150635,-2.2213256282451583,22,0.21,2.6447919445669723,0.0,21,6,50,709.880623308859,-4.2837574058291175,13.2900150950885,0.0,25,0.16,2.3689130034243724,-3.49650756146648,22,18,50,427.4300960609827,-3.0983644733447178,15.306858526420951,-1.416606672028108,25,0.21,2.3401701341307897,-2.833213344056216,21,18,50,597.3736372431297,-3.660814902192877,15.401905359578556,-2.833213344056216,27,0.17,2.314084172871617,0.0,17,2,50,595.5326603031725,5.386759367316822,20.028287517426925,0.0,31,0.12,1.912818774065216,-3.49650756146648,17,2,50,720.78829260092,5.825134721695426,22.50324379295543,3.49650756146648,41,0.0,1.950630732880403,3.49650756146648,18,18,50,798.0812765361226,4.703176197341434,22.51182349661829,3.1648604527613484,44,0.1,2.1606907759292766,-2.833213344056216,11,2,50,1024.0485724854589,5.797789016098028,19.967888248740323,3.49650756146648,42,0.05,2.0686560378365124,-3.49650756146648,11,4,50,656.7526462892245,650,100,11,8
-3.5104297894609533,17.846926238653655,-1.6094379124341005,20,0.23,2.6289246068541576,0.0,23,6,50,646.2830482814406,-4.210703277942537,12.816368075571342,0.0,23,0.16,2.313536823937827,-3.49650756146648,24,18,50,415.5792190126358,-3.060391395375474,14.87545945967116,-2.833213344056216,23,0.22,2.3004706858313075,-2.833213344056216,23,18,50,580.6880669328045,-3.0730700625093728,14.881301997263945,-2.833213344056216,25,0.18,2.303441165978842,0.0,18,2,50,529.7651612118889,5.972430738376307,19.86125768386036,0.0,31,0.12,1.8931620959649769,-3.49650756146648,16,2,6,681.3302772824517,7.636454197680649,22.39463888480992,3.49650756146648,41,0.0,1.9129350397776232,3.49650756146648,17,18,6,808.0084733079792,5.926896678679164,22.21827414032091,3.49650756146648,43,0.11,2.1380902351067186,-2.833213344056216,11,2,50,963.2842167267504,5.809688386412024,19.47052435215205,3.49650756146648,41,0.05,2.0586700036551697,-3.49650756146648,12,4,50,602.3037914223876,700,100,11,8
-4.106099660237998,17.15282401629254,-1.6094379124341005,21,0.24,2.627105067638614,0.0,24,6,50,649.6503420136545,-4.190148119837983,12.814742110005817,0.0,24,0.17,2.3219208310206314,-3.49650756146648,23,18,50,419.19012989029295,-2.802238311969219,15.243230160505608,-2.833213344056216,24,0.23,2.310960140410412,-2.833213344056216,24,18,50,619.1628030145,-2.15999358519262,15.154144509082707,0.0,26,0.16,2.3374704850942924,-3.49650756146648,17,2,50,515.2644839573453,7.189372502853749,19.951986638400754,0.0,31,0.11,1.8642902997055488,-3.49650756146648,16,2,50,666.3663696849788,8.488935590869648,22.303877972231707,3.49650756146648,42,0.0,1.8882444141543304,3.49650756146648,15,18,6,730.0705160941313,5.216311622415561,22.102215089745208,3.49650756146648,43,0.12,2.0477475750508214,0.0,12,2,50,916.2578013292916,4.798224865923712,19.15324796378541,3.49650756146648,39,0.06,2.045750242169806,-3.49650756146648,12,4,22,606.9967515032275,750,100,11,8
-4.684383013598387,17.579418454211602,-2.833213344056216,22,0.22,2.645104992549128,0.0,22,6,50,714.4716924726265,-4.163795750923502,13.313570505092146,0.0,26,0.18,2.38118208130492,-3.49650756146648,20,18,50,433.7597990695791,-2.7757699687520745,15.66995669513484,0.0,26,0.24,2.3626001508696586,0.0,24,18,50,635.0706578942988,-2.6606288249983483,15.711950257153692,0.0,28,0.16,2.362600150947545,-3.49650756146648,16,2,50,577.9874497489634,7.24913831901729,20.420738201384044,0.0,33,0.1,1.8797590525805887,-3.49650756146648,17,2,50,721.9974804436825,7.022732743310632,22.59442929579684,3.49650756146648,43,0.0,1.9255307293635824,3.49650756146648,16,18,6,812.9127759595276,3.334916090918046,22.02260346604384,2.833213344056216,41,0.12,2.0796615501912945,-2.833213344056216,12,2,50,979.8553812938424,4.587281134234952,19.45778761706335,3.49650756146648,40,0.06,2.0388536364545806,2.833213344056216,12,4,50,674.2696776410437,800,100,11,8
-4.088713142820735,18.276167255828604,-2.833213344056216,22,0.21,2.6447919445669723,0.0,21,6,50,705.4379720522395,-4.156018666968285,13.32705873756807,0.0,25,0.16,2.367863191880982,-3.49650756146648,21,18,50,427.31566398594487,-2.747583651952379,15.688275740668995,0.0,25,0.21,2.365818848219421,-2.833213344056216,21,18,50,630.8962667974711,-3.541146914588156,15.430261171873571,-1.416606672028108,27,0.17,2.325788947786846,0.0,17,2,50,595.3213331062595,6.032196554538878,20.33567795011326,0.0,32,0.11,1.9085913805651609,-3.49650756146648,17,2,50,719.1788546883569,5.827247812630234,22.502420724687468,3.49650756146648,41,0.0,1.950630732880403,3.49650756146648,18,18,6,740.7726068653692,4.151669577964775,22.18479249377152,3.1648604527613484,43,0.1,2.1711120978813985,3.8918202981106265,12,2,50,1024.0485942090277,5.546414603864147,19.789502714744785,3.49650756146648,41,0.06,2.0651940181062587,2.833213344056216,12,4,50,688.883102635272,850,100,11,8
-3.831734135683702,18.05816992149134,-2.2213256282451583,21,0.22,2.6287314690959094,0.0,22,6,50,671.4204677807827,-4.039015876523302,13.00015929552998,0.0,24,0.15,2.351740296589633,-3.49650756146648,24,18,50,395.9629280074682,-3.375062618393193,15.137901369178838,-2.833213344056216,24,0.21,2.304290300135315,-2.833213344056216,23,18,50,612.1551892345763,-3.4510384945822574,15.130467363448313,-2.833213344056216,26,0.17,2.2963673954311035,-3.49650756146648,18,2,50,560.5689892962446,4.993451450610127,19.885305497231588,0.0,30,0.12,1.9059252053401856,-3.49650756146648,17,2,50,691.5183767731128,6.727405061143595,22.46770462321368,3.49650756146648,40,0.0,1.9332808458183008,3.49650756146648,18,18,6,799.2356305050623,5.612225057390109,22.52075836118539,3.49650756146648,44,0.1,2.142812121764598,-2.833213344056216,11,2,50,989.0849521671792,6.084128010221056,19.636108224039432,3.49650756146648,41,0.05,2.0621320233854235,-3.49650756146648,12,4,50,629.4453353113942,900,100,11,8
-4.426111910123393,17.36156346413263,-2.2213256282451583,21,0.23,2.629237654836313,0.0,23,6,50,680.5834020303338,-4.596448706329104,13.057991684347444,0.0,24,0.17,2.3277445093718194,-3.49650756146648,24,8,50,447.1607467283597,-3.44499272025028,15.114053765025318,-2.833213344056216,24,0.23,2.619727109068126,-2.833213344056216,23,18,50,612.1551842973522,-2.574473444717288,15.41277565694883,-2.833213344056216,26,0.16,2.33602497563955,-3.49650756146648,17,2,50,542.8397844381441,6.210393194109887,20.035476333166727,0.0,31,0.11,1.8810329377807795,-3.49650756146648,17,2,50,694.3370046261213,7.849006692249549,22.53861768176815,3.49650756146648,41,0.0,1.9024549991691009,3.49650756146648,15,18,6,789.9974730643213,5.269221460652793,22.381573993006327,3.1648604527613484,44,0.12,2.0729719058709937,0.0,12,2,50,966.117457718967,4.900638973391408,19.46941169928541,3.49650756146648,41,0.05,2.0682257878488004,-3.49650756146648,12,4,50,637.2674670370982,950,100,11,8
-4.369711609547236,17.377664072107056,-2.2213256282451583,21,0.23,2.645104992549128,0.0,23,6,50,683.0045520675113,-4.433745038742443,13.105954232277425,0.0,25,0.18,2.336329193763534,-3.49650756146648,22,18,50,450.5428369036719,-2.517762614345327,15.40039135411939,0.0,25,0.23,2.348591380994175,-2.833213344056216,23,18,50,603.6034957655118,-2.38092227932507,15.443315386183055,0.0,27,0.16,2.3532696901802903,-3.49650756146648,17,2,50,550.0167951816356,7.542110531798345,20.070117110688827,0.0,32,0.1,1.8634536617538893,-3.49650756146648,16,2,50,694.0268476000331,7.931781879843199,22.509851181171005,3.49650756146648,43,0.0,1.9037982531559243,3.49650756146648,15,18,6,776.9220439627903,4.307262255475915,22.07681511341145,3.1648604527613484,41,0.12,2.05710456815764,0.0,12,2,50,951.2214723358144,4.2321790364747365,19.285138159522106,3.49650756146648,39,0.06,2.3966617708004128,2.833213344056216,12,4,50,653.8386217297959,1000,100,11,8
-4.0267080301014495,18.289023211035268,-2.2213256282451583,22,0.21,2.6606592822797865,0.0,21,6,50,711.6384791283963,-4.121053353138234,13.333328767974356,0.0,26,0.17,2.374144788141277,-3.49650756146648,20,18,50,430.8121477258727,-2.705839541038043,15.689977552498362,0.0,26,0.22,2.3713296946826867,0.0,22,18,50,635.0706302458289,-2.6889606819541187,15.704571190275624,0.0,28,0.17,2.367703218214809,0.0,17,2,50,580.8206354445406,6.661539383613867,20.13829895208332,0.0,33,0.11,1.8931620959649769,-3.49650756146648,17,2,50,726.1718677134038,6.463320086437884,22.326965683762083,3.49650756146648,42,0.0,1.94002380536411,3.49650756146648,18,18,6,795.0869363837868,3.70625153144473,22.18743441837029,2.833213344056216,42,0.11,2.159906472396893,3.8918202981106265,12,2,50,1005.656118050744,5.135961636250098,19.817882189163733,3.49650756146648,40,0.06,2.0501980415321475,2.833213344056216,12,4,50,673.9871337093837,1050,100,11,8
-4.076475388502871,18.27741352214624,-2.2213256282451583,22,0.21,2.6447919445669723,0.0,21,6,50,709.8806233085655,-4.2837569121061625,13.290015937502274,0.0,25,0.16,2.3689130034243724,-3.49650756146648,22,18,50,427.4300466886872,-3.098363979621803,15.306859219602725,-1.416606672028108,25,0.21,2.3401701341307897,-2.833213344056216,21,18,50,597.3735878708383,-3.660814490756424,15.401905948689592,-2.833213344056216,27,0.17,2.314084172871617,0.0,17,2,50,595.532619159527,5.386759367312506,20.02828751741805,0.0,31,0.12,1.912818774065216,-3.49650756146648,17,2,50,720.7882926006266,5.825134721691284,22.50324379294492,3.49650756146648,41,0.0,1.950630732880403,3.49650756146648,18,18,50,798.0812765358119,4.703175703617157,22.511824003132684,3.1648604527613484,44,0.1,2.1606907759292766,-2.833213344056216,11,2,50,1024.0486218570925,5.797788522373571,19.96788884685325,3.49650756146648,42,0.05,2.0686560378365124,-3.49650756146648,11,4,50,656.7526956610488,1100,100,11,8
-3.5104297894583643,17.8469262386496,-1.6094379124341005,20,0.23,2.6289246068541576,0.0,23,6,50,646.2830482811819,-4.210702866506936,12.816368801180564,0.0,23,0.16,2.313536823937827,-3.49650756146648,24,18,50,415.5791778690757,-3.060390983939907,14.875460053023923,-2.833213344056216,23,0.22,2.3004706858313075,-2.833213344056216,23,18,50,580.6880257892478,-3.07306965107367,14.88130259073448,-2.833213344056216,25,0.18,2.303441165978842,0.0,18,2,50,529.7651200683188,5.972430738371646,19.861257683851644,0.0,31,0.12,1.8931620959649769,-3.49650756146648,16,2,6,681.3302772821473,7.636454197675471,22.39463888479957,3.49650756146648,41,0.0,1.9129350397776232,3.49650756146648,17,18,6,808.0084733075458,5.926896184954686,22.218274680720032,3.49650756146648,43,0.11,2.1380902351067186,-2.833213344056216,11,2,50,963.2842660983698,5.8096878926880535,19.470524965845165,3.49650756146648,41,0.05,2.0586700036551697,-3.49650756146648,12,4,50,602.3038407941976,1150,100,11,8
-4.106099660235236,17.152824016288136,-1.6094379124341005,21,0.24,2.627105067638614,0.0,24,6,50,649.6503420133783,-4.190147708402615,12.8147428350461,0.0,24,0.17,2.3219208310206314,-3.49650756146648,23,18,50,419.19008874675615,-2.8022379005338847,15.24323073257389,-2.833213344056216,24,0.23,2.310960140410412,-2.833213344056216,24,18,50,619.1627618709666,-2.159993091470528,15.154145178677254,0.0,26,0.16,2.3374704850942924,-3.49650756146648,17,2,50,515.2644345851361,7.1893725028485695,19.951986638391727,0.0,31,0.11,1.8642902997055488,-3.49650756146648,16,2,50,666.3663696847027,8.488935590864122,22.303877972221144,3.49650756146648,42,0.0,1.8882444141543304,3.49650756146648,15,18,6,730.0705160937298,5.216311210978748,22.102215529212664,3.49650756146648,43,0.12,2.0477475750508214,0.0,12,2,50,916.2578424722136,4.798224454487552,19.15324846193868,3.49650756146648,39,0.06,2.045750242169806,-3.49650756146648,12,4,22,606.9967745489427,1200,100,11,8
-4.684383013595279,17.57941845420687,-2.833213344056216,22,0.22,2.645104992549128,0.0,22,6,50,714.4716924723157,-4.163795257201675,13.313571341564314,0.0,26,0.18,2.38118208130492,-3.49650756146648,20,18,50,433.7597496973963,-2.775769475030287,15.669957362088308,0.0,26,0.24,2.3626001508696586,0.0,24,18,50,635.0706085221202,-2.6606283312763988,15.711950918706668,0.0,28,0.16,2.362600150947545,-3.49650756146648,16,2,50,577.9874003767686,7.249138319012112,20.42073820137471,0.0,33,0.1,1.8797590525805887,-3.49650756146648,17,2,50,721.9974804433718,7.022732743305971,22.59442929578603,3.49650756146648,43,0.0,1.9255307293635824,3.49650756146648,16,18,6,812.9127759590856,3.3349156794826755,22.022603871950786,2.833213344056216,41,0.12,2.0796615501912945,-2.833213344056216,12,2,50,979.855422436689,4.587280722799371,19.45778810295868,3.49650756146648,40,0.06,2.0388536364545806,2.833213344056216,12,4,50,674.2697187840495,1250,100,11,8
-4.0887131428178005,18.27616725582421,-2.833213344056216,22,0.21,2.6447919445669723,0.0,21,6,50,705.437972051946,-4.156018173247117,13.327059572905103,0.0,25,0.16,2.367863191880982,-3.49650756146648,21,18,50,427.3156146138281,-2.747583158231252,15.688276405956309,0.0,25,0.21,2.365818848219421,-2.833213344056216,21,18,50,630.8962174253584,-3.5411465031531915,15.430261756709132,-1.416606672028108,27,0.17,2.325788947786846,0.0,17,2,50,595.3212919627631,6.03219655453422,20.33567795010423,0.0,32,0.11,1.9085913805651609,-3.49650756146648,17,2,50,719.1788546880634,5.827247812626089,22.50242072467696,3.49650756146648,41,0.0,1.950630732880403,3.49650756146648,18,18,6,740.7726068649604,4.1516690842426325,22.184792995477416,3.1648604527613484,43,0.1,2.1711120978813985,3.8918202981106265,12,2,50,1024.0486435804823,5.546414110141649,19.78950331197585,3.49650756146648,41,0.06,2.0651940181062587,2.833213344056216,12,4,50,688.8831520069003,1300,100,11,8
-3.8317341356809407,18.05816992148712,-2.2213256282451583,21,0.22,2.6287314690959094,0.0,22,6,50,671.4204677805064,-4.039015382802795,13.000160147428252,0.0,24,0.15,2.351740296589633,-3.49650756146648,24,18,50,395.96287863541744,-3.3750622069589427,15.137901960794938,-2.833213344056216,24,0.21,2.304290300135315,-2.833213344056216,23,18,50,612.1551480911513,-3.451038083147872,15.130467957421246,-2.833213344056216,26,0.17,2.2963673954311035,-3.49650756146648,18,2,50,560.568948152806,4.993451450605984,19.88530549722279,0.0,30,0.12,1.9059252053401856,-3.49650756146648,17,2,50,691.5183767728366,6.727405061138935,22.467704623203225,3.49650756146648,40,0.0,1.9332808458183008,3.49650756146648,18,18,6,799.2356305046267,5.612224563667593,22.52075888742554,3.49650756146648,44,0.1,2.142812121764598,-2.833213344056216,11,2,50,989.0850015386022,6.084127516498699,19.63610883945556,3.49650756146648,41,0.05,2.0621320233854235,-3.49650756146648,12,4,50,629.4453846830083,1350,100,11,8
-4.426111910120632,17.361563464128327,-2.2213256282451583,21,0.23,2.629237654836313,0.0,23,6,50,680.5834020300575,-4.596448294895226,13.057992408680724,0.0,24,0.17,2.3277445093718194,-3.49650756146648,24,8,50,447.1607055849719,-3.4449923088164365,15.114054359477969,-2.833213344056216,24,0.23,2.619727109068126,-2.833213344056216,23,18,50,612.1551431539679,-2.5744729509969835,15.41277632858221,-2.833213344056216,26,0.16,2.33602497563955,-3.49650756146648,17,2,50,542.8397350661135,6.210393194105053,20.035476333157927,0.0,31,0.11,1.8810329377807795,-3.49650756146648,17,2,50,694.3370046258451,7.849006692244199,22.538617681757724,3.49650756146648,41,0.0,1.9024549991691009,3.49650756146648,15,18,6,789.9974730639019,5.269220966930935,22.381574514952288,3.1648604527613484,44,0.12,2.0729719058709937,0.0,12,2,50,966.1175070903588,4.900638479670231,19.46941228995858,3.49650756146648,41,0.05,2.0682257878488004,-3.49650756146648,12,4,50,637.2675164086636,1400,100,11,8
-4.369711609544301,17.377664072102476,-2.2213256282451583,21,0.23,2.645104992549128,0.0,23,6,50,683.0045520672179,-4.433744627308799,13.105954948851164,0.0,25,0.18,2.336329193763534,-3.49650756146648,22,18,50,450.5427957603075,-2.5177621206255,15.400392024473616,0.0,25,0.23,2.348591380994175,-2.833213344056216,23,18,50,603.6034463935291,-2.3809217856050804,15.443316050299511,0.0,27,0.16,2.3532696901802903,-3.49650756146648,17,2,50,550.0167458096367,7.542110531792994,20.07011711067974,0.0,32,0.1,1.8634536617538893,-3.49650756146648,16,2,50,694.0268475997397,7.93178187983802,22.509851181160283,3.49650756146648,43,0.0,1.9037982531559243,3.49650756146648,15,18,6,776.9220439623622,4.3072618440415145,22.07681553644121,3.1648604527613484,41,0.12,2.05710456815764,0.0,12,2,50,951.2215134785292,4.2321786250408175,19.28513864219009,3.49650756146648,39,0.06,2.3966617708004128,2.833213344056216,12,4,50,653.8386628726698,1450,100,11,8
-4.026708030098343,18.289023211030607,-2.2213256282451583,22,0.21,2.6606592822797865,0.0,21,6,50,711.6384791280855,-4.121052859418682,13.333329601620596,0.0,26,0.17,2.374144788141277,-3.49650756146648,20,18,50,430.8120983539174,-2.705839047318532,15.689978216397334,0.0,26,0.22,2.3713296946826867,0.0,22,18,50,635.0705808738777,-2.6889601882344443,15.704571853027232,0.0,28,0.17,2.367703218214809,0.0,17,2,50,580.8205860725731,6.661539383609034,20.13829895207413,0.0,33,0.11,1.8931620959649769,-3.49650756146648,17,2,50,726.1718677130932,6.463320086433568,22.32696568375141,3.49650756146648,42,0.0,1.94002380536411,3.49650756146648,18,18,6,795.0869363833593,3.706251120011083,22.18743482814564,2.833213344056216,42,0.11,2.159906472396893,3.8918202981106265,12,2,50,1005.656159193384,5.135961224816068,19.81788267761869,3.49650756146648,40,0.06,2.0501980415321475,2.833213344056216,12,4,50,673.9871748521998,1500,100,11,8
-4.0764753884999365,18.27741352214184,-2.2213256282451583,22,0.21,2.6447919445669723,0.0,21,6,50,709.8806233082721,-4.28375641838727,13.29001677990935,0.0,25,0.16,2.3689130034243724,-3.49650756146648,22,18,50,427.429997316798,-3.098363485902952,15.306859912779013,-1.416606672028108,25,0.21,2.3401701341307897,-2.833213344056216,21,18,50,597.3735384989532,-3.660814079323355,15.401906537795966,-2.833213344056216,27,0.17,2.314084172871617,0.0,17,2,50,595.5325780162201,5.386759367308191,20.028287517409176,0.0,31,0.12,1.912818774065216,-3.49650756146648,17,2,50,720.7882926003331,5.8251347216871405,22.50324379293441,3.49650756146648,41,0.0,1.950630732880403,3.49650756146648,18,18,50,798.0812765355012,4.703175209896944,22.511824509643063,3.1648604527613484,44,0.1,2.1606907759292766,-2.833213344056216,11,2,50,1024.0486712283196,5.797788028653176,19.967889444961425,3.49650756146648,42,0.05,2.0686560378365124,-3.49650756146648,11,4,50,656.7527450324669,1550,100,11,8
-3.510429789455776,17.846926238645544,-1.6094379124341005,20,0.23,2.6289246068541576,0.0,23,6,50,646.2830482809229,-4.2107024550747205,12.816369526784026,0.0,23,0.16,2.313536823937827,-3.49650756146648,24,18,50,415.5791367258541,-3.0603905725077256,14.875460646372,-2.833213344056216,23,0.22,2.3004706858313075,-2.833213344056216,23,18,50,580.6879846460297,-3.0730692396413533,14.881303184200322,-2.833213344056216,25,0.18,2.303441165978842,0.0,18,2,50,529.765078925087,5.972430738366987,19.86125768384293,0.0,31,0.12,1.8931620959649769,-3.49650756146648,16,2,6,681.3302772818427,7.636454197670293,22.3946388847892,3.49650756146648,41,0.0,1.9129350397776232,3.49650756146648,17,18,6,808.0084733071127,5.926895691234268,22.21827522111486,3.49650756146648,43,0.11,2.1380902351067186,-2.833213344056216,11,2,50,963.2843154695828,5.809687398968144,19.4705255795334,3.49650756146648,41,0.05,2.0586700036551697,-3.49650756146648,12,4,50,602.3038901656015,1600,100,11,8
-4.1060996602324735,17.15282401628373,-1.6094379124341005,21,0.24,2.627105067638614,0.0,24,6,50,649.6503420131022,-4.1901472969706335,12.81474356008063,0.0,24,0.17,2.3219208310206314,-3.49650756146648,23,18,50,419.190047603558,-2.8022374891019366,15.243231304637655,-2.833213344056216,24,0.23,2.310960140410412,-2.833213344056216,24,18,50,619.1627207277718,-2.1599925977524994,15.154145848266513,0.0,26,0.16,2.3374704850942924,-3.49650756146648,17,2,50,515.2643852133333,7.189372502843392,19.95198663838271,0.0,31,0.11,1.8642902997055488,-3.49650756146648,16,2,50,666.3663696844266,8.488935590858599,22.303877972210586,3.49650756146648,42,0.0,1.8882444141543304,3.49650756146648,15,18,6,730.0705160933283,5.216310799545321,22.10221596867664,3.49650756146648,43,0.12,2.0477475750508214,0.0,12,2,50,916.2578836147968,4.798224043054778,19.153248960088003,3.49650756146648,39,0.06,2.045750242169806,-3.49650756146648,12,4,22,606.99679759447,1650,100,11,8
-4.684383013592172,17.579418454202134,-2.833213344056216,22,0.22,2.645104992549128,0.0,22,6,50,714.4716924720051,-4.16379476348391,13.313572178029837,0.0,26,0.18,2.38118208130492,-3.49650756146648,20,18,50,433.75970032561975,-2.7757689813125626,15.6699580290365,0.0,26,0.24,2.3626001508696586,0.0,24,18,50,635.0705591503477,-2.660627837558512,15.711951580254418,0.0,28,0.16,2.362600150947545,-3.49650756146648,16,2,50,577.9873510049799,7.249138319006934,20.420738201365378,0.0,33,0.1,1.8797590525805887,-3.49650756146648,17,2,50,721.997480443061,7.022732743301309,22.59442929577521,3.49650756146648,43,0.0,1.9255307293635824,3.49650756146648,16,18,6,812.9127759586437,3.334915268050691,22.022604277854533,2.833213344056216,41,0.12,2.0796615501912945,-2.833213344056216,12,2,50,979.855463579197,4.587280311367176,19.45778858885016,3.49650756146648,40,0.06,2.0388536364545806,2.833213344056216,12,4,50,674.2697599267166,1700,100,11,8
-4.088713142814867,18.27616725581981,-2.833213344056216,22,0.21,2.6447919445669723,0.0,21,6,50,705.4379720516527,-4.156017679530013,13.327060408235493,0.0,25,0.16,2.367863191880982,-3.49650756146648,21,18,50,427.3155652421176,-2.747582664514187,15.688277071238364,0.0,25,0.21,2.365818848219421,-2.833213344056216,21,18,50,630.8961680536519,-3.5411460917216124,15.43026234154007,-1.416606672028108,27,0.17,2.325788947786846,0.0,17,2,50,595.3212508196052,6.032196554529559,20.3356779500952,0.0,32,0.11,1.9085913805651609,-3.49650756146648,17,2,50,719.1788546877699,5.827247812621946,22.502420724666443,3.49650756146648,41,0.0,1.950630732880403,3.49650756146648,18,18,6,740.7726068645516,4.151668590524554,22.184793497179346,3.1648604527613484,43,0.1,2.1711120978813985,3.8918202981106265,12,2,50,1024.048692951531,5.546413616423214,19.78950390920217,3.49650756146648,41,0.06,2.0651940181062587,2.833213344056216,12,4,50,688.8832013781224,1750,100,11,8
-3.831734135678178,18.05816992148289,-2.2213256282451583,21,0.22,2.6287314690959094,0.0,22,6,50,671.4204677802302,-4.039014889086349,13.00016099931975,0.0,24,0.15,2.351740296589633,-3.49650756146648,24,18,50,395.96282926377296,-3.3750617955280773,15.137902552406356,-2.833213344056216,24,0.21,2.304290300135315,-2.833213344056216,23,18,50,612.1551069480648,-3.451037671716872,15.13046855138948,-2.833213344056216,26,0.17,2.2963673954311035,-3.49650756146648,18,2,50,560.568907009706,4.9934514506018415,19.885305497214,0.0,30,0.12,1.9059252053401856,-3.49650756146648,17,2,50,691.5183767725604,6.727405061134275,22.46770462319277,3.49650756146648,40,0.0,1.9332808458183008,3.49650756146648,18,18,6,799.2356305041909,5.612224069949135,22.52075941366151,3.49650756146648,44,0.1,2.142812121764598,-2.833213344056216,11,2,50,989.0850509096192,6.08412702278041,19.636109454866794,3.49650756146648,41,0.05,2.0621320233854235,-3.49650756146648,12,4,50,629.4454340542161,1800,100,11,8
-4.426111910117871,17.361563464124025,-2.2213256282451583,21,0.23,2.629237654836313,0.0,23,6,50,680.5834020297814,-4.596447883464734,13.057993133008251,0.0,24,0.17,2.3277445093718194,-3.49650756146648,24,8,50,447.16066444192256,-3.444991897385977,15.114054953925915,-2.833213344056216,24,0.23,2.619727109068126,-2.833213344056216,23,18,50,612.1551020109218,-2.5744724572807423,15.412777000210289,-2.833213344056216,26,0.16,2.33602497563955,-3.49650756146648,17,2,50,542.8396856944894,6.21039319410022,20.035476333149123,0.0,31,0.11,1.8810329377807795,-3.49650756146648,17,2,50,694.3370046255689,7.849006692238848,22.538617681747297,3.49650756146648,41,0.0,1.9024549991691009,3.49650756146648,15,18,6,789.9974730634824,5.269220473213141,22.38157503689411,3.1648604527613484,44,0.12,2.0729719058709937,0.0,12,2,50,966.1175564613442,4.900637985953116,19.469412880627075,3.49650756146648,41,0.05,2.0682257878488004,-3.49650756146648,12,4,50,637.2675657798226,1850,100,11,8
-4.3697116095413655,17.3776640720979,-2.2213256282451583,21,0.23,2.645104992549128,0.0,23,6,50,683.0045520669244,-4.433744215878541,13.105955665419213,0.0,25,0.18,2.336329193763534,-3.49650756146648,22,18,50,450.5427546172816,-2.517761626909736,15.400392694822546,0.0,25,0.23,2.348591380994175,-2.833213344056216,23,18,50,603.6033970219527,-2.3809212918891536,15.443316714410722,0.0,27,0.16,2.3532696901802903,-3.49650756146648,17,2,50,550.016696438044,7.542110531787642,20.07011711067065,0.0,32,0.1,1.8634536617538893,-3.49650756146648,16,2,50,694.0268475994462,7.931781879832841,22.50985118114956,3.49650756146648,43,0.0,1.9037982531559243,3.49650756146648,15,18,6,776.922043961934,4.307261432610502,22.07681595946763,3.1648604527613484,41,0.12,2.05710456815764,0.0,12,2,50,951.2215546209056,4.232178213610285,19.285139124854265,3.49650756146648,39,0.06,2.3966617708004128,2.833213344056216,12,4,50,653.8387040152052,1900,100,11,8
-4.026708030095236,18.289023211025945,-2.2213256282451583,22,0.21,2.6606592822797865,0.0,21,6,50,711.6384791277749,-4.121052365703191,13.333330435260216,0.0,26,0.17,2.374144788141277,-3.49650756146648,20,18,50,430.8120489823684,-2.7058385536030825,15.68997888029106,0.0,26,0.22,2.3713296946826867,0.0,22,18,50,635.0705315023326,-2.6889596945188328,15.704572515773604,0.0,28,0.17,2.367703218214809,0.0,17,2,50,580.820536701012,6.661539383604199,20.13829895206494,0.0,33,0.11,1.8931620959649769,-3.49650756146648,17,2,50,726.1718677127824,6.463320086429253,22.32696568374074,3.49650756146648,42,0.0,1.94002380536411,3.49650756146648,18,18,6,795.0869363829319,3.706250708580821,22.18743523791775,2.833213344056216,42,0.11,2.159906472396893,3.8918202981106265,12,2,50,1005.6562003356852,5.135960813385424,19.81788316606979,3.49650756146648,40,0.06,2.0501980415321475,2.833213344056216,12,4,50,673.9872159946774,1950,100,11,8
-4.076475388497002,18.27741352213744,-2.2213256282451583,22,0.21,2.6447919445669723,0.0,21,6,50,709.8806233079786,-4.28375592467244,13.290017622309726,0.0,25,0.16,2.3689130034243724,-3.49650756146648,22,18,50,427.42994794531495,-3.0983629921881617,15.306860605949815,-1.416606672028108,25,0.21,2.3401701341307897,-2.833213344056216,21,18,50,597.3734891274742,-3.660813667893671,15.401907126897678,-2.833213344056216,27,0.17,2.314084172871617,0.0,17,2,50,595.532536873252,5.386759367303876,20.028287517400305,0.0,31,0.12,1.912818774065216,-3.49650756146648,17,2,50,720.7882926000397,5.825134721682998,22.50324379292389,3.49650756146648,41,0.0,1.950630732880403,3.49650756146648,18,18,50,798.0812765351905,4.703174716180796,22.51182501614944,3.1648604527613484,44,0.1,2.1606907759292766,-2.833213344056216,11,2,50,1024.0487205991406,5.797787534936844,19.967890043064845,3.49650756146648,42,0.05,2.0686560378365124,-3.49650756146648,11,4,50,656.7527944034787,2000,100,11,8
-3.5104297894531857,17.846926238641487,-1.6094379124341005,20,0.23,2.6289246068541576,0.0,23,6,50,646.2830482806639,-4.21070204364589,12.816370252381727,0.0,23,0.16,2.313536823937827,-3.49650756146648,24,18,50,415.5790955829712,-3.060390161078929,14.875461239715388,-2.833213344056216,23,0.22,2.3004706858313075,-2.833213344056216,23,18,50,580.6879435031501,-3.073068828212421,14.88130377766147,-2.833213344056216,25,0.18,2.303441165978842,0.0,18,2,50,529.7650377821938,5.972430738362326,19.86125768383421,0.0,31,0.12,1.8931620959649769,-3.49650756146648,16,2,6,681.3302772815382,7.636454197665114,22.394638884778843,3.49650756146648,41,0.0,1.9129350397776232,3.49650756146648,17,18,6,808.0084733066795,5.926895197517919,22.218275761505407,3.49650756146648,43,0.11,2.1380902351067186,-2.833213344056216,11,2,50,963.2843648403892,5.809686905252302,19.470526193216752,3.49650756146648,41,0.05,2.0586700036551697,-3.49650756146648,12,4,50,602.3039395365992,2050,100,11,8
-4.106099660229712,17.152824016279325,-1.6094379124341005,21,0.24,2.627105067638614,0.0,24,6,50,649.650342012826,-4.190146885542037,12.814744285109404,0.0,24,0.17,2.3219208310206314,-3.49650756146648,23,18,50,419.1900064606983,-2.8022370776733743,15.243231876696903,-2.833213344056216,24,0.23,2.310960140410412,-2.833213344056216,24,18,50,619.1626795849156,-2.1599921040385324,15.154146517850483,0.0,26,0.16,2.3374704850942924,-3.49650756146648,17,2,50,515.2643358419366,7.189372502838214,19.951986638373683,0.0,31,0.11,1.8642902997055488,-3.49650756146648,16,2,50,666.3663696841504,8.488935590853075,22.303877972200024,3.49650756146648,42,0.0,1.8882444141543304,3.49650756146648,15,18,6,730.0705160929269,5.21631038811528,22.10221640813713,3.49650756146648,43,0.12,2.0477475750508214,0.0,12,2,50,916.2579247570416,4.7982236316253895,19.15324945823338,3.49650756146648,39,0.06,2.045750242169806,-3.49650756146648,12,4,22,606.9968206398089,2100,100,11,8
-4.684383013589065,17.5794184541974,-2.833213344056216,22,0.22,2.645104992549128,0.0,22,6,50,714.4716924716943,-4.163794269770207,13.313573014488709,0.0,26,0.18,2.38118208130492,-3.49650756146648,20,18,50,433.7596509542496,-2.7757684875989,15.669958695979414,0.0,26,0.24,2.3626001508696586,0.0,24,18,50,635.0705097789817,-2.6606273438446872,15.711952241796936,0.0,28,0.16,2.362600150947545,-3.49650756146648,16,2,50,577.9873016335974,7.249138319001753,20.420738201356045,0.0,33,0.1,1.8797590525805887,-3.49650756146648,17,2,50,721.9974804427503,7.022732743296651,22.594429295764403,3.49650756146648,43,0.0,1.9255307293635824,3.49650756146648,16,18,6,812.9127759582016,3.3349148566220905,22.022604683755084,2.833213344056216,41,0.12,2.0796615501912945,-2.833213344056216,12,2,50,979.8555047213664,4.587279899938366,19.457789074737786,3.49650756146648,40,0.06,2.0388536364545806,2.833213344056216,12,4,50,674.2698010690452,2150,100,11,8
-4.088713142811931,18.276167255815416,-2.833213344056216,22,0.21,2.6447919445669723,0.0,21,6,50,705.4379720513591,-4.156017185816971,13.327061243559248,0.0,25,0.16,2.367863191880982,-3.49650756146648,21,18,50,427.31551587081344,-2.747582170801186,15.68827773651516,0.0,25,0.21,2.365818848219421,-2.833213344056216,21,18,50,630.8961186823518,-3.541145680293419,15.430262926366376,-1.416606672028108,27,0.17,2.325788947786846,0.0,17,2,50,595.3212096767859,6.032196554524896,20.33567795008616,0.0,32,0.11,1.9085913805651609,-3.49650756146648,17,2,50,719.1788546874765,5.827247812617803,22.50242072465593,3.49650756146648,41,0.0,1.950630732880403,3.49650756146648,18,18,6,740.7726068641427,4.151668096810536,22.18479399887731,3.1648604527613484,43,0.1,2.1711120978813985,3.8918202981106265,12,2,50,1024.048742322173,5.5464131227088425,19.78950450642376,3.49650756146648,41,0.06,2.0651940181062587,2.833213344056216,12,4,50,688.8832507489383,2200,100,11,8
-3.831734135675416,18.05816992147866,-2.2213256282451583,21,0.22,2.6287314690959094,0.0,22,6,50,671.420467779954,-4.039014395373967,13.000161851204476,0.0,24,0.15,2.351740296589633,-3.49650756146648,24,18,50,395.96277989253474,-3.3750613841005976,15.137903144013098,-2.833213344056216,24,0.21,2.304290300135315,-2.833213344056216,23,18,50,612.155065805317,-3.451037260289257,15.130469145353011,-2.833213344056216,26,0.17,2.2963673954311035,-3.49650756146648,18,2,50,560.5688658669444,4.993451450597698,19.88530549720521,0.0,30,0.12,1.9059252053401856,-3.49650756146648,17,2,50,691.5183767722842,6.7274050611296135,22.46770462318232,3.49650756146648,40,0.0,1.9332808458183008,3.49650756146648,18,18,6,799.2356305037553,5.612223576234743,22.52075993989331,3.49650756146648,44,0.1,2.142812121764598,-2.833213344056216,11,2,50,989.08510028023,6.08412652906618,19.636110070273137,3.49650756146648,41,0.05,2.0621320233854235,-3.49650756146648,12,4,50,629.4454834250178,2250,100,11,8
-4.426111910115108,17.361563464119723,-2.2213256282451583,21,0.23,2.629237654836313,0.0,23,6,50,680.5834020295052,-4.596447472037627,13.057993857330022,0.0,24,0.17,2.3277445093718194,-3.49650756146648,24,8,50,447.1606232992119,-3.444991485958904,15.114055548369164,-2.833213344056216,24,0.23,2.619727109068126,-2.833213344056216,23,18,50,612.1550608682146,-2.574471963568563,15.412777671833055,-2.833213344056216,26,0.16,2.33602497563955,-3.49650756146648,17,2,50,542.8396363232715,6.210393194095388,20.03547633314032,0.0,31,0.11,1.8810329377807795,-3.49650756146648,17,2,50,694.3370046252927,7.849006692233496,22.53861768173688,3.49650756146648,41,0.0,1.9024549991691009,3.49650756146648,15,18,6,789.9974730630631,5.269219979499408,22.381575558831788,3.1648604527613484,44,0.12,2.0729719058709937,0.0,12,2,50,966.1176058319234,4.900637492240064,19.469413471290885,3.49650756146648,41,0.05,2.0682257878488004,-3.49650756146648,12,4,50,637.2676151505755,2300,100,11,8
-4.369711609538431,17.377664072093324,-2.2213256282451583,21,0.23,2.645104992549128,0.0,23,6,50,683.0045520666308,-4.433743804451667,13.105956381981564,0.0,25,0.18,2.336329193763534,-3.49650756146648,22,18,50,450.5427134745943,-2.517761133198034,15.40039336516618,0.0,25,0.23,2.348591380994175,-2.833213344056216,23,18,50,603.6033476507826,-2.3809207981772897,15.443317378516689,0.0,27,0.16,2.3532696901802903,-3.49650756146648,17,2,50,550.0166470668578,7.54211053178229,20.07011711066157,0.0,32,0.1,1.8634536617538893,-3.49650756146648,16,2,50,694.0268475991527,7.931781879827663,22.509851181138835,3.49650756146648,43,0.0,1.9037982531559243,3.49650756146648,15,18,6,776.9220439615059,4.307261021182874,22.07681638249071,3.1648604527613484,41,0.12,2.05710456815764,0.0,12,2,50,951.2215957629436,4.232177802183138,19.285139607514623,3.49650756146648,39,0.06,2.3966617708004128,2.833213344056216,12,4,50,653.8387451574022,2350,100,11,8
-4.026708030092128,18.28902321102128,-2.2213256282451583,22,0.21,2.6606592822797865,0.0,21,6,50,711.6384791274643,-4.121051871991764,13.333331268893204,0.0,26,0.17,2.374144788141277,-3.49650756146648,20,18,50,430.8119996112257,-2.705838059891695,15.68997954417954,0.0,26,0.22,2.3713296946826867,0.0,22,18,50,635.070482131194,-2.688959200807284,15.704573178514742,0.0,28,0.17,2.367703218214809,0.0,17,2,50,580.8204873298571,6.661539383599367,20.138298952055752,0.0,33,0.11,1.8931620959649769,-3.49650756146648,17,2,50,726.1718677124716,6.463320086424939,22.32696568373007,3.49650756146648,42,0.0,1.94002380536411,3.49650756146648,18,18,6,795.0869363825044,3.706250297153944,22.187435647686623,2.833213344056216,42,0.11,2.159906472396893,3.8918202981106265,12,2,50,1005.6562414776477,5.135960401958165,19.81788365451701,3.49650756146648,40,0.06,2.0501980415321475,2.833213344056216,12,4,50,673.9872571368163,2400,100,11,8
-4.076475388494067,18.27741352213304,-2.2213256282451583,22,0.21,2.6447919445669723,0.0,21,6,50,709.880623307685,-4.283755430961673,13.290018464703406,0.0,25,0.16,2.3689130034243724,-3.49650756146648,22,18,50,427.4298985742382,-3.098362498477436,15.306861299115132,-1.416606672028108,25,0.21,2.3401701341307897,-2.833213344056216,21,18,50,597.3734397564015,-3.660813256467374,15.401907715994726,-2.833213344056216,27,0.17,2.314084172871617,0.0,17,2,50,595.532495730622,5.38675936729956,20.02828751739143,0.0,31,0.12,1.912818774065216,-3.49650756146648,17,2,50,720.7882925997462,5.825134721678854,22.503243792913377,3.49650756146648,41,0.0,1.950630732880403,3.49650756146648,18,18,50,798.0812765348796,4.703174222468707,22.5118255226518,3.1648604527613484,44,0.1,2.1606907759292766,-2.833213344056216,11,2,50,1024.0487699695557,5.797787041224573,19.967890641163525,3.49650756146648,42,0.05,2.0686560378365124,-3.49650756146648,11,4,50,656.7528437740843,2450,100,11,8
-3.510429789450596,17.84692623863743,-1.6094379124341005,20,0.23,2.6289246068541576,0.0,23,6,50,646.283048280405,-4.210701632220445,12.816370977973667,0.0,23,0.16,2.313536823937827,-3.49650756146648,24,18,50,415.57905444042666,-3.0603897496535186,14.87546183305408,-2.833213344056216,23,0.22,2.3004706858313075,-2.833213344056216,23,18,50,580.6879023606089,-3.073068416786875,14.881304371117936,-2.833213344056216,25,0.18,2.303441165978842,0.0,18,2,50,529.7649966396391,5.972430738357665,19.86125768382549,0.0,31,0.12,1.8931620959649769,-3.49650756146648,16,2,6,681.3302772812336,7.636454197659935,22.39463888476848,3.49650756146648,41,0.0,1.9129350397776232,3.49650756146648,17,18,6,808.0084733062462,5.926894703805627,22.218276301891663,3.49650756146648,43,0.11,2.1380902351067186,-2.833213344056216,11,2,50,963.28441421079,5.80968641154052,19.47052680689524,3.49650756146648,41,0.05,2.0586700036551697,-3.49650756146648,12,4,50,602.3039889071905,2500,100,11,8
-4.10609966022695,17.152824016274916,-1.6094379124341005,21,0.24,2.627105067638614,0.0,24,6,50,649.6503420125498,-4.190146474116826,12.81474501013242,0.0,24,0.17,2.3219208310206314,-3.49650756146648,23,18,50,419.1899653181772,-2.802236666248197,15.243232448751634,-2.833213344056216,24,0.23,2.310960140410412,-2.833213344056216,24,18,50,619.1626384423979,-2.1599916103286287,15.154147187429166,0.0,26,0.16,2.3374704850942924,-3.49650756146648,17,2,50,515.2642864709462,7.189372502833034,19.951986638364662,0.0,31,0.11,1.8642902997055488,-3.49650756146648,16,2,50,666.3663696838742,8.488935590847548,22.30387797218946,3.49650756146648,42,0.0,1.8882444141543304,3.49650756146648,15,18,6,730.0705160925255,5.216309976688623,22.102216847594143,3.49650756146648,43,0.12,2.0477475750508214,0.0,12,2,50,916.2579658989476,4.798223220199386,19.15324995637481,3.49650756146648,39,0.06,2.045750242169806,-3.49650756146648,12,4,22,606.9968436849601,2550,100,11,8
-4.684383013585959,17.579418454192666,-2.833213344056216,22,0.22,2.645104992549128,0.0,22,6,50,714.4716924713837,-4.163793776060569,13.313573850940932,0.0,26,0.18,2.38118208130492,-3.49650756146648,20,18,50,433.7596015832856,-2.775767993889302,15.66995936291706,0.0,26,0.24,2.3626001508696586,0.0,24,18,50,635.0704604080217,-2.660626850134926,15.711952903334227,0.0,28,0.16,2.362600150947545,-3.49650756146648,16,2,50,577.9872522626213,7.249138318996574,20.420738201346712,0.0,33,0.1,1.8797590525805887,-3.49650756146648,17,2,50,721.9974804424396,7.02273274329199,22.594429295753592,3.49650756146648,43,0.0,1.9255307293635824,3.49650756146648,16,18,6,812.9127759577595,3.3349144451968766,22.02260508965244,2.833213344056216,41,0.12,2.0796615501912945,-2.833213344056216,12,2,50,979.8555458631976,4.587279488512943,19.45778956062157,3.49650756146648,40,0.06,2.0388536364545806,2.833213344056216,12,4,50,674.2698422110353,2600,100,11,8
-4.088713142808998,18.276167255811018,-2.833213344056216,22,0.21,2.6447919445669723,0.0,21,6,50,705.4379720510656,-4.156016692107991,13.327062078876365,0.0,25,0.16,2.367863191880982,-3.49650756146648,21,18,50,427.3154664999155,-2.7475816770922474,15.6882784017867,0.0,25,0.21,2.365818848219421,-2.833213344056216,21,18,50,630.896069311458,-3.5411452688686107,15.43026351118806,-1.416606672028108,27,0.17,2.325788947786846,0.0,17,2,50,595.3211685343051,6.032196554520237,20.335677950077123,0.0,32,0.11,1.9085913805651609,-3.49650756146648,17,2,50,719.178854687183,5.827247812613661,22.50242072464541,3.49650756146648,41,0.0,1.950630732880403,3.49650756146648,18,18,6,740.7726068637339,4.151667603100581,22.184794500571307,3.1648604527613484,43,0.1,2.1711120978813985,3.8918202981106265,12,2,50,1024.048791692409,5.5464126289985325,19.789505103640604,3.49650756146648,41,0.06,2.0651940181062587,2.833213344056216,12,4,50,688.883300119348,2650,100,11,8
-3.831734135672655,18.05816992147444,-2.2213256282451583,21,0.22,2.6287314690959094,0.0,22,6,50,671.4204677796779,-4.039013901665648,13.000162703082433,0.0,24,0.15,2.351740296589633,-3.49650756146648,24,18,50,395.9627305217027,-3.375060972676504,15.13790373561516,-2.833213344056216,24,0.21,2.304290300135315,-2.833213344056216,23,18,50,612.1550246629076,-3.4510368488650283,15.130469739311849,-2.833213344056216,26,0.17,2.2963673954311035,-3.49650756146648,18,2,50,560.5688247245215,4.9934514505935566,19.885305497196413,0.0,30,0.12,1.9059252053401856,-3.49650756146648,17,2,50,691.518376772008,6.727405061124952,22.46770462317188,3.49650756146648,40,0.0,1.9332808458183008,3.49650756146648,18,18,6,799.2356305033197,5.612223082524414,22.520760466120937,3.49650756146648,44,0.1,2.142812121764598,-2.833213344056216,11,2,50,989.0851496504343,6.084126035356011,19.636110685674595,3.49650756146648,41,0.05,2.0621320233854235,-3.49650756146648,12,4,50,629.445532795413,2700,100,11,8
-4.426111910112346,17.361563464115424,-2.2213256282451583,21,0.23,2.629237654836313,0.0,23,6,50,680.583402029229,-4.596447060613905,13.05799458164604,0.0,24,0.17,2.3277445093718194,-3.49650756146648,24,8,50,447.1605821568398,-3.444991074535217,15.114056142807708,-2.833213344056216,24,0.23,2.619727109068126,-2.833213344056216,23,18,50,612.1550197258459,-2.5744714698604465,15.412778343450515,-2.833213344056216,26,0.16,2.33602497563955,-3.49650756146648,17,2,50,542.8395869524597,6.210393194090553,20.03547633313152,0.0,31,0.11,1.8810329377807795,-3.49650756146648,17,2,50,694.3370046250166,7.849006692228145,22.538617681726443,3.49650756146648,41,0.0,1.9024549991691009,3.49650756146648,15,18,6,789.997473062644,5.269219485789738,22.38157608076534,3.1648604527613484,44,0.12,2.0729719058709937,0.0,12,2,50,966.1176552020964,4.900636998531075,19.46941406195001,3.49650756146648,41,0.05,2.0682257878488004,-3.49650756146648,12,4,50,637.267664520922,2750,100,11,8
-4.369711609535497,17.377664072088752,-2.2213256282451583,21,0.23,2.645104992549128,0.0,23,6,50,683.0045520663375,-4.433743393028179,13.105957098538235,0.0,25,0.18,2.336329193763534,-3.49650756146648,22,18,50,450.5426723322455,-2.517760639490395,15.400394035504515,0.0,25,0.23,2.348591380994175,-2.833213344056216,23,18,50,603.6032982800186,-2.380920304469488,15.443318042617404,0.0,27,0.16,2.3532696901802903,-3.49650756146648,17,2,50,550.0165976960775,7.542110531776943,20.07011711065249,0.0,32,0.1,1.8634536617538893,-3.49650756146648,16,2,50,694.0268475988594,7.931781879822482,22.50985118112812,3.49650756146648,43,0.0,1.9037982531559243,3.49650756146648,15,18,6,776.922043961078,4.307260609758631,22.076816805510443,3.1648604527613484,41,0.12,2.05710456815764,0.0,12,2,50,951.2216369046428,4.232177390759376,19.28514009017116,3.49650756146648,39,0.06,2.3966617708004128,2.833213344056216,12,4,50,653.8387862992604,2800,100,11,8
-4.026708030089022,18.28902321101662,-2.2213256282451583,22,0.21,2.6606592822797865,0.0,21,6,50,711.6384791271535,-4.121051378284399,13.333332102519568,0.0,26,0.17,2.374144788141277,-3.49650756146648,20,18,50,430.8119502404893,-2.7058375661843708,15.68998020806277,0.0,26,0.22,2.3713296946826867,0.0,22,18,50,635.0704327604615,-2.6889587070997965,15.704573841250632,0.0,28,0.17,2.367703218214809,0.0,17,2,50,580.8204379591083,6.661539383594532,20.13829895204656,0.0,33,0.11,1.8931620959649769,-3.49650756146648,17,2,50,726.171867712161,6.463320086420623,22.3269656837194,3.49650756146648,42,0.0,1.94002380536411,3.49650756146648,18,18,6,795.0869363820769,3.706249885730452,22.187436057452267,2.833213344056216,42,0.11,2.159906472396893,3.8918202981106265,12,2,50,1005.656282619272,5.135959990534292,19.817884142960363,3.49650756146648,40,0.06,2.0501980415321475,2.833213344056216,12,4,50,673.9872982786168,2850,100,11,8
-4.076475388491134,18.277413522128644,-2.2213256282451583,22,0.21,2.6447919445669723,0.0,21,6,50,709.8806233073917,-4.283754937254968,13.29001930709039,0.0,25,0.16,2.3689130034243724,-3.49650756146648,22,18,50,427.42984920356776,-3.098362004770771,15.306861992274966,-1.416606672028108,25,0.21,2.3401701341307897,-2.833213344056216,21,18,50,597.3733903857351,-3.6608128450444615,15.401908305087115,-2.833213344056216,27,0.17,2.314084172871617,0.0,17,2,50,595.5324545883309,5.3867593672952445,20.028287517382555,0.0,31,0.12,1.912818774065216,-3.49650756146648,17,2,50,720.7882925994528,5.825134721674714,22.50324379290286,3.49650756146648,41,0.0,1.950630732880403,3.49650756146648,18,18,50,798.081276534569,4.703173728760683,22.511826029150143,3.1648604527613484,44,0.1,2.1606907759292766,-2.833213344056216,11,2,50,1024.0488193395636,5.797786547516365,19.96789123925745,3.49650756146648,42,0.05,2.0686560378365124,-3.49650756146648,11,4,50,656.7528931442837,2900,100,11,8
-3.510429789448007,17.846926238633376,-1.6094379124341005,20,0.23,2.6289246068541576,0.0,23,6,50,646.2830482801461,-4.210701220798386,12.816371703559843,0.0,23,0.16,2.313536823937827,-3.49650756146648,24,18,50,415.57901329822073,-3.0603893382314933,14.875462426388088,-2.833213344056216,23,0.22,2.3004706858313075,-2.833213344056216,23,18,50,580.6878612184064,-3.0730680053647137,14.881304964569702,-2.833213344056216,25,0.18,2.303441165978842,0.0,18,2,50,529.764955497423,5.972430738353005,19.86125768381677,0.0,31,0.12,1.8931620959649769,-3.49650756146648,16,2,6,681.330277280929,7.636454197654757,22.39463888475812,3.49650756146648,41,0.0,1.9129350397776232,3.49650756146648,17,18,6,808.008473305813,5.926894210097399,22.218276842273628,3.49650756146648,43,0.11,2.1380902351067186,-2.833213344056216,11,2,50,963.2844635807842,5.809685917832798,19.47052742056885,3.49650756146648,41,0.05,2.0586700036551697,-3.49650756146648,12,4,50,602.3040382773756,2950,100,11,8
-4.106099660224188,17.152824016270515,-1.6094379124341005,21,0.24,2.627105067638614,0.0,24,6,50,649.6503420122735,-4.190146062695,12.81474573514968,0.0,24,0.17,2.3219208310206314,-3.49650756146648,23,18,50,419.1899241759946,-2.802236254826405,15.243233020801847,-2.833213344056216,24,0.23,2.310960140410412,-2.833213344056216,24,18,50,619.1625973002187,-2.1599911166227868,15.15414785700256,0.0,26,0.16,2.3374704850942924,-3.49650756146648,17,2,50,515.2642371003619,7.189372502827856,19.951986638355635,0.0,31,0.11,1.8642902997055488,-3.49650756146648,16,2,50,666.3663696835979,8.48893559084203,22.3038779721789,3.49650756146648,42,0.0,1.8882444141543304,3.49650756146648,15,18,6,730.0705160921239,5.216309565265352,22.10221728704769,3.49650756146648,43,0.12,2.0477475750508214,0.0,12,2,50,916.2580070405152,4.798222808776768,19.1532504545123,3.49650756146648,39,0.06,2.045750242169806,-3.49650756146648,12,4,22,606.996866729923,3000,100,11,8
-4.684383013582852,17.57941845418793,-2.833213344056216,22,0.22,2.645104992549128,0.0,22,6,50,714.4716924710729,-4.16379328235499,13.313574687386508,0.0,26,0.18,2.38118208130492,-3.49650756146648,20,18,50,433.75955221272784,-2.7757675001837647,15.669960029849436,0.0,26,0.24,2.3626001508696586,0.0,24,18,50,635.0704110374679,-2.6606263564292267,15.711953564866292,0.0,28,0.16,2.362600150947545,-3.49650756146648,16,2,50,577.9872028920513,7.249138318991397,20.420738201337382,0.0,33,0.1,1.8797590525805887,-3.49650756146648,17,2,50,721.997480442129,7.022732743287329,22.594429295742778,3.49650756146648,43,0.0,1.9255307293635824,3.49650756146648,16,18,6,812.9127759573174,3.334914033775048,22.02260549554657,2.833213344056216,41,0.12,2.0796615501912945,-2.833213344056216,12,2,50,979.85558700469,4.587279077090903,19.45779004650151,3.49650756146648,40,0.06,2.0388536364545806,2.833213344056216,12,4,50,674.2698833526867,3050,100,11,8
-4.088713142806063,18.27616725580662,-2.833213344056216,22,0.21,2.6447919445669723,0.0,21,6,50,705.4379720507723,-4.156016198403073,13.32706291418684,0.0,25,0.16,2.367863191880982,-3.49650756146648,21,18,50,427.3154171294237,-2.74758118338737,15.688279067052976,0.0,25,0.21,2.365818848219421,-2.833213344056216,21,18,50,630.8960199409702,-3.541144857447188,15.430264096005116,-1.416606672028108,27,0.17,2.325788947786846,0.0,17,2,50,595.3211273921627,6.0321965545155765,20.33567795006809,0.0,32,0.11,1.9085913805651609,-3.49650756146648,17,2,50,719.1788546868896,5.827247812609517,22.502420724634906,3.49650756146648,41,0.0,1.950630732880403,3.49650756146648,18,18,6,740.7726068633251,4.151667109394689,22.18479500226134,3.1648604527613484,43,0.1,2.1711120978813985,3.8918202981106265,12,2,50,1024.0488410622388,5.546412135292285,19.789505700852708,3.49650756146648,41,0.06,2.0651940181062587,2.833213344056216,12,4,50,688.8833494893513,3100,100,11,8
-3.8317341356698926,18.05816992147021,-2.2213256282451583,21,0.22,2.6287314690959094,0.0,22,6,50,671.4204677794016,-4.039013407961391,13.000163554953614,0.0,24,0.15,2.351740296589633,-3.49650756146648,24,18,50,395.962681151277,-3.375060561255796,15.137904327212544,-2.833213344056216,24,0.21,2.304290300135315,-2.833213344056216,23,18,50,612.1549835208366,-3.451036437444184,15.130470333265986,-2.833213344056216,26,0.17,2.2963673954311035,-3.49650756146648,18,2,50,560.5687835824372,4.993451450589412,19.88530549718762,0.0,30,0.12,1.9059252053401856,-3.49650756146648,17,2,50,691.5183767717318,6.727405061120294,22.467704623161417,3.49650756146648,40,0.0,1.9332808458183008,3.49650756146648,18,18,6,799.235630502884,5.6122225888181445,22.5207609923444,3.49650756146648,44,0.1,2.142812121764598,-2.833213344056216,11,2,50,989.0851990202324,6.0841255416499065,19.636111301071168,3.49650756146648,41,0.05,2.0621320233854235,-3.49650756146648,12,4,50,629.4455821654021,3150,100,11,8
-4.426111910109585,17.361563464111125,-2.2213256282451583,21,0.23,2.629237654836313,0.0,23,6,50,680.5834020289528,-4.596446649193569,13.057995305956304,0.0,24,0.17,2.3277445093718194,-3.49650756146648,24,8,50,447.1605410148061,-3.444990663114915,15.114056737241553,-2.833213344056216,24,0.23,2.619727109068126,-2.833213344056216,23,18,50,612.1549785838156,-2.5744709761563924,15.412779015062672,-2.833213344056216,26,0.16,2.33602497563955,-3.49650756146648,17,2,50,542.8395375820544,6.210393194085721,20.035476333122705,0.0,31,0.11,1.8810329377807795,-3.49650756146648,17,2,50,694.3370046247403,7.849006692222794,22.538617681716016,3.49650756146648,41,0.0,1.9024549991691009,3.49650756146648,15,18,6,789.9974730622247,5.269218992084131,22.38157660269475,3.1648604527613484,44,0.12,2.0729719058709937,0.0,12,2,50,966.1177045718632,4.900636504826148,19.46941465260446,3.49650756146648,41,0.05,2.0682257878488004,-3.49650756146648,12,4,50,637.2677138908623,3200,100,11,8
-4.369711609532562,17.377664072084176,-2.2213256282451583,21,0.23,2.645104992549128,0.0,23,6,50,683.004552066044,-4.433742981608076,13.105957815089216,0.0,25,0.18,2.336329193763534,-3.49650756146648,22,18,50,450.5426311902352,-2.517760145786818,15.400394705837554,0.0,25,0.23,2.348591380994175,-2.833213344056216,23,18,50,603.6032489096608,-2.3809198107657488,15.443318706712876,0.0,27,0.16,2.3532696901802903,-3.49650756146648,17,2,50,550.0165483257035,7.542110531771589,20.0701171106434,0.0,32,0.1,1.8634536617538893,-3.49650756146648,16,2,50,694.026847598566,7.931781879817307,22.509851181117387,3.49650756146648,43,0.0,1.9037982531559243,3.49650756146648,15,18,6,776.9220439606497,4.307260198337773,22.07681722852684,3.1648604527613484,41,0.12,2.05710456815764,0.0,12,2,50,951.2216780460036,4.232176979338998,19.28514057282388,3.49650756146648,39,0.06,2.3966617708004128,2.833213344056216,12,4,50,653.8388274407803,3250,100,11,8
-4.026708030085914,18.28902321101196,-2.2213256282451583,22,0.21,2.6606592822797865,0.0,21,6,50,711.6384791268428,-4.121050884581097,13.33333293613931,0.0,26,0.17,2.374144788141277,-3.49650756146648,20,18,50,430.811900870159,-2.705837072481109,15.689980871940756,0.0,26,0.22,2.3713296946826867,0.0,22,18,50,635.0703833901355,-2.688958213396373,15.70457450398129,0.0,28,0.17,2.367703218214809,0.0,17,2,50,580.8203885887659,6.661539383589697,20.13829895203737,0.0,33,0.11,1.8931620959649769,-3.49650756146648,17,2,50,726.1718677118502,6.463320086416307,22.32696568370873,3.49650756146648,42,0.0,1.94002380536411,3.49650756146648,18,18,6,795.0869363816496,3.706249474310348,22.18743646721467,2.833213344056216,42,0.11,2.159906472396893,3.8918202981106265,12,2,50,1005.6563237605576,5.135959579113803,19.817884631399853,3.49650756146648,40,0.06,2.0501980415321475,2.833213344056216,12,4,50,673.9873394200788,3300,100,11,8
-4.076475388488198,18.27741352212425,-2.2213256282451583,22,0.21,2.6447919445669723,0.0,21,6,50,709.8806233070982,-4.283754443552326,13.290020149470672,0.0,25,0.16,2.3689130034243724,-3.49650756146648,22,18,50,427.4297998333036,-3.09836151106817,15.306862685429309,-1.416606672028108,25,0.21,2.3401701341307897,-2.833213344056216,21,18,50,597.373341015475,-3.660812433624935,15.401908894174849,-2.833213344056216,27,0.17,2.314084172871617,0.0,17,2,50,595.5324134463783,5.386759367290929,20.02828751737368,0.0,31,0.12,1.912818774065216,-3.49650756146648,17,2,50,720.7882925991594,5.825134721670569,22.50324379289235,3.49650756146648,41,0.0,1.950630732880403,3.49650756146648,18,18,50,798.0812765342582,4.703173235056723,22.51182653564449,3.1648604527613484,44,0.1,2.1606907759292766,-2.833213344056216,11,2,50,1024.0488687091658,5.797786053812221,19.96789183734663,3.49650756146648,42,0.05,2.0686560378365124,-3.49650756146648,11,4,50,656.7529425140767,3350,100,11,8
-3.510429789445418,17.846926238629322,-1.6094379124341005,20,0.23,2.6289246068541576,0.0,23,6,50,646.2830482798872,-4.210700809379712,12.816372429140262,0.0,23,0.16,2.313536823937827,-3.49650756146648,24,18,50,415.5789721563533,-3.0603889268128524,14.875463019717404,-2.833213344056216,23,0.22,2.3004706858313075,-2.833213344056216,23,18,50,580.6878200765425,-3.073067593945938,14.88130555801678,-2.833213344056216,25,0.18,2.303441165978842,0.0,18,2,50,529.7649143555454,5.972430738348344,19.86125768380806,0.0,31,0.12,1.8931620959649769,-3.49650756146648,16,2,6,681.3302772806246,7.636454197649577,22.39463888474776,3.49650756146648,41,0.0,1.9129350397776232,3.49650756146648,17,18,6,808.0084733053794,5.926893716393235,22.21827738265131,3.49650756146648,43,0.11,2.1380902351067186,-2.833213344056216,11,2,50,963.284512950372,5.809685424129141,19.47052803423759,3.49650756146648,41,0.05,2.0586700036551697,-3.49650756146648,12,4,50,602.3040876471546,3400,100,11,8
-4.106099660221426,17.15282401626611,-1.6094379124341005,21,0.24,2.627105067638614,0.0,24,6,50,649.6503420119975,-4.19014565127656,12.814746460161183,0.0,24,0.17,2.3219208310206314,-3.49650756146648,23,18,50,419.1898830341506,-2.802235843407999,15.243233592847538,-2.833213344056216,24,0.23,2.310960140410412,-2.833213344056216,24,18,50,619.162556158378,-2.159990622921008,15.154148526570673,0.0,26,0.16,2.3374704850942924,-3.49650756146648,17,2,50,515.2641877301842,7.189372502822677,19.95198663834661,0.0,31,0.11,1.8642902997055488,-3.49650756146648,16,2,50,666.3663696833219,8.488935590836505,22.303877972168337,3.49650756146648,42,0.0,1.8882444141543304,3.49650756146648,15,18,6,730.0705160917224,5.216309153845467,22.102217726497745,3.49650756146648,43,0.12,2.0477475750508214,0.0,12,2,50,916.258048181744,4.798222397357537,19.15325095264585,3.49650756146648,39,0.06,2.045750242169806,-3.49650756146648,12,4,22,606.9968897746979,3450,100,11,8
-4.684383013579744,17.579418454183198,-2.833213344056216,22,0.22,2.645104992549128,0.0,22,6,50,714.4716924707623,-4.163792788653475,13.313575523825437,0.0,26,0.18,2.38118208130492,-3.49650756146648,20,18,50,433.7595028425764,-2.775767006482291,15.669960696776531,0.0,26,0.24,2.3626001508696586,0.0,24,18,50,635.0703616673206,-2.6606258627275903,15.711954226393129,0.0,28,0.16,2.362600150947545,-3.49650756146648,16,2,50,577.9871535218876,7.24913831898622,20.42073820132805,0.0,33,0.1,1.8797590525805887,-3.49650756146648,17,2,50,721.9974804418182,7.022732743282669,22.594429295731967,3.49650756146648,43,0.0,1.9255307293635824,3.49650756146648,16,18,6,812.9127759568753,3.334913622356604,22.02260590143752,2.833213344056216,41,0.12,2.0796615501912945,-2.833213344056216,12,2,50,979.855628145844,4.587278665672249,19.45779053237761,3.49650756146648,40,0.06,2.0388536364545806,2.833213344056216,12,4,50,674.2699244939997,3500,100,11,8
-4.088713142803129,18.27616725580223,-2.833213344056216,22,0.21,2.6447919445669723,0.0,21,6,50,705.4379720504788,-4.156015704702218,13.327063749490677,0.0,25,0.16,2.367863191880982,-3.49650756146648,21,18,50,427.3153677593382,-2.747580689686556,15.688279732313996,0.0,25,0.21,2.365818848219421,-2.833213344056216,21,18,50,630.8959705708887,-3.5411444460291506,15.430264680817546,-1.416606672028108,27,0.17,2.325788947786846,0.0,17,2,50,595.321086250359,6.032196554510914,20.33567795005905,0.0,32,0.11,1.9085913805651609,-3.49650756146648,17,2,50,719.1788546865962,5.8272478126053775,22.502420724624383,3.49650756146648,41,0.0,1.950630732880403,3.49650756146648,18,18,6,740.7726068629162,4.151666615692859,22.1847955039474,3.1648604527613484,43,0.1,2.1711120978813985,3.8918202981106265,12,2,50,1024.048890431662,5.546411641590099,19.789506298060072,3.49650756146648,41,0.06,2.0651940181062587,2.833213344056216,12,4,50,688.8833988589483,3550,100,11,8
-3.831734135667131,18.058169921465986,-2.2213256282451583,21,0.22,2.6287314690959094,0.0,22,6,50,671.4204677791256,-4.039012914261195,13.000164406818026,0.0,24,0.15,2.351740296589633,-3.49650756146648,24,18,50,395.9626317812575,-3.3750601498384727,15.137904918805251,-2.833213344056216,24,0.21,2.304290300135315,-2.833213344056216,23,18,50,612.1549423791043,-3.451036026026725,15.130470927215429,-2.833213344056216,26,0.17,2.2963673954311035,-3.49650756146648,18,2,50,560.5687424406913,4.99345145058527,19.885305497178827,0.0,30,0.12,1.9059252053401856,-3.49650756146648,17,2,50,691.5183767714557,6.727405061115632,22.46770462315097,3.49650756146648,40,0.0,1.9332808458183008,3.49650756146648,18,18,6,799.2356305024482,5.612222095115938,22.52076151856368,3.49650756146648,44,0.1,2.142812121764598,-2.833213344056216,11,2,50,989.0852483896244,6.084125047947862,19.636111916462845,3.49650756146648,41,0.05,2.0621320233854235,-3.49650756146648,12,4,50,629.4456315349851,3600,100,11,8
-4.426111910106823,17.36156346410682,-2.2213256282451583,21,0.23,2.629237654836313,0.0,23,6,50,680.5834020286766,-4.596446237776618,13.057996030260814,0.0,24,0.17,2.3277445093718194,-3.49650756146648,24,8,50,447.160499873111,-3.444990251697998,15.114057331670692,-2.833213344056216,24,0.23,2.619727109068126,-2.833213344056216,23,18,50,612.1549374421239,-2.574470482456401,15.412779686669513,-2.833213344056216,26,0.16,2.33602497563955,-3.49650756146648,17,2,50,542.8394882120551,6.210393194080886,20.035476333113905,0.0,31,0.11,1.8810329377807795,-3.49650756146648,17,2,50,694.3370046244642,7.849006692217443,22.53861768170559,3.49650756146648,41,0.0,1.9024549991691009,3.49650756146648,15,18,6,789.9974730618054,5.2692184983825845,22.381577124620023,3.1648604527613484,44,0.12,2.0729719058709937,0.0,12,2,50,966.1177539412234,4.9006360111252825,19.46941524325423,3.49650756146648,41,0.05,2.0682257878488004,-3.49650756146648,12,4,50,637.2677632603966,3650,100,11,8
-4.369711609529628,17.377664072079597,-2.2213256282451583,21,0.23,2.645104992549128,0.0,23,6,50,683.0045520657507,-4.433742570191359,13.1059585316345,0.0,25,0.18,2.336329193763534,-3.49650756146648,22,18,50,450.5425900485635,-2.517759652087304,15.400395376165296,0.0,25,0.23,2.348591380994175,-2.833213344056216,23,18,50,603.6031995397095,-2.380919317066072,15.4433193708031,0.0,27,0.16,2.3532696901802903,-3.49650756146648,17,2,50,550.0164989557359,7.542110531766238,20.07011711063432,0.0,32,0.1,1.8634536617538893,-3.49650756146648,16,2,50,694.0268475982724,7.931781879812128,22.50985118110667,3.49650756146648,43,0.0,1.9037982531559243,3.49650756146648,15,18,6,776.9220439602217,4.307259786920302,22.076817651539884,3.1648604527613484,41,0.12,2.05710456815764,0.0,12,2,50,951.2217191870257,4.232176567922008,19.285141055472785,3.49650756146648,39,0.06,2.3966617708004128,2.833213344056216,12,4,50,653.8388685819616,3700,100,11,8
-4.026708030082807,18.289023211007294,-2.2213256282451583,22,0.21,2.6606592822797865,0.0,21,6,50,711.638479126532,-4.121050390881856,13.333333769752423,0.0,26,0.17,2.374144788141277,-3.49650756146648,20,18,50,430.811851500235,-2.705836578781909,15.68998153581349,0.0,26,0.22,2.3713296946826867,0.0,22,18,50,635.0703340202153,-2.6889577196970107,15.704575166706707,0.0,28,0.17,2.367703218214809,0.0,17,2,50,580.8203392188296,6.661539383584868,20.13829895202818,0.0,33,0.11,1.8931620959649769,-3.49650756146648,17,2,50,726.1718677115396,6.463320086411992,22.32696568369805,3.49650756146648,42,0.0,1.94002380536411,3.49650756146648,18,18,6,795.086936381222,3.706249062893627,22.187436876973845,2.833213344056216,42,0.11,2.159906472396893,3.8918202981106265,12,2,50,1005.6563649015044,5.135959167696699,19.817885119835463,3.49650756146648,40,0.06,2.0501980415321475,2.833213344056216,12,4,50,673.9873805612021,3750,100,11,8
-4.076475388485265,18.27741352211985,-2.2213256282451583,22,0.21,2.6447919445669723,0.0,21,6,50,709.8806233068048,-4.283753949853746,13.29002099184426,0.0,25,0.16,2.3689130034243724,-3.49650756146648,22,18,50,427.4297504634455,-3.0983610173696308,15.30686337857817,-1.416606672028108,25,0.21,2.3401701341307897,-2.833213344056216,21,18,50,597.3732916456211,-3.6608120222087934,15.401909483257914,-2.833213344056216,27,0.17,2.314084172871617,0.0,17,2,50,595.532372304764,5.386759367286613,20.02828751736481,0.0,31,0.12,1.912818774065216,-3.49650756146648,17,2,50,720.788292598866,5.825134721666426,22.50324379288184,3.49650756146648,41,0.0,1.950630732880403,3.49650756146648,18,18,50,798.0812765339476,4.70317274135682,22.511827042134826,3.1648604527613484,44,0.1,2.1606907759292766,-2.833213344056216,11,2,50,1024.048918078362,5.797785560112137,19.967892435431065,3.49650756146648,42,0.05,2.0686560378365124,-3.49650756146648,11,4,50,656.7529918834637,3800,100,11,8
-3.5104297894428287,17.846926238625265,-1.6094379124341005,20,0.23,2.6289246068541576,0.0,23,6,50,646.2830482796282,-4.210700397964423,12.81637315471492,0.0,23,0.16,2.313536823937827,-3.49650756146648,24,18,50,415.5789310148244,-3.0603885153975976,14.87546361304203,-2.833213344056216,23,0.22,2.3004706858313075,-2.833213344056216,23,18,50,580.6877789350169,-3.073067182530548,14.881306151459173,-2.833213344056216,25,0.18,2.303441165978842,0.0,18,2,50,529.7648732140065,5.972430738343682,19.86125768379934,0.0,31,0.12,1.8931620959649769,-3.49650756146648,16,2,6,681.3302772803199,7.6364541976444,22.39463888473739,3.49650756146648,41,0.0,1.9129350397776232,3.49650756146648,17,18,6,808.0084733049463,5.926893222693131,22.2182779230247,3.49650756146648,43,0.11,2.1380902351067186,-2.833213344056216,11,2,50,963.2845623195536,5.809684930429545,19.470528647901457,3.49650756146648,41,0.05,2.0586700036551697,-3.49650756146648,12,4,50,602.3041370165272,3850,100,11,8
-4.106099660218664,17.152824016261704,-1.6094379124341005,21,0.24,2.627105067638614,0.0,24,6,50,649.6503420117212,-4.190145239861504,12.814747185166931,0.0,24,0.17,2.3219208310206314,-3.49650756146648,23,18,50,419.18984189264506,-2.802235431992977,15.243234164888715,-2.833213344056216,24,0.23,2.310960140410412,-2.833213344056216,24,18,50,619.1625150168759,-2.1599901292232904,15.154149196133492,0.0,26,0.16,2.3374704850942924,-3.49650756146648,17,2,50,515.2641383604124,7.189372502817499,19.95198663833759,0.0,31,0.11,1.8642902997055488,-3.49650756146648,16,2,50,666.3663696830456,8.48893559083098,22.30387797215777,3.49650756146648,42,0.0,1.8882444141543304,3.49650756146648,15,18,6,730.070516091321,5.216308742428965,22.10221816594433,3.49650756146648,43,0.12,2.0477475750508214,0.0,12,2,50,916.2580893226348,4.798221985941688,19.153251450775446,3.49650756146648,39,0.06,2.045750242169806,-3.49650756146648,12,4,22,606.9969128192851,3900,100,11,8
-4.684383013576637,17.579418454178466,-2.833213344056216,22,0.22,2.645104992549128,0.0,22,6,50,714.4716924704514,-4.163792294956022,13.313576360257713,0.0,26,0.18,2.38118208130492,-3.49650756146648,20,18,50,433.759453472831,-2.775766512784878,15.66996136369836,0.0,26,0.24,2.3626001508696586,0.0,24,18,50,635.0703122975793,-2.6606253690300155,15.711954887914736,0.0,28,0.16,2.362600150947545,-3.49650756146648,16,2,50,577.9871041521302,7.249138318981042,20.42073820131872,0.0,33,0.1,1.8797590525805887,-3.49650756146648,17,2,50,721.9974804415075,7.022732743278006,22.59442929572116,3.49650756146648,43,0.0,1.9255307293635824,3.49650756146648,16,18,6,812.9127759564333,3.334913210941545,22.02260630732526,2.833213344056216,41,0.12,2.0796615501912945,-2.833213344056216,12,2,50,979.8556692866592,4.587278254256981,19.457791018249868,3.49650756146648,40,0.06,2.0388536364545806,2.833213344056216,12,4,50,674.2699656349741,3950,100,11,8
-4.088713142800194,18.27616725579783,-2.833213344056216,22,0.21,2.6447919445669723,0.0,21,6,50,705.4379720501853,-4.156015211005426,13.327064584787877,0.0,25,0.16,2.367863191880982,-3.49650756146648,21,18,50,427.31531838965896,-2.747580195989803,15.688280397569756,0.0,25,0.21,2.365818848219421,-2.833213344056216,21,18,50,630.8959212012135,-3.5411440346144984,15.430265265625351,-1.416606672028108,27,0.17,2.325788947786846,0.0,17,2,50,595.3210451088938,6.032196554506255,20.33567795005002,0.0,32,0.11,1.9085913805651609,-3.49650756146648,17,2,50,719.1788546863027,5.827247812601232,22.50242072461388,3.49650756146648,41,0.0,1.950630732880403,3.49650756146648,18,18,6,740.7726068625075,4.15166612199509,22.184796005629497,3.1648604527613484,43,0.1,2.1711120978813985,3.8918202981106265,12,2,50,1024.0489398006794,5.546411147891976,19.7895068952627,3.49650756146648,41,0.06,2.0651940181062587,2.833213344056216,12,4,50,688.8834482281391,4000,100,11,8
-3.831734135664369,18.058169921461754,-2.2213256282451583,21,0.22,2.6287314690959094,0.0,22,6,50,671.4204677788493,-4.039012420565063,13.000165258675665,0.0,24,0.15,2.351740296589633,-3.49650756146648,24,18,50,395.9625824116443,-3.3750597384245338,15.137905510393274,-2.833213344056216,24,0.21,2.304290300135315,-2.833213344056216,23,18,50,612.1549012377105,-3.451035614612652,15.13047152116017,-2.833213344056216,26,0.17,2.2963673954311035,-3.49650756146648,18,2,50,560.5687012992839,4.993451450581127,19.88530549717004,0.0,30,0.12,1.9059252053401856,-3.49650756146648,17,2,50,691.5183767711794,6.727405061110972,22.46770462314052,3.49650756146648,40,0.0,1.9332808458183008,3.49650756146648,18,18,6,799.2356305020127,5.612221601417796,22.52076204477878,3.49650756146648,44,0.1,2.142812121764598,-2.833213344056216,11,2,50,989.0852977586104,6.08412455424988,19.63611253184964,3.49650756146648,41,0.05,2.0621320233854235,-3.49650756146648,12,4,50,629.4456809041617,4050,100,11,8
-4.42611191010406,17.361563464102517,-2.2213256282451583,21,0.23,2.629237654836313,0.0,23,6,50,680.5834020284004,-4.596445826363053,13.057996754559571,0.0,24,0.17,2.3277445093718194,-3.49650756146648,24,8,50,447.1604587317545,-3.444989840284466,15.114057926095128,-2.833213344056216,24,0.23,2.619727109068126,-2.833213344056216,23,18,50,612.1548963007707,-2.5744699887604714,15.41278035827105,-2.833213344056216,26,0.16,2.33602497563955,-3.49650756146648,17,2,50,542.8394388424624,6.210393194076054,20.035476333105105,0.0,31,0.11,1.8810329377807795,-3.49650756146648,17,2,50,694.337004624188,7.849006692212091,22.53861768169516,3.49650756146648,41,0.0,1.9024549991691009,3.49650756146648,15,18,6,789.9974730613858,5.269218004685102,22.381577646541164,3.1648604527613484,44,0.12,2.0729719058709937,0.0,12,2,50,966.1178033101778,4.90063551742848,19.469415833899312,3.49650756146648,41,0.05,2.0682257878488004,-3.49650756146648,12,4,50,637.2678126295243,4100,100,11,8
-4.369711609526694,17.37766407207502,-2.2213256282451583,21,0.23,2.645104992549128,0.0,23,6,50,683.0045520654571,-4.433742158778028,13.1059592481741,0.0,25,0.18,2.336329193763534,-3.49650756146648,22,18,50,450.5425489072304,-2.517759158391852,15.400396046487742,0.0,25,0.23,2.348591380994175,-2.833213344056216,23,18,50,603.6031501701643,-2.380918823370457,15.443320034888082,0.0,27,0.16,2.3532696901802903,-3.49650756146648,17,2,50,550.0164495861743,7.542110531760887,20.07011711062523,0.0,32,0.1,1.8634536617538893,-3.49650756146648,16,2,50,694.026847597979,7.931781879806948,22.509851181095943,3.49650756146648,43,0.0,1.9037982531559243,3.49650756146648,15,18,6,776.9220439597935,4.307259375506215,22.07681807454959,3.1648604527613484,41,0.12,2.05710456815764,0.0,12,2,50,951.2217603277096,4.232176156508401,19.28514153811787,3.49650756146648,39,0.06,2.3966617708004128,2.833213344056216,12,4,50,653.8389097228044,4150,100,11,8
-4.0267080300797,18.28902321100264,-2.2213256282451583,22,0.21,2.6606592822797865,0.0,21,6,50,711.6384791262212,-4.121049897186679,13.333334603358916,0.0,26,0.17,2.374144788141277,-3.49650756146648,20,18,50,430.8118021307171,-2.7058360850867724,15.68998219968098,0.0,26,0.22,2.3713296946826867,0.0,22,18,50,635.0702846507018,-2.6889572260017105,15.70457582942689,0.0,28,0.17,2.367703218214809,0.0,17,2,50,580.8202898492997,6.661539383580034,20.138298952018992,0.0,33,0.11,1.8931620959649769,-3.49650756146648,17,2,50,726.1718677112289,6.463320086407676,22.326965683687384,3.49650756146648,42,0.0,1.94002380536411,3.49650756146648,18,18,6,795.0869363807947,3.70624865148029,22.187437286729786,2.833213344056216,42,0.11,2.159906472396893,3.8918202981106265,12,2,50,1005.6564060421132,5.135958756282983,19.81788560826721,3.49650756146648,40,0.06,2.0501980415321475,2.833213344056216,12,4,50,673.9874217019872,4200,100,11,8
-4.07647538848233,18.27741352211545,-2.2213256282451583,22,0.21,2.6447919445669723,0.0,21,6,50,709.8806233065113,-4.2837534561592285,13.290021834211151,0.0,25,0.16,2.3689130034243724,-3.49650756146648,22,18,50,427.4297010939937,-3.098360523675153,15.30686407172154,-1.416606672028108,25,0.21,2.3401701341307897,-2.833213344056216,21,18,50,597.3732422761732,-3.6608116107960367,15.40191007233632,-2.833213344056216,27,0.17,2.314084172871617,0.0,17,2,50,595.5323311634883,5.3867593672822975,20.02828751735593,0.0,31,0.12,1.912818774065216,-3.49650756146648,17,2,50,720.7882925985724,5.825134721662283,22.50324379287132,3.49650756146648,41,0.0,1.950630732880403,3.49650756146648,18,18,50,798.0812765336368,4.703172247660983,22.51182754862115,3.1648604527613484,44,0.1,2.1606907759292766,-2.833213344056216,11,2,50,1024.0489674471517,5.797785066416118,19.967893033510748,3.49650756146648,42,0.05,2.0686560378365124,-3.49650756146648,11,4,50,656.7530412524443,4250,100,11,8
-3.51042978944024,17.846926238621208,-1.6094379124341005,20,0.23,2.6289246068541576,0.0,23,6,50,646.2830482793693,-4.21069998655252,12.81637388028382,0.0,23,0.16,2.313536823937827,-3.49650756146648,24,18,50,415.5788898736341,-3.060388103985728,14.875464206361968,-2.833213344056216,23,0.22,2.3004706858313075,-2.833213344056216,23,18,50,580.6877377938299,-3.073066771118542,14.881306744896868,-2.833213344056216,25,0.18,2.303441165978842,0.0,18,2,50,529.764832072806,5.972430738339024,19.861257683790623,0.0,31,0.12,1.8931620959649769,-3.49650756146648,16,2,6,681.3302772800154,7.636454197639221,22.39463888472703,3.49650756146648,41,0.0,1.9129350397776232,3.49650756146648,17,18,6,808.0084733045129,5.926892728997088,22.2182784633938,3.49650756146648,43,0.11,2.1380902351067186,-2.833213344056216,11,2,50,963.2846116883292,5.809684436734012,19.47052926156045,3.49650756146648,41,0.05,2.0586700036551697,-3.49650756146648,12,4,50,602.3041863854935,4300,100,11,8
-4.106099660215903,17.152824016257295,-1.6094379124341005,21,0.24,2.627105067638614,0.0,24,6,50,649.650342011445,-4.190144828449835,12.814747910166927,0.0,24,0.17,2.3219208310206314,-3.49650756146648,23,18,50,419.1898007514781,-2.802235020581341,15.243234736925375,-2.833213344056216,24,0.23,2.310960140410412,-2.833213344056216,24,18,50,619.1624738757123,-2.159989635529636,15.154149865691029,0.0,26,0.16,2.3374704850942924,-3.49650756146648,17,2,50,515.264088991047,7.189372502812321,19.951986638328567,0.0,31,0.11,1.8642902997055488,-3.49650756146648,16,2,50,666.3663696827693,8.488935590825456,22.303877972147216,3.49650756146648,42,0.0,1.8882444141543304,3.49650756146648,15,18,6,730.0705160909196,5.21630833101585,22.102218605387424,3.49650756146648,43,0.12,2.0477475750508214,0.0,12,2,50,916.2581304631866,4.798221574529226,19.153251948901104,3.49650756146648,39,0.06,2.045750242169806,-3.49650756146648,12,4,22,606.9969358636838,4350,100,11,8
-4.68438301357353,17.579418454173734,-2.833213344056216,22,0.22,2.645104992549128,0.0,22,6,50,714.4716924701409,-4.163791801262632,13.313577196683346,0.0,26,0.18,2.38118208130492,-3.49650756146648,20,18,50,433.75940410349193,-2.7757660190915283,15.669962030614917,0.0,26,0.24,2.3626001508696586,0.0,24,18,50,635.0702629282443,-2.6606248753365027,15.711955549431115,0.0,28,0.16,2.362600150947545,-3.49650756146648,16,2,50,577.987054782779,7.249138318975862,20.42073820130938,0.0,33,0.1,1.8797590525805887,-3.49650756146648,17,2,50,721.9974804411968,7.0227327432733455,22.59442929571034,3.49650756146648,43,0.0,1.9255307293635824,3.49650756146648,16,18,6,812.9127759559913,3.334912799529872,22.0226067132098,2.833213344056216,41,0.12,2.0796615501912945,-2.833213344056216,12,2,50,979.8557104271362,4.587277842845099,19.45779150411828,3.49650756146648,40,0.06,2.0388536364545806,2.833213344056216,12,4,50,674.2700067756102,4400,100,11,8
-4.08871314279726,18.276167255793432,-2.833213344056216,22,0.21,2.6447919445669723,0.0,21,6,50,705.4379720498919,-4.156014717312695,13.327065420078432,0.0,25,0.16,2.367863191880982,-3.49650756146648,21,18,50,427.3152690203858,-2.747579702297114,15.688281062820256,0.0,25,0.21,2.365818848219421,-2.833213344056216,21,18,50,630.8958718319445,-3.541143623203231,15.430265850428531,-1.416606672028108,27,0.17,2.325788947786846,0.0,17,2,50,595.321003967767,6.032196554501594,20.335677950040985,0.0,32,0.11,1.9085913805651609,-3.49650756146648,17,2,50,719.1788546860093,5.82724781259709,22.50242072460336,3.49650756146648,41,0.0,1.950630732880403,3.49650756146648,18,18,6,740.7726068620987,4.151665628301386,22.18479650730762,3.1648604527613484,43,0.1,2.1711120978813985,3.8918202981106265,12,2,50,1024.0489891692905,5.546410654197915,19.7895074924606,3.49650756146648,41,0.06,2.0651940181062587,2.833213344056216,12,4,50,688.8834975969238,4450,100,11,8
-3.8317341356616073,18.058169921457527,-2.2213256282451583,21,0.22,2.6287314690959094,0.0,22,6,50,671.4204677785731,-4.039011926872993,13.000166110526534,0.0,24,0.15,2.351740296589633,-3.49650756146648,24,18,50,395.9625330424372,-3.375059327013981,15.137906101976624,-2.833213344056216,24,0.21,2.304290300135315,-2.833213344056216,23,18,50,612.1548600966553,-3.451035203201964,15.130472115100217,-2.833213344056216,26,0.17,2.2963673954311035,-3.49650756146648,18,2,50,560.568660158215,4.993451450576985,19.88530549716124,0.0,30,0.12,1.9059252053401856,-3.49650756146648,17,2,50,691.5183767709033,6.72740506110631,22.467704623130068,3.49650756146648,40,0.0,1.9332808458183008,3.49650756146648,18,18,6,799.2356305015769,5.612221107723716,22.52076257098972,3.49650756146648,44,0.1,2.142812121764598,-2.833213344056216,11,2,50,989.0853471271898,6.084124060555964,19.63611314723154,3.49650756146648,41,0.05,2.0621320233854235,-3.49650756146648,12,4,50,629.4457302729322,4500,100,11,8
-2.5408409300929526,18.543560550547888,0.0,30,0.23,2.360248344972999,0.0,23,4,50,723.5603062985087,-3.015400368509699,13.00619658405731,0.0,29,0.17,2.2199834501917883,-3.49650756146648,19,8,50,437.7430098687662,-2.836103687403908,15.757299893708549,0.0,35,0.23,2.637500543563729,0.0,23,4,50,512.6829083090104,-1.9894775791601984,14.71309779717957,0.0,29,0.2,2.329521712098998,0.0,20,2,50,502.5125422756176,4.219230220300944,19.30456859852857,0.0,34,0.14,1.9210265756752865,0.0,14,2,50,681.4988867305509,5.807007002962827,21.590130377546977,3.3576916931673404,44,0.08,1.9376660262475625,3.49650756146648,12,18,50,739.1878983392726,4.178900094670222,21.794498170085827,2.833213344056216,47,0.11,2.0251514273306466,0.0,11,2,50,903.4656892309686,4.489258339107065,19.402267363666905,3.3576916931673404,44,0.07,2.0100169696236425,-3.49650756146648,10,4,50,616.7378742956543,4550,100,11,8
1.134370975338885,22.049401250306047,0.0,49,0.25,1.9460735573920664,0.0,25,4,50,1001.4913084954628,1.0807835072547214,12.106242538931074,0.0,27,0.22,2.139324708027344,0.0,22,8,50,409.69963697491335,-1.022277464100435,19.63579123031372,0.0,52,0.23,2.4617959797364954,0.0,23,4,25,946.5524100718884,1.7057418904681358,12.511024218618283,0.0,27,0.42,2.4211020727217787,0.0,42,8,50,377.9375977503941,-2.3397550969451,17.48499276377911,0.0,36,0.21,2.374612914961676,0.0,21,4,50,778.4999267935515,-1.7008427206569143,18.62759746253808,0.0,41,0.32,2.2715339978932696,0.0,32,4,50,789.9472197135511,-2.434255318883175,18.680638967093408,0.0,41,0.11,2.3008217986693364,3.044522437723423,24,2,50,839.6391436242577,-2.307670678691793,17.597483365923,0.0,40,0.3,2.342953676032048,0.0,30,4,50,745.7325649293509,4600,100,11,8
4.141399541128068,24.451447350456995,0.0,52,0.26,1.5611819421386397,0.0,26,4,25,1385.0177142575153,4.031944513833266,10.392963263079304,0.0,17,0.25,1.903084570639961,-3.044522437723423,26,8,25,395.6178111208992,8.757439218243234e-14,22.304717730146685,0.0,53,0.24,1.913373186404603,0.0,24,4,25,1575.347020874559,4.964855143018053,10.35036834975564,0.0,15,0.62,1.310233267254462,0.0,62,8,25,418.307966186429,-7.927675550007127,13.759787430330569,-3.044522437723423,28,0.25,1.5095699921973325,-3.044522437723423,26,4,50,859.747048630628,-7.105654491821798,14.119921557093225,0.0,27,0.5,0.8112781247838816,0.0,50,4,50,862.791571068351,-7.531887633103135,14.023389163464351,-3.044522437723423,28,0.12,1.5095699921973325,3.044522437723423,37,4,50,826.2573018156756,-7.136099716199038,14.101272999532332,0.0,27,0.51,0.8112781248243761,0.0,51,4,50,859.7470486306281,4650,100,11,8
4.171844765504889,24.44816700925709,1.5222612188617115,52,0.25,1.5611819421386397,0.0,25,4,25,1383.3711273471497,4.336399405407474,10.738360104897364,1.0986122886681098,18,0.24,1.912795954638569,-3.044522437723423,26,8,25,425.7233548334637,-0.0304452243770662,22.30261901528516,0.0,53,0.25,1.897520139850759,0.0,25,4,25,1575.1969753707333,4.964855143017514,10.350368349754262,0.0,15,0.62,1.310233267254462,0.0,62,8,25,418.3079661863763,-7.897230325628768,13.78064708592091,-3.044522437723423,28,0.24,1.5095699921973325,-3.044522437723423,26,4,50,862.7915710682391,-7.105654491820681,14.1199215570913,0.0,27,0.5,0.8112781247838816,0.0,50,4,50,862.7915710682396,-7.562332857479249,14.003685426756151,-3.044522437723423,28,0.13,1.5095699921973325,3.044522437723423,36,4,50,823.2127793778402,-7.105654491820677,14.119921557091294,0.0,27,0.5,0.8112781247838816,0.0,50,4,50,862.7915710682391,4700,100,11,8
4.486516169554292,24.59451444474636,3.044522437723423,52,0.24,1.5611819421386397,0.0,24,4,25,1409.9571785597957,4.427735078538638,10.696691472187842,2.19722457733622,18,0.25,2.259422768818224,0.0,25,8,25,419.06776994681934,8.473222123939195e-14,22.30056166745073,0.0,53,0.26,1.897520139850759,0.0,26,4,25,1575.052800540227,4.650183738966907,10.01268662786726,0.0,14,0.63,1.2870102911617602,0.0,63,8,25,387.5913201340188,-7.805894652496029,13.829237087708847,0.0,28,0.25,1.4895642179521462,3.044522437723423,26,4,50,865.8360935058589,-7.105654491819647,14.119921557089516,0.0,27,0.5,0.8112781247838816,0.0,50,4,50,862.791571068136,-7.440551959969275,14.0687693246348,0.0,28,0.13,1.4895642179521462,3.044522437723423,38,4,50,823.2127793777365,-7.075209267442408,14.138479958118294,0.0,27,0.49,0.8112781247028926,0.0,49,4,50,865.8360935058588,4750,100,11,8
4.4560709451766085,24.59816474201184,1.5222612188617115,52,0.25,1.8975201398507588,0.0,25,4,25,1411.5727534210212,4.123280186963394,10.352590558952103,1.0986122886681098,17,0.26,2.238845536816478,0.0,26,8,25,388.93169350584,0.0304452243774108,22.302619015279063,0.0,53,0.25,1.913373186404603,0.0,25,4,25,1575.1969753703015,4.65018373896641,10.012686627865932,0.0,14,0.63,1.2870102911617602,0.0,63,8,25,387.5913201339704,-7.836339876872144,13.80865221226398,0.0,28,0.26,1.4895642179521462,0.0,26,4,50,862.7915710680236,-7.105654491818518,14.119921557087569,0.0,27,0.5,0.8112781247838816,0.0,50,4,50,862.791571068023,-7.410106735590918,14.088118863588743,0.0,28,0.12,1.4895642179521462,3.044522437723423,39,4,50,826.2573018153475,-7.105654491818523,14.119921557087574,0.0,27,0.5,0.8112781247838816,0.0,50,4,50,862.7915710680236,4800,100,11,8
4.141399541125995,24.451447350443573,0.0,52,0.26,1.5611819421386397,0.0,26,4,25,1385.0177142567447,4.031944513831195,10.392963263073836,0.0,17,0.25,1.903084570639961,-3.044522437723423,26,8,25,395.6178111207,8.817835350782843e-14,22.30471773013451,0.0,53,0.24,1.913373186404603,0.0,24,4,25,1575.3470208736967,4.964855143015809,10.350368349749893,0.0,15,0.62,1.310233267254462,0.0,62,8,25,418.3079661862095,-7.927675550002812,13.759787430323186,-3.044522437723423,28,0.25,1.5095699921973325,-3.044522437723423,26,4,50,859.7470486301966,-7.105654491817484,14.119921557085782,0.0,27,0.5,0.8112781247838816,0.0,50,4,50,862.7915710679196,-7.531887633098819,14.023389163456986,-3.044522437723423,28,0.12,1.5095699921973325,3.044522437723423,37,4,50,826.2573018152441,-7.136099716194722,14.101272999524888,0.0,27,0.51,0.8112781248243761,0.0,51,4,50,859.7470486301966,4850,100,11,8
4.171844765502817,24.44816700924367,1.5222612188617115,52,0.25,1.5611819421386397,0.0,25,4,25,1383.371127346379,4.33639940540523,10.738360104891694,1.0986122886681098,18,0.24,1.912795954638569,-3.044522437723423,26,8,25,425.72335483324633,-0.030445224377065,22.30261901527297,0.0,53,0.25,1.897520139850759,0.0,25,4,25,1575.196975369871,4.964855143015271,10.350368349748514,0.0,15,0.62,1.310233267254462,0.0,62,8,25,418.3079661861568,-7.897230325624454,13.780647085913529,-3.044522437723423,28,0.24,1.5095699921973325,-3.044522437723423,26,4,50,862.7915710678074,-7.105654491816366,14.119921557083858,0.0,27,0.5,0.8112781247838816,0.0,50,4,50,862.7915710678079,-7.562332857474933,14.003685426748785,-3.044522437723423,28,0.13,1.5095699921973325,3.044522437723423,36,4,50,823.2127793774085,-7.105654491816363,14.119921557083847,0.0,27,0.5,0.8112781247838816,0.0,50,4,50,862.7915710678074,4900,100,11,8
4.486516169552048,24.59451444473285,3.044522437723423,52,0.24,1.5611819421386397,0.0,24,4,25,1409.9571785590108,4.427735078536394,10.696691472182172,2.19722457733622,18,0.25,2.259422768818224,0.0,25,8,25,419.067769946602,8.469669410260394e-14,22.300561667438547,0.0,53,0.26,1.897520139850759,0.0,26,4,25,1575.0528005393649,4.650183738964836,10.012686627861711,0.0,14,0.63,1.2870102911617602,0.0,63,8,25,387.591320133817,-7.805894652491713,13.829237087701465,0.0,28,0.25,1.4895642179521462,3.044522437723423,26,4,50,865.8360935054275,-7.105654491815332,14.119921557082067,0.0,27,0.5,0.8112781247838816,0.0,50,4,50,862.7915710677044,-7.44055195996496,14.068769324627429,0.0,28,0.13,1.4895642179521462,3.044522437723423,38,4,50,823.212779377305,-7.075209267438092,14.13847995811085,0.0,27,0.49,0.8112781247028926,0.0,49,4,50,865.8360935054275,4950,100,11,8
4.456070945174364,24.59816474199833,1.5222612188617115,52,0.25,1.8975201398507588,0.0,25,4,25,1411.5727534202365,4.123280186961322,10.35259055894663,1.0986122886681098,17,0.26,2.238845536816478,0.0,26,8,25,388.93169350564045,0.0304452243774109,22.30261901526688,0.0,53,0.25,1.913373186404603,0.0,25,4,25,1575.1969753694395,4.650183738964339,10.012686627860385,0.0,14,0.63,1.2870102911617602,0.0,63,8,25,387.5913201337685,-7.836339876867828,13.808652212256597,0.0,28,0.26,1.4895642179521462,0.0,26,4,50,862.791571067592,-7.105654491814203,14.119921557080122,0.0,27,0.5,0.8112781247838816,0.0,50,4,50,862.7915710675916,-7.4101067355866,14.088118863581377,0.0,28,0.12,1.4895642179521462,3.044522437723423,39,4,50,826.2573018149161,-7.105654491814208,14.119921557080133,0.0,27,0.5,0.8112781247838816,0.0,50,4,50,862.7915710675919,5000,100,11,8
4.141399541123924,24.45144735043016,0.0,52,0.26,1.5611819421386397,0.0,26,4,25,1385.0177142559742,4.031944513829123,10.392963263068369,0.0,17,0.25,1.903084570639961,-3.044522437723423,26,8,25,395.6178111205005,8.760991931922035e-14,22.30471773012233,0.0,53,0.24,1.913373186404603,0.0,24,4,25,1575.3470208728345,4.964855143013566,10.350368349744148,0.0,15,0.62,1.310233267254462,0.0,62,8,25,418.3079661859901,-7.927675549998496,13.759787430315804,-3.044522437723423,28,0.25,1.5095699921973325,-3.044522437723423,26,4,50,859.747048629765,-7.105654491813168,14.119921557078332,0.0,27,0.5,0.8112781247838816,0.0,50,4,50,862.791571067488,-7.531887633094503,14.023389163449622,-3.044522437723423,28,0.12,1.5095699921973325,3.044522437723423,37,4,50,826.2573018148125,-7.136099716190406,14.10127299951744,0.0,27,0.51,0.8112781248243761,0.0,51,4,50,859.7470486297649,5050,100,11,8
4.171844765500746,24.44816700923025,1.5222612188617115,52,0.25,1.5611819421386397,0.0,25,4,25,1383.371127345608,4.336399405402986,10.738360104886022,1.0986122886681098,18,0.24,1.912795954638569,-3.044522437723423,26,8,25,425.7233548330292,-0.030445224377065,22.3026190152608,0.0,53,0.25,1.897520139850759,0.0,25,4,25,1575.196975369009,4.964855143013027,10.350368349742768,0.0,15,0.62,1.310233267254462,0.0,62,8,25,418.3079661859374,-7.897230325620139,13.780647085906148,-3.044522437723423,28,0.24,1.5095699921973325,-3.044522437723423,26,4,50,862.7915710673759,-7.105654491812052,14.119921557076408,0.0,27,0.5,0.8112781247838816,0.0,50,4,50,862.7915710673763,-7.562332857470617,14.003685426741416,-3.044522437723423,28,0.13,1.5095699921973325,3.044522437723423,36,4,50,823.2127793769771,-7.105654491812048,14.1199215570764,0.0,27,0.5,0.8112781247838816,0.0,50,4,50,862.791571067376,5100,100,11,8
4.486516169549805,24.594514444719348,3.044522437723423,52,0.24,1.5611819421386397,0.0,24,4,25,1409.9571785582257,4.427735078534149,10.696691472176498,2.19722457733622,18,0.25,2.259422768818224,0.0,25,8,25,419.0677699463847,8.359535286217579e-14,22.30056166742637,0.0,53,0.26,1.897520139850759,0.0,26,4,25,1575.0528005385024,4.650183738962765,10.012686627856167,0.0,14,0.63,1.2870102911617602,0.0,63,8,25,387.5913201336152,-7.805894652487398,13.82923708769408,0.0,28,0.25,1.4895642179521462,3.044522437723423,26,4,50,865.8360935049957,-7.105654491811016,14.119921557074624,0.0,27,0.5,0.8112781247838816,0.0,50,4,50,862.7915710672728,-7.440551959960644,14.068769324620057,0.0,28,0.13,1.4895642179521462,3.044522437723423,38,4,50,823.2127793768736,-7.0752092674337765,14.138479958103405,0.0,27,0.49,0.8112781247028926,0.0,49,4,50,865.8360935049958,5150,100,11,8
4.4560709451721205,24.59816474198483,1.5222612188617115,52,0.25,1.8975201398507588,0.0,25,4,25,1411.572753419451,4.123280186959251,10.35259055894116,1.0986122886681098,17,0.26,2.238845536816478,0.0,26,8,25,388.93169350544105,0.0304452243774114,22.302619015254702,0.0,53,0.25,1.913373186404603,0.0,25,4,25,1575.1969753685771,4.650183738962268,10.012686627854835,0.0,14,0.63,1.2870102911617602,0.0,63,8,25,387.59132013356674,-7.836339876863514,13.808652212249212,0.0,28,0.26,1.4895642179521462,0.0,26,4,50,862.7915710671605,-7.105654491809887,14.119921557072676,0.0,27,0.5,0.8112781247838816,0.0,50,4,50,862.79157106716,-7.410106735582286,14.088118863574008,0.0,28,0.12,1.4895642179521462,3.044522437723423,39,4,50,826.2573018144845,-7.105654491809892,14.119921557072685,0.0,27,0.5,0.8112781247838816,0.0,50,4,50,862.7915710671604,5200,100,11,8
4.141399541121853,24.45144735041673,0.0,52,0.26,1.5611819421386397,0.0,26,4,25,1385.0177142552034,4.031944513827052,10.3929632630629,0.0,17,0.25,1.903084570639961,-3.044522437723423,26,8,25,395.6178111203013,8.760991931922035e-14,22.30471773011016,0.0,53,0.24,1.913373186404603,0.0,24,4,25,1575.3470208719727,4.964855143011321,10.350368349738403,0.0,15,0.62,1.310233267254462,0.0,62,8,25,418.3079661857706,-7.927675549994182,13.759787430308425,-3.044522437723423,28,0.25,1.5095699921973325,-3.044522437723423,26,4,50,859.7470486293334,-7.105654491808853,14.11992155707089,0.0,27,0.5,0.8112781247838816,0.0,50,4,50,862.7915710670563,-7.531887633090189,14.023389163442252,-3.044522437723423,28,0.12,1.5095699921973325,3.044522437723423,37,4,50,826.2573018143809,-7.136099716186092,14.101272999509993,0.0,27,0.51,0.8112781248243761,0.0,51,4,50,859.7470486293334,5250,100,11,8
4.171844765498675,24.448167009216824,1.5222612188617115,52,0.25,1.5611819421386397,0.0,25,4,25,1383.371127344838,4.3363994054007415,10.738360104880355,1.0986122886681098,18,0.24,1.912795954638569,-3.044522437723423,26,8,25,425.723354832812,-0.0304452243770662,22.302619015248624,0.0,53,0.25,1.897520139850759,0.0,25,4,25,1575.196975368147,4.964855143010783,10.350368349737025,0.0,15,0.62,1.310233267254462,0.0,62,8,25,418.307966185718,-7.897230325615822,13.780647085898767,-3.044522437723423,28,0.24,1.5095699921973325,-3.044522437723423,26,4,50,862.7915710669445,-7.105654491807736,14.119921557068963,0.0,27,0.5,0.8112781247838816,0.0,50,4,50,862.7915710669448,-7.562332857466303,14.00368542673405,-3.044522437723423,28,0.13,1.5095699921973325,3.044522437723423,36,4,50,823.2127793765454,-7.105654491807732,14.119921557068956,0.0,27,0.5,0.8112781247838816,0.0,50,4,50,862.7915710669444,5300,100,11,8
4.48651616954756,24.59451444470584,3.044522437723423,52,0.24,1.5611819421386397,0.0,24,4,25,1409.957178557441,4.427735078531906,10.696691472170826,2.19722457733622,18,0.25,2.259422768818224,0.0,25,8,25,419.0677699461671,8.473222123939195e-14,22.3005616674142,0.0,53,0.26,1.897520139850759,0.0,26,4,25,1575.0528005376405,4.650183738960693,10.01268662785062,0.0,14,0.63,1.2870102911617602,0.0,63,8,25,387.5913201334135,-7.805894652483082,13.82923708768669,0.0,28,0.25,1.4895642179521462,3.044522437723423,26,4,50,865.8360935045644,-7.105654491806701,14.119921557067176,0.0,27,0.5,0.8112781247838816,0.0,50,4,50,862.7915710668412,-7.440551959956329,14.068769324612688,0.0,28,0.13,1.4895642179521462,3.044522437723423,38,4,50,823.212779376442,-7.075209267429461,14.138479958095957,0.0,27,0.49,0.8112781247028926,0.0,49,4,50,865.8360935045644,5350,100,11,8
4.456070945169876,24.59816474197132,1.5222612188617115,52,0.25,1.8975201398507588,0.0,25,4,25,1411.572753418666,4.12328018695718,10.35259055893569,1.0986122886681098,17,0.26,2.238845536816478,0.0,26,8,25,388.9316935052415,0.0304452243774097,22.30261901524253,0.0,53,0.25,1.913373186404603,0.0,25,4,25,1575.1969753677154,4.650183738960195,10.01268662784929,0.0,14,0.63,1.2870102911617602,0.0,63,8,25,387.59132013336495,-7.836339876859198,13.808652212241826,0.0,28,0.26,1.4895642179521462,0.0,26,4,50,862.7915710667289,-7.105654491805573,14.119921557065233,0.0,27,0.5,0.8112781247838816,0.0,50,4,50,862.7915710667285,-7.410106735577972,14.088118863566638,0.0,28,0.12,1.4895642179521462,3.044522437723423,39,4,50,826.257301814053,-7.105654491805576,14.119921557065238,0.0,27,0.5,0.8112781247838816,0.0,50,4,50,862.7915710667289,5400,100,11,8
4.14139954111978,24.45144735040331,0.0,52,0.26,1.5611819421386397,0.0,26,4,25,1385.0177142544328,4.031944513824981,10.392963263057432,0.0,17,0.25,1.903084570639961,-3.044522437723423,26,8,25,395.617811120102,8.927969474825658e-14,22.304717730097977,0.0,53,0.24,1.913373186404603,0.0,24,4,25,1575.3470208711108,4.9648551430090775,10.350368349732657,0.0,15,0.62,1.310233267254462,0.0,62,8,25,418.3079661855511,-7.927675549989866,13.75978743030104,-3.044522437723423,28,0.25,1.5095699921973325,-3.044522437723423,26,4,50,859.7470486289018,-7.105654491804536,14.119921557063444,0.0,27,0.5,0.8112781247838816,0.0,50,4,50,862.7915710666248,-7.531887633085874,14.023389163434892,-3.044522437723423,28,0.12,1.5095699921973325,3.044522437723423,37,4,50,826.2573018139494,-7.136099716181776,14.10127299950255,0.0,27,0.51,0.8112781248243761,0.0,51,4,50,859.7470486289019,5450,100,11,8
4.171844765496602,24.44816700920341,1.5222612188617115,52,0.25,1.5611819421386397,0.0,25,4,25,1383.3711273440672,4.336399405398498,10.738360104874683,1.0986122886681098,18,0.24,1.912795954638569,-3.044522437723423,26,8,25,425.72335483259474,-0.0304452243770656,22.302619015236445,0.0,53,0.25,1.897520139850759,0.0,25,4,25,1575.196975367285,4.964855143008538,10.350368349731278,0.0,15,0.62,1.310233267254462,0.0,62,8,25,418.30796618549857,-7.897230325611507,13.780647085891388,-3.044522437723423,28,0.24,1.5095699921973325,-3.044522437723423,26,4,50,862.7915710665129,-7.105654491803421,14.119921557061518,0.0,27,0.5,0.8112781247838816,0.0,50,4,50,862.7915710665133,-7.562332857461988,14.003685426726683,-3.044522437723423,28,0.13,1.5095699921973325,3.044522437723423,36,4,50,823.212779376114,-7.105654491803416,14.119921557061511,0.0,27,0.5,0.8112781247838816,0.0,50,4,50,862.7915710665129,5500,100,11,8
4.486516169545316,24.594514444692336,3.044522437723423,52,0.24,1.5611819421386397,0.0,24,4,25,1409.9571785566557,4.427735078529661,10.696691472165153,2.19722457733622,18,0.25,2.259422768818224,0.0,25,8,25,419.0677699459496,8.416378705078387e-14,22.30056166740201,0.0,53,0.26,1.897520139850759,0.0,26,4,25,1575.0528005367782,4.650183738958622,10.01268662784507,0.0,14,0.63,1.2870102911617602,0.0,63,8,25,387.5913201332115,-7.805894652478767,13.829237087679312,0.0,28,0.25,1.4895642179521462,3.044522437723423,26,4,50,865.8360935041327,-7.105654491802385,14.119921557059731,0.0,27,0.5,0.8112781247838816,0.0,50,4,50,862.7915710664097,-7.440551959952013,14.068769324605316,0.0,28,0.13,1.4895642179521462,3.044522437723423,38,4,50,823.2127793760103,-7.075209267425147,14.138479958088514,0.0,27,0.49,0.8112781247028926,0.0,49,4,50,865.8360935041327,5550,100,11,8
4.456070945167633,24.59816474195782,1.5222612188617115,52,0.25,1.8975201398507588,0.0,25,4,25,1411.5727534178811,4.123280186955109,10.352590558930215,1.0986122886681098,17,0.26,2.238845536816478,0.0,26,8,25,388.931693505042,0.0304452243774103,22.302619015230352,0.0,53,0.25,1.913373186404603,0.0,25,4,25,1575.1969753668534,4.650183738958125,10.01268662784374,0.0,14,0.63,1.2870102911617602,0.0,63,8,25,387.5913201331632,-7.836339876854882,13.80865221223444,0.0,28,0.26,1.4895642179521462,0.0,26,4,50,862.7915710662973,-7.105654491801257,14.119921557057785,0.0,27,0.5,0.8112781247838816,0.0,50,4,50,862.7915710662969,-7.410106735573654,14.08811886355927,0.0,28,0.12,1.4895642179521462,3.044522437723423,39,4,50,826.2573018136214,-7.1056544918012605,14.119921557057792,0.0,27,0.5,0.8112781247838816,0.0,50,4,50,862.7915710662974,5600,100,11,8
4.14139954111771,24.451447350389888,0.0,52,0.26,1.5611819421386397,0.0,26,4,25,1385.0177142536618,4.031944513822909,10.392963263051962,0.0,17,0.25,1.903084570639961,-3.044522437723423,26,8,25,395.61781111990274,8.874678769643651e-14,22.304717730085805,0.0,53,0.24,1.913373186404603,0.0,24,4,25,1575.3470208702486,4.964855143006833,10.350368349726908,0.0,15,0.62,1.310233267254462,0.0,62,8,25,418.3079661853317,-7.92767554998555,13.759787430293654,-3.044522437723423,28,0.25,1.5095699921973325,-3.044522437723423,26,4,50,859.7470486284703,-7.105654491800221,14.119921557056,0.0,27,0.5,0.8112781247838816,0.0,50,4,50,862.7915710661933,-7.531887633081558,14.023389163427526,-3.044522437723423,28,0.12,1.5095699921973325,3.044522437723423,37,4,50,826.2573018135179,-7.13609971617746,14.101272999495102,0.0,27,0.51,0.8112781248243761,0.0,51,4,50,859.7470486284705,5650,100,11,8
4.171844765494532,24.448167009189984,1.5222612188617115,52,0.25,1.5611819421386397,0.0,25,4,25,1383.3711273432966,4.336399405396254,10.738360104869017,1.0986122886681098,18,0.24,1.912795954638569,-3.044522437723423,26,8,25,425.7233548323775,-0.0304452243770662,22.302619015224263,0.0,53,0.25,1.897520139850759,0.0,25,4,25,1575.1969753664227,4.964855143006295,10.35036834972553,0.0,15,0.62,1.310233267254462,0.0,62,8,25,418.30796618527904,-7.897230325607191,13.780647085884006,-3.044522437723423,28,0.24,1.5095699921973325,-3.044522437723423,26,4,50,862.7915710660812,-7.105654491799105,14.119921557054075,0.0,27,0.5,0.8112781247838816,0.0,50,4,50,862.7915710660817,-7.562332857457672,14.003685426719317,-3.044522437723423,28,0.13,1.5095699921973325,3.044522437723423,36,4,50,823.2127793756824,-7.1056544917991005,14.119921557054068,0.0,27,0.5,0.8112781247838816,0.0,50,4,50,862.7915710660814,5700,100,11,8
4.486516169543073,24.59451444467884,3.044522437723423,52,0.24,1.5611819421386397,0.0,24,4,25,1409.957178555871,4.427735078527417,10.69669147215948,2.19722457733622,18,0.25,2.259422768818224,0.0,25,8,25,419.0677699457323,8.412825991399586e-14,22.30056166738984,0.0,53,0.26,1.897520139850759,0.0,26,4,25,1575.052800535916,4.650183738956551,10.012686627839525,0.0,14,0.63,1.2870102911617602,0.0,63,8,25,387.5913201330097,-7.805894652474453,13.829237087671927,0.0,28,0.25,1.4895642179521462,3.044522437723423,26,4,50,865.8360935037012,-7.10565449179807,14.119921557052288,0.0,27,0.5,0.8112781247838816,0.0,50,4,50,862.7915710659781,-7.440551959947698,14.068769324597946,0.0,28,0.13,1.4895642179521462,3.044522437723423,38,4,50,823.2127793755787,-7.075209267420831,14.138479958081067,0.0,27,0.49,0.8112781247028926,0.0,49,4,50,865.8360935037012,5750,100,11,8
4.456070945165388,24.59816474194432,1.5222612188617115,52,0.25,1.8975201398507588,0.0,25,4,25,1411.5727534170962,4.123280186953036,10.352590558924748,1.0986122886681098,17,0.26,2.238845536816478,0.0,26,8,25,388.93169350484254,0.0304452243774114,22.302619015218173,0.0,53,0.25,1.913373186404603,0.0,25,4,25,1575.1969753659916,4.650183738956054,10.012686627838193,0.0,14,0.63,1.2870102911617602,0.0,63,8,25,387.59132013296136,-7.836339876850568,13.808652212227058,0.0,28,0.26,1.4895642179521462,0.0,26,4,50,862.7915710658659,-7.105654491796941,14.11992155705034,0.0,27,0.5,0.8112781247838816,0.0,50,4,50,862.7915710658654,-7.4101067355693395,14.088118863551902,0.0,28,0.12,1.4895642179521462,3.044522437723423,39,4,50,826.2573018131898,-7.105654491796946,14.119921557050343,0.0,27,0.5,0.8112781247838816,0.0,50,4,50,862.7915710658658,5800,100,11,8
4.141399541115639,24.451447350376466,0.0,52,0.26,1.5611819421386397,0.0,26,4,25,1385.0177142528914,4.031944513820838,10.392963263046497,0.0,17,0.25,1.903084570639961,-3.044522437723423,26,8,25,395.6178111197033,8.704148513061227e-14,22.30471773007363,0.0,53,0.24,1.913373186404603,0.0,24,4,25,1575.3470208693864,4.9648551430045895,10.350368349721164,0.0,15,0.62,1.310233267254462,0.0,62,8,25,418.30796618511226,-7.927675549981235,13.759787430286275,-3.044522437723423,28,0.25,1.5095699921973325,-3.044522437723423,26,4,50,859.7470486280388,-7.105654491795906,14.119921557048553,0.0,27,0.5,0.8112781247838816,0.0,50,4,50,862.7915710657618,-7.531887633077242,14.02338916342016,-3.044522437723423,28,0.12,1.5095699921973325,3.044522437723423,37,4,50,826.2573018130863,-7.136099716173145,14.101272999487655,0.0,27,0.51,0.8112781248243761,0.0,51,4,50,859.7470486280388,5850,100,11,8
4.171844765492459,24.44816700917656,1.5222612188617115,52,0.25,1.5611819421386397,0.0,25,4,25,1383.3711273425258,4.33639940539401,10.738360104863348,1.0986122886681098,18,0.24,1.912795954638569,-3.044522437723423,26,8,25,425.7233548321602,-0.0304452243770656,22.30261901521209,0.0,53,0.25,1.897520139850759,0.0,25,4,25,1575.1969753655603,4.96485514300405,10.350368349719783,0.0,15,0.62,1.310233267254462,0.0,62,8,25,418.3079661850595,-7.897230325602876,13.780647085876623,-3.044522437723423,28,0.24,1.5095699921973325,-3.044522437723423,26,4,50,862.7915710656498,-7.105654491794789,14.119921557046627,0.0,27,0.5,0.8112781247838816,0.0,50,4,50,862.7915710656503,-7.562332857453356,14.003685426711952,-3.044522437723423,28,0.13,1.5095699921973325,3.044522437723423,36,4,50,823.2127793752509,-7.105654491794785,14.119921557046622,0.0,27,0.5,0.8112781247838816,0.0,50,4,50,862.7915710656498,5900,100,11,8
4.486516169540828,24.59451444466533,3.044522437723423,52,0.24,1.5611819421386397,0.0,24,4,25,1409.957178555086,4.427735078525174,10.696691472153807,2.19722457733622,18,0.25,2.259422768818224,0.0,25,8,25,419.0677699455149,8.416378705078387e-14,22.300561667377654,0.0,53,0.26,1.897520139850759,0.0,26,4,25,1575.052800535054,4.650183738954479,10.012686627833975,0.0,14,0.63,1.2870102911617602,0.0,63,8,25,387.591320132808,-7.805894652470137,13.829237087664543,0.0,28,0.25,1.4895642179521462,3.044522437723423,26,4,50,865.8360935032697,-7.1056544917937545,14.119921557044842,0.0,27,0.5,0.8112781247838816,0.0,50,4,50,862.7915710655466,-7.440551959943383,14.068769324590576,0.0,28,0.13,1.4895642179521462,3.044522437723423,38,4,50,823.2127793751472,-7.075209267416516,14.138479958073626,0.0,27,0.49,0.8112781247028926,0.0,49,4,50,865.8360935032697,5950,100,11,8
4.456070945163145,24.598164741930805,1.5222612188617115,52,0.25,1.8975201398507588,0.0,25,4,25,1411.5727534163111,4.123280186950966,10.352590558919276,1.0986122886681098,17,0.26,2.238845536816478,0.0,26,8,25,388.9316935046431,0.0304452243774108,22.302619015206,0.0,53,0.25,1.913373186404603,0.0,25,4,25,1575.196975365129,4.650183738953982,10.012686627832643,0.0,14,0.63,1.2870102911617602,0.0,63,8,25,387.5913201327596,-7.836339876846252,13.80865221221967,0.0,28,0.26,1.4895642179521462,0.0,26,4,50,862.7915710654343,-7.105654491792626,14.119921557042892,0.0,27,0.5,0.8112781247838816,0.0,50,4,50,862.7915710654338,-7.410106735565026,14.088118863544532,0.0,28,0.12,1.4895642179521462,3.044522437723423,39,4,50,826.2573018127584,-7.105654491792631,14.1199215570429,0.0,27,0.5,0.8112781247838816,0.0,50,4,50,862.7915710654343,6000,100,11,8
4.141399541113566,24.45144735036304,0.0,52,0.26,1.5611819421386397,0.0,26,4,25,1385.0177142521209,4.031944513818766,10.392963263041027,0.0,17,0.25,1.903084570639961,-3.044522437723423,26,8,25,395.617811119504,8.874678769643651e-14,22.304717730061448,0.0,53,0.24,1.913373186404603,0.0,24,4,25,1575.3470208685249,4.964855143002345,10.350368349715415,0.0,15,0.62,1.310233267254462,0.0,62,8,25,418.3079661848928,-7.92767554997692,13.759787430278887,-3.044522437723423,28,0.25,1.5095699921973325,-3.044522437723423,26,4,50,859.7470486276072,-7.105654491791589,14.119921557041108,0.0,27,0.5,0.8112781247838816,0.0,50,4,50,862.7915710653302,-7.531887633072927,14.023389163412793,-3.044522437723423,28,0.12,1.5095699921973325,3.044522437723423,37,4,50,826.2573018126548,-7.13609971616883,14.101272999480209,0.0,27,0.51,0.8112781248243761,0.0,51,4,50,859.7470486276072,6050,100,11,8
4.171844765490388,24.44816700916314,1.5222612188617115,52,0.25,1.5611819421386397,0.0,25,4,25,1383.3711273417557,4.336399405391767,10.738360104857676,1.0986122886681098,18,0.24,1.912795954638569,-3.044522437723423,26,8,25,425.72335483194297,-0.0304452243770645,22.302619015199912,0.0,53,0.25,1.897520139850759,0.0,25,4,25,1575.1969753646983,4.964855143001806,10.35036834971404,0.0,15,0.62,1.310233267254462,0.0,62,8,25,418.30796618484015,-7.89723032559856,13.780647085869246,-3.044522437723423,28,0.24,1.5095699921973325,-3.044522437723423,26,4,50,862.7915710652182,-7.105654491790474,14.119921557039184,0.0,27,0.5,0.8112781247838816,0.0,50,4,50,862.7915710652187,-7.56233285744904,14.003685426704584,-3.044522437723423,28,0.13,1.5095699921973325,3.044522437723423,36,4,50,823.2127793748193,-7.105654491790471,14.119921557039174,0.0,27,0.5,0.8112781247838816,0.0,50,4,50,862.7915710652182,6100,100,11,8
4.486516169538584,24.594514444651825,3.044522437723423,52,0.24,1.5611819421386397,0.0,24,4,25,1409.957178554301,4.42773507852293,10.696691472148135,2.19722457733622,18,0.25,2.259422768818224,0.0,25,8,25,419.0677699452975,8.473222123939195e-14,22.30056166736548,0.0,53,0.26,1.897520139850759,0.0,26,4,25,1575.0528005341916,4.650183738952408,10.012686627828428,0.0,14,0.63,1.2870102911617602,0.0,63,8,25,387.5913201326063,-7.805894652465821,13.82923708765716,0.0,28,0.25,1.4895642179521462,3.044522437723423,26,4,50,865.8360935028381,-7.105654491789438,14.119921557037395,0.0,27,0.5,0.8112781247838816,0.0,50,4,50,862.7915710651152,-7.440551959939068,14.068769324583208,0.0,28,0.13,1.4895642179521462,3.044522437723423,38,4,50,823.2127793747156,-7.0752092674122,14.13847995806618,0.0,27,0.49,0.8112781247028926,0.0,49,4,50,865.8360935028381,6150,100,11,8
4.4560709451609,24.598164741917305,1.5222612188617115,52,0.25,1.8975201398507588,0.0,25,4,25,1411.5727534155264,4.123280186948893,10.352590558913803,1.0986122886681098,17,0.26,2.238845536816478,0.0,26,8,25,388.9316935044436,0.0304452243774109,22.302619015193816,0.0,53,0.25,1.913373186404603,0.0,25,4,25,1575.1969753642672,4.650183738951911,10.012686627827096,0.0,14,0.63,1.2870102911617602,0.0,63,8,25,387.59132013255777,-7.836339876841936,13.808652212212287,0.0,28,0.26,1.4895642179521462,0.0,26,4,50,862.7915710650027,-7.105654491788311,14.119921557035449,0.0,27,0.5,0.8112781247838816,0.0,50,4,50,862.7915710650022,-7.410106735560708,14.088118863537163,0.0,28,0.12,1.4895642179521462,3.044522437723423,39,4,50,826.2573018123268,-7.105654491788315,14.119921557035456,0.0,27,0.5,0.8112781247838816,0.0,50,4,50,862.7915710650027,6200,100,11,8
4.141399541111495,24.45144735034962,0.0,52,0.26,1.5611819421386397,0.0,26,4,25,1385.0177142513503,4.031944513816694,10.39296326303556,0.0,17,0.25,1.903084570639961,-3.044522437723423,26,8,25,395.6178111193048,8.874678769643651e-14,22.30471773004928,0.0,53,0.24,1.913373186404603,0.0,24,4,25,1575.3470208676626,4.964855143000102,10.350368349709674,0.0,15,0.62,1.310233267254462,0.0,62,8,25,418.3079661846734,-7.927675549972604,13.759787430271508,-3.044522437723423,28,0.25,1.5095699921973325,-3.044522437723423,26,4,50,859.7470486271757,-7.105654491787274,14.119921557033663,0.0,27,0.5,0.8112781247838816,0.0,50,4,50,862.7915710648988,-7.53188763306861,14.023389163405428,-3.044522437723423,28,0.12,1.5095699921973325,3.044522437723423,37,4,50,826.2573018122232,-7.136099716164514,14.101272999472764,0.0,27,0.51,0.8112781248243761,0.0,51,4,50,859.7470486271757,6250,100,11,8
4.171844765488316,24.44816700914972,1.5222612188617115,52,0.25,1.5611819421386397,0.0,25,4,25,1383.371127340985,4.336399405389521,10.738360104852006,1.0986122886681098,18,0.24,1.912795954638569,-3.044522437723423,26,8,25,425.7233548317259,-0.0304452243770656,22.302619015187734,0.0,53,0.25,1.897520139850759,0.0,25,4,25,1575.1969753638364,4.964855142999563,10.350368349708294,0.0,15,0.62,1.310233267254462,0.0,62,8,25,418.3079661846207,-7.897230325594245,13.780647085861863,-3.044522437723423,28,0.24,1.5095699921973325,-3.044522437723423,26,4,50,862.7915710647867,-7.105654491786158,14.119921557031734,0.0,27,0.5,0.8112781247838816,0.0,50,4,50,862.7915710647871,-7.562332857444726,14.00368542669722,-3.044522437723423,28,0.13,1.5095699921973325,3.044522437723423,36,4,50,823.2127793743879,-7.105654491786155,14.119921557031727,0.0,27,0.5,0.8112781247838816,0.0,50,4,50,862.7915710647867,6300,100,11,8
4.486516169536341,24.594514444638325,3.044522437723423,52,0.24,1.5611819421386397,0.0,24,4,25,1409.957178553516,4.427735078520685,10.696691472142463,2.19722457733622,18,0.25,2.259422768818224,0.0,25,8,25,419.06776994508,8.473222123939195e-14,22.3005616673533,0.0,53,0.26,1.897520139850759,0.0,26,4,25,1575.0528005333294,4.650183738950336,10.01268662782288,0.0,14,0.63,1.2870102911617602,0.0,63,8,25,387.5913201324044,-7.805894652461506,13.829237087649778,0.0,28,0.25,1.4895642179521462,3.044522437723423,26,4,50,865.8360935024065,-7.105654491785124,14.11992155702995,0.0,27,0.5,0.8112781247838816,0.0,50,4,50,862.7915710646835,-7.44055195993475,14.068769324575838,0.0,28,0.13,1.4895642179521462,3.044522437723423,38,4,50,823.2127793742842,-7.075209267407884,14.138479958058731,0.0,27,0.49,0.8112781247028926,0.0,49,4,50,865.8360935024066,6350,100,11,8
4.456070945158657,24.5981647419038,1.5222612188617115,52,0.25,1.8975201398507588,0.0,25,4,25,1411.572753414741,4.123280186946823,10.352590558908336,1.0986122886681098,17,0.26,2.238845536816478,0.0,26,8,25,388.93169350424415,0.0304452243774114,22.302619015181644,0.0,53,0.25,1.913373186404603,0.0,25,4,25,1575.1969753634053,4.650183738949839,10.012686627821548,0.0,14,0.63,1.2870102911617602,0.0,63,8,25,387.5913201323559,-7.836339876837622,13.808652212204905,0.0,28,0.26,1.4895642179521462,0.0,26,4,50,862.7915710645711,-7.105654491783995,14.119921557028004,0.0,27,0.5,0.8112781247838816,0.0,50,4,50,862.7915710645707,-7.410106735556393,14.088118863529797,0.0,28,0.12,1.4895642179521462,3.044522437723423,39,4,50,826.2573018118953,-7.105654491784,14.119921557028013,0.0,27,0.5,0.8112781247838816,0.0,50,4,50,862.791571064571,6400,100,11,8
4.141399541109425,24.4514473503362,0.0,52,0.26,1.5611819421386397,0.0,26,4,25,1385.0177142505795,4.031944513814624,10.392963263030094,0.0,17,0.25,1.903084570639961,-3.044522437723423,26,8,25,395.6178111191055,8.817835350782843e-14,22.3047177300371,0.0,53,0.24,1.913373186404603,0.0,24,4,25,1575.347020866801,4.964855142997857,10.350368349703926,0.0,15,0.62,1.310233267254462,0.0,62,8,25,418.3079661844539,-7.927675549968289,13.759787430264124,-3.044522437723423,28,0.25,1.5095699921973325,-3.044522437723423,26,4,50,859.7470486267442,-7.1056544917829605,14.11992155702622,0.0,27,0.5,0.8112781247838816,0.0,50,4,50,862.7915710644672,-7.531887633064297,14.02338916339806,-3.044522437723423,28,0.12,1.5095699921973325,3.044522437723423,37,4,50,826.2573018117918,-7.136099716160199,14.101272999465316,0.0,27,0.51,0.8112781248243761,0.0,51,4,50,859.7470486267441,6450,100,11,8
4.171844765486245,24.4481670091363,1.5222612188617115,52,0.25,1.5611819421386397,0.0,25,4,25,1383.371127340214,4.336399405387278,10.738360104846336,1.0986122886681098,18,0.24,1.912795954638569,-3.044522437723423,26,8,25,425.7233548315085,-0.0304452243770656,22.30261901517556,0.0,53,0.25,1.897520139850759,0.0,25,4,25,1575.1969753629744,4.964855142997319,10.350368349702547,0.0,15,0.62,1.310233267254462,0.0,62,8,25,418.30796618440127,-7.89723032558993,13.780647085854485,-3.044522437723423,28,0.24,1.5095699921973325,-3.044522437723423,26,4,50,862.7915710643551,-7.105654491781844,14.11992155702429,0.0,27,0.5,0.8112781247838816,0.0,50,4,50,862.7915710643556,-7.562332857440411,14.00368542668985,-3.044522437723423,28,0.13,1.5095699921973325,3.044522437723423,36,4,50,823.2127793739564,-7.10565449178184,14.119921557024282,0.0,27,0.5,0.8112781247838816,0.0,50,4,50,862.791571064355,6500,100,11,8
4.486516169534096,24.594514444624814,3.044522437723423,52,0.24,1.5611819421386397,0.0,24,4,25,1409.9571785527312,4.427735078518442,10.69669147213679,2.19722457733622,18,0.25,2.259422768818224,0.0,25,8,25,419.0677699448626,8.469669410260394e-14,22.30056166734112,0.0,53,0.26,1.897520139850759,0.0,26,4,25,1575.0528005324677,4.6501837389482645,10.012686627817333,0.0,14,0.63,1.2870102911617602,0.0,63,8,25,387.59132013220255,-7.80589465245719,13.829237087642394,0.0,28,0.25,1.4895642179521462,3.044522437723423,26,4,50,865.836093501975,-7.105654491780808,14.119921557022506,0.0,27,0.5,0.8112781247838816,0.0,50,4,50,862.7915710642519,-7.440551959930437,14.06876932456847,0.0,28,0.13,1.4895642179521462,3.044522437723423,38,4,50,823.2127793738526,-7.075209267403568,14.138479958051288,0.0,27,0.49,0.8112781247028926,0.0,49,4,50,865.836093501975,6550,100,11,8
-1.5139517967547602,18.97754978573381,-2.381086967398878,35,0.17,2.5764207046818424,0.0,17,6,17,478.9738439909437,-3.365123575713319,13.97650119390609,-1.416606672028108,39,0.13,2.307264583025048,-3.49650756146648,16,18,11,328.5732409701158,-0.1670057817423141,17.84214837446893,0.0,40,0.18,2.5293141478363186,0.0,18,18,17,482.7402034639135,0.085712736185998,17.311888194697097,0.0,46,0.17,2.686297277647514,0.0,17,18,5,518.876173822652,2.2250703343775387,18.638982283085145,-0.8047189562170501,39,0.12,2.5196457240686594,-3.49650756146648,13,2,5,542.654996133167,2.6926573228006823,20.62900076049204,0.0,45,0.06,1.971999313439928,3.49650756146648,15,18,5,673.2288699807406,1.3232863050286017,19.82443402871013,0.0,50,0.12,2.596831614433837,0.0,12,2,5,652.714753283303,1.6893431214506531,18.10378932669965,2.6990813507588767,49,0.11,2.5402355857800494,0.0,11,4,5,540.3237032922061,0,100,11,9
-4.427305734947045,17.367031819157894,-2.2213256282451583,21,0.23,2.629237654836313,0.0,23,6,50,680.8023435308542,-4.53315423799705,13.178409726644292,0.0,24,0.17,2.3277445093718194,-3.49650756146648,24,8,50,440.8312998951544,-3.381200459820194,15.214561954341336,-2.833213344056216,24,0.23,2.619727109068126,-2.833213344056216,23,18,50,605.8755172724989,-2.4974848276523853,15.525847938681338,-2.833213344056216,26,0.16,2.33602497563955,-3.49650756146648,17,2,50,535.26039355344,6.212581946569428,20.041674638664805,0.0,31,0.11,1.8810329377807795,-3.49650756146648,17,2,50,694.5559461266416,7.851493956127143,22.54567050315454,3.49650756146648,41,0.0,1.9024549991691009,3.49650756146648,15,18,6,790.263729307005,5.193128377842044,22.472658395904023,3.1648604527613484,44,0.12,2.0729719058709937,0.0,12,2,50,974.1844835077202,4.824247393527779,19.57061260870276,3.49650756146648,41,0.05,2.0682257878488004,-3.49650756146648,12,4,50,645.2250372027154,50,100,11,9
-4.370905379158751,17.38313114953969,-2.2213256282451583,21,0.23,2.645104992549128,0.0,23,6,50,683.2234880468181,-4.370450551111151,13.225156761092688,0.0,25,0.18,2.336329193763534,-3.49650756146648,22,18,50,444.2133881405428,-2.440773999528941,15.513272282207572,0.0,25,0.23,2.348591380994175,-2.833213344056216,23,18,50,596.0241051056596,-2.3039336501435304,15.555207598869414,0.0,27,0.16,2.3532696901802903,-3.49650756146648,17,2,50,542.4374030852681,7.5446973546941,20.07632182657465,0.0,32,0.1,1.8634536617538893,-3.49650756146648,16,2,50,694.2457835793399,7.934269198932937,22.516903772732828,3.49650756146648,43,0.0,1.9037982531559243,3.49650756146648,15,18,6,777.1863051722545,4.243768463222713,22.151988316063346,3.1648604527613484,41,0.12,2.05710456815764,0.0,12,2,50,957.9887675464064,4.168486248580465,19.36900462965883,3.49650756146648,39,0.06,2.3966617708004128,2.833213344056216,12,4,50,660.5064119372746,100,100,11,9
-4.027802185482676,18.294775972783924,-2.2213256282451583,22,0.21,2.6606592822797865,0.0,21,6,50,711.8673654883053,-4.044761635740943,13.471344180732473,0.0,26,0.17,2.374144788141277,-3.49650756146648,20,18,50,423.1829759861437,-2.6289504731231044,15.801887749675924,0.0,26,0.22,2.3713296946826867,0.0,22,18,50,627.5011942761214,-2.6120715996740445,15.816296093456216,0.0,28,0.17,2.367703218214809,0.0,17,2,50,573.2511980383193,6.663827695091576,20.14453903791242,0.0,33,0.11,1.8931620959649769,-3.49650756146648,17,2,50,726.4007540733128,6.465309886497543,22.333962947207983,3.49650756146648,42,0.0,1.94002380536411,3.49650756146648,18,18,6,795.3562096787581,3.642558767492375,22.260552424824645,2.833213344056216,42,0.11,2.159906472396893,3.8918202981106265,12,2,50,1012.4433104312524,5.072567395686744,19.90279200047528,3.49650756146648,40,0.06,2.0501980415321475,2.833213344056216,12,4,50,680.6648707061781,150,100,11,9
-4.077569599096239,18.283167041288102,-2.2213256282451583,22,0.21,2.6447919445669723,0.0,21,6,50,710.1095151896886,-4.207465293016389,13.429400902256562,0.0,25,0.16,2.3689130034243724,-3.49650756146648,22,18,50,419.8008847797098,-3.0215745690325333,15.423284174669982,-1.416606672028108,25,0.21,2.3401701341307897,-2.833213344056216,21,18,50,589.7942058300665,-3.597121817929044,15.50161476627714,-2.833213344056216,27,0.17,2.314084172871617,0.0,17,2,50,589.2629108949443,5.3886496083540125,20.03450201058464,0.0,31,0.12,1.912818774065216,-3.49650756146648,17,2,50,721.0171844817497,5.826925458926772,22.510294280062016,3.49650756146648,41,0.0,1.950630732880403,3.49650756146648,18,18,50,798.3201187975367,4.626883728115596,22.60051842370257,3.1648604527613484,44,0.1,2.1606907759292766,-2.833213344056216,11,2,50,1032.1355369149296,5.721695568849167,20.07037390170496,3.49650756146648,42,0.05,2.0686560378365124,-3.49650756146648,11,4,50,664.7202047151525,200,100,11,9
-3.5113249924396994,17.852541503476697,-1.6094379124341005,20,0.23,2.6289246068541576,0.0,23,6,50,646.4920394011017,-4.147309026049276,12.936938221409514,0.0,23,0.16,2.3367752312302663,-3.49650756146648,24,18,50,409.2397938233098,-2.9964993513842013,14.975741866499352,-2.833213344056216,23,0.22,2.3004706858313075,-2.833213344056216,23,18,50,574.3984215518326,-3.0091780065470446,14.981599383314478,-2.833213344056216,25,0.18,2.303441165978842,0.0,18,2,50,523.4755146338114,5.974519987025193,19.86740885686104,0.0,31,0.12,1.8931620959649769,-3.49650756146648,16,2,6,681.5457804814471,7.63884195774707,22.401654772980287,3.49650756146648,41,0.0,1.9129350397776232,3.49650756146648,17,18,6,808.2822658882087,5.851002267772552,22.31221646320467,3.49650756146648,43,0.11,2.1380902351067186,-2.833213344056216,11,2,50,971.3512760854684,5.73359498225899,19.57534031626057,3.49650756146648,41,0.05,2.0586700036551697,-3.49650756146648,12,4,50,610.2514447775644,250,100,11,9
-4.107193926040747,17.15822238050618,-1.6094379124341005,21,0.24,2.627105067638614,0.0,24,6,50,649.8593276120848,-4.126753848645553,12.935226495164343,0.0,24,0.17,2.3219208310206314,-3.49650756146648,23,18,50,412.8507027710499,-2.738246689660616,15.340255390309494,-2.833213344056216,24,0.23,2.310960140410412,-2.833213344056216,24,18,50,612.8831116054262,-2.082905116499347,15.266850898889064,0.0,26,0.16,2.3374704850942924,-3.49650756146648,17,2,50,507.6751079098044,7.191859821938332,19.958152746729745,0.0,31,0.11,1.8642902997055488,-3.49650756146648,16,2,50,666.5753552834092,8.49162191756592,22.31085781673261,3.49650756146648,42,0.0,1.8882444141543304,3.49650756146648,15,18,6,730.3181207066262,5.153116061823948,22.17997679694841,3.49650756146648,43,0.12,2.0477475750508214,0.0,12,2,50,923.0151741341724,4.734730805885604,19.239514774555524,3.49650756146648,39,0.06,2.045750242169806,-3.49650756146648,12,4,22,610.8178504877834,300,100,11,9
-4.68567628701283,17.58495301591988,-2.833213344056216,22,0.22,2.645104992549128,0.0,22,6,50,714.700578832226,-4.087503697820513,13.452031616965902,0.0,26,0.18,2.3574283161936176,-3.49650756146648,20,18,50,426.13059375928015,-2.69888056513146,15.782350007790136,0.0,26,0.24,2.3626001508696586,0.0,24,18,50,627.501188354024,-2.583739407012504,15.82348584052122,0.0,28,0.16,2.362600150947545,-3.49650756146648,16,2,50,570.4179787721653,7.251625638101878,20.427062148046364,0.0,33,0.1,1.8797590525805887,-3.49650756146648,17,2,50,722.2263668032821,7.024921550977684,22.601509764659284,3.49650756146648,43,0.0,1.9255307293635824,3.49650756146648,16,18,6,813.1884645276086,3.2711235434044825,22.09506978710293,2.833213344056216,41,0.12,2.0796615501912945,-2.833213344056216,12,2,50,986.632651268581,4.523687606304107,19.54220802874202,3.49650756146648,40,0.06,2.0388536364545806,2.833213344056216,12,4,50,680.9474426128338,350,100,11,9
-4.089807353411182,18.281920434724864,-2.833213344056216,22,0.21,2.6447919445669723,0.0,21,6,50,705.6668639330704,-4.079726712173274,13.465337132645825,0.0,25,0.16,2.367863191880982,-3.49650756146648,21,18,50,419.68646850644376,-2.67069434663974,15.800401627995107,0.0,25,0.21,2.365818848219421,-2.833213344056216,21,18,50,623.3268070879934,-3.4774539620058245,15.529297531150249,-1.416606672028108,27,0.17,2.325788947786846,0.0,17,2,50,589.0515968661816,6.03428580318778,20.341987421132664,0.0,32,0.11,1.9085913805651609,-3.49650756146648,17,2,50,719.4077465691878,5.829038549861596,22.509471301491523,3.49650756146648,41,0.0,1.950630732880403,3.49650756146648,18,18,6,741.0250590026199,4.075178259145081,22.272655678210363,3.1648604527613484,43,0.1,2.1711120978813985,3.8918202981106265,12,2,50,1032.1355428367178,5.470221810827209,19.89181558564626,3.49650756146648,41,0.06,2.0651940181062587,2.833213344056216,12,4,50,696.86059564001,400,100,11,9
-3.832728842468305,18.063855847296296,-2.2213256282451583,21,0.22,2.6287314690959094,0.0,22,6,50,671.6394092810292,-3.9626244610180574,13.140990145118751,0.0,24,0.15,2.351740296589633,-3.49650756146648,24,18,50,388.3237864569438,-3.3112702098890447,15.237959732154806,-2.833213344056216,24,0.21,2.304290300135315,-2.833213344056216,23,18,50,605.875507402317,-3.387246074107112,15.230892798854848,-2.833213344056216,26,0.17,2.2963673954311035,-3.49650756146648,18,2,50,554.2893062668851,4.995242187841495,19.891469590096136,0.0,30,0.12,1.9059252053401856,-3.49650756146648,17,2,50,691.7373182733594,6.729494309792504,22.474744327033022,3.49650756146648,40,0.0,1.9332808458183008,3.49650756146648,18,18,6,799.5071285610627,5.536231300695293,22.612550692014302,3.49650756146648,44,0.1,2.142812121764598,-2.833213344056216,11,2,50,997.161946104721,6.008134267891442,19.741231020501395,3.49650756146648,41,0.05,2.0621320233854235,-3.49650756146648,12,4,50,637.4029232454009,450,100,11,9
-4.42730573494431,17.367031819153635,-2.2213256282451583,21,0.23,2.629237654836313,0.0,23,6,50,680.8023435305806,-4.533154125835957,13.178409932818552,0.0,24,0.17,2.3277445093718194,-3.49650756146648,24,8,50,440.831288679045,-3.381200347659103,15.21456212443131,-2.833213344056216,24,0.23,2.619727109068126,-2.833213344056216,23,18,50,605.8755060563897,-2.497484693059605,15.525848131037169,-2.833213344056216,26,0.16,2.33602497563955,-3.49650756146648,17,2,50,535.260380094162,6.212581946564643,20.041674638656087,0.0,31,0.11,1.8810329377807795,-3.49650756146648,17,2,50,694.5559461263681,7.851493956121845,22.545670503144216,3.49650756146648,41,0.0,1.9024549991691009,3.49650756146648,15,18,6,790.2637293065897,5.193128243247726,22.47265854493352,3.1648604527613484,44,0.12,2.0729719058709937,0.0,12,2,50,974.1844969663658,4.824247258933986,19.57061277729773,3.49650756146648,41,0.05,2.0682257878488004,-3.49650756146648,12,4,50,645.2250506615479,500,100,11,9
-4.370905379155846,17.383131149535156,-2.2213256282451583,21,0.23,2.645104992549128,0.0,23,6,50,683.2234880465276,-4.370450438949917,13.225156965157913,0.0,25,0.18,2.336329193763534,-3.49650756146648,22,18,50,444.2133769244193,-2.4407738649360384,15.513272474226929,0.0,25,0.23,2.348591380994175,-2.833213344056216,23,18,50,596.0240916463692,-2.303933515550616,15.555207789187094,0.0,27,0.16,2.3532696901802903,-3.49650756146648,17,2,50,542.4373896259766,7.544697354688802,20.076321826565657,0.0,32,0.1,1.8634536617538893,-3.49650756146648,16,2,50,694.2457835790494,7.934269198927811,22.51690377272221,3.49650756146648,43,0.0,1.9037982531559243,3.49650756146648,15,18,6,777.1863051718306,4.243768351060948,22.15198843724385,3.1648604527613484,41,0.12,2.05710456815764,0.0,12,2,50,957.9887787618652,4.168486136419052,19.369004767818144,3.49650756146648,39,0.06,2.3966617708004128,2.833213344056216,12,4,50,660.5064231529032,550,100,11,9
-4.0278021854796,18.29477597277931,-2.2213256282451583,22,0.21,2.6606592822797865,0.0,21,6,50,711.8673654879976,-4.044761501147902,13.47134441788241,0.0,26,0.17,2.374144788141277,-3.49650756146648,20,18,50,423.1829625268395,-2.6289503385300663,15.801887939790554,0.0,26,0.22,2.3713296946826867,0.0,22,18,50,627.5011808168175,-2.612071465080995,15.816296283254037,0.0,28,0.17,2.367703218214809,0.0,17,2,50,573.2511845790145,6.663827695086791,20.14453903790332,0.0,33,0.11,1.8931620959649769,-3.49650756146648,17,2,50,726.4007540730051,6.465309886493269,22.33396294719742,3.49650756146648,42,0.0,1.94002380536411,3.49650756146648,18,18,6,795.3562096783348,3.642558655330984,22.26055254238484,2.833213344056216,42,0.11,2.159906472396893,3.8918202981106265,12,2,50,1012.443321646674,5.07256728352485,19.9027921400234,3.49650756146648,40,0.06,2.0501980415321475,2.833213344056216,12,4,50,680.6648819217866,600,100,11,9
-4.077569599093334,18.28316704128376,-2.2213256282451583,22,0.21,2.6447919445669723,0.0,21,6,50,710.109515189398,-4.207465158423556,13.429401141778124,0.0,25,0.16,2.3689130034243724,-3.49650756146648,22,18,50,419.8008713204265,-3.0215744344397013,15.423284372878,-1.416606672028108,25,0.21,2.3401701341307897,-2.833213344056216,21,18,50,589.7941923707834,-3.597121705767852,15.501614934779331,-2.833213344056216,27,0.17,2.314084172871617,0.0,17,2,50,589.2628996788253,5.38864960834974,20.034502010575853,0.0,31,0.12,1.912818774065216,-3.49650756146648,17,2,50,721.017184481459,5.82692545892267,22.51029428005161,3.49650756146648,41,0.0,1.950630732880403,3.49650756146648,18,18,50,798.320118797229,4.626883593521715,22.60051856851658,3.1648604527613484,44,0.1,2.1606907759292766,-2.833213344056216,11,2,50,1032.1355503735315,5.721695434254956,20.07037407211943,3.49650756146648,42,0.05,2.0686560378365124,-3.49650756146648,11,4,50,664.7202181739582,650,100,11,9
-3.511324992437135,17.852541503472683,-1.6094379124341005,20,0.23,2.6289246068541576,0.0,23,6,50,646.4920394008452,-4.147308913888463,12.93693842808703,0.0,23,0.16,2.3367752312302663,-3.49650756146648,24,18,50,409.23978260722856,-2.996499239223391,14.975742036420712,-2.833213344056216,23,0.22,2.3004706858313075,-2.833213344056216,23,18,50,574.3984103357516,-3.0091778943862253,14.981599553264338,-2.833213344056216,25,0.18,2.303441165978842,0.0,18,2,50,523.4755034177294,5.974519987020577,19.867408856852407,0.0,31,0.12,1.8931620959649769,-3.49650756146648,16,2,6,681.5457804811456,7.638841957741943,22.401654772970023,3.49650756146648,41,0.0,1.9129350397776232,3.49650756146648,17,18,6,808.2822658877797,5.851002133178026,22.31221661727425,3.49650756146648,43,0.11,2.1380902351067186,-2.833213344056216,11,2,50,971.3512895441008,5.733594847664816,19.57534049106692,3.49650756146648,41,0.05,2.0586700036551697,-3.49650756146648,12,4,50,610.2514582364006,700,100,11,9
-4.107193926038012,17.158222380501822,-1.6094379124341005,21,0.24,2.627105067638614,0.0,24,6,50,649.8593276118113,-4.126753736484599,12.935226701690556,0.0,24,0.17,2.3219208310206314,-3.49650756146648,23,18,50,412.85069155495466,-2.738246577499666,15.340255554304612,-2.833213344056216,24,0.23,2.310960140410412,-2.833213344056216,24,18,50,612.883100389331,-2.082904981906736,15.266851090852976,0.0,26,0.16,2.3374704850942924,-3.49650756146648,17,2,50,507.6750944505432,7.191859821933203,19.958152746720813,0.0,31,0.11,1.8642902997055488,-3.49650756146648,16,2,50,666.5753552831357,8.491621917560453,22.31085781672216,3.49650756146648,42,0.0,1.8882444141543304,3.49650756146648,15,18,6,730.3181207062288,5.153115949661779,22.17997692257424,3.49650756146648,43,0.12,2.0477475750508214,0.0,12,2,50,923.0151853496372,4.734730693723961,19.239514916945712,3.49650756146648,39,0.06,2.045750242169806,-3.49650756146648,12,4,22,610.817856837268,750,100,11,9
-4.685676287009754,17.584953015915193,-2.833213344056216,22,0.22,2.645104992549128,0.0,22,6,50,714.7005788319184,-4.087503563227605,13.45203185488373,0.0,26,0.18,2.3574283161936176,-3.49650756146648,20,18,50,426.1305802999892,-2.6988804305385554,15.782350198736308,0.0,26,0.24,2.3626001508696586,0.0,24,18,50,627.5011748947335,-2.5837392724195856,15.823486029991631,0.0,28,0.16,2.362600150947545,-3.49650756146648,16,2,50,570.4179653128735,7.251625638096752,20.427062148037123,0.0,33,0.1,1.8797590525805887,-3.49650756146648,17,2,50,722.2263668029744,7.02492155097307,22.601509764648576,3.49650756146648,43,0.0,1.9255307293635824,3.49650756146648,16,18,6,813.188464527171,3.271123431243371,22.09506990365817,2.833213344056216,41,0.12,2.0796615501912945,-2.833213344056216,12,2,50,986.6326624840084,4.523687494142664,19.54220816771508,3.49650756146648,40,0.06,2.0388536364545806,2.833213344056216,12,4,50,680.9474538284312,800,100,11,9
-4.089807353408276,18.281920434720515,-2.833213344056216,22,0.21,2.6447919445669723,0.0,21,6,50,705.66686393278,-4.079726577580572,13.465337370251111,0.0,25,0.16,2.367863191880982,-3.49650756146648,21,18,50,419.6864550471736,-2.670694212047039,15.800401818483287,0.0,25,0.21,2.365818848219421,-2.833213344056216,21,18,50,623.3267936287235,-3.4774538498447423,15.529297698487603,-1.416606672028108,27,0.17,2.325788947786846,0.0,17,2,50,589.0515856500735,6.034285803183166,20.34198742112372,0.0,32,0.11,1.9085913805651609,-3.49650756146648,17,2,50,719.4077465688972,5.829038549857495,22.50947130148112,3.49650756146648,41,0.0,1.950630732880403,3.49650756146648,18,18,6,741.0250590022151,4.075178124551677,22.272655821822426,3.1648604527613484,43,0.1,2.1711120978813985,3.8918202981106265,12,2,50,1032.1355562953067,5.470221676233305,19.891815755888963,3.49650756146648,41,0.06,2.0651940181062587,2.833213344056216,12,4,50,696.8606090987855,850,100,11,9
-3.8327288424655706,18.06385584729212,-2.2213256282451583,21,0.22,2.6287314690959094,0.0,22,6,50,671.6394092807559,-3.962624326425565,13.14099038738954,0.0,24,0.15,2.351740296589633,-3.49650756146648,24,18,50,388.3237729976945,-3.311270097728176,15.237959901468558,-2.833213344056216,24,0.21,2.304290300135315,-2.833213344056216,23,18,50,605.8754961862298,-3.3872459619462307,15.230892968806662,-2.833213344056216,26,0.17,2.2963673954311035,-3.49650756146648,18,2,50,554.2892950507971,4.995242187837394,19.89146959008743,0.0,30,0.12,1.9059252053401856,-3.49650756146648,17,2,50,691.737318273086,6.7294943097878885,22.47474432702268,3.49650756146648,40,0.0,1.9332808458183008,3.49650756146648,18,18,6,799.5071285606314,5.536231166101069,22.612550842163564,3.49650756146648,44,0.1,2.142812121764598,-2.833213344056216,11,2,50,997.1619595633232,6.008134133297229,19.741231195710192,3.49650756146648,41,0.05,2.0621320233854235,-3.49650756146648,12,4,50,637.4029367042067,900,100,11,9
-4.4273057349415765,17.367031819149375,-2.2213256282451583,21,0.23,2.629237654836313,0.0,23,6,50,680.8023435303073,-4.533154013675115,13.17841013899237,0.0,24,0.17,2.3277445093718194,-3.49650756146648,24,8,50,440.8312774629608,-3.381200235498264,15.21456229452092,-2.833213344056216,24,0.23,2.619727109068126,-2.833213344056216,23,18,50,605.8754948403057,-2.497484558467126,15.525848323392584,-2.833213344056216,26,0.16,2.33602497563955,-3.49650756146648,17,2,50,535.2603666349141,6.212581946559859,20.04167463864737,0.0,31,0.11,1.8810329377807795,-3.49650756146648,17,2,50,694.5559461260948,7.851493956116546,22.54567050313389,3.49650756146648,41,0.0,1.9024549991691009,3.49650756146648,15,18,6,790.2637293061746,5.193128108653708,22.472658693962696,3.1648604527613484,44,0.12,2.0729719058709937,0.0,12,2,50,974.1845104249812,4.824247124340493,19.570612945892336,3.49650756146648,41,0.05,2.0682257878488004,-3.49650756146648,12,4,50,645.2250641203502,950,100,11,9
-4.370905379152941,17.38313114953063,-2.2213256282451583,21,0.23,2.645104992549128,0.0,23,6,50,683.2234880462371,-4.370450326788934,13.225157169222692,0.0,25,0.18,2.336329193763534,-3.49650756146648,22,18,50,444.213365708321,-2.440773730343437,15.513272666245866,0.0,25,0.23,2.348591380994175,-2.833213344056216,23,18,50,596.0240781871091,-2.3039333809580023,15.555207979504363,0.0,27,0.16,2.3532696901802903,-3.49650756146648,17,2,50,542.4373761667152,7.544697354683502,20.07632182655665,0.0,32,0.1,1.8634536617538893,-3.49650756146648,16,2,50,694.2457835787588,7.9342691989226815,22.5169037727116,3.49650756146648,43,0.0,1.9037982531559243,3.49650756146648,15,18,6,777.1863051714066,4.243768238899436,22.1519885584241,3.1648604527613484,41,0.12,2.05710456815764,0.0,12,2,50,957.9887899772988,4.1684860242578905,19.36900490597716,3.49650756146648,39,0.06,2.3966617708004128,2.833213344056216,12,4,50,660.5064343685065,1000,100,11,9
-4.027802185476523,18.29477597277469,-2.2213256282451583,22,0.21,2.6606592822797865,0.0,21,6,50,711.86736548769,-4.044761366555163,13.47134465503183,0.0,26,0.17,2.374144788141277,-3.49650756146648,20,18,50,423.1829490675656,-2.6289502039373303,15.801888129904771,0.0,26,0.22,2.3713296946826867,0.0,22,18,50,627.5011673575439,-2.6120713304882464,15.816296473051446,0.0,28,0.17,2.367703218214809,0.0,17,2,50,573.2511711197396,6.663827695082002,20.14453903789422,0.0,33,0.11,1.8931620959649769,-3.49650756146648,17,2,50,726.4007540726975,6.465309886488996,22.33396294718685,3.49650756146648,42,0.0,1.94002380536411,3.49650756146648,18,18,6,795.3562096779117,3.642558543169841,22.26055265994476,2.833213344056216,42,0.11,2.159906472396893,3.8918202981106265,12,2,50,1012.4433328620704,5.072567171363206,19.90279227957121,3.49650756146648,40,0.06,2.0501980415321475,2.833213344056216,12,4,50,680.66489313737,1050,100,11,9
-4.077569599090429,18.2831670412794,-2.2213256282451583,22,0.21,2.6447919445669723,0.0,21,6,50,710.1095151891075,-4.207465023831023,13.42940138129916,0.0,25,0.16,2.3689130034243724,-3.49650756146648,22,18,50,419.8008578611733,-3.021574299847173,15.423284571085592,-1.416606672028108,25,0.21,2.3401701341307897,-2.833213344056216,21,18,50,589.7941789115306,-3.5971215936069125,15.501615103281162,-2.833213344056216,27,0.17,2.314084172871617,0.0,17,2,50,589.2628884627311,5.388649608345467,20.034502010567067,0.0,31,0.12,1.912818774065216,-3.49650756146648,17,2,50,721.0171844811686,5.826925458918567,22.5102942800412,3.49650756146648,41,0.0,1.950630732880403,3.49650756146648,18,18,50,798.3201187969214,4.626883458928134,22.60051871333028,3.1648604527613484,44,0.1,2.1606907759292766,-2.833213344056216,11,2,50,1032.1355638321031,5.721695299661048,20.070374242533543,3.49650756146648,42,0.05,2.0686560378365124,-3.49650756146648,11,4,50,664.7202316327338,1100,100,11,9
-3.5113249924345724,17.852541503468668,-1.6094379124341005,20,0.23,2.6289246068541576,0.0,23,6,50,646.492039400589,-4.147308801727903,12.936938634764095,0.0,23,0.16,2.3367752312302663,-3.49650756146648,24,18,50,409.23977139117255,-2.996499127062833,14.975742206341708,-2.833213344056216,23,0.22,2.3004706858313075,-2.833213344056216,23,18,50,574.3983991196958,-3.0091777822256565,14.981599723213828,-2.833213344056216,25,0.18,2.303441165978842,0.0,18,2,50,523.4754922016728,5.974519987015964,19.867408856843777,0.0,31,0.12,1.8931620959649769,-3.49650756146648,16,2,6,681.5457804808442,7.638841957736815,22.40165477295977,3.49650756146648,41,0.0,1.9129350397776232,3.49650756146648,17,18,6,808.2822658873506,5.851001998583797,22.312216771343493,3.49650756146648,43,0.11,2.1380902351067186,-2.833213344056216,11,2,50,971.3513030027028,5.7335947130709455,19.575340665872883,3.49650756146648,41,0.05,2.0586700036551697,-3.49650756146648,12,4,50,610.2514716952069,1150,100,11,9
-4.107193926035277,17.158222380497456,-1.6094379124341005,21,0.24,2.627105067638614,0.0,24,6,50,649.8593276115378,-4.126753624323899,12.935226908216324,0.0,24,0.17,2.3219208310206314,-3.49650756146648,23,18,50,412.8506803388845,-2.738246465338967,15.340255718299382,-2.833213344056216,24,0.23,2.310960140410412,-2.833213344056216,24,18,50,612.8830891732613,-2.082904847314426,15.26685128281647,0.0,26,0.16,2.3374704850942924,-3.49650756146648,17,2,50,507.67508099131226,7.191859821928076,19.958152746711875,0.0,31,0.11,1.8642902997055488,-3.49650756146648,16,2,50,666.5753552828621,8.49162191755498,22.310857816711703,3.49650756146648,42,0.0,1.8882444141543304,3.49650756146648,15,18,6,730.3181207058313,5.153115837499865,22.179977048199788,3.49650756146648,43,0.12,2.0477475750508214,0.0,12,2,50,923.0151965650768,4.734730581562568,19.2395150593356,3.49650756146648,39,0.06,2.045750242169806,-3.49650756146648,12,4,22,610.8178631867385,1200,100,11,9
-4.685676287006677,17.584953015910507,-2.833213344056216,22,0.22,2.645104992549128,0.0,22,6,50,714.7005788316108,-4.087503428634999,13.452032092801044,0.0,26,0.18,2.3574283161936176,-3.49650756146648,20,18,50,426.1305668407287,-2.6988802959459512,15.782350389682064,0.0,26,0.24,2.3626001508696586,0.0,24,18,50,627.501161435473,-2.5837391378269694,15.823486219461634,0.0,28,0.16,2.362600150947545,-3.49650756146648,16,2,50,570.417951853612,7.251625638091623,20.427062148027883,0.0,33,0.1,1.8797590525805887,-3.49650756146648,17,2,50,722.2263668026668,7.024921550968455,22.60150976463787,3.49650756146648,43,0.0,1.9255307293635824,3.49650756146648,16,18,6,813.1884645267332,3.271123319082512,22.095070020213168,2.833213344056216,41,0.12,2.0796615501912945,-2.833213344056216,12,2,50,986.6326736994108,4.523687381981472,19.54220830668784,3.49650756146648,40,0.06,2.0388536364545806,2.833213344056216,12,4,50,680.9474650440036,1250,100,11,9
-4.089807353405371,18.28192043471616,-2.833213344056216,22,0.21,2.6447919445669723,0.0,21,6,50,705.6668639324893,-4.079726442988174,13.465337607855885,0.0,25,0.16,2.367863191880982,-3.49650756146648,21,18,50,419.6864415879337,-2.670694077454645,15.800402008971057,0.0,25,0.21,2.365818848219421,-2.833213344056216,21,18,50,623.3267801694841,-3.4774537376839136,15.529297865824596,-1.416606672028108,27,0.17,2.325788947786846,0.0,17,2,50,589.0515744339907,6.034285803178551,20.341987421114776,0.0,32,0.11,1.9085913805651609,-3.49650756146648,17,2,50,719.4077465686066,5.8290385498533945,22.509471301470708,3.49650756146648,41,0.0,1.950630732880403,3.49650756146648,18,18,6,741.0250590018105,4.075177989958573,22.27265596543417,3.1648604527613484,43,0.1,2.1711120978813985,3.8918202981106265,12,2,50,1032.1355697538652,5.470221541639701,19.891815926131308,3.49650756146648,41,0.06,2.0651940181062587,2.833213344056216,12,4,50,696.8606225575306,1300,100,11,9
-3.832728842462836,18.06385584728793,-2.2213256282451583,21,0.22,2.6287314690959094,0.0,22,6,50,671.6394092804824,-3.9626241918333727,13.140990629659806,0.0,24,0.15,2.351740296589633,-3.49650756146648,24,18,50,388.32375953847526,-3.3112699855675563,15.237960070781943,-2.833213344056216,24,0.21,2.304290300135315,-2.833213344056216,23,18,50,605.8754849701681,-3.3872458497856024,15.23089313875811,-2.833213344056216,26,0.17,2.2963673954311035,-3.49650756146648,18,2,50,554.2892838347343,4.995242187833292,19.891469590078724,0.0,30,0.12,1.9059252053401856,-3.49650756146648,17,2,50,691.7373182728124,6.729494309783272,22.47474432701233,3.49650756146648,40,0.0,1.9332808458183008,3.49650756146648,18,18,6,799.5071285601999,5.536231031507145,22.6125509923125,3.49650756146648,44,0.1,2.142812121764598,-2.833213344056216,11,2,50,997.1619730218948,6.008133998703321,19.74123137091862,3.49650756146648,41,0.05,2.0621320233854235,-3.49650756146648,12,4,50,637.4029501629825,1350,100,11,9
-4.427305734938842,17.367031819145115,-2.2213256282451583,21,0.23,2.629237654836313,0.0,23,6,50,680.8023435300338,-4.533153901514525,13.178410345165736,0.0,24,0.17,2.3277445093718194,-3.49650756146648,24,8,50,440.8312662469017,-3.381200123337676,15.214562464610156,-2.833213344056216,24,0.23,2.619727109068126,-2.833213344056216,23,18,50,605.875483624247,-2.49748442387495,15.525848515747583,-2.833213344056216,26,0.16,2.33602497563955,-3.49650756146648,17,2,50,535.2603531756964,6.212581946555072,20.041674638638657,0.0,31,0.11,1.8810329377807795,-3.49650756146648,17,2,50,694.5559461258213,7.851493956111248,22.54567050312357,3.49650756146648,41,0.0,1.9024549991691009,3.49650756146648,15,18,6,790.2637293057594,5.193127974059993,22.472658842991542,3.1648604527613484,44,0.12,2.0729719058709937,0.0,12,2,50,974.1845238835668,4.824246989747303,19.570613114486576,3.49650756146648,41,0.05,2.0682257878488004,-3.49650756146648,12,4,50,645.2250775791224,1400,100,11,9
-4.3709053791500345,17.383131149526097,-2.2213256282451583,21,0.23,2.645104992549128,0.0,23,6,50,683.2234880459466,-4.370450214628203,13.225157373287027,0.0,25,0.18,2.336329193763534,-3.49650756146648,22,18,50,444.2133544922479,-2.4407735957511374,15.51327285826439,0.0,25,0.23,2.348591380994175,-2.833213344056216,23,18,50,596.0240647278792,-2.3039332463656903,15.55520816982122,0.0,27,0.16,2.3532696901802903,-3.49650756146648,17,2,50,542.437362707484,7.544697354678204,20.076321826547662,0.0,32,0.1,1.8634536617538893,-3.49650756146648,16,2,50,694.2457835784683,7.934269198917556,22.51690377270097,3.49650756146648,43,0.0,1.9037982531559243,3.49650756146648,15,18,6,777.1863051709827,4.243768126738174,22.151988679604088,3.1648604527613484,41,0.12,2.05710456815764,0.0,12,2,50,957.9888011927072,4.168485912096981,19.369005044135875,3.49650756146648,39,0.06,2.3966617708004128,2.833213344056216,12,4,50,660.5064455840848,1450,100,11,9
-4.027802185473447,18.29477597277008,-2.2213256282451583,22,0.21,2.6606592822797865,0.0,21,6,50,711.8673654873824,-4.044761231962726,13.471344892180737,0.0,26,0.17,2.374144788141277,-3.49650756146648,20,18,50,423.1829356083219,-2.628950069344896,15.80188832001858,0.0,26,0.22,2.3713296946826867,0.0,22,18,50,627.5011538983005,-2.6120711958958003,15.816296662848446,0.0,28,0.17,2.367703218214809,0.0,17,2,50,573.2511576604949,6.663827695077218,20.14453903788512,0.0,33,0.11,1.8931620959649769,-3.49650756146648,17,2,50,726.4007540723899,6.465309886484724,22.33396294717629,3.49650756146648,42,0.0,1.94002380536411,3.49650756146648,18,18,6,795.3562096774884,3.642558431008952,22.26055277750444,2.833213344056216,42,0.11,2.159906472396893,3.8918202981106265,12,2,50,1012.4433440774416,5.072567059201813,19.90279241911872,3.49650756146648,40,0.06,2.0501980415321475,2.833213344056216,12,4,50,680.664904352928,1500,100,11,9
-4.077569599087522,18.28316704127505,-2.2213256282451583,22,0.21,2.6447919445669723,0.0,21,6,50,710.109515188817,-4.207464889238794,13.429401620819675,0.0,25,0.16,2.3689130034243724,-3.49650756146648,22,18,50,419.8008444019503,-3.021574165254945,15.42328476929275,-1.416606672028108,25,0.21,2.3401701341307897,-2.833213344056216,21,18,50,589.7941654523079,-3.597121481446224,15.50161527178263,-2.833213344056216,27,0.17,2.314084172871617,0.0,17,2,50,589.2628772466624,5.388649608341195,20.03450201055828,0.0,31,0.12,1.912818774065216,-3.49650756146648,17,2,50,721.0171844808781,5.826925458914467,22.510294280030788,3.49650756146648,41,0.0,1.950630732880403,3.49650756146648,18,18,50,798.3201187966138,4.626883324334859,22.60051885814367,3.1648604527613484,44,0.1,2.1606907759292766,-2.833213344056216,11,2,50,1032.1355772906445,5.721695165067441,20.07037441294728,3.49650756146648,42,0.05,2.0686560378365124,-3.49650756146648,11,4,50,664.720245091479,1550,100,11,9
-3.5113249924320087,17.85254150346465,-1.6094379124341005,20,0.23,2.6289246068541576,0.0,23,6,50,646.4920394003327,-4.147308689567595,12.936938841440712,0.0,23,0.16,2.3367752312302663,-3.49650756146648,24,18,50,409.23976017514167,-2.996499014902528,14.97574237626233,-2.833213344056216,23,0.22,2.3004706858313075,-2.833213344056216,23,18,50,574.398387903665,-3.0091776700653408,14.981599893162953,-2.833213344056216,25,0.18,2.303441165978842,0.0,18,2,50,523.4754809856411,5.974519987011349,19.867408856835148,0.0,31,0.12,1.8931620959649769,-3.49650756146648,16,2,6,681.5457804805426,7.638841957731688,22.40165477294951,3.49650756146648,41,0.0,1.9129350397776232,3.49650756146648,17,18,6,808.2822658869216,5.8510018639898735,22.312216925412404,3.49650756146648,43,0.11,2.1380902351067186,-2.833213344056216,11,2,50,971.351316461275,5.733594578477375,19.57534084067847,3.49650756146648,41,0.05,2.0586700036551697,-3.49650756146648,12,4,50,610.2514851539827,1600,100,11,9
-4.107193926032543,17.158222380493093,-1.6094379124341005,21,0.24,2.627105067638614,0.0,24,6,50,649.8593276112645,-4.126753512163449,12.935227114741645,0.0,24,0.17,2.3219208310206314,-3.49650756146648,23,18,50,412.85066912283946,-2.7382463531785195,15.340255882293796,-2.833213344056216,24,0.23,2.310960140410412,-2.833213344056216,24,18,50,612.8830779572165,-2.0829047127224185,15.266851474779555,0.0,26,0.16,2.3374704850942924,-3.49650756146648,17,2,50,507.6750675321115,7.19185982192295,19.958152746702943,0.0,31,0.11,1.8642902997055488,-3.49650756146648,16,2,50,666.5753552825887,8.491621917549514,22.310857816701244,3.49650756146648,42,0.0,1.8882444141543304,3.49650756146648,15,18,6,730.3181207054339,5.1531157253382025,22.17997717382508,3.49650756146648,43,0.12,2.0477475750508214,0.0,12,2,50,923.0152077804912,4.734730469401428,19.23951520172517,3.49650756146648,39,0.06,2.045750242169806,-3.49650756146648,12,4,22,610.8178695361947,1650,100,11,9
-4.685676287003601,17.584953015905818,-2.833213344056216,22,0.22,2.645104992549128,0.0,22,6,50,714.7005788313032,-4.087503294042695,13.452032330717843,0.0,26,0.18,2.3574283161936176,-3.49650756146648,20,18,50,426.1305533814983,-2.6988801613536504,15.782350580627412,0.0,26,0.24,2.3626001508696586,0.0,24,18,50,627.5011479762429,-2.583739003234657,15.823486408931227,0.0,28,0.16,2.362600150947545,-3.49650756146648,16,2,50,570.4179383943807,7.251625638086497,20.42706214801864,0.0,33,0.1,1.8797590525805887,-3.49650756146648,17,2,50,722.2263668023592,7.024921550963841,22.601509764627163,3.49650756146648,43,0.0,1.9255307293635824,3.49650756146648,16,18,6,813.1884645262955,3.2711232069219034,22.095070136767912,2.833213344056216,41,0.12,2.0796615501912945,-2.833213344056216,12,2,50,986.632684914788,4.523687269820533,19.542208445660297,3.49650756146648,40,0.06,2.0388536364545806,2.833213344056216,12,4,50,680.9474762595506,1700,100,11,9
-4.089807353402465,18.281920434711804,-2.833213344056216,22,0.21,2.6447919445669723,0.0,21,6,50,705.6668639321988,-4.079726308396077,13.46533784546014,0.0,25,0.16,2.367863191880982,-3.49650756146648,21,18,50,419.68642812872406,-2.67069394286255,15.800402199458416,0.0,25,0.21,2.365818848219421,-2.833213344056216,21,18,50,623.3267667102746,-3.477453625523336,15.529298033161227,-1.416606672028108,27,0.17,2.325788947786846,0.0,17,2,50,589.0515632179329,6.034285803173937,20.341987421105827,0.0,32,0.11,1.9085913805651609,-3.49650756146648,17,2,50,719.407746568316,5.82903854984929,22.50947130146029,3.49650756146648,41,0.0,1.950630732880403,3.49650756146648,18,18,6,741.0250590014057,4.075177855365769,22.27265610904561,3.1648604527613484,43,0.1,2.1711120978813985,3.8918202981106265,12,2,50,1032.1355832123932,5.470221407046397,19.891816096373272,3.49650756146648,41,0.06,2.0651940181062587,2.833213344056216,12,4,50,696.8606360162457,1750,100,11,9
-3.832728842460103,18.063855847283744,-2.2213256282451583,21,0.22,2.6287314690959094,0.0,22,6,50,671.6394092802088,-3.962624057241483,13.140990871929542,0.0,24,0.15,2.351740296589633,-3.49650756146648,24,18,50,388.3237460792863,-3.3112698734071904,15.237960240094964,-2.833213344056216,24,0.21,2.304290300135315,-2.833213344056216,23,18,50,605.8754737541315,-3.3872457376252267,15.230893308709192,-2.833213344056216,26,0.17,2.2963673954311035,-3.49650756146648,18,2,50,554.2892726186966,4.995242187829191,19.891469590070013,0.0,30,0.12,1.9059252053401856,-3.49650756146648,17,2,50,691.7373182725391,6.72949430977866,22.474744327001986,3.49650756146648,40,0.0,1.9332808458183008,3.49650756146648,18,18,6,799.5071285597687,5.536230896913525,22.61255114246111,3.49650756146648,44,0.1,2.142812121764598,-2.833213344056216,11,2,50,997.1619864804366,6.008133864109713,19.741231546126667,3.49650756146648,41,0.05,2.0621320233854235,-3.49650756146648,12,4,50,637.4029636217281,1800,100,11,9
-4.427305734936107,17.367031819140855,-2.2213256282451583,21,0.23,2.629237654836313,0.0,23,6,50,680.8023435297603,-4.533153789354186,13.178410551338654,0.0,24,0.17,2.3277445093718194,-3.49650756146648,24,8,50,440.8312550308678,-3.381200011177339,15.21456263469903,-2.833213344056216,24,0.23,2.619727109068126,-2.833213344056216,23,18,50,605.8754724082135,-2.4974842892830744,15.525848708102163,-2.833213344056216,26,0.16,2.33602497563955,-3.49650756146648,17,2,50,535.260339716509,6.212581946550286,20.04167463862994,0.0,31,0.11,1.8810329377807795,-3.49650756146648,17,2,50,694.5559461255478,7.851493956105951,22.545670503113246,3.49650756146648,41,0.0,1.9024549991691009,3.49650756146648,15,18,6,790.2637293053443,5.193127839466581,22.472658992020072,3.1648604527613484,44,0.12,2.0729719058709937,0.0,12,2,50,974.1845373421218,4.824246855154414,19.57061328308045,3.49650756146648,41,0.05,2.0682257878488004,-3.49650756146648,12,4,50,645.2250910378643,1850,100,11,9
-4.370905379147129,17.383131149521567,-2.2213256282451583,21,0.23,2.645104992549128,0.0,23,6,50,683.223488045656,-4.370450102467724,13.22515757735092,0.0,25,0.18,2.336329193763534,-3.49650756146648,22,18,50,444.2133432761999,-2.4407734611591394,15.513273050282498,0.0,25,0.23,2.348591380994175,-2.833213344056216,23,18,50,596.0240512686794,-2.3039331117736808,15.55520836013767,0.0,27,0.16,2.3532696901802903,-3.49650756146648,17,2,50,542.4373492482832,7.544697354672906,20.07632182653867,0.0,32,0.1,1.8634536617538893,-3.49650756146648,16,2,50,694.2457835781779,7.934269198912428,22.51690377269036,3.49650756146648,43,0.0,1.9037982531559243,3.49650756146648,15,18,6,777.1863051705589,4.243768014577164,22.15198880078381,3.1648604527613484,41,0.12,2.05710456815764,0.0,12,2,50,957.9888124080904,4.168485799936323,19.36900518229429,3.49650756146648,39,0.06,2.3966617708004128,2.833213344056216,12,4,50,660.5064567996378,1900,100,11,9
-4.027802185470371,18.29477597276546,-2.2213256282451583,22,0.21,2.6606592822797865,0.0,21,6,50,711.8673654870747,-4.044761097370591,13.471345129329128,0.0,26,0.17,2.374144788141277,-3.49650756146648,20,18,50,423.1829221491085,-2.628949934752764,15.801888510131976,0.0,26,0.22,2.3713296946826867,0.0,22,18,50,627.5011404390873,-2.612071061303656,15.816296852645037,0.0,28,0.17,2.367703218214809,0.0,17,2,50,573.2511442012806,6.663827695072435,20.144539037876022,0.0,33,0.11,1.8931620959649769,-3.49650756146648,17,2,50,726.4007540720822,6.465309886480451,22.33396294716572,3.49650756146648,42,0.0,1.94002380536411,3.49650756146648,18,18,6,795.3562096770654,3.642558318848314,22.26055289506386,2.833213344056216,42,0.11,2.159906472396893,3.8918202981106265,12,2,50,1012.4433552927871,5.072566947040673,19.902792558665936,3.49650756146648,40,0.06,2.0501980415321475,2.833213344056216,12,4,50,680.6649155684609,1950,100,11,9
-4.077569599084617,18.28316704127069,-2.2213256282451583,22,0.21,2.6447919445669723,0.0,21,6,50,710.1095151885263,-4.207464754646865,13.429401860339675,0.0,25,0.16,2.3689130034243724,-3.49650756146648,22,18,50,419.8008309427575,-3.0215740306630208,15.423284967499482,-1.416606672028108,25,0.21,2.3401701341307897,-2.833213344056216,21,18,50,589.7941519931153,-3.597121369285787,15.50161544028373,-2.833213344056216,27,0.17,2.314084172871617,0.0,17,2,50,589.2628660306186,5.38864960833692,20.03450201054949,0.0,31,0.12,1.912818774065216,-3.49650756146648,17,2,50,721.0171844805875,5.826925458910365,22.510294280020386,3.49650756146648,41,0.0,1.950630732880403,3.49650756146648,18,18,50,798.3201187963062,4.626883189741886,22.600519002956748,3.1648604527613484,44,0.1,2.1606907759292766,-2.833213344056216,11,2,50,1032.1355907491557,5.721695030474137,20.070374583360643,3.49650756146648,42,0.05,2.0686560378365124,-3.49650756146648,11,4,50,664.7202585501943,2000,100,11,9
-3.511324992429445,17.852541503460635,-1.6094379124341005,20,0.23,2.6289246068541576,0.0,23,6,50,646.4920394000762,-4.1473085774075376,12.93693904811688,0.0,23,0.16,2.3367752312302663,-3.49650756146648,24,18,50,409.2397489591359,-2.996498902742472,14.975742546182593,-2.833213344056216,23,0.22,2.3004706858313075,-2.833213344056216,23,18,50,574.3983766876597,-3.009177557905275,14.981600063111708,-2.833213344056216,25,0.18,2.303441165978842,0.0,18,2,50,523.4754697696345,5.974519987006735,19.86740885682651,0.0,31,0.12,1.8931620959649769,-3.49650756146648,16,2,6,681.545780480241,7.63884195772656,22.40165477293925,3.49650756146648,41,0.0,1.9129350397776232,3.49650756146648,17,18,6,808.2822658864926,5.851001729396254,22.31221707948098,3.49650756146648,43,0.11,2.1380902351067186,-2.833213344056216,11,2,50,971.3513299198167,5.733594443884106,19.57534101548368,3.49650756146648,41,0.05,2.0586700036551697,-3.49650756146648,12,4,50,610.2514986127285,2050,100,11,9
-4.107193926029809,17.158222380488734,-1.6094379124341005,21,0.24,2.627105067638614,0.0,24,6,50,649.8593276109909,-4.126753400003251,12.935227321266517,0.0,24,0.17,2.3219208310206314,-3.49650756146648,23,18,50,412.85065790681966,-2.738246241018324,15.340256046287855,-2.833213344056216,24,0.23,2.310960140410412,-2.833213344056216,24,18,50,612.883066741197,-2.082904578130712,15.266851666742223,0.0,26,0.16,2.3374704850942924,-3.49650756146648,17,2,50,507.6750540729408,7.191859821917823,19.958152746694005,0.0,31,0.11,1.8642902997055488,-3.49650756146648,16,2,50,666.5753552823153,8.491621917544045,22.310857816690792,3.49650756146648,42,0.0,1.8882444141543304,3.49650756146648,15,18,6,730.3181207050363,5.153115613176789,22.179977299450087,3.49650756146648,43,0.12,2.0477475750508214,0.0,12,2,50,923.0152189958804,4.734730357240539,19.23951534411444,3.49650756146648,39,0.06,2.045750242169806,-3.49650756146648,12,4,22,610.817875885637,2100,100,11,9
-4.685676287000525,17.584953015901135,-2.833213344056216,22,0.22,2.645104992549128,0.0,22,6,50,714.7005788309955,-4.087503159450692,13.45203256863412,0.0,26,0.18,2.3574283161936176,-3.49650756146648,20,18,50,426.130539922298,-2.6988800267616515,15.78235077157234,0.0,26,0.24,2.3626001508696586,0.0,24,18,50,627.501134517043,-2.583738868642645,15.82348659840041,0.0,28,0.16,2.362600150947545,-3.49650756146648,16,2,50,570.4179249351796,7.251625638081371,20.4270621480094,0.0,33,0.1,1.8797590525805887,-3.49650756146648,17,2,50,722.2263668020515,7.024921550959226,22.601509764616463,3.49650756146648,43,0.0,1.9255307293635824,3.49650756146648,16,18,6,813.1884645258579,3.271123094761547,22.0950702533224,2.833213344056216,41,0.12,2.0796615501912945,-2.833213344056216,12,2,50,986.6326961301398,4.523687157659845,19.542208584632448,3.49650756146648,40,0.06,2.0388536364545806,2.833213344056216,12,4,50,680.9474874750725,2150,100,11,9
-4.08980735339956,18.28192043470745,-2.833213344056216,22,0.21,2.6447919445669723,0.0,21,6,50,705.6668639319082,-4.079726173804281,13.465338083063878,0.0,25,0.16,2.367863191880982,-3.49650756146648,21,18,50,419.6864146695444,-2.670693808270758,15.800402389945363,0.0,25,0.21,2.365818848219421,-2.833213344056216,21,18,50,623.3267532510953,-3.47745351336301,15.529298200497497,-1.416606672028108,27,0.17,2.325788947786846,0.0,17,2,50,589.0515520019002,6.034285803169323,20.341987421096885,0.0,32,0.11,1.9085913805651609,-3.49650756146648,17,2,50,719.4077465680256,5.829038549845189,22.50947130144989,3.49650756146648,41,0.0,1.950630732880403,3.49650756146648,18,18,6,741.0250590010008,4.075177720773271,22.272656252656738,3.1648604527613484,43,0.1,2.1711120978813985,3.8918202981106265,12,2,50,1032.1355966708911,5.470221272453397,19.891816266614875,3.49650756146648,41,0.06,2.0651940181062587,2.833213344056216,12,4,50,696.8606494749304,2200,100,11,9
-3.832728842457367,18.063855847279555,-2.2213256282451583,21,0.22,2.6287314690959094,0.0,22,6,50,671.6394092799354,-3.962623922649896,13.140991114198757,0.0,24,0.15,2.351740296589633,-3.49650756146648,24,18,50,388.3237326201274,-3.3112697612470754,15.23796040940762,-2.833213344056216,24,0.21,2.304290300135315,-2.833213344056216,23,18,50,605.8754625381199,-3.387245625465101,15.230893478659905,-2.833213344056216,26,0.17,2.2963673954311035,-3.49650756146648,18,2,50,554.2892614026841,4.995242187825088,19.89146959006132,0.0,30,0.12,1.9059252053401856,-3.49650756146648,17,2,50,691.7373182722656,6.729494309774045,22.47474432699164,3.49650756146648,40,0.0,1.9332808458183008,3.49650756146648,18,18,6,799.5071285593373,5.536230762320206,22.6125512926094,3.49650756146648,44,0.1,2.142812121764598,-2.833213344056216,11,2,50,997.161999938948,6.0081337295164055,19.741231721334323,3.49650756146648,41,0.05,2.0621320233854235,-3.49650756146648,12,4,50,637.4029770804434,2250,100,11,9
-4.427305734933373,17.367031819136596,-2.2213256282451583,21,0.23,2.629237654836313,0.0,23,6,50,680.802343529487,-4.533153677194099,13.178410757511127,0.0,24,0.17,2.3277445093718194,-3.49650756146648,24,8,50,440.831243814859,-3.3811998990172536,15.214562804787532,-2.833213344056216,24,0.23,2.619727109068126,-2.833213344056216,23,18,50,605.8754611922047,-2.497484154691501,15.525848900456332,-2.833213344056216,26,0.16,2.33602497563955,-3.49650756146648,17,2,50,535.2603262573516,6.212581946545503,20.041674638621224,0.0,31,0.11,1.8810329377807795,-3.49650756146648,17,2,50,694.5559461252744,7.851493956100652,22.54567050310292,3.49650756146648,41,0.0,1.9024549991691009,3.49650756146648,15,18,6,790.2637293049291,5.1931277048734685,22.472659141048275,3.1648604527613484,44,0.12,2.0729719058709937,0.0,12,2,50,974.1845508006468,4.8242467205618285,19.570613451673964,3.49650756146648,41,0.05,2.0682257878488004,-3.49650756146648,12,4,50,645.225104496576,2300,100,11,9
-4.370905379144224,17.383131149517038,-2.2213256282451583,21,0.23,2.645104992549128,0.0,23,6,50,683.2234880453655,-4.370449990307495,13.22515778141437,0.0,25,0.18,2.336329193763534,-3.49650756146648,22,18,50,444.2133320601771,-2.440773326567444,15.513273242300194,0.0,25,0.23,2.348591380994175,-2.833213344056216,23,18,50,596.0240378095098,-2.3039329771819737,15.555208550453708,0.0,27,0.16,2.3532696901802903,-3.49650756146648,17,2,50,542.4373357891125,7.544697354667607,20.076321826529675,0.0,32,0.1,1.8634536617538893,-3.49650756146648,16,2,50,694.2457835778873,7.9342691989073,22.516903772679743,3.49650756146648,43,0.0,1.9037982531559243,3.49650756146648,15,18,6,777.186305170135,4.243767902416407,22.15198892196328,3.1648604527613484,41,0.12,2.05710456815764,0.0,12,2,50,957.9888236234484,4.168485687775916,19.369005320452413,3.49650756146648,39,0.06,2.3966617708004128,2.833213344056216,12,4,50,660.5064680151656,2350,100,11,9
-4.027802185467294,18.29477597276085,-2.2213256282451583,22,0.21,2.6606592822797865,0.0,21,6,50,711.8673654867671,-4.044760962778758,13.471345366477005,0.0,26,0.17,2.374144788141277,-3.49650756146648,20,18,50,423.18290868992506,-2.628949800160933,15.801888700244962,0.0,26,0.22,2.3713296946826867,0.0,22,18,50,627.5011269799043,-2.612070926711814,15.816297042441214,0.0,28,0.17,2.367703218214809,0.0,17,2,50,573.2511307420963,6.663827695067647,20.144539037866924,0.0,33,0.11,1.8931620959649769,-3.49650756146648,17,2,50,726.4007540717746,6.465309886476178,22.33396294715516,3.49650756146648,42,0.0,1.94002380536411,3.49650756146648,18,18,6,795.3562096766419,3.642558206687928,22.260553012623024,2.833213344056216,42,0.11,2.159906472396893,3.8918202981106265,12,2,50,1012.4433665081082,5.072566834879782,19.90279269821284,3.49650756146648,40,0.06,2.0501980415321475,2.833213344056216,12,4,50,680.6649267839688,2400,100,11,9
-4.077569599081713,18.28316704126634,-2.2213256282451583,22,0.21,2.6447919445669723,0.0,21,6,50,710.1095151882358,-4.207464620055239,13.429402099859152,0.0,25,0.16,2.3689130034243724,-3.49650756146648,22,18,50,419.80081748359487,-3.021573896071398,15.42328516570578,-1.416606672028108,25,0.21,2.3401701341307897,-2.833213344056216,21,18,50,589.794138533953,-3.5971212571256017,15.501615608784467,-2.833213344056216,27,0.17,2.314084172871617,0.0,17,2,50,589.2628548146001,5.388649608332649,20.034502010540702,0.0,31,0.12,1.912818774065216,-3.49650756146648,17,2,50,721.017184480297,5.826925458906263,22.51029428000997,3.49650756146648,41,0.0,1.950630732880403,3.49650756146648,18,18,50,798.3201187959985,4.62688305514921,22.60051914776951,3.1648604527613484,44,0.1,2.1606907759292766,-2.833213344056216,11,2,50,1032.1356042076372,5.721694895881134,20.07037475377364,3.49650756146648,42,0.05,2.0686560378365124,-3.49650756146648,11,4,50,664.7202720088793,2450,100,11,9
-3.511324992426881,17.852541503456617,-1.6094379124341005,20,0.23,2.6289246068541576,0.0,23,6,50,646.4920393998199,-4.147308465247732,12.936939254792598,0.0,23,0.16,2.3367752312302663,-3.49650756146648,24,18,50,409.2397377431553,-2.996498790582669,14.975742716102484,-2.833213344056216,23,0.22,2.3004706858313075,-2.833213344056216,23,18,50,574.3983654716793,-3.009177445745462,14.9816002330601,-2.833213344056216,25,0.18,2.303441165978842,0.0,18,2,50,523.4754585536532,5.97451998700212,19.86740885681788,0.0,31,0.12,1.8931620959649769,-3.49650756146648,16,2,6,681.5457804799395,7.638841957721434,22.40165477292899,3.49650756146648,41,0.0,1.9129350397776232,3.49650756146648,17,18,6,808.2822658860637,5.851001594802931,22.312217233549223,3.49650756146648,43,0.11,2.1380902351067186,-2.833213344056216,11,2,50,971.3513433783284,5.7335943092911394,19.57534119028851,3.49650756146648,41,0.05,2.0586700036551697,-3.49650756146648,12,4,50,610.251512071444,2500,100,11,9
-4.107193926027074,17.15822238048437,-1.6094379124341005,21,0.24,2.627105067638614,0.0,24,6,50,649.8593276107174,-4.126753287843305,12.935227527790936,0.0,24,0.17,2.3219208310206314,-3.49650756146648,23,18,50,412.850646690825,-2.73824612885838,15.34025621028156,-2.833213344056216,24,0.23,2.310960140410412,-2.833213344056216,24,18,50,612.8830555252026,-2.0829044435393085,15.266851858704475,0.0,26,0.16,2.3374704850942924,-3.49650756146648,17,2,50,507.6750406138004,7.191859821912694,19.95815274668508,0.0,31,0.11,1.8642902997055488,-3.49650756146648,16,2,50,666.5753552820419,8.491621917538573,22.310857816680333,3.49650756146648,42,0.0,1.8882444141543304,3.49650756146648,15,18,6,730.3181207046389,5.153115501015629,22.179977425074828,3.49650756146648,43,0.12,2.0477475750508214,0.0,12,2,50,923.0152302112444,4.734730245079901,19.2395154865034,3.49650756146648,39,0.06,2.045750242169806,-3.49650756146648,12,4,22,610.8178822350651,2550,100,11,9
-4.685676286997448,17.584953015896446,-2.833213344056216,22,0.22,2.645104992549128,0.0,22,6,50,714.7005788306878,-4.087503024858991,13.45203280654988,0.0,26,0.18,2.3574283161936176,-3.49650756146648,20,18,50,426.1305264631279,-2.6988798921699537,15.78235096251686,0.0,26,0.24,2.3626001508696586,0.0,24,18,50,627.5011210578732,-2.583738734050936,15.823486787869184,0.0,28,0.16,2.362600150947545,-3.49650756146648,16,2,50,570.4179114760086,7.251625638076241,20.42706214800016,0.0,33,0.1,1.8797590525805887,-3.49650756146648,17,2,50,722.2263668017439,7.024921550954612,22.601509764605755,3.49650756146648,43,0.0,1.9255307293635824,3.49650756146648,16,18,6,813.18846452542,3.2711229826014425,22.095070369876648,2.833213344056216,41,0.12,2.0796615501912945,-2.833213344056216,12,2,50,986.6327073454668,4.5236870454994085,19.542208723604308,3.49650756146648,40,0.06,2.0388536364545806,2.833213344056216,12,4,50,680.9474986905692,2600,100,11,9
-4.089807353396655,18.281920434703103,-2.833213344056216,22,0.21,2.6447919445669723,0.0,21,6,50,705.6668639316177,-4.079726039212788,13.465338320667104,0.0,25,0.16,2.367863191880982,-3.49650756146648,21,18,50,419.6864012103952,-2.6706936736792675,15.800402580431898,0.0,25,0.21,2.365818848219421,-2.833213344056216,21,18,50,623.3267397919464,-3.4774534012029346,15.5292983678334,-1.416606672028108,27,0.17,2.325788947786846,0.0,17,2,50,589.0515407858927,6.034285803164708,20.341987421087943,0.0,32,0.11,1.9085913805651609,-3.49650756146648,17,2,50,719.4077465677351,5.829038549841089,22.50947130143948,3.49650756146648,41,0.0,1.950630732880403,3.49650756146648,18,18,6,741.025059000596,4.075177586181073,22.27265639626756,3.1648604527613484,43,0.1,2.1711120978813985,3.8918202981106265,12,2,50,1032.135610129359,5.470221137860699,19.891816436856107,3.49650756146648,41,0.06,2.0651940181062587,2.833213344056216,12,4,50,696.860662933585,2650,100,11,9
-3.832728842454632,18.063855847275374,-2.2213256282451583,21,0.22,2.6287314690959094,0.0,22,6,50,671.639409279662,-3.962623788058609,13.140991356467444,0.0,24,0.15,2.351740296589633,-3.49650756146648,24,18,50,388.3237191609989,-3.311269649087212,15.237960578719909,-2.833213344056216,24,0.21,2.304290300135315,-2.833213344056216,23,18,50,605.8754513221336,-3.387245513305228,15.230893648610252,-2.833213344056216,26,0.17,2.2963673954311035,-3.49650756146648,18,2,50,554.2892501866968,4.9952421878209865,19.891469590052605,0.0,30,0.12,1.9059252053401856,-3.49650756146648,17,2,50,691.7373182719922,6.7294943097694295,22.474744326981284,3.49650756146648,40,0.0,1.9332808458183008,3.49650756146648,18,18,6,799.507128558906,5.536230627727191,22.61255144275736,3.49650756146648,44,0.1,2.142812121764598,-2.833213344056216,11,2,50,997.1620133974292,6.008133594923402,19.741231896541603,3.49650756146648,41,0.05,2.0621320233854235,-3.49650756146648,12,4,50,637.4029905391285,2700,100,11,9
-4.427305734930638,17.36703181913234,-2.2213256282451583,21,0.23,2.629237654836313,0.0,23,6,50,680.8023435292134,-4.533153565034262,13.178410963683152,0.0,24,0.17,2.3277445093718194,-3.49650756146648,24,8,50,440.83123259887554,-3.381199786857421,15.214562974875667,-2.833213344056216,24,0.23,2.619727109068126,-2.833213344056216,23,18,50,605.8754499762215,-2.4974840201002304,15.525849092810086,-2.833213344056216,26,0.16,2.33602497563955,-3.49650756146648,17,2,50,535.2603127982245,6.212581946540715,20.041674638612506,0.0,31,0.11,1.8810329377807795,-3.49650756146648,17,2,50,694.5559461250009,7.851493956095354,22.5456705030926,3.49650756146648,41,0.0,1.9024549991691009,3.49650756146648,15,18,6,790.2637293045138,5.193127570280659,22.47265929007616,3.1648604527613484,44,0.12,2.0729719058709937,0.0,12,2,50,974.1845642591414,4.8242465859695445,19.570613620267107,3.49650756146648,41,0.05,2.0682257878488004,-3.49650756146648,12,4,50,645.2251179552576,2750,100,11,9
-4.370905379141319,17.383131149512504,-2.2213256282451583,21,0.23,2.645104992549128,0.0,23,6,50,683.2234880450749,-4.370449878147519,13.22515798547738,0.0,25,0.18,2.336329193763534,-3.49650756146648,22,18,50,444.2133208441795,-2.4407731919760507,15.513273434317474,0.0,25,0.23,2.348591380994175,-2.833213344056216,23,18,50,596.0240243503705,-2.303932842590567,15.555208740769334,0.0,27,0.16,2.3532696901802903,-3.49650756146648,17,2,50,542.4373223299718,7.544697354662311,20.07632182652068,0.0,32,0.1,1.8634536617538893,-3.49650756146648,16,2,50,694.2457835775966,7.934269198902174,22.516903772669128,3.49650756146648,43,0.0,1.9037982531559243,3.49650756146648,15,18,6,777.1863051697111,4.243767790255898,22.15198904314249,3.1648604527613484,41,0.12,2.05710456815764,0.0,12,2,50,957.9888348387811,4.168485575615761,19.36900545861024,3.49650756146648,39,0.06,2.3966617708004128,2.833213344056216,12,4,50,660.5064792306684,2800,100,11,9
-4.027802185464218,18.294775972756227,-2.2213256282451583,22,0.21,2.6606592822797865,0.0,21,6,50,711.8673654864594,-4.044760828187226,13.471345603624368,0.0,26,0.17,2.374144788141277,-3.49650756146648,20,18,50,423.1828952307719,-2.628949665569406,15.80188889035754,0.0,26,0.22,2.3713296946826867,0.0,22,18,50,627.5011135207515,-2.6120707921202726,15.816297232236984,0.0,28,0.17,2.367703218214809,0.0,17,2,50,573.2511172829422,6.663827695062863,20.14453903785783,0.0,33,0.11,1.8931620959649769,-3.49650756146648,17,2,50,726.400754071467,6.465309886471906,22.333962947144588,3.49650756146648,42,0.0,1.94002380536411,3.49650756146648,18,18,6,795.3562096762188,3.642558094527792,22.260553130181936,2.833213344056216,42,0.11,2.159906472396893,3.8918202981106265,12,2,50,1012.443377723404,5.072566722719146,19.902792837759453,3.49650756146648,40,0.06,2.0501980415321475,2.833213344056216,12,4,50,680.6649379994515,2850,100,11,9
-4.077569599078807,18.283167041261983,-2.2213256282451583,22,0.21,2.6447919445669723,0.0,21,6,50,710.1095151879454,-4.207464485463915,13.429402339378107,0.0,25,0.16,2.3689130034243724,-3.49650756146648,22,18,50,419.8008040244625,-3.0215737614800764,15.423285363911658,-1.416606672028108,25,0.21,2.3401701341307897,-2.833213344056216,21,18,50,589.7941250748208,-3.597121144965668,15.501615777284838,-2.833213344056216,27,0.17,2.314084172871617,0.0,17,2,50,589.2628435986067,5.388649608328377,20.03450201053192,0.0,31,0.12,1.912818774065216,-3.49650756146648,17,2,50,721.0171844800063,5.826925458902162,22.51029427999956,3.49650756146648,41,0.0,1.950630732880403,3.49650756146648,18,18,50,798.3201187956909,4.626882920556842,22.60051929258196,3.1648604527613484,44,0.1,2.1606907759292766,-2.833213344056216,11,2,50,1032.135617666088,5.7216947612884335,20.070374924186268,3.49650756146648,42,0.05,2.0686560378365124,-3.49650756146648,11,4,50,664.720285467534,2900,100,11,9
-3.511324992424318,17.852541503452603,-1.6094379124341005,20,0.23,2.6289246068541576,0.0,23,6,50,646.4920393995635,-4.147308353088178,12.936939461467873,0.0,23,0.16,2.3367752312302663,-3.49650756146648,24,18,50,409.23972652719993,-2.9964986784231176,14.975742886022006,-2.833213344056216,23,0.22,2.3004706858313075,-2.833213344056216,23,18,50,574.3983542557241,-3.0091773335859,14.981600403008123,-2.833213344056216,25,0.18,2.303441165978842,0.0,18,2,50,523.475447337697,5.974519986997506,19.86740885680925,0.0,31,0.12,1.8931620959649769,-3.49650756146648,16,2,6,681.545780479638,7.638841957716306,22.40165477291873,3.49650756146648,41,0.0,1.9129350397776232,3.49650756146648,17,18,6,808.2822658856346,5.851001460209914,22.31221738761713,3.49650756146648,43,0.11,2.1380902351067186,-2.833213344056216,11,2,50,971.35135683681,5.733594174698474,19.57534136509296,3.49650756146648,41,0.05,2.0586700036551697,-3.49650756146648,12,4,50,610.2515255301294,2950,100,11,9
-4.10719392602434,17.15822238048001,-1.6094379124341005,21,0.24,2.627105067638614,0.0,24,6,50,649.859327610444,-4.12675317568361,12.935227734314914,0.0,24,0.17,2.3219208310206314,-3.49650756146648,23,18,50,412.8506354748556,-2.738246016698688,15.34025637427491,-2.833213344056216,24,0.23,2.310960140410412,-2.833213344056216,24,18,50,612.8830443092334,-2.0829043089482067,15.266852050666316,0.0,26,0.16,2.3374704850942924,-3.49650756146648,17,2,50,507.6750271546903,7.191859821907568,19.95815274667613,0.0,31,0.11,1.8642902997055488,-3.49650756146648,16,2,50,666.5753552817685,8.491621917533106,22.31085781666988,3.49650756146648,42,0.0,1.8882444141543304,3.49650756146648,15,18,6,730.3181207042414,5.1531153888547205,22.17997755069929,3.49650756146648,43,0.12,2.0477475750508214,0.0,12,2,50,923.0152414265832,4.734730132919514,19.23951562889205,3.49650756146648,39,0.06,2.045750242169806,-3.49650756146648,12,4,22,610.817888584479,3000,100,11,9
-4.685676286994372,17.58495301589176,-2.833213344056216,22,0.22,2.645104992549128,0.0,22,6,50,714.7005788303802,-4.087502890267593,13.45203304446513,0.0,26,0.18,2.3574283161936176,-3.49650756146648,20,18,50,426.130513003988,-2.6988797575785584,15.78235115346097,0.0,26,0.24,2.3626001508696586,0.0,24,18,50,627.5011075987337,-2.583738599459529,15.82348697733755,0.0,28,0.16,2.362600150947545,-3.49650756146648,16,2,50,570.4178980168679,7.251625638071115,20.42706214799092,0.0,33,0.1,1.8797590525805887,-3.49650756146648,17,2,50,722.2263668014364,7.024921550949997,22.601509764595047,3.49650756146648,43,0.0,1.9255307293635824,3.49650756146648,16,18,6,813.1884645249824,3.2711228704415887,22.09507048643064,2.833213344056216,41,0.12,2.0796615501912945,-2.833213344056216,12,2,50,986.6327185607684,4.523686933339223,19.542208862575865,3.49650756146648,40,0.06,2.0388536364545806,2.833213344056216,12,4,50,680.9475099060408,3050,100,11,9
-4.0898073533937485,18.281920434698748,-2.833213344056216,22,0.21,2.6447919445669723,0.0,21,6,50,705.666863931327,-4.079725904621596,13.46533855826981,0.0,25,0.16,2.367863191880982,-3.49650756146648,21,18,50,419.686387751276,-2.670693539088081,15.80040277091802,0.0,25,0.21,2.365818848219421,-2.833213344056216,21,18,50,623.3267263328274,-3.477453289043112,15.529298535168945,-1.416606672028108,27,0.17,2.325788947786846,0.0,17,2,50,589.0515295699104,6.034285803160093,20.341987421079,0.0,32,0.11,1.9085913805651609,-3.49650756146648,17,2,50,719.4077465674445,5.8290385498369846,22.50947130142907,3.49650756146648,41,0.0,1.950630732880403,3.49650756146648,18,18,6,741.0250590001912,4.075177451589175,22.272656539878067,3.1648604527613484,43,0.1,2.1711120978813985,3.8918202981106265,12,2,50,1032.1356235877963,5.470221003268302,19.89181660709697,3.49650756146648,41,0.06,2.0651940181062587,2.833213344056216,12,4,50,696.8606763922095,3100,100,11,9
-3.8327288424518993,18.06385584727119,-2.2213256282451583,21,0.22,2.6287314690959094,0.0,22,6,50,671.6394092793886,-3.9626236534676247,13.140991598735605,0.0,24,0.15,2.351740296589633,-3.49650756146648,24,18,50,388.3237057019005,-3.3112695369275995,15.237960748031828,-2.833213344056216,24,0.21,2.304290300135315,-2.833213344056216,23,18,50,605.8754401061724,-3.387245401145606,15.230893818560228,-2.833213344056216,26,0.17,2.2963673954311035,-3.49650756146648,18,2,50,554.2892389707346,4.995242187816885,19.8914695900439,0.0,30,0.12,1.9059252053401856,-3.49650756146648,17,2,50,691.7373182717188,6.729494309764816,22.47474432697094,3.49650756146648,40,0.0,1.9332808458183008,3.49650756146648,18,18,6,799.5071285584746,5.536230493134476,22.612551592905,3.49650756146648,44,0.1,2.142812121764598,-2.833213344056216,11,2,50,997.1620268558804,6.0081334603307,19.741232071748502,3.49650756146648,41,0.05,2.0621320233854235,-3.49650756146648,12,4,50,637.4030039977836,3150,100,11,9
-4.427305734927904,17.367031819128076,-2.2213256282451583,21,0.23,2.629237654836313,0.0,23,6,50,680.8023435289399,-4.533153452874679,13.178411169854732,0.0,24,0.17,2.3277445093718194,-3.49650756146648,24,8,50,440.8312213829171,-3.381199674697839,15.214563144963437,-2.833213344056216,24,0.23,2.619727109068126,-2.833213344056216,23,18,50,605.8754387602633,-2.4974838855092614,15.525849285163424,-2.833213344056216,26,0.16,2.33602497563955,-3.49650756146648,17,2,50,535.2602993391276,6.212581946535931,20.04167463860379,0.0,31,0.11,1.8810329377807795,-3.49650756146648,17,2,50,694.5559461247274,7.851493956090056,22.54567050308227,3.49650756146648,41,0.0,1.9024549991691009,3.49650756146648,15,18,6,790.2637293040985,5.193127435688151,22.47265943910372,3.1648604527613484,44,0.12,2.0729719058709937,0.0,12,2,50,974.184577717606,4.8242464513775625,19.570613788859884,3.49650756146648,41,0.05,2.0682257878488004,-3.49650756146648,12,4,50,645.2251314139089,3200,100,11,9
-4.370905379138413,17.383131149507978,-2.2213256282451583,21,0.23,2.645104992549128,0.0,23,6,50,683.2234880447843,-4.370449765987793,13.225158189539943,0.0,25,0.18,2.336329193763534,-3.49650756146648,22,18,50,444.21330962820696,-2.440773057384958,15.513273626334335,0.0,25,0.23,2.348591380994175,-2.833213344056216,23,18,50,596.0240108912612,-2.303932707999463,15.555208931084548,0.0,27,0.16,2.3532696901802903,-3.49650756146648,17,2,50,542.4373088708614,7.544697354657013,20.076321826511684,0.0,32,0.1,1.8634536617538893,-3.49650756146648,16,2,50,694.2457835773062,7.934269198897047,22.51690377265851,3.49650756146648,43,0.0,1.9037982531559243,3.49650756146648,15,18,6,777.1863051692873,4.243767678095644,22.151989164321428,3.1648604527613484,41,0.12,2.05710456815764,0.0,12,2,50,957.988846054089,4.168485463455857,19.36900559676776,3.49650756146648,39,0.06,2.3966617708004128,2.833213344056216,12,4,50,660.5064904461461,3250,100,11,9
-4.027802185461142,18.294775972751616,-2.2213256282451583,22,0.21,2.6606592822797865,0.0,21,6,50,711.8673654861518,-4.044760693595996,13.471345840771212,0.0,26,0.17,2.374144788141277,-3.49650756146648,20,18,50,423.18288177164897,-2.628949530978179,15.801889080469705,0.0,26,0.22,2.3713296946826867,0.0,22,18,50,627.5011000616287,-2.612070657529035,15.816297422032342,0.0,28,0.17,2.367703218214809,0.0,17,2,50,573.2511038238183,6.663827695058078,20.144539037848723,0.0,33,0.11,1.8931620959649769,-3.49650756146648,17,2,50,726.4007540711593,6.465309886467633,22.333962947134022,3.49650756146648,42,0.0,1.94002380536411,3.49650756146648,18,18,6,795.3562096757955,3.64255798236791,22.2605532477406,2.833213344056216,42,0.11,2.159906472396893,3.8918202981106265,12,2,50,1012.4433889386744,5.07256661055876,19.902792977305754,3.49650756146648,40,0.06,2.0501980415321475,2.833213344056216,12,4,50,680.664949214909,3300,100,11,9
-4.077569599075901,18.283167041257627,-2.2213256282451583,22,0.21,2.6447919445669723,0.0,21,6,50,710.1095151876548,-4.207464350872893,13.429402578896545,0.0,25,0.16,2.3689130034243724,-3.49650756146648,22,18,50,419.8007905653602,-3.021573626889057,15.423285562117105,-1.416606672028108,25,0.21,2.3401701341307897,-2.833213344056216,21,18,50,589.794111615719,-3.597121032805985,15.501615945784843,-2.833213344056216,27,0.17,2.314084172871617,0.0,17,2,50,589.2628323826384,5.388649608324104,20.03450201052313,0.0,31,0.12,1.912818774065216,-3.49650756146648,17,2,50,721.0171844797158,5.826925458898059,22.51029427998915,3.49650756146648,41,0.0,1.950630732880403,3.49650756146648,18,18,50,798.3201187953832,4.6268827859647725,22.60051943739409,3.1648604527613484,44,0.1,2.1606907759292766,-2.833213344056216,11,2,50,1032.1356311245086,5.721694626696036,20.07037509459853,3.49650756146648,42,0.05,2.0686560378365124,-3.49650756146648,11,4,50,664.7202989261586,3350,100,11,9
-3.511324992421754,17.852541503448588,-1.6094379124341005,20,0.23,2.6289246068541576,0.0,23,6,50,646.492039399307,-4.147308240928876,12.936939668142694,0.0,23,0.16,2.3367752312302663,-3.49650756146648,24,18,50,409.23971531126966,-2.996498566263817,14.975743055941162,-2.833213344056216,23,0.22,2.3004706858313075,-2.833213344056216,23,18,50,574.3983430397941,-3.0091772214265906,14.981600572955776,-2.833213344056216,25,0.18,2.303441165978842,0.0,18,2,50,523.475436121766,5.97451998699289,19.86740885680062,0.0,31,0.12,1.8931620959649769,-3.49650756146648,16,2,6,681.5457804793364,7.638841957711179,22.401654772908472,3.49650756146648,41,0.0,1.9129350397776232,3.49650756146648,17,18,6,808.2822658852058,5.851001325617199,22.312217541684703,3.49650756146648,43,0.11,2.1380902351067186,-2.833213344056216,11,2,50,971.3513702952612,5.733594040106113,19.57534153989703,3.49650756146648,41,0.05,2.0586700036551697,-3.49650756146648,12,4,50,610.2515389887845,3400,100,11,9
-4.107193926021605,17.15822238047565,-1.6094379124341005,21,0.24,2.627105067638614,0.0,24,6,50,649.8593276101706,-4.126753063524166,12.93522794083844,0.0,24,0.17,2.3219208310206314,-3.49650756146648,23,18,50,412.8506242589112,-2.738245904539247,15.340256538267909,-2.833213344056216,24,0.23,2.310960140410412,-2.833213344056216,24,18,50,612.8830330932892,-2.082904174357406,15.266852242627744,0.0,26,0.16,2.3374704850942924,-3.49650756146648,17,2,50,507.67501369561023,7.191859821902441,19.958152746667203,0.0,31,0.11,1.8642902997055488,-3.49650756146648,16,2,50,666.575355281495,8.491621917527638,22.31085781665942,3.49650756146648,42,0.0,1.8882444141543304,3.49650756146648,15,18,6,730.318120703844,5.153115276694061,22.17997767632349,3.49650756146648,43,0.12,2.0477475750508214,0.0,12,2,50,923.0152526418972,4.73473002075938,19.2395157712804,3.49650756146648,39,0.06,2.045750242169806,-3.49650756146648,12,4,22,610.8178949338788,3450,100,11,9
-4.685676286991296,17.584953015887073,-2.833213344056216,22,0.22,2.645104992549128,0.0,22,6,50,714.7005788300726,-4.087502755676496,13.45203328237986,0.0,26,0.18,2.3574283161936176,-3.49650756146648,20,18,50,426.1304995448784,-2.6988796229874645,15.782351344404669,0.0,26,0.24,2.3626001508696586,0.0,24,18,50,627.5010941396242,-2.5837384648684223,15.823487166805505,0.0,28,0.16,2.362600150947545,-3.49650756146648,16,2,50,570.4178845577574,7.251625638065989,20.42706214798168,0.0,33,0.1,1.8797590525805887,-3.49650756146648,17,2,50,722.2263668011287,7.024921550945383,22.60150976458435,3.49650756146648,43,0.0,1.9255307293635824,3.49650756146648,16,18,6,813.1884645245448,3.2711227582819875,22.09507060298437,2.833213344056216,41,0.12,2.0796615501912945,-2.833213344056216,12,2,50,986.6327297760448,4.5236868211792896,19.54220900154712,3.49650756146648,40,0.06,2.0388536364545806,2.833213344056216,12,4,50,680.9475211214872,3500,100,11,9
-4.089807353390844,18.2819204346944,-2.833213344056216,22,0.21,2.6447919445669723,0.0,21,6,50,705.6668639310367,-4.079725770030707,13.465338795872002,0.0,25,0.16,2.367863191880982,-3.49650756146648,21,18,50,419.6863742921871,-2.6706934044971926,15.800402961403735,0.0,25,0.21,2.365818848219421,-2.833213344056216,21,18,50,623.3267128737389,-3.477453176883541,15.52929870250413,-1.416606672028108,27,0.17,2.325788947786846,0.0,17,2,50,589.0515183539533,6.034285803155479,20.34198742107005,0.0,32,0.11,1.9085913805651609,-3.49650756146648,17,2,50,719.4077465671539,5.829038549832884,22.509471301418657,3.49650756146648,41,0.0,1.950630732880403,3.49650756146648,18,18,6,741.0250589997864,4.075177316997582,22.272656683488268,3.1648604527613484,43,0.1,2.1711120978813985,3.8918202981106265,12,2,50,1032.135637046204,5.470220868676207,19.891816777337464,3.49650756146648,41,0.06,2.0651940181062587,2.833213344056216,12,4,50,696.8606898508036,3550,100,11,9
-3.8327288424491632,18.063855847267003,-2.2213256282451583,21,0.22,2.6287314690959094,0.0,22,6,50,671.6394092791151,-3.962623518876942,13.140991841003236,0.0,24,0.15,2.351740296589633,-3.49650756146648,24,18,50,388.3236922428322,-3.3112694247682395,15.237960917343385,-2.833213344056216,24,0.21,2.304290300135315,-2.833213344056216,23,18,50,605.8754288902364,-3.3872452889862354,15.230893988509838,-2.833213344056216,26,0.17,2.2963673954311035,-3.49650756146648,18,2,50,554.2892277547976,4.995242187812782,19.8914695900352,0.0,30,0.12,1.9059252053401856,-3.49650756146648,17,2,50,691.7373182714452,6.729494309760201,22.4747443269606,3.49650756146648,40,0.0,1.9332808458183008,3.49650756146648,18,18,6,799.5071285580431,5.536230358542065,22.612551743052304,3.49650756146648,44,0.1,2.142812121764598,-2.833213344056216,11,2,50,997.1620403143012,6.0081333257382985,19.74123224695503,3.49650756146648,41,0.05,2.0621320233854235,-3.49650756146648,12,4,50,637.4030174564083,3600,100,11,9
-4.427305734925169,17.36703181912382,-2.2213256282451583,21,0.23,2.629237654836313,0.0,23,6,50,680.8023435286665,-4.533153340715346,13.178411376025858,0.0,24,0.17,2.3277445093718194,-3.49650756146648,24,8,50,440.8312101669839,-3.3811995625385087,15.214563315050835,-2.833213344056216,24,0.23,2.619727109068126,-2.833213344056216,23,18,50,605.8754275443303,-2.497483750918594,15.525849477516344,-2.833213344056216,26,0.16,2.33602497563955,-3.49650756146648,17,2,50,535.2602858800609,6.212581946531146,20.041674638595072,0.0,31,0.11,1.8810329377807795,-3.49650756146648,17,2,50,694.5559461244541,7.851493956084758,22.54567050307195,3.49650756146648,41,0.0,1.9024549991691009,3.49650756146648,15,18,6,790.2637293036835,5.193127301095947,22.47265958813096,3.1648604527613484,44,0.12,2.0729719058709937,0.0,12,2,50,974.1845911760404,4.824246316785881,19.57061395745229,3.49650756146648,41,0.05,2.0682257878488004,-3.49650756146648,12,4,50,645.2251448725301,3650,100,11,9
-4.370905379135508,17.383131149503445,-2.2213256282451583,21,0.23,2.645104992549128,0.0,23,6,50,683.2234880444938,-4.37044965382832,13.225158393602069,0.0,25,0.18,2.336329193763534,-3.49650756146648,22,18,50,444.2132984122596,-2.440772922794169,15.513273818350788,0.0,25,0.23,2.348591380994175,-2.833213344056216,23,18,50,596.0239974321823,-2.303932573408661,15.555209121399352,0.0,27,0.16,2.3532696901802903,-3.49650756146648,17,2,50,542.4372954117812,7.5446973546517135,20.07632182650269,0.0,32,0.1,1.8634536617538893,-3.49650756146648,16,2,50,694.2457835770156,7.9342691988919185,22.516903772647893,3.49650756146648,43,0.0,1.9037982531559243,3.49650756146648,15,18,6,777.1863051688634,4.243767565935641,22.151989285500107,3.1648604527613484,41,0.12,2.05710456815764,0.0,12,2,50,957.9888572693712,4.168485351296206,19.369005734924983,3.49650756146648,39,0.06,2.3966617708004128,2.833213344056216,12,4,50,660.5065016615986,3700,100,11,9
-4.027802185458066,18.294775972747,-2.2213256282451583,22,0.21,2.6606592822797865,0.0,21,6,50,711.8673654858442,-4.044760559005069,13.47134607791754,0.0,26,0.17,2.374144788141277,-3.49650756146648,20,18,50,423.18286831255614,-2.628949396387254,15.801889270581457,0.0,26,0.22,2.3713296946826867,0.0,22,18,50,627.5010866025362,-2.612070522938098,15.816297611827292,0.0,28,0.17,2.367703218214809,0.0,17,2,50,573.2510903647247,6.663827695053291,20.14453903783963,0.0,33,0.11,1.8931620959649769,-3.49650756146648,17,2,50,726.4007540708517,6.46530988646336,22.333962947123457,3.49650756146648,42,0.0,1.94002380536411,3.49650756146648,18,18,6,795.3562096753725,3.6425578702082775,22.26055336529901,2.833213344056216,42,0.11,2.159906472396893,3.8918202981106265,12,2,50,1012.4434001539196,5.072566498398626,19.90279311685176,3.49650756146648,40,0.06,2.0501980415321475,2.833213344056216,12,4,50,680.6649604303414,3750,100,11,9
-4.077569599072996,18.283167041253275,-2.2213256282451583,22,0.21,2.6447919445669723,0.0,21,6,50,710.1095151873642,-4.2074642162821725,13.429402818414458,0.0,25,0.16,2.3689130034243724,-3.49650756146648,22,18,50,419.80077710628814,-3.02157349229834,15.423285760322116,-1.416606672028108,25,0.21,2.3401701341307897,-2.833213344056216,21,18,50,589.7940981566472,-3.597120920646556,15.50161611428449,-2.833213344056216,27,0.17,2.314084172871617,0.0,17,2,50,589.2628211666954,5.388649608319831,20.03450201051435,0.0,31,0.12,1.912818774065216,-3.49650756146648,17,2,50,721.0171844794253,5.826925458893958,22.51029427997874,3.49650756146648,41,0.0,1.950630732880403,3.49650756146648,18,18,50,798.3201187950757,4.626882651373004,22.600519582205912,3.1648604527613484,44,0.1,2.1606907759292766,-2.833213344056216,11,2,50,1032.1356445828992,5.721694492103939,20.070375265010416,3.49650756146648,42,0.05,2.0686560378365124,-3.49650756146648,11,4,50,664.720312384753,3800,100,11,9
-3.5113249924191905,17.85254150344457,-1.6094379124341005,20,0.23,2.6289246068541576,0.0,23,6,50,646.4920393990508,-4.147308128769824,12.93693987481707,0.0,23,0.16,2.3367752312302663,-3.49650756146648,24,18,50,409.2397040953646,-2.9964984541047683,14.975743225859954,-2.833213344056216,23,0.22,2.3004706858313075,-2.833213344056216,23,18,50,574.3983318238893,-3.009177109267532,14.981600742903066,-2.833213344056216,25,0.18,2.303441165978842,0.0,18,2,50,523.4754249058601,5.974519986988277,19.86740885679199,0.0,31,0.12,1.8931620959649769,-3.49650756146648,16,2,6,681.5457804790348,7.638841957706052,22.40165477289821,3.49650756146648,41,0.0,1.9129350397776232,3.49650756146648,17,18,6,808.2822658847767,5.851001191024782,22.312217695751947,3.49650756146648,43,0.11,2.1380902351067186,-2.833213344056216,11,2,50,971.3513837536824,5.733593905514051,19.575341714700723,3.49650756146648,41,0.05,2.0586700036551697,-3.49650756146648,12,4,50,610.2515524474095,3850,100,11,9
-4.10719392601887,17.158222380471287,-1.6094379124341005,21,0.24,2.627105067638614,0.0,24,6,50,649.8593276098972,-4.126752951364975,12.93522814736152,0.0,24,0.17,2.3219208310206314,-3.49650756146648,23,18,50,412.8506130429921,-2.7382457923800576,15.34025670226055,-2.833213344056216,24,0.23,2.310960140410412,-2.833213344056216,24,18,50,612.8830218773704,-2.082904039766908,15.266852434588753,0.0,26,0.16,2.3374704850942924,-3.49650756146648,17,2,50,507.6750002365604,7.191859821897313,19.958152746658268,0.0,31,0.11,1.8642902997055488,-3.49650756146648,16,2,50,666.5753552812214,8.491621917522165,22.31085781664896,3.49650756146648,42,0.0,1.8882444141543304,3.49650756146648,15,18,6,730.3181207034463,5.153115164533656,22.179977801947416,3.49650756146648,43,0.12,2.0477475750508214,0.0,12,2,50,923.0152638571856,4.734729908599498,19.23951591366843,3.49650756146648,39,0.06,2.045750242169806,-3.49650756146648,12,4,22,610.8179012832645,3900,100,11,9
-4.685676286988219,17.584953015882387,-2.833213344056216,22,0.22,2.645104992549128,0.0,22,6,50,714.700578829765,-4.087502621085702,13.452033520294073,0.0,26,0.18,2.3574283161936176,-3.49650756146648,20,18,50,426.1304860857989,-2.6988794883966727,15.782351535347946,0.0,26,0.24,2.3626001508696586,0.0,24,18,50,627.5010806805451,-2.5837383302776185,15.82348735627305,0.0,28,0.16,2.362600150947545,-3.49650756146648,16,2,50,570.4178710986769,7.251625638060859,20.427062147972435,0.0,33,0.1,1.8797590525805887,-3.49650756146648,17,2,50,722.226366800821,7.024921550940768,22.60150976457364,3.49650756146648,43,0.0,1.9255307293635824,3.49650756146648,16,18,6,813.1884645241071,3.271122646122637,22.095070719537866,2.833213344056216,41,0.12,2.0796615501912945,-2.833213344056216,12,2,50,986.6327409912964,4.523686709019608,19.542209140518064,3.49650756146648,40,0.06,2.0388536364545806,2.833213344056216,12,4,50,680.9475323369086,3950,100,11,9
-4.089807353387938,18.281920434690047,-2.833213344056216,22,0.21,2.6447919445669723,0.0,21,6,50,705.6668639307461,-4.079725635440119,13.46533903347368,0.0,25,0.16,2.367863191880982,-3.49650756146648,21,18,50,419.6863608331282,-2.6706932699066086,15.800403151889036,0.0,25,0.21,2.365818848219421,-2.833213344056216,21,18,50,623.3266994146804,-3.4774530647242203,15.52929886983895,-1.416606672028108,27,0.17,2.325788947786846,0.0,17,2,50,589.0515071380214,6.034285803150864,20.341987421061106,0.0,32,0.11,1.9085913805651609,-3.49650756146648,17,2,50,719.4077465668634,5.829038549828783,22.509471301408247,3.49650756146648,41,0.0,1.950630732880403,3.49650756146648,18,18,6,741.0250589993817,4.07517718240629,22.27265682709816,3.1648604527613484,43,0.1,2.1711120978813985,3.8918202981106265,12,2,50,1032.1356505045817,5.470220734084414,19.89181694757759,3.49650756146648,41,0.06,2.0651940181062587,2.833213344056216,12,4,50,696.8607033093676,4000,100,11,9
-3.832728842446429,18.06385584726282,-2.2213256282451583,21,0.22,2.6287314690959094,0.0,22,6,50,671.6394092788416,-3.9626233842865615,13.140992083270342,0.0,24,0.15,2.351740296589633,-3.49650756146648,24,18,50,388.3236787837941,-3.311269312609131,15.237961086654572,-2.833213344056216,24,0.21,2.304290300135315,-2.833213344056216,23,18,50,605.8754176743255,-3.387245176827117,15.230894158459082,-2.833213344056216,26,0.17,2.2963673954311035,-3.49650756146648,18,2,50,554.2892165388856,4.995242187808682,19.891469590026485,0.0,30,0.12,1.9059252053401856,-3.49650756146648,17,2,50,691.7373182711717,6.7294943097555855,22.474744326950248,3.49650756146648,40,0.0,1.9332808458183008,3.49650756146648,18,18,6,799.507128557612,5.5362302239499535,22.612551893199285,3.49650756146648,44,0.1,2.142812121764598,-2.833213344056216,11,2,50,997.162053772692,6.008133191146199,19.74123242216117,3.49650756146648,41,0.05,2.0621320233854235,-3.49650756146648,12,4,50,637.403030915003,4050,100,11,9
-4.4273057349224345,17.36703181911956,-2.2213256282451583,21,0.23,2.629237654836313,0.0,23,6,50,680.8023435283931,-4.533153228556265,13.17841158219654,0.0,24,0.17,2.3277445093718194,-3.49650756146648,24,8,50,440.8311989510757,-3.381199450379431,15.214563485137871,-2.833213344056216,24,0.23,2.619727109068126,-2.833213344056216,23,18,50,605.8754163284225,-2.4974836163282284,15.525849669868848,-2.833213344056216,26,0.16,2.33602497563955,-3.49650756146648,17,2,50,535.2602724210244,6.212581946526359,20.04167463858636,0.0,31,0.11,1.8810329377807795,-3.49650756146648,17,2,50,694.5559461241805,7.85149395607946,22.54567050306163,3.49650756146648,41,0.0,1.9024549991691009,3.49650756146648,15,18,6,790.2637293032684,5.193127166504044,22.47265973715787,3.1648604527613484,44,0.12,2.0729719058709937,0.0,12,2,50,974.1846046344444,4.824246182194502,19.570614126044347,3.49650756146648,41,0.05,2.0682257878488004,-3.49650756146648,12,4,50,645.2251583311211,4100,100,11,9
-4.370905379132602,17.383131149498915,-2.2213256282451583,21,0.23,2.645104992549128,0.0,23,6,50,683.2234880442034,-4.3704495416691,13.225158597663745,0.0,25,0.18,2.336329193763534,-3.49650756146648,22,18,50,444.21328719633743,-2.4407727882036805,15.513274010366825,0.0,25,0.23,2.348591380994175,-2.833213344056216,23,18,50,596.0239839731335,-2.303932438818161,15.555209311713744,0.0,27,0.16,2.3532696901802903,-3.49650756146648,17,2,50,542.4372819527312,7.544697354646415,20.076321826493693,0.0,32,0.1,1.8634536617538893,-3.49650756146648,16,2,50,694.245783576725,7.934269198886792,22.51690377263728,3.49650756146648,43,0.0,1.9037982531559243,3.49650756146648,15,18,6,777.1863051684394,4.243767453775887,22.15198940667852,3.1648604527613484,41,0.12,2.05710456815764,0.0,12,2,50,957.9888684846288,4.168485239136806,19.369005873081907,3.49650756146648,39,0.06,2.3966617708004128,2.833213344056216,12,4,50,660.5065128770259,4150,100,11,9
-4.027802185454989,18.294775972742386,-2.2213256282451583,22,0.21,2.6606592822797865,0.0,21,6,50,711.8673654855365,-4.044760424414443,13.47134631506336,0.0,26,0.17,2.374144788141277,-3.49650756146648,20,18,50,423.1828548534936,-2.6289492617966324,15.801889460692802,0.0,26,0.22,2.3713296946826867,0.0,22,18,50,627.5010731434741,-2.612070388347463,15.816297801621827,0.0,28,0.17,2.367703218214809,0.0,17,2,50,573.2510769056614,6.663827695048507,20.14453903783053,0.0,33,0.11,1.8931620959649769,-3.49650756146648,17,2,50,726.400754070544,6.465309886459089,22.33396294711289,3.49650756146648,42,0.0,1.94002380536411,3.49650756146648,18,18,6,795.3562096749494,3.642557758048897,22.26055348285716,2.833213344056216,42,0.11,2.159906472396893,3.8918202981106265,12,2,50,1012.44341136914,5.072566386238743,19.902793256397462,3.49650756146648,40,0.06,2.0501980415321475,2.833213344056216,12,4,50,680.6649716457484,4200,100,11,9
-4.077569599070091,18.28316704124892,-2.2213256282451583,22,0.21,2.6447919445669723,0.0,21,6,50,710.1095151870736,-4.207464081691754,13.429403057931852,0.0,25,0.16,2.3689130034243724,-3.49650756146648,22,18,50,419.8007636472463,-3.0215733577079247,15.423285958526709,-1.416606672028108,25,0.21,2.3401701341307897,-2.833213344056216,21,18,50,589.7940846976056,-3.597120808487377,15.501616282783768,-2.833213344056216,27,0.17,2.314084172871617,0.0,17,2,50,589.2628099507776,5.388649608315559,20.03450201050556,0.0,31,0.12,1.912818774065216,-3.49650756146648,17,2,50,721.0171844791347,5.826925458889856,22.51029427996833,3.49650756146648,41,0.0,1.950630732880403,3.49650756146648,18,18,50,798.320118794768,4.626882516781539,22.600519727017424,3.1648604527613484,44,0.1,2.1606907759292766,-2.833213344056216,11,2,50,1032.1356580412594,5.721694357512144,20.07037543542193,3.49650756146648,42,0.05,2.0686560378365124,-3.49650756146648,11,4,50,664.7203258433173,4250,100,11,9
-3.5113249924166268,17.852541503440555,-1.6094379124341005,20,0.23,2.6289246068541576,0.0,23,6,50,646.4920393987945,-4.147308016611024,12.936940081490995,0.0,23,0.16,2.3367752312302663,-3.49650756146648,24,18,50,409.2396928794847,-2.9964983419459714,14.97574339577838,-2.833213344056216,23,0.22,2.3004706858313075,-2.833213344056216,23,18,50,574.3983206080096,-3.009176997108725,14.981600912849986,-2.833213344056216,25,0.18,2.303441165978842,0.0,18,2,50,523.4754136899794,5.974519986983663,19.86740885678336,0.0,31,0.12,1.8931620959649769,-3.49650756146648,16,2,6,681.5457804787334,7.638841957700924,22.40165477288795,3.49650756146648,41,0.0,1.9129350397776232,3.49650756146648,17,18,6,808.2822658843478,5.851001056432669,22.31221784981885,3.49650756146648,43,0.11,2.1380902351067186,-2.833213344056216,11,2,50,971.3513972120732,5.733593770922294,19.575341889504035,3.49650756146648,41,0.05,2.0586700036551697,-3.49650756146648,12,4,50,610.2515659060043,4300,100,11,9
-4.107193926016135,17.15822238046692,-1.6094379124341005,21,0.24,2.627105067638614,0.0,24,6,50,649.8593276096236,-4.126752839206035,12.93522835388415,0.0,24,0.17,2.3219208310206314,-3.49650756146648,23,18,50,412.8506018270981,-2.73824568022112,15.34025686625284,-2.833213344056216,24,0.23,2.310960140410412,-2.833213344056216,24,18,50,612.8830106614766,-2.082903905176712,15.266852626549351,0.0,26,0.16,2.3374704850942924,-3.49650756146648,17,2,50,507.6749867775409,7.191859821892186,19.958152746649333,0.0,31,0.11,1.8642902997055488,-3.49650756146648,16,2,50,666.575355280948,8.4916219175167,22.310857816638503,3.49650756146648,42,0.0,1.8882444141543304,3.49650756146648,15,18,6,730.3181207030489,5.153115052373504,22.17997792757107,3.49650756146648,43,0.12,2.0477475750508214,0.0,12,2,50,923.0152750724492,4.734729796439866,19.23951605605616,3.49650756146648,39,0.06,2.045750242169806,-3.49650756146648,12,4,22,610.817907632636,4350,100,11,9
-4.685676286985143,17.5849530158777,-2.833213344056216,22,0.22,2.645104992549128,0.0,22,6,50,714.7005788294574,-4.087502486495208,13.452033758207772,0.0,26,0.18,2.3574283161936176,-3.49650756146648,20,18,50,426.1304726267496,-2.698879353806183,15.782351726290816,0.0,26,0.24,2.3626001508696586,0.0,24,18,50,627.5010672214962,-2.5837381956871166,15.823487545740187,0.0,28,0.16,2.362600150947545,-3.49650756146648,16,2,50,570.4178576396266,7.251625638055733,20.427062147963195,0.0,33,0.1,1.8797590525805887,-3.49650756146648,17,2,50,722.2263668005133,7.024921550936154,22.601509764562937,3.49650756146648,43,0.0,1.9255307293635824,3.49650756146648,16,18,6,813.1884645236694,3.271122533963539,22.095070836091107,2.833213344056216,41,0.12,2.0796615501912945,-2.833213344056216,12,2,50,986.6327522065226,4.523686596860177,19.542209279488723,3.49650756146648,40,0.06,2.0388536364545806,2.833213344056216,12,4,50,680.9475435523048,4400,100,11,9
-4.089807353385032,18.28192043468569,-2.833213344056216,22,0.21,2.6447919445669723,0.0,21,6,50,705.6668639304555,-4.079725500849833,13.465339271074836,0.0,25,0.16,2.367863191880982,-3.49650756146648,21,18,50,419.6863473740997,-2.6706931353163266,15.800403342373926,0.0,25,0.21,2.365818848219421,-2.833213344056216,21,18,50,623.3266859556521,-3.477452952565153,15.529299037173413,-1.416606672028108,27,0.17,2.325788947786846,0.0,17,2,50,589.0514959221146,6.03428580314625,20.34198742105216,0.0,32,0.11,1.9085913805651609,-3.49650756146648,17,2,50,719.4077465665728,5.829038549824679,22.50947130139784,3.49650756146648,41,0.0,1.950630732880403,3.49650756146648,18,18,6,741.0250589989768,4.075177047815298,22.27265697070773,3.1648604527613484,43,0.1,2.1711120978813985,3.8918202981106265,12,2,50,1032.1356639629284,5.470220599492922,19.89181711781735,3.49650756146648,41,0.06,2.0651940181062587,2.833213344056216,12,4,50,696.8607167679015,4450,100,11,9
-3.832728842443696,18.06385584725863,-2.2213256282451583,21,0.22,2.6287314690959094,0.0,22,6,50,671.6394092785681,-3.962623249696483,13.140992325536924,0.0,24,0.15,2.351740296589633,-3.49650756146648,24,18,50,388.3236653247863,-3.311269200450273,15.237961255965397,-2.833213344056216,24,0.21,2.304290300135315,-2.833213344056216,23,18,50,605.8754064584398,-3.387245064668249,15.230894328407956,-2.833213344056216,26,0.17,2.2963673954311035,-3.49650756146648,18,2,50,554.2892053229989,4.995242187804579,19.89146959001778,0.0,30,0.12,1.9059252053401856,-3.49650756146648,17,2,50,691.7373182708984,6.729494309750972,22.4747443269399,3.49650756146648,40,0.0,1.9332808458183008,3.49650756146648,18,18,6,799.5071285571804,5.536230089358145,22.612552043345943,3.49650756146648,44,0.1,2.142812121764598,-2.833213344056216,11,2,50,997.1620672310524,6.008133056554403,19.74123259736693,3.49650756146648,41,0.05,2.0621320233854235,-3.49650756146648,12,4,50,637.4030443735674,4500,100,11,9
-4.4273057349197,17.3670318191153,-2.2213256282451583,21,0.23,2.629237654836313,0.0,23,6,50,680.8023435281196,-4.533153116397435,13.178411788366777,0.0,24,0.17,2.3277445093718194,-3.49650756146648,24,8,50,440.8311877351928,-3.381199338220604,15.214563655224534,-2.833213344056216,24,0.23,2.619727109068126,-2.833213344056216,23,18,50,605.8754051125397,-2.497483481738165,15.52584986222094,-2.833213344056216,26,0.16,2.33602497563955,-3.49650756146648,17,2,50,535.260258962018,6.212581946521574,20.04167463857764,0.0,31,0.11,1.8810329377807795,-3.49650756146648,17,2,50,694.5559461239071,7.851493956074162,22.5456705030513,3.49650756146648,41,0.0,1.9024549991691009,3.49650756146648,15,18,6,790.2637293028531,5.193127031912442,22.472659886184463,3.1648604527613484,44,0.12,2.0729719058709937,0.0,12,2,50,974.1846180928186,4.824246047603426,19.57061429463603,3.49650756146648,41,0.05,2.0682257878488004,-3.49650756146648,12,4,50,645.2251717896818,4550,100,11,9
-4.370905379129696,17.383131149494385,-2.2213256282451583,21,0.23,2.645104992549128,0.0,23,6,50,683.2234880439128,-4.370449429510129,13.225158801724984,0.0,25,0.18,2.336329193763534,-3.49650756146648,22,18,50,444.21327598044047,-2.440772653613495,15.513274202382444,0.0,25,0.23,2.348591380994175,-2.833213344056216,23,18,50,596.0239705141149,-2.303932304227964,15.555209502027724,0.0,27,0.16,2.3532696901802903,-3.49650756146648,17,2,50,542.4372684937114,7.5446973546411185,20.076321826484698,0.0,32,0.1,1.8634536617538893,-3.49650756146648,16,2,50,694.2457835764345,7.934269198881664,22.51690377262666,3.49650756146648,43,0.0,1.9037982531559243,3.49650756146648,15,18,6,777.1863051680156,4.243767341616387,22.15198952785668,3.1648604527613484,41,0.12,2.05710456815764,0.0,12,2,50,957.9888796998612,4.168485126977657,19.36900601123853,3.49650756146648,39,0.06,2.3966617708004128,2.833213344056216,12,4,50,660.506524092428,4600,100,11,9
-4.027802185451913,18.294775972737764,-2.2213256282451583,22,0.21,2.6606592822797865,0.0,21,6,50,711.8673654852289,-4.04476028982412,13.471346552208662,0.0,26,0.17,2.374144788141277,-3.49650756146648,20,18,50,423.1828413944613,-2.6289491272063112,15.801889650803734,0.0,26,0.22,2.3713296946826867,0.0,22,18,50,627.501059684442,-2.612070253757129,15.81629799141596,0.0,28,0.17,2.367703218214809,0.0,17,2,50,573.251063446628,6.663827695043722,20.14453903782143,0.0,33,0.11,1.8931620959649769,-3.49650756146648,17,2,50,726.4007540702364,6.465309886454815,22.333962947102325,3.49650756146648,42,0.0,1.94002380536411,3.49650756146648,18,18,6,795.3562096745259,3.64255764588977,22.260553600415065,2.833213344056216,42,0.11,2.159906472396893,3.8918202981106265,12,2,50,1012.4434225843348,5.072566274079112,19.90279339594286,3.49650756146648,40,0.06,2.0501980415321475,2.833213344056216,12,4,50,680.6649828611305,4650,100,11,9
-4.077569599067185,18.283167041244567,-2.2213256282451583,22,0.21,2.6447919445669723,0.0,21,6,50,710.109515186783,-4.207463947101637,13.429403297448726,0.0,25,0.16,2.3689130034243724,-3.49650756146648,22,18,50,419.8007501882346,-3.0215732231178105,15.423286156730864,-1.416606672028108,25,0.21,2.3401701341307897,-2.833213344056216,21,18,50,589.7940712385944,-3.597120696328449,15.501616451282684,-2.833213344056216,27,0.17,2.314084172871617,0.0,17,2,50,589.2627987348849,5.388649608311286,20.034502010496777,0.0,31,0.12,1.912818774065216,-3.49650756146648,17,2,50,721.0171844788442,5.826925458885754,22.51029427995792,3.49650756146648,41,0.0,1.950630732880403,3.49650756146648,18,18,50,798.3201187944603,4.626882382190377,22.60051987182862,3.1648604527613484,44,0.1,2.1606907759292766,-2.833213344056216,11,2,50,1032.1356714995898,5.721694222920652,20.07037560583308,3.49650756146648,42,0.05,2.0686560378365124,-3.49650756146648,11,4,50,664.7203393018514,4700,100,11,9
-3.511324992414063,17.852541503436537,-1.6094379124341005,20,0.23,2.6289246068541576,0.0,23,6,50,646.492039398538,-4.147307904452477,12.936940288164472,0.0,23,0.16,2.3367752312302663,-3.49650756146648,24,18,50,409.2396816636298,-2.9964982297874267,14.975743565696432,-2.833213344056216,23,0.22,2.3004706858313075,-2.833213344056216,23,18,50,574.3983093921552,-3.009176884950169,14.98160108279654,-2.833213344056216,25,0.18,2.303441165978842,0.0,18,2,50,523.4754024741239,5.974519986979048,19.867408856774727,0.0,31,0.12,1.8931620959649769,-3.49650756146648,16,2,6,681.5457804784318,7.638841957695797,22.40165477287769,3.49650756146648,41,0.0,1.9129350397776232,3.49650756146648,17,18,6,808.2822658839187,5.8510009218408605,22.31221800388543,3.49650756146648,43,0.11,2.1380902351067186,-2.833213344056216,11,2,50,971.351410670434,5.733593636330837,19.57534206430696,3.49650756146648,41,0.05,2.0586700036551697,-3.49650756146648,12,4,50,610.2515793645689,4750,100,11,9
-4.107193926013402,17.15822238046256,-1.6094379124341005,21,0.24,2.627105067638614,0.0,24,6,50,649.8593276093502,-4.126752727047346,12.935228560406332,0.0,24,0.17,2.3219208310206314,-3.49650756146648,23,18,50,412.8505906112292,-2.7382455680624345,15.340257030244771,-2.833213344056216,24,0.23,2.310960140410412,-2.833213344056216,24,18,50,612.882999445608,-2.0829037705868165,15.266852818509534,0.0,26,0.16,2.3374704850942924,-3.49650756146648,17,2,50,507.67497331855134,7.191859821887059,19.9581527466404,0.0,31,0.11,1.8642902997055488,-3.49650756146648,16,2,50,666.5753552806746,8.49162191751123,22.31085781662805,3.49650756146648,42,0.0,1.8882444141543304,3.49650756146648,15,18,6,730.3181207026514,5.1531149402136,22.17997805319445,3.49650756146648,43,0.12,2.0477475750508214,0.0,12,2,50,923.0152862876872,4.734729684280486,19.23951619844357,3.49650756146648,39,0.06,2.045750242169806,-3.49650756146648,12,4,22,610.8179139819933,4800,100,11,9
-4.6856762869820665,17.584953015873012,-2.833213344056216,22,0.22,2.645104992549128,0.0,22,6,50,714.7005788291498,-4.087502351905017,13.452033996120948,0.0,26,0.18,2.3574283161936176,-3.49650756146648,20,18,50,426.1304591677306,-2.698879219215995,15.782351917233273,0.0,26,0.24,2.3626001508696586,0.0,24,18,50,627.5010537624773,-2.5837380610969167,15.823487735206912,0.0,28,0.16,2.362600150947545,-3.49650756146648,16,2,50,570.4178441806067,7.251625638050607,20.427062147953954,0.0,33,0.1,1.8797590525805887,-3.49650756146648,17,2,50,722.2263668002057,7.024921550931539,22.60150976455224,3.49650756146648,43,0.0,1.9255307293635824,3.49650756146648,16,18,6,813.1884645232317,3.271122421804692,22.09507095264409,2.833213344056216,41,0.12,2.0796615501912945,-2.833213344056216,12,2,50,986.6327634217236,4.523686484701,19.54220941845908,3.49650756146648,40,0.06,2.0388536364545806,2.833213344056216,12,4,50,680.9475547676757,4850,100,11,9
-4.089807353382128,18.281920434681336,-2.833213344056216,22,0.21,2.6447919445669723,0.0,21,6,50,705.6668639301649,-4.07972536625985,13.46533950867548,0.0,25,0.16,2.367863191880982,-3.49650756146648,21,18,50,419.6863339151013,-2.6706930007263447,15.8004035328584,0.0,25,0.21,2.365818848219421,-2.833213344056216,21,18,50,623.326672496654,-3.477452840406336,15.52929920450751,-1.416606672028108,27,0.17,2.325788947786846,0.0,17,2,50,589.0514847062327,6.034285803141636,20.34198742104321,0.0,32,0.11,1.9085913805651609,-3.49650756146648,17,2,50,719.4077465662823,5.829038549820577,22.50947130138743,3.49650756146648,41,0.0,1.950630732880403,3.49650756146648,18,18,6,741.025058998572,4.0751769132246105,22.272657114317,3.1648604527613484,43,0.1,2.1711120978813985,3.8918202981106265,12,2,50,1032.1356774212454,5.4702204649017325,19.89181728805673,3.49650756146648,41,0.06,2.0651940181062587,2.833213344056216,12,4,50,696.8607302264052,4900,100,11,9
-3.83272884244096,18.063855847254448,-2.2213256282451583,21,0.22,2.6287314690959094,0.0,22,6,50,671.6394092782948,-3.962623115106706,13.140992567802977,0.0,24,0.15,2.351740296589633,-3.49650756146648,24,18,50,388.32365186580864,-3.3112690882916684,15.237961425275856,-2.833213344056216,24,0.21,2.304290300135315,-2.833213344056216,23,18,50,605.8753952425793,-3.387244952509634,15.230894498356465,-2.833213344056216,26,0.17,2.2963673954311035,-3.49650756146648,18,2,50,554.2891941071375,4.995242187800477,19.89146959000908,0.0,30,0.12,1.9059252053401856,-3.49650756146648,17,2,50,691.7373182706249,6.729494309746358,22.47474432692956,3.49650756146648,40,0.0,1.9332808458183008,3.49650756146648,18,18,6,799.5071285567492,5.536229954766639,22.61255219349228,3.49650756146648,44,0.1,2.142812121764598,-2.833213344056216,11,2,50,997.1620806893828,6.008132921962908,19.74123277257232,3.49650756146648,41,0.05,2.0621320233854235,-3.49650756146648,12,4,50,637.4030578321015,4950,100,11,9
-4.427305734916966,17.36703181911104,-2.2213256282451583,21,0.23,2.629237654836313,0.0,23,6,50,680.8023435278462,-4.533153004238858,13.17841199453656,0.0,24,0.17,2.3277445093718194,-3.49650756146648,24,8,50,440.8311765193349,-3.3811992260620287,15.214563825310831,-2.833213344056216,24,0.23,2.619727109068126,-2.833213344056216,23,18,50,605.8753938966822,-2.497483347148404,15.525850054572617,-2.833213344056216,26,0.16,2.33602497563955,-3.49650756146648,17,2,50,535.2602455030419,6.2125819465167895,20.041674638568924,0.0,31,0.11,1.8810329377807795,-3.49650756146648,17,2,50,694.5559461236337,7.851493956068863,22.545670503040974,3.49650756146648,41,0.0,1.9024549991691009,3.49650756146648,15,18,6,790.2637293024379,5.193126897321141,22.472660035210733,3.1648604527613484,44,0.12,2.0729719058709937,0.0,12,2,50,974.1846315511624,4.82424591301265,19.570614463227347,3.49650756146648,41,0.05,2.0682257878488004,-3.49650756146648,12,4,50,645.2251852482124,5000,100,11,9
-4.370905379126791,17.383131149489856,-2.2213256282451583,21,0.23,2.645104992549128,0.0,23,6,50,683.2234880436222,-4.37044931735141,13.225159005785777,0.0,25,0.18,2.336329193763534,-3.49650756146648,22,18,50,444.21326476456863,-2.4407725190236103,15.51327439439765,0.0,25,0.23,2.348591380994175,-2.833213344056216,23,18,50,596.0239570551264,-2.3039321696380672,15.555209692341297,0.0,27,0.16,2.3532696901802903,-3.49650756146648,17,2,50,542.4372550347218,7.544697354635819,20.076321826475706,0.0,32,0.1,1.8634536617538893,-3.49650756146648,16,2,50,694.245783576144,7.934269198876536,22.516903772616043,3.49650756146648,43,0.0,1.9037982531559243,3.49650756146648,15,18,6,777.1863051675917,4.24376722945714,22.15198964903457,3.1648604527613484,41,0.12,2.05710456815764,0.0,12,2,50,957.988890915068,4.16848501481876,19.369006149394863,3.49650756146648,39,0.06,2.3966617708004128,2.833213344056216,12,4,50,660.506535307805,5050,100,11,9
-4.027802185448837,18.29477597273315,-2.2213256282451583,22,0.21,2.6606592822797865,0.0,21,6,50,711.8673654849213,-4.044760155234098,13.471346789353444,0.0,26,0.17,2.374144788141277,-3.49650756146648,20,18,50,423.1828279354591,-2.628948992616292,15.801889840914257,0.0,26,0.22,2.3713296946826867,0.0,22,18,50,627.5010462254401,-2.6120701191670985,15.816298181209676,0.0,28,0.17,2.367703218214809,0.0,17,2,50,573.2510499876248,6.663827695038934,20.144539037812333,0.0,33,0.11,1.8931620959649769,-3.49650756146648,17,2,50,726.4007540699288,6.465309886450542,22.33396294709176,3.49650756146648,42,0.0,1.94002380536411,3.49650756146648,18,18,6,795.3562096741028,3.6425575337308937,22.26055371797271,2.833213344056216,42,0.11,2.159906472396893,3.8918202981106265,12,2,50,1012.4434337995048,5.072566161919733,19.902793535487955,3.49650756146648,40,0.06,2.0501980415321475,2.833213344056216,12,4,50,680.6649940764873,5100,100,11,9
-4.07756959906428,18.28316704124021,-2.2213256282451583,22,0.21,2.6447919445669723,0.0,21,6,50,710.1095151864927,-4.207463812511822,13.42940353696508,0.0,25,0.16,2.3689130034243724,-3.49650756146648,22,18,50,419.8007367292532,-3.021573088527999,15.423286354934593,-1.416606672028108,25,0.21,2.3401701341307897,-2.833213344056216,21,18,50,589.7940577796132,-3.5971205841697738,15.501616619781233,-2.833213344056216,27,0.17,2.314084172871617,0.0,17,2,50,589.2627875190174,5.388649608307013,20.034502010487994,0.0,31,0.12,1.912818774065216,-3.49650756146648,17,2,50,721.0171844785538,5.826925458881652,22.510294279947512,3.49650756146648,41,0.0,1.950630732880403,3.49650756146648,18,18,50,798.3201187941528,4.626882247599514,22.600520016639503,3.1648604527613484,44,0.1,2.1606907759292766,-2.833213344056216,11,2,50,1032.1356849578897,5.7216940883294605,20.07037577624386,3.49650756146648,42,0.05,2.0686560378365124,-3.49650756146648,11,4,50,664.7203527603551,5150,100,11,9
-3.5113249924115,17.852541503432526,-1.6094379124341005,20,0.23,2.6289246068541576,0.0,23,6,50,646.4920393982818,-4.14730779229418,12.9369404948375,0.0,23,0.16,2.3367752312302663,-3.49650756146648,24,18,50,409.2396704478002,-2.9964981176291325,14.97574373561412,-2.833213344056216,23,0.22,2.3004706858313075,-2.833213344056216,23,18,50,574.3982981763256,-3.009176772791866,14.981601252742728,-2.833213344056216,25,0.18,2.303441165978842,0.0,18,2,50,523.4753912582935,5.974519986974433,19.86740885676609,0.0,31,0.12,1.8931620959649769,-3.49650756146648,16,2,6,681.5457804781303,7.63884195769067,22.40165477286744,3.49650756146648,41,0.0,1.9129350397776232,3.49650756146648,17,18,6,808.2822658834899,5.85100078724935,22.312218157951666,3.49650756146648,43,0.11,2.1380902351067186,-2.833213344056216,11,2,50,971.3514241287644,5.733593501739682,19.57534223910952,3.49650756146648,41,0.05,2.0586700036551697,-3.49650756146648,12,4,50,610.2515928231032,5200,100,11,9
-4.107193926010667,17.1582223804582,-1.6094379124341005,21,0.24,2.627105067638614,0.0,24,6,50,649.8593276090769,-4.126752614888909,12.935228766928066,0.0,24,0.17,2.3219208310206314,-3.49650756146648,23,18,50,412.8505793953855,-2.738245455903999,15.340257194236354,-2.833213344056216,24,0.23,2.310960140410412,-2.833213344056216,24,18,50,612.8829882297646,-2.082903635997225,15.2668530104693,0.0,26,0.16,2.3374704850942924,-3.49650756146648,17,2,50,507.6749598595921,7.191859821881931,19.95815274663147,0.0,31,0.11,1.8642902997055488,-3.49650756146648,16,2,50,666.5753552804011,8.491621917505759,22.31085781661759,3.49650756146648,42,0.0,1.8882444141543304,3.49650756146648,15,18,6,730.318120702254,5.153114828053949,22.17997817881756,3.49650756146648,43,0.12,2.0477475750508214,0.0,12,2,50,923.0152975029004,4.734729572121358,19.239516340830694,3.49650756146648,39,0.06,2.045750242169806,-3.49650756146648,12,4,22,610.8179203313367,5250,100,11,9
-4.68567628697899,17.584953015868326,-2.833213344056216,22,0.22,2.645104992549128,0.0,22,6,50,714.7005788288421,-4.087502217315128,13.45203423403361,0.0,26,0.18,2.3574283161936176,-3.49650756146648,20,18,50,426.1304457087417,-2.6988790846261086,15.782352108175315,0.0,26,0.24,2.3626001508696586,0.0,24,18,50,627.5010403034888,-2.5837379265070184,15.823487924673232,0.0,28,0.16,2.362600150947545,-3.49650756146648,16,2,50,570.4178307216168,7.251625638045477,20.42706214794472,0.0,33,0.1,1.8797590525805887,-3.49650756146648,17,2,50,722.2263667998981,7.0249215509269245,22.60150976454153,3.49650756146648,43,0.0,1.9255307293635824,3.49650756146648,16,18,6,813.1884645227941,3.2711223096460973,22.09507106919682,2.833213344056216,41,0.12,2.0796615501912945,-2.833213344056216,12,2,50,986.6327746368996,4.523686372542072,19.542209557429125,3.49650756146648,40,0.06,2.0388536364545806,2.833213344056216,12,4,50,680.9475659830214,5300,100,11,9
-4.089807353379221,18.281920434676984,-2.833213344056216,22,0.21,2.6447919445669723,0.0,21,6,50,705.6668639298745,-4.079725231670168,13.465339746275609,0.0,25,0.16,2.367863191880982,-3.49650756146648,21,18,50,419.6863204561332,-2.6706928661366653,15.800403723342466,0.0,25,0.21,2.365818848219421,-2.833213344056216,21,18,50,623.3266590376861,-3.4774527282477705,15.529299371841246,-1.416606672028108,27,0.17,2.325788947786846,0.0,17,2,50,589.0514734903763,6.034285803137021,20.34198742103427,0.0,32,0.11,1.9085913805651609,-3.49650756146648,17,2,50,719.4077465659918,5.829038549816477,22.50947130137702,3.49650756146648,41,0.0,1.950630732880403,3.49650756146648,18,18,6,741.0250589981673,4.075176778634224,22.27265725792596,3.1648604527613484,43,0.1,2.1711120978813985,3.8918202981106265,12,2,50,1032.135690879532,5.470220330310846,19.891817458295755,3.49650756146648,41,0.06,2.0651940181062587,2.833213344056216,12,4,50,696.8607436848788,5350,100,11,9
-3.832728842438225,18.063855847250263,-2.2213256282451583,21,0.22,2.6287314690959094,0.0,22,6,50,671.6394092780213,-3.962622980517231,13.140992810068504,0.0,24,0.15,2.351740296589633,-3.49650756146648,24,18,50,388.32363840686105,-3.3112689761333143,15.237961594585949,-2.833213344056216,24,0.21,2.304290300135315,-2.833213344056216,23,18,50,605.8753840267439,-3.38724484035127,15.230894668304604,-2.833213344056216,26,0.17,2.2963673954311035,-3.49650756146648,18,2,50,554.289182891301,4.995242187796376,19.89146959000037,0.0,30,0.12,1.9059252053401856,-3.49650756146648,17,2,50,691.7373182703515,6.729494309741742,22.474744326919204,3.49650756146648,40,0.0,1.9332808458183008,3.49650756146648,18,18,6,799.5071285563179,5.536229820175432,22.61255234363829,3.49650756146648,44,0.1,2.142812121764598,-2.833213344056216,11,2,50,997.1620941476828,6.008132787371716,19.74123294777732,3.49650756146648,41,0.05,2.0621320233854235,-3.49650756146648,12,4,50,637.4030712906056,5400,100,11,9
-4.42730573491423,17.36703181910678,-2.2213256282451583,21,0.23,2.629237654836313,0.0,23,6,50,680.8023435275727,-4.533152892080531,13.1784122007059,0.0,24,0.17,2.3277445093718194,-3.49650756146648,24,8,50,440.8311653035024,-3.3811991139037048,15.214563995396764,-2.833213344056216,24,0.23,2.619727109068126,-2.833213344056216,23,18,50,605.87538268085,-2.497483212558944,15.525850246923872,-2.833213344056216,26,0.16,2.33602497563955,-3.49650756146648,17,2,50,535.2602320440958,6.212581946512004,20.0416746385602,0.0,31,0.11,1.8810329377807795,-3.49650756146648,17,2,50,694.5559461233602,7.851493956063565,22.545670503030653,3.49650756146648,41,0.0,1.9024549991691009,3.49650756146648,15,18,6,790.2637293020227,5.193126762730143,22.47266018423668,3.1648604527613484,44,0.12,2.0729719058709937,0.0,12,2,50,974.184645009476,4.824245778422177,19.570614631818305,3.49650756146648,41,0.05,2.0682257878488004,-3.49650756146648,12,4,50,645.2251987067127,5450,100,11,9
-4.370905379123886,17.383131149485322,-2.2213256282451583,21,0.23,2.645104992549128,0.0,23,6,50,683.2234880433316,-4.370449205192943,13.22515920984613,0.0,25,0.18,2.336329193763534,-3.49650756146648,22,18,50,444.21325354872187,-2.440772384434029,15.51327458641244,0.0,25,0.23,2.348591380994175,-2.833213344056216,23,18,50,596.0239435961682,-2.303932035048473,15.555209882654458,0.0,27,0.16,2.3532696901802903,-3.49650756146648,17,2,50,542.4372415757623,7.544697354630522,20.076321826466703,0.0,32,0.1,1.8634536617538893,-3.49650756146648,16,2,50,694.2457835758535,7.93426919887141,22.516903772605424,3.49650756146648,43,0.0,1.9037982531559243,3.49650756146648,15,18,6,777.1863051671679,4.24376711729814,22.151989770212207,3.1648604527613484,41,0.12,2.05710456815764,0.0,12,2,50,957.98890213025,4.168484902660115,19.36900628755089,3.49650756146648,39,0.06,2.3966617708004128,2.833213344056216,12,4,50,660.5065465231568,5500,100,11,9
-4.02780218544576,18.294775972728534,-2.2213256282451583,22,0.21,2.6606592822797865,0.0,21,6,50,711.8673654846136,-4.044760020644378,13.471347026497718,0.0,26,0.17,2.374144788141277,-3.49650756146648,20,18,50,423.1828144764871,-2.628948858026575,15.801890031024364,0.0,26,0.22,2.3713296946826867,0.0,22,18,50,627.5010327664684,-2.6120699845773703,15.816298371002988,0.0,28,0.17,2.367703218214809,0.0,17,2,50,573.251036528652,6.663827695034151,20.14453903780323,0.0,33,0.11,1.8931620959649769,-3.49650756146648,17,2,50,726.4007540696211,6.46530988644627,22.3339629470812,3.49650756146648,42,0.0,1.94002380536411,3.49650756146648,18,18,6,795.3562096736796,3.642557421572267,22.260553835530107,2.833213344056216,42,0.11,2.159906472396893,3.8918202981106265,12,2,50,1012.4434450146496,5.072566049760603,19.90279367503275,3.49650756146648,40,0.06,2.0501980415321475,2.833213344056216,12,4,50,680.665005291819,5550,100,11,9
-4.077569599061374,18.28316704123586,-2.2213256282451583,22,0.21,2.6447919445669723,0.0,21,6,50,710.1095151862021,-4.207463677922309,13.429403776480916,0.0,25,0.16,2.3689130034243724,-3.49650756146648,22,18,50,419.8007232703019,-3.021572953938489,15.423286553137896,-1.416606672028108,25,0.21,2.3401701341307897,-2.833213344056216,21,18,50,589.7940443206621,-3.597120472011349,15.501616788279415,-2.833213344056216,27,0.17,2.314084172871617,0.0,17,2,50,589.2627763031749,5.388649608302741,20.0345020104792,0.0,31,0.12,1.912818774065216,-3.49650756146648,17,2,50,721.0171844782631,5.82692545887755,22.510294279937103,3.49650756146648,41,0.0,1.950630732880403,3.49650756146648,18,18,50,798.320118793845,4.626882113008956,22.60052016145007,3.1648604527613484,44,0.1,2.1606907759292766,-2.833213344056216,11,2,50,1032.1356984161594,5.72169395373857,20.07037594665427,3.49650756146648,42,0.05,2.0686560378365124,-3.49650756146648,11,4,50,664.7203662188288,5600,100,11,9
-3.511324992408936,17.852541503428508,-1.6094379124341005,20,0.23,2.6289246068541576,0.0,23,6,50,646.4920393980253,-4.147307680136136,12.936940701510082,0.0,23,0.16,2.3367752312302663,-3.49650756146648,24,18,50,409.2396592319958,-2.9964980054710906,14.975743905531443,-2.833213344056216,23,0.22,2.3004706858313075,-2.833213344056216,23,18,50,574.3982869605215,-3.009176660633814,14.981601422688549,-2.833213344056216,25,0.18,2.303441165978842,0.0,18,2,50,523.4753800424884,5.974519986969819,19.867408856757464,0.0,31,0.12,1.8931620959649769,-3.49650756146648,16,2,6,681.5457804778287,7.638841957685543,22.40165477285717,3.49650756146648,41,0.0,1.9129350397776232,3.49650756146648,17,18,6,808.282265883061,5.851000652658144,22.31221831201757,3.49650756146648,43,0.11,2.1380902351067186,-2.833213344056216,11,2,50,971.3514375870648,5.733593367148829,19.57534241391169,3.49650756146648,41,0.05,2.0586700036551697,-3.49650756146648,12,4,50,610.2516062816076,5650,100,11,9
-4.107193926007932,17.15822238045384,-1.6094379124341005,21,0.24,2.627105067638614,0.0,24,6,50,649.8593276088034,-4.126752502730724,12.935228973449355,0.0,24,0.17,2.3219208310206314,-3.49650756146648,23,18,50,412.85056817956695,-2.738245343745817,15.340257358227582,-2.833213344056216,24,0.23,2.310960140410412,-2.833213344056216,24,18,50,612.8829770139462,-2.0829035014079342,15.266853202428656,0.0,26,0.16,2.3374704850942924,-3.49650756146648,17,2,50,507.67494640066303,7.191859821876805,19.95815274662253,0.0,31,0.11,1.8642902997055488,-3.49650756146648,16,2,50,666.5753552801277,8.491621917500291,22.310857816607133,3.49650756146648,42,0.0,1.8882444141543304,3.49650756146648,15,18,6,730.3181207018564,5.153114715894549,22.1799783044404,3.49650756146648,43,0.12,2.0477475750508214,0.0,12,2,50,923.0153087180884,4.734729459962481,19.239516483217493,3.49650756146648,39,0.06,2.045750242169806,-3.49650756146648,12,4,22,610.8179266806658,5700,100,11,9
-4.685676286975914,17.584953015863636,-2.833213344056216,22,0.22,2.645104992549128,0.0,22,6,50,714.7005788285344,-4.087502082725541,13.452034471945757,0.0,26,0.18,2.3574283161936176,-3.49650756146648,20,18,50,426.13043224978287,-2.698878950036524,15.78235229911695,0.0,26,0.24,2.3626001508696586,0.0,24,18,50,627.5010268445304,-2.5837377919174225,15.823488114139142,0.0,28,0.16,2.362600150947545,-3.49650756146648,16,2,50,570.4178172626573,7.251625638040351,20.42706214793547,0.0,33,0.1,1.8797590525805887,-3.49650756146648,17,2,50,722.2263667995904,7.0249215509223095,22.60150976453082,3.49650756146648,43,0.0,1.9255307293635824,3.49650756146648,16,18,6,813.1884645223563,3.2711221974877533,22.095071185749305,2.833213344056216,41,0.12,2.0796615501912945,-2.833213344056216,12,2,50,986.6327858520502,4.523686260383397,19.54220969639888,3.49650756146648,40,0.06,2.0388536364545806,2.833213344056216,12,4,50,680.9475771983421,5750,100,11,9
-4.089807353376316,18.281920434672635,-2.833213344056216,22,0.21,2.6447919445669723,0.0,21,6,50,705.6668639295839,-4.079725097080788,13.465339983875218,0.0,25,0.16,2.367863191880982,-3.49650756146648,21,18,50,419.6863069971952,-2.6706927315472893,15.80040391382612,0.0,25,0.21,2.365818848219421,-2.833213344056216,21,18,50,623.3266455787484,-3.477452616089457,15.529299539174616,-1.416606672028108,27,0.17,2.325788947786846,0.0,17,2,50,589.0514622745449,6.034285803132406,20.341987421025323,0.0,32,0.11,1.9085913805651609,-3.49650756146648,17,2,50,719.4077465657012,5.829038549812374,22.509471301366613,3.49650756146648,41,0.0,1.950630732880403,3.49650756146648,18,18,6,741.0250589977626,4.075176644044138,22.2726574015346,3.1648604527613484,43,0.1,2.1711120978813985,3.8918202981106265,12,2,50,1032.1357043377884,5.470220195720259,19.8918176285344,3.49650756146648,41,0.06,2.0651940181062587,2.833213344056216,12,4,50,696.860757143322,5800,100,11,9
-3.832728842435492,18.06385584724608,-2.2213256282451583,21,0.22,2.6287314690959094,0.0,22,6,50,671.6394092777479,-3.962622845928059,13.140993052333506,0.0,24,0.15,2.351740296589633,-3.49650756146648,24,18,50,388.3236249479438,-3.3112688639752124,15.237961763895676,-2.833213344056216,24,0.21,2.304290300135315,-2.833213344056216,23,18,50,605.8753728109336,-3.3872447281931573,15.230894838252375,-2.833213344056216,26,0.17,2.2963673954311035,-3.49650756146648,18,2,50,554.2891716754898,4.995242187792274,19.89146958999165,0.0,30,0.12,1.9059252053401856,-3.49650756146648,17,2,50,691.7373182700778,6.729494309737129,22.47474432690886,3.49650756146648,40,0.0,1.9332808458183008,3.49650756146648,18,18,6,799.5071285558864,5.536229685584529,22.612552493783973,3.49650756146648,44,0.1,2.142812121764598,-2.833213344056216,11,2,50,997.1621076059528,6.008132652780825,19.74123312298193,3.49650756146648,41,0.05,2.0621320233854235,-3.49650756146648,12,4,50,637.4030847490794,5850,100,11,9
-4.427305734911497,17.36703181910252,-2.2213256282451583,21,0.23,2.629237654836313,0.0,23,6,50,680.8023435272993,-4.533152779922456,13.178412406874791,0.0,24,0.17,2.3277445093718194,-3.49650756146648,24,8,50,440.8311540876948,-3.381199001745632,15.214564165482326,-2.833213344056216,24,0.23,2.619727109068126,-2.833213344056216,23,18,50,605.8753714650427,-2.497483077969786,15.525850439274716,-2.833213344056216,26,0.16,2.33602497563955,-3.49650756146648,17,2,50,535.2602185851802,6.212581946507218,20.041674638551488,0.0,31,0.11,1.8810329377807795,-3.49650756146648,17,2,50,694.5559461230869,7.851493956058267,22.545670503020325,3.49650756146648,41,0.0,1.9024549991691009,3.49650756146648,15,18,6,790.2637293016077,5.193126628139448,22.472660333262304,3.1648604527613484,44,0.12,2.0729719058709937,0.0,12,2,50,974.1846584677594,4.824245643832006,19.57061480040889,3.49650756146648,41,0.05,2.0682257878488004,-3.49650756146648,12,4,50,645.2252121651829,5900,100,11,9
-4.37090537912098,17.383131149480793,-2.2213256282451583,21,0.23,2.645104992549128,0.0,23,6,50,683.223488043041,-4.370449093034728,13.225159413906036,0.0,25,0.18,2.336329193763534,-3.49650756146648,22,18,50,444.21324233290034,-2.440772249844748,15.513274778426815,0.0,25,0.23,2.348591380994175,-2.833213344056216,23,18,50,596.0239301372403,-2.3039319004591805,15.555210072967204,0.0,27,0.16,2.3532696901802903,-3.49650756146648,17,2,50,542.437228116833,7.544697354625224,20.07632182645771,0.0,32,0.1,1.8634536617538893,-3.49650756146648,16,2,50,694.245783575563,7.934269198866283,22.516903772594805,3.49650756146648,43,0.0,1.9037982531559243,3.49650756146648,15,18,6,777.1863051667438,4.243767005139395,22.15198989138958,3.1648604527613484,41,0.12,2.05710456815764,0.0,12,2,50,957.9889133454068,4.168484790501721,19.369006425706623,3.49650756146648,39,0.06,2.3966617708004128,2.833213344056216,12,4,50,660.5065577384835,5950,100,11,9
-4.027802185442684,18.29477597272392,-2.2213256282451583,22,0.21,2.6606592822797865,0.0,21,6,50,711.867365484306,-4.044759886054959,13.471347263641476,0.0,26,0.17,2.374144788141277,-3.49650756146648,20,18,50,423.1828010175453,-2.62894872343716,15.801890221134066,0.0,26,0.22,2.3713296946826867,0.0,22,18,50,627.5010193075268,-2.6120698499879427,15.816298560795886,0.0,28,0.17,2.367703218214809,0.0,17,2,50,573.2510230697092,6.663827695029366,20.14453903779413,0.0,33,0.11,1.8931620959649769,-3.49650756146648,17,2,50,726.4007540693135,6.465309886441997,22.333962947070628,3.49650756146648,42,0.0,1.94002380536411,3.49650756146648,18,18,6,795.3562096732564,3.642557309413894,22.260553953087243,2.833213344056216,42,0.11,2.159906472396893,3.8918202981106265,12,2,50,1012.4434562297693,5.072565937601729,19.902793814577247,3.49650756146648,40,0.06,2.0501980415321475,2.833213344056216,12,4,50,680.6650165071256,6000,100,11,9
-4.077569599058468,18.283167041231504,-2.2213256282451583,22,0.21,2.6447919445669723,0.0,21,6,50,710.1095151859115,-4.207463543333098,13.429404015996228,0.0,25,0.16,2.3689130034243724,-3.49650756146648,22,18,50,419.8007098113808,-3.021572819349281,15.423286751340765,-1.416606672028108,25,0.21,2.3401701341307897,-2.833213344056216,21,18,50,589.7940308617414,-3.597120359853176,15.50161695677724,-2.833213344056216,27,0.17,2.314084172871617,0.0,17,2,50,589.2627650873576,5.388649608298468,20.03450201047042,0.0,31,0.12,1.912818774065216,-3.49650756146648,17,2,50,721.0171844779725,5.826925458873449,22.510294279926693,3.49650756146648,41,0.0,1.950630732880403,3.49650756146648,18,18,50,798.3201187935374,4.626881978418699,22.600520306260325,3.1648604527613484,44,0.1,2.1606907759292766,-2.833213344056216,11,2,50,1032.135711874399,5.721693819147983,20.07037611706431,3.49650756146648,42,0.05,2.0686560378365124,-3.49650756146648,11,4,50,664.7203796772721,6050,100,11,9
-3.5113249924063723,17.85254150342449,-1.6094379124341005,20,0.23,2.6289246068541576,0.0,23,6,50,646.4920393977691,-4.147307567978343,12.936940908182212,0.0,23,0.16,2.3367752312302663,-3.49650756146648,24,18,50,409.2396480162164,-2.9964978933133,14.975744075448398,-2.833213344056216,23,0.22,2.3004706858313075,-2.833213344056216,23,18,50,574.3982757447424,-3.0091765484760127,14.981601592634,-2.833213344056216,25,0.18,2.303441165978842,0.0,18,2,50,523.4753688267083,5.974519986965204,19.867408856748835,0.0,31,0.12,1.8931620959649769,-3.49650756146648,16,2,6,681.545780477527,7.638841957680416,22.40165477284692,3.49650756146648,41,0.0,1.9129350397776232,3.49650756146648,17,18,6,808.2822658826319,5.851000518067241,22.31221846608314,3.49650756146648,43,0.11,2.1380902351067186,-2.833213344056216,11,2,50,971.3514510453348,5.733593232558278,19.57534258871349,3.49650756146648,41,0.05,2.0586700036551697,-3.49650756146648,12,4,50,610.2516197400814,6100,100,11,9
-4.1071939260051975,17.158222380449473,-1.6094379124341005,21,0.24,2.627105067638614,0.0,24,6,50,649.8593276085298,-4.12675239057279,12.935229179970191,0.0,24,0.17,2.3219208310206314,-3.49650756146648,23,18,50,412.8505569637736,-2.738245231587886,15.340257522218458,-2.833213344056216,24,0.23,2.310960140410412,-2.833213344056216,24,18,50,612.8829657981531,-2.0829033668189454,15.266853394387592,0.0,26,0.16,2.3374704850942924,-3.49650756146648,17,2,50,507.67493294176415,7.191859821871677,19.958152746613592,0.0,31,0.11,1.8642902997055488,-3.49650756146648,16,2,50,666.5753552798542,8.491621917494824,22.31085781659668,3.49650756146648,42,0.0,1.8882444141543304,3.49650756146648,15,18,6,730.3181207014592,5.153114603735402,22.179978430062967,3.49650756146648,43,0.12,2.0477475750508214,0.0,12,2,50,923.0153199332512,4.734729347803857,19.23951662560399,3.49650756146648,39,0.06,2.045750242169806,-3.49650756146648,12,4,22,610.8179330299808,6150,100,11,9
-4.685676286972837,17.58495301585895,-2.833213344056216,22,0.22,2.645104992549128,0.0,22,6,50,714.7005788282269,-4.087501948136256,13.452034709857385,0.0,26,0.18,2.3574283161936176,-3.49650756146648,20,18,50,426.1304187908544,-2.6988788154472427,15.782352490058164,0.0,26,0.24,2.3626001508696586,0.0,24,18,50,627.5010133856022,-2.583737657328127,15.82348830360464,0.0,28,0.16,2.362600150947545,-3.49650756146648,16,2,50,570.4178038037278,7.251625638035225,20.427062147926232,0.0,33,0.1,1.8797590525805887,-3.49650756146648,17,2,50,722.2263667992828,7.024921550917695,22.60150976452012,3.49650756146648,43,0.0,1.9255307293635824,3.49650756146648,16,18,6,813.1884645219187,3.2711220853296608,22.09507130230153,2.833213344056216,41,0.12,2.0796615501912945,-2.833213344056216,12,2,50,986.632797067176,4.523686148224973,19.542209835368325,3.49650756146648,40,0.06,2.0388536364545806,2.833213344056216,12,4,50,680.9475884136375,6200,100,11,9
-4.089807353373411,18.281920434668283,-2.833213344056216,22,0.21,2.6447919445669723,0.0,21,6,50,705.6668639292933,-4.079724962491709,13.46534022147431,0.0,25,0.16,2.367863191880982,-3.49650756146648,21,18,50,419.68629353828726,-2.6706925969582134,15.800404104309363,0.0,25,0.21,2.365818848219421,-2.833213344056216,21,18,50,623.326632119841,-3.477452503931396,15.52929970650763,-1.416606672028108,27,0.17,2.325788947786846,0.0,17,2,50,589.0514510587386,6.034285803127791,20.34198742101638,0.0,32,0.11,1.9085913805651609,-3.49650756146648,17,2,50,719.4077465654107,5.829038549808273,22.5094713013562,3.49650756146648,41,0.0,1.950630732880403,3.49650756146648,18,18,6,741.0250589973576,4.075176509454356,22.27265754514294,3.1648604527613484,43,0.1,2.1711120978813985,3.8918202981106265,12,2,50,1032.135717796015,5.470220061129977,19.89181779877268,3.49650756146648,41,0.06,2.0651940181062587,2.833213344056216,12,4,50,696.860770601735,6250,100,11,9
-3.832728842432756,18.063855847241893,-2.2213256282451583,21,0.22,2.6287314690959094,0.0,22,6,50,671.6394092774743,-3.962622711339187,13.140993294597983,0.0,24,0.15,2.351740296589633,-3.49650756146648,24,18,50,388.3236114890567,-3.3112687518173614,15.237961933205035,-2.833213344056216,24,0.21,2.304290300135315,-2.833213344056216,23,18,50,605.8753615951484,-3.387244616035297,15.230895008199786,-2.833213344056216,26,0.17,2.2963673954311035,-3.49650756146648,18,2,50,554.2891604597037,4.995242187788173,19.89146958998296,0.0,30,0.12,1.9059252053401856,-3.49650756146648,17,2,50,691.7373182698045,6.729494309732514,22.47474432689851,3.49650756146648,40,0.0,1.9332808458183008,3.49650756146648,18,18,6,799.5071285554551,5.536229550993927,22.61255264392933,3.49650756146648,44,0.1,2.142812121764598,-2.833213344056216,11,2,50,997.1621210641928,6.0081325181902345,19.74123329818617,3.49650756146648,41,0.05,2.0621320233854235,-3.49650756146648,12,4,50,637.403098207523,6300,100,11,9
-4.427305734908762,17.367031819098262,-2.2213256282451583,21,0.23,2.629237654836313,0.0,23,6,50,680.8023435270259,-4.533152667764633,13.178412613043236,0.0,24,0.17,2.3277445093718194,-3.49650756146648,24,8,50,440.8311428719126,-3.381198889587812,15.214564335567522,-2.833213344056216,24,0.23,2.619727109068126,-2.833213344056216,23,18,50,605.8753602492607,-2.4974829433809296,15.525850631625143,-2.833213344056216,26,0.16,2.33602497563955,-3.49650756146648,17,2,50,535.2602051262945,6.212581946502434,20.04167463854277,0.0,31,0.11,1.8810329377807795,-3.49650756146648,17,2,50,694.5559461228133,7.851493956052968,22.545670503010005,3.49650756146648,41,0.0,1.9024549991691009,3.49650756146648,15,18,6,790.2637293011924,5.193126493549053,22.47266048228761,3.1648604527613484,44,0.12,2.0729719058709937,0.0,12,2,50,974.1846719260128,4.824245509242136,19.57061496899912,3.49650756146648,41,0.05,2.0682257878488004,-3.49650756146648,12,4,50,645.2252256236229,6350,100,11,9
-4.370905379118075,17.383131149476263,-2.2213256282451583,21,0.23,2.645104992549128,0.0,23,6,50,683.2234880427507,-4.370448980876764,13.225159617965504,0.0,25,0.18,2.336329193763534,-3.49650756146648,22,18,50,444.213231117104,-2.440772115255769,15.51327497044078,0.0,25,0.23,2.348591380994175,-2.833213344056216,23,18,50,596.0239166783423,-2.303931765870189,15.55521026327954,0.0,27,0.16,2.3532696901802903,-3.49650756146648,17,2,50,542.437214657934,7.544697354619924,20.07632182644872,0.0,32,0.1,1.8634536617538893,-3.49650756146648,16,2,50,694.2457835752723,7.934269198861155,22.51690377258419,3.49650756146648,43,0.0,1.9037982531559243,3.49650756146648,15,18,6,777.18630516632,4.243766892980902,22.15199001256669,3.1648604527613484,41,0.12,2.05710456815764,0.0,12,2,50,957.9889245605384,4.168484678343578,19.36900656386205,3.49650756146648,39,0.06,2.3966617708004128,2.833213344056216,12,4,50,660.506568953785,6400,100,11,9
-4.027802185439608,18.2947759727193,-2.2213256282451583,22,0.21,2.6606592822797865,0.0,21,6,50,711.8673654839984,-4.044759751465843,13.471347500784711,0.0,26,0.17,2.374144788141277,-3.49650756146648,20,18,50,423.18278755863366,-2.628948588848047,15.801890411243356,0.0,26,0.22,2.3713296946826867,0.0,22,18,50,627.5010058486155,-2.612069715398817,15.816298750588375,0.0,28,0.17,2.367703218214809,0.0,17,2,50,573.2510096107967,6.663827695024578,20.14453903778503,0.0,33,0.11,1.8931620959649769,-3.49650756146648,17,2,50,726.4007540690059,6.465309886437724,22.333962947060066,3.49650756146648,42,0.0,1.94002380536411,3.49650756146648,18,18,6,795.3562096728331,3.642557197255772,22.26055407064413,2.833213344056216,42,0.11,2.159906472396893,3.8918202981106265,12,2,50,1012.4434674448636,5.072565825443102,19.902793954121435,3.49650756146648,40,0.06,2.0501980415321475,2.833213344056216,12,4,50,680.665027722407,6450,100,11,9
-4.077569599055564,18.28316704122715,-2.2213256282451583,22,0.21,2.6447919445669723,0.0,21,6,50,710.109515185621,-4.207463408744189,13.429404255511017,0.0,25,0.16,2.3689130034243724,-3.49650756146648,22,18,50,419.80069635248987,-3.0215726847603745,15.423286949543211,-1.416606672028108,25,0.21,2.3401701341307897,-2.833213344056216,21,18,50,589.7940174028506,-3.597120247695256,15.5016171252747,-2.833213344056216,27,0.17,2.314084172871617,0.0,17,2,50,589.2627538715656,5.388649608294195,20.03450201046164,0.0,31,0.12,1.912818774065216,-3.49650756146648,17,2,50,721.0171844776821,5.826925458869348,22.510294279916284,3.49650756146648,41,0.0,1.950630732880403,3.49650756146648,18,18,50,798.3201187932299,4.626881843828741,22.60052045107027,3.1648604527613484,44,0.1,2.1606907759292766,-2.833213344056216,11,2,50,1032.1357253326082,5.721693684557698,20.07037628747398,3.49650756146648,42,0.05,2.0686560378365124,-3.49650756146648,11,4,50,664.7203931356855,6500,100,11,9
-3.511324992403809,17.852541503420476,-1.6094379124341005,20,0.23,2.6289246068541576,0.0,23,6,50,646.4920393975126,-4.147307455820801,12.9369411148539,0.0,23,0.16,2.3367752312302663,-3.49650756146648,24,18,50,409.2396368004624,-2.9964977811557607,14.975744245364986,-2.833213344056216,23,0.22,2.3004706858313075,-2.833213344056216,23,18,50,574.3982645289885,-3.009176436318464,14.981601762579084,-2.833213344056216,25,0.18,2.303441165978842,0.0,18,2,50,523.4753576109533,5.97451998696059,19.8674088567402,0.0,31,0.12,1.8931620959649769,-3.49650756146648,16,2,6,681.5457804772255,7.638841957675288,22.40165477283666,3.49650756146648,41,0.0,1.9129350397776232,3.49650756146648,17,18,6,808.2822658822031,5.851000383476634,22.312218620148386,3.49650756146648,43,0.11,2.1380902351067186,-2.833213344056216,11,2,50,971.3514645035748,5.733593097968028,19.575342763514904,3.49650756146648,41,0.05,2.0586700036551697,-3.49650756146648,12,4,50,610.2516331985253,6550,100,11,9
-4.107193926002463,17.158222380445114,-1.6094379124341005,21,0.24,2.627105067638614,0.0,24,6,50,649.8593276082564,-4.126752278415108,12.935229386490583,0.0,24,0.17,2.3219208310206314,-3.49650756146648,23,18,50,412.8505457480054,-2.738245119430206,15.340257686208975,-2.833213344056216,24,0.23,2.310960140410412,-2.833213344056216,24,18,50,612.8829545823851,-2.0829032322302585,15.266853586346118,0.0,26,0.16,2.3374704850942924,-3.49650756146648,17,2,50,507.67491948289546,7.19185982186655,19.95815274660466,0.0,31,0.11,1.8642902997055488,-3.49650756146648,16,2,50,666.5753552795808,8.49162191748935,22.310857816586218,3.49650756146648,42,0.0,1.8882444141543304,3.49650756146648,15,18,6,730.3181207010615,5.153114491576505,22.179978555685256,3.49650756146648,43,0.12,2.0477475750508214,0.0,12,2,50,923.0153311483888,4.734729235645483,19.23951676799017,3.49650756146648,39,0.06,2.045750242169806,-3.49650756146648,12,4,22,610.8179393792819,6600,100,11,9
-4.685676286969761,17.584953015854264,-2.833213344056216,22,0.22,2.645104992549128,0.0,22,6,50,714.7005788279191,-4.087501813547272,13.452034947768498,0.0,26,0.18,2.3574283161936176,-3.49650756146648,20,18,50,426.130405331956,-2.698878680858262,15.782352680998972,0.0,26,0.24,2.3626001508696586,0.0,24,18,50,627.5009999267041,-2.583737522739136,15.82348849306973,0.0,28,0.16,2.362600150947545,-3.49650756146648,16,2,50,570.4177903448286,7.251625638030095,20.42706214791699,0.0,33,0.1,1.8797590525805887,-3.49650756146648,17,2,50,722.2263667989752,7.0249215509130805,22.60150976450941,3.49650756146648,43,0.0,1.9255307293635824,3.49650756146648,16,18,6,813.188464521481,3.2711219731718204,22.09507141885352,2.833213344056216,41,0.12,2.0796615501912945,-2.833213344056216,12,2,50,986.6328082822764,4.523686036066801,19.54220997433748,3.49650756146648,40,0.06,2.0388536364545806,2.833213344056216,12,4,50,680.9475996289078,6650,100,11,9
-4.089807353370506,18.281920434663927,-2.833213344056216,22,0.21,2.6447919445669723,0.0,21,6,50,705.6668639290028,-4.079724827902933,13.465340459072891,0.0,25,0.16,2.367863191880982,-3.49650756146648,21,18,50,419.6862800794097,-2.670692462369441,15.800404294792193,0.0,25,0.21,2.365818848219421,-2.833213344056216,21,18,50,623.3266186609636,-3.4774523917735847,15.52929987384028,-1.416606672028108,27,0.17,2.325788947786846,0.0,17,2,50,589.0514398429577,6.0342858031231765,20.341987421007435,0.0,32,0.11,1.9085913805651609,-3.49650756146648,17,2,50,719.4077465651201,5.829038549804173,22.50947130134579,3.49650756146648,41,0.0,1.950630732880403,3.49650756146648,18,18,6,741.025058996953,4.075176374864875,22.272657688750968,3.1648604527613484,43,0.1,2.1711120978813985,3.8918202981106265,12,2,50,1032.135731254211,5.470219926539995,19.89181796901059,3.49650756146648,41,0.06,2.0651940181062587,2.833213344056216,12,4,50,696.8607840601179,6700,100,11,9
-3.832728842430021,18.063855847237708,-2.2213256282451583,21,0.22,2.6287314690959094,0.0,22,6,50,671.6394092772009,-3.9626225767506185,13.14099353686193,0.0,24,0.15,2.351740296589633,-3.49650756146648,24,18,50,388.32359803019983,-3.3112686396597617,15.237962102514029,-2.833213344056216,24,0.21,2.304290300135315,-2.833213344056216,23,18,50,605.8753503793886,-3.387244503877687,15.230895178146822,-2.833213344056216,26,0.17,2.2963673954311035,-3.49650756146648,18,2,50,554.2891492439428,4.99524218778407,19.89146958997425,0.0,30,0.12,1.9059252053401856,-3.49650756146648,17,2,50,691.737318269531,6.729494309727898,22.47474432688816,3.49650756146648,40,0.0,1.9332808458183008,3.49650756146648,18,18,6,799.5071285550239,5.536229416403628,22.612552794074364,3.49650756146648,44,0.1,2.142812121764598,-2.833213344056216,11,2,50,997.1621345224022,6.008132383599948,19.74123347339004,3.49650756146648,41,0.05,2.0621320233854235,-3.49650756146648,12,4,50,637.4031116659364,6750,100,11,9
-4.427305734906027,17.367031819094006,-2.2213256282451583,21,0.23,2.629237654836313,0.0,23,6,50,680.8023435267523,-4.533152555607062,13.178412819211232,0.0,24,0.17,2.3277445093718194,-3.49650756146648,24,8,50,440.8311316561554,-3.3811987774302428,15.214564505652346,-2.833213344056216,24,0.23,2.619727109068126,-2.833213344056216,23,18,50,605.8753490335037,-2.4974828087923764,15.525850823975157,-2.833213344056216,26,0.16,2.33602497563955,-3.49650756146648,17,2,50,535.2601916674391,6.212581946497648,20.04167463853405,0.0,31,0.11,1.8810329377807795,-3.49650756146648,17,2,50,694.5559461225399,7.851493956047671,22.54567050299968,3.49650756146648,41,0.0,1.9024549991691009,3.49650756146648,15,18,6,790.2637293007772,5.1931263589589625,22.472660631312586,3.1648604527613484,44,0.12,2.0729719058709937,0.0,12,2,50,974.1846853842356,4.824245374652568,19.570615137588973,3.49650756146648,41,0.05,2.0682257878488004,-3.49650756146648,12,4,50,645.2252390820329,6800,100,11,9
-4.370905379115169,17.383131149471733,-2.2213256282451583,21,0.23,2.645104992549128,0.0,23,6,50,683.2234880424601,-4.370448868719051,13.225159822024525,0.0,25,0.18,2.336329193763534,-3.49650756146648,22,18,50,444.2132199013328,-2.4407719806670927,15.513275162454322,0.0,25,0.23,2.348591380994175,-2.833213344056216,23,18,50,596.0239032194747,-2.303931631281501,15.555210453591467,0.0,27,0.16,2.3532696901802903,-3.49650756146648,17,2,50,542.4372011990652,7.544697354614626,20.076321826439724,0.0,32,0.1,1.8634536617538893,-3.49650756146648,16,2,50,694.2457835749818,7.934269198856028,22.51690377257357,3.49650756146648,43,0.0,1.9037982531559243,3.49650756146648,15,18,6,777.1863051658962,4.243766780822657,22.15199013374353,3.1648604527613484,41,0.12,2.05710456815764,0.0,12,2,50,957.9889357756448,4.168484566185688,19.36900670201719,3.49650756146648,39,0.06,2.3966617708004128,2.833213344056216,12,4,50,660.5065801690613,6850,100,11,9
-4.0278021854365305,18.294775972714685,-2.2213256282451583,22,0.21,2.6606592822797865,0.0,21,6,50,711.8673654836907,-4.044759616877029,13.471347737927436,0.0,26,0.17,2.374144788141277,-3.49650756146648,20,18,50,423.1827740997522,-2.628948454259235,15.801890601352234,0.0,26,0.22,2.3713296946826867,0.0,22,18,50,627.5009923897344,-2.6120695808099943,15.81629894038045,0.0,28,0.17,2.367703218214809,0.0,17,2,50,573.2509961519145,6.663827695019794,20.14453903777593,0.0,33,0.11,1.8931620959649769,-3.49650756146648,17,2,50,726.4007540686982,6.465309886433452,22.333962947049496,3.49650756146648,42,0.0,1.94002380536411,3.49650756146648,18,18,6,795.3562096724099,3.642557085097901,22.26055418820076,2.833213344056216,42,0.11,2.159906472396893,3.8918202981106265,12,2,50,1012.4434786599328,5.072565713284729,19.902794093665324,3.49650756146648,40,0.06,2.0501980415321475,2.833213344056216,12,4,50,680.6650389376632,6900,100,11,9
-4.077569599052658,18.2831670412228,-2.2213256282451583,22,0.21,2.6447919445669723,0.0,21,6,50,710.1095151853305,-4.207463274155582,13.429404495025294,0.0,25,0.16,2.3689130034243724,-3.49650756146648,22,18,50,419.8006828936292,-3.0215725501717703,15.423287147745226,-1.416606672028108,25,0.21,2.3401701341307897,-2.833213344056216,21,18,50,589.7940039439903,-3.597120135537586,15.50161729377179,-2.833213344056216,27,0.17,2.314084172871617,0.0,17,2,50,589.2627426557984,5.3886496082899225,20.034502010452847,0.0,31,0.12,1.912818774065216,-3.49650756146648,17,2,50,721.0171844773914,5.826925458865245,22.51029427990587,3.49650756146648,41,0.0,1.950630732880403,3.49650756146648,18,18,50,798.3201187929221,4.626881709239089,22.6005205958799,3.1648604527613484,44,0.1,2.1606907759292766,-2.833213344056216,11,2,50,1032.1357387907874,5.721693549967714,20.070376457883285,3.49650756146648,42,0.05,2.0686560378365124,-3.49650756146648,11,4,50,664.7204065940685,6950,100,11,9
-3.511324992401245,17.85254150341646,-1.6094379124341005,20,0.23,2.6289246068541576,0.0,23,6,50,646.4920393972562,-4.147307343663511,12.936941321525136,0.0,23,0.16,2.3367752312302663,-3.49650756146648,24,18,50,409.2396255847333,-2.9964976689984737,14.975744415281207,-2.833213344056216,23,0.22,2.3004706858313075,-2.833213344056216,23,18,50,574.3982533132598,-3.009176324161166,14.9816019325238,-2.833213344056216,25,0.18,2.303441165978842,0.0,18,2,50,523.4753463952236,5.974519986955976,19.86740885673157,0.0,31,0.12,1.8931620959649769,-3.49650756146648,16,2,6,681.5457804769242,7.638841957670161,22.4016547728264,3.49650756146648,41,0.0,1.9129350397776232,3.49650756146648,17,18,6,808.282265881774,5.851000248886336,22.31221877421328,3.49650756146648,43,0.11,2.1380902351067186,-2.833213344056216,11,2,50,971.3514779617846,5.733592963378081,19.57534293831594,3.49650756146648,41,0.05,2.0586700036551697,-3.49650756146648,12,4,50,610.2516466569391,7000,100,11,9
-4.107193925999729,17.15822238044075,-1.6094379124341005,21,0.24,2.627105067638614,0.0,24,6,50,649.859327607983,-4.126752166257678,12.935229593010524,0.0,24,0.17,2.3219208310206314,-3.49650756146648,23,18,50,412.8505345322623,-2.738245007272777,15.34025785019914,-2.833213344056216,24,0.23,2.310960140410412,-2.833213344056216,24,18,50,612.8829433666424,-2.0829030976418736,15.266853778304226,0.0,26,0.16,2.3374704850942924,-3.49650756146648,17,2,50,507.67490602405695,7.191859821861423,19.95815274659573,0.0,31,0.11,1.8642902997055488,-3.49650756146648,16,2,50,666.5753552793074,8.491621917483885,22.31085781657577,3.49650756146648,42,0.0,1.8882444141543304,3.49650756146648,15,18,6,730.318120700664,5.153114379417863,22.179978681307283,3.49650756146648,43,0.12,2.0477475750508214,0.0,12,2,50,923.0153423635012,4.734729123487361,19.239516910376057,3.49650756146648,39,0.06,2.045750242169806,-3.49650756146648,12,4,22,610.8179457285686,7050,100,11,9
-4.685676286966685,17.584953015849575,-2.833213344056216,22,0.22,2.645104992549128,0.0,22,6,50,714.7005788276115,-4.087501678958591,13.45203518567909,0.0,26,0.18,2.3574283161936176,-3.49650756146648,20,18,50,426.1303918730879,-2.6988785462695835,15.782352871939365,0.0,26,0.24,2.3626001508696586,0.0,24,18,50,627.5009864678362,-2.583737388150445,15.823488682534409,0.0,28,0.16,2.362600150947545,-3.49650756146648,16,2,50,570.4177768859595,7.2516256380249695,20.42706214790775,0.0,33,0.1,1.8797590525805887,-3.49650756146648,17,2,50,722.2263667986676,7.024921550908466,22.601509764498708,3.49650756146648,43,0.0,1.9255307293635824,3.49650756146648,16,18,6,813.1884645210433,3.2711218610142314,22.095071535405246,2.833213344056216,41,0.12,2.0796615501912945,-2.833213344056216,12,2,50,986.6328194973516,4.52368592390888,19.54221011330633,3.49650756146648,40,0.06,2.0388536364545806,2.833213344056216,12,4,50,680.947610844153,7100,100,11,9
-4.0898073533676005,18.28192043465958,-2.833213344056216,22,0.21,2.6447919445669723,0.0,21,6,50,705.6668639287122,-4.079724693314459,13.465340696670951,0.0,25,0.16,2.367863191880982,-3.49650756146648,21,18,50,419.6862666205623,-2.6706923277809693,15.800404485274614,0.0,25,0.21,2.365818848219421,-2.833213344056216,21,18,50,623.3266052021164,-3.477452279616026,15.529300041172572,-1.416606672028108,27,0.17,2.325788947786846,0.0,17,2,50,589.0514286272019,6.0342858031185616,20.34198742099849,0.0,32,0.11,1.9085913805651609,-3.49650756146648,17,2,50,719.4077465648296,5.829038549800068,22.50947130133538,3.49650756146648,41,0.0,1.950630732880403,3.49650756146648,18,18,6,741.0250589965481,4.075176240275696,22.27265783235868,3.1648604527613484,43,0.1,2.1711120978813985,3.8918202981106265,12,2,50,1032.135744712377,5.470219791950314,19.89181813924813,3.49650756146648,41,0.06,2.0651940181062587,2.833213344056216,12,4,50,696.8607975184707,7150,100,11,9
-3.832728842427288,18.063855847233523,-2.2213256282451583,21,0.22,2.6287314690959094,0.0,22,6,50,671.6394092769275,-3.962622442162351,13.140993779125353,0.0,24,0.15,2.351740296589633,-3.49650756146648,24,18,50,388.3235845713731,-3.3112685275024143,15.237962271822658,-2.833213344056216,24,0.21,2.304290300135315,-2.833213344056216,23,18,50,605.875339163654,-3.38724439172033,15.230895348093494,-2.833213344056216,26,0.17,2.2963673954311035,-3.49650756146648,18,2,50,554.2891380282069,4.995242187779969,19.891469589965546,0.0,30,0.12,1.9059252053401856,-3.49650756146648,17,2,50,691.7373182692577,6.729494309723285,22.47474432687781,3.49650756146648,40,0.0,1.9332808458183008,3.49650756146648,18,18,6,799.5071285545923,5.536229281813632,22.612552944219072,3.49650756146648,44,0.1,2.142812121764598,-2.833213344056216,11,2,50,997.1621479805816,6.008132249009964,19.74123364859352,3.49650756146648,41,0.05,2.0621320233854235,-3.49650756146648,12,4,50,637.4031251243198,7200,100,11,9
-4.4273057349032925,17.367031819089746,-2.2213256282451583,21,0.23,2.629237654836313,0.0,23,6,50,680.8023435264788,-4.533152443449742,13.178413025378775,0.0,24,0.17,2.3277445093718194,-3.49650756146648,24,8,50,440.8311204404234,-3.381198665272925,15.214564675736806,-2.833213344056216,24,0.23,2.619727109068126,-2.833213344056216,23,18,50,605.8753378177719,-2.497482674204124,15.52585101632475,-2.833213344056216,26,0.16,2.33602497563955,-3.49650756146648,17,2,50,535.2601782086139,6.212581946492862,20.041674638525343,0.0,31,0.11,1.8810329377807795,-3.49650756146648,17,2,50,694.5559461222664,7.851493956042373,22.54567050298936,3.49650756146648,41,0.0,1.9024549991691009,3.49650756146648,15,18,6,790.2637293003621,5.193126224369172,22.47266078033724,3.1648604527613484,44,0.12,2.0729719058709937,0.0,12,2,50,974.1846988424284,4.824245240063304,19.570615306178464,3.49650756146648,41,0.05,2.0682257878488004,-3.49650756146648,12,4,50,645.2252525404125,7250,100,11,9
-4.370905379112264,17.3831311494672,-2.2213256282451583,21,0.23,2.645104992549128,0.0,23,6,50,683.2234880421695,-4.370448756561592,13.225160026083104,0.0,25,0.18,2.336329193763534,-3.49650756146648,22,18,50,444.21320868558666,-2.4407718460787176,15.513275354467453,0.0,25,0.23,2.348591380994175,-2.833213344056216,23,18,50,596.0238897606373,-2.303931496693114,15.555210643902988,0.0,27,0.16,2.3532696901802903,-3.49650756146648,17,2,50,542.4371877402265,7.54469735460933,20.07632182643073,0.0,32,0.1,1.8634536617538893,-3.49650756146648,16,2,50,694.2457835746912,7.934269198850901,22.516903772562955,3.49650756146648,43,0.0,1.9037982531559243,3.49650756146648,15,18,6,777.1863051654723,4.243766668664668,22.15199025492012,3.1648604527613484,41,0.12,2.05710456815764,0.0,12,2,50,957.9889469907262,4.168484454028049,19.369006840172023,3.49650756146648,39,0.06,2.3966617708004128,2.833213344056216,12,4,50,660.5065913843125,7300,100,11,9
-4.027802185433455,18.29477597271008,-2.2213256282451583,22,0.21,2.6606592822797865,0.0,21,6,50,711.8673654833831,-4.044759482288516,13.47134797506965,0.0,26,0.17,2.374144788141277,-3.49650756146648,20,18,50,423.18276064090094,-2.628948319670726,15.8018907914607,0.0,26,0.22,2.3713296946826867,0.0,22,18,50,627.5009789308834,-2.6120694462214726,15.81629913017212,0.0,28,0.17,2.367703218214809,0.0,17,2,50,573.2509826930623,6.663827695015009,20.14453903776683,0.0,33,0.11,1.8931620959649769,-3.49650756146648,17,2,50,726.4007540683905,6.4653098864291785,22.33396294703893,3.49650756146648,42,0.0,1.94002380536411,3.49650756146648,18,18,6,795.3562096719867,3.642556972940282,22.26055430575714,2.833213344056216,42,0.11,2.159906472396893,3.8918202981106265,12,2,50,1012.4434898749768,5.072565601126609,19.902794233208912,3.49650756146648,40,0.06,2.0501980415321475,2.833213344056216,12,4,50,680.6650501528943,7350,100,11,9
-4.077569599049752,18.283167041218444,-2.2213256282451583,22,0.21,2.6447919445669723,0.0,21,6,50,710.1095151850399,-4.2074631395672775,13.429404734539045,0.0,25,0.16,2.3689130034243724,-3.49650756146648,22,18,50,419.8006694347986,-3.021572415583469,15.423287345946813,-1.416606672028108,25,0.21,2.3401701341307897,-2.833213344056216,21,18,50,589.7939904851601,-3.5971200233801675,15.50161746226852,-2.833213344056216,27,0.17,2.314084172871617,0.0,17,2,50,589.2627314400568,5.388649608285649,20.03450201044405,0.0,31,0.12,1.912818774065216,-3.49650756146648,17,2,50,721.017184477101,5.826925458861143,22.51029427989546,3.49650756146648,41,0.0,1.950630732880403,3.49650756146648,18,18,50,798.3201187926145,4.626881574649737,22.600520740689216,3.1648604527613484,44,0.1,2.1606907759292766,-2.833213344056216,11,2,50,1032.1357522489366,5.721693415378033,20.070376628292216,3.49650756146648,42,0.05,2.0686560378365124,-3.49650756146648,11,4,50,664.7204200524214,7400,100,11,9
-3.5113249923986816,17.852541503412443,-1.6094379124341005,20,0.23,2.6289246068541576,0.0,23,6,50,646.4920393969999,-4.147307231506473,12.936941528195922,0.0,23,0.16,2.3367752312302663,-3.49650756146648,24,18,50,409.2396143690295,-2.9964975568414376,14.97574458519706,-2.833213344056216,23,0.22,2.3004706858313075,-2.833213344056216,23,18,50,574.3982420975562,-3.009176212004121,14.981602102468152,-2.833213344056216,25,0.18,2.303441165978842,0.0,18,2,50,523.475335179519,5.9745199869513606,19.86740885672294,0.0,31,0.12,1.8931620959649769,-3.49650756146648,16,2,6,681.5457804766224,7.638841957665035,22.401654772816144,3.49650756146648,41,0.0,1.9129350397776232,3.49650756146648,17,18,6,808.2822658813449,5.851000114296337,22.31221892827785,3.49650756146648,43,0.11,2.1380902351067186,-2.833213344056216,11,2,50,971.351491419964,5.733592828788437,19.5753431131166,3.49650756146648,41,0.05,2.0586700036551697,-3.49650756146648,12,4,50,610.2516601153224,7450,100,11,9
-4.107193925996994,17.15822238043639,-1.6094379124341005,21,0.24,2.627105067638614,0.0,24,6,50,649.8593276077095,-4.126752054100498,12.93522979953002,0.0,24,0.17,2.3219208310206314,-3.49650756146648,23,18,50,412.8505233165444,-2.738244895115601,15.34025801418895,-2.833213344056216,24,0.23,2.310960140410412,-2.833213344056216,24,18,50,612.8829321509247,-2.0829029630537903,15.266853970261923,0.0,26,0.16,2.3374704850942924,-3.49650756146648,17,2,50,507.6748925652487,7.191859821856295,19.958152746586794,0.0,31,0.11,1.8642902997055488,-3.49650756146648,16,2,50,666.5753552790338,8.491621917478415,22.310857816565303,3.49650756146648,42,0.0,1.8882444141543304,3.49650756146648,15,18,6,730.3181207002665,5.153114267259468,22.179978806929032,3.49650756146648,43,0.12,2.0477475750508214,0.0,12,2,50,923.0153535785886,4.734729011329492,19.23951705276163,3.49650756146648,39,0.06,2.045750242169806,-3.49650756146648,12,4,22,610.8179520778414,7500,100,11,9
-4.685676286963608,17.58495301584489,-2.833213344056216,22,0.22,2.645104992549128,0.0,22,6,50,714.7005788273038,-4.087501544370212,13.45203542358917,0.0,26,0.18,2.3574283161936176,-3.49650756146648,20,18,50,426.13037841425,-2.698878411681207,15.782353062879348,0.0,26,0.24,2.3626001508696586,0.0,24,18,50,627.5009730089985,-2.583737253562057,15.82348887199868,0.0,28,0.16,2.362600150947545,-3.49650756146648,16,2,50,570.4177634271207,7.251625638019843,20.42706214789851,0.0,33,0.1,1.8797590525805887,-3.49650756146648,17,2,50,722.22636679836,7.024921550903851,22.601509764488,3.49650756146648,43,0.0,1.9255307293635824,3.49650756146648,16,18,6,813.1884645206055,3.2711217488568933,22.09507165195672,2.833213344056216,41,0.12,2.0796615501912945,-2.833213344056216,12,2,50,986.6328307124016,4.523685811751211,19.54221025227488,3.49650756146648,40,0.06,2.0388536364545806,2.833213344056216,12,4,50,680.9476220593731,7550,100,11,9
-4.089807353364694,18.281920434655223,-2.833213344056216,22,0.21,2.6447919445669723,0.0,21,6,50,705.6668639284217,-4.079724558726286,13.4653409342685,0.0,25,0.16,2.367863191880982,-3.49650756146648,21,18,50,419.68625316174496,-2.6706921931928,15.80040467575662,0.0,25,0.21,2.365818848219421,-2.833213344056216,21,18,50,623.3265917432996,-3.47745216745872,15.529300208504498,-1.416606672028108,27,0.17,2.325788947786846,0.0,17,2,50,589.0514174114711,6.034285803113948,20.341987420989543,0.0,32,0.11,1.9085913805651609,-3.49650756146648,17,2,50,719.407746564539,5.829038549795967,22.50947130132497,3.49650756146648,41,0.0,1.950630732880403,3.49650756146648,18,18,6,741.0250589961433,4.075176105686818,22.272657975966087,3.1648604527613484,43,0.1,2.1711120978813985,3.8918202981106265,12,2,50,1032.1357581705124,5.470219657360939,19.891818309485306,3.49650756146648,41,0.06,2.0651940181062587,2.833213344056216,12,4,50,696.8608109767931,7600,100,11,9
-3.832728842424552,18.06385584722934,-2.2213256282451583,21,0.22,2.6287314690959094,0.0,22,6,50,671.6394092766541,-3.962622307574386,13.140994021388249,0.0,24,0.15,2.351740296589633,-3.49650756146648,24,18,50,388.3235711125766,-3.3112684153453182,15.237962441130918,-2.833213344056216,24,0.21,2.304290300135315,-2.833213344056216,23,18,50,605.8753279479442,-3.387244279563224,15.2308955180398,-2.833213344056216,26,0.17,2.2963673954311035,-3.49650756146648,18,2,50,554.2891268124963,4.995242187775866,19.891469589956834,0.0,30,0.12,1.9059252053401856,-3.49650756146648,17,2,50,691.7373182689842,6.729494309718671,22.474744326867462,3.49650756146648,40,0.0,1.9332808458183008,3.49650756146648,18,18,6,799.5071285541612,5.536229147223935,22.612553094363456,3.49650756146648,44,0.1,2.142812121764598,-2.833213344056216,11,2,50,997.1621614387308,6.0081321144202775,19.741233823796616,3.49650756146648,41,0.05,2.0621320233854235,-3.49650756146648,12,4,50,637.4031385826728,7650,100,11,9
-4.427305734900559,17.367031819085486,-2.2213256282451583,21,0.23,2.629237654836313,0.0,23,6,50,680.8023435262055,-4.533152331292673,13.17841323154588,0.0,24,0.17,2.3277445093718194,-3.49650756146648,24,8,50,440.83110922471656,-3.38119855311586,15.214564845820895,-2.833213344056216,24,0.23,2.619727109068126,-2.833213344056216,23,18,50,605.8753266020653,-2.4974825396161733,15.525851208673933,-2.833213344056216,26,0.16,2.33602497563955,-3.49650756146648,17,2,50,535.2601647498188,6.212581946488077,20.04167463851661,0.0,31,0.11,1.8810329377807795,-3.49650756146648,17,2,50,694.555946121993,7.851493956037074,22.54567050297903,3.49650756146648,41,0.0,1.9024549991691009,3.49650756146648,15,18,6,790.2637292999468,5.193126089779683,22.472660929361577,3.1648604527613484,44,0.12,2.0729719058709937,0.0,12,2,50,974.1847123005912,4.82424510547434,19.570615474767592,3.49650756146648,41,0.05,2.0682257878488004,-3.49650756146648,12,4,50,645.2252659987619,7700,100,11,9
-4.370905379109359,17.38313114946267,-2.2213256282451583,21,0.23,2.645104992549128,0.0,23,6,50,683.2234880418789,-4.370448644404382,13.22516023014124,0.0,25,0.18,2.336329193763534,-3.49650756146648,22,18,50,444.21319746986575,-2.4407717114906444,15.513275546480171,0.0,25,0.23,2.348591380994175,-2.833213344056216,23,18,50,596.0238763018299,-2.303931362105029,15.555210834214089,0.0,27,0.16,2.3532696901802903,-3.49650756146648,17,2,50,542.437174281418,7.544697354604031,20.07632182642173,0.0,32,0.1,1.8634536617538893,-3.49650756146648,16,2,50,694.2457835744007,7.934269198845772,22.51690377255234,3.49650756146648,43,0.0,1.9037982531559243,3.49650756146648,15,18,6,777.1863051650483,4.2437665565069285,22.151990376096443,3.1648604527613484,41,0.12,2.05710456815764,0.0,12,2,50,957.9889582057822,4.168484341870661,19.36900697832656,3.49650756146648,39,0.06,2.3966617708004128,2.833213344056216,12,4,50,660.5066025995386,7750,100,11,9
-4.027802185430378,18.29477597270545,-2.2213256282451583,22,0.21,2.6606592822797865,0.0,21,6,50,711.8673654830754,-4.044759347700306,13.471348212211344,0.0,26,0.17,2.374144788141277,-3.49650756146648,20,18,50,423.1827471820799,-2.628948185082519,15.80189098156876,0.0,26,0.22,2.3713296946826867,0.0,22,18,50,627.5009654720627,-2.612069311633253,15.816299319963376,0.0,28,0.17,2.367703218214809,0.0,17,2,50,573.2509692342403,6.663827695010221,20.14453903775773,0.0,33,0.11,1.8931620959649769,-3.49650756146648,17,2,50,726.400754068083,6.4653098864249055,22.333962947028365,3.49650756146648,42,0.0,1.94002380536411,3.49650756146648,18,18,6,795.3562096715635,3.642556860782915,22.26055442331327,2.833213344056216,42,0.11,2.159906472396893,3.8918202981106265,12,2,50,1012.4435010899956,5.072565488968738,19.9027943727522,3.49650756146648,40,0.06,2.0501980415321475,2.833213344056216,12,4,50,680.6650613681002,7800,100,11,9
-4.077569599046847,18.28316704121409,-2.2213256282451583,22,0.21,2.6447919445669723,0.0,21,6,50,710.1095151847494,-4.207463004979274,13.429404974052275,0.0,25,0.16,2.3689130034243724,-3.49650756146648,22,18,50,419.8006559759982,-3.021572280995469,15.42328754414797,-1.416606672028108,25,0.21,2.3401701341307897,-2.833213344056216,21,18,50,589.7939770263602,-3.5971199112230017,15.501617630764882,-2.833213344056216,27,0.17,2.314084172871617,0.0,17,2,50,589.2627202243401,5.388649608281376,20.03450201043528,0.0,31,0.12,1.912818774065216,-3.49650756146648,17,2,50,721.0171844768105,5.826925458857041,22.510294279885056,3.49650756146648,41,0.0,1.950630732880403,3.49650756146648,18,18,50,798.3201187923069,4.626881440060685,22.60052088549822,3.1648604527613484,44,0.1,2.1606907759292766,-2.833213344056216,11,2,50,1032.1357657070553,5.721693280788653,20.07037679870078,3.49650756146648,42,0.05,2.0686560378365124,-3.49650756146648,11,4,50,664.7204335107442,7850,100,11,9
-3.511324992396118,17.85254150340843,-1.6094379124341005,20,0.23,2.6289246068541576,0.0,23,6,50,646.4920393967436,-4.147307119349686,12.93694173486626,0.0,23,0.16,2.3367752312302663,-3.49650756146648,24,18,50,409.23960315335074,-2.996497444684654,14.975744755112547,-2.833213344056216,23,0.22,2.3004706858313075,-2.833213344056216,23,18,50,574.3982308818779,-3.009176099847326,14.981602272412136,-2.833213344056216,25,0.18,2.303441165978842,0.0,18,2,50,523.4753239638395,5.974519986946746,19.86740885671431,0.0,31,0.12,1.8931620959649769,-3.49650756146648,16,2,6,681.545780476321,7.638841957659906,22.40165477280588,3.49650756146648,41,0.0,1.9129350397776232,3.49650756146648,17,18,6,808.282265880916,5.850999979706636,22.31221908234209,3.49650756146648,43,0.11,2.1380902351067186,-2.833213344056216,11,2,50,971.3515048781136,5.733592694199092,19.57534328791688,3.49650756146648,41,0.05,2.0586700036551697,-3.49650756146648,12,4,50,610.2516735736756,7900,100,11,9
-4.10719392599426,17.158222380432026,-1.6094379124341005,21,0.24,2.627105067638614,0.0,24,6,50,649.8593276074361,-4.126751941943571,12.935230006049068,0.0,24,0.17,2.3219208310206314,-3.49650756146648,23,18,50,412.8505121008516,-2.738244782958676,15.340258178178408,-2.833213344056216,24,0.23,2.310960140410412,-2.833213344056216,24,18,50,612.8829209352323,-2.0829028284660094,15.266854162219204,0.0,26,0.16,2.3374704850942924,-3.49650756146648,17,2,50,507.6748791064706,7.1918598218511685,19.95815274657786,0.0,31,0.11,1.8642902997055488,-3.49650756146648,16,2,50,666.5753552787604,8.491621917472946,22.31085781655485,3.49650756146648,42,0.0,1.8882444141543304,3.49650756146648,15,18,6,730.3181206998689,5.153114155101328,22.179978932550508,3.49650756146648,43,0.12,2.0477475750508214,0.0,12,2,50,923.0153647936506,4.734728899171873,19.239517195146888,3.49650756146648,39,0.06,2.045750242169806,-3.49650756146648,12,4,22,610.8179584270997,7950,100,11,9
-4.685676286960532,17.5849530158402,-2.833213344056216,22,0.22,2.645104992549128,0.0,22,6,50,714.7005788269962,-4.087501409782134,13.452035661498732,0.0,26,0.18,2.3574283161936176,-3.49650756146648,20,18,50,426.1303649554422,-2.698878277093132,15.782353253818911,0.0,26,0.24,2.3626001508696586,0.0,24,18,50,627.500959550191,-2.583737118973969,15.823489061462542,0.0,28,0.16,2.362600150947545,-3.49650756146648,16,2,50,570.4177499683119,7.251625638014714,20.427062147889263,0.0,33,0.1,1.8797590525805887,-3.49650756146648,17,2,50,722.2263667980523,7.024921550899237,22.601509764477296,3.49650756146648,43,0.0,1.9255307293635824,3.49650756146648,16,18,6,813.188464520168,3.271121636699809,22.09507176850796,2.833213344056216,41,0.12,2.0796615501912945,-2.833213344056216,12,2,50,986.6328419274266,4.523685699593794,19.542210391243128,3.49650756146648,40,0.06,2.0388536364545806,2.833213344056216,12,4,50,680.9476332745678,8000,100,11,9
-4.089807353361789,18.281920434650875,-2.833213344056216,22,0.21,2.6447919445669723,0.0,21,6,50,705.6668639281311,-4.079724424138416,13.465341171865532,0.0,25,0.16,2.367863191880982,-3.49650756146648,21,18,50,419.686239702958,-2.6706920586049323,15.800404866238216,0.0,25,0.21,2.365818848219421,-2.833213344056216,21,18,50,623.3265782845128,-3.4774520553016632,15.529300375836062,-1.416606672028108,27,0.17,2.325788947786846,0.0,17,2,50,589.0514061957656,6.0342858031093325,20.3419874209806,0.0,32,0.11,1.9085913805651609,-3.49650756146648,17,2,50,719.4077465642486,5.829038549791867,22.50947130131456,3.49650756146648,41,0.0,1.950630732880403,3.49650756146648,18,18,6,741.0250589957385,4.075175971098243,22.272658119573183,3.1648604527613484,43,0.1,2.1711120978813985,3.8918202981106265,12,2,50,1032.135771628618,5.4702195227718615,19.891818479722104,3.49650756146648,41,0.06,2.0651940181062587,2.833213344056216,12,4,50,696.8608244350854,8050,100,11,9
-3.8327288424218175,18.063855847225152,-2.2213256282451583,21,0.22,2.6287314690959094,0.0,22,6,50,671.6394092763805,-3.9626221729867215,13.14099426365062,0.0,24,0.15,2.351740296589633,-3.49650756146648,24,18,50,388.32355765381016,-3.311268303188473,15.237962610438814,-2.833213344056216,24,0.21,2.304290300135315,-2.833213344056216,23,18,50,605.8753167322598,-3.3872441674063687,15.230895687985733,-2.833213344056216,26,0.17,2.2963673954311035,-3.49650756146648,18,2,50,554.2891155968109,4.9952421877717645,19.89146958994813,0.0,30,0.12,1.9059252053401856,-3.49650756146648,17,2,50,691.7373182687106,6.729494309714055,22.47474432685712,3.49650756146648,40,0.0,1.9332808458183008,3.49650756146648,18,18,6,799.5071285537297,5.536229012634542,22.61255324450752,3.49650756146648,44,0.1,2.142812121764598,-2.833213344056216,11,2,50,997.16217489685,6.008131979830898,19.74123399899933,3.49650756146648,41,0.05,2.0621320233854235,-3.49650756146648,12,4,50,637.4031520409958,8100,100,11,9
-4.427305734897823,17.36703181908123,-2.2213256282451583,21,0.23,2.629237654836313,0.0,23,6,50,680.8023435259321,-4.533152219135856,13.178413437712534,0.0,24,0.17,2.3277445093718194,-3.49650756146648,24,8,50,440.8310980090349,-3.3811984409590456,15.21456501590462,-2.833213344056216,24,0.23,2.619727109068126,-2.833213344056216,23,18,50,605.875315386384,-2.4974824050285256,15.5258514010227,-2.833213344056216,26,0.16,2.33602497563955,-3.49650756146648,17,2,50,535.2601512910542,6.212581946483291,20.04167463850791,0.0,31,0.11,1.8810329377807795,-3.49650756146648,17,2,50,694.5559461217196,7.851493956031776,22.545670502968708,3.49650756146648,41,0.0,1.9024549991691009,3.49650756146648,15,18,6,790.2637292995317,5.193125955190497,22.472661078385585,3.1648604527613484,44,0.12,2.0729719058709937,0.0,12,2,50,974.1847257587236,4.824244970885679,19.570615643356355,3.49650756146648,41,0.05,2.0682257878488004,-3.49650756146648,12,4,50,645.2252794570811,8150,100,11,9
-4.370905379106453,17.383131149458137,-2.2213256282451583,21,0.23,2.645104992549128,0.0,23,6,50,683.2234880415883,-4.3704485322474245,13.225160434198935,0.0,25,0.18,2.336329193763534,-3.49650756146648,22,18,50,444.21318625417007,-2.440771576902874,15.513275738492473,0.0,25,0.23,2.348591380994175,-2.833213344056216,23,18,50,596.0238628430528,-2.303931227517246,15.555211024524784,0.0,27,0.16,2.3532696901802903,-3.49650756146648,17,2,50,542.4371608226397,7.544697354598733,20.076321826412737,0.0,32,0.1,1.8634536617538893,-3.49650756146648,16,2,50,694.2457835741102,7.934269198840647,22.51690377254172,3.49650756146648,43,0.0,1.9037982531559243,3.49650756146648,15,18,6,777.1863051646244,4.24376644434944,22.151990497272504,3.1648604527613484,41,0.12,2.05710456815764,0.0,12,2,50,957.9889694208132,4.168484229713526,19.3690071164808,3.49650756146648,39,0.06,2.3966617708004128,2.833213344056216,12,4,50,660.5066138147395,8200,100,11,9
-4.027802185427301,18.29477597270084,-2.2213256282451583,22,0.21,2.6606592822797865,0.0,21,6,50,711.8673654827678,-4.044759213112397,13.471348449352524,0.0,26,0.17,2.374144788141277,-3.49650756146648,20,18,50,423.18273372328906,-2.6289480504946128,15.801891171676404,0.0,26,0.22,2.3713296946826867,0.0,22,18,50,627.5009520132721,-2.612069177045336,15.816299509754227,0.0,28,0.17,2.367703218214809,0.0,17,2,50,573.2509557754486,6.663827695005438,20.14453903774864,0.0,33,0.11,1.8931620959649769,-3.49650756146648,17,2,50,726.4007540677753,6.465309886420633,22.333962947017795,3.49650756146648,42,0.0,1.94002380536411,3.49650756146648,18,18,6,795.3562096711403,3.642556748625799,22.26055454086914,2.833213344056216,42,0.11,2.159906472396893,3.8918202981106265,12,2,50,1012.4435123049896,5.072565376811119,19.902794512295177,3.49650756146648,40,0.06,2.0501980415321475,2.833213344056216,12,4,50,680.665072583281,8250,100,11,9
-4.077569599043941,18.283167041209733,-2.2213256282451583,22,0.21,2.6447919445669723,0.0,21,6,50,710.1095151844588,-4.207462870391573,13.429405213564989,0.0,25,0.16,2.3689130034243724,-3.49650756146648,22,18,50,419.8006425172281,-3.02157214640777,15.423287742348698,-1.416606672028108,25,0.21,2.3401701341307897,-2.833213344056216,21,18,50,589.7939635675903,-3.5971197990660864,15.50161779926088,-2.833213344056216,27,0.17,2.314084172871617,0.0,17,2,50,589.2627090086486,5.388649608277103,20.03450201042649,0.0,31,0.12,1.912818774065216,-3.49650756146648,17,2,50,721.0171844765199,5.82692545885294,22.510294279874643,3.49650756146648,41,0.0,1.950630732880403,3.49650756146648,18,18,50,798.3201187919993,4.626881305471939,22.60052103030691,3.1648604527613484,44,0.1,2.1606907759292766,-2.833213344056216,11,2,50,1032.135779165144,5.721693146199575,20.07037696910897,3.49650756146648,42,0.05,2.0686560378365124,-3.49650756146648,11,4,50,664.7204469690366,8300,100,11,9
-3.511324992393554,17.852541503404414,-1.6094379124341005,20,0.23,2.6289246068541576,0.0,23,6,50,646.4920393964871,-4.147307007193151,12.936941941536151,0.0,23,0.16,2.3367752312302663,-3.49650756146648,24,18,50,409.2395919376973,-2.996497332528121,14.975744925027668,-2.833213344056216,23,0.22,2.3004706858313075,-2.833213344056216,23,18,50,574.3982196662246,-3.009175987690784,14.981602442355747,-2.833213344056216,25,0.18,2.303441165978842,0.0,18,2,50,523.4753127481854,5.974519986942131,19.86740885670568,0.0,31,0.12,1.8931620959649769,-3.49650756146648,16,2,6,681.5457804760194,7.638841957654779,22.401654772795624,3.49650756146648,41,0.0,1.9129350397776232,3.49650756146648,17,18,6,808.2822658804869,5.8509998451172445,22.31221923640599,3.49650756146648,43,0.11,2.1380902351067186,-2.833213344056216,11,2,50,971.3515183362326,5.7335925596100505,19.575343462716777,3.49650756146648,41,0.05,2.0586700036551697,-3.49650756146648,12,4,50,610.2516870319987,8350,100,11,9
-4.107193925991525,17.158222380427667,-1.6094379124341005,21,0.24,2.627105067638614,0.0,24,6,50,649.8593276071626,-4.126751829786895,12.935230212567667,0.0,24,0.17,2.3219208310206314,-3.49650756146648,23,18,50,412.8505008851841,-2.7382446708020027,15.340258342167507,-2.833213344056216,24,0.23,2.310960140410412,-2.833213344056216,24,18,50,612.8829097195649,-2.08290269387853,15.26685435417607,0.0,26,0.16,2.3374704850942924,-3.49650756146648,17,2,50,507.6748656477226,7.191859821846041,19.958152746568928,0.0,31,0.11,1.8642902997055488,-3.49650756146648,16,2,50,666.575355278487,8.491621917467477,22.31085781654439,3.49650756146648,42,0.0,1.8882444141543304,3.49650756146648,15,18,6,730.3181206994715,5.153114042943438,22.17997905817172,3.49650756146648,43,0.12,2.0477475750508214,0.0,12,2,50,923.0153760086876,4.734728787014506,19.239517337531847,3.49650756146648,39,0.06,2.045750242169806,-3.49650756146648,12,4,22,610.8179647763442,8400,100,11,9
-4.685676286957456,17.584953015835517,-2.833213344056216,22,0.22,2.645104992549128,0.0,22,6,50,714.7005788266887,-4.087501275194359,13.452035899407775,0.0,26,0.18,2.3574283161936176,-3.49650756146648,20,18,50,426.13035149666456,-2.698878142505359,15.782353444758073,0.0,26,0.24,2.3626001508696586,0.0,24,18,50,627.5009460914138,-2.5837369843861846,15.823489250925997,0.0,28,0.16,2.362600150947545,-3.49650756146648,16,2,50,570.4177365095335,7.251625638009588,20.42706214788003,0.0,33,0.1,1.8797590525805887,-3.49650756146648,17,2,50,722.2263667977446,7.024921550894622,22.60150976446659,3.49650756146648,43,0.0,1.9255307293635824,3.49650756146648,16,18,6,813.1884645197302,3.271121524542973,22.095071885058925,2.833213344056216,41,0.12,2.0796615501912945,-2.833213344056216,12,2,50,986.6328531424264,4.523685587436628,19.54221053021108,3.49650756146648,40,0.06,2.0388536364545806,2.833213344056216,12,4,50,680.9476444897375,8450,100,11,9
-4.089807353358884,18.28192043464652,-2.833213344056216,22,0.21,2.6447919445669723,0.0,21,6,50,705.6668639278405,-4.079724289550848,13.465341409462043,0.0,25,0.16,2.367863191880982,-3.49650756146648,21,18,50,419.68622624420107,-2.670691924017368,15.8004050567194,0.0,25,0.21,2.365818848219421,-2.833213344056216,21,18,50,623.3265648257562,-3.4774519431448594,15.529300543167269,-1.416606672028108,27,0.17,2.325788947786846,0.0,17,2,50,589.0513949800851,6.034285803104718,20.34198742097165,0.0,32,0.11,1.9085913805651609,-3.49650756146648,17,2,50,719.407746563958,5.829038549787763,22.50947130130416,3.49650756146648,41,0.0,1.950630732880403,3.49650756146648,18,18,6,741.0250589953337,4.0751758365099695,22.272658263179967,3.1648604527613484,43,0.1,2.1711120978813985,3.8918202981106265,12,2,50,1032.1357850866934,5.470219388183086,19.89181864995854,3.49650756146648,41,0.06,2.0651940181062587,2.833213344056216,12,4,50,696.8608378933477,8500,100,11,9
-3.8327288424190846,18.06385584722097,-2.2213256282451583,21,0.22,2.6287314690959094,0.0,22,6,50,671.6394092761071,-3.9626220383993616,13.140994505912465,0.0,24,0.15,2.351740296589633,-3.49650756146648,24,18,50,388.3235441950741,-3.311268191031881,15.237962779746344,-2.833213344056216,24,0.21,2.304290300135315,-2.833213344056216,23,18,50,605.8753055166005,-3.3872440552497665,15.230895857931303,-2.833213344056216,26,0.17,2.2963673954311035,-3.49650756146648,18,2,50,554.2891043811505,4.995242187767663,19.891469589939422,0.0,30,0.12,1.9059252053401856,-3.49650756146648,17,2,50,691.7373182684373,6.729494309709441,22.47474432684677,3.49650756146648,40,0.0,1.9332808458183008,3.49650756146648,18,18,6,799.5071285532983,5.53622887804545,22.612553394651247,3.49650756146648,44,0.1,2.142812121764598,-2.833213344056216,11,2,50,997.1621883549388,6.008131845241819,19.74123417420168,3.49650756146648,41,0.05,2.0621320233854235,-3.49650756146648,12,4,50,637.4031654992884,8550,100,11,9
-4.427305734895089,17.367031819076967,-2.2213256282451583,21,0.23,2.629237654836313,0.0,23,6,50,680.8023435256586,-4.533152106979292,13.17841364387874,0.0,24,0.17,2.3277445093718194,-3.49650756146648,24,8,50,440.8310867933784,-3.381198328802483,15.214565185987976,-2.833213344056216,24,0.23,2.619727109068126,-2.833213344056216,23,18,50,605.8753041707278,-2.4974822704411785,15.525851593371048,-2.833213344056216,26,0.16,2.33602497563955,-3.49650756146648,17,2,50,535.2601378323195,6.2125819464785055,20.041674638499188,0.0,31,0.11,1.8810329377807795,-3.49650756146648,17,2,50,694.555946121446,7.851493956026478,22.545670502958384,3.49650756146648,41,0.0,1.9024549991691009,3.49650756146648,15,18,6,790.2637292991164,5.193125820601612,22.47266122740928,3.1648604527613484,44,0.12,2.0729719058709937,0.0,12,2,50,974.184739216826,4.824244836297319,19.570615811944755,3.49650756146648,41,0.05,2.0682257878488004,-3.49650756146648,12,4,50,645.2252929153703,8600,100,11,9
-4.370905379103547,17.38313114945361,-2.2213256282451583,21,0.23,2.645104992549128,0.0,23,6,50,683.2234880412977,-4.370448420090719,13.225160638256186,0.0,25,0.18,2.336329193763534,-3.49650756146648,22,18,50,444.21317503849946,-2.440771442315405,15.51327593050436,0.0,25,0.23,2.348591380994175,-2.833213344056216,23,18,50,596.0238493843059,-2.303931092929765,15.555211214835063,0.0,27,0.16,2.3532696901802903,-3.49650756146648,17,2,50,542.4371473638915,7.544697354593435,20.076321826403746,0.0,32,0.1,1.8634536617538893,-3.49650756146648,16,2,50,694.2457835738196,7.934269198835519,22.516903772531105,3.49650756146648,43,0.0,1.9037982531559243,3.49650756146648,15,18,6,777.1863051642006,4.243766332192204,22.151990618448306,3.1648604527613484,41,0.12,2.05710456815764,0.0,12,2,50,957.988980635819,4.168484117556641,19.36900725463473,3.49650756146648,39,0.06,2.3966617708004128,2.833213344056216,12,4,50,660.5066250299151,8650,100,11,9
-4.027802185424226,18.294775972696225,-2.2213256282451583,22,0.21,2.6606592822797865,0.0,21,6,50,711.8673654824602,-4.04475907852479,13.47134868649319,0.0,26,0.17,2.374144788141277,-3.49650756146648,20,18,50,423.1827202645284,-2.628947915907009,15.80189136178364,0.0,26,0.22,2.3713296946826867,0.0,22,18,50,627.5009385545118,-2.6120690424577195,15.816299699544665,0.0,28,0.17,2.367703218214809,0.0,17,2,50,573.2509423166869,6.663827695000652,20.144539037739538,0.0,33,0.11,1.8931620959649769,-3.49650756146648,17,2,50,726.4007540674677,6.46530988641636,22.33396294700723,3.49650756146648,42,0.0,1.94002380536411,3.49650756146648,18,18,6,795.356209670717,3.642556636468935,22.26055465842476,2.833213344056216,42,0.11,2.159906472396893,3.8918202981106265,12,2,50,1012.443523519958,5.072565264653753,19.902794651837866,3.49650756146648,40,0.06,2.0501980415321475,2.833213344056216,12,4,50,680.6650837984365,8700,100,11,9
-4.077569599041036,18.283167041205378,-2.2213256282451583,22,0.21,2.6447919445669723,0.0,21,6,50,710.1095151841682,-4.207462735804172,13.429405453077177,0.0,25,0.16,2.3689130034243724,-3.49650756146648,22,18,50,419.8006290584882,-3.021572011820373,15.423287940549,-1.416606672028108,25,0.21,2.3401701341307897,-2.833213344056216,21,18,50,589.7939501088505,-3.597119686909424,15.501617967756518,-2.833213344056216,27,0.17,2.314084172871617,0.0,17,2,50,589.2626977929823,5.388649608272831,20.034502010417704,0.0,31,0.12,1.912818774065216,-3.49650756146648,17,2,50,721.0171844762292,5.826925458848837,22.51029427986424,3.49650756146648,41,0.0,1.950630732880403,3.49650756146648,18,18,50,798.3201187916916,4.626881170883493,22.600521175115286,3.1648604527613484,44,0.1,2.1606907759292766,-2.833213344056216,11,2,50,1032.1357926232024,5.7216930116108,20.07037713951679,3.49650756146648,42,0.05,2.0686560378365124,-3.49650756146648,11,4,50,664.720460427299,8750,100,11,9
-3.5113249923909904,17.852541503400396,-1.6094379124341005,20,0.23,2.6289246068541576,0.0,23,6,50,646.4920393962308,-4.147306895036867,12.936942148205592,0.0,23,0.16,2.3367752312302663,-3.49650756146648,24,18,50,409.2395807220689,-2.99649722037184,14.97574509494242,-2.833213344056216,23,0.22,2.3004706858313075,-2.833213344056216,23,18,50,574.3982084505965,-3.009175875534493,14.981602612299,-2.833213344056216,25,0.18,2.303441165978842,0.0,18,2,50,523.4753015325563,5.974519986937517,19.867408856697047,0.0,31,0.12,1.8931620959649769,-3.49650756146648,16,2,6,681.545780475718,7.638841957649653,22.401654772785363,3.49650756146648,41,0.0,1.9129350397776232,3.49650756146648,17,18,6,808.2822658800582,5.850999710528152,22.312219390469554,3.49650756146648,43,0.11,2.1380902351067186,-2.833213344056216,11,2,50,971.3515317943218,5.733592425021312,19.575343637516298,3.49650756146648,41,0.05,2.0586700036551697,-3.49650756146648,12,4,50,610.2517004902917,8800,100,11,9
-4.10719392598879,17.158222380423304,-1.6094379124341005,21,0.24,2.627105067638614,0.0,24,6,50,649.8593276068891,-4.12675171763047,12.935230419085814,0.0,24,0.17,2.3219208310206314,-3.49650756146648,23,18,50,412.8504896695417,-2.7382445586455817,15.34025850615626,-2.833213344056216,24,0.23,2.310960140410412,-2.833213344056216,24,18,50,612.8828985039227,-2.082902559291353,15.266854546132524,0.0,26,0.16,2.3374704850942924,-3.49650756146648,17,2,50,507.6748521890049,7.1918598218409135,19.95815274655999,0.0,31,0.11,1.8642902997055488,-3.49650756146648,16,2,50,666.5753552782135,8.491621917462009,22.310857816533936,3.49650756146648,42,0.0,1.8882444141543304,3.49650756146648,15,18,6,730.3181206990741,5.153113930785798,22.179979183792653,3.49650756146648,43,0.12,2.0477475750508214,0.0,12,2,50,923.0153872236996,4.73472867485739,19.239517479916493,3.49650756146648,39,0.06,2.045750242169806,-3.49650756146648,12,4,22,610.8179711255743,8850,100,11,9
-4.685676286954379,17.58495301583083,-2.833213344056216,22,0.22,2.645104992549128,0.0,22,6,50,714.700578826381,-4.087501140606884,13.452036137316306,0.0,26,0.18,2.3574283161936176,-3.49650756146648,20,18,50,426.1303380379172,-2.698878007917889,15.782353635696811,0.0,26,0.24,2.3626001508696586,0.0,24,18,50,627.5009326326667,-2.5837368497987026,15.823489440389038,0.0,28,0.16,2.362600150947545,-3.49650756146648,16,2,50,570.4177230507852,7.251625638004461,20.427062147870785,0.0,33,0.1,1.8797590525805887,-3.49650756146648,17,2,50,722.226366797437,7.024921550890008,22.601509764455887,3.49650756146648,43,0.0,1.9255307293635824,3.49650756146648,16,18,6,813.1884645192927,3.2711214123863908,22.09507200160965,2.833213344056216,41,0.12,2.0796615501912945,-2.833213344056216,12,2,50,986.632864357401,4.523685475279713,19.54221066917872,3.49650756146648,40,0.06,2.0388536364545806,2.833213344056216,12,4,50,680.9476557048821,8900,100,11,9
-4.089807353355979,18.281920434642167,-2.833213344056216,22,0.21,2.6447919445669723,0.0,21,6,50,705.6668639275501,-4.07972415496358,13.465341647058043,0.0,25,0.16,2.367863191880982,-3.49650756146648,21,18,50,419.6862127854744,-2.6706917894301028,15.800405247200173,0.0,25,0.21,2.365818848219421,-2.833213344056216,21,18,50,623.3265513670299,-3.477451830988307,15.52930071049811,-1.416606672028108,27,0.17,2.325788947786846,0.0,17,2,50,589.0513837644298,6.034285803100103,20.341987420962703,0.0,32,0.11,1.9085913805651609,-3.49650756146648,17,2,50,719.4077465636674,5.829038549783662,22.509471301293743,3.49650756146648,41,0.0,1.950630732880403,3.49650756146648,18,18,6,741.0250589949292,4.075175701921998,22.27265840678644,3.1648604527613484,43,0.1,2.1711120978813985,3.8918202981106265,12,2,50,1032.1357985447385,5.470219253594616,19.891818820194604,3.49650756146648,41,0.06,2.0651940181062587,2.833213344056216,12,4,50,696.8608513515796,8950,100,11,9
-3.8327288424163486,18.06385584721679,-2.2213256282451583,21,0.22,2.6287314690959094,0.0,22,6,50,671.6394092758337,-3.962621903812301,13.14099474817378,0.0,24,0.15,2.351740296589633,-3.49650756146648,24,18,50,388.32353073636807,-3.3112680788755404,15.23796294905351,-2.833213344056216,24,0.21,2.304290300135315,-2.833213344056216,23,18,50,605.8752943009665,-3.387243943093415,15.230896027876502,-2.833213344056216,26,0.17,2.2963673954311035,-3.49650756146648,18,2,50,554.2890931655155,4.995242187763562,19.89146958993072,0.0,30,0.12,1.9059252053401856,-3.49650756146648,17,2,50,691.7373182681638,6.729494309704827,22.474744326836426,3.49650756146648,40,0.0,1.9332808458183008,3.49650756146648,18,18,6,799.507128552867,5.53622874345666,22.61255354479465,3.49650756146648,44,0.1,2.142812121764598,-2.833213344056216,11,2,50,997.1622018129972,6.008131710653041,19.74123434940364,3.49650756146648,41,0.05,2.0621320233854235,-3.49650756146648,12,4,50,637.403178957551,9000,100,11,9
-4.427305734892355,17.36703181907271,-2.2213256282451583,21,0.23,2.629237654836313,0.0,23,6,50,680.8023435253851,-4.533151994822978,13.1784138500445,0.0,24,0.17,2.3277445093718194,-3.49650756146648,24,8,50,440.831075577747,-3.3811982166461725,15.214565356070963,-2.833213344056216,24,0.23,2.619727109068126,-2.833213344056216,23,18,50,605.8752929550966,-2.4974821358541344,15.525851785718984,-2.833213344056216,26,0.16,2.33602497563955,-3.49650756146648,17,2,50,535.2601243736149,6.212581946473721,20.04167463849047,0.0,31,0.11,1.8810329377807795,-3.49650756146648,17,2,50,694.5559461211726,7.85149395602118,22.545670502948056,3.49650756146648,41,0.0,1.9024549991691009,3.49650756146648,15,18,6,790.2637292987013,5.193125686013028,22.47266137643264,3.1648604527613484,44,0.12,2.0729719058709937,0.0,12,2,50,974.184752674898,4.824244701709261,19.570615980532786,3.49650756146648,41,0.05,2.0682257878488004,-3.49650756146648,12,4,50,645.2253063736292,9050,100,11,9
-4.370905379100643,17.383131149449078,-2.2213256282451583,21,0.23,2.645104992549128,0.0,23,6,50,683.2234880410073,-4.370448307934264,13.225160842312995,0.0,25,0.18,2.336329193763534,-3.49650756146648,22,18,50,444.213163822854,-2.4407713077282382,15.513276122515837,0.0,25,0.23,2.348591380994175,-2.833213344056216,23,18,50,596.0238359255893,-2.303930958342586,15.555211405144936,0.0,27,0.16,2.3532696901802903,-3.49650756146648,17,2,50,542.4371339051736,7.544697354588135,20.076321826394743,0.0,32,0.1,1.8634536617538893,-3.49650756146648,16,2,50,694.245783573529,7.934269198830391,22.51690377252049,3.49650756146648,43,0.0,1.9037982531559243,3.49650756146648,15,18,6,777.1863051637768,4.24376622003522,22.15199073962385,3.1648604527613484,41,0.12,2.05710456815764,0.0,12,2,50,957.9889918507996,4.168484005400008,19.36900739278838,3.49650756146648,39,0.06,2.3966617708004128,2.833213344056216,12,4,50,660.5066362450657,9100,100,11,9
-2.915085349147597,18.23088230381936,-0.8047189562170501,27,0.22,2.355144579221998,0.0,22,6,50,686.43436056624,-3.277108351546986,13.171238338182093,0.0,30,0.16,2.210406380922268,-3.49650756146648,19,18,50,416.8777457595117,-2.5104804764348843,15.378403140805668,0.0,31,0.22,2.6387321485833057,0.0,22,18,50,557.3692821839477,-2.87864061646734,14.994679143641026,-1.0986122886681098,30,0.17,2.3066380820218697,0.0,17,2,50,534.6831690899021,5.50855723077026,19.49765413855688,0.0,34,0.13,1.9093912988044013,-3.49650756146648,14,2,50,674.0994770601571,6.180985275777136,21.732639913934864,3.49650756146648,45,0.04,1.940161097042266,3.49650756146648,15,18,50,706.6783746202474,4.525432017031505,22.006698065440588,2.93886789088982,47,0.1,2.009296952112164,-2.833213344056216,10,2,50,935.1858779366664,5.694797098895878,19.65629951573992,3.49650756146648,43,0.05,2.011014878616243,-3.49650756146648,10,4,50,609.4414581570218,9150,100,11,9
0.7047210728982948,21.852550517633624,0.0,46,0.24,2.074584147220244,0.0,24,4,50,962.023804729731,0.6187738594055413,12.330058424011831,0.0,27,0.2,2.189091692875714,0.0,20,8,50,389.3314869796841,-1.6624782164310778,19.1233211233472,0.0,49,0.22,2.6217667194932863,0.0,22,4,25,883.3447928105207,0.5851310081031957,13.049409611264544,0.0,27,0.39,2.267289642022261,0.0,39,8,50,406.7805509436662,-2.3847324126573106,17.4865819697144,0.0,35,0.21,2.402781857185921,0.0,21,4,50,771.4305638695532,-1.4121271201308674,18.93248480796037,0.0,41,0.28,2.323119266605982,0.0,28,4,50,818.2133472164705,-1.1016613086574796,19.689885090617143,1.6094379124341005,44,0.1,2.3615039809125054,3.044522437723423,21,2,50,883.6460218358422,-0.3774798496405004,18.691605482333024,0.0,42,0.26,2.342573340125847,0.0,26,4,50,722.524326426532,9200,100,11,9
4.142593586796214,24.4591844483846,0.0,52,0.26,1.5611819421386397,0.0,26,4,25,1385.4619347020837,4.033138559501412,10.396115312788568,0.0,17,0.25,1.903084570639961,-3.044522437723423,26,8,25,395.7326995331099,8.753886504564434e-14,22.31173665470641,0.0,53,0.24,1.913373186404603,0.0,24,4,25,1575.8439116281777,4.966148692491879,10.353680515061985,0.0,15,0.62,1.310233267254462,0.0,62,8,25,418.43446618951526,-7.930163145149099,13.76404308366941,-3.044522437723423,28,0.25,1.5095699921973325,-3.044522437723423,26,4,50,859.9958081448253,-7.10814208696377,14.124213477955951,0.0,27,0.5,0.8112781247838816,0.0,50,4,50,863.0403305825484,-7.534375228245107,14.027635033439983,-3.044522437723423,28,0.12,1.5095699921973325,3.044522437723423,37,4,50,826.5060613298728,-7.106398553092322,14.125477349490412,0.0,28,0.5,0.8112781247838816,0.0,50,4,50,863.2146839696929,9250,100,11,9
4.173038811173038,24.45590365851321,1.5222612188617115,52,0.25,1.5611819421386397,0.0,25,4,25,1383.8153290707585,4.337692954881304,10.741628314737945,1.0986122886681098,18,0.24,1.912795954638569,-3.044522437723423,26,8,25,425.8485768662579,-0.0304452243770679,22.30963860012999,0.0,53,0.25,1.897520139850759,0.0,25,4,25,1575.693913440793,4.966148692491344,10.35368051506062,0.0,15,0.62,1.310233267254462,0.0,62,8,25,418.434466189463,-7.899717920770752,13.78490179358236,-3.044522437723423,28,0.24,1.5095699921973325,-3.044522437723423,26,4,50,863.0403305824373,-7.1081420869626655,14.124213477954042,0.0,27,0.5,0.8112781247838816,0.0,50,4,50,863.0403305824377,-7.564820452621231,14.0079318624193,-3.044522437723423,28,0.13,1.5095699921973325,3.044522437723423,36,4,50,823.4615388920383,-7.108142086962662,14.124213477954038,0.0,27,0.5,0.8112781247838816,0.0,50,4,50,863.0403305824373,9300,100,11,9
4.487809719028129,24.602298938166243,3.044522437723423,52,0.24,1.5611819421386397,0.0,24,4,25,1410.4096597424846,4.429028628012475,10.699961367513492,2.19722457733622,18,0.25,2.259422768818224,0.0,25,8,25,419.19310118416746,8.412825991399586e-14,22.3075818996866,0.0,53,0.26,1.897520139850759,0.0,26,4,25,1575.5497840839157,4.651377784635064,10.015884649156863,0.0,14,0.63,1.2870102911617602,0.0,63,8,25,387.70764937919097,-7.808382247638025,13.833493275106816,0.0,28,0.25,1.4895642179521462,3.044522437723423,26,4,50,866.0848530200583,-7.10814208696164,14.124213477952274,0.0,27,0.5,0.8112781247838816,0.0,50,4,50,863.0403305823353,-7.4430395551112705,14.073017648093918,0.0,28,0.13,1.4895642179521462,3.044522437723423,38,4,50,823.4615388919359,-7.077696862584403,14.1427716021049,0.0,27,0.49,0.8112781247028926,0.0,49,4,50,866.0848530200583,9350,100,11,9
4.457364494650449,24.60594968112433,1.5222612188617115,52,0.25,1.8975201398507588,0.0,25,4,25,1412.0252532554312,4.124474232631555,10.355744365928324,1.0986122886681098,17,0.26,2.238845536816478,0.0,26,8,25,389.0466875549277,0.0304452243774101,22.30963860012396,0.0,53,0.25,1.913373186404603,0.0,25,4,25,1575.693913440366,4.651377784634572,10.015884649155543,0.0,14,0.63,1.2870102911617602,0.0,63,8,25,387.707649379143,-7.838827472014149,13.812909259560152,0.0,28,0.26,1.4895642179521462,0.0,26,4,50,863.040330582224,-7.108142086960523,14.124213477950349,0.0,27,0.5,0.8112781247838816,0.0,50,4,50,863.0403305822235,-7.412594330732921,14.092366728096737,0.0,28,0.12,1.4895642179521462,3.044522437723423,39,4,50,826.506061329548,-7.108142086960528,14.124213477950356,0.0,27,0.5,0.8112781247838816,0.0,50,4,50,863.040330582224,9400,100,11,9
4.142593586794163,24.459184448371307,0.0,52,0.26,1.5611819421386397,0.0,26,4,25,1385.4619347013204,4.033138559499361,10.396115312783156,0.0,17,0.25,1.903084570639961,-3.044522437723423,26,8,25,395.7326995329125,8.700595799382426e-14,22.31173665469436,0.0,53,0.24,1.913373186404603,0.0,24,4,25,1575.8439116273244,4.966148692489656,10.353680515056295,0.0,15,0.62,1.310233267254462,0.0,62,8,25,418.434466189298,-7.930163145144827,13.764043083662102,-3.044522437723423,28,0.25,1.5095699921973325,-3.044522437723423,26,4,50,859.9958081443981,-7.108142086959498,14.124213477948578,0.0,27,0.5,0.8112781247838816,0.0,50,4,50,863.0403305821211,-7.534375228240832,14.02763503343269,-3.044522437723423,28,0.12,1.5095699921973325,3.044522437723423,37,4,50,826.5060613294455,-7.138587311336737,14.105565225426227,0.0,27,0.51,0.8112781248243761,0.0,51,4,50,859.9958081443981,9450,100,11,9
4.17303881117099,24.455903658499924,1.5222612188617115,52,0.25,1.5611819421386397,0.0,25,4,25,1383.8153290699954,4.337692954879083,10.74162831473233,1.0986122886681098,18,0.24,1.912795954638569,-3.044522437723423,26,8,25,425.8485768660427,-0.0304452243770673,22.30963860011793,0.0,53,0.25,1.897520139850759,0.0,25,4,25,1575.6939134399397,4.966148692489124,10.353680515054933,0.0,15,0.62,1.310233267254462,0.0,62,8,25,418.43446618924577,-7.899717920766481,13.78490179357505,-3.044522437723423,28,0.24,1.5095699921973325,-3.044522437723423,26,4,50,863.04033058201,-7.108142086958392,14.124213477946675,0.0,27,0.5,0.8112781247838816,0.0,50,4,50,863.0403305820106,-7.564820452616959,14.007931862412006,-3.044522437723423,28,0.13,1.5095699921973325,3.044522437723423,36,4,50,823.4615388916112,-7.10814208695839,14.124213477946666,0.0,27,0.5,0.8112781247838816,0.0,50,4,50,863.0403305820101,9500,100,11,9
4.487809719025908,24.60229893815287,3.044522437723423,52,0.24,1.5611819421386397,0.0,24,4,25,1410.4096597417072,4.429028628010252,10.699961367507877,2.19722457733622,18,0.25,2.259422768818224,0.0,25,8,25,419.1931011839523,8.355982572538779e-14,22.30758189967454,0.0,53,0.26,1.897520139850759,0.0,26,4,25,1575.549784083062,4.651377784633014,10.01588464915137,0.0,14,0.63,1.2870102911617602,0.0,63,8,25,387.7076493789912,-7.808382247633749,13.833493275099508,0.0,28,0.25,1.4895642179521462,3.044522437723423,26,4,50,866.084853019631,-7.108142086957368,14.124213477944902,0.0,27,0.5,0.8112781247838816,0.0,50,4,50,863.040330581908,-7.443039555106996,14.07301764808662,0.0,28,0.13,1.4895642179521462,3.044522437723423,38,4,50,823.4615388915086,-7.077696862580129,14.142771602097527,0.0,27,0.49,0.8112781247028926,0.0,49,4,50,866.084853019631,9550,100,11,9
4.4573644946482265,24.60594968111096,1.5222612188617115,52,0.25,1.8975201398507588,0.0,25,4,25,1412.0252532546535,4.124474232629504,10.35574436592291,1.0986122886681098,17,0.26,2.238845536816478,0.0,26,8,25,389.0466875547304,0.0304452243774096,22.3096386001119,0.0,53,0.25,1.913373186404603,0.0,25,4,25,1575.6939134395125,4.65137778463252,10.01588464915005,0.0,14,0.63,1.2870102911617602,0.0,63,8,25,387.7076493789432,-7.838827472009875,13.81290925955284,0.0,28,0.26,1.4895642179521462,0.0,26,4,50,863.0403305817968,-7.108142086956251,14.124213477942977,0.0,27,0.5,0.8112781247838816,0.0,50,4,50,863.0403305817963,-7.412594330728648,14.09236672808944,0.0,28,0.12,1.4895642179521462,3.044522437723423,39,4,50,826.5060613291207,-7.108142086956255,14.124213477942984,0.0,27,0.5,0.8112781247838816,0.0,50,4,50,863.0403305817968,9600,100,11,9
4.142593586792112,24.459184448358016,0.0,52,0.26,1.5611819421386397,0.0,26,4,25,1385.4619347005575,4.033138559497312,10.396115312777743,0.0,17,0.25,1.903084570639961,-3.044522437723423,26,8,25,395.7326995327152,8.697043085703626e-14,22.3117366546823,0.0,53,0.24,1.913373186404603,0.0,24,4,25,1575.8439116264708,4.966148692487434,10.353680515050604,0.0,15,0.62,1.310233267254462,0.0,62,8,25,418.4344661890807,-7.930163145140556,13.76404308365479,-3.044522437723423,28,0.25,1.5095699921973325,-3.044522437723423,26,4,50,859.9958081439706,-7.108142086955227,14.124213477941208,0.0,27,0.5,0.8112781247838816,0.0,50,4,50,863.0403305816938,-7.534375228236563,14.027635033425398,-3.044522437723423,28,0.12,1.5095699921973325,3.044522437723423,37,4,50,826.5060613290182,-7.138587311332465,14.105565225418855,0.0,27,0.51,0.8112781248243761,0.0,51,4,50,859.9958081439706,9650,100,11,9
4.173038811168937,24.45590365848664,1.5222612188617115,52,0.25,1.5611819421386397,0.0,25,4,25,1383.8153290692326,4.337692954876861,10.741628314726716,1.0986122886681098,18,0.24,1.912795954638569,-3.044522437723423,26,8,25,425.8485768658276,-0.0304452243770673,22.30963860010588,0.0,53,0.25,1.897520139850759,0.0,25,4,25,1575.6939134390857,4.966148692486901,10.35368051504924,0.0,15,0.62,1.310233267254462,0.0,62,8,25,418.4344661890286,-7.899717920762206,13.78490179356774,-3.044522437723423,28,0.24,1.5095699921973325,-3.044522437723423,26,4,50,863.0403305815829,-7.10814208695412,14.124213477939302,0.0,27,0.5,0.8112781247838816,0.0,50,4,50,863.0403305815832,-7.564820452612687,14.007931862404714,-3.044522437723423,28,0.13,1.5095699921973325,3.044522437723423,36,4,50,823.4615388911839,-7.108142086954116,14.124213477939294,0.0,27,0.5,0.8112781247838816,0.0,50,4,50,863.0403305815828,9700,100,11,9
4.487809719023685,24.602298938139505,3.044522437723423,52,0.24,1.5611819421386397,0.0,24,4,25,1410.4096597409298,4.429028628008029,10.69996136750226,2.19722457733622,18,0.25,2.259422768818224,0.0,25,8,25,419.193101183737,8.355982572538779e-14,22.30758189966248,0.0,53,0.26,1.897520139850759,0.0,26,4,25,1575.5497840822088,4.651377784630962,10.015884649145876,0.0,14,0.63,1.2870102911617602,0.0,63,8,25,387.7076493787914,-7.808382247629477,13.833493275092197,0.0,28,0.25,1.4895642179521462,3.044522437723423,26,4,50,866.0848530192037,-7.108142086953095,14.12421347793753,0.0,27,0.5,0.8112781247838816,0.0,50,4,50,863.0403305814807,-7.443039555102721,14.073017648079322,0.0,28,0.13,1.4895642179521462,3.044522437723423,38,4,50,823.4615388910813,-7.077696862575856,14.142771602090155,0.0,27,0.49,0.8112781247028926,0.0,49,4,50,866.0848530192037,9750,100,11,9
4.457364494646006,24.605949681097584,1.5222612188617115,52,0.25,1.8975201398507588,0.0,25,4,25,1412.0252532538764,4.1244742326274535,10.355744365917497,1.0986122886681098,17,0.26,2.238845536816478,0.0,26,8,25,389.0466875545328,0.030445224377409,22.309638600099845,0.0,53,0.25,1.913373186404603,0.0,25,4,25,1575.693913438659,4.651377784630471,10.01588464914456,0.0,14,0.63,1.2870102911617602,0.0,63,8,25,387.7076493787435,-7.838827472005605,13.81290925954553,0.0,28,0.26,1.4895642179521462,0.0,26,4,50,863.0403305813695,-7.108142086951979,14.124213477935603,0.0,27,0.5,0.8112781247838816,0.0,50,4,50,863.040330581369,-7.412594330724375,14.092366728082148,0.0,28,0.12,1.4895642179521462,3.044522437723423,39,4,50,826.5060613286935,-7.108142086951983,14.124213477935614,0.0,27,0.5,0.8112781247838816,0.0,50,4,50,863.0403305813694,9800,100,11,9
4.142593586790062,24.459184448344725,0.0,52,0.26,1.5611819421386397,0.0,26,4,25,1385.4619346997945,4.033138559495259,10.396115312772327,0.0,17,0.25,1.903084570639961,-3.044522437723423,26,8,25,395.7326995325179,8.753886504564434e-14,22.31173665467024,0.0,53,0.24,1.913373186404603,0.0,24,4,25,1575.8439116256177,4.966148692485214,10.353680515044918,0.0,15,0.62,1.310233267254462,0.0,62,8,25,418.4344661888635,-7.930163145136281,13.764043083647485,-3.044522437723423,28,0.25,1.5095699921973325,-3.044522437723423,26,4,50,859.9958081435436,-7.108142086950952,14.124213477933836,0.0,27,0.5,0.8112781247838816,0.0,50,4,50,863.0403305812665,-7.534375228232289,14.027635033418104,-3.044522437723423,28,0.12,1.5095699921973325,3.044522437723423,37,4,50,826.5060613285909,-7.138587311328191,14.10556522541148,0.0,27,0.51,0.8112781248243761,0.0,51,4,50,859.9958081435435,9850,100,11,9
4.173038811166886,24.45590365847335,1.5222612188617115,52,0.25,1.5611819421386397,0.0,25,4,25,1383.8153290684695,4.33769295487464,10.741628314721105,1.0986122886681098,18,0.24,1.912795954638569,-3.044522437723423,26,8,25,425.8485768656126,-0.0304452243770679,22.30963860009382,0.0,53,0.25,1.897520139850759,0.0,25,4,25,1575.6939134382324,4.966148692484679,10.353680515043552,0.0,15,0.62,1.310233267254462,0.0,62,8,25,418.43446618881126,-7.899717920757934,13.784901793560437,-3.044522437723423,28,0.24,1.5095699921973325,-3.044522437723423,26,4,50,863.0403305811556,-7.108142086949847,14.124213477931928,0.0,27,0.5,0.8112781247838816,0.0,50,4,50,863.0403305811559,-7.564820452608413,14.00793186239742,-3.044522437723423,28,0.13,1.5095699921973325,3.044522437723423,36,4,50,823.4615388907566,-7.108142086949844,14.12421347793192,0.0,27,0.5,0.8112781247838816,0.0,50,4,50,863.0403305811556,9900,100,11,9
4.487809719021464,24.602298938126133,3.044522437723423,52,0.24,1.5611819421386397,0.0,24,4,25,1410.4096597401528,4.429028628005809,10.699961367496645,2.19722457733622,18,0.25,2.259422768818224,0.0,25,8,25,419.1931011835217,8.355982572538779e-14,22.307581899650422,0.0,53,0.26,1.897520139850759,0.0,26,4,25,1575.5497840813548,4.651377784628911,10.015884649140384,0.0,14,0.63,1.2870102911617602,0.0,63,8,25,387.7076493785916,-7.8083822476252065,13.833493275084884,0.0,28,0.25,1.4895642179521462,3.044522437723423,26,4,50,866.0848530187765,-7.108142086948822,14.12421347793016,0.0,27,0.5,0.8112781247838816,0.0,50,4,50,863.0403305810535,-7.443039555098452,14.073017648072028,0.0,28,0.13,1.4895642179521462,3.044522437723423,38,4,50,823.4615388906541,-7.077696862571584,14.142771602082783,0.0,27,0.49,0.8112781247028926,0.0,49,4,50,866.0848530187765,9950,100,11,9
4.457364494643783,24.605949681084216,1.5222612188617115,52,0.25,1.8975201398507588,0.0,25,4,25,1412.0252532530992,4.124474232625404,10.355744365912075,1.0986122886681098,17,0.26,2.238845536816478,0.0,26,8,25,389.0466875543353,0.0304452243774102,22.309638600087784,0.0,53,0.25,1.913373186404603,0.0,25,4,25,1575.6939134378051,4.651377784628419,10.015884649139064,0.0,14,0.63,1.2870102911617602,0.0,63,8,25,387.7076493785436,-7.838827472001331,13.812909259538218,0.0,28,0.26,1.4895642179521462,0.0,26,4,50,863.0403305809422,-7.108142086947705,14.124213477928231,0.0,27,0.5,0.8112781247838816,0.0,50,4,50,863.0403305809417,-7.412594330720103,14.092366728074849,0.0,28,0.12,1.4895642179521462,3.044522437723423,39,4,50,826.5060613282662,-7.108142086947709,14.12421347792824,0.0,27,0.5,0.8112781247838816,0.0,50,4,50,863.0403305809422,10000,100,11,9
4.142593586788011,24.45918444833144,0.0,52,0.26,1.5611819421386397,0.0,26,4,25,1385.4619346990314,4.033138559493207,10.396115312766916,0.0,17,0.25,1.903084570639961,-3.044522437723423,26,8,25,395.7326995323206,8.700595799382426e-14,22.311736654658187,0.0,53,0.24,1.913373186404603,0.0,24,4,25,1575.8439116247637,4.966148692482991,10.353680515039228,0.0,15,0.62,1.310233267254462,0.0,62,8,25,418.43446618864607,-7.930163145132009,13.764043083640171,-3.044522437723423,28,0.25,1.5095699921973325,-3.044522437723423,26,4,50,859.9958081431162,-7.10814208694668,14.124213477926464,0.0,27,0.5,0.8112781247838816,0.0,50,4,50,863.0403305808392,-7.534375228228014,14.027635033410808,-3.044522437723423,28,0.12,1.5095699921973325,3.044522437723423,37,4,50,826.5060613281637,-7.138587311323919,14.10556522540411,0.0,27,0.51,0.8112781248243761,0.0,51,4,50,859.9958081431162,10050,100,11,9
4.173038811164837,24.455903658460063,1.5222612188617115,52,0.25,1.5611819421386397,0.0,25,4,25,1383.815329067707,4.337692954872417,10.74162831471549,1.0986122886681098,18,0.24,1.912795954638569,-3.044522437723423,26,8,25,425.84857686539743,-0.0304452243770673,22.30963860008176,0.0,53,0.25,1.897520139850759,0.0,25,4,25,1575.693913437379,4.966148692482459,10.353680515037862,0.0,15,0.62,1.310233267254462,0.0,62,8,25,418.434466188594,-7.8997179207536625,13.784901793553129,-3.044522437723423,28,0.24,1.5095699921973325,-3.044522437723423,26,4,50,863.0403305807283,-7.108142086945574,14.12421347792456,0.0,27,0.5,0.8112781247838816,0.0,50,4,50,863.0403305807288,-7.564820452604141,14.007931862390128,-3.044522437723423,28,0.13,1.5095699921973325,3.044522437723423,36,4,50,823.4615388903294,-7.108142086945572,14.12421347792455,0.0,27,0.5,0.8112781247838816,0.0,50,4,50,863.0403305807283,10100,100,11,9
4.487809719019242,24.60229893811276,3.044522437723423,52,0.24,1.5611819421386397,0.0,24,4,25,1410.4096597393757,4.429028628003586,10.699961367491026,2.19722457733622,18,0.25,2.259422768818224,0.0,25,8,25,419.19310118330645,8.412825991399586e-14,22.307581899638368,0.0,53,0.26,1.897520139850759,0.0,26,4,25,1575.549784080501,4.6513777846268605,10.015884649134891,0.0,14,0.63,1.2870102911617602,0.0,63,8,25,387.7076493783918,-7.808382247620932,13.833493275077574,0.0,28,0.25,1.4895642179521462,3.044522437723423,26,4,50,866.0848530183491,-7.108142086944549,14.124213477922789,0.0,27,0.5,0.8112781247838816,0.0,50,4,50,863.0403305806261,-7.4430395550941775,14.073017648064727,0.0,28,0.13,1.4895642179521462,3.044522437723423,38,4,50,823.4615388902268,-7.077696862567311,14.142771602075412,0.0,27,0.49,0.8112781247028926,0.0,49,4,50,866.0848530183491,10150,100,11,9
4.457364494641562,24.605949681070843,1.5222612188617115,52,0.25,1.8975201398507588,0.0,25,4,25,1412.025253252322,4.124474232623352,10.35574436590666,1.0986122886681098,17,0.26,2.238845536816478,0.0,26,8,25,389.0466875541377,0.0304452243774096,22.309638600075733,0.0,53,0.25,1.913373186404603,0.0,25,4,25,1575.6939134369518,4.651377784626368,10.015884649133572,0.0,14,0.63,1.2870102911617602,0.0,63,8,25,387.7076493783438,-7.838827471997057,13.812909259530906,0.0,28,0.26,1.4895642179521462,0.0,26,4,50,863.0403305805149,-7.108142086943433,14.12421347792086,0.0,27,0.5,0.8112781247838816,0.0,50,4,50,863.0403305805144,-7.41259433071583,14.092366728067551,0.0,28,0.12,1.4895642179521462,3.044522437723423,39,4,50,826.506061327839,-7.108142086943436,14.124213477920868,0.0,27,0.5,0.8112781247838816,0.0,50,4,50,863.0403305805148,10200,100,11,9
4.142593586785959,24.459184448318148,0.0,52,0.26,1.5611819421386397,0.0,26,4,25,1385.4619346982684,4.033138559491158,10.396115312761498,0.0,17,0.25,1.903084570639961,-3.044522437723423,26,8,25,395.7326995321232,8.697043085703626e-14,22.311736654646133,0.0,53,0.24,1.913373186404603,0.0,24,4,25,1575.8439116239103,4.966148692480769,10.353680515033542,0.0,15,0.62,1.310233267254462,0.0,62,8,25,418.43446618842887,-7.930163145127738,13.764043083632862,-3.044522437723423,28,0.25,1.5095699921973325,-3.044522437723423,26,4,50,859.9958081426889,-7.108142086942409,14.12421347791909,0.0,27,0.5,0.8112781247838816,0.0,50,4,50,863.040330580412,-7.534375228223745,14.027635033403516,-3.044522437723423,28,0.12,1.5095699921973325,3.044522437723423,37,4,50,826.5060613277363,-7.138587311319647,14.105565225396736,0.0,27,0.51,0.8112781248243761,0.0,51,4,50,859.9958081426888,10250,100,11,9
4.173038811162785,24.45590365844677,1.5222612188617115,52,0.25,1.5611819421386397,0.0,25,4,25,1383.8153290669438,4.337692954870196,10.741628314709876,1.0986122886681098,18,0.24,1.912795954638569,-3.044522437723423,26,8,25,425.8485768651824,-0.0304452243770673,22.309638600069704,0.0,53,0.25,1.897520139850759,0.0,25,4,25,1575.6939134365257,4.966148692480235,10.353680515032174,0.0,15,0.62,1.310233267254462,0.0,62,8,25,418.4344661883767,-7.899717920749388,13.78490179354582,-3.044522437723423,28,0.24,1.5095699921973325,-3.044522437723423,26,4,50,863.040330580301,-7.108142086941302,14.124213477917184,0.0,27,0.5,0.8112781247838816,0.0,50,4,50,863.0403305803015,-7.564820452599869,14.007931862382836,-3.044522437723423,28,0.13,1.5095699921973325,3.044522437723423,36,4,50,823.461538889902,-7.108142086941298,14.124213477917175,0.0,27,0.5,0.8112781247838816,0.0,50,4,50,863.0403305803011,10300,100,11,9
4.48780971901702,24.602298938099388,3.044522437723423,52,0.24,1.5611819421386397,0.0,24,4,25,1410.4096597385983,4.429028628001364,10.69996136748541,2.19722457733622,18,0.25,2.259422768818224,0.0,25,8,25,419.19310118309113,8.355982572538779e-14,22.30758189962631,0.0,53,0.26,1.897520139850759,0.0,26,4,25,1575.5497840796477,4.65137778462481,10.0158846491294,0.0,14,0.63,1.2870102911617602,0.0,63,8,25,387.707649378192,-7.808382247616659,13.833493275070266,0.0,28,0.25,1.4895642179521462,3.044522437723423,26,4,50,866.0848530179219,-7.108142086940277,14.124213477915418,0.0,27,0.5,0.8112781247838816,0.0,50,4,50,863.040330580199,-7.443039555089903,14.07301764805743,0.0,28,0.13,1.4895642179521462,3.044522437723423,38,4,50,823.4615388897995,-7.077696862563037,14.14277160206804,0.0,27,0.49,0.8112781247028926,0.0,49,4,50,866.0848530179219,10350,100,11,9
4.457364494639341,24.60594968105747,1.5222612188617115,52,0.25,1.8975201398507588,0.0,25,4,25,1412.025253251545,4.124474232621301,10.355744365901243,1.0986122886681098,17,0.26,2.238845536816478,0.0,26,8,25,389.0466875539402,0.030445224377409,22.30963860006367,0.0,53,0.25,1.913373186404603,0.0,25,4,25,1575.693913436098,4.651377784624319,10.01588464912808,0.0,14,0.63,1.2870102911617602,0.0,63,8,25,387.7076493781439,-7.838827471992787,13.812909259523591,0.0,28,0.26,1.4895642179521462,0.0,26,4,50,863.0403305800876,-7.108142086939161,14.12421347791349,0.0,27,0.5,0.8112781247838816,0.0,50,4,50,863.0403305800871,-7.412594330711557,14.092366728060258,0.0,28,0.12,1.4895642179521462,3.044522437723423,39,4,50,826.5060613274118,-7.108142086939165,14.124213477913498,0.0,27,0.5,0.8112781247838816,0.0,50,4,50,863.0403305800876,10400,100,11,9
4.142593586783908,24.459184448304857,0.0,52,0.26,1.5611819421386397,0.0,26,4,25,1385.4619346975053,4.033138559489107,10.396115312756086,0.0,17,0.25,1.903084570639961,-3.044522437723423,26,8,25,395.7326995319259,8.753886504564434e-14,22.31173665463408,0.0,53,0.24,1.913373186404603,0.0,24,4,25,1575.8439116230568,4.966148692478548,10.353680515027852,0.0,15,0.62,1.310233267254462,0.0,62,8,25,418.4344661882116,-7.930163145123463,13.764043083625555,-3.044522437723423,28,0.25,1.5095699921973325,-3.044522437723423,26,4,50,859.9958081422617,-7.108142086938134,14.124213477911722,0.0,27,0.5,0.8112781247838816,0.0,50,4,50,863.0403305799848,-7.534375228219471,14.027635033396225,-3.044522437723423,28,0.12,1.5095699921973325,3.044522437723423,37,4,50,826.5060613273092,-7.138587311315373,14.105565225389364,0.0,27,0.51,0.8112781248243761,0.0,51,4,50,859.9958081422616,10450,100,11,9
4.173038811160733,24.45590365843348,1.5222612188617115,52,0.25,1.5611819421386397,0.0,25,4,25,1383.8153290661803,4.337692954867974,10.74162831470426,1.0986122886681098,18,0.24,1.912795954638569,-3.044522437723423,26,8,25,425.8485768649672,-0.0304452243770679,22.30963860005765,0.0,53,0.25,1.897520139850759,0.0,25,4,25,1575.6939134356717,4.966148692478013,10.353680515026486,0.0,15,0.62,1.310233267254462,0.0,62,8,25,418.4344661881594,-7.899717920745116,13.784901793538516,-3.044522437723423,28,0.24,1.5095699921973325,-3.044522437723423,26,4,50,863.0403305798737,-7.108142086937029,14.124213477909812,0.0,27,0.5,0.8112781247838816,0.0,50,4,50,863.0403305798741,-7.564820452595595,14.007931862375536,-3.044522437723423,28,0.13,1.5095699921973325,3.044522437723423,36,4,50,823.4615388894749,-7.1081420869370255,14.124213477909803,0.0,27,0.5,0.8112781247838816,0.0,50,4,50,863.0403305798736,10500,100,11,9
4.487809719014798,24.60229893808602,3.044522437723423,52,0.24,1.5611819421386397,0.0,24,4,25,1410.4096597378211,4.429028627999144,10.699961367479794,2.19722457733622,18,0.25,2.259422768818224,0.0,25,8,25,419.1931011828758,8.355982572538779e-14,22.30758189961425,0.0,53,0.26,1.897520139850759,0.0,26,4,25,1575.549784078794,4.651377784622758,10.015884649123905,0.0,14,0.63,1.2870102911617602,0.0,63,8,25,387.7076493779921,-7.808382247612388,13.833493275062953,0.0,28,0.25,1.4895642179521462,3.044522437723423,26,4,50,866.0848530174947,-7.108142086936004,14.124213477908045,0.0,27,0.5,0.8112781247838816,0.0,50,4,50,863.0403305797716,-7.443039555085634,14.073017648050136,0.0,28,0.13,1.4895642179521462,3.044522437723423,38,4,50,823.4615388893724,-7.077696862558766,14.14277160206067,0.0,27,0.49,0.8112781247028926,0.0,49,4,50,866.0848530174947,10550,100,11,9
4.45736449463712,24.605949681044105,1.5222612188617115,52,0.25,1.8975201398507588,0.0,25,4,25,1412.0252532507675,4.12447423261925,10.355744365895829,1.0986122886681098,17,0.26,2.238845536816478,0.0,26,8,25,389.04668755374274,0.0304452243774096,22.309638600051617,0.0,53,0.25,1.913373186404603,0.0,25,4,25,1575.6939134352444,4.651377784622266,10.015884649122588,0.0,14,0.63,1.2870102911617602,0.0,63,8,25,387.7076493779442,-7.838827471988513,13.812909259516283,0.0,28,0.26,1.4895642179521462,0.0,26,4,50,863.0403305796605,-7.108142086934887,14.124213477906116,0.0,27,0.5,0.8112781247838816,0.0,50,4,50,863.0403305796599,-7.412594330707285,14.092366728052962,0.0,28,0.12,1.4895642179521462,3.044522437723423,39,4,50,826.5060613269843,-7.108142086934891,14.124213477906126,0.0,27,0.5,0.8112781247838816,0.0,50,4,50,863.0403305796603,10600,100,11,9
4.1425935867818575,24.45918444829157,0.0,52,0.26,1.5611819421386397,0.0,26,4,25,1385.4619346967424,4.033138559487055,10.396115312750672,0.0,17,0.25,1.903084570639961,-3.044522437723423,26,8,25,395.7326995317285,8.700595799382426e-14,22.31173665462202,0.0,53,0.24,1.913373186404603,0.0,24,4,25,1575.8439116222034,4.966148692476326,10.353680515022162,0.0,15,0.62,1.310233267254462,0.0,62,8,25,418.4344661879944,-7.930163145119191,13.764043083618244,-3.044522437723423,28,0.25,1.5095699921973325,-3.044522437723423,26,4,50,859.9958081418345,-7.108142086933862,14.12421347790435,0.0,27,0.5,0.8112781247838816,0.0,50,4,50,863.0403305795573,-7.534375228215196,14.027635033388934,-3.044522437723423,28,0.12,1.5095699921973325,3.044522437723423,37,4,50,826.5060613268819,-7.138587311311101,14.105565225381993,0.0,27,0.51,0.8112781248243761,0.0,51,4,50,859.9958081418343,10650,100,11,9
4.173038811158684,24.4559036584202,1.5222612188617115,52,0.25,1.5611819421386397,0.0,25,4,25,1383.8153290654177,4.337692954865752,10.741628314698648,1.0986122886681098,18,0.24,1.912795954638569,-3.044522437723423,26,8,25,425.8485768647522,-0.0304452243770679,22.30963860004559,0.0,53,0.25,1.897520139850759,0.0,25,4,25,1575.6939134348183,4.966148692475794,10.353680515020798,0.0,15,0.62,1.310233267254462,0.0,62,8,25,418.4344661879421,-7.899717920740844,13.784901793531205,-3.044522437723423,28,0.24,1.5095699921973325,-3.044522437723423,26,4,50,863.0403305794465,-7.108142086932758,14.12421347790244,0.0,27,0.5,0.8112781247838816,0.0,50,4,50,863.0403305794468,-7.564820452591323,14.007931862368244,-3.044522437723423,28,0.13,1.5095699921973325,3.044522437723423,36,4,50,823.4615388890476,-7.108142086932753,14.124213477902437,0.0,27,0.5,0.8112781247838816,0.0,50,4,50,863.0403305794464,10700,100,11,9
4.487809719012577,24.602298938072646,3.044522437723423,52,0.24,1.5611819421386397,0.0,24,4,25,1410.4096597370435,4.429028627996921,10.699961367474176,2.19722457733622,18,0.25,2.259422768818224,0.0,25,8,25,419.1931011826606,8.416378705078387e-14,22.30758189960219,0.0,53,0.26,1.897520139850759,0.0,26,4,25,1575.5497840779406,4.651377784620708,10.015884649118412,0.0,14,0.63,1.2870102911617602,0.0,63,8,25,387.7076493777925,-7.8083822476081135,13.833493275055645,0.0,28,0.25,1.4895642179521462,3.044522437723423,26,4,50,866.0848530170673,-7.108142086931731,14.124213477900671,0.0,27,0.5,0.8112781247838816,0.0,50,4,50,863.0403305793443,-7.443039555081359,14.07301764804284,0.0,28,0.13,1.4895642179521462,3.044522437723423,38,4,50,823.4615388889449,-7.077696862554492,14.142771602053298,0.0,27,0.49,0.8112781247028926,0.0,49,4,50,866.0848530170674,10750,100,11,9
4.457364494634896,24.60594968103073,1.5222612188617115,52,0.25,1.8975201398507588,0.0,25,4,25,1412.0252532499903,4.1244742326172,10.355744365890407,1.0986122886681098,17,0.26,2.238845536816478,0.0,26,8,25,389.0466875535452,0.0304452243774096,22.30963860003956,0.0,53,0.25,1.913373186404603,0.0,25,4,25,1575.693913434391,4.651377784620214,10.015884649117094,0.0,14,0.63,1.2870102911617602,0.0,63,8,25,387.7076493777444,-7.838827471984239,13.812909259508968,0.0,28,0.26,1.4895642179521462,0.0,26,4,50,863.0403305792331,-7.108142086930615,14.124213477898744,0.0,27,0.5,0.8112781247838816,0.0,50,4,50,863.0403305792327,-7.412594330703012,14.092366728045665,0.0,28,0.12,1.4895642179521462,3.044522437723423,39,4,50,826.5060613265571,-7.108142086930618,14.124213477898753,0.0,27,0.5,0.8112781247838816,0.0,50,4,50,863.0403305792331,10800,100,11,9
4.142593586779807,24.459184448278283,0.0,52,0.26,1.5611819421386397,0.0,26,4,25,1385.4619346959794,4.033138559485006,10.396115312745255,0.0,17,0.25,1.903084570639961,-3.044522437723423,26,8,25,395.7326995315312,8.697043085703626e-14,22.31173665460997,0.0,53,0.24,1.913373186404603,0.0,24,4,25,1575.84391162135,4.966148692474103,10.353680515016473,0.0,15,0.62,1.310233267254462,0.0,62,8,25,418.43446618777705,-7.930163145114919,13.764043083610936,-3.044522437723423,28,0.25,1.5095699921973325,-3.044522437723423,26,4,50,859.9958081414071,-7.108142086929591,14.124213477896976,0.0,27,0.5,0.8112781247838816,0.0,50,4,50,863.0403305791301,-7.534375228210926,14.02763503338164,-3.044522437723423,28,0.12,1.5095699921973325,3.044522437723423,37,4,50,826.5060613264545,-7.1385873113068286,14.10556522537462,0.0,27,0.51,0.8112781248243761,0.0,51,4,50,859.995808141407,10850,100,11,9
4.1730388111566326,24.455903658406907,1.5222612188617115,52,0.25,1.5611819421386397,0.0,25,4,25,1383.8153290646546,4.33769295486353,10.741628314693036,1.0986122886681098,18,0.24,1.912795954638569,-3.044522437723423,26,8,25,425.8485768645371,-0.0304452243770673,22.309638600033534,0.0,53,0.25,1.897520139850759,0.0,25,4,25,1575.6939134339648,4.9661486924735705,10.353680515015109,0.0,15,0.62,1.310233267254462,0.0,62,8,25,418.434466187725,-7.8997179207365695,13.784901793523897,-3.044522437723423,28,0.24,1.5095699921973325,-3.044522437723423,26,4,50,863.0403305790192,-7.108142086928484,14.12421347789507,0.0,27,0.5,0.8112781247838816,0.0,50,4,50,863.0403305790196,-7.564820452587051,14.007931862360952,-3.044522437723423,28,0.13,1.5095699921973325,3.044522437723423,36,4,50,823.4615388886202,-7.10814208692848,14.124213477895063,0.0,27,0.5,0.8112781247838816,0.0,50,4,50,863.0403305790192,10900,100,11,9
4.487809719010355,24.60229893805928,3.044522437723423,52,0.24,1.5611819421386397,0.0,24,4,25,1410.409659736267,4.429028627994698,10.69996136746856,2.19722457733622,18,0.25,2.259422768818224,0.0,25,8,25,419.1931011824453,8.355982572538779e-14,22.307581899590133,0.0,53,0.26,1.897520139850759,0.0,26,4,25,1575.5497840770868,4.651377784618656,10.015884649112918,0.0,14,0.63,1.2870102911617602,0.0,63,8,25,387.7076493775925,-7.80838224760384,13.833493275048331,0.0,28,0.25,1.4895642179521462,3.044522437723423,26,4,50,866.0848530166402,-7.108142086927459,14.1242134778933,0.0,27,0.5,0.8112781247838816,0.0,50,4,50,863.0403305789172,-7.4430395550770845,14.073017648035542,0.0,28,0.13,1.4895642179521462,3.044522437723423,38,4,50,823.4615388885177,-7.077696862550219,14.142771602045926,0.0,27,0.49,0.8112781247028926,0.0,49,4,50,866.0848530166402,10950,100,11,9
4.457364494632675,24.60594968101736,1.5222612188617115,52,0.25,1.8975201398507588,0.0,25,4,25,1412.0252532492134,4.124474232615148,10.355744365884991,1.0986122886681098,17,0.26,2.238845536816478,0.0,26,8,25,389.0466875533476,0.030445224377409,22.3096386000275,0.0,53,0.25,1.913373186404603,0.0,25,4,25,1575.6939134335378,4.651377784618165,10.0158846491116,0.0,14,0.63,1.2870102911617602,0.0,63,8,25,387.70764937754456,-7.838827471979969,13.812909259501655,0.0,28,0.26,1.4895642179521462,0.0,26,4,50,863.0403305788059,-7.108142086926343,14.124213477891374,0.0,27,0.5,0.8112781247838816,0.0,50,4,50,863.0403305788054,-7.412594330698739,14.092366728038368,0.0,28,0.12,1.4895642179521462,3.044522437723423,39,4,50,826.50606132613,-7.108142086926347,14.12421347789138,0.0,27,0.5,0.8112781247838816,0.0,50,4,50,863.0403305788059,11000,100,11,9
4.142593586777756,24.45918444826499,0.0,52,0.26,1.5611819421386397,0.0,26,4,25,1385.4619346952163,4.033138559482953,10.396115312739845,0.0,17,0.25,1.903084570639961,-3.044522437723423,26,8,25,395.73269953133394,8.697043085703626e-14,22.31173665459791,0.0,53,0.24,1.913373186404603,0.0,24,4,25,1575.8439116204963,4.966148692471883,10.353680515010783,0.0,15,0.62,1.310233267254462,0.0,62,8,25,418.4344661875597,-7.930163145110645,13.764043083603624,-3.044522437723423,28,0.25,1.5095699921973325,-3.044522437723423,26,4,50,859.99580814098,-7.108142086925316,14.124213477889604,0.0,27,0.5,0.8112781247838816,0.0,50,4,50,863.0403305787029,-7.5343752282066525,14.027635033374349,-3.044522437723423,28,0.12,1.5095699921973325,3.044522437723423,37,4,50,826.5060613260273,-7.138587311302555,14.105565225367249,0.0,27,0.51,0.8112781248243761,0.0,51,4,50,859.9958081409798,11050,100,11,9
4.17303881115458,24.455903658393616,1.5222612188617115,52,0.25,1.5611819421386397,0.0,25,4,25,1383.815329063892,4.337692954861308,10.74162831468742,1.0986122886681098,18,0.24,1.912795954638569,-3.044522437723423,26,8,25,425.8485768643221,-0.0304452243770679,22.30963860002148,0.0,53,0.25,1.897520139850759,0.0,25,4,25,1575.693913433111,4.966148692471347,10.35368051500942,0.0,15,0.62,1.310233267254462,0.0,62,8,25,418.43446618750767,-7.899717920732297,13.784901793516587,-3.044522437723423,28,0.24,1.5095699921973325,-3.044522437723423,26,4,50,863.0403305785919,-7.108142086924211,14.124213477887697,0.0,27,0.5,0.8112781247838816,0.0,50,4,50,863.0403305785924,-7.564820452582777,14.00793186235366,-3.044522437723423,28,0.13,1.5095699921973325,3.044522437723423,36,4,50,823.461538888193,-7.108142086924207,14.12421347788769,0.0,27,0.5,0.8112781247838816,0.0,50,4,50,863.0403305785919,11100,100,11,9
4.487809719008133,24.60229893804591,3.044522437723423,52,0.24,1.5611819421386397,0.0,24,4,25,1410.4096597354896,4.429028627992478,10.699961367462944,2.19722457733622,18,0.25,2.259422768818224,0.0,25,8,25,419.19310118223,8.355982572538779e-14,22.307581899578075,0.0,53,0.26,1.897520139850759,0.0,26,4,25,1575.549784076233,4.651377784616606,10.015884649107424,0.0,14,0.63,1.2870102911617602,0.0,63,8,25,387.7076493773926,-7.80838224759957,13.833493275041024,0.0,28,0.25,1.4895642179521462,3.044522437723423,26,4,50,866.084853016213,-7.108142086923186,14.124213477885926,0.0,27,0.5,0.8112781247838816,0.0,50,4,50,863.0403305784898,-7.443039555072816,14.073017648028246,0.0,28,0.13,1.4895642179521462,3.044522437723423,38,4,50,823.4615388880904,-7.077696862545948,14.142771602038556,0.0,27,0.49,0.8112781247028926,0.0,49,4,50,866.084853016213,11150,100,11,9
4.457364494630455,24.605949681003988,1.5222612188617115,52,0.25,1.8975201398507588,0.0,25,4,25,1412.0252532484362,4.124474232613098,10.355744365879575,1.0986122886681098,17,0.26,2.238845536816478,0.0,26,8,25,389.0466875531502,0.0304452243774096,22.309638600015447,0.0,53,0.25,1.913373186404603,0.0,25,4,25,1575.6939134326838,4.6513777846161135,10.015884649106107,0.0,14,0.63,1.2870102911617602,0.0,63,8,25,387.7076493773448,-7.838827471975695,13.812909259494347,0.0,28,0.26,1.4895642179521462,0.0,26,4,50,863.0403305783786,-7.108142086922069,14.124213477884002,0.0,27,0.5,0.8112781247838816,0.0,50,4,50,863.0403305783782,-7.412594330694467,14.092366728031072,0.0,28,0.12,1.4895642179521462,3.044522437723423,39,4,50,826.5060613257026,-7.108142086922073,14.124213477884007,0.0,27,0.5,0.8112781247838816,0.0,50,4,50,863.0403305783786,11200,100,11,9
4.142593586775705,24.459184448251698,0.0,52,0.26,1.5611819421386397,0.0,26,4,25,1385.4619346944537,4.033138559480903,10.396115312734429,0.0,17,0.25,1.903084570639961,-3.044522437723423,26,8,25,395.7326995311365,8.700595799382426e-14,22.31173665458585,0.0,53,0.24,1.913373186404603,0.0,24,4,25,1575.8439116196432,4.96614869246966,10.353680515005095,0.0,15,0.62,1.310233267254462,0.0,62,8,25,418.4344661873425,-7.930163145106371,13.764043083596317,-3.044522437723423,28,0.25,1.5095699921973325,-3.044522437723423,26,4,50,859.9958081405525,-7.108142086921044,14.124213477882233,0.0,27,0.5,0.8112781247838816,0.0,50,4,50,863.0403305782756,-7.534375228202378,14.027635033367051,-3.044522437723423,28,0.12,1.5095699921973325,3.044522437723423,37,4,50,826.5060613256001,-7.1385873112982825,14.105565225359875,0.0,27,0.51,0.8112781248243761,0.0,51,4,50,859.9958081405525,11250,100,11,9
4.173038811152532,24.455903658380333,1.5222612188617115,52,0.25,1.5611819421386397,0.0,25,4,25,1383.8153290631287,4.337692954859087,10.741628314681808,1.0986122886681098,18,0.24,1.912795954638569,-3.044522437723423,26,8,25,425.848576864107,-0.0304452243770679,22.30963860000942,0.0,53,0.25,1.897520139850759,0.0,25,4,25,1575.6939134322577,4.966148692469128,10.35368051500373,0.0,15,0.62,1.310233267254462,0.0,62,8,25,418.4344661872904,-7.899717920728026,13.78490179350928,-3.044522437723423,28,0.24,1.5095699921973325,-3.044522437723423,26,4,50,863.0403305781647,-7.10814208691994,14.124213477880325,0.0,27,0.5,0.8112781247838816,0.0,50,4,50,863.0403305781649,-7.564820452578504,14.007931862346364,-3.044522437723423,28,0.13,1.5095699921973325,3.044522437723423,36,4,50,823.4615388877656,-7.108142086919935,14.124213477880316,0.0,27,0.5,0.8112781247838816,0.0,50,4,50,863.0403305781647,11300,100,11,9
4.487809719005911,24.602298938032536,3.044522437723423,52,0.24,1.5611819421386397,0.0,24,4,25,1410.4096597347125,4.429028627990255,10.699961367457329,2.19722457733622,18,0.25,2.259422768818224,0.0,25,8,25,419.1931011820148,8.412825991399586e-14,22.307581899566017,0.0,53,0.26,1.897520139850759,0.0,26,4,25,1575.5497840753794,4.651377784614556,10.015884649101933,0.0,14,0.63,1.2870102911617602,0.0,63,8,25,387.7076493771929,-7.808382247595295,13.833493275033712,0.0,28,0.25,1.4895642179521462,3.044522437723423,26,4,50,866.0848530157856,-7.108142086918913,14.124213477878556,0.0,27,0.5,0.8112781247838816,0.0,50,4,50,863.0403305780626,-7.443039555068541,14.073017648020947,0.0,28,0.13,1.4895642179521462,3.044522437723423,38,4,50,823.4615388876632,-7.077696862541674,14.142771602031184,0.0,27,0.49,0.8112781247028926,0.0,49,4,50,866.0848530157856,11350,100,11,9
4.45736449462823,24.60594968099062,1.5222612188617115,52,0.25,1.8975201398507588,0.0,25,4,25,1412.0252532476586,4.124474232611046,10.355744365874155,1.0986122886681098,17,0.26,2.238845536816478,0.0,26,8,25,389.0466875529527,0.0304452243774096,22.30963860000339,0.0,53,0.25,1.913373186404603,0.0,25,4,25,1575.6939134318304,4.651377784614062,10.015884649100617,0.0,14,0.63,1.2870102911617602,0.0,63,8,25,387.707649377145,-7.83882747197142,13.812909259487032,0.0,28,0.26,1.4895642179521462,0.0,26,4,50,863.0403305779512,-7.1081420869177965,14.124213477876628,0.0,27,0.5,0.8112781247838816,0.0,50,4,50,863.040330577951,-7.412594330690194,14.092366728023771,0.0,28,0.12,1.4895642179521462,3.044522437723423,39,4,50,826.5060613252754,-7.1081420869178,14.124213477876635,0.0,27,0.5,0.8112781247838816,0.0,50,4,50,863.0403305779512,11400,100,11,9
4.142593586773653,24.45918444823841,0.0,52,0.26,1.5611819421386397,0.0,26,4,25,1385.4619346936904,4.033138559478854,10.396115312729012,0.0,17,0.25,1.903084570639961,-3.044522437723423,26,8,25,395.73269953093927,8.697043085703626e-14,22.3117366545738,0.0,53,0.24,1.913373186404603,0.0,24,4,25,1575.8439116187894,4.966148692467439,10.353680514999407,0.0,15,0.62,1.310233267254462,0.0,62,8,25,418.4344661871252,-7.930163145102101,13.764043083589003,-3.044522437723423,28,0.25,1.5095699921973325,-3.044522437723423,26,4,50,859.9958081401253,-7.108142086916772,14.12421347787486,0.0,27,0.5,0.8112781247838816,0.0,50,4,50,863.0403305778483,-7.534375228198108,14.027635033359765,-3.044522437723423,28,0.12,1.5095699921973325,3.044522437723423,37,4,50,826.5060613251728,-7.13858731129401,14.1055652253525,0.0,27,0.51,0.8112781248243761,0.0,51,4,50,859.9958081401253,11450,100,11,9
4.173038811150479,24.455903658367045,1.5222612188617115,52,0.25,1.5611819421386397,0.0,25,4,25,1383.8153290623657,4.337692954856866,10.741628314676197,1.0986122886681098,18,0.24,1.912795954638569,-3.044522437723423,26,8,25,425.8485768638919,-0.0304452243770673,22.309638599997367,0.0,53,0.25,1.897520139850759,0.0,25,4,25,1575.693913431404,4.966148692466905,10.35368051499804,0.0,15,0.62,1.310233267254462,0.0,62,8,25,418.434466187073,-7.899717920723752,13.784901793501971,-3.044522437723423,28,0.24,1.5095699921973325,-3.044522437723423,26,4,50,863.0403305777374,-7.108142086915666,14.124213477872956,0.0,27,0.5,0.8112781247838816,0.0,50,4,50,863.0403305777378,-7.564820452574232,14.00793186233907,-3.044522437723423,28,0.13,1.5095699921973325,3.044522437723423,36,4,50,823.4615388873385,-7.108142086915661,14.124213477872948,0.0,27,0.5,0.8112781247838816,0.0,50,4,50,863.0403305777374,11500,100,11,9
4.487809719003689,24.602298938019167,3.044522437723423,52,0.24,1.5611819421386397,0.0,24,4,25,1410.409659733935,4.429028627988033,10.699961367451712,2.19722457733622,18,0.25,2.259422768818224,0.0,25,8,25,419.1931011817994,8.355982572538779e-14,22.30758189955396,0.0,53,0.26,1.897520139850759,0.0,26,4,25,1575.549784074526,4.651377784612504,10.01588464909644,0.0,14,0.63,1.2870102911617602,0.0,63,8,25,387.70764937699306,-7.808382247591022,13.833493275026402,0.0,28,0.25,1.4895642179521462,3.044522437723423,26,4,50,866.0848530153582,-7.108142086914641,14.124213477871184,0.0,27,0.5,0.8112781247838816,0.0,50,4,50,863.0403305776354,-7.443039555064266,14.073017648013652,0.0,28,0.13,1.4895642179521462,3.044522437723423,38,4,50,823.461538887236,-7.077696862537401,14.142771602023814,0.0,27,0.49,0.8112781247028926,0.0,49,4,50,866.0848530153582,11550,100,11,9
4.45736449462601,24.605949680977243,1.5222612188617115,52,0.25,1.8975201398507588,0.0,25,4,25,1412.0252532468814,4.124474232608995,10.35574436586874,1.0986122886681098,17,0.26,2.238845536816478,0.0,26,8,25,389.0466875527551,0.030445224377409,22.30963859999133,0.0,53,0.25,1.913373186404603,0.0,25,4,25,1575.693913430977,4.651377784612013,10.01588464909512,0.0,14,0.63,1.2870102911617602,0.0,63,8,25,387.70764937694514,-7.838827471967151,13.812909259479724,0.0,28,0.26,1.4895642179521462,0.0,26,4,50,863.0403305775242,-7.108142086913524,14.124213477869256,0.0,27,0.5,0.8112781247838816,0.0,50,4,50,863.0403305775235,-7.412594330685921,14.09236672801648,0.0,28,0.12,1.4895642179521462,3.044522437723423,39,4,50,826.506061324848,-7.108142086913529,14.124213477869263,0.0,27,0.5,0.8112781247838816,0.0,50,4,50,863.0403305775241,11600,100,11,9
4.142593586771604,24.459184448225123,0.0,52,0.26,1.5611819421386397,0.0,26,4,25,1385.4619346929271,4.033138559476801,10.396115312723602,0.0,17,0.25,1.903084570639961,-3.044522437723423,26,8,25,395.7326995307419,8.697043085703626e-14,22.31173665456173,0.0,53,0.24,1.913373186404603,0.0,24,4,25,1575.843911617936,4.966148692465218,10.353680514993718,0.0,15,0.62,1.310233267254462,0.0,62,8,25,418.4344661869079,-7.930163145097826,13.764043083581695,-3.044522437723423,28,0.25,1.5095699921973325,-3.044522437723423,26,4,50,859.9958081396982,-7.108142086912498,14.124213477867483,0.0,27,0.5,0.8112781247838816,0.0,50,4,50,863.0403305774212,-7.534375228193834,14.027635033352468,-3.044522437723423,28,0.12,1.5095699921973325,3.044522437723423,37,4,50,826.5060613247456,-7.138587311289736,14.105565225345131,0.0,27,0.51,0.8112781248243761,0.0,51,4,50,859.995808139698,11650,100,11,9
4.173038811148428,24.455903658353755,1.5222612188617115,52,0.25,1.5611819421386397,0.0,25,4,25,1383.8153290616028,4.337692954854643,10.741628314670583,1.0986122886681098,18,0.24,1.912795954638569,-3.044522437723423,26,8,25,425.8485768636768,-0.0304452243770679,22.309638599985306,0.0,53,0.25,1.897520139850759,0.0,25,4,25,1575.6939134305508,4.9661486924646825,10.353680514992352,0.0,15,0.62,1.310233267254462,0.0,62,8,25,418.43446618685584,-7.899717920719479,13.784901793494663,-3.044522437723423,28,0.24,1.5095699921973325,-3.044522437723423,26,4,50,863.04033057731,-7.108142086911393,14.12421347786558,0.0,27,0.5,0.8112781247838816,0.0,50,4,50,863.0403305773106,-7.5648204525699585,14.00793186233178,-3.044522437723423,28,0.13,1.5095699921973325,3.044522437723423,36,4,50,823.4615388869113,-7.108142086911389,14.124213477865574,0.0,27,0.5,0.8112781247838816,0.0,50,4,50,863.0403305773101,11700,100,11,9
4.487809719001468,24.602298938005795,3.044522437723423,52,0.24,1.5611819421386397,0.0,24,4,25,1410.4096597331582,4.429028627985812,10.699961367446097,2.19722457733622,18,0.25,2.259422768818224,0.0,25,8,25,419.19310118158427,8.355982572538779e-14,22.3075818995419,0.0,53,0.26,1.897520139850759,0.0,26,4,25,1575.549784073672,4.651377784610453,10.015884649090948,0.0,14,0.63,1.2870102911617602,0.0,63,8,25,387.70764937679326,-7.808382247586752,13.833493275019087,0.0,28,0.25,1.4895642179521462,3.044522437723423,26,4,50,866.084853014931,-7.108142086910368,14.124213477863814,0.0,27,0.5,0.8112781247838816,0.0,50,4,50,863.0403305772079,-7.443039555059998,14.073017648006356,0.0,28,0.13,1.4895642179521462,3.044522437723423,38,4,50,823.4615388868086,-7.07769686253313,14.142771602016442,0.0,27,0.49,0.8112781247028926,0.0,49,4,50,866.084853014931,11750,100,11,9
4.457364494623789,24.605949680963874,1.5222612188617115,52,0.25,1.8975201398507588,0.0,25,4,25,1412.0252532461045,4.1244742326069455,10.355744365863323,1.0986122886681098,17,0.26,2.238845536816478,0.0,26,8,25,389.0466875525576,0.0304452243774096,22.30963859997928,0.0,53,0.25,1.913373186404603,0.0,25,4,25,1575.693913430123,4.65137778460996,10.01588464908963,0.0,14,0.63,1.2870102911617602,0.0,63,8,25,387.7076493767453,-7.838827471962877,13.81290925947241,0.0,28,0.26,1.4895642179521462,0.0,26,4,50,863.0403305770969,-7.10814208690925,14.124213477861884,0.0,27,0.5,0.8112781247838816,0.0,50,4,50,863.0403305770963,-7.412594330681649,14.092366728009182,0.0,28,0.12,1.4895642179521462,3.044522437723423,39,4,50,826.5060613244207,-7.108142086909255,14.124213477861892,0.0,27,0.5,0.8112781247838816,0.0,50,4,50,863.0403305770967,11800,100,11,9
4.142593586769553,24.45918444821184,0.0,52,0.26,1.5611819421386397,0.0,26,4,25,1385.4619346921645,4.033138559474749,10.396115312718187,0.0,17,0.25,1.903084570639961,-3.044522437723423,26,8,25,395.7326995305445,8.753886504564434e-14,22.311736654549684,0.0,53,0.24,1.913373186404603,0.0,24,4,25,1575.8439116170828,4.966148692462995,10.353680514988028,0.0,15,0.62,1.310233267254462,0.0,62,8,25,418.43446618669066,-7.930163145093554,13.764043083574387,-3.044522437723423,28,0.25,1.5095699921973325,-3.044522437723423,26,4,50,859.9958081392708,-7.1081420869082255,14.12421347786012,0.0,27,0.5,0.8112781247838816,0.0,50,4,50,863.0403305769938,-7.534375228189559,14.027635033345176,-3.044522437723423,28,0.12,1.5095699921973325,3.044522437723423,37,4,50,826.5060613243182,-7.138587311285464,14.105565225337754,0.0,27,0.51,0.8112781248243761,0.0,51,4,50,859.9958081392708,11850,100,11,9
4.1730388111463785,24.455903658340464,1.5222612188617115,52,0.25,1.5611819421386397,0.0,25,4,25,1383.8153290608398,4.337692954852421,10.741628314664968,1.0986122886681098,18,0.24,1.912795954638569,-3.044522437723423,26,8,25,425.8485768634617,-0.0304452243770679,22.30963859997325,0.0,53,0.25,1.897520139850759,0.0,25,4,25,1575.693913429697,4.966148692462463,10.353680514986662,0.0,15,0.62,1.310233267254462,0.0,62,8,25,418.4344661866385,-7.899717920715208,13.784901793487355,-3.044522437723423,28,0.24,1.5095699921973325,-3.044522437723423,26,4,50,863.0403305768828,-7.1081420869071215,14.12421347785821,0.0,27,0.5,0.8112781247838816,0.0,50,4,50,863.0403305768833,-7.564820452565686,14.007931862324485,-3.044522437723423,28,0.13,1.5095699921973325,3.044522437723423,36,4,50,823.4615388864839,-7.108142086907117,14.124213477858202,0.0,27,0.5,0.8112781247838816,0.0,50,4,50,863.0403305768829,11900,100,11,9
4.487809718999245,24.602298937992423,3.044522437723423,52,0.24,1.5611819421386397,0.0,24,4,25,1410.409659732381,4.429028627983589,10.699961367440478,2.19722457733622,18,0.25,2.259422768818224,0.0,25,8,25,419.19310118136906,8.412825991399586e-14,22.307581899529847,0.0,53,0.26,1.897520139850759,0.0,26,4,25,1575.5497840728185,4.651377784608402,10.015884649085454,0.0,14,0.63,1.2870102911617602,0.0,63,8,25,387.7076493765935,-7.808382247582477,13.83349327501178,0.0,28,0.25,1.4895642179521462,3.044522437723423,26,4,50,866.0848530145036,-7.108142086906095,14.12421347785644,0.0,27,0.5,0.8112781247838816,0.0,50,4,50,863.0403305767807,-7.443039555055723,14.073017647999055,0.0,28,0.13,1.4895642179521462,3.044522437723423,38,4,50,823.4615388863813,-7.077696862528856,14.14277160200907,0.0,27,0.49,0.8112781247028926,0.0,49,4,50,866.0848530145038,11950,100,11,9
4.457364494621565,24.605949680950506,1.5222612188617115,52,0.25,1.8975201398507588,0.0,25,4,25,1412.0252532453271,4.124474232604894,10.355744365857904,1.0986122886681098,17,0.26,2.238845536816478,0.0,26,8,25,389.04668755236,0.0304452243774096,22.30963859996721,0.0,53,0.25,1.913373186404603,0.0,25,4,25,1575.6939134292695,4.651377784607909,10.015884649084134,0.0,14,0.63,1.2870102911617602,0.0,63,8,25,387.70764937654553,-7.838827471958602,13.812909259465098,0.0,28,0.26,1.4895642179521462,0.0,26,4,50,863.0403305766695,-7.108142086904978,14.124213477854514,0.0,27,0.5,0.8112781247838816,0.0,50,4,50,863.040330576669,-7.412594330677376,14.092366728001888,0.0,28,0.12,1.4895642179521462,3.044522437723423,39,4,50,826.5060613239935,-7.108142086904982,14.124213477854523,0.0,27,0.5,0.8112781247838816,0.0,50,4,50,863.0403305766694,12000,100,11,9
4.142593586767501,24.459184448198545,0.0,52,0.26,1.5611819421386397,0.0,26,4,25,1385.4619346914017,4.0331385594727,10.396115312712771,0.0,17,0.25,1.903084570639961,-3.044522437723423,26,8,25,395.7326995303473,8.697043085703626e-14,22.31173665453763,0.0,53,0.24,1.913373186404603,0.0,24,4,25,1575.8439116162292,4.966148692460773,10.35368051498234,0.0,15,0.62,1.310233267254462,0.0,62,8,25,418.4344661864733,-7.930163145089283,13.764043083567076,-3.044522437723423,28,0.25,1.5095699921973325,-3.044522437723423,26,4,50,859.9958081388434,-7.108142086903954,14.124213477852749,0.0,27,0.5,0.8112781247838816,0.0,50,4,50,863.0403305765665,-7.53437522818529,14.027635033337884,-3.044522437723423,28,0.12,1.5095699921973325,3.044522437723423,37,4,50,826.506061323891,-7.138587311281192,14.105565225330388,0.0,27,0.51,0.8112781248243761,0.0,51,4,50,859.9958081388435,12050,100,11,9
4.173038811144326,24.455903658327173,1.5222612188617115,52,0.25,1.5611819421386397,0.0,25,4,25,1383.8153290600767,4.3376929548502,10.741628314659351,1.0986122886681098,18,0.24,1.912795954638569,-3.044522437723423,26,8,25,425.84857686324665,-0.0304452243770673,22.3096385999612,0.0,53,0.25,1.897520139850759,0.0,25,4,25,1575.6939134288434,4.96614869246024,10.353680514980974,0.0,15,0.62,1.310233267254462,0.0,62,8,25,418.4344661864212,-7.899717920710934,13.784901793480048,-3.044522437723423,28,0.24,1.5095699921973325,-3.044522437723423,26,4,50,863.0403305764555,-7.108142086902848,14.12421347785084,0.0,27,0.5,0.8112781247838816,0.0,50,4,50,863.040330576456,-7.564820452561414,14.00793186231719,-3.044522437723423,28,0.13,1.5095699921973325,3.044522437723423,36,4,50,823.4615388860567,-7.108142086902843,14.124213477850832,0.0,27,0.5,0.8112781247838816,0.0,50,4,50,863.0403305764556,12100,100,11,9
4.487809718997024,24.602298937979054,3.044522437723423,52,0.24,1.5611819421386397,0.0,24,4,25,1410.4096597316038,4.429028627981367,10.69996136743486,2.19722457733622,18,0.25,2.259422768818224,0.0,25,8,25,419.1931011811537,8.355982572538779e-14,22.307581899517785,0.0,53,0.26,1.897520139850759,0.0,26,4,25,1575.5497840719652,4.651377784606351,10.01588464907996,0.0,14,0.63,1.2870102911617602,0.0,63,8,25,387.7076493763937,-7.808382247578204,13.83349327500447,0.0,28,0.25,1.4895642179521462,3.044522437723423,26,4,50,866.0848530140764,-7.108142086901823,14.12421347784907,0.0,27,0.5,0.8112781247838816,0.0,50,4,50,863.0403305763534,-7.443039555051448,14.073017647991762,0.0,28,0.13,1.4895642179521462,3.044522437723423,38,4,50,823.461538885954,-7.077696862524583,14.142771602001698,0.0,27,0.49,0.8112781247028926,0.0,49,4,50,866.0848530140764,12150,100,11,9
4.457364494619345,24.60594968093713,1.5222612188617115,52,0.25,1.8975201398507588,0.0,25,4,25,1412.0252532445495,4.124474232602843,10.35574436585249,1.0986122886681098,17,0.26,2.238845536816478,0.0,26,8,25,389.04668755216255,0.030445224377409,22.30963859995516,0.0,53,0.25,1.913373186404603,0.0,25,4,25,1575.6939134284164,4.65137778460586,10.015884649078645,0.0,14,0.63,1.2870102911617602,0.0,63,8,25,387.7076493763457,-7.838827471954333,13.81290925945779,0.0,28,0.26,1.4895642179521462,0.0,26,4,50,863.0403305762422,-7.108142086900706,14.124213477847142,0.0,27,0.5,0.8112781247838816,0.0,50,4,50,863.0403305762418,-7.412594330673103,14.092366727994593,0.0,28,0.12,1.4895642179521462,3.044522437723423,39,4,50,826.5060613235662,-7.108142086900711,14.12421347784715,0.0,27,0.5,0.8112781247838816,0.0,50,4,50,863.0403305762422,12200,100,11,9
4.14259358676545,24.45918444818525,0.0,52,0.26,1.5611819421386397,0.0,26,4,25,1385.4619346906386,4.033138559470649,10.39611531270736,0.0,17,0.25,1.903084570639961,-3.044522437723423,26,8,25,395.7326995301499,8.757439218243234e-14,22.31173665452557,0.0,53,0.24,1.913373186404603,0.0,24,4,25,1575.843911615376,4.966148692458552,10.353680514976649,0.0,15,0.62,1.310233267254462,0.0,62,8,25,418.434466186256,-7.930163145085009,13.76404308355977,-3.044522437723423,28,0.25,1.5095699921973325,-3.044522437723423,26,4,50,859.9958081384161,-7.108142086899679,14.124213477845371,0.0,27,0.5,0.8112781247838816,0.0,50,4,50,863.0403305761392,-7.534375228181016,14.027635033330588,-3.044522437723423,28,0.12,1.5095699921973325,3.044522437723423,37,4,50,826.5060613234638,-7.138587311276918,14.105565225323012,0.0,27,0.51,0.8112781248243761,0.0,51,4,50,859.9958081384162,12250,100,11,9
4.173038811142275,24.455903658313886,1.5222612188617115,52,0.25,1.5611819421386397,0.0,25,4,25,1383.815329059314,4.337692954847977,10.741628314653742,1.0986122886681098,18,0.24,1.912795954638569,-3.044522437723423,26,8,25,425.8485768630316,-0.0304452243770685,22.30963859994913,0.0,53,0.25,1.897520139850759,0.0,25,4,25,1575.69391342799,4.966148692458017,10.353680514975286,0.0,15,0.62,1.310233267254462,0.0,62,8,25,418.4344661862039,-7.899717920706661,13.78490179347274,-3.044522437723423,28,0.24,1.5095699921973325,-3.044522437723423,26,4,50,863.0403305760283,-7.108142086898575,14.124213477843467,0.0,27,0.5,0.8112781247838816,0.0,50,4,50,863.0403305760287,-7.56482045255714,14.0079318623099,-3.044522437723423,28,0.13,1.5095699921973325,3.044522437723423,36,4,50,823.4615388856294,-7.108142086898571,14.124213477843458,0.0,27,0.5,0.8112781247838816,0.0,50,4,50,863.0403305760283,12300,100,11,9
4.487809718994802,24.60229893796568,3.044522437723423,52,0.24,1.5611819421386397,0.0,24,4,25,1410.4096597308264,4.429028627979148,10.699961367429244,2.19722457733622,18,0.25,2.259422768818224,0.0,25,8,25,419.1931011809384,8.355982572538779e-14,22.307581899505728,0.0,53,0.26,1.897520139850759,0.0,26,4,25,1575.5497840711116,4.6513777846043,10.015884649074469,0.0,14,0.63,1.2870102911617602,0.0,63,8,25,387.7076493761938,-7.808382247573934,13.83349327499716,0.0,28,0.25,1.4895642179521462,3.044522437723423,26,4,50,866.0848530136493,-7.10814208689755,14.124213477841696,0.0,27,0.5,0.8112781247838816,0.0,50,4,50,863.0403305759262,-7.4430395550471795,14.073017647984464,0.0,28,0.13,1.4895642179521462,3.044522437723423,38,4,50,823.4615388855268,-7.077696862520312,14.14277160199433,0.0,27,0.49,0.8112781247028926,0.0,49,4,50,866.0848530136493,12350,100,11,9
4.457364494617123,24.60594968092376,1.5222612188617115,52,0.25,1.8975201398507588,0.0,25,4,25,1412.0252532437726,4.124474232600792,10.355744365847071,1.0986122886681098,17,0.26,2.238845536816478,0.0,26,8,25,389.0466875519651,0.0304452243774096,22.309638599943103,0.0,53,0.25,1.913373186404603,0.0,25,4,25,1575.6939134275628,4.651377784603808,10.015884649073149,0.0,14,0.63,1.2870102911617602,0.0,63,8,25,387.70764937614587,-7.838827471950059,13.812909259450471,0.0,28,0.26,1.4895642179521462,0.0,26,4,50,863.040330575815,-7.108142086896432,14.124213477839772,0.0,27,0.5,0.8112781247838816,0.0,50,4,50,863.0403305758146,-7.4125943306688304,14.09236672798729,0.0,28,0.12,1.4895642179521462,3.044522437723423,39,4,50,826.506061323139,-7.108142086896437,14.12421347783978,0.0,27,0.5,0.8112781247838816,0.0,50,4,50,863.0403305758149,12400,100,11,9
4.142593586763399,24.459184448171964,0.0,52,0.26,1.5611819421386397,0.0,26,4,25,1385.4619346898755,4.033138559468597,10.396115312701944,0.0,17,0.25,1.903084570639961,-3.044522437723423,26,8,25,395.7326995299525,8.753886504564434e-14,22.31173665451352,0.0,53,0.24,1.913373186404603,0.0,24,4,25,1575.8439116145223,4.966148692456329,10.35368051497096,0.0,15,0.62,1.310233267254462,0.0,62,8,25,418.4344661860388,-7.930163145080736,13.764043083552458,-3.044522437723423,28,0.25,1.5095699921973325,-3.044522437723423,26,4,50,859.9958081379889,-7.108142086895407,14.124213477838,0.0,27,0.5,0.8112781247838816,0.0,50,4,50,863.040330575712,-7.534375228176741,14.027635033323298,-3.044522437723423,28,0.12,1.5095699921973325,3.044522437723423,37,4,50,826.5060613230364,-7.138587311272646,14.105565225315642,0.0,27,0.51,0.8112781248243761,0.0,51,4,50,859.9958081379889,12450,100,11,9
4.173038811140226,24.4559036583006,1.5222612188617115,52,0.25,1.5611819421386397,0.0,25,4,25,1383.8153290585508,4.337692954845755,10.741628314648128,1.0986122886681098,18,0.24,1.912795954638569,-3.044522437723423,26,8,25,425.84857686281646,-0.0304452243770679,22.30963859993708,0.0,53,0.25,1.897520139850759,0.0,25,4,25,1575.6939134271363,4.966148692455797,10.353680514969591,0.0,15,0.62,1.310233267254462,0.0,62,8,25,418.43446618598665,-7.89971792070239,13.784901793465432,-3.044522437723423,28,0.24,1.5095699921973325,-3.044522437723423,26,4,50,863.040330575601,-7.108142086894303,14.124213477836092,0.0,27,0.5,0.8112781247838816,0.0,50,4,50,863.0403305756014,-7.564820452552868,14.007931862302602,-3.044522437723423,28,0.13,1.5095699921973325,3.044522437723423,36,4,50,823.4615388852021,-7.108142086894299,14.124213477836086,0.0,27,0.5,0.8112781247838816,0.0,50,4,50,863.040330575601,12500,100,11,9
4.4878097189925805,24.602298937952312,3.044522437723423,52,0.24,1.5611819421386397,0.0,24,4,25,1410.4096597300495,4.429028627976924,10.69996136742363,2.19722457733622,18,0.25,2.259422768818224,0.0,25,8,25,419.1931011807232,8.355982572538779e-14,22.30758189949367,0.0,53,0.26,1.897520139850759,0.0,26,4,25,1575.5497840702576,4.65137778460225,10.015884649068974,0.0,14,0.63,1.2870102911617602,0.0,63,8,25,387.707649375994,-7.808382247569659,13.833493274989848,0.0,28,0.25,1.4895642179521462,3.044522437723423,26,4,50,866.0848530132218,-7.1081420868932765,14.124213477834324,0.0,27,0.5,0.8112781247838816,0.0,50,4,50,863.0403305754988,-7.443039555042905,14.073017647977164,0.0,28,0.13,1.4895642179521462,3.044522437723423,38,4,50,823.4615388850996,-7.077696862516038,14.142771601986956,0.0,27,0.49,0.8112781247028926,0.0,49,4,50,866.0848530132221,12550,100,11,9
4.457364494614899,24.605949680910385,1.5222612188617115,52,0.25,1.8975201398507588,0.0,25,4,25,1412.0252532429956,4.1244742325987405,10.355744365841655,1.0986122886681098,17,0.26,2.238845536816478,0.0,26,8,25,389.0466875517676,0.0304452243774095,22.30963859993105,0.0,53,0.25,1.913373186404603,0.0,25,4,25,1575.6939134267093,4.651377784601756,10.015884649067658,0.0,14,0.63,1.2870102911617602,0.0,63,8,25,387.7076493759461,-7.838827471945784,13.812909259443163,0.0,28,0.26,1.4895642179521462,0.0,26,4,50,863.0403305753875,-7.10814208689216,14.1242134778324,0.0,27,0.5,0.8112781247838816,0.0,50,4,50,863.0403305753873,-7.412594330664557,14.092366727979996,0.0,28,0.12,1.4895642179521462,3.044522437723423,39,4,50,826.5060613227117,-7.108142086892164,14.124213477832406,0.0,27,0.5,0.8112781247838816,0.0,50,4,50,863.0403305753875,12600,100,11,9
4.142593586761348,24.45918444815868,0.0,52,0.26,1.5611819421386397,0.0,26,4,25,1385.4619346891125,4.033138559466548,10.39611531269653,0.0,17,0.25,1.903084570639961,-3.044522437723423,26,8,25,395.7326995297552,8.697043085703626e-14,22.311736654501463,0.0,53,0.24,1.913373186404603,0.0,24,4,25,1575.8439116136688,4.966148692454107,10.353680514965273,0.0,15,0.62,1.310233267254462,0.0,62,8,25,418.4344661858216,-7.930163145076465,13.764043083545149,-3.044522437723423,28,0.25,1.5095699921973325,-3.044522437723423,26,4,50,859.9958081375617,-7.108142086891136,14.12421347783063,0.0,27,0.5,0.8112781247838816,0.0,50,4,50,863.0403305752848,-7.534375228172472,14.027635033316004,-3.044522437723423,28,0.12,1.5095699921973325,3.044522437723423,37,4,50,826.5060613226092,-7.138587311268374,14.105565225308268,0.0,27,0.51,0.8112781248243761,0.0,51,4,50,859.9958081375617,12650,100,11,9
4.1730388111381735,24.455903658287312,1.5222612188617115,52,0.25,1.5611819421386397,0.0,25,4,25,1383.815329057788,4.337692954843536,10.741628314642517,1.0986122886681098,18,0.24,1.912795954638569,-3.044522437723423,26,8,25,425.8485768626014,-0.0304452243770679,22.309638599925023,0.0,53,0.25,1.897520139850759,0.0,25,4,25,1575.6939134262827,4.966148692453574,10.353680514963903,0.0,15,0.62,1.310233267254462,0.0,62,8,25,418.4344661857693,-7.899717920698116,13.784901793458124,-3.044522437723423,28,0.24,1.5095699921973325,-3.044522437723423,26,4,50,863.0403305751736,-7.10814208689003,14.124213477828723,0.0,27,0.5,0.8112781247838816,0.0,50,4,50,863.0403305751743,-7.564820452548597,14.007931862295306,-3.044522437723423,28,0.13,1.5095699921973325,3.044522437723423,36,4,50,823.4615388847749,-7.108142086890025,14.124213477828716,0.0,27,0.5,0.8112781247838816,0.0,50,4,50,863.0403305751738,12700,100,11,9
4.487809718990358,24.60229893793894,3.044522437723423,52,0.24,1.5611819421386397,0.0,24,4,25,1410.4096597292723,4.429028627974701,10.699961367418013,2.19722457733622,18,0.25,2.259422768818224,0.0,25,8,25,419.1931011805079,8.355982572538779e-14,22.30758189948161,0.0,53,0.26,1.897520139850759,0.0,26,4,25,1575.5497840694045,4.651377784600199,10.015884649063482,0.0,14,0.63,1.2870102911617602,0.0,63,8,25,387.70764937579423,-7.808382247565386,13.83349327498254,0.0,28,0.25,1.4895642179521462,3.044522437723423,26,4,50,866.0848530127946,-7.108142086889004,14.124213477826954,0.0,27,0.5,0.8112781247838816,0.0,50,4,50,863.0403305750717,-7.44303955503863,14.07301764796987,0.0,28,0.13,1.4895642179521462,3.044522437723423,38,4,50,823.4615388846722,-7.077696862511765,14.142771601979584,0.0,27,0.49,0.8112781247028926,0.0,49,4,50,866.0848530127946,12750,100,11,9
4.457364494612679,24.605949680897016,1.5222612188617115,52,0.25,1.8975201398507588,0.0,25,4,25,1412.0252532422185,4.12447423259669,10.355744365836236,1.0986122886681098,17,0.26,2.238845536816478,0.0,26,8,25,389.04668755157,0.030445224377409,22.309638599918987,0.0,53,0.25,1.913373186404603,0.0,25,4,25,1575.6939134258555,4.651377784599707,10.015884649062164,0.0,14,0.63,1.2870102911617602,0.0,63,8,25,387.7076493757463,-7.838827471941514,13.81290925943585,0.0,28,0.26,1.4895642179521462,0.0,26,4,50,863.0403305749603,-7.108142086887888,14.124213477825023,0.0,27,0.5,0.8112781247838816,0.0,50,4,50,863.04033057496,-7.412594330660284,14.0923667279727,0.0,28,0.12,1.4895642179521462,3.044522437723423,39,4,50,826.5060613222845,-7.108142086887892,14.124213477825034,0.0,27,0.5,0.8112781247838816,0.0,50,4,50,863.0403305749605,12800,100,11,9
4.142593586759298,24.45918444814539,0.0,52,0.26,1.5611819421386397,0.0,26,4,25,1385.4619346883496,4.033138559464495,10.396115312691116,0.0,17,0.25,1.903084570639961,-3.044522437723423,26,8,25,395.7326995295578,8.757439218243234e-14,22.311736654489405,0.0,53,0.24,1.913373186404603,0.0,24,4,25,1575.8439116128152,4.966148692451887,10.353680514959583,0.0,15,0.62,1.310233267254462,0.0,62,8,25,418.43446618560426,-7.930163145072191,13.76404308353784,-3.044522437723423,28,0.25,1.5095699921973325,-3.044522437723423,26,4,50,859.9958081371344,-7.108142086886861,14.124213477823256,0.0,27,0.5,0.8112781247838816,0.0,50,4,50,863.0403305748574,-7.534375228168198,14.027635033308714,-3.044522437723423,28,0.12,1.5095699921973325,3.044522437723423,37,4,50,826.506061322182,-7.1385873112641,14.105565225300897,0.0,27,0.51,0.8112781248243761,0.0,51,4,50,859.9958081371344,12850,100,11,9
4.173038811136123,24.45590365827402,1.5222612188617115,52,0.25,1.5611819421386397,0.0,25,4,25,1383.815329057025,4.337692954841312,10.7416283146369,1.0986122886681098,18,0.24,1.912795954638569,-3.044522437723423,26,8,25,425.8485768623863,-0.0304452243770685,22.309638599912965,0.0,53,0.25,1.897520139850759,0.0,25,4,25,1575.6939134254292,4.966148692451352,10.353680514958215,0.0,15,0.62,1.310233267254462,0.0,62,8,25,418.4344661855521,-7.899717920693843,13.784901793450818,-3.044522437723423,28,0.24,1.5095699921973325,-3.044522437723423,26,4,50,863.0403305747465,-7.108142086885756,14.12421347782135,0.0,27,0.5,0.8112781247838816,0.0,50,4,50,863.040330574747,-7.564820452544322,14.007931862288014,-3.044522437723423,28,0.13,1.5095699921973325,3.044522437723423,36,4,50,823.4615388843476,-7.108142086885753,14.124213477821344,0.0,27,0.5,0.8112781247838816,0.0,50,4,50,863.0403305747463,12900,100,11,9
4.487809718988137,24.60229893792557,3.044522437723423,52,0.24,1.5611819421386397,0.0,24,4,25,1410.4096597284952,4.429028627972482,10.699961367412396,2.19722457733622,18,0.25,2.259422768818224,0.0,25,8,25,419.1931011802927,8.355982572538779e-14,22.30758189946956,0.0,53,0.26,1.897520139850759,0.0,26,4,25,1575.5497840685505,4.651377784598147,10.015884649057988,0.0,14,0.63,1.2870102911617602,0.0,63,8,25,387.7076493755944,-7.8083822475611155,13.833493274975227,0.0,28,0.25,1.4895642179521462,3.044522437723423,26,4,50,866.0848530123674,-7.108142086884731,14.124213477819582,0.0,27,0.5,0.8112781247838816,0.0,50,4,50,863.0403305746444,-7.443039555034361,14.073017647962573,0.0,28,0.13,1.4895642179521462,3.044522437723423,38,4,50,823.4615388842451,-7.077696862507493,14.142771601972216,0.0,27,0.49,0.8112781247028926,0.0,49,4,50,866.0848530123675,12950,100,11,9
4.457364494610458,24.605949680883644,1.5222612188617115,52,0.25,1.8975201398507588,0.0,25,4,25,1412.025253241441,4.12447423259464,10.35574436583082,1.0986122886681098,17,0.26,2.238845536816478,0.0,26,8,25,389.0466875513725,0.0304452243774096,22.309638599906933,0.0,53,0.25,1.913373186404603,0.0,25,4,25,1575.6939134250022,4.651377784597655,10.01588464905667,0.0,14,0.63,1.2870102911617602,0.0,63,8,25,387.70764937554645,-7.838827471937241,13.81290925942854,0.0,28,0.26,1.4895642179521462,0.0,26,4,50,863.0403305745332,-7.108142086883614,14.124213477817657,0.0,27,0.5,0.8112781247838816,0.0,50,4,50,863.0403305745328,-7.412594330656012,14.092366727965407,0.0,28,0.12,1.4895642179521462,3.044522437723423,39,4,50,826.5060613218571,-7.1081420868836185,14.124213477817664,0.0,27,0.5,0.8112781247838816,0.0,50,4,50,863.040330574533,13000,100,11,9
4.142593586757247,24.45918444813209,0.0,52,0.26,1.5611819421386397,0.0,26,4,25,1385.4619346875866,4.0331385594624445,10.396115312685705,0.0,17,0.25,1.903084570639961,-3.044522437723423,26,8,25,395.73269952936056,8.753886504564434e-14,22.31173665447735,0.0,53,0.24,1.913373186404603,0.0,24,4,25,1575.843911611962,4.966148692449663,10.353680514953894,0.0,15,0.62,1.310233267254462,0.0,62,8,25,418.43446618538695,-7.930163145067918,13.764043083530527,-3.044522437723423,28,0.25,1.5095699921973325,-3.044522437723423,26,4,50,859.9958081367072,-7.108142086882589,14.124213477815887,0.0,27,0.5,0.8112781247838816,0.0,50,4,50,863.0403305744302,-7.534375228163923,14.02763503330142,-3.044522437723423,28,0.12,1.5095699921973325,3.044522437723423,37,4,50,826.5060613217546,-7.138587311259828,14.105565225293525,0.0,27,0.51,0.8112781248243761,0.0,51,4,50,859.9958081367072,13050,100,11,9
4.173038811134074,24.45590365826073,1.5222612188617115,52,0.25,1.5611819421386397,0.0,25,4,25,1383.815329056262,4.33769295483909,10.741628314631289,1.0986122886681098,18,0.24,1.912795954638569,-3.044522437723423,26,8,25,425.8485768621712,-0.0304452243770679,22.309638599900907,0.0,53,0.25,1.897520139850759,0.0,25,4,25,1575.693913424576,4.966148692449131,10.35368051495253,0.0,15,0.62,1.310233267254462,0.0,62,8,25,418.4344661853348,-7.899717920689572,13.784901793443506,-3.044522437723423,28,0.24,1.5095699921973325,-3.044522437723423,26,4,50,863.0403305743192,-7.108142086881485,14.124213477813978,0.0,27,0.5,0.8112781247838816,0.0,50,4,50,863.0403305743196,-7.56482045254005,14.00793186228072,-3.044522437723423,28,0.13,1.5095699921973325,3.044522437723423,36,4,50,823.4615388839203,-7.108142086881481,14.12421347781397,0.0,27,0.5,0.8112781247838816,0.0,50,4,50,863.0403305743193,13100,100,11,9
4.487809718985916,24.6022989379122,3.044522437723423,52,0.24,1.5611819421386397,0.0,24,4,25,1410.409659727718,4.429028627970259,10.69996136740678,2.19722457733622,18,0.25,2.259422768818224,0.0,25,8,25,419.1931011800774,8.355982572538779e-14,22.30758189945749,0.0,53,0.26,1.897520139850759,0.0,26,4,25,1575.549784067697,4.6513777845960975,10.015884649052497,0.0,14,0.63,1.2870102911617602,0.0,63,8,25,387.7076493753946,-7.808382247556841,13.83349327496792,0.0,28,0.25,1.4895642179521462,3.044522437723423,26,4,50,866.08485301194,-7.108142086880458,14.12421347781221,0.0,27,0.5,0.8112781247838816,0.0,50,4,50,863.0403305742173,-7.4430395550300865,14.073017647955275,0.0,28,0.13,1.4895642179521462,3.044522437723423,38,4,50,823.4615388838178,-7.07769686250322,14.142771601964842,0.0,27,0.49,0.8112781247028926,0.0,49,4,50,866.0848530119401,13150,100,11,9
4.457364494608234,24.605949680870275,1.5222612188617115,52,0.25,1.8975201398507588,0.0,25,4,25,1412.0252532406637,4.124474232592589,10.355744365825403,1.0986122886681098,17,0.26,2.238845536816478,0.0,26,8,25,389.046687551175,0.0304452243774095,22.309638599894875,0.0,53,0.25,1.913373186404603,0.0,25,4,25,1575.6939134241488,4.651377784595604,10.015884649051175,0.0,14,0.63,1.2870102911617602,0.0,63,8,25,387.7076493753467,-7.838827471932966,13.812909259421223,0.0,28,0.26,1.4895642179521462,0.0,26,4,50,863.0403305741058,-7.108142086879342,14.124213477810285,0.0,27,0.5,0.8112781247838816,0.0,50,4,50,863.0403305741054,-7.412594330651739,14.092366727958108,0.0,28,0.12,1.4895642179521462,3.044522437723423,39,4,50,826.5060613214298,-7.1081420868793455,14.12421347781029,0.0,27,0.5,0.8112781247838816,0.0,50,4,50,863.0403305741058,13200,100,11,9
4.350148506637405,24.2285733920164,1.0986122886681098,57,0.22,1.9127959544022108,0.0,22,4,25,1281.6254038418413,3.7477607509345767,12.646740369794896,1.0986122886681098,26,0.23,2.132156963015665,-3.044522437723423,23,8,25,386.1737610290288,-0.4202287281548264,22.54042851140555,0.0,58,0.23,1.9324990707536147,0.0,23,4,25,1498.7793606103874,4.05727472223177,12.623182582424514,0.0,25,0.55,1.7225657371868277,0.0,55,8,25,418.1711017107616,-8.557017348100832,14.118356513479212,-3.044522437723423,35,0.23,1.5884157566225556,-3.044522437723423,23,4,50,726.077779796485,-7.93405536111483,14.406536296855952,0.0,35,0.45,1.0976058141625864,0.0,45,4,50,733.9700907267961,-8.302279864114507,14.317018929422352,-3.044522437723423,35,0.12,1.6614116791494404,3.044522437723423,33,4,50,705.1618891905935,-7.990079608046862,14.392628932204518,0.0,36,0.44,1.15301295728787,0.0,44,4,50,734.6590438743528,13250,100,11,9
-1.5139476270668053,18.9774489696502,-2.381086967398878,35,0.17,2.5764207046818424,0.0,17,6,17,478.9712335626997,-3.332877921998479,14.030202454147451,-1.416606672028108,39,0.13,2.307264583025048,-3.49650756146648,16,18,11,331.30760916705685,-0.141221792149741,17.8711769504355,0.0,40,0.18,2.5293141478363186,0.0,18,18,17,483.7668576540468,0.1114933853347393,17.34143474022491,0.0,46,0.17,2.686297277647514,0.0,17,18,5,520.7380510739267,2.22505412301758,18.63888230685601,-0.8047189562170501,39,0.12,2.5196457240686594,-3.49650756146648,13,2,5,542.6519063230913,2.692641111440723,20.628889556718168,0.0,45,0.06,1.971999313439928,3.49650756146648,15,18,5,673.2249239891784,1.3039405169218423,19.845121012168924,0.0,50,0.12,2.596831614433837,0.0,12,2,5,651.2814123650066,1.6635506390599089,18.134559135405148,2.6990813507588767,49,0.11,2.5402355857800494,0.0,11,4,5,538.3373350129464,0,100,11,10
-4.427284579662747,17.366938297696205,-2.2213256282451583,21,0.23,2.629237654836313,0.0,23,6,50,680.7985570345288,-4.500899957788085,13.238201212603908,0.0,24,0.17,2.1301543846534243,-3.49650756146648,24,8,50,437.6058718742577,-3.348954534983548,15.26392777269906,-2.833213344056216,24,0.23,2.619727109068126,-2.833213344056216,23,18,50,602.6492538209387,-2.458797287004596,15.581696573077018,-2.833213344056216,26,0.16,2.33602497563955,-3.49650756146648,17,2,50,531.3896343271864,6.212543253854012,20.041567042678736,0.0,31,0.11,1.8810329377807795,-3.49650756146648,17,2,50,694.5521596303162,7.851450043569998,22.54554790771377,3.49650756146648,41,0.0,1.9024549991691009,3.49650756146648,15,18,6,790.2590907241689,5.15442517766907,22.515843258856417,3.1648604527613484,44,0.12,2.0729719058709937,0.0,12,2,50,978.0467997677018,4.785549415754177,19.61949337532625,3.49650756146648,41,0.05,2.0682257878488004,-3.49650756146648,12,4,50,649.0892671488996,50,100,11,10
-4.370884154895106,17.38303753849202,-2.2213256282451583,21,0.23,2.645104992549128,0.0,23,6,50,683.2196946525581,-4.338196208316946,13.284342661748,0.0,25,0.18,2.133834917336336,-3.49650756146648,22,18,50,440.98795386112215,-2.402086400132377,15.569024963971032,0.0,25,0.23,2.348591380994175,-2.833213344056216,23,18,50,592.1533400045286,-2.265246048189324,15.610471387187754,0.0,27,0.16,2.3532696901802903,-3.49650756146648,17,2,50,538.5666377283728,7.544651771169059,20.076214009030224,0.0,32,0.1,1.8634536617538893,-3.49650756146648,16,2,50,694.2419901850799,7.93422535535514,22.516781061363424,3.49650756146648,43,0.0,1.9037982531559243,3.49650756146648,15,18,6,777.1816965124701,4.211517251696362,22.18710999073121,3.1648604527613484,41,0.12,2.05710456815764,0.0,12,2,50,961.2065809206232,4.136238519079968,19.40907090507515,3.49650756146648,39,0.06,2.3966617708004128,2.833213344056216,12,4,50,663.7259650455967,100,100,11,10
-4.0277825632075785,18.29467753207896,-2.2213256282451583,22,0.21,2.6606592822797865,0.0,21,6,50,711.8633980993209,-4.006062277623279,13.540116687038475,0.0,26,0.17,2.1428079708821746,-3.49650756146648,20,18,50,419.3130401743772,-2.590261141452224,15.857081611016104,0.0,26,0.22,2.3713296946826867,0.0,22,18,50,623.6302559475587,-2.5733822654455225,15.87139870731409,0.0,28,0.17,2.367703218214809,0.0,17,2,50,569.3802594539925,6.663787331408262,20.144430584276176,0.0,33,0.11,1.8931620959649769,-3.49650756146648,17,2,50,726.3967866843284,6.465274742655956,22.3338411853161,3.49650756146648,42,0.0,1.94002380536411,3.49650756146648,18,18,6,795.3515171748409,3.610311042254616,22.29463282375705,2.833213344056216,42,0.11,2.159906472396893,3.8918202981106265,12,2,50,1015.6607751766098,5.040314452738626,19.94324084243605,3.49650756146648,40,0.06,2.0501980415321475,2.833213344056216,12,4,50,683.8842491803654,150,100,11,10
-4.077550045800489,18.283068694863623,-2.2213256282451583,22,0.21,2.6447919445669723,0.0,21,6,50,710.1055546986389,-4.168766011550995,13.498853689210998,0.0,25,0.16,2.143180319704735,-3.49650756146648,22,18,50,415.93095663317047,-2.9828836430460264,15.48081312406214,-1.416606672028108,25,0.21,2.3401701341307897,-2.833213344056216,21,18,50,585.9234422635203,-3.564874168064735,15.550513924418278,-2.833213344056216,27,0.17,2.314084172871617,0.0,17,2,50,586.036474940618,5.388616135480322,20.0343941145491,0.0,31,0.12,1.912818774065216,-3.49650756146648,17,2,50,721.0132239907,5.826893726000324,22.51017168882801,3.49650756146648,41,0.0,1.950630732880403,3.49650756146648,18,18,50,798.3159843117628,4.588184028298247,22.64249084003822,3.1648604527613484,44,0.1,2.1606907759292766,-2.833213344056216,11,2,50,1035.9975031393487,5.682992391694975,20.119759927676103,3.49650756146648,42,0.05,2.0686560378365124,-3.49650756146648,11,4,50,668.5842586204984,200,100,11,10
-3.5113089190384352,17.85244561583277,-1.6094379124341005,20,0.23,2.6289246068541576,0.0,23,6,50,646.4884268995006,-4.1150565092326,12.996886657243447,0.0,23,0.16,2.111042547510629,-3.49650756146648,24,18,50,406.0145421416422,-2.9642551899398444,15.025069988057853,-2.833213344056216,23,0.22,2.3004706858313075,-2.833213344056216,23,18,50,571.1723344395014,-2.976933842971321,15.030935483027958,-2.833213344056216,25,0.18,2.303441165978842,0.0,18,2,50,520.2494273083437,5.974483034257019,19.86730208692976,0.0,31,0.12,1.8931620959649769,-3.49650756146648,16,2,6,681.542040202778,7.638799785137167,22.401532824078046,3.49650756146648,41,0.0,1.9129350397776232,3.49650756146648,17,18,6,808.2774951770974,5.8122956158391546,22.35685104137741,3.49650756146648,43,0.11,2.1380902351067186,-2.833213344056216,11,2,50,975.2135895320436,5.694891812777719,19.62600110250057,3.49650756146648,41,0.05,2.0586700036551697,-3.49650756146648,12,4,50,614.1158459050669,250,100,11,10
-4.107174441724343,17.15812999167995,-1.6094379124341005,21,0.24,2.627105067638614,0.0,24,6,50,649.855708212549,-4.0945012692436284,12.995131655076,0.0,24,0.17,2.1194265545934337,-3.49650756146648,23,18,50,409.6254448308574,-2.706004136598906,15.387870105019342,-2.833213344056216,24,0.23,2.310960140410412,-2.833213344056216,24,18,50,609.6568511377804,-2.0442192826264334,15.322599941502142,0.0,26,0.16,2.3374704850942924,-3.49650756146648,17,2,50,503.8045193610384,7.191815978360532,19.9580456021304,0.0,31,0.11,1.8642902997055488,-3.49650756146648,16,2,50,666.5717358838732,8.491574594093636,22.31073639182664,3.49650756146648,42,0.0,1.8882444141543304,3.49650756146648,15,18,6,730.3138024068663,5.120859653900912,22.21637306168375,3.49650756146648,43,0.12,2.0477475750508214,0.0,12,2,50,926.2331591586088,4.702479619935663,19.280798054936927,3.49650756146648,39,0.06,2.045750242169806,-3.49650756146648,12,4,22,612.6441561786935,300,100,11,10
-4.685653322801942,17.584858208274724,-2.833213344056216,22,0.22,2.645104992549128,0.0,22,6,50,714.6966114432416,-4.048804367836885,13.521024642077077,0.0,26,0.18,2.1526018435405123,-3.49650756146648,20,18,50,422.2606607609173,-2.660191261594615,15.837782749262912,0.0,26,0.24,2.3626001508696586,0.0,24,18,50,623.6302528388646,-2.545050100918019,15.878494432322832,0.0,28,0.16,2.362600150947545,-3.49650756146648,16,2,50,566.5470430012423,7.251581794524079,20.426952228917067,0.0,33,0.1,1.8797590525805887,-3.49650756146648,17,2,50,722.2223994142978,7.024882927241613,22.60138654945465,3.49650756146648,43,0.0,1.9255307293635824,3.49650756146648,16,18,6,813.1836584293961,3.238877581558999,22.12886596114859,2.833213344056216,41,0.12,2.0796615501912945,-2.833213344056216,12,2,50,989.850287664159,4.491438166695503,19.582502425891946,3.49650756146648,40,0.06,2.0388536364545806,2.833213344056216,12,4,50,684.1668187425181,350,100,11,10
-4.089787800115432,18.28182209468317,-2.833213344056216,22,0.21,2.6447919445669723,0.0,21,6,50,705.6629034420207,-4.041027458841905,13.53424022053194,0.0,25,0.16,2.13652637462188,-3.49650756146648,21,18,28,418.3497336366638,-2.6320051197551515,15.855702598365273,0.0,25,0.21,2.365818848219421,-2.833213344056216,21,18,50,619.45587923806,-3.44520633558654,15.57786203869758,-1.416606672028108,27,0.17,2.325788947786846,0.0,17,2,50,585.8251632563577,6.034248850419605,20.34187786594158,0.0,32,0.11,1.9085913805651609,-3.49650756146648,17,2,50,719.4037860781382,5.829006816935148,22.50934870875434,3.49650756146648,41,0.0,1.950630732880403,3.49650756146648,18,18,6,741.0206563568211,4.036482067356251,22.314292222571,3.1648604527613484,43,0.1,2.1711120978813985,3.8918202981106265,12,2,50,1035.9975062477338,5.431520401754289,19.94115798747833,3.49650756146648,41,0.06,2.0651940181062587,2.833213344056216,12,4,50,700.724472737229,400,100,11,10
-3.832711029119799,18.06375870459125,-2.2213256282451583,21,0.22,2.6287314690959094,0.0,22,6,50,671.6356227847039,-3.92392695530684,13.211245521763573,0.0,24,0.15,2.126007612869996,-3.49650756146648,24,18,50,384.45403588582207,-3.2790243319424577,15.287102418961704,-2.833213344056216,24,0.21,2.304290300135315,-2.833213344056216,23,18,50,602.6492486397626,-3.3550001940291607,15.280218549855864,-2.833213344056216,26,0.17,2.2963673954311035,-3.49650756146648,18,2,50,551.0630472911946,4.995210454915048,19.8913625726237,0.0,30,0.12,1.9059252053401856,-3.49650756146648,17,2,50,691.733531777034,6.729457357024327,22.47462194231765,3.49650756146648,40,0.0,1.9332808458183008,3.49650756146648,18,18,6,799.5023953868408,5.497526416843158,22.65605297219844,3.49650756146648,44,0.1,2.142812121764598,-2.833213344056216,11,2,50,1001.02408274317,5.969429386596945,19.792001765769434,3.49650756146648,41,0.05,2.0621320233854235,-3.49650756146648,12,4,50,641.2671475647774,450,100,11,10
-4.427284579660012,17.36693829769195,-2.2213256282451583,21,0.23,2.629237654836313,0.0,23,6,50,680.7985570342553,-4.50089989891114,13.238201323061984,0.0,24,0.17,2.1301543846534243,-3.49650756146648,24,8,50,437.6058659865632,-3.348954476106604,15.26392786405452,-2.833213344056216,24,0.23,2.619727109068126,-2.833213344056216,23,18,50,602.6492479332443,-2.4587972163528047,15.58169667643265,-2.833213344056216,26,0.16,2.33602497563955,-3.49650756146648,17,2,50,531.3896272620074,6.212543253849226,20.041567042670017,0.0,31,0.11,1.8810329377807795,-3.49650756146648,17,2,50,694.5521596300428,7.851450043564698,22.545547907703448,3.49650756146648,41,0.0,1.9024549991691009,3.49650756146648,15,18,6,790.2590907237536,5.154425107015741,22.51584333883096,3.1648604527613484,44,0.12,2.0729719058709937,0.0,12,2,50,978.0468068322484,4.785549345101365,19.619493465782178,3.49650756146648,41,0.05,2.0682257878488004,-3.49650756146648,12,4,50,649.0892742136338,500,100,11,10
-4.370884154892199,17.383037538487486,-2.2213256282451583,21,0.23,2.645104992549128,0.0,23,6,50,683.2196946522675,-4.338196149439839,13.284342771100937,0.0,25,0.18,2.133834917336336,-3.49650756146648,22,18,50,440.98794797341145,-2.4020863294804284,15.569025067153094,0.0,25,0.23,2.348591380994175,-2.833213344056216,23,18,50,592.1533329393336,-2.265245977537372,15.610471489476538,0.0,27,0.16,2.3532696901802903,-3.49650756146648,17,2,50,538.5666306631775,7.544651771163761,20.07621400902123,0.0,32,0.1,1.8634536617538893,-3.49650756146648,16,2,50,694.2419901847893,7.934225355350011,22.5167810613528,3.49650756146648,43,0.0,1.9037982531559243,3.49650756146648,15,18,6,777.181696512046,4.211517192818738,22.18711005586032,3.1648604527613484,41,0.12,2.05710456815764,0.0,12,2,50,961.2065868076676,4.136238460202688,19.40907097930113,3.49650756146648,39,0.06,2.3966617708004128,2.833213344056216,12,4,50,663.7259709328118,550,100,11,10
-4.027782563204503,18.294677532074346,-2.2213256282451583,22,0.21,2.6606592822797865,0.0,21,6,50,711.8633980990131,-4.006062206971168,13.540116814050911,0.0,26,0.17,2.1428079708821746,-3.49650756146648,20,18,50,419.31303310916616,-2.5902610708001146,15.857081713161875,0.0,26,0.22,2.3713296946826867,0.0,22,18,50,623.6302488823476,-2.57338219479341,15.871398809292588,0.0,28,0.17,2.367703218214809,0.0,17,2,50,569.3802523887813,6.663787331403476,20.14443058426708,0.0,33,0.11,1.8931620959649769,-3.49650756146648,17,2,50,726.3967866840208,6.465274742651683,22.33384118530553,3.49650756146648,42,0.0,1.94002380536411,3.49650756146648,18,18,6,795.3515171744176,3.610310983377341,22.294632886984264,2.833213344056216,42,0.11,2.159906472396893,3.8918202981106265,12,2,50,1015.6607810636194,5.04031439386084,19.943240917342298,3.49650756146648,40,0.06,2.0501980415321475,2.833213344056216,12,4,50,683.8842550675627,600,100,11,10
-4.077550045797582,18.283068694859267,-2.2213256282451583,22,0.21,2.6447919445669723,0.0,21,6,50,710.1055546983483,-4.168765940899067,13.49885381746359,0.0,25,0.16,2.143180319704735,-3.49650756146648,22,18,50,415.9309495679775,-2.9828835723940985,15.480813230482784,-1.416606672028108,25,0.21,2.3401701341307897,-2.833213344056216,21,18,50,585.9234351983275,-3.564874109187639,15.55051401490729,-2.833213344056216,27,0.17,2.314084172871617,0.0,17,2,50,586.0364690529084,5.388616135476049,20.034394114540312,0.0,31,0.12,1.912818774065216,-3.49650756146648,17,2,50,721.0132239904094,5.8268937259962215,22.5101716888176,3.49650756146648,41,0.0,1.950630732880403,3.49650756146648,18,18,50,798.3159843114552,4.588183957645287,22.64249091779845,3.1648604527613484,44,0.1,2.1606907759292766,-2.833213344056216,11,2,50,1035.9975102038584,5.682992321041676,20.11976001903367,3.49650756146648,42,0.05,2.0686560378365124,-3.49650756146648,11,4,50,668.584265685213,650,100,11,10
-3.5113089190358715,17.852445615828753,-1.6094379124341005,20,0.23,2.6289246068541576,0.0,23,6,50,646.4884268992441,-4.115056450355857,12.99688676800481,0.0,23,0.16,2.111042547510629,-3.49650756146648,24,18,50,406.0145362539679,-2.964255131063102,15.025070079358422,-2.833213344056216,23,0.22,2.3004706858313075,-2.833213344056216,23,18,50,571.1723285518271,-2.976933784094576,15.030935574342568,-2.833213344056216,25,0.18,2.303441165978842,0.0,18,2,50,520.249421420669,5.974483034252403,19.86730208692113,0.0,31,0.12,1.8931620959649769,-3.49650756146648,16,2,6,681.5420402024764,7.638799785132039,22.401532824067782,3.49650756146648,41,0.0,1.9129350397776232,3.49650756146648,17,18,6,808.2774951766683,5.812295545185523,22.35685112399979,3.49650756146648,43,0.11,2.1380902351067186,-2.833213344056216,11,2,50,975.2135965965866,5.69489174212443,19.62600119619993,3.49650756146648,41,0.05,2.0586700036551697,-3.49650756146648,12,4,50,614.1158529698146,700,100,11,10
-4.107174441721608,17.15812999167559,-1.6094379124341005,21,0.24,2.627105067638614,0.0,24,6,50,649.8557082122754,-4.094501210366722,12.99513176575882,0.0,24,0.17,2.1194265545934337,-3.49650756146648,23,18,50,409.6254389431669,-2.706004077722,15.387870193178868,-2.833213344056216,24,0.23,2.310960140410412,-2.833213344056216,24,18,50,609.65684525009,-2.0442192119746894,15.322600044693797,0.0,26,0.16,2.3374704850942924,-3.49650756146648,17,2,50,503.804512295864,7.191815978355404,19.958045602121462,0.0,31,0.11,1.8642902997055488,-3.49650756146648,16,2,50,666.5717358835998,8.491574594088167,22.31073639181617,3.49650756146648,42,0.0,1.8882444141543304,3.49650756146648,15,18,6,730.3138024064689,5.120859595022804,22.216373129136844,3.49650756146648,43,0.12,2.0477475750508214,0.0,12,2,50,926.2331650456674,4.702479561058071,19.28079813138589,3.49650756146648,39,0.06,2.045750242169806,-3.49650756146648,12,4,22,612.6441595288543,750,100,11,10
-4.685653322798864,17.584858208270038,-2.833213344056216,22,0.22,2.645104992549128,0.0,22,6,50,714.6966114429341,-4.048804297184812,13.521024769492136,0.0,26,0.18,2.1526018435405123,-3.49650756146648,20,18,50,422.26065369571,-2.6601911909425424,15.83778285184506,0.0,26,0.24,2.3626001508696586,0.0,24,18,50,623.6302457736574,-2.545050030265944,15.87849453412964,0.0,28,0.16,2.362600150947545,-3.49650756146648,16,2,50,566.5470359360347,7.251581794518952,20.426952228907822,0.0,33,0.1,1.8797590525805887,-3.49650756146648,17,2,50,722.2223994139902,7.024882927236997,22.601386549443944,3.49650756146648,43,0.0,1.9255307293635824,3.49650756146648,16,18,6,813.1836584289582,3.2388775226819257,22.128866023861367,2.833213344056216,41,0.12,2.0796615501912945,-2.833213344056216,12,2,50,989.8502935511826,4.491438107818091,19.58250250052822,3.49650756146648,40,0.06,2.0388536364545806,2.833213344056216,12,4,50,684.1668246297123,800,100,11,10
-4.089787800112525,18.281822094678816,-2.833213344056216,22,0.21,2.6447919445669723,0.0,21,6,50,705.6629034417301,-4.041027388190012,13.534240347782315,0.0,25,0.16,2.13652637462188,-3.49650756146648,21,18,28,418.34973777913433,-2.63200504910326,15.855702700706182,0.0,25,0.21,2.365818848219421,-2.833213344056216,21,18,50,619.455872172871,-3.4452062767094747,15.5778621285754,-1.416606672028108,27,0.17,2.325788947786846,0.0,17,2,50,585.8251573686512,6.03424885041499,20.34187786593263,0.0,32,0.11,1.9085913805651609,-3.49650756146648,17,2,50,719.4037860778474,5.829006816931046,22.50934870874393,3.49650756146648,41,0.0,1.950630732880403,3.49650756146648,18,18,6,741.0206563564163,4.036481996703668,22.314292299728475,3.1648604527613484,43,0.1,2.1711120978813985,3.8918202981106265,12,2,50,1035.9975133122402,5.431520331101198,19.941158078763333,3.49650756146648,41,0.06,2.0651940181062587,2.833213344056216,12,4,50,700.7244798019228,850,100,11,10
-3.832711029117063,18.06375870458708,-2.2213256282451583,21,0.22,2.6287314690959094,0.0,22,6,50,671.6356227844303,-3.923926884655129,13.211245651499128,0.0,24,0.15,2.126007612869996,-3.49650756146648,24,18,50,384.4540288206509,-3.2790242730655748,15.287102509909255,-2.833213344056216,24,0.21,2.304290300135315,-2.833213344056216,23,18,50,602.6492427520743,-3.3550001351522747,15.280218641137136,-2.833213344056216,26,0.17,2.2963673954311035,-3.49650756146648,18,2,50,551.0630414035061,4.995210454910945,19.89136257261499,0.0,30,0.12,1.9059252053401856,-3.49650756146648,17,2,50,691.7335317767605,6.7294573570197125,22.4746219423073,3.49650756146648,40,0.0,1.9332808458183008,3.49650756146648,18,18,6,799.5023953864094,5.497526346189732,22.656053052747748,3.49650756146648,44,0.1,2.142812121764598,-2.833213344056216,11,2,50,1001.0240898076922,5.969429315943522,19.792001859662683,3.49650756146648,41,0.05,2.0621320233854235,-3.49650756146648,12,4,50,641.2671546295044,900,100,11,10
-4.427284579657277,17.36693829768769,-2.2213256282451583,21,0.23,2.629237654836313,0.0,23,6,50,680.7985570339818,-4.500899840034265,13.23820143351993,0.0,24,0.17,2.1301543846534243,-3.49650756146648,24,8,50,437.6058600988757,-3.348954417229729,15.263927955409876,-2.833213344056216,24,0.23,2.619727109068126,-2.833213344056216,23,18,50,602.6492420455569,-2.4587971457010966,15.581696779788162,-2.833213344056216,26,0.16,2.33602497563955,-3.49650756146648,17,2,50,531.3896201968365,6.212543253844439,20.041567042661296,0.0,31,0.11,1.8810329377807795,-3.49650756146648,17,2,50,694.5521596297693,7.851450043559399,22.54554790769312,3.49650756146648,41,0.0,1.9024549991691009,3.49650756146648,15,18,6,790.2590907233384,5.154425036362495,22.515843418805417,3.1648604527613484,44,0.12,2.0729719058709937,0.0,12,2,50,978.0468138967868,4.785549274448634,19.619493556238,3.49650756146648,41,0.05,2.0682257878488004,-3.49650756146648,12,4,50,649.0892812783597,950,100,11,10
-4.370884154889294,17.383037538482956,-2.2213256282451583,21,0.23,2.645104992549128,0.0,23,6,50,683.2196946519769,-4.338196090562801,13.284342880453744,0.0,25,0.18,2.133834917336336,-3.49650756146648,22,18,50,440.9879420857077,-2.4020862588285627,15.56902517033504,0.0,25,0.23,2.348591380994175,-2.833213344056216,23,18,50,592.1533258741472,-2.265245906885504,15.610471591765206,0.0,27,0.16,2.3532696901802903,-3.49650756146648,17,2,50,538.5666235979907,7.544651771158461,20.076214009012222,0.0,32,0.1,1.8634536617538893,-3.49650756146648,16,2,50,694.2419901844987,7.934225355344882,22.516781061342183,3.49650756146648,43,0.0,1.9037982531559243,3.49650756146648,15,18,6,777.181696511622,4.211517133941182,22.18711012098934,3.1648604527613484,41,0.12,2.05710456815764,0.0,12,2,50,961.2065926947053,4.1362384013254765,19.40907105352704,3.49650756146648,39,0.06,2.3966617708004128,2.833213344056216,12,4,50,663.7259768200202,1000,100,11,10
-4.027782563201425,18.294677532069723,-2.2213256282451583,22,0.21,2.6606592822797865,0.0,21,6,50,711.8633980987055,-4.006062136319142,13.540116941063204,0.0,26,0.17,2.1428079708821746,-3.49650756146648,20,18,50,419.31302604396353,-2.590261000148088,15.857081815307534,0.0,26,0.22,2.3713296946826867,0.0,22,18,50,623.6302418171449,-2.5733821241413803,15.871398911270967,0.0,28,0.17,2.367703218214809,0.0,17,2,50,569.3802453235783,6.663787331398687,20.14443058425797,0.0,33,0.11,1.8931620959649769,-3.49650756146648,17,2,50,726.3967866837129,6.465274742647409,22.333841185294965,3.49650756146648,42,0.0,1.94002380536411,3.49650756146648,18,18,6,795.3515171739942,3.6103109245001352,22.29463295021141,2.833213344056216,42,0.11,2.159906472396893,3.8918202981106265,12,2,50,1015.660786950622,5.040314334983124,19.94324099224845,3.49650756146648,40,0.06,2.0501980415321475,2.833213344056216,12,4,50,683.884260954753,1050,100,11,10
-4.077550045794677,18.28306869485491,-2.2213256282451583,22,0.21,2.6447919445669723,0.0,21,6,50,710.1055546980577,-4.16876587024722,13.49885394571604,0.0,25,0.16,2.143180319704735,-3.49650756146648,22,18,50,415.93094250279296,-2.982883501742253,15.480813336903308,-1.416606672028108,25,0.21,2.3401701341307897,-2.833213344056216,21,18,50,585.923428133143,-3.564874050310613,15.550514105396196,-2.833213344056216,27,0.17,2.314084172871617,0.0,17,2,50,586.0364631652058,5.388616135471775,20.034394114531523,0.0,31,0.12,1.912818774065216,-3.49650756146648,17,2,50,721.0132239901188,5.82689372599212,22.510171688807183,3.49650756146648,41,0.0,1.950630732880403,3.49650756146648,18,18,50,798.3159843111474,4.588183886992407,22.6424909955586,3.1648604527613484,44,0.1,2.1606907759292766,-2.833213344056216,11,2,50,1035.9975172683598,5.682992250388459,20.11976011039114,3.49650756146648,42,0.05,2.0686560378365124,-3.49650756146648,11,4,50,668.5842727499193,1100,100,11,10
-3.511308919033308,17.852445615824738,-1.6094379124341005,20,0.23,2.6289246068541576,0.0,23,6,50,646.4884268989877,-4.115056391479183,12.996886878766048,0.0,23,0.16,2.111042547510629,-3.49650756146648,24,18,50,406.01453036630056,-2.9642550721864285,15.025070170658882,-2.833213344056216,23,0.22,2.3004706858313075,-2.833213344056216,23,18,50,571.1723226641598,-2.9769337252179007,15.03093566565707,-2.833213344056216,25,0.18,2.303441165978842,0.0,18,2,50,520.2494155330015,5.974483034247787,19.86730208691249,0.0,31,0.12,1.8931620959649769,-3.49650756146648,16,2,6,681.542040202175,7.638799785126911,22.40153282405753,3.49650756146648,41,0.0,1.9129350397776232,3.49650756146648,17,18,6,808.2774951762392,5.812295474531969,22.35685120662207,3.49650756146648,43,0.11,2.1380902351067186,-2.833213344056216,11,2,50,975.2136036611212,5.694891671471223,19.626001289899182,3.49650756146648,41,0.05,2.0586700036551697,-3.49650756146648,12,4,50,614.115860034554,1150,100,11,10
-4.107174441718874,17.158129991671228,-1.6094379124341005,21,0.24,2.627105067638614,0.0,24,6,50,649.8557082120019,-4.094501151489885,12.99513187644151,0.0,24,0.17,2.1194265545934337,-3.49650756146648,23,18,50,409.6254330554832,-2.706004018845164,15.387870281338294,-2.833213344056216,24,0.23,2.310960140410412,-2.833213344056216,24,18,50,609.6568393624063,-2.044219141323028,15.32260014788533,0.0,26,0.16,2.3374704850942924,-3.49650756146648,17,2,50,503.8045052306978,7.191815978350276,19.958045602112527,0.0,31,0.11,1.8642902997055488,-3.49650756146648,16,2,50,666.5717358833263,8.491574594082694,22.310736391805715,3.49650756146648,42,0.0,1.8882444141543304,3.49650756146648,15,18,6,730.3138024060711,5.120859536144767,22.216373196589853,3.49650756146648,43,0.12,2.0477475750508214,0.0,12,2,50,926.2331709327192,4.702479502180549,19.28079820783477,3.49650756146648,39,0.06,2.045750242169806,-3.49650756146648,12,4,22,612.644162879011,1200,100,11,10
-4.685653322795789,17.58485820826535,-2.833213344056216,22,0.22,2.645104992549128,0.0,22,6,50,714.6966114426264,-4.048804226532821,13.521024896907049,0.0,26,0.18,2.1526018435405123,-3.49650756146648,20,18,50,422.2606466305109,-2.660191120290552,15.83778295442709,0.0,26,0.24,2.3626001508696586,0.0,24,18,50,623.6302387084585,-2.5450499596139498,15.878494635936336,0.0,28,0.16,2.362600150947545,-3.49650756146648,16,2,50,566.5470288708354,7.251581794513823,20.426952228898585,0.0,33,0.1,1.8797590525805887,-3.49650756146648,17,2,50,722.2223994136824,7.024882927232382,22.60138654943324,3.49650756146648,43,0.0,1.9255307293635824,3.49650756146648,16,18,6,813.1836584285204,3.2388774638049216,22.12886608657408,2.833213344056216,41,0.12,2.0796615501912945,-2.833213344056216,12,2,50,989.8502994381992,4.491438048940749,19.58250257516441,3.49650756146648,40,0.06,2.0388536364545806,2.833213344056216,12,4,50,684.1668305168996,1250,100,11,10
-4.089787800109619,18.281822094674464,-2.833213344056216,22,0.21,2.6447919445669723,0.0,21,6,50,705.6629034414395,-4.041027317538202,13.53424047503255,0.0,25,0.16,2.13652637462188,-3.49650756146648,21,18,28,418.34974192160007,-2.632004978451452,15.855702803046976,0.0,25,0.21,2.365818848219421,-2.833213344056216,21,18,50,619.45586510769,-3.4452062178324785,15.577862218453111,-1.416606672028108,27,0.17,2.325788947786846,0.0,17,2,50,585.8251514809515,6.034248850410373,20.341877865923685,0.0,32,0.11,1.9085913805651609,-3.49650756146648,17,2,50,719.4037860775569,5.829006816926944,22.50934870873352,3.49650756146648,41,0.0,1.950630732880403,3.49650756146648,18,18,6,741.0206563560114,4.03648192605117,22.314292376885863,3.1648604527613484,43,0.1,2.1711120978813985,3.8918202981106265,12,2,50,1035.9975203767376,5.43152026044819,19.94115817004824,3.49650756146648,41,0.06,2.0651940181062587,2.833213344056216,12,4,50,700.7244868666083,1300,100,11,10
-3.832711029114328,18.063758704582888,-2.2213256282451583,21,0.22,2.6287314690959094,0.0,22,6,50,671.6356227841568,-3.9239268140035,13.211245781234531,0.0,24,0.15,2.126007612869996,-3.49650756146648,24,18,50,384.454021755488,-3.2790242141887607,15.287102600856697,-2.833213344056216,24,0.21,2.304290300135315,-2.833213344056216,23,18,50,602.649236864393,-3.355000076275458,15.280218732418303,-2.833213344056216,26,0.17,2.2963673954311035,-3.49650756146648,18,2,50,551.0630355158244,4.995210454906842,19.891362572606287,0.0,30,0.12,1.9059252053401856,-3.49650756146648,17,2,50,691.7335317764871,6.729457357015096,22.474621942296952,3.49650756146648,40,0.0,1.9332808458183008,3.49650756146648,18,18,6,799.5023953859779,5.497526275536388,22.65605313329696,3.49650756146648,44,0.1,2.142812121764598,-2.833213344056216,11,2,50,1001.0240968722062,5.969429245290181,19.79200195355583,3.49650756146648,41,0.05,2.0621320233854235,-3.49650756146648,12,4,50,641.267161694223,1350,100,11,10
-4.4272845796545415,17.36693829768343,-2.2213256282451583,21,0.23,2.629237654836313,0.0,23,6,50,680.7985570337082,-4.500899781157458,13.238201543977748,0.0,24,0.17,2.1301543846534243,-3.49650756146648,24,8,50,437.6058542111952,-3.348954358352924,15.26392804676513,-2.833213344056216,24,0.23,2.619727109068126,-2.833213344056216,23,18,50,602.6492361578764,-2.4587970750494725,15.581696883143556,-2.833213344056216,26,0.16,2.33602497563955,-3.49650756146648,17,2,50,531.3896131316742,6.212543253839653,20.04156704265258,0.0,31,0.11,1.8810329377807795,-3.49650756146648,17,2,50,694.5521596294957,7.851450043554101,22.5455479076828,3.49650756146648,41,0.0,1.9024549991691009,3.49650756146648,15,18,6,790.2590907229231,5.154424965709333,22.515843498779784,3.1648604527613484,44,0.12,2.0729719058709937,0.0,12,2,50,978.0468209613166,4.785549203795989,19.619493646693723,3.49650756146648,41,0.05,2.0682257878488004,-3.49650756146648,12,4,50,649.0892883430774,1400,100,11,10
-4.370884154886388,17.383037538478423,-2.2213256282451583,21,0.23,2.645104992549128,0.0,23,6,50,683.2196946516863,-4.338196031685833,13.284342989806431,0.0,25,0.18,2.133834917336336,-3.49650756146648,22,18,50,440.98793619801074,-2.402086188176781,15.569025273516866,0.0,25,0.23,2.348591380994175,-2.833213344056216,23,18,50,592.1533188089688,-2.265245836233718,15.61047169405376,0.0,27,0.16,2.3532696901802903,-3.49650756146648,17,2,50,538.5666165328123,7.544651771153161,20.07621400900324,0.0,32,0.1,1.8634536617538893,-3.49650756146648,16,2,50,694.2419901842081,7.934225355339754,22.516781061331567,3.49650756146648,43,0.0,1.9037982531559243,3.49650756146648,15,18,6,777.1816965111982,4.211517075063695,22.1871101861183,3.1648604527613484,41,0.12,2.05710456815764,0.0,12,2,50,961.206598581736,4.136238342448335,19.409071127752853,3.49650756146648,39,0.06,2.3966617708004128,2.833213344056216,12,4,50,663.7259827072215,1450,100,11,10
-4.027782563198349,18.29467753206511,-2.2213256282451583,22,0.21,2.6606592822797865,0.0,21,6,50,711.8633980983977,-4.006062065667197,13.54011706807535,0.0,26,0.17,2.1428079708821746,-3.49650756146648,20,18,50,419.3130189787691,-2.5902609294961456,15.857081917453073,0.0,26,0.22,2.3713296946826867,0.0,22,18,50,623.6302347519508,-2.5733820534894334,15.871399013249237,0.0,28,0.17,2.367703218214809,0.0,17,2,50,569.3802382583838,6.663787331393903,20.14443058424888,0.0,33,0.11,1.8931620959649769,-3.49650756146648,17,2,50,726.3967866834054,6.465274742643135,22.333841185284395,3.49650756146648,42,0.0,1.94002380536411,3.49650756146648,18,18,6,795.3515171735712,3.610310865623,22.29463301343848,2.833213344056216,42,0.11,2.159906472396893,3.8918202981106265,12,2,50,1015.6607928376176,5.040314276105479,19.943241067154524,3.49650756146648,40,0.06,2.0501980415321475,2.833213344056216,12,4,50,683.8842668419364,1500,100,11,10
-4.077550045791771,18.28306869485056,-2.2213256282451583,22,0.21,2.6447919445669723,0.0,21,6,50,710.1055546977672,-4.168765799595457,13.498854073968342,0.0,25,0.16,2.143180319704735,-3.49650756146648,22,18,50,415.9309354376167,-2.9828834310904906,15.480813443323708,-1.416606672028108,25,0.21,2.3401701341307897,-2.833213344056216,21,18,50,585.9234210679667,-3.564873991433656,15.550514195885,-2.833213344056216,27,0.17,2.314084172871617,0.0,17,2,50,586.03645727751,5.388616135467502,20.03439411452274,0.0,31,0.12,1.912818774065216,-3.49650756146648,17,2,50,721.0132239898282,5.826893725988017,22.51017168879677,3.49650756146648,41,0.0,1.950630732880403,3.49650756146648,18,18,50,798.3159843108397,4.588183816339615,22.64249107331865,3.1648604527613484,44,0.1,2.1606907759292766,-2.833213344056216,11,2,50,1035.9975243328531,5.682992179735327,20.119760201748505,3.49650756146648,42,0.05,2.0686560378365124,-3.49650756146648,11,4,50,668.584279814617,1550,100,11,10
-3.511308919030743,17.85244561582072,-1.6094379124341005,20,0.23,2.6289246068541576,0.0,23,6,50,646.4884268987314,-4.115056332602578,12.996886989527155,0.0,23,0.16,2.111042547510629,-3.49650756146648,24,18,50,406.01452447864006,-2.9642550133098244,15.025070261959243,-2.833213344056216,23,0.22,2.3004706858313075,-2.833213344056216,23,18,50,571.1723167764994,-2.976933666341294,15.030935756971472,-2.833213344056216,25,0.18,2.303441165978842,0.0,18,2,50,520.2494096453408,5.974483034243171,19.86730208690387,0.0,31,0.12,1.8931620959649769,-3.49650756146648,16,2,6,681.5420402018733,7.638799785121783,22.401532824047266,3.49650756146648,41,0.0,1.9129350397776232,3.49650756146648,17,18,6,808.2774951758101,5.812295403878502,22.356851289244258,3.49650756146648,43,0.11,2.1380902351067186,-2.833213344056216,11,2,50,975.2136107256476,5.6948916008181,19.626001383598325,3.49650756146648,41,0.05,2.0586700036551697,-3.49650756146648,12,4,50,614.1158670992852,1600,100,11,10
-4.107174441716139,17.158129991666865,-1.6094379124341005,21,0.24,2.627105067638614,0.0,24,6,50,649.8557082117284,-4.094501092613118,12.995131987124072,0.0,24,0.17,2.1194265545934337,-3.49650756146648,23,18,50,409.6254271678064,-2.7060039599683976,15.38787036949762,-2.833213344056216,24,0.23,2.310960140410412,-2.833213344056216,24,18,50,609.6568334747298,-2.0442190706714505,15.322600251076748,0.0,26,0.16,2.3374704850942924,-3.49650756146648,17,2,50,503.8044981655401,7.191815978345148,19.9580456021036,0.0,31,0.11,1.8642902997055488,-3.49650756146648,16,2,50,666.5717358830527,8.491574594077226,22.31073639179526,3.49650756146648,42,0.0,1.8882444141543304,3.49650756146648,15,18,6,730.3138024056736,5.120859477266798,22.21637326404279,3.49650756146648,43,0.12,2.0477475750508214,0.0,12,2,50,926.233176819764,4.702479443303096,19.280798284283552,3.49650756146648,39,0.06,2.045750242169806,-3.49650756146648,12,4,22,612.6441662291638,1650,100,11,10
-4.685653322792712,17.584858208260663,-2.833213344056216,22,0.22,2.645104992549128,0.0,22,6,50,714.6966114423187,-4.048804155880913,13.52102502432182,0.0,26,0.18,2.1526018435405123,-3.49650756146648,20,18,50,422.26063956532016,-2.6601910496386463,15.837783057009004,0.0,26,0.24,2.3626001508696586,0.0,24,18,50,623.6302316432678,-2.5450498889620405,15.878494737742914,0.0,28,0.16,2.362600150947545,-3.49650756146648,16,2,50,566.5470218056445,7.251581794508695,20.426952228889338,0.0,33,0.1,1.8797590525805887,-3.49650756146648,17,2,50,722.2223994133747,7.024882927227767,22.601386549422536,3.49650756146648,43,0.0,1.9255307293635824,3.49650756146648,16,18,6,813.1836584280826,3.2388774049279867,22.128866149286715,2.833213344056216,41,0.12,2.0796615501912945,-2.833213344056216,12,2,50,989.850305325209,4.491437990063475,19.58250264980052,3.49650756146648,40,0.06,2.0388536364545806,2.833213344056216,12,4,50,684.1668364040801,1700,100,11,10
-4.089787800106713,18.28182209467011,-2.833213344056216,22,0.21,2.6447919445669723,0.0,21,6,50,705.662903441149,-4.041027246886476,13.534240602282637,0.0,25,0.16,2.13652637462188,-3.49650756146648,21,18,28,418.3497460640609,-2.6320049077997267,15.855702905387655,0.0,25,0.21,2.365818848219421,-2.833213344056216,21,18,50,619.4558580425174,-3.4452061589555525,15.577862308330726,-1.416606672028108,27,0.17,2.325788947786846,0.0,17,2,50,585.8251455932589,6.034248850405759,20.341877865914736,0.0,32,0.11,1.9085913805651609,-3.49650756146648,17,2,50,719.4037860772662,5.82900681692284,22.50934870872311,3.49650756146648,41,0.0,1.950630732880403,3.49650756146648,18,18,6,741.0206563556065,4.036481855398753,22.31429245404317,3.1648604527613484,43,0.1,2.1711120978813985,3.8918202981106265,12,2,50,1035.9975274412272,5.431520189795264,19.941158261333022,3.49650756146648,41,0.06,2.0651940181062587,2.833213344056216,12,4,50,700.7244939312855,1750,100,11,10
-3.832711029111593,18.063758704578703,-2.2213256282451583,21,0.22,2.6287314690959094,0.0,22,6,50,671.6356227838834,-3.9239267433519545,13.21124591096979,0.0,24,0.15,2.126007612869996,-3.49650756146648,24,18,50,384.4540146903335,-3.2790241553120167,15.287102691804044,-2.833213344056216,24,0.21,2.304290300135315,-2.833213344056216,23,18,50,602.6492309767186,-3.355000017398712,15.280218823699366,-2.833213344056216,26,0.17,2.2963673954311035,-3.49650756146648,18,2,50,551.0630296281495,4.99521045490274,19.891362572597576,0.0,30,0.12,1.9059252053401856,-3.49650756146648,17,2,50,691.7335317762135,6.729457357010482,22.474621942286607,3.49650756146648,40,0.0,1.9332808458183008,3.49650756146648,18,18,6,799.5023953855464,5.497526204883128,22.65605321384608,3.49650756146648,44,0.1,2.142812121764598,-2.833213344056216,11,2,50,1001.0241039367116,5.969429174636924,19.79200204744886,3.49650756146648,41,0.05,2.0621320233854235,-3.49650756146648,12,4,50,641.2671687589334,1800,100,11,10
-4.427284579651808,17.366938297679166,-2.2213256282451583,21,0.23,2.629237654836313,0.0,23,6,50,680.7985570334347,-4.500899722280722,13.238201654435445,0.0,24,0.17,2.1301543846534243,-3.49650756146648,24,8,50,437.6058483235215,-3.348954299476188,15.26392813812028,-2.833213344056216,24,0.23,2.619727109068126,-2.833213344056216,23,18,50,602.6492302702028,-2.458797004397931,15.581696986498835,-2.833213344056216,26,0.16,2.33602497563955,-3.49650756146648,17,2,50,531.38960606652,6.212543253834867,20.041567042643862,0.0,31,0.11,1.8810329377807795,-3.49650756146648,17,2,50,694.5521596292224,7.851450043548802,22.545547907672468,3.49650756146648,41,0.0,1.9024549991691009,3.49650756146648,15,18,6,790.2590907225077,5.154424895056252,22.51584357875405,3.1648604527613484,44,0.12,2.0729719058709937,0.0,12,2,50,978.0468280258384,4.785549133143424,19.61949373714934,3.49650756146648,41,0.05,2.0682257878488004,-3.49650756146648,12,4,50,649.0892954077868,1850,100,11,10
-4.370884154883482,17.38303753847389,-2.2213256282451583,21,0.23,2.645104992549128,0.0,23,6,50,683.2196946513957,-4.338195972808932,13.284343099158992,0.0,25,0.18,2.133834917336336,-3.49650756146648,22,18,50,440.9879303103209,-2.4020861175250827,15.569025376698576,0.0,25,0.23,2.348591380994175,-2.833213344056216,23,18,50,592.153311743799,-2.265245765582016,15.610471796342193,0.0,27,0.16,2.3532696901802903,-3.49650756146648,17,2,50,538.5666094676419,7.544651771147864,20.076214008994235,0.0,32,0.1,1.8634536617538893,-3.49650756146648,16,2,50,694.2419901839176,7.934225355334627,22.516781061320945,3.49650756146648,43,0.0,1.9037982531559243,3.49650756146648,15,18,6,777.1816965107744,4.211517016186278,22.187110251247184,3.1648604527613484,41,0.12,2.05710456815764,0.0,12,2,50,961.2066044687598,4.136238283571262,19.40907120197858,3.49650756146648,39,0.06,2.3966617708004128,2.833213344056216,12,4,50,663.7259885944159,1900,100,11,10
-4.027782563195271,18.294677532060494,-2.2213256282451583,22,0.21,2.6606592822797865,0.0,21,6,50,711.8633980980901,-4.006061995015337,13.540117195087351,0.0,26,0.17,2.1428079708821746,-3.49650756146648,20,18,50,419.313011913583,-2.5902608588442853,15.857082019598495,0.0,26,0.22,2.3713296946826867,0.0,22,18,50,623.6302276867648,-2.5733819828375704,15.871399115227383,0.0,28,0.17,2.367703218214809,0.0,17,2,50,569.3802311931973,6.663787331389119,20.14443058423977,0.0,33,0.11,1.8931620959649769,-3.49650756146648,17,2,50,726.3967866830976,6.465274742638862,22.33384118527383,3.49650756146648,42,0.0,1.94002380536411,3.49650756146648,18,18,6,795.3515171731478,3.610310806745933,22.29463307666548,2.833213344056216,42,0.11,2.159906472396893,3.8918202981106265,12,2,50,1015.6607987246064,5.040314217227902,19.943241142060508,3.49650756146648,40,0.06,2.0501980415321475,2.833213344056216,12,4,50,683.8842727291129,1950,100,11,10
-4.077550045788865,18.283068694846204,-2.2213256282451583,22,0.21,2.6447919445669723,0.0,21,6,50,710.1055546974765,-4.168765728943777,13.498854202220496,0.0,25,0.16,2.143180319704735,-3.49650756146648,22,18,50,415.9309283724487,-2.9828833604388127,15.48081354974399,-1.416606672028108,25,0.21,2.3401701341307897,-2.833213344056216,21,18,50,585.923414002799,-3.564873932556768,15.550514286373703,-2.833213344056216,27,0.17,2.314084172871617,0.0,17,2,50,586.0364513898213,5.388616135463228,20.03439411451395,0.0,31,0.12,1.912818774065216,-3.49650756146648,17,2,50,721.0132239895377,5.826893725983914,22.51017168878636,3.49650756146648,41,0.0,1.950630732880403,3.49650756146648,18,18,50,798.3159843105321,4.588183745686903,22.64249115107861,3.1648604527613484,44,0.1,2.1606907759292766,-2.833213344056216,11,2,50,1035.9975313973378,5.682992109082278,20.119760293105767,3.49650756146648,42,0.05,2.0686560378365124,-3.49650756146648,11,4,50,668.5842868793067,2000,100,11,10
-3.5113089190281785,17.852445615816706,-1.6094379124341005,20,0.23,2.6289246068541576,0.0,23,6,50,646.4884268984749,-4.115056273726044,12.99688710028814,0.0,23,0.16,2.111042547510629,-3.49650756146648,24,18,50,406.0145185909865,-2.96425495443329,15.025070353259505,-2.833213344056216,23,0.22,2.3004706858313075,-2.833213344056216,23,18,50,571.1723108888459,-2.976933607464756,15.030935848285766,-2.833213344056216,25,0.18,2.303441165978842,0.0,18,2,50,520.2494037576871,5.974483034238556,19.86730208689524,0.0,31,0.12,1.8931620959649769,-3.49650756146648,16,2,6,681.5420402015717,7.638799785116654,22.401532824037,3.49650756146648,41,0.0,1.9129350397776232,3.49650756146648,17,18,6,808.2774951753812,5.8122953332251175,22.35685137186635,3.49650756146648,43,0.11,2.1380902351067186,-2.833213344056216,11,2,50,975.2136177901656,5.694891530165062,19.62600147729736,3.49650756146648,41,0.05,2.0586700036551697,-3.49650756146648,12,4,50,614.1158741640079,2050,100,11,10
-4.107174441713404,17.158129991662506,-1.6094379124341005,21,0.24,2.627105067638614,0.0,24,6,50,649.855708211455,-4.09450103373642,12.99513209780651,0.0,24,0.17,2.1194265545934337,-3.49650756146648,23,18,50,409.6254212801366,-2.706003901091701,15.387870457656849,-2.833213344056216,24,0.23,2.310960140410412,-2.833213344056216,24,18,50,609.65682758706,-2.044219000019956,15.32260035426805,0.0,26,0.16,2.3374704850942924,-3.49650756146648,17,2,50,503.8044911003906,7.19181597834002,19.958045602094657,0.0,31,0.11,1.8642902997055488,-3.49650756146648,16,2,50,666.5717358827792,8.491574594071755,22.3107363917848,3.49650756146648,42,0.0,1.8882444141543304,3.49650756146648,15,18,6,730.3138024052761,5.120859418388898,22.21637333149565,3.49650756146648,43,0.12,2.0477475750508214,0.0,12,2,50,926.2331827068016,4.702479384425713,19.28079836073226,3.49650756146648,39,0.06,2.045750242169806,-3.49650756146648,12,4,22,612.6441695793129,2100,100,11,10
-4.685653322789634,17.584858208255973,-2.833213344056216,22,0.22,2.645104992549128,0.0,22,6,50,714.6966114420111,-4.04880408522909,13.521025151736444,0.0,26,0.18,2.1526018435405123,-3.49650756146648,20,18,50,422.2606325001378,-2.6601909789868228,15.837783159590805,0.0,26,0.24,2.3626001508696586,0.0,24,18,50,623.6302245780855,-2.5450498183102144,15.878494839549376,0.0,28,0.16,2.362600150947545,-3.49650756146648,16,2,50,566.5470147404617,7.251581794503568,20.426952228880097,0.0,33,0.1,1.8797590525805887,-3.49650756146648,17,2,50,722.222399413067,7.024882927223152,22.601386549411828,3.49650756146648,43,0.0,1.9255307293635824,3.49650756146648,16,18,6,813.1836584276448,3.238877346051121,22.12886621199928,2.833213344056216,41,0.12,2.0796615501912945,-2.833213344056216,12,2,50,989.8503112122116,4.49143793118627,19.582502724436544,3.49650756146648,40,0.06,2.0388536364545806,2.833213344056216,12,4,50,684.1668422912535,2150,100,11,10
-4.089787800103808,18.28182209466576,-2.833213344056216,22,0.21,2.6447919445669723,0.0,21,6,50,705.6629034408584,-4.041027176234833,13.534240729532575,0.0,25,0.16,2.13652637462188,-3.49650756146648,21,18,28,418.3497502065171,-2.6320048371480835,15.855703007728218,0.0,25,0.21,2.365818848219421,-2.833213344056216,21,18,50,619.4558509773532,-3.445206100078696,15.577862398208236,-1.416606672028108,27,0.17,2.325788947786846,0.0,17,2,50,585.8251397055731,6.034248850401142,20.3418778659058,0.0,32,0.11,1.9085913805651609,-3.49650756146648,17,2,50,719.4037860769757,5.82900681691874,22.509348708712697,3.49650756146648,41,0.0,1.950630732880403,3.49650756146648,18,18,6,741.0206563552019,4.036481784746421,22.314292531200376,3.1648604527613484,43,0.1,2.1711120978813985,3.8918202981106265,12,2,50,1035.9975345057082,5.431520119142423,19.94115835261772,3.49650756146648,41,0.06,2.0651940181062587,2.833213344056216,12,4,50,700.7245009959543,2200,100,11,10
-3.832711029108858,18.06375870457452,-2.2213256282451583,21,0.22,2.6287314690959094,0.0,22,6,50,671.63562278361,-3.923926672700493,13.211246040704903,0.0,24,0.15,2.126007612869996,-3.49650756146648,24,18,50,384.4540076251873,-3.2790240964353417,15.28710278275128,-2.833213344056216,24,0.21,2.304290300135315,-2.833213344056216,23,18,50,602.649225089051,-3.3549999585220336,15.280218914980328,-2.833213344056216,26,0.17,2.2963673954311035,-3.49650756146648,18,2,50,551.0630237404819,4.995210454898637,19.89136257258887,0.0,30,0.12,1.9059252053401856,-3.49650756146648,17,2,50,691.73353177594,6.729457357005867,22.47462194227625,3.49650756146648,40,0.0,1.9332808458183008,3.49650756146648,18,18,6,799.5023953851149,5.4975261342299495,22.656053294395107,3.49650756146648,44,0.1,2.142812121764598,-2.833213344056216,11,2,50,1001.0241110012088,5.9694291039837495,19.79200214134179,3.49650756146648,41,0.05,2.0621320233854235,-3.49650756146648,12,4,50,641.2671758236354,2250,100,11,10
-4.427284579649072,17.366938297674906,-2.2213256282451583,21,0.23,2.629237654836313,0.0,23,6,50,680.7985570331612,-4.500899663404054,13.238201764893017,0.0,24,0.17,2.1301543846534243,-3.49650756146648,24,8,50,437.6058424358547,-3.3489542405995207,15.263928229475324,-2.833213344056216,24,0.23,2.619727109068126,-2.833213344056216,23,18,50,602.649224382536,-2.458796933746473,15.581697089853996,-2.833213344056216,26,0.16,2.33602497563955,-3.49650756146648,17,2,50,531.3895990013741,6.21254325383008,20.041567042635144,0.0,31,0.11,1.8810329377807795,-3.49650756146648,17,2,50,694.5521596289486,7.851450043543503,22.545547907662144,3.49650756146648,41,0.0,1.9024549991691009,3.49650756146648,15,18,6,790.2590907220925,5.154424824403256,22.51584365872824,3.1648604527613484,44,0.12,2.0729719058709937,0.0,12,2,50,978.0468350903516,4.785549062490944,19.61949382760485,3.49650756146648,41,0.05,2.0682257878488004,-3.49650756146648,12,4,50,649.0893024724878,2300,100,11,10
-4.370884154880576,17.38303753846936,-2.2213256282451583,21,0.23,2.645104992549128,0.0,23,6,50,683.2196946511051,-4.338195913932102,13.284343208511428,0.0,25,0.18,2.133834917336336,-3.49650756146648,22,18,50,440.9879244226378,-2.4020860468734666,15.569025479880167,0.0,25,0.23,2.348591380994175,-2.833213344056216,23,18,50,592.1533046786374,-2.265245694930397,15.610471898630513,0.0,27,0.16,2.3532696901802903,-3.49650756146648,17,2,50,538.5666024024802,7.544651771142561,20.07621400898524,0.0,32,0.1,1.8634536617538893,-3.49650756146648,16,2,50,694.241990183627,7.934225355329496,22.51678106131033,3.49650756146648,43,0.0,1.9037982531559243,3.49650756146648,15,18,6,777.1816965103503,4.21151695730893,22.187110316375986,3.1648604527613484,41,0.12,2.05710456815764,0.0,12,2,50,961.2066103557764,4.136238224694258,19.40907127620424,3.49650756146648,39,0.06,2.3966617708004128,2.833213344056216,12,4,50,663.7259944816034,2350,100,11,10
-4.027782563192195,18.294677532055875,-2.2213256282451583,22,0.21,2.6606592822797865,0.0,21,6,50,711.8633980977824,-4.006061924363559,13.540117322099205,0.0,26,0.17,2.1428079708821746,-3.49650756146648,20,18,50,419.3130048484053,-2.590260788192509,15.857082121743804,0.0,26,0.22,2.3713296946826867,0.0,22,18,50,623.6302206215871,-2.5733819121857904,15.871399217205417,0.0,28,0.17,2.367703218214809,0.0,17,2,50,569.3802241280193,6.66378733138433,20.14443058423068,0.0,33,0.11,1.8931620959649769,-3.49650756146648,17,2,50,726.39678668279,6.4652747426345885,22.333841185263264,3.49650756146648,42,0.0,1.94002380536411,3.49650756146648,18,18,6,795.3515171727244,3.610310747868934,22.294633139892408,2.833213344056216,42,0.11,2.159906472396893,3.8918202981106265,12,2,50,1015.6608046115882,5.040314158350394,19.94324121696641,3.49650756146648,40,0.06,2.0501980415321475,2.833213344056216,12,4,50,683.8842786162825,2400,100,11,10
-4.077550045785959,18.283068694841845,-2.2213256282451583,22,0.21,2.6447919445669723,0.0,21,6,50,710.105554697186,-4.16876565829218,13.498854330472504,0.0,25,0.16,2.143180319704735,-3.49650756146648,22,18,50,415.930921307289,-2.982883289787216,15.480813656164148,-1.416606672028108,25,0.21,2.3401701341307897,-2.833213344056216,21,18,50,585.9234069376394,-3.5648738736799497,15.550514376862305,-2.833213344056216,27,0.17,2.314084172871617,0.0,17,2,50,586.0364455021395,5.388616135458955,20.03439411450516,0.0,31,0.12,1.912818774065216,-3.49650756146648,17,2,50,721.0132239892471,5.826893725979812,22.51017168877595,3.49650756146648,41,0.0,1.950630732880403,3.49650756146648,18,18,50,798.3159843102244,4.588183675034275,22.64249122883849,3.1648604527613484,44,0.1,2.1606907759292766,-2.833213344056216,11,2,50,1035.9975384618142,5.68299203842931,20.11976038446292,3.49650756146648,42,0.05,2.0686560378365124,-3.49650756146648,11,4,50,668.5842939439881,2450,100,11,10
-3.5113089190256144,17.852445615812687,-1.6094379124341005,20,0.23,2.6289246068541576,0.0,23,6,50,646.4884268982184,-4.115056214849577,12.996887211048996,0.0,23,0.16,2.111042547510629,-3.49650756146648,24,18,50,406.01451270334,-2.9642548955568246,15.025070444559656,-2.833213344056216,23,0.22,2.3004706858313075,-2.833213344056216,23,18,50,571.1723050011994,-2.9769335485882884,15.030935939599958,-2.833213344056216,25,0.18,2.303441165978842,0.0,18,2,50,520.2493978700403,5.97448303423394,19.8673020868866,0.0,31,0.12,1.8931620959649769,-3.49650756146648,16,2,6,681.5420402012701,7.638799785111527,22.40153282402674,3.49650756146648,41,0.0,1.9129350397776232,3.49650756146648,17,18,6,808.2774951749523,5.812295262571816,22.35685145448835,3.49650756146648,43,0.11,2.1380902351067186,-2.833213344056216,11,2,50,975.2136248546752,5.694891459512105,19.62600157099629,3.49650756146648,41,0.05,2.0586700036551697,-3.49650756146648,12,4,50,614.1158812287224,2500,100,11,10
-4.107174441710669,17.15812999165814,-1.6094379124341005,21,0.24,2.627105067638614,0.0,24,6,50,649.8557082111815,-4.094500974859791,12.995132208488824,0.0,24,0.17,2.1194265545934337,-3.49650756146648,23,18,50,409.62541539247377,-2.7060038422150727,15.387870545815971,-2.833213344056216,24,0.23,2.310960140410412,-2.833213344056216,24,18,50,609.6568216993974,-2.044218929368544,15.322600457459233,0.0,26,0.16,2.3374704850942924,-3.49650756146648,17,2,50,503.8044840352494,7.191815978334892,19.95804560208572,0.0,31,0.11,1.8642902997055488,-3.49650756146648,16,2,50,666.5717358825057,8.491574594066286,22.310736391774338,3.49650756146648,42,0.0,1.8882444141543304,3.49650756146648,15,18,6,730.3138024048787,5.120859359511067,22.21637339894843,3.49650756146648,43,0.12,2.0477475750508214,0.0,12,2,50,926.2331885938326,4.702479325548398,19.28079843718088,3.49650756146648,39,0.06,2.045750242169806,-3.49650756146648,12,4,22,612.644172929458,2550,100,11,10
-4.685653322786558,17.584858208251287,-2.833213344056216,22,0.22,2.645104992549128,0.0,22,6,50,714.6966114417032,-4.048804014577349,13.52102527915092,0.0,26,0.18,2.1526018435405123,-3.49650756146648,20,18,50,422.2606254349637,-2.660190908335083,15.837783262172485,0.0,26,0.24,2.3626001508696586,0.0,24,18,50,623.6302175129115,-2.545049747658471,15.878494941355726,0.0,28,0.16,2.362600150947545,-3.49650756146648,16,2,50,566.5470076752874,7.251581794498438,20.426952228870853,0.0,33,0.1,1.8797590525805887,-3.49650756146648,17,2,50,722.2223994127592,7.0248829272185365,22.60138654940112,3.49650756146648,43,0.0,1.9255307293635824,3.49650756146648,16,18,6,813.1836584272071,3.238877287174326,22.12886627471178,2.833213344056216,41,0.12,2.0796615501912945,-2.833213344056216,12,2,50,989.8503170992078,4.491437872309135,19.58250279907248,3.49650756146648,40,0.06,2.0388536364545806,2.833213344056216,12,4,50,684.16684817842,2600,100,11,10
-4.089787800100901,18.281822094661404,-2.833213344056216,22,0.21,2.6447919445669723,0.0,21,6,50,705.6629034405678,-4.0410271055832725,13.534240856782374,0.0,25,0.16,2.13652637462188,-3.49650756146648,21,18,28,418.3497543489684,-2.6320047664965243,15.855703110068667,0.0,25,0.21,2.365818848219421,-2.833213344056216,21,18,50,619.4558439121973,-3.4452060412019074,15.577862488085646,-1.416606672028108,27,0.17,2.325788947786846,0.0,17,2,50,585.8251338178944,6.034248850396528,20.341877865896844,0.0,32,0.11,1.9085913805651609,-3.49650756146648,17,2,50,719.403786076685,5.829006816914637,22.509348708702284,3.49650756146648,41,0.0,1.950630732880403,3.49650756146648,18,18,6,741.020656354797,4.036481714094172,22.314292608357505,3.1648604527613484,43,0.1,2.1711120978813985,3.8918202981106265,12,2,50,1035.997541570181,5.431520048489663,19.9411584439023,3.49650756146648,41,0.06,2.0651940181062587,2.833213344056216,12,4,50,700.7245080606149,2650,100,11,10
-3.832711029106123,18.063758704570333,-2.2213256282451583,21,0.22,2.6287314690959094,0.0,22,6,50,671.6356227833363,-3.923926602049114,13.211246170439866,0.0,24,0.15,2.126007612869996,-3.49650756146648,24,18,50,384.4540005600493,-3.2790240375587354,15.287102873698414,-2.833213344056216,24,0.21,2.304290300135315,-2.833213344056216,23,18,50,602.6492192013905,-3.354999899645425,15.280219006261186,-2.833213344056216,26,0.17,2.2963673954311035,-3.49650756146648,18,2,50,551.063017852821,4.995210454894536,19.89136257258016,0.0,30,0.12,1.9059252053401856,-3.49650756146648,17,2,50,691.7335317756665,6.729457357001249,22.474621942265905,3.49650756146648,40,0.0,1.9332808458183008,3.49650756146648,18,18,6,799.5023953846837,5.497526063576854,22.656053374944047,3.49650756146648,44,0.1,2.142812121764598,-2.833213344056216,11,2,50,1001.0241180656978,5.969429033330658,19.792002235234616,3.49650756146648,41,0.05,2.0621320233854235,-3.49650756146648,12,4,50,641.2671828883291,2700,100,11,10
-4.4272845796463365,17.366938297670647,-2.2213256282451583,21,0.23,2.629237654836313,0.0,23,6,50,680.7985570328876,-4.500899604527456,13.238201875350455,0.0,24,0.17,2.1301543846534243,-3.49650756146648,24,8,50,437.6058365481949,-3.348954181722924,15.263928320830264,-2.833213344056216,24,0.23,2.619727109068126,-2.833213344056216,23,18,50,602.6492184948763,-2.458796863095098,15.58169719320904,-2.833213344056216,26,0.16,2.33602497563955,-3.49650756146648,17,2,50,531.3895919362367,6.212543253825295,20.041567042626426,0.0,31,0.11,1.8810329377807795,-3.49650756146648,17,2,50,694.5521596286753,7.851450043538204,22.545547907651816,3.49650756146648,41,0.0,1.9024549991691009,3.49650756146648,15,18,6,790.2590907216775,5.1544247537503445,22.515843738702326,3.1648604527613484,44,0.12,2.0729719058709937,0.0,12,2,50,978.0468421548568,4.785548991838548,19.619493918060265,3.49650756146648,41,0.05,2.0682257878488004,-3.49650756146648,12,4,50,649.0893095371805,2750,100,11,10
-4.37088415487767,17.38303753846483,-2.2213256282451583,21,0.23,2.645104992549128,0.0,23,6,50,683.2196946508145,-4.338195855055342,13.284343317863735,0.0,25,0.18,2.133834917336336,-3.49650756146648,22,18,50,440.98791853496175,-2.4020859762219344,15.569025583061643,0.0,25,0.23,2.348591380994175,-2.833213344056216,23,18,50,592.1532976134843,-2.2652456242788603,15.610472000918715,0.0,27,0.16,2.3532696901802903,-3.49650756146648,17,2,50,538.5665953373264,7.544651771137264,20.07621400897624,0.0,32,0.1,1.8634536617538893,-3.49650756146648,16,2,50,694.2419901833364,7.934225355324369,22.51678106129971,3.49650756146648,43,0.0,1.9037982531559243,3.49650756146648,15,18,6,777.1816965099263,4.211516898431652,22.18711038150472,3.1648604527613484,41,0.12,2.05710456815764,0.0,12,2,50,961.2066162427864,4.136238165817326,19.4090713504298,3.49650756146648,39,0.06,2.3966617708004128,2.833213344056216,12,4,50,663.726000368784,2800,100,11,10
-4.027782563189118,18.29467753205126,-2.2213256282451583,22,0.21,2.6606592822797865,0.0,21,6,50,711.8633980974748,-4.0060618537118655,13.540117449110914,0.0,26,0.17,2.1428079708821746,-3.49650756146648,20,18,50,419.3129977832359,-2.5902607175408154,15.857082223888996,0.0,26,0.22,2.3713296946826867,0.0,22,18,50,623.6302135564176,-2.573381841534093,15.871399319183338,0.0,28,0.17,2.367703218214809,0.0,17,2,50,569.3802170628496,6.663787331379544,20.14443058422157,0.0,33,0.11,1.8931620959649769,-3.49650756146648,17,2,50,726.3967866824823,6.4652747426303145,22.33384118525269,3.49650756146648,42,0.0,1.94002380536411,3.49650756146648,18,18,6,795.3515171723013,3.610310688992007,22.294633203119265,2.833213344056216,42,0.11,2.159906472396893,3.8918202981106265,12,2,50,1015.660810498563,5.0403140994729565,19.943241291872223,3.49650756146648,40,0.06,2.0501980415321475,2.833213344056216,12,4,50,683.8842845034452,2850,100,11,10
-4.077550045783053,18.283068694837493,-2.2213256282451583,22,0.21,2.6447919445669723,0.0,21,6,50,710.1055546968953,-4.168765587640666,13.498854458724365,0.0,25,0.16,2.143180319704735,-3.49650756146648,22,18,50,415.9309142421377,-2.9828832191357035,15.480813762584187,-1.416606672028108,25,0.21,2.3401701341307897,-2.833213344056216,21,18,50,585.9233998724881,-3.5648738148032013,15.5505144673508,-2.833213344056216,27,0.17,2.314084172871617,0.0,17,2,50,586.0364396144646,5.388616135454681,20.034394114496376,0.0,31,0.12,1.912818774065216,-3.49650756146648,17,2,50,721.0132239889565,5.826893725975709,22.51017168876554,3.49650756146648,41,0.0,1.950630732880403,3.49650756146648,18,18,50,798.3159843099168,4.5881836043817295,22.64249130659828,3.1648604527613484,44,0.1,2.1606907759292766,-2.833213344056216,11,2,50,1035.9975455262825,5.682991967776427,20.119760475819977,3.49650756146648,42,0.05,2.0686560378365124,-3.49650756146648,11,4,50,668.584301008661,2900,100,11,10
-3.51130891902305,17.85244561580867,-1.6094379124341005,20,0.23,2.6289246068541576,0.0,23,6,50,646.4884268979622,-4.115056155973181,12.996887321809728,0.0,23,0.16,2.111042547510629,-3.49650756146648,24,18,50,406.0145068157002,-2.964254836680429,15.025070535859705,-2.833213344056216,23,0.22,2.3004706858313075,-2.833213344056216,23,18,50,571.1722991135598,-2.97693348971189,15.030936030914043,-2.833213344056216,25,0.18,2.303441165978842,0.0,18,2,50,520.2493919824004,5.974483034229325,19.867302086877967,0.0,31,0.12,1.8931620959649769,-3.49650756146648,16,2,6,681.5420402009685,7.638799785106398,22.40153282401648,3.49650756146648,41,0.0,1.9129350397776232,3.49650756146648,17,18,6,808.2774951745231,5.812295191918597,22.356851537110256,3.49650756146648,43,0.11,2.1380902351067186,-2.833213344056216,11,2,50,975.2136319191766,5.694891388859231,19.62600166469511,3.49650756146648,41,0.05,2.0586700036551697,-3.49650756146648,12,4,50,614.1158882934285,2950,100,11,10
-4.107174441707933,17.158129991653777,-1.6094379124341005,21,0.24,2.627105067638614,0.0,24,6,50,649.8557082109079,-4.094500915983232,12.99513231917101,0.0,24,0.17,2.1194265545934337,-3.49650756146648,23,18,50,409.62540950481787,-2.7060037833385144,15.387870633975002,-2.833213344056216,24,0.23,2.310960140410412,-2.833213344056216,24,18,50,609.6568158117415,-2.044218858717216,15.322600560650296,0.0,26,0.16,2.3374704850942924,-3.49650756146648,17,2,50,503.8044769701166,7.191815978329763,19.958045602076787,0.0,31,0.11,1.8642902997055488,-3.49650756146648,16,2,50,666.5717358822321,8.491574594060815,22.31073639176388,3.49650756146648,42,0.0,1.8882444141543304,3.49650756146648,15,18,6,730.313802404481,5.120859300633308,22.216373466401137,3.49650756146648,43,0.12,2.0477475750508214,0.0,12,2,50,926.2331944808566,4.702479266671153,19.2807985136294,3.49650756146648,39,0.06,2.045750242169806,-3.49650756146648,12,4,22,612.644176279599,3000,100,11,10
-4.68565332278348,17.5848582082466,-2.833213344056216,22,0.22,2.645104992549128,0.0,22,6,50,714.6966114413956,-4.048803943925692,13.521025406565254,0.0,26,0.18,2.1526018435405123,-3.49650756146648,20,18,50,422.260618369798,-2.6601908376834262,15.837783364754044,0.0,26,0.24,2.3626001508696586,0.0,24,18,50,623.6302104477459,-2.5450496770068103,15.878495043161958,0.0,28,0.16,2.362600150947545,-3.49650756146648,16,2,50,566.5470006101215,7.251581794493311,20.42695222886161,0.0,33,0.1,1.8797590525805887,-3.49650756146648,17,2,50,722.2223994124515,7.02488292721392,22.601386549390416,3.49650756146648,43,0.0,1.9255307293635824,3.49650756146648,16,18,6,813.1836584267694,3.238877228297598,22.128866337424203,2.833213344056216,41,0.12,2.0796615501912945,-2.833213344056216,12,2,50,989.8503229861966,4.491437813432069,19.582502873708336,3.49650756146648,40,0.06,2.0388536364545806,2.833213344056216,12,4,50,684.1668540655794,3050,100,11,10
-4.089787800097995,18.28182209465705,-2.833213344056216,22,0.21,2.6447919445669723,0.0,21,6,50,705.6629034402772,-4.041027034931796,13.534240984032024,0.0,25,0.16,2.13652637462188,-3.49650756146648,21,18,28,418.3497584914147,-2.632004695845049,15.855703212408995,0.0,25,0.21,2.365818848219421,-2.833213344056216,21,18,50,619.4558368470498,-3.445205982325189,15.57786257796295,-1.416606672028108,27,0.17,2.325788947786846,0.0,17,2,50,585.8251279302226,6.034248850391913,20.3418778658879,0.0,32,0.11,1.9085913805651609,-3.49650756146648,17,2,50,719.4037860763945,5.829006816910533,22.50934870869188,3.49650756146648,41,0.0,1.950630732880403,3.49650756146648,18,18,6,741.020656354392,4.036481643442005,22.31429268551454,3.1648604527613484,43,0.1,2.1711120978813985,3.8918202981106265,12,2,50,1035.9975486346457,5.431519977836987,19.941158535186783,3.49650756146648,41,0.06,2.0651940181062587,2.833213344056216,12,4,50,700.7245151252671,3100,100,11,10
-3.832711029103388,18.063758704566144,-2.2213256282451583,21,0.22,2.6287314690959094,0.0,22,6,50,671.6356227830629,-3.9239265313978176,13.21124630017468,0.0,24,0.15,2.126007612869996,-3.49650756146648,24,18,50,384.45399349491976,-3.279023978682199,15.28710296464545,-2.833213344056216,24,0.21,2.304290300135315,-2.833213344056216,23,18,50,602.6492133137368,-3.354999840768886,15.28021909754194,-2.833213344056216,26,0.17,2.2963673954311035,-3.49650756146648,18,2,50,551.0630119651671,4.995210454890432,19.89136257257145,0.0,30,0.12,1.9059252053401856,-3.49650756146648,17,2,50,691.733531775393,6.729457356996636,22.47462194225556,3.49650756146648,40,0.0,1.9332808458183008,3.49650756146648,18,18,6,799.5023953842523,5.497525992923846,22.65605345549289,3.49650756146648,44,0.1,2.142812121764598,-2.833213344056216,11,2,50,1001.0241251301784,5.969428962677653,19.792002329127325,3.49650756146648,41,0.05,2.0621320233854235,-3.49650756146648,12,4,50,641.2671899530145,3150,100,11,10
-4.427284579643602,17.366938297666387,-2.2213256282451583,21,0.23,2.629237654836313,0.0,23,6,50,680.7985570326143,-4.500899545650928,13.238201985807772,0.0,24,0.17,2.1301543846534243,-3.49650756146648,24,8,50,437.605830660542,-3.348954122846396,15.263928412185106,-2.833213344056216,24,0.23,2.619727109068126,-2.833213344056216,23,18,50,602.6492126072235,-2.4587967924438066,15.581697296563968,-2.833213344056216,26,0.16,2.33602497563955,-3.49650756146648,17,2,50,531.3895848711074,6.212543253820509,20.041567042617707,0.0,31,0.11,1.8810329377807795,-3.49650756146648,17,2,50,694.5521596284018,7.851450043532904,22.54554790764149,3.49650756146648,41,0.0,1.9024549991691009,3.49650756146648,15,18,6,790.2590907212622,5.154424683097513,22.515843818676327,3.1648604527613484,44,0.12,2.0729719058709937,0.0,12,2,50,978.0468492193534,4.785548921186233,19.619494008515574,3.49650756146648,41,0.05,2.0682257878488004,-3.49650756146648,12,4,50,649.089316601865,3200,100,11,10
-4.370884154874764,17.383037538460297,-2.2213256282451583,21,0.23,2.645104992549128,0.0,23,6,50,683.2196946505239,-4.33819579617865,13.284343427215925,0.0,25,0.18,2.133834917336336,-3.49650756146648,22,18,50,440.9879126472927,-2.402085905570485,15.569025686243004,0.0,25,0.23,2.348591380994175,-2.833213344056216,23,18,50,592.1532905483393,-2.265245553627408,15.6104721032068,0.0,27,0.16,2.3532696901802903,-3.49650756146648,17,2,50,538.5665882721812,7.544651771131965,20.076214008967245,0.0,32,0.1,1.8634536617538893,-3.49650756146648,16,2,50,694.2419901830457,7.934225355319243,22.516781061289088,3.49650756146648,43,0.0,1.9037982531559243,3.49650756146648,15,18,6,777.1816965095023,4.211516839554443,22.18711044663338,3.1648604527613484,41,0.12,2.05710456815764,0.0,12,2,50,961.2066221297894,4.136238106940461,19.40907142465528,3.49650756146648,39,0.06,2.3966617708004128,2.833213344056216,12,4,50,663.7260062559576,3250,100,11,10
-4.02778256318604,18.29467753204664,-2.2213256282451583,22,0.21,2.6606592822797865,0.0,21,6,50,711.8633980971671,-4.006061783060254,13.540117576122482,0.0,26,0.17,2.1428079708821746,-3.49650756146648,20,18,50,419.31299071807473,-2.5902606468892047,15.857082326034073,0.0,26,0.22,2.3713296946826867,0.0,22,18,50,623.6302064912566,-2.57338177088248,15.87139942116114,0.0,28,0.17,2.367703218214809,0.0,17,2,50,569.3802099976883,6.66378733137476,20.144430584212472,0.0,33,0.11,1.8931620959649769,-3.49650756146648,17,2,50,726.3967866821746,6.4652747426260415,22.33384118524213,3.49650756146648,42,0.0,1.94002380536411,3.49650756146648,18,18,6,795.351517171878,3.610310630115148,22.29463326634605,2.833213344056216,42,0.11,2.159906472396893,3.8918202981106265,12,2,50,1015.660816385531,5.040314040595586,19.94324136677795,3.49650756146648,40,0.06,2.0501980415321475,2.833213344056216,12,4,50,683.8842903906008,3300,100,11,10
-4.077550045780147,18.283068694833137,-2.2213256282451583,22,0.21,2.6447919445669723,0.0,21,6,50,710.1055546966047,-4.168765516989237,13.49885458697608,0.0,25,0.16,2.143180319704735,-3.49650756146648,22,18,50,415.93090717699465,-2.9828831484842744,15.480813869004107,-1.416606672028108,25,0.21,2.3401701341307897,-2.833213344056216,21,18,50,585.9233928073452,-3.564873755926522,15.550514557839197,-2.833213344056216,27,0.17,2.314084172871617,0.0,17,2,50,586.0364337267965,5.388616135450409,20.0343941144876,0.0,31,0.12,1.912818774065216,-3.49650756146648,17,2,50,721.0132239886659,5.826893725971607,22.51017168875513,3.49650756146648,41,0.0,1.950630732880403,3.49650756146648,18,18,50,798.315984309609,4.588183533729269,22.64249138435798,3.1648604527613484,44,0.1,2.1606907759292766,-2.833213344056216,11,2,50,1035.9975525907423,5.6829918971236255,20.11976056717692,3.49650756146648,42,0.05,2.0686560378365124,-3.49650756146648,11,4,50,668.5843080733257,3350,100,11,10
-3.511308919020487,17.852445615804655,-1.6094379124341005,20,0.23,2.6289246068541576,0.0,23,6,50,646.4884268977057,-4.115056097096853,12.99688743257033,0.0,23,0.16,2.111042547510629,-3.49650756146648,24,18,50,406.0145009280675,-2.9642547778041024,15.025070627159652,-2.833213344056216,23,0.22,2.3004706858313075,-2.833213344056216,23,18,50,571.1722932259272,-2.9769334308355604,15.030936122228027,-2.833213344056216,25,0.18,2.303441165978842,0.0,18,2,50,520.2493860947675,5.974483034224711,19.867302086869334,0.0,31,0.12,1.8931620959649769,-3.49650756146648,16,2,6,681.5420402006667,7.63879978510127,22.40153282400622,3.49650756146648,41,0.0,1.9129350397776232,3.49650756146648,17,18,6,808.277495174094,5.812295121265461,22.356851619732065,3.49650756146648,43,0.11,2.1380902351067186,-2.833213344056216,11,2,50,975.2136389836696,5.694891318206443,19.626001758393823,3.49650756146648,41,0.05,2.0586700036551697,-3.49650756146648,12,4,50,614.1158953581264,3400,100,11,10
-4.107174441705198,17.158129991649414,-1.6094379124341005,21,0.24,2.627105067638614,0.0,24,6,50,649.8557082106345,-4.094500857106743,12.995132429853063,0.0,24,0.17,2.1194265545934337,-3.49650756146648,23,18,50,409.6254036171689,-2.7060037244620254,15.387870722133924,-2.833213344056216,24,0.23,2.310960140410412,-2.833213344056216,24,18,50,609.6568099240924,-2.044218788065971,15.322600663841248,0.0,26,0.16,2.3374704850942924,-3.49650756146648,17,2,50,503.804469904992,7.191815978324636,19.95804560206785,0.0,31,0.11,1.8642902997055488,-3.49650756146648,16,2,50,666.5717358819587,8.491574594055344,22.310736391753423,3.49650756146648,42,0.0,1.8882444141543304,3.49650756146648,15,18,6,730.3138024040833,5.120859241755617,22.21637353385377,3.49650756146648,43,0.12,2.0477475750508214,0.0,12,2,50,926.2332003678736,4.702479207793977,19.280798590077847,3.49650756146648,39,0.06,2.045750242169806,-3.49650756146648,12,4,22,612.6441796297364,3450,100,11,10
-4.685653322780404,17.58485820824191,-2.833213344056216,22,0.22,2.645104992549128,0.0,22,6,50,714.696611441088,-4.0488038732741165,13.52102553397944,0.0,26,0.18,2.1526018435405123,-3.49650756146648,20,18,50,422.2606113046404,-2.6601907670318523,15.837783467335491,0.0,26,0.24,2.3626001508696586,0.0,24,18,50,623.6302033825884,-2.5450496063552337,15.878495144968074,0.0,28,0.16,2.362600150947545,-3.49650756146648,16,2,50,566.5469935449637,7.25158179448818,20.426952228852365,0.0,33,0.1,1.8797590525805887,-3.49650756146648,17,2,50,722.2223994121439,7.024882927209306,22.601386549379704,3.49650756146648,43,0.0,1.9255307293635824,3.49650756146648,16,18,6,813.1836584263316,3.2388771694209413,22.128866400136555,2.833213344056216,41,0.12,2.0796615501912945,-2.833213344056216,12,2,50,989.8503288731786,4.491437754555072,19.5825029483441,3.49650756146648,40,0.06,2.0388536364545806,2.833213344056216,12,4,50,684.1668599527322,3500,100,11,10
-4.08978780009509,18.2818220946527,-2.833213344056216,22,0.21,2.6447919445669723,0.0,21,6,50,705.6629034399866,-4.041026964280403,13.534241111281526,0.0,25,0.16,2.13652637462188,-3.49650756146648,21,18,28,418.3497626338564,-2.632004625193656,15.855703314749212,0.0,25,0.21,2.365818848219421,-2.833213344056216,21,18,50,619.4558297819104,-3.4452059234485404,15.577862667840156,-1.416606672028108,27,0.17,2.325788947786846,0.0,17,2,50,585.8251220425577,6.034248850387296,20.34187786587896,0.0,32,0.11,1.9085913805651609,-3.49650756146648,17,2,50,719.4037860761039,5.829006816906431,22.50934870868146,3.49650756146648,41,0.0,1.950630732880403,3.49650756146648,18,18,6,741.0206563539871,4.036481572789923,22.31429276267149,3.1648604527613484,43,0.1,2.1711120978813985,3.8918202981106265,12,2,50,1035.997555699102,5.431519907184395,19.941158626471164,3.49650756146648,41,0.06,2.0651940181062587,2.833213344056216,12,4,50,700.7245221899109,3550,100,11,10
-3.832711029100653,18.06375870456196,-2.2213256282451583,21,0.22,2.6287314690959094,0.0,22,6,50,671.6356227827894,-3.9239264607466056,13.21124642990935,0.0,24,0.15,2.126007612869996,-3.49650756146648,24,18,50,384.4539864297984,-3.2790239198057325,15.28710305559238,-2.833213344056216,24,0.21,2.304290300135315,-2.833213344056216,23,18,50,602.6492074260901,-3.3549997818924164,15.280219188822588,-2.833213344056216,26,0.17,2.2963673954311035,-3.49650756146648,18,2,50,551.0630060775201,4.99521045488633,19.89136257256275,0.0,30,0.12,1.9059252053401856,-3.49650756146648,17,2,50,691.7335317751194,6.729457356992019,22.474621942245207,3.49650756146648,40,0.0,1.9332808458183008,3.49650756146648,18,18,6,799.5023953838207,5.497525922270915,22.65605353604165,3.49650756146648,44,0.1,2.142812121764598,-2.833213344056216,11,2,50,1001.0241321946507,5.969428892024726,19.79200242301994,3.49650756146648,41,0.05,2.0621320233854235,-3.49650756146648,12,4,50,641.2671970176916,3600,100,11,10
-4.427284579640867,17.36693829766213,-2.2213256282451583,21,0.23,2.629237654836313,0.0,23,6,50,680.7985570323408,-4.500899486774468,13.238202096264963,0.0,24,0.17,2.1301543846534243,-3.49650756146648,24,8,50,437.6058247728961,-3.348954063969937,15.263928503539836,-2.833213344056216,24,0.23,2.619727109068126,-2.833213344056216,23,18,50,602.6492067195776,-2.4587967217925977,15.581697399918776,-2.833213344056216,26,0.16,2.33602497563955,-3.49650756146648,17,2,50,531.3895778059866,6.212543253815722,20.04156704260899,0.0,31,0.11,1.8810329377807795,-3.49650756146648,17,2,50,694.5521596281283,7.851450043527605,22.545547907631168,3.49650756146648,41,0.0,1.9024549991691009,3.49650756146648,15,18,6,790.2590907208469,5.154424612444766,22.515843898650235,3.1648604527613484,44,0.12,2.0729719058709937,0.0,12,2,50,978.046856283842,4.785548850534003,19.619494098970783,3.49650756146648,41,0.05,2.0682257878488004,-3.49650756146648,12,4,50,649.0893236665411,3650,100,11,10
-4.370884154871859,17.383037538455767,-2.2213256282451583,21,0.23,2.645104992549128,0.0,23,6,50,683.2196946502334,-4.338195737302028,13.284343536567985,0.0,25,0.18,2.133834917336336,-3.49650756146648,22,18,50,440.9879067596304,-2.4020858349191188,15.56902578942424,0.0,25,0.23,2.348591380994175,-2.833213344056216,23,18,50,592.1532834832026,-2.265245482976039,15.610472205494773,0.0,27,0.16,2.3532696901802903,-3.49650756146648,17,2,50,538.5665812070444,7.544651771126666,20.07621400895825,0.0,32,0.1,1.8634536617538893,-3.49650756146648,16,2,50,694.2419901827551,7.934225355314112,22.516781061278472,3.49650756146648,43,0.0,1.9037982531559243,3.49650756146648,15,18,6,777.1816965090784,4.211516780677304,22.18711051176196,3.1648604527613484,41,0.12,2.05710456815764,0.0,12,2,50,961.2066280167855,4.1362380480636665,19.409071498880675,3.49650756146648,39,0.06,2.3966617708004128,2.833213344056216,12,4,50,663.7260121431243,3700,100,11,10
-4.0277825631829645,18.294677532042027,-2.2213256282451583,22,0.21,2.6606592822797865,0.0,21,6,50,711.8633980968593,-4.006061712408727,13.540117703133902,0.0,26,0.17,2.1428079708821746,-3.49650756146648,20,18,50,419.312983652922,-2.590260576237678,15.857082428179032,0.0,26,0.22,2.3713296946826867,0.0,22,18,50,623.6301994261039,-2.5733817002309496,15.871399523138829,0.0,28,0.17,2.367703218214809,0.0,17,2,50,569.3802029325352,6.663787331369972,20.14443058420337,0.0,33,0.11,1.8931620959649769,-3.49650756146648,17,2,50,726.396786681867,6.465274742621769,22.33384118523156,3.49650756146648,42,0.0,1.94002380536411,3.49650756146648,18,18,6,795.3515171714546,3.61031057123836,22.294633329572765,2.833213344056216,42,0.11,2.159906472396893,3.8918202981106265,12,2,50,1015.660822272492,5.040313981718287,19.94324144168359,3.49650756146648,40,0.06,2.0501980415321475,2.833213344056216,12,4,50,683.8842962777496,3750,100,11,10
-4.077550045777241,18.28306869482878,-2.2213256282451583,22,0.21,2.6447919445669723,0.0,21,6,50,710.1055546963141,-4.16876544633789,13.498854715227647,0.0,25,0.16,2.143180319704735,-3.49650756146648,22,18,50,415.93090011186,-2.982883077832928,15.480813975423905,-1.416606672028108,25,0.21,2.3401701341307897,-2.833213344056216,21,18,50,585.9233857422105,-3.564873697049911,15.550514648327486,-2.833213344056216,27,0.17,2.314084172871617,0.0,17,2,50,586.0364278391355,5.388616135446134,20.0343941144788,0.0,31,0.12,1.912818774065216,-3.49650756146648,17,2,50,721.0132239883752,5.826893725967505,22.51017168874472,3.49650756146648,41,0.0,1.950630732880403,3.49650756146648,18,18,50,798.3159843093013,4.5881834630768905,22.6424914621176,3.1648604527613484,44,0.1,2.1606907759292766,-2.833213344056216,11,2,50,1035.997559655194,5.68299182647091,20.119760658533767,3.49650756146648,42,0.05,2.0686560378365124,-3.49650756146648,11,4,50,668.5843151379819,3800,100,11,10
-3.511308919017923,17.852445615800637,-1.6094379124341005,20,0.23,2.6289246068541576,0.0,23,6,50,646.4884268974492,-4.115056038220596,12.996887543330809,0.0,23,0.16,2.111042547510629,-3.49650756146648,24,18,50,406.0144950404418,-2.964254718927845,15.025070718459496,-2.833213344056216,23,0.22,2.3004706858313075,-2.833213344056216,23,18,50,571.1722873383014,-2.9769333719593,15.03093621354191,-2.833213344056216,25,0.18,2.303441165978842,0.0,18,2,50,520.2493802071415,5.974483034220095,19.8673020868607,0.0,31,0.12,1.8931620959649769,-3.49650756146648,16,2,6,681.5420402003654,7.638799785096142,22.40153282399596,3.49650756146648,41,0.0,1.9129350397776232,3.49650756146648,17,18,6,808.277495173665,5.812295050612408,22.356851702353783,3.49650756146648,43,0.11,2.1380902351067186,-2.833213344056216,11,2,50,975.2136460481544,5.694891247553734,19.62600185209244,3.49650756146648,41,0.05,2.0586700036551697,-3.49650756146648,12,4,50,614.1159024228158,3850,100,11,10
-4.107174441702464,17.15812999164505,-1.6094379124341005,21,0.24,2.627105067638614,0.0,24,6,50,649.855708210361,-4.094500798230322,12.995132540535002,0.0,24,0.17,2.1194265545934337,-3.49650756146648,23,18,50,409.62539772952687,-2.706003665585605,15.387870810292757,-2.833213344056216,24,0.23,2.310960140410412,-2.833213344056216,24,18,50,609.6568040364505,-2.0442187174148088,15.322600767032084,0.0,26,0.16,2.3374704850942924,-3.49650756146648,17,2,50,503.804462839876,7.191815978319506,19.95804560205892,0.0,31,0.11,1.8642902997055488,-3.49650756146648,16,2,50,666.5717358816853,8.491574594049874,22.31073639174296,3.49650756146648,42,0.0,1.8882444141543304,3.49650756146648,15,18,6,730.3138024036859,5.120859182877995,22.216373601306312,3.49650756146648,43,0.12,2.0477475750508214,0.0,12,2,50,926.2332062548836,4.70247914891687,19.280798666526195,3.49650756146648,39,0.06,2.045750242169806,-3.49650756146648,12,4,22,612.6441829798696,3900,100,11,10
-4.685653322777326,17.584858208237225,-2.833213344056216,22,0.22,2.645104992549128,0.0,22,6,50,714.6966114407803,-4.048803802622626,13.521025661393482,0.0,26,0.18,2.1526018435405123,-3.49650756146648,20,18,50,422.2606042394913,-2.660190696380362,15.83778356991682,0.0,26,0.24,2.3626001508696586,0.0,24,18,50,623.6301963174394,-2.54504953570374,15.878495246774076,0.0,28,0.16,2.362600150947545,-3.49650756146648,16,2,50,566.5469864798143,7.251581794483053,20.426952228843128,0.0,33,0.1,1.8797590525805887,-3.49650756146648,17,2,50,722.2223994118362,7.024882927204691,22.601386549369,3.49650756146648,43,0.0,1.9255307293635824,3.49650756146648,16,18,6,813.1836584258938,3.2388771105443523,22.12886646284884,2.833213344056216,41,0.12,2.0796615501912945,-2.833213344056216,12,2,50,989.8503347601536,4.491437695678146,19.582503022979783,3.49650756146648,40,0.06,2.0388536364545806,2.833213344056216,12,4,50,684.1668658398779,3950,100,11,10
-4.089787800092184,18.281822094648344,-2.833213344056216,22,0.21,2.6447919445669723,0.0,21,6,50,705.662903439696,-4.041026893629091,13.534241238530884,0.0,25,0.16,2.13652637462188,-3.49650756146648,21,18,28,418.3497667762932,-2.632004554542346,15.855703417089307,0.0,25,0.21,2.365818848219421,-2.833213344056216,21,18,50,619.4558227167795,-3.4452058645719603,15.57786275771726,-1.416606672028108,27,0.17,2.325788947786846,0.0,17,2,50,585.8251161548997,6.034248850382682,20.341877865870007,0.0,32,0.11,1.9085913805651609,-3.49650756146648,17,2,50,719.4037860758133,5.829006816902329,22.509348708671048,3.49650756146648,41,0.0,1.950630732880403,3.49650756146648,18,18,6,741.0206563535824,4.036481502137922,22.31429283982836,3.1648604527613484,43,0.1,2.1711120978813985,3.8918202981106265,12,2,50,1035.99756276355,5.431519836531884,19.94115871775544,3.49650756146648,41,0.06,2.0651940181062587,2.833213344056216,12,4,50,700.7245292545465,4000,100,11,10
-3.832711029097918,18.06375870455777,-2.2213256282451583,21,0.22,2.6287314690959094,0.0,22,6,50,671.6356227825158,-3.923926390095476,13.211246559643865,0.0,24,0.15,2.126007612869996,-3.49650756146648,24,18,50,384.4539793646856,-3.2790238609293345,15.287103146539204,-2.833213344056216,24,0.21,2.304290300135315,-2.833213344056216,23,18,50,602.6492015384504,-3.354999723016016,15.280219280103136,-2.833213344056216,26,0.17,2.2963673954311035,-3.49650756146648,18,2,50,551.0630001898801,4.995210454882228,19.89136257255404,0.0,30,0.12,1.9059252053401856,-3.49650756146648,17,2,50,691.733531774846,6.729457356987405,22.47462194223485,3.49650756146648,40,0.0,1.9332808458183008,3.49650756146648,18,18,6,799.5023953833893,5.497525851618073,22.65605361659032,3.49650756146648,44,0.1,2.142812121764598,-2.833213344056216,11,2,50,1001.0241392591148,5.969428821371886,19.79200251691244,3.49650756146648,41,0.05,2.0621320233854235,-3.49650756146648,12,4,50,641.2672040823604,4050,100,11,10
-4.427284579638132,17.366938297657867,-2.2213256282451583,21,0.23,2.629237654836313,0.0,23,6,50,680.7985570320673,-4.500899427898078,13.238202206722027,0.0,24,0.17,2.1301543846534243,-3.49650756146648,24,8,50,437.60581888525707,-3.348954005093548,15.263928594894468,-2.833213344056216,24,0.23,2.619727109068126,-2.833213344056216,23,18,50,602.6492008319387,-2.4587966511414727,15.581697503273467,-2.833213344056216,26,0.16,2.33602497563955,-3.49650756146648,17,2,50,531.3895707408741,6.212543253810935,20.04156704260027,0.0,31,0.11,1.8810329377807795,-3.49650756146648,17,2,50,694.5521596278548,7.851450043522308,22.54554790762084,3.49650756146648,41,0.0,1.9024549991691009,3.49650756146648,15,18,6,790.2590907204315,5.154424541792102,22.51584397862405,3.1648604527613484,44,0.12,2.0729719058709937,0.0,12,2,50,978.0468633483216,4.785548779881854,19.61949418942589,3.49650756146648,41,0.05,2.0682257878488004,-3.49650756146648,12,4,50,649.0893307312087,4100,100,11,10
-4.3708841548689525,17.383037538451234,-2.2213256282451583,21,0.23,2.645104992549128,0.0,23,6,50,683.2196946499427,-4.338195678425476,13.284343645919924,0.0,25,0.18,2.133834917336336,-3.49650756146648,22,18,50,440.9879008719752,-2.402085764267836,15.569025892605367,0.0,25,0.23,2.348591380994175,-2.833213344056216,23,18,50,592.1532764180745,-2.2652454123247527,15.610472307782624,0.0,27,0.16,2.3532696901802903,-3.49650756146648,17,2,50,538.5665741419157,7.544651771121368,20.07621400894925,0.0,32,0.1,1.8634536617538893,-3.49650756146648,16,2,50,694.2419901824645,7.934225355308985,22.516781061267853,3.49650756146648,43,0.0,1.9037982531559243,3.49650756146648,15,18,6,777.1816965086546,4.211516721800233,22.187110576890472,3.1648604527613484,41,0.12,2.05710456815764,0.0,12,2,50,961.2066339037744,4.136237989186941,19.409071573105983,3.49650756146648,39,0.06,2.3966617708004128,2.833213344056216,12,4,50,663.7260180302841,4150,100,11,10
-4.027782563179887,18.294677532037408,-2.2213256282451583,22,0.21,2.6606592822797865,0.0,21,6,50,711.8633980965517,-4.006061641757282,13.54011783014518,0.0,26,0.17,2.1428079708821746,-3.49650756146648,20,18,50,419.3129765877775,-2.590260505586234,15.85708253032388,0.0,26,0.22,2.3713296946826867,0.0,22,18,50,623.6301923609597,-2.5733816295795022,15.871399625116398,0.0,28,0.17,2.367703218214809,0.0,17,2,50,569.3801958673905,6.663787331365186,20.14443058419427,0.0,33,0.11,1.8931620959649769,-3.49650756146648,17,2,50,726.3967866815592,6.465274742617494,22.33384118522099,3.49650756146648,42,0.0,1.94002380536411,3.49650756146648,18,18,6,795.3515171710314,3.610310512361638,22.294633392799405,2.833213344056216,42,0.11,2.159906472396893,3.8918202981106265,12,2,50,1015.660828159446,5.040313922841056,19.94324151658916,3.49650756146648,40,0.06,2.0501980415321475,2.833213344056216,12,4,50,683.8843021648914,4200,100,11,10
-4.077550045774336,18.283068694824426,-2.2213256282451583,22,0.21,2.6447919445669723,0.0,21,6,50,710.1055546960235,-4.168765375686627,13.498854843479071,0.0,25,0.16,2.143180319704735,-3.49650756146648,22,18,50,415.9308930467336,-2.9828830071816657,15.48081408184358,-1.416606672028108,25,0.21,2.3401701341307897,-2.833213344056216,21,18,50,585.9233786770842,-3.5648736381733714,15.550514738815677,-2.833213344056216,27,0.17,2.314084172871617,0.0,17,2,50,586.0364219514814,5.388616135441861,20.03439411447001,0.0,31,0.12,1.912818774065216,-3.49650756146648,17,2,50,721.0132239880847,5.8268937259634015,22.510171688734303,3.49650756146648,41,0.0,1.950630732880403,3.49650756146648,18,18,50,798.3159843089936,4.588183392424594,22.64249153987712,3.1648604527613484,44,0.1,2.1606907759292766,-2.833213344056216,11,2,50,1035.997566719637,5.682991755818276,20.119760749890503,3.49650756146648,42,0.05,2.0686560378365124,-3.49650756146648,11,4,50,668.5843222026299,4250,100,11,10
-3.511308919015359,17.852445615796622,-1.6094379124341005,20,0.23,2.6289246068541576,0.0,23,6,50,646.4884268971929,-4.115055979344406,12.996887654091164,0.0,23,0.16,2.111042547510629,-3.49650756146648,24,18,50,406.0144891528229,-2.964254660051657,15.025070809759232,-2.833213344056216,23,0.22,2.3004706858313075,-2.833213344056216,23,18,50,571.1722814506825,-2.97693331308311,15.03093630485569,-2.833213344056216,25,0.18,2.303441165978842,0.0,18,2,50,520.2493743195225,5.97448303421548,19.86730208685207,0.0,31,0.12,1.8931620959649769,-3.49650756146648,16,2,6,681.5420402000636,7.638799785091013,22.4015328239857,3.49650756146648,41,0.0,1.9129350397776232,3.49650756146648,17,18,6,808.277495173236,5.81229497995944,22.356851784975408,3.49650756146648,43,0.11,2.1380902351067186,-2.833213344056216,11,2,50,975.2136531126308,5.69489117690111,19.62600194579094,3.49650756146648,41,0.05,2.0586700036551697,-3.49650756146648,12,4,50,614.115909487497,4300,100,11,10
-4.107174441699729,17.15812999164069,-1.6094379124341005,21,0.24,2.627105067638614,0.0,24,6,50,649.8557082100874,-4.09450073935397,12.995132651216808,0.0,24,0.17,2.1194265545934337,-3.49650756146648,23,18,50,409.62539184189166,-2.706003606709255,15.387870898451478,-2.833213344056216,24,0.23,2.310960140410412,-2.833213344056216,24,18,50,609.6567981488154,-2.04421864676373,15.322600870222796,0.0,26,0.16,2.3374704850942924,-3.49650756146648,17,2,50,503.804455774768,7.19181597831438,19.95804560204997,0.0,31,0.11,1.8642902997055488,-3.49650756146648,16,2,50,666.5717358814118,8.491574594044407,22.310736391732508,3.49650756146648,42,0.0,1.8882444141543304,3.49650756146648,15,18,6,730.3138024032884,5.120859124000442,22.21637366875879,3.49650756146648,43,0.12,2.0477475750508214,0.0,12,2,50,926.2332121418868,4.702479090039834,19.28079874297447,3.49650756146648,39,0.06,2.045750242169806,-3.49650756146648,12,4,22,612.6441863299991,4350,100,11,10
-4.685653322774249,17.58485820823254,-2.833213344056216,22,0.22,2.645104992549128,0.0,22,6,50,714.6966114404725,-4.0488037319712165,13.52102578880738,0.0,26,0.18,2.1526018435405123,-3.49650756146648,20,18,50,422.26059717435055,-2.660190625728954,15.837783672498038,0.0,26,0.24,2.3626001508696586,0.0,24,18,50,623.6301892522986,-2.5450494650523297,15.87849534857996,0.0,28,0.16,2.362600150947545,-3.49650756146648,16,2,50,566.5469794146733,7.251581794477927,20.426952228833883,0.0,33,0.1,1.8797590525805887,-3.49650756146648,17,2,50,722.2223994115285,7.024882927200075,22.60138654935829,3.49650756146648,43,0.0,1.9255307293635824,3.49650756146648,16,18,6,813.1836584254561,3.238877051667836,22.128866525561047,2.833213344056216,41,0.12,2.0796615501912945,-2.833213344056216,12,2,50,989.8503406471218,4.491437636801288,19.582503097615383,3.49650756146648,40,0.06,2.0388536364545806,2.833213344056216,12,4,50,684.1668717270167,4400,100,11,10
-4.089787800089278,18.281822094643992,-2.833213344056216,22,0.21,2.6447919445669723,0.0,21,6,50,705.6629034394053,-4.041026822977865,13.5342413657801,0.0,25,0.16,2.13652637462188,-3.49650756146648,21,18,28,418.3497709187252,-2.6320044838911194,15.855703519429287,0.0,25,0.21,2.365818848219421,-2.833213344056216,21,18,50,619.4558156516568,-3.445205805695449,15.57786284759426,-1.416606672028108,27,0.17,2.325788947786846,0.0,17,2,50,585.8251102672486,6.0342488503780665,20.341877865861058,0.0,32,0.11,1.9085913805651609,-3.49650756146648,17,2,50,719.4037860755227,5.829006816898226,22.50934870866064,3.49650756146648,41,0.0,1.950630732880403,3.49650756146648,18,18,6,741.0206563531775,4.036481431486005,22.314292916985128,3.1648604527613484,43,0.1,2.1711120978813985,3.8918202981106265,12,2,50,1035.9975698279895,5.431519765879458,19.941158809039607,3.49650756146648,41,0.06,2.0651940181062587,2.833213344056216,12,4,50,700.7245363191738,4450,100,11,10
-3.832711029095184,18.06375870455359,-2.2213256282451583,21,0.22,2.6287314690959094,0.0,22,6,50,671.6356227822424,-3.923926319444429,13.211246689378235,0.0,24,0.15,2.126007612869996,-3.49650756146648,24,18,50,384.45397229958087,-3.279023802053006,15.287103237485924,-2.833213344056216,24,0.21,2.304290300135315,-2.833213344056216,23,18,50,602.6491956508175,-3.3549996641396844,15.280219371383572,-2.833213344056216,26,0.17,2.2963673954311035,-3.49650756146648,18,2,50,551.062994302247,4.995210454878125,19.89136257254533,0.0,30,0.12,1.9059252053401856,-3.49650756146648,17,2,50,691.7335317745724,6.729457356982789,22.47462194222451,3.49650756146648,40,0.0,1.9332808458183008,3.49650756146648,18,18,6,799.502395382958,5.497525780965312,22.656053697138887,3.49650756146648,44,0.1,2.142812121764598,-2.833213344056216,11,2,50,1001.0241463235704,5.969428750719128,19.79200261080483,3.49650756146648,41,0.05,2.0621320233854235,-3.49650756146648,12,4,50,641.2672111470208,4500,100,11,10
-4.427284579635397,17.366938297653608,-2.2213256282451583,21,0.23,2.629237654836313,0.0,23,6,50,680.7985570317937,-4.500899369021758,13.238202317178969,0.0,24,0.17,2.1301543846534243,-3.49650756146648,24,8,50,437.605812997625,-3.3489539462172275,15.263928686248995,-2.833213344056216,24,0.23,2.619727109068126,-2.833213344056216,23,18,50,602.6491949443066,-2.4587965804904304,15.581697606628042,-2.833213344056216,26,0.16,2.33602497563955,-3.49650756146648,17,2,50,531.38956367577,6.212543253806149,20.041567042591552,0.0,31,0.11,1.8810329377807795,-3.49650756146648,17,2,50,694.5521596275813,7.851450043517008,22.545547907610512,3.49650756146648,41,0.0,1.9024549991691009,3.49650756146648,15,18,6,790.2590907200163,5.154424471139521,22.51584405859778,3.1648604527613484,44,0.12,2.0729719058709937,0.0,12,2,50,978.0468704127936,4.78554870922979,19.61949427988088,3.49650756146648,41,0.05,2.0682257878488004,-3.49650756146648,12,4,50,649.0893377958682,4550,100,11,10
-4.370884154866046,17.3830375384467,-2.2213256282451583,21,0.23,2.645104992549128,0.0,23,6,50,683.2196946496522,-4.338195619548992,13.284343755271736,0.0,25,0.18,2.133834917336336,-3.49650756146648,22,18,50,440.9878949843268,-2.402085693616636,15.569025995786376,0.0,25,0.23,2.348591380994175,-2.833213344056216,23,18,50,592.1532693529545,-2.2652453416735496,15.610472410070363,0.0,27,0.16,2.3532696901802903,-3.49650756146648,17,2,50,538.5665670767953,7.544651771116069,20.07621400894025,0.0,32,0.1,1.8634536617538893,-3.49650756146648,16,2,50,694.2419901821739,7.934225355303859,22.51678106125724,3.49650756146648,43,0.0,1.9037982531559243,3.49650756146648,15,18,6,777.1816965082304,4.211516662923232,22.18711064201891,3.1648604527613484,41,0.12,2.05710456815764,0.0,12,2,50,961.2066397907568,4.136237930310283,19.409071647331213,3.49650756146648,39,0.06,2.3966617708004128,2.833213344056216,12,4,50,663.7260239174368,4600,100,11,10
-4.02778256317681,18.2946775320328,-2.2213256282451583,22,0.21,2.6606592822797865,0.0,21,6,50,711.863398096244,-4.00606157110592,13.540117957156308,0.0,26,0.17,2.1428079708821746,-3.49650756146648,20,18,50,419.3129695226413,-2.5902604349348737,15.85708263246861,0.0,26,0.22,2.3713296946826867,0.0,22,18,50,623.6301852958236,-2.573381558928138,15.871399727093856,0.0,28,0.17,2.367703218214809,0.0,17,2,50,569.3801888022542,6.6637873313604,20.14443058418517,0.0,33,0.11,1.8931620959649769,-3.49650756146648,17,2,50,726.3967866812515,6.465274742613221,22.333841185210424,3.49650756146648,42,0.0,1.94002380536411,3.49650756146648,18,18,6,795.3515171706081,3.610310453484987,22.294633456025974,2.833213344056216,42,0.11,2.159906472396893,3.8918202981106265,12,2,50,1015.6608340463932,5.040313863963895,19.94324159149463,3.49650756146648,40,0.06,2.0501980415321475,2.833213344056216,12,4,50,683.8843080520264,4650,100,11,10
-4.077550045771429,18.28306869482008,-2.2213256282451583,22,0.21,2.6447919445669723,0.0,21,6,50,710.105554695733,-4.168765305035446,13.498854971730346,0.0,25,0.16,2.143180319704735,-3.49650756146648,22,18,50,415.9308859816155,-2.982882936530485,15.480814188263135,-1.416606672028108,25,0.21,2.3401701341307897,-2.833213344056216,21,18,50,585.9233716119663,-3.5648735792969,15.55051482930376,-2.833213344056216,27,0.17,2.314084172871617,0.0,17,2,50,586.0364160638344,5.388616135437587,20.03439411446123,0.0,31,0.12,1.912818774065216,-3.49650756146648,17,2,50,721.0132239877942,5.8268937259593,22.51017168872389,3.49650756146648,41,0.0,1.950630732880403,3.49650756146648,18,18,50,798.315984308686,4.588183321772384,22.642491617636555,3.1648604527613484,44,0.1,2.1606907759292766,-2.833213344056216,11,2,50,1035.997573784072,5.682991685165726,20.119760841247142,3.49650756146648,42,0.05,2.0686560378365124,-3.49650756146648,11,4,50,668.5843292672696,4700,100,11,10
-3.511308919012795,17.852445615792604,-1.6094379124341005,20,0.23,2.6289246068541576,0.0,23,6,50,646.4884268969365,-4.115055920468287,12.996887764851389,0.0,23,0.16,2.111042547510629,-3.49650756146648,24,18,50,406.01448326521097,-2.9642546011755377,15.025070901058866,-2.833213344056216,23,0.22,2.3004706858313075,-2.833213344056216,23,18,50,571.1722755630708,-2.976933254206988,15.03093639616936,-2.833213344056216,25,0.18,2.303441165978842,0.0,18,2,50,520.2493684319103,5.974483034210864,19.86730208684344,0.0,31,0.12,1.8931620959649769,-3.49650756146648,16,2,6,681.5420401997621,7.638799785085886,22.40153282397544,3.49650756146648,41,0.0,1.9129350397776232,3.49650756146648,17,18,6,808.2774951728069,5.812294909306553,22.356851867596934,3.49650756146648,43,0.11,2.1380902351067186,-2.833213344056216,11,2,50,975.2136601770987,5.694891106248568,19.626002039489336,3.49650756146648,41,0.05,2.0586700036551697,-3.49650756146648,12,4,50,614.1159165521699,4750,100,11,10
-4.107174441696994,17.15812999163633,-1.6094379124341005,21,0.24,2.627105067638614,0.0,24,6,50,649.8557082098139,-4.094500680477688,12.995132761898486,0.0,24,0.17,2.1194265545934337,-3.49650756146648,23,18,50,409.6253859542635,-2.7060035478329736,15.387870986610109,-2.833213344056216,24,0.23,2.310960140410412,-2.833213344056216,24,18,50,609.6567922611872,-2.0442185761127347,15.322600973413396,0.0,26,0.16,2.3374704850942924,-3.49650756146648,17,2,50,503.80444870966846,7.191815978309252,19.958045602041043,0.0,31,0.11,1.8642902997055488,-3.49650756146648,16,2,50,666.5717358811384,8.491574594038934,22.31073639172205,3.49650756146648,42,0.0,1.8882444141543304,3.49650756146648,15,18,6,730.3138024028908,5.120859065122959,22.21637373621119,3.49650756146648,43,0.12,2.0477475750508214,0.0,12,2,50,926.2332180288828,4.7024790311628655,19.280798819422653,3.49650756146648,39,0.06,2.045750242169806,-3.49650756146648,12,4,22,612.6441896801244,4800,100,11,10
-4.685653322771173,17.584858208227846,-2.833213344056216,22,0.22,2.645104992549128,0.0,22,6,50,714.6966114401648,-4.0488036613198926,13.521025916221127,0.0,26,0.18,2.1526018435405123,-3.49650756146648,20,18,50,422.260590109218,-2.66019055507763,15.837783775079131,0.0,26,0.24,2.3626001508696586,0.0,24,18,50,623.6301821871664,-2.5450493944010013,15.87849545038573,0.0,28,0.16,2.362600150947545,-3.49650756146648,16,2,50,566.5469723495405,7.251581794472796,20.42695222882464,0.0,33,0.1,1.8797590525805887,-3.49650756146648,17,2,50,722.2223994112209,7.024882927195458,22.601386549347588,3.49650756146648,43,0.0,1.9255307293635824,3.49650756146648,16,18,6,813.1836584250183,3.2388769927913845,22.128866588273183,2.833213344056216,41,0.12,2.0796615501912945,-2.833213344056216,12,2,50,989.850346534083,4.491437577924498,19.58250317225089,3.49650756146648,40,0.06,2.0388536364545806,2.833213344056216,12,4,50,684.1668776141485,4850,100,11,10
-4.089787800086372,18.28182209463964,-2.833213344056216,22,0.21,2.6447919445669723,0.0,21,6,50,705.6629034391149,-4.041026752326721,13.53424149302917,0.0,25,0.16,2.13652637462188,-3.49650756146648,21,18,28,418.3497750611523,-2.6320044132399767,15.855703621769155,0.0,25,0.21,2.365818848219421,-2.833213344056216,21,18,50,619.4558085865426,-3.445205746819009,15.577862937471156,-1.416606672028108,27,0.17,2.325788947786846,0.0,17,2,50,585.8251043796045,6.03424885037345,20.34187786585211,0.0,32,0.11,1.9085913805651609,-3.49650756146648,17,2,50,719.4037860752321,5.8290068168941245,22.509348708650226,3.49650756146648,41,0.0,1.950630732880403,3.49650756146648,18,18,6,741.0206563527726,4.036481360834171,22.314292994141816,3.1648604527613484,43,0.1,2.1711120978813985,3.8918202981106265,12,2,50,1035.9975768924205,5.4315196952271165,19.941158900323675,3.49650756146648,41,0.06,2.0651940181062587,2.833213344056216,12,4,50,700.7245433837927,4900,100,11,10
-3.8327110290924487,18.063758704549404,-2.2213256282451583,21,0.22,2.6287314690959094,0.0,22,6,50,671.6356227819689,-3.9239262487934665,13.211246819112455,0.0,24,0.15,2.126007612869996,-3.49650756146648,24,18,50,384.4539652344845,-3.279023743176747,15.287103328432543,-2.833213344056216,24,0.21,2.304290300135315,-2.833213344056216,23,18,50,602.6491897631915,-3.3549996052634232,15.280219462663911,-2.833213344056216,26,0.17,2.2963673954311035,-3.49650756146648,18,2,50,551.0629884146207,4.995210454874023,19.89136257253662,0.0,30,0.12,1.9059252053401856,-3.49650756146648,17,2,50,691.7335317742991,6.729457356978173,22.47462194221416,3.49650756146648,40,0.0,1.9332808458183008,3.49650756146648,18,18,6,799.5023953825265,5.497525710312632,22.656053777687365,3.49650756146648,44,0.1,2.142812121764598,-2.833213344056216,11,2,50,1001.0241533880176,5.969428680066451,19.79200270469712,3.49650756146648,41,0.05,2.0621320233854235,-3.49650756146648,12,4,50,641.2672182116728,4950,100,11,10
-4.427284579632662,17.366938297649348,-2.2213256282451583,21,0.23,2.629237654836313,0.0,23,6,50,680.7985570315202,-4.500899310145506,13.23820242763578,0.0,24,0.17,2.1301543846534243,-3.49650756146648,24,8,50,437.60580710999983,-3.3489538873409765,15.263928777603418,-2.833213344056216,24,0.23,2.619727109068126,-2.833213344056216,23,18,50,602.6491890566815,-2.4587965098394715,15.5816977099825,-2.833213344056216,26,0.16,2.33602497563955,-3.49650756146648,17,2,50,531.3895566106742,6.212543253801361,20.04156704258284,0.0,31,0.11,1.8810329377807795,-3.49650756146648,17,2,50,694.5521596273078,7.851450043511709,22.54554790760019,3.49650756146648,41,0.0,1.9024549991691009,3.49650756146648,15,18,6,790.2590907196011,5.154424400487024,22.515844138571417,3.1648604527613484,44,0.12,2.0729719058709937,0.0,12,2,50,978.0468774772572,4.785548638577809,19.61949437033578,3.49650756146648,41,0.05,2.0682257878488004,-3.49650756146648,12,4,50,649.0893448605193,5000,100,11,10
-4.37088415486314,17.38303753844217,-2.2213256282451583,21,0.23,2.645104992549128,0.0,23,6,50,683.2196946493616,-4.338195560672578,13.284343864623423,0.0,25,0.18,2.133834917336336,-3.49650756146648,22,18,50,440.9878890966854,-2.402085622965519,15.569026098967266,0.0,25,0.23,2.348591380994175,-2.833213344056216,23,18,50,592.1532622878428,-2.265245271022429,15.610472512357989,0.0,27,0.16,2.3532696901802903,-3.49650756146648,17,2,50,538.5665600116834,7.544651771110768,20.076214008931256,0.0,32,0.1,1.8634536617538893,-3.49650756146648,16,2,50,694.2419901818834,7.934225355298729,22.51678106124661,3.49650756146648,43,0.0,1.9037982531559243,3.49650756146648,15,18,6,777.1816965078066,4.211516604046299,22.18711070714728,3.1648604527613484,41,0.12,2.05710456815764,0.0,12,2,50,961.206645677732,4.136237871433696,19.409071721556355,3.49650756146648,39,0.06,2.3966617708004128,2.833213344056216,12,4,50,663.7260298045828,5050,100,11,10
-4.027782563173734,18.29467753202817,-2.2213256282451583,22,0.21,2.6606592822797865,0.0,21,6,50,711.8633980959364,-4.006061500454641,13.540118084167297,0.0,26,0.17,2.1428079708821746,-3.49650756146648,20,18,50,419.31296245751344,-2.5902603642835955,15.857082734613218,0.0,26,0.22,2.3713296946826867,0.0,22,18,50,623.6301782306957,-2.573381488276858,15.871399829071192,0.0,28,0.17,2.367703218214809,0.0,17,2,50,569.3801817371261,6.663787331355613,20.144430584176067,0.0,33,0.11,1.8931620959649769,-3.49650756146648,17,2,50,726.3967866809437,6.465274742608948,22.33384118519985,3.49650756146648,42,0.0,1.94002380536411,3.49650756146648,18,18,6,795.3515171701848,3.610310394608406,22.294633519252475,2.833213344056216,42,0.11,2.159906472396893,3.8918202981106265,12,2,50,1015.6608399333336,5.0403138050868055,19.943241666400013,3.49650756146648,40,0.06,2.0501980415321475,2.833213344056216,12,4,50,683.8843139391545,5100,100,11,10
-4.077550045768524,18.28306869481572,-2.2213256282451583,22,0.21,2.6447919445669723,0.0,21,6,50,710.1055546954424,-4.168765234384348,13.498855099981474,0.0,25,0.16,2.143180319704735,-3.49650756146648,22,18,50,415.9308789165057,-2.982882865879389,15.480814294682569,-1.416606672028108,25,0.21,2.3401701341307897,-2.833213344056216,21,18,50,585.9233645468566,-3.5648735204204964,15.55051491979174,-2.833213344056216,27,0.17,2.314084172871617,0.0,17,2,50,586.0364101761941,5.388616135433315,20.03439411445244,0.0,31,0.12,1.912818774065216,-3.49650756146648,17,2,50,721.0132239875035,5.8268937259551965,22.51017168871348,3.49650756146648,41,0.0,1.950630732880403,3.49650756146648,18,18,50,798.3159843083782,4.588183251120254,22.6424916953959,3.1648604527613484,44,0.1,2.1606907759292766,-2.833213344056216,11,2,50,1035.9975808484987,5.6829916145132575,20.119760932603672,3.49650756146648,42,0.05,2.0686560378365124,-3.49650756146648,11,4,50,668.584336331901,5150,100,11,10
-3.5113089190102302,17.85244561578859,-1.6094379124341005,20,0.23,2.6289246068541576,0.0,23,6,50,646.48842689668,-4.115055861592237,12.996887875611488,0.0,23,0.16,2.111042547510629,-3.49650756146648,24,18,50,406.01447737760594,-2.9642545422994893,15.025070992358398,-2.833213344056216,23,0.22,2.3004706858313075,-2.833213344056216,23,18,50,571.1722696754657,-2.976933195330936,15.030936487482933,-2.833213344056216,25,0.18,2.303441165978842,0.0,18,2,50,520.2493625443051,5.974483034206248,19.86730208683481,0.0,31,0.12,1.8931620959649769,-3.49650756146648,16,2,6,681.5420401994606,7.638799785080757,22.401532823965177,3.49650756146648,41,0.0,1.9129350397776232,3.49650756146648,17,18,6,808.2774951723779,5.812294838653751,22.356851950218367,3.49650756146648,43,0.11,2.1380902351067186,-2.833213344056216,11,2,50,975.2136672415586,5.694891035596112,19.626002133187622,3.49650756146648,41,0.05,2.0586700036551697,-3.49650756146648,12,4,50,614.1159236168344,5200,100,11,10
-4.107174441694259,17.158129991631963,-1.6094379124341005,21,0.24,2.627105067638614,0.0,24,6,50,649.8557082095404,-4.094500621601476,12.99513287258004,0.0,24,0.17,2.1194265545934337,-3.49650756146648,23,18,50,409.6253800666422,-2.706003488956761,15.387871074768633,-2.833213344056216,24,0.23,2.310960140410412,-2.833213344056216,24,18,50,609.6567863735661,-2.0442185054618225,15.322601076603874,0.0,26,0.16,2.3374704850942924,-3.49650756146648,17,2,50,503.80444164457725,7.191815978304123,19.958045602032104,0.0,31,0.11,1.8642902997055488,-3.49650756146648,16,2,50,666.5717358808648,8.491574594033464,22.31073639171159,3.49650756146648,42,0.0,1.8882444141543304,3.49650756146648,15,18,6,730.3138024024931,5.120859006245544,22.21637380366351,3.49650756146648,43,0.12,2.0477475750508214,0.0,12,2,50,926.2332239158724,4.702478972285968,19.280798895870745,3.49650756146648,39,0.06,2.045750242169806,-3.49650756146648,12,4,22,612.6441930302461,5250,100,11,10
-4.685653322768096,17.58485820822316,-2.833213344056216,22,0.22,2.645104992549128,0.0,22,6,50,714.6966114398572,-4.04880359066865,13.521026043634734,0.0,26,0.18,2.1526018435405123,-3.49650756146648,20,18,50,422.2605830440938,-2.6601904844263897,15.837783877660115,0.0,26,0.24,2.3626001508696586,0.0,24,18,50,623.6301751220421,-2.545049323749758,15.878495552191382,0.0,28,0.16,2.362600150947545,-3.49650756146648,16,2,50,566.546965284416,7.25158179446767,20.4269522288154,0.0,33,0.1,1.8797590525805887,-3.49650756146648,17,2,50,722.2223994109131,7.024882927190844,22.60138654933688,3.49650756146648,43,0.0,1.9255307293635824,3.49650756146648,16,18,6,813.1836584245806,3.2388769339150048,22.12886665098526,2.833213344056216,41,0.12,2.0796615501912945,-2.833213344056216,12,2,50,989.8503524210372,4.491437519047779,19.58250324688633,3.49650756146648,40,0.06,2.0388536364545806,2.833213344056216,12,4,50,684.1668835012734,5300,100,11,10
-4.0897878000834655,18.281822094635288,-2.833213344056216,22,0.21,2.6447919445669723,0.0,21,6,50,705.6629034388242,-4.04102668167566,13.534241620278095,0.0,25,0.16,2.13652637462188,-3.49650756146648,21,18,28,418.34977920357466,-2.6320043425889166,15.855703724108904,0.0,25,0.21,2.365818848219421,-2.833213344056216,21,18,50,619.4558015214366,-3.4452056879426367,15.577863027347952,-1.416606672028108,27,0.17,2.325788947786846,0.0,17,2,50,585.8250984919673,6.034248850368836,20.341877865843163,0.0,32,0.11,1.9085913805651609,-3.49650756146648,17,2,50,719.4037860749415,5.829006816890021,22.509348708639816,3.49650756146648,41,0.0,1.950630732880403,3.49650756146648,18,18,6,741.0206563523676,4.036481290182421,22.31429307129842,3.1648604527613484,43,0.1,2.1711120978813985,3.8918202981106265,12,2,50,1035.9975839568433,5.4315196245748565,19.94115899160764,3.49650756146648,41,0.06,2.0651940181062587,2.833213344056216,12,4,50,700.7245504484033,5350,100,11,10
-3.832711029089714,18.06375870454521,-2.2213256282451583,21,0.22,2.6287314690959094,0.0,22,6,50,671.6356227816954,-3.923926178142586,13.21124694884653,0.0,24,0.15,2.126007612869996,-3.49650756146648,24,18,50,384.4539581693966,-3.279023684300557,15.28710341937906,-2.833213344056216,24,0.21,2.304290300135315,-2.833213344056216,23,18,50,602.6491838755726,-3.35499954638723,15.280219553944148,-2.833213344056216,26,0.17,2.2963673954311035,-3.49650756146648,18,2,50,551.0629825270014,4.995210454869919,19.89136257252792,0.0,30,0.12,1.9059252053401856,-3.49650756146648,17,2,50,691.7335317740254,6.729457356973558,22.47462194220381,3.49650756146648,40,0.0,1.9332808458183008,3.49650756146648,18,18,6,799.5023953820951,5.497525639660037,22.656053858235754,3.49650756146648,44,0.1,2.142812121764598,-2.833213344056216,11,2,50,1001.0241604524568,5.969428609413861,19.79200279858929,3.49650756146648,41,0.05,2.0621320233854235,-3.49650756146648,12,4,50,641.2672252763167,5400,100,11,10
-4.427284579629927,17.36693829764509,-2.2213256282451583,21,0.23,2.629237654836313,0.0,23,6,50,680.7985570312467,-4.500899251269323,13.238202538092466,0.0,24,0.17,2.1301543846534243,-3.49650756146648,24,8,50,437.6058012223816,-3.348953828464795,15.263928868957736,-2.833213344056216,24,0.23,2.619727109068126,-2.833213344056216,23,18,50,602.6491831690635,-2.458796439188596,15.58169781333684,-2.833213344056216,26,0.16,2.33602497563955,-3.49650756146648,17,2,50,531.3895495455865,6.212543253796575,20.041567042574112,0.0,31,0.11,1.8810329377807795,-3.49650756146648,17,2,50,694.5521596270344,7.851450043506409,22.545547907589864,3.49650756146648,41,0.0,1.9024549991691009,3.49650756146648,15,18,6,790.2590907191858,5.154424329834611,22.515844218544963,3.1648604527613484,44,0.12,2.0729719058709937,0.0,12,2,50,978.046884541712,4.785548567925911,19.619494460790577,3.49650756146648,41,0.05,2.0682257878488004,-3.49650756146648,12,4,50,649.0893519251622,5450,100,11,10
-4.370884154860234,17.38303753843764,-2.2213256282451583,21,0.23,2.645104992549128,0.0,23,6,50,683.219694649071,-4.338195501796233,13.284343973974988,0.0,25,0.18,2.133834917336336,-3.49650756146648,22,18,50,440.9878832090509,-2.4020855523144866,15.56902620214804,0.0,25,0.23,2.348591380994175,-2.833213344056216,23,18,50,592.1532552227395,-2.2652452003713925,15.610472614645497,0.0,27,0.16,2.3532696901802903,-3.49650756146648,17,2,50,538.5665529465797,7.544651771105469,20.07621400892226,0.0,32,0.1,1.8634536617538893,-3.49650756146648,16,2,50,694.2419901815927,7.934225355293599,22.516781061236,3.49650756146648,43,0.0,1.9037982531559243,3.49650756146648,15,18,6,777.1816965073826,4.211516545169438,22.187110772275567,3.1648604527613484,41,0.12,2.05710456815764,0.0,12,2,50,961.2066515647002,4.136237812557178,19.40907179578141,3.49650756146648,39,0.06,2.3966617708004128,2.833213344056216,12,4,50,663.7260356917218,5500,100,11,10
-4.027782563170657,18.29467753202356,-2.2213256282451583,22,0.21,2.6606592822797865,0.0,21,6,50,711.8633980956287,-4.006061429803447,13.54011821117814,0.0,26,0.17,2.1428079708821746,-3.49650756146648,20,18,50,419.312955392394,-2.5902602936324017,15.857082836757716,0.0,26,0.22,2.3713296946826867,0.0,22,18,50,623.6301711655764,-2.57338141762566,15.871399931048416,0.0,28,0.17,2.367703218214809,0.0,17,2,50,569.3801746720063,6.663787331350829,20.14443058416697,0.0,33,0.11,1.8931620959649769,-3.49650756146648,17,2,50,726.3967866806362,6.465274742604674,22.33384118518929,3.49650756146648,42,0.0,1.94002380536411,3.49650756146648,18,18,6,795.3515171697615,3.6103103357318935,22.29463358247889,2.833213344056216,42,0.11,2.159906472396893,3.8918202981106265,12,2,50,1015.6608458202668,5.040313746209781,19.94324174130532,3.49650756146648,40,0.06,2.0501980415321475,2.833213344056216,12,4,50,683.8843198262754,5550,100,11,10
-4.0775500457656175,18.28306869481136,-2.2213256282451583,22,0.21,2.6447919445669723,0.0,21,6,50,710.1055546951518,-4.168765163733334,13.498855228232458,0.0,25,0.16,2.143180319704735,-3.49650756146648,22,18,50,415.9308718514044,-2.982882795228375,15.480814401101886,-1.416606672028108,25,0.21,2.3401701341307897,-2.833213344056216,21,18,50,585.9233574817554,-3.564873461544164,15.55051501027962,-2.833213344056216,27,0.17,2.314084172871617,0.0,17,2,50,586.0364042885608,5.38861613542904,20.03439411444365,0.0,31,0.12,1.912818774065216,-3.49650756146648,17,2,50,721.0132239872129,5.826893725951094,22.510171688703068,3.49650756146648,41,0.0,1.950630732880403,3.49650756146648,18,18,50,798.3159843080705,4.588183180468207,22.64249177315516,3.1648604527613484,44,0.1,2.1606907759292766,-2.833213344056216,11,2,50,1035.9975879129163,5.682991543860872,20.119761023960105,3.49650756146648,42,0.05,2.0686560378365124,-3.49650756146648,11,4,50,668.584343396524,5600,100,11,10
-3.511308919007666,17.852445615784575,-1.6094379124341005,20,0.23,2.6289246068541576,0.0,23,6,50,646.4884268964236,-4.115055802716257,12.99688798637146,0.0,23,0.16,2.111042547510629,-3.49650756146648,24,18,50,406.0144714900079,-2.9642544834235087,15.025071083657826,-2.833213344056216,23,0.22,2.3004706858313075,-2.833213344056216,23,18,50,571.1722637878678,-2.9769331364549525,15.0309365787964,-2.833213344056216,25,0.18,2.303441165978842,0.0,18,2,50,520.2493566567067,5.974483034201634,19.86730208682617,0.0,31,0.12,1.8931620959649769,-3.49650756146648,16,2,6,681.542040199159,7.638799785075629,22.40153282395492,3.49650756146648,41,0.0,1.9129350397776232,3.49650756146648,17,18,6,808.2774951719488,5.812294768001033,22.35685203283971,3.49650756146648,43,0.11,2.1380902351067186,-2.833213344056216,11,2,50,975.21367430601,5.694890964943738,19.62600222688581,3.49650756146648,41,0.05,2.0586700036551697,-3.49650756146648,12,4,50,614.1159306814907,5650,100,11,10
-4.107174441691524,17.1581299916276,-1.6094379124341005,21,0.24,2.627105067638614,0.0,24,6,50,649.8557082092669,-4.094500562725333,12.995132983261469,0.0,24,0.17,2.1194265545934337,-3.49650756146648,23,18,50,409.6253741790279,-2.706003430080618,15.38787116292706,-2.833213344056216,24,0.23,2.310960140410412,-2.833213344056216,24,18,50,609.6567804859519,-2.0442184348109933,15.32260117979424,0.0,26,0.16,2.3374704850942924,-3.49650756146648,17,2,50,503.8044345794943,7.191815978298995,19.958045602023173,0.0,31,0.11,1.8642902997055488,-3.49650756146648,16,2,50,666.5717358805912,8.491574594027997,22.31073639170113,3.49650756146648,42,0.0,1.8882444141543304,3.49650756146648,15,18,6,730.3138024020957,5.120858947368198,22.21637387111576,3.49650756146648,43,0.12,2.0477475750508214,0.0,12,2,50,926.2332298028546,4.702478913409138,19.28079897231876,3.49650756146648,39,0.06,2.045750242169806,-3.49650756146648,12,4,22,612.6441963803637,5700,100,11,10
-4.6856533227650194,17.58485820821847,-2.833213344056216,22,0.22,2.645104992549128,0.0,22,6,50,714.6966114395494,-4.048803520017492,13.521026171048195,0.0,26,0.18,2.1526018435405123,-3.49650756146648,20,18,50,422.260575978978,-2.660190413775232,15.837783980240982,0.0,26,0.24,2.3626001508696586,0.0,24,18,50,623.6301680569263,-2.545049253098597,15.878495653996922,0.0,28,0.16,2.362600150947545,-3.49650756146648,16,2,50,566.5469582193,7.251581794462543,20.426952228806154,0.0,33,0.1,1.8797590525805887,-3.49650756146648,17,2,50,722.2223994106055,7.024882927186229,22.60138654932617,3.49650756146648,43,0.0,1.9255307293635824,3.49650756146648,16,18,6,813.1836584241428,3.238876875038695,22.128866713697253,2.833213344056216,41,0.12,2.0796615501912945,-2.833213344056216,12,2,50,989.8503583079844,4.49143746017113,19.582503321521667,3.49650756146648,40,0.06,2.0388536364545806,2.833213344056216,12,4,50,684.1668893883914,5750,100,11,10
-4.089787800080559,18.28182209463093,-2.833213344056216,22,0.21,2.6447919445669723,0.0,21,6,50,705.6629034385336,-4.041026611024683,13.534241747526876,0.0,25,0.16,2.13652637462188,-3.49650756146648,21,18,28,418.34978334599225,-2.63200427193794,15.855703826448538,0.0,25,0.21,2.365818848219421,-2.833213344056216,21,18,50,619.4557944563389,-3.445205629066334,15.577863117224648,-1.416606672028108,27,0.17,2.325788947786846,0.0,17,2,50,585.8250926043372,6.034248850364221,20.341877865834217,0.0,32,0.11,1.9085913805651609,-3.49650756146648,17,2,50,719.4037860746508,5.829006816885917,22.509348708629403,3.49650756146648,41,0.0,1.950630732880403,3.49650756146648,18,18,6,741.020656351963,4.036481219530754,22.31429314845493,3.1648604527613484,43,0.1,2.1711120978813985,3.8918202981106265,12,2,50,1035.997591021258,5.431519553922677,19.94115908289149,3.49650756146648,41,0.06,2.0651940181062587,2.833213344056216,12,4,50,700.7245575130057,5800,100,11,10
-3.832711029086978,18.06375870454103,-2.2213256282451583,21,0.22,2.6287314690959094,0.0,22,6,50,671.6356227814218,-3.9239261074917895,13.211247078580456,0.0,24,0.15,2.126007612869996,-3.49650756146648,24,18,50,384.453951104317,-3.2790236254244367,15.287103510325473,-2.833213344056216,24,0.21,2.304290300135315,-2.833213344056216,23,18,50,602.6491779879606,-3.354999487511107,15.280219645224276,-2.833213344056216,26,0.17,2.2963673954311035,-3.49650756146648,18,2,50,551.062976639389,4.995210454865818,19.891362572519206,0.0,30,0.12,1.9059252053401856,-3.49650756146648,17,2,50,691.733531773752,6.7294573569689415,22.474621942193465,3.49650756146648,40,0.0,1.9332808458183008,3.49650756146648,18,18,6,799.5023953816636,5.497525569007524,22.65605393878405,3.49650756146648,44,0.1,2.142812121764598,-2.833213344056216,11,2,50,1001.0241675168872,5.9694285387613535,19.792002892481367,3.49650756146648,41,0.05,2.0621320233854235,-3.49650756146648,12,4,50,641.2672323409522,5850,100,11,10
-4.427284579627192,17.36693829764083,-2.2213256282451583,21,0.23,2.629237654836313,0.0,23,6,50,680.7985570309733,-4.500899192393211,13.238202648549027,0.0,24,0.17,2.1301543846534243,-3.49650756146648,24,8,50,437.6057953347703,-3.348953769588683,15.263928960311953,-2.833213344056216,24,0.23,2.619727109068126,-2.833213344056216,23,18,50,602.6491772814522,-2.458796368537803,15.581697916691065,-2.833213344056216,26,0.16,2.33602497563955,-3.49650756146648,17,2,50,531.3895424805071,6.212543253791791,20.0415670425654,0.0,31,0.11,1.8810329377807795,-3.49650756146648,17,2,50,694.5521596267608,7.851450043501111,22.545547907579536,3.49650756146648,41,0.0,1.9024549991691009,3.49650756146648,15,18,6,790.2590907187706,5.154424259182279,22.515844298518417,3.1648604527613484,44,0.12,2.0729719058709937,0.0,12,2,50,978.0468916061589,4.785548497274096,19.619494551245268,3.49650756146648,41,0.05,2.0682257878488004,-3.49650756146648,12,4,50,649.0893589897967,5900,100,11,10
-4.370884154857329,17.383037538433108,-2.2213256282451583,21,0.23,2.645104992549128,0.0,23,6,50,683.2196946487804,-4.338195442919957,13.284344083326427,0.0,25,0.18,2.133834917336336,-3.49650756146648,22,18,50,440.9878773214234,-2.402085481663536,15.569026305328691,0.0,25,0.23,2.348591380994175,-2.833213344056216,23,18,50,592.1532481576444,-2.2652451297204395,15.610472716932884,0.0,27,0.16,2.3532696901802903,-3.49650756146648,17,2,50,538.5665458814843,7.54465177110017,20.07621400891326,0.0,32,0.1,1.8634536617538893,-3.49650756146648,16,2,50,694.2419901813021,7.934225355288471,22.516781061225377,3.49650756146648,43,0.0,1.9037982531559243,3.49650756146648,15,18,6,777.1816965069586,4.211516486292645,22.18711083740378,3.1648604527613484,41,0.12,2.05710456815764,0.0,12,2,50,961.2066574516616,4.136237753680731,19.409071870006382,3.49650756146648,39,0.06,2.3966617708004128,2.833213344056216,12,4,50,663.7260415788537,5950,100,11,10
-4.02778256316758,18.294677532018945,-2.2213256282451583,22,0.21,2.6606592822797865,0.0,21,6,50,711.8633980953209,-4.006061359152334,13.540118338188831,0.0,26,0.17,2.1428079708821746,-3.49650756146648,20,18,50,419.3129483272828,-2.590260222981291,15.857082938902096,0.0,26,0.22,2.3713296946826867,0.0,22,18,50,623.6301641004652,-2.573381346974545,15.87140003302552,0.0,28,0.17,2.367703218214809,0.0,17,2,50,569.3801676068948,6.663787331346039,20.144430584157867,0.0,33,0.11,1.8931620959649769,-3.49650756146648,17,2,50,726.3967866803284,6.465274742600401,22.33384118517872,3.49650756146648,42,0.0,1.94002380536411,3.49650756146648,18,18,6,795.3515171693382,3.61031027685545,22.29463364570525,2.833213344056216,42,0.11,2.159906472396893,3.8918202981106265,12,2,50,1015.660851707193,5.04031368733283,19.94324181621053,3.49650756146648,40,0.06,2.0501980415321475,2.833213344056216,12,4,50,683.8843257133894,6000,100,11,10
-4.077550045762712,18.283068694807007,-2.2213256282451583,22,0.21,2.6447919445669723,0.0,21,6,50,710.1055546948612,-4.168765093082403,13.498855356483295,0.0,25,0.16,2.143180319704735,-3.49650756146648,22,18,50,415.9308647863113,-2.9828827245774447,15.480814507521076,-1.416606672028108,25,0.21,2.3401701341307897,-2.833213344056216,21,18,50,585.9233504166623,-3.5648734026679,15.5505151007674,-2.833213344056216,27,0.17,2.314084172871617,0.0,17,2,50,586.0363984009343,5.388616135424768,20.03439411443486,0.0,31,0.12,1.912818774065216,-3.49650756146648,17,2,50,721.0132239869222,5.826893725946993,22.51017168869265,3.49650756146648,41,0.0,1.950630732880403,3.49650756146648,18,18,50,798.315984307763,4.588183109816246,22.642491850914325,3.1648604527613484,44,0.1,2.1606907759292766,-2.833213344056216,11,2,50,1035.9975949773268,5.682991473208571,20.11976111531642,3.49650756146648,42,0.05,2.0686560378365124,-3.49650756146648,11,4,50,668.5843504611388,6050,100,11,10
-3.511308919005101,17.852445615780557,-1.6094379124341005,20,0.23,2.6289246068541576,0.0,23,6,50,646.4884268961673,-4.115055743840345,12.996888097131308,0.0,23,0.16,2.111042547510629,-3.49650756146648,24,18,50,406.0144656024168,-2.9642544245475984,15.025071174957151,-2.833213344056216,23,0.22,2.3004706858313075,-2.833213344056216,23,18,50,571.1722579002767,-2.9769330775790395,15.030936670109758,-2.833213344056216,25,0.18,2.303441165978842,0.0,18,2,50,520.2493507691154,5.974483034197019,19.86730208681754,0.0,31,0.12,1.8931620959649769,-3.49650756146648,16,2,6,681.5420401988572,7.638799785070502,22.401532823944656,3.49650756146648,41,0.0,1.9129350397776232,3.49650756146648,17,18,6,808.2774951715197,5.812294697348395,22.35685211546096,3.49650756146648,43,0.11,2.1380902351067186,-2.833213344056216,11,2,50,975.2136813704532,5.694890894291445,19.62600232058388,3.49650756146648,41,0.05,2.0586700036551697,-3.49650756146648,12,4,50,614.1159377461386,6100,100,11,10
-4.107174441688788,17.158129991623237,-1.6094379124341005,21,0.24,2.627105067638614,0.0,24,6,50,649.8557082089934,-4.094500503849258,12.995133093942773,0.0,24,0.17,2.1194265545934337,-3.49650756146648,23,18,50,409.6253682914205,-2.706003371204545,15.387871251085382,-2.833213344056216,24,0.23,2.310960140410412,-2.833213344056216,24,18,50,609.6567745983446,-2.044218364160247,15.322601282984488,0.0,26,0.16,2.3374704850942924,-3.49650756146648,17,2,50,503.8044275144197,7.1918159782938655,19.95804560201424,0.0,31,0.11,1.8642902997055488,-3.49650756146648,16,2,50,666.5717358803178,8.491574594022524,22.31073639169067,3.49650756146648,42,0.0,1.8882444141543304,3.49650756146648,15,18,6,730.3138024016982,5.120858888490924,22.216373938567926,3.49650756146648,43,0.12,2.0477475750508214,0.0,12,2,50,926.23323568983,4.702478854532378,19.28079904876667,3.49650756146648,39,0.06,2.045750242169806,-3.49650756146648,12,4,22,612.6441997304775,6150,100,11,10
-4.685653322761943,17.584858208213785,-2.833213344056216,22,0.22,2.645104992549128,0.0,22,6,50,714.6966114392418,-4.0488034493664165,13.521026298461509,0.0,26,0.18,2.1526018435405123,-3.49650756146648,20,18,50,422.2605689138704,-2.660190343124158,15.837784082821733,0.0,26,0.24,2.3626001508696586,0.0,24,18,50,623.630160991819,-2.545049182447518,15.878495755802346,0.0,28,0.16,2.362600150947545,-3.49650756146648,16,2,50,566.5469511541924,7.251581794457412,20.42695222879692,0.0,33,0.1,1.8797590525805887,-3.49650756146648,17,2,50,722.2223994102977,7.024882927181612,22.601386549315464,3.49650756146648,43,0.0,1.9255307293635824,3.49650756146648,16,18,6,813.1836584237051,3.238876816162452,22.128866776409183,2.833213344056216,41,0.12,2.0796615501912945,-2.833213344056216,12,2,50,989.8503641949249,4.491437401294548,19.582503396156927,3.49650756146648,40,0.06,2.0388536364545806,2.833213344056216,12,4,50,684.1668952755026,6200,100,11,10
-4.089787800077655,18.28182209462658,-2.833213344056216,22,0.21,2.6447919445669723,0.0,21,6,50,705.6629034382431,-4.041026540373788,13.534241874775509,0.0,25,0.16,2.13652637462188,-3.49650756146648,21,18,28,418.3497874884048,-2.6320042012870464,15.855703928788053,0.0,25,0.21,2.365818848219421,-2.833213344056216,21,18,50,619.4557873912495,-3.445205570190101,15.577863207101236,-1.416606672028108,27,0.17,2.325788947786846,0.0,17,2,50,585.8250867167137,6.034248850359606,20.341877865825268,0.0,32,0.11,1.9085913805651609,-3.49650756146648,17,2,50,719.4037860743604,5.829006816881816,22.509348708619,3.49650756146648,41,0.0,1.950630732880403,3.49650756146648,18,18,6,741.020656351558,4.0364811488791705,22.314293225611355,3.1648604527613484,43,0.1,2.1711120978813985,3.8918202981106265,12,2,50,1035.9975980856643,5.431519483270586,19.941159174175247,3.49650756146648,41,0.06,2.0651940181062587,2.833213344056216,12,4,50,700.7245645775996,6250,100,11,10
-3.8327110290842414,18.063758704536845,-2.2213256282451583,21,0.22,2.6287314690959094,0.0,22,6,50,671.6356227811484,-3.923926036841076,13.211247208314235,0.0,24,0.15,2.126007612869996,-3.49650756146648,24,18,50,384.4539440392456,-3.279023566548385,15.287103601271784,-2.833213344056216,24,0.21,2.304290300135315,-2.833213344056216,23,18,50,602.6491721003555,-3.3549994286350526,15.280219736504304,-2.833213344056216,26,0.17,2.2963673954311035,-3.49650756146648,18,2,50,551.0629707517837,4.995210454861715,19.89136257251049,0.0,30,0.12,1.9059252053401856,-3.49650756146648,17,2,50,691.7335317734785,6.729457356964327,22.47462194218312,3.49650756146648,40,0.0,1.9332808458183008,3.49650756146648,18,18,6,799.5023953812324,5.497525498355096,22.656054019332256,3.49650756146648,44,0.1,2.142812121764598,-2.833213344056216,11,2,50,1001.0241745813098,5.969428468108927,19.792002986373337,3.49650756146648,41,0.05,2.0621320233854235,-3.49650756146648,12,4,50,641.2672394055793,6300,100,11,10
-4.427284579624456,17.366938297636572,-2.2213256282451583,21,0.23,2.629237654836313,0.0,23,6,50,680.7985570306997,-4.500899133517167,13.23820275900546,0.0,24,0.17,2.1301543846534243,-3.49650756146648,24,8,50,437.605789447166,-3.34895371071264,15.263929051666064,-2.833213344056216,24,0.23,2.619727109068126,-2.833213344056216,23,18,50,602.649171393848,-2.458796297887094,15.581698020045168,-2.833213344056216,26,0.16,2.33602497563955,-3.49650756146648,17,2,50,531.3895354154363,6.212543253787005,20.04156704255668,0.0,31,0.11,1.8810329377807795,-3.49650756146648,17,2,50,694.5521596264873,7.851450043495812,22.54554790756921,3.49650756146648,41,0.0,1.9024549991691009,3.49650756146648,15,18,6,790.2590907183552,5.154424188530031,22.51584437849178,3.1648604527613484,44,0.12,2.0729719058709937,0.0,12,2,50,978.0468986705972,4.7855484266223645,19.61949464169985,3.49650756146648,41,0.05,2.0682257878488004,-3.49650756146648,12,4,50,649.0893660544228,6350,100,11,10
-4.370884154854422,17.383037538428574,-2.2213256282451583,21,0.23,2.645104992549128,0.0,23,6,50,683.2196946484898,-4.338195384043752,13.284344192677738,0.0,25,0.18,2.133834917336336,-3.49650756146648,22,18,50,440.9878714338028,-2.402085411012669,15.569026408509233,0.0,25,0.23,2.348591380994175,-2.833213344056216,23,18,50,592.1532410925577,-2.2652450590695694,15.610472819220156,0.0,27,0.16,2.3532696901802903,-3.49650756146648,17,2,50,538.5665388163973,7.544651771094871,20.076214008904262,0.0,32,0.1,1.8634536617538893,-3.49650756146648,16,2,50,694.2419901810116,7.934225355283344,22.51678106121476,3.49650756146648,43,0.0,1.9037982531559243,3.49650756146648,15,18,6,777.1816965065346,4.211516427415921,22.18711090253192,3.1648604527613484,41,0.12,2.05710456815764,0.0,12,2,50,961.206663338616,4.136237694804351,19.409071944231272,3.49650756146648,39,0.06,2.3966617708004128,2.833213344056216,12,4,50,663.7260474659788,6400,100,11,10
-4.027782563164503,18.29467753201433,-2.2213256282451583,22,0.21,2.6606592822797865,0.0,21,6,50,711.8633980950133,-4.006061288501305,13.540118465199384,0.0,26,0.17,2.1428079708821746,-3.49650756146648,20,18,50,419.31294126218,-2.590260152330262,15.85708304104636,0.0,26,0.22,2.3713296946826867,0.0,22,18,50,623.6301570353623,-2.573381276323514,15.871400135002514,0.0,28,0.17,2.367703218214809,0.0,17,2,50,569.3801605417918,6.663787331341253,20.144430584148765,0.0,33,0.11,1.8931620959649769,-3.49650756146648,17,2,50,726.3967866800207,6.4652747425961286,22.33384118516815,3.49650756146648,42,0.0,1.94002380536411,3.49650756146648,18,18,6,795.3515171689149,3.6103102179790767,22.29463370893154,2.833213344056216,42,0.11,2.159906472396893,3.8918202981106265,12,2,50,1015.6608575941124,5.040313628455945,19.94324189111567,3.49650756146648,40,0.06,2.0501980415321475,2.833213344056216,12,4,50,683.8843316004966,6450,100,11,10
-4.077550045759806,18.28306869480265,-2.2213256282451583,22,0.21,2.6447919445669723,0.0,21,6,50,710.1055546945706,-4.168765022431555,13.498855484733982,0.0,25,0.16,2.143180319704735,-3.49650756146648,22,18,50,415.9308577212265,-2.9828826539265973,15.480814613940144,-1.416606672028108,25,0.21,2.3401701341307897,-2.833213344056216,21,18,50,585.9233433515776,-3.5648733437917057,15.550515191255071,-2.833213344056216,27,0.17,2.314084172871617,0.0,17,2,50,586.0363925133149,5.388616135420494,20.03439411442608,0.0,31,0.12,1.912818774065216,-3.49650756146648,17,2,50,721.0132239866318,5.826893725942889,22.51017168868225,3.49650756146648,41,0.0,1.950630732880403,3.49650756146648,18,18,50,798.3159843074552,4.588183039164366,22.64249192867341,3.1648604527613484,44,0.1,2.1606907759292766,-2.833213344056216,11,2,50,1035.9976020417282,5.682991402556355,20.11976120667264,3.49650756146648,42,0.05,2.0686560378365124,-3.49650756146648,11,4,50,668.5843575257452,6500,100,11,10
-3.511308919002538,17.85244561577654,-1.6094379124341005,20,0.23,2.6289246068541576,0.0,23,6,50,646.4884268959108,-4.115055684964503,12.996888207891027,0.0,23,0.16,2.111042547510629,-3.49650756146648,24,18,50,406.01445971483247,-2.964254365671757,15.025071266256369,-2.833213344056216,23,0.22,2.3004706858313075,-2.833213344056216,23,18,50,571.1722520126925,-2.976933018703196,15.03093676142302,-2.833213344056216,25,0.18,2.303441165978842,0.0,18,2,50,520.249344881531,5.974483034192404,19.867302086808905,0.0,31,0.12,1.8931620959649769,-3.49650756146648,16,2,6,681.5420401985557,7.638799785065373,22.4015328239344,3.49650756146648,41,0.0,1.9129350397776232,3.49650756146648,17,18,6,808.2774951710907,5.812294626695843,22.356852198082105,3.49650756146648,43,0.11,2.1380902351067186,-2.833213344056216,11,2,50,975.213688434888,5.694890823639239,19.62600241428185,3.49650756146648,41,0.05,2.0586700036551697,-3.49650756146648,12,4,50,614.1159448107783,6550,100,11,10
-4.107174441686054,17.15812999161888,-1.6094379124341005,21,0.24,2.627105067638614,0.0,24,6,50,649.8557082087199,-4.094500444973254,12.995133204623944,0.0,24,0.17,2.1194265545934337,-3.49650756146648,23,18,50,409.62536240382,-2.7060033123285416,15.387871339243612,-2.833213344056216,24,0.23,2.310960140410412,-2.833213344056216,24,18,50,609.656768710744,-2.0442182935095845,15.322601386174616,0.0,26,0.16,2.3374704850942924,-3.49650756146648,17,2,50,503.8044204493535,7.191815978288738,19.9580456020053,0.0,31,0.11,1.8642902997055488,-3.49650756146648,16,2,50,666.5717358800443,8.491574594017056,22.31073639168021,3.49650756146648,42,0.0,1.8882444141543304,3.49650756146648,15,18,6,730.3138024013008,5.120858829613718,22.21637400602001,3.49650756146648,43,0.12,2.0477475750508214,0.0,12,2,50,926.2332415767984,4.702478795655687,19.280799125214504,3.49650756146648,39,0.06,2.045750242169806,-3.49650756146648,12,4,22,612.6442030805873,6600,100,11,10
-4.685653322758866,17.5848582082091,-2.833213344056216,22,0.22,2.645104992549128,0.0,22,6,50,714.696611438934,-4.048803378715424,13.52102642587468,0.0,26,0.18,2.1526018435405123,-3.49650756146648,20,18,50,422.26056184877126,-2.6601902724731663,15.837784185402365,0.0,26,0.24,2.3626001508696586,0.0,24,18,50,623.6301539267199,-2.545049111796524,15.87849585760765,0.0,28,0.16,2.362600150947545,-3.49650756146648,16,2,50,566.5469440890928,7.251581794452285,20.426952228787663,0.0,33,0.1,1.8797590525805887,-3.49650756146648,17,2,50,722.22239940999,7.024882927176998,22.60138654930476,3.49650756146648,43,0.0,1.9255307293635824,3.49650756146648,16,18,6,813.1836584232673,3.23887675728628,22.12886683912104,2.833213344056216,41,0.12,2.0796615501912945,-2.833213344056216,12,2,50,989.8503700818584,4.491437342418037,19.582503470792098,3.49650756146648,40,0.06,2.0388536364545806,2.833213344056216,12,4,50,684.1669011626066,6650,100,11,10
-4.089787800074748,18.281822094622225,-2.833213344056216,22,0.21,2.6447919445669723,0.0,21,6,50,705.6629034379524,-4.0410264697229765,13.534242002023994,0.0,25,0.16,2.13652637462188,-3.49650756146648,21,18,28,418.3497916308128,-2.6320041306362363,15.855704031127456,0.0,25,0.21,2.365818848219421,-2.833213344056216,21,18,50,619.4557803261685,-3.445205511313937,15.577863296977728,-1.416606672028108,27,0.17,2.325788947786846,0.0,17,2,50,585.8250808290975,6.03424885035499,20.34187786581632,0.0,32,0.11,1.9085913805651609,-3.49650756146648,17,2,50,719.4037860740698,5.829006816877714,22.509348708608584,3.49650756146648,41,0.0,1.950630732880403,3.49650756146648,18,18,6,741.0206563511531,4.036481078227669,22.314293302767688,3.1648604527613484,43,0.1,2.1711120978813985,3.8918202981106265,12,2,50,1035.997605150062,5.431519412618575,19.941159265458904,3.49650756146648,41,0.06,2.0651940181062587,2.833213344056216,12,4,50,700.7245716421853,6700,100,11,10
-3.832711029081509,18.06375870453266,-2.2213256282451583,21,0.22,2.6287314690959094,0.0,22,6,50,671.6356227808749,-3.923925966190446,13.211247338047864,0.0,24,0.15,2.126007612869996,-3.49650756146648,24,18,50,384.4539369741826,-3.279023507672404,15.287103692217988,-2.833213344056216,24,0.21,2.304290300135315,-2.833213344056216,23,18,50,602.6491662127573,-3.354999369759068,15.28021982778423,-2.833213344056216,26,0.17,2.2963673954311035,-3.49650756146648,18,2,50,551.0629648641853,4.995210454857612,19.89136257250179,0.0,30,0.12,1.9059252053401856,-3.49650756146648,17,2,50,691.733531773205,6.729457356959712,22.474621942172767,3.49650756146648,40,0.0,1.9332808458183008,3.49650756146648,18,18,6,799.5023953808006,5.497525427702751,22.656054099880368,3.49650756146648,44,0.1,2.142812121764598,-2.833213344056216,11,2,50,1001.0241816457238,5.969428397456584,19.7920030802652,3.49650756146648,41,0.05,2.0621320233854235,-3.49650756146648,12,4,50,641.2672464701982,6750,100,11,10
-4.427284579621722,17.366938297632306,-2.2213256282451583,21,0.23,2.629237654836313,0.0,23,6,50,680.7985570304263,-4.500899074641193,13.238202869461771,0.0,24,0.17,2.1301543846534243,-3.49650756146648,24,8,50,437.6057835595685,-3.3489536518366667,15.26392914302007,-2.833213344056216,24,0.23,2.619727109068126,-2.833213344056216,23,18,50,602.6491655062506,-2.4587962272364683,15.581698123399152,-2.833213344056216,26,0.16,2.33602497563955,-3.49650756146648,17,2,50,531.3895283503737,6.212543253782218,20.04156704254796,0.0,31,0.11,1.8810329377807795,-3.49650756146648,17,2,50,694.5521596262138,7.851450043490512,22.545547907558884,3.49650756146648,41,0.0,1.9024549991691009,3.49650756146648,15,18,6,790.25909071794,5.154424117877867,22.51584445846505,3.1648604527613484,44,0.12,2.0729719058709937,0.0,12,2,50,978.0469057350274,4.785548355970716,19.619494732154344,3.49650756146648,41,0.05,2.0682257878488004,-3.49650756146648,12,4,50,649.0893731190406,6800,100,11,10
-4.370884154851517,17.383037538424045,-2.2213256282451583,21,0.23,2.645104992549128,0.0,23,6,50,683.2196946481993,-4.338195325167615,13.284344302028927,0.0,25,0.18,2.133834917336336,-3.49650756146648,22,18,50,440.98786554618914,-2.402085340361885,15.569026511689652,0.0,25,0.23,2.348591380994175,-2.833213344056216,23,18,50,592.1532340274794,-2.2652449884187824,15.610472921507316,0.0,27,0.16,2.3532696901802903,-3.49650756146648,17,2,50,538.5665317513187,7.544651771089573,20.07621400889527,0.0,32,0.1,1.8634536617538893,-3.49650756146648,16,2,50,694.241990180721,7.934225355278218,22.51678106120414,3.49650756146648,43,0.0,1.9037982531559243,3.49650756146648,15,18,6,777.1816965061105,4.211516368539265,22.18711096765999,3.1648604527613484,41,0.12,2.05710456815764,0.0,12,2,50,961.2066692255636,4.136237635928041,19.409072018456083,3.49650756146648,39,0.06,2.3966617708004128,2.833213344056216,12,4,50,663.7260533530971,6850,100,11,10
-4.027782563161426,18.29467753200971,-2.2213256282451583,22,0.21,2.6606592822797865,0.0,21,6,50,711.8633980947056,-4.00606121785036,13.540118592209792,0.0,26,0.17,2.1428079708821746,-3.49650756146648,20,18,50,419.3129341970854,-2.5902600816793178,15.85708314319051,0.0,26,0.22,2.3713296946826867,0.0,22,18,50,623.6301499702679,-2.5733812056725665,15.871400236979394,0.0,28,0.17,2.367703218214809,0.0,17,2,50,569.3801534766969,6.6637873313364695,20.144430584139663,0.0,33,0.11,1.8931620959649769,-3.49650756146648,17,2,50,726.396786679713,6.465274742591854,22.33384118515758,3.49650756146648,42,0.0,1.94002380536411,3.49650756146648,18,18,6,795.3515171684918,3.610310159102773,22.29463377215775,2.833213344056216,42,0.11,2.159906472396893,3.8918202981106265,12,2,50,1015.660863481025,5.040313569579132,19.94324196602072,3.49650756146648,40,0.06,2.0501980415321475,2.833213344056216,12,4,50,683.8843374875969,6900,100,11,10
-4.077550045756899,18.2830686947983,-2.2213256282451583,22,0.21,2.6447919445669723,0.0,21,6,50,710.1055546942799,-4.168764951780791,13.498855612984526,0.0,25,0.16,2.143180319704735,-3.49650756146648,22,18,50,415.93085065615,-2.982882583275834,15.480814720359096,-1.416606672028108,25,0.21,2.3401701341307897,-2.833213344056216,21,18,50,585.9233362865011,-3.5648732849155804,15.550515281742642,-2.833213344056216,27,0.17,2.314084172871617,0.0,17,2,50,586.0363866257026,5.388616135416221,20.034394114417285,0.0,31,0.12,1.912818774065216,-3.49650756146648,17,2,50,721.013223986341,5.826893725938787,22.510171688671832,3.49650756146648,41,0.0,1.950630732880403,3.49650756146648,18,18,50,798.3159843071476,4.588182968512571,22.64249200643241,3.1648604527613484,44,0.1,2.1606907759292766,-2.833213344056216,11,2,50,1035.9976091061217,5.68299133190422,20.11976129802876,3.49650756146648,42,0.05,2.0686560378365124,-3.49650756146648,11,4,50,668.5843645903433,6950,100,11,10
-3.5113089189999744,17.85244561577252,-1.6094379124341005,20,0.23,2.6289246068541576,0.0,23,6,50,646.4884268956544,-4.11505562608873,12.99688831865062,0.0,23,0.16,2.111042547510629,-3.49650756146648,24,18,50,406.0144538272552,-2.964254306795985,15.025071357555486,-2.833213344056216,23,0.22,2.3004706858313075,-2.833213344056216,23,18,50,571.1722461251154,-2.97693295982742,15.030936852736176,-2.833213344056216,25,0.18,2.303441165978842,0.0,18,2,50,520.2493389939535,5.974483034187788,19.867302086800272,0.0,31,0.12,1.8931620959649769,-3.49650756146648,16,2,6,681.542040198254,7.638799785060246,22.40153282392413,3.49650756146648,41,0.0,1.9129350397776232,3.49650756146648,17,18,6,808.2774951706617,5.812294556043373,22.35685228070317,3.49650756146648,43,0.11,2.1380902351067186,-2.833213344056216,11,2,50,975.2136954993146,5.694890752987114,19.62600250797971,3.49650756146648,41,0.05,2.0586700036551697,-3.49650756146648,12,4,50,614.1159518754096,7000,100,11,10
-4.107174441683318,17.158129991614512,-1.6094379124341005,21,0.24,2.627105067638614,0.0,24,6,50,649.8557082084465,-4.094500386097319,12.995133315304995,0.0,24,0.17,2.1194265545934337,-3.49650756146648,23,18,50,409.6253565162265,-2.706003253452608,15.387871427401736,-2.833213344056216,24,0.23,2.310960140410412,-2.833213344056216,24,18,50,609.6567628231505,-2.044218222859005,15.32260148936463,0.0,26,0.16,2.3374704850942924,-3.49650756146648,17,2,50,503.80441338429546,7.19181597828361,19.958045601996364,0.0,31,0.11,1.8642902997055488,-3.49650756146648,16,2,50,666.5717358797708,8.491574594011587,22.31073639166976,3.49650756146648,42,0.0,1.8882444141543304,3.49650756146648,15,18,6,730.313802400903,5.1208587707365805,22.216374073472032,3.49650756146648,43,0.12,2.0477475750508214,0.0,12,2,50,926.23324746376,4.702478736779066,19.28079920166225,3.49650756146648,39,0.06,2.045750242169806,-3.49650756146648,12,4,22,612.6442064306932,7050,100,11,10
-4.685653322755789,17.58485820820441,-2.833213344056216,22,0.22,2.645104992549128,0.0,22,6,50,714.6966114386264,-4.048803308064516,13.521026553287705,0.0,26,0.18,2.1526018435405123,-3.49650756146648,20,18,50,422.2605547836804,-2.660190201822258,15.837784287982878,0.0,26,0.24,2.3626001508696586,0.0,24,18,50,623.6301468616291,-2.545049041145612,15.878495959412843,0.0,28,0.16,2.362600150947545,-3.49650756146648,16,2,50,566.5469370240016,7.251581794447158,20.426952228778426,0.0,33,0.1,1.8797590525805887,-3.49650756146648,17,2,50,722.2223994096825,7.024882927172382,22.60138654929405,3.49650756146648,43,0.0,1.9255307293635824,3.49650756146648,16,18,6,813.1836584228296,3.2388766984101767,22.12886690183282,2.833213344056216,41,0.12,2.0796615501912945,-2.833213344056216,12,2,50,989.8503759687848,4.491437283541596,19.582503545427187,3.49650756146648,40,0.06,2.0388536364545806,2.833213344056216,12,4,50,684.1669070497038,7100,100,11,10
-4.089787800071843,18.28182209461788,-2.833213344056216,22,0.21,2.6447919445669723,0.0,21,6,50,705.6629034376618,-4.041026399072249,13.53424212927234,0.0,25,0.16,2.13652637462188,-3.49650756146648,21,18,28,418.3497957732159,-2.632004059985509,15.85570413346674,0.0,25,0.21,2.365818848219421,-2.833213344056216,21,18,50,619.4557732610958,-3.445205452437843,15.577863386854114,-1.416606672028108,27,0.17,2.325788947786846,0.0,17,2,50,585.8250749414879,6.034248850350375,20.34187786580738,0.0,32,0.11,1.9085913805651609,-3.49650756146648,17,2,50,719.4037860737792,5.82900681687361,22.50934870859817,3.49650756146648,41,0.0,1.950630732880403,3.49650756146648,18,18,6,741.0206563507484,4.036481007576252,22.31429337992394,3.1648604527613484,43,0.1,2.1711120978813985,3.8918202981106265,12,2,50,1035.997612214452,5.431519341966649,19.94115935674245,3.49650756146648,41,0.06,2.0651940181062587,2.833213344056216,12,4,50,700.7245787067627,7150,100,11,10
-3.832711029078773,18.06375870452848,-2.2213256282451583,21,0.22,2.6287314690959094,0.0,22,6,50,671.6356227806014,-3.923925895539899,13.211247467781345,0.0,24,0.15,2.126007612869996,-3.49650756146648,24,18,50,384.4539299091279,-3.2790234487964915,15.28710378316409,-2.833213344056216,24,0.21,2.304290300135315,-2.833213344056216,23,18,50,602.6491603251661,-3.354999310883153,15.280219919064049,-2.833213344056216,26,0.17,2.2963673954311035,-3.49650756146648,18,2,50,551.0629589765938,4.995210454853509,19.891362572493083,0.0,30,0.12,1.9059252053401856,-3.49650756146648,17,2,50,691.7335317729315,6.729457356955096,22.47462194216241,3.49650756146648,40,0.0,1.9332808458183008,3.49650756146648,18,18,6,799.5023953803694,5.497525357050488,22.65605418042839,3.49650756146648,44,0.1,2.142812121764598,-2.833213344056216,11,2,50,1001.0241887101296,5.969428326804324,19.792003174156942,3.49650756146648,41,0.05,2.0621320233854235,-3.49650756146648,12,4,50,641.2672535348088,7200,100,11,10
-4.427284579618987,17.366938297628046,-2.2213256282451583,21,0.23,2.629237654836313,0.0,23,6,50,680.7985570301528,-4.500899015765288,13.238202979917952,0.0,24,0.17,2.1301543846534243,-3.49650756146648,24,8,50,437.605777671978,-3.348953592960762,15.263929234373972,-2.833213344056216,24,0.23,2.619727109068126,-2.833213344056216,23,18,50,602.6491596186602,-2.458796156585925,15.581698226753026,-2.833213344056216,26,0.16,2.33602497563955,-3.49650756146648,17,2,50,531.3895212853193,6.212543253777431,20.04156704253924,0.0,31,0.11,1.8810329377807795,-3.49650756146648,17,2,50,694.5521596259402,7.851450043485213,22.54554790754856,3.49650756146648,41,0.0,1.9024549991691009,3.49650756146648,15,18,6,790.2590907175248,5.154424047225786,22.51584453843824,3.1648604527613484,44,0.12,2.0729719058709937,0.0,12,2,50,978.0469127994492,4.785548285319151,19.61949482260873,3.49650756146648,41,0.05,2.0682257878488004,-3.49650756146648,12,4,50,649.0893801836503,7250,100,11,10
-4.370884154848611,17.383037538419515,-2.2213256282451583,21,0.23,2.645104992549128,0.0,23,6,50,683.2196946479086,-4.338195266291547,13.284344411379994,0.0,25,0.18,2.133834917336336,-3.49650756146648,22,18,50,440.9878596585824,-2.402085269711185,15.56902661486996,0.0,25,0.23,2.348591380994175,-2.833213344056216,23,18,50,592.1532269624092,-2.265244917768078,15.610473023794356,0.0,27,0.16,2.3532696901802903,-3.49650756146648,17,2,50,538.5665246862482,7.544651771084274,20.07621400888627,0.0,32,0.1,1.8634536617538893,-3.49650756146648,16,2,50,694.2419901804303,7.934225355273087,22.51678106119352,3.49650756146648,43,0.0,1.9037982531559243,3.49650756146648,15,18,6,777.1816965056867,4.211516309662682,22.187111032787985,3.1648604527613484,41,0.12,2.05710456815764,0.0,12,2,50,961.2066751125042,4.1362375770518005,19.4090720926808,3.49650756146648,39,0.06,2.3966617708004128,2.833213344056216,12,4,50,663.7260592402083,7300,100,11,10
-4.0277825631583495,18.294677532005093,-2.2213256282451583,22,0.21,2.6606592822797865,0.0,21,6,50,711.8633980943978,-4.006061147199498,13.54011871922005,0.0,26,0.17,2.1428079708821746,-3.49650756146648,20,18,50,419.3129271319991,-2.590260011028456,15.85708324533454,0.0,26,0.22,2.3713296946826867,0.0,22,18,50,623.6301429051819,-2.5733811350217013,15.871400338956152,0.0,28,0.17,2.367703218214809,0.0,17,2,50,569.3801464116104,6.66378733133168,20.144430584130564,0.0,33,0.11,1.8931620959649769,-3.49650756146648,17,2,50,726.3967866794053,6.465274742587581,22.333841185147016,3.49650756146648,42,0.0,1.94002380536411,3.49650756146648,18,18,6,795.3515171680683,3.6103101002265374,22.294633835383888,2.833213344056216,42,0.11,2.159906472396893,3.8918202981106265,12,2,50,1015.6608693679306,5.040313510702386,19.94324204092568,3.49650756146648,40,0.06,2.0501980415321475,2.833213344056216,12,4,50,683.8843433746902,7350,100,11,10
-4.077550045753994,18.283068694793943,-2.2213256282451583,22,0.21,2.6447919445669723,0.0,21,6,50,710.1055546939895,-4.168764881130109,13.498855741234925,0.0,25,0.16,2.143180319704735,-3.49650756146648,22,18,50,415.9308435910818,-2.982882512625153,15.480814826777925,-1.416606672028108,25,0.21,2.3401701341307897,-2.833213344056216,21,18,50,585.923329221433,-3.5648732260395257,15.55051537223011,-2.833213344056216,27,0.17,2.314084172871617,0.0,17,2,50,586.0363807380968,5.388616135411947,20.0343941144085,0.0,31,0.12,1.912818774065216,-3.49650756146648,17,2,50,721.0132239860504,5.826893725934683,22.510171688661423,3.49650756146648,41,0.0,1.950630732880403,3.49650756146648,18,18,50,798.3159843068397,4.588182897860857,22.64249208419131,3.1648604527613484,44,0.1,2.1606907759292766,-2.833213344056216,11,2,50,1035.9976161705065,5.682991261252169,20.11976138938477,3.49650756146648,42,0.05,2.0686560378365124,-3.49650756146648,11,4,50,668.5843716549331,7400,100,11,10
-3.5113089189974103,17.852445615768506,-1.6094379124341005,20,0.23,2.6289246068541576,0.0,23,6,50,646.488426895398,-4.115055567213027,12.996888429410088,0.0,23,0.16,2.111042547510629,-3.49650756146648,24,18,50,406.0144479396849,-2.964254247920282,15.025071448854495,-2.833213344056216,23,0.22,2.3004706858313075,-2.833213344056216,23,18,50,571.1722402375451,-2.9769329009517147,15.030936944049229,-2.833213344056216,25,0.18,2.303441165978842,0.0,18,2,50,520.2493331063829,5.974483034183172,19.86730208679164,0.0,31,0.12,1.8931620959649769,-3.49650756146648,16,2,6,681.5420401979525,7.638799785055117,22.401532823913875,3.49650756146648,41,0.0,1.9129350397776232,3.49650756146648,17,18,6,808.2774951702326,5.812294485390986,22.356852363324133,3.49650756146648,43,0.11,2.1380902351067186,-2.833213344056216,11,2,50,975.2137025637326,5.694890682335073,19.626002601677467,3.49650756146648,41,0.05,2.0586700036551697,-3.49650756146648,12,4,50,614.1159589400324,7450,100,11,10
-4.107174441680583,17.15812999161015,-1.6094379124341005,21,0.24,2.627105067638614,0.0,24,6,50,649.8557082081729,-4.094500327221453,12.995133425985918,0.0,24,0.17,2.1194265545934337,-3.49650756146648,23,18,50,409.6253506286399,-2.7060031945767413,15.387871515559764,-2.833213344056216,24,0.23,2.310960140410412,-2.833213344056216,24,18,50,609.6567569355641,-2.0442181522085083,15.322601592554529,0.0,26,0.16,2.3374704850942924,-3.49650756146648,17,2,50,503.80440631924586,7.191815978278481,19.95804560198744,0.0,31,0.11,1.8642902997055488,-3.49650756146648,16,2,50,666.5717358794973,8.491574594006114,22.31073639165929,3.49650756146648,42,0.0,1.8882444141543304,3.49650756146648,15,18,6,730.3138024005056,5.120858711859513,22.21637414092397,3.49650756146648,43,0.12,2.0477475750508214,0.0,12,2,50,926.2332533507148,4.702478677902514,19.28079927810992,3.49650756146648,39,0.06,2.045750242169806,-3.49650756146648,12,4,22,612.6442097807952,7500,100,11,10
-4.685653322752711,17.584858208199723,-2.833213344056216,22,0.22,2.645104992549128,0.0,22,6,50,714.6966114383188,-4.04880323741369,13.52102668070058,0.0,26,0.18,2.1526018435405123,-3.49650756146648,20,18,50,422.26054771859776,-2.660190131171433,15.83778439056328,0.0,26,0.24,2.3626001508696586,0.0,24,18,50,623.6301397965465,-2.545048970494784,15.878496061217918,0.0,28,0.16,2.362600150947545,-3.49650756146648,16,2,50,566.5469299589188,7.251581794442028,20.426952228769185,0.0,33,0.1,1.8797590525805887,-3.49650756146648,17,2,50,722.2223994093747,7.024882927167769,22.601386549283344,3.49650756146648,43,0.0,1.9255307293635824,3.49650756146648,16,18,6,813.1836584223918,3.238876639534144,22.12886696454453,2.833213344056216,41,0.12,2.0796615501912945,-2.833213344056216,12,2,50,989.8503818557044,4.491437224665224,19.582503620062194,3.49650756146648,40,0.06,2.0388536364545806,2.833213344056216,12,4,50,684.1669129367942,7550,100,11,10
-4.089787800068936,18.28182209461352,-2.833213344056216,22,0.21,2.6447919445669723,0.0,21,6,50,705.6629034373713,-4.041026328421603,13.534242256520535,0.0,25,0.16,2.13652637462188,-3.49650756146648,21,18,28,418.3497999156141,-2.6320039893348643,15.855704235805907,0.0,25,0.21,2.365818848219421,-2.833213344056216,21,18,50,619.4557661960313,-3.445205393561817,15.577863476730402,-1.416606672028108,27,0.17,2.325788947786846,0.0,17,2,50,585.8250690538855,6.034248850345759,20.34187786579843,0.0,32,0.11,1.9085913805651609,-3.49650756146648,17,2,50,719.4037860734886,5.829006816869509,22.50934870858776,3.49650756146648,41,0.0,1.950630732880403,3.49650756146648,18,18,6,741.0206563503434,4.036480936924917,22.3142934570801,3.1648604527613484,43,0.1,2.1711120978813985,3.8918202981106265,12,2,50,1035.997619278833,5.431519271314804,19.94115944802589,3.49650756146648,41,0.06,2.0651940181062587,2.833213344056216,12,4,50,700.7245857713316,7600,100,11,10
-3.832711029076037,18.06375870452429,-2.2213256282451583,21,0.22,2.6287314690959094,0.0,22,6,50,671.6356227803278,-3.923925824889434,13.211247597514678,0.0,24,0.15,2.126007612869996,-3.49650756146648,24,18,50,384.4539228440815,-3.279023389920648,15.287103874110088,-2.833213344056216,24,0.21,2.304290300135315,-2.833213344056216,23,18,50,602.6491544375817,-3.354999252007307,15.280220010343765,-2.833213344056216,26,0.17,2.2963673954311035,-3.49650756146648,18,2,50,551.0629530890092,4.995210454849408,19.89136257248438,0.0,30,0.12,1.9059252053401856,-3.49650756146648,17,2,50,691.733531772658,6.729457356950482,22.474621942152066,3.49650756146648,40,0.0,1.9332808458183008,3.49650756146648,18,18,6,799.502395379938,5.497525286398309,22.65605426097632,3.49650756146648,44,0.1,2.142812121764598,-2.833213344056216,11,2,50,1001.0241957745268,5.969428256152149,19.792003268048585,3.49650756146648,41,0.05,2.0621320233854235,-3.49650756146648,12,4,50,641.267260599411,7650,100,11,10
-4.427284579616252,17.36693829762379,-2.2213256282451583,21,0.23,2.629237654836313,0.0,23,6,50,680.7985570298792,-4.500898956889452,13.23820309037401,0.0,24,0.17,2.1301543846534243,-3.49650756146648,24,8,50,437.6057717843945,-3.3489535340849272,15.263929325727773,-2.833213344056216,24,0.23,2.619727109068126,-2.833213344056216,23,18,50,602.6491537310767,-2.458796085935465,15.581698330106777,-2.833213344056216,26,0.16,2.33602497563955,-3.49650756146648,17,2,50,531.3895142202734,6.212543253772646,20.041567042530524,0.0,31,0.11,1.8810329377807795,-3.49650756146648,17,2,50,694.5521596256667,7.851450043479913,22.545547907538232,3.49650756146648,41,0.0,1.9024549991691009,3.49650756146648,15,18,6,790.2590907171095,5.154423976573787,22.51584461841132,3.1648604527613484,44,0.12,2.0729719058709937,0.0,12,2,50,978.0469198638629,4.785548214667668,19.619494913063004,3.49650756146648,41,0.05,2.0682257878488004,-3.49650756146648,12,4,50,649.0893872482513,7700,100,11,10
-4.3708841548457045,17.383037538414982,-2.2213256282451583,21,0.23,2.645104992549128,0.0,23,6,50,683.219694647618,-4.338195207415549,13.284344520730937,0.0,25,0.18,2.133834917336336,-3.49650756146648,22,18,50,440.9878537709825,-2.402085199060567,15.569026718050145,0.0,25,0.23,2.348591380994175,-2.833213344056216,23,18,50,592.1532198973475,-2.265244847117457,15.610473126081285,0.0,27,0.16,2.3532696901802903,-3.49650756146648,17,2,50,538.5665176211861,7.544651771078974,20.07621400887728,0.0,32,0.1,1.8634536617538893,-3.49650756146648,16,2,50,694.2419901801399,7.93422535526796,22.5167810611829,3.49650756146648,43,0.0,1.9037982531559243,3.49650756146648,15,18,6,777.1816965052627,4.211516250786165,22.187111097915903,3.1648604527613484,41,0.12,2.05710456815764,0.0,12,2,50,961.2066809994378,4.13623751817563,19.40907216690544,3.49650756146648,39,0.06,2.3966617708004128,2.833213344056216,12,4,50,663.7260651273125,7750,100,11,10
-4.027782563155272,18.29467753200048,-2.2213256282451583,22,0.21,2.6606592822797865,0.0,21,6,50,711.8633980940901,-4.006061076548718,13.540118846230166,0.0,26,0.17,2.1428079708821746,-3.49650756146648,20,18,50,419.3129200669212,-2.590259940377678,15.857083347478458,0.0,26,0.22,2.3713296946826867,0.0,22,18,50,623.630135840104,-2.573381064370919,15.871400440932796,0.0,28,0.17,2.367703218214809,0.0,17,2,50,569.3801393465322,6.663787331326895,20.144430584121466,0.0,33,0.11,1.8931620959649769,-3.49650756146648,17,2,50,726.3967866790978,6.465274742583307,22.333841185136446,3.49650756146648,42,0.0,1.94002380536411,3.49650756146648,18,18,6,795.3515171676452,3.610310041350372,22.294633898609955,2.833213344056216,42,0.11,2.159906472396893,3.8918202981106265,12,2,50,1015.6608752548292,5.040313451825711,19.94324211583056,3.49650756146648,40,0.06,2.0501980415321475,2.833213344056216,12,4,50,683.8843492617766,7800,100,11,10
-4.077550045751088,18.283068694789588,-2.2213256282451583,22,0.21,2.6447919445669723,0.0,21,6,50,710.1055546936989,-4.168764810479511,13.498855869485174,0.0,25,0.16,2.143180319704735,-3.49650756146648,22,18,50,415.930836526022,-2.9828824419745565,15.480814933196632,-1.416606672028108,25,0.21,2.3401701341307897,-2.833213344056216,21,18,50,585.9233221563733,-3.5648731671635385,15.550515462717476,-2.833213344056216,27,0.17,2.314084172871617,0.0,17,2,50,586.0363748504983,5.388616135407674,20.03439411439971,0.0,31,0.12,1.912818774065216,-3.49650756146648,17,2,50,721.0132239857599,5.826893725930582,22.510171688651013,3.49650756146648,41,0.0,1.950630732880403,3.49650756146648,18,18,50,798.3159843065322,4.588182827209228,22.642492161950123,3.1648604527613484,44,0.1,2.1606907759292766,-2.833213344056216,11,2,50,1035.9976232348831,5.682991190600201,20.11976148074068,3.49650756146648,42,0.05,2.0686560378365124,-3.49650756146648,11,4,50,668.5843787195145,7850,100,11,10
-3.5113089189948465,17.852445615764488,-1.6094379124341005,20,0.23,2.6289246068541576,0.0,23,6,50,646.4884268951416,-4.1150555083373925,12.996888540169431,0.0,23,0.16,2.111042547510629,-3.49650756146648,24,18,50,406.0144420521215,-2.9642541890446488,15.02507154015341,-2.833213344056216,23,0.22,2.3004706858313075,-2.833213344056216,23,18,50,571.1722343499819,-2.976932842076079,15.030937035362175,-2.833213344056216,25,0.18,2.303441165978842,0.0,18,2,50,520.2493272188194,5.974483034178556,19.867302086783013,0.0,31,0.12,1.8931620959649769,-3.49650756146648,16,2,6,681.5420401976509,7.638799785049989,22.40153282390361,3.49650756146648,41,0.0,1.9129350397776232,3.49650756146648,17,18,6,808.2774951698035,5.812294414738684,22.356852445945,3.49650756146648,43,0.11,2.1380902351067186,-2.833213344056216,11,2,50,975.2137096281424,5.694890611683113,19.62600269537511,3.49650756146648,41,0.05,2.0586700036551697,-3.49650756146648,12,4,50,614.1159660046471,7900,100,11,10
-4.107174441677849,17.158129991605787,-1.6094379124341005,21,0.24,2.627105067638614,0.0,24,6,50,649.8557082078994,-4.094500268345656,12.995133536666716,0.0,24,0.17,2.1194265545934337,-3.49650756146648,23,18,50,409.62534474106025,-2.706003135700945,15.38787160371769,-2.833213344056216,24,0.23,2.310960140410412,-2.833213344056216,24,18,50,609.6567510479845,-2.044218081558096,15.322601695744302,0.0,26,0.16,2.3374704850942924,-3.49650756146648,17,2,50,503.80439925420455,7.191815978273354,19.95804560197849,0.0,31,0.11,1.8642902997055488,-3.49650756146648,16,2,50,666.5717358792238,8.491574594000646,22.31073639164883,3.49650756146648,42,0.0,1.8882444141543304,3.49650756146648,15,18,6,730.3138024001081,5.120858652982516,22.216374208375832,3.49650756146648,43,0.12,2.0477475750508214,0.0,12,2,50,926.2332592376624,4.702478619026032,19.280799354557484,3.49650756146648,39,0.06,2.045750242169806,-3.49650756146648,12,4,22,612.6442131308934,7950,100,11,10
-4.685653322749634,17.584858208195033,-2.833213344056216,22,0.22,2.645104992549128,0.0,22,6,50,714.6966114380111,-4.048803166762948,13.521026808113314,0.0,26,0.18,2.1526018435405123,-3.49650756146648,20,18,50,422.2605406535235,-2.6601900605206907,15.83778449314356,0.0,26,0.24,2.3626001508696586,0.0,24,18,50,623.6301327314724,-2.545048899844039,15.878496163022875,0.0,28,0.16,2.362600150947545,-3.49650756146648,16,2,50,566.5469228938443,7.251581794436901,20.42695222875994,0.0,33,0.1,1.8797590525805887,-3.49650756146648,17,2,50,722.2223994090671,7.024882927163151,22.60138654927264,3.49650756146648,43,0.0,1.9255307293635824,3.49650756146648,16,18,6,813.183658421954,3.238876580658179,22.128867027256177,2.833213344056216,41,0.12,2.0796615501912945,-2.833213344056216,12,2,50,989.8503877426172,4.49143716578892,19.58250369469712,3.49650756146648,40,0.06,2.0388536364545806,2.833213344056216,12,4,50,684.1669188238774,8000,100,11,10
-4.089787800066031,18.281822094609165,-2.833213344056216,22,0.21,2.6447919445669723,0.0,21,6,50,705.6629034370806,-4.041026257771042,13.534242383768593,0.0,25,0.16,2.13652637462188,-3.49650756146648,21,18,28,418.34980405800746,-2.6320039186843034,15.855704338144957,0.0,25,0.21,2.365818848219421,-2.833213344056216,21,18,50,619.4557591309753,-3.445205334685862,15.577863566606585,-1.416606672028108,27,0.17,2.325788947786846,0.0,17,2,50,585.8250631662897,6.034248850341145,20.341877865789485,0.0,32,0.11,1.9085913805651609,-3.49650756146648,17,2,50,719.403786073198,5.829006816865405,22.50934870857735,3.49650756146648,41,0.0,1.950630732880403,3.49650756146648,18,18,6,741.0206563499386,4.036480866273665,22.31429353423617,3.1648604527613484,43,0.1,2.1711120978813985,3.8918202981106265,12,2,50,1035.9976263432063,5.431519200663043,19.941159539309226,3.49650756146648,41,0.06,2.0651940181062587,2.833213344056216,12,4,50,700.7245928358923,8050,100,11,10
-3.832711029073303,18.063758704520104,-2.2213256282451583,21,0.22,2.6287314690959094,0.0,22,6,50,671.6356227800543,-3.923925754239054,13.211247727247866,0.0,24,0.15,2.126007612869996,-3.49650756146648,24,18,50,384.4539157790434,-3.279023331044874,15.287103965055984,-2.833213344056216,24,0.21,2.304290300135315,-2.833213344056216,23,18,50,602.6491485500044,-3.3549991931315297,15.280220101623376,-2.833213344056216,26,0.17,2.2963673954311035,-3.49650756146648,18,2,50,551.0629472014315,4.995210454845306,19.89136257247567,0.0,30,0.12,1.9059252053401856,-3.49650756146648,17,2,50,691.7335317723846,6.729457356945867,22.47462194214172,3.49650756146648,40,0.0,1.9332808458183008,3.49650756146648,18,18,6,799.5023953795065,5.497525215746215,22.65605434152416,3.49650756146648,44,0.1,2.142812121764598,-2.833213344056216,11,2,50,1001.024202838916,5.969428185500058,19.79200336194013,3.49650756146648,41,0.05,2.0621320233854235,-3.49650756146648,12,4,50,641.2672676640047,8100,100,11,10
-4.4272845796135165,17.366938297619527,-2.2213256282451583,21,0.23,2.629237654836313,0.0,23,6,50,680.7985570296057,-4.500898898013687,13.23820320082994,0.0,24,0.17,2.1301543846534243,-3.49650756146648,24,8,50,437.6057658968178,-3.3489534752091625,15.263929417081467,-2.833213344056216,24,0.23,2.619727109068126,-2.833213344056216,23,18,50,602.6491478435,-2.4587960152850883,15.581698433460415,-2.833213344056216,26,0.16,2.33602497563955,-3.49650756146648,17,2,50,531.3895071552357,6.212543253767858,20.04156704252181,0.0,31,0.11,1.8810329377807795,-3.49650756146648,17,2,50,694.5521596253932,7.851450043474615,22.545547907527908,3.49650756146648,41,0.0,1.9024549991691009,3.49650756146648,15,18,6,790.2590907166943,5.154423905921873,22.51584469838432,3.1648604527613484,44,0.12,2.0729719058709937,0.0,12,2,50,978.046926928268,4.7855481440162695,19.619495003517176,3.49650756146648,41,0.05,2.0682257878488004,-3.49650756146648,12,4,50,649.0893943128442,8150,100,11,10
-4.370884154842799,17.383037538410452,-2.2213256282451583,21,0.23,2.645104992549128,0.0,23,6,50,683.2196946473275,-4.33819514853962,13.284344630081748,0.0,25,0.18,2.133834917336336,-3.49650756146648,22,18,50,440.9878478833896,-2.4020851284100324,15.569026821230215,0.0,25,0.23,2.348591380994175,-2.833213344056216,23,18,50,592.153212832294,-2.26524477646692,15.610473228368091,0.0,27,0.16,2.3532696901802903,-3.49650756146648,17,2,50,538.5665105561325,7.544651771073676,20.07621400886828,0.0,32,0.1,1.8634536617538893,-3.49650756146648,16,2,50,694.2419901798493,7.934225355262832,22.516781061172285,3.49650756146648,43,0.0,1.9037982531559243,3.49650756146648,15,18,6,777.1816965048388,4.211516191909719,22.18711116304375,3.1648604527613484,41,0.12,2.05710456815764,0.0,12,2,50,961.2066868863644,4.136237459299528,19.40907224112999,3.49650756146648,39,0.06,2.3966617708004128,2.833213344056216,12,4,50,663.7260710144099,8200,100,11,10
-4.027782563152195,18.294677531995863,-2.2213256282451583,22,0.21,2.6606592822797865,0.0,21,6,50,711.8633980937825,-4.006061005898022,13.54011897324014,0.0,26,0.17,2.1428079708821746,-3.49650756146648,20,18,50,419.3129130018516,-2.590259869726982,15.857083449622255,0.0,26,0.22,2.3713296946826867,0.0,22,18,50,623.6301287750346,-2.573380993720221,15.871400542909326,0.0,28,0.17,2.367703218214809,0.0,17,2,50,569.3801322814625,6.663787331322111,20.14443058411236,0.0,33,0.11,1.8931620959649769,-3.49650756146648,17,2,50,726.39678667879,6.465274742579035,22.333841185125884,3.49650756146648,42,0.0,1.94002380536411,3.49650756146648,18,18,6,795.3515171672219,3.610309982474277,22.29463396183596,2.833213344056216,42,0.11,2.159906472396893,3.8918202981106265,12,2,50,1015.6608811417208,5.040313392949105,19.943242190735347,3.49650756146648,40,0.06,2.0501980415321475,2.833213344056216,12,4,50,683.884355148856,8250,100,11,10
-4.077550045748181,18.283068694785232,-2.2213256282451583,22,0.21,2.6447919445669723,0.0,21,6,50,710.1055546934082,-4.168764739828996,13.498855997735282,0.0,25,0.16,2.143180319704735,-3.49650756146648,22,18,50,415.9308294609705,-2.982882371324042,15.480815039615225,-1.416606672028108,25,0.21,2.3401701341307897,-2.833213344056216,21,18,50,585.9233150913219,-3.564873108287621,15.550515553204738,-2.833213344056216,27,0.17,2.314084172871617,0.0,17,2,50,586.0363689629066,5.3886161354034,20.034394114390924,0.0,31,0.12,1.912818774065216,-3.49650756146648,17,2,50,721.0132239854693,5.826893725926478,22.5101716886406,3.49650756146648,41,0.0,1.950630732880403,3.49650756146648,18,18,50,798.3159843062244,4.588182756557682,22.64249223970885,3.1648604527613484,44,0.1,2.1606907759292766,-2.833213344056216,11,2,50,1035.997630299251,5.682991119948315,20.11976157209648,3.49650756146648,42,0.05,2.0686560378365124,-3.49650756146648,11,4,50,668.5843857840875,8300,100,11,10
-3.511308918992282,17.852445615760473,-1.6094379124341005,20,0.23,2.6289246068541576,0.0,23,6,50,646.4884268948853,-4.1150554494618286,12.996888650928646,0.0,23,0.16,2.111042547510629,-3.49650756146648,24,18,50,406.014436164565,-2.964254130169084,15.025071631452214,-2.833213344056216,23,0.22,2.3004706858313075,-2.833213344056216,23,18,50,571.1722284624253,-2.976932783200512,15.030937126675015,-2.833213344056216,25,0.18,2.303441165978842,0.0,18,2,50,520.2493213312626,5.974483034173942,19.867302086774377,0.0,31,0.12,1.8931620959649769,-3.49650756146648,16,2,6,681.5420401973494,7.638799785044861,22.40153282389335,3.49650756146648,41,0.0,1.9129350397776232,3.49650756146648,17,18,6,808.2774951693747,5.812294344086462,22.356852528565778,3.49650756146648,43,0.11,2.1380902351067186,-2.833213344056216,11,2,50,975.213716692544,5.694890541031239,19.62600278907265,3.49650756146648,41,0.05,2.0586700036551697,-3.49650756146648,12,4,50,614.1159730692534,8350,100,11,10
-4.107174441675114,17.158129991601424,-1.6094379124341005,21,0.24,2.627105067638614,0.0,24,6,50,649.8557082076259,-4.094500209469928,12.995133647347387,0.0,24,0.17,2.1194265545934337,-3.49650756146648,23,18,50,409.62533885348745,-2.706003076825218,15.387871691875512,-2.833213344056216,24,0.23,2.310960140410412,-2.833213344056216,24,18,50,609.6567451604119,-2.044218010907765,15.322601798933963,0.0,26,0.16,2.3374704850942924,-3.49650756146648,17,2,50,503.8043921891715,7.1918159782682265,19.958045601969555,0.0,31,0.11,1.8642902997055488,-3.49650756146648,16,2,50,666.5717358789502,8.491574593995177,22.31073639163837,3.49650756146648,42,0.0,1.8882444141543304,3.49650756146648,15,18,6,730.3138023997107,5.120858594105587,22.21637427582762,3.49650756146648,43,0.12,2.0477475750508214,0.0,12,2,50,926.2332651246032,4.702478560149619,19.28079943100497,3.49650756146648,39,0.06,2.045750242169806,-3.49650756146648,12,4,22,612.6442164809876,8400,100,11,10
-4.685653322746558,17.584858208190347,-2.833213344056216,22,0.22,2.645104992549128,0.0,22,6,50,714.6966114377033,-4.048803096112287,13.5210269355259,0.0,26,0.18,2.1526018435405123,-3.49650756146648,20,18,50,422.2605335884575,-2.660189989870032,15.837784595723727,0.0,26,0.24,2.3626001508696586,0.0,24,18,50,623.6301256664065,-2.545048829193377,15.878496264827724,0.0,28,0.16,2.362600150947545,-3.49650756146648,16,2,50,566.5469158287781,7.251581794431773,20.4269522287507,0.0,33,0.1,1.8797590525805887,-3.49650756146648,17,2,50,722.2223994087594,7.0248829271585365,22.60138654926193,3.49650756146648,43,0.0,1.9255307293635824,3.49650756146648,16,18,6,813.1836584215163,3.2388765217822857,22.128867089967752,2.833213344056216,41,0.12,2.0796615501912945,-2.833213344056216,12,2,50,989.8503936295228,4.491437106912686,19.582503769331947,3.49650756146648,40,0.06,2.0388536364545806,2.833213344056216,12,4,50,684.1669247109538,8450,100,11,10
-4.0897878000631245,18.281822094604813,-2.833213344056216,22,0.21,2.6447919445669723,0.0,21,6,50,705.6629034367901,-4.041026187120564,13.534242511016496,0.0,25,0.16,2.13652637462188,-3.49650756146648,21,18,28,418.34980820039607,-2.6320038480338264,15.855704440483894,0.0,25,0.21,2.365818848219421,-2.833213344056216,21,18,50,619.4557520659275,-3.445205275809975,15.577863656482664,-1.416606672028108,27,0.17,2.325788947786846,0.0,17,2,50,585.8250572787013,6.034248850336527,20.34187786578053,0.0,32,0.11,1.9085913805651609,-3.49650756146648,17,2,50,719.4037860729075,5.829006816861305,22.50934870856694,3.49650756146648,41,0.0,1.950630732880403,3.49650756146648,18,18,6,741.0206563495337,4.036480795622499,22.31429361139216,3.1648604527613484,43,0.1,2.1711120978813985,3.8918202981106265,12,2,50,1035.997633407571,5.431519130011366,19.94115963059246,3.49650756146648,41,0.06,2.0651940181062587,2.833213344056216,12,4,50,700.7245999004447,8500,100,11,10
-3.832711029070568,18.06375870451592,-2.2213256282451583,21,0.22,2.6287314690959094,0.0,22,6,50,671.6356227797809,-3.923925683588757,13.211247856980902,0.0,24,0.15,2.126007612869996,-3.49650756146648,24,18,50,384.4539087140136,-3.27902327216917,15.287104056001777,-2.833213344056216,24,0.21,2.304290300135315,-2.833213344056216,23,18,50,602.6491426624339,-3.3549991342558227,15.280220192902885,-2.833213344056216,26,0.17,2.2963673954311035,-3.49650756146648,18,2,50,551.0629413138607,4.995210454841202,19.89136257246696,0.0,30,0.12,1.9059252053401856,-3.49650756146648,17,2,50,691.7335317721111,6.729457356941251,22.474621942131368,3.49650756146648,40,0.0,1.9332808458183008,3.49650756146648,18,18,6,799.5023953790752,5.4975251450942,22.656054422071904,3.49650756146648,44,0.1,2.142812121764598,-2.833213344056216,11,2,50,1001.0242099032968,5.969428114848046,19.792003455831555,3.49650756146648,41,0.05,2.0621320233854235,-3.49650756146648,12,4,50,641.2672747285903,8550,100,11,10
-4.427284579610782,17.36693829761527,-2.2213256282451583,21,0.23,2.629237654836313,0.0,23,6,50,680.7985570293323,-4.50089883913799,13.238203311285746,0.0,24,0.17,2.1301543846534243,-3.49650756146648,24,8,50,437.6057600092482,-3.348953416333466,15.263929508435062,-2.833213344056216,24,0.23,2.619727109068126,-2.833213344056216,23,18,50,602.6491419559304,-2.458795944634795,15.581698536813931,-2.833213344056216,26,0.16,2.33602497563955,-3.49650756146648,17,2,50,531.3895000902064,6.212543253763073,20.04156704251309,0.0,31,0.11,1.8810329377807795,-3.49650756146648,17,2,50,694.5521596251198,7.851450043469316,22.54554790751758,3.49650756146648,41,0.0,1.9024549991691009,3.49650756146648,15,18,6,790.2590907162789,5.154423835270039,22.51584477835724,3.1648604527613484,44,0.12,2.0729719058709937,0.0,12,2,50,978.0469339926648,4.785548073364954,19.619495093971253,3.49650756146648,41,0.05,2.0682257878488004,-3.49650756146648,12,4,50,649.0894013774289,8600,100,11,10
-4.370884154839892,17.38303753840592,-2.2213256282451583,21,0.23,2.645104992549128,0.0,23,6,50,683.2196946470367,-4.338195089663761,13.284344739432436,0.0,25,0.18,2.133834917336336,-3.49650756146648,22,18,50,440.9878419958037,-2.402085057759582,15.569026924410167,0.0,25,0.23,2.348591380994175,-2.833213344056216,23,18,50,592.1532057672491,-2.2652447058164653,15.610473330654786,0.0,27,0.16,2.3532696901802903,-3.49650756146648,17,2,50,538.5665034910869,7.5446517710683745,20.07621400885928,0.0,32,0.1,1.8634536617538893,-3.49650756146648,16,2,50,694.2419901795587,7.934225355257703,22.516781061161662,3.49650756146648,43,0.0,1.9037982531559243,3.49650756146648,15,18,6,777.1816965044148,4.211516133033341,22.187111228171524,3.1648604527613484,41,0.12,2.05710456815764,0.0,12,2,50,961.2066927732842,4.136237400423496,19.409072315354457,3.49650756146648,39,0.06,2.3966617708004128,2.833213344056216,12,4,50,663.7260769015004,8650,100,11,10
-4.027782563149119,18.294677531991244,-2.2213256282451583,22,0.21,2.6606592822797865,0.0,21,6,50,711.8633980934749,-4.00606093524741,13.540119100249964,0.0,26,0.17,2.1428079708821746,-3.49650756146648,20,18,50,419.3129059367903,-2.5902597990763714,15.857083551765944,0.0,26,0.22,2.3713296946826867,0.0,22,18,50,623.6301217099733,-2.5733809230696054,15.871400644885735,0.0,28,0.17,2.367703218214809,0.0,17,2,50,569.3801252164009,6.663787331317324,20.144430584103265,0.0,33,0.11,1.8931620959649769,-3.49650756146648,17,2,50,726.3967866784824,6.46527474257476,22.333841185115315,3.49650756146648,42,0.0,1.94002380536411,3.49650756146648,18,18,6,795.3515171667987,3.610309923598249,22.29463402506188,2.833213344056216,42,0.11,2.159906472396893,3.8918202981106265,12,2,50,1015.6608870286055,5.040313334072567,19.94324226564005,3.49650756146648,40,0.06,2.0501980415321475,2.833213344056216,12,4,50,683.8843610359285,8700,100,11,10
-4.077550045745276,18.28306869478088,-2.2213256282451583,22,0.21,2.6447919445669723,0.0,21,6,50,710.1055546931177,-4.1687646691785645,13.498856125985238,0.0,25,0.16,2.143180319704735,-3.49650756146648,22,18,50,415.9308223959273,-2.9828823006736105,15.480815146033686,-1.416606672028108,25,0.21,2.3401701341307897,-2.833213344056216,21,18,50,585.9233080262788,-3.5648730494117733,15.5505156436919,-2.833213344056216,27,0.17,2.314084172871617,0.0,17,2,50,586.0363630753218,5.388616135399127,20.03439411438214,0.0,31,0.12,1.912818774065216,-3.49650756146648,17,2,50,721.0132239851787,5.8268937259223765,22.510171688630187,3.49650756146648,41,0.0,1.950630732880403,3.49650756146648,18,18,50,798.3159843059167,4.588182685906218,22.642492317467493,3.1648604527613484,44,0.1,2.1606907759292766,-2.833213344056216,11,2,50,1035.9976373636114,5.682991049296513,20.11976166345218,3.49650756146648,42,0.05,2.0686560378365124,-3.49650756146648,11,4,50,668.5843928486524,8750,100,11,10
-3.5113089189897178,17.852445615756455,-1.6094379124341005,20,0.23,2.6289246068541576,0.0,23,6,50,646.4884268946288,-4.115055390586332,12.996888761687735,0.0,23,0.16,2.111042547510629,-3.49650756146648,24,18,50,406.0144302770154,-2.9642540712935896,15.025071722750916,-2.833213344056216,23,0.22,2.3004706858313075,-2.833213344056216,23,18,50,571.172222574876,-2.9769327243250148,15.030937217987756,-2.833213344056216,25,0.18,2.303441165978842,0.0,18,2,50,520.2493154437129,5.974483034169326,19.867302086765743,0.0,31,0.12,1.8931620959649769,-3.49650756146648,16,2,6,681.5420401970479,7.638799785039733,22.40153282388309,3.49650756146648,41,0.0,1.9129350397776232,3.49650756146648,17,18,6,808.2774951689456,5.812294273434325,22.35685261118646,3.49650756146648,43,0.11,2.1380902351067186,-2.833213344056216,11,2,50,975.2137237569372,5.694890470379447,19.626002882770088,3.49650756146648,41,0.05,2.0586700036551697,-3.49650756146648,12,4,50,614.1159801338515,8800,100,11,10
-4.107174441672378,17.15812999159706,-1.6094379124341005,21,0.24,2.627105067638614,0.0,24,6,50,649.8557082073523,-4.09450015059427,12.995133758027931,0.0,24,0.17,2.1194265545934337,-3.49650756146648,23,18,50,409.6253329659216,-2.7060030179495613,15.38787178003324,-2.833213344056216,24,0.23,2.310960140410412,-2.833213344056216,24,18,50,609.656739272846,-2.0442179402575182,15.322601902123507,0.0,26,0.16,2.3374704850942924,-3.49650756146648,17,2,50,503.8043851241469,7.191815978263097,19.958045601960617,0.0,31,0.11,1.8642902997055488,-3.49650756146648,16,2,50,666.5717358786767,8.491574593989705,22.31073639162792,3.49650756146648,42,0.0,1.8882444141543304,3.49650756146648,15,18,6,730.3138023993127,5.120858535228726,22.216374343279327,3.49650756146648,43,0.12,2.0477475750508214,0.0,12,2,50,926.2332710115368,4.702478501273276,19.280799507452368,3.49650756146648,39,0.06,2.045750242169806,-3.49650756146648,12,4,22,612.6442198310779,8850,100,11,10
-4.685653322743481,17.584858208185658,-2.833213344056216,22,0.22,2.645104992549128,0.0,22,6,50,714.6966114373956,-4.048803025461711,13.521027062938344,0.0,26,0.18,2.1526018435405123,-3.49650756146648,20,18,50,422.2605265233999,-2.660189919219457,15.837784698303777,0.0,26,0.24,2.3626001508696586,0.0,24,18,50,623.630118601349,-2.5450487585427988,15.87849636663245,0.0,28,0.16,2.362600150947545,-3.49650756146648,16,2,50,566.5469087637202,7.251581794426644,20.426952228741456,0.0,33,0.1,1.8797590525805887,-3.49650756146648,17,2,50,722.2223994084516,7.0248829271539215,22.601386549251224,3.49650756146648,43,0.0,1.9255307293635824,3.49650756146648,16,18,6,813.1836584210783,3.23887646290646,22.12886715267925,2.833213344056216,41,0.12,2.0796615501912945,-2.833213344056216,12,2,50,989.8503995164216,4.491437048036522,19.58250384396669,3.49650756146648,40,0.06,2.0388536364545806,2.833213344056216,12,4,50,684.1669305980233,8900,100,11,10
-4.089787800060218,18.28182209460046,-2.833213344056216,22,0.21,2.6447919445669723,0.0,21,6,50,705.6629034364994,-4.041026116470168,13.534242638264258,0.0,25,0.16,2.13652637462188,-3.49650756146648,21,18,28,418.34981234277984,-2.632003777383432,15.855704542822712,0.0,25,0.21,2.365818848219421,-2.833213344056216,21,18,50,619.4557450008881,-3.4452052169341583,15.577863746358643,-1.416606672028108,27,0.17,2.325788947786846,0.0,17,2,50,585.8250513911194,6.034248850331913,20.34187786577159,0.0,32,0.11,1.9085913805651609,-3.49650756146648,17,2,50,719.4037860726169,5.829006816857201,22.509348708556523,3.49650756146648,41,0.0,1.950630732880403,3.49650756146648,18,18,6,741.020656349129,4.036480724971413,22.31429368854806,3.1648604527613484,43,0.1,2.1711120978813985,3.8918202981106265,12,2,50,1035.9976404719273,5.431519059359771,19.94115972187559,3.49650756146648,41,0.06,2.0651940181062587,2.833213344056216,12,4,50,700.7246069649887,8950,100,11,10
-3.832711029067833,18.06375870451173,-2.2213256282451583,21,0.22,2.6287314690959094,0.0,22,6,50,671.6356227795072,-3.9239256129385423,13.21124798671379,0.0,24,0.15,2.126007612869996,-3.49650756146648,24,18,50,384.45390164899214,-3.279023213293535,15.287104146947463,-2.833213344056216,24,0.21,2.304290300135315,-2.833213344056216,23,18,50,602.6491367748704,-3.354999075380185,15.28022028418229,-2.833213344056216,26,0.17,2.2963673954311035,-3.49650756146648,18,2,50,551.0629354262969,4.9952104548371,19.89136257245825,0.0,30,0.12,1.9059252053401856,-3.49650756146648,17,2,50,691.7335317718374,6.729457356936634,22.47462194212102,3.49650756146648,40,0.0,1.9332808458183008,3.49650756146648,18,18,6,799.5023953786435,5.497525074442271,22.65605450261956,3.49650756146648,44,0.1,2.142812121764598,-2.833213344056216,11,2,50,1001.0242169676692,5.96942804419612,19.79200354972288,3.49650756146648,41,0.05,2.0621320233854235,-3.49650756146648,12,4,50,641.2672817931675,9000,100,11,10
-4.427284579608047,17.36693829761101,-2.2213256282451583,21,0.23,2.629237654836313,0.0,23,6,50,680.7985570290588,-4.500898780262362,13.238203421741424,0.0,24,0.17,2.1301543846534243,-3.49650756146648,24,8,50,437.6057541216855,-3.3489533574578387,15.26392959978855,-2.833213344056216,24,0.23,2.619727109068126,-2.833213344056216,23,18,50,602.6491360683679,-2.458795873984585,15.581698640167332,-2.833213344056216,26,0.16,2.33602497563955,-3.49650756146648,17,2,50,531.3894930251854,6.212543253758287,20.04156704250437,0.0,31,0.11,1.8810329377807795,-3.49650756146648,17,2,50,694.5521596248462,7.851450043464016,22.54554790750725,3.49650756146648,41,0.0,1.9024549991691009,3.49650756146648,15,18,6,790.2590907158637,5.154423764618291,22.51584485833005,3.1648604527613484,44,0.12,2.0729719058709937,0.0,12,2,50,978.0469410570532,4.785548002713722,19.619495184425222,3.49650756146648,41,0.05,2.0682257878488004,-3.49650756146648,12,4,50,649.0894084420052,9050,100,11,10
-4.370884154836987,17.38303753840139,-2.2213256282451583,21,0.23,2.645104992549128,0.0,23,6,50,683.2196946467462,-4.338195030787971,13.284344848783002,0.0,25,0.18,2.133834917336336,-3.49650756146648,22,18,50,440.9878361082247,-2.402084987109214,15.569027027590003,0.0,25,0.23,2.348591380994175,-2.833213344056216,23,18,50,592.1531987022122,-2.265244635166094,15.610473432941363,0.0,27,0.16,2.3532696901802903,-3.49650756146648,17,2,50,538.5664964260498,7.544651771063076,20.07621400885029,0.0,32,0.1,1.8634536617538893,-3.49650756146648,16,2,50,694.241990179268,7.934225355252575,22.516781061151047,3.49650756146648,43,0.0,1.9037982531559243,3.49650756146648,15,18,6,777.1816965039909,4.211516074157034,22.187111293299218,3.1648604527613484,41,0.12,2.05710456815764,0.0,12,2,50,961.2066986601972,4.136237341547532,19.40907238957885,3.49650756146648,39,0.06,2.3966617708004128,2.833213344056216,12,4,50,663.7260827885839,9100,100,11,10
-4.027782563146042,18.29467753198663,-2.2213256282451583,22,0.21,2.6606592822797865,0.0,21,6,50,711.863398093167,-4.00606086459688,13.540119227259645,0.0,26,0.17,2.1428079708821746,-3.49650756146648,20,18,50,419.3128988717374,-2.590259728425841,15.857083653909507,0.0,26,0.22,2.3713296946826867,0.0,22,18,50,623.6301146449205,-2.5733808524190738,15.871400746862037,0.0,28,0.17,2.367703218214809,0.0,17,2,50,569.3801181513477,6.6637873313125375,20.14443058409416,0.0,33,0.11,1.8931620959649769,-3.49650756146648,17,2,50,726.3967866781747,6.465274742570487,22.333841185104745,3.49650756146648,42,0.0,1.94002380536411,3.49650756146648,18,18,6,795.3515171663754,3.610309864722291,22.294634088287733,2.833213344056216,42,0.11,2.159906472396893,3.8918202981106265,12,2,50,1015.6608929154834,5.040313275196101,19.943242340544675,3.49650756146648,40,0.06,2.0501980415321475,2.833213344056216,12,4,50,683.8843669229941,9150,100,11,10
-4.07755004574237,18.28306869477652,-2.2213256282451583,22,0.21,2.6447919445669723,0.0,21,6,50,710.105554692827,-4.168764598528215,13.498856254235047,0.0,25,0.16,2.143180319704735,-3.49650756146648,22,18,50,415.9308153308924,-2.982882230023263,15.480815252452034,-1.416606672028108,25,0.21,2.3401701341307897,-2.833213344056216,21,18,50,585.923300961244,-3.564872990535996,15.550515734178957,-2.833213344056216,27,0.17,2.314084172871617,0.0,17,2,50,586.036357187744,5.3886161353948525,20.03439411437335,0.0,31,0.12,1.912818774065216,-3.49650756146648,17,2,50,721.0132239848881,5.826893725918275,22.51017168861977,3.49650756146648,41,0.0,1.950630732880403,3.49650756146648,18,18,50,798.315984305609,4.588182615254837,22.642492395226046,3.1648604527613484,44,0.1,2.1606907759292766,-2.833213344056216,11,2,50,1035.9976444279632,5.682990978644795,20.11976175480777,3.49650756146648,42,0.05,2.0686560378365124,-3.49650756146648,11,4,50,668.5843999132089,9200,100,11,10
-3.511308918987153,17.852445615752437,-1.6094379124341005,20,0.23,2.6289246068541576,0.0,23,6,50,646.4884268943724,-4.115055331710907,12.996888872446698,0.0,23,0.16,2.111042547510629,-3.49650756146648,24,18,50,406.0144243894729,-2.964254012418164,15.025071814049513,-2.833213344056216,23,0.22,2.3004706858313075,-2.833213344056216,23,18,50,571.1722166873334,-2.976932665449586,15.030937309300397,-2.833213344056216,25,0.18,2.303441165978842,0.0,18,2,50,520.2493095561701,5.97448303416471,19.86730208675711,0.0,31,0.12,1.8931620959649769,-3.49650756146648,16,2,6,681.5420401967461,7.638799785034604,22.40153282387283,3.49650756146648,41,0.0,1.9129350397776232,3.49650756146648,17,18,6,808.2774951685165,5.812294202782272,22.35685269380705,3.49650756146648,43,0.11,2.1380902351067186,-2.833213344056216,11,2,50,975.213730821322,5.694890399727739,19.62600297646741,3.49650756146648,41,0.05,2.0586700036551697,-3.49650756146648,12,4,50,614.1159871984411,9250,100,11,10
-4.107174441669644,17.1581299915927,-1.6094379124341005,21,0.24,2.627105067638614,0.0,24,6,50,649.8557082070788,-4.0945000917186825,12.995133868708352,0.0,24,0.17,2.1194265545934337,-3.49650756146648,23,18,50,409.6253270783628,-2.706002959073973,15.387871868190864,-2.833213344056216,24,0.23,2.310960140410412,-2.833213344056216,24,18,50,609.6567333852872,-2.0442178696073547,15.322602005312936,0.0,26,0.16,2.3374704850942924,-3.49650756146648,17,2,50,503.8043780591305,7.19181597825797,19.958045601951685,0.0,31,0.11,1.8642902997055488,-3.49650756146648,16,2,50,666.5717358784032,8.491574593984234,22.31073639161746,3.49650756146648,42,0.0,1.8882444141543304,3.49650756146648,15,18,6,730.3138023989152,5.120858476351938,22.21637441073096,3.49650756146648,43,0.12,2.0477475750508214,0.0,12,2,50,926.2332768984638,4.702478442397,19.28079958389968,3.49650756146648,39,0.06,2.045750242169806,-3.49650756146648,12,4,22,612.644223181164,9300,100,11,10
-4.6856533227404045,17.58485820818097,-2.833213344056216,22,0.22,2.645104992549128,0.0,22,6,50,714.696611437088,-4.048802954811219,13.52102719035064,0.0,26,0.18,2.1526018435405123,-3.49650756146648,20,18,50,422.2605194583506,-2.660189848568965,15.837784800883709,0.0,26,0.24,2.3626001508696586,0.0,24,18,50,623.6301115362996,-2.545048687892303,15.878496468437069,0.0,28,0.16,2.362600150947545,-3.49650756146648,16,2,50,566.5469016986707,7.251581794421517,20.42695222873221,0.0,33,0.1,1.8797590525805887,-3.49650756146648,17,2,50,722.2223994081439,7.024882927149306,22.60138654924052,3.49650756146648,43,0.0,1.9255307293635824,3.49650756146648,16,18,6,813.1836584206407,3.238876404030703,22.12886721539068,2.833213344056216,41,0.12,2.0796615501912945,-2.833213344056216,12,2,50,989.8504054033136,4.491436989160427,19.582503918601365,3.49650756146648,40,0.06,2.0388536364545806,2.833213344056216,12,4,50,684.1669364850858,9350,100,11,10
-4.089787800057312,18.281822094596105,-2.833213344056216,22,0.21,2.6447919445669723,0.0,21,6,50,705.6629034362088,-4.041026045819855,13.534242765511877,0.0,25,0.16,2.13652637462188,-3.49650756146648,21,18,28,418.3498164851589,-2.632003706733121,15.855704645161415,0.0,25,0.21,2.365818848219421,-2.833213344056216,21,18,50,619.455737935857,-3.44520515805841,15.57786383623452,-1.416606672028108,27,0.17,2.325788947786846,0.0,17,2,50,585.8250455035446,6.034248850327299,20.341877865762644,0.0,32,0.11,1.9085913805651609,-3.49650756146648,17,2,50,719.4037860723262,5.829006816853098,22.50934870854612,3.49650756146648,41,0.0,1.950630732880403,3.49650756146648,18,18,6,741.020656348724,4.036480654320411,22.31429376570387,3.1648604527613484,43,0.1,2.1711120978813985,3.8918202981106265,12,2,50,1035.9976475362755,5.43151898870826,19.941159813158617,3.49650756146648,41,0.06,2.0651940181062587,2.833213344056216,12,4,50,700.7246140295244,9400,100,11,10
-3.8327110290650976,18.063758704507546,-2.2213256282451583,21,0.22,2.6287314690959094,0.0,22,6,50,671.6356227792339,-3.923925542288411,13.211248116446528,0.0,24,0.15,2.126007612869996,-3.49650756146648,24,18,50,384.45389458397904,-3.279023154417968,15.28710423789305,-2.833213344056216,24,0.21,2.304290300135315,-2.833213344056216,23,18,50,602.6491308873138,-3.3549990165046166,15.28022037546159,-2.833213344056216,26,0.17,2.2963673954311035,-3.49650756146648,18,2,50,551.06292953874,4.995210454832997,19.891362572449548,0.0,30,0.12,1.9059252053401856,-3.49650756146648,17,2,50,691.733531771564,6.729457356932021,22.47462194211067,3.49650756146648,40,0.0,1.9332808458183008,3.49650756146648,18,18,6,799.5023953782123,5.497525003790425,22.656054583167123,3.49650756146648,44,0.1,2.142812121764598,-2.833213344056216,11,2,50,1001.0242240320334,5.96942797354428,19.79200364361409,3.49650756146648,41,0.05,2.0621320233854235,-3.49650756146648,12,4,50,641.2672888577365,9450,100,11,10
-4.427284579605312,17.366938297606747,-2.2213256282451583,21,0.23,2.629237654836313,0.0,23,6,50,680.7985570287854,-4.500898721386803,13.238203532196977,0.0,24,0.17,2.1301543846534243,-3.49650756146648,24,8,50,437.6057482341296,-3.3489532985822814,15.263929691141934,-2.833213344056216,24,0.23,2.619727109068126,-2.833213344056216,23,18,50,602.6491301808121,-2.458795803334458,15.581698743520615,-2.833213344056216,26,0.16,2.33602497563955,-3.49650756146648,17,2,50,531.3894859601728,6.2125432537535,20.04156704249565,0.0,31,0.11,1.8810329377807795,-3.49650756146648,17,2,50,694.5521596245727,7.851450043458718,22.545547907496925,3.49650756146648,41,0.0,1.9024549991691009,3.49650756146648,15,18,6,790.2590907154486,5.154423693966627,22.515844938302774,3.1648604527613484,44,0.12,2.0729719058709937,0.0,12,2,50,978.0469481214336,4.785547932062571,19.619495274879093,3.49650756146648,41,0.05,2.0682257878488004,-3.49650756146648,12,4,50,649.089415506573,9500,100,11,10
-4.37088415483408,17.383037538396856,-2.2213256282451583,21,0.23,2.645104992549128,0.0,23,6,50,683.2196946464555,-4.33819497191225,13.284344958133444,0.0,25,0.18,2.133834917336336,-3.49650756146648,22,18,50,440.9878302206525,-2.402084916458929,15.569027130769722,0.0,25,0.23,2.348591380994175,-2.833213344056216,23,18,50,592.1531916371838,-2.2652445645158057,15.610473535227824,0.0,27,0.16,2.3532696901802903,-3.49650756146648,17,2,50,538.566489361021,7.544651771057778,20.076214008841287,0.0,32,0.1,1.8634536617538893,-3.49650756146648,16,2,50,694.2419901789774,7.934225355247448,22.516781061140428,3.49650756146648,43,0.0,1.9037982531559243,3.49650756146648,15,18,6,777.1816965035669,4.211516015280796,22.187111358426844,3.1648604527613484,41,0.12,2.05710456815764,0.0,12,2,50,961.2067045471032,4.136237282671639,19.409072463803145,3.49650756146648,39,0.06,2.3966617708004128,2.833213344056216,12,4,50,663.7260886756604,9550,100,11,10
-4.0277825631429645,18.29467753198201,-2.2213256282451583,22,0.21,2.6606592822797865,0.0,21,6,50,711.8633980928595,-4.006060793946434,13.540119354269182,0.0,26,0.17,2.1428079708821746,-3.49650756146648,20,18,50,419.3128918066927,-2.5902596577753965,15.857083756052962,0.0,26,0.22,2.3713296946826867,0.0,22,18,50,623.6301075798758,-2.5733807817686243,15.871400848838215,0.0,28,0.17,2.367703218214809,0.0,17,2,50,569.3801110863028,6.663787331307751,20.14443058408506,0.0,33,0.11,1.8931620959649769,-3.49650756146648,17,2,50,726.3967866778669,6.465274742566213,22.333841185094176,3.49650756146648,42,0.0,1.94002380536411,3.49650756146648,18,18,6,795.3515171659519,3.6103098058464025,22.29463415151352,2.833213344056216,42,0.11,2.159906472396893,3.8918202981106265,12,2,50,1015.6608988023544,5.040313216319701,19.943242415449213,3.49650756146648,40,0.06,2.0501980415321475,2.833213344056216,12,4,50,683.8843728100528,9600,100,11,10
-4.077550045739464,18.28306869477217,-2.2213256282451583,22,0.21,2.6447919445669723,0.0,21,6,50,710.1055546925365,-4.168764527877949,13.498856382484712,0.0,25,0.16,2.143180319704735,-3.49650756146648,22,18,50,415.9308082658659,-2.982882159372998,15.480815358870256,-1.416606672028108,25,0.21,2.3401701341307897,-2.833213344056216,21,18,50,585.9232938962175,-3.564872931660287,15.550515824665908,-2.833213344056216,27,0.17,2.314084172871617,0.0,17,2,50,586.0363513001731,5.38861613539058,20.034394114364563,0.0,31,0.12,1.912818774065216,-3.49650756146648,17,2,50,721.0132239845975,5.826893725914171,22.51017168860936,3.49650756146648,41,0.0,1.950630732880403,3.49650756146648,18,18,50,798.3159843053013,4.588182544603542,22.642492472984507,3.1648604527613484,44,0.1,2.1606907759292766,-2.833213344056216,11,2,50,1035.9976514923069,5.682990907993159,20.119761846163268,3.49650756146648,42,0.05,2.0686560378365124,-3.49650756146648,11,4,50,668.5844069777572,9650,100,11,10
-3.51130891898459,17.852445615748422,-1.6094379124341005,20,0.23,2.6289246068541576,0.0,23,6,50,646.488426894116,-4.11505527283555,12.996888983205531,0.0,23,0.16,2.111042547510629,-3.49650756146648,24,18,50,406.01441850193714,-2.9642539535428085,15.025071905348009,-2.833213344056216,23,0.22,2.3004706858313075,-2.833213344056216,23,18,50,571.1722107997978,-2.9769326065742274,15.030937400612926,-2.833213344056216,25,0.18,2.303441165978842,0.0,18,2,50,520.2493036686342,5.974483034160096,19.86730208674848,0.0,31,0.12,1.8931620959649769,-3.49650756146648,16,2,6,681.5420401964446,7.638799785029477,22.40153282386257,3.49650756146648,41,0.0,1.9129350397776232,3.49650756146648,17,18,6,808.2774951680873,5.812294132130302,22.35685277642754,3.49650756146648,43,0.11,2.1380902351067186,-2.833213344056216,11,2,50,975.2137378856988,5.694890329076113,19.62600307016464,3.49650756146648,41,0.05,2.0586700036551697,-3.49650756146648,12,4,50,614.1159942630225,9700,100,11,10
-4.107174441666909,17.158129991588336,-1.6094379124341005,21,0.24,2.627105067638614,0.0,24,6,50,649.8557082068054,-4.094500032843162,12.995133979388646,0.0,24,0.17,2.1194265545934337,-3.49650756146648,23,18,50,409.6253211908109,-2.7060029001984542,15.387871956348391,-2.833213344056216,24,0.23,2.310960140410412,-2.833213344056216,24,18,50,609.6567274977353,-2.0442177989572743,15.322602108502249,0.0,26,0.16,2.3374704850942924,-3.49650756146648,17,2,50,503.8043709941225,7.191815978252842,19.958045601942747,0.0,31,0.11,1.8642902997055488,-3.49650756146648,16,2,50,666.5717358781297,8.491574593978763,22.310736391607,3.49650756146648,42,0.0,1.8882444141543304,3.49650756146648,15,18,6,730.3138023985179,5.120858417475216,22.21637447818252,3.49650756146648,43,0.12,2.0477475750508214,0.0,12,2,50,926.2332827853838,4.702478383520795,19.280799660346908,3.49650756146648,39,0.06,2.045750242169806,-3.49650756146648,12,4,22,612.6442265312464,9750,100,11,10
-4.685653322737327,17.584858208176282,-2.833213344056216,22,0.22,2.645104992549128,0.0,22,6,50,714.6966114367804,-4.048802884160809,13.521027317762789,0.0,26,0.18,2.1526018435405123,-3.49650756146648,20,18,50,422.2605123933097,-2.660189777918556,15.837784903463524,0.0,26,0.24,2.3626001508696586,0.0,24,18,50,623.6301044712587,-2.545048617241891,15.878496570241564,0.0,28,0.16,2.362600150947545,-3.49650756146648,16,2,50,566.5468946336296,7.251581794416387,20.42695222872297,0.0,33,0.1,1.8797590525805887,-3.49650756146648,17,2,50,722.2223994078363,7.024882927144691,22.601386549229808,3.49650756146648,43,0.0,1.9255307293635824,3.49650756146648,16,18,6,813.183658420203,3.2388763451550164,22.12886727810204,2.833213344056216,41,0.12,2.0796615501912945,-2.833213344056216,12,2,50,989.8504112901984,4.4914369302844,19.582503993235942,3.49650756146648,40,0.06,2.0388536364545806,2.833213344056216,12,4,50,684.1669423721414,9800,100,11,10
-4.089787800054407,18.28182209459176,-2.833213344056216,22,0.21,2.6447919445669723,0.0,21,6,50,705.6629034359182,-4.041025975169627,13.534242892759346,0.0,25,0.16,2.13652637462188,-3.49650756146648,21,18,28,418.349820627533,-2.632003636082892,15.855704747500004,0.0,25,0.21,2.365818848219421,-2.833213344056216,21,18,50,619.455730870834,-3.4452050991827314,15.577863926110297,-1.416606672028108,27,0.17,2.325788947786846,0.0,17,2,50,585.8250396159768,6.034248850322682,20.34187786575369,0.0,32,0.11,1.9085913805651609,-3.49650756146648,17,2,50,719.4037860720356,5.829006816848996,22.5093487085357,3.49650756146648,41,0.0,1.950630732880403,3.49650756146648,18,18,6,741.0206563483191,4.036480583669493,22.31429384285959,3.1648604527613484,43,0.1,2.1711120978813985,3.8918202981106265,12,2,50,1035.997654600615,5.431518918056833,19.94115990444154,3.49650756146648,41,0.06,2.0651940181062587,2.833213344056216,12,4,50,700.7246210940518,9850,100,11,10
-3.832711029062363,18.063758704503364,-2.2213256282451583,21,0.22,2.6287314690959094,0.0,22,6,50,671.6356227789604,-3.923925471638363,13.211248246179125,0.0,24,0.15,2.126007612869996,-3.49650756146648,24,18,50,384.4538875189743,-3.2790230955424726,15.287104328838536,-2.833213344056216,24,0.21,2.304290300135315,-2.833213344056216,23,18,50,602.6491249997641,-3.354998957629117,15.280220466740788,-2.833213344056216,26,0.17,2.2963673954311035,-3.49650756146648,18,2,50,551.0629236511902,4.995210454828895,19.89136257244084,0.0,30,0.12,1.9059252053401856,-3.49650756146648,17,2,50,691.7335317712905,6.729457356927404,22.47462194210032,3.49650756146648,40,0.0,1.9332808458183008,3.49650756146648,18,18,6,799.5023953777808,5.49752493313866,22.656054663714595,3.49650756146648,44,0.1,2.142812121764598,-2.833213344056216,11,2,50,1001.0242310963891,5.969427902892517,19.7920037375052,3.49650756146648,41,0.05,2.0621320233854235,-3.49650756146648,12,4,50,641.2672959222971,9900,100,11,10
-4.427284579602576,17.366938297602488,-2.2213256282451583,21,0.23,2.629237654836313,0.0,23,6,50,680.7985570285117,-4.5008986625113145,13.238203642652405,0.0,24,0.17,2.1301543846534243,-3.49650756146648,24,8,50,437.6057423465808,-3.3489532397067934,15.263929782495216,-2.833213344056216,24,0.23,2.619727109068126,-2.833213344056216,23,18,50,602.6491242932632,-2.458795732684414,15.58169884687378,-2.833213344056216,26,0.16,2.33602497563955,-3.49650756146648,17,2,50,531.3894788951682,6.212543253748713,20.04156704248693,0.0,31,0.11,1.8810329377807795,-3.49650756146648,17,2,50,694.5521596242993,7.851450043453417,22.545547907486604,3.49650756146648,41,0.0,1.9024549991691009,3.49650756146648,15,18,6,790.2590907150333,5.154423623315044,22.51584501827541,3.1648604527613484,44,0.12,2.0729719058709937,0.0,12,2,50,978.0469551858056,4.785547861411507,19.619495365332853,3.49650756146648,41,0.05,2.0682257878488004,-3.49650756146648,12,4,50,649.0894225711327,9950,100,11,10
-4.370884154831176,17.383037538392326,-2.2213256282451583,21,0.23,2.645104992549128,0.0,23,6,50,683.219694646165,-4.338194913036599,13.28434506748376,0.0,25,0.18,2.133834917336336,-3.49650756146648,22,18,50,440.98782433308736,-2.402084845808728,15.569027233949322,0.0,25,0.23,2.348591380994175,-2.833213344056216,23,18,50,592.1531845721636,-2.2652444938656013,15.61047363751417,0.0,27,0.16,2.3532696901802903,-3.49650756146648,17,2,50,538.5664822960005,7.544651771052478,20.076214008832288,0.0,32,0.1,1.8634536617538893,-3.49650756146648,16,2,50,694.2419901786868,7.934225355242319,22.516781061129805,3.49650756146648,43,0.0,1.9037982531559243,3.49650756146648,15,18,6,777.1816965031428,4.211515956404626,22.187111423554395,3.1648604527613484,41,0.12,2.05710456815764,0.0,12,2,50,961.2067104340022,4.136237223795813,19.40907253802736,3.49650756146648,39,0.06,2.3966617708004128,2.833213344056216,12,4,50,663.7260945627302,10000,100,11,10
-4.027782563139887,18.2946775319774,-2.2213256282451583,22,0.21,2.6606592822797865,0.0,21,6,50,711.8633980925517,-4.00606072329607,13.540119481278577,0.0,26,0.17,2.1428079708821746,-3.49650756146648,20,18,50,419.3128847416564,-2.590259587125033,15.8570838581963,0.0,26,0.22,2.3713296946826867,0.0,22,18,50,623.6301005148396,-2.573380711118259,15.871400950814282,0.0,28,0.17,2.367703218214809,0.0,17,2,50,569.3801040212663,6.663787331302964,20.14443058407596,0.0,33,0.11,1.8931620959649769,-3.49650756146648,17,2,50,726.3967866775594,6.465274742561941,22.33384118508361,3.49650756146648,42,0.0,1.94002380536411,3.49650756146648,18,18,6,795.3515171655287,3.610309746970585,22.294634214739222,2.833213344056216,42,0.11,2.159906472396893,3.8918202981106265,12,2,50,1015.6609046892185,5.040313157443373,19.94324249035367,3.49650756146648,40,0.06,2.0501980415321475,2.833213344056216,12,4,50,683.8843786971045,10050,100,11,10
-4.077550045736558,18.283068694767813,-2.2213256282451583,22,0.21,2.6447919445669723,0.0,21,6,50,710.1055546922457,-4.168764457227767,13.498856510734232,0.0,25,0.16,2.143180319704735,-3.49650756146648,22,18,50,415.93080120084767,-2.982882088722816,15.48081546528836,-1.416606672028108,25,0.21,2.3401701341307897,-2.833213344056216,21,18,50,585.9232868311994,-3.564872872784646,15.55051591515276,-2.833213344056216,27,0.17,2.314084172871617,0.0,17,2,50,586.0363454126091,5.3886161353863065,20.034394114355774,0.0,31,0.12,1.912818774065216,-3.49650756146648,17,2,50,721.0132239843069,5.82689372591007,22.510171688598952,3.49650756146648,41,0.0,1.950630732880403,3.49650756146648,18,18,50,798.3159843049935,4.588182473952329,22.642492550742883,3.1648604527613484,44,0.1,2.1606907759292766,-2.833213344056216,11,2,50,1035.9976585566417,5.682990837341606,20.11976193751865,3.49650756146648,42,0.05,2.0686560378365124,-3.49650756146648,11,4,50,668.584414042297,10100,100,11,10
-3.5113089189820257,17.852445615744408,-1.6094379124341005,20,0.23,2.6289246068541576,0.0,23,6,50,646.4884268938597,-4.115055213960262,12.996889093964244,0.0,23,0.16,2.111042547510629,-3.49650756146648,24,18,50,406.01441261440846,-2.964253894667521,15.0250719966464,-2.833213344056216,23,0.22,2.3004706858313075,-2.833213344056216,23,18,50,571.1722049122691,-2.976932547698938,15.030937491925355,-2.833213344056216,25,0.18,2.303441165978842,0.0,18,2,50,520.2492977811053,5.97448303415548,19.867302086739844,0.0,31,0.12,1.8931620959649769,-3.49650756146648,16,2,6,681.542040196143,7.638799785024349,22.401532823852307,3.49650756146648,41,0.0,1.9129350397776232,3.49650756146648,17,18,6,808.2774951676583,5.812294061478414,22.35685285904794,3.49650756146648,43,0.11,2.1380902351067186,-2.833213344056216,11,2,50,975.2137449500668,5.694890258424571,19.626003163861743,3.49650756146648,41,0.05,2.0586700036551697,-3.49650756146648,12,4,50,614.1160013275955,10150,100,11,10
-4.107174441664173,17.158129991583973,-1.6094379124341005,21,0.24,2.627105067638614,0.0,24,6,50,649.855708206532,-4.094499973967712,12.995134090068808,0.0,24,0.17,2.1194265545934337,-3.49650756146648,23,18,50,409.6253153032658,-2.7060028413230053,15.387872044505816,-2.833213344056216,24,0.23,2.310960140410412,-2.833213344056216,24,18,50,609.6567216101905,-2.044217728307277,15.32260221169144,0.0,26,0.16,2.3374704850942924,-3.49650756146648,17,2,50,503.8043639291227,7.191815978247713,19.95804560193381,0.0,31,0.11,1.8642902997055488,-3.49650756146648,16,2,50,666.5717358778562,8.491574593973294,22.310736391596546,3.49650756146648,42,0.0,1.8882444141543304,3.49650756146648,15,18,6,730.3138023981203,5.120858358598564,22.216374545634,3.49650756146648,43,0.12,2.0477475750508214,0.0,12,2,50,926.2332886722968,4.70247832464466,19.280799736794044,3.49650756146648,39,0.06,2.045750242169806,-3.49650756146648,12,4,22,612.6442298813251,10200,100,11,10
-4.68565332273425,17.5848582081716,-2.833213344056216,22,0.22,2.645104992549128,0.0,22,6,50,714.6966114364726,-4.048802813510481,13.521027445174797,0.0,26,0.18,2.1526018435405123,-3.49650756146648,20,18,50,422.26050532827696,-2.66018970726823,15.837785006043225,0.0,26,0.24,2.3626001508696586,0.0,24,18,50,623.6300974062262,-2.5450485465915613,15.878496672045944,0.0,28,0.16,2.362600150947545,-3.49650756146648,16,2,50,566.5468875685965,7.251581794411258,20.426952228713727,0.0,33,0.1,1.8797590525805887,-3.49650756146648,17,2,50,722.2223994075287,7.024882927140077,22.601386549219104,3.49650756146648,43,0.0,1.9255307293635824,3.49650756146648,16,18,6,813.1836584197653,3.2388762862793983,22.12886734081333,2.833213344056216,41,0.12,2.0796615501912945,-2.833213344056216,12,2,50,989.8504171770765,4.491436871408444,19.58250406787044,3.49650756146648,40,0.06,2.0388536364545806,2.833213344056216,12,4,50,684.1669482591901,10250,100,11,10
-4.0897878000515,18.2818220945874,-2.833213344056216,22,0.21,2.6447919445669723,0.0,21,6,50,705.6629034356276,-4.041025904519481,13.534243020006674,0.0,25,0.16,2.13652637462188,-3.49650756146648,21,18,28,418.3498247699024,-2.632003565432748,15.855704849838476,0.0,25,0.21,2.365818848219421,-2.833213344056216,21,18,50,619.4557238058196,-3.445205040307122,15.577864015985968,-1.416606672028108,27,0.17,2.325788947786846,0.0,17,2,50,585.825033728416,6.0342488503180665,20.34187786574476,0.0,32,0.11,1.9085913805651609,-3.49650756146648,17,2,50,719.403786071745,5.829006816844892,22.50934870852529,3.49650756146648,41,0.0,1.950630732880403,3.49650756146648,18,18,6,741.0206563479143,4.036480513018657,22.314293920015228,3.1648604527613484,43,0.1,2.1711120978813985,3.8918202981106265,12,2,50,1035.9976616649465,5.431518847405488,19.94115999572436,3.49650756146648,41,0.06,2.0651940181062587,2.833213344056216,12,4,50,700.724628158571,10300,100,11,10
-3.832711029059628,18.06375870449918,-2.2213256282451583,21,0.22,2.6287314690959094,0.0,22,6,50,671.6356227786869,-3.9239254009883977,13.211248375911568,0.0,24,0.15,2.126007612869996,-3.49650756146648,24,18,50,384.4538804539777,-3.279023036667045,15.287104419783912,-2.833213344056216,24,0.21,2.304290300135315,-2.833213344056216,23,18,50,602.6491191122213,-3.3549988987536867,15.28022055801988,-2.833213344056216,26,0.17,2.2963673954311035,-3.49650756146648,18,2,50,551.0629177636472,4.995210454824792,19.89136257243213,0.0,30,0.12,1.9059252053401856,-3.49650756146648,17,2,50,691.7335317710169,6.72945735692279,22.47462194208997,3.49650756146648,40,0.0,1.9332808458183008,3.49650756146648,18,18,6,799.5023953773494,5.497524862486981,22.65605474426197,3.49650756146648,44,0.1,2.142812121764598,-2.833213344056216,11,2,50,1001.0242381607368,5.969427832240841,19.792003831396205,3.49650756146648,41,0.05,2.0621320233854235,-3.49650756146648,12,4,50,641.2673029868495,10350,100,11,10
-4.427284579599842,17.366938297598228,-2.2213256282451583,21,0.23,2.629237654836313,0.0,23,6,50,680.7985570282383,-4.500898603635896,13.238203753107705,0.0,24,0.17,2.1301543846534243,-3.49650756146648,24,8,50,437.6057364590388,-3.3489531808313746,15.263929873848392,-2.833213344056216,24,0.23,2.619727109068126,-2.833213344056216,23,18,50,602.6491184057213,-2.4587956620344533,15.58169895022683,-2.833213344056216,26,0.16,2.33602497563955,-3.49650756146648,17,2,50,531.3894718301722,6.212543253743928,20.041567042478217,0.0,31,0.11,1.8810329377807795,-3.49650756146648,17,2,50,694.5521596240258,7.85145004344812,22.54554790747628,3.49650756146648,41,0.0,1.9024549991691009,3.49650756146648,15,18,6,790.2590907146181,5.154423552663544,22.515845098247954,3.1648604527613484,44,0.12,2.0729719058709937,0.0,12,2,50,978.0469622501691,4.785547790760523,19.61949545578652,3.49650756146648,41,0.05,2.0682257878488004,-3.49650756146648,12,4,50,649.0894296356839,10400,100,11,10
-4.370884154828269,17.383037538387796,-2.2213256282451583,21,0.23,2.645104992549128,0.0,23,6,50,683.2196946458744,-4.338194854161016,13.28434517683395,0.0,25,0.18,2.133834917336336,-3.49650756146648,22,18,50,440.9878184455292,-2.4020847751586096,15.56902733712881,0.0,25,0.23,2.348591380994175,-2.833213344056216,23,18,50,592.1531775071517,-2.26524442321548,15.610473739800398,0.0,27,0.16,2.3532696901802903,-3.49650756146648,17,2,50,538.5664752309883,7.54465177104718,20.076214008823293,0.0,32,0.1,1.8634536617538893,-3.49650756146648,16,2,50,694.2419901783962,7.934225355237192,22.51678106111919,3.49650756146648,43,0.0,1.9037982531559243,3.49650756146648,15,18,6,777.181696502719,4.211515897528527,22.18711148868187,3.1648604527613484,41,0.12,2.05710456815764,0.0,12,2,50,961.206716320894,4.136237164920058,19.40907261225149,3.49650756146648,39,0.06,2.3966617708004128,2.833213344056216,12,4,50,663.7261004497929,10450,100,11,10
-4.027782563136811,18.29467753197278,-2.2213256282451583,22,0.21,2.6606592822797865,0.0,21,6,50,711.8633980922441,-4.006060652645791,13.540119608287824,0.0,26,0.17,2.1428079708821746,-3.49650756146648,20,18,50,419.3128776766284,-2.590259516474755,15.857083960339518,0.0,26,0.22,2.3713296946826867,0.0,22,18,50,623.6300934498116,-2.573380640467976,15.87140105279023,0.0,28,0.17,2.367703218214809,0.0,17,2,50,569.3800969562379,6.6637873312981775,20.14443058406686,0.0,33,0.11,1.8931620959649769,-3.49650756146648,17,2,50,726.3967866772516,6.465274742557666,22.33384118507304,3.49650756146648,42,0.0,1.94002380536411,3.49650756146648,18,18,6,795.3515171651054,3.610309688094834,22.294634277964857,2.833213344056216,42,0.11,2.159906472396893,3.8918202981106265,12,2,50,1015.6609105760754,5.040313098567112,19.943242565258032,3.49650756146648,40,0.06,2.0501980415321475,2.833213344056216,12,4,50,683.8843845841493,10500,100,11,10
-4.077550045733653,18.283068694763458,-2.2213256282451583,22,0.21,2.6447919445669723,0.0,21,6,50,710.1055546919554,-4.168764386577669,13.498856638983602,0.0,25,0.16,2.143180319704735,-3.49650756146648,22,18,50,415.9307941358377,-2.9828820180727185,15.48081557170634,-1.416606672028108,25,0.21,2.3401701341307897,-2.833213344056216,21,18,50,585.9232797661895,-3.5648728139090764,15.550516005639512,-2.833213344056216,27,0.17,2.314084172871617,0.0,17,2,50,586.036339525052,5.388616135382033,20.034394114346988,0.0,31,0.12,1.912818774065216,-3.49650756146648,17,2,50,721.0132239840163,5.826893725905967,22.510171688588542,3.49650756146648,41,0.0,1.950630732880403,3.49650756146648,18,18,50,798.315984304686,4.588182403301195,22.64249262850117,3.1648604527613484,44,0.1,2.1606907759292766,-2.833213344056216,11,2,50,1035.9976656209683,5.682990766690137,20.119762028873936,3.49650756146648,42,0.05,2.0686560378365124,-3.49650756146648,11,4,50,668.5844211068286,10550,100,11,10
-3.511308918979461,17.852445615740386,-1.6094379124341005,20,0.23,2.6289246068541576,0.0,23,6,50,646.4884268936032,-4.115055155085044,12.996889204722828,0.0,23,0.16,2.111042547510629,-3.49650756146648,24,18,50,406.0144067268866,-2.964253835792304,15.025072087944686,-2.833213344056216,23,0.22,2.3004706858313075,-2.833213344056216,23,18,50,571.1721990247474,-2.976932488823717,15.030937583237682,-2.833213344056216,25,0.18,2.303441165978842,0.0,18,2,50,520.2492918935832,5.974483034150865,19.86730208673121,0.0,31,0.12,1.8931620959649769,-3.49650756146648,16,2,6,681.5420401958414,7.63879978501922,22.401532823842047,3.49650756146648,41,0.0,1.9129350397776232,3.49650756146648,17,18,6,808.2774951672293,5.812293990826609,22.356852941668244,3.49650756146648,43,0.11,2.1380902351067186,-2.833213344056216,11,2,50,975.2137520144267,5.694890187773111,19.62600325755876,3.49650756146648,41,0.05,2.0586700036551697,-3.49650756146648,12,4,50,614.1160083921602,10600,100,11,10
-4.107174441661439,17.15812999157961,-1.6094379124341005,21,0.24,2.627105067638614,0.0,24,6,50,649.8557082062584,-4.094499915092332,12.995134200748849,0.0,24,0.17,2.1194265545934337,-3.49650756146648,23,18,50,409.62530941572777,-2.706002782447625,15.387872132663142,-2.833213344056216,24,0.23,2.310960140410412,-2.833213344056216,24,18,50,609.6567157226524,-2.044217657657363,15.322602314880516,0.0,26,0.16,2.3374704850942924,-3.49650756146648,17,2,50,503.8043568641313,7.191815978242585,19.95804560192488,0.0,31,0.11,1.8642902997055488,-3.49650756146648,16,2,50,666.5717358775828,8.491574593967826,22.310736391586083,3.49650756146648,42,0.0,1.8882444141543304,3.49650756146648,15,18,6,730.3138023977226,5.120858299721981,22.2163746130854,3.49650756146648,43,0.12,2.0477475750508214,0.0,12,2,50,926.2332945592028,4.702478265768593,19.28079981324109,3.49650756146648,39,0.06,2.045750242169806,-3.49650756146648,12,4,22,612.6442332313997,10650,100,11,10
-4.685653322731173,17.584858208166906,-2.833213344056216,22,0.22,2.645104992549128,0.0,22,6,50,714.6966114361649,-4.048802742860238,13.521027572586656,0.0,26,0.18,2.1526018435405123,-3.49650756146648,20,18,50,422.2604982632525,-2.660189636617988,15.837785108622809,0.0,26,0.24,2.3626001508696586,0.0,24,18,50,623.630090341202,-2.545048475941316,15.87849677385021,0.0,28,0.16,2.362600150947545,-3.49650756146648,16,2,50,566.5468805035721,7.251581794406134,20.426952228704486,0.0,33,0.1,1.8797590525805887,-3.49650756146648,17,2,50,722.2223994072209,7.024882927135462,22.6013865492084,3.49650756146648,43,0.0,1.9255307293635824,3.49650756146648,16,18,6,813.1836584193272,3.2388762274038503,22.12886740352454,2.833213344056216,41,0.12,2.0796615501912945,-2.833213344056216,12,2,50,989.8504230639476,4.491436812532556,19.58250414250485,3.49650756146648,40,0.06,2.0388536364545806,2.833213344056216,12,4,50,684.1669541462318,10700,100,11,10
-4.089787800048595,18.28182209458305,-2.833213344056216,22,0.21,2.6447919445669723,0.0,21,6,50,705.6629034353371,-4.041025833869419,13.534243147253854,0.0,25,0.16,2.13652637462188,-3.49650756146648,21,18,28,418.34982891226673,-2.6320034947826856,15.855704952176827,0.0,25,0.21,2.365818848219421,-2.833213344056216,21,18,50,619.4557167408134,-3.4452049814315826,15.577864105861538,-1.416606672028108,27,0.17,2.325788947786846,0.0,17,2,50,585.8250278408618,6.034248850313453,20.341877865735803,0.0,32,0.11,1.9085913805651609,-3.49650756146648,17,2,50,719.4037860714543,5.82900681684079,22.50934870851488,3.49650756146648,41,0.0,1.950630732880403,3.49650756146648,18,18,6,741.0206563475095,4.036480442367906,22.31429399717077,3.1648604527613484,43,0.1,2.1711120978813985,3.8918202981106265,12,2,50,1035.9976687292697,5.431518776754225,19.94116008700708,3.49650756146648,41,0.06,2.0651940181062587,2.833213344056216,12,4,50,700.7246352230818,10750,100,11,10
-3.832711029056893,18.06375870449499,-2.2213256282451583,21,0.22,2.6287314690959094,0.0,22,6,50,671.6356227784133,-3.923925330338517,13.211248505643866,0.0,24,0.15,2.126007612869996,-3.49650756146648,24,18,50,384.4538733889896,-3.2790229777916875,15.287104510729188,-2.833213344056216,24,0.21,2.304290300135315,-2.833213344056216,23,18,50,602.6491132246856,-3.354998839878326,15.280220649298872,-2.833213344056216,26,0.17,2.2963673954311035,-3.49650756146648,18,2,50,551.0629118761111,4.99521045482069,19.89136257242341,0.0,30,0.12,1.9059252053401856,-3.49650756146648,17,2,50,691.7335317707435,6.729457356918174,22.474621942079622,3.49650756146648,40,0.0,1.9332808458183008,3.49650756146648,18,18,6,799.5023953769179,5.497524791835386,22.656054824809264,3.49650756146648,44,0.1,2.142812121764598,-2.833213344056216,11,2,50,1001.024245225076,5.969427761589248,19.79200392528709,3.49650756146648,41,0.05,2.0621320233854235,-3.49650756146648,12,4,50,641.2673100513933,10800,100,11,10
-4.4272845795971065,17.36693829759397,-2.2213256282451583,21,0.23,2.629237654836313,0.0,23,6,50,680.7985570279648,-4.5008985447605445,13.238203863562877,0.0,24,0.17,2.1301543846534243,-3.49650756146648,24,8,50,437.6057305715037,-3.348953121956025,15.263929965201465,-2.833213344056216,24,0.23,2.619727109068126,-2.833213344056216,23,18,50,602.6491125181864,-2.458795591384576,15.58169905357976,-2.833213344056216,26,0.16,2.33602497563955,-3.49650756146648,17,2,50,531.3894647651845,6.212543253739142,20.0415670424695,0.0,31,0.11,1.8810329377807795,-3.49650756146648,17,2,50,694.5521596237522,7.851450043442819,22.54554790746595,3.49650756146648,41,0.0,1.9024549991691009,3.49650756146648,15,18,6,790.2590907142028,5.154423482012128,22.51584517822041,3.1648604527613484,44,0.12,2.0729719058709937,0.0,12,2,50,978.0469693145244,4.785547720109623,19.61949554624008,3.49650756146648,41,0.05,2.0682257878488004,-3.49650756146648,12,4,50,649.0894367002268,10850,100,11,10
-4.3708841548253625,17.383037538383263,-2.2213256282451583,21,0.23,2.645104992549128,0.0,23,6,50,683.2196946455838,-4.338194795285503,13.28434528618402,0.0,25,0.18,2.133834917336336,-3.49650756146648,22,18,50,440.9878125579779,-2.402084704508574,15.569027440308174,0.0,25,0.23,2.348591380994175,-2.833213344056216,23,18,50,592.1531704421483,-2.2652443525654413,15.61047384208651,0.0,27,0.16,2.3532696901802903,-3.49650756146648,17,2,50,538.5664681659845,7.544651771041882,20.076214008814294,0.0,32,0.1,1.8634536617538893,-3.49650756146648,16,2,50,694.2419901781057,7.934225355232064,22.516781061108567,3.49650756146648,43,0.0,1.9037982531559243,3.49650756146648,15,18,6,777.181696502295,4.211515838652495,22.18711155380927,3.1648604527613484,41,0.12,2.05710456815764,0.0,12,2,50,961.2067222077792,4.136237106044373,19.409072686475536,3.49650756146648,39,0.06,2.3966617708004128,2.833213344056216,12,4,50,663.7261063368485,10900,100,11,10
-4.027782563133734,18.29467753196816,-2.2213256282451583,22,0.21,2.6606592822797865,0.0,21,6,50,711.8633980919363,-4.006060581995594,13.540119735296924,0.0,26,0.17,2.1428079708821746,-3.49650756146648,20,18,50,419.3128706116086,-2.5902594458245587,15.857084062482624,0.0,26,0.22,2.3713296946826867,0.0,22,18,50,623.6300863847921,-2.573380569817777,15.871401154766067,0.0,28,0.17,2.367703218214809,0.0,17,2,50,569.3800898912181,6.663787331293391,20.14443058405776,0.0,33,0.11,1.8931620959649769,-3.49650756146648,17,2,50,726.396786676944,6.465274742553394,22.333841185062475,3.49650756146648,42,0.0,1.94002380536411,3.49650756146648,18,18,6,795.3515171646821,3.6103096292191537,22.294634341190427,2.833213344056216,42,0.11,2.159906472396893,3.8918202981106265,12,2,50,1015.6609164629256,5.040313039690924,19.943242640162307,3.49650756146648,40,0.06,2.0501980415321475,2.833213344056216,12,4,50,683.8843904711872,10950,100,11,10
-4.077550045730747,18.283068694759105,-2.2213256282451583,22,0.21,2.6447919445669723,0.0,21,6,50,710.1055546916648,-4.168764315927652,13.498856767232828,0.0,25,0.16,2.143180319704735,-3.49650756146648,22,18,50,415.9307870708361,-2.982881947422704,15.480815678124204,-1.416606672028108,25,0.21,2.3401701341307897,-2.833213344056216,21,18,50,585.923272701188,-3.564872755033576,15.550516096126156,-2.833213344056216,27,0.17,2.314084172871617,0.0,17,2,50,586.0363336375019,5.388616135377759,20.0343941143382,0.0,31,0.12,1.912818774065216,-3.49650756146648,17,2,50,721.0132239837258,5.826893725901864,22.51017168857813,3.49650756146648,41,0.0,1.950630732880403,3.49650756146648,18,18,50,798.3159843043782,4.58818233265015,22.642492706259365,3.1648604527613484,44,0.1,2.1606907759292766,-2.833213344056216,11,2,50,1035.997672685287,5.682990696038752,20.119762120229115,3.49650756146648,42,0.05,2.0686560378365124,-3.49650756146648,11,4,50,668.5844281713518,11000,100,11,10
-3.511308918976898,17.85244561573637,-1.6094379124341005,20,0.23,2.6289246068541576,0.0,23,6,50,646.4884268933467,-4.115055096209895,12.996889315481283,0.0,23,0.16,2.111042547510629,-3.49650756146648,24,18,50,406.0144008393718,-2.964253776917156,15.02507217924287,-2.833213344056216,23,0.22,2.3004706858313075,-2.833213344056216,23,18,50,571.1721931372325,-2.976932429948566,15.030937674549904,-2.833213344056216,25,0.18,2.303441165978842,0.0,18,2,50,520.2492860060681,5.97448303414625,19.86730208672258,0.0,31,0.12,1.8931620959649769,-3.49650756146648,16,2,6,681.5420401955398,7.6387997850140925,22.401532823831783,3.49650756146648,41,0.0,1.9129350397776232,3.49650756146648,17,18,6,808.2774951668002,5.812293920174886,22.35685302428845,3.49650756146648,43,0.11,2.1380902351067186,-2.833213344056216,11,2,50,975.2137590787784,5.694890117121735,19.62600335125565,3.49650756146648,41,0.05,2.0586700036551697,-3.49650756146648,12,4,50,614.1160154567167,11050,100,11,10
-4.107174441658703,17.158129991575247,-1.6094379124341005,21,0.24,2.627105067638614,0.0,24,6,50,649.8557082059849,-4.09449985621702,12.995134311428764,0.0,24,0.17,2.1194265545934337,-3.49650756146648,23,18,50,409.6253035281966,-2.7060027235723147,15.387872220820368,-2.833213344056216,24,0.23,2.310960140410412,-2.833213344056216,24,18,50,609.6567098351213,-2.044217587007532,15.322602418069474,0.0,26,0.16,2.3374704850942924,-3.49650756146648,17,2,50,503.8043497991482,7.191815978237456,19.95804560191593,0.0,31,0.11,1.8642902997055488,-3.49650756146648,16,2,50,666.5717358773093,8.491574593962353,22.310736391575624,3.49650756146648,42,0.0,1.8882444141543304,3.49650756146648,15,18,6,730.3138023973252,5.120858240845471,22.21637468053672,3.49650756146648,43,0.12,2.0477475750508214,0.0,12,2,50,926.233300446102,4.702478206892596,19.280799889688065,3.49650756146648,39,0.06,2.045750242169806,-3.49650756146648,12,4,22,612.6442365814704,11100,100,11,10
-4.685653322728096,17.58485820816222,-2.833213344056216,22,0.22,2.645104992549128,0.0,22,6,50,714.6966114358572,-4.048802672210078,13.521027699998369,0.0,26,0.18,2.1526018435405123,-3.49650756146648,20,18,50,422.2604911982365,-2.660189565967828,15.837785211202275,0.0,26,0.24,2.3626001508696586,0.0,24,18,50,623.630083276186,-2.5450484052911526,15.878496875654363,0.0,28,0.16,2.362600150947545,-3.49650756146648,16,2,50,566.5468734385556,7.251581794401002,20.42695222869525,0.0,33,0.1,1.8797590525805887,-3.49650756146648,17,2,50,722.2223994069132,7.024882927130844,22.60138654919769,3.49650756146648,43,0.0,1.9255307293635824,3.49650756146648,16,18,6,813.1836584188895,3.238876168528372,22.12886746623569,2.833213344056216,41,0.12,2.0796615501912945,-2.833213344056216,12,2,50,989.8504289508118,4.491436753656737,19.58250421713917,3.49650756146648,40,0.06,2.0388536364545806,2.833213344056216,12,4,50,684.1669600332666,11150,100,11,10
-4.089787800045689,18.281822094578693,-2.833213344056216,22,0.21,2.6447919445669723,0.0,21,6,50,705.6629034350465,-4.04102576321944,13.53424327450089,0.0,25,0.16,2.13652637462188,-3.49650756146648,21,18,28,418.3498330546264,-2.632003424132707,15.855705054515065,0.0,25,0.21,2.365818848219421,-2.833213344056216,21,18,50,619.4557096758156,-3.4452049225561128,15.577864195737009,-1.416606672028108,27,0.17,2.325788947786846,0.0,17,2,50,585.8250219533148,6.0342488503088365,20.341877865726858,0.0,32,0.11,1.9085913805651609,-3.49650756146648,17,2,50,719.4037860711637,5.829006816836689,22.50934870850447,3.49650756146648,41,0.0,1.950630732880403,3.49650756146648,18,18,6,741.0206563471046,4.036480371717236,22.31429407432624,3.1648604527613484,43,0.1,2.1711120978813985,3.8918202981106265,12,2,50,1035.9976757935842,5.431518706103048,19.94116017828968,3.49650756146648,41,0.06,2.0651940181062587,2.833213344056216,12,4,50,700.7246422875842,11200,100,11,10
-3.832711029054158,18.063758704490805,-2.2213256282451583,21,0.22,2.6287314690959094,0.0,22,6,50,671.6356227781399,-3.9239252596887177,13.21124863537601,0.0,24,0.15,2.126007612869996,-3.49650756146648,24,18,50,384.45386632400977,-3.2790229189163984,15.28710460167436,-2.833213344056216,24,0.21,2.304290300135315,-2.833213344056216,23,18,50,602.6491073371567,-3.354998781003035,15.280220740577755,-2.833213344056216,26,0.17,2.2963673954311035,-3.49650756146648,18,2,50,551.0629059885821,4.995210454816587,19.89136257241472,0.0,30,0.12,1.9059252053401856,-3.49650756146648,17,2,50,691.7335317704699,6.729457356913558,22.47462194206928,3.49650756146648,40,0.0,1.9332808458183008,3.49650756146648,18,18,6,799.5023953764866,5.49752472118387,22.656054905356463,3.49650756146648,44,0.1,2.142812121764598,-2.833213344056216,11,2,50,1001.0242522894068,5.969427690937737,19.792004019177888,3.49650756146648,41,0.05,2.0621320233854235,-3.49650756146648,12,4,50,641.267317115929,11250,100,11,10
-4.427284579594372,17.36693829758971,-2.2213256282451583,21,0.23,2.629237654836313,0.0,23,6,50,680.7985570276912,-4.500898485885264,13.238203974017924,0.0,24,0.17,2.1301543846534243,-3.49650756146648,24,8,50,437.6057246839756,-3.3489530630807445,15.263930056554434,-2.833213344056216,24,0.23,2.619727109068126,-2.833213344056216,23,18,50,602.6491066306584,-2.4587955207347814,15.581699156932576,-2.833213344056216,26,0.16,2.33602497563955,-3.49650756146648,17,2,50,531.389457700205,6.212543253734355,20.041567042460777,0.0,31,0.11,1.8810329377807795,-3.49650756146648,17,2,50,694.5521596234788,7.85145004343752,22.545547907455624,3.49650756146648,41,0.0,1.9024549991691009,3.49650756146648,15,18,6,790.2590907137875,5.1544234113607965,22.51584525819277,3.1648604527613484,44,0.12,2.0729719058709937,0.0,12,2,50,978.0469763788716,4.785547649458805,19.619495636693536,3.49650756146648,41,0.05,2.0682257878488004,-3.49650756146648,12,4,50,649.0894437647615,11300,100,11,10
-4.370884154822457,17.383037538378733,-2.2213256282451583,21,0.23,2.645104992549128,0.0,23,6,50,683.2196946452932,-4.338194736410059,13.28434539553396,0.0,25,0.18,2.133834917336336,-3.49650756146648,22,18,50,440.9878066704336,-2.402084633858623,15.569027543487426,0.0,25,0.23,2.348591380994175,-2.833213344056216,23,18,50,592.1531633771531,-2.265244281915486,15.610473944372508,0.0,27,0.16,2.3532696901802903,-3.49650756146648,17,2,50,538.566461100989,7.544651771036582,20.07621400880529,0.0,32,0.1,1.8634536617538893,-3.49650756146648,16,2,50,694.2419901778151,7.934225355226935,22.516781061097948,3.49650756146648,43,0.0,1.9037982531559243,3.49650756146648,15,18,6,777.1816965018711,4.211515779776534,22.1871116189366,3.1648604527613484,41,0.12,2.05710456815764,0.0,12,2,50,961.2067280946574,4.136237047168757,19.40907276069949,3.49650756146648,39,0.06,2.3966617708004128,2.833213344056216,12,4,50,663.7261122238974,11350,100,11,10
-4.027782563130657,18.294677531963544,-2.2213256282451583,22,0.21,2.6606592822797865,0.0,21,6,50,711.8633980916287,-4.006060511345479,13.54011986230588,0.0,26,0.17,2.1428079708821746,-3.49650756146648,20,18,50,419.3128635465973,-2.590259375174445,15.857084164625611,0.0,26,0.22,2.3713296946826867,0.0,22,18,50,623.6300793197809,-2.5733804991676608,15.871401256741784,0.0,28,0.17,2.367703218214809,0.0,17,2,50,569.3800828262063,6.663787331288604,20.14443058404866,0.0,33,0.11,1.8931620959649769,-3.49650756146648,17,2,50,726.3967866766362,6.46527474254912,22.333841185051902,3.49650756146648,42,0.0,1.94002380536411,3.49650756146648,18,18,6,795.3515171642589,3.610309570343544,22.29463440441592,2.833213344056216,42,0.11,2.159906472396893,3.8918202981106265,12,2,50,1015.6609223497684,5.040312980814801,19.943242715066507,3.49650756146648,40,0.06,2.0501980415321475,2.833213344056216,12,4,50,683.884396358218,11400,100,11,10
-4.07755004572784,18.283068694754743,-2.2213256282451583,22,0.21,2.6447919445669723,0.0,21,6,50,710.1055546913741,-4.168764245277719,13.498856895481907,0.0,25,0.16,2.143180319704735,-3.49650756146648,22,18,50,415.9307800058428,-2.982881876772771,15.480815784541944,-1.416606672028108,25,0.21,2.3401701341307897,-2.833213344056216,21,18,50,585.9232656361949,-3.5648726961581434,15.5505161866127,-2.833213344056216,27,0.17,2.314084172871617,0.0,17,2,50,586.0363277499587,5.388616135373486,20.03439411432941,0.0,31,0.12,1.912818774065216,-3.49650756146648,17,2,50,721.0132239834352,5.826893725897761,22.51017168856772,3.49650756146648,41,0.0,1.950630732880403,3.49650756146648,18,18,50,798.3159843040705,4.588182261999185,22.64249278401748,3.1648604527613484,44,0.1,2.1606907759292766,-2.833213344056216,11,2,50,1035.997679749597,5.682990625387448,20.119762211584188,3.49650756146648,42,0.05,2.0686560378365124,-3.49650756146648,11,4,50,668.5844352358666,11450,100,11,10
-3.5113089189743336,17.852445615732357,-1.6094379124341005,20,0.23,2.6289246068541576,0.0,23,6,50,646.4884268930904,-4.115055037334816,12.996889426239616,0.0,23,0.16,2.111042547510629,-3.49650756146648,24,18,50,406.0143949518637,-2.964253718042077,15.02507227054095,-2.833213344056216,23,0.22,2.3004706858313075,-2.833213344056216,23,18,50,571.1721872497246,-2.976932371073486,15.030937765862022,-2.833213344056216,25,0.18,2.303441165978842,0.0,18,2,50,520.24928011856,5.974483034141636,19.86730208671395,0.0,31,0.12,1.8931620959649769,-3.49650756146648,16,2,6,681.5420401952383,7.638799785008963,22.40153282382153,3.49650756146648,41,0.0,1.9129350397776232,3.49650756146648,17,18,6,808.2774951663713,5.812293849523249,22.356853106908574,3.49650756146648,43,0.11,2.1380902351067186,-2.833213344056216,11,2,50,975.2137661431216,5.694890046470444,19.62600344495245,3.49650756146648,41,0.05,2.0586700036551697,-3.49650756146648,12,4,50,614.1160225212648,11500,100,11,10
-4.107174441655968,17.15812999157089,-1.6094379124341005,21,0.24,2.627105067638614,0.0,24,6,50,649.8557082057114,-4.094499797341777,12.995134422108553,0.0,24,0.17,2.1194265545934337,-3.49650756146648,23,18,50,409.6252976406725,-2.7060026646970727,15.387872308977492,-2.833213344056216,24,0.23,2.310960140410412,-2.833213344056216,24,18,50,609.6567039475972,-2.0442175163577843,15.322602521258316,0.0,26,0.16,2.3374704850942924,-3.49650756146648,17,2,50,503.8043427341735,7.19181597823233,19.958045601907003,0.0,31,0.11,1.8642902997055488,-3.49650756146648,16,2,50,666.5717358770357,8.491574593956884,22.310736391565168,3.49650756146648,42,0.0,1.8882444141543304,3.49650756146648,15,18,6,730.3138023969276,5.120858181969027,22.21637474798797,3.49650756146648,43,0.12,2.0477475750508214,0.0,12,2,50,926.2333063329944,4.702478148016668,19.28079996613494,3.49650756146648,39,0.06,2.045750242169806,-3.49650756146648,12,4,22,612.6442399315372,11550,100,11,10
-4.685653322725019,17.58485820815753,-2.833213344056216,22,0.22,2.645104992549128,0.0,22,6,50,714.6966114355494,-4.048802601560001,13.52102782740994,0.0,26,0.18,2.1526018435405123,-3.49650756146648,20,18,50,422.2604841332288,-2.660189495317752,15.837785313781623,0.0,26,0.24,2.3626001508696586,0.0,24,18,50,623.6300762111784,-2.545048334641073,15.878496977458395,0.0,28,0.16,2.362600150947545,-3.49650756146648,16,2,50,566.5468663735476,7.251581794395876,20.426952228686,0.0,33,0.1,1.8797590525805887,-3.49650756146648,17,2,50,722.2223994066055,7.024882927126229,22.601386549186984,3.49650756146648,43,0.0,1.9255307293635824,3.49650756146648,16,18,6,813.1836584184518,3.238876109652962,22.128867528946763,2.833213344056216,41,0.12,2.0796615501912945,-2.833213344056216,12,2,50,989.8504348376688,4.491436694780989,19.58250429177341,3.49650756146648,40,0.06,2.0388536364545806,2.833213344056216,12,4,50,684.1669659202945,11600,100,11,10
-4.089787800042783,18.28182209457434,-2.833213344056216,22,0.21,2.6447919445669723,0.0,21,6,50,705.6629034347559,-4.041025692569544,13.53424340174778,0.0,25,0.16,2.13652637462188,-3.49650756146648,21,18,28,418.3498371969813,-2.632003353482812,15.855705156853183,0.0,25,0.21,2.365818848219421,-2.833213344056216,21,18,50,619.455702610826,-3.4452048636807104,15.577864285612373,-1.416606672028108,27,0.17,2.325788947786846,0.0,17,2,50,585.8250160657747,6.0342488503042215,20.34187786571791,0.0,32,0.11,1.9085913805651609,-3.49650756146648,17,2,50,719.4037860708731,5.829006816832585,22.509348708494056,3.49650756146648,41,0.0,1.950630732880403,3.49650756146648,18,18,6,741.0206563466998,4.03648030106665,22.314294151481608,3.1648604527613484,43,0.1,2.1711120978813985,3.8918202981106265,12,2,50,1035.9976828578906,5.431518635451953,19.941160269572187,3.49650756146648,41,0.06,2.0651940181062587,2.833213344056216,12,4,50,700.7246493520784,11650,100,11,10
-3.832711029051423,18.063758704486617,-2.2213256282451583,21,0.22,2.6287314690959094,0.0,22,6,50,671.6356227778664,-3.9239251890390014,13.211248765108014,0.0,24,0.15,2.126007612869996,-3.49650756146648,24,18,50,384.45385925903815,-3.279022860041179,15.287104692619431,-2.833213344056216,24,0.21,2.304290300135315,-2.833213344056216,23,18,50,602.6491014496348,-3.354998722127813,15.28022083185654,-2.833213344056216,26,0.17,2.2963673954311035,-3.49650756146648,18,2,50,551.0629001010598,4.995210454812485,19.891362572406003,0.0,30,0.12,1.9059252053401856,-3.49650756146648,17,2,50,691.7335317701965,6.729457356908943,22.474621942058924,3.49650756146648,40,0.0,1.9332808458183008,3.49650756146648,18,18,6,799.5023953760551,5.4975246505324415,22.65605498590357,3.49650756146648,44,0.1,2.142812121764598,-2.833213344056216,11,2,50,1001.0242593537292,5.96942762028631,19.792004113068565,3.49650756146648,41,0.05,2.0621320233854235,-3.49650756146648,12,4,50,641.2673241804564,11700,100,11,10
-4.427284579591636,17.36693829758545,-2.2213256282451583,21,0.23,2.629237654836313,0.0,23,6,50,680.7985570274177,-4.5008984270100525,13.23820408447285,0.0,24,0.17,2.1301543846534243,-3.49650756146648,24,8,50,437.6057187964544,-3.348953004205533,15.2639301479073,-2.833213344056216,24,0.23,2.619727109068126,-2.833213344056216,23,18,50,602.6491007431373,-2.458795450085071,15.581699260285273,-2.833213344056216,26,0.16,2.33602497563955,-3.49650756146648,17,2,50,531.389450635234,6.212543253729568,20.04156704245206,0.0,31,0.11,1.8810329377807795,-3.49650756146648,17,2,50,694.5521596232053,7.851450043432222,22.545547907445297,3.49650756146648,41,0.0,1.9024549991691009,3.49650756146648,15,18,6,790.2590907133722,5.154423340709545,22.51584533816504,3.1648604527613484,44,0.12,2.0729719058709937,0.0,12,2,50,978.04698344321,4.785547578808073,19.619495727146887,3.49650756146648,41,0.05,2.0682257878488004,-3.49650756146648,12,4,50,649.0894508292879,11750,100,11,10
-4.370884154819551,17.3830375383742,-2.2213256282451583,21,0.23,2.645104992549128,0.0,23,6,50,683.2196946450026,-4.338194677534686,13.284345504883778,0.0,25,0.18,2.133834917336336,-3.49650756146648,22,18,50,440.9878007828961,-2.402084563208754,15.569027646666555,0.0,25,0.23,2.348591380994175,-2.833213344056216,23,18,50,592.1531563121662,-2.265244211265614,15.61047404665839,0.0,27,0.16,2.3532696901802903,-3.49650756146648,17,2,50,538.5664540360018,7.544651771031282,20.076214008796303,0.0,32,0.1,1.8634536617538893,-3.49650756146648,16,2,50,694.2419901775244,7.934225355221806,22.51678106108733,3.49650756146648,43,0.0,1.9037982531559243,3.49650756146648,15,18,6,777.1816965014469,4.211515720900643,22.18711168406385,3.1648604527613484,41,0.12,2.05710456815764,0.0,12,2,50,961.2067339815286,4.136236988293209,19.40907283492337,3.49650756146648,39,0.06,2.3966617708004128,2.833213344056216,12,4,50,663.7261181109393,11800,100,11,10
-4.02778256312758,18.29467753195893,-2.2213256282451583,22,0.21,2.6606592822797865,0.0,21,6,50,711.863398091321,-4.006060440695449,13.54011998931469,0.0,26,0.17,2.1428079708821746,-3.49650756146648,20,18,50,419.31285648159417,-2.590259304524416,15.85708426676848,0.0,26,0.22,2.3713296946826867,0.0,22,18,50,623.6300722547778,-2.5733804285176274,15.871401358717389,0.0,28,0.17,2.367703218214809,0.0,17,2,50,569.3800757612032,6.66378733128382,20.14443058403956,0.0,33,0.11,1.8931620959649769,-3.49650756146648,17,2,50,726.3967866763285,6.465274742544846,22.333841185041337,3.49650756146648,42,0.0,1.94002380536411,3.49650756146648,18,18,6,795.3515171638356,3.610309511468001,22.294634467641345,2.833213344056216,42,0.11,2.159906472396893,3.8918202981106265,12,2,50,1015.6609282366048,5.040312921938749,19.94324278997061,3.49650756146648,40,0.06,2.0501980415321475,2.833213344056216,12,4,50,683.884402245242,11850,100,11,10
-4.077550045724934,18.2830686947504,-2.2213256282451583,22,0.21,2.6447919445669723,0.0,21,6,50,710.1055546910834,-4.16876417462787,13.49885702373084,0.0,25,0.16,2.143180319704735,-3.49650756146648,22,18,50,415.9307729408579,-2.9828818061229225,15.480815890959564,-1.416606672028108,25,0.21,2.3401701341307897,-2.833213344056216,21,18,50,585.92325857121,-3.5648726372827806,15.550516277099138,-2.833213344056216,27,0.17,2.314084172871617,0.0,17,2,50,586.0363218624225,5.388616135369213,20.03439411432063,0.0,31,0.12,1.912818774065216,-3.49650756146648,17,2,50,721.0132239831446,5.826893725893659,22.510171688557307,3.49650756146648,41,0.0,1.950630732880403,3.49650756146648,18,18,50,798.3159843037629,4.588182191348305,22.64249286177549,3.1648604527613484,44,0.1,2.1606907759292766,-2.833213344056216,11,2,50,1035.9976868138988,5.682990554736229,20.11976230293916,3.49650756146648,42,0.05,2.0686560378365124,-3.49650756146648,11,4,50,668.5844423003732,11900,100,11,10
-3.511308918971769,17.85244561572834,-1.6094379124341005,20,0.23,2.6289246068541576,0.0,23,6,50,646.4884268928339,-4.115054978459805,12.99688953699782,0.0,23,0.16,2.111042547510629,-3.49650756146648,24,18,50,406.01438906436266,-2.964253659167068,15.025072361838925,-2.833213344056216,23,0.22,2.3004706858313075,-2.833213344056216,23,18,50,571.1721813622237,-2.976932312198473,15.030937857174036,-2.833213344056216,25,0.18,2.303441165978842,0.0,18,2,50,520.2492742310587,5.97448303413702,19.867302086705315,0.0,31,0.12,1.8931620959649769,-3.49650756146648,16,2,6,681.5420401949367,7.638799785003836,22.401532823811262,3.49650756146648,41,0.0,1.9129350397776232,3.49650756146648,17,18,6,808.2774951659421,5.812293778871696,22.3568531895286,3.49650756146648,43,0.11,2.1380902351067186,-2.833213344056216,11,2,50,975.2137732074568,5.694889975819234,19.626003538649133,3.49650756146648,41,0.05,2.0586700036551697,-3.49650756146648,12,4,50,614.1160295858045,11950,100,11,10
-4.107174441653234,17.158129991566522,-1.6094379124341005,21,0.24,2.627105067638614,0.0,24,6,50,649.8557082054378,-4.094499738466605,12.99513453278821,0.0,24,0.17,2.1194265545934337,-3.49650756146648,23,18,50,409.6252917531551,-2.7060026058219004,15.38787239713452,-2.833213344056216,24,0.23,2.310960140410412,-2.833213344056216,24,18,50,609.6566980600801,-2.04421744570812,15.32260262444704,0.0,26,0.16,2.3374704850942924,-3.49650756146648,17,2,50,503.8043356692069,7.1918159782272015,19.958045601898068,0.0,31,0.11,1.8642902997055488,-3.49650756146648,16,2,50,666.5717358767622,8.491574593951418,22.310736391554705,3.49650756146648,42,0.0,1.8882444141543304,3.49650756146648,15,18,6,730.3138023965301,5.120858123092652,22.21637481543914,3.49650756146648,43,0.12,2.0477475750508214,0.0,12,2,50,926.2333122198796,4.702478089140809,19.280800042581728,3.49650756146648,39,0.06,2.045750242169806,-3.49650756146648,12,4,22,612.6442432816001,12000,100,11,10
-4.685653322721943,17.58485820815284,-2.833213344056216,22,0.22,2.645104992549128,0.0,22,6,50,714.6966114352417,-4.048802530910007,13.521027954821363,0.0,26,0.18,2.1526018435405123,-3.49650756146648,20,18,50,422.2604770682295,-2.6601894246677587,15.837785416360855,0.0,26,0.24,2.3626001508696586,0.0,24,18,50,623.630069146179,-2.545048263991076,15.878497079262315,0.0,28,0.16,2.362600150947545,-3.49650756146648,16,2,50,566.5468593085479,7.251581794390749,20.42695222867676,0.0,33,0.1,1.8797590525805887,-3.49650756146648,17,2,50,722.2223994062979,7.024882927121613,22.60138654917628,3.49650756146648,43,0.0,1.9255307293635824,3.49650756146648,16,18,6,813.1836584180139,3.2388760507776224,22.12886759165776,2.833213344056216,41,0.12,2.0796615501912945,-2.833213344056216,12,2,50,989.8504407245192,4.49143663590531,19.582504366407573,3.49650756146648,40,0.06,2.0388536364545806,2.833213344056216,12,4,50,684.1669718073155,12050,100,11,10
-4.089787800039876,18.281822094569986,-2.833213344056216,22,0.21,2.6447919445669723,0.0,21,6,50,705.6629034344653,-4.04102562191973,13.534243528994528,0.0,25,0.16,2.13652637462188,-3.49650756146648,21,18,28,418.3498413393314,-2.632003282832999,15.855705259191192,0.0,25,0.21,2.365818848219421,-2.833213344056216,21,18,50,619.4556955458448,-3.4452048048053787,15.577864375487636,-1.416606672028108,27,0.17,2.325788947786846,0.0,17,2,50,585.8250101782414,6.034248850299608,20.341877865708963,0.0,32,0.11,1.9085913805651609,-3.49650756146648,17,2,50,719.4037860705826,5.829006816828483,22.509348708483643,3.49650756146648,41,0.0,1.950630732880403,3.49650756146648,18,18,6,741.020656346295,4.036480230416148,22.314294228636896,3.1648604527613484,43,0.1,2.1711120978813985,3.8918202981106265,12,2,50,1035.9976899221888,5.43151856480094,19.941160360854592,3.49650756146648,41,0.06,2.0651940181062587,2.833213344056216,12,4,50,700.7246564165642,12100,100,11,10
-3.832711029048688,18.06375870448243,-2.2213256282451583,21,0.22,2.6287314690959094,0.0,22,6,50,671.6356227775927,-3.923925118389371,13.211248894839864,0.0,24,0.15,2.126007612869996,-3.49650756146648,24,18,50,384.4538521940751,-3.2790228011660294,15.2871047835644,-2.833213344056216,24,0.21,2.304290300135315,-2.833213344056216,23,18,50,602.6490955621198,-3.3549986632526605,15.28022092313522,-2.833213344056216,26,0.17,2.2963673954311035,-3.49650756146648,18,2,50,551.0628942135445,4.995210454808382,19.8913625723973,0.0,30,0.12,1.9059252053401856,-3.49650756146648,17,2,50,691.733531769923,6.729457356904328,22.47462194204857,3.49650756146648,40,0.0,1.9332808458183008,3.49650756146648,18,18,6,799.5023953756236,5.497524579881093,22.656055066450577,3.49650756146648,44,0.1,2.142812121764598,-2.833213344056216,11,2,50,1001.0242664180436,5.969427549634968,19.79200420695913,3.49650756146648,41,0.05,2.0621320233854235,-3.49650756146648,12,4,50,641.2673312449754,12150,100,11,10
-4.427284579588902,17.36693829758119,-2.2213256282451583,21,0.23,2.629237654836313,0.0,23,6,50,680.7985570271442,-4.5008983681349095,13.238204194927643,0.0,24,0.17,2.1301543846534243,-3.49650756146648,24,8,50,437.6057129089403,-3.3489529453303915,15.26393023926006,-2.833213344056216,24,0.23,2.619727109068126,-2.833213344056216,23,18,50,602.6490948556232,-2.458795379435442,15.581699363637853,-2.833213344056216,26,0.16,2.33602497563955,-3.49650756146648,17,2,50,531.3894435702712,6.212543253724784,20.041567042443344,0.0,31,0.11,1.8810329377807795,-3.49650756146648,17,2,50,694.5521596229316,7.851450043426923,22.545547907434973,3.49650756146648,41,0.0,1.9024549991691009,3.49650756146648,15,18,6,790.2590907129569,5.1544232700583805,22.51584541813721,3.1648604527613484,44,0.12,2.0729719058709937,0.0,12,2,50,978.0469905075404,4.785547508157422,19.619495817600136,3.49650756146648,41,0.05,2.0682257878488004,-3.49650756146648,12,4,50,649.089457893806,12200,100,11,10
-4.370884154816646,17.38303753836967,-2.2213256282451583,21,0.23,2.645104992549128,0.0,23,6,50,683.219694644712,-4.338194618659381,13.284345614233471,0.0,25,0.18,2.133834917336336,-3.49650756146648,22,18,50,440.9877948953656,-2.402084492558968,15.56902774984557,0.0,25,0.23,2.348591380994175,-2.833213344056216,23,18,50,592.1531492471877,-2.265244140615825,15.610474148944157,0.0,27,0.16,2.3532696901802903,-3.49650756146648,17,2,50,538.566446971023,7.544651771025982,20.076214008787307,0.0,32,0.1,1.8634536617538893,-3.49650756146648,16,2,50,694.2419901772339,7.934225355216678,22.51678106107672,3.49650756146648,43,0.0,1.9037982531559243,3.49650756146648,15,18,6,777.1816965010231,4.21151566202482,22.18711174919104,3.1648604527613484,41,0.12,2.05710456815764,0.0,12,2,50,961.206739868393,4.136236929417731,19.40907290914717,3.49650756146648,39,0.06,2.3966617708004128,2.833213344056216,12,4,50,663.7261239979744,12250,100,11,10
-4.027782563124504,18.29467753195431,-2.2213256282451583,22,0.21,2.6606592822797865,0.0,21,6,50,711.8633980910133,-4.0060603700455015,13.540120116323353,0.0,26,0.17,2.1428079708821746,-3.49650756146648,20,18,50,419.31284941659953,-2.590259233874469,15.857084368911238,0.0,26,0.22,2.3713296946826867,0.0,22,18,50,623.6300651897832,-2.573380357867677,15.871401460692873,0.0,28,0.17,2.367703218214809,0.0,17,2,50,569.380068696208,6.663787331279032,20.144430584030456,0.0,33,0.11,1.8931620959649769,-3.49650756146648,17,2,50,726.3967866760208,6.465274742540573,22.333841185030767,3.49650756146648,42,0.0,1.94002380536411,3.49650756146648,18,18,6,795.3515171634123,3.610309452592529,22.2946345308667,2.833213344056216,42,0.11,2.159906472396893,3.8918202981106265,12,2,50,1015.660934123434,5.040312863062767,19.94324286487464,3.49650756146648,40,0.06,2.0501980415321475,2.833213344056216,12,4,50,683.8844081322591,12300,100,11,10
-4.077550045722028,18.28306869474604,-2.2213256282451583,22,0.21,2.6447919445669723,0.0,21,6,50,710.1055546907928,-4.168764103978103,13.498857151979626,0.0,25,0.16,2.143180319704735,-3.49650756146648,22,18,50,415.9307658758813,-2.982881735473157,15.480815997377062,-1.416606672028108,25,0.21,2.3401701341307897,-2.833213344056216,21,18,50,585.9232515062333,-3.564872578407488,15.550516367585477,-2.833213344056216,27,0.17,2.314084172871617,0.0,17,2,50,586.0363159748931,5.388616135364939,20.03439411431184,0.0,31,0.12,1.912818774065216,-3.49650756146648,17,2,50,721.013223982854,5.826893725889557,22.51017168854689,3.49650756146648,41,0.0,1.950630732880403,3.49650756146648,18,18,50,798.3159843034553,4.588182120697506,22.64249293953344,3.1648604527613484,44,0.1,2.1606907759292766,-2.833213344056216,11,2,50,1035.9976938781924,5.682990484085092,20.11976239429402,3.49650756146648,42,0.05,2.0686560378365124,-3.49650756146648,11,4,50,668.5844493648715,12350,100,11,10
-3.511308918969205,17.852445615724324,-1.6094379124341005,20,0.23,2.6289246068541576,0.0,23,6,50,646.4884268925775,-4.115054919584865,12.996889647755896,0.0,23,0.16,2.111042547510629,-3.49650756146648,24,18,50,406.0143831768687,-2.964253600292127,15.025072453136795,-2.833213344056216,23,0.22,2.3004706858313075,-2.833213344056216,23,18,50,571.1721754747297,-2.97693225332353,15.030937948485947,-2.833213344056216,25,0.18,2.303441165978842,0.0,18,2,50,520.2492683435644,5.974483034132404,19.86730208669668,0.0,31,0.12,1.8931620959649769,-3.49650756146648,16,2,6,681.542040194635,7.6387997849987075,22.40153282380101,3.49650756146648,41,0.0,1.9129350397776232,3.49650756146648,17,18,6,808.2774951655132,5.812293708220222,22.356853272148523,3.49650756146648,43,0.11,2.1380902351067186,-2.833213344056216,11,2,50,975.2137802717834,5.694889905168107,19.62600363234571,3.49650756146648,41,0.05,2.0586700036551697,-3.49650756146648,12,4,50,614.1160366503359,12400,100,11,10
-4.107174441650499,17.158129991562163,-1.6094379124341005,21,0.24,2.627105067638614,0.0,24,6,50,649.8557082051644,-4.094499679591501,12.995134643467743,0.0,24,0.17,2.1194265545934337,-3.49650756146648,23,18,50,409.6252858656448,-2.706002546946798,15.387872485291446,-2.833213344056216,24,0.23,2.310960140410412,-2.833213344056216,24,18,50,609.6566921725697,-2.044217375058538,15.32260272763565,0.0,26,0.16,2.3374704850942924,-3.49650756146648,17,2,50,503.8043286042489,7.191815978222072,19.958045601889133,0.0,31,0.11,1.8642902997055488,-3.49650756146648,16,2,50,666.5717358764887,8.491574593945945,22.31073639154425,3.49650756146648,42,0.0,1.8882444141543304,3.49650756146648,15,18,6,730.3138023961324,5.120858064216347,22.21637488289024,3.49650756146648,43,0.12,2.0477475750508214,0.0,12,2,50,926.233318106758,4.70247803026502,19.28080011902843,3.49650756146648,39,0.06,2.045750242169806,-3.49650756146648,12,4,22,612.6442466316589,12450,100,11,10
-4.685653322718867,17.584858208148155,-2.833213344056216,22,0.22,2.645104992549128,0.0,22,6,50,714.6966114349342,-4.048802460260096,13.52102808223264,0.0,26,0.18,2.1526018435405123,-3.49650756146648,20,18,50,422.2604700032384,-2.6601893540178487,15.837785518939976,0.0,26,0.24,2.3626001508696586,0.0,24,18,50,623.630062081188,-2.545048193341163,15.878497181066123,0.0,28,0.16,2.362600150947545,-3.49650756146648,16,2,50,566.5468522435567,7.251581794385618,20.42695222866752,0.0,33,0.1,1.8797590525805887,-3.49650756146648,17,2,50,722.2223994059901,7.024882927116998,22.60138654916557,3.49650756146648,43,0.0,1.9255307293635824,3.49650756146648,16,18,6,813.1836584175763,3.23887599190235,22.12886765436869,2.833213344056216,41,0.12,2.0796615501912945,-2.833213344056216,12,2,50,989.8504466113624,4.4914365770297,19.58250444104165,3.49650756146648,40,0.06,2.0388536364545806,2.833213344056216,12,4,50,684.1669776943294,12500,100,11,10
-4.08978780003697,18.28182209456564,-2.833213344056216,22,0.21,2.6447919445669723,0.0,21,6,50,705.6629034341747,-4.04102555127,13.534243656241127,0.0,25,0.16,2.13652637462188,-3.49650756146648,21,18,28,418.3498454816766,-2.6320032121832706,15.855705361529084,0.0,25,0.21,2.365818848219421,-2.833213344056216,21,18,50,619.4556884808719,-3.4452047459301163,15.5778644653628,-1.416606672028108,27,0.17,2.325788947786846,0.0,17,2,50,585.8250042907152,6.03424885029499,20.341877865700017,0.0,32,0.11,1.9085913805651609,-3.49650756146648,17,2,50,719.403786070292,5.829006816824382,22.50934870847324,3.49650756146648,41,0.0,1.950630732880403,3.49650756146648,18,18,6,741.02065634589,4.03648015976573,22.31429430579209,3.1648604527613484,43,0.1,2.1711120978813985,3.8918202981106265,12,2,50,1035.9976969864786,5.431518494150011,19.941160452136888,3.49650756146648,41,0.06,2.0651940181062587,2.833213344056216,12,4,50,700.7246634810417,12550,100,11,10
-3.832711029045953,18.06375870447825,-2.2213256282451583,21,0.22,2.6287314690959094,0.0,22,6,50,671.6356227773194,-3.923925047739822,13.211249024571568,0.0,24,0.15,2.126007612869996,-3.49650756146648,24,18,50,384.45384512912017,-3.2790227422909486,15.28710487450926,-2.833213344056216,24,0.21,2.304290300135315,-2.833213344056216,23,18,50,602.6490896746118,-3.354998604377577,15.280221014413794,-2.833213344056216,26,0.17,2.2963673954311035,-3.49650756146648,18,2,50,551.0628883260363,4.99521045480428,19.891362572388587,0.0,30,0.12,1.9059252053401856,-3.49650756146648,17,2,50,691.7335317696495,6.7294573568997125,22.474621942038222,3.49650756146648,40,0.0,1.9332808458183008,3.49650756146648,18,18,6,799.5023953751922,5.497524509229829,22.6560551469975,3.49650756146648,44,0.1,2.142812121764598,-2.833213344056216,11,2,50,1001.0242734823494,5.969427478983705,19.79200430084961,3.49650756146648,41,0.05,2.0621320233854235,-3.49650756146648,12,4,50,641.2673383094861,12600,100,11,10
-4.427284579586167,17.36693829757693,-2.2213256282451583,21,0.23,2.629237654836313,0.0,23,6,50,680.7985570268706,-4.500898309259838,13.238204305382316,0.0,24,0.17,2.1301543846534243,-3.49650756146648,24,8,50,437.605707021433,-3.3489528864553195,15.26393033061272,-2.833213344056216,24,0.23,2.619727109068126,-2.833213344056216,23,18,50,602.649088968116,-2.4587953087858976,15.581699466990312,-2.833213344056216,26,0.16,2.33602497563955,-3.49650756146648,17,2,50,531.3894365053166,6.212543253719996,20.041567042434625,0.0,31,0.11,1.8810329377807795,-3.49650756146648,17,2,50,694.5521596226582,7.851450043421623,22.54554790742465,3.49650756146648,41,0.0,1.9024549991691009,3.49650756146648,15,18,6,790.2590907125418,5.154423199407297,22.51584549810931,3.1648604527613484,44,0.12,2.0729719058709937,0.0,12,2,50,978.0469975718624,4.785547437506855,19.61949590805328,3.49650756146648,41,0.05,2.0682257878488004,-3.49650756146648,12,4,50,649.0894649583156,12650,100,11,10
-4.370884154813739,17.383037538365137,-2.2213256282451583,21,0.23,2.645104992549128,0.0,23,6,50,683.2196946444215,-4.338194559784145,13.284345723583035,0.0,25,0.18,2.133834917336336,-3.49650756146648,22,18,50,440.987789007842,-2.4020844219092656,15.56902785302447,0.0,25,0.23,2.348591380994175,-2.833213344056216,23,18,50,592.1531421822174,-2.265244069966119,15.6104742512298,0.0,27,0.16,2.3532696901802903,-3.49650756146648,17,2,50,538.5664399060523,7.544651771020685,20.076214008778305,0.0,32,0.1,1.8634536617538893,-3.49650756146648,16,2,50,694.2419901769432,7.9342253552115505,22.51678106106609,3.49650756146648,43,0.0,1.9037982531559243,3.49650756146648,15,18,6,777.1816965005993,4.211515603149066,22.18711181431814,3.1648604527613484,41,0.12,2.05710456815764,0.0,12,2,50,961.2067457552504,4.136236870542322,19.40907298337088,3.49650756146648,39,0.06,2.3966617708004128,2.833213344056216,12,4,50,663.7261298850024,12700,100,11,10
-4.027782563121427,18.2946775319497,-2.2213256282451583,22,0.21,2.6606592822797865,0.0,21,6,50,711.8633980907057,-4.006060299395638,13.54012024333188,0.0,26,0.17,2.1428079708821746,-3.49650756146648,20,18,50,419.312842351613,-2.590259163224606,15.85708447105388,0.0,26,0.22,2.3713296946826867,0.0,22,18,50,623.6300581247967,-2.57338028721781,15.871401562668243,0.0,28,0.17,2.367703218214809,0.0,17,2,50,569.3800616312215,6.663787331274246,20.14443058402136,0.0,33,0.11,1.8931620959649769,-3.49650756146648,17,2,50,726.3967866757132,6.4652747425363,22.3338411850202,3.49650756146648,42,0.0,1.94002380536411,3.49650756146648,18,18,6,795.351517162989,3.610309393717125,22.29463459409197,2.833213344056216,42,0.11,2.159906472396893,3.8918202981106265,12,2,50,1015.6609400102566,5.040312804186853,19.94324293977858,3.49650756146648,40,0.06,2.0501980415321475,2.833213344056216,12,4,50,683.8844140192691,12750,100,11,10
-4.077550045719122,18.283068694741683,-2.2213256282451583,22,0.21,2.6447919445669723,0.0,21,6,50,710.1055546905022,-4.16876403332842,13.498857280228265,0.0,25,0.16,2.143180319704735,-3.49650756146648,22,18,50,415.9307588109129,-2.982881664823475,15.48081610379444,-1.416606672028108,25,0.21,2.3401701341307897,-2.833213344056216,21,18,50,585.9232444412652,-3.564872519532264,15.55051645807171,-2.833213344056216,27,0.17,2.314084172871617,0.0,17,2,50,586.0363100873708,5.388616135360666,20.03439411430305,0.0,31,0.12,1.912818774065216,-3.49650756146648,17,2,50,721.0132239825634,5.826893725885453,22.510171688536484,3.49650756146648,41,0.0,1.950630732880403,3.49650756146648,18,18,50,798.3159843031476,4.588182050046791,22.642493017291272,3.1648604527613484,44,0.1,2.1606907759292766,-2.833213344056216,11,2,50,1035.9977009424774,5.682990413434039,20.119762485648785,3.49650756146648,42,0.05,2.0686560378365124,-3.49650756146648,11,4,50,668.5844564293614,12800,100,11,10
-3.5113089189666407,17.852445615720306,-1.6094379124341005,20,0.23,2.6289246068541576,0.0,23,6,50,646.4884268923211,-4.115054860709993,12.99688975851385,0.0,23,0.16,2.111042547510629,-3.49650756146648,24,18,50,406.0143772893815,-2.9642535414172566,15.025072544434568,-2.833213344056216,23,0.22,2.3004706858313075,-2.833213344056216,23,18,50,571.1721695872425,-2.9769321944486564,15.030938039797752,-2.833213344056216,25,0.18,2.303441165978842,0.0,18,2,50,520.2492624560771,5.974483034127789,19.86730208668805,0.0,31,0.12,1.8931620959649769,-3.49650756146648,16,2,6,681.5420401943335,7.638799784993579,22.401532823790745,3.49650756146648,41,0.0,1.9129350397776232,3.49650756146648,17,18,6,808.277495165084,5.8122936375688345,22.35685335476836,3.49650756146648,43,0.11,2.1380902351067186,-2.833213344056216,11,2,50,975.2137873361016,5.6948898345170615,19.62600372604219,3.49650756146648,41,0.05,2.0586700036551697,-3.49650756146648,12,4,50,614.1160437148592,12850,100,11,10
-4.107174441647763,17.158129991557797,-1.6094379124341005,21,0.24,2.627105067638614,0.0,24,6,50,649.855708204891,-4.094499620716467,12.995134754147154,0.0,24,0.17,2.1194265545934337,-3.49650756146648,23,18,50,409.62527997814135,-2.706002488071764,15.38787257344827,-2.833213344056216,24,0.23,2.310960140410412,-2.833213344056216,24,18,50,609.6566862850664,-2.0442173044090404,15.322602830824136,0.0,26,0.16,2.3374704850942924,-3.49650756146648,17,2,50,503.8043215392989,7.191815978216945,19.9580456018802,0.0,31,0.11,1.8642902997055488,-3.49650756146648,16,2,50,666.5717358762153,8.491574593940475,22.31073639153379,3.49650756146648,42,0.0,1.8882444141543304,3.49650756146648,15,18,6,730.3138023957348,5.120858005340112,22.21637495034125,3.49650756146648,43,0.12,2.0477475750508214,0.0,12,2,50,926.2333239936296,4.702477971389299,19.28080019547505,3.49650756146648,39,0.06,2.045750242169806,-3.49650756146648,12,4,22,612.6442499817139,12900,100,11,10
-4.68565332271579,17.58485820814347,-2.833213344056216,22,0.22,2.645104992549128,0.0,22,6,50,714.6966114346264,-4.04880238961027,13.521028209643772,0.0,26,0.18,2.1526018435405123,-3.49650756146648,20,18,50,422.26046293825567,-2.6601892833680223,15.837785621518975,0.0,26,0.24,2.3626001508696586,0.0,24,18,50,623.6300550162055,-2.545048122691333,15.878497282869812,0.0,28,0.16,2.362600150947545,-3.49650756146648,16,2,50,566.5468451785737,7.251581794380492,20.42695222865827,0.0,33,0.1,1.8797590525805887,-3.49650756146648,17,2,50,722.2223994056824,7.024882927112383,22.601386549154864,3.49650756146648,43,0.0,1.9255307293635824,3.49650756146648,16,18,6,813.1836584171384,3.238875933027149,22.12886771707956,2.833213344056216,41,0.12,2.0796615501912945,-2.833213344056216,12,2,50,989.850452498199,4.491436518154159,19.58250451567563,3.49650756146648,40,0.06,2.0388536364545806,2.833213344056216,12,4,50,684.1669835813365,12950,100,11,10
-4.089787800034065,18.28182209456128,-2.833213344056216,22,0.21,2.6447919445669723,0.0,21,6,50,705.662903433884,-4.0410254806203545,13.534243783487582,0.0,25,0.16,2.13652637462188,-3.49650756146648,21,18,28,418.349849624017,-2.632003141533625,15.855705463866856,0.0,25,0.21,2.365818848219421,-2.833213344056216,21,18,50,619.4556814159073,-3.4452046870549227,15.577864555237856,-1.416606672028108,27,0.17,2.325788947786846,0.0,17,2,50,585.824998403196,6.034248850290376,20.34187786569107,0.0,32,0.11,1.9085913805651609,-3.49650756146648,17,2,50,719.4037860700014,5.829006816820277,22.50934870846282,3.49650756146648,41,0.0,1.950630732880403,3.49650756146648,18,18,6,741.0206563454852,4.036480089115392,22.3142943829472,3.1648604527613484,43,0.1,2.1711120978813985,3.8918202981106265,12,2,50,1035.99770405076,5.431518423499166,19.941160543419084,3.49650756146648,41,0.06,2.0651940181062587,2.833213344056216,12,4,50,700.7246705455109,13000,100,11,10
-3.832711029043218,18.063758704474065,-2.2213256282451583,21,0.22,2.6287314690959094,0.0,22,6,50,671.6356227770459,-3.9239249770903566,13.211249154303124,0.0,24,0.15,2.126007612869996,-3.49650756146648,24,18,50,384.4538380641736,-3.279022683415937,15.287104965454018,-2.833213344056216,24,0.21,2.304290300135315,-2.833213344056216,23,18,50,602.6490837871106,-3.354998545502564,15.280221105692265,-2.833213344056216,26,0.17,2.2963673954311035,-3.49650756146648,18,2,50,551.0628824385346,4.995210454800176,19.891362572379887,0.0,30,0.12,1.9059252053401856,-3.49650756146648,17,2,50,691.733531769376,6.7294573568950975,22.47462194202788,3.49650756146648,40,0.0,1.9332808458183008,3.49650756146648,18,18,6,799.5023953747608,5.497524438578648,22.65605522754433,3.49650756146648,44,0.1,2.142812121764598,-2.833213344056216,11,2,50,1001.0242805466472,5.969427408332528,19.79200439473997,3.49650756146648,41,0.05,2.0621320233854235,-3.49650756146648,12,4,50,641.2673453739885,13050,100,11,10
-4.427284579583431,17.36693829757267,-2.2213256282451583,21,0.23,2.629237654836313,0.0,23,6,50,680.7985570265972,-4.500898250384833,13.23820441583686,0.0,24,0.17,2.1301543846534243,-3.49650756146648,24,8,50,437.6057011339326,-3.348952827580316,15.263930421965275,-2.833213344056216,24,0.23,2.619727109068126,-2.833213344056216,23,18,50,602.6490830806156,-2.458795238136436,15.58169957034266,-2.833213344056216,26,0.16,2.33602497563955,-3.49650756146648,17,2,50,531.3894294403706,6.21254325371521,20.041567042425903,0.0,31,0.11,1.8810329377807795,-3.49650756146648,17,2,50,694.5521596223848,7.851450043416325,22.54554790741432,3.49650756146648,41,0.0,1.9024549991691009,3.49650756146648,15,18,6,790.2590907121265,5.154423128756296,22.515845578081308,3.1648604527613484,44,0.12,2.0729719058709937,0.0,12,2,50,978.047004636176,4.785547366856373,19.619495998506327,3.49650756146648,41,0.05,2.0682257878488004,-3.49650756146648,12,4,50,649.0894720228171,13100,100,11,10
-4.370884154810834,17.383037538360607,-2.2213256282451583,21,0.23,2.645104992549128,0.0,23,6,50,683.2196946441309,-4.338194500908979,13.28434583293248,0.0,25,0.18,2.133834917336336,-3.49650756146648,22,18,50,440.9877831203254,-2.402084351259647,15.569027956203252,0.0,25,0.23,2.348591380994175,-2.833213344056216,23,18,50,592.1531351172555,-2.265243999316497,15.610474353515338,0.0,27,0.16,2.3532696901802903,-3.49650756146648,17,2,50,538.5664328410901,7.544651771015387,20.07621400876932,0.0,32,0.1,1.8634536617538893,-3.49650756146648,16,2,50,694.2419901766525,7.934225355206423,22.516781061055475,3.49650756146648,43,0.0,1.9037982531559243,3.49650756146648,15,18,6,777.1816965001751,4.211515544273382,22.18711187944517,3.1648604527613484,41,0.12,2.05710456815764,0.0,12,2,50,961.2067516421008,4.136236811666983,19.409073057594508,3.49650756146648,39,0.06,2.3966617708004128,2.833213344056216,12,4,50,663.7261357720236,13150,100,11,10
-4.0277825631183495,18.29467753194508,-2.2213256282451583,22,0.21,2.6606592822797865,0.0,21,6,50,711.8633980903979,-4.006060228745857,13.54012037034025,0.0,26,0.17,2.1428079708821746,-3.49650756146648,20,18,50,419.3128352866351,-2.5902590925748257,15.857084573196405,0.0,26,0.22,2.3713296946826867,0.0,22,18,50,623.6300510598187,-2.573380216568028,15.8714016646435,0.0,28,0.17,2.367703218214809,0.0,17,2,50,569.3800545662432,6.66378733126946,20.14443058401225,0.0,33,0.11,1.8931620959649769,-3.49650756146648,17,2,50,726.3967866754053,6.465274742532025,22.333841185009632,3.49650756146648,42,0.0,1.94002380536411,3.49650756146648,18,18,6,795.3515171625658,3.610309334841793,22.294634657317182,2.833213344056216,42,0.11,2.159906472396893,3.8918202981106265,12,2,50,1015.660945897072,5.04031274531101,19.94324301468244,3.49650756146648,40,0.06,2.0501980415321475,2.833213344056216,12,4,50,683.8844199062723,13200,100,11,10
-4.077550045716217,18.28306869473733,-2.2213256282451583,22,0.21,2.6447919445669723,0.0,21,6,50,710.1055546902116,-4.16876396267882,13.49885740847676,0.0,25,0.16,2.143180319704735,-3.49650756146648,22,18,50,415.9307517459529,-2.982881594173875,15.480816210211698,-1.416606672028108,25,0.21,2.3401701341307897,-2.833213344056216,21,18,50,585.9232373763052,-3.564872460657109,15.55051654855784,-2.833213344056216,27,0.17,2.314084172871617,0.0,17,2,50,586.0363041998553,5.388616135356392,20.03439411429426,0.0,31,0.12,1.912818774065216,-3.49650756146648,17,2,50,721.0132239822727,5.826893725881352,22.51017168852607,3.49650756146648,41,0.0,1.950630732880403,3.49650756146648,18,18,50,798.3159843028399,4.58818197939616,22.64249309504904,3.1648604527613484,44,0.1,2.1606907759292766,-2.833213344056216,11,2,50,1035.9977080067542,5.68299034278307,20.11976257700344,3.49650756146648,42,0.05,2.0686560378365124,-3.49650756146648,11,4,50,668.5844634938431,13250,100,11,10
-3.5113089189640774,17.852445615716288,-1.6094379124341005,20,0.23,2.6289246068541576,0.0,23,6,50,646.4884268920648,-4.115054801835191,12.996889869271678,0.0,23,0.16,2.111042547510629,-3.49650756146648,24,18,50,406.01437140190126,-2.9642534825424547,15.025072635732233,-2.833213344056216,23,0.22,2.3004706858313075,-2.833213344056216,23,18,50,571.1721636997625,-2.9769321355738514,15.030938131109458,-2.833213344056216,25,0.18,2.303441165978842,0.0,18,2,50,520.2492565685966,5.974483034123173,19.867302086679416,0.0,31,0.12,1.8931620959649769,-3.49650756146648,16,2,6,681.5420401940319,7.638799784988452,22.401532823780485,3.49650756146648,41,0.0,1.9129350397776232,3.49650756146648,17,18,6,808.277495164655,5.812293566917531,22.3568534373881,3.49650756146648,43,0.11,2.1380902351067186,-2.833213344056216,11,2,50,975.2137944004118,5.694889763866104,19.62600381973856,3.49650756146648,41,0.05,2.0586700036551697,-3.49650756146648,12,4,50,614.1160507793738,13300,100,11,10
-4.107174441645028,17.158129991553434,-1.6094379124341005,21,0.24,2.627105067638614,0.0,24,6,50,649.8557082046175,-4.094499561841503,12.995134864826438,0.0,24,0.17,2.1194265545934337,-3.49650756146648,23,18,50,409.6252740906449,-2.706002429196801,15.387872661604996,-2.833213344056216,24,0.23,2.310960140410412,-2.833213344056216,24,18,50,609.65668039757,-2.044217233759625,15.322602934012512,0.0,26,0.16,2.3374704850942924,-3.49650756146648,17,2,50,503.8043144743575,7.191815978211816,19.95804560187126,0.0,31,0.11,1.8642902997055488,-3.49650756146648,16,2,50,666.5717358759418,8.491574593935006,22.31073639152333,3.49650756146648,42,0.0,1.8882444141543304,3.49650756146648,15,18,6,730.3138023953373,5.1208579464639445,22.216375017792192,3.49650756146648,43,0.12,2.0477475750508214,0.0,12,2,50,926.233329880494,4.702477912513649,19.28080027192158,3.49650756146648,39,0.06,2.045750242169806,-3.49650756146648,12,4,22,612.6442533317651,13350,100,11,10
-4.685653322712712,17.584858208138783,-2.833213344056216,22,0.22,2.645104992549128,0.0,22,6,50,714.6966114343188,-4.048802318960523,13.521028337054762,0.0,26,0.18,2.1526018435405123,-3.49650756146648,20,18,50,422.2604558732813,-2.660189212718279,15.83778572409786,0.0,26,0.24,2.3626001508696586,0.0,24,18,50,623.6300479512311,-2.545048052041586,15.878497384673384,0.0,28,0.16,2.362600150947545,-3.49650756146648,16,2,50,566.5468381135989,7.251581794375364,20.426952228649032,0.0,33,0.1,1.8797590525805887,-3.49650756146648,17,2,50,722.2223994053749,7.024882927107768,22.60138654914416,3.49650756146648,43,0.0,1.9255307293635824,3.49650756146648,16,18,6,813.1836584167006,3.2388758741520167,22.128867779790344,2.833213344056216,41,0.12,2.0796615501912945,-2.833213344056216,12,2,50,989.8504583850284,4.491436459278687,19.58250459030953,3.49650756146648,40,0.06,2.0388536364545806,2.833213344056216,12,4,50,684.1669894683365,13400,100,11,10
-4.089787800031158,18.28182209455693,-2.833213344056216,22,0.21,2.6447919445669723,0.0,21,6,50,705.6629034335936,-4.041025409970789,13.53424391073389,0.0,25,0.16,2.13652637462188,-3.49650756146648,21,18,28,418.3498537663525,-2.6320030708840623,15.855705566204511,0.0,25,0.21,2.365818848219421,-2.833213344056216,21,18,50,619.4556743509511,-3.445204628179799,15.577864645112816,-1.416606672028108,27,0.17,2.325788947786846,0.0,17,2,50,585.8249925156836,6.03424885028576,20.341877865682125,0.0,32,0.11,1.9085913805651609,-3.49650756146648,17,2,50,719.4037860697108,5.829006816816176,22.50934870845241,3.49650756146648,41,0.0,1.950630732880403,3.49650756146648,18,18,6,741.0206563450804,4.03648001846514,22.314294460102225,3.1648604527613484,43,0.1,2.1711120978813985,3.8918202981106265,12,2,50,1035.997711115033,5.431518352848404,19.941160634701173,3.49650756146648,41,0.06,2.0651940181062587,2.833213344056216,12,4,50,700.7246776099718,13450,100,11,10
-3.832711029040483,18.06375870446988,-2.2213256282451583,21,0.22,2.6287314690959094,0.0,22,6,50,671.6356227767724,-3.923924906440973,13.211249284034531,0.0,24,0.15,2.126007612869996,-3.49650756146648,24,18,50,384.4538309992353,-3.279022624540996,15.287105056398673,-2.833213344056216,24,0.21,2.304290300135315,-2.833213344056216,23,18,50,602.6490778996165,-3.3549984866276183,15.280221196970636,-2.833213344056216,26,0.17,2.2963673954311035,-3.49650756146648,18,2,50,551.0628765510403,4.995210454796073,19.89136257237117,0.0,30,0.12,1.9059252053401856,-3.49650756146648,17,2,50,691.7335317691025,6.729457356890482,22.474621942017528,3.49650756146648,40,0.0,1.9332808458183008,3.49650756146648,18,18,6,799.5023953743295,5.49752436792755,22.656055308091062,3.49650756146648,44,0.1,2.142812121764598,-2.833213344056216,11,2,50,1001.0242876109362,5.969427337681433,19.792004488630216,3.49650756146648,41,0.05,2.0621320233854235,-3.49650756146648,12,4,50,641.2673524384827,13500,100,11,10
-4.4272845795806965,17.36693829756841,-2.2213256282451583,21,0.23,2.629237654836313,0.0,23,6,50,680.7985570263238,-4.5008981915099,13.238204526291277,0.0,24,0.17,2.1301543846534243,-3.49650756146648,24,8,50,437.6056952464391,-3.3489527687053826,15.263930513317725,-2.833213344056216,24,0.23,2.619727109068126,-2.833213344056216,23,18,50,602.6490771931223,-2.458795167487058,15.581699673694883,-2.833213344056216,26,0.16,2.33602497563955,-3.49650756146648,17,2,50,531.3894223754328,6.212543253710424,20.041567042417185,0.0,31,0.11,1.8810329377807795,-3.49650756146648,17,2,50,694.5521596221113,7.851450043411027,22.545547907404,3.49650756146648,41,0.0,1.9024549991691009,3.49650756146648,15,18,6,790.2590907117113,5.15442305810538,22.515845658053216,3.1648604527613484,44,0.12,2.0729719058709937,0.0,12,2,50,978.0470117004814,4.785547296205971,19.619496088959263,3.49650756146648,41,0.05,2.0682257878488004,-3.49650756146648,12,4,50,649.0894790873101,13550,100,11,10
-4.370884154807928,17.383037538356074,-2.2213256282451583,21,0.23,2.645104992549128,0.0,23,6,50,683.2196946438403,-4.338194442033882,13.284345942281798,0.0,25,0.18,2.133834917336336,-3.49650756146648,22,18,50,440.9877772328158,-2.40208428061011,15.569028059381916,0.0,25,0.23,2.348591380994175,-2.833213344056216,23,18,50,592.1531280523018,-2.265243928666957,15.610474455800752,0.0,27,0.16,2.3532696901802903,-3.49650756146648,17,2,50,538.5664257761362,7.544651771010084,20.07621400876032,0.0,32,0.1,1.8634536617538893,-3.49650756146648,16,2,50,694.241990176362,7.934225355201294,22.516781061044856,3.49650756146648,43,0.0,1.9037982531559243,3.49650756146648,15,18,6,777.1816964997512,4.2115154853977685,22.18711194457213,3.1648604527613484,41,0.12,2.05710456815764,0.0,12,2,50,961.2067575289444,4.136236752791714,19.409073131818047,3.49650756146648,39,0.06,2.3966617708004128,2.833213344056216,12,4,50,663.7261416590377,13600,100,11,10
-4.027782563115272,18.294677531940465,-2.2213256282451583,22,0.21,2.6606592822797865,0.0,21,6,50,711.8633980900902,-4.006060158096159,13.540120497348484,0.0,26,0.17,2.1428079708821746,-3.49650756146648,20,18,50,419.3128282216652,-2.590259021925129,15.857084675338813,0.0,26,0.22,2.3713296946826867,0.0,22,18,50,623.6300439948491,-2.5733801459183274,15.871401766618636,0.0,28,0.17,2.367703218214809,0.0,17,2,50,569.380047501273,6.663787331264673,20.14443058400316,0.0,33,0.11,1.8931620959649769,-3.49650756146648,17,2,50,726.3967866750978,6.465274742527753,22.333841184999063,3.49650756146648,42,0.0,1.94002380536411,3.49650756146648,18,18,6,795.3515171621425,3.610309275966527,22.29463472054232,2.833213344056216,42,0.11,2.159906472396893,3.8918202981106265,12,2,50,1015.6609517838804,5.040312686435234,19.943243089586208,3.49650756146648,40,0.06,2.0501980415321475,2.833213344056216,12,4,50,683.8844257932686,13650,100,11,10
-4.077550045713312,18.28306869473297,-2.2213256282451583,22,0.21,2.6447919445669723,0.0,21,6,50,710.1055546899211,-4.168763892029303,13.498857536725106,0.0,25,0.16,2.143180319704735,-3.49650756146648,22,18,50,415.9307446810012,-2.98288152352436,15.480816316628832,-1.416606672028108,25,0.21,2.3401701341307897,-2.833213344056216,21,18,50,585.9232303113537,-3.564872401782025,15.550516639043868,-2.833213344056216,27,0.17,2.314084172871617,0.0,17,2,50,586.0362983123468,5.38861613535212,20.03439411428548,0.0,31,0.12,1.912818774065216,-3.49650756146648,17,2,50,721.0132239819823,5.826893725877248,22.510171688515666,3.49650756146648,41,0.0,1.950630732880403,3.49650756146648,18,18,50,798.3159843025321,4.58818190874561,22.64249317280669,3.1648604527613484,44,0.1,2.1606907759292766,-2.833213344056216,11,2,50,1035.9977150710229,5.682990272132182,20.119762668358,3.49650756146648,42,0.05,2.0686560378365124,-3.49650756146648,11,4,50,668.5844705583164,13700,100,11,10
-3.5113089189615128,17.852445615712274,-1.6094379124341005,20,0.23,2.6289246068541576,0.0,23,6,50,646.4884268918083,-4.115054742960457,12.996889980029376,0.0,23,0.16,2.111042547510629,-3.49650756146648,24,18,50,406.0143655144281,-2.9642534236677225,15.02507272702979,-2.833213344056216,23,0.22,2.3004706858313075,-2.833213344056216,23,18,50,571.1721578122892,-2.976932076699117,15.030938222421057,-2.833213344056216,25,0.18,2.303441165978842,0.0,18,2,50,520.2492506811232,5.974483034118558,19.867302086670783,0.0,31,0.12,1.8931620959649769,-3.49650756146648,16,2,6,681.5420401937301,7.638799784983324,22.40153282377022,3.49650756146648,41,0.0,1.9129350397776232,3.49650756146648,17,18,6,808.277495164226,5.812293496266307,22.356853520007743,3.49650756146648,43,0.11,2.1380902351067186,-2.833213344056216,11,2,50,975.2138014647136,5.694889693215226,19.62600391343481,3.49650756146648,41,0.05,2.0586700036551697,-3.49650756146648,12,4,50,614.1160578438805,13750,100,11,10
-4.107174441642293,17.15812999154907,-1.6094379124341005,21,0.24,2.627105067638614,0.0,24,6,50,649.855708204344,-4.094499502966607,12.995134975505596,0.0,24,0.17,2.1194265545934337,-3.49650756146648,23,18,50,409.6252682031553,-2.706002370321906,15.387872749761623,-2.833213344056216,24,0.23,2.310960140410412,-2.833213344056216,24,18,50,609.6566745100805,-2.044217163110294,15.32260303720077,0.0,26,0.16,2.3374704850942924,-3.49650756146648,17,2,50,503.8043074094244,7.191815978206688,19.958045601862327,0.0,31,0.11,1.8642902997055488,-3.49650756146648,16,2,50,666.5717358756683,8.491574593929533,22.310736391512872,3.49650756146648,42,0.0,1.8882444141543304,3.49650756146648,15,18,6,730.3138023949399,5.120857887587847,22.21637508524306,3.49650756146648,43,0.12,2.0477475750508214,0.0,12,2,50,926.2333357673516,4.702477853638067,19.28080034836802,3.49650756146648,39,0.06,2.045750242169806,-3.49650756146648,12,4,22,612.6442566818123,13800,100,11,10
-4.685653322709635,17.584858208134094,-2.833213344056216,22,0.22,2.645104992549128,0.0,22,6,50,714.696611434011,-4.048802248310863,13.521028464465603,0.0,26,0.18,2.1526018435405123,-3.49650756146648,20,18,50,422.2604488083151,-2.6601891420686177,15.837785826676628,0.0,26,0.24,2.3626001508696586,0.0,24,18,50,623.6300408862651,-2.5450479813919227,15.87849748647684,0.0,28,0.16,2.362600150947545,-3.49650756146648,16,2,50,566.5468310486326,7.251581794370235,20.426952228639788,0.0,33,0.1,1.8797590525805887,-3.49650756146648,17,2,50,722.2223994050671,7.024882927103152,22.601386549133448,3.49650756146648,43,0.0,1.9255307293635824,3.49650756146648,16,18,6,813.1836584162629,3.2388758152769537,22.128867842501062,2.833213344056216,41,0.12,2.0796615501912945,-2.833213344056216,12,2,50,989.8504642718508,4.491436400403287,19.582504664943347,3.49650756146648,40,0.06,2.0388536364545806,2.833213344056216,12,4,50,684.1669953553298,13850,100,11,10
-4.089787800028253,18.28182209455257,-2.833213344056216,22,0.21,2.6447919445669723,0.0,21,6,50,705.662903433303,-4.04102533932131,13.534244037980054,0.0,25,0.16,2.13652637462188,-3.49650756146648,21,18,28,418.34985790868336,-2.6320030002345827,15.855705668542052,0.0,25,0.21,2.365818848219421,-2.833213344056216,21,18,50,619.4556672860032,-3.445204569304744,15.57786473498767,-1.416606672028108,27,0.17,2.325788947786846,0.0,17,2,50,585.8249866281781,6.034248850281144,20.341877865673176,0.0,32,0.11,1.9085913805651609,-3.49650756146648,17,2,50,719.4037860694202,5.829006816812074,22.509348708442,3.49650756146648,41,0.0,1.950630732880403,3.49650756146648,18,18,6,741.0206563446756,4.03647994781497,22.31429453725716,3.1648604527613484,43,0.1,2.1711120978813985,3.8918202981106265,12,2,50,1035.997718179298,5.431518282197724,19.94116072598316,3.49650756146648,41,0.06,2.0651940181062587,2.833213344056216,12,4,50,700.7246846744243,13900,100,11,10
-3.832711029037748,18.06375870446569,-2.2213256282451583,21,0.22,2.6287314690959094,0.0,22,6,50,671.6356227764988,-3.923924835791673,13.211249413765792,0.0,24,0.15,2.126007612869996,-3.49650756146648,24,18,50,384.4538239343054,-3.279022565666123,15.287105147343228,-2.833213344056216,24,0.21,2.304290300135315,-2.833213344056216,23,18,50,602.6490720121292,-3.354998427752743,15.280221288248896,-2.833213344056216,26,0.17,2.2963673954311035,-3.49650756146648,18,2,50,551.0628706635528,4.995210454791972,19.891362572362468,0.0,30,0.12,1.9059252053401856,-3.49650756146648,17,2,50,691.7335317688289,6.729457356885867,22.474621942007182,3.49650756146648,40,0.0,1.9332808458183008,3.49650756146648,18,18,6,799.502395373898,5.497524297276536,22.656055388637714,3.49650756146648,44,0.1,2.142812121764598,-2.833213344056216,11,2,50,1001.0242946752172,5.969427267030421,19.792004582520363,3.49650756146648,41,0.05,2.0621320233854235,-3.49650756146648,12,4,50,641.2673595029682,13950,100,11,10
-4.427284579577962,17.36693829756415,-2.2213256282451583,21,0.23,2.629237654836313,0.0,23,6,50,680.7985570260503,-4.500898132635034,13.23820463674557,0.0,24,0.17,2.1301543846534243,-3.49650756146648,24,8,50,437.6056893589527,-3.348952709830519,15.263930604670067,-2.833213344056216,24,0.23,2.619727109068126,-2.833213344056216,23,18,50,602.6490713056357,-2.4587950968377625,15.581699777046994,-2.833213344056216,26,0.16,2.33602497563955,-3.49650756146648,17,2,50,531.3894153105032,6.212543253705637,20.04156704240847,0.0,31,0.11,1.8810329377807795,-3.49650756146648,17,2,50,694.5521596218377,7.851450043405727,22.545547907393665,3.49650756146648,41,0.0,1.9024549991691009,3.49650756146648,15,18,6,790.259090711296,5.154422987454545,22.515845738025032,3.1648604527613484,44,0.12,2.0729719058709937,0.0,12,2,50,978.0470187647784,4.785547225555654,19.619496179412103,3.49650756146648,41,0.05,2.0682257878488004,-3.49650756146648,12,4,50,649.0894861517949,14000,100,11,10
-4.370884154805022,17.383037538351545,-2.2213256282451583,21,0.23,2.645104992549128,0.0,23,6,50,683.2196946435497,-4.338194383158854,13.28434605163099,0.0,25,0.18,2.133834917336336,-3.49650756146648,22,18,50,440.987771345313,-2.402084209960657,15.569028162560462,0.0,25,0.23,2.348591380994175,-2.833213344056216,23,18,50,592.1531209873566,-2.2652438580175014,15.610474558086054,0.0,27,0.16,2.3532696901802903,-3.49650756146648,17,2,50,538.5664187111904,7.544651771004789,20.076214008751315,0.0,32,0.1,1.8634536617538893,-3.49650756146648,16,2,50,694.2419901760715,7.934225355196166,22.51678106103424,3.49650756146648,43,0.0,1.9037982531559243,3.49650756146648,15,18,6,777.1816964993272,4.211515426522222,22.18711200969901,3.1648604527613484,41,0.12,2.05710456815764,0.0,12,2,50,961.2067634157808,4.136236693916513,19.409073206041505,3.49650756146648,39,0.06,2.3966617708004128,2.833213344056216,12,4,50,663.7261475460449,14050,100,11,10
-4.027782563112196,18.294677531935843,-2.2213256282451583,22,0.21,2.6606592822797865,0.0,21,6,50,711.8633980897825,-4.006060087446545,13.540120624356572,0.0,26,0.17,2.1428079708821746,-3.49650756146648,20,18,50,419.3128211567037,-2.590258951275515,15.857084777481104,0.0,26,0.22,2.3713296946826867,0.0,22,18,50,623.6300369298876,-2.5733800752687097,15.871401868593662,0.0,28,0.17,2.367703218214809,0.0,17,2,50,569.3800404363113,6.663787331259888,20.14443058399406,0.0,33,0.11,1.8931620959649769,-3.49650756146648,17,2,50,726.3967866747901,6.465274742523478,22.333841184988497,3.49650756146648,42,0.0,1.94002380536411,3.49650756146648,18,18,6,795.3515171617191,3.610309217091333,22.294634783767385,2.833213344056216,42,0.11,2.159906472396893,3.8918202981106265,12,2,50,1015.660957670682,5.04031262755953,19.94324316448989,3.49650756146648,40,0.06,2.0501980415321475,2.833213344056216,12,4,50,683.884431680258,14100,100,11,10
-4.077550045710405,18.28306869472862,-2.2213256282451583,22,0.21,2.6447919445669723,0.0,21,6,50,710.1055546896305,-4.16876382137987,13.498857664973306,0.0,25,0.16,2.143180319704735,-3.49650756146648,22,18,50,415.93073761605785,-2.9828814528749263,15.480816423045844,-1.416606672028108,25,0.21,2.3401701341307897,-2.833213344056216,21,18,50,585.9232232464103,-3.5648723429070084,15.550516729529797,-2.833213344056216,27,0.17,2.314084172871617,0.0,17,2,50,586.0362924248452,5.388616135347845,20.034394114276683,0.0,31,0.12,1.912818774065216,-3.49650756146648,17,2,50,721.0132239816917,5.826893725873148,22.51017168850525,3.49650756146648,41,0.0,1.950630732880403,3.49650756146648,18,18,50,798.3159843022245,4.588181838095146,22.64249325056428,3.1648604527613484,44,0.1,2.1606907759292766,-2.833213344056216,11,2,50,1035.9977221352829,5.6829902014813785,20.119762759712447,3.49650756146648,42,0.05,2.0686560378365124,-3.49650756146648,11,4,50,668.5844776227814,14150,100,11,10
-3.511308918958949,17.85244561570826,-1.6094379124341005,20,0.23,2.6289246068541576,0.0,23,6,50,646.488426891552,-4.115054684085794,12.99689009078695,0.0,23,0.16,2.111042547510629,-3.49650756146648,24,18,50,406.0143596269616,-2.96425336479306,15.025072818327253,-2.833213344056216,23,0.22,2.3004706858313075,-2.833213344056216,23,18,50,571.1721519248229,-2.976932017824451,15.030938313732554,-2.833213344056216,25,0.18,2.303441165978842,0.0,18,2,50,520.2492447936565,5.974483034113942,19.86730208666216,0.0,31,0.12,1.8931620959649769,-3.49650756146648,16,2,6,681.5420401934288,7.638799784978196,22.40153282375996,3.49650756146648,41,0.0,1.9129350397776232,3.49650756146648,17,18,6,808.2774951637969,5.81229342561517,22.356853602627304,3.49650756146648,43,0.11,2.1380902351067186,-2.833213344056216,11,2,50,975.2138085290068,5.694889622564432,19.62600400713097,3.49650756146648,41,0.05,2.0586700036551697,-3.49650756146648,12,4,50,614.1160649083786,14200,100,11,10
-4.107174441639558,17.15812999154471,-1.6094379124341005,21,0.24,2.627105067638614,0.0,24,6,50,649.8557082040704,-4.09449944409178,12.995135086184629,0.0,24,0.17,2.1194265545934337,-3.49650756146648,23,18,50,409.6252623156727,-2.70600231144708,15.38787283791815,-2.833213344056216,24,0.23,2.310960140410412,-2.833213344056216,24,18,50,609.6566686225979,-2.0442170924610448,15.322603140388908,0.0,26,0.16,2.3374704850942924,-3.49650756146648,17,2,50,503.8043003444994,7.19181597820156,19.95804560185339,0.0,31,0.11,1.8642902997055488,-3.49650756146648,16,2,50,666.5717358753948,8.491574593924065,22.310736391502413,3.49650756146648,42,0.0,1.8882444141543304,3.49650756146648,15,18,6,730.3138023945422,5.120857828711821,22.21637515269385,3.49650756146648,43,0.12,2.0477475750508214,0.0,12,2,50,926.233341654202,4.702477794762555,19.280800424814377,3.49650756146648,39,0.06,2.045750242169806,-3.49650756146648,12,4,22,612.6442600318557,14250,100,11,10
-4.685653322706558,17.584858208129404,-2.833213344056216,22,0.22,2.645104992549128,0.0,22,6,50,714.6966114337034,-4.048802177661286,13.521028591876297,0.0,26,0.18,2.1526018435405123,-3.49650756146648,20,18,50,422.26044174335726,-2.660189071419041,15.83778592925528,0.0,26,0.24,2.3626001508696586,0.0,24,18,50,623.6300338213073,-2.5450479107423423,15.87849758828018,0.0,28,0.16,2.362600150947545,-3.49650756146648,16,2,50,566.5468239836746,7.251581794365106,20.426952228630547,0.0,33,0.1,1.8797590525805887,-3.49650756146648,17,2,50,722.2223994047594,7.0248829270985365,22.601386549122743,3.49650756146648,43,0.0,1.9255307293635824,3.49650756146648,16,18,6,813.1836584158252,3.2388757564019595,22.12886790521172,2.833213344056216,41,0.12,2.0796615501912945,-2.833213344056216,12,2,50,989.8504701586666,4.491436341527953,19.58250473957708,3.49650756146648,40,0.06,2.0388536364545806,2.833213344056216,12,4,50,684.1670012423161,14300,100,11,10
-4.089787800025348,18.28182209454821,-2.833213344056216,22,0.21,2.6447919445669723,0.0,21,6,50,705.6629034330123,-4.0410252686719135,13.534244165226072,0.0,25,0.16,2.13652637462188,-3.49650756146648,21,18,28,418.3498620510093,-2.6320029295851866,15.855705770879476,0.0,25,0.21,2.365818848219421,-2.833213344056216,21,18,50,619.4556602210635,-3.445204510429759,15.577864824862427,-1.416606672028108,27,0.17,2.325788947786846,0.0,17,2,50,585.8249807406796,6.03424885027653,20.34187786566423,0.0,32,0.11,1.9085913805651609,-3.49650756146648,17,2,50,719.4037860691296,5.829006816807971,22.509348708431588,3.49650756146648,41,0.0,1.950630732880403,3.49650756146648,18,18,6,741.0206563442707,4.036479877164883,22.31429461441201,3.1648604527613484,43,0.1,2.1711120978813985,3.8918202981106265,12,2,50,1035.997725243555,5.431518211547127,19.941160817265043,3.49650756146648,41,0.06,2.0651940181062587,2.833213344056216,12,4,50,700.7246917388686,14350,100,11,10
-3.832711029035013,18.063758704461502,-2.2213256282451583,21,0.22,2.6287314690959094,0.0,22,6,50,671.6356227762253,-3.923924765142458,13.211249543496905,0.0,24,0.15,2.126007612869996,-3.49650756146648,24,18,50,384.4538168693838,-3.2790225067913195,15.287105238287676,-2.833213344056216,24,0.21,2.304290300135315,-2.833213344056216,23,18,50,602.6490661246489,-3.354998368877937,15.280221379527056,-2.833213344056216,26,0.17,2.2963673954311035,-3.49650756146648,18,2,50,551.0628647760722,4.995210454787871,19.89136257235376,0.0,30,0.12,1.9059252053401856,-3.49650756146648,17,2,50,691.7335317685556,6.729457356881252,22.47462194199684,3.49650756146648,40,0.0,1.9332808458183008,3.49650756146648,18,18,6,799.5023953734666,5.497524226625606,22.65605546918427,3.49650756146648,44,0.1,2.142812121764598,-2.833213344056216,11,2,50,1001.0243017394898,5.969427196379495,19.792004676410407,3.49650756146648,41,0.05,2.0621320233854235,-3.49650756146648,12,4,50,641.2673665674458,14400,100,11,10
-4.427284579575227,17.36693829755989,-2.2213256282451583,21,0.23,2.629237654836313,0.0,23,6,50,680.7985570257767,-4.500898073760238,13.238204747199736,0.0,24,0.17,2.1301543846534243,-3.49650756146648,24,8,50,437.605683471473,-3.348952650955724,15.263930696022314,-2.833213344056216,24,0.23,2.619727109068126,-2.833213344056216,23,18,50,602.6490654181563,-2.4587950261885503,15.581699880398988,-2.833213344056216,26,0.16,2.33602497563955,-3.49650756146648,17,2,50,531.389408245582,6.212543253700851,20.04156704239975,0.0,31,0.11,1.8810329377807795,-3.49650756146648,17,2,50,694.5521596215642,7.851450043400429,22.545547907383344,3.49650756146648,41,0.0,1.9024549991691009,3.49650756146648,15,18,6,790.2590907108806,5.154422916803795,22.51584581799676,3.1648604527613484,44,0.12,2.0729719058709937,0.0,12,2,50,978.0470258290673,4.785547154905419,19.61949626986484,3.49650756146648,41,0.05,2.0682257878488004,-3.49650756146648,12,4,50,649.0894932162712,14450,100,11,10
-4.370884154802115,17.38303753834701,-2.2213256282451583,21,0.23,2.645104992549128,0.0,23,6,50,683.2196946432591,-4.338194324283895,13.28434616098006,0.0,25,0.18,2.133834917336336,-3.49650756146648,22,18,50,440.9877654578171,-2.4020841393112886,15.569028265738892,0.0,25,0.23,2.348591380994175,-2.833213344056216,23,18,50,592.1531139224196,-2.2652437873681284,15.610474660371237,0.0,27,0.16,2.3532696901802903,-3.49650756146648,17,2,50,538.5664116462533,7.54465177099949,20.07621400874232,0.0,32,0.1,1.8634536617538893,-3.49650756146648,16,2,50,694.2419901757808,7.934225355191039,22.51678106102361,3.49650756146648,43,0.0,1.9037982531559243,3.49650756146648,15,18,6,777.1816964989033,4.211515367646746,22.18711207482583,3.1648604527613484,41,0.12,2.05710456815764,0.0,12,2,50,961.2067693026106,4.1362366350413815,19.40907328026488,3.49650756146648,39,0.06,2.3966617708004128,2.833213344056216,12,4,50,663.7261534330453,14500,100,11,10
-4.027782563109119,18.294677531931228,-2.2213256282451583,22,0.21,2.6606592822797865,0.0,21,6,50,711.8633980894749,-4.006060016797012,13.540120751364512,0.0,26,0.17,2.1428079708821746,-3.49650756146648,20,18,50,419.3128140917506,-2.590258880625985,15.85708487962328,0.0,26,0.22,2.3713296946826867,0.0,22,18,50,623.6300298649346,-2.5733800046191764,15.871401970568566,0.0,28,0.17,2.367703218214809,0.0,17,2,50,569.380033371358,6.663787331255103,20.14443058398496,0.0,33,0.11,1.8931620959649769,-3.49650756146648,17,2,50,726.3967866744824,6.465274742519204,22.33384118497793,3.49650756146648,42,0.0,1.94002380536411,3.49650756146648,18,18,6,795.3515171612958,3.6103091582162072,22.294634846992377,2.833213344056216,42,0.11,2.159906472396893,3.8918202981106265,12,2,50,1015.6609635574766,5.040312568683895,19.94324323939349,3.49650756146648,40,0.06,2.0501980415321475,2.833213344056216,12,4,50,683.8844375672404,14550,100,11,10
-4.077550045707498,18.283068694724264,-2.2213256282451583,22,0.21,2.6447919445669723,0.0,21,6,50,710.1055546893399,-4.168763750730519,13.49885779322136,0.0,25,0.16,2.143180319704735,-3.49650756146648,22,18,50,415.9307305511228,-2.982881382225577,15.48081652946274,-1.416606672028108,25,0.21,2.3401701341307897,-2.833213344056216,21,18,50,585.9232161814754,-3.564872284032061,15.550516820015616,-2.833213344056216,27,0.17,2.314084172871617,0.0,17,2,50,586.0362865373506,5.388616135343572,20.034394114267897,0.0,31,0.12,1.912818774065216,-3.49650756146648,17,2,50,721.013223981401,5.826893725869044,22.51017168849484,3.49650756146648,41,0.0,1.950630732880403,3.49650756146648,18,18,50,798.3159843019167,4.588181767444763,22.64249332832177,3.1648604527613484,44,0.1,2.1606907759292766,-2.833213344056216,11,2,50,1035.997729199535,5.682990130830658,20.119762851066792,3.49650756146648,42,0.05,2.0686560378365124,-3.49650756146648,11,4,50,668.584484687238,14600,100,11,10
-3.5113089189563853,17.852445615704244,-1.6094379124341005,20,0.23,2.6289246068541576,0.0,23,6,50,646.4884268912955,-4.1150546252112,12.996890201544396,0.0,23,0.16,2.111042547510629,-3.49650756146648,24,18,50,406.0143537395022,-2.964253305918467,15.025072909624605,-2.833213344056216,23,0.22,2.3004706858313075,-2.833213344056216,23,18,50,571.1721460373635,-2.976931958949854,15.030938405043944,-2.833213344056216,25,0.18,2.303441165978842,0.0,18,2,50,520.249238906197,5.974483034109328,19.86730208665352,0.0,31,0.12,1.8931620959649769,-3.49650756146648,16,2,6,681.542040193127,7.6387997849730676,22.401532823749704,3.49650756146648,41,0.0,1.9129350397776232,3.49650756146648,17,18,6,808.277495163368,5.812293354964113,22.35685368524676,3.49650756146648,43,0.11,2.1380902351067186,-2.833213344056216,11,2,50,975.213815593292,5.694889551913723,19.62600410082701,3.49650756146648,41,0.05,2.0586700036551697,-3.49650756146648,12,4,50,614.1160719728684,14650,100,11,10
-4.107174441636824,17.158129991540346,-1.6094379124341005,21,0.24,2.627105067638614,0.0,24,6,50,649.8557082037969,-4.094499385217024,12.99513519686353,0.0,24,0.17,2.1194265545934337,-3.49650756146648,23,18,50,409.62525642819696,-2.706002252572324,15.38787292607457,-2.833213344056216,24,0.23,2.310960140410412,-2.833213344056216,24,18,50,609.6566627351223,-2.044217021811879,15.32260324357693,0.0,26,0.16,2.3374704850942924,-3.49650756146648,17,2,50,503.804293279583,7.191815978196433,19.95804560184445,0.0,31,0.11,1.8642902997055488,-3.49650756146648,16,2,50,666.5717358751212,8.491574593918592,22.31073639149196,3.49650756146648,42,0.0,1.8882444141543304,3.49650756146648,15,18,6,730.3138023941448,5.120857769835863,22.21637522014456,3.49650756146648,43,0.12,2.0477475750508214,0.0,12,2,50,926.2333475410458,4.702477735887113,19.28080050126065,3.49650756146648,39,0.06,2.045750242169806,-3.49650756146648,12,4,22,612.644263381895,14700,100,11,10
-4.685653322703482,17.584858208124714,-2.833213344056216,22,0.22,2.645104992549128,0.0,22,6,50,714.6966114333957,-4.04880210701179,13.52102871928685,0.0,26,0.18,2.1526018435405123,-3.49650756146648,20,18,50,422.2604346784078,-2.660189000769547,15.837786031833812,0.0,26,0.24,2.3626001508696586,0.0,24,18,50,623.6300267563579,-2.545047840092845,15.878497690083409,0.0,28,0.16,2.362600150947545,-3.49650756146648,16,2,50,566.5468169187249,7.251581794359977,20.426952228621303,0.0,33,0.1,1.8797590525805887,-3.49650756146648,17,2,50,722.2223994044517,7.024882927093922,22.60138654911204,3.49650756146648,43,0.0,1.9255307293635824,3.49650756146648,16,18,6,813.1836584153875,3.238875697527036,22.12886796792229,2.833213344056216,41,0.12,2.0796615501912945,-2.833213344056216,12,2,50,989.8504760454751,4.491436282652689,19.58250481421073,3.49650756146648,40,0.06,2.0388536364545806,2.833213344056216,12,4,50,684.1670071292955,14750,100,11,10
-4.0897878000224415,18.281822094543863,-2.833213344056216,22,0.21,2.6447919445669723,0.0,21,6,50,705.6629034327217,-4.0410251980226,13.53424429247195,0.0,25,0.16,2.13652637462188,-3.49650756146648,21,18,28,418.3498661933303,-2.632002858935873,15.855705873216785,0.0,25,0.21,2.365818848219421,-2.833213344056216,21,18,50,619.4556531561323,-3.4452044515548423,15.577864914737075,-1.416606672028108,27,0.17,2.325788947786846,0.0,17,2,50,585.8249748531879,6.034248850271913,20.34187786565528,0.0,32,0.11,1.9085913805651609,-3.49650756146648,17,2,50,719.403786068839,5.82900681680387,22.50934870842117,3.49650756146648,41,0.0,1.950630732880403,3.49650756146648,18,18,6,741.0206563438659,4.036479806514879,22.314294691566765,3.1648604527613484,43,0.1,2.1711120978813985,3.8918202981106265,12,2,50,1035.9977323078028,5.431518140896616,19.94116090854682,3.49650756146648,41,0.06,2.0651940181062587,2.833213344056216,12,4,50,700.7246988033045,14800,100,11,10
-3.832711029032278,18.06375870445732,-2.2213256282451583,21,0.22,2.6287314690959094,0.0,22,6,50,671.6356227759518,-3.9239246944933246,13.21124967322787,0.0,24,0.15,2.126007612869996,-3.49650756146648,24,18,50,384.4538098044705,-3.279022447916586,15.287105329232023,-2.833213344056216,24,0.21,2.304290300135315,-2.833213344056216,23,18,50,602.6490602371755,-3.3549983100032,15.280221470805111,-2.833213344056216,26,0.17,2.2963673954311035,-3.49650756146648,18,2,50,551.0628588885984,4.995210454783766,19.89136257234505,0.0,30,0.12,1.9059252053401856,-3.49650756146648,17,2,50,691.7335317682821,6.729457356876636,22.474621941986484,3.49650756146648,40,0.0,1.9332808458183008,3.49650756146648,18,18,6,799.5023953730351,5.497524155974756,22.65605554973073,3.49650756146648,44,0.1,2.142812121764598,-2.833213344056216,11,2,50,1001.024308803754,5.969427125728648,19.79200477030033,3.49650756146648,41,0.05,2.0621320233854235,-3.49650756146648,12,4,50,641.2673736319149,14850,100,11,10
-4.427284579572492,17.36693829755563,-2.2213256282451583,21,0.23,2.629237654836313,0.0,23,6,50,680.7985570255032,-4.500898014885512,13.23820485765378,0.0,24,0.17,2.1301543846534243,-3.49650756146648,24,8,50,437.6056775840004,-3.3489525920809977,15.263930787374454,-2.833213344056216,24,0.23,2.619727109068126,-2.833213344056216,23,18,50,602.6490595306838,-2.458794955539421,15.581699983750864,-2.833213344056216,26,0.16,2.33602497563955,-3.49650756146648,17,2,50,531.3894011806691,6.212543253696065,20.04156704239103,0.0,31,0.11,1.8810329377807795,-3.49650756146648,17,2,50,694.5521596212907,7.851450043395127,22.545547907373013,3.49650756146648,41,0.0,1.9024549991691009,3.49650756146648,15,18,6,790.2590907104654,5.154422846153128,22.51584589796839,3.1648604527613484,44,0.12,2.0729719058709937,0.0,12,2,50,978.0470328933476,4.785547084255268,19.61949636031748,3.49650756146648,41,0.05,2.0682257878488004,-3.49650756146648,12,4,50,649.0895002807393,14900,100,11,10
-4.37088415479921,17.38303753834248,-2.2213256282451583,21,0.23,2.645104992549128,0.0,23,6,50,683.2196946429684,-4.338194265409006,13.284346270329005,0.0,25,0.18,2.133834917336336,-3.49650756146648,22,18,50,440.9877595703282,-2.4020840686620017,15.569028368917204,0.0,25,0.23,2.348591380994175,-2.833213344056216,23,18,50,592.1531068574909,-2.2652437167188384,15.610474762656304,0.0,27,0.16,2.3532696901802903,-3.49650756146648,17,2,50,538.5664045813242,7.5446517709941885,20.07621400873332,0.0,32,0.1,1.8634536617538893,-3.49650756146648,16,2,50,694.2419901754903,7.934225355185909,22.516781061013,3.49650756146648,43,0.0,1.9037982531559243,3.49650756146648,15,18,6,777.1816964984793,4.21151530877134,22.187112139952568,3.1648604527613484,41,0.12,2.05710456815764,0.0,12,2,50,961.2067751894332,4.136236576166319,19.409073354488164,3.49650756146648,39,0.06,2.3966617708004128,2.833213344056216,12,4,50,663.7261593200387,14950,100,11,10
-4.027782563106042,18.294677531926613,-2.2213256282451583,22,0.21,2.6606592822797865,0.0,21,6,50,711.863398089167,-4.006059946147564,13.540120878372308,0.0,26,0.17,2.1428079708821746,-3.49650756146648,20,18,50,419.3128070268058,-2.590258809976537,15.85708498176534,0.0,26,0.22,2.3713296946826867,0.0,22,18,50,623.6300227999899,-2.573379933969725,15.871402072543356,0.0,28,0.17,2.367703218214809,0.0,17,2,50,569.3800263064129,6.663787331250314,20.14443058397585,0.0,33,0.11,1.8931620959649769,-3.49650756146648,17,2,50,726.3967866741746,6.465274742514932,22.333841184967365,3.49650756146648,42,0.0,1.94002380536411,3.49650756146648,18,18,6,795.3515171608725,3.610309099341149,22.294634910217297,2.833213344056216,42,0.11,2.159906472396893,3.8918202981106265,12,2,50,1015.6609694442644,5.040312509808327,19.943243314297007,3.49650756146648,40,0.06,2.0501980415321475,2.833213344056216,12,4,50,683.8844434542158,15000,100,11,10
-4.077550045704592,18.28306869471991,-2.2213256282451583,22,0.21,2.6447919445669723,0.0,21,6,50,710.1055546890493,-4.168763680081251,13.498857921469266,0.0,25,0.16,2.143180319704735,-3.49650756146648,22,18,50,415.930723486196,-2.982881311576309,15.48081663587951,-1.416606672028108,25,0.21,2.3401701341307897,-2.833213344056216,21,18,50,585.9232091165487,-3.5648722251571843,15.550516910501337,-2.833213344056216,27,0.17,2.314084172871617,0.0,17,2,50,586.0362806498629,5.388616135339298,20.034394114259108,0.0,31,0.12,1.912818774065216,-3.49650756146648,17,2,50,721.0132239811104,5.826893725864941,22.510171688484427,3.49650756146648,41,0.0,1.950630732880403,3.49650756146648,18,18,50,798.3159843016091,4.588181696794466,22.64249340607917,3.1648604527613484,44,0.1,2.1606907759292766,-2.833213344056216,11,2,50,1035.9977362637785,5.68299006018002,20.11976294242103,3.49650756146648,42,0.05,2.0686560378365124,-3.49650756146648,11,4,50,668.5844917516863,15050,100,11,10
-3.511308918953821,17.852445615700223,-1.6094379124341005,20,0.23,2.6289246068541576,0.0,23,6,50,646.4884268910391,-4.115054566336675,12.99689031230172,0.0,23,0.16,2.111042547510629,-3.49650756146648,24,18,50,406.01434785204975,-2.964253247043942,15.025073000921854,-2.833213344056216,23,0.22,2.3004706858313075,-2.833213344056216,23,18,50,571.172140149911,-2.976931900075328,15.030938496355231,-2.833213344056216,25,0.18,2.303441165978842,0.0,18,2,50,520.2492330187442,5.974483034104712,19.867302086644884,0.0,31,0.12,1.8931620959649769,-3.49650756146648,16,2,6,681.5420401928255,7.63879978496794,22.40153282373944,3.49650756146648,41,0.0,1.9129350397776232,3.49650756146648,17,18,6,808.277495162939,5.81229328431314,22.356853767866124,3.49650756146648,43,0.11,2.1380902351067186,-2.833213344056216,11,2,50,975.2138226575688,5.694889481263095,19.626004194522952,3.49650756146648,41,0.05,2.0586700036551697,-3.49650756146648,12,4,50,614.1160790373501,15100,100,11,10
-4.107174441634089,17.158129991535983,-1.6094379124341005,21,0.24,2.627105067638614,0.0,24,6,50,649.8557082035234,-4.094499326342336,12.995135307542306,0.0,24,0.17,2.1194265545934337,-3.49650756146648,23,18,50,409.6252505407282,-2.706002193697637,15.3878730142309,-2.833213344056216,24,0.23,2.310960140410412,-2.833213344056216,24,18,50,609.6566568476537,-2.044216951162797,15.322603346764836,0.0,26,0.16,2.3374704850942924,-3.49650756146648,17,2,50,503.80428621467473,7.191815978191304,19.958045601835515,0.0,31,0.11,1.8642902997055488,-3.49650756146648,16,2,50,666.5717358748477,8.491574593913125,22.31073639148149,3.49650756146648,42,0.0,1.8882444141543304,3.49650756146648,15,18,6,730.3138023937472,5.120857710959973,22.21637528759519,3.49650756146648,43,0.12,2.0477475750508214,0.0,12,2,50,926.2333534278824,4.702477677011739,19.280800577706835,3.49650756146648,39,0.06,2.045750242169806,-3.49650756146648,12,4,22,612.6442667319305,15150,100,11,10
-4.6856533227004045,17.58485820812003,-2.833213344056216,22,0.22,2.645104992549128,0.0,22,6,50,714.696611433088,-4.048802036362378,13.521028846697256,0.0,26,0.18,2.1526018435405123,-3.49650756146648,20,18,50,422.2604276134667,-2.660188930120136,15.837786134412234,0.0,26,0.24,2.3626001508696586,0.0,24,18,50,623.6300196914168,-2.545047769443431,15.87849779188652,0.0,28,0.16,2.362600150947545,-3.49650756146648,16,2,50,566.5468098537833,7.251581794354849,20.42695222861206,0.0,33,0.1,1.8797590525805887,-3.49650756146648,17,2,50,722.2223994041441,7.0248829270893065,22.601386549101328,3.49650756146648,43,0.0,1.9255307293635824,3.49650756146648,16,18,6,813.1836584149498,3.2388756386521806,22.128868030632795,2.833213344056216,41,0.12,2.0796615501912945,-2.833213344056216,12,2,50,989.850481932277,4.491436223777495,19.58250488884429,3.49650756146648,40,0.06,2.0388536364545806,2.833213344056216,12,4,50,684.1670130162678,15200,100,11,10
-4.089787800019535,18.28182209453952,-2.833213344056216,22,0.21,2.6447919445669723,0.0,21,6,50,705.6629034324311,-4.041025127373368,13.534244419717671,0.0,25,0.16,2.13652637462188,-3.49650756146648,21,18,28,418.3498703356467,-2.6320027882866435,15.855705975553976,0.0,25,0.21,2.365818848219421,-2.833213344056216,21,18,50,619.4556460912092,-3.445204392679996,15.577865004611624,-1.416606672028108,27,0.17,2.325788947786846,0.0,17,2,50,585.8249689657032,6.034248850267298,20.34187786564634,0.0,32,0.11,1.9085913805651609,-3.49650756146648,17,2,50,719.4037860685485,5.829006816799766,22.50934870841077,3.49650756146648,41,0.0,1.950630732880403,3.49650756146648,18,18,6,741.020656343461,4.036479735864958,22.31429476872144,3.1648604527613484,43,0.1,2.1711120978813985,3.8918202981106265,12,2,50,1035.9977393720428,5.431518070246184,19.941160999828497,3.49650756146648,41,0.06,2.0651940181062587,2.833213344056216,12,4,50,700.724705867732,15250,100,11,10
-3.832711029029543,18.063758704453136,-2.2213256282451583,21,0.22,2.6287314690959094,0.0,22,6,50,671.6356227756783,-3.9239246238442735,13.211249802958683,0.0,24,0.15,2.126007612869996,-3.49650756146648,24,18,50,384.4538027395655,-3.279022389041921,15.287105420176266,-2.833213344056216,24,0.21,2.304290300135315,-2.833213344056216,23,18,50,602.649054349709,-3.3549982511285323,15.280221562083067,-2.833213344056216,26,0.17,2.2963673954311035,-3.49650756146648,18,2,50,551.0628530011318,4.995210454779664,19.891362572336345,0.0,30,0.12,1.9059252053401856,-3.49650756146648,17,2,50,691.7335317680084,6.729457356872022,22.47462194197614,3.49650756146648,40,0.0,1.9332808458183008,3.49650756146648,18,18,6,799.5023953726036,5.497524085323992,22.656055630277105,3.49650756146648,44,0.1,2.142812121764598,-2.833213344056216,11,2,50,1001.02431586801,5.969427055077888,19.792004864190154,3.49650756146648,41,0.05,2.0621320233854235,-3.49650756146648,12,4,50,641.2673806963758,15300,100,11,10
-4.427284579569757,17.36693829755137,-2.2213256282451583,21,0.23,2.629237654836313,0.0,23,6,50,680.7985570252297,-4.500897956010855,13.238204968107691,0.0,24,0.17,2.1301543846534243,-3.49650756146648,24,8,50,437.6056716965347,-3.348952533206341,15.263930878726487,-2.833213344056216,24,0.23,2.619727109068126,-2.833213344056216,23,18,50,602.6490536432182,-2.458794884890376,15.58170008710262,-2.833213344056216,26,0.16,2.33602497563955,-3.49650756146648,17,2,50,531.3893941157644,6.212543253691279,20.04156704238231,0.0,31,0.11,1.8810329377807795,-3.49650756146648,17,2,50,694.5521596210172,7.851450043389829,22.545547907362693,3.49650756146648,41,0.0,1.9024549991691009,3.49650756146648,15,18,6,790.2590907100501,5.154422775502543,22.51584597793993,3.1648604527613484,44,0.12,2.0729719058709937,0.0,12,2,50,978.0470399576196,4.7855470136052,19.61949645077,3.49650756146648,41,0.05,2.0682257878488004,-3.49650756146648,12,4,50,649.0895073451992,15350,100,11,10
-4.370884154796304,17.38303753833795,-2.2213256282451583,21,0.23,2.645104992549128,0.0,23,6,50,683.2196946426778,-4.338194206534187,13.284346379677825,0.0,25,0.18,2.133834917336336,-3.49650756146648,22,18,50,440.9877536828463,-2.402083998012799,15.5690284720954,0.0,25,0.23,2.348591380994175,-2.833213344056216,23,18,50,592.1530997925706,-2.2652436460696315,15.610474864941256,0.0,27,0.16,2.3532696901802903,-3.49650756146648,17,2,50,538.5663975164036,7.54465177098889,20.076214008724325,0.0,32,0.1,1.8634536617538893,-3.49650756146648,16,2,50,694.2419901751997,7.934225355180781,22.51678106100238,3.49650756146648,43,0.0,1.9037982531559243,3.49650756146648,15,18,6,777.1816964980554,4.211515249896003,22.187112205079227,3.1648604527613484,41,0.12,2.05710456815764,0.0,12,2,50,961.2067810762492,4.136236517291327,19.40907342871137,3.49650756146648,39,0.06,2.3966617708004128,2.833213344056216,12,4,50,663.726165207025,15400,100,11,10
-4.027782563102965,18.294677531922,-2.2213256282451583,22,0.21,2.6606592822797865,0.0,21,6,50,711.8633980888594,-4.006059875498199,13.540121005379962,0.0,26,0.17,2.1428079708821746,-3.49650756146648,20,18,50,419.3127999618693,-2.5902587393271728,15.857085083907284,0.0,26,0.22,2.3713296946826867,0.0,22,18,50,623.6300157350536,-2.5733798633203584,15.871402174518035,0.0,28,0.17,2.367703218214809,0.0,17,2,50,569.380019241476,6.663787331245529,20.14443058396675,0.0,33,0.11,1.8931620959649769,-3.49650756146648,17,2,50,726.3967866738669,6.4652747425106565,22.3338411849568,3.49650756146648,42,0.0,1.94002380536411,3.49650756146648,18,18,6,795.3515171604491,3.610309040466163,22.294634973442147,2.833213344056216,42,0.11,2.159906472396893,3.8918202981106265,12,2,50,1015.6609753310452,5.040312450932832,19.94324338920044,3.49650756146648,40,0.06,2.0501980415321475,2.833213344056216,12,4,50,683.8844493411843,15450,100,11,10
-4.077550045701687,18.28306869471556,-2.2213256282451583,22,0.21,2.6447919445669723,0.0,21,6,50,710.1055546887587,-4.168763609432068,13.498858049717027,0.0,25,0.16,2.143180319704735,-3.49650756146648,22,18,50,415.9307164212776,-2.9828812409271275,15.480816742296163,-1.416606672028108,25,0.21,2.3401701341307897,-2.833213344056216,21,18,50,585.9232020516304,-3.564872166282377,15.550517000986956,-2.833213344056216,27,0.17,2.314084172871617,0.0,17,2,50,586.036274762382,5.388616135335025,20.034394114250325,0.0,31,0.12,1.912818774065216,-3.49650756146648,17,2,50,721.0132239808198,5.826893725860839,22.510171688474017,3.49650756146648,41,0.0,1.950630732880403,3.49650756146648,18,18,50,798.3159843013015,4.588181626144251,22.64249348383649,3.1648604527613484,44,0.1,2.1606907759292766,-2.833213344056216,11,2,50,1035.9977433280137,5.682989989529467,20.11976303377517,3.49650756146648,42,0.05,2.0686560378365124,-3.49650756146648,11,4,50,668.5844988161264,15500,100,11,10
-3.5113089189512565,17.852445615696205,-1.6094379124341005,20,0.23,2.6289246068541576,0.0,23,6,50,646.4884268907826,-4.11505450746222,12.996890423058913,0.0,23,0.16,2.111042547510629,-3.49650756146648,24,18,50,406.01434196460417,-2.964253188169487,15.025073092219,-2.833213344056216,23,0.22,2.3004706858313075,-2.833213344056216,23,18,50,571.1721342624656,-2.9769318412008703,15.030938587666418,-2.833213344056216,25,0.18,2.303441165978842,0.0,18,2,50,520.2492271312985,5.974483034100096,19.86730208663625,0.0,31,0.12,1.8931620959649769,-3.49650756146648,16,2,6,681.5420401925239,7.638799784962811,22.40153282372918,3.49650756146648,41,0.0,1.9129350397776232,3.49650756146648,17,18,6,808.2774951625098,5.812293213662251,22.3568538504854,3.49650756146648,43,0.11,2.1380902351067186,-2.833213344056216,11,2,50,975.2138297218372,5.694889410612551,19.626004288218784,3.49650756146648,41,0.05,2.0586700036551697,-3.49650756146648,12,4,50,614.1160861018233,15550,100,11,10
-4.107174441631353,17.158129991531617,-1.6094379124341005,21,0.24,2.627105067638614,0.0,24,6,50,649.8557082032498,-4.094499267467717,12.99513541822096,0.0,24,0.17,2.1194265545934337,-3.49650756146648,23,18,50,409.6252446532664,-2.70600213482302,15.387873102387122,-2.833213344056216,24,0.23,2.310960140410412,-2.833213344056216,24,18,50,609.6566509601919,-2.044216880513798,15.322603449952624,0.0,26,0.16,2.3374704850942924,-3.49650756146648,17,2,50,503.80427914977486,7.191815978186176,19.95804560182658,0.0,31,0.11,1.8642902997055488,-3.49650756146648,16,2,50,666.5717358745742,8.491574593907654,22.310736391471035,3.49650756146648,42,0.0,1.8882444141543304,3.49650756146648,15,18,6,730.3138023933498,5.120857652084154,22.216375355045752,3.49650756146648,43,0.12,2.0477475750508214,0.0,12,2,50,926.2333593147124,4.702477618136435,19.280800654152923,3.49650756146648,39,0.06,2.045750242169806,-3.49650756146648,12,4,22,612.644270081962,15600,100,11,10
-4.685653322697328,17.584858208115342,-2.833213344056216,22,0.22,2.645104992549128,0.0,22,6,50,714.6966114327804,-4.04880196571305,13.521028974107518,0.0,26,0.18,2.1526018435405123,-3.49650756146648,20,18,50,422.2604205485338,-2.660188859470809,15.837786236990532,0.0,26,0.24,2.3626001508696586,0.0,24,18,50,623.6300126264841,-2.5450476987941,15.878497893689516,0.0,28,0.16,2.362600150947545,-3.49650756146648,16,2,50,566.5468027888503,7.251581794349722,20.42695222860281,0.0,33,0.1,1.8797590525805887,-3.49650756146648,17,2,50,722.2223994038363,7.024882927084691,22.601386549090623,3.49650756146648,43,0.0,1.9255307293635824,3.49650756146648,16,18,6,813.1836584145118,3.238875579777395,22.12886809334323,2.833213344056216,41,0.12,2.0796615501912945,-2.833213344056216,12,2,50,989.8504878190718,4.49143616490237,19.58250496347777,3.49650756146648,40,0.06,2.0388536364545806,2.833213344056216,12,4,50,684.1670189032333,15650,100,11,10
-4.089787800016628,18.28182209453516,-2.833213344056216,22,0.21,2.6447919445669723,0.0,21,6,50,705.6629034321405,-4.04102505672422,13.534244546963262,0.0,25,0.16,2.13652637462188,-3.49650756146648,21,18,28,418.3498744779582,-2.632002717637497,15.855706077891057,0.0,25,0.21,2.365818848219421,-2.833213344056216,21,18,50,619.4556390262945,-3.4452043338052185,15.577865094486071,-1.416606672028108,27,0.17,2.325788947786846,0.0,17,2,50,585.8249630782256,6.034248850262684,20.34187786563739,0.0,32,0.11,1.9085913805651609,-3.49650756146648,17,2,50,719.4037860682579,5.829006816795664,22.50934870840036,3.49650756146648,41,0.0,1.950630732880403,3.49650756146648,18,18,6,741.0206563430561,4.036479665215123,22.314294845876024,3.1648604527613484,43,0.1,2.1711120978813985,3.8918202981106265,12,2,50,1035.9977464362746,5.431517999595839,19.941161091110068,3.49650756146648,41,0.06,2.0651940181062587,2.833213344056216,12,4,50,700.7247129321513,15700,100,11,10
-3.832711029026808,18.06375870444895,-2.2213256282451583,21,0.22,2.6287314690959094,0.0,22,6,50,671.6356227754048,-3.923924553195308,13.211249932689352,0.0,24,0.15,2.126007612869996,-3.49650756146648,24,18,50,384.4537956746688,-3.279022330167325,15.287105511120409,-2.833213344056216,24,0.21,2.304290300135315,-2.833213344056216,23,18,50,602.6490484622493,-3.3549981922539343,15.280221653360917,-2.833213344056216,26,0.17,2.2963673954311035,-3.49650756146648,18,2,50,551.062847113672,4.995210454775562,19.89136257232764,0.0,30,0.12,1.9059252053401856,-3.49650756146648,17,2,50,691.733531767735,6.729457356867406,22.47462194196578,3.49650756146648,40,0.0,1.9332808458183008,3.49650756146648,18,18,6,799.5023953721721,5.49752401467331,22.65605571082338,3.49650756146648,44,0.1,2.142812121764598,-2.833213344056216,11,2,50,1001.024322932258,5.96942698442721,19.792004958079875,3.49650756146648,41,0.05,2.0621320233854235,-3.49650756146648,12,4,50,641.2673877608282,15750,100,11,10
-4.427284579567022,17.366938297547115,-2.2213256282451583,21,0.23,2.629237654836313,0.0,23,6,50,680.7985570249562,-4.500897897136267,13.238205078561483,0.0,24,0.17,2.1301543846534243,-3.49650756146648,24,8,50,437.605665809076,-3.348952474331755,15.26393097007842,-2.833213344056216,24,0.23,2.619727109068126,-2.833213344056216,23,18,50,602.6490477557595,-2.4587948142414136,15.581700190454258,-2.833213344056216,26,0.16,2.33602497563955,-3.49650756146648,17,2,50,531.3893870508682,6.212543253686492,20.0415670423736,0.0,31,0.11,1.8810329377807795,-3.49650756146648,17,2,50,694.5521596207439,7.851450043384532,22.545547907352365,3.49650756146648,41,0.0,1.9024549991691009,3.49650756146648,15,18,6,790.2590907096351,5.154422704852044,22.515846057911386,3.1648604527613484,44,0.12,2.0729719058709937,0.0,12,2,50,978.0470470218836,4.785546942955215,19.61949654122243,3.49650756146648,41,0.05,2.0682257878488004,-3.49650756146648,12,4,50,649.0895144096506,15800,100,11,10
-4.370884154793398,17.38303753833342,-2.2213256282451583,21,0.23,2.645104992549128,0.0,23,6,50,683.2196946423873,-4.338194147659437,13.28434648902652,0.0,25,0.18,2.133834917336336,-3.49650756146648,22,18,50,440.98774779537126,-2.4020839273636785,15.569028575273476,0.0,25,0.23,2.348591380994175,-2.833213344056216,23,18,50,592.1530927276588,-2.2652435754205085,15.610474967226091,0.0,27,0.16,2.3532696901802903,-3.49650756146648,17,2,50,538.5663904514912,7.544651770983592,20.07621400871533,0.0,32,0.1,1.8634536617538893,-3.49650756146648,16,2,50,694.2419901749091,7.934225355175655,22.51678106099176,3.49650756146648,43,0.0,1.9037982531559243,3.49650756146648,15,18,6,777.1816964976314,4.211515191020735,22.187112270205823,3.1648604527613484,41,0.12,2.05710456815764,0.0,12,2,50,961.206786963058,4.136236458416403,19.409073502934486,3.49650756146648,39,0.06,2.3966617708004128,2.833213344056216,12,4,50,663.7261710940047,15850,100,11,10
-4.027782563099888,18.29467753191738,-2.2213256282451583,22,0.21,2.6606592822797865,0.0,21,6,50,711.8633980885518,-4.006059804848918,13.540121132387467,0.0,26,0.17,2.1428079708821746,-3.49650756146648,20,18,50,419.3127928969411,-2.590258668677892,15.857085186049114,0.0,26,0.22,2.3713296946826867,0.0,22,18,50,623.6300086701253,-2.573379792671074,15.871402276492596,0.0,28,0.17,2.367703218214809,0.0,17,2,50,569.3800121765478,6.663787331240745,20.14443058395765,0.0,33,0.11,1.8931620959649769,-3.49650756146648,17,2,50,726.3967866735593,6.465274742506384,22.333841184946227,3.49650756146648,42,0.0,1.94002380536411,3.49650756146648,18,18,6,795.351517160026,3.610308981591245,22.29463503666692,2.833213344056216,42,0.11,2.159906472396893,3.8918202981106265,12,2,50,1015.660981217819,5.040312392057402,19.943243464103777,3.49650756146648,40,0.06,2.0501980415321475,2.833213344056216,12,4,50,683.884455228146,15900,100,11,10
-4.077550045698781,18.2830686947112,-2.2213256282451583,22,0.21,2.6447919445669723,0.0,21,6,50,710.1055546884681,-4.168763538782966,13.498858177964644,0.0,25,0.16,2.143180319704735,-3.49650756146648,22,18,50,415.9307093563676,-2.9828811702780267,15.480816848712692,-1.416606672028108,25,0.21,2.3401701341307897,-2.833213344056216,21,18,50,585.9231949867203,-3.564872107407638,15.550517091472468,-2.833213344056216,27,0.17,2.314084172871617,0.0,17,2,50,586.0362688749083,5.388616135330751,20.03439411424154,0.0,31,0.12,1.912818774065216,-3.49650756146648,17,2,50,721.0132239805292,5.8268937258567375,22.510171688463604,3.49650756146648,41,0.0,1.950630732880403,3.49650756146648,18,18,50,798.3159843009937,4.588181555494118,22.64249356159371,3.1648604527613484,44,0.1,2.1606907759292766,-2.833213344056216,11,2,50,1035.9977503922405,5.682989918878995,20.1197631251292,3.49650756146648,42,0.05,2.0686560378365124,-3.49650756146648,11,4,50,668.5845058805581,15950,100,11,10
-3.5113089189486923,17.852445615692194,-1.6094379124341005,20,0.23,2.6289246068541576,0.0,23,6,50,646.4884268905263,-4.115054448587832,12.99689053381598,0.0,23,0.16,2.111042547510629,-3.49650756146648,24,18,50,406.0143360771655,-2.964253129295101,15.025073183516046,-2.833213344056216,23,0.22,2.3004706858313075,-2.833213344056216,23,18,50,571.1721283750271,-2.9769317823264823,15.0309386789775,-2.833213344056216,25,0.18,2.303441165978842,0.0,18,2,50,520.2492212438597,5.974483034095481,19.86730208662762,0.0,31,0.12,1.8931620959649769,-3.49650756146648,16,2,6,681.5420401922223,7.638799784957682,22.40153282371892,3.49650756146648,41,0.0,1.9129350397776232,3.49650756146648,17,18,6,808.2774951620806,5.812293143011444,22.356853933104567,3.49650756146648,43,0.11,2.1380902351067186,-2.833213344056216,11,2,50,975.2138367860972,5.694889339962089,19.626004381914505,3.49650756146648,41,0.05,2.0586700036551697,-3.49650756146648,12,4,50,614.1160931662882,16000,100,11,10
-4.107174441628619,17.158129991527254,-1.6094379124341005,21,0.24,2.627105067638614,0.0,24,6,50,649.8557082029764,-4.094499208593169,12.995135528899484,0.0,24,0.17,2.1194265545934337,-3.49650756146648,23,18,50,409.6252387658115,-2.7060020759484704,15.38787319054325,-2.833213344056216,24,0.23,2.310960140410412,-2.833213344056216,24,18,50,609.6566450727371,-2.0442168098648823,15.322603553140294,0.0,26,0.16,2.3374704850942924,-3.49650756146648,17,2,50,503.8042720848832,7.191815978181047,19.958045601817645,0.0,31,0.11,1.8642902997055488,-3.49650756146648,16,2,50,666.5717358743007,8.491574593902184,22.31073639146058,3.49650756146648,42,0.0,1.8882444141543304,3.49650756146648,15,18,6,730.313802392952,5.120857593208403,22.216375422496235,3.49650756146648,43,0.12,2.0477475750508214,0.0,12,2,50,926.2333652015354,4.7024775592612,19.280800730598934,3.49650756146648,39,0.06,2.045750242169806,-3.49650756146648,12,4,22,612.6442734319896,16050,100,11,10
-4.685653322694251,17.584858208110656,-2.833213344056216,22,0.22,2.645104992549128,0.0,22,6,50,714.6966114324725,-4.0488018950638045,13.52102910151763,0.0,26,0.18,2.1526018435405123,-3.49650756146648,20,18,50,422.2604134836093,-2.660188788821564,15.83778633956872,0.0,26,0.24,2.3626001508696586,0.0,24,18,50,623.6300055615596,-2.5450476281448515,15.878497995492395,0.0,28,0.16,2.362600150947545,-3.49650756146648,16,2,50,566.5467957239256,7.2515817943445935,20.42695222859357,0.0,33,0.1,1.8797590525805887,-3.49650756146648,17,2,50,722.2223994035286,7.0248829270800766,22.60138654907992,3.49650756146648,43,0.0,1.9255307293635824,3.49650756146648,16,18,6,813.1836584140742,3.2388755209026794,22.128868156053592,2.833213344056216,41,0.12,2.0796615501912945,-2.833213344056216,12,2,50,989.8504937058595,4.491436106027314,19.58250503811116,3.49650756146648,40,0.06,2.0388536364545806,2.833213344056216,12,4,50,684.1670247901919,16100,100,11,10
-4.089787800013723,18.281822094530806,-2.833213344056216,22,0.21,2.6447919445669723,0.0,21,6,50,705.6629034318499,-4.041024986075157,13.534244674208695,0.0,25,0.16,2.13652637462188,-3.49650756146648,21,18,28,418.34987862026486,-2.632002646988434,15.855706180228012,0.0,25,0.21,2.365818848219421,-2.833213344056216,21,18,50,619.4556319613882,-3.445204274930511,15.577865184360418,-1.416606672028108,27,0.17,2.325788947786846,0.0,17,2,50,585.8249571907547,6.034248850258067,20.341877865628444,0.0,32,0.11,1.9085913805651609,-3.49650756146648,17,2,50,719.4037860679673,5.829006816791561,22.50934870838994,3.49650756146648,41,0.0,1.950630732880403,3.49650756146648,18,18,6,741.0206563426513,4.036479594565368,22.31429492303052,3.1648604527613484,43,0.1,2.1711120978813985,3.8918202981106265,12,2,50,1035.9977535004978,5.431517928945575,19.94116118239153,3.49650756146648,41,0.06,2.0651940181062587,2.833213344056216,12,4,50,700.7247199965624,16150,100,11,10
-3.8327110290240736,18.06375870444477,-2.2213256282451583,21,0.22,2.6287314690959094,0.0,22,6,50,671.6356227751313,-3.9239244825464255,13.21125006241987,0.0,24,0.15,2.126007612869996,-3.49650756146648,24,18,50,384.4537886097805,-3.279022271292799,15.28710560206444,-2.833213344056216,24,0.21,2.304290300135315,-2.833213344056216,23,18,50,602.6490425747968,-3.3549981333794063,15.28022174463866,-2.833213344056216,26,0.17,2.2963673954311035,-3.49650756146648,18,2,50,551.062841226219,4.99521045477146,19.89136257231893,0.0,30,0.12,1.9059252053401856,-3.49650756146648,17,2,50,691.7335317674615,6.72945735686279,22.47462194195544,3.49650756146648,40,0.0,1.9332808458183008,3.49650756146648,18,18,6,799.5023953717408,5.49752394402271,22.656055791369567,3.49650756146648,44,0.1,2.142812121764598,-2.833213344056216,11,2,50,1001.0243299964972,5.969426913776614,19.79200505196949,3.49650756146648,41,0.05,2.0621320233854235,-3.49650756146648,12,4,50,641.2673948252723,16200,100,11,10
-4.427284579564287,17.366938297542852,-2.2213256282451583,21,0.23,2.629237654836313,0.0,23,6,50,680.7985570246827,-4.500897838261748,13.238205189015144,0.0,24,0.17,2.1301543846534243,-3.49650756146648,24,8,50,437.6056599216241,-3.3489524154572363,15.263931061430249,-2.833213344056216,24,0.23,2.619727109068126,-2.833213344056216,23,18,50,602.6490418683074,-2.4587947435925344,15.581700293805785,-2.833213344056216,26,0.16,2.33602497563955,-3.49650756146648,17,2,50,531.3893799859802,6.212543253681706,20.041567042364875,0.0,31,0.11,1.8810329377807795,-3.49650756146648,17,2,50,694.5521596204703,7.851450043379231,22.54554790734204,3.49650756146648,41,0.0,1.9024549991691009,3.49650756146648,15,18,6,790.2590907092198,5.154422634201626,22.515846137882747,3.1648604527613484,44,0.12,2.0729719058709937,0.0,12,2,50,978.0470540861388,4.785546872305315,19.61949663167476,3.49650756146648,41,0.05,2.0682257878488004,-3.49650756146648,12,4,50,649.0895214740938,16250,100,11,10
-4.370884154790492,17.383037538328885,-2.2213256282451583,21,0.23,2.645104992549128,0.0,23,6,50,683.2196946420968,-4.338194088784756,13.28434659837509,0.0,25,0.18,2.133834917336336,-3.49650756146648,22,18,50,440.9877419079031,-2.4020838567146416,15.569028678451438,0.0,25,0.23,2.348591380994175,-2.833213344056216,23,18,50,592.1530856627551,-2.2652435047714685,15.61047506951081,0.0,27,0.16,2.3532696901802903,-3.49650756146648,17,2,50,538.5663833865872,7.54465177097829,20.07621400870633,0.0,32,0.1,1.8634536617538893,-3.49650756146648,16,2,50,694.2419901746184,7.934225355170525,22.516781060981145,3.49650756146648,43,0.0,1.9037982531559243,3.49650756146648,15,18,6,777.1816964972076,4.211515132145536,22.187112335332333,3.1648604527613484,41,0.12,2.05710456815764,0.0,12,2,50,961.20679284986,4.1362363995415485,19.40907357715752,3.49650756146648,39,0.06,2.3966617708004128,2.833213344056216,12,4,50,663.7261769809772,16300,100,11,10
-4.027782563096811,18.294677531912765,-2.2213256282451583,22,0.21,2.6606592822797865,0.0,21,6,50,711.8633980882441,-4.006059734199718,13.54012125939483,0.0,26,0.17,2.1428079708821746,-3.49650756146648,20,18,50,419.3127858320213,-2.5902585980286936,15.857085288190826,0.0,26,0.22,2.3713296946826867,0.0,22,18,50,623.6300016052055,-2.5733797220218726,15.87140237846704,0.0,28,0.17,2.367703218214809,0.0,17,2,50,569.3800051116275,6.663787331235955,20.144430583948548,0.0,33,0.11,1.8931620959649769,-3.49650756146648,17,2,50,726.3967866732517,6.465274742502112,22.33384118493566,3.49650756146648,42,0.0,1.94002380536411,3.49650756146648,18,18,6,795.3515171596027,3.610308922716397,22.29463509989163,2.833213344056216,42,0.11,2.159906472396893,3.8918202981106265,12,2,50,1015.660987104586,5.040312333182045,19.943243539007035,3.49650756146648,40,0.06,2.0501980415321475,2.833213344056216,12,4,50,683.8844611151006,16350,100,11,10
-4.077550045695875,18.283068694706845,-2.2213256282451583,22,0.21,2.6447919445669723,0.0,21,6,50,710.1055546881776,-4.168763468133949,13.498858306212112,0.0,25,0.16,2.143180319704735,-3.49650756146648,22,18,50,415.9307022914658,-2.98288109962901,15.480816955129104,-1.416606672028108,25,0.21,2.3401701341307897,-2.833213344056216,21,18,50,585.9231879218187,-3.564872048532969,15.55051718195788,-2.833213344056216,27,0.17,2.314084172871617,0.0,17,2,50,586.0362629874413,5.388616135326478,20.03439411423275,0.0,31,0.12,1.912818774065216,-3.49650756146648,17,2,50,721.0132239802386,5.826893725852633,22.51017168845319,3.49650756146648,41,0.0,1.950630732880403,3.49650756146648,18,18,50,798.3159843006861,4.5881814848440685,22.64249363935085,3.1648604527613484,44,0.1,2.1606907759292766,-2.833213344056216,11,2,50,1035.997757456459,5.682989848228609,20.119763216483133,3.49650756146648,42,0.05,2.0686560378365124,-3.49650756146648,11,4,50,668.5845129449816,16400,100,11,10
-3.511308918946128,17.852445615688172,-1.6094379124341005,20,0.23,2.6289246068541576,0.0,23,6,50,646.4884268902699,-4.1150543897135154,12.996890644572924,0.0,23,0.16,2.111042547510629,-3.49650756146648,24,18,50,406.0143301897338,-2.964253070420785,15.02507327481298,-2.833213344056216,23,0.22,2.3004706858313075,-2.833213344056216,23,18,50,571.1721224875954,-2.976931723452162,15.030938770288476,-2.833213344056216,25,0.18,2.303441165978842,0.0,18,2,50,520.2492153564277,5.9744830340908655,19.867302086618988,0.0,31,0.12,1.8931620959649769,-3.49650756146648,16,2,6,681.5420401919207,7.638799784952554,22.40153282370866,3.49650756146648,41,0.0,1.9129350397776232,3.49650756146648,17,18,6,808.2774951616516,5.8122930723607205,22.35685401572365,3.49650756146648,43,0.11,2.1380902351067186,-2.833213344056216,11,2,50,975.2138438503492,5.694889269311712,19.626004475610127,3.49650756146648,41,0.05,2.0586700036551697,-3.49650756146648,12,4,50,614.1161002307448,16450,100,11,10
-4.107174441625883,17.158129991522895,-1.6094379124341005,21,0.24,2.627105067638614,0.0,24,6,50,649.8557082027029,-4.09449914971869,12.995135639577883,0.0,24,0.17,2.1194265545934337,-3.49650756146648,23,18,50,409.6252328783636,-2.7060020170739927,15.387873278699276,-2.833213344056216,24,0.23,2.310960140410412,-2.833213344056216,24,18,50,609.6566391852891,-2.0442167392160497,15.322603656327846,0.0,26,0.16,2.3374704850942924,-3.49650756146648,17,2,50,503.8042650199999,7.191815978175919,19.95804560180871,0.0,31,0.11,1.8642902997055488,-3.49650756146648,16,2,50,666.5717358740272,8.491574593896715,22.31073639145012,3.49650756146648,42,0.0,1.8882444141543304,3.49650756146648,15,18,6,730.3138023925545,5.120857534332721,22.21637548994664,3.49650756146648,43,0.12,2.0477475750508214,0.0,12,2,50,926.2333710883512,4.702477500386035,19.28080080704485,3.49650756146648,39,0.06,2.045750242169806,-3.49650756146648,12,4,22,612.6442767820135,16500,100,11,10
-4.685653322691175,17.584858208105967,-2.833213344056216,22,0.22,2.645104992549128,0.0,22,6,50,714.6966114321649,-4.048801824414642,13.5210292289276,0.0,26,0.18,2.1526018435405123,-3.49650756146648,20,18,50,422.2604064186931,-2.6601887181724027,15.837786442146788,0.0,26,0.24,2.3626001508696586,0.0,24,18,50,623.6299984966436,-2.5450475574956872,15.878498097295155,0.0,28,0.16,2.362600150947545,-3.49650756146648,16,2,50,566.5467886590092,7.251581794339467,20.42695222858433,0.0,33,0.1,1.8797590525805887,-3.49650756146648,17,2,50,722.222399403221,7.024882927075461,22.601386549069208,3.49650756146648,43,0.0,1.9255307293635824,3.49650756146648,16,18,6,813.1836584136364,3.238875462028032,22.128868218763888,2.833213344056216,41,0.12,2.0796615501912945,-2.833213344056216,12,2,50,989.8504995926407,4.4914360471523285,19.582505112744474,3.49650756146648,40,0.06,2.0388536364545806,2.833213344056216,12,4,50,684.1670306771434,16550,100,11,10
-4.089787800010817,18.28182209452645,-2.833213344056216,22,0.21,2.6447919445669723,0.0,21,6,50,705.6629034315595,-4.041024915426175,13.53424480145399,0.0,25,0.16,2.13652637462188,-3.49650756146648,21,18,28,418.3498827625668,-2.632002576339453,15.855706282564856,0.0,25,0.21,2.365818848219421,-2.833213344056216,21,18,50,619.4556248964902,-3.445204216055872,15.57786527423466,-1.416606672028108,27,0.17,2.325788947786846,0.0,17,2,50,585.8249513032908,6.034248850253452,20.34187786561949,0.0,32,0.11,1.9085913805651609,-3.49650756146648,17,2,50,719.4037860676767,5.829006816787458,22.509348708379527,3.49650756146648,41,0.0,1.950630732880403,3.49650756146648,18,18,6,741.0206563422464,4.036479523915697,22.314295000184927,3.1648604527613484,43,0.1,2.1711120978813985,3.8918202981106265,12,2,50,1035.9977605647127,5.431517858295394,19.941161273672897,3.49650756146648,41,0.06,2.0651940181062587,2.833213344056216,12,4,50,700.724727060965,16600,100,11,10
-3.832711029021338,18.06375870444058,-2.2213256282451583,21,0.22,2.6287314690959094,0.0,22,6,50,671.6356227748579,-3.9239244118976258,13.21125019215024,0.0,24,0.15,2.126007612869996,-3.49650756146648,24,18,50,384.4537815449005,-3.279022212418343,15.287105693008373,-2.833213344056216,24,0.21,2.304290300135315,-2.833213344056216,23,18,50,602.6490366873511,-3.3549980745049464,15.2802218359163,-2.833213344056216,26,0.17,2.2963673954311035,-3.49650756146648,18,2,50,551.0628353387731,4.995210454767356,19.891362572310225,0.0,30,0.12,1.9059252053401856,-3.49650756146648,17,2,50,691.733531767188,6.729457356858176,22.474621941945085,3.49650756146648,40,0.0,1.9332808458183008,3.49650756146648,18,18,6,799.5023953713094,5.497523873372196,22.656055871915665,3.49650756146648,44,0.1,2.142812121764598,-2.833213344056216,11,2,50,1001.0243370607284,5.969426843126103,19.792005145858987,3.49650756146648,41,0.05,2.0621320233854235,-3.49650756146648,12,4,50,641.2674018897081,16650,100,11,10
-4.427284579561551,17.36693829753859,-2.2213256282451583,21,0.23,2.629237654836313,0.0,23,6,50,680.7985570244092,-4.500897779387299,13.23820529946868,0.0,24,0.17,2.1301543846534243,-3.49650756146648,24,8,50,437.6056540341792,-3.348952356582788,15.26393115278197,-2.833213344056216,24,0.23,2.619727109068126,-2.833213344056216,23,18,50,602.6490359808627,-2.4587946729437387,15.581700397157189,-2.833213344056216,26,0.16,2.33602497563955,-3.49650756146648,17,2,50,531.3893729211006,6.21254325367692,20.04156704235616,0.0,31,0.11,1.8810329377807795,-3.49650756146648,17,2,50,694.5521596201968,7.851450043373933,22.54554790733171,3.49650756146648,41,0.0,1.9024549991691009,3.49650756146648,15,18,6,790.2590907088044,5.15442256355129,22.51584621785402,3.1648604527613484,44,0.12,2.0729719058709937,0.0,12,2,50,978.047061150386,4.785546801655496,19.61949672212697,3.49650756146648,41,0.05,2.0682257878488004,-3.49650756146648,12,4,50,649.0895285385286,16700,100,11,10
-4.370884154787586,17.38303753832436,-2.2213256282451583,21,0.23,2.645104992549128,0.0,23,6,50,683.2196946418061,-4.338194029910144,13.284346707723536,0.0,25,0.18,2.133834917336336,-3.49650756146648,22,18,50,440.987736020442,-2.402083786065688,15.569028781629282,0.0,25,0.23,2.348591380994175,-2.833213344056216,23,18,50,592.1530785978596,-2.265243434122512,15.610475171795414,0.0,27,0.16,2.3532696901802903,-3.49650756146648,17,2,50,538.5663763216916,7.544651770972993,20.07621400869733,0.0,32,0.1,1.8634536617538893,-3.49650756146648,16,2,50,694.2419901743278,7.934225355165397,22.516781060970523,3.49650756146648,43,0.0,1.9037982531559243,3.49650756146648,15,18,6,777.1816964967835,4.211515073270407,22.187112400458776,3.1648604527613484,41,0.12,2.05710456815764,0.0,12,2,50,961.206798736655,4.136236340666764,19.40907365138047,3.49650756146648,39,0.06,2.3966617708004128,2.833213344056216,12,4,50,663.7261828679428,16750,100,11,10
-4.027782563093735,18.29467753190815,-2.2213256282451583,22,0.21,2.6606592822797865,0.0,21,6,50,711.8633980879365,-4.006059663550604,13.540121386402047,0.0,26,0.17,2.1428079708821746,-3.49650756146648,20,18,50,419.3127787671097,-2.5902585273795795,15.857085390332422,0.0,26,0.22,2.3713296946826867,0.0,22,18,50,623.6299945402941,-2.5733796513727545,15.87140248044137,0.0,28,0.17,2.367703218214809,0.0,17,2,50,569.3799980467159,6.663787331231171,20.14443058393945,0.0,33,0.11,1.8931620959649769,-3.49650756146648,17,2,50,726.396786672944,6.465274742497837,22.33384118492509,3.49650756146648,42,0.0,1.94002380536411,3.49650756146648,18,18,6,795.3515171591795,3.610308863841616,22.294635163116265,2.833213344056216,42,0.11,2.159906472396893,3.8918202981106265,12,2,50,1015.6609929913458,5.040312274306756,19.94324361391021,3.49650756146648,40,0.06,2.0501980415321475,2.833213344056216,12,4,50,683.8844670020484,16800,100,11,10
-4.07755004569297,18.28306869470249,-2.2213256282451583,22,0.21,2.6447919445669723,0.0,21,6,50,710.1055546878869,-4.168763397485014,13.498858434459434,0.0,25,0.16,2.143180319704735,-3.49650756146648,22,18,50,415.9306952265723,-2.9828810289800765,15.480817061545393,-1.416606672028108,25,0.21,2.3401701341307897,-2.833213344056216,21,18,50,585.9231808569252,-3.564871989658369,15.55051727244319,-2.833213344056216,27,0.17,2.314084172871617,0.0,17,2,50,586.0362570999814,5.388616135322206,20.03439411422396,0.0,31,0.12,1.912818774065216,-3.49650756146648,17,2,50,721.0132239799481,5.826893725848532,22.51017168844277,3.49650756146648,41,0.0,1.950630732880403,3.49650756146648,18,18,50,798.3159843003783,4.588181414194101,22.6424937171079,3.1648604527613484,44,0.1,2.1606907759292766,-2.833213344056216,11,2,50,1035.9977645206695,5.682989777578303,20.11976330783696,3.49650756146648,42,0.05,2.0686560378365124,-3.49650756146648,11,4,50,668.5845200093966,16850,100,11,10
-3.5113089189435644,17.852445615684157,-1.6094379124341005,20,0.23,2.6289246068541576,0.0,23,6,50,646.4884268900134,-4.115054330839269,12.99689075532974,0.0,23,0.16,2.111042547510629,-3.49650756146648,24,18,50,406.0143243023091,-2.964253011546538,15.02507336610982,-2.833213344056216,23,0.22,2.3004706858313075,-2.833213344056216,23,18,50,571.1721166001707,-2.9769316645779127,15.030938861599347,-2.833213344056216,25,0.18,2.303441165978842,0.0,18,2,50,520.2492094690028,5.9744830340862505,19.86730208661036,0.0,31,0.12,1.8931620959649769,-3.49650756146648,16,2,6,681.5420401916192,7.638799784947427,22.4015328236984,3.49650756146648,41,0.0,1.9129350397776232,3.49650756146648,17,18,6,808.2774951612226,5.812293001710083,22.35685409834264,3.49650756146648,43,0.11,2.1380902351067186,-2.833213344056216,11,2,50,975.2138509145926,5.694889198661417,19.62600456930564,3.49650756146648,41,0.05,2.0586700036551697,-3.49650756146648,12,4,50,614.1161072951929,16900,100,11,10
-4.107174441623148,17.158129991518532,-1.6094379124341005,21,0.24,2.627105067638614,0.0,24,6,50,649.8557082024295,-4.09449909084428,12.995135750256154,0.0,24,0.17,2.1194265545934337,-3.49650756146648,23,18,50,409.6252269909225,-2.7060019581995824,15.387873366855198,-2.833213344056216,24,0.23,2.310960140410412,-2.833213344056216,24,18,50,609.6566332978482,-2.0442166685673,15.322603759515284,0.0,26,0.16,2.3374704850942924,-3.49650756146648,17,2,50,503.804257955125,7.191815978170792,19.95804560179977,0.0,31,0.11,1.8642902997055488,-3.49650756146648,16,2,50,666.5717358737537,8.491574593891245,22.31073639143966,3.49650756146648,42,0.0,1.8882444141543304,3.49650756146648,15,18,6,730.3138023921568,5.12085747545711,22.21637555739697,3.49650756146648,43,0.12,2.0477475750508214,0.0,12,2,50,926.23337697516,4.702477441510939,19.28080088349069,3.49650756146648,39,0.06,2.045750242169806,-3.49650756146648,12,4,22,612.6442801320333,16950,100,11,10
-4.685653322688096,17.584858208101277,-2.833213344056216,22,0.22,2.645104992549128,0.0,22,6,50,714.6966114318573,-4.048801753765564,13.521029356337424,0.0,26,0.18,2.1526018435405123,-3.49650756146648,20,18,50,422.2603993537852,-2.660188647523325,15.83778654472474,0.0,26,0.24,2.3626001508696586,0.0,24,18,50,623.6299914317358,-2.5450474868466064,15.878498199097804,0.0,28,0.16,2.362600150947545,-3.49650756146648,16,2,50,566.546781594101,7.2515817943343395,20.42695222857509,0.0,33,0.1,1.8797590525805887,-3.49650756146648,17,2,50,722.2223994029133,7.024882927070846,22.601386549058503,3.49650756146648,43,0.0,1.9255307293635824,3.49650756146648,16,18,6,813.1836584131987,3.238875403153454,22.12886828147411,2.833213344056216,41,0.12,2.0796615501912945,-2.833213344056216,12,2,50,989.8505054794148,4.491435988277412,19.58250518737769,3.49650756146648,40,0.06,2.0388536364545806,2.833213344056216,12,4,50,684.1670365640881,17000,100,11,10
-4.089787800007912,18.281822094522106,-2.833213344056216,22,0.21,2.6447919445669723,0.0,21,6,50,705.6629034312687,-4.041024844777278,13.534244928699138,0.0,25,0.16,2.13652637462188,-3.49650756146648,21,18,28,418.3498869048637,-2.632002505690555,15.855706384901584,0.0,25,0.21,2.365818848219421,-2.833213344056216,21,18,50,619.4556178316004,-3.4452041571813017,15.5778653641088,-1.416606672028108,27,0.17,2.325788947786846,0.0,17,2,50,585.8249454158339,6.034248850248838,20.341877865610552,0.0,32,0.11,1.9085913805651609,-3.49650756146648,17,2,50,719.4037860673861,5.829006816783354,22.50934870836912,3.49650756146648,41,0.0,1.950630732880403,3.49650756146648,18,18,6,741.0206563418416,4.03647945326611,22.31429507733925,3.1648604527613484,43,0.1,2.1711120978813985,3.8918202981106265,12,2,50,1035.9977676289195,5.431517787645298,19.941161364954155,3.49650756146648,41,0.06,2.0651940181062587,2.833213344056216,12,4,50,700.7247341253594,17050,100,11,10
-3.832711029018603,18.063758704436395,-2.2213256282451583,21,0.22,2.6287314690959094,0.0,22,6,50,671.6356227745842,-3.923924341248908,13.211250321880463,0.0,24,0.15,2.126007612869996,-3.49650756146648,24,18,50,384.4537744800288,-3.279022153543955,15.2871057839522,-2.833213344056216,24,0.21,2.304290300135315,-2.833213344056216,23,18,50,602.6490307999125,-3.354998015630556,15.280221927193836,-2.833213344056216,26,0.17,2.2963673954311035,-3.49650756146648,18,2,50,551.062829451334,4.995210454763254,19.89136257230152,0.0,30,0.12,1.9059252053401856,-3.49650756146648,17,2,50,691.7335317669146,6.72945735685356,22.474621941934736,3.49650756146648,40,0.0,1.9332808458183008,3.49650756146648,18,18,6,799.5023953708779,5.497523802721763,22.656055952461667,3.49650756146648,44,0.1,2.142812121764598,-2.833213344056216,11,2,50,1001.024344124951,5.969426772475674,19.792005239748384,3.49650756146648,41,0.05,2.0621320233854235,-3.49650756146648,12,4,50,641.2674089541356,17100,100,11,10
-4.427284579558817,17.366938297534332,-2.2213256282451583,21,0.23,2.629237654836313,0.0,23,6,50,680.7985570241358,-4.50089772051292,13.23820540992209,0.0,24,0.17,2.1301543846534243,-3.49650756146648,24,8,50,437.6056481467412,-3.348952297708409,15.263931244133587,-2.833213344056216,24,0.23,2.619727109068126,-2.833213344056216,23,18,50,602.6490300934249,-2.458794602295025,15.581700500508475,-2.833213344056216,26,0.16,2.33602497563955,-3.49650756146648,17,2,50,531.3893658562295,6.212543253672134,20.04156704234744,0.0,31,0.11,1.8810329377807795,-3.49650756146648,17,2,50,694.5521596199233,7.851450043368633,22.545547907321385,3.49650756146648,41,0.0,1.9024549991691009,3.49650756146648,15,18,6,790.2590907083891,5.154422492901039,22.5158462978252,3.1648604527613484,44,0.12,2.0729719058709937,0.0,12,2,50,978.0470682146248,4.785546731005761,19.619496812579094,3.49650756146648,41,0.05,2.0682257878488004,-3.49650756146648,12,4,50,649.089535602955,17150,100,11,10
-4.37088415478468,17.383037538319822,-2.2213256282451583,21,0.23,2.645104992549128,0.0,23,6,50,683.2196946415156,-4.338193971035601,13.284346817071857,0.0,25,0.18,2.133834917336336,-3.49650756146648,22,18,50,440.9877301329877,-2.402083715416817,15.569028884807008,0.0,25,0.23,2.348591380994175,-2.833213344056216,23,18,50,592.1530715329725,-2.2652433634736377,15.610475274079905,0.0,27,0.16,2.3532696901802903,-3.49650756146648,17,2,50,538.5663692568041,7.544651770967695,20.07621400868834,0.0,32,0.1,1.8634536617538893,-3.49650756146648,16,2,50,694.2419901740373,7.934225355160269,22.516781060959904,3.49650756146648,43,0.0,1.9037982531559243,3.49650756146648,15,18,6,777.1816964963597,4.211515014395346,22.18711246558514,3.1648604527613484,41,0.12,2.05710456815764,0.0,12,2,50,961.206804623443,4.136236281792049,19.40907372560334,3.49650756146648,39,0.06,2.3966617708004128,2.833213344056216,12,4,50,663.7261887549016,17200,100,11,10
-4.027782563090657,18.29467753190353,-2.2213256282451583,22,0.21,2.6606592822797865,0.0,21,6,50,711.8633980876286,-4.006059592901571,13.54012151340912,0.0,26,0.17,2.1428079708821746,-3.49650756146648,20,18,50,419.3127717022064,-2.590258456730548,15.8570854924739,0.0,26,0.22,2.3713296946826867,0.0,22,18,50,623.6299874753909,-2.573379580723719,15.87140258241558,0.0,28,0.17,2.367703218214809,0.0,17,2,50,569.3799909818123,6.6637873312263824,20.144430583930347,0.0,33,0.11,1.8931620959649769,-3.49650756146648,17,2,50,726.3967866726363,6.465274742493565,22.33384118491452,3.49650756146648,42,0.0,1.94002380536411,3.49650756146648,18,18,6,795.3515171587562,3.610308804966908,22.294635226340827,2.833213344056216,42,0.11,2.159906472396893,3.8918202981106265,12,2,50,1015.660998878099,5.040312215431536,19.943243688813297,3.49650756146648,40,0.06,2.0501980415321475,2.833213344056216,12,4,50,683.8844728889892,17250,100,11,10
-4.077550045690064,18.28306869469813,-2.2213256282451583,22,0.21,2.6447919445669723,0.0,21,6,50,710.1055546875964,-4.168763326836162,13.498858562706609,0.0,25,0.16,2.143180319704735,-3.49650756146648,22,18,50,415.9306881616872,-2.982880958331226,15.480817167961558,-1.416606672028108,25,0.21,2.3401701341307897,-2.833213344056216,21,18,50,585.9231737920403,-3.564871930783839,15.550517362928394,-2.833213344056216,27,0.17,2.314084172871617,0.0,17,2,50,586.0362512125282,5.388616135317931,20.03439411421517,0.0,31,0.12,1.912818774065216,-3.49650756146648,17,2,50,721.0132239796574,5.826893725844429,22.51017168843237,3.49650756146648,41,0.0,1.950630732880403,3.49650756146648,18,18,50,798.3159843000707,4.588181343544219,22.64249379486486,3.1648604527613484,44,0.1,2.1606907759292766,-2.833213344056216,11,2,50,1035.997771584871,5.682989706928082,20.11976339919068,3.49650756146648,42,0.05,2.0686560378365124,-3.49650756146648,11,4,50,668.5845270738034,17300,100,11,10
-3.5113089189410003,17.85244561568014,-1.6094379124341005,20,0.23,2.6289246068541576,0.0,23,6,50,646.4884268897571,-4.115054271965089,12.996890866086428,0.0,23,0.16,2.111042547510629,-3.49650756146648,24,18,50,406.0143184148912,-2.96425295267236,15.025073457406553,-2.833213344056216,23,0.22,2.3004706858313075,-2.833213344056216,23,18,50,571.172110712753,-2.976931605703732,15.03093895291012,-2.833213344056216,25,0.18,2.303441165978842,0.0,18,2,50,520.2492035815847,5.974483034081636,19.867302086601725,0.0,31,0.12,1.8931620959649769,-3.49650756146648,16,2,6,681.5420401913175,7.638799784942299,22.401532823688136,3.49650756146648,41,0.0,1.9129350397776232,3.49650756146648,17,18,6,808.2774951607935,5.812292931059525,22.35685418096153,3.49650756146648,43,0.11,2.1380902351067186,-2.833213344056216,11,2,50,975.2138579788276,5.694889128011205,19.626004663001044,3.49650756146648,41,0.05,2.0586700036551697,-3.49650756146648,12,4,50,614.116114359633,17350,100,11,10
-4.107174441620413,17.158129991514173,-1.6094379124341005,21,0.24,2.627105067638614,0.0,24,6,50,649.8557082021559,-4.094499031969939,12.9951358609343,0.0,24,0.17,2.1194265545934337,-3.49650756146648,23,18,50,409.62522110348846,-2.7060018993252424,15.387873455011029,-2.833213344056216,24,0.23,2.310960140410412,-2.833213344056216,24,18,50,609.6566274104141,-2.0442165979186337,15.322603862702604,0.0,26,0.16,2.3374704850942924,-3.49650756146648,17,2,50,503.8042508902584,7.191815978165663,19.95804560179084,0.0,31,0.11,1.8642902997055488,-3.49650756146648,16,2,50,666.5717358734803,8.491574593885773,22.3107363914292,3.49650756146648,42,0.0,1.8882444141543304,3.49650756146648,15,18,6,730.3138023917594,5.120857416581568,22.21637562484722,3.49650756146648,43,0.12,2.0477475750508214,0.0,12,2,50,926.2333828619626,4.702477382635911,19.28080095993644,3.49650756146648,39,0.06,2.045750242169806,-3.49650756146648,12,4,22,612.6442834820491,17400,100,11,10
-4.68565332268502,17.584858208096595,-2.833213344056216,22,0.22,2.645104992549128,0.0,22,6,50,714.6966114315496,-4.048801683116569,13.521029483747103,0.0,26,0.18,2.1526018435405123,-3.49650756146648,20,18,50,422.2603922888856,-2.6601885768743294,15.837786647302575,0.0,26,0.24,2.3626001508696586,0.0,24,18,50,623.6299843668362,-2.5450474161976087,15.878498300900342,0.0,28,0.16,2.362600150947545,-3.49650756146648,16,2,50,566.5467745292012,7.251581794329208,20.426952228565845,0.0,33,0.1,1.8797590525805887,-3.49650756146648,17,2,50,722.2223994026056,7.024882927066229,22.601386549047795,3.49650756146648,43,0.0,1.9255307293635824,3.49650756146648,16,18,6,813.1836584127609,3.238875344278944,22.128868344184266,2.833213344056216,41,0.12,2.0796615501912945,-2.833213344056216,12,2,50,989.8505113661818,4.491435929402564,19.58250526201083,3.49650756146648,40,0.06,2.0388536364545806,2.833213344056216,12,4,50,684.167042451026,17450,100,11,10
-4.089787800005006,18.281822094517747,-2.833213344056216,22,0.21,2.6447919445669723,0.0,21,6,50,705.6629034309781,-4.041024774128463,13.53424505594414,0.0,25,0.16,2.13652637462188,-3.49650756146648,21,18,28,418.349891047156,-2.6320024350417417,15.855706487238193,0.0,25,0.21,2.365818848219421,-2.833213344056216,21,18,50,619.455610766719,-3.4452040983068013,15.57786545398284,-1.416606672028108,27,0.17,2.325788947786846,0.0,17,2,50,585.8249395283838,6.0342488502442215,20.341877865601603,0.0,32,0.11,1.9085913805651609,-3.49650756146648,17,2,50,719.4037860670956,5.829006816779254,22.509348708358704,3.49650756146648,41,0.0,1.950630732880403,3.49650756146648,18,18,6,741.0206563414367,4.036479382616604,22.31429515449348,3.1648604527613484,43,0.1,2.1711120978813985,3.8918202981106265,12,2,50,1035.9977746931177,5.431517716995284,19.94116145623531,3.49650756146648,41,0.06,2.0651940181062587,2.833213344056216,12,4,50,700.7247411897454,17500,100,11,10
-3.8327110290158672,18.063758704432207,-2.2213256282451583,21,0.22,2.6287314690959094,0.0,22,6,50,671.6356227743108,-3.9239242706002746,13.211250451610535,0.0,24,0.15,2.126007612869996,-3.49650756146648,24,18,50,384.4537674151653,-3.279022094669637,15.28710587489593,-2.833213344056216,24,0.21,2.304290300135315,-2.833213344056216,23,18,50,602.6490249124806,-3.3549979567562347,15.280222018471273,-2.833213344056216,26,0.17,2.2963673954311035,-3.49650756146648,18,2,50,551.0628235639019,4.995210454759151,19.89136257229281,0.0,30,0.12,1.9059252053401856,-3.49650756146648,17,2,50,691.7335317666409,6.729457356848944,22.47462194192439,3.49650756146648,40,0.0,1.9332808458183008,3.49650756146648,18,18,6,799.5023953704465,5.497523732071413,22.656056033007584,3.49650756146648,44,0.1,2.142812121764598,-2.833213344056216,11,2,50,1001.0243511891654,5.969426701825326,19.792005333637672,3.49650756146648,41,0.05,2.0621320233854235,-3.49650756146648,12,4,50,641.2674160185547,17550,100,11,10
-4.427284579556082,17.36693829753007,-2.2213256282451583,21,0.23,2.629237654836313,0.0,23,6,50,680.7985570238623,-4.500897661638609,13.238205520375372,0.0,24,0.17,2.1301543846534243,-3.49650756146648,24,8,50,437.6056422593101,-3.3489522388341,15.263931335485106,-2.833213344056216,24,0.23,2.619727109068126,-2.833213344056216,23,18,50,602.6490242059938,-2.458794531646396,15.581700603859646,-2.833213344056216,26,0.16,2.33602497563955,-3.49650756146648,17,2,50,531.3893587913664,6.212543253667348,20.04156704233872,0.0,31,0.11,1.8810329377807795,-3.49650756146648,17,2,50,694.5521596196497,7.851450043363334,22.54554790731106,3.49650756146648,41,0.0,1.9024549991691009,3.49650756146648,15,18,6,790.2590907079739,5.154422422250872,22.51584637779629,3.1648604527613484,44,0.12,2.0729719058709937,0.0,12,2,50,978.0470752788552,4.785546660356108,19.619496903031106,3.49650756146648,41,0.05,2.0682257878488004,-3.49650756146648,12,4,50,649.0895426673733,17600,100,11,10
-4.370884154781774,17.383037538315293,-2.2213256282451583,21,0.23,2.645104992549128,0.0,23,6,50,683.2196946412249,-4.338193912161128,13.284346926420053,0.0,25,0.18,2.133834917336336,-3.49650756146648,22,18,50,440.9877242455405,-2.40208364476803,15.569028987984616,0.0,25,0.23,2.348591380994175,-2.833213344056216,23,18,50,592.1530644680938,-2.265243292824847,15.610475376364276,0.0,27,0.16,2.3532696901802903,-3.49650756146648,17,2,50,538.566362191925,7.544651770962394,20.07621400867934,0.0,32,0.1,1.8634536617538893,-3.49650756146648,16,2,50,694.2419901737467,7.93422535515514,22.516781060949288,3.49650756146648,43,0.0,1.9037982531559243,3.49650756146648,15,18,6,777.1816964959355,4.211514955520356,22.18711253071144,3.1648604527613484,41,0.12,2.05710456815764,0.0,12,2,50,961.206810510224,4.136236222917402,19.40907379982612,3.49650756146648,39,0.06,2.3966617708004128,2.833213344056216,12,4,50,663.7261946418535,17650,100,11,10
-4.02778256308758,18.29467753189892,-2.2213256282451583,22,0.21,2.6606592822797865,0.0,21,6,50,711.863398087321,-4.006059522252622,13.540121640416048,0.0,26,0.17,2.1428079708821746,-3.49650756146648,20,18,50,419.3127646373115,-2.590258386081599,15.857085594615263,0.0,26,0.22,2.3713296946826867,0.0,22,18,50,623.6299804104962,-2.5733795100747683,15.87140268438968,0.0,28,0.17,2.367703218214809,0.0,17,2,50,569.379983916917,6.663787331221597,20.14443058392125,0.0,33,0.11,1.8931620959649769,-3.49650756146648,17,2,50,726.3967866723285,6.465274742489291,22.33384118490396,3.49650756146648,42,0.0,1.94002380536411,3.49650756146648,18,18,6,795.3515171583329,3.610308746092268,22.29463528956532,2.833213344056216,42,0.11,2.159906472396893,3.8918202981106265,12,2,50,1015.6610047648452,5.040312156556383,19.943243763716303,3.49650756146648,40,0.06,2.0501980415321475,2.833213344056216,12,4,50,683.8844787759231,17700,100,11,10
-4.077550045687157,18.28306869469377,-2.2213256282451583,22,0.21,2.6447919445669723,0.0,21,6,50,710.1055546873057,-4.168763256187394,13.498858690953638,0.0,25,0.16,2.143180319704735,-3.49650756146648,22,18,50,415.9306810968104,-2.982880887682458,15.480817274377603,-1.416606672028108,25,0.21,2.3401701341307897,-2.833213344056216,21,18,50,585.9231667271636,-3.564871871909377,15.550517453413496,-2.833213344056216,27,0.17,2.314084172871617,0.0,17,2,50,586.0362453250821,5.388616135313657,20.034394114206385,0.0,31,0.12,1.912818774065216,-3.49650756146648,17,2,50,721.0132239793668,5.826893725840325,22.51017168842196,3.49650756146648,41,0.0,1.950630732880403,3.49650756146648,18,18,50,798.3159842997629,4.58818127289442,22.642493872621728,3.1648604527613484,44,0.1,2.1606907759292766,-2.833213344056216,11,2,50,1035.997778649065,5.682989636277943,20.11976349054429,3.49650756146648,42,0.05,2.0686560378365124,-3.49650756146648,11,4,50,668.5845341382019,17750,100,11,10
-3.511308918938436,17.852445615676125,-1.6094379124341005,20,0.23,2.6289246068541576,0.0,23,6,50,646.4884268895007,-4.115054213090981,12.99689097684299,0.0,23,0.16,2.111042547510629,-3.49650756146648,24,18,50,406.0143125274803,-2.9642528937982524,15.025073548703178,-2.833213344056216,23,0.22,2.3004706858313075,-2.833213344056216,23,18,50,571.1721048253421,-2.976931546829622,15.030939044220789,-2.833213344056216,25,0.18,2.303441165978842,0.0,18,2,50,520.2491976941735,5.9744830340770205,19.86730208659309,0.0,31,0.12,1.8931620959649769,-3.49650756146648,16,2,6,681.542040191016,7.63879978493717,22.40153282367788,3.49650756146648,41,0.0,1.9129350397776232,3.49650756146648,17,18,6,808.2774951603647,5.812292860409051,22.35685426358033,3.49650756146648,43,0.11,2.1380902351067186,-2.833213344056216,11,2,50,975.2138650430544,5.6948890573610775,19.626004756696343,3.49650756146648,41,0.05,2.0586700036551697,-3.49650756146648,12,4,50,614.1161214240647,17800,100,11,10
-4.107174441617678,17.15812999150981,-1.6094379124341005,21,0.24,2.627105067638614,0.0,24,6,50,649.8557082018824,-4.094498973095667,12.99513597161232,0.0,24,0.17,2.1194265545934337,-3.49650756146648,23,18,50,409.6252152160613,-2.7060018404509707,15.38787354316675,-2.833213344056216,24,0.23,2.310960140410412,-2.833213344056216,24,18,50,609.656621522987,-2.0442165272700508,15.322603965889808,0.0,26,0.16,2.3374704850942924,-3.49650756146648,17,2,50,503.8042438254,7.191815978160536,19.958045601781905,0.0,31,0.11,1.8642902997055488,-3.49650756146648,16,2,50,666.5717358732068,8.491574593880305,22.310736391418743,3.49650756146648,42,0.0,1.8882444141543304,3.49650756146648,15,18,6,730.3138023913617,5.120857357706094,22.2163756922974,3.49650756146648,43,0.12,2.0477475750508214,0.0,12,2,50,926.2333887487578,4.702477323760954,19.280801036382098,3.49650756146648,39,0.06,2.045750242169806,-3.49650756146648,12,4,22,612.6442868320612,17850,100,11,10
-4.685653322681944,17.5848582080919,-2.833213344056216,22,0.22,2.645104992549128,0.0,22,6,50,714.696611431242,-4.048801612467655,13.521029611156637,0.0,26,0.18,2.1526018435405123,-3.49650756146648,20,18,50,422.2603852239944,-2.660188506225418,15.837786749880294,0.0,26,0.24,2.3626001508696586,0.0,24,18,50,623.629977301945,-2.545047345548693,15.878498402702755,0.0,28,0.16,2.362600150947545,-3.49650756146648,16,2,50,566.5467674643097,7.251581794324081,20.4269522285566,0.0,33,0.1,1.8797590525805887,-3.49650756146648,17,2,50,722.2223994022979,7.024882927061615,22.60138654903709,3.49650756146648,43,0.0,1.9255307293635824,3.49650756146648,16,18,6,813.1836584123231,3.238875285404506,22.128868406894338,2.833213344056216,41,0.12,2.0796615501912945,-2.833213344056216,12,2,50,989.850517252942,4.491435870527786,19.582505336643887,3.49650756146648,40,0.06,2.0388536364545806,2.833213344056216,12,4,50,684.1670483379568,17900,100,11,10
-4.0897878000021,18.281822094513394,-2.833213344056216,22,0.21,2.6447919445669723,0.0,21,6,50,705.6629034306875,-4.041024703479732,13.534245183188998,0.0,25,0.16,2.13652637462188,-3.49650756146648,21,18,28,418.34989518944326,-2.632002364393012,15.855706589574687,0.0,25,0.21,2.365818848219421,-2.833213344056216,21,18,50,619.455603701846,-3.4452040394323715,15.577865543856776,-1.416606672028108,27,0.17,2.325788947786846,0.0,17,2,50,585.8249336409407,6.034248850239607,20.341877865592654,0.0,32,0.11,1.9085913805651609,-3.49650756146648,17,2,50,719.403786066805,5.829006816775149,22.5093487083483,3.49650756146648,41,0.0,1.950630732880403,3.49650756146648,18,18,6,741.020656341032,4.0364793119671845,22.314295231647627,3.1648604527613484,43,0.1,2.1711120978813985,3.8918202981106265,12,2,50,1035.9977817573076,5.431517646345353,19.94116154751636,3.49650756146648,41,0.06,2.0651940181062587,2.833213344056216,12,4,50,700.724748254123,17950,100,11,10
-3.832711029013133,18.06375870442802,-2.2213256282451583,21,0.22,2.6287314690959094,0.0,22,6,50,671.6356227740374,-3.923924199951723,13.211250581340463,0.0,24,0.15,2.126007612869996,-3.49650756146648,24,18,50,384.45376035031023,-3.2790220357953888,15.287105965839553,-2.833213344056216,24,0.21,2.304290300135315,-2.833213344056216,23,18,50,602.6490190250556,-3.354997897881984,15.280222109748603,-2.833213344056216,26,0.17,2.2963673954311035,-3.49650756146648,18,2,50,551.0628176764768,4.995210454755049,19.8913625722841,0.0,30,0.12,1.9059252053401856,-3.49650756146648,17,2,50,691.7335317663674,6.729457356844328,22.47462194191404,3.49650756146648,40,0.0,1.9332808458183008,3.49650756146648,18,18,6,799.5023953700152,5.49752366142115,22.656056113553404,3.49650756146648,44,0.1,2.142812121764598,-2.833213344056216,11,2,50,1001.0243582533716,5.9694266311750654,19.792005427526856,3.49650756146648,41,0.05,2.0621320233854235,-3.49650756146648,12,4,50,641.2674230829657,18000,100,11,10
-4.427284579553347,17.36693829752581,-2.2213256282451583,21,0.23,2.629237654836313,0.0,23,6,50,680.7985570235887,-4.500897602764368,13.238205630828531,0.0,24,0.17,2.1301543846534243,-3.49650756146648,24,8,50,437.6056363718861,-3.3489521799598587,15.26393142683652,-2.833213344056216,24,0.23,2.619727109068126,-2.833213344056216,23,18,50,602.6490183185699,-2.458794460997849,15.5817007072107,-2.833213344056216,26,0.16,2.33602497563955,-3.49650756146648,17,2,50,531.3893517265118,6.212543253662561,20.041567042330005,0.0,31,0.11,1.8810329377807795,-3.49650756146648,17,2,50,694.5521596193763,7.851450043358033,22.545547907300733,3.49650756146648,41,0.0,1.9024549991691009,3.49650756146648,15,18,6,790.2590907075587,5.154422351600787,22.515846457767285,3.1648604527613484,44,0.12,2.0729719058709937,0.0,12,2,50,978.0470823430776,4.78554658970654,19.61949699348302,3.49650756146648,41,0.05,2.0682257878488004,-3.49650756146648,12,4,50,649.0895497317833,18050,100,11,10
-4.370884154778867,17.38303753831076,-2.2213256282451583,21,0.23,2.645104992549128,0.0,23,6,50,683.2196946409343,-4.338193853286724,13.28434703576812,0.0,25,0.18,2.133834917336336,-3.49650756146648,22,18,50,440.9877183581,-2.4020835741193256,15.569029091162111,0.0,25,0.23,2.348591380994175,-2.833213344056216,23,18,50,592.1530574032233,-2.26524322217614,15.610475478648532,0.0,27,0.16,2.3532696901802903,-3.49650756146648,17,2,50,538.5663551270543,7.544651770957097,20.07621400867034,0.0,32,0.1,1.8634536617538893,-3.49650756146648,16,2,50,694.2419901734561,7.934225355150013,22.516781060938666,3.49650756146648,43,0.0,1.9037982531559243,3.49650756146648,15,18,6,777.1816964955116,4.2115148966454345,22.187112595837657,3.1648604527613484,41,0.12,2.05710456815764,0.0,12,2,50,961.2068163969982,4.136236164042826,19.40907387404882,3.49650756146648,39,0.06,2.3966617708004128,2.833213344056216,12,4,50,663.7262005287982,18100,100,11,10
-4.027782563084504,18.294677531894298,-2.2213256282451583,22,0.21,2.6606592822797865,0.0,21,6,50,711.8633980870134,-4.006059451603756,13.540121767422828,0.0,26,0.17,2.1428079708821746,-3.49650756146648,20,18,50,419.3127575724249,-2.590258315432734,15.857085696756512,0.0,26,0.22,2.3713296946826867,0.0,22,18,50,623.6299733456096,-2.5733794394259,15.871402786363658,0.0,28,0.17,2.367703218214809,0.0,17,2,50,569.3799768520303,6.663787331216812,20.144430583912147,0.0,33,0.11,1.8931620959649769,-3.49650756146648,17,2,50,726.3967866720209,6.465274742485018,22.33384118489339,3.49650756146648,42,0.0,1.94002380536411,3.49650756146648,18,18,6,795.3515171579095,3.610308687217695,22.294635352789733,2.833213344056216,42,0.11,2.159906472396893,3.8918202981106265,12,2,50,1015.6610106515842,5.040312097681303,19.943243838619217,3.49650756146648,40,0.06,2.0501980415321475,2.833213344056216,12,4,50,683.88448466285,18150,100,11,10
-4.077550045684251,18.283068694689423,-2.2213256282451583,22,0.21,2.6447919445669723,0.0,21,6,50,710.1055546870151,-4.168763185538709,13.49885881920052,0.0,25,0.16,2.143180319704735,-3.49650756146648,22,18,50,415.93067403194186,-2.9828808170337733,15.48081738079353,-1.416606672028108,25,0.21,2.3401701341307897,-2.833213344056216,21,18,50,585.9231596622951,-3.564871813034985,15.5505175438985,-2.833213344056216,27,0.17,2.314084172871617,0.0,17,2,50,586.036239437643,5.388616135309385,20.0343941141976,0.0,31,0.12,1.912818774065216,-3.49650756146648,17,2,50,721.0132239790764,5.826893725836223,22.51017168841155,3.49650756146648,41,0.0,1.950630732880403,3.49650756146648,18,18,50,798.3159842994553,4.588181202244704,22.642493950378515,3.1648604527613484,44,0.1,2.1606907759292766,-2.833213344056216,11,2,50,1035.9977857132506,5.6829895656278895,20.119763581897807,3.49650756146648,42,0.05,2.0686560378365124,-3.49650756146648,11,4,50,668.5845412025919,18200,100,11,10
-3.511308918935873,17.852445615672107,-1.6094379124341005,20,0.23,2.6289246068541576,0.0,23,6,50,646.4884268892442,-4.115054154216942,12.99689108759943,0.0,23,0.16,2.111042547510629,-3.49650756146648,24,18,50,406.0143066400764,-2.9642528349242125,15.025073639999702,-2.833213344056216,23,0.22,2.3004706858313075,-2.833213344056216,23,18,50,571.1720989379382,-2.97693148795558,15.03093913553135,-2.833213344056216,25,0.18,2.303441165978842,0.0,18,2,50,520.2491918067694,5.974483034072405,19.867302086584456,0.0,31,0.12,1.8931620959649769,-3.49650756146648,16,2,6,681.5420401907145,7.638799784932043,22.40153282366761,3.49650756146648,41,0.0,1.9129350397776232,3.49650756146648,17,18,6,808.2774951599356,5.812292789758662,22.35685434619904,3.49650756146648,43,0.11,2.1380902351067186,-2.833213344056216,11,2,50,975.2138721072732,5.694888986711033,19.62600485039153,3.49650756146648,41,0.05,2.0586700036551697,-3.49650756146648,12,4,50,614.1161284884879,18250,100,11,10
-4.107174441614943,17.158129991505444,-1.6094379124341005,21,0.24,2.627105067638614,0.0,24,6,50,649.8557082016089,-4.094498914221464,12.995136082290216,0.0,24,0.17,2.1194265545934337,-3.49650756146648,23,18,50,409.625209328641,-2.7060017815767696,15.387873631322377,-2.833213344056216,24,0.23,2.310960140410412,-2.833213344056216,24,18,50,609.6566156355668,-2.044216456621551,15.322604069076892,0.0,26,0.16,2.3374704850942924,-3.49650756146648,17,2,50,503.80423676055,7.191815978155407,19.95804560177296,0.0,31,0.11,1.8642902997055488,-3.49650756146648,16,2,50,666.5717358729332,8.491574593874837,22.310736391408284,3.49650756146648,42,0.0,1.8882444141543304,3.49650756146648,15,18,6,730.3138023909644,5.120857298830691,22.216375759747496,3.49650756146648,43,0.12,2.0477475750508214,0.0,12,2,50,926.233394635546,4.702477264886067,19.28080111282767,3.49650756146648,39,0.06,2.045750242169806,-3.49650756146648,12,4,22,612.6442901820693,18300,100,11,10
-4.685653322678865,17.584858208087216,-2.833213344056216,22,0.22,2.645104992549128,0.0,22,6,50,714.6966114309342,-4.048801541818826,13.52102973856602,0.0,26,0.18,2.1526018435405123,-3.49650756146648,20,18,50,422.2603781591114,-2.6601884355765897,15.837786852457898,0.0,26,0.24,2.3626001508696586,0.0,24,18,50,623.6299702370621,-2.5450472748998614,15.878498504505057,0.0,28,0.16,2.362600150947545,-3.49650756146648,16,2,50,566.5467603994264,7.251581794318954,20.42695222854736,0.0,33,0.1,1.8797590525805887,-3.49650756146648,17,2,50,722.2223994019902,7.024882927056999,22.601386549026383,3.49650756146648,43,0.0,1.9255307293635824,3.49650756146648,16,18,6,813.1836584118853,3.238875226530136,22.128868469604345,2.833213344056216,41,0.12,2.0796615501912945,-2.833213344056216,12,2,50,989.8505231396952,4.491435811653077,19.582505411276856,3.49650756146648,40,0.06,2.0388536364545806,2.833213344056216,12,4,50,684.1670542248808,18350,100,11,10
-0.712219411570408,20.93852592408598,0.0,40,0.23,2.304010942306281,0.0,23,4,50,888.9451446920386,-0.7189761691462643,12.90274251037309,0.0,28,0.19,2.232180187021437,0.0,19,8,50,404.7551008234637,-2.096449209259853,18.15228388835536,0.0,44,0.22,2.65518559992082,0.0,22,4,25,575.4478577554981,-0.6171738916537682,13.968955334911117,0.0,28,0.32,2.340095791186275,0.0,32,16,50,455.36686920389866,0.0355894517915622,18.73774312644272,0.0,35,0.18,2.4142062537088864,0.0,18,2,50,757.7291556796843,0.7166863190821045,20.24749210082753,0.0,42,0.2,2.4303445913425,0.0,20,4,50,778.7189301243361,0.2795125433056921,20.565450061108187,2.19722457733622,45,0.1,2.558604557077759,3.044522437723423,15,2,50,931.3184487690046,1.378873525828287,19.309756537088475,2.833213344056216,43,0.19,2.4267062072666303,0.0,19,4,50,739.3924096812646,18400,100,11,10
3.850584866633737,23.481253221219827,0.0,53,0.26,1.6571032521256557,0.0,26,4,25,1274.7459447602662,3.3442717001996645,10.654956510188322,0.0,21,0.22,2.2941631673535023,-3.044522437723423,24,8,25,356.7594261068718,-0.3992923225101202,21.18280709690049,0.0,55,0.22,2.354044362493141,0.0,22,4,25,1421.83886458766,3.390804829918232,10.987033112870394,0.0,21,0.54,1.931957880782465,0.0,54,8,25,347.8181930892284,-7.310705974030736,13.38026384688563,-0.8047189562170501,29,0.25,2.0593945190276584,0.0,25,4,50,795.6025401697448,-5.60883264474339,15.122629097642529,0.0,31,0.46,1.8340855185100309,0.0,46,4,50,828.1468167050673,-4.593087210391928,16.777735982345565,0.0,34,0.1,2.163080084869625,3.044522437723423,33,4,50,792.1546256196616,-4.509299532067666,16.150102101282503,0.0,35,0.42,1.9851143223330656,0.0,42,4,50,771.6691027008197,18450,100,11,10
4.173017931806294,24.45576837358613,1.5222612188617115,52,0.25,1.5611819421386397,0.0,25,4,25,1383.8075616530068,4.337670335567329,10.741571165629482,1.0986122886681098,18,0.24,1.912795954638569,-3.044522437723423,26,8,25,425.8463871827644,-0.0304452243770673,22.30951585390993,0.0,53,0.25,1.897520139850759,0.0,25,4,25,1575.6852238602748,4.966126073177371,10.353622597560914,0.0,15,0.62,1.310233267254462,0.0,62,8,25,418.4322541653052,-7.899674422090031,13.784827394463724,-3.044522437723423,28,0.24,1.5095699921973325,-3.044522437723423,26,4,50,863.0359807143652,-7.108098588281944,14.124138428316863,0.0,27,0.5,0.8112781247838816,0.0,50,4,50,863.0359807143657,-7.56477695394051,14.007857607908257,-3.044522437723423,28,0.13,1.5095699921973325,3.044522437723423,36,4,50,823.4571890239664,-7.1080985882819405,14.124138428316858,0.0,27,0.5,0.8112781247838816,0.0,50,4,50,863.0359807143652,18500,100,11,10
4.487787099714153,24.60216281662496,3.044522437723423,52,0.24,1.5611819421386397,0.0,24,4,25,1410.4017475481437,4.429006008698498,10.699904188939472,2.19722457733622,18,0.25,2.259422768818224,0.0,25,8,25,419.190909591321,8.355982572538779e-14,22.3074591421496,0.0,53,0.26,1.897520139850759,0.0,26,4,25,1575.5410937084812,4.651356905268316,10.015828727599784,0.0,14,0.63,1.2870102911617602,0.0,63,8,25,387.7056152022601,-7.8083387489573,13.83341885012199,0.0,28,0.25,1.4895642179521462,3.044522437723423,26,4,50,866.0805031519862,-7.108098588280917,14.124138428315094,0.0,27,0.5,0.8112781247838816,0.0,50,4,50,863.035980714263,-7.4429960564305455,14.072943360583718,0.0,28,0.13,1.4895642179521462,3.044522437723423,38,4,50,823.4571890238637,-7.077653363903679,14.14269655730791,0.0,27,0.49,0.8112781247028926,0.0,49,4,50,866.080503151986,18550,100,11,10
4.457341875336473,24.605813551791982,1.5222612188617115,52,0.25,1.8975201398507588,0.0,25,4,25,1412.0173407350453,4.124453353264809,10.355689217286711,1.0986122886681098,17,0.26,2.238845536816478,0.0,26,8,25,389.0446767187889,0.030445224377409,22.309515853903896,0.0,53,0.25,1.913373186404603,0.0,25,4,25,1575.6852238598478,4.651356905267825,10.015828727598464,0.0,14,0.63,1.2870102911617602,0.0,63,8,25,387.705615202212,-7.838783973333428,13.812834819543076,0.0,28,0.26,1.4895642179521462,0.0,26,4,50,863.035980714152,-7.108098588279802,14.124138428313168,0.0,27,0.5,0.8112781247838816,0.0,50,4,50,863.0359807141513,-7.412550832052201,14.092292448609925,0.0,28,0.12,1.4895642179521462,3.044522437723423,39,4,50,826.5017114614758,-7.108098588279806,14.124138428313175,0.0,27,0.5,0.8112781247838816,0.0,50,4,50,863.0359807141518,18600,100,11,10
4.142572707427417,24.459049155601093,0.0,52,0.26,1.5611819421386397,0.0,26,4,25,1385.4541669563137,4.033117680132615,10.39606019486201,0.0,17,0.25,1.903084570639961,-3.044522437723423,26,8,25,395.7306905438237,8.697043085703626e-14,22.31161392001664,0.0,53,0.24,1.913373186404603,0.0,24,4,25,1575.8352228739363,4.966126073175681,10.35362259755659,0.0,15,0.62,1.310233267254462,0.0,62,8,25,418.43225416514,-7.930119646464106,13.76396866801171,-3.044522437723423,28,0.25,1.5095699921973325,-3.044522437723423,26,4,50,859.9914582763258,-7.108098588278775,14.124138428311394,0.0,27,0.5,0.8112781247838816,0.0,50,4,50,863.0359807140487,-7.534331729560112,14.027560788810904,-3.044522437723423,28,0.12,1.5095699921973325,3.044522437723423,37,4,50,826.5017114613734,-7.138543812656014,14.105490170456546,0.0,27,0.51,0.8112781248243761,0.0,51,4,50,859.9914582763258,18650,100,11,10
4.1730179318042415,24.455768373572845,1.5222612188617115,52,0.25,1.5611819421386397,0.0,25,4,25,1383.807561652244,4.3376703355651065,10.741571165623863,1.0986122886681098,18,0.24,1.912795954638569,-3.044522437723423,26,8,25,425.8463871825493,-0.0304452243770679,22.309515853897874,0.0,53,0.25,1.897520139850759,0.0,25,4,25,1575.6852238594208,4.966126073175148,10.353622597555225,0.0,15,0.62,1.310233267254462,0.0,62,8,25,418.432254165088,-7.899674422085756,13.784827394456416,-3.044522437723423,28,0.24,1.5095699921973325,-3.044522437723423,26,4,50,863.0359807139378,-7.10809858827767,14.12413842830949,0.0,27,0.5,0.8112781247838816,0.0,50,4,50,863.0359807139383,-7.564776953936234,14.00785760790096,-3.044522437723423,28,0.13,1.5095699921973325,3.044522437723423,36,4,50,823.457189023539,-7.108098588277666,14.124138428309482,0.0,27,0.5,0.8112781247838816,0.0,50,4,50,863.0359807139378,18700,100,11,10
4.487787099711933,24.60216281661158,3.044522437723423,52,0.24,1.5611819421386397,0.0,24,4,25,1410.401747547366,4.429006008696276,10.699904188933855,2.19722457733622,18,0.25,2.259422768818224,0.0,25,8,25,419.1909095911057,8.355982572538779e-14,22.30745914213754,0.0,53,0.26,1.897520139850759,0.0,26,4,25,1575.5410937076272,4.651356905266267,10.015828727594288,0.0,14,0.63,1.2870102911617602,0.0,63,8,25,387.7056152020602,-7.808338748953028,13.833418850114676,0.0,28,0.25,1.4895642179521462,3.044522437723423,26,4,50,866.0805031515588,-7.108098588276646,14.124138428307718,0.0,27,0.5,0.8112781247838816,0.0,50,4,50,863.0359807138357,-7.442996056426272,14.072943360576424,0.0,28,0.13,1.4895642179521462,3.044522437723423,38,4,50,823.4571890234363,-7.077653363899406,14.14269655730054,0.0,27,0.49,0.8112781247028926,0.0,49,4,50,866.0805031515587,18750,100,11,10
4.457341875334252,24.60581355177861,1.5222612188617115,52,0.25,1.8975201398507588,0.0,25,4,25,1412.0173407342677,4.124453353262758,10.355689217281292,1.0986122886681098,17,0.26,2.238845536816478,0.0,26,8,25,389.0446767185913,0.0304452243774096,22.30951585389184,0.0,53,0.25,1.913373186404603,0.0,25,4,25,1575.6852238589938,4.651356905265774,10.015828727592972,0.0,14,0.63,1.2870102911617602,0.0,63,8,25,387.70561520201215,-7.838783973329153,13.812834819535764,0.0,28,0.26,1.4895642179521462,0.0,26,4,50,863.0359807137244,-7.108098588275528,14.124138428305791,0.0,27,0.5,0.8112781247838816,0.0,50,4,50,863.0359807137239,-7.412550832047925,14.09229244860263,0.0,28,0.12,1.4895642179521462,3.044522437723423,39,4,50,826.5017114610486,-7.108098588275531,14.124138428305802,0.0,27,0.5,0.8112781247838816,0.0,50,4,50,863.0359807137245,18800,100,11,10
4.142572707425364,24.4590491555878,0.0,52,0.26,1.5611819421386397,0.0,26,4,25,1385.4541669555504,4.033117680130563,10.396060194856595,0.0,17,0.25,1.903084570639961,-3.044522437723423,26,8,25,395.7306905436263,8.697043085703626e-14,22.31161392000458,0.0,53,0.24,1.913373186404603,0.0,24,4,25,1575.8352228730826,4.966126073173458,10.3536225975509,0.0,15,0.62,1.310233267254462,0.0,62,8,25,418.4322541649226,-7.930119646459831,13.7639686680044,-3.044522437723423,28,0.25,1.5095699921973325,-3.044522437723423,26,4,50,859.9914582758984,-7.108098588274503,14.124138428304024,0.0,27,0.5,0.8112781247838816,0.0,50,4,50,863.0359807136213,-7.534331729555838,14.02756078880361,-3.044522437723423,28,0.12,1.5095699921973325,3.044522437723423,37,4,50,826.5017114609459,-7.138543812651741,14.105490170449173,0.0,27,0.51,0.8112781248243761,0.0,51,4,50,859.9914582758986,18850,100,11,10
4.17301793180219,24.45576837355956,1.5222612188617115,52,0.25,1.5611819421386397,0.0,25,4,25,1383.807561651481,4.337670335562887,10.741571165618252,1.0986122886681098,18,0.24,1.912795954638569,-3.044522437723423,26,8,25,425.84638718233424,-0.0304452243770662,22.309515853885813,0.0,53,0.25,1.897520139850759,0.0,25,4,25,1575.6852238585673,4.9661260731729255,10.353622597549531,0.0,15,0.62,1.310233267254462,0.0,62,8,25,418.4322541648706,-7.899674422081484,13.784827394449106,-3.044522437723423,28,0.24,1.5095699921973325,-3.044522437723423,26,4,50,863.0359807135105,-7.108098588273398,14.124138428302116,0.0,27,0.5,0.8112781247838816,0.0,50,4,50,863.035980713511,-7.564776953931965,14.007857607893667,-3.044522437723423,28,0.13,1.5095699921973325,3.044522437723423,36,4,50,823.4571890231116,-7.108098588273394,14.124138428302109,0.0,27,0.5,0.8112781247838816,0.0,50,4,50,863.0359807135105,18900,100,11,10
4.48778709970971,24.60216281659821,3.044522437723423,52,0.24,1.5611819421386397,0.0,24,4,25,1410.4017475465887,4.429006008694054,10.699904188928238,2.19722457733622,18,0.25,2.259422768818224,0.0,25,8,25,419.1909095908904,8.355982572538779e-14,22.30745914212548,0.0,53,0.26,1.897520139850759,0.0,26,4,25,1575.5410937067732,4.651356905264215,10.015828727588795,0.0,14,0.63,1.2870102911617602,0.0,63,8,25,387.7056152018602,-7.808338748948753,13.833418850107364,0.0,28,0.25,1.4895642179521462,3.044522437723423,26,4,50,866.0805031511313,-7.108098588272372,14.124138428300348,0.0,27,0.5,0.8112781247838816,0.0,50,4,50,863.0359807134083,-7.442996056421999,14.072943360569123,0.0,28,0.13,1.4895642179521462,3.044522437723423,38,4,50,823.457189023009,-7.077653363895131,14.142696557293164,0.0,27,0.49,0.8112781247028926,0.0,49,4,50,866.0805031511314,18950,100,11,10
4.4573418753320295,24.60581355176524,1.5222612188617115,52,0.25,1.8975201398507588,0.0,25,4,25,1412.0173407334903,4.124453353260706,10.355689217275875,1.0986122886681098,17,0.26,2.238845536816478,0.0,26,8,25,389.04467671839376,0.030445224377409,22.30951585387978,0.0,53,0.25,1.913373186404603,0.0,25,4,25,1575.68522385814,4.6513569052637225,10.015828727587476,0.0,14,0.63,1.2870102911617602,0.0,63,8,25,387.7056152018122,-7.83878397332488,13.81283481952845,0.0,28,0.26,1.4895642179521462,0.0,26,4,50,863.035980713297,-7.108098588271255,14.12413842829842,0.0,27,0.5,0.8112781247838816,0.0,50,4,50,863.0359807132968,-7.41255083204365,14.09229244859533,0.0,28,0.12,1.4895642179521462,3.044522437723423,39,4,50,826.5017114606212,-7.108098588271259,14.124138428298428,0.0,27,0.5,0.8112781247838816,0.0,50,4,50,863.035980713297,19000,100,11,10
4.142572707423315,24.459049155574505,0.0,52,0.26,1.5611819421386397,0.0,26,4,25,1385.4541669547873,4.033117680128512,10.39606019485118,0.0,17,0.25,1.903084570639961,-3.044522437723423,26,8,25,395.7306905434289,8.753886504564434e-14,22.31161391999252,0.0,53,0.24,1.913373186404603,0.0,24,4,25,1575.835222872229,4.966126073171238,10.353622597545206,0.0,15,0.62,1.310233267254462,0.0,62,8,25,418.4322541647053,-7.930119646455559,13.763968667997087,-3.044522437723423,28,0.25,1.5095699921973325,-3.044522437723423,26,4,50,859.9914582754711,-7.108098588270228,14.12413842829665,0.0,27,0.5,0.8112781247838816,0.0,50,4,50,863.035980713194,-7.534331729551564,14.027560788796317,-3.044522437723423,28,0.12,1.5095699921973325,3.044522437723423,37,4,50,826.5017114605185,-7.138543812647467,14.1054901704418,0.0,27,0.51,0.8112781248243761,0.0,51,4,50,859.9914582754711,19050,100,11,10
4.173017931800138,24.455768373546263,1.5222612188617115,52,0.25,1.5611819421386397,0.0,25,4,25,1383.8075616507176,4.337670335560663,10.741571165612635,1.0986122886681098,18,0.24,1.912795954638569,-3.044522437723423,26,8,25,425.84638718211903,-0.0304452243770667,22.309515853873755,0.0,53,0.25,1.897520139850759,0.0,25,4,25,1575.6852238577137,4.966126073170702,10.353622597543842,0.0,15,0.62,1.310233267254462,0.0,62,8,25,418.4322541646533,-7.89967442207721,13.784827394441798,-3.044522437723423,28,0.24,1.5095699921973325,-3.044522437723423,26,4,50,863.0359807130831,-7.108098588269122,14.124138428294744,0.0,27,0.5,0.8112781247838816,0.0,50,4,50,863.0359807130836,-7.564776953927688,14.007857607886374,-3.044522437723423,28,0.13,1.5095699921973325,3.044522437723423,36,4,50,823.4571890226842,-7.108098588269119,14.12413842829474,0.0,27,0.5,0.8112781247838816,0.0,50,4,50,863.0359807130832,19100,100,11,10
4.487787099707487,24.60216281658484,3.044522437723423,52,0.24,1.5611819421386397,0.0,24,4,25,1410.4017475458113,4.429006008691832,10.699904188922618,2.19722457733622,18,0.25,2.259422768818224,0.0,25,8,25,419.1909095906751,8.355982572538779e-14,22.307459142113416,0.0,53,0.26,1.897520139850759,0.0,26,4,25,1575.5410937059196,4.651356905262163,10.0158287275833,0.0,14,0.63,1.2870102911617602,0.0,63,8,25,387.7056152016606,-7.8083387489444815,13.833418850100053,0.0,28,0.25,1.4895642179521462,3.044522437723423,26,4,50,866.080503150704,-7.108098588268097,14.124138428292976,0.0,27,0.5,0.8112781247838816,0.0,50,4,50,863.035980712981,-7.442996056417727,14.072943360561826,0.0,28,0.13,1.4895642179521462,3.044522437723423,38,4,50,823.4571890225817,-7.077653363890859,14.14269655728579,0.0,27,0.49,0.8112781247028926,0.0,49,4,50,866.0805031507041,19150,100,11,10
4.457341875329806,24.60581355175186,1.5222612188617115,52,0.25,1.8975201398507588,0.0,25,4,25,1412.017340732713,4.124453353258656,10.355689217270458,1.0986122886681098,17,0.26,2.238845536816478,0.0,26,8,25,389.0446767181962,0.030445224377409,22.309515853867723,0.0,53,0.25,1.913373186404603,0.0,25,4,25,1575.6852238572865,4.651356905261671,10.015828727581985,0.0,14,0.63,1.2870102911617602,0.0,63,8,25,387.7056152016125,-7.838783973320607,13.812834819521138,0.0,28,0.26,1.4895642179521462,0.0,26,4,50,863.0359807128698,-7.108098588266981,14.124138428291046,0.0,27,0.5,0.8112781247838816,0.0,50,4,50,863.0359807128694,-7.412550832039381,14.09229244858803,0.0,28,0.12,1.4895642179521462,3.044522437723423,39,4,50,826.5017114601937,-7.108098588266986,14.124138428291053,0.0,27,0.5,0.8112781247838816,0.0,50,4,50,863.0359807128698,19200,100,11,10
4.142572707421262,24.45904915556121,0.0,52,0.26,1.5611819421386397,0.0,26,4,25,1385.4541669540245,4.03311768012646,10.396060194845766,0.0,17,0.25,1.903084570639961,-3.044522437723423,26,8,25,395.7306905432316,8.753886504564434e-14,22.311613919980463,0.0,53,0.24,1.913373186404603,0.0,24,4,25,1575.8352228713754,4.966126073169015,10.353622597539518,0.0,15,0.62,1.310233267254462,0.0,62,8,25,418.4322541644881,-7.930119646451284,13.76396866798978,-3.044522437723423,28,0.25,1.5095699921973325,-3.044522437723423,26,4,50,859.9914582750437,-7.108098588265955,14.124138428289276,0.0,27,0.5,0.8112781247838816,0.0,50,4,50,863.0359807127668,-7.534331729547289,14.027560788789025,-3.044522437723423,28,0.12,1.5095699921973325,3.044522437723423,37,4,50,826.5017114600912,-7.138543812643194,14.105490170434424,0.0,27,0.51,0.8112781248243761,0.0,51,4,50,859.9914582750437,19250,100,11,10
4.173017931798089,24.455768373532973,1.5222612188617115,52,0.25,1.5611819421386397,0.0,25,4,25,1383.8075616499546,4.33767033555844,10.741571165607024,1.0986122886681098,18,0.24,1.912795954638569,-3.044522437723423,26,8,25,425.8463871819039,-0.0304452243770679,22.309515853861697,0.0,53,0.25,1.897520139850759,0.0,25,4,25,1575.68522385686,4.966126073168482,10.353622597538152,0.0,15,0.62,1.310233267254462,0.0,62,8,25,418.4322541644359,-7.899674422072938,13.784827394434489,-3.044522437723423,28,0.24,1.5095699921973325,-3.044522437723423,26,4,50,863.0359807126558,-7.108098588264851,14.12413842828737,0.0,27,0.5,0.8112781247838816,0.0,50,4,50,863.0359807126562,-7.564776953923416,14.007857607879076,-3.044522437723423,28,0.13,1.5095699921973325,3.044522437723423,36,4,50,823.4571890222569,-7.108098588264847,14.124138428287363,0.0,27,0.5,0.8112781247838816,0.0,50,4,50,863.0359807126558,19300,100,11,10
4.487787099705265,24.602162816571465,3.044522437723423,52,0.24,1.5611819421386397,0.0,24,4,25,1410.401747545034,4.429006008689609,10.699904188917005,2.19722457733622,18,0.25,2.259422768818224,0.0,25,8,25,419.1909095904598,8.355982572538779e-14,22.307459142101354,0.0,53,0.26,1.897520139850759,0.0,26,4,25,1575.5410937050658,4.651356905260113,10.015828727577809,0.0,14,0.63,1.2870102911617602,0.0,63,8,25,387.7056152014607,-7.808338748940206,13.833418850092745,0.0,28,0.25,1.4895642179521462,3.044522437723423,26,4,50,866.0805031502769,-7.108098588263824,14.1241384282856,0.0,27,0.5,0.8112781247838816,0.0,50,4,50,863.0359807125536,-7.4429960564134525,14.072943360554529,0.0,28,0.13,1.4895642179521462,3.044522437723423,38,4,50,823.4571890221544,-7.0776533638865855,14.142696557278416,0.0,27,0.49,0.8112781247028926,0.0,49,4,50,866.0805031502766,19350,100,11,10
4.457341875327584,24.60581355173849,1.5222612188617115,52,0.25,1.8975201398507588,0.0,25,4,25,1412.0173407319355,4.1244533532566034,10.355689217265043,1.0986122886681098,17,0.26,2.238845536816478,0.0,26,8,25,389.0446767179985,0.030445224377409,22.30951585385566,0.0,53,0.25,1.913373186404603,0.0,25,4,25,1575.685223856433,4.651356905259619,10.015828727576489,0.0,14,0.63,1.2870102911617602,0.0,63,8,25,387.7056152014127,-7.838783973316332,13.812834819513826,0.0,28,0.26,1.4895642179521462,0.0,26,4,50,863.0359807124424,-7.108098588262708,14.124138428283675,0.0,27,0.5,0.8112781247838816,0.0,50,4,50,863.0359807124419,-7.412550832035105,14.092292448580734,0.0,28,0.12,1.4895642179521462,3.044522437723423,39,4,50,826.5017114597665,-7.108098588262712,14.12413842828368,0.0,27,0.5,0.8112781247838816,0.0,50,4,50,863.0359807124423,19400,100,11,10
4.142572707419211,24.459049155547923,0.0,52,0.26,1.5611819421386397,0.0,26,4,25,1385.4541669532614,4.033117680124411,10.39606019484035,0.0,17,0.25,1.903084570639961,-3.044522437723423,26,8,25,395.7306905430342,8.697043085703626e-14,22.311613919968405,0.0,53,0.24,1.913373186404603,0.0,24,4,25,1575.8352228705214,4.966126073166792,10.353622597533828,0.0,15,0.62,1.310233267254462,0.0,62,8,25,418.4322541642708,-7.930119646447012,13.763968667982468,-3.044522437723423,28,0.25,1.5095699921973325,-3.044522437723423,26,4,50,859.9914582746164,-7.108098588261684,14.124138428281904,0.0,27,0.5,0.8112781247838816,0.0,50,4,50,863.0359807123396,-7.53433172954302,14.027560788781727,-3.044522437723423,28,0.12,1.5095699921973325,3.044522437723423,37,4,50,826.5017114596639,-7.13854381263892,14.105490170427052,0.0,27,0.51,0.8112781248243761,0.0,51,4,50,859.9914582746164,19450,100,11,10
4.173017931796036,24.45576837351968,1.5222612188617115,52,0.25,1.5611819421386397,0.0,25,4,25,1383.8075616491917,4.3376703355562185,10.741571165601409,1.0986122886681098,18,0.24,1.912795954638569,-3.044522437723423,26,8,25,425.8463871816888,-0.0304452243770673,22.30951585384964,0.0,53,0.25,1.897520139850759,0.0,25,4,25,1575.685223856006,4.966126073166259,10.353622597532462,0.0,15,0.62,1.310233267254462,0.0,62,8,25,418.43225416421865,-7.899674422068663,13.784827394427175,-3.044522437723423,28,0.24,1.5095699921973325,-3.044522437723423,26,4,50,863.0359807122285,-7.108098588260577,14.124138428279997,0.0,27,0.5,0.8112781247838816,0.0,50,4,50,863.0359807122288,-7.564776953919144,14.00785760787178,-3.044522437723423,28,0.13,1.5095699921973325,3.044522437723423,36,4,50,823.4571890218295,-7.108098588260573,14.12413842827999,0.0,27,0.5,0.8112781247838816,0.0,50,4,50,863.0359807122285,19500,100,11,10
4.487787099703043,24.60216281655809,3.044522437723423,52,0.24,1.5611819421386397,0.0,24,4,25,1410.4017475442568,4.429006008687386,10.699904188911386,2.19722457733622,18,0.25,2.259422768818224,0.0,25,8,25,419.1909095902445,8.355982572538779e-14,22.307459142089296,0.0,53,0.26,1.897520139850759,0.0,26,4,25,1575.541093704212,4.651356905258061,10.01582872757231,0.0,14,0.63,1.2870102911617602,0.0,63,8,25,387.7056152012607,-7.808338748935934,13.833418850085428,0.0,28,0.25,1.4895642179521462,3.044522437723423,26,4,50,866.0805031498494,-7.108098588259552,14.124138428278227,0.0,27,0.5,0.8112781247838816,0.0,50,4,50,863.0359807121263,-7.442996056409178,14.07294336054723,0.0,28,0.13,1.4895642179521462,3.044522437723423,38,4,50,823.457189021727,-7.0776533638823125,14.142696557271048,0.0,27,0.49,0.8112781247028926,0.0,49,4,50,866.0805031498492,19550,100,11,10
4.457341875325365,24.60581355172512,1.5222612188617115,52,0.25,1.8975201398507588,0.0,25,4,25,1412.0173407311584,4.124453353254553,10.355689217259624,1.0986122886681098,17,0.26,2.238845536816478,0.0,26,8,25,389.0446767178011,0.0304452243774096,22.309515853843603,0.0,53,0.25,1.913373186404603,0.0,25,4,25,1575.6852238555791,4.651356905257569,10.015828727570996,0.0,14,0.63,1.2870102911617602,0.0,63,8,25,387.7056152012128,-7.83878397331206,13.81283481950651,0.0,28,0.26,1.4895642179521462,0.0,26,4,50,863.0359807120151,-7.108098588258434,14.1241384282763,0.0,27,0.5,0.8112781247838816,0.0,50,4,50,863.0359807120144,-7.41255083203083,14.092292448573437,0.0,28,0.12,1.4895642179521462,3.044522437723423,39,4,50,826.5017114593392,-7.108098588258439,14.124138428276307,0.0,27,0.5,0.8112781247838816,0.0,50,4,50,863.0359807120151,19600,100,11,10
4.142572707417159,24.45904915553464,0.0,52,0.26,1.5611819421386397,0.0,26,4,25,1385.4541669524976,4.033117680122358,10.396060194834938,0.0,17,0.25,1.903084570639961,-3.044522437723423,26,8,25,395.7306905428368,8.753886504564434e-14,22.311613919956347,0.0,53,0.24,1.913373186404603,0.0,24,4,25,1575.8352228696683,4.966126073164569,10.353622597528137,0.0,15,0.62,1.310233267254462,0.0,62,8,25,418.4322541640535,-7.930119646442737,13.763968667975158,-3.044522437723423,28,0.25,1.5095699921973325,-3.044522437723423,26,4,50,859.991458274189,-7.108098588257406,14.12413842827453,0.0,27,0.5,0.8112781247838816,0.0,50,4,50,863.0359807119121,-7.534331729538743,14.027560788774434,-3.044522437723423,28,0.12,1.5095699921973325,3.044522437723423,37,4,50,826.5017114592366,-7.138543812634646,14.10549017041968,0.0,27,0.51,0.8112781248243761,0.0,51,4,50,859.991458274189,19650,100,11,10
4.173017931793984,24.45576837350639,1.5222612188617115,52,0.25,1.5611819421386397,0.0,25,4,25,1383.8075616484284,4.337670335553997,10.741571165595794,1.0986122886681098,18,0.24,1.912795954638569,-3.044522437723423,26,8,25,425.8463871814736,-0.0304452243770673,22.309515853837578,0.0,53,0.25,1.897520139850759,0.0,25,4,25,1575.6852238551526,4.966126073164037,10.353622597526773,0.0,15,0.62,1.310233267254462,0.0,62,8,25,418.4322541640013,-7.899674422064391,13.784827394419873,-3.044522437723423,28,0.24,1.5095699921973325,-3.044522437723423,26,4,50,863.0359807118011,-7.108098588256302,14.124138428272625,0.0,27,0.5,0.8112781247838816,0.0,50,4,50,863.0359807118015,-7.56477695391487,14.007857607864484,-3.044522437723423,28,0.13,1.5095699921973325,3.044522437723423,36,4,50,823.4571890214022,-7.1080985882563,14.124138428272618,0.0,27,0.5,0.8112781247838816,0.0,50,4,50,863.0359807118011,19700,100,11,10
4.487787099700821,24.60216281654472,3.044522437723423,52,0.24,1.5611819421386397,0.0,24,4,25,1410.4017475434796,4.429006008685167,10.69990418890577,2.19722457733622,18,0.25,2.259422768818224,0.0,25,8,25,419.19090959002926,8.355982572538779e-14,22.307459142077235,0.0,53,0.26,1.897520139850759,0.0,26,4,25,1575.5410937033582,4.6513569052560095,10.01582872756682,0.0,14,0.63,1.2870102911617602,0.0,63,8,25,387.7056152010609,-7.808338748931662,13.83341885007812,0.0,28,0.25,1.4895642179521462,3.044522437723423,26,4,50,866.0805031494219,-7.108098588255278,14.124138428270856,0.0,27,0.5,0.8112781247838816,0.0,50,4,50,863.0359807116988,-7.442996056404906,14.072943360539927,0.0,28,0.13,1.4895642179521462,3.044522437723423,38,4,50,823.4571890212997,-7.07765336387804,14.142696557263674,0.0,27,0.49,0.8112781247028926,0.0,49,4,50,866.080503149422,19750,100,11,10
4.45734187532314,24.60581355171174,1.5222612188617115,52,0.25,1.8975201398507588,0.0,25,4,25,1412.017340730381,4.124453353252501,10.355689217254204,1.0986122886681098,17,0.26,2.238845536816478,0.0,26,8,25,389.04467671760347,0.0304452243774102,22.309515853831545,0.0,53,0.25,1.913373186404603,0.0,25,4,25,1575.6852238547256,4.6513569052555175,10.0158287275655,0.0,14,0.63,1.2870102911617602,0.0,63,8,25,387.7056152010129,-7.838783973307787,13.812834819499198,0.0,28,0.26,1.4895642179521462,0.0,26,4,50,863.0359807115876,-7.10809858825416,14.124138428268926,0.0,27,0.5,0.8112781247838816,0.0,50,4,50,863.0359807115873,-7.412550832026557,14.09229244856614,0.0,28,0.12,1.4895642179521462,3.044522437723423,39,4,50,826.5017114589118,-7.1080985882541645,14.124138428268934,0.0,27,0.5,0.8112781247838816,0.0,50,4,50,863.0359807115877,19800,100,11,10
4.14257270741511,24.459049155521345,0.0,52,0.26,1.5611819421386397,0.0,26,4,25,1385.454166951735,4.033117680120307,10.39606019482952,0.0,17,0.25,1.903084570639961,-3.044522437723423,26,8,25,395.7306905426395,8.697043085703626e-14,22.31161391994429,0.0,53,0.24,1.913373186404603,0.0,24,4,25,1575.8352228688148,4.966126073162348,10.353622597522447,0.0,15,0.62,1.310233267254462,0.0,62,8,25,418.432254163836,-7.930119646438466,13.763968667967845,-3.044522437723423,28,0.25,1.5095699921973325,-3.044522437723423,26,4,50,859.9914582737617,-7.108098588253135,14.124138428267155,0.0,27,0.5,0.8112781247838816,0.0,50,4,50,863.0359807114846,-7.534331729534471,14.02756078876714,-3.044522437723423,28,0.12,1.5095699921973325,3.044522437723423,37,4,50,826.5017114588092,-7.138543812630375,14.105490170412306,0.0,27,0.51,0.8112781248243761,0.0,51,4,50,859.9914582737617,19850,100,11,10
4.173017931791935,24.4557683734931,1.5222612188617115,52,0.25,1.5611819421386397,0.0,25,4,25,1383.8075616476654,4.337670335551774,10.74157116559018,1.0986122886681098,18,0.24,1.912795954638569,-3.044522437723423,26,8,25,425.8463871812586,-0.0304452243770668,22.30951585382552,0.0,53,0.25,1.897520139850759,0.0,25,4,25,1575.685223854299,4.966126073161815,10.353622597521085,0.0,15,0.62,1.310233267254462,0.0,62,8,25,418.432254163784,-7.899674422060116,13.78482739441256,-3.044522437723423,28,0.24,1.5095699921973325,-3.044522437723423,26,4,50,863.0359807113738,-7.108098588252029,14.124138428265251,0.0,27,0.5,0.8112781247838816,0.0,50,4,50,863.0359807113741,-7.564776953910596,14.007857607857192,-3.044522437723423,28,0.13,1.5095699921973325,3.044522437723423,36,4,50,823.4571890209747,-7.108098588252025,14.124138428265244,0.0,27,0.5,0.8112781247838816,0.0,50,4,50,863.0359807113737,19900,100,11,10
4.487787099698598,24.602162816531344,3.044522437723423,52,0.24,1.5611819421386397,0.0,24,4,25,1410.4017475427022,4.429006008682944,10.69990418890015,2.19722457733622,18,0.25,2.259422768818224,0.0,25,8,25,419.1909095898138,8.412825991399586e-14,22.307459142065174,0.0,53,0.26,1.897520139850759,0.0,26,4,25,1575.5410937025044,4.651356905253958,10.015828727561324,0.0,14,0.63,1.2870102911617602,0.0,63,8,25,387.7056152008611,-7.808338748927386,13.833418850070805,0.0,28,0.25,1.4895642179521462,3.044522437723423,26,4,50,866.0805031489946,-7.108098588251004,14.124138428263482,0.0,27,0.5,0.8112781247838816,0.0,50,4,50,863.0359807112716,-7.442996056400632,14.072943360532634,0.0,28,0.13,1.4895642179521462,3.044522437723423,38,4,50,823.4571890208723,-7.077653363873765,14.142696557256302,0.0,27,0.49,0.8112781247028926,0.0,49,4,50,866.0805031489947,19950,100,11,10
4.457341875320918,24.60581355169837,1.5222612188617115,52,0.25,1.8975201398507588,0.0,25,4,25,1412.0173407296038,4.124453353250451,10.355689217248786,1.0986122886681098,17,0.26,2.238845536816478,0.0,26,8,25,389.04467671740593,0.030445224377409,22.309515853819484,0.0,53,0.25,1.913373186404603,0.0,25,4,25,1575.6852238538718,4.651356905253466,10.015828727560006,0.0,14,0.63,1.2870102911617602,0.0,63,8,25,387.7056152008131,-7.838783973303514,13.812834819491885,0.0,28,0.26,1.4895642179521462,0.0,26,4,50,863.0359807111604,-7.108098588249889,14.124138428261556,0.0,27,0.5,0.8112781247838816,0.0,50,4,50,863.0359807111599,-7.412550832022287,14.092292448558842,0.0,28,0.12,1.4895642179521462,3.044522437723423,39,4,50,826.5017114584844,-7.108098588249892,14.124138428261562,0.0,27,0.5,0.8112781247838816,0.0,50,4,50,863.0359807111604,20000,100,11,10
4.142572707413057,24.459049155508048,0.0,52,0.26,1.5611819421386397,0.0,26,4,25,1385.454166950972,4.033117680118256,10.396060194824104,0.0,17,0.25,1.903084570639961,-3.044522437723423,26,8,25,395.7306905424421,8.697043085703626e-14,22.31161391993223,0.0,53,0.24,1.913373186404603,0.0,24,4,25,1575.8352228679607,4.966126073160125,10.35362259751676,0.0,15,0.62,1.310233267254462,0.0,62,8,25,418.4322541636187,-7.93011964643419,13.763968667960537,-3.044522437723423,28,0.25,1.5095699921973325,-3.044522437723423,26,4,50,859.9914582733345,-7.108098588248861,14.124138428259783,0.0,27,0.5,0.8112781247838816,0.0,50,4,50,863.0359807110574,-7.534331729530197,14.027560788759846,-3.044522437723423,28,0.12,1.5095699921973325,3.044522437723423,37,4,50,826.5017114583817,-7.1385438126261,14.10549017040493,0.0,27,0.51,0.8112781248243761,0.0,51,4,50,859.9914582733344,20050,100,11,10
4.173017931789883,24.455768373479813,1.5222612188617115,52,0.25,1.5611819421386397,0.0,25,4,25,1383.8075616469025,4.337670335549551,10.741571165584569,1.0986122886681098,18,0.24,1.912795954638569,-3.044522437723423,26,8,25,425.8463871810434,-0.0304452243770679,22.30951585381346,0.0,53,0.25,1.897520139850759,0.0,25,4,25,1575.6852238534457,4.966126073159592,10.353622597515391,0.0,15,0.62,1.310233267254462,0.0,62,8,25,418.43225416356665,-7.899674422055842,13.78482739440525,-3.044522437723423,28,0.24,1.5095699921973325,-3.044522437723423,26,4,50,863.0359807109464,-7.108098588247757,14.124138428257876,0.0,27,0.5,0.8112781247838816,0.0,50,4,50,863.0359807109469,-7.564776953906321,14.007857607849898,-3.044522437723423,28,0.13,1.5095699921973325,3.044522437723423,36,4,50,823.4571890205475,-7.108098588247753,14.124138428257869,0.0,27,0.5,0.8112781247838816,0.0,50,4,50,863.0359807109464,20100,100,11,10
4.487787099696377,24.60216281651797,3.044522437723423,52,0.24,1.5611819421386397,0.0,24,4,25,1410.4017475419248,4.42900600868072,10.699904188894534,2.19722457733622,18,0.25,2.259422768818224,0.0,25,8,25,419.19090958959856,8.412825991399586e-14,22.30745914205312,0.0,53,0.26,1.897520139850759,0.0,26,4,25,1575.541093701651,4.651356905251909,10.015828727555832,0.0,14,0.63,1.2870102911617602,0.0,63,8,25,387.7056152006612,-7.808338748923115,13.833418850063495,0.0,28,0.25,1.4895642179521462,3.044522437723423,26,4,50,866.0805031485675,-7.108098588246731,14.124138428256108,0.0,27,0.5,0.8112781247838816,0.0,50,4,50,863.0359807108443,-7.442996056396359,14.072943360525334,0.0,28,0.13,1.4895642179521462,3.044522437723423,38,4,50,823.457189020445,-7.0776533638694925,14.142696557248929,0.0,27,0.49,0.8112781247028926,0.0,49,4,50,866.0805031485672,20150,100,11,10
4.457341875318696,24.605813551685,1.5222612188617115,52,0.25,1.8975201398507588,0.0,25,4,25,1412.0173407288262,4.124453353248399,10.355689217243366,1.0986122886681098,17,0.26,2.238845536816478,0.0,26,8,25,389.0446767172084,0.0304452243774107,22.309515853807422,0.0,53,0.25,1.913373186404603,0.0,25,4,25,1575.685223853018,4.651356905251415,10.015828727554512,0.0,14,0.63,1.2870102911617602,0.0,63,8,25,387.7056152006133,-7.83878397329924,13.812834819484571,0.0,28,0.26,1.4895642179521462,0.0,26,4,50,863.0359807107329,-7.108098588245611,14.124138428254184,0.0,27,0.5,0.8112781247838816,0.0,50,4,50,863.0359807107326,-7.41255083201801,14.092292448551545,0.0,28,0.12,1.4895642179521462,3.044522437723423,39,4,50,826.501711458057,-7.108098588245618,14.124138428254188,0.0,27,0.5,0.8112781247838816,0.0,50,4,50,863.0359807107329,20200,100,11,10
4.142572707411006,24.45904915549476,0.0,52,0.26,1.5611819421386397,0.0,26,4,25,1385.454166950209,4.033117680116205,10.39606019481869,0.0,17,0.25,1.903084570639961,-3.044522437723423,26,8,25,395.73069054224464,8.700595799382426e-14,22.311613919920173,0.0,53,0.24,1.913373186404603,0.0,24,4,25,1575.8352228671072,4.966126073157903,10.35362259751107,0.0,15,0.62,1.310233267254462,0.0,62,8,25,418.4322541634015,-7.930119646429918,13.763968667953224,-3.044522437723423,28,0.25,1.5095699921973325,-3.044522437723423,26,4,50,859.991458272907,-7.108098588244588,14.124138428252412,0.0,27,0.5,0.8112781247838816,0.0,50,4,50,863.03598071063,-7.534331729525925,14.027560788752552,-3.044522437723423,28,0.12,1.5095699921973325,3.044522437723423,37,4,50,826.5017114579546,-7.138543812621828,14.105490170397555,0.0,27,0.51,0.8112781248243761,0.0,51,4,50,859.991458272907,20250,100,11,10
4.173017931787831,24.45576837346652,1.5222612188617115,52,0.25,1.5611819421386397,0.0,25,4,25,1383.807561646139,4.3376703355473305,10.74157116557895,1.0986122886681098,18,0.24,1.912795954638569,-3.044522437723423,26,8,25,425.84638718082834,-0.0304452243770673,22.309515853801404,0.0,53,0.25,1.897520139850759,0.0,25,4,25,1575.6852238525912,4.96612607315737,10.353622597509704,0.0,15,0.62,1.310233267254462,0.0,62,8,25,418.4322541633493,-7.89967442205157,13.784827394397942,-3.044522437723423,28,0.24,1.5095699921973325,-3.044522437723423,26,4,50,863.0359807105191,-7.108098588243483,14.124138428250506,0.0,27,0.5,0.8112781247838816,0.0,50,4,50,863.0359807105195,-7.56477695390205,14.0078576078426,-3.044522437723423,28,0.13,1.5095699921973325,3.044522437723423,36,4,50,823.4571890201202,-7.10809858824348,14.124138428250498,0.0,27,0.5,0.8112781247838816,0.0,50,4,50,863.0359807105191,20300,100,11,10
4.487787099694154,24.6021628165046,3.044522437723423,52,0.24,1.5611819421386397,0.0,24,4,25,1410.4017475411476,4.429006008678498,10.699904188888915,2.19722457733622,18,0.25,2.259422768818224,0.0,25,8,25,419.19090958938335,8.412825991399586e-14,22.307459142041058,0.0,53,0.26,1.897520139850759,0.0,26,4,25,1575.5410937007969,4.651356905249856,10.015828727550335,0.0,14,0.63,1.2870102911617602,0.0,63,8,25,387.70561520046135,-7.808338748918839,13.833418850056182,0.0,28,0.25,1.4895642179521462,3.044522437723423,26,4,50,866.0805031481399,-7.108098588242456,14.124138428248736,0.0,27,0.5,0.8112781247838816,0.0,50,4,50,863.0359807104169,-7.442996056392084,14.072943360518035,0.0,28,0.13,1.4895642179521462,3.044522437723423,38,4,50,823.4571890200177,-7.077653363865217,14.142696557241557,0.0,27,0.49,0.8112781247028926,0.0,49,4,50,866.0805031481398,20350,100,11,10
4.457341875316476,24.60581355167162,1.5222612188617115,52,0.25,1.8975201398507588,0.0,25,4,25,1412.017340728049,4.124453353246347,10.35568921723795,1.0986122886681098,17,0.26,2.238845536816478,0.0,26,8,25,389.0446767170109,0.0304452243774096,22.309515853795368,0.0,53,0.25,1.913373186404603,0.0,25,4,25,1575.6852238521642,4.651356905249364,10.01582872754902,0.0,14,0.63,1.2870102911617602,0.0,63,8,25,387.7056152004134,-7.838783973294967,13.81283481947726,0.0,28,0.26,1.4895642179521462,0.0,26,4,50,863.0359807103057,-7.10809858824134,14.124138428246807,0.0,27,0.5,0.8112781247838816,0.0,50,4,50,863.0359807103052,-7.412550832013737,14.092292448544246,0.0,28,0.12,1.4895642179521462,3.044522437723423,39,4,50,826.5017114576297,-7.1080985882413446,14.124138428246814,0.0,27,0.5,0.8112781247838816,0.0,50,4,50,863.0359807103057,20400,100,11,10
4.142572707408956,24.459049155481463,0.0,52,0.26,1.5611819421386397,0.0,26,4,25,1385.4541669494456,4.033117680114152,10.396060194813275,0.0,17,0.25,1.903084570639961,-3.044522437723423,26,8,25,395.7306905420473,8.697043085703626e-14,22.311613919908112,0.0,53,0.24,1.913373186404603,0.0,24,4,25,1575.8352228662534,4.9661260731556816,10.353622597505378,0.0,15,0.62,1.310233267254462,0.0,62,8,25,418.43225416318427,-7.930119646425645,13.763968667945914,-3.044522437723423,28,0.25,1.5095699921973325,-3.044522437723423,26,4,50,859.9914582724797,-7.108098588240315,14.12413842824504,0.0,27,0.5,0.8112781247838816,0.0,50,4,50,863.0359807102027,-7.53433172952165,14.027560788745255,-3.044522437723423,28,0.12,1.5095699921973325,3.044522437723423,37,4,50,826.5017114575271,-7.138543812617554,14.105490170390182,0.0,27,0.51,0.8112781248243761,0.0,51,4,50,859.9914582724796,20450,100,11,10
4.173017931785779,24.45576837345323,1.5222612188617115,52,0.25,1.5611819421386397,0.0,25,4,25,1383.807561645376,4.337670335545107,10.741571165573337,1.0986122886681098,18,0.24,1.912795954638569,-3.044522437723423,26,8,25,425.8463871806132,-0.0304452243770673,22.309515853789343,0.0,53,0.25,1.897520139850759,0.0,25,4,25,1575.685223851738,4.966126073155147,10.353622597504014,0.0,15,0.62,1.310233267254462,0.0,62,8,25,418.432254163132,-7.899674422047294,13.784827394390634,-3.044522437723423,28,0.24,1.5095699921973325,-3.044522437723423,26,4,50,863.0359807100917,-7.1080985882392085,14.124138428243132,0.0,27,0.5,0.8112781247838816,0.0,50,4,50,863.0359807100921,-7.564776953897775,14.007857607835303,-3.044522437723423,28,0.13,1.5095699921973325,3.044522437723423,36,4,50,823.4571890196927,-7.108098588239204,14.124138428243125,0.0,27,0.5,0.8112781247838816,0.0,50,4,50,863.0359807100917,20500,100,11,10
4.487787099691932,24.602162816491223,3.044522437723423,52,0.24,1.5611819421386397,0.0,24,4,25,1410.4017475403705,4.429006008676277,10.699904188883298,2.19722457733622,18,0.25,2.259422768818224,0.0,25,8,25,419.1909095891679,8.355982572538779e-14,22.307459142029,0.0,53,0.26,1.897520139850759,0.0,26,4,25,1575.5410936999433,4.6513569052478045,10.015828727544845,0.0,14,0.63,1.2870102911617602,0.0,63,8,25,387.7056152002616,-7.808338748914568,13.833418850048869,0.0,28,0.25,1.4895642179521462,3.044522437723423,26,4,50,866.0805031477125,-7.108098588238184,14.124138428241364,0.0,27,0.5,0.8112781247838816,0.0,50,4,50,863.0359807099896,-7.442996056387813,14.072943360510738,0.0,28,0.13,1.4895642179521462,3.044522437723423,38,4,50,823.4571890195903,-7.077653363860946,14.142696557234183,0.0,27,0.49,0.8112781247028926,0.0,49,4,50,866.0805031477125,20550,100,11,10
4.457341875314253,24.605813551658247,1.5222612188617115,52,0.25,1.8975201398507588,0.0,25,4,25,1412.0173407272716,4.124453353244297,10.355689217232532,1.0986122886681098,17,0.26,2.238845536816478,0.0,26,8,25,389.0446767168133,0.0304452243774096,22.309515853783303,0.0,53,0.25,1.913373186404603,0.0,25,4,25,1575.6852238513104,4.6513569052473125,10.015828727543523,0.0,14,0.63,1.2870102911617602,0.0,63,8,25,387.7056152002135,-7.838783973290692,13.812834819469945,0.0,28,0.26,1.4895642179521462,0.0,26,4,50,863.0359807098785,-7.108098588237067,14.124138428239434,0.0,27,0.5,0.8112781247838816,0.0,50,4,50,863.035980709878,-7.412550832009463,14.092292448536952,0.0,28,0.12,1.4895642179521462,3.044522437723423,39,4,50,826.5017114572024,-7.108098588237071,14.124138428239444,0.0,27,0.5,0.8112781247838816,0.0,50,4,50,863.0359807098783,20600,100,11,10
4.142572707406904,24.45904915546817,0.0,52,0.26,1.5611819421386397,0.0,26,4,25,1385.4541669486823,4.033117680112102,10.39606019480786,0.0,17,0.25,1.903084570639961,-3.044522437723423,26,8,25,395.73069054185,8.700595799382426e-14,22.31161391989606,0.0,53,0.24,1.913373186404603,0.0,24,4,25,1575.8352228654005,4.966126073153459,10.353622597499688,0.0,15,0.62,1.310233267254462,0.0,62,8,25,418.4322541629669,-7.930119646421369,13.763968667938604,-3.044522437723423,28,0.25,1.5095699921973325,-3.044522437723423,26,4,50,859.9914582720523,-7.10809858823604,14.124138428237664,0.0,27,0.5,0.8112781247838816,0.0,50,4,50,863.0359807097755,-7.534331729517374,14.027560788737963,-3.044522437723423,28,0.12,1.5095699921973325,3.044522437723423,37,4,50,826.5017114570999,-7.138543812613279,14.10549017038281,0.0,27,0.51,0.8112781248243761,0.0,51,4,50,859.9914582720523,20650,100,11,10
4.17301793178373,24.455768373439938,1.5222612188617115,52,0.25,1.5611819421386397,0.0,25,4,25,1383.807561644613,4.337670335542885,10.74157116556772,1.0986122886681098,18,0.24,1.912795954638569,-3.044522437723423,26,8,25,425.8463871803981,-0.0304452243770679,22.30951585377728,0.0,53,0.25,1.897520139850759,0.0,25,4,25,1575.685223850884,4.966126073152926,10.353622597498322,0.0,15,0.62,1.310233267254462,0.0,62,8,25,418.43225416291466,-7.899674422043024,13.784827394383324,-3.044522437723423,28,0.24,1.5095699921973325,-3.044522437723423,26,4,50,863.0359807096645,-7.108098588234937,14.12413842823576,0.0,27,0.5,0.8112781247838816,0.0,50,4,50,863.0359807096647,-7.564776953893503,14.007857607828011,-3.044522437723423,28,0.13,1.5095699921973325,3.044522437723423,36,4,50,823.4571890192655,-7.108098588234933,14.124138428235751,0.0,27,0.5,0.8112781247838816,0.0,50,4,50,863.0359807096645,20700,100,11,10
4.48778709968971,24.60216281647785,3.044522437723423,52,0.24,1.5611819421386397,0.0,24,4,25,1410.4017475395929,4.429006008674054,10.699904188877682,2.19722457733622,18,0.25,2.259422768818224,0.0,25,8,25,419.1909095889527,8.355982572538779e-14,22.30745914201694,0.0,53,0.26,1.897520139850759,0.0,26,4,25,1575.5410936990895,4.651356905245754,10.01582872753935,0.0,14,0.63,1.2870102911617602,0.0,63,8,25,387.7056152000617,-7.808338748910293,13.83341885004156,0.0,28,0.25,1.4895642179521462,3.044522437723423,26,4,50,866.0805031472852,-7.108098588233911,14.124138428233987,0.0,27,0.5,0.8112781247838816,0.0,50,4,50,863.0359807095622,-7.442996056383538,14.07294336050344,0.0,28,0.13,1.4895642179521462,3.044522437723423,38,4,50,823.4571890191629,-7.077653363856672,14.14269655722681,0.0,27,0.49,0.8112781247028926,0.0,49,4,50,866.0805031472853,20750,100,11,10
4.457341875312029,24.60581355164487,1.5222612188617115,52,0.25,1.8975201398507588,0.0,25,4,25,1412.0173407264942,4.124453353242245,10.355689217227114,1.0986122886681098,17,0.26,2.238845536816478,0.0,26,8,25,389.0446767166157,0.030445224377409,22.309515853771245,0.0,53,0.25,1.913373186404603,0.0,25,4,25,1575.685223850457,4.651356905245261,10.01582872753803,0.0,14,0.63,1.2870102911617602,0.0,63,8,25,387.7056152000137,-7.838783973286419,13.812834819462632,0.0,28,0.26,1.4895642179521462,0.0,26,4,50,863.0359807094511,-7.108098588232793,14.124138428232063,0.0,27,0.5,0.8112781247838816,0.0,50,4,50,863.0359807094505,-7.412550832005191,14.092292448529651,0.0,28,0.12,1.4895642179521462,3.044522437723423,39,4,50,826.501711456775,-7.108098588232798,14.124138428232069,0.0,27,0.5,0.8112781247838816,0.0,50,4,50,863.035980709451,20800,100,11,10
4.142572707404852,24.45904915545488,0.0,52,0.26,1.5611819421386397,0.0,26,4,25,1385.4541669479192,4.033117680110052,10.396060194802446,0.0,17,0.25,1.903084570639961,-3.044522437723423,26,8,25,395.7306905416525,8.810729923425246e-14,22.311613919884,0.0,53,0.24,1.913373186404603,0.0,24,4,25,1575.8352228645465,4.966126073151237,10.353622597494,0.0,15,0.62,1.310233267254462,0.0,62,8,25,418.43225416274953,-7.930119646417098,13.763968667931293,-3.044522437723423,28,0.25,1.5095699921973325,-3.044522437723423,26,4,50,859.9914582716251,-7.108098588231768,14.124138428230292,0.0,27,0.5,0.8112781247838816,0.0,50,4,50,863.035980709348,-7.534331729513106,14.02756078873067,-3.044522437723423,28,0.12,1.5095699921973325,3.044522437723423,37,4,50,826.5017114566724,-7.138543812609007,14.105490170375436,0.0,27,0.51,0.8112781248243761,0.0,51,4,50,859.991458271625,20850,100,11,10
4.173017931781678,24.455768373426647,1.5222612188617115,52,0.25,1.5611819421386397,0.0,25,4,25,1383.8075616438498,4.337670335540663,10.741571165562108,1.0986122886681098,18,0.24,1.912795954638569,-3.044522437723423,26,8,25,425.8463871801829,-0.0304452243770679,22.309515853765223,0.0,53,0.25,1.897520139850759,0.0,25,4,25,1575.6852238500303,4.966126073150703,10.353622597492633,0.0,15,0.62,1.310233267254462,0.0,62,8,25,418.4322541626973,-7.899674422038748,13.784827394376013,-3.044522437723423,28,0.24,1.5095699921973325,-3.044522437723423,26,4,50,863.0359807092369,-7.108098588230663,14.124138428228385,0.0,27,0.5,0.8112781247838816,0.0,50,4,50,863.0359807092375,-7.564776953889228,14.007857607820714,-3.044522437723423,28,0.13,1.5095699921973325,3.044522437723423,36,4,50,823.4571890188381,-7.108098588230657,14.12413842822838,0.0,27,0.5,0.8112781247838816,0.0,50,4,50,863.035980709237,20900,100,11,10
4.487787099687488,24.60216281646448,3.044522437723423,52,0.24,1.5611819421386397,0.0,24,4,25,1410.4017475388157,4.429006008671832,10.699904188872065,2.19722457733622,18,0.25,2.259422768818224,0.0,25,8,25,419.1909095887374,8.359535286217579e-14,22.30745914200488,0.0,53,0.26,1.897520139850759,0.0,26,4,25,1575.5410936982355,4.651356905243703,10.015828727533856,0.0,14,0.63,1.2870102911617602,0.0,63,8,25,387.7056151998619,-7.808338748906019,13.83341885003425,0.0,28,0.25,1.4895642179521462,3.044522437723423,26,4,50,866.080503146858,-7.1080985882296375,14.124138428226614,0.0,27,0.5,0.8112781247838816,0.0,50,4,50,863.035980709135,-7.442996056379263,14.072943360496142,0.0,28,0.13,1.4895642179521462,3.044522437723423,38,4,50,823.4571890187356,-7.077653363852399,14.142696557219436,0.0,27,0.49,0.8112781247028926,0.0,49,4,50,866.0805031468578,20950,100,11,10
4.457341875309809,24.6058135516315,1.5222612188617115,52,0.25,1.8975201398507588,0.0,25,4,25,1412.017340725717,4.1244533532401935,10.355689217221697,1.0986122886681098,17,0.26,2.238845536816478,0.0,26,8,25,389.0446767164182,0.0304452243774101,22.30951585375919,0.0,53,0.25,1.913373186404603,0.0,25,4,25,1575.6852238496028,4.651356905243211,10.015828727532536,0.0,14,0.63,1.2870102911617602,0.0,63,8,25,387.7056151998139,-7.838783973282147,13.812834819455317,0.0,28,0.26,1.4895642179521462,0.0,26,4,50,863.0359807090238,-7.10809858822852,14.12413842822469,0.0,27,0.5,0.8112781247838816,0.0,50,4,50,863.0359807090233,-7.412550832000917,14.092292448522352,0.0,28,0.12,1.4895642179521462,3.044522437723423,39,4,50,826.5017114563477,-7.108098588228525,14.124138428224695,0.0,27,0.5,0.8112781247838816,0.0,50,4,50,863.0359807090236,21000,100,11,10
4.142572707402801,24.45904915544159,0.0,52,0.26,1.5611819421386397,0.0,26,4,25,1385.4541669471562,4.033117680107999,10.39606019479703,0.0,17,0.25,1.903084570639961,-3.044522437723423,26,8,25,395.7306905414552,8.700595799382426e-14,22.31161391987194,0.0,53,0.24,1.913373186404603,0.0,24,4,25,1575.835222863693,4.966126073149014,10.35362259748831,0.0,15,0.62,1.310233267254462,0.0,62,8,25,418.4322541625322,-7.930119646412822,13.76396866792398,-3.044522437723423,28,0.25,1.5095699921973325,-3.044522437723423,26,4,50,859.9914582711978,-7.108098588227493,14.12413842822292,0.0,27,0.5,0.8112781247838816,0.0,50,4,50,863.0359807089206,-7.534331729508828,14.027560788723376,-3.044522437723423,28,0.12,1.5095699921973325,3.044522437723423,37,4,50,826.5017114562451,-7.138543812604731,14.10549017036806,0.0,27,0.51,0.8112781248243761,0.0,51,4,50,859.9914582711978,21050,100,11,10
4.173017931779626,24.45576837341336,1.5222612188617115,52,0.25,1.5611819421386397,0.0,25,4,25,1383.807561643087,4.337670335538442,10.74157116555649,1.0986122886681098,18,0.24,1.912795954638569,-3.044522437723423,26,8,25,425.8463871799679,-0.0304452243770679,22.309515853753165,0.0,53,0.25,1.897520139850759,0.0,25,4,25,1575.6852238491765,4.966126073148481,10.353622597486943,0.0,15,0.62,1.310233267254462,0.0,62,8,25,418.4322541624801,-7.899674422034476,13.784827394368708,-3.044522437723423,28,0.24,1.5095699921973325,-3.044522437723423,26,4,50,863.0359807088096,-7.108098588226389,14.124138428221013,0.0,27,0.5,0.8112781247838816,0.0,50,4,50,863.0359807088101,-7.564776953884957,14.00785760781342,-3.044522437723423,28,0.13,1.5095699921973325,3.044522437723423,36,4,50,823.4571890184108,-7.108098588226385,14.124138428221006,0.0,27,0.5,0.8112781247838816,0.0,50,4,50,863.0359807088098,21100,100,11,10
4.487787099685265,24.602162816451106,3.044522437723423,52,0.24,1.5611819421386397,0.0,24,4,25,1410.4017475380383,4.42900600866961,10.699904188866448,2.19722457733622,18,0.25,2.259422768818224,0.0,25,8,25,419.19090958852206,8.355982572538779e-14,22.30745914199281,0.0,53,0.26,1.897520139850759,0.0,26,4,25,1575.5410936973822,4.65135690524165,10.01582872752836,0.0,14,0.63,1.2870102911617602,0.0,63,8,25,387.705615199662,-7.808338748901747,13.833418850026932,0.0,28,0.25,1.4895642179521462,3.044522437723423,26,4,50,866.0805031464305,-7.108098588225364,14.124138428219243,0.0,27,0.5,0.8112781247838816,0.0,50,4,50,863.0359807087076,-7.4429960563749935,14.072943360488845,0.0,28,0.13,1.4895642179521462,3.044522437723423,38,4,50,823.4571890183081,-7.077653363848125,14.142696557212064,0.0,27,0.49,0.8112781247028926,0.0,49,4,50,866.0805031464305,21150,100,11,10
4.457341875307586,24.605813551618127,1.5222612188617115,52,0.25,1.8975201398507588,0.0,25,4,25,1412.0173407249397,4.124453353238142,10.35568921721628,1.0986122886681098,17,0.26,2.238845536816478,0.0,26,8,25,389.0446767162206,0.0304452243774095,22.30951585374713,0.0,53,0.25,1.913373186404603,0.0,25,4,25,1575.6852238487493,4.651356905241159,10.015828727527044,0.0,14,0.63,1.2870102911617602,0.0,63,8,25,387.7056151996141,-7.838783973277871,13.812834819448009,0.0,28,0.26,1.4895642179521462,0.0,26,4,50,863.0359807085964,-7.108098588224245,14.124138428217316,0.0,27,0.5,0.8112781247838816,0.0,50,4,50,863.0359807085958,-7.412550831996641,14.092292448515058,0.0,28,0.12,1.4895642179521462,3.044522437723423,39,4,50,826.5017114559204,-7.10809858822425,14.12413842821732,0.0,27,0.5,0.8112781247838816,0.0,50,4,50,863.0359807085963,21200,100,11,10
4.142572707400751,24.4590491554283,0.0,52,0.26,1.5611819421386397,0.0,26,4,25,1385.4541669463931,4.033117680105948,10.396060194791614,0.0,17,0.25,1.903084570639961,-3.044522437723423,26,8,25,395.7306905412579,8.697043085703626e-14,22.311613919859884,0.0,53,0.24,1.913373186404603,0.0,24,4,25,1575.8352228628391,4.9661260731467936,10.353622597482618,0.0,15,0.62,1.310233267254462,0.0,62,8,25,418.4322541623149,-7.930119646408551,13.76396866791667,-3.044522437723423,28,0.25,1.5095699921973325,-3.044522437723423,26,4,50,859.9914582707702,-7.108098588223221,14.124138428215549,0.0,27,0.5,0.8112781247838816,0.0,50,4,50,863.0359807084933,-7.534331729504556,14.027560788716082,-3.044522437723423,28,0.12,1.5095699921973325,3.044522437723423,37,4,50,826.5017114558177,-7.13854381260046,14.105490170360689,0.0,27,0.51,0.8112781248243761,0.0,51,4,50,859.9914582707704,21250,100,11,10
4.173017931777576,24.455768373400065,1.5222612188617115,52,0.25,1.5611819421386397,0.0,25,4,25,1383.807561642324,4.3376703355362185,10.741571165550877,1.0986122886681098,18,0.24,1.912795954638569,-3.044522437723423,26,8,25,425.8463871797527,-0.0304452243770668,22.309515853741107,0.0,53,0.25,1.897520139850759,0.0,25,4,25,1575.6852238483232,4.96612607314626,10.353622597481252,0.0,15,0.62,1.310233267254462,0.0,62,8,25,418.4322541622628,-7.899674422030201,13.784827394361391,-3.044522437723423,28,0.24,1.5095699921973325,-3.044522437723423,26,4,50,863.0359807083823,-7.108098588222115,14.12413842821364,0.0,27,0.5,0.8112781247838816,0.0,50,4,50,863.0359807083828,-7.564776953880682,14.007857607806123,-3.044522437723423,28,0.13,1.5095699921973325,3.044522437723423,36,4,50,823.4571890179834,-7.108098588222111,14.124138428213632,0.0,27,0.5,0.8112781247838816,0.0,50,4,50,863.0359807083823,21300,100,11,10
4.487787099683043,24.602162816437733,3.044522437723423,52,0.24,1.5611819421386397,0.0,24,4,25,1410.4017475372611,4.429006008667387,10.69990418886083,2.19722457733622,18,0.25,2.259422768818224,0.0,25,8,25,419.19090958830674,8.359535286217579e-14,22.30745914198076,0.0,53,0.26,1.897520139850759,0.0,26,4,25,1575.5410936965282,4.651356905239599,10.015828727522868,0.0,14,0.63,1.2870102911617602,0.0,63,8,25,387.70561519946216,-7.808338748897472,13.833418850019624,0.0,28,0.25,1.4895642179521462,3.044522437723423,26,4,50,866.0805031460034,-7.10809858822109,14.124138428211868,0.0,27,0.5,0.8112781247838816,0.0,50,4,50,863.0359807082802,-7.442996056370718,14.072943360481544,0.0,28,0.13,1.4895642179521462,3.044522437723423,38,4,50,823.4571890178809,-7.077653363843852,14.142696557204694,0.0,27,0.49,0.8112781247028926,0.0,49,4,50,866.0805031460033,21350,100,11,10
4.457341875305363,24.60581355160475,1.5222612188617115,52,0.25,1.8975201398507588,0.0,25,4,25,1412.0173407241623,4.124453353236093,10.355689217210864,1.0986122886681098,17,0.26,2.238845536816478,0.0,26,8,25,389.0446767160232,0.030445224377409,22.30951585373507,0.0,53,0.25,1.913373186404603,0.0,25,4,25,1575.685223847896,4.651356905239108,10.015828727521548,0.0,14,0.63,1.2870102911617602,0.0,63,8,25,387.7056151994142,-7.8387839732736,13.81283481944069,0.0,28,0.26,1.4895642179521462,0.0,26,4,50,863.0359807081688,-7.108098588219974,14.124138428209942,0.0,27,0.5,0.8112781247838816,0.0,50,4,50,863.0359807081685,-7.412550831992373,14.092292448507758,0.0,28,0.12,1.4895642179521462,3.044522437723423,39,4,50,826.501711455493,-7.108098588219978,14.12413842820995,0.0,27,0.5,0.8112781247838816,0.0,50,4,50,863.035980708169,21400,100,11,10
4.142572707398698,24.45904915541501,0.0,52,0.26,1.5611819421386397,0.0,26,4,25,1385.4541669456298,4.033117680103897,10.3960601947862,0.0,17,0.25,1.903084570639961,-3.044522437723423,26,8,25,395.7306905410605,8.757439218243234e-14,22.311613919847822,0.0,53,0.24,1.913373186404603,0.0,24,4,25,1575.8352228619856,4.96612607314457,10.353622597476928,0.0,15,0.62,1.310233267254462,0.0,62,8,25,418.4322541620976,-7.930119646404276,13.763968667909362,-3.044522437723423,28,0.25,1.5095699921973325,-3.044522437723423,26,4,50,859.991458270343,-7.108098588218947,14.124138428208171,0.0,27,0.5,0.8112781247838816,0.0,50,4,50,863.0359807080658,-7.534331729500284,14.027560788708788,-3.044522437723423,28,0.12,1.5095699921973325,3.044522437723423,37,4,50,826.5017114553905,-7.138543812596186,14.105490170353317,0.0,27,0.51,0.8112781248243761,0.0,51,4,50,859.991458270343,21450,100,11,10
4.173017931775524,24.45576837338677,1.5222612188617115,52,0.25,1.5611819421386397,0.0,25,4,25,1383.8075616415604,4.337670335533996,10.741571165545263,1.0986122886681098,18,0.24,1.912795954638569,-3.044522437723423,26,8,25,425.8463871795376,-0.0304452243770679,22.30951585372905,0.0,53,0.25,1.897520139850759,0.0,25,4,25,1575.6852238474696,4.966126073144037,10.353622597475564,0.0,15,0.62,1.310233267254462,0.0,62,8,25,418.4322541620455,-7.899674422025928,13.784827394354089,-3.044522437723423,28,0.24,1.5095699921973325,-3.044522437723423,26,4,50,863.0359807079551,-7.1080985882178425,14.124138428206264,0.0,27,0.5,0.8112781247838816,0.0,50,4,50,863.0359807079553,-7.5647769538764065,14.00785760779883,-3.044522437723423,28,0.13,1.5095699921973325,3.044522437723423,36,4,50,823.4571890175561,-7.108098588217838,14.124138428206257,0.0,27,0.5,0.8112781247838816,0.0,50,4,50,863.035980707955,21500,100,11,10
4.487787099680822,24.60216281642436,3.044522437723423,52,0.24,1.5611819421386397,0.0,24,4,25,1410.4017475364835,4.429006008665166,10.699904188855212,2.19722457733622,18,0.25,2.259422768818224,0.0,25,8,25,419.1909095880914,8.412825991399586e-14,22.307459141968693,0.0,53,0.26,1.897520139850759,0.0,26,4,25,1575.5410936956746,4.65135690523755,10.015828727517372,0.0,14,0.63,1.2870102911617602,0.0,63,8,25,387.7056151992624,-7.808338748893199,13.83341885001231,0.0,28,0.25,1.4895642179521462,3.044522437723423,26,4,50,866.0805031455758,-7.108098588216817,14.124138428204496,0.0,27,0.5,0.8112781247838816,0.0,50,4,50,863.0359807078529,-7.442996056366443,14.072943360474248,0.0,28,0.13,1.4895642179521462,3.044522437723423,38,4,50,823.4571890174536,-7.077653363839578,14.142696557197322,0.0,27,0.49,0.8112781247028926,0.0,49,4,50,866.080503145576,21550,100,11,10
4.45734187530314,24.60581355159137,1.5222612188617115,52,0.25,1.8975201398507588,0.0,25,4,25,1412.017340723385,4.12445335323404,10.35568921720544,1.0986122886681098,17,0.26,2.238845536816478,0.0,26,8,25,389.0446767158255,0.030445224377409,22.309515853723013,0.0,53,0.25,1.913373186404603,0.0,25,4,25,1575.685223847042,4.651356905237056,10.015828727516055,0.0,14,0.63,1.2870102911617602,0.0,63,8,25,387.7056151992143,-7.838783973269324,13.812834819433377,0.0,28,0.26,1.4895642179521462,0.0,26,4,50,863.0359807077416,-7.108098588215698,14.124138428202569,0.0,27,0.5,0.8112781247838816,0.0,50,4,50,863.0359807077411,-7.412550831988096,14.092292448500464,0.0,28,0.12,1.4895642179521462,3.044522437723423,39,4,50,826.5017114550657,-7.108098588215702,14.124138428202576,0.0,27,0.5,0.8112781247838816,0.0,50,4,50,863.0359807077416,21600,100,11,10
4.142572707396647,24.45904915540172,0.0,52,0.26,1.5611819421386397,0.0,26,4,25,1385.4541669448668,4.033117680101846,10.396060194780786,0.0,17,0.25,1.903084570639961,-3.044522437723423,26,8,25,395.7306905408631,8.753886504564434e-14,22.311613919835768,0.0,53,0.24,1.913373186404603,0.0,24,4,25,1575.8352228611325,4.966126073142347,10.353622597471238,0.0,15,0.62,1.310233267254462,0.0,62,8,25,418.4322541618802,-7.930119646400003,13.763968667902049,-3.044522437723423,28,0.25,1.5095699921973325,-3.044522437723423,26,4,50,859.9914582699157,-7.108098588214674,14.1241384282008,0.0,27,0.5,0.8112781247838816,0.0,50,4,50,863.0359807076386,-7.53433172949601,14.027560788701496,-3.044522437723423,28,0.12,1.5095699921973325,3.044522437723423,37,4,50,826.501711454963,-7.138543812591912,14.105490170345943,0.0,27,0.51,0.8112781248243761,0.0,51,4,50,859.9914582699155,21650,100,11,10
4.173017931773472,24.455768373373484,1.5222612188617115,52,0.25,1.5611819421386397,0.0,25,4,25,1383.8075616407975,4.337670335531776,10.741571165539646,1.0986122886681098,18,0.24,1.912795954638569,-3.044522437723423,26,8,25,425.84638717932256,-0.0304452243770673,22.309515853716988,0.0,53,0.25,1.897520139850759,0.0,25,4,25,1575.6852238466156,4.966126073141814,10.353622597469872,0.0,15,0.62,1.310233267254462,0.0,62,8,25,418.4322541618281,-7.899674422021656,13.78482739434678,-3.044522437723423,28,0.24,1.5095699921973325,-3.044522437723423,26,4,50,863.0359807075276,-7.10809858821357,14.124138428198892,0.0,27,0.5,0.8112781247838816,0.0,50,4,50,863.0359807075281,-7.564776953872137,14.007857607791538,-3.044522437723423,28,0.13,1.5095699921973325,3.044522437723423,36,4,50,823.4571890171287,-7.108098588213564,14.124138428198886,0.0,27,0.5,0.8112781247838816,0.0,50,4,50,863.0359807075276,21700,100,11,10
4.487787099678599,24.602162816410985,3.044522437723423,52,0.24,1.5611819421386397,0.0,24,4,25,1410.4017475357064,4.429006008662942,10.699904188849594,2.19722457733622,18,0.25,2.259422768818224,0.0,25,8,25,419.1909095878762,8.359535286217579e-14,22.307459141956635,0.0,53,0.26,1.897520139850759,0.0,26,4,25,1575.5410936948206,4.651356905235497,10.01582872751188,0.0,14,0.63,1.2870102911617602,0.0,63,8,25,387.7056151990625,-7.808338748888925,13.833418850005,0.0,28,0.25,1.4895642179521462,3.044522437723423,26,4,50,866.0805031451487,-7.108098588212543,14.124138428197126,0.0,27,0.5,0.8112781247838816,0.0,50,4,50,863.0359807074256,-7.442996056362171,14.072943360466947,0.0,28,0.13,1.4895642179521462,3.044522437723423,38,4,50,823.4571890170262,-7.077653363835303,14.142696557189948,0.0,27,0.49,0.8112781247028926,0.0,49,4,50,866.0805031451486,21750,100,11,10
4.457341875300919,24.60581355157801,1.5222612188617115,52,0.25,1.8975201398507588,0.0,25,4,25,1412.0173407226075,4.1244533532319885,10.355689217200023,1.0986122886681098,17,0.26,2.238845536816478,0.0,26,8,25,389.044676715628,0.030445224377409,22.309515853710952,0.0,53,0.25,1.913373186404603,0.0,25,4,25,1575.6852238461886,4.651356905235006,10.01582872751056,0.0,14,0.63,1.2870102911617602,0.0,63,8,25,387.7056151990146,-7.838783973265053,13.812834819426069,0.0,28,0.26,1.4895642179521462,0.0,26,4,50,863.0359807073144,-7.108098588211426,14.124138428195192,0.0,27,0.5,0.8112781247838816,0.0,50,4,50,863.0359807073139,-7.412550831983823,14.092292448493165,0.0,28,0.12,1.4895642179521462,3.044522437723423,39,4,50,826.5017114546383,-7.108098588211431,14.124138428195202,0.0,27,0.5,0.8112781247838816,0.0,50,4,50,863.0359807073143,21800,100,11,10
4.1425727073945975,24.459049155388424,0.0,52,0.26,1.5611819421386397,0.0,26,4,25,1385.4541669441037,4.033117680099794,10.396060194775371,0.0,17,0.25,1.903084570639961,-3.044522437723423,26,8,25,395.7306905406658,8.700595799382426e-14,22.31161391982371,0.0,53,0.24,1.913373186404603,0.0,24,4,25,1575.8352228602785,4.966126073140127,10.353622597465549,0.0,15,0.62,1.310233267254462,0.0,62,8,25,418.43225416166297,-7.930119646395729,13.76396866789474,-3.044522437723423,28,0.25,1.5095699921973325,-3.044522437723423,26,4,50,859.9914582694882,-7.1080985882104,14.124138428193428,0.0,27,0.5,0.8112781247838816,0.0,50,4,50,863.0359807072113,-7.534331729491736,14.0275607886942,-3.044522437723423,28,0.12,1.5095699921973325,3.044522437723423,37,4,50,826.5017114545358,-7.138543812587638,14.105490170338566,0.0,27,0.51,0.8112781248243761,0.0,51,4,50,859.9914582694882,21850,100,11,10
4.173017931771421,24.4557683733602,1.5222612188617115,52,0.25,1.5611819421386397,0.0,25,4,25,1383.8075616400342,4.337670335529552,10.741571165534037,1.0986122886681098,18,0.24,1.912795954638569,-3.044522437723423,26,8,25,425.8463871791074,-0.0304452243770685,22.30951585370493,0.0,53,0.25,1.897520139850759,0.0,25,4,25,1575.685223845762,4.966126073139592,10.353622597464184,0.0,15,0.62,1.310233267254462,0.0,62,8,25,418.4322541616108,-7.899674422017381,13.784827394339468,-3.044522437723423,28,0.24,1.5095699921973325,-3.044522437723423,26,4,50,863.0359807071002,-7.108098588209295,14.124138428191522,0.0,27,0.5,0.8112781247838816,0.0,50,4,50,863.0359807071007,-7.56477695386786,14.007857607784242,-3.044522437723423,28,0.13,1.5095699921973325,3.044522437723423,36,4,50,823.4571890167015,-7.108098588209291,14.124138428191513,0.0,27,0.5,0.8112781247838816,0.0,50,4,50,863.0359807071003,21900,100,11,10
4.4877870996763765,24.60216281639761,3.044522437723423,52,0.24,1.5611819421386397,0.0,24,4,25,1410.401747534929,4.429006008660722,10.699904188843975,2.19722457733622,18,0.25,2.259422768818224,0.0,25,8,25,419.1909095876608,8.355982572538779e-14,22.307459141944573,0.0,53,0.26,1.897520139850759,0.0,26,4,25,1575.5410936939668,4.651356905233445,10.015828727506385,0.0,14,0.63,1.2870102911617602,0.0,63,8,25,387.7056151988626,-7.808338748884654,13.833418849997688,0.0,28,0.25,1.4895642179521462,3.044522437723423,26,4,50,866.0805031447212,-7.10809858820827,14.12413842818975,0.0,27,0.5,0.8112781247838816,0.0,50,4,50,863.0359807069981,-7.4429960563579,14.07294336045965,0.0,28,0.13,1.4895642179521462,3.044522437723423,38,4,50,823.4571890165988,-7.077653363831032,14.142696557182571,0.0,27,0.49,0.8112781247028926,0.0,49,4,50,866.0805031447212,21950,100,11,10
4.457341875298697,24.60581355156463,1.5222612188617115,52,0.25,1.8975201398507588,0.0,25,4,25,1412.0173407218306,4.124453353229938,10.355689217194609,1.0986122886681098,17,0.26,2.238845536816478,0.0,26,8,25,389.0446767154304,0.0304452243774101,22.30951585369889,0.0,53,0.25,1.913373186404603,0.0,25,4,25,1575.6852238453348,4.651356905232953,10.015828727505069,0.0,14,0.63,1.2870102911617602,0.0,63,8,25,387.7056151988147,-7.838783973260778,13.812834819418752,0.0,28,0.26,1.4895642179521462,0.0,26,4,50,863.0359807068869,-7.108098588207152,14.124138428187823,0.0,27,0.5,0.8112781247838816,0.0,50,4,50,863.0359807068864,-7.412550831979551,14.09229244848587,0.0,28,0.12,1.4895642179521462,3.044522437723423,39,4,50,826.5017114542109,-7.108098588207157,14.124138428187832,0.0,27,0.5,0.8112781247838816,0.0,50,4,50,863.0359807068869,22000,100,11,10
4.142572707392545,24.45904915537513,0.0,52,0.26,1.5611819421386397,0.0,26,4,25,1385.4541669433406,4.033117680097742,10.396060194769955,0.0,17,0.25,1.903084570639961,-3.044522437723423,26,8,25,395.7306905404684,8.697043085703626e-14,22.31161391981165,0.0,53,0.24,1.913373186404603,0.0,24,4,25,1575.8352228594251,4.966126073137904,10.353622597459855,0.0,15,0.62,1.310233267254462,0.0,62,8,25,418.43225416144566,-7.930119646391456,13.763968667887426,-3.044522437723423,28,0.25,1.5095699921973325,-3.044522437723423,26,4,50,859.991458269061,-7.108098588206127,14.124138428186058,0.0,27,0.5,0.8112781247838816,0.0,50,4,50,863.035980706784,-7.534331729487461,14.027560788686904,-3.044522437723423,28,0.12,1.5095699921973325,3.044522437723423,37,4,50,826.5017114541084,-7.138543812583366,14.105490170331194,0.0,27,0.51,0.8112781248243761,0.0,51,4,50,859.9914582690609,22050,100,11,10
4.1730179317693725,24.455768373346903,1.5222612188617115,52,0.25,1.5611819421386397,0.0,25,4,25,1383.8075616392714,4.33767033552733,10.74157116552842,1.0986122886681098,18,0.24,1.912795954638569,-3.044522437723423,26,8,25,425.8463871788922,-0.0304452243770673,22.30951585369287,0.0,53,0.25,1.897520139850759,0.0,25,4,25,1575.6852238449085,4.966126073137372,10.353622597458491,0.0,15,0.62,1.310233267254462,0.0,62,8,25,418.4322541613935,-7.899674422013109,13.78482739433216,-3.044522437723423,28,0.24,1.5095699921973325,-3.044522437723423,26,4,50,863.0359807066731,-7.108098588205022,14.124138428184146,0.0,27,0.5,0.8112781247838816,0.0,50,4,50,863.0359807066735,-7.564776953863587,14.007857607776945,-3.044522437723423,28,0.13,1.5095699921973325,3.044522437723423,36,4,50,823.457189016274,-7.108098588205017,14.12413842818414,0.0,27,0.5,0.8112781247838816,0.0,50,4,50,863.035980706673,22100,100,11,10
4.487787099674154,24.602162816384244,3.044522437723423,52,0.24,1.5611819421386397,0.0,24,4,25,1410.4017475341518,4.429006008658499,10.699904188838358,2.19722457733622,18,0.25,2.259422768818224,0.0,25,8,25,419.1909095874455,8.412825991399586e-14,22.30745914193251,0.0,53,0.26,1.897520139850759,0.0,26,4,25,1575.541093693113,4.651356905231395,10.015828727500892,0.0,14,0.63,1.2870102911617602,0.0,63,8,25,387.7056151986628,-7.808338748880378,13.83341884999038,0.0,28,0.25,1.4895642179521462,3.044522437723423,26,4,50,866.0805031442939,-7.108098588203997,14.124138428182375,0.0,27,0.5,0.8112781247838816,0.0,50,4,50,863.0359807065707,-7.442996056353624,14.072943360452353,0.0,28,0.13,1.4895642179521462,3.044522437723423,38,4,50,823.4571890161715,-7.077653363826758,14.142696557175205,0.0,27,0.49,0.8112781247028926,0.0,49,4,50,866.0805031442937,22150,100,11,10
4.457341875296474,24.60581355155125,1.5222612188617115,52,0.25,1.8975201398507588,0.0,25,4,25,1412.0173407210527,4.124453353227887,10.355689217189187,1.0986122886681098,17,0.26,2.238845536816478,0.0,26,8,25,389.04467671523287,0.030445224377409,22.30951585368684,0.0,53,0.25,1.913373186404603,0.0,25,4,25,1575.6852238444812,4.651356905230902,10.015828727499573,0.0,14,0.63,1.2870102911617602,0.0,63,8,25,387.7056151986147,-7.838783973256504,13.81283481941144,0.0,28,0.26,1.4895642179521462,0.0,26,4,50,863.0359807064594,-7.10809858820288,14.124138428180451,0.0,27,0.5,0.8112781247838816,0.0,50,4,50,863.035980706459,-7.412550831975277,14.09229244847857,0.0,28,0.12,1.4895642179521462,3.044522437723423,39,4,50,826.5017114537836,-7.108098588202884,14.12413842818046,0.0,27,0.5,0.8112781247838816,0.0,50,4,50,863.0359807064596,22200,100,11,10
4.142572707390493,24.459049155361843,0.0,52,0.26,1.5611819421386397,0.0,26,4,25,1385.4541669425776,4.0331176800956925,10.39606019476454,0.0,17,0.25,1.903084570639961,-3.044522437723423,26,8,25,395.730690540271,8.700595799382426e-14,22.3116139197996,0.0,53,0.24,1.913373186404603,0.0,24,4,25,1575.8352228585711,4.966126073135681,10.353622597454168,0.0,15,0.62,1.310233267254462,0.0,62,8,25,418.43225416122834,-7.930119646387182,13.76396866788012,-3.044522437723423,28,0.25,1.5095699921973325,-3.044522437723423,26,4,50,859.9914582686336,-7.108098588201854,14.12413842817868,0.0,27,0.5,0.8112781247838816,0.0,50,4,50,863.0359807063566,-7.53433172948319,14.02756078867961,-3.044522437723423,28,0.12,1.5095699921973325,3.044522437723423,37,4,50,826.5017114536811,-7.138543812579092,14.105490170323822,0.0,27,0.51,0.8112781248243761,0.0,51,4,50,859.9914582686336,22250,100,11,10
4.17301793176732,24.45576837333361,1.5222612188617115,52,0.25,1.5611819421386397,0.0,25,4,25,1383.807561638508,4.3376703355251065,10.741571165522805,1.0986122886681098,18,0.24,1.912795954638569,-3.044522437723423,26,8,25,425.8463871786771,-0.0304452243770685,22.309515853680807,0.0,53,0.25,1.897520139850759,0.0,25,4,25,1575.6852238440545,4.966126073135148,10.353622597452802,0.0,15,0.62,1.310233267254462,0.0,62,8,25,418.4322541611761,-7.899674422008834,13.784827394324848,-3.044522437723423,28,0.24,1.5095699921973325,-3.044522437723423,26,4,50,863.0359807062457,-7.108098588200749,14.124138428176776,0.0,27,0.5,0.8112781247838816,0.0,50,4,50,863.0359807062459,-7.5647769538593135,14.007857607769653,-3.044522437723423,28,0.13,1.5095699921973325,3.044522437723423,36,4,50,823.4571890158467,-7.108098588200743,14.124138428176767,0.0,27,0.5,0.8112781247838816,0.0,50,4,50,863.0359807062457,22300,100,11,10
4.487787099671933,24.602162816370868,3.044522437723423,52,0.24,1.5611819421386397,0.0,24,4,25,1410.4017475333742,4.429006008656276,10.699904188832742,2.19722457733622,18,0.25,2.259422768818224,0.0,25,8,25,419.1909095872302,8.355982572538779e-14,22.307459141920457,0.0,53,0.26,1.897520139850759,0.0,26,4,25,1575.541093692259,4.651356905229344,10.015828727495396,0.0,14,0.63,1.2870102911617602,0.0,63,8,25,387.7056151984629,-7.808338748876106,13.833418849983063,0.0,28,0.25,1.4895642179521462,3.044522437723423,26,4,50,866.0805031438665,-7.1080985881997245,14.124138428175003,0.0,27,0.5,0.8112781247838816,0.0,50,4,50,863.0359807061434,-7.44299605634935,14.072943360445054,0.0,28,0.13,1.4895642179521462,3.044522437723423,38,4,50,823.4571890157441,-7.077653363822484,14.142696557167833,0.0,27,0.49,0.8112781247028926,0.0,49,4,50,866.0805031438665,22350,100,11,10
4.457341875294253,24.605813551537885,1.5222612188617115,52,0.25,1.8975201398507588,0.0,25,4,25,1412.0173407202751,4.124453353225834,10.35568921718377,1.0986122886681098,17,0.26,2.238845536816478,0.0,26,8,25,389.04467671503534,0.0304452243774096,22.30951585367477,0.0,53,0.25,1.913373186404603,0.0,25,4,25,1575.6852238436272,4.651356905228852,10.01582872749408,0.0,14,0.63,1.2870102911617602,0.0,63,8,25,387.705615198415,-7.838783973252232,13.812834819404124,0.0,28,0.26,1.4895642179521462,0.0,26,4,50,863.0359807060322,-7.108098588198605,14.124138428173078,0.0,27,0.5,0.8112781247838816,0.0,50,4,50,863.0359807060318,-7.412550831971003,14.092292448471271,0.0,28,0.12,1.4895642179521462,3.044522437723423,39,4,50,826.5017114533563,-7.10809858819861,14.124138428173085,0.0,27,0.5,0.8112781247838816,0.0,50,4,50,863.0359807060322,22400,100,11,10
4.1425727073884415,24.45904915534855,0.0,52,0.26,1.5611819421386397,0.0,26,4,25,1385.454166941814,4.033117680093641,10.396060194759125,0.0,17,0.25,1.903084570639961,-3.044522437723423,26,8,25,395.7306905400737,8.753886504564434e-14,22.311613919787536,0.0,53,0.24,1.913373186404603,0.0,24,4,25,1575.8352228577178,4.966126073133458,10.353622597448478,0.0,15,0.62,1.310233267254462,0.0,62,8,25,418.432254161011,-7.9301196463829084,13.763968667872806,-3.044522437723423,28,0.25,1.5095699921973325,-3.044522437723423,26,4,50,859.9914582682063,-7.108098588197579,14.124138428171308,0.0,27,0.5,0.8112781247838816,0.0,50,4,50,863.0359807059292,-7.534331729478915,14.027560788672318,-3.044522437723423,28,0.12,1.5095699921973325,3.044522437723423,37,4,50,826.5017114532537,-7.138543812574818,14.105490170316449,0.0,27,0.51,0.8112781248243761,0.0,51,4,50,859.9914582682062,22450,100,11,10
4.173017931765267,24.45576837332032,1.5222612188617115,52,0.25,1.5611819421386397,0.0,25,4,25,1383.807561637745,4.337670335522886,10.741571165517188,1.0986122886681098,18,0.24,1.912795954638569,-3.044522437723423,26,8,25,425.8463871784619,-0.0304452243770679,22.30951585366876,0.0,53,0.25,1.897520139850759,0.0,25,4,25,1575.685223843201,4.9661260731329255,10.353622597447112,0.0,15,0.62,1.310233267254462,0.0,62,8,25,418.4322541609589,-7.899674422004563,13.78482739431754,-3.044522437723423,28,0.24,1.5095699921973325,-3.044522437723423,26,4,50,863.0359807058185,-7.108098588196475,14.1241384281694,0.0,27,0.5,0.8112781247838816,0.0,50,4,50,863.0359807058187,-7.564776953855042,14.007857607762356,-3.044522437723423,28,0.13,1.5095699921973325,3.044522437723423,36,4,50,823.4571890154193,-7.108098588196472,14.124138428169395,0.0,27,0.5,0.8112781247838816,0.0,50,4,50,863.0359807058184,22500,100,11,10
4.487787099669711,24.60216281635749,3.044522437723423,52,0.24,1.5611819421386397,0.0,24,4,25,1410.401747532597,4.429006008654056,10.699904188827125,2.19722457733622,18,0.25,2.259422768818224,0.0,25,8,25,419.1909095870149,8.355982572538779e-14,22.3074591419084,0.0,53,0.26,1.897520139850759,0.0,26,4,25,1575.5410936914054,4.651356905227292,10.015828727489904,0.0,14,0.63,1.2870102911617602,0.0,63,8,25,387.7056151982632,-7.808338748871832,13.833418849975754,0.0,28,0.25,1.4895642179521462,3.044522437723423,26,4,50,866.0805031434393,-7.10809858819545,14.124138428167631,0.0,27,0.5,0.8112781247838816,0.0,50,4,50,863.0359807057163,-7.442996056345078,14.072943360437757,0.0,28,0.13,1.4895642179521462,3.044522437723423,38,4,50,823.4571890153168,-7.077653363818209,14.14269655716046,0.0,27,0.49,0.8112781247028926,0.0,49,4,50,866.0805031434393,22550,100,11,10
4.4573418752920295,24.605813551524506,1.5222612188617115,52,0.25,1.8975201398507588,0.0,25,4,25,1412.017340719498,4.124453353223783,10.355689217178352,1.0986122886681098,17,0.26,2.238845536816478,0.0,26,8,25,389.0446767148378,0.030445224377409,22.30951585366272,0.0,53,0.25,1.913373186404603,0.0,25,4,25,1575.6852238427737,4.6513569052268,10.015828727488584,0.0,14,0.63,1.2870102911617602,0.0,63,8,25,387.7056151982151,-7.838783973247957,13.812834819396814,0.0,28,0.26,1.4895642179521462,0.0,26,4,50,863.035980705605,-7.108098588194332,14.124138428165704,0.0,27,0.5,0.8112781247838816,0.0,50,4,50,863.0359807056044,-7.412550831966728,14.092292448463974,0.0,28,0.12,1.4895642179521462,3.044522437723423,39,4,50,826.5017114529289,-7.108098588194337,14.124138428165711,0.0,27,0.5,0.8112781247838816,0.0,50,4,50,863.035980705605,22600,100,11,10
4.1425727073863925,24.45904915533525,0.0,52,0.26,1.5611819421386397,0.0,26,4,25,1385.454166941051,4.033117680091589,10.396060194753709,0.0,17,0.25,1.903084570639961,-3.044522437723423,26,8,25,395.73069053987626,8.700595799382426e-14,22.31161391977548,0.0,53,0.24,1.913373186404603,0.0,24,4,25,1575.8352228568638,4.966126073131238,10.353622597442788,0.0,15,0.62,1.310233267254462,0.0,62,8,25,418.43225416079366,-7.930119646378638,13.763968667865496,-3.044522437723423,28,0.25,1.5095699921973325,-3.044522437723423,26,4,50,859.9914582677789,-7.108098588193307,14.124138428163937,0.0,27,0.5,0.8112781247838816,0.0,50,4,50,863.0359807055019,-7.534331729474643,14.027560788665022,-3.044522437723423,28,0.12,1.5095699921973325,3.044522437723423,37,4,50,826.5017114528264,-7.138543812570547,14.105490170309071,0.0,27,0.51,0.8112781248243761,0.0,51,4,50,859.9914582677789,22650,100,11,10
4.173017931763216,24.455768373307027,1.5222612188617115,52,0.25,1.5611819421386397,0.0,25,4,25,1383.807561636982,4.337670335520663,10.741571165511576,1.0986122886681098,18,0.24,1.912795954638569,-3.044522437723423,26,8,25,425.84638717824686,-0.0304452243770679,22.30951585365669,0.0,53,0.25,1.897520139850759,0.0,25,4,25,1575.685223842347,4.966126073130704,10.353622597441424,0.0,15,0.62,1.310233267254462,0.0,62,8,25,418.4322541607416,-7.899674422000287,13.784827394310232,-3.044522437723423,28,0.24,1.5095699921973325,-3.044522437723423,26,4,50,863.035980705391,-7.108098588192202,14.124138428162029,0.0,27,0.5,0.8112781247838816,0.0,50,4,50,863.0359807053914,-7.564776953850768,14.007857607755064,-3.044522437723423,28,0.13,1.5095699921973325,3.044522437723423,36,4,50,823.457189014992,-7.108098588192197,14.12413842816202,0.0,27,0.5,0.8112781247838816,0.0,50,4,50,863.0359807053909,22700,100,11,10
4.487787099667488,24.602162816344126,3.044522437723423,52,0.24,1.5611819421386397,0.0,24,4,25,1410.4017475318196,4.429006008651832,10.699904188821506,2.19722457733622,18,0.25,2.259422768818224,0.0,25,8,25,419.19090958679953,8.355982572538779e-14,22.30745914189633,0.0,53,0.26,1.897520139850759,0.0,26,4,25,1575.5410936905516,4.65135690522524,10.015828727484408,0.0,14,0.63,1.2870102911617602,0.0,63,8,25,387.7056151980632,-7.808338748867558,13.83341884996844,0.0,28,0.25,1.4895642179521462,3.044522437723423,26,4,50,866.0805031430118,-7.108098588191176,14.124138428160256,0.0,27,0.5,0.8112781247838816,0.0,50,4,50,863.0359807052887,-7.442996056340804,14.072943360430456,0.0,28,0.13,1.4895642179521462,3.044522437723423,38,4,50,823.4571890148894,-7.077653363813937,14.142696557153084,0.0,27,0.49,0.8112781247028926,0.0,49,4,50,866.0805031430118,22750,100,11,10
4.457341875289808,24.605813551511133,1.5222612188617115,52,0.25,1.8975201398507588,0.0,25,4,25,1412.0173407187208,4.124453353221734,10.355689217172934,1.0986122886681098,17,0.26,2.238845536816478,0.0,26,8,25,389.0446767146402,0.0304452243774101,22.30951585365065,0.0,53,0.25,1.913373186404603,0.0,25,4,25,1575.68522384192,4.651356905224748,10.01582872748309,0.0,14,0.63,1.2870102911617602,0.0,63,8,25,387.70561519801527,-7.838783973243685,13.8128348193895,0.0,28,0.26,1.4895642179521462,0.0,26,4,50,863.0359807051775,-7.108098588190059,14.124138428158332,0.0,27,0.5,0.8112781247838816,0.0,50,4,50,863.035980705177,-7.412550831962458,14.092292448456677,0.0,28,0.12,1.4895642179521462,3.044522437723423,39,4,50,826.5017114525015,-7.108098588190063,14.124138428158338,0.0,27,0.5,0.8112781247838816,0.0,50,4,50,863.0359807051775,22800,100,11,10
4.14257270738434,24.459049155321967,0.0,52,0.26,1.5611819421386397,0.0,26,4,25,1385.454166940288,4.033117680089538,10.396060194748298,0.0,17,0.25,1.903084570639961,-3.044522437723423,26,8,25,395.7306905396789,8.697043085703626e-14,22.311613919763424,0.0,53,0.24,1.913373186404603,0.0,24,4,25,1575.835222856011,4.966126073129015,10.3536225974371,0.0,15,0.62,1.310233267254462,0.0,62,8,25,418.4322541605764,-7.930119646374362,13.763968667858183,-3.044522437723423,28,0.25,1.5095699921973325,-3.044522437723423,26,4,50,859.9914582673516,-7.1080985881890335,14.12413842815656,0.0,27,0.5,0.8112781247838816,0.0,50,4,50,863.0359807050745,-7.534331729470369,14.02756078865773,-3.044522437723423,28,0.12,1.5095699921973325,3.044522437723423,37,4,50,826.5017114523989,-7.138543812566272,14.1054901703017,0.0,27,0.51,0.8112781248243761,0.0,51,4,50,859.9914582673516,22850,100,11,10
4.173017931761166,24.455768373293736,1.5222612188617115,52,0.25,1.5611819421386397,0.0,25,4,25,1383.807561636219,4.337670335518441,10.74157116550596,1.0986122886681098,18,0.24,1.912795954638569,-3.044522437723423,26,8,25,425.84638717803176,-0.0304452243770679,22.30951585364464,0.0,53,0.25,1.897520139850759,0.0,25,4,25,1575.6852238414936,4.966126073128482,10.353622597435733,0.0,15,0.62,1.310233267254462,0.0,62,8,25,418.4322541605243,-7.899674421996014,13.78482739430292,-3.044522437723423,28,0.24,1.5095699921973325,-3.044522437723423,26,4,50,863.0359807049638,-7.1080985881879295,14.124138428154652,0.0,27,0.5,0.8112781247838816,0.0,50,4,50,863.035980704964,-7.564776953846493,14.007857607747766,-3.044522437723423,28,0.13,1.5095699921973325,3.044522437723423,36,4,50,823.4571890145646,-7.108098588187925,14.124138428154646,0.0,27,0.5,0.8112781247838816,0.0,50,4,50,863.0359807049635,22900,100,11,10
4.487787099665266,24.60216281633075,3.044522437723423,52,0.24,1.5611819421386397,0.0,24,4,25,1410.4017475310425,4.429006008649609,10.699904188815893,2.19722457733622,18,0.25,2.259422768818224,0.0,25,8,25,419.1909095865844,8.412825991399586e-14,22.30745914188428,0.0,53,0.26,1.897520139850759,0.0,26,4,25,1575.5410936896978,4.651356905223191,10.015828727478915,0.0,14,0.63,1.2870102911617602,0.0,63,8,25,387.7056151978634,-7.808338748863285,13.83341884996113,0.0,28,0.25,1.4895642179521462,3.044522437723423,26,4,50,866.0805031425845,-7.108098588186904,14.124138428152884,0.0,27,0.5,0.8112781247838816,0.0,50,4,50,863.0359807048613,-7.442996056336529,14.072943360423158,0.0,28,0.13,1.4895642179521462,3.044522437723423,38,4,50,823.4571890144621,-7.077653363809665,14.142696557145712,0.0,27,0.49,0.8112781247028926,0.0,49,4,50,866.0805031425843,22950,100,11,10
4.457341875287585,24.60581355149776,1.5222612188617115,52,0.25,1.8975201398507588,0.0,25,4,25,1412.0173407179434,4.124453353219681,10.355689217167514,1.0986122886681098,17,0.26,2.238845536816478,0.0,26,8,25,389.04467671444274,0.030445224377409,22.3095158536386,0.0,53,0.25,1.913373186404603,0.0,25,4,25,1575.685223841066,4.651356905222697,10.015828727477595,0.0,14,0.63,1.2870102911617602,0.0,63,8,25,387.7056151978154,-7.838783973239409,13.812834819382186,0.0,28,0.26,1.4895642179521462,0.0,26,4,50,863.0359807047504,-7.108098588185784,14.12413842815096,0.0,27,0.5,0.8112781247838816,0.0,50,4,50,863.0359807047497,-7.412550831958182,14.09229244844938,0.0,28,0.12,1.4895642179521462,3.044522437723423,39,4,50,826.5017114520742,-7.108098588185788,14.124138428150966,0.0,27,0.5,0.8112781247838816,0.0,50,4,50,863.0359807047503,23000,100,11,10
4.142572707382288,24.45904915530868,0.0,52,0.26,1.5611819421386397,0.0,26,4,25,1385.4541669395248,4.033117680087488,10.396060194742883,0.0,17,0.25,1.903084570639961,-3.044522437723423,26,8,25,395.7306905394815,8.700595799382426e-14,22.311613919751363,0.0,53,0.24,1.913373186404603,0.0,24,4,25,1575.8352228551569,4.966126073126793,10.353622597431407,0.0,15,0.62,1.310233267254462,0.0,62,8,25,418.4322541603591,-7.93011964637009,13.763968667850872,-3.044522437723423,28,0.25,1.5095699921973325,-3.044522437723423,26,4,50,859.9914582669243,-7.10809858818476,14.124138428149188,0.0,27,0.5,0.8112781247838816,0.0,50,4,50,863.035980704647,-7.534331729466097,14.027560788650437,-3.044522437723423,28,0.12,1.5095699921973325,3.044522437723423,37,4,50,826.5017114519717,-7.138543812561998,14.105490170294326,0.0,27,0.51,0.8112781248243761,0.0,51,4,50,859.9914582669242,23050,100,11,10
4.173017931759113,24.45576837328045,1.5222612188617115,52,0.25,1.5611819421386397,0.0,25,4,25,1383.807561635456,4.337670335516219,10.741571165500346,1.0986122886681098,18,0.24,1.912795954638569,-3.044522437723423,26,8,25,425.8463871778167,-0.0304452243770679,22.30951585363257,0.0,53,0.25,1.897520139850759,0.0,25,4,25,1575.6852238406398,4.966126073126259,10.353622597430045,0.0,15,0.62,1.310233267254462,0.0,62,8,25,418.4322541603069,-7.899674421991742,13.784827394295617,-3.044522437723423,28,0.24,1.5095699921973325,-3.044522437723423,26,4,50,863.0359807045363,-7.108098588183655,14.12413842814728,0.0,27,0.5,0.8112781247838816,0.0,50,4,50,863.0359807045365,-7.564776953842222,14.007857607740467,-3.044522437723423,28,0.13,1.5095699921973325,3.044522437723423,36,4,50,823.4571890141373,-7.108098588183651,14.124138428147274,0.0,27,0.5,0.8112781247838816,0.0,50,4,50,863.0359807045362,23100,100,11,10
4.487787099663043,24.60216281631737,3.044522437723423,52,0.24,1.5611819421386397,0.0,24,4,25,1410.4017475302649,4.429006008647387,10.699904188810272,2.19722457733622,18,0.25,2.259422768818224,0.0,25,8,25,419.190909586369,8.412825991399586e-14,22.30745914187222,0.0,53,0.26,1.897520139850759,0.0,26,4,25,1575.5410936888438,4.651356905221138,10.01582872747342,0.0,14,0.63,1.2870102911617602,0.0,63,8,25,387.7056151976636,-7.8083387488590095,13.833418849953816,0.0,28,0.25,1.4895642179521462,3.044522437723423,26,4,50,866.0805031421571,-7.108098588182628,14.124138428145514,0.0,27,0.5,0.8112781247838816,0.0,50,4,50,863.0359807044341,-7.442996056332255,14.07294336041586,0.0,28,0.13,1.4895642179521462,3.044522437723423,38,4,50,823.4571890140348,-7.077653363805389,14.14269655713834,0.0,27,0.49,0.8112781247028926,0.0,49,4,50,866.0805031421571,23150,100,11,10
4.457341875285364,24.605813551484392,1.5222612188617115,52,0.25,1.8975201398507588,0.0,25,4,25,1412.0173407171662,4.124453353217629,10.355689217162098,1.0986122886681098,17,0.26,2.238845536816478,0.0,26,8,25,389.0446767142452,0.030445224377409,22.30951585362654,0.0,53,0.25,1.913373186404603,0.0,25,4,25,1575.6852238402123,4.651356905220647,10.015828727472105,0.0,14,0.63,1.2870102911617602,0.0,63,8,25,387.7056151976156,-7.838783973235139,13.812834819374874,0.0,28,0.26,1.4895642179521462,0.0,26,4,50,863.0359807043229,-7.108098588181512,14.12413842814358,0.0,27,0.5,0.8112781247838816,0.0,50,4,50,863.0359807043224,-7.41255083195391,14.092292448442082,0.0,28,0.12,1.4895642179521462,3.044522437723423,39,4,50,826.501711451647,-7.108098588181517,14.12413842814359,0.0,27,0.5,0.8112781247838816,0.0,50,4,50,863.0359807043228,23200,100,11,10
4.142572707380237,24.459049155295386,0.0,52,0.26,1.5611819421386397,0.0,26,4,25,1385.4541669387618,4.033117680085436,10.396060194737466,0.0,17,0.25,1.903084570639961,-3.044522437723423,26,8,25,395.7306905392842,8.810729923425246e-14,22.311613919739305,0.0,53,0.24,1.913373186404603,0.0,24,4,25,1575.835222854303,4.966126073124571,10.35362259742572,0.0,15,0.62,1.310233267254462,0.0,62,8,25,418.4322541601418,-7.930119646365815,13.763968667843562,-3.044522437723423,28,0.25,1.5095699921973325,-3.044522437723423,26,4,50,859.9914582664967,-7.108098588180486,14.124138428141814,0.0,27,0.5,0.8112781247838816,0.0,50,4,50,863.0359807042198,-7.534331729461821,14.027560788643145,-3.044522437723423,28,0.12,1.5095699921973325,3.044522437723423,37,4,50,826.5017114515445,-7.138543812557725,14.105490170286954,0.0,27,0.51,0.8112781248243761,0.0,51,4,50,859.9914582664969,23250,100,11,10
4.1730179317570615,24.455768373267155,1.5222612188617115,52,0.25,1.5611819421386397,0.0,25,4,25,1383.8075616346928,4.337670335513996,10.741571165494731,1.0986122886681098,18,0.24,1.912795954638569,-3.044522437723423,26,8,25,425.8463871776015,-0.0304452243770679,22.30951585362052,0.0,53,0.25,1.897520139850759,0.0,25,4,25,1575.685223839786,4.966126073124036,10.353622597424351,0.0,15,0.62,1.310233267254462,0.0,62,8,25,418.4322541600896,-7.899674421987466,13.784827394288302,-3.044522437723423,28,0.24,1.5095699921973325,-3.044522437723423,26,4,50,863.0359807041089,-7.108098588179381,14.124138428139908,0.0,27,0.5,0.8112781247838816,0.0,50,4,50,863.0359807041093,-7.5647769538379475,14.00785760773318,-3.044522437723423,28,0.13,1.5095699921973325,3.044522437723423,36,4,50,823.4571890137099,-7.108098588179376,14.124138428139904,0.0,27,0.5,0.8112781247838816,0.0,50,4,50,863.0359807041089,23300,100,11,10
4.487787099660822,24.60216281630401,3.044522437723423,52,0.24,1.5611819421386397,0.0,24,4,25,1410.4017475294877,4.429006008645167,10.699904188804654,2.19722457733622,18,0.25,2.259422768818224,0.0,25,8,25,419.1909095861536,8.355982572538779e-14,22.30745914186016,0.0,53,0.26,1.897520139850759,0.0,26,4,25,1575.5410936879905,4.651356905219087,10.015828727467929,0.0,14,0.63,1.2870102911617602,0.0,63,8,25,387.70561519746377,-7.80833874885474,13.833418849946508,0.0,28,0.25,1.4895642179521462,3.044522437723423,26,4,50,866.0805031417298,-7.108098588178357,14.12413842813814,0.0,27,0.5,0.8112781247838816,0.0,50,4,50,863.0359807040068,-7.442996056327986,14.072943360408562,0.0,28,0.13,1.4895642179521462,3.044522437723423,38,4,50,823.4571890136075,-7.077653363801118,14.142696557130966,0.0,27,0.49,0.8112781247028926,0.0,49,4,50,866.0805031417299,23350,100,11,10
4.4573418752831415,24.605813551471016,1.5222612188617115,52,0.25,1.8975201398507588,0.0,25,4,25,1412.0173407163888,4.1244533532155785,10.355689217156682,1.0986122886681098,17,0.26,2.238845536816478,0.0,26,8,25,389.0446767140476,0.0304452243774096,22.30951585361448,0.0,53,0.25,1.913373186404603,0.0,25,4,25,1575.6852238393592,4.651356905218595,10.015828727466609,0.0,14,0.63,1.2870102911617602,0.0,63,8,25,387.7056151974157,-7.838783973230863,13.812834819367556,0.0,28,0.26,1.4895642179521462,0.0,26,4,50,863.0359807038955,-7.108098588177239,14.124138428136217,0.0,27,0.5,0.8112781247838816,0.0,50,4,50,863.0359807038951,-7.412550831949636,14.092292448434788,0.0,28,0.12,1.4895642179521462,3.044522437723423,39,4,50,826.5017114512195,-7.108098588177243,14.12413842813622,0.0,27,0.5,0.8112781247838816,0.0,50,4,50,863.0359807038956,23400,100,11,10
4.142572707378187,24.45904915528209,0.0,52,0.26,1.5611819421386397,0.0,26,4,25,1385.4541669379985,4.033117680083384,10.396060194732051,0.0,17,0.25,1.903084570639961,-3.044522437723423,26,8,25,395.7306905390868,8.697043085703626e-14,22.311613919727247,0.0,53,0.24,1.913373186404603,0.0,24,4,25,1575.8352228534495,4.966126073122348,10.353622597420028,0.0,15,0.62,1.310233267254462,0.0,62,8,25,418.43225415992447,-7.930119646361541,13.763968667836252,-3.044522437723423,28,0.25,1.5095699921973325,-3.044522437723423,26,4,50,859.9914582660695,-7.108098588176213,14.124138428134444,0.0,27,0.5,0.8112781247838816,0.0,50,4,50,863.0359807037926,-7.534331729457547,14.027560788635848,-3.044522437723423,28,0.12,1.5095699921973325,3.044522437723423,37,4,50,826.501711451117,-7.138543812553452,14.10549017027958,0.0,27,0.51,0.8112781248243761,0.0,51,4,50,859.9914582660695,23450,100,11,10
4.1730179317550125,24.455768373253864,1.5222612188617115,52,0.25,1.5611819421386397,0.0,25,4,25,1383.8075616339297,4.337670335511775,10.741571165489118,1.0986122886681098,18,0.24,1.912795954638569,-3.044522437723423,26,8,25,425.8463871773864,-0.0304452243770668,22.309515853608456,0.0,53,0.25,1.897520139850759,0.0,25,4,25,1575.6852238389324,4.966126073121816,10.353622597418664,0.0,15,0.62,1.310233267254462,0.0,62,8,25,418.4322541598722,-7.899674421983194,13.784827394280994,-3.044522437723423,28,0.24,1.5095699921973325,-3.044522437723423,26,4,50,863.0359807036815,-7.108098588175109,14.124138428132534,0.0,27,0.5,0.8112781247838816,0.0,50,4,50,863.0359807036821,-7.564776953833673,14.007857607725882,-3.044522437723423,28,0.13,1.5095699921973325,3.044522437723423,36,4,50,823.4571890132827,-7.108098588175104,14.124138428132529,0.0,27,0.5,0.8112781247838816,0.0,50,4,50,863.0359807036816,23500,100,11,10
4.487787099658599,24.60216281629063,3.044522437723423,52,0.24,1.5611819421386397,0.0,24,4,25,1410.4017475287103,4.429006008642943,10.699904188799035,2.19722457733622,18,0.25,2.259422768818224,0.0,25,8,25,419.1909095859383,8.412825991399586e-14,22.30745914184809,0.0,53,0.26,1.897520139850759,0.0,26,4,25,1575.5410936871367,4.651356905217035,10.015828727462434,0.0,14,0.63,1.2870102911617602,0.0,63,8,25,387.7056151972639,-7.808338748850465,13.833418849939196,0.0,28,0.25,1.4895642179521462,3.044522437723423,26,4,50,866.0805031413024,-7.10809858817408,14.124138428130763,0.0,27,0.5,0.8112781247838816,0.0,50,4,50,863.0359807035794,-7.442996056323708,14.072943360401265,0.0,28,0.13,1.4895642179521462,3.044522437723423,38,4,50,823.4571890131801,-7.077653363796843,14.142696557123594,0.0,27,0.49,0.8112781247028926,0.0,49,4,50,866.0805031413024,23550,100,11,10
4.457341875280918,24.60581355145764,1.5222612188617115,52,0.25,1.8975201398507588,0.0,25,4,25,1412.0173407156112,4.124453353213528,10.355689217151262,1.0986122886681098,17,0.26,2.238845536816478,0.0,26,8,25,389.04467671385,0.0304452243774096,22.309515853602424,0.0,53,0.25,1.913373186404603,0.0,25,4,25,1575.6852238385054,4.651356905216543,10.015828727461116,0.0,14,0.63,1.2870102911617602,0.0,63,8,25,387.705615197216,-7.838783973226591,13.812834819360248,0.0,28,0.26,1.4895642179521462,0.0,26,4,50,863.0359807034681,-7.108098588172965,14.12413842812884,0.0,27,0.5,0.8112781247838816,0.0,50,4,50,863.0359807034677,-7.412550831945364,14.092292448427488,0.0,28,0.12,1.4895642179521462,3.044522437723423,39,4,50,826.5017114507922,-7.108098588172969,14.124138428128846,0.0,27,0.5,0.8112781247838816,0.0,50,4,50,863.0359807034683,23600,100,11,10
4.142572707376134,24.4590491552688,0.0,52,0.26,1.5611819421386397,0.0,26,4,25,1385.4541669372354,4.033117680081334,10.39606019472664,0.0,17,0.25,1.903084570639961,-3.044522437723423,26,8,25,395.73069053888935,8.753886504564434e-14,22.31161391971519,0.0,53,0.24,1.913373186404603,0.0,24,4,25,1575.8352228525955,4.966126073120126,10.353622597414338,0.0,15,0.62,1.310233267254462,0.0,62,8,25,418.4322541597071,-7.930119646357269,13.76396866782894,-3.044522437723423,28,0.25,1.5095699921973325,-3.044522437723423,26,4,50,859.9914582656421,-7.1080985881719405,14.124138428127068,0.0,27,0.5,0.8112781247838816,0.0,50,4,50,863.0359807033652,-7.534331729453276,14.027560788628554,-3.044522437723423,28,0.12,1.5095699921973325,3.044522437723423,37,4,50,826.5017114506895,-7.138543812549179,14.105490170272205,0.0,27,0.51,0.8112781248243761,0.0,51,4,50,859.9914582656421,23650,100,11,10
4.173017931752961,24.455768373240574,1.5222612188617115,52,0.25,1.5611819421386397,0.0,25,4,25,1383.8075616331669,4.337670335509552,10.741571165483505,1.0986122886681098,18,0.24,1.912795954638569,-3.044522437723423,26,8,25,425.84638717717127,-0.0304452243770673,22.3095158535964,0.0,53,0.25,1.897520139850759,0.0,25,4,25,1575.6852238380784,4.966126073119593,10.353622597412972,0.0,15,0.62,1.310233267254462,0.0,62,8,25,418.432254159655,-7.899674421978919,13.784827394273686,-3.044522437723423,28,0.24,1.5095699921973325,-3.044522437723423,26,4,50,863.0359807032543,-7.108098588170833,14.124138428125162,0.0,27,0.5,0.8112781247838816,0.0,50,4,50,863.0359807032546,-7.564776953829398,14.007857607718584,-3.044522437723423,28,0.13,1.5095699921973325,3.044522437723423,36,4,50,823.4571890128552,-7.1080985881708285,14.124138428125155,0.0,27,0.5,0.8112781247838816,0.0,50,4,50,863.0359807032542,23700,100,11,10
4.487787099656377,24.602162816277254,3.044522437723423,52,0.24,1.5611819421386397,0.0,24,4,25,1410.4017475279331,4.42900600864072,10.69990418879342,2.19722457733622,18,0.25,2.259422768818224,0.0,25,8,25,419.1909095857231,8.355982572538779e-14,22.30745914183603,0.0,53,0.26,1.897520139850759,0.0,26,4,25,1575.5410936862825,4.6513569052149855,10.01582872745694,0.0,14,0.63,1.2870102911617602,0.0,63,8,25,387.7056151970641,-7.808338748846191,13.833418849931885,0.0,28,0.25,1.4895642179521462,3.044522437723423,26,4,50,866.0805031408751,-7.108098588169809,14.124138428123391,0.0,27,0.5,0.8112781247838816,0.0,50,4,50,863.0359807031521,-7.442996056319435,14.072943360393968,0.0,28,0.13,1.4895642179521462,3.044522437723423,38,4,50,823.4571890127527,-7.077653363792569,14.14269655711622,0.0,27,0.49,0.8112781247028926,0.0,49,4,50,866.0805031408751,23750,100,11,10
4.457341875278697,24.605813551444264,1.5222612188617115,52,0.25,1.8975201398507588,0.0,25,4,25,1412.0173407148343,4.124453353211476,10.355689217145846,1.0986122886681098,17,0.26,2.238845536816478,0.0,26,8,25,389.0446767136525,0.030445224377409,22.30951585359036,0.0,53,0.25,1.913373186404603,0.0,25,4,25,1575.6852238376514,4.651356905214493,10.015828727455622,0.0,14,0.63,1.2870102911617602,0.0,63,8,25,387.7056151970161,-7.838783973222317,13.812834819352933,0.0,28,0.26,1.4895642179521462,0.0,26,4,50,863.0359807030409,-7.1080985881686924,14.124138428121466,0.0,27,0.5,0.8112781247838816,0.0,50,4,50,863.0359807030404,-7.412550831941089,14.092292448420189,0.0,28,0.12,1.4895642179521462,3.044522437723423,39,4,50,826.5017114503648,-7.108098588168696,14.124138428121473,0.0,27,0.5,0.8112781247838816,0.0,50,4,50,863.0359807030409,23800,100,11,10
4.142572707374082,24.45904915525551,0.0,52,0.26,1.5611819421386397,0.0,26,4,25,1385.4541669364723,4.0331176800792825,10.396060194721224,0.0,17,0.25,1.903084570639961,-3.044522437723423,26,8,25,395.7306905386921,8.753886504564434e-14,22.31161391970313,0.0,53,0.24,1.913373186404603,0.0,24,4,25,1575.8352228517424,4.966126073117903,10.353622597408648,0.0,15,0.62,1.310233267254462,0.0,62,8,25,418.4322541594898,-7.930119646352994,13.763968667821633,-3.044522437723423,28,0.25,1.5095699921973325,-3.044522437723423,26,4,50,859.991458265215,-7.108098588167666,14.124138428119691,0.0,27,0.5,0.8112781247838816,0.0,50,4,50,863.0359807029376,-7.534331729449001,14.02756078862126,-3.044522437723423,28,0.12,1.5095699921973325,3.044522437723423,37,4,50,826.5017114502623,-7.138543812544904,14.10549017026483,0.0,27,0.51,0.8112781248243761,0.0,51,4,50,859.9914582652149,23850,100,11,10
4.173017931750908,24.455768373227286,1.5222612188617115,52,0.25,1.5611819421386397,0.0,25,4,25,1383.8075616324031,4.337670335507331,10.741571165477888,1.0986122886681098,18,0.24,1.912795954638569,-3.044522437723423,26,8,25,425.84638717695617,-0.0304452243770679,22.30951585358434,0.0,53,0.25,1.897520139850759,0.0,25,4,25,1575.685223837225,4.96612607311737,10.353622597407284,0.0,15,0.62,1.310233267254462,0.0,62,8,25,418.43225415943766,-7.899674421974648,13.784827394266374,-3.044522437723423,28,0.24,1.5095699921973325,-3.044522437723423,26,4,50,863.0359807028269,-7.108098588166562,14.124138428117789,0.0,27,0.5,0.8112781247838816,0.0,50,4,50,863.0359807028274,-7.564776953825129,14.00785760771129,-3.044522437723423,28,0.13,1.5095699921973325,3.044522437723423,36,4,50,823.4571890124279,-7.108098588166557,14.12413842811778,0.0,27,0.5,0.8112781247838816,0.0,50,4,50,863.0359807028268,23900,100,11,10
4.487787099654156,24.602162816263885,3.044522437723423,52,0.24,1.5611819421386397,0.0,24,4,25,1410.4017475271555,4.4290060086385,10.6999041887878,2.19722457733622,18,0.25,2.259422768818224,0.0,25,8,25,419.1909095855077,8.412825991399586e-14,22.307459141823973,0.0,53,0.26,1.897520139850759,0.0,26,4,25,1575.541093685429,4.651356905212933,10.015828727451444,0.0,14,0.63,1.2870102911617602,0.0,63,8,25,387.7056151968642,-7.8083387488419165,13.833418849924572,0.0,28,0.25,1.4895642179521462,3.044522437723423,26,4,50,866.0805031404477,-7.108098588165535,14.12413842811602,0.0,27,0.5,0.8112781247838816,0.0,50,4,50,863.0359807027248,-7.442996056315163,14.072943360386668,0.0,28,0.13,1.4895642179521462,3.044522437723423,38,4,50,823.4571890123253,-7.077653363788296,14.142696557108849,0.0,27,0.49,0.8112781247028926,0.0,49,4,50,866.0805031404477,23950,100,11,10
4.457341875276474,24.60581355143089,1.5222612188617115,52,0.25,1.8975201398507588,0.0,25,4,25,1412.017340714057,4.124453353209424,10.355689217140426,1.0986122886681098,17,0.26,2.238845536816478,0.0,26,8,25,389.0446767134549,0.030445224377409,22.309515853578308,0.0,53,0.25,1.913373186404603,0.0,25,4,25,1575.685223836798,4.651356905212441,10.01582872745013,0.0,14,0.63,1.2870102911617602,0.0,63,8,25,387.7056151968162,-7.838783973218043,13.81283481934562,0.0,28,0.26,1.4895642179521462,0.0,26,4,50,863.0359807026134,-7.108098588164418,14.124138428114094,0.0,27,0.5,0.8112781247838816,0.0,50,4,50,863.035980702613,-7.412550831936813,14.092292448412891,0.0,28,0.12,1.4895642179521462,3.044522437723423,39,4,50,826.5017114499376,-7.108098588164422,14.1241384281141,0.0,27,0.5,0.8112781247838816,0.0,50,4,50,863.0359807026134,24000,100,11,10
4.142572707372034,24.45904915524222,0.0,52,0.26,1.5611819421386397,0.0,26,4,25,1385.4541669357093,4.033117680077231,10.396060194715806,0.0,17,0.25,1.903084570639961,-3.044522437723423,26,8,25,395.73069053849474,8.697043085703626e-14,22.31161391969108,0.0,53,0.24,1.913373186404603,0.0,24,4,25,1575.835222850889,4.966126073115683,10.35362259740296,0.0,15,0.62,1.310233267254462,0.0,62,8,25,418.4322541592725,-7.930119646348722,13.76396866781432,-3.044522437723423,28,0.25,1.5095699921973325,-3.044522437723423,26,4,50,859.9914582647874,-7.108098588163394,14.124138428112325,0.0,27,0.5,0.8112781247838816,0.0,50,4,50,863.0359807025103,-7.534331729444728,14.027560788613966,-3.044522437723423,28,0.12,1.5095699921973325,3.044522437723423,37,4,50,826.5017114498348,-7.138543812540632,14.105490170257458,0.0,27,0.51,0.8112781248243761,0.0,51,4,50,859.9914582647875,24050,100,11,10
4.173017931748858,24.455768373213992,1.5222612188617115,52,0.25,1.5611819421386397,0.0,25,4,25,1383.80756163164,4.337670335505108,10.741571165472276,1.0986122886681098,18,0.24,1.912795954638569,-3.044522437723423,26,8,25,425.8463871767409,-0.0304452243770668,22.30951585357228,0.0,53,0.25,1.897520139850759,0.0,25,4,25,1575.6852238363713,4.966126073115148,10.353622597401593,0.0,15,0.62,1.310233267254462,0.0,62,8,25,418.4322541592202,-7.899674421970373,13.784827394259066,-3.044522437723423,28,0.24,1.5095699921973325,-3.044522437723423,26,4,50,863.0359807023997,-7.108098588162286,14.124138428110417,0.0,27,0.5,0.8112781247838816,0.0,50,4,50,863.0359807024001,-7.564776953820854,14.007857607703995,-3.044522437723423,28,0.13,1.5095699921973325,3.044522437723423,36,4,50,823.4571890120006,-7.108098588162283,14.124138428110408,0.0,27,0.5,0.8112781247838816,0.0,50,4,50,863.0359807023995,24100,100,11,10
4.487787099651932,24.602162816250512,3.044522437723423,52,0.24,1.5611819421386397,0.0,24,4,25,1410.4017475263784,4.429006008636277,10.699904188782186,2.19722457733622,18,0.25,2.259422768818224,0.0,25,8,25,419.1909095852924,8.355982572538779e-14,22.30745914181191,0.0,53,0.26,1.897520139850759,0.0,26,4,25,1575.5410936845751,4.651356905210882,10.015828727445951,0.0,14,0.63,1.2870102911617602,0.0,63,8,25,387.7056151966644,-7.808338748837644,13.83341884991726,0.0,28,0.25,1.4895642179521462,3.044522437723423,26,4,50,866.0805031400204,-7.108098588161262,14.124138428108644,0.0,27,0.5,0.8112781247838816,0.0,50,4,50,863.0359807022974,-7.44299605631089,14.07294336037937,0.0,28,0.13,1.4895642179521462,3.044522437723423,38,4,50,823.4571890118982,-7.077653363784024,14.142696557101477,0.0,27,0.49,0.8112781247028926,0.0,49,4,50,866.0805031400203,24150,100,11,10
4.457341875274253,24.60581355141752,1.5222612188617115,52,0.25,1.8975201398507588,0.0,25,4,25,1412.0173407132793,4.124453353207374,10.355689217135009,1.0986122886681098,17,0.26,2.238845536816478,0.0,26,8,25,389.0446767132574,0.0304452243774101,22.309515853566246,0.0,53,0.25,1.913373186404603,0.0,25,4,25,1575.6852238359445,4.651356905210389,10.015828727444632,0.0,14,0.63,1.2870102911617602,0.0,63,8,25,387.7056151966164,-7.83878397321377,13.812834819338306,0.0,28,0.26,1.4895642179521462,0.0,26,4,50,863.035980702186,-7.1080985881601455,14.124138428106718,0.0,27,0.5,0.8112781247838816,0.0,50,4,50,863.0359807021857,-7.412550831932544,14.092292448405594,0.0,28,0.12,1.4895642179521462,3.044522437723423,39,4,50,826.5017114495101,-7.10809858816015,14.124138428106724,0.0,27,0.5,0.8112781247838816,0.0,50,4,50,863.0359807021862,24200,100,11,10
4.142572707369981,24.459049155228925,0.0,52,0.26,1.5611819421386397,0.0,26,4,25,1385.4541669349462,4.033117680075179,10.396060194710392,0.0,17,0.25,1.903084570639961,-3.044522437723423,26,8,25,395.7306905382974,8.753886504564434e-14,22.31161391967901,0.0,53,0.24,1.913373186404603,0.0,24,4,25,1575.8352228500353,4.966126073113459,10.353622597397267,0.0,15,0.62,1.310233267254462,0.0,62,8,25,418.4322541590552,-7.930119646344448,13.763968667807008,-3.044522437723423,28,0.25,1.5095699921973325,-3.044522437723423,26,4,50,859.9914582643603,-7.108098588159118,14.12413842810495,0.0,27,0.5,0.8112781247838816,0.0,50,4,50,863.0359807020831,-7.534331729440454,14.027560788606674,-3.044522437723423,28,0.12,1.5095699921973325,3.044522437723423,37,4,50,826.5017114494076,-7.138543812536358,14.105490170250084,0.0,27,0.51,0.8112781248243761,0.0,51,4,50,859.9914582643601,24250,100,11,10
4.173017931746808,24.455768373200705,1.5222612188617115,52,0.25,1.5611819421386397,0.0,25,4,25,1383.8075616308772,4.337670335502885,10.74157116546666,1.0986122886681098,18,0.24,1.912795954638569,-3.044522437723423,26,8,25,425.8463871765259,-0.0304452243770679,22.309515853560217,0.0,53,0.25,1.897520139850759,0.0,25,4,25,1575.685223835518,4.966126073112926,10.353622597395905,0.0,15,0.62,1.310233267254462,0.0,62,8,25,418.43225415900304,-7.8996744219661,13.784827394251757,-3.044522437723423,28,0.24,1.5095699921973325,-3.044522437723423,26,4,50,863.0359807019721,-7.108098588158015,14.124138428103045,0.0,27,0.5,0.8112781247838816,0.0,50,4,50,863.0359807019727,-7.564776953816579,14.007857607696703,-3.044522437723423,28,0.13,1.5095699921973325,3.044522437723423,36,4,50,823.4571890115733,-7.108098588158009,14.124138428103036,0.0,27,0.5,0.8112781247838816,0.0,50,4,50,863.0359807019722,24300,100,11,10
4.487787099649711,24.602162816237136,3.044522437723423,52,0.24,1.5611819421386397,0.0,24,4,25,1410.401747525601,4.429006008634055,10.699904188776568,2.19722457733622,18,0.25,2.259422768818224,0.0,25,8,25,419.1909095850771,8.412825991399586e-14,22.307459141799853,0.0,53,0.26,1.897520139850759,0.0,26,4,25,1575.5410936837216,4.651356905208831,10.015828727440455,0.0,14,0.63,1.2870102911617602,0.0,63,8,25,387.7056151964645,-7.808338748833371,13.833418849909949,0.0,28,0.25,1.4895642179521462,3.044522437723423,26,4,50,866.0805031395931,-7.108098588156988,14.124138428101276,0.0,27,0.5,0.8112781247838816,0.0,50,4,50,863.0359807018701,-7.442996056306615,14.072943360372072,0.0,28,0.13,1.4895642179521462,3.044522437723423,38,4,50,823.4571890114706,-7.077653363779749,14.142696557094103,0.0,27,0.49,0.8112781247028926,0.0,49,4,50,866.0805031395931,24350,100,11,10
4.457341875272029,24.605813551404143,1.5222612188617115,52,0.25,1.8975201398507588,0.0,25,4,25,1412.017340712502,4.124453353205323,10.35568921712959,1.0986122886681098,17,0.26,2.238845536816478,0.0,26,8,25,389.0446767130599,0.0304452243774096,22.309515853554185,0.0,53,0.25,1.913373186404603,0.0,25,4,25,1575.6852238350905,4.651356905208338,10.01582872743914,0.0,14,0.63,1.2870102911617602,0.0,63,8,25,387.70561519641655,-7.838783973209495,13.812834819330993,0.0,28,0.26,1.4895642179521462,0.0,26,4,50,863.0359807017587,-7.108098588155871,14.124138428099345,0.0,27,0.5,0.8112781247838816,0.0,50,4,50,863.0359807017584,-7.412550831928268,14.0922924483983,0.0,28,0.12,1.4895642179521462,3.044522437723423,39,4,50,826.5017114490829,-7.108098588155874,14.124138428099352,0.0,27,0.5,0.8112781247838816,0.0,50,4,50,863.0359807017587,24400,100,11,10
4.142572707367929,24.459049155215634,0.0,52,0.26,1.5611819421386397,0.0,26,4,25,1385.4541669341827,4.033117680073129,10.396060194704976,0.0,17,0.25,1.903084570639961,-3.044522437723423,26,8,25,395.7306905380999,8.697043085703626e-14,22.31161391966696,0.0,53,0.24,1.913373186404603,0.0,24,4,25,1575.8352228491815,4.966126073111237,10.353622597391578,0.0,15,0.62,1.310233267254462,0.0,62,8,25,418.43225415883785,-7.930119646340175,13.763968667799697,-3.044522437723423,28,0.25,1.5095699921973325,-3.044522437723423,26,4,50,859.9914582639327,-7.108098588154847,14.124138428097575,0.0,27,0.5,0.8112781247838816,0.0,50,4,50,863.0359807016557,-7.5343317294361825,14.027560788599375,-3.044522437723423,28,0.12,1.5095699921973325,3.044522437723423,37,4,50,826.5017114489802,-7.138543812532085,14.10549017024271,0.0,27,0.51,0.8112781248243761,0.0,51,4,50,859.9914582639328,24450,100,11,10
4.173017931744755,24.45576837318741,1.5222612188617115,52,0.25,1.5611819421386397,0.0,25,4,25,1383.807561630114,4.337670335500665,10.741571165461046,1.0986122886681098,18,0.24,1.912795954638569,-3.044522437723423,26,8,25,425.8463871763108,-0.0304452243770679,22.309515853548163,0.0,53,0.25,1.897520139850759,0.0,25,4,25,1575.6852238346637,4.966126073110703,10.353622597390212,0.0,15,0.62,1.310233267254462,0.0,62,8,25,418.4322541587857,-7.899674421961826,13.78482739424445,-3.044522437723423,28,0.24,1.5095699921973325,-3.044522437723423,26,4,50,863.0359807015448,-7.108098588153741,14.12413842809567,0.0,27,0.5,0.8112781247838816,0.0,50,4,50,863.0359807015453,-7.5647769538123075,14.007857607689408,-3.044522437723423,28,0.13,1.5095699921973325,3.044522437723423,36,4,50,823.4571890111458,-7.108098588153736,14.124138428095662,0.0,27,0.5,0.8112781247838816,0.0,50,4,50,863.0359807015448,24500,100,11,10
4.487787099647488,24.602162816223768,3.044522437723423,52,0.24,1.5611819421386397,0.0,24,4,25,1410.4017475248238,4.429006008631832,10.699904188770953,2.19722457733622,18,0.25,2.259422768818224,0.0,25,8,25,419.1909095848619,8.355982572538779e-14,22.307459141787795,0.0,53,0.26,1.897520139850759,0.0,26,4,25,1575.5410936828678,4.65135690520678,10.015828727434966,0.0,14,0.63,1.2870102911617602,0.0,63,8,25,387.7056151962647,-7.808338748829096,13.833418849902635,0.0,28,0.25,1.4895642179521462,3.044522437723423,26,4,50,866.0805031391658,-7.108098588152715,14.124138428093902,0.0,27,0.5,0.8112781247838816,0.0,50,4,50,863.0359807014428,-7.44299605630234,14.07294336036477,0.0,28,0.13,1.4895642179521462,3.044522437723423,38,4,50,823.4571890110433,-7.077653363775475,14.14269655708673,0.0,27,0.49,0.8112781247028926,0.0,49,4,50,866.0805031391656,24550,100,11,10
4.457341875269808,24.60581355139077,1.5222612188617115,52,0.25,1.8975201398507588,0.0,25,4,25,1412.0173407117245,4.124453353203271,10.355689217124173,1.0986122886681098,17,0.26,2.238845536816478,0.0,26,8,25,389.0446767128622,0.030445224377409,22.309515853542127,0.0,53,0.25,1.913373186404603,0.0,25,4,25,1575.685223834237,4.651356905206288,10.015828727433645,0.0,14,0.63,1.2870102911617602,0.0,63,8,25,387.7056151962166,-7.838783973205225,13.81283481932368,0.0,28,0.26,1.4895642179521462,0.0,26,4,50,863.0359807013315,-7.108098588151599,14.124138428091976,0.0,27,0.5,0.8112781247838816,0.0,50,4,50,863.035980701331,-7.412550831923995,14.092292448391,0.0,28,0.12,1.4895642179521462,3.044522437723423,39,4,50,826.5017114486554,-7.108098588151603,14.124138428091983,0.0,27,0.5,0.8112781247838816,0.0,50,4,50,863.0359807013315,24600,100,11,10
4.142572707365879,24.459049155202344,0.0,52,0.26,1.5611819421386397,0.0,26,4,25,1385.4541669334196,4.033117680071077,10.396060194699562,0.0,17,0.25,1.903084570639961,-3.044522437723423,26,8,25,395.7306905379026,8.697043085703626e-14,22.311613919654903,0.0,53,0.24,1.913373186404603,0.0,24,4,25,1575.8352228483277,4.966126073109016,10.353622597385888,0.0,15,0.62,1.310233267254462,0.0,62,8,25,418.4322541586205,-7.930119646335901,13.763968667792389,-3.044522437723423,28,0.25,1.5095699921973325,-3.044522437723423,26,4,50,859.9914582635056,-7.108098588150572,14.124138428090204,0.0,27,0.5,0.8112781247838816,0.0,50,4,50,863.0359807012285,-7.534331729431907,14.027560788592083,-3.044522437723423,28,0.12,1.5095699921973325,3.044522437723423,37,4,50,826.5017114485529,-7.138543812527811,14.105490170235337,0.0,27,0.51,0.8112781248243761,0.0,51,4,50,859.9914582635054,24650,100,11,10
4.173017931742703,24.45576837317412,1.5222612188617115,52,0.25,1.5611819421386397,0.0,25,4,25,1383.807561629351,4.337670335498442,10.741571165455431,1.0986122886681098,18,0.24,1.912795954638569,-3.044522437723423,26,8,25,425.8463871760957,-0.0304452243770679,22.3095158535361,0.0,53,0.25,1.897520139850759,0.0,25,4,25,1575.6852238338104,4.966126073108481,10.353622597384524,0.0,15,0.62,1.310233267254462,0.0,62,8,25,418.4322541585684,-7.899674421957553,13.78482739423714,-3.044522437723423,28,0.24,1.5095699921973325,-3.044522437723423,26,4,50,863.0359807011175,-7.108098588149467,14.124138428088296,0.0,27,0.5,0.8112781247838816,0.0,50,4,50,863.035980701118,-7.564776953808033,14.00785760768211,-3.044522437723423,28,0.13,1.5095699921973325,3.044522437723423,36,4,50,823.4571890107186,-7.108098588149463,14.124138428088289,0.0,27,0.5,0.8112781247838816,0.0,50,4,50,863.0359807011175,24700,100,11,10
4.487787099645266,24.602162816210388,3.044522437723423,52,0.24,1.5611819421386397,0.0,24,4,25,1410.4017475240464,4.429006008629611,10.699904188765332,2.19722457733622,18,0.25,2.259422768818224,0.0,25,8,25,419.1909095846465,8.412825991399586e-14,22.30745914177573,0.0,53,0.26,1.897520139850759,0.0,26,4,25,1575.5410936820135,4.651356905204729,10.015828727429469,0.0,14,0.63,1.2870102911617602,0.0,63,8,25,387.70561519606485,-7.808338748824825,13.833418849895322,0.0,28,0.25,1.4895642179521462,3.044522437723423,26,4,50,866.0805031387383,-7.108098588148441,14.124138428086528,0.0,27,0.5,0.8112781247838816,0.0,50,4,50,863.0359807010153,-7.44299605629807,14.072943360357476,0.0,28,0.13,1.4895642179521462,3.044522437723423,38,4,50,823.4571890106159,-7.077653363771203,14.142696557079358,0.0,27,0.49,0.8112781247028926,0.0,49,4,50,866.0805031387384,24750,100,11,10
4.457341875267586,24.605813551377395,1.5222612188617115,52,0.25,1.8975201398507588,0.0,25,4,25,1412.017340710947,4.12445335320122,10.355689217118751,1.0986122886681098,17,0.26,2.238845536816478,0.0,26,8,25,389.0446767126648,0.0304452243774101,22.30951585353007,0.0,53,0.25,1.913373186404603,0.0,25,4,25,1575.6852238333831,4.651356905204236,10.015828727428152,0.0,14,0.63,1.2870102911617602,0.0,63,8,25,387.7056151960169,-7.83878397320095,13.812834819316365,0.0,28,0.26,1.4895642179521462,0.0,26,4,50,863.0359807009041,-7.108098588147323,14.1241384280846,0.0,27,0.5,0.8112781247838816,0.0,50,4,50,863.0359807009036,-7.41255083191972,14.092292448383706,0.0,28,0.12,1.4895642179521462,3.044522437723423,39,4,50,826.5017114482281,-7.108098588147329,14.12413842808461,0.0,27,0.5,0.8112781247838816,0.0,50,4,50,863.035980700904,24800,100,11,10
4.142572707363828,24.45904915518905,0.0,52,0.26,1.5611819421386397,0.0,26,4,25,1385.4541669326563,4.033117680069025,10.396060194694147,0.0,17,0.25,1.903084570639961,-3.044522437723423,26,8,25,395.73069053770513,8.700595799382426e-14,22.311613919642845,0.0,53,0.24,1.913373186404603,0.0,24,4,25,1575.8352228474746,4.9661260731067935,10.3536225973802,0.0,15,0.62,1.310233267254462,0.0,62,8,25,418.4322541584032,-7.930119646331629,13.763968667785074,-3.044522437723423,28,0.25,1.5095699921973325,-3.044522437723423,26,4,50,859.9914582630781,-7.1080985881463,14.124138428082832,0.0,27,0.5,0.8112781247838816,0.0,50,4,50,863.035980700801,-7.534331729427634,14.02756078858479,-3.044522437723423,28,0.12,1.5095699921973325,3.044522437723423,37,4,50,826.5017114481255,-7.1385438125235385,14.105490170227965,0.0,27,0.51,0.8112781248243761,0.0,51,4,50,859.991458263078,24850,100,11,10
4.173017931740654,24.455768373160826,1.5222612188617115,52,0.25,1.5611819421386397,0.0,25,4,25,1383.807561628588,4.3376703354962185,10.741571165449818,1.0986122886681098,18,0.24,1.912795954638569,-3.044522437723423,26,8,25,425.8463871758805,-0.0304452243770673,22.309515853524044,0.0,53,0.25,1.897520139850759,0.0,25,4,25,1575.6852238329566,4.966126073106261,10.353622597378834,0.0,15,0.62,1.310233267254462,0.0,62,8,25,418.4322541583511,-7.899674421953279,13.78482739422983,-3.044522437723423,28,0.24,1.5095699921973325,-3.044522437723423,26,4,50,863.0359807006903,-7.108098588145194,14.124138428080922,0.0,27,0.5,0.8112781247838816,0.0,50,4,50,863.0359807006905,-7.564776953803759,14.007857607674818,-3.044522437723423,28,0.13,1.5095699921973325,3.044522437723423,36,4,50,823.4571890102911,-7.1080985881451895,14.124138428080917,0.0,27,0.5,0.8112781247838816,0.0,50,4,50,863.0359807006902,24900,100,11,10
4.487787099643043,24.60216281619702,3.044522437723423,52,0.24,1.5611819421386397,0.0,24,4,25,1410.4017475232693,4.429006008627388,10.699904188759715,2.19722457733622,18,0.25,2.259422768818224,0.0,25,8,25,419.1909095844311,8.355982572538779e-14,22.30745914176368,0.0,53,0.26,1.897520139850759,0.0,26,4,25,1575.5410936811602,4.651356905202677,10.015828727423976,0.0,14,0.63,1.2870102911617602,0.0,63,8,25,387.70561519586494,-7.80833874882055,13.833418849888014,0.0,28,0.25,1.4895642179521462,3.044522437723423,26,4,50,866.0805031383111,-7.108098588144166,14.124138428079153,0.0,27,0.5,0.8112781247838816,0.0,50,4,50,863.035980700588,-7.442996056293794,14.07294336035018,0.0,28,0.13,1.4895642179521462,3.044522437723423,38,4,50,823.4571890101887,-7.077653363766927,14.142696557071986,0.0,27,0.49,0.8112781247028926,0.0,49,4,50,866.0805031383111,24950,100,11,10
4.457341875265363,24.605813551364022,1.5222612188617115,52,0.25,1.8975201398507588,0.0,25,4,25,1412.01734071017,4.124453353199169,10.355689217113335,1.0986122886681098,17,0.26,2.238845536816478,0.0,26,8,25,389.0446767124672,0.030445224377409,22.30951585351801,0.0,53,0.25,1.913373186404603,0.0,25,4,25,1575.6852238325291,4.651356905202185,10.015828727422658,0.0,14,0.63,1.2870102911617602,0.0,63,8,25,387.705615195817,-7.838783973196676,13.812834819309051,0.0,28,0.26,1.4895642179521462,0.0,26,4,50,863.0359807004768,-7.108098588143052,14.124138428077226,0.0,27,0.5,0.8112781247838816,0.0,50,4,50,863.0359807004763,-7.41255083191545,14.092292448376403,0.0,28,0.12,1.4895642179521462,3.044522437723423,39,4,50,826.5017114478009,-7.108098588143054,14.124138428077234,0.0,27,0.5,0.8112781247838816,0.0,50,4,50,863.0359807004768,25000,100,11,10
4.142572707361776,24.45904915517576,0.0,52,0.26,1.5611819421386397,0.0,26,4,25,1385.4541669318935,4.033117680066975,10.396060194688731,0.0,17,0.25,1.903084570639961,-3.044522437723423,26,8,25,395.7306905375078,8.697043085703626e-14,22.311613919630787,0.0,53,0.24,1.913373186404603,0.0,24,4,25,1575.8352228466208,4.96612607310457,10.353622597374509,0.0,15,0.62,1.310233267254462,0.0,62,8,25,418.43225415818586,-7.930119646327355,13.763968667777764,-3.044522437723423,28,0.25,1.5095699921973325,-3.044522437723423,26,4,50,859.9914582626508,-7.108098588142026,14.124138428075458,0.0,27,0.5,0.8112781247838816,0.0,50,4,50,863.0359807003738,-7.534331729423362,14.027560788577496,-3.044522437723423,28,0.12,1.5095699921973325,3.044522437723423,37,4,50,826.5017114476982,-7.138543812519264,14.105490170220593,0.0,27,0.51,0.8112781248243761,0.0,51,4,50,859.9914582626507,25050,100,11,10
4.173017931738602,24.45576837314753,1.5222612188617115,52,0.25,1.5611819421386397,0.0,25,4,25,1383.8075616278247,4.337670335493996,10.7415711654442,1.0986122886681098,18,0.24,1.912795954638569,-3.044522437723423,26,8,25,425.8463871756654,-0.0304452243770668,22.309515853511986,0.0,53,0.25,1.897520139850759,0.0,25,4,25,1575.6852238321032,4.9661260731040375,10.353622597373144,0.0,15,0.62,1.310233267254462,0.0,62,8,25,418.4322541581337,-7.899674421949005,13.784827394222525,-3.044522437723423,28,0.24,1.5095699921973325,-3.044522437723423,26,4,50,863.0359807002628,-7.10809858814092,14.124138428073552,0.0,27,0.5,0.8112781247838816,0.0,50,4,50,863.0359807002633,-7.564776953799484,14.00785760766752,-3.044522437723423,28,0.13,1.5095699921973325,3.044522437723423,36,4,50,823.4571890098639,-7.108098588140916,14.124138428073543,0.0,27,0.5,0.8112781247838816,0.0,50,4,50,863.0359807002628,25100,100,11,10
4.487787099640823,24.602162816183647,3.044522437723423,52,0.24,1.5611819421386397,0.0,24,4,25,1410.401747522492,4.429006008625165,10.6999041887541,2.19722457733622,18,0.25,2.259422768818224,0.0,25,8,25,419.1909095842159,8.355982572538779e-14,22.30745914175161,0.0,53,0.26,1.897520139850759,0.0,26,4,25,1575.5410936803064,4.651356905200626,10.015828727418482,0.0,14,0.63,1.2870102911617602,0.0,63,8,25,387.7056151956652,-7.808338748816278,13.8334188498807,0.0,28,0.25,1.4895642179521462,3.044522437723423,26,4,50,866.0805031378836,-7.108098588139895,14.12413842807178,0.0,27,0.5,0.8112781247838816,0.0,50,4,50,863.0359807001607,-7.442996056289522,14.072943360342876,0.0,28,0.13,1.4895642179521462,3.044522437723423,38,4,50,823.4571890097614,-7.077653363762656,14.142696557064612,0.0,27,0.49,0.8112781247028926,0.0,49,4,50,866.0805031378836,25150,100,11,10
4.457341875263141,24.60581355135065,1.5222612188617115,52,0.25,1.8975201398507588,0.0,25,4,25,1412.0173407093926,4.124453353197117,10.35568921710792,1.0986122886681098,17,0.26,2.238845536816478,0.0,26,8,25,389.0446767122696,0.0304452243774102,22.30951585350595,0.0,53,0.25,1.913373186404603,0.0,25,4,25,1575.6852238316758,4.651356905200134,10.015828727417166,0.0,14,0.63,1.2870102911617602,0.0,63,8,25,387.7056151956172,-7.838783973192402,13.812834819301742,0.0,28,0.26,1.4895642179521462,0.0,26,4,50,863.0359807000494,-7.108098588138777,14.124138428069854,0.0,27,0.5,0.8112781247838816,0.0,50,4,50,863.0359807000491,-7.412550831911175,14.092292448369106,0.0,28,0.12,1.4895642179521462,3.044522437723423,39,4,50,826.5017114473734,-7.108098588138781,14.12413842806986,0.0,27,0.5,0.8112781247838816,0.0,50,4,50,863.0359807000494,25200,100,11,10
4.142572707359724,24.459049155162468,0.0,52,0.26,1.5611819421386397,0.0,26,4,25,1385.4541669311304,4.033117680064922,10.396060194683317,0.0,17,0.25,1.903084570639961,-3.044522437723423,26,8,25,395.73069053731047,8.700595799382426e-14,22.31161391961873,0.0,53,0.24,1.913373186404603,0.0,24,4,25,1575.8352228457672,4.966126073102347,10.353622597368815,0.0,15,0.62,1.310233267254462,0.0,62,8,25,418.4322541579686,-7.930119646323081,13.763968667770454,-3.044522437723423,28,0.25,1.5095699921973325,-3.044522437723423,26,4,50,859.9914582622234,-7.108098588137751,14.124138428068084,0.0,27,0.5,0.8112781247838816,0.0,50,4,50,863.0359806999465,-7.534331729419088,14.027560788570202,-3.044522437723423,28,0.12,1.5095699921973325,3.044522437723423,37,4,50,826.501711447271,-7.138543812514991,14.105490170213216,0.0,27,0.51,0.8112781248243761,0.0,51,4,50,859.9914582622234,25250,100,11,10
4.17301793173655,24.455768373134248,1.5222612188617115,52,0.25,1.5611819421386397,0.0,25,4,25,1383.807561627062,4.337670335491776,10.741571165438588,1.0986122886681098,18,0.24,1.912795954638569,-3.044522437723423,26,8,25,425.84638717545033,-0.0304452243770679,22.309515853499928,0.0,53,0.25,1.897520139850759,0.0,25,4,25,1575.6852238312492,4.966126073101815,10.353622597367451,0.0,15,0.62,1.310233267254462,0.0,62,8,25,418.4322541579165,-7.899674421944735,13.78482739421521,-3.044522437723423,28,0.24,1.5095699921973325,-3.044522437723423,26,4,50,863.0359806998354,-7.108098588136647,14.124138428066177,0.0,27,0.5,0.8112781247838816,0.0,50,4,50,863.0359806998358,-7.5647769537952145,14.007857607660227,-3.044522437723423,28,0.13,1.5095699921973325,3.044522437723423,36,4,50,823.4571890094364,-7.108098588136644,14.124138428066168,0.0,27,0.5,0.8112781247838816,0.0,50,4,50,863.0359806998355,25300,100,11,10
4.487787099638598,24.60216281617027,3.044522437723423,52,0.24,1.5611819421386397,0.0,24,4,25,1410.4017475217142,4.429006008622944,10.69990418874848,2.19722457733622,18,0.25,2.259422768818224,0.0,25,8,25,419.1909095840006,8.412825991399586e-14,22.30745914173956,0.0,53,0.26,1.897520139850759,0.0,26,4,25,1575.5410936794526,4.651356905198575,10.01582872741299,0.0,14,0.63,1.2870102911617602,0.0,63,8,25,387.7056151954652,-7.8083387488120035,13.833418849873391,0.0,28,0.25,1.4895642179521462,3.044522437723423,26,4,50,866.0805031374564,-7.108098588135621,14.124138428064407,0.0,27,0.5,0.8112781247838816,0.0,50,4,50,863.0359806997333,-7.442996056285249,14.072943360335582,0.0,28,0.13,1.4895642179521462,3.044522437723423,38,4,50,823.457189009334,-7.077653363758383,14.14269655705724,0.0,27,0.49,0.8112781247028926,0.0,49,4,50,866.0805031374564,25350,100,11,10
4.457341875260919,24.60581355133728,1.5222612188617115,52,0.25,1.8975201398507588,0.0,25,4,25,1412.0173407086152,4.124453353195066,10.3556892171025,1.0986122886681098,17,0.26,2.238845536816478,0.0,26,8,25,389.044676712072,0.030445224377409,22.309515853493888,0.0,53,0.25,1.913373186404603,0.0,25,4,25,1575.685223830822,4.6513569051980825,10.015828727411671,0.0,14,0.63,1.2870102911617602,0.0,63,8,25,387.7056151954173,-7.8387839731881295,13.812834819294428,0.0,28,0.26,1.4895642179521462,0.0,26,4,50,863.035980699622,-7.108098588134505,14.12413842806248,0.0,27,0.5,0.8112781247838816,0.0,50,4,50,863.0359806996217,-7.4125508319069,14.09229244836181,0.0,28,0.12,1.4895642179521462,3.044522437723423,39,4,50,826.5017114469462,-7.108098588134509,14.124138428062489,0.0,27,0.5,0.8112781247838816,0.0,50,4,50,863.0359806996221,25400,100,11,10
4.142572707357674,24.459049155149177,0.0,52,0.26,1.5611819421386397,0.0,26,4,25,1385.4541669303671,4.033117680062872,10.396060194677904,0.0,17,0.25,1.903084570639961,-3.044522437723423,26,8,25,395.730690537113,8.810729923425246e-14,22.311613919606668,0.0,53,0.24,1.913373186404603,0.0,24,4,25,1575.8352228449137,4.966126073100128,10.35362259736313,0.0,15,0.62,1.310233267254462,0.0,62,8,25,418.4322541577513,-7.9301196463188095,13.763968667763145,-3.044522437723423,28,0.25,1.5095699921973325,-3.044522437723423,26,4,50,859.9914582617961,-7.108098588133479,14.12413842806071,0.0,27,0.5,0.8112781247838816,0.0,50,4,50,863.0359806995191,-7.534331729414814,14.02756078856291,-3.044522437723423,28,0.12,1.5095699921973325,3.044522437723423,37,4,50,826.5017114468435,-7.138543812510718,14.105490170205842,0.0,27,0.51,0.8112781248243761,0.0,51,4,50,859.9914582617962,25450,100,11,10
4.173017931734498,24.45576837312096,1.5222612188617115,52,0.25,1.5611819421386397,0.0,25,4,25,1383.8075616262986,4.337670335489552,10.741571165432973,1.0986122886681098,18,0.24,1.912795954638569,-3.044522437723423,26,8,25,425.8463871752352,-0.0304452243770668,22.30951585348787,0.0,53,0.25,1.897520139850759,0.0,25,4,25,1575.6852238303957,4.966126073099593,10.35362259736176,0.0,15,0.62,1.310233267254462,0.0,62,8,25,418.4322541576992,-7.899674421940458,13.784827394207904,-3.044522437723423,28,0.24,1.5095699921973325,-3.044522437723423,26,4,50,863.0359806994081,-7.108098588132371,14.124138428058805,0.0,27,0.5,0.8112781247838816,0.0,50,4,50,863.0359806994085,-7.564776953790938,14.007857607652928,-3.044522437723423,28,0.13,1.5095699921973325,3.044522437723423,36,4,50,823.4571890090091,-7.108098588132367,14.124138428058794,0.0,27,0.5,0.8112781247838816,0.0,50,4,50,863.0359806994081,25500,100,11,10
4.4877870996363765,24.602162816156905,3.044522437723423,52,0.24,1.5611819421386397,0.0,24,4,25,1410.401747520937,4.429006008620721,10.699904188742863,2.19722457733622,18,0.25,2.259422768818224,0.0,25,8,25,419.1909095837852,8.416378705078387e-14,22.30745914172749,0.0,53,0.26,1.897520139850759,0.0,26,4,25,1575.541093678599,4.651356905196523,10.015828727407497,0.0,14,0.63,1.2870102911617602,0.0,63,8,25,387.7056151952655,-7.80833874880773,13.833418849866076,0.0,28,0.25,1.4895642179521462,3.044522437723423,26,4,50,866.080503137029,-7.108098588131347,14.124138428057034,0.0,27,0.5,0.8112781247838816,0.0,50,4,50,863.0359806993059,-7.442996056280976,14.07294336032828,0.0,28,0.13,1.4895642179521462,3.044522437723423,38,4,50,823.4571890089067,-7.077653363754109,14.142696557049868,0.0,27,0.49,0.8112781247028926,0.0,49,4,50,866.0805031370289,25550,100,11,10
4.457341875258697,24.6058135513239,1.5222612188617115,52,0.25,1.8975201398507588,0.0,25,4,25,1412.0173407078378,4.124453353193016,10.355689217097082,1.0986122886681098,17,0.26,2.238845536816478,0.0,26,8,25,389.0446767118745,0.0304452243774096,22.30951585348184,0.0,53,0.25,1.913373186404603,0.0,25,4,25,1575.6852238299684,4.651356905196031,10.015828727406175,0.0,14,0.63,1.2870102911617602,0.0,63,8,25,387.7056151952174,-7.838783973183856,13.812834819287112,0.0,28,0.26,1.4895642179521462,0.0,26,4,50,863.0359806991946,-7.108098588130231,14.124138428055106,0.0,27,0.5,0.8112781247838816,0.0,50,4,50,863.0359806991943,-7.412550831902629,14.092292448354511,0.0,28,0.12,1.4895642179521462,3.044522437723423,39,4,50,826.5017114465188,-7.108098588130235,14.124138428055112,0.0,27,0.5,0.8112781247838816,0.0,50,4,50,863.0359806991946,25600,100,11,10
4.142572707355622,24.459049155135883,0.0,52,0.26,1.5611819421386397,0.0,26,4,25,1385.454166929604,4.03311768006082,10.396060194672486,0.0,17,0.25,1.903084570639961,-3.044522437723423,26,8,25,395.7306905369157,8.700595799382426e-14,22.31161391959461,0.0,53,0.24,1.913373186404603,0.0,24,4,25,1575.83522284406,4.966126073097904,10.353622597357438,0.0,15,0.62,1.310233267254462,0.0,62,8,25,418.4322541575339,-7.930119646314534,13.763968667755831,-3.044522437723423,28,0.25,1.5095699921973325,-3.044522437723423,26,4,50,859.9914582613687,-7.108098588129203,14.124138428053335,0.0,27,0.5,0.8112781247838816,0.0,50,4,50,863.0359806990919,-7.53433172941054,14.027560788555611,-3.044522437723423,28,0.12,1.5095699921973325,3.044522437723423,37,4,50,826.501711446416,-7.138543812506442,14.105490170198468,0.0,27,0.51,0.8112781248243761,0.0,51,4,50,859.9914582613687,25650,100,11,10
4.173017931732448,24.455768373107663,1.5222612188617115,52,0.25,1.5611819421386397,0.0,25,4,25,1383.8075616255353,4.33767033548733,10.74157116542736,1.0986122886681098,18,0.24,1.912795954638569,-3.044522437723423,26,8,25,425.8463871750201,-0.0304452243770679,22.30951585347581,0.0,53,0.25,1.897520139850759,0.0,25,4,25,1575.685223829542,4.966126073097372,10.353622597356074,0.0,15,0.62,1.310233267254462,0.0,62,8,25,418.4322541574819,-7.899674421936186,13.784827394200592,-3.044522437723423,28,0.24,1.5095699921973325,-3.044522437723423,26,4,50,863.0359806989807,-7.1080985881281,14.124138428051433,0.0,27,0.5,0.8112781247838816,0.0,50,4,50,863.0359806989811,-7.564776953786666,14.007857607645636,-3.044522437723423,28,0.13,1.5095699921973325,3.044522437723423,36,4,50,823.4571890085817,-7.108098588128096,14.124138428051424,0.0,27,0.5,0.8112781247838816,0.0,50,4,50,863.0359806989808,25700,100,11,10
4.487787099634156,24.60216281614353,3.044522437723423,52,0.24,1.5611819421386397,0.0,24,4,25,1410.4017475201597,4.429006008618498,10.699904188737246,2.19722457733622,18,0.25,2.259422768818224,0.0,25,8,25,419.19090958357,8.355982572538779e-14,22.30745914171543,0.0,53,0.26,1.897520139850759,0.0,26,4,25,1575.541093677745,4.651356905194473,10.015828727402004,0.0,14,0.63,1.2870102911617602,0.0,63,8,25,387.7056151950656,-7.8083387488034575,13.833418849858765,0.0,28,0.25,1.4895642179521462,3.044522437723423,26,4,50,866.0805031366015,-7.108098588127075,14.124138428049664,0.0,27,0.5,0.8112781247838816,0.0,50,4,50,863.0359806988787,-7.442996056276701,14.072943360320984,0.0,28,0.13,1.4895642179521462,3.044522437723423,38,4,50,823.4571890084792,-7.077653363749835,14.142696557042491,0.0,27,0.49,0.8112781247028926,0.0,49,4,50,866.0805031366017,25750,100,11,10
4.457341875256474,24.60581355131053,1.5222612188617115,52,0.25,1.8975201398507588,0.0,25,4,25,1412.0173407070604,4.124453353190964,10.355689217091664,1.0986122886681098,17,0.26,2.238845536816478,0.0,26,8,25,389.04467671167697,0.030445224377409,22.30951585346977,0.0,53,0.25,1.913373186404603,0.0,25,4,25,1575.6852238291149,4.651356905193979,10.01582872740068,0.0,14,0.63,1.2870102911617602,0.0,63,8,25,387.7056151950176,-7.838783973179582,13.812834819279798,0.0,28,0.26,1.4895642179521462,0.0,26,4,50,863.0359806987674,-7.108098588125956,14.124138428047734,0.0,27,0.5,0.8112781247838816,0.0,50,4,50,863.0359806987669,-7.412550831898354,14.092292448347216,0.0,28,0.12,1.4895642179521462,3.044522437723423,39,4,50,826.5017114460913,-7.10809858812596,14.12413842804774,0.0,27,0.5,0.8112781247838816,0.0,50,4,50,863.0359806987674,25800,100,11,10
4.142572707353571,24.4590491551226,0.0,52,0.26,1.5611819421386397,0.0,26,4,25,1385.454166928841,4.03311768005877,10.396060194667072,0.0,17,0.25,1.903084570639961,-3.044522437723423,26,8,25,395.7306905367184,8.697043085703626e-14,22.311613919582552,0.0,53,0.24,1.913373186404603,0.0,24,4,25,1575.835222843206,4.9661260730956815,10.353622597351748,0.0,15,0.62,1.310233267254462,0.0,62,8,25,418.4322541573167,-7.930119646310263,13.76396866774852,-3.044522437723423,28,0.25,1.5095699921973325,-3.044522437723423,26,4,50,859.9914582609413,-7.108098588124932,14.124138428045963,0.0,27,0.5,0.8112781247838816,0.0,50,4,50,863.0359806986644,-7.534331729406269,14.027560788548325,-3.044522437723423,28,0.12,1.5095699921973325,3.044522437723423,37,4,50,826.5017114459889,-7.138543812502171,14.105490170191096,0.0,27,0.51,0.8112781248243761,0.0,51,4,50,859.9914582609413,25850,100,11,10
4.173017931730397,24.455768373094376,1.5222612188617115,52,0.25,1.5611819421386397,0.0,25,4,25,1383.8075616247725,4.337670335485109,10.741571165421744,1.0986122886681098,18,0.24,1.912795954638569,-3.044522437723423,26,8,25,425.8463871748049,-0.0304452243770673,22.30951585346375,0.0,53,0.25,1.897520139850759,0.0,25,4,25,1575.685223828688,4.966126073095149,10.353622597350382,0.0,15,0.62,1.310233267254462,0.0,62,8,25,418.4322541572645,-7.899674421931911,13.784827394193284,-3.044522437723423,28,0.24,1.5095699921973325,-3.044522437723423,26,4,50,863.0359806985534,-7.108098588123826,14.124138428044056,0.0,27,0.5,0.8112781247838816,0.0,50,4,50,863.0359806985539,-7.564776953782392,14.007857607638345,-3.044522437723423,28,0.13,1.5095699921973325,3.044522437723423,36,4,50,823.4571890081545,-7.108098588123821,14.12413842804405,0.0,27,0.5,0.8112781247838816,0.0,50,4,50,863.0359806985535,25900,100,11,10
4.487787099631933,24.60216281613016,3.044522437723423,52,0.24,1.5611819421386397,0.0,24,4,25,1410.4017475193823,4.429006008616276,10.69990418873163,2.19722457733622,18,0.25,2.259422768818224,0.0,25,8,25,419.19090958335465,8.359535286217579e-14,22.30745914170337,0.0,53,0.26,1.897520139850759,0.0,26,4,25,1575.5410936768917,4.65135690519242,10.015828727396508,0.0,14,0.63,1.2870102911617602,0.0,63,8,25,387.70561519486574,-7.808338748799182,13.833418849851451,0.0,28,0.25,1.4895642179521462,3.044522437723423,26,4,50,866.0805031361742,-7.1080985881228,14.124138428042288,0.0,27,0.5,0.8112781247838816,0.0,50,4,50,863.0359806984513,-7.442996056272426,14.072943360313689,0.0,28,0.13,1.4895642179521462,3.044522437723423,38,4,50,823.4571890080518,-7.077653363745561,14.142696557035125,0.0,27,0.49,0.8112781247028926,0.0,49,4,50,866.0805031361742,25950,100,11,10
4.4573418752542535,24.60581355129716,1.5222612188617115,52,0.25,1.8975201398507588,0.0,25,4,25,1412.0173407062832,4.124453353188913,10.355689217086248,1.0986122886681098,17,0.26,2.238845536816478,0.0,26,8,25,389.0446767114795,0.030445224377409,22.309515853457714,0.0,53,0.25,1.913373186404603,0.0,25,4,25,1575.6852238282609,4.651356905191929,10.01582872739519,0.0,14,0.63,1.2870102911617602,0.0,63,8,25,387.70561519481777,-7.83878397317531,13.812834819272489,0.0,28,0.26,1.4895642179521462,0.0,26,4,50,863.0359806983399,-7.108098588121685,14.124138428040364,0.0,27,0.5,0.8112781247838816,0.0,50,4,50,863.0359806983395,-7.412550831894082,14.092292448339917,0.0,28,0.12,1.4895642179521462,3.044522437723423,39,4,50,826.5017114456641,-7.108098588121688,14.12413842804037,0.0,27,0.5,0.8112781247838816,0.0,50,4,50,863.0359806983399,26000,100,11,10
4.14257270735152,24.4590491551093,0.0,52,0.26,1.5611819421386397,0.0,26,4,25,1385.4541669280782,4.033117680056718,10.396060194661658,0.0,17,0.25,1.903084570639961,-3.044522437723423,26,8,25,395.73069053652097,8.700595799382426e-14,22.31161391957049,0.0,53,0.24,1.913373186404603,0.0,24,4,25,1575.8352228423528,4.96612607309346,10.353622597346057,0.0,15,0.62,1.310233267254462,0.0,62,8,25,418.43225415709935,-7.930119646305986,13.763968667741212,-3.044522437723423,28,0.25,1.5095699921973325,-3.044522437723423,26,4,50,859.991458260514,-7.108098588120658,14.124138428038592,0.0,27,0.5,0.8112781247838816,0.0,50,4,50,863.035980698237,-7.534331729401995,14.027560788541024,-3.044522437723423,28,0.12,1.5095699921973325,3.044522437723423,37,4,50,826.5017114455616,-7.138543812497897,14.105490170183725,0.0,27,0.51,0.8112781248243761,0.0,51,4,50,859.991458260514,26050,100,11,10
4.173017931728344,24.455768373081085,1.5222612188617115,52,0.25,1.5611819421386397,0.0,25,4,25,1383.8075616240092,4.337670335482886,10.741571165416127,1.0986122886681098,18,0.24,1.912795954638569,-3.044522437723423,26,8,25,425.8463871745898,-0.0304452243770679,22.309515853451693,0.0,53,0.25,1.897520139850759,0.0,25,4,25,1575.6852238278343,4.9661260730929255,10.353622597344692,0.0,15,0.62,1.310233267254462,0.0,62,8,25,418.4322541570472,-7.899674421927639,13.784827394185976,-3.044522437723423,28,0.24,1.5095699921973325,-3.044522437723423,26,4,50,863.0359806981261,-7.108098588119553,14.124138428036686,0.0,27,0.5,0.8112781247838816,0.0,50,4,50,863.0359806981264,-7.56477695377812,14.007857607631047,-3.044522437723423,28,0.13,1.5095699921973325,3.044522437723423,36,4,50,823.457189007727,-7.108098588119549,14.124138428036677,0.0,27,0.5,0.8112781247838816,0.0,50,4,50,863.0359806981261,26100,100,11,10
4.48778709962971,24.60216281611678,3.044522437723423,52,0.24,1.5611819421386397,0.0,24,4,25,1410.4017475186051,4.429006008614056,10.69990418872601,2.19722457733622,18,0.25,2.259422768818224,0.0,25,8,25,419.1909095831393,8.469669410260394e-14,22.30745914169131,0.0,53,0.26,1.897520139850759,0.0,26,4,25,1575.5410936760377,4.65135690519037,10.015828727391014,0.0,14,0.63,1.2870102911617602,0.0,63,8,25,387.705615194666,-7.80833874879491,13.833418849844143,0.0,28,0.25,1.4895642179521462,3.044522437723423,26,4,50,866.0805031357469,-7.108098588118528,14.124138428034914,0.0,27,0.5,0.8112781247838816,0.0,50,4,50,863.035980698024,-7.442996056268156,14.072943360306386,0.0,28,0.13,1.4895642179521462,3.044522437723423,38,4,50,823.4571890076245,-7.077653363741288,14.14269655702775,0.0,27,0.49,0.8112781247028926,0.0,49,4,50,866.080503135747,26150,100,11,10
4.457341875252031,24.605813551283784,1.5222612188617115,52,0.25,1.8975201398507588,0.0,25,4,25,1412.0173407055058,4.12445335318686,10.355689217080828,1.0986122886681098,17,0.26,2.238845536816478,0.0,26,8,25,389.0446767112819,0.0304452243774096,22.309515853445657,0.0,53,0.25,1.913373186404603,0.0,25,4,25,1575.6852238274073,4.651356905189877,10.015828727389694,0.0,14,0.63,1.2870102911617602,0.0,63,8,25,387.7056151946179,-7.838783973171035,13.812834819265172,0.0,28,0.26,1.4895642179521462,0.0,26,4,50,863.0359806979126,-7.108098588117409,14.124138428032987,0.0,27,0.5,0.8112781247838816,0.0,50,4,50,863.0359806979122,-7.412550831889806,14.092292448332625,0.0,28,0.12,1.4895642179521462,3.044522437723423,39,4,50,826.5017114452367,-7.108098588117413,14.124138428032996,0.0,27,0.5,0.8112781247838816,0.0,50,4,50,863.0359806979127,26200,100,11,10
4.142572707349469,24.45904915509601,0.0,52,0.26,1.5611819421386397,0.0,26,4,25,1385.4541669273149,4.033117680054667,10.396060194656242,0.0,17,0.25,1.903084570639961,-3.044522437723423,26,8,25,395.73069053632366,8.697043085703626e-14,22.31161391955844,0.0,53,0.24,1.913373186404603,0.0,24,4,25,1575.835222841499,4.966126073091238,10.353622597340369,0.0,15,0.62,1.310233267254462,0.0,62,8,25,418.432254156882,-7.930119646301714,13.7639686677339,-3.044522437723423,28,0.25,1.5095699921973325,-3.044522437723423,26,4,50,859.9914582600867,-7.108098588116385,14.12413842803122,0.0,27,0.5,0.8112781247838816,0.0,50,4,50,863.0359806978097,-7.534331729397719,14.02756078853373,-3.044522437723423,28,0.12,1.5095699921973325,3.044522437723423,37,4,50,826.5017114451342,-7.138543812493624,14.105490170176347,0.0,27,0.51,0.8112781248243761,0.0,51,4,50,859.9914582600867,26250,100,11,10
4.173017931726295,24.455768373067794,1.5222612188617115,52,0.25,1.5611819421386397,0.0,25,4,25,1383.8075616232463,4.337670335480663,10.741571165410514,1.0986122886681098,18,0.24,1.912795954638569,-3.044522437723423,26,8,25,425.8463871743747,-0.0304452243770673,22.30951585343963,0.0,53,0.25,1.897520139850759,0.0,25,4,25,1575.685223826981,4.966126073090705,10.353622597339005,0.0,15,0.62,1.310233267254462,0.0,62,8,25,418.4322541568298,-7.8996744219233666,13.784827394178665,-3.044522437723423,28,0.24,1.5095699921973325,-3.044522437723423,26,4,50,863.0359806976987,-7.10809858811528,14.124138428029312,0.0,27,0.5,0.8112781247838816,0.0,50,4,50,863.0359806976992,-7.564776953773845,14.007857607623752,-3.044522437723423,28,0.13,1.5095699921973325,3.044522437723423,36,4,50,823.4571890072999,-7.108098588115276,14.124138428029305,0.0,27,0.5,0.8112781247838816,0.0,50,4,50,863.0359806976987,26300,100,11,10
4.487787099627488,24.602162816103405,3.044522437723423,52,0.24,1.5611819421386397,0.0,24,4,25,1410.401747517828,4.429006008611832,10.699904188720394,2.19722457733622,18,0.25,2.259422768818224,0.0,25,8,25,419.190909582924,8.416378705078387e-14,22.307459141679256,0.0,53,0.26,1.897520139850759,0.0,26,4,25,1575.541093675184,4.651356905188318,10.01582872738552,0.0,14,0.63,1.2870102911617602,0.0,63,8,25,387.705615194466,-7.808338748790636,13.833418849836828,0.0,28,0.25,1.4895642179521462,3.044522437723423,26,4,50,866.0805031353198,-7.108098588114252,14.124138428027544,0.0,27,0.5,0.8112781247838816,0.0,50,4,50,863.0359806975966,-7.442996056263881,14.072943360299089,0.0,28,0.13,1.4895642179521462,3.044522437723423,38,4,50,823.4571890071973,-7.077653363737015,14.142696557020376,0.0,27,0.49,0.8112781247028926,0.0,49,4,50,866.0805031353195,26350,100,11,10
4.457341875249807,24.60581355127041,1.5222612188617115,52,0.25,1.8975201398507588,0.0,25,4,25,1412.017340704729,4.12445335318481,10.355689217075412,1.0986122886681098,17,0.26,2.238845536816478,0.0,26,8,25,389.0446767110842,0.030445224377409,22.309515853433595,0.0,53,0.25,1.913373186404603,0.0,25,4,25,1575.6852238265535,4.651356905187826,10.015828727384202,0.0,14,0.63,1.2870102911617602,0.0,63,8,25,387.70561519441816,-7.8387839731667635,13.812834819257862,0.0,28,0.26,1.4895642179521462,0.0,26,4,50,863.0359806974855,-7.108098588113137,14.124138428025612,0.0,27,0.5,0.8112781247838816,0.0,50,4,50,863.0359806974848,-7.412550831885536,14.092292448325324,0.0,28,0.12,1.4895642179521462,3.044522437723423,39,4,50,826.5017114448093,-7.108098588113141,14.124138428025622,0.0,27,0.5,0.8112781247838816,0.0,50,4,50,863.0359806974853,26400,100,11,10
4.142572707347417,24.45904915508272,0.0,52,0.26,1.5611819421386397,0.0,26,4,25,1385.4541669265516,4.033117680052616,10.396060194650827,0.0,17,0.25,1.903084570639961,-3.044522437723423,26,8,25,395.7306905361262,8.700595799382426e-14,22.31161391954638,0.0,53,0.24,1.913373186404603,0.0,24,4,25,1575.8352228406454,4.966126073089015,10.353622597334676,0.0,15,0.62,1.310233267254462,0.0,62,8,25,418.4322541566647,-7.930119646297442,13.76396866772659,-3.044522437723423,28,0.25,1.5095699921973325,-3.044522437723423,26,4,50,859.9914582596593,-7.108098588112111,14.124138428023844,0.0,27,0.5,0.8112781247838816,0.0,50,4,50,863.0359806973823,-7.534331729393449,14.027560788526436,-3.044522437723423,28,0.12,1.5095699921973325,3.044522437723423,37,4,50,826.5017114447068,-7.138543812489351,14.105490170168974,0.0,27,0.51,0.8112781248243761,0.0,51,4,50,859.9914582596592,26450,100,11,10
4.173017931724242,24.455768373054504,1.5222612188617115,52,0.25,1.5611819421386397,0.0,25,4,25,1383.8075616224833,4.337670335478441,10.7415711654049,1.0986122886681098,18,0.24,1.912795954638569,-3.044522437723423,26,8,25,425.84638717415953,-0.0304452243770673,22.309515853427573,0.0,53,0.25,1.897520139850759,0.0,25,4,25,1575.685223826127,4.966126073088482,10.353622597333311,0.0,15,0.62,1.310233267254462,0.0,62,8,25,418.4322541566125,-7.899674421919091,13.784827394171357,-3.044522437723423,28,0.24,1.5095699921973325,-3.044522437723423,26,4,50,863.0359806972715,-7.108098588111005,14.124138428021938,0.0,27,0.5,0.8112781247838816,0.0,50,4,50,863.0359806972718,-7.564776953769569,14.007857607616456,-3.044522437723423,28,0.13,1.5095699921973325,3.044522437723423,36,4,50,823.4571890068725,-7.108098588111001,14.124138428021933,0.0,27,0.5,0.8112781247838816,0.0,50,4,50,863.0359806972713,26500,100,11,10
4.487787099625267,24.60216281609004,3.044522437723423,52,0.24,1.5611819421386397,0.0,24,4,25,1410.4017475170506,4.42900600860961,10.699904188714775,2.19722457733622,18,0.25,2.259422768818224,0.0,25,8,25,419.1909095827087,8.355982572538779e-14,22.307459141667195,0.0,53,0.26,1.897520139850759,0.0,26,4,25,1575.54109367433,4.651356905186268,10.015828727380024,0.0,14,0.63,1.2870102911617602,0.0,63,8,25,387.7056151942662,-7.808338748786364,13.83341884982952,0.0,28,0.25,1.4895642179521462,3.044522437723423,26,4,50,866.0805031348923,-7.108098588109981,14.124138428020167,0.0,27,0.5,0.8112781247838816,0.0,50,4,50,863.0359806971693,-7.442996056259608,14.072943360291791,0.0,28,0.13,1.4895642179521462,3.044522437723423,38,4,50,823.4571890067698,-7.0776533637327415,14.142696557013004,0.0,27,0.49,0.8112781247028926,0.0,49,4,50,866.0805031348922,26550,100,11,10
