Timestamp,PC,Type,Address,pattern_type,Delta_with_1_last_read,Delta_with_1_last_write,Delta_with_2_last_read,Delta_with_2_last_write,Delta_with_3_last_read,Delta_with_3_last_write,Delta_with_4_last_read,Delta_with_4_last_write,Delta_with_5_last_read,Delta_with_5_last_write,Delta_with_6_last_read,Delta_with_6_last_write,Delta_with_7_last_read,Delta_with_7_last_write,Delta_with_8_last_read,Delta_with_8_last_write,Delta_with_1_next_read,Delta_with_1_next_write,Delta_with_2_next_read,Delta_with_2_next_write,Delta_with_3_next_read,Delta_with_3_next_write,Delta_with_4_next_read,Delta_with_4_next_write,Delta_with_5_next_read,Delta_with_5_next_write,Delta_with_6_next_read,Delta_with_6_next_write,Delta_with_7_next_read,Delta_with_7_next_write,Delta_with_8_next_read,Delta_with_8_next_write
5,0x557414aa5109,R,0x7ffdaed52460,1,,,,,,,,,,,,,,,,,-46770485372040,-8,-46770485372024,-24,-104,-280,-33625541880,-288,-372,-304,16,-312,-364,-372,-46770485372064,-384
9,0x557414aa5111,W,0x7ffdaed52458,1,-8,,,,,,,,,,,,,,,,-46770485372032,-8,-46770485372016,-264,-96,-272,-33625541872,-288,-376,-296,-46770485372048,-304,-384,-364,-46770485372056,-320
11,0x557414aa5112,W,0x7ffdaed52450,1,-16,-8,-16,,,,,,,,,,,,,,-46770485372024,-8,-88,-256,-88,-272,-356,-280,32,-288,-348,-296,-376,-368,-46770485372048,-348
16,0x557414aa511f,R,0x557414aa7fd8,1,-46770485372040,-46770485372024,-46770485372040,-46770485372032,-46770485372040,,,,,,,,,,,,16,46770485372016,46770485371936,46770485371760,46736859830160,46770485371752,46770485371656,46770485371744,-16,46770485371736,46770485371676,46770485371668,46770485371648,46770485371712,-24,46770485371648
17,0x557414aa511f,W,0x7ffdaed52448,1,46770485372016,-8,-24,-16,-24,-16,-24,,,,,,,,,,-46770485372000,-248,-80,-256,-348,-264,40,-272,-46770485372032,-288,-340,-360,-368,-340,-46770485372040,-340
21,0x557414aa5008,R,0x557414aa7fe8,1,16,-46770485372000,-46770485372024,-46770485372016,-46770485372024,-46770485372008,-46770485372024,-46770485372016,-46770485372024,,,,,,,,46770485371920,46770485371752,46736859830144,46770485371744,46770485371640,46770485371736,46770485372040,46770485371720,-32,46770485371652,46770485371660,46770485371696,46770485371632,46770485371632,-40,46770485371680
26,0x557414aa501a,R,0x7ffdaed523f8,1,46770485371920,-80,-104,-88,46770485371936,-88,-104,-88,-104,-96,-104,,,,,,0,-168,-268,-176,-280,-192,120,-208,-46770485371952,-280,-260,-260,-288,-260,-46770485371960,-288
39,0x557414aa5198,R,0x7ffdaed523f8,1,0,-80,46770485371936,-88,46770485371936,-96,46770485371936,-88,-104,-88,-104,-96,-104,,,,-33625541776,-168,-268,-184,-280,-200,120,-268,-46770485371952,-224,-260,-288,-288,-240,-46770485371960,-232
42,0x557414aa51ed,W,0x7ffdaed52350,1,-168,-248,46770485371752,-256,-272,-264,46770485371768,-248,46770485371768,-256,-272,-256,-272,-264,-272,,-33625541608,-8,-100,-24,-112,-40,288,-112,-46770485371784,-92,-92,-92,-120,-120,-46770485371792,-520
45,0x557414aa51f1,W,0x7ffdaed52348,1,-176,-8,-176,-264,46770485371760,-272,46770485371744,-256,46770485371760,-256,46770485371760,-264,-280,-264,-280,-272,-33625541600,-8,-92,-24,-104,-92,296,-48,-46770485371776,-112,-84,-64,-112,-56,-46770485371792,-512
47,0x557414aa51f3,W,0x7ffdaed52340,1,-184,-8,-184,-264,46770485371736,-280,-288,-264,46770485371736,-264,46770485371752,-264,46770485371752,-272,-288,-272,-33625541592,-8,-84,-24,-96,-96,304,-76,-46770485371768,-76,-76,-104,-46770485371776,-48,-46770485371784,-504
49,0x557414aa51f5,W,0x7ffdaed52338,1,-192,-8,-192,-24,46770485371728,-280,46770485371744,-272,-192,-272,46770485371728,-272,46770485371744,-272,46770485371744,-280,-33625541584,-8,-76,-76,-88,-32,312,-96,-46770485371760,-48,-96,-96,-46770485371768,-496,-46770485371776,-64
51,0x557414aa51f7,W,0x7ffdaed52330,1,-200,-8,-200,-24,46770485371720,-280,46770485371736,-296,-304,-280,-200,-280,46770485371720,-280,46770485371736,-280,-33625541576,-8,-68,-80,-80,-60,320,-60,-60,-40,-88,-32,-46770485371760,-488,-56,-56
53,0x557414aa51f9,W,0x7ffdaed52328,1,-208,-8,-208,-24,46770485371712,-40,46770485371728,-296,-312,-40,-208,-288,-208,-288,46770485371712,-288,-33625541568,-60,-60,-16,-72,-80,-46770485371744,-52,-52,-80,-80,-480,-46770485371760,-480,-52,-48
56,0x557414aa51fe,W,0x7ffdaed522ec,1,-268,-60,-268,-76,46770485371652,-92,46770485371668,-348,-372,-364,-268,-100,-268,-348,-268,-348,-33625541508,-12,0,8,388,-20,-46770485371684,28,8,36,-46770485371692,-420,12,-420,36,12
58,0x557414aa5201,W,0x7ffdaed522e0,1,-280,-12,-280,-80,46770485371640,-96,46770485371656,-112,-384,-368,-280,-104,-280,-112,-280,-360,-33625541496,56,0,20,400,20,-46770485371672,-8,-8,48,-46770485371688,-408,20,-408,48,-400
60,0x557414aa5205,R,0x7ff5da981768,1,-33625541776,-33625541496,-33625541776,-33625541568,46736859830144,-33625541584,46736859830160,-33625541600,-33625541880,-33625541856,-33625541776,-33625541872,-33625541776,-33625541600,-33625541776,-33625541608,33625541508,33625541552,33625541496,33625541488,33625541896,33625541536,33625541516,33625541488,-46736859830184,33625541544,33625541520,33625541088,33625541516,33625541520,33625541520,33625541096
62,0x557414aa520e,W,0x7ffdaed52318,1,33625541552,56,-224,44,46770485371696,-24,46770485371712,-40,-328,-56,-224,-312,-224,-40,-224,-48,-44,-36,-56,-36,-46770485371728,-16,-64,-64,-46770485371744,-8,-32,-464,-8,-32,-32,-32
67,0x557414aa521a,W,0x7ffdaed522f4,1,33625541516,-36,-260,8,46770485371660,-52,46770485371676,-68,-364,-84,-260,-340,-260,-356,-260,-76,-8,-28,380,0,0,20,-46770485371700,-28,-46770485371708,-428,0,-428,28,-420,4,4
69,0x557414aa5221,R,0x7ffdaed522ec,1,33625541508,-8,-268,12,-268,-60,46770485371668,-68,-372,-84,-268,-100,-268,-356,-268,-76,-12,-20,-46770485371684,8,-20,28,-46770485371692,36,12,-420,8,12,12,-412,12,-408
72,0x557414aa5227,R,0x7ffdaed522e0,1,-12,-20,-280,-56,-280,-12,46770485371640,-80,-384,-88,-280,-104,-280,-360,-280,-376,400,-8,20,20,-8,-8,-46770485371688,48,24,-408,48,24,24,24,24,-396
75,0x557414aa522f,R,0x7ffdaed52470,1,400,380,33625541896,344,120,400,46770485372040,328,46770485372056,312,120,304,120,288,120,32,-46770485372072,-408,-380,-360,-46770485372080,-408,-46770485372088,-808,-380,-808,-352,-800,-376,-376,-376,-376
78,0x557414aa5235,W,0x7ffdaed522d8,1,-408,-28,-20,-64,-288,-8,46770485371632,-20,46770485371648,-88,-392,-104,-288,-112,-288,-368,-46770485371664,28,0,48,-46770485371672,56,32,-400,28,32,32,-392,32,-388,32,-384
81,0x557414aa50e4,R,0x557414aa7fc8,1,-46770485372072,-46770485371664,-46770485371672,-46770485371728,-46736859830176,-46770485371672,-46770485371952,-46770485371684,-16,-46770485371744,-46770485372056,-46770485371760,-46736859830176,-46770485371776,-46770485371952,-46770485371784,46770485371692,46770485371692,46770485371664,46770485371664,-16,46770485371720,46770485371696,46770485371264,46770485371720,46770485371696,46770485371696,46770485371696,46770485371696,46770485371696,46770485371696,46770485371696
83,0x557414aa523a,W,0x7ffdaed522f4,1,46770485371692,28,20,0,8,20,-260,8,46770485371660,-52,-364,-60,33625541516,-76,33625541516,-92,0,20,-46770485371700,-28,-46770485371708,-428,0,-428,28,-420,4,-416,4,-412,4,4
85,0x557414aa523d,R,0x7ffdaed522f4,1,46770485371692,0,-380,0,8,-36,33625541516,8,-260,-52,46770485371676,-60,33625541516,-68,33625541516,-84,-28,20,-46770485371700,28,4,-428,0,4,28,4,4,4,4,-412,4,-408
89,0x557414aa5247,W,0x7ffdaed52308,1,20,20,-360,48,40,-16,33625541536,40,-240,-32,46770485371680,-40,-344,-48,33625541536,-56,-48,-48,-46770485371728,8,-16,-448,-20,-440,8,-436,-16,-16,-16,-16,-20,-428
122,0x557414aa52d7,R,0x7ffdaed522d8,1,-28,-48,46770485371664,0,-8,-28,-20,-8,-288,-20,-288,-88,46770485371648,-96,-20,-104,-46770485371672,0,-46770485371680,-400,32,32,28,32,32,-388,32,-384,32,32,28,32
123,0x557414aa52d7,W,0x7ffdaed522d8,1,0,-48,46770485371664,-28,-408,-28,-20,-64,33625541488,-20,-288,-80,46770485371632,-96,-392,-104,-46770485371672,56,-46770485371680,-400,32,-392,56,32,32,32,32,-384,32,-380,56,32
129,0x557414aa52ea,W,0x7ffdaed52310,1,56,56,28,28,-352,56,48,-8,33625541544,48,-232,-24,46770485371688,-32,46770485371704,-48,-46770485371728,-456,-46770485371736,-24,-28,-448,0,-444,-24,-24,-24,-24,-28,-436,-24,-24
132,0x557414aa52f3,W,0x7ffdaed52148,1,-400,-456,-428,-448,46770485371264,-400,-408,-428,-420,-408,-688,-420,-688,-488,46770485371248,-496,-46770485371272,0,432,432,428,432,432,12,432,16,432,432,456,20,432,432
135,0x557414aa50d4,R,0x557414aa7fc0,1,-46770485371672,-46770485371272,-46770485371700,-46770485371672,-8,-46770485371700,-46770485372080,-46770485371700,-46770485371692,-46770485371736,-46736859830184,-46770485371692,-46770485371960,-46770485371752,-40,-46770485371768,-8,46770485371272,46770485371704,46770485371280,46770485371728,46770485371704,46770485371704,46770485371704,46770485371704,46770485371288,46770485371700,46770485371704,46770485371704,46770485371292,46770485371704,46770485371704
138,0x557414aa52fa,W,0x7ffdaed52148,1,46770485371272,0,-428,-456,46770485371264,-448,-808,-400,-408,-464,33625541088,-408,-688,-480,46770485371232,-488,-46770485371280,432,428,8,456,12,432,432,432,16,456,432,432,20,432,432
141,0x557414aa50c4,R,0x557414aa7fb8,1,-8,-46770485371280,-46770485371680,-46770485371736,-16,-46770485371680,-46770485372088,-46770485371708,-46770485371688,-46770485371708,-46770485371700,-46770485371688,-46770485371968,-46770485371700,-46770485371968,-46770485371768,46770485371712,46770485371712,46770485371708,46770485371712,46770485371712,46770485371292,46770485371712,46770485371712,46770485371708,46770485371296,46770485371712,46770485371712,46770485371712,46770485371300,46770485371712,46770485371304
143,0x557414aa52ff,W,0x7ffdaed522f8,1,46770485371712,432,32,432,4,32,-376,-16,24,32,12,-32,33625541520,12,-256,-48,0,-424,24,0,0,-420,0,0,24,-416,0,0,0,0,-4,-408
146,0x557414aa531c,R,0x7ffdaed522f8,1,46770485371712,0,46770485371704,432,4,-24,46770485371696,-16,24,4,12,4,33625541520,24,-256,-48,-4,-424,0,0,0,-420,-4,0,0,-416,0,-412,0,0,-4,0
148,0x557414aa531f,R,0x7ffdaed522f4,1,-4,-4,46770485371700,428,28,-28,46770485371692,28,-380,0,8,28,33625541516,-36,-260,8,28,-420,4,4,4,-416,28,4,4,4,4,-408,4,-404,28,4
151,0x557414aa5308,R,0x7ffdaed52310,1,28,24,46770485371736,456,56,456,28,56,-352,8,48,56,33625541544,28,-232,48,-24,-448,-24,-24,-28,-444,0,-440,-24,-24,-24,-24,-28,-432,-24,-24
153,0x557414aa530c,R,0x7ffdaed522f8,1,-24,0,0,432,46770485371704,432,4,-24,46770485371696,-16,24,4,12,4,-256,-32,0,-424,0,0,-4,0,0,-416,0,-412,0,0,24,-408,0,0
156,0x557414aa5312,R,0x7ffdaed522f8,1,0,0,4,432,46770485371712,432,32,-24,46770485371696,32,-376,4,12,32,33625541520,-32,0,-424,0,-420,24,0,0,0,0,-412,-4,0,0,-408,0,0
158,0x557414aa5315,W,0x7ffdaed52150,1,-424,-424,-448,8,-424,8,46770485371280,-448,-420,-392,-800,-440,-400,-392,33625541096,-420,424,424,420,4,448,8,424,424,424,12,448,424,424,16,424,424
160,0x557414aa5318,R,0x7ffdaed522f8,1,0,424,0,432,4,432,46770485371712,-24,32,32,46770485371696,-16,24,4,12,4,0,0,-4,0,0,-416,0,0,-4,-412,0,0,0,-408,0,-404
161,0x557414aa5318,W,0x7ffdaed522f8,1,0,424,0,0,-24,432,0,-24,46770485371704,32,4,-16,-376,4,12,32,0,-420,24,0,0,-416,0,0,24,-412,0,0,0,0,-4,-404
163,0x557414aa531c,R,0x7ffdaed522f8,1,0,0,0,0,-24,432,4,-24,46770485371712,32,32,-16,46770485371696,4,24,32,-4,-420,0,0,0,-416,-4,0,0,-412,0,-408,0,0,-4,0
165,0x557414aa531f,R,0x7ffdaed522f4,1,-4,-4,-4,420,-4,428,0,428,-4,28,46770485371700,-20,0,0,-380,28,28,-416,4,4,4,-412,28,4,4,4,4,-404,4,-400,28,4
168,0x557414aa5308,R,0x7ffdaed52310,1,28,24,24,448,24,24,0,456,24,0,46770485371736,8,56,28,46770485371720,56,-24,-444,-24,-24,-28,-440,0,-436,-24,-24,-24,-24,-28,-428,-24,-24
170,0x557414aa530c,R,0x7ffdaed522f8,1,-24,0,0,424,0,0,-24,432,4,-24,46770485371712,32,46770485371704,4,4,32,0,-420,0,0,-4,0,0,-412,0,-408,0,0,24,-404,0,0
173,0x557414aa5312,R,0x7ffdaed522f8,1,0,0,4,424,0,0,0,432,4,432,0,32,46770485371704,-16,32,32,0,-420,0,-416,24,0,0,0,0,-408,-4,0,0,-404,0,0
175,0x557414aa5315,W,0x7ffdaed52154,1,-420,-420,-444,4,-420,-420,-420,12,-444,12,-420,-444,46770485371292,-436,-388,-416,420,420,416,4,444,8,420,420,420,12,444,420,420,16,420,420
177,0x557414aa5318,R,0x7ffdaed522f8,1,0,420,0,424,4,0,0,432,0,432,4,-24,46770485371712,32,46770485371704,4,0,0,-4,0,0,-412,0,0,-4,-408,0,0,0,-404,0,-400
178,0x557414aa5318,W,0x7ffdaed522f8,1,0,420,0,0,-24,0,0,432,0,432,-24,-24,0,32,46770485371704,-16,0,-416,24,0,0,-412,0,0,24,-408,0,0,0,0,-4,-400
180,0x557414aa531c,R,0x7ffdaed522f8,1,0,0,0,0,-24,424,4,432,0,432,0,-24,4,32,46770485371712,-16,-4,-416,0,0,0,-412,-4,0,0,-408,0,-404,0,0,-4,0
182,0x557414aa531f,R,0x7ffdaed522f4,1,-4,-4,-4,416,-4,420,0,-4,-4,428,-4,-28,-28,28,-4,-20,28,-412,4,4,4,-408,28,4,4,4,4,-400,4,-396,28,4
185,0x557414aa5308,R,0x7ffdaed52310,1,28,24,24,444,24,24,0,24,24,456,24,0,24,56,28,8,-24,-440,-24,-24,-28,-436,0,-432,-24,-24,-24,-24,-28,-424,-24,-24
187,0x557414aa530c,R,0x7ffdaed522f8,1,-24,0,0,420,0,0,-24,424,4,432,0,432,0,32,-24,-16,0,-416,0,0,-4,0,0,-408,0,-404,0,0,24,-400,0,0
190,0x557414aa5312,R,0x7ffdaed522f8,1,0,0,4,420,0,0,0,424,4,0,0,432,0,-24,0,-16,0,-416,0,-412,24,0,0,0,0,-404,-4,0,0,-400,0,0
192,0x557414aa5315,W,0x7ffdaed52158,1,-416,-416,-440,4,-416,-416,-416,8,-440,-416,-416,16,-416,-440,-416,-384,416,416,412,4,440,8,416,416,416,12,440,416,416,16,416,416
194,0x557414aa5318,R,0x7ffdaed522f8,1,0,416,0,420,4,0,0,424,0,0,4,432,0,432,0,32,0,0,-4,0,0,-408,0,0,-4,-404,0,0,0,-400,0,-396
195,0x557414aa5318,W,0x7ffdaed522f8,1,0,416,0,0,-24,0,0,424,0,0,-24,432,0,432,0,-24,0,-412,24,0,0,-408,0,0,24,-404,0,0,0,0,-4,-396
197,0x557414aa531c,R,0x7ffdaed522f8,1,0,0,0,0,-24,420,4,424,0,0,0,432,4,432,0,-24,-4,-412,0,0,0,-408,-4,0,0,-404,0,-400,0,0,-4,0
199,0x557414aa531f,R,0x7ffdaed522f4,1,-4,-4,-4,412,-4,416,0,-4,-4,-4,-4,428,-28,428,-4,-28,28,-408,4,4,4,-404,28,4,4,4,4,-396,4,-392,28,4
202,0x557414aa5308,R,0x7ffdaed52310,1,28,24,24,440,24,24,0,24,24,448,24,456,24,456,28,0,-24,-436,-24,-24,-28,-432,0,-428,-24,-24,-24,-24,-28,-420,-24,-24
204,0x557414aa530c,R,0x7ffdaed522f8,1,-24,0,0,416,0,0,-24,420,4,424,0,0,0,432,-24,-24,0,-412,0,0,-4,0,0,-404,0,-400,0,0,24,-396,0,0
207,0x557414aa5312,R,0x7ffdaed522f8,1,0,0,4,416,0,0,0,420,4,0,0,0,0,432,0,-24,0,-412,0,-408,24,0,0,0,0,-400,-4,0,0,-396,0,0
209,0x557414aa5315,W,0x7ffdaed5215c,1,-412,-412,-436,4,-412,-412,-412,8,-436,-412,-412,12,-412,20,-412,20,412,412,408,4,436,8,412,412,412,12,436,412,412,16,412,412
211,0x557414aa5318,R,0x7ffdaed522f8,1,0,412,0,416,4,0,0,420,0,0,4,424,0,0,0,432,0,0,-4,0,0,-404,0,0,-4,-400,0,0,0,-396,0,-392
212,0x557414aa5318,W,0x7ffdaed522f8,1,0,412,0,0,-24,0,0,420,0,0,-24,424,0,0,0,432,0,-408,24,0,0,-404,0,0,24,-400,0,0,0,0,-4,-392
214,0x557414aa531c,R,0x7ffdaed522f8,1,0,0,0,0,-24,416,4,420,0,0,0,424,4,0,0,432,-4,-408,0,0,0,-404,-4,0,0,-400,0,-396,0,0,-4,0
216,0x557414aa531f,R,0x7ffdaed522f4,1,-4,-4,-4,408,-4,412,0,-4,-4,-4,-4,420,-28,-4,-4,428,28,-404,4,4,4,-400,28,4,4,4,4,-392,4,-388,28,4
219,0x557414aa5308,R,0x7ffdaed52310,1,28,24,24,436,24,24,0,24,24,444,24,448,24,24,28,456,-24,-432,-24,-24,-28,-428,0,-424,-24,-24,-24,-24,-28,-416,-24,-24
221,0x557414aa530c,R,0x7ffdaed522f8,1,-24,0,0,412,0,0,-24,416,4,420,0,0,0,0,-24,432,0,-408,0,0,-4,0,0,-400,0,-396,0,0,24,-392,0,0
224,0x557414aa5312,R,0x7ffdaed522f8,1,0,0,4,412,0,0,0,416,4,0,0,0,0,424,0,432,0,-408,0,-404,24,0,0,0,0,-396,-4,0,0,-392,0,0
226,0x557414aa5315,W,0x7ffdaed52160,1,-408,-408,-432,4,-408,-408,-408,8,-432,-408,-408,12,-408,16,-408,-408,408,408,404,4,432,8,408,408,408,12,432,408,408,16,408,408
228,0x557414aa5318,R,0x7ffdaed522f8,1,0,408,0,412,4,0,0,416,0,0,4,420,0,0,0,0,0,0,-4,0,0,-400,0,0,-4,-396,0,0,0,-392,0,-388
229,0x557414aa5318,W,0x7ffdaed522f8,1,0,408,0,0,-24,0,0,416,0,0,-24,420,0,0,0,424,0,-404,24,0,0,-400,0,0,24,-396,0,0,0,0,-4,-388
231,0x557414aa531c,R,0x7ffdaed522f8,1,0,0,0,0,-24,412,4,416,0,0,0,420,4,0,0,424,-4,-404,0,0,0,-400,-4,0,0,-396,0,-392,0,0,-4,0
233,0x557414aa531f,R,0x7ffdaed522f4,1,-4,-4,-4,404,-4,408,0,-4,-4,-4,-4,416,-28,-4,-4,420,28,-400,4,4,4,-396,28,4,4,4,4,-388,4,-384,28,4
236,0x557414aa5308,R,0x7ffdaed52310,1,28,24,24,432,24,24,0,24,24,440,24,444,24,24,28,448,-24,-428,-24,-24,-28,-424,0,-420,-24,-24,-24,-24,-28,-412,-24,-24
238,0x557414aa530c,R,0x7ffdaed522f8,1,-24,0,0,408,0,0,-24,412,4,416,0,0,0,0,-24,424,0,-404,0,0,-4,0,0,-396,0,-392,0,0,24,-388,0,0
241,0x557414aa5312,R,0x7ffdaed522f8,1,0,0,4,408,0,0,0,412,4,0,0,0,0,420,0,424,0,-404,0,-400,24,0,0,0,0,-392,-4,0,0,-388,0,0
243,0x557414aa5315,W,0x7ffdaed52164,1,-404,-404,-428,4,-404,-404,-404,8,-428,-404,-404,12,-404,16,-404,-404,404,404,400,4,428,8,404,404,404,12,428,404,404,16,404,404
245,0x557414aa5318,R,0x7ffdaed522f8,1,0,404,0,408,4,0,0,412,0,0,4,416,0,0,0,0,0,0,-4,0,0,-396,0,0,-4,-392,0,0,0,-388,0,-384
246,0x557414aa5318,W,0x7ffdaed522f8,1,0,404,0,0,-24,0,0,412,0,0,-24,416,0,0,0,420,0,-400,24,0,0,-396,0,0,24,-392,0,0,0,0,-4,-384
248,0x557414aa531c,R,0x7ffdaed522f8,1,0,0,0,0,-24,408,4,412,0,0,0,416,4,0,0,420,-4,-400,0,0,0,-396,-4,0,0,-392,0,-388,0,0,-4,0
250,0x557414aa531f,R,0x7ffdaed522f4,1,-4,-4,-4,400,-4,404,0,-4,-4,-4,-4,412,-28,-4,-4,416,28,-396,4,4,4,-392,28,4,4,4,4,-384,4,-380,28,4
253,0x557414aa5308,R,0x7ffdaed52310,1,28,24,24,428,24,24,0,24,24,436,24,440,24,24,28,444,-24,-424,-24,-24,-28,-420,0,-416,-24,-24,-24,-24,-28,-408,-24,-24
255,0x557414aa530c,R,0x7ffdaed522f8,1,-24,0,0,404,0,0,-24,408,4,412,0,0,0,0,-24,420,0,-400,0,0,-4,0,0,-392,0,-388,0,0,24,-384,0,0
258,0x557414aa5312,R,0x7ffdaed522f8,1,0,0,4,404,0,0,0,408,4,0,0,0,0,416,0,420,0,-400,0,-396,24,0,0,0,0,-388,-4,0,0,-384,0,0
260,0x557414aa5315,W,0x7ffdaed52168,1,-400,-400,-424,4,-400,-400,-400,8,-424,-400,-400,12,-400,16,-400,-400,400,400,396,4,424,8,400,400,400,12,424,400,400,16,400,400
262,0x557414aa5318,R,0x7ffdaed522f8,1,0,400,0,404,4,0,0,408,0,0,4,412,0,0,0,0,0,0,-4,0,0,-392,0,0,-4,-388,0,0,0,-384,0,-380
263,0x557414aa5318,W,0x7ffdaed522f8,1,0,400,0,0,-24,0,0,408,0,0,-24,412,0,0,0,416,0,-396,24,0,0,-392,0,0,24,-388,0,0,0,0,-4,-380
265,0x557414aa531c,R,0x7ffdaed522f8,1,0,0,0,0,-24,404,4,408,0,0,0,412,4,0,0,416,-4,-396,0,0,0,-392,-4,0,0,-388,0,-384,0,0,-4,0
267,0x557414aa531f,R,0x7ffdaed522f4,1,-4,-4,-4,396,-4,400,0,-4,-4,-4,-4,408,-28,-4,-4,412,28,-392,4,4,4,-388,28,4,4,4,4,-380,4,-376,28,4
270,0x557414aa5308,R,0x7ffdaed52310,1,28,24,24,424,24,24,0,24,24,432,24,436,24,24,28,440,-24,-420,-24,-24,-28,-416,0,-412,-24,-24,-24,-24,-28,-404,-24,-24
272,0x557414aa530c,R,0x7ffdaed522f8,1,-24,0,0,400,0,0,-24,404,4,408,0,0,0,0,-24,416,0,-396,0,0,-4,0,0,-388,0,-384,0,0,24,-380,0,0
275,0x557414aa5312,R,0x7ffdaed522f8,1,0,0,4,400,0,0,0,404,4,0,0,0,0,412,0,416,0,-396,0,-392,24,0,0,0,0,-384,-4,0,0,-380,0,0
277,0x557414aa5315,W,0x7ffdaed5216c,1,-396,-396,-420,4,-396,-396,-396,8,-420,-396,-396,12,-396,16,-396,-396,396,396,392,4,420,8,396,396,396,12,420,396,396,16,396,396
279,0x557414aa5318,R,0x7ffdaed522f8,1,0,396,0,400,4,0,0,404,0,0,4,408,0,0,0,0,0,0,-4,0,0,-388,0,0,-4,-384,0,0,0,-380,0,-376
280,0x557414aa5318,W,0x7ffdaed522f8,1,0,396,0,0,-24,0,0,404,0,0,-24,408,0,0,0,412,0,-392,24,0,0,-388,0,0,24,-384,0,0,0,0,-4,-376
282,0x557414aa531c,R,0x7ffdaed522f8,1,0,0,0,0,-24,400,4,404,0,0,0,408,4,0,0,412,-4,-392,0,0,0,-388,-4,0,0,-384,0,-380,0,0,-4,0
284,0x557414aa531f,R,0x7ffdaed522f4,1,-4,-4,-4,392,-4,396,0,-4,-4,-4,-4,404,-28,-4,-4,408,28,-388,4,4,4,-384,28,4,4,4,4,-376,4,-372,28,4
287,0x557414aa5308,R,0x7ffdaed52310,1,28,24,24,420,24,24,0,24,24,428,24,432,24,24,28,436,-24,-416,-24,-24,-28,-412,0,-408,-24,-24,-24,-24,-28,-400,-24,-24
289,0x557414aa530c,R,0x7ffdaed522f8,1,-24,0,0,396,0,0,-24,400,4,404,0,0,0,0,-24,412,0,-392,0,0,-4,0,0,-384,0,-380,0,0,24,-376,0,0
292,0x557414aa5312,R,0x7ffdaed522f8,1,0,0,4,396,0,0,0,400,4,0,0,0,0,408,0,412,0,-392,0,-388,24,0,0,0,0,-380,-4,0,0,-376,0,0
294,0x557414aa5315,W,0x7ffdaed52170,1,-392,-392,-416,4,-392,-392,-392,8,-416,-392,-392,12,-392,16,-392,-392,392,392,388,4,416,8,392,392,392,12,416,392,392,16,392,392
296,0x557414aa5318,R,0x7ffdaed522f8,1,0,392,0,396,4,0,0,400,0,0,4,404,0,0,0,0,0,0,-4,0,0,-384,0,0,-4,-380,0,0,0,-376,0,-372
297,0x557414aa5318,W,0x7ffdaed522f8,1,0,392,0,0,-24,0,0,400,0,0,-24,404,0,0,0,408,0,-388,24,0,0,-384,0,0,24,-380,0,0,0,0,-4,-372
299,0x557414aa531c,R,0x7ffdaed522f8,1,0,0,0,0,-24,396,4,400,0,0,0,404,4,0,0,408,-4,-388,0,0,0,-384,-4,0,0,-380,0,-376,0,0,-4,0
301,0x557414aa531f,R,0x7ffdaed522f4,1,-4,-4,-4,388,-4,392,0,-4,-4,-4,-4,400,-28,-4,-4,404,28,-384,4,4,4,-380,28,4,4,4,4,-372,4,-368,28,4
304,0x557414aa5308,R,0x7ffdaed52310,1,28,24,24,416,24,24,0,24,24,424,24,428,24,24,28,432,-24,-412,-24,-24,-28,-408,0,-404,-24,-24,-24,-24,-28,-396,-24,-24
306,0x557414aa530c,R,0x7ffdaed522f8,1,-24,0,0,392,0,0,-24,396,4,400,0,0,0,0,-24,408,0,-388,0,0,-4,0,0,-380,0,-376,0,0,24,-372,0,0
309,0x557414aa5312,R,0x7ffdaed522f8,1,0,0,4,392,0,0,0,396,4,0,0,0,0,404,0,408,0,-388,0,-384,24,0,0,0,0,-376,-4,0,0,-372,0,0
311,0x557414aa5315,W,0x7ffdaed52174,1,-388,-388,-412,4,-388,-388,-388,8,-412,-388,-388,12,-388,16,-388,-388,388,388,384,4,412,8,388,388,388,12,412,388,388,16,388,388
313,0x557414aa5318,R,0x7ffdaed522f8,1,0,388,0,392,4,0,0,396,0,0,4,400,0,0,0,0,0,0,-4,0,0,-380,0,0,-4,-376,0,0,0,-372,0,-368
314,0x557414aa5318,W,0x7ffdaed522f8,1,0,388,0,0,-24,0,0,396,0,0,-24,400,0,0,0,404,0,-384,24,0,0,-380,0,0,24,-376,0,0,0,0,-4,-368
316,0x557414aa531c,R,0x7ffdaed522f8,1,0,0,0,0,-24,392,4,396,0,0,0,400,4,0,0,404,-4,-384,0,0,0,-380,-4,0,0,-376,0,-372,0,0,-4,0
318,0x557414aa531f,R,0x7ffdaed522f4,1,-4,-4,-4,384,-4,388,0,-4,-4,-4,-4,396,-28,-4,-4,400,28,-380,4,4,4,-376,28,4,4,4,4,-368,4,-364,28,4
321,0x557414aa5308,R,0x7ffdaed52310,1,28,24,24,412,24,24,0,24,24,420,24,424,24,24,28,428,-24,-408,-24,-24,-28,-404,0,-400,-24,-24,-24,-24,-28,-392,-24,-24
323,0x557414aa530c,R,0x7ffdaed522f8,1,-24,0,0,388,0,0,-24,392,4,396,0,0,0,0,-24,404,0,-384,0,0,-4,0,0,-376,0,-372,0,0,24,-368,0,0
326,0x557414aa5312,R,0x7ffdaed522f8,1,0,0,4,388,0,0,0,392,4,0,0,0,0,400,0,404,0,-384,0,-380,24,0,0,0,0,-372,-4,0,0,-368,0,0
328,0x557414aa5315,W,0x7ffdaed52178,1,-384,-384,-408,4,-384,-384,-384,8,-408,-384,-384,12,-384,16,-384,-384,384,384,380,4,408,8,384,384,384,12,408,384,384,16,384,384
330,0x557414aa5318,R,0x7ffdaed522f8,1,0,384,0,388,4,0,0,392,0,0,4,396,0,0,0,0,0,0,-4,0,0,-376,0,0,-4,-372,0,0,0,-368,0,-364
331,0x557414aa5318,W,0x7ffdaed522f8,1,0,384,0,0,-24,0,0,392,0,0,-24,396,0,0,0,400,0,-380,24,0,0,-376,0,0,24,-372,0,0,0,0,-4,-364
333,0x557414aa531c,R,0x7ffdaed522f8,1,0,0,0,0,-24,388,4,392,0,0,0,396,4,0,0,400,-4,-380,0,0,0,-376,-4,0,0,-372,0,-368,0,0,-4,0
335,0x557414aa531f,R,0x7ffdaed522f4,1,-4,-4,-4,380,-4,384,0,-4,-4,-4,-4,392,-28,-4,-4,396,28,-376,4,4,4,-372,28,4,4,4,4,-364,4,-360,28,4
338,0x557414aa5308,R,0x7ffdaed52310,1,28,24,24,408,24,24,0,24,24,416,24,420,24,24,28,424,-24,-404,-24,-24,-28,-400,0,-396,-24,-24,-24,-24,-28,-388,-24,-24
340,0x557414aa530c,R,0x7ffdaed522f8,1,-24,0,0,384,0,0,-24,388,4,392,0,0,0,0,-24,400,0,-380,0,0,-4,0,0,-372,0,-368,0,0,24,-364,0,0
343,0x557414aa5312,R,0x7ffdaed522f8,1,0,0,4,384,0,0,0,388,4,0,0,0,0,396,0,400,0,-380,0,-376,24,0,0,0,0,-368,-4,0,0,-364,0,0
345,0x557414aa5315,W,0x7ffdaed5217c,1,-380,-380,-404,4,-380,-380,-380,8,-404,-380,-380,12,-380,16,-380,-380,380,380,376,4,404,8,380,380,380,12,404,380,380,16,380,380
347,0x557414aa5318,R,0x7ffdaed522f8,1,0,380,0,384,4,0,0,388,0,0,4,392,0,0,0,0,0,0,-4,0,0,-372,0,0,-4,-368,0,0,0,-364,0,-360
348,0x557414aa5318,W,0x7ffdaed522f8,1,0,380,0,0,-24,0,0,388,0,0,-24,392,0,0,0,396,0,-376,24,0,0,-372,0,0,24,-368,0,0,0,0,-4,-360
350,0x557414aa531c,R,0x7ffdaed522f8,1,0,0,0,0,-24,384,4,388,0,0,0,392,4,0,0,396,-4,-376,0,0,0,-372,-4,0,0,-368,0,-364,0,0,-4,0
352,0x557414aa531f,R,0x7ffdaed522f4,1,-4,-4,-4,376,-4,380,0,-4,-4,-4,-4,388,-28,-4,-4,392,28,-372,4,4,4,-368,28,4,4,4,4,-360,4,-356,28,4
355,0x557414aa5308,R,0x7ffdaed52310,1,28,24,24,404,24,24,0,24,24,412,24,416,24,24,28,420,-24,-400,-24,-24,-28,-396,0,-392,-24,-24,-24,-24,-28,-384,-24,-24
357,0x557414aa530c,R,0x7ffdaed522f8,1,-24,0,0,380,0,0,-24,384,4,388,0,0,0,0,-24,396,0,-376,0,0,-4,0,0,-368,0,-364,0,0,24,-360,0,0
360,0x557414aa5312,R,0x7ffdaed522f8,1,0,0,4,380,0,0,0,384,4,0,0,0,0,392,0,396,0,-376,0,-372,24,0,0,0,0,-364,-4,0,0,-360,0,0
362,0x557414aa5315,W,0x7ffdaed52180,1,-376,-376,-400,4,-376,-376,-376,8,-400,-376,-376,12,-376,16,-376,-376,376,376,372,4,400,8,376,376,376,12,400,376,376,16,376,376
364,0x557414aa5318,R,0x7ffdaed522f8,1,0,376,0,380,4,0,0,384,0,0,4,388,0,0,0,0,0,0,-4,0,0,-368,0,0,-4,-364,0,0,0,-360,0,-356
365,0x557414aa5318,W,0x7ffdaed522f8,1,0,376,0,0,-24,0,0,384,0,0,-24,388,0,0,0,392,0,-372,24,0,0,-368,0,0,24,-364,0,0,0,0,-4,-356
367,0x557414aa531c,R,0x7ffdaed522f8,1,0,0,0,0,-24,380,4,384,0,0,0,388,4,0,0,392,-4,-372,0,0,0,-368,-4,0,0,-364,0,-360,0,0,-4,0
369,0x557414aa531f,R,0x7ffdaed522f4,1,-4,-4,-4,372,-4,376,0,-4,-4,-4,-4,384,-28,-4,-4,388,28,-368,4,4,4,-364,28,4,4,4,4,-356,4,-352,28,4
372,0x557414aa5308,R,0x7ffdaed52310,1,28,24,24,400,24,24,0,24,24,408,24,412,24,24,28,416,-24,-396,-24,-24,-28,-392,0,-388,-24,-24,-24,-24,-28,-380,-24,-24
374,0x557414aa530c,R,0x7ffdaed522f8,1,-24,0,0,376,0,0,-24,380,4,384,0,0,0,0,-24,392,0,-372,0,0,-4,0,0,-364,0,-360,0,0,24,-356,0,0
377,0x557414aa5312,R,0x7ffdaed522f8,1,0,0,4,376,0,0,0,380,4,0,0,0,0,388,0,392,0,-372,0,-368,24,0,0,0,0,-360,-4,0,0,-356,0,0
379,0x557414aa5315,W,0x7ffdaed52184,1,-372,-372,-396,4,-372,-372,-372,8,-396,-372,-372,12,-372,16,-372,-372,372,372,368,4,396,8,372,372,372,12,396,372,372,16,372,372
381,0x557414aa5318,R,0x7ffdaed522f8,1,0,372,0,376,4,0,0,380,0,0,4,384,0,0,0,0,0,0,-4,0,0,-364,0,0,-4,-360,0,0,0,-356,0,-352
382,0x557414aa5318,W,0x7ffdaed522f8,1,0,372,0,0,-24,0,0,380,0,0,-24,384,0,0,0,388,0,-368,24,0,0,-364,0,0,24,-360,0,0,0,0,-4,-352
384,0x557414aa531c,R,0x7ffdaed522f8,1,0,0,0,0,-24,376,4,380,0,0,0,384,4,0,0,388,-4,-368,0,0,0,-364,-4,0,0,-360,0,-356,0,0,-4,0
386,0x557414aa531f,R,0x7ffdaed522f4,1,-4,-4,-4,368,-4,372,0,-4,-4,-4,-4,380,-28,-4,-4,384,28,-364,4,4,4,-360,28,4,4,4,4,-352,4,-348,28,4
389,0x557414aa5308,R,0x7ffdaed52310,1,28,24,24,396,24,24,0,24,24,404,24,408,24,24,28,412,-24,-392,-24,-24,-28,-388,0,-384,-24,-24,-24,-24,-28,-376,-24,-24
391,0x557414aa530c,R,0x7ffdaed522f8,1,-24,0,0,372,0,0,-24,376,4,380,0,0,0,0,-24,388,0,-368,0,0,-4,0,0,-360,0,-356,0,0,24,-352,0,0
394,0x557414aa5312,R,0x7ffdaed522f8,1,0,0,4,372,0,0,0,376,4,0,0,0,0,384,0,388,0,-368,0,-364,24,0,0,0,0,-356,-4,0,0,-352,0,0
396,0x557414aa5315,W,0x7ffdaed52188,1,-368,-368,-392,4,-368,-368,-368,8,-392,-368,-368,12,-368,16,-368,-368,368,368,364,4,392,8,368,368,368,12,392,368,368,16,368,368
398,0x557414aa5318,R,0x7ffdaed522f8,1,0,368,0,372,4,0,0,376,0,0,4,380,0,0,0,0,0,0,-4,0,0,-360,0,0,-4,-356,0,0,0,-352,0,-348
399,0x557414aa5318,W,0x7ffdaed522f8,1,0,368,0,0,-24,0,0,376,0,0,-24,380,0,0,0,384,0,-364,24,0,0,-360,0,0,24,-356,0,0,0,0,-4,-348
401,0x557414aa531c,R,0x7ffdaed522f8,1,0,0,0,0,-24,372,4,376,0,0,0,380,4,0,0,384,-4,-364,0,0,0,-360,-4,0,0,-356,0,-352,0,0,-4,0
403,0x557414aa531f,R,0x7ffdaed522f4,1,-4,-4,-4,364,-4,368,0,-4,-4,-4,-4,376,-28,-4,-4,380,28,-360,4,4,4,-356,28,4,4,4,4,-348,4,-344,28,4
406,0x557414aa5308,R,0x7ffdaed52310,1,28,24,24,392,24,24,0,24,24,400,24,404,24,24,28,408,-24,-388,-24,-24,-28,-384,0,-380,-24,-24,-24,-24,-28,-372,-24,-24
408,0x557414aa530c,R,0x7ffdaed522f8,1,-24,0,0,368,0,0,-24,372,4,376,0,0,0,0,-24,384,0,-364,0,0,-4,0,0,-356,0,-352,0,0,24,-348,0,0
411,0x557414aa5312,R,0x7ffdaed522f8,1,0,0,4,368,0,0,0,372,4,0,0,0,0,380,0,384,0,-364,0,-360,24,0,0,0,0,-352,-4,0,0,-348,0,0
413,0x557414aa5315,W,0x7ffdaed5218c,1,-364,-364,-388,4,-364,-364,-364,8,-388,-364,-364,12,-364,16,-364,-364,364,364,360,4,388,8,364,364,364,12,388,364,364,16,364,364
415,0x557414aa5318,R,0x7ffdaed522f8,1,0,364,0,368,4,0,0,372,0,0,4,376,0,0,0,0,0,0,-4,0,0,-356,0,0,-4,-352,0,0,0,-348,0,-344
416,0x557414aa5318,W,0x7ffdaed522f8,1,0,364,0,0,-24,0,0,372,0,0,-24,376,0,0,0,380,0,-360,24,0,0,-356,0,0,24,-352,0,0,0,0,-4,-344
418,0x557414aa531c,R,0x7ffdaed522f8,1,0,0,0,0,-24,368,4,372,0,0,0,376,4,0,0,380,-4,-360,0,0,0,-356,-4,0,0,-352,0,-348,0,0,-4,0
420,0x557414aa531f,R,0x7ffdaed522f4,1,-4,-4,-4,360,-4,364,0,-4,-4,-4,-4,372,-28,-4,-4,376,28,-356,4,4,4,-352,28,4,4,4,4,-344,4,-340,28,4
423,0x557414aa5308,R,0x7ffdaed52310,1,28,24,24,388,24,24,0,24,24,396,24,400,24,24,28,404,-24,-384,-24,-24,-28,-380,0,-376,-24,-24,-24,-24,-28,-368,-24,-24
425,0x557414aa530c,R,0x7ffdaed522f8,1,-24,0,0,364,0,0,-24,368,4,372,0,0,0,0,-24,380,0,-360,0,0,-4,0,0,-352,0,-348,0,0,24,-344,0,0
428,0x557414aa5312,R,0x7ffdaed522f8,1,0,0,4,364,0,0,0,368,4,0,0,0,0,376,0,380,0,-360,0,-356,24,0,0,0,0,-348,-4,0,0,-344,0,0
430,0x557414aa5315,W,0x7ffdaed52190,1,-360,-360,-384,4,-360,-360,-360,8,-384,-360,-360,12,-360,16,-360,-360,360,360,356,4,384,8,360,360,360,12,384,360,360,16,360,360
432,0x557414aa5318,R,0x7ffdaed522f8,1,0,360,0,364,4,0,0,368,0,0,4,372,0,0,0,0,0,0,-4,0,0,-352,0,0,-4,-348,0,0,0,-344,0,-340
433,0x557414aa5318,W,0x7ffdaed522f8,1,0,360,0,0,-24,0,0,368,0,0,-24,372,0,0,0,376,0,-356,24,0,0,-352,0,0,24,-348,0,0,0,0,-4,-340
435,0x557414aa531c,R,0x7ffdaed522f8,1,0,0,0,0,-24,364,4,368,0,0,0,372,4,0,0,376,-4,-356,0,0,0,-352,-4,0,0,-348,0,-344,0,0,-4,0
437,0x557414aa531f,R,0x7ffdaed522f4,1,-4,-4,-4,356,-4,360,0,-4,-4,-4,-4,368,-28,-4,-4,372,28,-352,4,4,4,-348,28,4,4,4,4,-340,4,-336,28,4
440,0x557414aa5308,R,0x7ffdaed52310,1,28,24,24,384,24,24,0,24,24,392,24,396,24,24,28,400,-24,-380,-24,-24,-28,-376,0,-372,-24,-24,-24,-24,-28,-364,-24,-24
442,0x557414aa530c,R,0x7ffdaed522f8,1,-24,0,0,360,0,0,-24,364,4,368,0,0,0,0,-24,376,0,-356,0,0,-4,0,0,-348,0,-344,0,0,24,-340,0,0
445,0x557414aa5312,R,0x7ffdaed522f8,1,0,0,4,360,0,0,0,364,4,0,0,0,0,372,0,376,0,-356,0,-352,24,0,0,0,0,-344,-4,0,0,-340,0,0
447,0x557414aa5315,W,0x7ffdaed52194,1,-356,-356,-380,4,-356,-356,-356,8,-380,-356,-356,12,-356,16,-356,-356,356,356,352,4,380,8,356,356,356,12,380,356,356,16,356,356
449,0x557414aa5318,R,0x7ffdaed522f8,1,0,356,0,360,4,0,0,364,0,0,4,368,0,0,0,0,0,0,-4,0,0,-348,0,0,-4,-344,0,0,0,-340,0,-336
450,0x557414aa5318,W,0x7ffdaed522f8,1,0,356,0,0,-24,0,0,364,0,0,-24,368,0,0,0,372,0,-352,24,0,0,-348,0,0,24,-344,0,0,0,0,-4,-336
452,0x557414aa531c,R,0x7ffdaed522f8,1,0,0,0,0,-24,360,4,364,0,0,0,368,4,0,0,372,-4,-352,0,0,0,-348,-4,0,0,-344,0,-340,0,0,-4,0
454,0x557414aa531f,R,0x7ffdaed522f4,1,-4,-4,-4,352,-4,356,0,-4,-4,-4,-4,364,-28,-4,-4,368,28,-348,4,4,4,-344,28,4,4,4,4,-336,4,-332,28,4
457,0x557414aa5308,R,0x7ffdaed52310,1,28,24,24,380,24,24,0,24,24,388,24,392,24,24,28,396,-24,-376,-24,-24,-28,-372,0,-368,-24,-24,-24,-24,-28,-360,-24,-24
459,0x557414aa530c,R,0x7ffdaed522f8,1,-24,0,0,356,0,0,-24,360,4,364,0,0,0,0,-24,372,0,-352,0,0,-4,0,0,-344,0,-340,0,0,24,-336,0,0
462,0x557414aa5312,R,0x7ffdaed522f8,1,0,0,4,356,0,0,0,360,4,0,0,0,0,368,0,372,0,-352,0,-348,24,0,0,0,0,-340,-4,0,0,-336,0,0
464,0x557414aa5315,W,0x7ffdaed52198,1,-352,-352,-376,4,-352,-352,-352,8,-376,-352,-352,12,-352,16,-352,-352,352,352,348,4,376,8,352,352,352,12,376,352,352,16,352,352
466,0x557414aa5318,R,0x7ffdaed522f8,1,0,352,0,356,4,0,0,360,0,0,4,364,0,0,0,0,0,0,-4,0,0,-344,0,0,-4,-340,0,0,0,-336,0,-332
467,0x557414aa5318,W,0x7ffdaed522f8,1,0,352,0,0,-24,0,0,360,0,0,-24,364,0,0,0,368,0,-348,24,0,0,-344,0,0,24,-340,0,0,0,0,-4,-332
469,0x557414aa531c,R,0x7ffdaed522f8,1,0,0,0,0,-24,356,4,360,0,0,0,364,4,0,0,368,-4,-348,0,0,0,-344,-4,0,0,-340,0,-336,0,0,-4,0
471,0x557414aa531f,R,0x7ffdaed522f4,1,-4,-4,-4,348,-4,352,0,-4,-4,-4,-4,360,-28,-4,-4,364,28,-344,4,4,4,-340,28,4,4,4,4,-332,4,-328,28,4
474,0x557414aa5308,R,0x7ffdaed52310,1,28,24,24,376,24,24,0,24,24,384,24,388,24,24,28,392,-24,-372,-24,-24,-28,-368,0,-364,-24,-24,-24,-24,-28,-356,-24,-24
476,0x557414aa530c,R,0x7ffdaed522f8,1,-24,0,0,352,0,0,-24,356,4,360,0,0,0,0,-24,368,0,-348,0,0,-4,0,0,-340,0,-336,0,0,24,-332,0,0
479,0x557414aa5312,R,0x7ffdaed522f8,1,0,0,4,352,0,0,0,356,4,0,0,0,0,364,0,368,0,-348,0,-344,24,0,0,0,0,-336,-4,0,0,-332,0,0
481,0x557414aa5315,W,0x7ffdaed5219c,1,-348,-348,-372,4,-348,-348,-348,8,-372,-348,-348,12,-348,16,-348,-348,348,348,344,4,372,8,348,348,348,12,372,348,348,16,348,348
483,0x557414aa5318,R,0x7ffdaed522f8,1,0,348,0,352,4,0,0,356,0,0,4,360,0,0,0,0,0,0,-4,0,0,-340,0,0,-4,-336,0,0,0,-332,0,-328
484,0x557414aa5318,W,0x7ffdaed522f8,1,0,348,0,0,-24,0,0,356,0,0,-24,360,0,0,0,364,0,-344,24,0,0,-340,0,0,24,-336,0,0,0,0,-4,-328
486,0x557414aa531c,R,0x7ffdaed522f8,1,0,0,0,0,-24,352,4,356,0,0,0,360,4,0,0,364,-4,-344,0,0,0,-340,-4,0,0,-336,0,-332,0,0,-4,0
488,0x557414aa531f,R,0x7ffdaed522f4,1,-4,-4,-4,344,-4,348,0,-4,-4,-4,-4,356,-28,-4,-4,360,28,-340,4,4,4,-336,28,4,4,4,4,-328,4,-324,28,4
491,0x557414aa5308,R,0x7ffdaed52310,1,28,24,24,372,24,24,0,24,24,380,24,384,24,24,28,388,-24,-368,-24,-24,-28,-364,0,-360,-24,-24,-24,-24,-28,-352,-24,-24
493,0x557414aa530c,R,0x7ffdaed522f8,1,-24,0,0,348,0,0,-24,352,4,356,0,0,0,0,-24,364,0,-344,0,0,-4,0,0,-336,0,-332,0,0,24,-328,0,0
496,0x557414aa5312,R,0x7ffdaed522f8,1,0,0,4,348,0,0,0,352,4,0,0,0,0,360,0,364,0,-344,0,-340,24,0,0,0,0,-332,-4,0,0,-328,0,0
498,0x557414aa5315,W,0x7ffdaed521a0,1,-344,-344,-368,4,-344,-344,-344,8,-368,-344,-344,12,-344,16,-344,-344,344,344,340,4,368,8,344,344,344,12,368,344,344,16,344,344
500,0x557414aa5318,R,0x7ffdaed522f8,1,0,344,0,348,4,0,0,352,0,0,4,356,0,0,0,0,0,0,-4,0,0,-336,0,0,-4,-332,0,0,0,-328,0,-324
501,0x557414aa5318,W,0x7ffdaed522f8,1,0,344,0,0,-24,0,0,352,0,0,-24,356,0,0,0,360,0,-340,24,0,0,-336,0,0,24,-332,0,0,0,0,-4,-324
503,0x557414aa531c,R,0x7ffdaed522f8,1,0,0,0,0,-24,348,4,352,0,0,0,356,4,0,0,360,-4,-340,0,0,0,-336,-4,0,0,-332,0,-328,0,0,-4,0
505,0x557414aa531f,R,0x7ffdaed522f4,1,-4,-4,-4,340,-4,344,0,-4,-4,-4,-4,352,-28,-4,-4,356,28,-336,4,4,4,-332,28,4,4,4,4,-324,4,-320,28,4
508,0x557414aa5308,R,0x7ffdaed52310,1,28,24,24,368,24,24,0,24,24,376,24,380,24,24,28,384,-24,-364,-24,-24,-28,-360,0,-356,-24,-24,-24,-24,-28,-348,-24,-24
510,0x557414aa530c,R,0x7ffdaed522f8,1,-24,0,0,344,0,0,-24,348,4,352,0,0,0,0,-24,360,0,-340,0,0,-4,0,0,-332,0,-328,0,0,24,-324,0,0
513,0x557414aa5312,R,0x7ffdaed522f8,1,0,0,4,344,0,0,0,348,4,0,0,0,0,356,0,360,0,-340,0,-336,24,0,0,0,0,-328,-4,0,0,-324,0,0
515,0x557414aa5315,W,0x7ffdaed521a4,1,-340,-340,-364,4,-340,-340,-340,8,-364,-340,-340,12,-340,16,-340,-340,340,340,336,4,364,8,340,340,340,12,364,340,340,16,340,340
517,0x557414aa5318,R,0x7ffdaed522f8,1,0,340,0,344,4,0,0,348,0,0,4,352,0,0,0,0,0,0,-4,0,0,-332,0,0,-4,-328,0,0,0,-324,0,-320
518,0x557414aa5318,W,0x7ffdaed522f8,1,0,340,0,0,-24,0,0,348,0,0,-24,352,0,0,0,356,0,-336,24,0,0,-332,0,0,24,-328,0,0,0,0,-4,-320
520,0x557414aa531c,R,0x7ffdaed522f8,1,0,0,0,0,-24,344,4,348,0,0,0,352,4,0,0,356,-4,-336,0,0,0,-332,-4,0,0,-328,0,-324,0,0,-4,0
522,0x557414aa531f,R,0x7ffdaed522f4,1,-4,-4,-4,336,-4,340,0,-4,-4,-4,-4,348,-28,-4,-4,352,28,-332,4,4,4,-328,28,4,4,4,4,-320,4,-316,28,4
525,0x557414aa5308,R,0x7ffdaed52310,1,28,24,24,364,24,24,0,24,24,372,24,376,24,24,28,380,-24,-360,-24,-24,-28,-356,0,-352,-24,-24,-24,-24,-28,-344,-24,-24
527,0x557414aa530c,R,0x7ffdaed522f8,1,-24,0,0,340,0,0,-24,344,4,348,0,0,0,0,-24,356,0,-336,0,0,-4,0,0,-328,0,-324,0,0,24,-320,0,0
530,0x557414aa5312,R,0x7ffdaed522f8,1,0,0,4,340,0,0,0,344,4,0,0,0,0,352,0,356,0,-336,0,-332,24,0,0,0,0,-324,-4,0,0,-320,0,0
532,0x557414aa5315,W,0x7ffdaed521a8,1,-336,-336,-360,4,-336,-336,-336,8,-360,-336,-336,12,-336,16,-336,-336,336,336,332,4,360,8,336,336,336,12,360,336,336,16,336,336
534,0x557414aa5318,R,0x7ffdaed522f8,1,0,336,0,340,4,0,0,344,0,0,4,348,0,0,0,0,0,0,-4,0,0,-328,0,0,-4,-324,0,0,0,-320,0,-316
535,0x557414aa5318,W,0x7ffdaed522f8,1,0,336,0,0,-24,0,0,344,0,0,-24,348,0,0,0,352,0,-332,24,0,0,-328,0,0,24,-324,0,0,0,0,-4,-316
537,0x557414aa531c,R,0x7ffdaed522f8,1,0,0,0,0,-24,340,4,344,0,0,0,348,4,0,0,352,-4,-332,0,0,0,-328,-4,0,0,-324,0,-320,0,0,-4,0
539,0x557414aa531f,R,0x7ffdaed522f4,1,-4,-4,-4,332,-4,336,0,-4,-4,-4,-4,344,-28,-4,-4,348,28,-328,4,4,4,-324,28,4,4,4,4,-316,4,-312,28,4
542,0x557414aa5308,R,0x7ffdaed52310,1,28,24,24,360,24,24,0,24,24,368,24,372,24,24,28,376,-24,-356,-24,-24,-28,-352,0,-348,-24,-24,-24,-24,-28,-340,-24,-24
544,0x557414aa530c,R,0x7ffdaed522f8,1,-24,0,0,336,0,0,-24,340,4,344,0,0,0,0,-24,352,0,-332,0,0,-4,0,0,-324,0,-320,0,0,24,-316,0,0
547,0x557414aa5312,R,0x7ffdaed522f8,1,0,0,4,336,0,0,0,340,4,0,0,0,0,348,0,352,0,-332,0,-328,24,0,0,0,0,-320,-4,0,0,-316,0,0
549,0x557414aa5315,W,0x7ffdaed521ac,1,-332,-332,-356,4,-332,-332,-332,8,-356,-332,-332,12,-332,16,-332,-332,332,332,328,4,356,8,332,332,332,12,356,332,332,16,332,332
551,0x557414aa5318,R,0x7ffdaed522f8,1,0,332,0,336,4,0,0,340,0,0,4,344,0,0,0,0,0,0,-4,0,0,-324,0,0,-4,-320,0,0,0,-316,0,-312
552,0x557414aa5318,W,0x7ffdaed522f8,1,0,332,0,0,-24,0,0,340,0,0,-24,344,0,0,0,348,0,-328,24,0,0,-324,0,0,24,-320,0,0,0,0,-4,-312
554,0x557414aa531c,R,0x7ffdaed522f8,1,0,0,0,0,-24,336,4,340,0,0,0,344,4,0,0,348,-4,-328,0,0,0,-324,-4,0,0,-320,0,-316,0,0,-4,0
556,0x557414aa531f,R,0x7ffdaed522f4,1,-4,-4,-4,328,-4,332,0,-4,-4,-4,-4,340,-28,-4,-4,344,28,-324,4,4,4,-320,28,4,4,4,4,-312,4,-308,28,4
559,0x557414aa5308,R,0x7ffdaed52310,1,28,24,24,356,24,24,0,24,24,364,24,368,24,24,28,372,-24,-352,-24,-24,-28,-348,0,-344,-24,-24,-24,-24,-28,-336,-24,-24
561,0x557414aa530c,R,0x7ffdaed522f8,1,-24,0,0,332,0,0,-24,336,4,340,0,0,0,0,-24,348,0,-328,0,0,-4,0,0,-320,0,-316,0,0,24,-312,0,0
564,0x557414aa5312,R,0x7ffdaed522f8,1,0,0,4,332,0,0,0,336,4,0,0,0,0,344,0,348,0,-328,0,-324,24,0,0,0,0,-316,-4,0,0,-312,0,0
566,0x557414aa5315,W,0x7ffdaed521b0,1,-328,-328,-352,4,-328,-328,-328,8,-352,-328,-328,12,-328,16,-328,-328,328,328,324,4,352,8,328,328,328,12,352,328,328,16,328,328
568,0x557414aa5318,R,0x7ffdaed522f8,1,0,328,0,332,4,0,0,336,0,0,4,340,0,0,0,0,0,0,-4,0,0,-320,0,0,-4,-316,0,0,0,-312,0,-308
569,0x557414aa5318,W,0x7ffdaed522f8,1,0,328,0,0,-24,0,0,336,0,0,-24,340,0,0,0,344,0,-324,24,0,0,-320,0,0,24,-316,0,0,0,0,-4,-308
571,0x557414aa531c,R,0x7ffdaed522f8,1,0,0,0,0,-24,332,4,336,0,0,0,340,4,0,0,344,-4,-324,0,0,0,-320,-4,0,0,-316,0,-312,0,0,-4,0
573,0x557414aa531f,R,0x7ffdaed522f4,1,-4,-4,-4,324,-4,328,0,-4,-4,-4,-4,336,-28,-4,-4,340,28,-320,4,4,4,-316,28,4,4,4,4,-308,4,-304,28,4
576,0x557414aa5308,R,0x7ffdaed52310,1,28,24,24,352,24,24,0,24,24,360,24,364,24,24,28,368,-24,-348,-24,-24,-28,-344,0,-340,-24,-24,-24,-24,-28,-332,-24,-24
578,0x557414aa530c,R,0x7ffdaed522f8,1,-24,0,0,328,0,0,-24,332,4,336,0,0,0,0,-24,344,0,-324,0,0,-4,0,0,-316,0,-312,0,0,24,-308,0,0
581,0x557414aa5312,R,0x7ffdaed522f8,1,0,0,4,328,0,0,0,332,4,0,0,0,0,340,0,344,0,-324,0,-320,24,0,0,0,0,-312,-4,0,0,-308,0,0
583,0x557414aa5315,W,0x7ffdaed521b4,1,-324,-324,-348,4,-324,-324,-324,8,-348,-324,-324,12,-324,16,-324,-324,324,324,320,4,348,8,324,324,324,12,348,324,324,16,324,324
585,0x557414aa5318,R,0x7ffdaed522f8,1,0,324,0,328,4,0,0,332,0,0,4,336,0,0,0,0,0,0,-4,0,0,-316,0,0,-4,-312,0,0,0,-308,0,-304
586,0x557414aa5318,W,0x7ffdaed522f8,1,0,324,0,0,-24,0,0,332,0,0,-24,336,0,0,0,340,0,-320,24,0,0,-316,0,0,24,-312,0,0,0,0,-4,-304
588,0x557414aa531c,R,0x7ffdaed522f8,1,0,0,0,0,-24,328,4,332,0,0,0,336,4,0,0,340,-4,-320,0,0,0,-316,-4,0,0,-312,0,-308,0,0,-4,0
590,0x557414aa531f,R,0x7ffdaed522f4,1,-4,-4,-4,320,-4,324,0,-4,-4,-4,-4,332,-28,-4,-4,336,28,-316,4,4,4,-312,28,4,4,4,4,-304,4,-300,28,4
593,0x557414aa5308,R,0x7ffdaed52310,1,28,24,24,348,24,24,0,24,24,356,24,360,24,24,28,364,-24,-344,-24,-24,-28,-340,0,-336,-24,-24,-24,-24,-28,-328,-24,-24
595,0x557414aa530c,R,0x7ffdaed522f8,1,-24,0,0,324,0,0,-24,328,4,332,0,0,0,0,-24,340,0,-320,0,0,-4,0,0,-312,0,-308,0,0,24,-304,0,0
598,0x557414aa5312,R,0x7ffdaed522f8,1,0,0,4,324,0,0,0,328,4,0,0,0,0,336,0,340,0,-320,0,-316,24,0,0,0,0,-308,-4,0,0,-304,0,0
600,0x557414aa5315,W,0x7ffdaed521b8,1,-320,-320,-344,4,-320,-320,-320,8,-344,-320,-320,12,-320,16,-320,-320,320,320,316,4,344,8,320,320,320,12,344,320,320,16,320,320
602,0x557414aa5318,R,0x7ffdaed522f8,1,0,320,0,324,4,0,0,328,0,0,4,332,0,0,0,0,0,0,-4,0,0,-312,0,0,-4,-308,0,0,0,-304,0,-300
603,0x557414aa5318,W,0x7ffdaed522f8,1,0,320,0,0,-24,0,0,328,0,0,-24,332,0,0,0,336,0,-316,24,0,0,-312,0,0,24,-308,0,0,0,0,-4,-300
605,0x557414aa531c,R,0x7ffdaed522f8,1,0,0,0,0,-24,324,4,328,0,0,0,332,4,0,0,336,-4,-316,0,0,0,-312,-4,0,0,-308,0,-304,0,0,-4,0
607,0x557414aa531f,R,0x7ffdaed522f4,1,-4,-4,-4,316,-4,320,0,-4,-4,-4,-4,328,-28,-4,-4,332,28,-312,4,4,4,-308,28,4,4,4,4,-300,4,-296,28,4
610,0x557414aa5308,R,0x7ffdaed52310,1,28,24,24,344,24,24,0,24,24,352,24,356,24,24,28,360,-24,-340,-24,-24,-28,-336,0,-332,-24,-24,-24,-24,-28,-324,-24,-24
612,0x557414aa530c,R,0x7ffdaed522f8,1,-24,0,0,320,0,0,-24,324,4,328,0,0,0,0,-24,336,0,-316,0,0,-4,0,0,-308,0,-304,0,0,24,-300,0,0
615,0x557414aa5312,R,0x7ffdaed522f8,1,0,0,4,320,0,0,0,324,4,0,0,0,0,332,0,336,0,-316,0,-312,24,0,0,0,0,-304,-4,0,0,-300,0,0
617,0x557414aa5315,W,0x7ffdaed521bc,1,-316,-316,-340,4,-316,-316,-316,8,-340,-316,-316,12,-316,16,-316,-316,316,316,312,4,340,8,316,316,316,12,340,316,316,16,316,316
619,0x557414aa5318,R,0x7ffdaed522f8,1,0,316,0,320,4,0,0,324,0,0,4,328,0,0,0,0,0,0,-4,0,0,-308,0,0,-4,-304,0,0,0,-300,0,-296
620,0x557414aa5318,W,0x7ffdaed522f8,1,0,316,0,0,-24,0,0,324,0,0,-24,328,0,0,0,332,0,-312,24,0,0,-308,0,0,24,-304,0,0,0,0,-4,-296
622,0x557414aa531c,R,0x7ffdaed522f8,1,0,0,0,0,-24,320,4,324,0,0,0,328,4,0,0,332,-4,-312,0,0,0,-308,-4,0,0,-304,0,-300,0,0,-4,0
624,0x557414aa531f,R,0x7ffdaed522f4,1,-4,-4,-4,312,-4,316,0,-4,-4,-4,-4,324,-28,-4,-4,328,28,-308,4,4,4,-304,28,4,4,4,4,-296,4,-292,28,4
627,0x557414aa5308,R,0x7ffdaed52310,1,28,24,24,340,24,24,0,24,24,348,24,352,24,24,28,356,-24,-336,-24,-24,-28,-332,0,-328,-24,-24,-24,-24,-28,-320,-24,-24
629,0x557414aa530c,R,0x7ffdaed522f8,1,-24,0,0,316,0,0,-24,320,4,324,0,0,0,0,-24,332,0,-312,0,0,-4,0,0,-304,0,-300,0,0,24,-296,0,0
632,0x557414aa5312,R,0x7ffdaed522f8,1,0,0,4,316,0,0,0,320,4,0,0,0,0,328,0,332,0,-312,0,-308,24,0,0,0,0,-300,-4,0,0,-296,0,0
634,0x557414aa5315,W,0x7ffdaed521c0,1,-312,-312,-336,4,-312,-312,-312,8,-336,-312,-312,12,-312,16,-312,-312,312,312,308,4,336,8,312,312,312,12,336,312,312,16,312,312
636,0x557414aa5318,R,0x7ffdaed522f8,1,0,312,0,316,4,0,0,320,0,0,4,324,0,0,0,0,0,0,-4,0,0,-304,0,0,-4,-300,0,0,0,-296,0,-292
637,0x557414aa5318,W,0x7ffdaed522f8,1,0,312,0,0,-24,0,0,320,0,0,-24,324,0,0,0,328,0,-308,24,0,0,-304,0,0,24,-300,0,0,0,0,-4,-292
639,0x557414aa531c,R,0x7ffdaed522f8,1,0,0,0,0,-24,316,4,320,0,0,0,324,4,0,0,328,-4,-308,0,0,0,-304,-4,0,0,-300,0,-296,0,0,-4,0
641,0x557414aa531f,R,0x7ffdaed522f4,1,-4,-4,-4,308,-4,312,0,-4,-4,-4,-4,320,-28,-4,-4,324,28,-304,4,4,4,-300,28,4,4,4,4,-292,4,-288,28,4
644,0x557414aa5308,R,0x7ffdaed52310,1,28,24,24,336,24,24,0,24,24,344,24,348,24,24,28,352,-24,-332,-24,-24,-28,-328,0,-324,-24,-24,-24,-24,-28,-316,-24,-24
646,0x557414aa530c,R,0x7ffdaed522f8,1,-24,0,0,312,0,0,-24,316,4,320,0,0,0,0,-24,328,0,-308,0,0,-4,0,0,-300,0,-296,0,0,24,-292,0,0
649,0x557414aa5312,R,0x7ffdaed522f8,1,0,0,4,312,0,0,0,316,4,0,0,0,0,324,0,328,0,-308,0,-304,24,0,0,0,0,-296,-4,0,0,-292,0,0
651,0x557414aa5315,W,0x7ffdaed521c4,1,-308,-308,-332,4,-308,-308,-308,8,-332,-308,-308,12,-308,16,-308,-308,308,308,304,4,332,8,308,308,308,12,332,308,308,16,308,308
653,0x557414aa5318,R,0x7ffdaed522f8,1,0,308,0,312,4,0,0,316,0,0,4,320,0,0,0,0,0,0,-4,0,0,-300,0,0,-4,-296,0,0,0,-292,0,-288
654,0x557414aa5318,W,0x7ffdaed522f8,1,0,308,0,0,-24,0,0,316,0,0,-24,320,0,0,0,324,0,-304,24,0,0,-300,0,0,24,-296,0,0,0,0,-4,-288
656,0x557414aa531c,R,0x7ffdaed522f8,1,0,0,0,0,-24,312,4,316,0,0,0,320,4,0,0,324,-4,-304,0,0,0,-300,-4,0,0,-296,0,-292,0,0,-4,0
658,0x557414aa531f,R,0x7ffdaed522f4,1,-4,-4,-4,304,-4,308,0,-4,-4,-4,-4,316,-28,-4,-4,320,28,-300,4,4,4,-296,28,4,4,4,4,-288,4,-284,28,4
661,0x557414aa5308,R,0x7ffdaed52310,1,28,24,24,332,24,24,0,24,24,340,24,344,24,24,28,348,-24,-328,-24,-24,-28,-324,0,-320,-24,-24,-24,-24,-28,-312,-24,-24
663,0x557414aa530c,R,0x7ffdaed522f8,1,-24,0,0,308,0,0,-24,312,4,316,0,0,0,0,-24,324,0,-304,0,0,-4,0,0,-296,0,-292,0,0,24,-288,0,0
666,0x557414aa5312,R,0x7ffdaed522f8,1,0,0,4,308,0,0,0,312,4,0,0,0,0,320,0,324,0,-304,0,-300,24,0,0,0,0,-292,-4,0,0,-288,0,0
668,0x557414aa5315,W,0x7ffdaed521c8,1,-304,-304,-328,4,-304,-304,-304,8,-328,-304,-304,12,-304,16,-304,-304,304,304,300,4,328,8,304,304,304,12,328,304,304,16,304,304
670,0x557414aa5318,R,0x7ffdaed522f8,1,0,304,0,308,4,0,0,312,0,0,4,316,0,0,0,0,0,0,-4,0,0,-296,0,0,-4,-292,0,0,0,-288,0,-284
671,0x557414aa5318,W,0x7ffdaed522f8,1,0,304,0,0,-24,0,0,312,0,0,-24,316,0,0,0,320,0,-300,24,0,0,-296,0,0,24,-292,0,0,0,0,-4,-284
673,0x557414aa531c,R,0x7ffdaed522f8,1,0,0,0,0,-24,308,4,312,0,0,0,316,4,0,0,320,-4,-300,0,0,0,-296,-4,0,0,-292,0,-288,0,0,-4,0
675,0x557414aa531f,R,0x7ffdaed522f4,1,-4,-4,-4,300,-4,304,0,-4,-4,-4,-4,312,-28,-4,-4,316,28,-296,4,4,4,-292,28,4,4,4,4,-284,4,-280,28,4
678,0x557414aa5308,R,0x7ffdaed52310,1,28,24,24,328,24,24,0,24,24,336,24,340,24,24,28,344,-24,-324,-24,-24,-28,-320,0,-316,-24,-24,-24,-24,-28,-308,-24,-24
680,0x557414aa530c,R,0x7ffdaed522f8,1,-24,0,0,304,0,0,-24,308,4,312,0,0,0,0,-24,320,0,-300,0,0,-4,0,0,-292,0,-288,0,0,24,-284,0,0
683,0x557414aa5312,R,0x7ffdaed522f8,1,0,0,4,304,0,0,0,308,4,0,0,0,0,316,0,320,0,-300,0,-296,24,0,0,0,0,-288,-4,0,0,-284,0,0
685,0x557414aa5315,W,0x7ffdaed521cc,1,-300,-300,-324,4,-300,-300,-300,8,-324,-300,-300,12,-300,16,-300,-300,300,300,296,4,324,8,300,300,300,12,324,300,300,16,300,300
687,0x557414aa5318,R,0x7ffdaed522f8,1,0,300,0,304,4,0,0,308,0,0,4,312,0,0,0,0,0,0,-4,0,0,-292,0,0,-4,-288,0,0,0,-284,0,-280
688,0x557414aa5318,W,0x7ffdaed522f8,1,0,300,0,0,-24,0,0,308,0,0,-24,312,0,0,0,316,0,-296,24,0,0,-292,0,0,24,-288,0,0,0,0,-4,-280
690,0x557414aa531c,R,0x7ffdaed522f8,1,0,0,0,0,-24,304,4,308,0,0,0,312,4,0,0,316,-4,-296,0,0,0,-292,-4,0,0,-288,0,-284,0,0,-4,0
692,0x557414aa531f,R,0x7ffdaed522f4,1,-4,-4,-4,296,-4,300,0,-4,-4,-4,-4,308,-28,-4,-4,312,28,-292,4,4,4,-288,28,4,4,4,4,-280,4,-276,28,4
695,0x557414aa5308,R,0x7ffdaed52310,1,28,24,24,324,24,24,0,24,24,332,24,336,24,24,28,340,-24,-320,-24,-24,-28,-316,0,-312,-24,-24,-24,-24,-28,-304,-24,-24
697,0x557414aa530c,R,0x7ffdaed522f8,1,-24,0,0,300,0,0,-24,304,4,308,0,0,0,0,-24,316,0,-296,0,0,-4,0,0,-288,0,-284,0,0,24,-280,0,0
700,0x557414aa5312,R,0x7ffdaed522f8,1,0,0,4,300,0,0,0,304,4,0,0,0,0,312,0,316,0,-296,0,-292,24,0,0,0,0,-284,-4,0,0,-280,0,0
702,0x557414aa5315,W,0x7ffdaed521d0,1,-296,-296,-320,4,-296,-296,-296,8,-320,-296,-296,12,-296,16,-296,-296,296,296,292,4,320,8,296,296,296,12,320,296,296,16,296,296
704,0x557414aa5318,R,0x7ffdaed522f8,1,0,296,0,300,4,0,0,304,0,0,4,308,0,0,0,0,0,0,-4,0,0,-288,0,0,-4,-284,0,0,0,-280,0,-276
705,0x557414aa5318,W,0x7ffdaed522f8,1,0,296,0,0,-24,0,0,304,0,0,-24,308,0,0,0,312,0,-292,24,0,0,-288,0,0,24,-284,0,0,0,0,-4,-276
707,0x557414aa531c,R,0x7ffdaed522f8,1,0,0,0,0,-24,300,4,304,0,0,0,308,4,0,0,312,-4,-292,0,0,0,-288,-4,0,0,-284,0,-280,0,0,-4,0
709,0x557414aa531f,R,0x7ffdaed522f4,1,-4,-4,-4,292,-4,296,0,-4,-4,-4,-4,304,-28,-4,-4,308,28,-288,4,4,4,-284,28,4,4,4,4,-276,4,-272,28,4
712,0x557414aa5308,R,0x7ffdaed52310,1,28,24,24,320,24,24,0,24,24,328,24,332,24,24,28,336,-24,-316,-24,-24,-28,-312,0,-308,-24,-24,-24,-24,-28,-300,-24,-24
714,0x557414aa530c,R,0x7ffdaed522f8,1,-24,0,0,296,0,0,-24,300,4,304,0,0,0,0,-24,312,0,-292,0,0,-4,0,0,-284,0,-280,0,0,24,-276,0,0
717,0x557414aa5312,R,0x7ffdaed522f8,1,0,0,4,296,0,0,0,300,4,0,0,0,0,308,0,312,0,-292,0,-288,24,0,0,0,0,-280,-4,0,0,-276,0,0
719,0x557414aa5315,W,0x7ffdaed521d4,1,-292,-292,-316,4,-292,-292,-292,8,-316,-292,-292,12,-292,16,-292,-292,292,292,288,4,316,8,292,292,292,12,316,292,292,16,292,292
721,0x557414aa5318,R,0x7ffdaed522f8,1,0,292,0,296,4,0,0,300,0,0,4,304,0,0,0,0,0,0,-4,0,0,-284,0,0,-4,-280,0,0,0,-276,0,-272
722,0x557414aa5318,W,0x7ffdaed522f8,1,0,292,0,0,-24,0,0,300,0,0,-24,304,0,0,0,308,0,-288,24,0,0,-284,0,0,24,-280,0,0,0,0,-4,-272
724,0x557414aa531c,R,0x7ffdaed522f8,1,0,0,0,0,-24,296,4,300,0,0,0,304,4,0,0,308,-4,-288,0,0,0,-284,-4,0,0,-280,0,-276,0,0,-4,0
726,0x557414aa531f,R,0x7ffdaed522f4,1,-4,-4,-4,288,-4,292,0,-4,-4,-4,-4,300,-28,-4,-4,304,28,-284,4,4,4,-280,28,4,4,4,4,-272,4,-268,28,4
729,0x557414aa5308,R,0x7ffdaed52310,1,28,24,24,316,24,24,0,24,24,324,24,328,24,24,28,332,-24,-312,-24,-24,-28,-308,0,-304,-24,-24,-24,-24,-28,-296,-24,-24
731,0x557414aa530c,R,0x7ffdaed522f8,1,-24,0,0,292,0,0,-24,296,4,300,0,0,0,0,-24,308,0,-288,0,0,-4,0,0,-280,0,-276,0,0,24,-272,0,0
734,0x557414aa5312,R,0x7ffdaed522f8,1,0,0,4,292,0,0,0,296,4,0,0,0,0,304,0,308,0,-288,0,-284,24,0,0,0,0,-276,-4,0,0,-272,0,0
736,0x557414aa5315,W,0x7ffdaed521d8,1,-288,-288,-312,4,-288,-288,-288,8,-312,-288,-288,12,-288,16,-288,-288,288,288,284,4,312,8,288,288,288,12,312,288,288,16,288,288
738,0x557414aa5318,R,0x7ffdaed522f8,1,0,288,0,292,4,0,0,296,0,0,4,300,0,0,0,0,0,0,-4,0,0,-280,0,0,-4,-276,0,0,0,-272,0,-268
739,0x557414aa5318,W,0x7ffdaed522f8,1,0,288,0,0,-24,0,0,296,0,0,-24,300,0,0,0,304,0,-284,24,0,0,-280,0,0,24,-276,0,0,0,0,-4,-268
741,0x557414aa531c,R,0x7ffdaed522f8,1,0,0,0,0,-24,292,4,296,0,0,0,300,4,0,0,304,-4,-284,0,0,0,-280,-4,0,0,-276,0,-272,0,0,-4,0
743,0x557414aa531f,R,0x7ffdaed522f4,1,-4,-4,-4,284,-4,288,0,-4,-4,-4,-4,296,-28,-4,-4,300,28,-280,4,4,4,-276,28,4,4,4,4,-268,4,-264,28,4
746,0x557414aa5308,R,0x7ffdaed52310,1,28,24,24,312,24,24,0,24,24,320,24,324,24,24,28,328,-24,-308,-24,-24,-28,-304,0,-300,-24,-24,-24,-24,-28,-292,-24,-24
748,0x557414aa530c,R,0x7ffdaed522f8,1,-24,0,0,288,0,0,-24,292,4,296,0,0,0,0,-24,304,0,-284,0,0,-4,0,0,-276,0,-272,0,0,24,-268,0,0
751,0x557414aa5312,R,0x7ffdaed522f8,1,0,0,4,288,0,0,0,292,4,0,0,0,0,300,0,304,0,-284,0,-280,24,0,0,0,0,-272,-4,0,0,-268,0,0
753,0x557414aa5315,W,0x7ffdaed521dc,1,-284,-284,-308,4,-284,-284,-284,8,-308,-284,-284,12,-284,16,-284,-284,284,284,280,4,308,8,284,284,284,12,308,284,284,16,284,284
755,0x557414aa5318,R,0x7ffdaed522f8,1,0,284,0,288,4,0,0,292,0,0,4,296,0,0,0,0,0,0,-4,0,0,-276,0,0,-4,-272,0,0,0,-268,0,-264
756,0x557414aa5318,W,0x7ffdaed522f8,1,0,284,0,0,-24,0,0,292,0,0,-24,296,0,0,0,300,0,-280,24,0,0,-276,0,0,24,-272,0,0,0,0,-4,-264
758,0x557414aa531c,R,0x7ffdaed522f8,1,0,0,0,0,-24,288,4,292,0,0,0,296,4,0,0,300,-4,-280,0,0,0,-276,-4,0,0,-272,0,-268,0,0,-4,0
760,0x557414aa531f,R,0x7ffdaed522f4,1,-4,-4,-4,280,-4,284,0,-4,-4,-4,-4,292,-28,-4,-4,296,28,-276,4,4,4,-272,28,4,4,4,4,-264,4,-260,28,4
763,0x557414aa5308,R,0x7ffdaed52310,1,28,24,24,308,24,24,0,24,24,316,24,320,24,24,28,324,-24,-304,-24,-24,-28,-300,0,-296,-24,-24,-24,-24,-28,-288,-24,-24
765,0x557414aa530c,R,0x7ffdaed522f8,1,-24,0,0,284,0,0,-24,288,4,292,0,0,0,0,-24,300,0,-280,0,0,-4,0,0,-272,0,-268,0,0,24,-264,0,0
768,0x557414aa5312,R,0x7ffdaed522f8,1,0,0,4,284,0,0,0,288,4,0,0,0,0,296,0,300,0,-280,0,-276,24,0,0,0,0,-268,-4,0,0,-264,0,0
770,0x557414aa5315,W,0x7ffdaed521e0,1,-280,-280,-304,4,-280,-280,-280,8,-304,-280,-280,12,-280,16,-280,-280,280,280,276,4,304,8,280,280,280,12,304,280,280,16,280,280
772,0x557414aa5318,R,0x7ffdaed522f8,1,0,280,0,284,4,0,0,288,0,0,4,292,0,0,0,0,0,0,-4,0,0,-272,0,0,-4,-268,0,0,0,-264,0,-260
773,0x557414aa5318,W,0x7ffdaed522f8,1,0,280,0,0,-24,0,0,288,0,0,-24,292,0,0,0,296,0,-276,24,0,0,-272,0,0,24,-268,0,0,0,0,-4,-260
775,0x557414aa531c,R,0x7ffdaed522f8,1,0,0,0,0,-24,284,4,288,0,0,0,292,4,0,0,296,-4,-276,0,0,0,-272,-4,0,0,-268,0,-264,0,0,-4,0
777,0x557414aa531f,R,0x7ffdaed522f4,1,-4,-4,-4,276,-4,280,0,-4,-4,-4,-4,288,-28,-4,-4,292,28,-272,4,4,4,-268,28,4,4,4,4,-260,4,-256,28,4
780,0x557414aa5308,R,0x7ffdaed52310,1,28,24,24,304,24,24,0,24,24,312,24,316,24,24,28,320,-24,-300,-24,-24,-28,-296,0,-292,-24,-24,-24,-24,-28,-284,-24,-24
782,0x557414aa530c,R,0x7ffdaed522f8,1,-24,0,0,280,0,0,-24,284,4,288,0,0,0,0,-24,296,0,-276,0,0,-4,0,0,-268,0,-264,0,0,24,-260,0,0
785,0x557414aa5312,R,0x7ffdaed522f8,1,0,0,4,280,0,0,0,284,4,0,0,0,0,292,0,296,0,-276,0,-272,24,0,0,0,0,-264,-4,0,0,-260,0,0
787,0x557414aa5315,W,0x7ffdaed521e4,1,-276,-276,-300,4,-276,-276,-276,8,-300,-276,-276,12,-276,16,-276,-276,276,276,272,4,300,8,276,276,276,12,300,276,276,16,276,276
789,0x557414aa5318,R,0x7ffdaed522f8,1,0,276,0,280,4,0,0,284,0,0,4,288,0,0,0,0,0,0,-4,0,0,-268,0,0,-4,-264,0,0,0,-260,0,-256
790,0x557414aa5318,W,0x7ffdaed522f8,1,0,276,0,0,-24,0,0,284,0,0,-24,288,0,0,0,292,0,-272,24,0,0,-268,0,0,24,-264,0,0,0,0,-4,-256
792,0x557414aa531c,R,0x7ffdaed522f8,1,0,0,0,0,-24,280,4,284,0,0,0,288,4,0,0,292,-4,-272,0,0,0,-268,-4,0,0,-264,0,-260,0,0,-4,0
794,0x557414aa531f,R,0x7ffdaed522f4,1,-4,-4,-4,272,-4,276,0,-4,-4,-4,-4,284,-28,-4,-4,288,28,-268,4,4,4,-264,28,4,4,4,4,-256,4,-252,28,4
797,0x557414aa5308,R,0x7ffdaed52310,1,28,24,24,300,24,24,0,24,24,308,24,312,24,24,28,316,-24,-296,-24,-24,-28,-292,0,-288,-24,-24,-24,-24,-28,-280,-24,-24
799,0x557414aa530c,R,0x7ffdaed522f8,1,-24,0,0,276,0,0,-24,280,4,284,0,0,0,0,-24,292,0,-272,0,0,-4,0,0,-264,0,-260,0,0,24,-256,0,0
802,0x557414aa5312,R,0x7ffdaed522f8,1,0,0,4,276,0,0,0,280,4,0,0,0,0,288,0,292,0,-272,0,-268,24,0,0,0,0,-260,-4,0,0,-256,0,0
804,0x557414aa5315,W,0x7ffdaed521e8,1,-272,-272,-296,4,-272,-272,-272,8,-296,-272,-272,12,-272,16,-272,-272,272,272,268,4,296,8,272,272,272,12,296,272,272,16,272,272
806,0x557414aa5318,R,0x7ffdaed522f8,1,0,272,0,276,4,0,0,280,0,0,4,284,0,0,0,0,0,0,-4,0,0,-264,0,0,-4,-260,0,0,0,-256,0,-252
807,0x557414aa5318,W,0x7ffdaed522f8,1,0,272,0,0,-24,0,0,280,0,0,-24,284,0,0,0,288,0,-268,24,0,0,-264,0,0,24,-260,0,0,0,0,-4,-252
809,0x557414aa531c,R,0x7ffdaed522f8,1,0,0,0,0,-24,276,4,280,0,0,0,284,4,0,0,288,-4,-268,0,0,0,-264,-4,0,0,-260,0,-256,0,0,-4,0
811,0x557414aa531f,R,0x7ffdaed522f4,1,-4,-4,-4,268,-4,272,0,-4,-4,-4,-4,280,-28,-4,-4,284,28,-264,4,4,4,-260,28,4,4,4,4,-252,4,-248,28,4
814,0x557414aa5308,R,0x7ffdaed52310,1,28,24,24,296,24,24,0,24,24,304,24,308,24,24,28,312,-24,-292,-24,-24,-28,-288,0,-284,-24,-24,-24,-24,-28,-276,-24,-24
816,0x557414aa530c,R,0x7ffdaed522f8,1,-24,0,0,272,0,0,-24,276,4,280,0,0,0,0,-24,288,0,-268,0,0,-4,0,0,-260,0,-256,0,0,24,-252,0,0
819,0x557414aa5312,R,0x7ffdaed522f8,1,0,0,4,272,0,0,0,276,4,0,0,0,0,284,0,288,0,-268,0,-264,24,0,0,0,0,-256,-4,0,0,-252,0,0
821,0x557414aa5315,W,0x7ffdaed521ec,1,-268,-268,-292,4,-268,-268,-268,8,-292,-268,-268,12,-268,16,-268,-268,268,268,264,4,292,8,268,268,268,12,292,268,268,16,268,268
823,0x557414aa5318,R,0x7ffdaed522f8,1,0,268,0,272,4,0,0,276,0,0,4,280,0,0,0,0,0,0,-4,0,0,-260,0,0,-4,-256,0,0,0,-252,0,-248
824,0x557414aa5318,W,0x7ffdaed522f8,1,0,268,0,0,-24,0,0,276,0,0,-24,280,0,0,0,284,0,-264,24,0,0,-260,0,0,24,-256,0,0,0,0,-4,-248
826,0x557414aa531c,R,0x7ffdaed522f8,1,0,0,0,0,-24,272,4,276,0,0,0,280,4,0,0,284,-4,-264,0,0,0,-260,-4,0,0,-256,0,-252,0,0,-4,0
828,0x557414aa531f,R,0x7ffdaed522f4,1,-4,-4,-4,264,-4,268,0,-4,-4,-4,-4,276,-28,-4,-4,280,28,-260,4,4,4,-256,28,4,4,4,4,-248,4,-244,28,4
831,0x557414aa5308,R,0x7ffdaed52310,1,28,24,24,292,24,24,0,24,24,300,24,304,24,24,28,308,-24,-288,-24,-24,-28,-284,0,-280,-24,-24,-24,-24,-28,-272,-24,-24
833,0x557414aa530c,R,0x7ffdaed522f8,1,-24,0,0,268,0,0,-24,272,4,276,0,0,0,0,-24,284,0,-264,0,0,-4,0,0,-256,0,-252,0,0,24,-248,0,0
836,0x557414aa5312,R,0x7ffdaed522f8,1,0,0,4,268,0,0,0,272,4,0,0,0,0,280,0,284,0,-264,0,-260,24,0,0,0,0,-252,-4,0,0,-248,0,0
838,0x557414aa5315,W,0x7ffdaed521f0,1,-264,-264,-288,4,-264,-264,-264,8,-288,-264,-264,12,-264,16,-264,-264,264,264,260,4,288,8,264,264,264,12,288,264,264,16,264,264
840,0x557414aa5318,R,0x7ffdaed522f8,1,0,264,0,268,4,0,0,272,0,0,4,276,0,0,0,0,0,0,-4,0,0,-256,0,0,-4,-252,0,0,0,-248,0,-244
841,0x557414aa5318,W,0x7ffdaed522f8,1,0,264,0,0,-24,0,0,272,0,0,-24,276,0,0,0,280,0,-260,24,0,0,-256,0,0,24,-252,0,0,0,0,-4,-244
843,0x557414aa531c,R,0x7ffdaed522f8,1,0,0,0,0,-24,268,4,272,0,0,0,276,4,0,0,280,-4,-260,0,0,0,-256,-4,0,0,-252,0,-248,0,0,-4,0
845,0x557414aa531f,R,0x7ffdaed522f4,1,-4,-4,-4,260,-4,264,0,-4,-4,-4,-4,272,-28,-4,-4,276,28,-256,4,4,4,-252,28,4,4,4,4,-244,4,-240,28,4
848,0x557414aa5308,R,0x7ffdaed52310,1,28,24,24,288,24,24,0,24,24,296,24,300,24,24,28,304,-24,-284,-24,-24,-28,-280,0,-276,-24,-24,-24,-24,-28,-268,-24,-24
850,0x557414aa530c,R,0x7ffdaed522f8,1,-24,0,0,264,0,0,-24,268,4,272,0,0,0,0,-24,280,0,-260,0,0,-4,0,0,-252,0,-248,0,0,24,-244,0,0
853,0x557414aa5312,R,0x7ffdaed522f8,1,0,0,4,264,0,0,0,268,4,0,0,0,0,276,0,280,0,-260,0,-256,24,0,0,0,0,-248,-4,0,0,-244,0,0
855,0x557414aa5315,W,0x7ffdaed521f4,1,-260,-260,-284,4,-260,-260,-260,8,-284,-260,-260,12,-260,16,-260,-260,260,260,256,4,284,8,260,260,260,12,284,260,260,16,260,260
857,0x557414aa5318,R,0x7ffdaed522f8,1,0,260,0,264,4,0,0,268,0,0,4,272,0,0,0,0,0,0,-4,0,0,-252,0,0,-4,-248,0,0,0,-244,0,-240
858,0x557414aa5318,W,0x7ffdaed522f8,1,0,260,0,0,-24,0,0,268,0,0,-24,272,0,0,0,276,0,-256,24,0,0,-252,0,0,24,-248,0,0,0,0,-4,-240
860,0x557414aa531c,R,0x7ffdaed522f8,1,0,0,0,0,-24,264,4,268,0,0,0,272,4,0,0,276,-4,-256,0,0,0,-252,-4,0,0,-248,0,-244,0,0,-4,0
862,0x557414aa531f,R,0x7ffdaed522f4,1,-4,-4,-4,256,-4,260,0,-4,-4,-4,-4,268,-28,-4,-4,272,28,-252,4,4,4,-248,28,4,4,4,4,-240,4,-236,28,4
865,0x557414aa5308,R,0x7ffdaed52310,1,28,24,24,284,24,24,0,24,24,292,24,296,24,24,28,300,-24,-280,-24,-24,-28,-276,0,-272,-24,-24,-24,-24,-28,-264,-24,-24
867,0x557414aa530c,R,0x7ffdaed522f8,1,-24,0,0,260,0,0,-24,264,4,268,0,0,0,0,-24,276,0,-256,0,0,-4,0,0,-248,0,-244,0,0,24,-240,0,0
870,0x557414aa5312,R,0x7ffdaed522f8,1,0,0,4,260,0,0,0,264,4,0,0,0,0,272,0,276,0,-256,0,-252,24,0,0,0,0,-244,-4,0,0,-240,0,0
872,0x557414aa5315,W,0x7ffdaed521f8,1,-256,-256,-280,4,-256,-256,-256,8,-280,-256,-256,12,-256,16,-256,-256,256,256,252,4,280,8,256,256,256,12,280,256,256,16,256,256
874,0x557414aa5318,R,0x7ffdaed522f8,1,0,256,0,260,4,0,0,264,0,0,4,268,0,0,0,0,0,0,-4,0,0,-248,0,0,-4,-244,0,0,0,-240,0,-236
875,0x557414aa5318,W,0x7ffdaed522f8,1,0,256,0,0,-24,0,0,264,0,0,-24,268,0,0,0,272,0,-252,24,0,0,-248,0,0,24,-244,0,0,0,0,-4,-236
877,0x557414aa531c,R,0x7ffdaed522f8,1,0,0,0,0,-24,260,4,264,0,0,0,268,4,0,0,272,-4,-252,0,0,0,-248,-4,0,0,-244,0,-240,0,0,-4,0
879,0x557414aa531f,R,0x7ffdaed522f4,1,-4,-4,-4,252,-4,256,0,-4,-4,-4,-4,264,-28,-4,-4,268,28,-248,4,4,4,-244,28,4,4,4,4,-236,4,-232,28,4
882,0x557414aa5308,R,0x7ffdaed52310,1,28,24,24,280,24,24,0,24,24,288,24,292,24,24,28,296,-24,-276,-24,-24,-28,-272,0,-268,-24,-24,-24,-24,-28,-260,-24,-24
884,0x557414aa530c,R,0x7ffdaed522f8,1,-24,0,0,256,0,0,-24,260,4,264,0,0,0,0,-24,272,0,-252,0,0,-4,0,0,-244,0,-240,0,0,24,-236,0,0
887,0x557414aa5312,R,0x7ffdaed522f8,1,0,0,4,256,0,0,0,260,4,0,0,0,0,268,0,272,0,-252,0,-248,24,0,0,0,0,-240,-4,0,0,-236,0,0
889,0x557414aa5315,W,0x7ffdaed521fc,1,-252,-252,-276,4,-252,-252,-252,8,-276,-252,-252,12,-252,16,-252,-252,252,252,248,4,276,8,252,252,252,12,276,252,252,16,252,252
891,0x557414aa5318,R,0x7ffdaed522f8,1,0,252,0,256,4,0,0,260,0,0,4,264,0,0,0,0,0,0,-4,0,0,-244,0,0,-4,-240,0,0,0,-236,0,-232
892,0x557414aa5318,W,0x7ffdaed522f8,1,0,252,0,0,-24,0,0,260,0,0,-24,264,0,0,0,268,0,-248,24,0,0,-244,0,0,24,-240,0,0,0,0,-4,-232
894,0x557414aa531c,R,0x7ffdaed522f8,1,0,0,0,0,-24,256,4,260,0,0,0,264,4,0,0,268,-4,-248,0,0,0,-244,-4,0,0,-240,0,-236,0,0,-4,0
896,0x557414aa531f,R,0x7ffdaed522f4,1,-4,-4,-4,248,-4,252,0,-4,-4,-4,-4,260,-28,-4,-4,264,28,-244,4,4,4,-240,28,4,4,4,4,-232,4,-228,28,4
899,0x557414aa5308,R,0x7ffdaed52310,1,28,24,24,276,24,24,0,24,24,284,24,288,24,24,28,292,-24,-272,-24,-24,-28,-268,0,-264,-24,-24,-24,-24,-28,-256,-24,-24
901,0x557414aa530c,R,0x7ffdaed522f8,1,-24,0,0,252,0,0,-24,256,4,260,0,0,0,0,-24,268,0,-248,0,0,-4,0,0,-240,0,-236,0,0,24,-232,0,0
904,0x557414aa5312,R,0x7ffdaed522f8,1,0,0,4,252,0,0,0,256,4,0,0,0,0,264,0,268,0,-248,0,-244,24,0,0,0,0,-236,-4,0,0,-232,0,0
906,0x557414aa5315,W,0x7ffdaed52200,1,-248,-248,-272,4,-248,-248,-248,8,-272,-248,-248,12,-248,16,-248,-248,248,248,244,4,272,8,248,248,248,12,272,248,248,16,248,248
908,0x557414aa5318,R,0x7ffdaed522f8,1,0,248,0,252,4,0,0,256,0,0,4,260,0,0,0,0,0,0,-4,0,0,-240,0,0,-4,-236,0,0,0,-232,0,-228
909,0x557414aa5318,W,0x7ffdaed522f8,1,0,248,0,0,-24,0,0,256,0,0,-24,260,0,0,0,264,0,-244,24,0,0,-240,0,0,24,-236,0,0,0,0,-4,-228
911,0x557414aa531c,R,0x7ffdaed522f8,1,0,0,0,0,-24,252,4,256,0,0,0,260,4,0,0,264,-4,-244,0,0,0,-240,-4,0,0,-236,0,-232,0,0,-4,0
913,0x557414aa531f,R,0x7ffdaed522f4,1,-4,-4,-4,244,-4,248,0,-4,-4,-4,-4,256,-28,-4,-4,260,28,-240,4,4,4,-236,28,4,4,4,4,-228,4,-224,28,4
916,0x557414aa5308,R,0x7ffdaed52310,1,28,24,24,272,24,24,0,24,24,280,24,284,24,24,28,288,-24,-268,-24,-24,-28,-264,0,-260,-24,-24,-24,-24,-28,-252,-24,-24
918,0x557414aa530c,R,0x7ffdaed522f8,1,-24,0,0,248,0,0,-24,252,4,256,0,0,0,0,-24,264,0,-244,0,0,-4,0,0,-236,0,-232,0,0,24,-228,0,0
921,0x557414aa5312,R,0x7ffdaed522f8,1,0,0,4,248,0,0,0,252,4,0,0,0,0,260,0,264,0,-244,0,-240,24,0,0,0,0,-232,-4,0,0,-228,0,0
923,0x557414aa5315,W,0x7ffdaed52204,1,-244,-244,-268,4,-244,-244,-244,8,-268,-244,-244,12,-244,16,-244,-244,244,244,240,4,268,8,244,244,244,12,268,244,244,16,244,244
925,0x557414aa5318,R,0x7ffdaed522f8,1,0,244,0,248,4,0,0,252,0,0,4,256,0,0,0,0,0,0,-4,0,0,-236,0,0,-4,-232,0,0,0,-228,0,-224
926,0x557414aa5318,W,0x7ffdaed522f8,1,0,244,0,0,-24,0,0,252,0,0,-24,256,0,0,0,260,0,-240,24,0,0,-236,0,0,24,-232,0,0,0,0,-4,-224
928,0x557414aa531c,R,0x7ffdaed522f8,1,0,0,0,0,-24,248,4,252,0,0,0,256,4,0,0,260,-4,-240,0,0,0,-236,-4,0,0,-232,0,-228,0,0,-4,0
930,0x557414aa531f,R,0x7ffdaed522f4,1,-4,-4,-4,240,-4,244,0,-4,-4,-4,-4,252,-28,-4,-4,256,28,-236,4,4,4,-232,28,4,4,4,4,-224,4,-220,28,4
933,0x557414aa5308,R,0x7ffdaed52310,1,28,24,24,268,24,24,0,24,24,276,24,280,24,24,28,284,-24,-264,-24,-24,-28,-260,0,-256,-24,-24,-24,-24,-28,-248,-24,-24
935,0x557414aa530c,R,0x7ffdaed522f8,1,-24,0,0,244,0,0,-24,248,4,252,0,0,0,0,-24,260,0,-240,0,0,-4,0,0,-232,0,-228,0,0,24,-224,0,0
938,0x557414aa5312,R,0x7ffdaed522f8,1,0,0,4,244,0,0,0,248,4,0,0,0,0,256,0,260,0,-240,0,-236,24,0,0,0,0,-228,-4,0,0,-224,0,0
940,0x557414aa5315,W,0x7ffdaed52208,1,-240,-240,-264,4,-240,-240,-240,8,-264,-240,-240,12,-240,16,-240,-240,240,240,236,4,264,8,240,240,240,12,264,240,240,16,240,240
942,0x557414aa5318,R,0x7ffdaed522f8,1,0,240,0,244,4,0,0,248,0,0,4,252,0,0,0,0,0,0,-4,0,0,-232,0,0,-4,-228,0,0,0,-224,0,-220
943,0x557414aa5318,W,0x7ffdaed522f8,1,0,240,0,0,-24,0,0,248,0,0,-24,252,0,0,0,256,0,-236,24,0,0,-232,0,0,24,-228,0,0,0,0,-4,-220
945,0x557414aa531c,R,0x7ffdaed522f8,1,0,0,0,0,-24,244,4,248,0,0,0,252,4,0,0,256,-4,-236,0,0,0,-232,-4,0,0,-228,0,-224,0,0,-4,0
947,0x557414aa531f,R,0x7ffdaed522f4,1,-4,-4,-4,236,-4,240,0,-4,-4,-4,-4,248,-28,-4,-4,252,28,-232,4,4,4,-228,28,4,4,4,4,-220,4,-216,28,4
950,0x557414aa5308,R,0x7ffdaed52310,1,28,24,24,264,24,24,0,24,24,272,24,276,24,24,28,280,-24,-260,-24,-24,-28,-256,0,-252,-24,-24,-24,-24,-28,-244,-24,-24
952,0x557414aa530c,R,0x7ffdaed522f8,1,-24,0,0,240,0,0,-24,244,4,248,0,0,0,0,-24,256,0,-236,0,0,-4,0,0,-228,0,-224,0,0,24,-220,0,0
955,0x557414aa5312,R,0x7ffdaed522f8,1,0,0,4,240,0,0,0,244,4,0,0,0,0,252,0,256,0,-236,0,-232,24,0,0,0,0,-224,-4,0,0,-220,0,0
957,0x557414aa5315,W,0x7ffdaed5220c,1,-236,-236,-260,4,-236,-236,-236,8,-260,-236,-236,12,-236,16,-236,-236,236,236,232,4,260,8,236,236,236,12,260,236,236,16,236,236
959,0x557414aa5318,R,0x7ffdaed522f8,1,0,236,0,240,4,0,0,244,0,0,4,248,0,0,0,0,0,0,-4,0,0,-228,0,0,-4,-224,0,0,0,-220,0,-216
960,0x557414aa5318,W,0x7ffdaed522f8,1,0,236,0,0,-24,0,0,244,0,0,-24,248,0,0,0,252,0,-232,24,0,0,-228,0,0,24,-224,0,0,0,0,-4,-216
962,0x557414aa531c,R,0x7ffdaed522f8,1,0,0,0,0,-24,240,4,244,0,0,0,248,4,0,0,252,-4,-232,0,0,0,-228,-4,0,0,-224,0,-220,0,0,-4,0
964,0x557414aa531f,R,0x7ffdaed522f4,1,-4,-4,-4,232,-4,236,0,-4,-4,-4,-4,244,-28,-4,-4,248,28,-228,4,4,4,-224,28,4,4,4,4,-216,4,-212,28,4
967,0x557414aa5308,R,0x7ffdaed52310,1,28,24,24,260,24,24,0,24,24,268,24,272,24,24,28,276,-24,-256,-24,-24,-28,-252,0,-248,-24,-24,-24,-24,-28,-240,-24,-24
969,0x557414aa530c,R,0x7ffdaed522f8,1,-24,0,0,236,0,0,-24,240,4,244,0,0,0,0,-24,252,0,-232,0,0,-4,0,0,-224,0,-220,0,0,24,-216,0,0
972,0x557414aa5312,R,0x7ffdaed522f8,1,0,0,4,236,0,0,0,240,4,0,0,0,0,248,0,252,0,-232,0,-228,24,0,0,0,0,-220,-4,0,0,-216,0,0
974,0x557414aa5315,W,0x7ffdaed52210,1,-232,-232,-256,4,-232,-232,-232,8,-256,-232,-232,12,-232,16,-232,-232,232,232,228,4,256,8,232,232,232,12,256,232,232,16,232,232
976,0x557414aa5318,R,0x7ffdaed522f8,1,0,232,0,236,4,0,0,240,0,0,4,244,0,0,0,0,0,0,-4,0,0,-224,0,0,-4,-220,0,0,0,-216,0,-212
977,0x557414aa5318,W,0x7ffdaed522f8,1,0,232,0,0,-24,0,0,240,0,0,-24,244,0,0,0,248,0,-228,24,0,0,-224,0,0,24,-220,0,0,0,0,-4,-212
979,0x557414aa531c,R,0x7ffdaed522f8,1,0,0,0,0,-24,236,4,240,0,0,0,244,4,0,0,248,-4,-228,0,0,0,-224,-4,0,0,-220,0,-216,0,0,-4,0
981,0x557414aa531f,R,0x7ffdaed522f4,1,-4,-4,-4,228,-4,232,0,-4,-4,-4,-4,240,-28,-4,-4,244,28,-224,4,4,4,-220,28,4,4,4,4,-212,4,-208,28,4
984,0x557414aa5308,R,0x7ffdaed52310,1,28,24,24,256,24,24,0,24,24,264,24,268,24,24,28,272,-24,-252,-24,-24,-28,-248,0,-244,-24,-24,-24,-24,-28,-236,-24,-24
986,0x557414aa530c,R,0x7ffdaed522f8,1,-24,0,0,232,0,0,-24,236,4,240,0,0,0,0,-24,248,0,-228,0,0,-4,0,0,-220,0,-216,0,0,24,-212,0,0
989,0x557414aa5312,R,0x7ffdaed522f8,1,0,0,4,232,0,0,0,236,4,0,0,0,0,244,0,248,0,-228,0,-224,24,0,0,0,0,-216,-4,0,0,-212,0,0
991,0x557414aa5315,W,0x7ffdaed52214,1,-228,-228,-252,4,-228,-228,-228,8,-252,-228,-228,12,-228,16,-228,-228,228,228,224,4,252,8,228,228,228,12,252,228,228,16,228,228
993,0x557414aa5318,R,0x7ffdaed522f8,1,0,228,0,232,4,0,0,236,0,0,4,240,0,0,0,0,0,0,-4,0,0,-220,0,0,-4,-216,0,0,0,-212,0,-208
994,0x557414aa5318,W,0x7ffdaed522f8,1,0,228,0,0,-24,0,0,236,0,0,-24,240,0,0,0,244,0,-224,24,0,0,-220,0,0,24,-216,0,0,0,0,-4,-208
996,0x557414aa531c,R,0x7ffdaed522f8,1,0,0,0,0,-24,232,4,236,0,0,0,240,4,0,0,244,-4,-224,0,0,0,-220,-4,0,0,-216,0,-212,0,0,-4,0
998,0x557414aa531f,R,0x7ffdaed522f4,1,-4,-4,-4,224,-4,228,0,-4,-4,-4,-4,236,-28,-4,-4,240,28,-220,4,4,4,-216,28,4,4,4,4,-208,4,-204,28,4
1001,0x557414aa5308,R,0x7ffdaed52310,1,28,24,24,252,24,24,0,24,24,260,24,264,24,24,28,268,-24,-248,-24,-24,-28,-244,0,-240,-24,-24,-24,-24,-28,-232,-24,-24
1003,0x557414aa530c,R,0x7ffdaed522f8,1,-24,0,0,228,0,0,-24,232,4,236,0,0,0,0,-24,244,0,-224,0,0,-4,0,0,-216,0,-212,0,0,24,-208,0,0
1006,0x557414aa5312,R,0x7ffdaed522f8,1,0,0,4,228,0,0,0,232,4,0,0,0,0,240,0,244,0,-224,0,-220,24,0,0,0,0,-212,-4,0,0,-208,0,0
1008,0x557414aa5315,W,0x7ffdaed52218,1,-224,-224,-248,4,-224,-224,-224,8,-248,-224,-224,12,-224,16,-224,-224,224,224,220,4,248,8,224,224,224,12,248,224,224,16,224,224
1010,0x557414aa5318,R,0x7ffdaed522f8,1,0,224,0,228,4,0,0,232,0,0,4,236,0,0,0,0,0,0,-4,0,0,-216,0,0,-4,-212,0,0,0,-208,0,-204
1011,0x557414aa5318,W,0x7ffdaed522f8,1,0,224,0,0,-24,0,0,232,0,0,-24,236,0,0,0,240,0,-220,24,0,0,-216,0,0,24,-212,0,0,0,0,-4,-204
1013,0x557414aa531c,R,0x7ffdaed522f8,1,0,0,0,0,-24,228,4,232,0,0,0,236,4,0,0,240,-4,-220,0,0,0,-216,-4,0,0,-212,0,-208,0,0,-4,0
1015,0x557414aa531f,R,0x7ffdaed522f4,1,-4,-4,-4,220,-4,224,0,-4,-4,-4,-4,232,-28,-4,-4,236,28,-216,4,4,4,-212,28,4,4,4,4,-204,4,-200,28,4
1018,0x557414aa5308,R,0x7ffdaed52310,1,28,24,24,248,24,24,0,24,24,256,24,260,24,24,28,264,-24,-244,-24,-24,-28,-240,0,-236,-24,-24,-24,-24,-28,-228,-24,-24
1020,0x557414aa530c,R,0x7ffdaed522f8,1,-24,0,0,224,0,0,-24,228,4,232,0,0,0,0,-24,240,0,-220,0,0,-4,0,0,-212,0,-208,0,0,24,-204,0,0
1023,0x557414aa5312,R,0x7ffdaed522f8,1,0,0,4,224,0,0,0,228,4,0,0,0,0,236,0,240,0,-220,0,-216,24,0,0,0,0,-208,-4,0,0,-204,0,0
1025,0x557414aa5315,W,0x7ffdaed5221c,1,-220,-220,-244,4,-220,-220,-220,8,-244,-220,-220,12,-220,16,-220,-220,220,220,216,4,244,8,220,220,220,12,244,220,220,16,220,220
1027,0x557414aa5318,R,0x7ffdaed522f8,1,0,220,0,224,4,0,0,228,0,0,4,232,0,0,0,0,0,0,-4,0,0,-212,0,0,-4,-208,0,0,0,-204,0,-200
1028,0x557414aa5318,W,0x7ffdaed522f8,1,0,220,0,0,-24,0,0,228,0,0,-24,232,0,0,0,236,0,-216,24,0,0,-212,0,0,24,-208,0,0,0,0,-4,-200
1030,0x557414aa531c,R,0x7ffdaed522f8,1,0,0,0,0,-24,224,4,228,0,0,0,232,4,0,0,236,-4,-216,0,0,0,-212,-4,0,0,-208,0,-204,0,0,-4,0
1032,0x557414aa531f,R,0x7ffdaed522f4,1,-4,-4,-4,216,-4,220,0,-4,-4,-4,-4,228,-28,-4,-4,232,28,-212,4,4,4,-208,28,4,4,4,4,-200,4,-196,28,4
1035,0x557414aa5308,R,0x7ffdaed52310,1,28,24,24,244,24,24,0,24,24,252,24,256,24,24,28,260,-24,-240,-24,-24,-28,-236,0,-232,-24,-24,-24,-24,-28,-224,-24,-24
1037,0x557414aa530c,R,0x7ffdaed522f8,1,-24,0,0,220,0,0,-24,224,4,228,0,0,0,0,-24,236,0,-216,0,0,-4,0,0,-208,0,-204,0,0,24,-200,0,0
1040,0x557414aa5312,R,0x7ffdaed522f8,1,0,0,4,220,0,0,0,224,4,0,0,0,0,232,0,236,0,-216,0,-212,24,0,0,0,0,-204,-4,0,0,-200,0,0
1042,0x557414aa5315,W,0x7ffdaed52220,1,-216,-216,-240,4,-216,-216,-216,8,-240,-216,-216,12,-216,16,-216,-216,216,216,212,4,240,8,216,216,216,12,240,216,216,16,216,216
1044,0x557414aa5318,R,0x7ffdaed522f8,1,0,216,0,220,4,0,0,224,0,0,4,228,0,0,0,0,0,0,-4,0,0,-208,0,0,-4,-204,0,0,0,-200,0,-196
1045,0x557414aa5318,W,0x7ffdaed522f8,1,0,216,0,0,-24,0,0,224,0,0,-24,228,0,0,0,232,0,-212,24,0,0,-208,0,0,24,-204,0,0,0,0,-4,-196
1047,0x557414aa531c,R,0x7ffdaed522f8,1,0,0,0,0,-24,220,4,224,0,0,0,228,4,0,0,232,-4,-212,0,0,0,-208,-4,0,0,-204,0,-200,0,0,-4,0
1049,0x557414aa531f,R,0x7ffdaed522f4,1,-4,-4,-4,212,-4,216,0,-4,-4,-4,-4,224,-28,-4,-4,228,28,-208,4,4,4,-204,28,4,4,4,4,-196,4,-192,28,4
1052,0x557414aa5308,R,0x7ffdaed52310,1,28,24,24,240,24,24,0,24,24,248,24,252,24,24,28,256,-24,-236,-24,-24,-28,-232,0,-228,-24,-24,-24,-24,-28,-220,-24,-24
1054,0x557414aa530c,R,0x7ffdaed522f8,1,-24,0,0,216,0,0,-24,220,4,224,0,0,0,0,-24,232,0,-212,0,0,-4,0,0,-204,0,-200,0,0,24,-196,0,0
1057,0x557414aa5312,R,0x7ffdaed522f8,1,0,0,4,216,0,0,0,220,4,0,0,0,0,228,0,232,0,-212,0,-208,24,0,0,0,0,-200,-4,0,0,-196,0,0
1059,0x557414aa5315,W,0x7ffdaed52224,1,-212,-212,-236,4,-212,-212,-212,8,-236,-212,-212,12,-212,16,-212,-212,212,212,208,4,236,8,212,212,212,12,236,212,212,16,212,212
1061,0x557414aa5318,R,0x7ffdaed522f8,1,0,212,0,216,4,0,0,220,0,0,4,224,0,0,0,0,0,0,-4,0,0,-204,0,0,-4,-200,0,0,0,-196,0,-192
1062,0x557414aa5318,W,0x7ffdaed522f8,1,0,212,0,0,-24,0,0,220,0,0,-24,224,0,0,0,228,0,-208,24,0,0,-204,0,0,24,-200,0,0,0,0,-4,-192
1064,0x557414aa531c,R,0x7ffdaed522f8,1,0,0,0,0,-24,216,4,220,0,0,0,224,4,0,0,228,-4,-208,0,0,0,-204,-4,0,0,-200,0,-196,0,0,-4,0
1066,0x557414aa531f,R,0x7ffdaed522f4,1,-4,-4,-4,208,-4,212,0,-4,-4,-4,-4,220,-28,-4,-4,224,28,-204,4,4,4,-200,28,4,4,4,4,-192,4,-188,28,4
1069,0x557414aa5308,R,0x7ffdaed52310,1,28,24,24,236,24,24,0,24,24,244,24,248,24,24,28,252,-24,-232,-24,-24,-28,-228,0,-224,-24,-24,-24,-24,-28,-216,-24,-24
1071,0x557414aa530c,R,0x7ffdaed522f8,1,-24,0,0,212,0,0,-24,216,4,220,0,0,0,0,-24,228,0,-208,0,0,-4,0,0,-200,0,-196,0,0,24,-192,0,0
1074,0x557414aa5312,R,0x7ffdaed522f8,1,0,0,4,212,0,0,0,216,4,0,0,0,0,224,0,228,0,-208,0,-204,24,0,0,0,0,-196,-4,0,0,-192,0,0
1076,0x557414aa5315,W,0x7ffdaed52228,1,-208,-208,-232,4,-208,-208,-208,8,-232,-208,-208,12,-208,16,-208,-208,208,208,204,4,232,8,208,208,208,12,232,208,208,16,208,208
1078,0x557414aa5318,R,0x7ffdaed522f8,1,0,208,0,212,4,0,0,216,0,0,4,220,0,0,0,0,0,0,-4,0,0,-200,0,0,-4,-196,0,0,0,-192,0,-188
1079,0x557414aa5318,W,0x7ffdaed522f8,1,0,208,0,0,-24,0,0,216,0,0,-24,220,0,0,0,224,0,-204,24,0,0,-200,0,0,24,-196,0,0,0,0,-4,-188
1081,0x557414aa531c,R,0x7ffdaed522f8,1,0,0,0,0,-24,212,4,216,0,0,0,220,4,0,0,224,-4,-204,0,0,0,-200,-4,0,0,-196,0,-192,0,0,-4,0
1083,0x557414aa531f,R,0x7ffdaed522f4,1,-4,-4,-4,204,-4,208,0,-4,-4,-4,-4,216,-28,-4,-4,220,28,-200,4,4,4,-196,28,4,4,4,4,-188,4,-184,28,4
1086,0x557414aa5308,R,0x7ffdaed52310,1,28,24,24,232,24,24,0,24,24,240,24,244,24,24,28,248,-24,-228,-24,-24,-28,-224,0,-220,-24,-24,-24,-24,-28,-212,-24,-24
1088,0x557414aa530c,R,0x7ffdaed522f8,1,-24,0,0,208,0,0,-24,212,4,216,0,0,0,0,-24,224,0,-204,0,0,-4,0,0,-196,0,-192,0,0,24,-188,0,0
1091,0x557414aa5312,R,0x7ffdaed522f8,1,0,0,4,208,0,0,0,212,4,0,0,0,0,220,0,224,0,-204,0,-200,24,0,0,0,0,-192,-4,0,0,-188,0,0
1093,0x557414aa5315,W,0x7ffdaed5222c,1,-204,-204,-228,4,-204,-204,-204,8,-228,-204,-204,12,-204,16,-204,-204,204,204,200,4,228,8,204,204,204,12,228,204,204,16,204,204
1095,0x557414aa5318,R,0x7ffdaed522f8,1,0,204,0,208,4,0,0,212,0,0,4,216,0,0,0,0,0,0,-4,0,0,-196,0,0,-4,-192,0,0,0,-188,0,-184
1096,0x557414aa5318,W,0x7ffdaed522f8,1,0,204,0,0,-24,0,0,212,0,0,-24,216,0,0,0,220,0,-200,24,0,0,-196,0,0,24,-192,0,0,0,0,-4,-184
1098,0x557414aa531c,R,0x7ffdaed522f8,1,0,0,0,0,-24,208,4,212,0,0,0,216,4,0,0,220,-4,-200,0,0,0,-196,-4,0,0,-192,0,-188,0,0,-4,0
1100,0x557414aa531f,R,0x7ffdaed522f4,1,-4,-4,-4,200,-4,204,0,-4,-4,-4,-4,212,-28,-4,-4,216,28,-196,4,4,4,-192,28,4,4,4,4,-184,4,-180,28,4
1103,0x557414aa5308,R,0x7ffdaed52310,1,28,24,24,228,24,24,0,24,24,236,24,240,24,24,28,244,-24,-224,-24,-24,-28,-220,0,-216,-24,-24,-24,-24,-28,-208,-24,-24
1105,0x557414aa530c,R,0x7ffdaed522f8,1,-24,0,0,204,0,0,-24,208,4,212,0,0,0,0,-24,220,0,-200,0,0,-4,0,0,-192,0,-188,0,0,24,-184,0,0
1108,0x557414aa5312,R,0x7ffdaed522f8,1,0,0,4,204,0,0,0,208,4,0,0,0,0,216,0,220,0,-200,0,-196,24,0,0,0,0,-188,-4,0,0,-184,0,0
1110,0x557414aa5315,W,0x7ffdaed52230,1,-200,-200,-224,4,-200,-200,-200,8,-224,-200,-200,12,-200,16,-200,-200,200,200,196,4,224,8,200,200,200,12,224,200,200,16,200,200
1112,0x557414aa5318,R,0x7ffdaed522f8,1,0,200,0,204,4,0,0,208,0,0,4,212,0,0,0,0,0,0,-4,0,0,-192,0,0,-4,-188,0,0,0,-184,0,-180
1113,0x557414aa5318,W,0x7ffdaed522f8,1,0,200,0,0,-24,0,0,208,0,0,-24,212,0,0,0,216,0,-196,24,0,0,-192,0,0,24,-188,0,0,0,0,-4,-180
1115,0x557414aa531c,R,0x7ffdaed522f8,1,0,0,0,0,-24,204,4,208,0,0,0,212,4,0,0,216,-4,-196,0,0,0,-192,-4,0,0,-188,0,-184,0,0,-4,0
1117,0x557414aa531f,R,0x7ffdaed522f4,1,-4,-4,-4,196,-4,200,0,-4,-4,-4,-4,208,-28,-4,-4,212,28,-192,4,4,4,-188,28,4,4,4,4,-180,4,-176,28,4
1120,0x557414aa5308,R,0x7ffdaed52310,1,28,24,24,224,24,24,0,24,24,232,24,236,24,24,28,240,-24,-220,-24,-24,-28,-216,0,-212,-24,-24,-24,-24,-28,-204,-24,-24
1122,0x557414aa530c,R,0x7ffdaed522f8,1,-24,0,0,200,0,0,-24,204,4,208,0,0,0,0,-24,216,0,-196,0,0,-4,0,0,-188,0,-184,0,0,24,-180,0,0
1125,0x557414aa5312,R,0x7ffdaed522f8,1,0,0,4,200,0,0,0,204,4,0,0,0,0,212,0,216,0,-196,0,-192,24,0,0,0,0,-184,-4,0,0,-180,0,0
1127,0x557414aa5315,W,0x7ffdaed52234,1,-196,-196,-220,4,-196,-196,-196,8,-220,-196,-196,12,-196,16,-196,-196,196,196,192,4,220,8,196,196,196,12,220,196,196,16,196,196
1129,0x557414aa5318,R,0x7ffdaed522f8,1,0,196,0,200,4,0,0,204,0,0,4,208,0,0,0,0,0,0,-4,0,0,-188,0,0,-4,-184,0,0,0,-180,0,-176
1130,0x557414aa5318,W,0x7ffdaed522f8,1,0,196,0,0,-24,0,0,204,0,0,-24,208,0,0,0,212,0,-192,24,0,0,-188,0,0,24,-184,0,0,0,0,-4,-176
1132,0x557414aa531c,R,0x7ffdaed522f8,1,0,0,0,0,-24,200,4,204,0,0,0,208,4,0,0,212,-4,-192,0,0,0,-188,-4,0,0,-184,0,-180,0,0,-4,0
1134,0x557414aa531f,R,0x7ffdaed522f4,1,-4,-4,-4,192,-4,196,0,-4,-4,-4,-4,204,-28,-4,-4,208,28,-188,4,4,4,-184,28,4,4,4,4,-176,4,-172,28,4
1137,0x557414aa5308,R,0x7ffdaed52310,1,28,24,24,220,24,24,0,24,24,228,24,232,24,24,28,236,-24,-216,-24,-24,-28,-212,0,-208,-24,-24,-24,-24,-28,-200,-24,-24
1139,0x557414aa530c,R,0x7ffdaed522f8,1,-24,0,0,196,0,0,-24,200,4,204,0,0,0,0,-24,212,0,-192,0,0,-4,0,0,-184,0,-180,0,0,24,-176,0,0
1142,0x557414aa5312,R,0x7ffdaed522f8,1,0,0,4,196,0,0,0,200,4,0,0,0,0,208,0,212,0,-192,0,-188,24,0,0,0,0,-180,-4,0,0,-176,0,0
1144,0x557414aa5315,W,0x7ffdaed52238,1,-192,-192,-216,4,-192,-192,-192,8,-216,-192,-192,12,-192,16,-192,-192,192,192,188,4,216,8,192,192,192,12,216,192,192,16,192,192
1146,0x557414aa5318,R,0x7ffdaed522f8,1,0,192,0,196,4,0,0,200,0,0,4,204,0,0,0,0,0,0,-4,0,0,-184,0,0,-4,-180,0,0,0,-176,0,-172
1147,0x557414aa5318,W,0x7ffdaed522f8,1,0,192,0,0,-24,0,0,200,0,0,-24,204,0,0,0,208,0,-188,24,0,0,-184,0,0,24,-180,0,0,0,0,-4,-172
1149,0x557414aa531c,R,0x7ffdaed522f8,1,0,0,0,0,-24,196,4,200,0,0,0,204,4,0,0,208,-4,-188,0,0,0,-184,-4,0,0,-180,0,-176,0,0,-4,0
1151,0x557414aa531f,R,0x7ffdaed522f4,1,-4,-4,-4,188,-4,192,0,-4,-4,-4,-4,200,-28,-4,-4,204,28,-184,4,4,4,-180,28,4,4,4,4,-172,4,-168,28,4
1154,0x557414aa5308,R,0x7ffdaed52310,1,28,24,24,216,24,24,0,24,24,224,24,228,24,24,28,232,-24,-212,-24,-24,-28,-208,0,-204,-24,-24,-24,-24,-28,-196,-24,-24
1156,0x557414aa530c,R,0x7ffdaed522f8,1,-24,0,0,192,0,0,-24,196,4,200,0,0,0,0,-24,208,0,-188,0,0,-4,0,0,-180,0,-176,0,0,24,-172,0,0
1159,0x557414aa5312,R,0x7ffdaed522f8,1,0,0,4,192,0,0,0,196,4,0,0,0,0,204,0,208,0,-188,0,-184,24,0,0,0,0,-176,-4,0,0,-172,0,0
1161,0x557414aa5315,W,0x7ffdaed5223c,1,-188,-188,-212,4,-188,-188,-188,8,-212,-188,-188,12,-188,16,-188,-188,188,188,184,4,212,8,188,188,188,12,212,188,188,16,188,188
1163,0x557414aa5318,R,0x7ffdaed522f8,1,0,188,0,192,4,0,0,196,0,0,4,200,0,0,0,0,0,0,-4,0,0,-180,0,0,-4,-176,0,0,0,-172,0,-168
1164,0x557414aa5318,W,0x7ffdaed522f8,1,0,188,0,0,-24,0,0,196,0,0,-24,200,0,0,0,204,0,-184,24,0,0,-180,0,0,24,-176,0,0,0,0,-4,-168
1166,0x557414aa531c,R,0x7ffdaed522f8,1,0,0,0,0,-24,192,4,196,0,0,0,200,4,0,0,204,-4,-184,0,0,0,-180,-4,0,0,-176,0,-172,0,0,-4,0
1168,0x557414aa531f,R,0x7ffdaed522f4,1,-4,-4,-4,184,-4,188,0,-4,-4,-4,-4,196,-28,-4,-4,200,28,-180,4,4,4,-176,28,4,4,4,4,-168,4,-164,28,4
1171,0x557414aa5308,R,0x7ffdaed52310,1,28,24,24,212,24,24,0,24,24,220,24,224,24,24,28,228,-24,-208,-24,-24,-28,-204,0,-200,-24,-24,-24,-24,-28,-192,-24,-24
1173,0x557414aa530c,R,0x7ffdaed522f8,1,-24,0,0,188,0,0,-24,192,4,196,0,0,0,0,-24,204,0,-184,0,0,-4,0,0,-176,0,-172,0,0,24,-168,0,0
1176,0x557414aa5312,R,0x7ffdaed522f8,1,0,0,4,188,0,0,0,192,4,0,0,0,0,200,0,204,0,-184,0,-180,24,0,0,0,0,-172,-4,0,0,-168,0,0
1178,0x557414aa5315,W,0x7ffdaed52240,1,-184,-184,-208,4,-184,-184,-184,8,-208,-184,-184,12,-184,16,-184,-184,184,184,180,4,208,8,184,184,184,12,208,184,184,16,184,184
1180,0x557414aa5318,R,0x7ffdaed522f8,1,0,184,0,188,4,0,0,192,0,0,4,196,0,0,0,0,0,0,-4,0,0,-176,0,0,-4,-172,0,0,0,-168,0,-164
1181,0x557414aa5318,W,0x7ffdaed522f8,1,0,184,0,0,-24,0,0,192,0,0,-24,196,0,0,0,200,0,-180,24,0,0,-176,0,0,24,-172,0,0,0,0,-4,-164
1183,0x557414aa531c,R,0x7ffdaed522f8,1,0,0,0,0,-24,188,4,192,0,0,0,196,4,0,0,200,-4,-180,0,0,0,-176,-4,0,0,-172,0,-168,0,0,-4,0
1185,0x557414aa531f,R,0x7ffdaed522f4,1,-4,-4,-4,180,-4,184,0,-4,-4,-4,-4,192,-28,-4,-4,196,28,-176,4,4,4,-172,28,4,4,4,4,-164,4,-160,28,4
1188,0x557414aa5308,R,0x7ffdaed52310,1,28,24,24,208,24,24,0,24,24,216,24,220,24,24,28,224,-24,-204,-24,-24,-28,-200,0,-196,-24,-24,-24,-24,-28,-188,-24,-24
1190,0x557414aa530c,R,0x7ffdaed522f8,1,-24,0,0,184,0,0,-24,188,4,192,0,0,0,0,-24,200,0,-180,0,0,-4,0,0,-172,0,-168,0,0,24,-164,0,0
1193,0x557414aa5312,R,0x7ffdaed522f8,1,0,0,4,184,0,0,0,188,4,0,0,0,0,196,0,200,0,-180,0,-176,24,0,0,0,0,-168,-4,0,0,-164,0,0
1195,0x557414aa5315,W,0x7ffdaed52244,1,-180,-180,-204,4,-180,-180,-180,8,-204,-180,-180,12,-180,16,-180,-180,180,180,176,4,204,8,180,180,180,12,204,180,180,16,180,180
1197,0x557414aa5318,R,0x7ffdaed522f8,1,0,180,0,184,4,0,0,188,0,0,4,192,0,0,0,0,0,0,-4,0,0,-172,0,0,-4,-168,0,0,0,-164,0,-160
1198,0x557414aa5318,W,0x7ffdaed522f8,1,0,180,0,0,-24,0,0,188,0,0,-24,192,0,0,0,196,0,-176,24,0,0,-172,0,0,24,-168,0,0,0,0,-4,-160
1200,0x557414aa531c,R,0x7ffdaed522f8,1,0,0,0,0,-24,184,4,188,0,0,0,192,4,0,0,196,-4,-176,0,0,0,-172,-4,0,0,-168,0,-164,0,0,-4,0
1202,0x557414aa531f,R,0x7ffdaed522f4,1,-4,-4,-4,176,-4,180,0,-4,-4,-4,-4,188,-28,-4,-4,192,28,-172,4,4,4,-168,28,4,4,4,4,-160,4,-156,28,4
1205,0x557414aa5308,R,0x7ffdaed52310,1,28,24,24,204,24,24,0,24,24,212,24,216,24,24,28,220,-24,-200,-24,-24,-28,-196,0,-192,-24,-24,-24,-24,-28,-184,-24,-24
1207,0x557414aa530c,R,0x7ffdaed522f8,1,-24,0,0,180,0,0,-24,184,4,188,0,0,0,0,-24,196,0,-176,0,0,-4,0,0,-168,0,-164,0,0,24,-160,0,0
1210,0x557414aa5312,R,0x7ffdaed522f8,1,0,0,4,180,0,0,0,184,4,0,0,0,0,192,0,196,0,-176,0,-172,24,0,0,0,0,-164,-4,0,0,-160,0,0
1212,0x557414aa5315,W,0x7ffdaed52248,1,-176,-176,-200,4,-176,-176,-176,8,-200,-176,-176,12,-176,16,-176,-176,176,176,172,4,200,8,176,176,176,12,200,176,176,16,176,176
1214,0x557414aa5318,R,0x7ffdaed522f8,1,0,176,0,180,4,0,0,184,0,0,4,188,0,0,0,0,0,0,-4,0,0,-168,0,0,-4,-164,0,0,0,-160,0,-156
1215,0x557414aa5318,W,0x7ffdaed522f8,1,0,176,0,0,-24,0,0,184,0,0,-24,188,0,0,0,192,0,-172,24,0,0,-168,0,0,24,-164,0,0,0,0,-4,-156
1217,0x557414aa531c,R,0x7ffdaed522f8,1,0,0,0,0,-24,180,4,184,0,0,0,188,4,0,0,192,-4,-172,0,0,0,-168,-4,0,0,-164,0,-160,0,0,-4,0
1219,0x557414aa531f,R,0x7ffdaed522f4,1,-4,-4,-4,172,-4,176,0,-4,-4,-4,-4,184,-28,-4,-4,188,28,-168,4,4,4,-164,28,4,4,4,4,-156,4,-152,28,4
1222,0x557414aa5308,R,0x7ffdaed52310,1,28,24,24,200,24,24,0,24,24,208,24,212,24,24,28,216,-24,-196,-24,-24,-28,-192,0,-188,-24,-24,-24,-24,-28,-180,-24,-24
1224,0x557414aa530c,R,0x7ffdaed522f8,1,-24,0,0,176,0,0,-24,180,4,184,0,0,0,0,-24,192,0,-172,0,0,-4,0,0,-164,0,-160,0,0,24,-156,0,0
1227,0x557414aa5312,R,0x7ffdaed522f8,1,0,0,4,176,0,0,0,180,4,0,0,0,0,188,0,192,0,-172,0,-168,24,0,0,0,0,-160,-4,0,0,-156,0,0
1229,0x557414aa5315,W,0x7ffdaed5224c,1,-172,-172,-196,4,-172,-172,-172,8,-196,-172,-172,12,-172,16,-172,-172,172,172,168,4,196,8,172,172,172,12,196,172,172,16,172,172
1231,0x557414aa5318,R,0x7ffdaed522f8,1,0,172,0,176,4,0,0,180,0,0,4,184,0,0,0,0,0,0,-4,0,0,-164,0,0,-4,-160,0,0,0,-156,0,-152
1232,0x557414aa5318,W,0x7ffdaed522f8,1,0,172,0,0,-24,0,0,180,0,0,-24,184,0,0,0,188,0,-168,24,0,0,-164,0,0,24,-160,0,0,0,0,-4,-152
1234,0x557414aa531c,R,0x7ffdaed522f8,1,0,0,0,0,-24,176,4,180,0,0,0,184,4,0,0,188,-4,-168,0,0,0,-164,-4,0,0,-160,0,-156,0,0,-4,0
1236,0x557414aa531f,R,0x7ffdaed522f4,1,-4,-4,-4,168,-4,172,0,-4,-4,-4,-4,180,-28,-4,-4,184,28,-164,4,4,4,-160,28,4,4,4,4,-152,4,-148,28,4
1239,0x557414aa5308,R,0x7ffdaed52310,1,28,24,24,196,24,24,0,24,24,204,24,208,24,24,28,212,-24,-192,-24,-24,-28,-188,0,-184,-24,-24,-24,-24,-28,-176,-24,-24
1241,0x557414aa530c,R,0x7ffdaed522f8,1,-24,0,0,172,0,0,-24,176,4,180,0,0,0,0,-24,188,0,-168,0,0,-4,0,0,-160,0,-156,0,0,24,-152,0,0
1244,0x557414aa5312,R,0x7ffdaed522f8,1,0,0,4,172,0,0,0,176,4,0,0,0,0,184,0,188,0,-168,0,-164,24,0,0,0,0,-156,-4,0,0,-152,0,0
1246,0x557414aa5315,W,0x7ffdaed52250,1,-168,-168,-192,4,-168,-168,-168,8,-192,-168,-168,12,-168,16,-168,-168,168,168,164,4,192,8,168,168,168,12,192,168,168,16,168,168
1248,0x557414aa5318,R,0x7ffdaed522f8,1,0,168,0,172,4,0,0,176,0,0,4,180,0,0,0,0,0,0,-4,0,0,-160,0,0,-4,-156,0,0,0,-152,0,-148
1249,0x557414aa5318,W,0x7ffdaed522f8,1,0,168,0,0,-24,0,0,176,0,0,-24,180,0,0,0,184,0,-164,24,0,0,-160,0,0,24,-156,0,0,0,0,-4,-148
1251,0x557414aa531c,R,0x7ffdaed522f8,1,0,0,0,0,-24,172,4,176,0,0,0,180,4,0,0,184,-4,-164,0,0,0,-160,-4,0,0,-156,0,-152,0,0,-4,0
1253,0x557414aa531f,R,0x7ffdaed522f4,1,-4,-4,-4,164,-4,168,0,-4,-4,-4,-4,176,-28,-4,-4,180,28,-160,4,4,4,-156,28,4,4,4,4,-148,4,-144,28,4
1256,0x557414aa5308,R,0x7ffdaed52310,1,28,24,24,192,24,24,0,24,24,200,24,204,24,24,28,208,-24,-188,-24,-24,-28,-184,0,-180,-24,-24,-24,-24,-28,-172,-24,-24
1258,0x557414aa530c,R,0x7ffdaed522f8,1,-24,0,0,168,0,0,-24,172,4,176,0,0,0,0,-24,184,0,-164,0,0,-4,0,0,-156,0,-152,0,0,24,-148,0,0
1261,0x557414aa5312,R,0x7ffdaed522f8,1,0,0,4,168,0,0,0,172,4,0,0,0,0,180,0,184,0,-164,0,-160,24,0,0,0,0,-152,-4,0,0,-148,0,0
1263,0x557414aa5315,W,0x7ffdaed52254,1,-164,-164,-188,4,-164,-164,-164,8,-188,-164,-164,12,-164,16,-164,-164,164,164,160,4,188,8,164,164,164,12,188,164,164,16,164,164
1265,0x557414aa5318,R,0x7ffdaed522f8,1,0,164,0,168,4,0,0,172,0,0,4,176,0,0,0,0,0,0,-4,0,0,-156,0,0,-4,-152,0,0,0,-148,0,-144
1266,0x557414aa5318,W,0x7ffdaed522f8,1,0,164,0,0,-24,0,0,172,0,0,-24,176,0,0,0,180,0,-160,24,0,0,-156,0,0,24,-152,0,0,0,0,-4,-144
1268,0x557414aa531c,R,0x7ffdaed522f8,1,0,0,0,0,-24,168,4,172,0,0,0,176,4,0,0,180,-4,-160,0,0,0,-156,-4,0,0,-152,0,-148,0,0,-4,0
1270,0x557414aa531f,R,0x7ffdaed522f4,1,-4,-4,-4,160,-4,164,0,-4,-4,-4,-4,172,-28,-4,-4,176,28,-156,4,4,4,-152,28,4,4,4,4,-144,4,-140,28,4
1273,0x557414aa5308,R,0x7ffdaed52310,1,28,24,24,188,24,24,0,24,24,196,24,200,24,24,28,204,-24,-184,-24,-24,-28,-180,0,-176,-24,-24,-24,-24,-28,-168,-24,-24
1275,0x557414aa530c,R,0x7ffdaed522f8,1,-24,0,0,164,0,0,-24,168,4,172,0,0,0,0,-24,180,0,-160,0,0,-4,0,0,-152,0,-148,0,0,24,-144,0,0
1278,0x557414aa5312,R,0x7ffdaed522f8,1,0,0,4,164,0,0,0,168,4,0,0,0,0,176,0,180,0,-160,0,-156,24,0,0,0,0,-148,-4,0,0,-144,0,0
1280,0x557414aa5315,W,0x7ffdaed52258,1,-160,-160,-184,4,-160,-160,-160,8,-184,-160,-160,12,-160,16,-160,-160,160,160,156,4,184,8,160,160,160,12,184,160,160,16,160,160
1282,0x557414aa5318,R,0x7ffdaed522f8,1,0,160,0,164,4,0,0,168,0,0,4,172,0,0,0,0,0,0,-4,0,0,-152,0,0,-4,-148,0,0,0,-144,0,-140
1283,0x557414aa5318,W,0x7ffdaed522f8,1,0,160,0,0,-24,0,0,168,0,0,-24,172,0,0,0,176,0,-156,24,0,0,-152,0,0,24,-148,0,0,0,0,-4,-140
1285,0x557414aa531c,R,0x7ffdaed522f8,1,0,0,0,0,-24,164,4,168,0,0,0,172,4,0,0,176,-4,-156,0,0,0,-152,-4,0,0,-148,0,-144,0,0,-4,0
1287,0x557414aa531f,R,0x7ffdaed522f4,1,-4,-4,-4,156,-4,160,0,-4,-4,-4,-4,168,-28,-4,-4,172,28,-152,4,4,4,-148,28,4,4,4,4,-140,4,-136,28,4
1290,0x557414aa5308,R,0x7ffdaed52310,1,28,24,24,184,24,24,0,24,24,192,24,196,24,24,28,200,-24,-180,-24,-24,-28,-176,0,-172,-24,-24,-24,-24,-28,-164,-24,-24
1292,0x557414aa530c,R,0x7ffdaed522f8,1,-24,0,0,160,0,0,-24,164,4,168,0,0,0,0,-24,176,0,-156,0,0,-4,0,0,-148,0,-144,0,0,24,-140,0,0
1295,0x557414aa5312,R,0x7ffdaed522f8,1,0,0,4,160,0,0,0,164,4,0,0,0,0,172,0,176,0,-156,0,-152,24,0,0,0,0,-144,-4,0,0,-140,0,0
1297,0x557414aa5315,W,0x7ffdaed5225c,1,-156,-156,-180,4,-156,-156,-156,8,-180,-156,-156,12,-156,16,-156,-156,156,156,152,4,180,8,156,156,156,12,180,156,156,16,156,156
1299,0x557414aa5318,R,0x7ffdaed522f8,1,0,156,0,160,4,0,0,164,0,0,4,168,0,0,0,0,0,0,-4,0,0,-148,0,0,-4,-144,0,0,0,-140,0,-136
1300,0x557414aa5318,W,0x7ffdaed522f8,1,0,156,0,0,-24,0,0,164,0,0,-24,168,0,0,0,172,0,-152,24,0,0,-148,0,0,24,-144,0,0,0,0,-4,-136
1302,0x557414aa531c,R,0x7ffdaed522f8,1,0,0,0,0,-24,160,4,164,0,0,0,168,4,0,0,172,-4,-152,0,0,0,-148,-4,0,0,-144,0,-140,0,0,-4,0
1304,0x557414aa531f,R,0x7ffdaed522f4,1,-4,-4,-4,152,-4,156,0,-4,-4,-4,-4,164,-28,-4,-4,168,28,-148,4,4,4,-144,28,4,4,4,4,-136,4,-132,28,4
1307,0x557414aa5308,R,0x7ffdaed52310,1,28,24,24,180,24,24,0,24,24,188,24,192,24,24,28,196,-24,-176,-24,-24,-28,-172,0,-168,-24,-24,-24,-24,-28,-160,-24,-24
1309,0x557414aa530c,R,0x7ffdaed522f8,1,-24,0,0,156,0,0,-24,160,4,164,0,0,0,0,-24,172,0,-152,0,0,-4,0,0,-144,0,-140,0,0,24,-136,0,0
1312,0x557414aa5312,R,0x7ffdaed522f8,1,0,0,4,156,0,0,0,160,4,0,0,0,0,168,0,172,0,-152,0,-148,24,0,0,0,0,-140,-4,0,0,-136,0,0
1314,0x557414aa5315,W,0x7ffdaed52260,1,-152,-152,-176,4,-152,-152,-152,8,-176,-152,-152,12,-152,16,-152,-152,152,152,148,4,176,8,152,152,152,12,176,152,152,16,152,152
1316,0x557414aa5318,R,0x7ffdaed522f8,1,0,152,0,156,4,0,0,160,0,0,4,164,0,0,0,0,0,0,-4,0,0,-144,0,0,-4,-140,0,0,0,-136,0,-132
1317,0x557414aa5318,W,0x7ffdaed522f8,1,0,152,0,0,-24,0,0,160,0,0,-24,164,0,0,0,168,0,-148,24,0,0,-144,0,0,24,-140,0,0,0,0,-4,-132
1319,0x557414aa531c,R,0x7ffdaed522f8,1,0,0,0,0,-24,156,4,160,0,0,0,164,4,0,0,168,-4,-148,0,0,0,-144,-4,0,0,-140,0,-136,0,0,-4,0
1321,0x557414aa531f,R,0x7ffdaed522f4,1,-4,-4,-4,148,-4,152,0,-4,-4,-4,-4,160,-28,-4,-4,164,28,-144,4,4,4,-140,28,4,4,4,4,-132,4,-128,28,4
1324,0x557414aa5308,R,0x7ffdaed52310,1,28,24,24,176,24,24,0,24,24,184,24,188,24,24,28,192,-24,-172,-24,-24,-28,-168,0,-164,-24,-24,-24,-24,-28,-156,-24,-24
1326,0x557414aa530c,R,0x7ffdaed522f8,1,-24,0,0,152,0,0,-24,156,4,160,0,0,0,0,-24,168,0,-148,0,0,-4,0,0,-140,0,-136,0,0,24,-132,0,0
1329,0x557414aa5312,R,0x7ffdaed522f8,1,0,0,4,152,0,0,0,156,4,0,0,0,0,164,0,168,0,-148,0,-144,24,0,0,0,0,-136,-4,0,0,-132,0,0
1331,0x557414aa5315,W,0x7ffdaed52264,1,-148,-148,-172,4,-148,-148,-148,8,-172,-148,-148,12,-148,16,-148,-148,148,148,144,4,172,8,148,148,148,12,172,148,148,16,148,148
1333,0x557414aa5318,R,0x7ffdaed522f8,1,0,148,0,152,4,0,0,156,0,0,4,160,0,0,0,0,0,0,-4,0,0,-140,0,0,-4,-136,0,0,0,-132,0,-128
1334,0x557414aa5318,W,0x7ffdaed522f8,1,0,148,0,0,-24,0,0,156,0,0,-24,160,0,0,0,164,0,-144,24,0,0,-140,0,0,24,-136,0,0,0,0,-4,-128
1336,0x557414aa531c,R,0x7ffdaed522f8,1,0,0,0,0,-24,152,4,156,0,0,0,160,4,0,0,164,-4,-144,0,0,0,-140,-4,0,0,-136,0,-132,0,0,-4,0
1338,0x557414aa531f,R,0x7ffdaed522f4,1,-4,-4,-4,144,-4,148,0,-4,-4,-4,-4,156,-28,-4,-4,160,28,-140,4,4,4,-136,28,4,4,4,4,-128,4,-124,28,4
1341,0x557414aa5308,R,0x7ffdaed52310,1,28,24,24,172,24,24,0,24,24,180,24,184,24,24,28,188,-24,-168,-24,-24,-28,-164,0,-160,-24,-24,-24,-24,-28,-152,-24,-24
1343,0x557414aa530c,R,0x7ffdaed522f8,1,-24,0,0,148,0,0,-24,152,4,156,0,0,0,0,-24,164,0,-144,0,0,-4,0,0,-136,0,-132,0,0,24,-128,0,0
1346,0x557414aa5312,R,0x7ffdaed522f8,1,0,0,4,148,0,0,0,152,4,0,0,0,0,160,0,164,0,-144,0,-140,24,0,0,0,0,-132,-4,0,0,-128,0,0
1348,0x557414aa5315,W,0x7ffdaed52268,1,-144,-144,-168,4,-144,-144,-144,8,-168,-144,-144,12,-144,16,-144,-144,144,144,140,4,168,8,144,144,144,12,168,144,144,16,144,144
1350,0x557414aa5318,R,0x7ffdaed522f8,1,0,144,0,148,4,0,0,152,0,0,4,156,0,0,0,0,0,0,-4,0,0,-136,0,0,-4,-132,0,0,0,-128,0,-124
1351,0x557414aa5318,W,0x7ffdaed522f8,1,0,144,0,0,-24,0,0,152,0,0,-24,156,0,0,0,160,0,-140,24,0,0,-136,0,0,24,-132,0,0,0,0,-4,-124
1353,0x557414aa531c,R,0x7ffdaed522f8,1,0,0,0,0,-24,148,4,152,0,0,0,156,4,0,0,160,-4,-140,0,0,0,-136,-4,0,0,-132,0,-128,0,0,-4,0
1355,0x557414aa531f,R,0x7ffdaed522f4,1,-4,-4,-4,140,-4,144,0,-4,-4,-4,-4,152,-28,-4,-4,156,28,-136,4,4,4,-132,28,4,4,4,4,-124,4,-120,28,4
1358,0x557414aa5308,R,0x7ffdaed52310,1,28,24,24,168,24,24,0,24,24,176,24,180,24,24,28,184,-24,-164,-24,-24,-28,-160,0,-156,-24,-24,-24,-24,-28,-148,-24,-24
1360,0x557414aa530c,R,0x7ffdaed522f8,1,-24,0,0,144,0,0,-24,148,4,152,0,0,0,0,-24,160,0,-140,0,0,-4,0,0,-132,0,-128,0,0,24,-124,0,0
1363,0x557414aa5312,R,0x7ffdaed522f8,1,0,0,4,144,0,0,0,148,4,0,0,0,0,156,0,160,0,-140,0,-136,24,0,0,0,0,-128,-4,0,0,-124,0,0
1365,0x557414aa5315,W,0x7ffdaed5226c,1,-140,-140,-164,4,-140,-140,-140,8,-164,-140,-140,12,-140,16,-140,-140,140,140,136,4,164,8,140,140,140,12,164,140,140,16,140,140
1367,0x557414aa5318,R,0x7ffdaed522f8,1,0,140,0,144,4,0,0,148,0,0,4,152,0,0,0,0,0,0,-4,0,0,-132,0,0,-4,-128,0,0,0,-124,0,-120
1368,0x557414aa5318,W,0x7ffdaed522f8,1,0,140,0,0,-24,0,0,148,0,0,-24,152,0,0,0,156,0,-136,24,0,0,-132,0,0,24,-128,0,0,0,0,-4,-120
1370,0x557414aa531c,R,0x7ffdaed522f8,1,0,0,0,0,-24,144,4,148,0,0,0,152,4,0,0,156,-4,-136,0,0,0,-132,-4,0,0,-128,0,-124,0,0,-4,0
1372,0x557414aa531f,R,0x7ffdaed522f4,1,-4,-4,-4,136,-4,140,0,-4,-4,-4,-4,148,-28,-4,-4,152,28,-132,4,4,4,-128,28,4,4,4,4,-120,4,-116,28,4
1375,0x557414aa5308,R,0x7ffdaed52310,1,28,24,24,164,24,24,0,24,24,172,24,176,24,24,28,180,-24,-160,-24,-24,-28,-156,0,-152,-24,-24,-24,-24,-28,-144,-24,-24
1377,0x557414aa530c,R,0x7ffdaed522f8,1,-24,0,0,140,0,0,-24,144,4,148,0,0,0,0,-24,156,0,-136,0,0,-4,0,0,-128,0,-124,0,0,24,-120,0,0
1380,0x557414aa5312,R,0x7ffdaed522f8,1,0,0,4,140,0,0,0,144,4,0,0,0,0,152,0,156,0,-136,0,-132,24,0,0,0,0,-124,-4,0,0,-120,0,0
1382,0x557414aa5315,W,0x7ffdaed52270,1,-136,-136,-160,4,-136,-136,-136,8,-160,-136,-136,12,-136,16,-136,-136,136,136,132,4,160,8,136,136,136,12,160,136,136,16,136,136
1384,0x557414aa5318,R,0x7ffdaed522f8,1,0,136,0,140,4,0,0,144,0,0,4,148,0,0,0,0,0,0,-4,0,0,-128,0,0,-4,-124,0,0,0,-120,0,-116
1385,0x557414aa5318,W,0x7ffdaed522f8,1,0,136,0,0,-24,0,0,144,0,0,-24,148,0,0,0,152,0,-132,24,0,0,-128,0,0,24,-124,0,0,0,0,-4,-116
1387,0x557414aa531c,R,0x7ffdaed522f8,1,0,0,0,0,-24,140,4,144,0,0,0,148,4,0,0,152,-4,-132,0,0,0,-128,-4,0,0,-124,0,-120,0,0,-4,0
1389,0x557414aa531f,R,0x7ffdaed522f4,1,-4,-4,-4,132,-4,136,0,-4,-4,-4,-4,144,-28,-4,-4,148,28,-128,4,4,4,-124,28,4,4,4,4,-116,4,-112,28,4
1392,0x557414aa5308,R,0x7ffdaed52310,1,28,24,24,160,24,24,0,24,24,168,24,172,24,24,28,176,-24,-156,-24,-24,-28,-152,0,-148,-24,-24,-24,-24,-28,-140,-24,-24
1394,0x557414aa530c,R,0x7ffdaed522f8,1,-24,0,0,136,0,0,-24,140,4,144,0,0,0,0,-24,152,0,-132,0,0,-4,0,0,-124,0,-120,0,0,24,-116,0,0
1397,0x557414aa5312,R,0x7ffdaed522f8,1,0,0,4,136,0,0,0,140,4,0,0,0,0,148,0,152,0,-132,0,-128,24,0,0,0,0,-120,-4,0,0,-116,0,0
1399,0x557414aa5315,W,0x7ffdaed52274,1,-132,-132,-156,4,-132,-132,-132,8,-156,-132,-132,12,-132,16,-132,-132,132,132,128,4,156,8,132,132,132,12,156,132,132,16,132,132
1401,0x557414aa5318,R,0x7ffdaed522f8,1,0,132,0,136,4,0,0,140,0,0,4,144,0,0,0,0,0,0,-4,0,0,-124,0,0,-4,-120,0,0,0,-116,0,-112
1402,0x557414aa5318,W,0x7ffdaed522f8,1,0,132,0,0,-24,0,0,140,0,0,-24,144,0,0,0,148,0,-128,24,0,0,-124,0,0,24,-120,0,0,0,0,-4,-112
1404,0x557414aa531c,R,0x7ffdaed522f8,1,0,0,0,0,-24,136,4,140,0,0,0,144,4,0,0,148,-4,-128,0,0,0,-124,-4,0,0,-120,0,-116,0,0,-4,0
1406,0x557414aa531f,R,0x7ffdaed522f4,1,-4,-4,-4,128,-4,132,0,-4,-4,-4,-4,140,-28,-4,-4,144,28,-124,4,4,4,-120,28,4,4,4,4,-112,4,-108,28,4
1409,0x557414aa5308,R,0x7ffdaed52310,1,28,24,24,156,24,24,0,24,24,164,24,168,24,24,28,172,-24,-152,-24,-24,-28,-148,0,-144,-24,-24,-24,-24,-28,-136,-24,-24
1411,0x557414aa530c,R,0x7ffdaed522f8,1,-24,0,0,132,0,0,-24,136,4,140,0,0,0,0,-24,148,0,-128,0,0,-4,0,0,-120,0,-116,0,0,24,-112,0,0
1414,0x557414aa5312,R,0x7ffdaed522f8,1,0,0,4,132,0,0,0,136,4,0,0,0,0,144,0,148,0,-128,0,-124,24,0,0,0,0,-116,-4,0,0,-112,0,0
1416,0x557414aa5315,W,0x7ffdaed52278,1,-128,-128,-152,4,-128,-128,-128,8,-152,-128,-128,12,-128,16,-128,-128,128,128,124,4,152,8,128,128,128,12,152,128,128,16,128,128
1418,0x557414aa5318,R,0x7ffdaed522f8,1,0,128,0,132,4,0,0,136,0,0,4,140,0,0,0,0,0,0,-4,0,0,-120,0,0,-4,-116,0,0,0,-112,0,-108
1419,0x557414aa5318,W,0x7ffdaed522f8,1,0,128,0,0,-24,0,0,136,0,0,-24,140,0,0,0,144,0,-124,24,0,0,-120,0,0,24,-116,0,0,0,0,-4,-108
1421,0x557414aa531c,R,0x7ffdaed522f8,1,0,0,0,0,-24,132,4,136,0,0,0,140,4,0,0,144,-4,-124,0,0,0,-120,-4,0,0,-116,0,-112,0,0,-4,0
1423,0x557414aa531f,R,0x7ffdaed522f4,1,-4,-4,-4,124,-4,128,0,-4,-4,-4,-4,136,-28,-4,-4,140,28,-120,4,4,4,-116,28,4,4,4,4,-108,4,-104,28,4
1426,0x557414aa5308,R,0x7ffdaed52310,1,28,24,24,152,24,24,0,24,24,160,24,164,24,24,28,168,-24,-148,-24,-24,-28,-144,0,-140,-24,-24,-24,-24,-28,-132,-24,-24
1428,0x557414aa530c,R,0x7ffdaed522f8,1,-24,0,0,128,0,0,-24,132,4,136,0,0,0,0,-24,144,0,-124,0,0,-4,0,0,-116,0,-112,0,0,24,-108,0,0
1431,0x557414aa5312,R,0x7ffdaed522f8,1,0,0,4,128,0,0,0,132,4,0,0,0,0,140,0,144,0,-124,0,-120,24,0,0,0,0,-112,-4,0,0,-108,0,0
1433,0x557414aa5315,W,0x7ffdaed5227c,1,-124,-124,-148,4,-124,-124,-124,8,-148,-124,-124,12,-124,16,-124,-124,124,124,120,4,148,8,124,124,124,12,148,124,124,16,124,124
1435,0x557414aa5318,R,0x7ffdaed522f8,1,0,124,0,128,4,0,0,132,0,0,4,136,0,0,0,0,0,0,-4,0,0,-116,0,0,-4,-112,0,0,0,-108,0,-104
1436,0x557414aa5318,W,0x7ffdaed522f8,1,0,124,0,0,-24,0,0,132,0,0,-24,136,0,0,0,140,0,-120,24,0,0,-116,0,0,24,-112,0,0,0,0,-4,-104
1438,0x557414aa531c,R,0x7ffdaed522f8,1,0,0,0,0,-24,128,4,132,0,0,0,136,4,0,0,140,-4,-120,0,0,0,-116,-4,0,0,-112,0,-108,0,0,-4,0
1440,0x557414aa531f,R,0x7ffdaed522f4,1,-4,-4,-4,120,-4,124,0,-4,-4,-4,-4,132,-28,-4,-4,136,28,-116,4,4,4,-112,28,4,4,4,4,-104,4,-100,28,4
1443,0x557414aa5308,R,0x7ffdaed52310,1,28,24,24,148,24,24,0,24,24,156,24,160,24,24,28,164,-24,-144,-24,-24,-28,-140,0,-136,-24,-24,-24,-24,-28,-128,-24,-24
1445,0x557414aa530c,R,0x7ffdaed522f8,1,-24,0,0,124,0,0,-24,128,4,132,0,0,0,0,-24,140,0,-120,0,0,-4,0,0,-112,0,-108,0,0,24,-104,0,0
1448,0x557414aa5312,R,0x7ffdaed522f8,1,0,0,4,124,0,0,0,128,4,0,0,0,0,136,0,140,0,-120,0,-116,24,0,0,0,0,-108,-4,0,0,-104,0,0
1450,0x557414aa5315,W,0x7ffdaed52280,1,-120,-120,-144,4,-120,-120,-120,8,-144,-120,-120,12,-120,16,-120,-120,120,120,116,4,144,8,120,120,120,12,144,120,120,16,120,120
1452,0x557414aa5318,R,0x7ffdaed522f8,1,0,120,0,124,4,0,0,128,0,0,4,132,0,0,0,0,0,0,-4,0,0,-112,0,0,-4,-108,0,0,0,-104,0,-100
1453,0x557414aa5318,W,0x7ffdaed522f8,1,0,120,0,0,-24,0,0,128,0,0,-24,132,0,0,0,136,0,-116,24,0,0,-112,0,0,24,-108,0,0,0,0,-4,-100
1455,0x557414aa531c,R,0x7ffdaed522f8,1,0,0,0,0,-24,124,4,128,0,0,0,132,4,0,0,136,-4,-116,0,0,0,-112,-4,0,0,-108,0,-104,0,0,-4,0
1457,0x557414aa531f,R,0x7ffdaed522f4,1,-4,-4,-4,116,-4,120,0,-4,-4,-4,-4,128,-28,-4,-4,132,28,-112,4,4,4,-108,28,4,4,4,4,-100,4,-96,28,4
1460,0x557414aa5308,R,0x7ffdaed52310,1,28,24,24,144,24,24,0,24,24,152,24,156,24,24,28,160,-24,-140,-24,-24,-28,-136,0,-132,-24,-24,-24,-24,-28,-124,-24,-24
1462,0x557414aa530c,R,0x7ffdaed522f8,1,-24,0,0,120,0,0,-24,124,4,128,0,0,0,0,-24,136,0,-116,0,0,-4,0,0,-108,0,-104,0,0,24,-100,0,0
1465,0x557414aa5312,R,0x7ffdaed522f8,1,0,0,4,120,0,0,0,124,4,0,0,0,0,132,0,136,0,-116,0,-112,24,0,0,0,0,-104,-4,0,0,-100,0,0
1467,0x557414aa5315,W,0x7ffdaed52284,1,-116,-116,-140,4,-116,-116,-116,8,-140,-116,-116,12,-116,16,-116,-116,116,116,112,4,140,8,116,116,116,12,140,116,116,16,116,116
1469,0x557414aa5318,R,0x7ffdaed522f8,1,0,116,0,120,4,0,0,124,0,0,4,128,0,0,0,0,0,0,-4,0,0,-108,0,0,-4,-104,0,0,0,-100,0,-96
1470,0x557414aa5318,W,0x7ffdaed522f8,1,0,116,0,0,-24,0,0,124,0,0,-24,128,0,0,0,132,0,-112,24,0,0,-108,0,0,24,-104,0,0,0,0,-4,-96
1472,0x557414aa531c,R,0x7ffdaed522f8,1,0,0,0,0,-24,120,4,124,0,0,0,128,4,0,0,132,-4,-112,0,0,0,-108,-4,0,0,-104,0,-100,0,0,-4,0
1474,0x557414aa531f,R,0x7ffdaed522f4,1,-4,-4,-4,112,-4,116,0,-4,-4,-4,-4,124,-28,-4,-4,128,28,-108,4,4,4,-104,28,4,4,4,4,-96,4,-92,28,4
1477,0x557414aa5308,R,0x7ffdaed52310,1,28,24,24,140,24,24,0,24,24,148,24,152,24,24,28,156,-24,-136,-24,-24,-28,-132,0,-128,-24,-24,-24,-24,-28,-120,-24,-24
1479,0x557414aa530c,R,0x7ffdaed522f8,1,-24,0,0,116,0,0,-24,120,4,124,0,0,0,0,-24,132,0,-112,0,0,-4,0,0,-104,0,-100,0,0,24,-96,0,0
1482,0x557414aa5312,R,0x7ffdaed522f8,1,0,0,4,116,0,0,0,120,4,0,0,0,0,128,0,132,0,-112,0,-108,24,0,0,0,0,-100,-4,0,0,-96,0,0
1484,0x557414aa5315,W,0x7ffdaed52288,1,-112,-112,-136,4,-112,-112,-112,8,-136,-112,-112,12,-112,16,-112,-112,112,112,108,4,136,8,112,112,112,12,136,112,112,16,112,112
1486,0x557414aa5318,R,0x7ffdaed522f8,1,0,112,0,116,4,0,0,120,0,0,4,124,0,0,0,0,0,0,-4,0,0,-104,0,0,-4,-100,0,0,0,-96,0,-92
1487,0x557414aa5318,W,0x7ffdaed522f8,1,0,112,0,0,-24,0,0,120,0,0,-24,124,0,0,0,128,0,-108,24,0,0,-104,0,0,24,-100,0,0,0,0,-4,-92
1489,0x557414aa531c,R,0x7ffdaed522f8,1,0,0,0,0,-24,116,4,120,0,0,0,124,4,0,0,128,-4,-108,0,0,0,-104,-4,0,0,-100,0,-96,0,0,-4,0
1491,0x557414aa531f,R,0x7ffdaed522f4,1,-4,-4,-4,108,-4,112,0,-4,-4,-4,-4,120,-28,-4,-4,124,28,-104,4,4,4,-100,28,4,4,4,4,-92,4,-88,28,4
1494,0x557414aa5308,R,0x7ffdaed52310,1,28,24,24,136,24,24,0,24,24,144,24,148,24,24,28,152,-24,-132,-24,-24,-28,-128,0,-124,-24,-24,-24,-24,-28,-116,-24,-24
1496,0x557414aa530c,R,0x7ffdaed522f8,1,-24,0,0,112,0,0,-24,116,4,120,0,0,0,0,-24,128,0,-108,0,0,-4,0,0,-100,0,-96,0,0,24,-92,0,0
1499,0x557414aa5312,R,0x7ffdaed522f8,1,0,0,4,112,0,0,0,116,4,0,0,0,0,124,0,128,0,-108,0,-104,24,0,0,0,0,-96,-4,0,0,-92,0,0
1501,0x557414aa5315,W,0x7ffdaed5228c,1,-108,-108,-132,4,-108,-108,-108,8,-132,-108,-108,12,-108,16,-108,-108,108,108,104,4,132,8,108,108,108,12,132,108,108,16,108,108
1503,0x557414aa5318,R,0x7ffdaed522f8,1,0,108,0,112,4,0,0,116,0,0,4,120,0,0,0,0,0,0,-4,0,0,-100,0,0,-4,-96,0,0,0,-92,0,-88
1504,0x557414aa5318,W,0x7ffdaed522f8,1,0,108,0,0,-24,0,0,116,0,0,-24,120,0,0,0,124,0,-104,24,0,0,-100,0,0,24,-96,0,0,0,0,-4,-88
1506,0x557414aa531c,R,0x7ffdaed522f8,1,0,0,0,0,-24,112,4,116,0,0,0,120,4,0,0,124,-4,-104,0,0,0,-100,-4,0,0,-96,0,-92,0,0,-4,0
1508,0x557414aa531f,R,0x7ffdaed522f4,1,-4,-4,-4,104,-4,108,0,-4,-4,-4,-4,116,-28,-4,-4,120,28,-100,4,4,4,-96,28,4,4,4,4,-88,4,-84,28,4
1511,0x557414aa5308,R,0x7ffdaed52310,1,28,24,24,132,24,24,0,24,24,140,24,144,24,24,28,148,-24,-128,-24,-24,-28,-124,0,-120,-24,-24,-24,-24,-28,-112,-24,-24
1513,0x557414aa530c,R,0x7ffdaed522f8,1,-24,0,0,108,0,0,-24,112,4,116,0,0,0,0,-24,124,0,-104,0,0,-4,0,0,-96,0,-92,0,0,24,-88,0,0
1516,0x557414aa5312,R,0x7ffdaed522f8,1,0,0,4,108,0,0,0,112,4,0,0,0,0,120,0,124,0,-104,0,-100,24,0,0,0,0,-92,-4,0,0,-88,0,0
1518,0x557414aa5315,W,0x7ffdaed52290,1,-104,-104,-128,4,-104,-104,-104,8,-128,-104,-104,12,-104,16,-104,-104,104,104,100,4,128,8,104,104,104,12,128,104,104,16,104,104
1520,0x557414aa5318,R,0x7ffdaed522f8,1,0,104,0,108,4,0,0,112,0,0,4,116,0,0,0,0,0,0,-4,0,0,-96,0,0,-4,-92,0,0,0,-88,0,-84
1521,0x557414aa5318,W,0x7ffdaed522f8,1,0,104,0,0,-24,0,0,112,0,0,-24,116,0,0,0,120,0,-100,24,0,0,-96,0,0,24,-92,0,0,0,0,-4,-84
1523,0x557414aa531c,R,0x7ffdaed522f8,1,0,0,0,0,-24,108,4,112,0,0,0,116,4,0,0,120,-4,-100,0,0,0,-96,-4,0,0,-92,0,-88,0,0,-4,0
1525,0x557414aa531f,R,0x7ffdaed522f4,1,-4,-4,-4,100,-4,104,0,-4,-4,-4,-4,112,-28,-4,-4,116,28,-96,4,4,4,-92,28,4,4,4,4,-84,4,-80,28,4
1528,0x557414aa5308,R,0x7ffdaed52310,1,28,24,24,128,24,24,0,24,24,136,24,140,24,24,28,144,-24,-124,-24,-24,-28,-120,0,-116,-24,-24,-24,-24,-28,-108,-24,-24
1530,0x557414aa530c,R,0x7ffdaed522f8,1,-24,0,0,104,0,0,-24,108,4,112,0,0,0,0,-24,120,0,-100,0,0,-4,0,0,-92,0,-88,0,0,24,-84,0,0
1533,0x557414aa5312,R,0x7ffdaed522f8,1,0,0,4,104,0,0,0,108,4,0,0,0,0,116,0,120,0,-100,0,-96,24,0,0,0,0,-88,-4,0,0,-84,0,0
1535,0x557414aa5315,W,0x7ffdaed52294,1,-100,-100,-124,4,-100,-100,-100,8,-124,-100,-100,12,-100,16,-100,-100,100,100,96,4,124,8,100,100,100,12,124,100,100,16,100,100
1537,0x557414aa5318,R,0x7ffdaed522f8,1,0,100,0,104,4,0,0,108,0,0,4,112,0,0,0,0,0,0,-4,0,0,-92,0,0,-4,-88,0,0,0,-84,0,-80
1538,0x557414aa5318,W,0x7ffdaed522f8,1,0,100,0,0,-24,0,0,108,0,0,-24,112,0,0,0,116,0,-96,24,0,0,-92,0,0,24,-88,0,0,0,0,-4,-80
1540,0x557414aa531c,R,0x7ffdaed522f8,1,0,0,0,0,-24,104,4,108,0,0,0,112,4,0,0,116,-4,-96,0,0,0,-92,-4,0,0,-88,0,-84,0,0,-4,0
1542,0x557414aa531f,R,0x7ffdaed522f4,1,-4,-4,-4,96,-4,100,0,-4,-4,-4,-4,108,-28,-4,-4,112,28,-92,4,4,4,-88,28,4,4,4,4,-80,4,-76,28,4
1545,0x557414aa5308,R,0x7ffdaed52310,1,28,24,24,124,24,24,0,24,24,132,24,136,24,24,28,140,-24,-120,-24,-24,-28,-116,0,-112,-24,-24,-24,-24,-28,-104,-24,-24
1547,0x557414aa530c,R,0x7ffdaed522f8,1,-24,0,0,100,0,0,-24,104,4,108,0,0,0,0,-24,116,0,-96,0,0,-4,0,0,-88,0,-84,0,0,24,-80,0,0
1550,0x557414aa5312,R,0x7ffdaed522f8,1,0,0,4,100,0,0,0,104,4,0,0,0,0,112,0,116,0,-96,0,-92,24,0,0,0,0,-84,-4,0,0,-80,0,0
1552,0x557414aa5315,W,0x7ffdaed52298,1,-96,-96,-120,4,-96,-96,-96,8,-120,-96,-96,12,-96,16,-96,-96,96,96,92,4,120,8,96,96,96,12,120,96,96,16,96,96
1554,0x557414aa5318,R,0x7ffdaed522f8,1,0,96,0,100,4,0,0,104,0,0,4,108,0,0,0,0,0,0,-4,0,0,-88,0,0,-4,-84,0,0,0,-80,0,-76
1555,0x557414aa5318,W,0x7ffdaed522f8,1,0,96,0,0,-24,0,0,104,0,0,-24,108,0,0,0,112,0,-92,24,0,0,-88,0,0,24,-84,0,0,0,0,-4,-76
1557,0x557414aa531c,R,0x7ffdaed522f8,1,0,0,0,0,-24,100,4,104,0,0,0,108,4,0,0,112,-4,-92,0,0,0,-88,-4,0,0,-84,0,-80,0,0,-4,0
1559,0x557414aa531f,R,0x7ffdaed522f4,1,-4,-4,-4,92,-4,96,0,-4,-4,-4,-4,104,-28,-4,-4,108,28,-88,4,4,4,-84,28,4,4,4,4,-76,4,-72,28,4
1562,0x557414aa5308,R,0x7ffdaed52310,1,28,24,24,120,24,24,0,24,24,128,24,132,24,24,28,136,-24,-116,-24,-24,-28,-112,0,-108,-24,-24,-24,-24,-28,-100,-24,-24
1564,0x557414aa530c,R,0x7ffdaed522f8,1,-24,0,0,96,0,0,-24,100,4,104,0,0,0,0,-24,112,0,-92,0,0,-4,0,0,-84,0,-80,0,0,24,-76,0,0
1567,0x557414aa5312,R,0x7ffdaed522f8,1,0,0,4,96,0,0,0,100,4,0,0,0,0,108,0,112,0,-92,0,-88,24,0,0,0,0,-80,-4,0,0,-76,0,0
1569,0x557414aa5315,W,0x7ffdaed5229c,1,-92,-92,-116,4,-92,-92,-92,8,-116,-92,-92,12,-92,16,-92,-92,92,92,88,4,116,8,92,92,92,12,116,92,92,16,92,92
1571,0x557414aa5318,R,0x7ffdaed522f8,1,0,92,0,96,4,0,0,100,0,0,4,104,0,0,0,0,0,0,-4,0,0,-84,0,0,-4,-80,0,0,0,-76,0,-72
1572,0x557414aa5318,W,0x7ffdaed522f8,1,0,92,0,0,-24,0,0,100,0,0,-24,104,0,0,0,108,0,-88,24,0,0,-84,0,0,24,-80,0,0,0,0,-4,-72
1574,0x557414aa531c,R,0x7ffdaed522f8,1,0,0,0,0,-24,96,4,100,0,0,0,104,4,0,0,108,-4,-88,0,0,0,-84,-4,0,0,-80,0,-76,0,0,-4,0
1576,0x557414aa531f,R,0x7ffdaed522f4,1,-4,-4,-4,88,-4,92,0,-4,-4,-4,-4,100,-28,-4,-4,104,28,-84,4,4,4,-80,28,4,4,4,4,-72,4,-68,28,4
1579,0x557414aa5308,R,0x7ffdaed52310,1,28,24,24,116,24,24,0,24,24,124,24,128,24,24,28,132,-24,-112,-24,-24,-28,-108,0,-104,-24,-24,-24,-24,-28,-96,-24,-24
1581,0x557414aa530c,R,0x7ffdaed522f8,1,-24,0,0,92,0,0,-24,96,4,100,0,0,0,0,-24,108,0,-88,0,0,-4,0,0,-80,0,-76,0,0,24,-72,0,0
1584,0x557414aa5312,R,0x7ffdaed522f8,1,0,0,4,92,0,0,0,96,4,0,0,0,0,104,0,108,0,-88,0,-84,24,0,0,0,0,-76,-4,0,0,-72,0,0
1586,0x557414aa5315,W,0x7ffdaed522a0,1,-88,-88,-112,4,-88,-88,-88,8,-112,-88,-88,12,-88,16,-88,-88,88,88,84,4,112,8,88,88,88,12,112,88,88,16,88,88
1588,0x557414aa5318,R,0x7ffdaed522f8,1,0,88,0,92,4,0,0,96,0,0,4,100,0,0,0,0,0,0,-4,0,0,-80,0,0,-4,-76,0,0,0,-72,0,-68
1589,0x557414aa5318,W,0x7ffdaed522f8,1,0,88,0,0,-24,0,0,96,0,0,-24,100,0,0,0,104,0,-84,24,0,0,-80,0,0,24,-76,0,0,0,0,-4,-68
1591,0x557414aa531c,R,0x7ffdaed522f8,1,0,0,0,0,-24,92,4,96,0,0,0,100,4,0,0,104,-4,-84,0,0,0,-80,-4,0,0,-76,0,-72,0,0,-4,0
1593,0x557414aa531f,R,0x7ffdaed522f4,1,-4,-4,-4,84,-4,88,0,-4,-4,-4,-4,96,-28,-4,-4,100,28,-80,4,4,4,-76,28,4,4,4,4,-68,4,-64,28,4
1596,0x557414aa5308,R,0x7ffdaed52310,1,28,24,24,112,24,24,0,24,24,120,24,124,24,24,28,128,-24,-108,-24,-24,-28,-104,0,-100,-24,-24,-24,-24,-28,-92,-24,-24
1598,0x557414aa530c,R,0x7ffdaed522f8,1,-24,0,0,88,0,0,-24,92,4,96,0,0,0,0,-24,104,0,-84,0,0,-4,0,0,-76,0,-72,0,0,24,-68,0,0
1601,0x557414aa5312,R,0x7ffdaed522f8,1,0,0,4,88,0,0,0,92,4,0,0,0,0,100,0,104,0,-84,0,-80,24,0,0,0,0,-72,-4,0,0,-68,0,0
1603,0x557414aa5315,W,0x7ffdaed522a4,1,-84,-84,-108,4,-84,-84,-84,8,-108,-84,-84,12,-84,16,-84,-84,84,84,80,4,108,8,84,84,84,12,108,84,84,16,84,84
1605,0x557414aa5318,R,0x7ffdaed522f8,1,0,84,0,88,4,0,0,92,0,0,4,96,0,0,0,0,0,0,-4,0,0,-76,0,0,-4,-72,0,0,0,-68,0,-64
1606,0x557414aa5318,W,0x7ffdaed522f8,1,0,84,0,0,-24,0,0,92,0,0,-24,96,0,0,0,100,0,-80,24,0,0,-76,0,0,24,-72,0,0,0,0,-4,-64
1608,0x557414aa531c,R,0x7ffdaed522f8,1,0,0,0,0,-24,88,4,92,0,0,0,96,4,0,0,100,-4,-80,0,0,0,-76,-4,0,0,-72,0,-68,0,0,-4,0
1610,0x557414aa531f,R,0x7ffdaed522f4,1,-4,-4,-4,80,-4,84,0,-4,-4,-4,-4,92,-28,-4,-4,96,28,-76,4,4,4,-72,28,4,4,4,4,-64,4,-60,28,4
1613,0x557414aa5308,R,0x7ffdaed52310,1,28,24,24,108,24,24,0,24,24,116,24,120,24,24,28,124,-24,-104,-24,-24,-28,-100,0,-96,-24,-24,-24,-24,-28,-88,-24,-24
1615,0x557414aa530c,R,0x7ffdaed522f8,1,-24,0,0,84,0,0,-24,88,4,92,0,0,0,0,-24,100,0,-80,0,0,-4,0,0,-72,0,-68,0,0,24,-64,0,0
1618,0x557414aa5312,R,0x7ffdaed522f8,1,0,0,4,84,0,0,0,88,4,0,0,0,0,96,0,100,0,-80,0,-76,24,0,0,0,0,-68,-4,0,0,-64,0,0
1620,0x557414aa5315,W,0x7ffdaed522a8,1,-80,-80,-104,4,-80,-80,-80,8,-104,-80,-80,12,-80,16,-80,-80,80,80,76,4,104,8,80,80,80,12,104,80,80,16,80,80
1622,0x557414aa5318,R,0x7ffdaed522f8,1,0,80,0,84,4,0,0,88,0,0,4,92,0,0,0,0,0,0,-4,0,0,-72,0,0,-4,-68,0,0,0,-64,0,-60
1623,0x557414aa5318,W,0x7ffdaed522f8,1,0,80,0,0,-24,0,0,88,0,0,-24,92,0,0,0,96,0,-76,24,0,0,-72,0,0,24,-68,0,0,0,0,-4,-60
1625,0x557414aa531c,R,0x7ffdaed522f8,1,0,0,0,0,-24,84,4,88,0,0,0,92,4,0,0,96,-4,-76,0,0,0,-72,-4,0,0,-68,0,-64,0,0,-4,0
1627,0x557414aa531f,R,0x7ffdaed522f4,1,-4,-4,-4,76,-4,80,0,-4,-4,-4,-4,88,-28,-4,-4,92,28,-72,4,4,4,-68,28,4,4,4,4,-60,4,-56,28,4
1630,0x557414aa5308,R,0x7ffdaed52310,1,28,24,24,104,24,24,0,24,24,112,24,116,24,24,28,120,-24,-100,-24,-24,-28,-96,0,-92,-24,-24,-24,-24,-28,-84,-24,-24
1632,0x557414aa530c,R,0x7ffdaed522f8,1,-24,0,0,80,0,0,-24,84,4,88,0,0,0,0,-24,96,0,-76,0,0,-4,0,0,-68,0,-64,0,0,24,-60,0,0
1635,0x557414aa5312,R,0x7ffdaed522f8,1,0,0,4,80,0,0,0,84,4,0,0,0,0,92,0,96,0,-76,0,-72,24,0,0,0,0,-64,-4,0,0,-60,0,0
1637,0x557414aa5315,W,0x7ffdaed522ac,1,-76,-76,-100,4,-76,-76,-76,8,-100,-76,-76,12,-76,16,-76,-76,76,76,72,4,100,8,76,76,76,12,100,76,76,16,76,76
1639,0x557414aa5318,R,0x7ffdaed522f8,1,0,76,0,80,4,0,0,84,0,0,4,88,0,0,0,0,0,0,-4,0,0,-68,0,0,-4,-64,0,0,0,-60,0,-56
1640,0x557414aa5318,W,0x7ffdaed522f8,1,0,76,0,0,-24,0,0,84,0,0,-24,88,0,0,0,92,0,-72,24,0,0,-68,0,0,24,-64,0,0,0,0,-4,-56
1642,0x557414aa531c,R,0x7ffdaed522f8,1,0,0,0,0,-24,80,4,84,0,0,0,88,4,0,0,92,-4,-72,0,0,0,-68,-4,0,0,-64,0,-60,0,0,-4,0
1644,0x557414aa531f,R,0x7ffdaed522f4,1,-4,-4,-4,72,-4,76,0,-4,-4,-4,-4,84,-28,-4,-4,88,28,-68,4,4,4,-64,28,4,4,4,4,-56,4,-52,28,4
1647,0x557414aa5308,R,0x7ffdaed52310,1,28,24,24,100,24,24,0,24,24,108,24,112,24,24,28,116,-24,-96,-24,-24,-28,-92,0,-88,-24,-24,-24,-24,-28,-80,-24,-24
1649,0x557414aa530c,R,0x7ffdaed522f8,1,-24,0,0,76,0,0,-24,80,4,84,0,0,0,0,-24,92,0,-72,0,0,-4,0,0,-64,0,-60,0,0,24,-56,0,0
1652,0x557414aa5312,R,0x7ffdaed522f8,1,0,0,4,76,0,0,0,80,4,0,0,0,0,88,0,92,0,-72,0,-68,24,0,0,0,0,-60,-4,0,0,-56,0,0
1654,0x557414aa5315,W,0x7ffdaed522b0,1,-72,-72,-96,4,-72,-72,-72,8,-96,-72,-72,12,-72,16,-72,-72,72,72,68,4,96,8,72,72,72,12,96,72,72,16,72,72
1656,0x557414aa5318,R,0x7ffdaed522f8,1,0,72,0,76,4,0,0,80,0,0,4,84,0,0,0,0,0,0,-4,0,0,-64,0,0,-4,-60,0,0,0,-56,0,-52
1657,0x557414aa5318,W,0x7ffdaed522f8,1,0,72,0,0,-24,0,0,80,0,0,-24,84,0,0,0,88,0,-68,24,0,0,-64,0,0,24,-60,0,0,0,0,-4,-52
1659,0x557414aa531c,R,0x7ffdaed522f8,1,0,0,0,0,-24,76,4,80,0,0,0,84,4,0,0,88,-4,-68,0,0,0,-64,-4,0,0,-60,0,-56,0,0,-4,0
1661,0x557414aa531f,R,0x7ffdaed522f4,1,-4,-4,-4,68,-4,72,0,-4,-4,-4,-4,80,-28,-4,-4,84,28,-64,4,4,4,-60,28,4,4,4,4,-52,4,-48,28,4
1664,0x557414aa5308,R,0x7ffdaed52310,1,28,24,24,96,24,24,0,24,24,104,24,108,24,24,28,112,-24,-92,-24,-24,-28,-88,0,-84,-24,-24,-24,-24,-28,-76,-24,-24
1666,0x557414aa530c,R,0x7ffdaed522f8,1,-24,0,0,72,0,0,-24,76,4,80,0,0,0,0,-24,88,0,-68,0,0,-4,0,0,-60,0,-56,0,0,24,-52,0,0
1669,0x557414aa5312,R,0x7ffdaed522f8,1,0,0,4,72,0,0,0,76,4,0,0,0,0,84,0,88,0,-68,0,-64,24,0,0,0,0,-56,-4,0,0,-52,0,0
1671,0x557414aa5315,W,0x7ffdaed522b4,1,-68,-68,-92,4,-68,-68,-68,8,-92,-68,-68,12,-68,16,-68,-68,68,68,64,4,92,8,68,68,68,12,92,68,68,16,68,68
1673,0x557414aa5318,R,0x7ffdaed522f8,1,0,68,0,72,4,0,0,76,0,0,4,80,0,0,0,0,0,0,-4,0,0,-60,0,0,-4,-56,0,0,0,-52,0,-48
1674,0x557414aa5318,W,0x7ffdaed522f8,1,0,68,0,0,-24,0,0,76,0,0,-24,80,0,0,0,84,0,-64,24,0,0,-60,0,0,24,-56,0,0,0,0,-4,-48
1676,0x557414aa531c,R,0x7ffdaed522f8,1,0,0,0,0,-24,72,4,76,0,0,0,80,4,0,0,84,-4,-64,0,0,0,-60,-4,0,0,-56,0,-52,0,0,-4,0
1678,0x557414aa531f,R,0x7ffdaed522f4,1,-4,-4,-4,64,-4,68,0,-4,-4,-4,-4,76,-28,-4,-4,80,28,-60,4,4,4,-56,28,4,4,4,4,-48,4,-44,28,4
1681,0x557414aa5308,R,0x7ffdaed52310,1,28,24,24,92,24,24,0,24,24,100,24,104,24,24,28,108,-24,-88,-24,-24,-28,-84,0,-80,-24,-24,-24,-24,-28,-72,-24,-24
1683,0x557414aa530c,R,0x7ffdaed522f8,1,-24,0,0,68,0,0,-24,72,4,76,0,0,0,0,-24,84,0,-64,0,0,-4,0,0,-56,0,-52,0,0,24,-48,0,0
1686,0x557414aa5312,R,0x7ffdaed522f8,1,0,0,4,68,0,0,0,72,4,0,0,0,0,80,0,84,0,-64,0,-60,24,0,0,0,0,-52,-4,0,0,-48,0,0
1688,0x557414aa5315,W,0x7ffdaed522b8,1,-64,-64,-88,4,-64,-64,-64,8,-88,-64,-64,12,-64,16,-64,-64,64,64,60,4,88,8,64,64,64,12,88,64,64,16,64,64
1690,0x557414aa5318,R,0x7ffdaed522f8,1,0,64,0,68,4,0,0,72,0,0,4,76,0,0,0,0,0,0,-4,0,0,-56,0,0,-4,-52,0,0,0,-48,0,-44
1691,0x557414aa5318,W,0x7ffdaed522f8,1,0,64,0,0,-24,0,0,72,0,0,-24,76,0,0,0,80,0,-60,24,0,0,-56,0,0,24,-52,0,0,0,0,-4,-44
1693,0x557414aa531c,R,0x7ffdaed522f8,1,0,0,0,0,-24,68,4,72,0,0,0,76,4,0,0,80,-4,-60,0,0,0,-56,-4,0,0,-52,0,-48,0,0,-4,0
1695,0x557414aa531f,R,0x7ffdaed522f4,1,-4,-4,-4,60,-4,64,0,-4,-4,-4,-4,72,-28,-4,-4,76,28,-56,4,4,4,-52,28,4,4,4,4,-44,4,-40,28,4
1698,0x557414aa5308,R,0x7ffdaed52310,1,28,24,24,88,24,24,0,24,24,96,24,100,24,24,28,104,-24,-84,-24,-24,-28,-80,0,-76,-24,-24,-24,-24,-28,-68,-24,-24
1700,0x557414aa530c,R,0x7ffdaed522f8,1,-24,0,0,64,0,0,-24,68,4,72,0,0,0,0,-24,80,0,-60,0,0,-4,0,0,-52,0,-48,0,0,24,-44,0,0
1703,0x557414aa5312,R,0x7ffdaed522f8,1,0,0,4,64,0,0,0,68,4,0,0,0,0,76,0,80,0,-60,0,-56,24,0,0,0,0,-48,-4,0,0,-44,0,0
1705,0x557414aa5315,W,0x7ffdaed522bc,1,-60,-60,-84,4,-60,-60,-60,8,-84,-60,-60,12,-60,16,-60,-60,60,60,56,4,84,8,60,60,60,12,84,60,60,16,60,60
1707,0x557414aa5318,R,0x7ffdaed522f8,1,0,60,0,64,4,0,0,68,0,0,4,72,0,0,0,0,0,0,-4,0,0,-52,0,0,-4,-48,0,0,0,-44,0,-40
1708,0x557414aa5318,W,0x7ffdaed522f8,1,0,60,0,0,-24,0,0,68,0,0,-24,72,0,0,0,76,0,-56,24,0,0,-52,0,0,24,-48,0,0,0,0,-4,-40
1710,0x557414aa531c,R,0x7ffdaed522f8,1,0,0,0,0,-24,64,4,68,0,0,0,72,4,0,0,76,-4,-56,0,0,0,-52,-4,0,0,-48,0,-44,0,0,-4,0
1712,0x557414aa531f,R,0x7ffdaed522f4,1,-4,-4,-4,56,-4,60,0,-4,-4,-4,-4,68,-28,-4,-4,72,28,-52,4,4,4,-48,28,4,4,4,4,-40,4,-36,28,4
1715,0x557414aa5308,R,0x7ffdaed52310,1,28,24,24,84,24,24,0,24,24,92,24,96,24,24,28,100,-24,-80,-24,-24,-28,-76,0,-72,-24,-24,-24,-24,-28,-64,-24,-24
1717,0x557414aa530c,R,0x7ffdaed522f8,1,-24,0,0,60,0,0,-24,64,4,68,0,0,0,0,-24,76,0,-56,0,0,-4,0,0,-48,0,-44,0,0,24,-40,0,0
1720,0x557414aa5312,R,0x7ffdaed522f8,1,0,0,4,60,0,0,0,64,4,0,0,0,0,72,0,76,0,-56,0,-52,24,0,0,0,0,-44,-4,0,0,-40,0,0
1722,0x557414aa5315,W,0x7ffdaed522c0,1,-56,-56,-80,4,-56,-56,-56,8,-80,-56,-56,12,-56,16,-56,-56,56,56,52,4,80,8,56,56,56,12,80,56,56,16,56,56
1724,0x557414aa5318,R,0x7ffdaed522f8,1,0,56,0,60,4,0,0,64,0,0,4,68,0,0,0,0,0,0,-4,0,0,-48,0,0,-4,-44,0,0,0,-40,0,-36
1725,0x557414aa5318,W,0x7ffdaed522f8,1,0,56,0,0,-24,0,0,64,0,0,-24,68,0,0,0,72,0,-52,24,0,0,-48,0,0,24,-44,0,0,0,0,-4,-36
1727,0x557414aa531c,R,0x7ffdaed522f8,1,0,0,0,0,-24,60,4,64,0,0,0,68,4,0,0,72,-4,-52,0,0,0,-48,-4,0,0,-44,0,-40,0,0,-4,0
1729,0x557414aa531f,R,0x7ffdaed522f4,1,-4,-4,-4,52,-4,56,0,-4,-4,-4,-4,64,-28,-4,-4,68,28,-48,4,4,4,-44,28,4,4,4,4,-36,4,-32,28,4
1732,0x557414aa5308,R,0x7ffdaed52310,1,28,24,24,80,24,24,0,24,24,88,24,92,24,24,28,96,-24,-76,-24,-24,-28,-72,0,-68,-24,-24,-24,-24,-28,-60,-24,-24
1734,0x557414aa530c,R,0x7ffdaed522f8,1,-24,0,0,56,0,0,-24,60,4,64,0,0,0,0,-24,72,0,-52,0,0,-4,0,0,-44,0,-40,0,0,24,-36,0,0
1737,0x557414aa5312,R,0x7ffdaed522f8,1,0,0,4,56,0,0,0,60,4,0,0,0,0,68,0,72,0,-52,0,-48,24,0,0,0,0,-40,-4,0,0,-36,0,0
1739,0x557414aa5315,W,0x7ffdaed522c4,1,-52,-52,-76,4,-52,-52,-52,8,-76,-52,-52,12,-52,16,-52,-52,52,52,48,4,76,8,52,52,52,12,76,52,52,16,52,52
1741,0x557414aa5318,R,0x7ffdaed522f8,1,0,52,0,56,4,0,0,60,0,0,4,64,0,0,0,0,0,0,-4,0,0,-44,0,0,-4,-40,0,0,0,-36,0,-32
1742,0x557414aa5318,W,0x7ffdaed522f8,1,0,52,0,0,-24,0,0,60,0,0,-24,64,0,0,0,68,0,-48,24,0,0,-44,0,0,24,-40,0,0,0,0,-4,-32
1744,0x557414aa531c,R,0x7ffdaed522f8,1,0,0,0,0,-24,56,4,60,0,0,0,64,4,0,0,68,-4,-48,0,0,0,-44,-4,0,0,-40,0,-36,0,0,-4,0
1746,0x557414aa531f,R,0x7ffdaed522f4,1,-4,-4,-4,48,-4,52,0,-4,-4,-4,-4,60,-28,-4,-4,64,28,-44,4,4,4,-40,28,4,4,4,4,-32,4,-28,28,4
1749,0x557414aa5308,R,0x7ffdaed52310,1,28,24,24,76,24,24,0,24,24,84,24,88,24,24,28,92,-24,-72,-24,-24,-28,-68,0,-64,-24,-24,-24,-24,-28,-56,-24,-24
1751,0x557414aa530c,R,0x7ffdaed522f8,1,-24,0,0,52,0,0,-24,56,4,60,0,0,0,0,-24,68,0,-48,0,0,-4,0,0,-40,0,-36,0,0,24,-32,0,0
1754,0x557414aa5312,R,0x7ffdaed522f8,1,0,0,4,52,0,0,0,56,4,0,0,0,0,64,0,68,0,-48,0,-44,24,0,0,0,0,-36,-4,0,0,-32,0,0
1756,0x557414aa5315,W,0x7ffdaed522c8,1,-48,-48,-72,4,-48,-48,-48,8,-72,-48,-48,12,-48,16,-48,-48,48,48,44,4,72,8,48,48,48,12,72,48,48,16,48,48
1758,0x557414aa5318,R,0x7ffdaed522f8,1,0,48,0,52,4,0,0,56,0,0,4,60,0,0,0,0,0,0,-4,0,0,-40,0,0,-4,-36,0,0,0,-32,0,-28
1759,0x557414aa5318,W,0x7ffdaed522f8,1,0,48,0,0,-24,0,0,56,0,0,-24,60,0,0,0,64,0,-44,24,0,0,-40,0,0,24,-36,0,0,0,0,-4,-28
1761,0x557414aa531c,R,0x7ffdaed522f8,1,0,0,0,0,-24,52,4,56,0,0,0,60,4,0,0,64,-4,-44,0,0,0,-40,-4,0,0,-36,0,-32,0,0,-4,0
1763,0x557414aa531f,R,0x7ffdaed522f4,1,-4,-4,-4,44,-4,48,0,-4,-4,-4,-4,56,-28,-4,-4,60,28,-40,4,4,4,-36,28,4,4,4,4,-28,4,-24,28,4
1766,0x557414aa5308,R,0x7ffdaed52310,1,28,24,24,72,24,24,0,24,24,80,24,84,24,24,28,88,-24,-68,-24,-24,-28,-64,0,-60,-24,-24,-24,-24,-28,-52,-24,-24
1768,0x557414aa530c,R,0x7ffdaed522f8,1,-24,0,0,48,0,0,-24,52,4,56,0,0,0,0,-24,64,0,-44,0,0,-4,0,0,-36,0,-32,0,0,24,-28,0,0
1771,0x557414aa5312,R,0x7ffdaed522f8,1,0,0,4,48,0,0,0,52,4,0,0,0,0,60,0,64,0,-44,0,-40,24,0,0,0,0,-32,-4,0,0,-28,0,0
1773,0x557414aa5315,W,0x7ffdaed522cc,1,-44,-44,-68,4,-44,-44,-44,8,-68,-44,-44,12,-44,16,-44,-44,44,44,40,4,68,8,44,44,44,12,68,44,44,16,44,44
1775,0x557414aa5318,R,0x7ffdaed522f8,1,0,44,0,48,4,0,0,52,0,0,4,56,0,0,0,0,0,0,-4,0,0,-36,0,0,-4,-32,0,0,0,-28,0,4
1776,0x557414aa5318,W,0x7ffdaed522f8,1,0,44,0,0,-24,0,0,52,0,0,-24,56,0,0,0,60,0,-40,24,0,0,-36,0,0,24,-32,0,0,0,0,-4,4
1778,0x557414aa531c,R,0x7ffdaed522f8,1,0,0,0,0,-24,48,4,52,0,0,0,56,4,0,0,60,-4,-40,0,0,0,-36,-4,0,0,-32,0,-28,0,0,-4,8
1780,0x557414aa531f,R,0x7ffdaed522f4,1,-4,-4,-4,40,-4,44,0,-4,-4,-4,-4,52,-28,-4,-4,56,28,-36,4,4,4,-32,28,4,4,4,4,-24,4,8,28,12
1783,0x557414aa5308,R,0x7ffdaed52310,1,28,24,24,68,24,24,0,24,24,76,24,80,24,24,28,84,-24,-64,-24,-24,-28,-60,0,-56,-24,-24,-24,-24,-28,-20,-24,-16
1785,0x557414aa530c,R,0x7ffdaed522f8,1,-24,0,0,44,0,0,-24,48,4,52,0,0,0,0,-24,60,0,-40,0,0,-4,0,0,-32,0,-28,0,0,24,4,0,8
1788,0x557414aa5312,R,0x7ffdaed522f8,1,0,0,4,44,0,0,0,48,4,0,0,0,0,56,0,60,0,-40,0,-36,24,0,0,0,0,-28,-4,0,0,4,0,8
1790,0x557414aa5315,W,0x7ffdaed522d0,1,-40,-40,-64,4,-40,-40,-40,8,-64,-40,-40,12,-40,16,-40,-40,40,40,36,4,64,8,40,40,40,12,64,40,40,44,40,48
1792,0x557414aa5318,R,0x7ffdaed522f8,1,0,40,0,44,4,0,0,48,0,0,4,52,0,0,0,0,0,0,-4,0,0,-32,0,0,-4,-28,0,0,0,4,0,-432
1793,0x557414aa5318,W,0x7ffdaed522f8,1,0,40,0,0,-24,0,0,48,0,0,-24,52,0,0,0,56,0,-36,24,0,0,-32,0,0,24,-28,0,0,0,8,-4,-432
1795,0x557414aa531c,R,0x7ffdaed522f8,1,0,0,0,0,-24,44,4,48,0,0,0,52,4,0,0,56,-4,-36,0,0,0,-32,-4,0,0,-28,0,4,0,8,-4,12
1797,0x557414aa531f,R,0x7ffdaed522f4,1,-4,-4,-4,36,-4,40,0,-4,-4,-4,-4,48,-28,-4,-4,52,28,-32,4,4,4,-28,28,4,4,4,4,8,4,-428,28,16
1800,0x557414aa5308,R,0x7ffdaed52310,1,28,24,24,64,24,24,0,24,24,72,24,76,24,24,28,80,-24,-60,-24,-24,-28,-56,0,-52,-24,-24,-24,-16,-28,-456,-24,-12
1802,0x557414aa530c,R,0x7ffdaed522f8,1,-24,0,0,40,0,0,-24,44,4,48,0,0,0,0,-24,56,0,-36,0,0,-4,0,0,-28,0,4,0,8,24,-432,0,12
1805,0x557414aa5312,R,0x7ffdaed522f8,1,0,0,4,40,0,0,0,44,4,0,0,0,0,52,0,56,0,-36,0,-32,24,0,0,0,0,4,-4,8,0,-432,0,12
1807,0x557414aa5315,W,0x7ffdaed522d4,1,-36,-36,-60,4,-36,-36,-36,8,-60,-36,-36,12,-36,16,-36,-36,36,36,32,4,60,8,36,36,36,40,60,44,36,-396,36,48
1809,0x557414aa5318,R,0x7ffdaed522f8,1,0,36,0,40,4,0,0,44,0,0,4,48,0,0,0,0,0,0,-4,0,0,-28,0,0,-4,4,0,8,0,-432,0,4
1810,0x557414aa5318,W,0x7ffdaed522f8,1,0,36,0,0,-24,0,0,44,0,0,-24,48,0,0,0,52,0,-32,24,0,0,-28,0,0,24,4,0,8,0,12,-4,4
1812,0x557414aa531c,R,0x7ffdaed522f8,1,0,0,0,0,-24,40,4,44,0,0,0,48,4,0,0,52,-4,-32,0,0,0,-28,-4,0,0,4,0,-432,0,12,-4,8
1814,0x557414aa531f,R,0x7ffdaed522f4,1,-4,-4,-4,32,-4,36,0,-4,-4,-4,-4,44,-28,-4,-4,48,28,-28,4,4,4,-24,28,4,4,12,4,-428,4,8,12,12
1817,0x557414aa5308,R,0x7ffdaed52310,1,28,24,24,60,24,24,0,24,24,68,24,72,24,24,28,76,-24,-56,-24,-24,-28,-52,0,-20,-24,-16,-24,-12,-28,-20,-28,-16
1819,0x557414aa530c,R,0x7ffdaed522f8,1,-24,0,0,36,0,0,-24,40,4,44,0,0,0,0,-24,52,0,-32,0,0,-4,0,0,4,0,-432,0,12,8,4,-46770485371688,8
1822,0x557414aa5312,R,0x7ffdaed522f8,1,0,0,4,36,0,0,0,40,4,0,0,0,0,48,0,52,0,-32,0,-28,24,0,0,8,0,-432,-4,12,-4,4,-4,8
1824,0x557414aa5315,W,0x7ffdaed522d8,1,-32,-32,-56,4,-32,-32,-32,8,-56,-32,-32,12,-32,16,-32,-32,32,32,28,4,56,36,32,40,32,-400,40,44,-46770485371656,36,56,40
1826,0x557414aa5318,R,0x7ffdaed522f8,1,0,32,0,36,4,0,0,40,0,0,4,44,0,0,0,0,0,0,-4,0,0,4,0,8,-4,-432,-4,12,-4,4,24,-432
1827,0x557414aa5318,W,0x7ffdaed522f8,1,0,32,0,0,-24,0,0,40,0,0,-24,44,0,0,0,48,0,-28,24,0,0,4,0,8,8,-432,-46770485371688,12,-4,8,12,-432
1829,0x557414aa531c,R,0x7ffdaed522f8,1,0,0,0,0,-24,36,4,40,0,0,0,44,4,0,0,48,-4,-28,0,0,0,4,-4,8,-4,-432,-46770485371688,4,24,8,12,12
1831,0x557414aa531f,R,0x7ffdaed522f4,1,-4,-4,-4,28,-4,32,0,-4,-4,-4,-4,40,-28,-4,-4,44,28,-24,4,4,4,8,12,12,0,16,0,8,28,-428,-80,16
1834,0x557414aa5308,R,0x7ffdaed52310,1,28,24,24,56,24,24,0,24,24,64,24,68,24,24,28,72,-24,-52,-24,-24,-28,-20,-16,-456,-46770485371712,-12,-28,-16,-12,-456,-20,-12
1836,0x557414aa530c,R,0x7ffdaed522f8,1,-24,0,0,32,0,0,-24,36,4,40,0,0,0,0,-24,48,0,-28,0,0,-4,8,-4,-432,-46770485371688,4,24,8,-84,-432,4,4
1839,0x557414aa5312,R,0x7ffdaed522f8,1,0,0,4,32,0,0,0,36,4,0,0,0,0,44,0,48,0,-28,0,4,8,8,-4,12,-4,4,12,8,-84,12,4,8
1841,0x557414aa5315,W,0x7ffdaed522dc,1,-28,-28,-52,4,-28,-28,-28,8,-52,-28,-28,12,-28,16,-28,-28,28,28,24,32,36,-404,-46770485371660,40,52,32,40,-404,-56,32,36,36
1843,0x557414aa5318,R,0x7ffdaed522f8,1,0,28,0,32,4,0,0,36,0,0,4,40,0,0,0,0,0,0,-4,8,-4,-432,-4,12,24,8,12,12,4,4,8,8
1844,0x557414aa5318,W,0x7ffdaed522f8,1,0,28,0,0,-24,0,0,36,0,0,-24,40,0,0,0,44,0,4,8,8,-46770485371688,-432,-4,4,24,-432,-84,12,8,4,8,-432
1846,0x557414aa531c,R,0x7ffdaed522f8,1,0,0,0,0,-24,32,4,36,0,0,0,40,4,0,0,44,-4,4,-4,8,-46770485371688,12,-4,8,12,-432,4,12,8,8,-4,-432
1848,0x557414aa531f,R,0x7ffdaed522f4,1,-4,-4,-4,24,-4,28,0,-4,-4,-4,-4,36,-28,-4,-4,40,12,8,0,-428,-46770485371684,8,28,12,-80,-428,8,8,12,12,-46770485371684,-428
1851,0x557414aa5324,W,0x7ffdaed522fc,1,8,4,4,32,4,4,-20,4,4,40,4,44,4,4,8,48,4,4,-8,8,-8,0,8,4,-88,8,4,0,-8,4,-46770485371692,8
1853,0x557414aa532b,W,0x7ffdaed52300,1,12,4,8,36,8,8,-16,40,12,44,8,8,8,8,-16,52,0,-440,-46770485371696,4,16,-4,4,-440,-4,4,0,-4,-12,-440,-12,4
1856,0x557414aa5354,R,0x7ffdaed52300,1,12,0,8,8,8,8,8,40,12,8,8,8,8,48,8,52,-12,-440,-12,4,16,0,-92,-440,0,4,0,0,-46770485371696,-440,16,4
1858,0x557414aa5357,R,0x7ffdaed522f4,1,-12,-12,-4,-8,-4,24,-4,28,-28,-4,-4,32,-4,36,-4,-4,-46770485371684,-428,0,8,16,12,8,-428,12,8,0,12,0,-428,16,16
1861,0x557414aa5334,W,0x7ffdaed52148,1,-428,-440,-428,-436,-432,-432,-432,-432,-432,-432,-428,-396,-432,-432,-432,-432,-46770485371256,444,456,436,348,440,436,444,440,436,-46770485371256,440,456,0,72,444
1864,0x557414aa50f4,R,0x557414aa7fd0,1,-46770485371684,-46770485371256,-46770485371696,-46770485371692,-46770485371688,-46770485371688,-46770485371688,-46770485371660,-46770485371688,-46770485371656,-46770485371712,-46770485371652,-46770485371688,-46770485371688,-46770485371688,-46770485371648,46770485371684,46770485371700,46770485371700,46770485371692,46770485371604,46770485371256,46770485371696,46770485371700,46770485371684,46770485371692,46770485371684,46770485371696,46770485371700,46770485371256,46770485371328,46770485371692
1867,0x557414aa533a,R,0x7ffdaed522f4,1,46770485371684,428,-12,-12,0,-4,-4,24,-4,-4,-28,-4,0,-4,-4,36,28,16,16,12,8,-428,12,16,-46770485371684,8,28,12,16,16,8,8
1869,0x557414aa533d,W,0x7ffdaed52304,1,16,444,16,4,16,8,12,40,12,12,-12,44,16,48,12,52,12,-8,-96,-4,-4,-444,-16,0,-16,-8,12,-444,-372,0,-8,-4
1871,0x557414aa5340,R,0x7ffdaed52310,1,28,12,46770485371712,16,16,20,24,24,24,24,24,56,28,24,24,24,-12,-20,-20,-16,-16,-456,-46770485371712,-12,-28,-16,-12,-456,-384,-20,-16,-16
1873,0x557414aa5344,R,0x7ffdaed52304,1,-12,0,46770485371700,444,16,8,16,12,12,40,12,44,-12,12,12,48,-96,-8,-4,-4,-16,-444,-46770485371700,-8,12,-4,0,0,-8,-8,-4,-4
1876,0x557414aa534a,R,0x7ffdaed522a4,1,-96,-96,-80,348,-80,-92,-92,-84,-84,-56,-84,-84,-84,-84,-80,-48,88,88,92,92,80,96,80,88,108,-348,-276,96,92,88,92,-348
1878,0x557414aa534d,R,0x7ffdaed522fc,1,88,-8,-20,436,46770485371692,-4,-4,0,8,32,4,4,4,36,-20,40,4,0,4,-436,-46770485371692,8,-8,4,8,-436,0,8,4,4,-8,-436
1879,0x557414aa534d,W,0x7ffdaed522fc,1,0,-8,-8,436,8,-4,8,0,8,4,4,4,4,36,-20,4,4,4,-8,-436,-46770485371692,0,20,4,-364,-436,0,0,4,4,-46770485371692,-436
1881,0x557414aa5350,R,0x7ffdaed52300,1,4,4,92,440,-16,0,46770485371696,4,0,8,8,36,8,40,8,8,0,0,-12,4,-12,-4,4,0,-368,4,0,-4,-12,0,-46770485371696,4
1882,0x557414aa5350,W,0x7ffdaed52300,1,0,4,92,-4,-4,0,12,4,12,8,12,36,8,8,8,8,0,-440,-46770485371696,4,16,-4,4,-440,-4,4,0,-4,-12,-440,-12,4
1884,0x557414aa5354,R,0x7ffdaed52300,1,0,0,4,-4,-4,440,-16,4,46770485371696,8,0,36,8,8,8,40,-12,-440,-12,4,16,0,-368,-440,0,4,0,0,-46770485371696,-440,16,4
1886,0x557414aa5357,R,0x7ffdaed522f4,1,-12,-12,-8,-8,80,428,-28,-12,0,-4,0,24,0,-4,-4,28,-46770485371684,-428,0,8,16,12,8,-428,12,8,0,12,0,-428,16,16
1889,0x557414aa5334,W,0x7ffdaed52148,1,-428,-440,-440,-436,-348,-444,-444,-440,-428,-436,46770485371256,-404,-440,-432,-432,-400,-46770485371256,444,456,436,72,440,436,444,440,436,-46770485371256,440,456,0,80,444
1892,0x557414aa50f4,R,0x557414aa7fd0,1,-46770485371684,-46770485371256,-46770485371696,-46770485371692,-46770485371692,-46770485371700,-46770485371700,-46770485371256,-46770485371712,-46770485371692,0,-46770485371688,-46770485371684,-46770485371688,-46770485371684,-46770485371656,46770485371684,46770485371700,46770485371700,46770485371692,46770485371328,46770485371256,46770485371696,46770485371700,46770485371684,46770485371692,46770485371684,46770485371696,46770485371700,46770485371256,46770485371336,46770485371692
1895,0x557414aa533a,R,0x7ffdaed522f4,1,46770485371684,428,-12,-12,-12,-16,80,428,-28,-12,0,-4,0,24,-12,28,28,16,16,12,8,-428,12,16,-46770485371684,8,28,12,16,16,8,8
1897,0x557414aa533d,W,0x7ffdaed52304,1,16,444,16,4,4,8,8,444,0,4,16,8,46770485371700,40,4,12,12,-8,-372,-4,-4,-444,-16,0,-16,-8,12,-444,-364,0,-8,-4
1899,0x557414aa5340,R,0x7ffdaed52310,1,28,12,46770485371712,16,16,20,20,12,108,16,0,20,46770485371712,24,28,24,-12,-20,-20,-16,-16,-456,-46770485371712,-12,-28,-16,-12,-456,-376,-20,-16,-16
1901,0x557414aa5344,R,0x7ffdaed52304,1,-12,0,46770485371700,444,16,8,4,0,96,444,0,8,16,12,16,40,-372,-8,-4,-4,-16,-444,-46770485371700,-8,12,-4,0,0,-8,-8,-4,-4
1904,0x557414aa534a,R,0x7ffdaed52190,1,-372,-372,-356,72,-356,-368,-368,-372,-364,72,-372,-368,-384,-360,46770485371328,-332,364,364,368,368,356,372,356,364,384,-72,8,372,368,364,368,-72
1906,0x557414aa534d,R,0x7ffdaed522fc,1,364,-8,-20,436,46770485371692,-4,-4,0,-4,436,88,-4,-20,0,8,32,4,0,4,-436,-46770485371692,8,-8,4,8,-436,0,8,4,4,-8,-436
1907,0x557414aa534d,W,0x7ffdaed522fc,1,0,-8,-8,436,8,-4,8,0,-4,-8,0,-4,-8,0,8,4,4,4,-8,-436,-46770485371692,0,20,4,-356,-436,0,0,4,4,-46770485371692,-436
1909,0x557414aa5350,R,0x7ffdaed52300,1,4,4,368,440,-16,0,46770485371696,4,0,-4,4,440,92,4,-16,8,0,0,-12,4,-12,-4,4,0,-360,4,0,-4,-12,0,-46770485371696,4
1910,0x557414aa5350,W,0x7ffdaed52300,1,0,4,368,-4,-4,0,12,4,12,-4,0,440,92,0,-4,8,0,-440,-46770485371696,4,16,-4,4,-440,-4,4,0,-4,-12,-440,-12,4
1912,0x557414aa5354,R,0x7ffdaed52300,1,0,0,4,-4,-4,440,-16,4,46770485371696,-4,0,440,4,0,-4,4,-12,-440,-12,4,16,0,-360,-440,0,4,0,0,-46770485371696,-440,16,4
1914,0x557414aa5357,R,0x7ffdaed522f4,1,-12,-12,-8,-8,356,428,-28,-12,0,-16,0,428,-12,-12,80,-8,-46770485371684,-428,0,8,16,12,8,-428,12,8,0,12,0,-428,16,16
1917,0x557414aa5334,W,0x7ffdaed52148,1,-428,-440,-440,-436,-72,-444,-444,-440,-428,-436,46770485371256,0,-440,-440,-436,-436,-46770485371256,444,456,436,80,440,436,444,440,436,-46770485371256,440,456,0,76,444
1920,0x557414aa50f4,R,0x557414aa7fd0,1,-46770485371684,-46770485371256,-46770485371696,-46770485371692,-46770485371692,-46770485371700,-46770485371700,-46770485371256,-46770485371712,-46770485371692,0,-46770485371700,-46770485371684,-46770485371696,-46770485371696,-46770485371692,46770485371684,46770485371700,46770485371700,46770485371692,46770485371336,46770485371256,46770485371696,46770485371700,46770485371684,46770485371692,46770485371684,46770485371696,46770485371700,46770485371256,46770485371332,46770485371692
1923,0x557414aa533a,R,0x7ffdaed522f4,1,46770485371684,428,-12,-12,-12,-16,356,428,-28,-12,0,-16,0,428,-12,-8,28,16,16,12,8,-428,12,16,-46770485371684,8,28,12,16,16,8,8
1925,0x557414aa533d,W,0x7ffdaed52304,1,16,444,16,4,4,8,8,444,0,4,16,8,46770485371700,444,4,4,12,-8,-364,-4,-4,-444,-16,0,-16,-8,12,-444,-368,0,-8,-4
1927,0x557414aa5340,R,0x7ffdaed52310,1,28,12,46770485371712,16,16,20,20,12,384,16,0,20,46770485371712,12,28,16,-12,-20,-20,-16,-16,-456,-46770485371712,-12,-28,-16,-12,-456,-380,-20,-16,-16
1929,0x557414aa5344,R,0x7ffdaed52304,1,-12,0,46770485371700,444,16,8,4,0,372,444,0,8,16,0,16,444,-364,-8,-4,-4,-16,-444,-46770485371700,-8,12,-4,0,0,-8,-8,-4,-4
1932,0x557414aa534a,R,0x7ffdaed52198,1,-364,-364,-348,80,-348,-360,-360,-364,-356,80,-364,-360,-376,-364,46770485371336,80,356,356,360,360,348,364,348,356,376,-80,-4,364,360,356,360,-80
1934,0x557414aa534d,R,0x7ffdaed522fc,1,356,-8,-20,436,46770485371692,-4,-4,0,-4,436,364,-4,-20,0,8,436,4,0,4,-436,-46770485371692,8,-8,4,8,-436,0,8,4,4,-8,-436
1935,0x557414aa534d,W,0x7ffdaed522fc,1,0,-8,-8,436,8,-4,8,0,-4,-8,0,-4,-8,0,8,-8,4,4,-8,-436,-46770485371692,0,20,4,-360,-436,0,0,4,4,-46770485371692,-436
1937,0x557414aa5350,R,0x7ffdaed52300,1,4,4,360,440,-16,0,46770485371696,4,0,-4,4,440,368,4,-16,-4,0,0,-12,4,-12,-4,4,0,-364,4,0,-4,-12,0,-46770485371696,4
1938,0x557414aa5350,W,0x7ffdaed52300,1,0,4,360,-4,-4,0,12,4,12,-4,0,440,368,0,-4,-4,0,-440,-46770485371696,4,16,-4,4,-440,-4,4,0,-4,-12,-440,-12,4
1940,0x557414aa5354,R,0x7ffdaed52300,1,0,0,4,-4,-4,440,-16,4,46770485371696,-4,0,440,4,0,-4,4,-12,-440,-12,4,16,0,-364,-440,0,4,0,0,-46770485371696,-440,16,4
1942,0x557414aa5357,R,0x7ffdaed522f4,1,-12,-12,-8,-8,348,428,-28,-12,0,-16,0,428,-12,-12,356,-8,-46770485371684,-428,0,8,16,12,8,-428,12,8,0,12,0,-428,16,16
1945,0x557414aa5334,W,0x7ffdaed52148,1,-428,-440,-440,-436,-80,-444,-444,-440,-428,-436,46770485371256,0,-440,-440,-436,-436,-46770485371256,444,456,436,76,440,436,444,440,436,-46770485371256,440,456,0,388,444
1948,0x557414aa50f4,R,0x557414aa7fd0,1,-46770485371684,-46770485371256,-46770485371696,-46770485371692,-46770485371692,-46770485371700,-46770485371700,-46770485371256,-46770485371712,-46770485371692,0,-46770485371700,-46770485371684,-46770485371696,-46770485371696,-46770485371692,46770485371684,46770485371700,46770485371700,46770485371692,46770485371332,46770485371256,46770485371696,46770485371700,46770485371684,46770485371692,46770485371684,46770485371696,46770485371700,46770485371256,46770485371644,46770485371692
1951,0x557414aa533a,R,0x7ffdaed522f4,1,46770485371684,428,-12,-12,-12,-16,348,428,-28,-12,0,-16,0,428,-12,-8,28,16,16,12,8,-428,12,16,-46770485371684,8,28,12,16,16,8,8
1953,0x557414aa533d,W,0x7ffdaed52304,1,16,444,16,4,4,8,8,444,0,4,16,8,46770485371700,444,4,4,12,-8,-368,-4,-4,-444,-16,0,-16,-8,12,-444,-56,0,-8,-4
1955,0x557414aa5340,R,0x7ffdaed52310,1,28,12,46770485371712,16,16,20,20,12,376,16,0,20,46770485371712,12,28,16,-12,-20,-20,-16,-16,-456,-46770485371712,-12,-28,-16,-12,-456,-68,-20,-16,-16
1957,0x557414aa5344,R,0x7ffdaed52304,1,-12,0,46770485371700,444,16,8,4,0,364,444,0,8,16,0,16,444,-368,-8,-4,-4,-16,-444,-46770485371700,-8,12,-4,0,0,-8,-8,-4,-4
1960,0x557414aa534a,R,0x7ffdaed52194,1,-368,-368,-352,76,-352,-364,-364,-368,-360,76,-368,-364,-380,-368,46770485371332,76,360,360,364,364,352,368,352,360,380,-76,312,368,364,360,364,-76
1962,0x557414aa534d,R,0x7ffdaed522fc,1,360,-8,-20,436,46770485371692,-4,-4,0,-4,436,356,-4,-20,0,8,436,4,0,4,-436,-46770485371692,8,-8,4,8,-436,0,8,4,4,-8,-436
1963,0x557414aa534d,W,0x7ffdaed522fc,1,0,-8,-8,436,8,-4,8,0,-4,-8,0,-4,-8,0,8,-8,4,4,-8,-436,-46770485371692,0,20,4,-48,-436,0,0,4,4,-46770485371692,-436
1965,0x557414aa5350,R,0x7ffdaed52300,1,4,4,364,440,-16,0,46770485371696,4,0,-4,4,440,360,4,-16,-4,0,0,-12,4,-12,-4,4,0,-52,4,0,-4,-12,0,-46770485371696,4
1966,0x557414aa5350,W,0x7ffdaed52300,1,0,4,364,-4,-4,0,12,4,12,-4,0,440,360,0,-4,-4,0,-440,-46770485371696,4,16,-4,4,-440,-4,4,0,-4,-12,-440,-12,4
1968,0x557414aa5354,R,0x7ffdaed52300,1,0,0,4,-4,-4,440,-16,4,46770485371696,-4,0,440,4,0,-4,4,-12,-440,-12,4,16,0,-52,-440,0,4,0,0,-46770485371696,-440,16,4
1970,0x557414aa5357,R,0x7ffdaed522f4,1,-12,-12,-8,-8,352,428,-28,-12,0,-16,0,428,-12,-12,348,-8,-46770485371684,-428,0,8,16,12,8,-428,12,8,0,12,0,-428,16,16
1973,0x557414aa5334,W,0x7ffdaed52148,1,-428,-440,-440,-436,-76,-444,-444,-440,-428,-436,46770485371256,0,-440,-440,-436,-436,-46770485371256,444,456,436,388,440,436,444,440,436,-46770485371256,440,456,0,320,444
1976,0x557414aa50f4,R,0x557414aa7fd0,1,-46770485371684,-46770485371256,-46770485371696,-46770485371692,-46770485371692,-46770485371700,-46770485371700,-46770485371256,-46770485371712,-46770485371692,0,-46770485371700,-46770485371684,-46770485371696,-46770485371696,-46770485371692,46770485371684,46770485371700,46770485371700,46770485371692,46770485371644,46770485371256,46770485371696,46770485371700,46770485371684,46770485371692,46770485371684,46770485371696,46770485371700,46770485371256,46770485371576,46770485371692
1979,0x557414aa533a,R,0x7ffdaed522f4,1,46770485371684,428,-12,-12,-12,-16,352,428,-28,-12,0,-16,0,428,-12,-8,28,16,16,12,8,-428,12,16,-46770485371684,8,28,12,16,16,8,8
1981,0x557414aa533d,W,0x7ffdaed52304,1,16,444,16,4,4,8,8,444,0,4,16,8,46770485371700,444,4,4,12,-8,-56,-4,-4,-444,-16,0,-16,-8,12,-444,-124,0,-8,-4
1983,0x557414aa5340,R,0x7ffdaed52310,1,28,12,46770485371712,16,16,20,20,12,380,16,0,20,46770485371712,12,28,16,-12,-20,-20,-16,-16,-456,-46770485371712,-12,-28,-16,-12,-456,-136,-20,-16,-16
1985,0x557414aa5344,R,0x7ffdaed52304,1,-12,0,46770485371700,444,16,8,4,0,368,444,0,8,16,0,16,444,-56,-8,-4,-4,-16,-444,-46770485371700,-8,12,-4,0,0,-8,-8,-4,-4
1988,0x557414aa534a,R,0x7ffdaed522cc,1,-56,-56,-40,388,-40,-52,-52,-56,-48,388,-56,-52,-68,-56,46770485371644,388,48,48,52,52,40,56,40,48,68,-388,-68,56,52,48,52,-388
1990,0x557414aa534d,R,0x7ffdaed522fc,1,48,-8,-20,436,46770485371692,-4,-4,0,-4,436,360,-4,-20,0,8,436,4,0,4,-436,-46770485371692,8,-8,4,8,-436,0,8,4,4,-8,-436
1991,0x557414aa534d,W,0x7ffdaed522fc,1,0,-8,-8,436,8,-4,8,0,-4,-8,0,-4,-8,0,8,-8,4,4,-8,-436,-46770485371692,0,20,4,-116,-436,0,0,4,4,-46770485371692,-436
1993,0x557414aa5350,R,0x7ffdaed52300,1,4,4,52,440,-16,0,46770485371696,4,0,-4,4,440,364,4,-16,-4,0,0,-12,4,-12,-4,4,0,-120,4,0,-4,-12,0,-46770485371696,4
1994,0x557414aa5350,W,0x7ffdaed52300,1,0,4,52,-4,-4,0,12,4,12,-4,0,440,364,0,-4,-4,0,-440,-46770485371696,4,16,-4,4,-440,-4,4,0,-4,-12,-440,-12,4
1996,0x557414aa5354,R,0x7ffdaed52300,1,0,0,4,-4,-4,440,-16,4,46770485371696,-4,0,440,4,0,-4,4,-12,-440,-12,4,16,0,-120,-440,0,4,0,0,-46770485371696,-440,16,4
1998,0x557414aa5357,R,0x7ffdaed522f4,1,-12,-12,-8,-8,40,428,-28,-12,0,-16,0,428,-12,-12,352,-8,-46770485371684,-428,0,8,16,12,8,-428,12,8,0,12,0,-428,16,16
2001,0x557414aa5334,W,0x7ffdaed52148,1,-428,-440,-440,-436,-388,-444,-444,-440,-428,-436,46770485371256,0,-440,-440,-436,-436,-46770485371256,444,456,436,320,440,436,444,440,436,-46770485371256,440,456,0,132,444
2004,0x557414aa50f4,R,0x557414aa7fd0,1,-46770485371684,-46770485371256,-46770485371696,-46770485371692,-46770485371692,-46770485371700,-46770485371700,-46770485371256,-46770485371712,-46770485371692,0,-46770485371700,-46770485371684,-46770485371696,-46770485371696,-46770485371692,46770485371684,46770485371700,46770485371700,46770485371692,46770485371576,46770485371256,46770485371696,46770485371700,46770485371684,46770485371692,46770485371684,46770485371696,46770485371700,46770485371256,46770485371388,46770485371692
2007,0x557414aa533a,R,0x7ffdaed522f4,1,46770485371684,428,-12,-12,-12,-16,40,428,-28,-12,0,-16,0,428,-12,-8,28,16,16,12,8,-428,12,16,-46770485371684,8,28,12,16,16,8,8
2009,0x557414aa533d,W,0x7ffdaed52304,1,16,444,16,4,4,8,8,444,0,4,16,8,46770485371700,444,4,4,12,-8,-124,-4,-4,-444,-16,0,-16,-8,12,-444,-312,0,-8,-4
2011,0x557414aa5340,R,0x7ffdaed52310,1,28,12,46770485371712,16,16,20,20,12,68,16,0,20,46770485371712,12,28,16,-12,-20,-20,-16,-16,-456,-46770485371712,-12,-28,-16,-12,-456,-324,-20,-16,-16
2013,0x557414aa5344,R,0x7ffdaed52304,1,-12,0,46770485371700,444,16,8,4,0,56,444,0,8,16,0,16,444,-124,-8,-4,-4,-16,-444,-46770485371700,-8,12,-4,0,0,-8,-8,-4,-4
2016,0x557414aa534a,R,0x7ffdaed52288,1,-124,-124,-108,320,-108,-120,-120,-124,-116,320,-124,-120,-136,-124,46770485371576,320,116,116,120,120,108,124,108,116,136,-320,-188,124,120,116,120,-320
2018,0x557414aa534d,R,0x7ffdaed522fc,1,116,-8,-20,436,46770485371692,-4,-4,0,-4,436,48,-4,-20,0,8,436,4,0,4,-436,-46770485371692,8,-8,4,8,-436,0,8,4,4,-8,-436
2019,0x557414aa534d,W,0x7ffdaed522fc,1,0,-8,-8,436,8,-4,8,0,-4,-8,0,-4,-8,0,8,-8,4,4,-8,-436,-46770485371692,0,20,4,-304,-436,0,0,4,4,-46770485371692,-436
2021,0x557414aa5350,R,0x7ffdaed52300,1,4,4,120,440,-16,0,46770485371696,4,0,-4,4,440,52,4,-16,-4,0,0,-12,4,-12,-4,4,0,-308,4,0,-4,-12,0,-46770485371696,4
2022,0x557414aa5350,W,0x7ffdaed52300,1,0,4,120,-4,-4,0,12,4,12,-4,0,440,52,0,-4,-4,0,-440,-46770485371696,4,16,-4,4,-440,-4,4,0,-4,-12,-440,-12,4
2024,0x557414aa5354,R,0x7ffdaed52300,1,0,0,4,-4,-4,440,-16,4,46770485371696,-4,0,440,4,0,-4,4,-12,-440,-12,4,16,0,-308,-440,0,4,0,0,-46770485371696,-440,16,4
2026,0x557414aa5357,R,0x7ffdaed522f4,1,-12,-12,-8,-8,108,428,-28,-12,0,-16,0,428,-12,-12,40,-8,-46770485371684,-428,0,8,16,12,8,-428,12,8,0,12,0,-428,16,16
2029,0x557414aa5334,W,0x7ffdaed52148,1,-428,-440,-440,-436,-320,-444,-444,-440,-428,-436,46770485371256,0,-440,-440,-436,-436,-46770485371256,444,456,436,132,440,436,444,440,436,-46770485371256,440,456,0,164,444
2032,0x557414aa50f4,R,0x557414aa7fd0,1,-46770485371684,-46770485371256,-46770485371696,-46770485371692,-46770485371692,-46770485371700,-46770485371700,-46770485371256,-46770485371712,-46770485371692,0,-46770485371700,-46770485371684,-46770485371696,-46770485371696,-46770485371692,46770485371684,46770485371700,46770485371700,46770485371692,46770485371388,46770485371256,46770485371696,46770485371700,46770485371684,46770485371692,46770485371684,46770485371696,46770485371700,46770485371256,46770485371420,46770485371692
2035,0x557414aa533a,R,0x7ffdaed522f4,1,46770485371684,428,-12,-12,-12,-16,108,428,-28,-12,0,-16,0,428,-12,-8,28,16,16,12,8,-428,12,16,-46770485371684,8,28,12,16,16,8,8
2037,0x557414aa533d,W,0x7ffdaed52304,1,16,444,16,4,4,8,8,444,0,4,16,8,46770485371700,444,4,4,12,-8,-312,-4,-4,-444,-16,0,-16,-8,12,-444,-280,0,-8,-4
2039,0x557414aa5340,R,0x7ffdaed52310,1,28,12,46770485371712,16,16,20,20,12,136,16,0,20,46770485371712,12,28,16,-12,-20,-20,-16,-16,-456,-46770485371712,-12,-28,-16,-12,-456,-292,-20,-16,-16
2041,0x557414aa5344,R,0x7ffdaed52304,1,-12,0,46770485371700,444,16,8,4,0,124,444,0,8,16,0,16,444,-312,-8,-4,-4,-16,-444,-46770485371700,-8,12,-4,0,0,-8,-8,-4,-4
2044,0x557414aa534a,R,0x7ffdaed521cc,1,-312,-312,-296,132,-296,-308,-308,-312,-304,132,-312,-308,-324,-312,46770485371388,132,304,304,308,308,296,312,296,304,324,-132,32,312,308,304,308,-132
2046,0x557414aa534d,R,0x7ffdaed522fc,1,304,-8,-20,436,46770485371692,-4,-4,0,-4,436,116,-4,-20,0,8,436,4,0,4,-436,-46770485371692,8,-8,4,8,-436,0,8,4,4,-8,-436
2047,0x557414aa534d,W,0x7ffdaed522fc,1,0,-8,-8,436,8,-4,8,0,-4,-8,0,-4,-8,0,8,-8,4,4,-8,-436,-46770485371692,0,20,4,-272,-436,0,0,4,4,-46770485371692,-436
2049,0x557414aa5350,R,0x7ffdaed52300,1,4,4,308,440,-16,0,46770485371696,4,0,-4,4,440,120,4,-16,-4,0,0,-12,4,-12,-4,4,0,-276,4,0,-4,-12,0,-46770485371696,4
2050,0x557414aa5350,W,0x7ffdaed52300,1,0,4,308,-4,-4,0,12,4,12,-4,0,440,120,0,-4,-4,0,-440,-46770485371696,4,16,-4,4,-440,-4,4,0,-4,-12,-440,-12,4
2052,0x557414aa5354,R,0x7ffdaed52300,1,0,0,4,-4,-4,440,-16,4,46770485371696,-4,0,440,4,0,-4,4,-12,-440,-12,4,16,0,-276,-440,0,4,0,0,-46770485371696,-440,16,4
2054,0x557414aa5357,R,0x7ffdaed522f4,1,-12,-12,-8,-8,296,428,-28,-12,0,-16,0,428,-12,-12,108,-8,-46770485371684,-428,0,8,16,12,8,-428,12,8,0,12,0,-428,16,16
2057,0x557414aa5334,W,0x7ffdaed52148,1,-428,-440,-440,-436,-132,-444,-444,-440,-428,-436,46770485371256,0,-440,-440,-436,-436,-46770485371256,444,456,436,164,440,436,444,440,436,-46770485371256,440,456,0,280,444
2060,0x557414aa50f4,R,0x557414aa7fd0,1,-46770485371684,-46770485371256,-46770485371696,-46770485371692,-46770485371692,-46770485371700,-46770485371700,-46770485371256,-46770485371712,-46770485371692,0,-46770485371700,-46770485371684,-46770485371696,-46770485371696,-46770485371692,46770485371684,46770485371700,46770485371700,46770485371692,46770485371420,46770485371256,46770485371696,46770485371700,46770485371684,46770485371692,46770485371684,46770485371696,46770485371700,46770485371256,46770485371536,46770485371692
2063,0x557414aa533a,R,0x7ffdaed522f4,1,46770485371684,428,-12,-12,-12,-16,296,428,-28,-12,0,-16,0,428,-12,-8,28,16,16,12,8,-428,12,16,-46770485371684,8,28,12,16,16,8,8
2065,0x557414aa533d,W,0x7ffdaed52304,1,16,444,16,4,4,8,8,444,0,4,16,8,46770485371700,444,4,4,12,-8,-280,-4,-4,-444,-16,0,-16,-8,12,-444,-164,0,-8,-4
2067,0x557414aa5340,R,0x7ffdaed52310,1,28,12,46770485371712,16,16,20,20,12,324,16,0,20,46770485371712,12,28,16,-12,-20,-20,-16,-16,-456,-46770485371712,-12,-28,-16,-12,-456,-176,-20,-16,-16
2069,0x557414aa5344,R,0x7ffdaed52304,1,-12,0,46770485371700,444,16,8,4,0,312,444,0,8,16,0,16,444,-280,-8,-4,-4,-16,-444,-46770485371700,-8,12,-4,0,0,-8,-8,-4,-4
2072,0x557414aa534a,R,0x7ffdaed521ec,1,-280,-280,-264,164,-264,-276,-276,-280,-272,164,-280,-276,-292,-280,46770485371420,164,272,272,276,276,264,280,264,272,292,-164,116,280,276,272,276,-164
2074,0x557414aa534d,R,0x7ffdaed522fc,1,272,-8,-20,436,46770485371692,-4,-4,0,-4,436,304,-4,-20,0,8,436,4,0,4,-436,-46770485371692,8,-8,4,8,-436,0,8,4,4,-8,-436
2075,0x557414aa534d,W,0x7ffdaed522fc,1,0,-8,-8,436,8,-4,8,0,-4,-8,0,-4,-8,0,8,-8,4,4,-8,-436,-46770485371692,0,20,4,-156,-436,0,0,4,4,-46770485371692,-436
2077,0x557414aa5350,R,0x7ffdaed52300,1,4,4,276,440,-16,0,46770485371696,4,0,-4,4,440,308,4,-16,-4,0,0,-12,4,-12,-4,4,0,-160,4,0,-4,-12,0,-46770485371696,4
2078,0x557414aa5350,W,0x7ffdaed52300,1,0,4,276,-4,-4,0,12,4,12,-4,0,440,308,0,-4,-4,0,-440,-46770485371696,4,16,-4,4,-440,-4,4,0,-4,-12,-440,-12,4
2080,0x557414aa5354,R,0x7ffdaed52300,1,0,0,4,-4,-4,440,-16,4,46770485371696,-4,0,440,4,0,-4,4,-12,-440,-12,4,16,0,-160,-440,0,4,0,0,-46770485371696,-440,16,4
2082,0x557414aa5357,R,0x7ffdaed522f4,1,-12,-12,-8,-8,264,428,-28,-12,0,-16,0,428,-12,-12,296,-8,-46770485371684,-428,0,8,16,12,8,-428,12,8,0,12,0,-428,16,16
2085,0x557414aa5334,W,0x7ffdaed52148,1,-428,-440,-440,-436,-164,-444,-444,-440,-428,-436,46770485371256,0,-440,-440,-436,-436,-46770485371256,444,456,436,280,440,436,444,440,436,-46770485371256,440,456,0,360,444
2088,0x557414aa50f4,R,0x557414aa7fd0,1,-46770485371684,-46770485371256,-46770485371696,-46770485371692,-46770485371692,-46770485371700,-46770485371700,-46770485371256,-46770485371712,-46770485371692,0,-46770485371700,-46770485371684,-46770485371696,-46770485371696,-46770485371692,46770485371684,46770485371700,46770485371700,46770485371692,46770485371536,46770485371256,46770485371696,46770485371700,46770485371684,46770485371692,46770485371684,46770485371696,46770485371700,46770485371256,46770485371616,46770485371692
2091,0x557414aa533a,R,0x7ffdaed522f4,1,46770485371684,428,-12,-12,-12,-16,264,428,-28,-12,0,-16,0,428,-12,-8,28,16,16,12,8,-428,12,16,-46770485371684,8,28,12,16,16,8,8
2093,0x557414aa533d,W,0x7ffdaed52304,1,16,444,16,4,4,8,8,444,0,4,16,8,46770485371700,444,4,4,12,-8,-164,-4,-4,-444,-16,0,-16,-8,12,-444,-84,0,-8,-4
2095,0x557414aa5340,R,0x7ffdaed52310,1,28,12,46770485371712,16,16,20,20,12,292,16,0,20,46770485371712,12,28,16,-12,-20,-20,-16,-16,-456,-46770485371712,-12,-28,-16,-12,-456,-96,-20,-16,-16
2097,0x557414aa5344,R,0x7ffdaed52304,1,-12,0,46770485371700,444,16,8,4,0,280,444,0,8,16,0,16,444,-164,-8,-4,-4,-16,-444,-46770485371700,-8,12,-4,0,0,-8,-8,-4,-4
2100,0x557414aa534a,R,0x7ffdaed52260,1,-164,-164,-148,280,-148,-160,-160,-164,-156,280,-164,-160,-176,-164,46770485371536,280,156,156,160,160,148,164,148,156,176,-280,80,164,160,156,160,-280
2102,0x557414aa534d,R,0x7ffdaed522fc,1,156,-8,-20,436,46770485371692,-4,-4,0,-4,436,272,-4,-20,0,8,436,4,0,4,-436,-46770485371692,8,-8,4,8,-436,0,8,4,4,-8,-436
2103,0x557414aa534d,W,0x7ffdaed522fc,1,0,-8,-8,436,8,-4,8,0,-4,-8,0,-4,-8,0,8,-8,4,4,-8,-436,-46770485371692,0,20,4,-76,-436,0,0,4,4,-46770485371692,-436
2105,0x557414aa5350,R,0x7ffdaed52300,1,4,4,160,440,-16,0,46770485371696,4,0,-4,4,440,276,4,-16,-4,0,0,-12,4,-12,-4,4,0,-80,4,0,-4,-12,0,-46770485371696,4
2106,0x557414aa5350,W,0x7ffdaed52300,1,0,4,160,-4,-4,0,12,4,12,-4,0,440,276,0,-4,-4,0,-440,-46770485371696,4,16,-4,4,-440,-4,4,0,-4,-12,-440,-12,4
2108,0x557414aa5354,R,0x7ffdaed52300,1,0,0,4,-4,-4,440,-16,4,46770485371696,-4,0,440,4,0,-4,4,-12,-440,-12,4,16,0,-80,-440,0,4,0,0,-46770485371696,-440,16,4
2110,0x557414aa5357,R,0x7ffdaed522f4,1,-12,-12,-8,-8,148,428,-28,-12,0,-16,0,428,-12,-12,264,-8,-46770485371684,-428,0,8,16,12,8,-428,12,8,0,12,0,-428,16,16
2113,0x557414aa5334,W,0x7ffdaed52148,1,-428,-440,-440,-436,-280,-444,-444,-440,-428,-436,46770485371256,0,-440,-440,-436,-436,-46770485371256,444,456,436,360,440,436,444,440,436,-46770485371256,440,456,0,276,444
2116,0x557414aa50f4,R,0x557414aa7fd0,1,-46770485371684,-46770485371256,-46770485371696,-46770485371692,-46770485371692,-46770485371700,-46770485371700,-46770485371256,-46770485371712,-46770485371692,0,-46770485371700,-46770485371684,-46770485371696,-46770485371696,-46770485371692,46770485371684,46770485371700,46770485371700,46770485371692,46770485371616,46770485371256,46770485371696,46770485371700,46770485371684,46770485371692,46770485371684,46770485371696,46770485371700,46770485371256,46770485371532,46770485371692
2119,0x557414aa533a,R,0x7ffdaed522f4,1,46770485371684,428,-12,-12,-12,-16,148,428,-28,-12,0,-16,0,428,-12,-8,28,16,16,12,8,-428,12,16,-46770485371684,8,28,12,16,16,8,8
2121,0x557414aa533d,W,0x7ffdaed52304,1,16,444,16,4,4,8,8,444,0,4,16,8,46770485371700,444,4,4,12,-8,-84,-4,-4,-444,-16,0,-16,-8,12,-444,-168,0,-8,-4
2123,0x557414aa5340,R,0x7ffdaed52310,1,28,12,46770485371712,16,16,20,20,12,176,16,0,20,46770485371712,12,28,16,-12,-20,-20,-16,-16,-456,-46770485371712,-12,-28,-16,-12,-456,-180,-20,-16,-16
2125,0x557414aa5344,R,0x7ffdaed52304,1,-12,0,46770485371700,444,16,8,4,0,164,444,0,8,16,0,16,444,-84,-8,-4,-4,-16,-444,-46770485371700,-8,12,-4,0,0,-8,-8,-4,-4
2128,0x557414aa534a,R,0x7ffdaed522b0,1,-84,-84,-68,360,-68,-80,-80,-84,-76,360,-84,-80,-96,-84,46770485371616,360,76,76,80,80,68,84,68,76,96,-360,-84,84,80,76,80,-360
2130,0x557414aa534d,R,0x7ffdaed522fc,1,76,-8,-20,436,46770485371692,-4,-4,0,-4,436,156,-4,-20,0,8,436,4,0,4,-436,-46770485371692,8,-8,4,8,-436,0,8,4,4,-8,-436
2131,0x557414aa534d,W,0x7ffdaed522fc,1,0,-8,-8,436,8,-4,8,0,-4,-8,0,-4,-8,0,8,-8,4,4,-8,-436,-46770485371692,0,20,4,-160,-436,0,0,4,4,-46770485371692,-436
2133,0x557414aa5350,R,0x7ffdaed52300,1,4,4,80,440,-16,0,46770485371696,4,0,-4,4,440,160,4,-16,-4,0,0,-12,4,-12,-4,4,0,-164,4,0,-4,-12,0,-46770485371696,4
2134,0x557414aa5350,W,0x7ffdaed52300,1,0,4,80,-4,-4,0,12,4,12,-4,0,440,160,0,-4,-4,0,-440,-46770485371696,4,16,-4,4,-440,-4,4,0,-4,-12,-440,-12,4
2136,0x557414aa5354,R,0x7ffdaed52300,1,0,0,4,-4,-4,440,-16,4,46770485371696,-4,0,440,4,0,-4,4,-12,-440,-12,4,16,0,-164,-440,0,4,0,0,-46770485371696,-440,16,4
2138,0x557414aa5357,R,0x7ffdaed522f4,1,-12,-12,-8,-8,68,428,-28,-12,0,-16,0,428,-12,-12,148,-8,-46770485371684,-428,0,8,16,12,8,-428,12,8,0,12,0,-428,16,16
2141,0x557414aa5334,W,0x7ffdaed52148,1,-428,-440,-440,-436,-360,-444,-444,-440,-428,-436,46770485371256,0,-440,-440,-436,-436,-46770485371256,444,456,436,276,440,436,444,440,436,-46770485371256,440,456,0,232,444
2144,0x557414aa50f4,R,0x557414aa7fd0,1,-46770485371684,-46770485371256,-46770485371696,-46770485371692,-46770485371692,-46770485371700,-46770485371700,-46770485371256,-46770485371712,-46770485371692,0,-46770485371700,-46770485371684,-46770485371696,-46770485371696,-46770485371692,46770485371684,46770485371700,46770485371700,46770485371692,46770485371532,46770485371256,46770485371696,46770485371700,46770485371684,46770485371692,46770485371684,46770485371696,46770485371700,46770485371256,46770485371488,46770485371692
2147,0x557414aa533a,R,0x7ffdaed522f4,1,46770485371684,428,-12,-12,-12,-16,68,428,-28,-12,0,-16,0,428,-12,-8,28,16,16,12,8,-428,12,16,-46770485371684,8,28,12,16,16,8,8
2149,0x557414aa533d,W,0x7ffdaed52304,1,16,444,16,4,4,8,8,444,0,4,16,8,46770485371700,444,4,4,12,-8,-168,-4,-4,-444,-16,0,-16,-8,12,-444,-212,0,-8,-4
2151,0x557414aa5340,R,0x7ffdaed52310,1,28,12,46770485371712,16,16,20,20,12,96,16,0,20,46770485371712,12,28,16,-12,-20,-20,-16,-16,-456,-46770485371712,-12,-28,-16,-12,-456,-224,-20,-16,-16
2153,0x557414aa5344,R,0x7ffdaed52304,1,-12,0,46770485371700,444,16,8,4,0,84,444,0,8,16,0,16,444,-168,-8,-4,-4,-16,-444,-46770485371700,-8,12,-4,0,0,-8,-8,-4,-4
2156,0x557414aa534a,R,0x7ffdaed5225c,1,-168,-168,-152,276,-152,-164,-164,-168,-160,276,-168,-164,-180,-168,46770485371532,276,160,160,164,164,152,168,152,160,180,-276,-44,168,164,160,164,-276
2158,0x557414aa534d,R,0x7ffdaed522fc,1,160,-8,-20,436,46770485371692,-4,-4,0,-4,436,76,-4,-20,0,8,436,4,0,4,-436,-46770485371692,8,-8,4,8,-436,0,8,4,4,-8,-436
2159,0x557414aa534d,W,0x7ffdaed522fc,1,0,-8,-8,436,8,-4,8,0,-4,-8,0,-4,-8,0,8,-8,4,4,-8,-436,-46770485371692,0,20,4,-204,-436,0,0,4,4,-46770485371692,-436
2161,0x557414aa5350,R,0x7ffdaed52300,1,4,4,164,440,-16,0,46770485371696,4,0,-4,4,440,80,4,-16,-4,0,0,-12,4,-12,-4,4,0,-208,4,0,-4,-12,0,-46770485371696,4
2162,0x557414aa5350,W,0x7ffdaed52300,1,0,4,164,-4,-4,0,12,4,12,-4,0,440,80,0,-4,-4,0,-440,-46770485371696,4,16,-4,4,-440,-4,4,0,-4,-12,-440,-12,4
2164,0x557414aa5354,R,0x7ffdaed52300,1,0,0,4,-4,-4,440,-16,4,46770485371696,-4,0,440,4,0,-4,4,-12,-440,-12,4,16,0,-208,-440,0,4,0,0,-46770485371696,-440,16,4
2166,0x557414aa5357,R,0x7ffdaed522f4,1,-12,-12,-8,-8,152,428,-28,-12,0,-16,0,428,-12,-12,68,-8,-46770485371684,-428,0,8,16,12,8,-428,12,8,0,12,0,-428,16,16
2169,0x557414aa5334,W,0x7ffdaed52148,1,-428,-440,-440,-436,-276,-444,-444,-440,-428,-436,46770485371256,0,-440,-440,-436,-436,-46770485371256,444,456,436,232,440,436,444,440,436,-46770485371256,440,456,0,100,444
2172,0x557414aa50f4,R,0x557414aa7fd0,1,-46770485371684,-46770485371256,-46770485371696,-46770485371692,-46770485371692,-46770485371700,-46770485371700,-46770485371256,-46770485371712,-46770485371692,0,-46770485371700,-46770485371684,-46770485371696,-46770485371696,-46770485371692,46770485371684,46770485371700,46770485371700,46770485371692,46770485371488,46770485371256,46770485371696,46770485371700,46770485371684,46770485371692,46770485371684,46770485371696,46770485371700,46770485371256,46770485371356,46770485371692
2175,0x557414aa533a,R,0x7ffdaed522f4,1,46770485371684,428,-12,-12,-12,-16,152,428,-28,-12,0,-16,0,428,-12,-8,28,16,16,12,8,-428,12,16,-46770485371684,8,28,12,16,16,8,8
2177,0x557414aa533d,W,0x7ffdaed52304,1,16,444,16,4,4,8,8,444,0,4,16,8,46770485371700,444,4,4,12,-8,-212,-4,-4,-444,-16,0,-16,-8,12,-444,-344,0,-8,-4
2179,0x557414aa5340,R,0x7ffdaed52310,1,28,12,46770485371712,16,16,20,20,12,180,16,0,20,46770485371712,12,28,16,-12,-20,-20,-16,-16,-456,-46770485371712,-12,-28,-16,-12,-456,-356,-20,-16,-16
2181,0x557414aa5344,R,0x7ffdaed52304,1,-12,0,46770485371700,444,16,8,4,0,168,444,0,8,16,0,16,444,-212,-8,-4,-4,-16,-444,-46770485371700,-8,12,-4,0,0,-8,-8,-4,-4
2184,0x557414aa534a,R,0x7ffdaed52230,1,-212,-212,-196,232,-196,-208,-208,-212,-204,232,-212,-208,-224,-212,46770485371488,232,204,204,208,208,196,212,196,204,224,-232,-132,212,208,204,208,-232
2186,0x557414aa534d,R,0x7ffdaed522fc,1,204,-8,-20,436,46770485371692,-4,-4,0,-4,436,160,-4,-20,0,8,436,4,0,4,-436,-46770485371692,8,-8,4,8,-436,0,8,4,4,-8,-436
2187,0x557414aa534d,W,0x7ffdaed522fc,1,0,-8,-8,436,8,-4,8,0,-4,-8,0,-4,-8,0,8,-8,4,4,-8,-436,-46770485371692,0,20,4,-336,-436,0,0,4,4,-46770485371692,-436
2189,0x557414aa5350,R,0x7ffdaed52300,1,4,4,208,440,-16,0,46770485371696,4,0,-4,4,440,164,4,-16,-4,0,0,-12,4,-12,-4,4,0,-340,4,0,-4,-12,0,-46770485371696,4
2190,0x557414aa5350,W,0x7ffdaed52300,1,0,4,208,-4,-4,0,12,4,12,-4,0,440,164,0,-4,-4,0,-440,-46770485371696,4,16,-4,4,-440,-4,4,0,-4,-12,-440,-12,4
2192,0x557414aa5354,R,0x7ffdaed52300,1,0,0,4,-4,-4,440,-16,4,46770485371696,-4,0,440,4,0,-4,4,-12,-440,-12,4,16,0,-340,-440,0,4,0,0,-46770485371696,-440,16,4
2194,0x557414aa5357,R,0x7ffdaed522f4,1,-12,-12,-8,-8,196,428,-28,-12,0,-16,0,428,-12,-12,152,-8,-46770485371684,-428,0,8,16,12,8,-428,12,8,0,12,0,-428,16,16
2197,0x557414aa5334,W,0x7ffdaed52148,1,-428,-440,-440,-436,-232,-444,-444,-440,-428,-436,46770485371256,0,-440,-440,-436,-436,-46770485371256,444,456,436,100,440,436,444,440,436,-46770485371256,440,456,0,260,444
2200,0x557414aa50f4,R,0x557414aa7fd0,1,-46770485371684,-46770485371256,-46770485371696,-46770485371692,-46770485371692,-46770485371700,-46770485371700,-46770485371256,-46770485371712,-46770485371692,0,-46770485371700,-46770485371684,-46770485371696,-46770485371696,-46770485371692,46770485371684,46770485371700,46770485371700,46770485371692,46770485371356,46770485371256,46770485371696,46770485371700,46770485371684,46770485371692,46770485371684,46770485371696,46770485371700,46770485371256,46770485371516,46770485371692
2203,0x557414aa533a,R,0x7ffdaed522f4,1,46770485371684,428,-12,-12,-12,-16,196,428,-28,-12,0,-16,0,428,-12,-8,28,16,16,12,8,-428,12,16,-46770485371684,8,28,12,16,16,8,8
2205,0x557414aa533d,W,0x7ffdaed52304,1,16,444,16,4,4,8,8,444,0,4,16,8,46770485371700,444,4,4,12,-8,-344,-4,-4,-444,-16,0,-16,-8,12,-444,-184,0,-8,-4
2207,0x557414aa5340,R,0x7ffdaed52310,1,28,12,46770485371712,16,16,20,20,12,224,16,0,20,46770485371712,12,28,16,-12,-20,-20,-16,-16,-456,-46770485371712,-12,-28,-16,-12,-456,-196,-20,-16,-16
2209,0x557414aa5344,R,0x7ffdaed52304,1,-12,0,46770485371700,444,16,8,4,0,212,444,0,8,16,0,16,444,-344,-8,-4,-4,-16,-444,-46770485371700,-8,12,-4,0,0,-8,-8,-4,-4
2212,0x557414aa534a,R,0x7ffdaed521ac,1,-344,-344,-328,100,-328,-340,-340,-344,-336,100,-344,-340,-356,-344,46770485371356,100,336,336,340,340,328,344,328,336,356,-100,160,344,340,336,340,-100
2214,0x557414aa534d,R,0x7ffdaed522fc,1,336,-8,-20,436,46770485371692,-4,-4,0,-4,436,204,-4,-20,0,8,436,4,0,4,-436,-46770485371692,8,-8,4,8,-436,0,8,4,4,-8,-436
2215,0x557414aa534d,W,0x7ffdaed522fc,1,0,-8,-8,436,8,-4,8,0,-4,-8,0,-4,-8,0,8,-8,4,4,-8,-436,-46770485371692,0,20,4,-176,-436,0,0,4,4,-46770485371692,-436
2217,0x557414aa5350,R,0x7ffdaed52300,1,4,4,340,440,-16,0,46770485371696,4,0,-4,4,440,208,4,-16,-4,0,0,-12,4,-12,-4,4,0,-180,4,0,-4,-12,0,-46770485371696,4
2218,0x557414aa5350,W,0x7ffdaed52300,1,0,4,340,-4,-4,0,12,4,12,-4,0,440,208,0,-4,-4,0,-440,-46770485371696,4,16,-4,4,-440,-4,4,0,-4,-12,-440,-12,4
2220,0x557414aa5354,R,0x7ffdaed52300,1,0,0,4,-4,-4,440,-16,4,46770485371696,-4,0,440,4,0,-4,4,-12,-440,-12,4,16,0,-180,-440,0,4,0,0,-46770485371696,-440,16,4
2222,0x557414aa5357,R,0x7ffdaed522f4,1,-12,-12,-8,-8,328,428,-28,-12,0,-16,0,428,-12,-12,196,-8,-46770485371684,-428,0,8,16,12,8,-428,12,8,0,12,0,-428,16,16
2225,0x557414aa5334,W,0x7ffdaed52148,1,-428,-440,-440,-436,-100,-444,-444,-440,-428,-436,46770485371256,0,-440,-440,-436,-436,-46770485371256,444,456,436,260,440,436,444,440,436,-46770485371256,440,456,0,128,444
2228,0x557414aa50f4,R,0x557414aa7fd0,1,-46770485371684,-46770485371256,-46770485371696,-46770485371692,-46770485371692,-46770485371700,-46770485371700,-46770485371256,-46770485371712,-46770485371692,0,-46770485371700,-46770485371684,-46770485371696,-46770485371696,-46770485371692,46770485371684,46770485371700,46770485371700,46770485371692,46770485371516,46770485371256,46770485371696,46770485371700,46770485371684,46770485371692,46770485371684,46770485371696,46770485371700,46770485371256,46770485371384,46770485371692
2231,0x557414aa533a,R,0x7ffdaed522f4,1,46770485371684,428,-12,-12,-12,-16,328,428,-28,-12,0,-16,0,428,-12,-8,28,16,16,12,8,-428,12,16,-46770485371684,8,28,12,16,16,8,8
2233,0x557414aa533d,W,0x7ffdaed52304,1,16,444,16,4,4,8,8,444,0,4,16,8,46770485371700,444,4,4,12,-8,-184,-4,-4,-444,-16,0,-16,-8,12,-444,-316,0,-8,-4
2235,0x557414aa5340,R,0x7ffdaed52310,1,28,12,46770485371712,16,16,20,20,12,356,16,0,20,46770485371712,12,28,16,-12,-20,-20,-16,-16,-456,-46770485371712,-12,-28,-16,-12,-456,-328,-20,-16,-16
2237,0x557414aa5344,R,0x7ffdaed52304,1,-12,0,46770485371700,444,16,8,4,0,344,444,0,8,16,0,16,444,-184,-8,-4,-4,-16,-444,-46770485371700,-8,12,-4,0,0,-8,-8,-4,-4
2240,0x557414aa534a,R,0x7ffdaed5224c,1,-184,-184,-168,260,-168,-180,-180,-184,-176,260,-184,-180,-196,-184,46770485371516,260,176,176,180,180,168,184,168,176,196,-260,-132,184,180,176,180,-260
2242,0x557414aa534d,R,0x7ffdaed522fc,1,176,-8,-20,436,46770485371692,-4,-4,0,-4,436,336,-4,-20,0,8,436,4,0,4,-436,-46770485371692,8,-8,4,8,-436,0,8,4,4,-8,-436
2243,0x557414aa534d,W,0x7ffdaed522fc,1,0,-8,-8,436,8,-4,8,0,-4,-8,0,-4,-8,0,8,-8,4,4,-8,-436,-46770485371692,0,20,4,-308,-436,0,0,4,4,-46770485371692,-436
2245,0x557414aa5350,R,0x7ffdaed52300,1,4,4,180,440,-16,0,46770485371696,4,0,-4,4,440,340,4,-16,-4,0,0,-12,4,-12,-4,4,0,-312,4,0,-4,-12,0,-46770485371696,4
2246,0x557414aa5350,W,0x7ffdaed52300,1,0,4,180,-4,-4,0,12,4,12,-4,0,440,340,0,-4,-4,0,-440,-46770485371696,4,16,-4,4,-440,-4,4,0,-4,-12,-440,-12,4
2248,0x557414aa5354,R,0x7ffdaed52300,1,0,0,4,-4,-4,440,-16,4,46770485371696,-4,0,440,4,0,-4,4,-12,-440,-12,4,16,0,-312,-440,0,4,0,0,-46770485371696,-440,16,4
2250,0x557414aa5357,R,0x7ffdaed522f4,1,-12,-12,-8,-8,168,428,-28,-12,0,-16,0,428,-12,-12,328,-8,-46770485371684,-428,0,8,16,12,8,-428,12,8,0,12,0,-428,16,16
2253,0x557414aa5334,W,0x7ffdaed52148,1,-428,-440,-440,-436,-260,-444,-444,-440,-428,-436,46770485371256,0,-440,-440,-436,-436,-46770485371256,444,456,436,128,440,436,444,440,436,-46770485371256,440,456,0,136,444
2256,0x557414aa50f4,R,0x557414aa7fd0,1,-46770485371684,-46770485371256,-46770485371696,-46770485371692,-46770485371692,-46770485371700,-46770485371700,-46770485371256,-46770485371712,-46770485371692,0,-46770485371700,-46770485371684,-46770485371696,-46770485371696,-46770485371692,46770485371684,46770485371700,46770485371700,46770485371692,46770485371384,46770485371256,46770485371696,46770485371700,46770485371684,46770485371692,46770485371684,46770485371696,46770485371700,46770485371256,46770485371392,46770485371692
2259,0x557414aa533a,R,0x7ffdaed522f4,1,46770485371684,428,-12,-12,-12,-16,168,428,-28,-12,0,-16,0,428,-12,-8,28,16,16,12,8,-428,12,16,-46770485371684,8,28,12,16,16,8,8
2261,0x557414aa533d,W,0x7ffdaed52304,1,16,444,16,4,4,8,8,444,0,4,16,8,46770485371700,444,4,4,12,-8,-316,-4,-4,-444,-16,0,-16,-8,12,-444,-308,0,-8,-4
2263,0x557414aa5340,R,0x7ffdaed52310,1,28,12,46770485371712,16,16,20,20,12,196,16,0,20,46770485371712,12,28,16,-12,-20,-20,-16,-16,-456,-46770485371712,-12,-28,-16,-12,-456,-320,-20,-16,-16
2265,0x557414aa5344,R,0x7ffdaed52304,1,-12,0,46770485371700,444,16,8,4,0,184,444,0,8,16,0,16,444,-316,-8,-4,-4,-16,-444,-46770485371700,-8,12,-4,0,0,-8,-8,-4,-4
2268,0x557414aa534a,R,0x7ffdaed521c8,1,-316,-316,-300,128,-300,-312,-312,-316,-308,128,-316,-312,-328,-316,46770485371384,128,308,308,312,312,300,316,300,308,328,-128,8,316,312,308,312,-128
2270,0x557414aa534d,R,0x7ffdaed522fc,1,308,-8,-20,436,46770485371692,-4,-4,0,-4,436,176,-4,-20,0,8,436,4,0,4,-436,-46770485371692,8,-8,4,8,-436,0,8,4,4,-8,-436
2271,0x557414aa534d,W,0x7ffdaed522fc,1,0,-8,-8,436,8,-4,8,0,-4,-8,0,-4,-8,0,8,-8,4,4,-8,-436,-46770485371692,0,20,4,-300,-436,0,0,4,4,-46770485371692,-436
2273,0x557414aa5350,R,0x7ffdaed52300,1,4,4,312,440,-16,0,46770485371696,4,0,-4,4,440,180,4,-16,-4,0,0,-12,4,-12,-4,4,0,-304,4,0,-4,-12,0,-46770485371696,4
2274,0x557414aa5350,W,0x7ffdaed52300,1,0,4,312,-4,-4,0,12,4,12,-4,0,440,180,0,-4,-4,0,-440,-46770485371696,4,16,-4,4,-440,-4,4,0,-4,-12,-440,-12,4
2276,0x557414aa5354,R,0x7ffdaed52300,1,0,0,4,-4,-4,440,-16,4,46770485371696,-4,0,440,4,0,-4,4,-12,-440,-12,4,16,0,-304,-440,0,4,0,0,-46770485371696,-440,16,4
2278,0x557414aa5357,R,0x7ffdaed522f4,1,-12,-12,-8,-8,300,428,-28,-12,0,-16,0,428,-12,-12,168,-8,-46770485371684,-428,0,8,16,12,8,-428,12,8,0,12,0,-428,16,16
2281,0x557414aa5334,W,0x7ffdaed52148,1,-428,-440,-440,-436,-128,-444,-444,-440,-428,-436,46770485371256,0,-440,-440,-436,-436,-46770485371256,444,456,436,136,440,436,444,440,436,-46770485371256,440,456,0,316,444
2284,0x557414aa50f4,R,0x557414aa7fd0,1,-46770485371684,-46770485371256,-46770485371696,-46770485371692,-46770485371692,-46770485371700,-46770485371700,-46770485371256,-46770485371712,-46770485371692,0,-46770485371700,-46770485371684,-46770485371696,-46770485371696,-46770485371692,46770485371684,46770485371700,46770485371700,46770485371692,46770485371392,46770485371256,46770485371696,46770485371700,46770485371684,46770485371692,46770485371684,46770485371696,46770485371700,46770485371256,46770485371572,46770485371692
2287,0x557414aa533a,R,0x7ffdaed522f4,1,46770485371684,428,-12,-12,-12,-16,300,428,-28,-12,0,-16,0,428,-12,-8,28,16,16,12,8,-428,12,16,-46770485371684,8,28,12,16,16,8,8
2289,0x557414aa533d,W,0x7ffdaed52304,1,16,444,16,4,4,8,8,444,0,4,16,8,46770485371700,444,4,4,12,-8,-308,-4,-4,-444,-16,0,-16,-8,12,-444,-128,0,-8,-4
2291,0x557414aa5340,R,0x7ffdaed52310,1,28,12,46770485371712,16,16,20,20,12,328,16,0,20,46770485371712,12,28,16,-12,-20,-20,-16,-16,-456,-46770485371712,-12,-28,-16,-12,-456,-140,-20,-16,-16
2293,0x557414aa5344,R,0x7ffdaed52304,1,-12,0,46770485371700,444,16,8,4,0,316,444,0,8,16,0,16,444,-308,-8,-4,-4,-16,-444,-46770485371700,-8,12,-4,0,0,-8,-8,-4,-4
2296,0x557414aa534a,R,0x7ffdaed521d0,1,-308,-308,-292,136,-292,-304,-304,-308,-300,136,-308,-304,-320,-308,46770485371392,136,300,300,304,304,292,308,292,300,320,-136,180,308,304,300,304,-136
2298,0x557414aa534d,R,0x7ffdaed522fc,1,300,-8,-20,436,46770485371692,-4,-4,0,-4,436,308,-4,-20,0,8,436,4,0,4,-436,-46770485371692,8,-8,4,8,-436,0,8,4,4,-8,-436
2299,0x557414aa534d,W,0x7ffdaed522fc,1,0,-8,-8,436,8,-4,8,0,-4,-8,0,-4,-8,0,8,-8,4,4,-8,-436,-46770485371692,0,20,4,-120,-436,0,0,4,4,-46770485371692,-436
2301,0x557414aa5350,R,0x7ffdaed52300,1,4,4,304,440,-16,0,46770485371696,4,0,-4,4,440,312,4,-16,-4,0,0,-12,4,-12,-4,4,0,-124,4,0,-4,-12,0,-46770485371696,4
2302,0x557414aa5350,W,0x7ffdaed52300,1,0,4,304,-4,-4,0,12,4,12,-4,0,440,312,0,-4,-4,0,-440,-46770485371696,4,16,-4,4,-440,-4,4,0,-4,-12,-440,-12,4
2304,0x557414aa5354,R,0x7ffdaed52300,1,0,0,4,-4,-4,440,-16,4,46770485371696,-4,0,440,4,0,-4,4,-12,-440,-12,4,16,0,-124,-440,0,4,0,0,-46770485371696,-440,16,4
2306,0x557414aa5357,R,0x7ffdaed522f4,1,-12,-12,-8,-8,292,428,-28,-12,0,-16,0,428,-12,-12,300,-8,-46770485371684,-428,0,8,16,12,8,-428,12,8,0,12,0,-428,16,16
2309,0x557414aa5334,W,0x7ffdaed52148,1,-428,-440,-440,-436,-136,-444,-444,-440,-428,-436,46770485371256,0,-440,-440,-436,-436,-46770485371256,444,456,436,316,440,436,444,440,436,-46770485371256,440,456,0,404,444
2312,0x557414aa50f4,R,0x557414aa7fd0,1,-46770485371684,-46770485371256,-46770485371696,-46770485371692,-46770485371692,-46770485371700,-46770485371700,-46770485371256,-46770485371712,-46770485371692,0,-46770485371700,-46770485371684,-46770485371696,-46770485371696,-46770485371692,46770485371684,46770485371700,46770485371700,46770485371692,46770485371572,46770485371256,46770485371696,46770485371700,46770485371684,46770485371692,46770485371684,46770485371696,46770485371700,46770485371256,46770485371660,46770485371692
2315,0x557414aa533a,R,0x7ffdaed522f4,1,46770485371684,428,-12,-12,-12,-16,292,428,-28,-12,0,-16,0,428,-12,-8,28,16,16,12,8,-428,12,16,-46770485371684,8,28,12,16,16,8,8
2317,0x557414aa533d,W,0x7ffdaed52304,1,16,444,16,4,4,8,8,444,0,4,16,8,46770485371700,444,4,4,12,-8,-128,-4,-4,-444,-16,0,-16,-8,12,-444,-40,0,-8,-4
2319,0x557414aa5340,R,0x7ffdaed52310,1,28,12,46770485371712,16,16,20,20,12,320,16,0,20,46770485371712,12,28,16,-12,-20,-20,-16,-16,-456,-46770485371712,-12,-28,-16,-12,-456,-52,-20,-16,-16
2321,0x557414aa5344,R,0x7ffdaed52304,1,-12,0,46770485371700,444,16,8,4,0,308,444,0,8,16,0,16,444,-128,-8,-4,-4,-16,-444,-46770485371700,-8,12,-4,0,0,-8,-8,-4,-4
2324,0x557414aa534a,R,0x7ffdaed52284,1,-128,-128,-112,316,-112,-124,-124,-128,-120,316,-128,-124,-140,-128,46770485371572,316,120,120,124,124,112,128,112,120,140,-316,88,128,124,120,124,-316
2326,0x557414aa534d,R,0x7ffdaed522fc,1,120,-8,-20,436,46770485371692,-4,-4,0,-4,436,300,-4,-20,0,8,436,4,0,4,-436,-46770485371692,8,-8,4,8,-436,0,8,4,4,-8,-436
2327,0x557414aa534d,W,0x7ffdaed522fc,1,0,-8,-8,436,8,-4,8,0,-4,-8,0,-4,-8,0,8,-8,4,4,-8,-436,-46770485371692,0,20,4,-32,-436,0,0,4,4,-46770485371692,-436
2329,0x557414aa5350,R,0x7ffdaed52300,1,4,4,124,440,-16,0,46770485371696,4,0,-4,4,440,304,4,-16,-4,0,0,-12,4,-12,-4,4,0,-36,4,0,-4,-12,0,-46770485371696,4
2330,0x557414aa5350,W,0x7ffdaed52300,1,0,4,124,-4,-4,0,12,4,12,-4,0,440,304,0,-4,-4,0,-440,-46770485371696,4,16,-4,4,-440,-4,4,0,-4,-12,-440,-12,4
2332,0x557414aa5354,R,0x7ffdaed52300,1,0,0,4,-4,-4,440,-16,4,46770485371696,-4,0,440,4,0,-4,4,-12,-440,-12,4,16,0,-36,-440,0,4,0,0,-46770485371696,-440,16,4
2334,0x557414aa5357,R,0x7ffdaed522f4,1,-12,-12,-8,-8,112,428,-28,-12,0,-16,0,428,-12,-12,292,-8,-46770485371684,-428,0,8,16,12,8,-428,12,8,0,12,0,-428,16,16
2337,0x557414aa5334,W,0x7ffdaed52148,1,-428,-440,-440,-436,-316,-444,-444,-440,-428,-436,46770485371256,0,-440,-440,-436,-436,-46770485371256,444,456,436,404,440,436,444,440,436,-46770485371256,440,456,0,356,444
2340,0x557414aa50f4,R,0x557414aa7fd0,1,-46770485371684,-46770485371256,-46770485371696,-46770485371692,-46770485371692,-46770485371700,-46770485371700,-46770485371256,-46770485371712,-46770485371692,0,-46770485371700,-46770485371684,-46770485371696,-46770485371696,-46770485371692,46770485371684,46770485371700,46770485371700,46770485371692,46770485371660,46770485371256,46770485371696,46770485371700,46770485371684,46770485371692,46770485371684,46770485371696,46770485371700,46770485371256,46770485371612,46770485371692
2343,0x557414aa533a,R,0x7ffdaed522f4,1,46770485371684,428,-12,-12,-12,-16,112,428,-28,-12,0,-16,0,428,-12,-8,28,16,16,12,8,-428,12,16,-46770485371684,8,28,12,16,16,8,8
2345,0x557414aa533d,W,0x7ffdaed52304,1,16,444,16,4,4,8,8,444,0,4,16,8,46770485371700,444,4,4,12,-8,-40,-4,-4,-444,-16,0,-16,-8,12,-444,-88,0,-8,-4
2347,0x557414aa5340,R,0x7ffdaed52310,1,28,12,46770485371712,16,16,20,20,12,140,16,0,20,46770485371712,12,28,16,-12,-20,-20,-16,-16,-456,-46770485371712,-12,-28,-16,-12,-456,-100,-20,-16,-16
2349,0x557414aa5344,R,0x7ffdaed52304,1,-12,0,46770485371700,444,16,8,4,0,128,444,0,8,16,0,16,444,-40,-8,-4,-4,-16,-444,-46770485371700,-8,12,-4,0,0,-8,-8,-4,-4
2352,0x557414aa534a,R,0x7ffdaed522dc,1,-40,-40,-24,404,-24,-36,-36,-40,-32,404,-40,-36,-52,-40,46770485371660,404,32,32,36,36,24,40,24,32,52,-404,-48,40,36,32,36,-404
2354,0x557414aa534d,R,0x7ffdaed522fc,1,32,-8,-20,436,46770485371692,-4,-4,0,-4,436,120,-4,-20,0,8,436,4,0,4,-436,-46770485371692,8,-8,4,8,-436,0,8,4,4,-8,-436
2355,0x557414aa534d,W,0x7ffdaed522fc,1,0,-8,-8,436,8,-4,8,0,-4,-8,0,-4,-8,0,8,-8,4,4,-8,-436,-46770485371692,0,20,4,-80,-436,0,0,4,4,-46770485371692,-436
2357,0x557414aa5350,R,0x7ffdaed52300,1,4,4,36,440,-16,0,46770485371696,4,0,-4,4,440,124,4,-16,-4,0,0,-12,4,-12,-4,4,0,-84,4,0,-4,-12,0,-46770485371696,4
2358,0x557414aa5350,W,0x7ffdaed52300,1,0,4,36,-4,-4,0,12,4,12,-4,0,440,124,0,-4,-4,0,-440,-46770485371696,4,16,-4,4,-440,-4,4,0,-4,-12,-440,-12,4
2360,0x557414aa5354,R,0x7ffdaed52300,1,0,0,4,-4,-4,440,-16,4,46770485371696,-4,0,440,4,0,-4,4,-12,-440,-12,4,16,0,-84,-440,0,4,0,0,-46770485371696,-440,16,4
2362,0x557414aa5357,R,0x7ffdaed522f4,1,-12,-12,-8,-8,24,428,-28,-12,0,-16,0,428,-12,-12,112,-8,-46770485371684,-428,0,8,16,12,8,-428,12,8,0,12,0,-428,16,16
2365,0x557414aa5334,W,0x7ffdaed52148,1,-428,-440,-440,-436,-404,-444,-444,-440,-428,-436,46770485371256,0,-440,-440,-436,-436,-46770485371256,444,456,436,356,440,436,444,440,436,-46770485371256,440,456,0,64,444
2368,0x557414aa50f4,R,0x557414aa7fd0,1,-46770485371684,-46770485371256,-46770485371696,-46770485371692,-46770485371692,-46770485371700,-46770485371700,-46770485371256,-46770485371712,-46770485371692,0,-46770485371700,-46770485371684,-46770485371696,-46770485371696,-46770485371692,46770485371684,46770485371700,46770485371700,46770485371692,46770485371612,46770485371256,46770485371696,46770485371700,46770485371684,46770485371692,46770485371684,46770485371696,46770485371700,46770485371256,46770485371320,46770485371692
2371,0x557414aa533a,R,0x7ffdaed522f4,1,46770485371684,428,-12,-12,-12,-16,24,428,-28,-12,0,-16,0,428,-12,-8,28,16,16,12,8,-428,12,16,-46770485371684,8,28,12,16,16,8,8
2373,0x557414aa533d,W,0x7ffdaed52304,1,16,444,16,4,4,8,8,444,0,4,16,8,46770485371700,444,4,4,12,-8,-88,-4,-4,-444,-16,0,-16,-8,12,-444,-380,0,-8,-4
2375,0x557414aa5340,R,0x7ffdaed52310,1,28,12,46770485371712,16,16,20,20,12,52,16,0,20,46770485371712,12,28,16,-12,-20,-20,-16,-16,-456,-46770485371712,-12,-28,-16,-12,-456,-392,-20,-16,-16
2377,0x557414aa5344,R,0x7ffdaed52304,1,-12,0,46770485371700,444,16,8,4,0,40,444,0,8,16,0,16,444,-88,-8,-4,-4,-16,-444,-46770485371700,-8,12,-4,0,0,-8,-8,-4,-4
2380,0x557414aa534a,R,0x7ffdaed522ac,1,-88,-88,-72,356,-72,-84,-84,-88,-80,356,-88,-84,-100,-88,46770485371612,356,80,80,84,84,72,88,72,80,100,-356,-292,88,84,80,84,-356
2382,0x557414aa534d,R,0x7ffdaed522fc,1,80,-8,-20,436,46770485371692,-4,-4,0,-4,436,32,-4,-20,0,8,436,4,0,4,-436,-46770485371692,8,-8,4,8,-436,0,8,4,4,-8,-436
2383,0x557414aa534d,W,0x7ffdaed522fc,1,0,-8,-8,436,8,-4,8,0,-4,-8,0,-4,-8,0,8,-8,4,4,-8,-436,-46770485371692,0,20,4,-372,-436,0,0,4,4,-46770485371692,-436
2385,0x557414aa5350,R,0x7ffdaed52300,1,4,4,84,440,-16,0,46770485371696,4,0,-4,4,440,36,4,-16,-4,0,0,-12,4,-12,-4,4,0,-376,4,0,-4,-12,0,-46770485371696,4
2386,0x557414aa5350,W,0x7ffdaed52300,1,0,4,84,-4,-4,0,12,4,12,-4,0,440,36,0,-4,-4,0,-440,-46770485371696,4,16,-4,4,-440,-4,4,0,-4,-12,-440,-12,4
2388,0x557414aa5354,R,0x7ffdaed52300,1,0,0,4,-4,-4,440,-16,4,46770485371696,-4,0,440,4,0,-4,4,-12,-440,-12,4,16,0,-376,-440,0,4,0,0,-46770485371696,-440,16,4
2390,0x557414aa5357,R,0x7ffdaed522f4,1,-12,-12,-8,-8,72,428,-28,-12,0,-16,0,428,-12,-12,24,-8,-46770485371684,-428,0,8,16,12,8,-428,12,8,0,12,0,-428,16,16
2393,0x557414aa5334,W,0x7ffdaed52148,1,-428,-440,-440,-436,-356,-444,-444,-440,-428,-436,46770485371256,0,-440,-440,-436,-436,-46770485371256,444,456,436,64,440,436,444,440,436,-46770485371256,440,456,0,356,444
2396,0x557414aa50f4,R,0x557414aa7fd0,1,-46770485371684,-46770485371256,-46770485371696,-46770485371692,-46770485371692,-46770485371700,-46770485371700,-46770485371256,-46770485371712,-46770485371692,0,-46770485371700,-46770485371684,-46770485371696,-46770485371696,-46770485371692,46770485371684,46770485371700,46770485371700,46770485371692,46770485371320,46770485371256,46770485371696,46770485371700,46770485371684,46770485371692,46770485371684,46770485371696,46770485371700,46770485371256,46770485371612,46770485371692
2399,0x557414aa533a,R,0x7ffdaed522f4,1,46770485371684,428,-12,-12,-12,-16,72,428,-28,-12,0,-16,0,428,-12,-8,28,16,16,12,8,-428,12,16,-46770485371684,8,28,12,16,16,8,8
2401,0x557414aa533d,W,0x7ffdaed52304,1,16,444,16,4,4,8,8,444,0,4,16,8,46770485371700,444,4,4,12,-8,-380,-4,-4,-444,-16,0,-16,-8,12,-444,-88,0,-8,-4
2403,0x557414aa5340,R,0x7ffdaed52310,1,28,12,46770485371712,16,16,20,20,12,100,16,0,20,46770485371712,12,28,16,-12,-20,-20,-16,-16,-456,-46770485371712,-12,-28,-16,-12,-456,-100,-20,-16,-16
2405,0x557414aa5344,R,0x7ffdaed52304,1,-12,0,46770485371700,444,16,8,4,0,88,444,0,8,16,0,16,444,-380,-8,-4,-4,-16,-444,-46770485371700,-8,12,-4,0,0,-8,-8,-4,-4
2408,0x557414aa534a,R,0x7ffdaed52188,1,-380,-380,-364,64,-364,-376,-376,-380,-372,64,-380,-376,-392,-380,46770485371320,64,372,372,376,376,364,380,364,372,392,-64,292,380,376,372,376,-64
2410,0x557414aa534d,R,0x7ffdaed522fc,1,372,-8,-20,436,46770485371692,-4,-4,0,-4,436,80,-4,-20,0,8,436,4,0,4,-436,-46770485371692,8,-8,4,8,-436,0,8,4,4,-8,-436
2411,0x557414aa534d,W,0x7ffdaed522fc,1,0,-8,-8,436,8,-4,8,0,-4,-8,0,-4,-8,0,8,-8,4,4,-8,-436,-46770485371692,0,20,4,-80,-436,0,0,4,4,-46770485371692,-436
2413,0x557414aa5350,R,0x7ffdaed52300,1,4,4,376,440,-16,0,46770485371696,4,0,-4,4,440,84,4,-16,-4,0,0,-12,4,-12,-4,4,0,-84,4,0,-4,-12,0,-46770485371696,4
2414,0x557414aa5350,W,0x7ffdaed52300,1,0,4,376,-4,-4,0,12,4,12,-4,0,440,84,0,-4,-4,0,-440,-46770485371696,4,16,-4,4,-440,-4,4,0,-4,-12,-440,-12,4
2416,0x557414aa5354,R,0x7ffdaed52300,1,0,0,4,-4,-4,440,-16,4,46770485371696,-4,0,440,4,0,-4,4,-12,-440,-12,4,16,0,-84,-440,0,4,0,0,-46770485371696,-440,16,4
2418,0x557414aa5357,R,0x7ffdaed522f4,1,-12,-12,-8,-8,364,428,-28,-12,0,-16,0,428,-12,-12,72,-8,-46770485371684,-428,0,8,16,12,8,-428,12,8,0,12,0,-428,16,16
2421,0x557414aa5334,W,0x7ffdaed52148,1,-428,-440,-440,-436,-64,-444,-444,-440,-428,-436,46770485371256,0,-440,-440,-436,-436,-46770485371256,444,456,436,356,440,436,444,440,436,-46770485371256,440,456,0,400,444
2424,0x557414aa50f4,R,0x557414aa7fd0,1,-46770485371684,-46770485371256,-46770485371696,-46770485371692,-46770485371692,-46770485371700,-46770485371700,-46770485371256,-46770485371712,-46770485371692,0,-46770485371700,-46770485371684,-46770485371696,-46770485371696,-46770485371692,46770485371684,46770485371700,46770485371700,46770485371692,46770485371612,46770485371256,46770485371696,46770485371700,46770485371684,46770485371692,46770485371684,46770485371696,46770485371700,46770485371256,46770485371656,46770485371692
2427,0x557414aa533a,R,0x7ffdaed522f4,1,46770485371684,428,-12,-12,-12,-16,364,428,-28,-12,0,-16,0,428,-12,-8,28,16,16,12,8,-428,12,16,-46770485371684,8,28,12,16,16,8,8
2429,0x557414aa533d,W,0x7ffdaed52304,1,16,444,16,4,4,8,8,444,0,4,16,8,46770485371700,444,4,4,12,-8,-88,-4,-4,-444,-16,0,-16,-8,12,-444,-44,0,-8,-4
2431,0x557414aa5340,R,0x7ffdaed52310,1,28,12,46770485371712,16,16,20,20,12,392,16,0,20,46770485371712,12,28,16,-12,-20,-20,-16,-16,-456,-46770485371712,-12,-28,-16,-12,-456,-56,-20,-16,-16
2433,0x557414aa5344,R,0x7ffdaed52304,1,-12,0,46770485371700,444,16,8,4,0,380,444,0,8,16,0,16,444,-88,-8,-4,-4,-16,-444,-46770485371700,-8,12,-4,0,0,-8,-8,-4,-4
2436,0x557414aa534a,R,0x7ffdaed522ac,1,-88,-88,-72,356,-72,-84,-84,-88,-80,356,-88,-84,-100,-88,46770485371612,356,80,80,84,84,72,88,72,80,100,-356,44,88,84,80,84,-356
2438,0x557414aa534d,R,0x7ffdaed522fc,1,80,-8,-20,436,46770485371692,-4,-4,0,-4,436,372,-4,-20,0,8,436,4,0,4,-436,-46770485371692,8,-8,4,8,-436,0,8,4,4,-8,-436
2439,0x557414aa534d,W,0x7ffdaed522fc,1,0,-8,-8,436,8,-4,8,0,-4,-8,0,-4,-8,0,8,-8,4,4,-8,-436,-46770485371692,0,20,4,-36,-436,0,0,4,4,-46770485371692,-436
2441,0x557414aa5350,R,0x7ffdaed52300,1,4,4,84,440,-16,0,46770485371696,4,0,-4,4,440,376,4,-16,-4,0,0,-12,4,-12,-4,4,0,-40,4,0,-4,-12,0,-46770485371696,4
2442,0x557414aa5350,W,0x7ffdaed52300,1,0,4,84,-4,-4,0,12,4,12,-4,0,440,376,0,-4,-4,0,-440,-46770485371696,4,16,-4,4,-440,-4,4,0,-4,-12,-440,-12,4
2444,0x557414aa5354,R,0x7ffdaed52300,1,0,0,4,-4,-4,440,-16,4,46770485371696,-4,0,440,4,0,-4,4,-12,-440,-12,4,16,0,-40,-440,0,4,0,0,-46770485371696,-440,16,4
2446,0x557414aa5357,R,0x7ffdaed522f4,1,-12,-12,-8,-8,72,428,-28,-12,0,-16,0,428,-12,-12,364,-8,-46770485371684,-428,0,8,16,12,8,-428,12,8,0,12,0,-428,16,16
2449,0x557414aa5334,W,0x7ffdaed52148,1,-428,-440,-440,-436,-356,-444,-444,-440,-428,-436,46770485371256,0,-440,-440,-436,-436,-46770485371256,444,456,436,400,440,436,444,440,436,-46770485371256,440,456,0,120,444
2452,0x557414aa50f4,R,0x557414aa7fd0,1,-46770485371684,-46770485371256,-46770485371696,-46770485371692,-46770485371692,-46770485371700,-46770485371700,-46770485371256,-46770485371712,-46770485371692,0,-46770485371700,-46770485371684,-46770485371696,-46770485371696,-46770485371692,46770485371684,46770485371700,46770485371700,46770485371692,46770485371656,46770485371256,46770485371696,46770485371700,46770485371684,46770485371692,46770485371684,46770485371696,46770485371700,46770485371256,46770485371376,46770485371692
2455,0x557414aa533a,R,0x7ffdaed522f4,1,46770485371684,428,-12,-12,-12,-16,72,428,-28,-12,0,-16,0,428,-12,-8,28,16,16,12,8,-428,12,16,-46770485371684,8,28,12,16,16,8,8
2457,0x557414aa533d,W,0x7ffdaed52304,1,16,444,16,4,4,8,8,444,0,4,16,8,46770485371700,444,4,4,12,-8,-44,-4,-4,-444,-16,0,-16,-8,12,-444,-324,0,-8,-4
2459,0x557414aa5340,R,0x7ffdaed52310,1,28,12,46770485371712,16,16,20,20,12,100,16,0,20,46770485371712,12,28,16,-12,-20,-20,-16,-16,-456,-46770485371712,-12,-28,-16,-12,-456,-336,-20,-16,-16
2461,0x557414aa5344,R,0x7ffdaed52304,1,-12,0,46770485371700,444,16,8,4,0,88,444,0,8,16,0,16,444,-44,-8,-4,-4,-16,-444,-46770485371700,-8,12,-4,0,0,-8,-8,-4,-4
2464,0x557414aa534a,R,0x7ffdaed522d8,1,-44,-44,-28,400,-28,-40,-40,-44,-36,400,-44,-40,-56,-44,46770485371656,400,36,36,40,40,28,44,28,36,56,-400,-280,44,40,36,40,-400
2466,0x557414aa534d,R,0x7ffdaed522fc,1,36,-8,-20,436,46770485371692,-4,-4,0,-4,436,80,-4,-20,0,8,436,4,0,4,-436,-46770485371692,8,-8,4,8,-436,0,8,4,4,-8,-436
2467,0x557414aa534d,W,0x7ffdaed522fc,1,0,-8,-8,436,8,-4,8,0,-4,-8,0,-4,-8,0,8,-8,4,4,-8,-436,-46770485371692,0,20,4,-316,-436,0,0,4,4,-46770485371692,-436
2469,0x557414aa5350,R,0x7ffdaed52300,1,4,4,40,440,-16,0,46770485371696,4,0,-4,4,440,84,4,-16,-4,0,0,-12,4,-12,-4,4,0,-320,4,0,-4,-12,0,-46770485371696,4
2470,0x557414aa5350,W,0x7ffdaed52300,1,0,4,40,-4,-4,0,12,4,12,-4,0,440,84,0,-4,-4,0,-440,-46770485371696,4,16,-4,4,-440,-4,4,0,-4,-12,-440,-12,4
2472,0x557414aa5354,R,0x7ffdaed52300,1,0,0,4,-4,-4,440,-16,4,46770485371696,-4,0,440,4,0,-4,4,-12,-440,-12,4,16,0,-320,-440,0,4,0,0,-46770485371696,-440,16,4
2474,0x557414aa5357,R,0x7ffdaed522f4,1,-12,-12,-8,-8,28,428,-28,-12,0,-16,0,428,-12,-12,72,-8,-46770485371684,-428,0,8,16,12,8,-428,12,8,0,12,0,-428,16,16
2477,0x557414aa5334,W,0x7ffdaed52148,1,-428,-440,-440,-436,-400,-444,-444,-440,-428,-436,46770485371256,0,-440,-440,-436,-436,-46770485371256,444,456,436,120,440,436,444,440,436,-46770485371256,440,456,0,220,444
2480,0x557414aa50f4,R,0x557414aa7fd0,1,-46770485371684,-46770485371256,-46770485371696,-46770485371692,-46770485371692,-46770485371700,-46770485371700,-46770485371256,-46770485371712,-46770485371692,0,-46770485371700,-46770485371684,-46770485371696,-46770485371696,-46770485371692,46770485371684,46770485371700,46770485371700,46770485371692,46770485371376,46770485371256,46770485371696,46770485371700,46770485371684,46770485371692,46770485371684,46770485371696,46770485371700,46770485371256,46770485371476,46770485371692
2483,0x557414aa533a,R,0x7ffdaed522f4,1,46770485371684,428,-12,-12,-12,-16,28,428,-28,-12,0,-16,0,428,-12,-8,28,16,16,12,8,-428,12,16,-46770485371684,8,28,12,16,16,8,8
2485,0x557414aa533d,W,0x7ffdaed52304,1,16,444,16,4,4,8,8,444,0,4,16,8,46770485371700,444,4,4,12,-8,-324,-4,-4,-444,-16,0,-16,-8,12,-444,-224,0,-8,-4
2487,0x557414aa5340,R,0x7ffdaed52310,1,28,12,46770485371712,16,16,20,20,12,56,16,0,20,46770485371712,12,28,16,-12,-20,-20,-16,-16,-456,-46770485371712,-12,-28,-16,-12,-456,-236,-20,-16,-16
2489,0x557414aa5344,R,0x7ffdaed52304,1,-12,0,46770485371700,444,16,8,4,0,44,444,0,8,16,0,16,444,-324,-8,-4,-4,-16,-444,-46770485371700,-8,12,-4,0,0,-8,-8,-4,-4
2492,0x557414aa534a,R,0x7ffdaed521c0,1,-324,-324,-308,120,-308,-320,-320,-324,-316,120,-324,-320,-336,-324,46770485371376,120,316,316,320,320,308,324,308,316,336,-120,100,324,320,316,320,-120
2494,0x557414aa534d,R,0x7ffdaed522fc,1,316,-8,-20,436,46770485371692,-4,-4,0,-4,436,36,-4,-20,0,8,436,4,0,4,-436,-46770485371692,8,-8,4,8,-436,0,8,4,4,-8,-436
2495,0x557414aa534d,W,0x7ffdaed522fc,1,0,-8,-8,436,8,-4,8,0,-4,-8,0,-4,-8,0,8,-8,4,4,-8,-436,-46770485371692,0,20,4,-216,-436,0,0,4,4,-46770485371692,-436
2497,0x557414aa5350,R,0x7ffdaed52300,1,4,4,320,440,-16,0,46770485371696,4,0,-4,4,440,40,4,-16,-4,0,0,-12,4,-12,-4,4,0,-220,4,0,-4,-12,0,-46770485371696,4
2498,0x557414aa5350,W,0x7ffdaed52300,1,0,4,320,-4,-4,0,12,4,12,-4,0,440,40,0,-4,-4,0,-440,-46770485371696,4,16,-4,4,-440,-4,4,0,-4,-12,-440,-12,4
2500,0x557414aa5354,R,0x7ffdaed52300,1,0,0,4,-4,-4,440,-16,4,46770485371696,-4,0,440,4,0,-4,4,-12,-440,-12,4,16,0,-220,-440,0,4,0,0,-46770485371696,-440,16,4
2502,0x557414aa5357,R,0x7ffdaed522f4,1,-12,-12,-8,-8,308,428,-28,-12,0,-16,0,428,-12,-12,28,-8,-46770485371684,-428,0,8,16,12,8,-428,12,8,0,12,0,-428,16,16
2505,0x557414aa5334,W,0x7ffdaed52148,1,-428,-440,-440,-436,-120,-444,-444,-440,-428,-436,46770485371256,0,-440,-440,-436,-436,-46770485371256,444,456,436,220,440,436,444,440,436,-46770485371256,440,456,0,180,444
2508,0x557414aa50f4,R,0x557414aa7fd0,1,-46770485371684,-46770485371256,-46770485371696,-46770485371692,-46770485371692,-46770485371700,-46770485371700,-46770485371256,-46770485371712,-46770485371692,0,-46770485371700,-46770485371684,-46770485371696,-46770485371696,-46770485371692,46770485371684,46770485371700,46770485371700,46770485371692,46770485371476,46770485371256,46770485371696,46770485371700,46770485371684,46770485371692,46770485371684,46770485371696,46770485371700,46770485371256,46770485371436,46770485371692
2511,0x557414aa533a,R,0x7ffdaed522f4,1,46770485371684,428,-12,-12,-12,-16,308,428,-28,-12,0,-16,0,428,-12,-8,28,16,16,12,8,-428,12,16,-46770485371684,8,28,12,16,16,8,8
2513,0x557414aa533d,W,0x7ffdaed52304,1,16,444,16,4,4,8,8,444,0,4,16,8,46770485371700,444,4,4,12,-8,-224,-4,-4,-444,-16,0,-16,-8,12,-444,-264,0,-8,-4
2515,0x557414aa5340,R,0x7ffdaed52310,1,28,12,46770485371712,16,16,20,20,12,336,16,0,20,46770485371712,12,28,16,-12,-20,-20,-16,-16,-456,-46770485371712,-12,-28,-16,-12,-456,-276,-20,-16,-16
2517,0x557414aa5344,R,0x7ffdaed52304,1,-12,0,46770485371700,444,16,8,4,0,324,444,0,8,16,0,16,444,-224,-8,-4,-4,-16,-444,-46770485371700,-8,12,-4,0,0,-8,-8,-4,-4
2520,0x557414aa534a,R,0x7ffdaed52224,1,-224,-224,-208,220,-208,-220,-220,-224,-216,220,-224,-220,-236,-224,46770485371476,220,216,216,220,220,208,224,208,216,236,-220,-40,224,220,216,220,-220
2522,0x557414aa534d,R,0x7ffdaed522fc,1,216,-8,-20,436,46770485371692,-4,-4,0,-4,436,316,-4,-20,0,8,436,4,0,4,-436,-46770485371692,8,-8,4,8,-436,0,8,4,4,-8,-436
2523,0x557414aa534d,W,0x7ffdaed522fc,1,0,-8,-8,436,8,-4,8,0,-4,-8,0,-4,-8,0,8,-8,4,4,-8,-436,-46770485371692,0,20,4,-256,-436,0,0,4,4,-46770485371692,-436
2525,0x557414aa5350,R,0x7ffdaed52300,1,4,4,220,440,-16,0,46770485371696,4,0,-4,4,440,320,4,-16,-4,0,0,-12,4,-12,-4,4,0,-260,4,0,-4,-12,0,-46770485371696,4
2526,0x557414aa5350,W,0x7ffdaed52300,1,0,4,220,-4,-4,0,12,4,12,-4,0,440,320,0,-4,-4,0,-440,-46770485371696,4,16,-4,4,-440,-4,4,0,-4,-12,-440,-12,4
2528,0x557414aa5354,R,0x7ffdaed52300,1,0,0,4,-4,-4,440,-16,4,46770485371696,-4,0,440,4,0,-4,4,-12,-440,-12,4,16,0,-260,-440,0,4,0,0,-46770485371696,-440,16,4
2530,0x557414aa5357,R,0x7ffdaed522f4,1,-12,-12,-8,-8,208,428,-28,-12,0,-16,0,428,-12,-12,308,-8,-46770485371684,-428,0,8,16,12,8,-428,12,8,0,12,0,-428,16,16
2533,0x557414aa5334,W,0x7ffdaed52148,1,-428,-440,-440,-436,-220,-444,-444,-440,-428,-436,46770485371256,0,-440,-440,-436,-436,-46770485371256,444,456,436,180,440,436,444,440,436,-46770485371256,440,456,0,380,444
2536,0x557414aa50f4,R,0x557414aa7fd0,1,-46770485371684,-46770485371256,-46770485371696,-46770485371692,-46770485371692,-46770485371700,-46770485371700,-46770485371256,-46770485371712,-46770485371692,0,-46770485371700,-46770485371684,-46770485371696,-46770485371696,-46770485371692,46770485371684,46770485371700,46770485371700,46770485371692,46770485371436,46770485371256,46770485371696,46770485371700,46770485371684,46770485371692,46770485371684,46770485371696,46770485371700,46770485371256,46770485371636,46770485371692
2539,0x557414aa533a,R,0x7ffdaed522f4,1,46770485371684,428,-12,-12,-12,-16,208,428,-28,-12,0,-16,0,428,-12,-8,28,16,16,12,8,-428,12,16,-46770485371684,8,28,12,16,16,8,8
2541,0x557414aa533d,W,0x7ffdaed52304,1,16,444,16,4,4,8,8,444,0,4,16,8,46770485371700,444,4,4,12,-8,-264,-4,-4,-444,-16,0,-16,-8,12,-444,-64,0,-8,-4
2543,0x557414aa5340,R,0x7ffdaed52310,1,28,12,46770485371712,16,16,20,20,12,236,16,0,20,46770485371712,12,28,16,-12,-20,-20,-16,-16,-456,-46770485371712,-12,-28,-16,-12,-456,-76,-20,-16,-16
2545,0x557414aa5344,R,0x7ffdaed52304,1,-12,0,46770485371700,444,16,8,4,0,224,444,0,8,16,0,16,444,-264,-8,-4,-4,-16,-444,-46770485371700,-8,12,-4,0,0,-8,-8,-4,-4
2548,0x557414aa534a,R,0x7ffdaed521fc,1,-264,-264,-248,180,-248,-260,-260,-264,-256,180,-264,-260,-276,-264,46770485371436,180,256,256,260,260,248,264,248,256,276,-180,200,264,260,256,260,-180
2550,0x557414aa534d,R,0x7ffdaed522fc,1,256,-8,-20,436,46770485371692,-4,-4,0,-4,436,216,-4,-20,0,8,436,4,0,4,-436,-46770485371692,8,-8,4,8,-436,0,8,4,4,-8,-436
2551,0x557414aa534d,W,0x7ffdaed522fc,1,0,-8,-8,436,8,-4,8,0,-4,-8,0,-4,-8,0,8,-8,4,4,-8,-436,-46770485371692,0,20,4,-56,-436,0,0,4,4,-46770485371692,-436
2553,0x557414aa5350,R,0x7ffdaed52300,1,4,4,260,440,-16,0,46770485371696,4,0,-4,4,440,220,4,-16,-4,0,0,-12,4,-12,-4,4,0,-60,4,0,-4,-12,0,-46770485371696,4
2554,0x557414aa5350,W,0x7ffdaed52300,1,0,4,260,-4,-4,0,12,4,12,-4,0,440,220,0,-4,-4,0,-440,-46770485371696,4,16,-4,4,-440,-4,4,0,-4,-12,-440,-12,4
2556,0x557414aa5354,R,0x7ffdaed52300,1,0,0,4,-4,-4,440,-16,4,46770485371696,-4,0,440,4,0,-4,4,-12,-440,-12,4,16,0,-60,-440,0,4,0,0,-46770485371696,-440,16,4
2558,0x557414aa5357,R,0x7ffdaed522f4,1,-12,-12,-8,-8,248,428,-28,-12,0,-16,0,428,-12,-12,208,-8,-46770485371684,-428,0,8,16,12,8,-428,12,8,0,12,0,-428,16,16
2561,0x557414aa5334,W,0x7ffdaed52148,1,-428,-440,-440,-436,-180,-444,-444,-440,-428,-436,46770485371256,0,-440,-440,-436,-436,-46770485371256,444,456,436,380,440,436,444,440,436,-46770485371256,440,456,0,356,444
2564,0x557414aa50f4,R,0x557414aa7fd0,1,-46770485371684,-46770485371256,-46770485371696,-46770485371692,-46770485371692,-46770485371700,-46770485371700,-46770485371256,-46770485371712,-46770485371692,0,-46770485371700,-46770485371684,-46770485371696,-46770485371696,-46770485371692,46770485371684,46770485371700,46770485371700,46770485371692,46770485371636,46770485371256,46770485371696,46770485371700,46770485371684,46770485371692,46770485371684,46770485371696,46770485371700,46770485371256,46770485371612,46770485371692
2567,0x557414aa533a,R,0x7ffdaed522f4,1,46770485371684,428,-12,-12,-12,-16,248,428,-28,-12,0,-16,0,428,-12,-8,28,16,16,12,8,-428,12,16,-46770485371684,8,28,12,16,16,8,8
2569,0x557414aa533d,W,0x7ffdaed52304,1,16,444,16,4,4,8,8,444,0,4,16,8,46770485371700,444,4,4,12,-8,-64,-4,-4,-444,-16,0,-16,-8,12,-444,-88,0,-8,-4
2571,0x557414aa5340,R,0x7ffdaed52310,1,28,12,46770485371712,16,16,20,20,12,276,16,0,20,46770485371712,12,28,16,-12,-20,-20,-16,-16,-456,-46770485371712,-12,-28,-16,-12,-456,-100,-20,-16,-16
2573,0x557414aa5344,R,0x7ffdaed52304,1,-12,0,46770485371700,444,16,8,4,0,264,444,0,8,16,0,16,444,-64,-8,-4,-4,-16,-444,-46770485371700,-8,12,-4,0,0,-8,-8,-4,-4
2576,0x557414aa534a,R,0x7ffdaed522c4,1,-64,-64,-48,380,-48,-60,-60,-64,-56,380,-64,-60,-76,-64,46770485371636,380,56,56,60,60,48,64,48,56,76,-380,-24,64,60,56,60,-380
2578,0x557414aa534d,R,0x7ffdaed522fc,1,56,-8,-20,436,46770485371692,-4,-4,0,-4,436,256,-4,-20,0,8,436,4,0,4,-436,-46770485371692,8,-8,4,8,-436,0,8,4,4,-8,-436
2579,0x557414aa534d,W,0x7ffdaed522fc,1,0,-8,-8,436,8,-4,8,0,-4,-8,0,-4,-8,0,8,-8,4,4,-8,-436,-46770485371692,0,20,4,-80,-436,0,0,4,4,-46770485371692,-436
2581,0x557414aa5350,R,0x7ffdaed52300,1,4,4,60,440,-16,0,46770485371696,4,0,-4,4,440,260,4,-16,-4,0,0,-12,4,-12,-4,4,0,-84,4,0,-4,-12,0,-46770485371696,4
2582,0x557414aa5350,W,0x7ffdaed52300,1,0,4,60,-4,-4,0,12,4,12,-4,0,440,260,0,-4,-4,0,-440,-46770485371696,4,16,-4,4,-440,-4,4,0,-4,-12,-440,-12,4
2584,0x557414aa5354,R,0x7ffdaed52300,1,0,0,4,-4,-4,440,-16,4,46770485371696,-4,0,440,4,0,-4,4,-12,-440,-12,4,16,0,-84,-440,0,4,0,0,-46770485371696,-440,16,4
2586,0x557414aa5357,R,0x7ffdaed522f4,1,-12,-12,-8,-8,48,428,-28,-12,0,-16,0,428,-12,-12,248,-8,-46770485371684,-428,0,8,16,12,8,-428,12,8,0,12,0,-428,16,16
2589,0x557414aa5334,W,0x7ffdaed52148,1,-428,-440,-440,-436,-380,-444,-444,-440,-428,-436,46770485371256,0,-440,-440,-436,-436,-46770485371256,444,456,436,356,440,436,444,440,436,-46770485371256,440,456,0,112,444
2592,0x557414aa50f4,R,0x557414aa7fd0,1,-46770485371684,-46770485371256,-46770485371696,-46770485371692,-46770485371692,-46770485371700,-46770485371700,-46770485371256,-46770485371712,-46770485371692,0,-46770485371700,-46770485371684,-46770485371696,-46770485371696,-46770485371692,46770485371684,46770485371700,46770485371700,46770485371692,46770485371612,46770485371256,46770485371696,46770485371700,46770485371684,46770485371692,46770485371684,46770485371696,46770485371700,46770485371256,46770485371368,46770485371692
2595,0x557414aa533a,R,0x7ffdaed522f4,1,46770485371684,428,-12,-12,-12,-16,48,428,-28,-12,0,-16,0,428,-12,-8,28,16,16,12,8,-428,12,16,-46770485371684,8,28,12,16,16,8,8
2597,0x557414aa533d,W,0x7ffdaed52304,1,16,444,16,4,4,8,8,444,0,4,16,8,46770485371700,444,4,4,12,-8,-88,-4,-4,-444,-16,0,-16,-8,12,-444,-332,0,-8,-4
2599,0x557414aa5340,R,0x7ffdaed52310,1,28,12,46770485371712,16,16,20,20,12,76,16,0,20,46770485371712,12,28,16,-12,-20,-20,-16,-16,-456,-46770485371712,-12,-28,-16,-12,-456,-344,-20,-16,-16
2601,0x557414aa5344,R,0x7ffdaed52304,1,-12,0,46770485371700,444,16,8,4,0,64,444,0,8,16,0,16,444,-88,-8,-4,-4,-16,-444,-46770485371700,-8,12,-4,0,0,-8,-8,-4,-4
2604,0x557414aa534a,R,0x7ffdaed522ac,1,-88,-88,-72,356,-72,-84,-84,-88,-80,356,-88,-84,-100,-88,46770485371612,356,80,80,84,84,72,88,72,80,100,-356,-244,88,84,80,84,-356
2606,0x557414aa534d,R,0x7ffdaed522fc,1,80,-8,-20,436,46770485371692,-4,-4,0,-4,436,56,-4,-20,0,8,436,4,0,4,-436,-46770485371692,8,-8,4,8,-436,0,8,4,4,-8,-436
2607,0x557414aa534d,W,0x7ffdaed522fc,1,0,-8,-8,436,8,-4,8,0,-4,-8,0,-4,-8,0,8,-8,4,4,-8,-436,-46770485371692,0,20,4,-324,-436,0,0,4,4,-46770485371692,-436
2609,0x557414aa5350,R,0x7ffdaed52300,1,4,4,84,440,-16,0,46770485371696,4,0,-4,4,440,60,4,-16,-4,0,0,-12,4,-12,-4,4,0,-328,4,0,-4,-12,0,-46770485371696,4
2610,0x557414aa5350,W,0x7ffdaed52300,1,0,4,84,-4,-4,0,12,4,12,-4,0,440,60,0,-4,-4,0,-440,-46770485371696,4,16,-4,4,-440,-4,4,0,-4,-12,-440,-12,4
2612,0x557414aa5354,R,0x7ffdaed52300,1,0,0,4,-4,-4,440,-16,4,46770485371696,-4,0,440,4,0,-4,4,-12,-440,-12,4,16,0,-328,-440,0,4,0,0,-46770485371696,-440,16,4
2614,0x557414aa5357,R,0x7ffdaed522f4,1,-12,-12,-8,-8,72,428,-28,-12,0,-16,0,428,-12,-12,48,-8,-46770485371684,-428,0,8,16,12,8,-428,12,8,0,12,0,-428,16,16
2617,0x557414aa5334,W,0x7ffdaed52148,1,-428,-440,-440,-436,-356,-444,-444,-440,-428,-436,46770485371256,0,-440,-440,-436,-436,-46770485371256,444,456,436,112,440,436,444,440,436,-46770485371256,440,456,0,320,444
2620,0x557414aa50f4,R,0x557414aa7fd0,1,-46770485371684,-46770485371256,-46770485371696,-46770485371692,-46770485371692,-46770485371700,-46770485371700,-46770485371256,-46770485371712,-46770485371692,0,-46770485371700,-46770485371684,-46770485371696,-46770485371696,-46770485371692,46770485371684,46770485371700,46770485371700,46770485371692,46770485371368,46770485371256,46770485371696,46770485371700,46770485371684,46770485371692,46770485371684,46770485371696,46770485371700,46770485371256,46770485371576,46770485371692
2623,0x557414aa533a,R,0x7ffdaed522f4,1,46770485371684,428,-12,-12,-12,-16,72,428,-28,-12,0,-16,0,428,-12,-8,28,16,16,12,8,-428,12,16,-46770485371684,8,28,12,16,16,8,8
2625,0x557414aa533d,W,0x7ffdaed52304,1,16,444,16,4,4,8,8,444,0,4,16,8,46770485371700,444,4,4,12,-8,-332,-4,-4,-444,-16,0,-16,-8,12,-444,-124,0,-8,-4
2627,0x557414aa5340,R,0x7ffdaed52310,1,28,12,46770485371712,16,16,20,20,12,100,16,0,20,46770485371712,12,28,16,-12,-20,-20,-16,-16,-456,-46770485371712,-12,-28,-16,-12,-456,-136,-20,-16,-16
2629,0x557414aa5344,R,0x7ffdaed52304,1,-12,0,46770485371700,444,16,8,4,0,88,444,0,8,16,0,16,444,-332,-8,-4,-4,-16,-444,-46770485371700,-8,12,-4,0,0,-8,-8,-4,-4
2632,0x557414aa534a,R,0x7ffdaed521b8,1,-332,-332,-316,112,-316,-328,-328,-332,-324,112,-332,-328,-344,-332,46770485371368,112,324,324,328,328,316,332,316,324,344,-112,208,332,328,324,328,-112
2634,0x557414aa534d,R,0x7ffdaed522fc,1,324,-8,-20,436,46770485371692,-4,-4,0,-4,436,80,-4,-20,0,8,436,4,0,4,-436,-46770485371692,8,-8,4,8,-436,0,8,4,4,-8,-436
2635,0x557414aa534d,W,0x7ffdaed522fc,1,0,-8,-8,436,8,-4,8,0,-4,-8,0,-4,-8,0,8,-8,4,4,-8,-436,-46770485371692,0,20,4,-116,-436,0,0,4,4,-46770485371692,-436
2637,0x557414aa5350,R,0x7ffdaed52300,1,4,4,328,440,-16,0,46770485371696,4,0,-4,4,440,84,4,-16,-4,0,0,-12,4,-12,-4,4,0,-120,4,0,-4,-12,0,-46770485371696,4
2638,0x557414aa5350,W,0x7ffdaed52300,1,0,4,328,-4,-4,0,12,4,12,-4,0,440,84,0,-4,-4,0,-440,-46770485371696,4,16,-4,4,-440,-4,4,0,-4,-12,-440,-12,4
2640,0x557414aa5354,R,0x7ffdaed52300,1,0,0,4,-4,-4,440,-16,4,46770485371696,-4,0,440,4,0,-4,4,-12,-440,-12,4,16,0,-120,-440,0,4,0,0,-46770485371696,-440,16,4
2642,0x557414aa5357,R,0x7ffdaed522f4,1,-12,-12,-8,-8,316,428,-28,-12,0,-16,0,428,-12,-12,72,-8,-46770485371684,-428,0,8,16,12,8,-428,12,8,0,12,0,-428,16,16
2645,0x557414aa5334,W,0x7ffdaed52148,1,-428,-440,-440,-436,-112,-444,-444,-440,-428,-436,46770485371256,0,-440,-440,-436,-436,-46770485371256,444,456,436,320,440,436,444,440,436,-46770485371256,440,456,0,152,444
2648,0x557414aa50f4,R,0x557414aa7fd0,1,-46770485371684,-46770485371256,-46770485371696,-46770485371692,-46770485371692,-46770485371700,-46770485371700,-46770485371256,-46770485371712,-46770485371692,0,-46770485371700,-46770485371684,-46770485371696,-46770485371696,-46770485371692,46770485371684,46770485371700,46770485371700,46770485371692,46770485371576,46770485371256,46770485371696,46770485371700,46770485371684,46770485371692,46770485371684,46770485371696,46770485371700,46770485371256,46770485371408,46770485371692
2651,0x557414aa533a,R,0x7ffdaed522f4,1,46770485371684,428,-12,-12,-12,-16,316,428,-28,-12,0,-16,0,428,-12,-8,28,16,16,12,8,-428,12,16,-46770485371684,8,28,12,16,16,8,8
2653,0x557414aa533d,W,0x7ffdaed52304,1,16,444,16,4,4,8,8,444,0,4,16,8,46770485371700,444,4,4,12,-8,-124,-4,-4,-444,-16,0,-16,-8,12,-444,-292,0,-8,-4
2655,0x557414aa5340,R,0x7ffdaed52310,1,28,12,46770485371712,16,16,20,20,12,344,16,0,20,46770485371712,12,28,16,-12,-20,-20,-16,-16,-456,-46770485371712,-12,-28,-16,-12,-456,-304,-20,-16,-16
2657,0x557414aa5344,R,0x7ffdaed52304,1,-12,0,46770485371700,444,16,8,4,0,332,444,0,8,16,0,16,444,-124,-8,-4,-4,-16,-444,-46770485371700,-8,12,-4,0,0,-8,-8,-4,-4
2660,0x557414aa534a,R,0x7ffdaed52288,1,-124,-124,-108,320,-108,-120,-120,-124,-116,320,-124,-120,-136,-124,46770485371576,320,116,116,120,120,108,124,108,116,136,-320,-168,124,120,116,120,-320
2662,0x557414aa534d,R,0x7ffdaed522fc,1,116,-8,-20,436,46770485371692,-4,-4,0,-4,436,324,-4,-20,0,8,436,4,0,4,-436,-46770485371692,8,-8,4,8,-436,0,8,4,4,-8,-436
2663,0x557414aa534d,W,0x7ffdaed522fc,1,0,-8,-8,436,8,-4,8,0,-4,-8,0,-4,-8,0,8,-8,4,4,-8,-436,-46770485371692,0,20,4,-284,-436,0,0,4,4,-46770485371692,-436
2665,0x557414aa5350,R,0x7ffdaed52300,1,4,4,120,440,-16,0,46770485371696,4,0,-4,4,440,328,4,-16,-4,0,0,-12,4,-12,-4,4,0,-288,4,0,-4,-12,0,-46770485371696,4
2666,0x557414aa5350,W,0x7ffdaed52300,1,0,4,120,-4,-4,0,12,4,12,-4,0,440,328,0,-4,-4,0,-440,-46770485371696,4,16,-4,4,-440,-4,4,0,-4,-12,-440,-12,4
2668,0x557414aa5354,R,0x7ffdaed52300,1,0,0,4,-4,-4,440,-16,4,46770485371696,-4,0,440,4,0,-4,4,-12,-440,-12,4,16,0,-288,-440,0,4,0,0,-46770485371696,-440,16,4
2670,0x557414aa5357,R,0x7ffdaed522f4,1,-12,-12,-8,-8,108,428,-28,-12,0,-16,0,428,-12,-12,316,-8,-46770485371684,-428,0,8,16,12,8,-428,12,8,0,12,0,-428,16,16
2673,0x557414aa5334,W,0x7ffdaed52148,1,-428,-440,-440,-436,-320,-444,-444,-440,-428,-436,46770485371256,0,-440,-440,-436,-436,-46770485371256,444,456,436,152,440,436,444,440,436,-46770485371256,440,456,0,88,444
2676,0x557414aa50f4,R,0x557414aa7fd0,1,-46770485371684,-46770485371256,-46770485371696,-46770485371692,-46770485371692,-46770485371700,-46770485371700,-46770485371256,-46770485371712,-46770485371692,0,-46770485371700,-46770485371684,-46770485371696,-46770485371696,-46770485371692,46770485371684,46770485371700,46770485371700,46770485371692,46770485371408,46770485371256,46770485371696,46770485371700,46770485371684,46770485371692,46770485371684,46770485371696,46770485371700,46770485371256,46770485371344,46770485371692
2679,0x557414aa533a,R,0x7ffdaed522f4,1,46770485371684,428,-12,-12,-12,-16,108,428,-28,-12,0,-16,0,428,-12,-8,28,16,16,12,8,-428,12,16,-46770485371684,8,28,12,16,16,8,8
2681,0x557414aa533d,W,0x7ffdaed52304,1,16,444,16,4,4,8,8,444,0,4,16,8,46770485371700,444,4,4,12,-8,-292,-4,-4,-444,-16,0,-16,-8,12,-444,-356,0,-8,-4
2683,0x557414aa5340,R,0x7ffdaed52310,1,28,12,46770485371712,16,16,20,20,12,136,16,0,20,46770485371712,12,28,16,-12,-20,-20,-16,-16,-456,-46770485371712,-12,-28,-16,-12,-456,-368,-20,-16,-16
2685,0x557414aa5344,R,0x7ffdaed52304,1,-12,0,46770485371700,444,16,8,4,0,124,444,0,8,16,0,16,444,-292,-8,-4,-4,-16,-444,-46770485371700,-8,12,-4,0,0,-8,-8,-4,-4
2688,0x557414aa534a,R,0x7ffdaed521e0,1,-292,-292,-276,152,-276,-288,-288,-292,-284,152,-292,-288,-304,-292,46770485371408,152,284,284,288,288,276,292,276,284,304,-152,-64,292,288,284,288,-152
2690,0x557414aa534d,R,0x7ffdaed522fc,1,284,-8,-20,436,46770485371692,-4,-4,0,-4,436,116,-4,-20,0,8,436,4,0,4,-436,-46770485371692,8,-8,4,8,-436,0,8,4,4,-8,-436
2691,0x557414aa534d,W,0x7ffdaed522fc,1,0,-8,-8,436,8,-4,8,0,-4,-8,0,-4,-8,0,8,-8,4,4,-8,-436,-46770485371692,0,20,4,-348,-436,0,0,4,4,-46770485371692,-436
2693,0x557414aa5350,R,0x7ffdaed52300,1,4,4,288,440,-16,0,46770485371696,4,0,-4,4,440,120,4,-16,-4,0,0,-12,4,-12,-4,4,0,-352,4,0,-4,-12,0,-46770485371696,4
2694,0x557414aa5350,W,0x7ffdaed52300,1,0,4,288,-4,-4,0,12,4,12,-4,0,440,120,0,-4,-4,0,-440,-46770485371696,4,16,-4,4,-440,-4,4,0,-4,-12,-440,-12,4
2696,0x557414aa5354,R,0x7ffdaed52300,1,0,0,4,-4,-4,440,-16,4,46770485371696,-4,0,440,4,0,-4,4,-12,-440,-12,4,16,0,-352,-440,0,4,0,0,-46770485371696,-440,16,4
2698,0x557414aa5357,R,0x7ffdaed522f4,1,-12,-12,-8,-8,276,428,-28,-12,0,-16,0,428,-12,-12,108,-8,-46770485371684,-428,0,8,16,12,8,-428,12,8,0,12,0,-428,16,16
2701,0x557414aa5334,W,0x7ffdaed52148,1,-428,-440,-440,-436,-152,-444,-444,-440,-428,-436,46770485371256,0,-440,-440,-436,-436,-46770485371256,444,456,436,88,440,436,444,440,436,-46770485371256,440,456,0,68,444
2704,0x557414aa50f4,R,0x557414aa7fd0,1,-46770485371684,-46770485371256,-46770485371696,-46770485371692,-46770485371692,-46770485371700,-46770485371700,-46770485371256,-46770485371712,-46770485371692,0,-46770485371700,-46770485371684,-46770485371696,-46770485371696,-46770485371692,46770485371684,46770485371700,46770485371700,46770485371692,46770485371344,46770485371256,46770485371696,46770485371700,46770485371684,46770485371692,46770485371684,46770485371696,46770485371700,46770485371256,46770485371324,46770485371692
2707,0x557414aa533a,R,0x7ffdaed522f4,1,46770485371684,428,-12,-12,-12,-16,276,428,-28,-12,0,-16,0,428,-12,-8,28,16,16,12,8,-428,12,16,-46770485371684,8,28,12,16,16,8,8
2709,0x557414aa533d,W,0x7ffdaed52304,1,16,444,16,4,4,8,8,444,0,4,16,8,46770485371700,444,4,4,12,-8,-356,-4,-4,-444,-16,0,-16,-8,12,-444,-376,0,-8,-4
2711,0x557414aa5340,R,0x7ffdaed52310,1,28,12,46770485371712,16,16,20,20,12,304,16,0,20,46770485371712,12,28,16,-12,-20,-20,-16,-16,-456,-46770485371712,-12,-28,-16,-12,-456,-388,-20,-16,-16
2713,0x557414aa5344,R,0x7ffdaed52304,1,-12,0,46770485371700,444,16,8,4,0,292,444,0,8,16,0,16,444,-356,-8,-4,-4,-16,-444,-46770485371700,-8,12,-4,0,0,-8,-8,-4,-4
2716,0x557414aa534a,R,0x7ffdaed521a0,1,-356,-356,-340,88,-340,-352,-352,-356,-348,88,-356,-352,-368,-356,46770485371344,88,348,348,352,352,340,356,340,348,368,-88,-20,356,352,348,352,-88
2718,0x557414aa534d,R,0x7ffdaed522fc,1,348,-8,-20,436,46770485371692,-4,-4,0,-4,436,284,-4,-20,0,8,436,4,0,4,-436,-46770485371692,8,-8,4,8,-436,0,8,4,4,-8,-436
2719,0x557414aa534d,W,0x7ffdaed522fc,1,0,-8,-8,436,8,-4,8,0,-4,-8,0,-4,-8,0,8,-8,4,4,-8,-436,-46770485371692,0,20,4,-368,-436,0,0,4,4,-46770485371692,-436
2721,0x557414aa5350,R,0x7ffdaed52300,1,4,4,352,440,-16,0,46770485371696,4,0,-4,4,440,288,4,-16,-4,0,0,-12,4,-12,-4,4,0,-372,4,0,-4,-12,0,-46770485371696,4
2722,0x557414aa5350,W,0x7ffdaed52300,1,0,4,352,-4,-4,0,12,4,12,-4,0,440,288,0,-4,-4,0,-440,-46770485371696,4,16,-4,4,-440,-4,4,0,-4,-12,-440,-12,4
2724,0x557414aa5354,R,0x7ffdaed52300,1,0,0,4,-4,-4,440,-16,4,46770485371696,-4,0,440,4,0,-4,4,-12,-440,-12,4,16,0,-372,-440,0,4,0,0,-46770485371696,-440,16,4
2726,0x557414aa5357,R,0x7ffdaed522f4,1,-12,-12,-8,-8,340,428,-28,-12,0,-16,0,428,-12,-12,276,-8,-46770485371684,-428,0,8,16,12,8,-428,12,8,0,12,0,-428,16,16
2729,0x557414aa5334,W,0x7ffdaed52148,1,-428,-440,-440,-436,-88,-444,-444,-440,-428,-436,46770485371256,0,-440,-440,-436,-436,-46770485371256,444,456,436,68,440,436,444,440,436,-46770485371256,440,456,0,216,444
2732,0x557414aa50f4,R,0x557414aa7fd0,1,-46770485371684,-46770485371256,-46770485371696,-46770485371692,-46770485371692,-46770485371700,-46770485371700,-46770485371256,-46770485371712,-46770485371692,0,-46770485371700,-46770485371684,-46770485371696,-46770485371696,-46770485371692,46770485371684,46770485371700,46770485371700,46770485371692,46770485371324,46770485371256,46770485371696,46770485371700,46770485371684,46770485371692,46770485371684,46770485371696,46770485371700,46770485371256,46770485371472,46770485371692
2735,0x557414aa533a,R,0x7ffdaed522f4,1,46770485371684,428,-12,-12,-12,-16,340,428,-28,-12,0,-16,0,428,-12,-8,28,16,16,12,8,-428,12,16,-46770485371684,8,28,12,16,16,8,8
2737,0x557414aa533d,W,0x7ffdaed52304,1,16,444,16,4,4,8,8,444,0,4,16,8,46770485371700,444,4,4,12,-8,-376,-4,-4,-444,-16,0,-16,-8,12,-444,-228,0,-8,-4
2739,0x557414aa5340,R,0x7ffdaed52310,1,28,12,46770485371712,16,16,20,20,12,368,16,0,20,46770485371712,12,28,16,-12,-20,-20,-16,-16,-456,-46770485371712,-12,-28,-16,-12,-456,-240,-20,-16,-16
2741,0x557414aa5344,R,0x7ffdaed52304,1,-12,0,46770485371700,444,16,8,4,0,356,444,0,8,16,0,16,444,-376,-8,-4,-4,-16,-444,-46770485371700,-8,12,-4,0,0,-8,-8,-4,-4
2744,0x557414aa534a,R,0x7ffdaed5218c,1,-376,-376,-360,68,-360,-372,-372,-376,-368,68,-376,-372,-388,-376,46770485371324,68,368,368,372,372,360,376,360,368,388,-68,148,376,372,368,372,-68
2746,0x557414aa534d,R,0x7ffdaed522fc,1,368,-8,-20,436,46770485371692,-4,-4,0,-4,436,348,-4,-20,0,8,436,4,0,4,-436,-46770485371692,8,-8,4,8,-436,0,8,4,4,-8,-436
2747,0x557414aa534d,W,0x7ffdaed522fc,1,0,-8,-8,436,8,-4,8,0,-4,-8,0,-4,-8,0,8,-8,4,4,-8,-436,-46770485371692,0,20,4,-220,-436,0,0,4,4,-46770485371692,-436
2749,0x557414aa5350,R,0x7ffdaed52300,1,4,4,372,440,-16,0,46770485371696,4,0,-4,4,440,352,4,-16,-4,0,0,-12,4,-12,-4,4,0,-224,4,0,-4,-12,0,-46770485371696,4
2750,0x557414aa5350,W,0x7ffdaed52300,1,0,4,372,-4,-4,0,12,4,12,-4,0,440,352,0,-4,-4,0,-440,-46770485371696,4,16,-4,4,-440,-4,4,0,-4,-12,-440,-12,4
2752,0x557414aa5354,R,0x7ffdaed52300,1,0,0,4,-4,-4,440,-16,4,46770485371696,-4,0,440,4,0,-4,4,-12,-440,-12,4,16,0,-224,-440,0,4,0,0,-46770485371696,-440,16,4
2754,0x557414aa5357,R,0x7ffdaed522f4,1,-12,-12,-8,-8,360,428,-28,-12,0,-16,0,428,-12,-12,340,-8,-46770485371684,-428,0,8,16,12,8,-428,12,8,0,12,0,-428,16,16
2757,0x557414aa5334,W,0x7ffdaed52148,1,-428,-440,-440,-436,-68,-444,-444,-440,-428,-436,46770485371256,0,-440,-440,-436,-436,-46770485371256,444,456,436,216,440,436,444,440,436,-46770485371256,440,456,0,160,444
2760,0x557414aa50f4,R,0x557414aa7fd0,1,-46770485371684,-46770485371256,-46770485371696,-46770485371692,-46770485371692,-46770485371700,-46770485371700,-46770485371256,-46770485371712,-46770485371692,0,-46770485371700,-46770485371684,-46770485371696,-46770485371696,-46770485371692,46770485371684,46770485371700,46770485371700,46770485371692,46770485371472,46770485371256,46770485371696,46770485371700,46770485371684,46770485371692,46770485371684,46770485371696,46770485371700,46770485371256,46770485371416,46770485371692
2763,0x557414aa533a,R,0x7ffdaed522f4,1,46770485371684,428,-12,-12,-12,-16,360,428,-28,-12,0,-16,0,428,-12,-8,28,16,16,12,8,-428,12,16,-46770485371684,8,28,12,16,16,8,8
2765,0x557414aa533d,W,0x7ffdaed52304,1,16,444,16,4,4,8,8,444,0,4,16,8,46770485371700,444,4,4,12,-8,-228,-4,-4,-444,-16,0,-16,-8,12,-444,-284,0,-8,-4
2767,0x557414aa5340,R,0x7ffdaed52310,1,28,12,46770485371712,16,16,20,20,12,388,16,0,20,46770485371712,12,28,16,-12,-20,-20,-16,-16,-456,-46770485371712,-12,-28,-16,-12,-456,-296,-20,-16,-16
2769,0x557414aa5344,R,0x7ffdaed52304,1,-12,0,46770485371700,444,16,8,4,0,376,444,0,8,16,0,16,444,-228,-8,-4,-4,-16,-444,-46770485371700,-8,12,-4,0,0,-8,-8,-4,-4
2772,0x557414aa534a,R,0x7ffdaed52220,1,-228,-228,-212,216,-212,-224,-224,-228,-220,216,-228,-224,-240,-228,46770485371472,216,220,220,224,224,212,228,212,220,240,-216,-56,228,224,220,224,-216
2774,0x557414aa534d,R,0x7ffdaed522fc,1,220,-8,-20,436,46770485371692,-4,-4,0,-4,436,368,-4,-20,0,8,436,4,0,4,-436,-46770485371692,8,-8,4,8,-436,0,8,4,4,-8,-436
2775,0x557414aa534d,W,0x7ffdaed522fc,1,0,-8,-8,436,8,-4,8,0,-4,-8,0,-4,-8,0,8,-8,4,4,-8,-436,-46770485371692,0,20,4,-276,-436,0,0,4,4,-46770485371692,-436
2777,0x557414aa5350,R,0x7ffdaed52300,1,4,4,224,440,-16,0,46770485371696,4,0,-4,4,440,372,4,-16,-4,0,0,-12,4,-12,-4,4,0,-280,4,0,-4,-12,0,-46770485371696,4
2778,0x557414aa5350,W,0x7ffdaed52300,1,0,4,224,-4,-4,0,12,4,12,-4,0,440,372,0,-4,-4,0,-440,-46770485371696,4,16,-4,4,-440,-4,4,0,-4,-12,-440,-12,4
2780,0x557414aa5354,R,0x7ffdaed52300,1,0,0,4,-4,-4,440,-16,4,46770485371696,-4,0,440,4,0,-4,4,-12,-440,-12,4,16,0,-280,-440,0,4,0,0,-46770485371696,-440,16,4
2782,0x557414aa5357,R,0x7ffdaed522f4,1,-12,-12,-8,-8,212,428,-28,-12,0,-16,0,428,-12,-12,360,-8,-46770485371684,-428,0,8,16,12,8,-428,12,8,0,12,0,-428,16,16
2785,0x557414aa5334,W,0x7ffdaed52148,1,-428,-440,-440,-436,-216,-444,-444,-440,-428,-436,46770485371256,0,-440,-440,-436,-436,-46770485371256,444,456,436,160,440,436,444,440,436,-46770485371256,440,456,0,136,444
2788,0x557414aa50f4,R,0x557414aa7fd0,1,-46770485371684,-46770485371256,-46770485371696,-46770485371692,-46770485371692,-46770485371700,-46770485371700,-46770485371256,-46770485371712,-46770485371692,0,-46770485371700,-46770485371684,-46770485371696,-46770485371696,-46770485371692,46770485371684,46770485371700,46770485371700,46770485371692,46770485371416,46770485371256,46770485371696,46770485371700,46770485371684,46770485371692,46770485371684,46770485371696,46770485371700,46770485371256,46770485371392,46770485371692
2791,0x557414aa533a,R,0x7ffdaed522f4,1,46770485371684,428,-12,-12,-12,-16,212,428,-28,-12,0,-16,0,428,-12,-8,28,16,16,12,8,-428,12,16,-46770485371684,8,28,12,16,16,8,8
2793,0x557414aa533d,W,0x7ffdaed52304,1,16,444,16,4,4,8,8,444,0,4,16,8,46770485371700,444,4,4,12,-8,-284,-4,-4,-444,-16,0,-16,-8,12,-444,-308,0,-8,-4
2795,0x557414aa5340,R,0x7ffdaed52310,1,28,12,46770485371712,16,16,20,20,12,240,16,0,20,46770485371712,12,28,16,-12,-20,-20,-16,-16,-456,-46770485371712,-12,-28,-16,-12,-456,-320,-20,-16,-16
2797,0x557414aa5344,R,0x7ffdaed52304,1,-12,0,46770485371700,444,16,8,4,0,228,444,0,8,16,0,16,444,-284,-8,-4,-4,-16,-444,-46770485371700,-8,12,-4,0,0,-8,-8,-4,-4
2800,0x557414aa534a,R,0x7ffdaed521e8,1,-284,-284,-268,160,-268,-280,-280,-284,-276,160,-284,-280,-296,-284,46770485371416,160,276,276,280,280,268,284,268,276,296,-160,-24,284,280,276,280,-160
2802,0x557414aa534d,R,0x7ffdaed522fc,1,276,-8,-20,436,46770485371692,-4,-4,0,-4,436,220,-4,-20,0,8,436,4,0,4,-436,-46770485371692,8,-8,4,8,-436,0,8,4,4,-8,-436
2803,0x557414aa534d,W,0x7ffdaed522fc,1,0,-8,-8,436,8,-4,8,0,-4,-8,0,-4,-8,0,8,-8,4,4,-8,-436,-46770485371692,0,20,4,-300,-436,0,0,4,4,-46770485371692,-436
2805,0x557414aa5350,R,0x7ffdaed52300,1,4,4,280,440,-16,0,46770485371696,4,0,-4,4,440,224,4,-16,-4,0,0,-12,4,-12,-4,4,0,-304,4,0,-4,-12,0,-46770485371696,4
2806,0x557414aa5350,W,0x7ffdaed52300,1,0,4,280,-4,-4,0,12,4,12,-4,0,440,224,0,-4,-4,0,-440,-46770485371696,4,16,-4,4,-440,-4,4,0,-4,-12,-440,-12,4
2808,0x557414aa5354,R,0x7ffdaed52300,1,0,0,4,-4,-4,440,-16,4,46770485371696,-4,0,440,4,0,-4,4,-12,-440,-12,4,16,0,-304,-440,0,4,0,0,-46770485371696,-440,16,4
2810,0x557414aa5357,R,0x7ffdaed522f4,1,-12,-12,-8,-8,268,428,-28,-12,0,-16,0,428,-12,-12,212,-8,-46770485371684,-428,0,8,16,12,8,-428,12,8,0,12,0,-428,16,16
2813,0x557414aa5334,W,0x7ffdaed52148,1,-428,-440,-440,-436,-160,-444,-444,-440,-428,-436,46770485371256,0,-440,-440,-436,-436,-46770485371256,444,456,436,136,440,436,444,440,436,-46770485371256,440,456,0,196,444
2816,0x557414aa50f4,R,0x557414aa7fd0,1,-46770485371684,-46770485371256,-46770485371696,-46770485371692,-46770485371692,-46770485371700,-46770485371700,-46770485371256,-46770485371712,-46770485371692,0,-46770485371700,-46770485371684,-46770485371696,-46770485371696,-46770485371692,46770485371684,46770485371700,46770485371700,46770485371692,46770485371392,46770485371256,46770485371696,46770485371700,46770485371684,46770485371692,46770485371684,46770485371696,46770485371700,46770485371256,46770485371452,46770485371692
2819,0x557414aa533a,R,0x7ffdaed522f4,1,46770485371684,428,-12,-12,-12,-16,268,428,-28,-12,0,-16,0,428,-12,-8,28,16,16,12,8,-428,12,16,-46770485371684,8,28,12,16,16,8,8
2821,0x557414aa533d,W,0x7ffdaed52304,1,16,444,16,4,4,8,8,444,0,4,16,8,46770485371700,444,4,4,12,-8,-308,-4,-4,-444,-16,0,-16,-8,12,-444,-248,0,-8,-4
2823,0x557414aa5340,R,0x7ffdaed52310,1,28,12,46770485371712,16,16,20,20,12,296,16,0,20,46770485371712,12,28,16,-12,-20,-20,-16,-16,-456,-46770485371712,-12,-28,-16,-12,-456,-260,-20,-16,-16
2825,0x557414aa5344,R,0x7ffdaed52304,1,-12,0,46770485371700,444,16,8,4,0,284,444,0,8,16,0,16,444,-308,-8,-4,-4,-16,-444,-46770485371700,-8,12,-4,0,0,-8,-8,-4,-4
2828,0x557414aa534a,R,0x7ffdaed521d0,1,-308,-308,-292,136,-292,-304,-304,-308,-300,136,-308,-304,-320,-308,46770485371392,136,300,300,304,304,292,308,292,300,320,-136,60,308,304,300,304,-136
2830,0x557414aa534d,R,0x7ffdaed522fc,1,300,-8,-20,436,46770485371692,-4,-4,0,-4,436,276,-4,-20,0,8,436,4,0,4,-436,-46770485371692,8,-8,4,8,-436,0,8,4,4,-8,-436
2831,0x557414aa534d,W,0x7ffdaed522fc,1,0,-8,-8,436,8,-4,8,0,-4,-8,0,-4,-8,0,8,-8,4,4,-8,-436,-46770485371692,0,20,4,-240,-436,0,0,4,4,-46770485371692,-436
2833,0x557414aa5350,R,0x7ffdaed52300,1,4,4,304,440,-16,0,46770485371696,4,0,-4,4,440,280,4,-16,-4,0,0,-12,4,-12,-4,4,0,-244,4,0,-4,-12,0,-46770485371696,4
2834,0x557414aa5350,W,0x7ffdaed52300,1,0,4,304,-4,-4,0,12,4,12,-4,0,440,280,0,-4,-4,0,-440,-46770485371696,4,16,-4,4,-440,-4,4,0,-4,-12,-440,-12,4
2836,0x557414aa5354,R,0x7ffdaed52300,1,0,0,4,-4,-4,440,-16,4,46770485371696,-4,0,440,4,0,-4,4,-12,-440,-12,4,16,0,-244,-440,0,4,0,0,-46770485371696,-440,16,4
2838,0x557414aa5357,R,0x7ffdaed522f4,1,-12,-12,-8,-8,292,428,-28,-12,0,-16,0,428,-12,-12,268,-8,-46770485371684,-428,0,8,16,12,8,-428,12,8,0,12,0,-428,16,16
2841,0x557414aa5334,W,0x7ffdaed52148,1,-428,-440,-440,-436,-136,-444,-444,-440,-428,-436,46770485371256,0,-440,-440,-436,-436,-46770485371256,444,456,436,196,440,436,444,440,436,-46770485371256,440,456,0,76,444
2844,0x557414aa50f4,R,0x557414aa7fd0,1,-46770485371684,-46770485371256,-46770485371696,-46770485371692,-46770485371692,-46770485371700,-46770485371700,-46770485371256,-46770485371712,-46770485371692,0,-46770485371700,-46770485371684,-46770485371696,-46770485371696,-46770485371692,46770485371684,46770485371700,46770485371700,46770485371692,46770485371452,46770485371256,46770485371696,46770485371700,46770485371684,46770485371692,46770485371684,46770485371696,46770485371700,46770485371256,46770485371332,46770485371692
2847,0x557414aa533a,R,0x7ffdaed522f4,1,46770485371684,428,-12,-12,-12,-16,292,428,-28,-12,0,-16,0,428,-12,-8,28,16,16,12,8,-428,12,16,-46770485371684,8,28,12,16,16,8,8
2849,0x557414aa533d,W,0x7ffdaed52304,1,16,444,16,4,4,8,8,444,0,4,16,8,46770485371700,444,4,4,12,-8,-248,-4,-4,-444,-16,0,-16,-8,12,-444,-368,0,-8,-4
2851,0x557414aa5340,R,0x7ffdaed52310,1,28,12,46770485371712,16,16,20,20,12,320,16,0,20,46770485371712,12,28,16,-12,-20,-20,-16,-16,-456,-46770485371712,-12,-28,-16,-12,-456,-380,-20,-16,-16
2853,0x557414aa5344,R,0x7ffdaed52304,1,-12,0,46770485371700,444,16,8,4,0,308,444,0,8,16,0,16,444,-248,-8,-4,-4,-16,-444,-46770485371700,-8,12,-4,0,0,-8,-8,-4,-4
2856,0x557414aa534a,R,0x7ffdaed5220c,1,-248,-248,-232,196,-232,-244,-244,-248,-240,196,-248,-244,-260,-248,46770485371452,196,240,240,244,244,232,248,232,240,260,-196,-120,248,244,240,244,-196
2858,0x557414aa534d,R,0x7ffdaed522fc,1,240,-8,-20,436,46770485371692,-4,-4,0,-4,436,300,-4,-20,0,8,436,4,0,4,-436,-46770485371692,8,-8,4,8,-436,0,8,4,4,-8,-436
2859,0x557414aa534d,W,0x7ffdaed522fc,1,0,-8,-8,436,8,-4,8,0,-4,-8,0,-4,-8,0,8,-8,4,4,-8,-436,-46770485371692,0,20,4,-360,-436,0,0,4,4,-46770485371692,-436
2861,0x557414aa5350,R,0x7ffdaed52300,1,4,4,244,440,-16,0,46770485371696,4,0,-4,4,440,304,4,-16,-4,0,0,-12,4,-12,-4,4,0,-364,4,0,-4,-12,0,-46770485371696,4
2862,0x557414aa5350,W,0x7ffdaed52300,1,0,4,244,-4,-4,0,12,4,12,-4,0,440,304,0,-4,-4,0,-440,-46770485371696,4,16,-4,4,-440,-4,4,0,-4,-12,-440,-12,4
2864,0x557414aa5354,R,0x7ffdaed52300,1,0,0,4,-4,-4,440,-16,4,46770485371696,-4,0,440,4,0,-4,4,-12,-440,-12,4,16,0,-364,-440,0,4,0,0,-46770485371696,-440,16,4
2866,0x557414aa5357,R,0x7ffdaed522f4,1,-12,-12,-8,-8,232,428,-28,-12,0,-16,0,428,-12,-12,292,-8,-46770485371684,-428,0,8,16,12,8,-428,12,8,0,12,0,-428,16,16
2869,0x557414aa5334,W,0x7ffdaed52148,1,-428,-440,-440,-436,-196,-444,-444,-440,-428,-436,46770485371256,0,-440,-440,-436,-436,-46770485371256,444,456,436,76,440,436,444,440,436,-46770485371256,440,456,0,68,444
2872,0x557414aa50f4,R,0x557414aa7fd0,1,-46770485371684,-46770485371256,-46770485371696,-46770485371692,-46770485371692,-46770485371700,-46770485371700,-46770485371256,-46770485371712,-46770485371692,0,-46770485371700,-46770485371684,-46770485371696,-46770485371696,-46770485371692,46770485371684,46770485371700,46770485371700,46770485371692,46770485371332,46770485371256,46770485371696,46770485371700,46770485371684,46770485371692,46770485371684,46770485371696,46770485371700,46770485371256,46770485371324,46770485371692
2875,0x557414aa533a,R,0x7ffdaed522f4,1,46770485371684,428,-12,-12,-12,-16,232,428,-28,-12,0,-16,0,428,-12,-8,28,16,16,12,8,-428,12,16,-46770485371684,8,28,12,16,16,8,8
2877,0x557414aa533d,W,0x7ffdaed52304,1,16,444,16,4,4,8,8,444,0,4,16,8,46770485371700,444,4,4,12,-8,-368,-4,-4,-444,-16,0,-16,-8,12,-444,-376,0,-8,-4
2879,0x557414aa5340,R,0x7ffdaed52310,1,28,12,46770485371712,16,16,20,20,12,260,16,0,20,46770485371712,12,28,16,-12,-20,-20,-16,-16,-456,-46770485371712,-12,-28,-16,-12,-456,-388,-20,-16,-16
2881,0x557414aa5344,R,0x7ffdaed52304,1,-12,0,46770485371700,444,16,8,4,0,248,444,0,8,16,0,16,444,-368,-8,-4,-4,-16,-444,-46770485371700,-8,12,-4,0,0,-8,-8,-4,-4
2884,0x557414aa534a,R,0x7ffdaed52194,1,-368,-368,-352,76,-352,-364,-364,-368,-360,76,-368,-364,-380,-368,46770485371332,76,360,360,364,364,352,368,352,360,380,-76,-8,368,364,360,364,-76
2886,0x557414aa534d,R,0x7ffdaed522fc,1,360,-8,-20,436,46770485371692,-4,-4,0,-4,436,240,-4,-20,0,8,436,4,0,4,-436,-46770485371692,8,-8,4,8,-436,0,8,4,4,-8,-436
2887,0x557414aa534d,W,0x7ffdaed522fc,1,0,-8,-8,436,8,-4,8,0,-4,-8,0,-4,-8,0,8,-8,4,4,-8,-436,-46770485371692,0,20,4,-368,-436,0,0,4,4,-46770485371692,-436
2889,0x557414aa5350,R,0x7ffdaed52300,1,4,4,364,440,-16,0,46770485371696,4,0,-4,4,440,244,4,-16,-4,0,0,-12,4,-12,-4,4,0,-372,4,0,-4,-12,0,-46770485371696,4
2890,0x557414aa5350,W,0x7ffdaed52300,1,0,4,364,-4,-4,0,12,4,12,-4,0,440,244,0,-4,-4,0,-440,-46770485371696,4,16,-4,4,-440,-4,4,0,-4,-12,-440,-12,4
2892,0x557414aa5354,R,0x7ffdaed52300,1,0,0,4,-4,-4,440,-16,4,46770485371696,-4,0,440,4,0,-4,4,-12,-440,-12,4,16,0,-372,-440,0,4,0,0,-46770485371696,-440,16,4
2894,0x557414aa5357,R,0x7ffdaed522f4,1,-12,-12,-8,-8,352,428,-28,-12,0,-16,0,428,-12,-12,232,-8,-46770485371684,-428,0,8,16,12,8,-428,12,8,0,12,0,-428,16,16
2897,0x557414aa5334,W,0x7ffdaed52148,1,-428,-440,-440,-436,-76,-444,-444,-440,-428,-436,46770485371256,0,-440,-440,-436,-436,-46770485371256,444,456,436,68,440,436,444,440,436,-46770485371256,440,456,0,160,444
2900,0x557414aa50f4,R,0x557414aa7fd0,1,-46770485371684,-46770485371256,-46770485371696,-46770485371692,-46770485371692,-46770485371700,-46770485371700,-46770485371256,-46770485371712,-46770485371692,0,-46770485371700,-46770485371684,-46770485371696,-46770485371696,-46770485371692,46770485371684,46770485371700,46770485371700,46770485371692,46770485371324,46770485371256,46770485371696,46770485371700,46770485371684,46770485371692,46770485371684,46770485371696,46770485371700,46770485371256,46770485371416,46770485371692
2903,0x557414aa533a,R,0x7ffdaed522f4,1,46770485371684,428,-12,-12,-12,-16,352,428,-28,-12,0,-16,0,428,-12,-8,28,16,16,12,8,-428,12,16,-46770485371684,8,28,12,16,16,8,8
2905,0x557414aa533d,W,0x7ffdaed52304,1,16,444,16,4,4,8,8,444,0,4,16,8,46770485371700,444,4,4,12,-8,-376,-4,-4,-444,-16,0,-16,-8,12,-444,-284,0,-8,-4
2907,0x557414aa5340,R,0x7ffdaed52310,1,28,12,46770485371712,16,16,20,20,12,380,16,0,20,46770485371712,12,28,16,-12,-20,-20,-16,-16,-456,-46770485371712,-12,-28,-16,-12,-456,-296,-20,-16,-16
2909,0x557414aa5344,R,0x7ffdaed52304,1,-12,0,46770485371700,444,16,8,4,0,368,444,0,8,16,0,16,444,-376,-8,-4,-4,-16,-444,-46770485371700,-8,12,-4,0,0,-8,-8,-4,-4
2912,0x557414aa534a,R,0x7ffdaed5218c,1,-376,-376,-360,68,-360,-372,-372,-376,-368,68,-376,-372,-388,-376,46770485371324,68,368,368,372,372,360,376,360,368,388,-68,92,376,372,368,372,-68
2914,0x557414aa534d,R,0x7ffdaed522fc,1,368,-8,-20,436,46770485371692,-4,-4,0,-4,436,360,-4,-20,0,8,436,4,0,4,-436,-46770485371692,8,-8,4,8,-436,0,8,4,4,-8,-436
2915,0x557414aa534d,W,0x7ffdaed522fc,1,0,-8,-8,436,8,-4,8,0,-4,-8,0,-4,-8,0,8,-8,4,4,-8,-436,-46770485371692,0,20,4,-276,-436,0,0,4,4,-46770485371692,-436
2917,0x557414aa5350,R,0x7ffdaed52300,1,4,4,372,440,-16,0,46770485371696,4,0,-4,4,440,364,4,-16,-4,0,0,-12,4,-12,-4,4,0,-280,4,0,-4,-12,0,-46770485371696,4
2918,0x557414aa5350,W,0x7ffdaed52300,1,0,4,372,-4,-4,0,12,4,12,-4,0,440,364,0,-4,-4,0,-440,-46770485371696,4,16,-4,4,-440,-4,4,0,-4,-12,-440,-12,4
2920,0x557414aa5354,R,0x7ffdaed52300,1,0,0,4,-4,-4,440,-16,4,46770485371696,-4,0,440,4,0,-4,4,-12,-440,-12,4,16,0,-280,-440,0,4,0,0,-46770485371696,-440,16,4
2922,0x557414aa5357,R,0x7ffdaed522f4,1,-12,-12,-8,-8,360,428,-28,-12,0,-16,0,428,-12,-12,352,-8,-46770485371684,-428,0,8,16,12,8,-428,12,8,0,12,0,-428,16,16
2925,0x557414aa5334,W,0x7ffdaed52148,1,-428,-440,-440,-436,-68,-444,-444,-440,-428,-436,46770485371256,0,-440,-440,-436,-436,-46770485371256,444,456,436,160,440,436,444,440,436,-46770485371256,440,456,0,348,444
2928,0x557414aa50f4,R,0x557414aa7fd0,1,-46770485371684,-46770485371256,-46770485371696,-46770485371692,-46770485371692,-46770485371700,-46770485371700,-46770485371256,-46770485371712,-46770485371692,0,-46770485371700,-46770485371684,-46770485371696,-46770485371696,-46770485371692,46770485371684,46770485371700,46770485371700,46770485371692,46770485371416,46770485371256,46770485371696,46770485371700,46770485371684,46770485371692,46770485371684,46770485371696,46770485371700,46770485371256,46770485371604,46770485371692
2931,0x557414aa533a,R,0x7ffdaed522f4,1,46770485371684,428,-12,-12,-12,-16,360,428,-28,-12,0,-16,0,428,-12,-8,28,16,16,12,8,-428,12,16,-46770485371684,8,28,12,16,16,8,8
2933,0x557414aa533d,W,0x7ffdaed52304,1,16,444,16,4,4,8,8,444,0,4,16,8,46770485371700,444,4,4,12,-8,-284,-4,-4,-444,-16,0,-16,-8,12,-444,-96,0,-8,-4
2935,0x557414aa5340,R,0x7ffdaed52310,1,28,12,46770485371712,16,16,20,20,12,388,16,0,20,46770485371712,12,28,16,-12,-20,-20,-16,-16,-456,-46770485371712,-12,-28,-16,-12,-456,-108,-20,-16,-16
2937,0x557414aa5344,R,0x7ffdaed52304,1,-12,0,46770485371700,444,16,8,4,0,376,444,0,8,16,0,16,444,-284,-8,-4,-4,-16,-444,-46770485371700,-8,12,-4,0,0,-8,-8,-4,-4
2940,0x557414aa534a,R,0x7ffdaed521e8,1,-284,-284,-268,160,-268,-280,-280,-284,-276,160,-284,-280,-296,-284,46770485371416,160,276,276,280,280,268,284,268,276,296,-160,188,284,280,276,280,-160
2942,0x557414aa534d,R,0x7ffdaed522fc,1,276,-8,-20,436,46770485371692,-4,-4,0,-4,436,368,-4,-20,0,8,436,4,0,4,-436,-46770485371692,8,-8,4,8,-436,0,8,4,4,-8,-436
2943,0x557414aa534d,W,0x7ffdaed522fc,1,0,-8,-8,436,8,-4,8,0,-4,-8,0,-4,-8,0,8,-8,4,4,-8,-436,-46770485371692,0,20,4,-88,-436,0,0,4,4,-46770485371692,-436
2945,0x557414aa5350,R,0x7ffdaed52300,1,4,4,280,440,-16,0,46770485371696,4,0,-4,4,440,372,4,-16,-4,0,0,-12,4,-12,-4,4,0,-92,4,0,-4,-12,0,-46770485371696,4
2946,0x557414aa5350,W,0x7ffdaed52300,1,0,4,280,-4,-4,0,12,4,12,-4,0,440,372,0,-4,-4,0,-440,-46770485371696,4,16,-4,4,-440,-4,4,0,-4,-12,-440,-12,4
2948,0x557414aa5354,R,0x7ffdaed52300,1,0,0,4,-4,-4,440,-16,4,46770485371696,-4,0,440,4,0,-4,4,-12,-440,-12,4,16,0,-92,-440,0,4,0,0,-46770485371696,-440,16,4
2950,0x557414aa5357,R,0x7ffdaed522f4,1,-12,-12,-8,-8,268,428,-28,-12,0,-16,0,428,-12,-12,360,-8,-46770485371684,-428,0,8,16,12,8,-428,12,8,0,12,0,-428,16,16
2953,0x557414aa5334,W,0x7ffdaed52148,1,-428,-440,-440,-436,-160,-444,-444,-440,-428,-436,46770485371256,0,-440,-440,-436,-436,-46770485371256,444,456,436,348,440,436,444,440,436,-46770485371256,440,456,0,20,444
2956,0x557414aa50f4,R,0x557414aa7fd0,1,-46770485371684,-46770485371256,-46770485371696,-46770485371692,-46770485371692,-46770485371700,-46770485371700,-46770485371256,-46770485371712,-46770485371692,0,-46770485371700,-46770485371684,-46770485371696,-46770485371696,-46770485371692,46770485371684,46770485371700,46770485371700,46770485371692,46770485371604,46770485371256,46770485371696,46770485371700,46770485371684,46770485371692,46770485371684,46770485371696,46770485371700,46770485371256,46770485371276,46770485371692
2959,0x557414aa533a,R,0x7ffdaed522f4,1,46770485371684,428,-12,-12,-12,-16,268,428,-28,-12,0,-16,0,428,-12,-8,28,16,16,12,8,-428,12,16,-46770485371684,8,28,12,16,16,8,8
2961,0x557414aa533d,W,0x7ffdaed52304,1,16,444,16,4,4,8,8,444,0,4,16,8,46770485371700,444,4,4,12,-8,-96,-4,-4,-444,-16,0,-16,-8,12,-444,-424,0,-8,-4
2963,0x557414aa5340,R,0x7ffdaed52310,1,28,12,46770485371712,16,16,20,20,12,296,16,0,20,46770485371712,12,28,16,-12,-20,-20,-16,-16,-456,-46770485371712,-12,-28,-16,-12,-456,-436,-20,-16,-16
2965,0x557414aa5344,R,0x7ffdaed52304,1,-12,0,46770485371700,444,16,8,4,0,284,444,0,8,16,0,16,444,-96,-8,-4,-4,-16,-444,-46770485371700,-8,12,-4,0,0,-8,-8,-4,-4
2968,0x557414aa534a,R,0x7ffdaed522a4,1,-96,-96,-80,348,-80,-92,-92,-96,-88,348,-96,-92,-108,-96,46770485371604,348,88,88,92,92,80,96,80,88,108,-348,-328,96,92,88,92,-348
2970,0x557414aa534d,R,0x7ffdaed522fc,1,88,-8,-20,436,46770485371692,-4,-4,0,-4,436,276,-4,-20,0,8,436,4,0,4,-436,-46770485371692,8,-8,4,8,-436,0,8,4,4,-8,-436
2971,0x557414aa534d,W,0x7ffdaed522fc,1,0,-8,-8,436,8,-4,8,0,-4,-8,0,-4,-8,0,8,-8,4,4,-8,-436,-46770485371692,0,20,4,-416,-436,0,0,4,4,-46770485371692,-436
2973,0x557414aa5350,R,0x7ffdaed52300,1,4,4,92,440,-16,0,46770485371696,4,0,-4,4,440,280,4,-16,-4,0,0,-12,4,-12,-4,4,0,-420,4,0,-4,-12,0,-46770485371696,4
2974,0x557414aa5350,W,0x7ffdaed52300,1,0,4,92,-4,-4,0,12,4,12,-4,0,440,280,0,-4,-4,0,-440,-46770485371696,4,16,-4,4,-440,-4,4,0,-4,-12,-440,-12,4
2976,0x557414aa5354,R,0x7ffdaed52300,1,0,0,4,-4,-4,440,-16,4,46770485371696,-4,0,440,4,0,-4,4,-12,-440,-12,4,16,0,-420,-440,0,4,0,0,-46770485371696,-440,16,4
2978,0x557414aa5357,R,0x7ffdaed522f4,1,-12,-12,-8,-8,80,428,-28,-12,0,-16,0,428,-12,-12,268,-8,-46770485371684,-428,0,8,16,12,8,-428,12,8,0,12,0,-428,16,16
2981,0x557414aa5334,W,0x7ffdaed52148,1,-428,-440,-440,-436,-348,-444,-444,-440,-428,-436,46770485371256,0,-440,-440,-436,-436,-46770485371256,444,456,436,20,440,436,444,440,436,-46770485371256,440,456,0,28,444
2984,0x557414aa50f4,R,0x557414aa7fd0,1,-46770485371684,-46770485371256,-46770485371696,-46770485371692,-46770485371692,-46770485371700,-46770485371700,-46770485371256,-46770485371712,-46770485371692,0,-46770485371700,-46770485371684,-46770485371696,-46770485371696,-46770485371692,46770485371684,46770485371700,46770485371700,46770485371692,46770485371276,46770485371256,46770485371696,46770485371700,46770485371684,46770485371692,46770485371684,46770485371696,46770485371700,46770485371256,46770485371284,46770485371692
2987,0x557414aa533a,R,0x7ffdaed522f4,1,46770485371684,428,-12,-12,-12,-16,80,428,-28,-12,0,-16,0,428,-12,-8,28,16,16,12,8,-428,12,16,-46770485371684,8,28,12,16,16,8,8
2989,0x557414aa533d,W,0x7ffdaed52304,1,16,444,16,4,4,8,8,444,0,4,16,8,46770485371700,444,4,4,12,-8,-424,-4,-4,-444,-16,0,-16,-8,12,-444,-416,0,-8,-4
2991,0x557414aa5340,R,0x7ffdaed52310,1,28,12,46770485371712,16,16,20,20,12,108,16,0,20,46770485371712,12,28,16,-12,-20,-20,-16,-16,-456,-46770485371712,-12,-28,-16,-12,-456,-428,-20,-16,-16
2993,0x557414aa5344,R,0x7ffdaed52304,1,-12,0,46770485371700,444,16,8,4,0,96,444,0,8,16,0,16,444,-424,-8,-4,-4,-16,-444,-46770485371700,-8,12,-4,0,0,-8,-8,-4,-4
2996,0x557414aa534a,R,0x7ffdaed5215c,1,-424,-424,-408,20,-408,-420,-420,-424,-416,20,-424,-420,-436,-424,46770485371276,20,416,416,420,420,408,424,408,416,436,-20,8,424,420,416,420,-20
2998,0x557414aa534d,R,0x7ffdaed522fc,1,416,-8,-20,436,46770485371692,-4,-4,0,-4,436,88,-4,-20,0,8,436,4,0,4,-436,-46770485371692,8,-8,4,8,-436,0,8,4,4,-8,-436
2999,0x557414aa534d,W,0x7ffdaed522fc,1,0,-8,-8,436,8,-4,8,0,-4,-8,0,-4,-8,0,8,-8,4,4,-8,-436,-46770485371692,0,20,4,-408,-436,0,0,4,4,-46770485371692,-436
3001,0x557414aa5350,R,0x7ffdaed52300,1,4,4,420,440,-16,0,46770485371696,4,0,-4,4,440,92,4,-16,-4,0,0,-12,4,-12,-4,4,0,-412,4,0,-4,-12,0,-46770485371696,4
3002,0x557414aa5350,W,0x7ffdaed52300,1,0,4,420,-4,-4,0,12,4,12,-4,0,440,92,0,-4,-4,0,-440,-46770485371696,4,16,-4,4,-440,-4,4,0,-4,-12,-440,-12,4
3004,0x557414aa5354,R,0x7ffdaed52300,1,0,0,4,-4,-4,440,-16,4,46770485371696,-4,0,440,4,0,-4,4,-12,-440,-12,4,16,0,-412,-440,0,4,0,0,-46770485371696,-440,16,4
3006,0x557414aa5357,R,0x7ffdaed522f4,1,-12,-12,-8,-8,408,428,-28,-12,0,-16,0,428,-12,-12,80,-8,-46770485371684,-428,0,8,16,12,8,-428,12,8,0,12,0,-428,16,16
3009,0x557414aa5334,W,0x7ffdaed52148,1,-428,-440,-440,-436,-20,-444,-444,-440,-428,-436,46770485371256,0,-440,-440,-436,-436,-46770485371256,444,456,436,28,440,436,444,440,436,-46770485371256,440,456,0,380,444
3012,0x557414aa50f4,R,0x557414aa7fd0,1,-46770485371684,-46770485371256,-46770485371696,-46770485371692,-46770485371692,-46770485371700,-46770485371700,-46770485371256,-46770485371712,-46770485371692,0,-46770485371700,-46770485371684,-46770485371696,-46770485371696,-46770485371692,46770485371684,46770485371700,46770485371700,46770485371692,46770485371284,46770485371256,46770485371696,46770485371700,46770485371684,46770485371692,46770485371684,46770485371696,46770485371700,46770485371256,46770485371636,46770485371692
3015,0x557414aa533a,R,0x7ffdaed522f4,1,46770485371684,428,-12,-12,-12,-16,408,428,-28,-12,0,-16,0,428,-12,-8,28,16,16,12,8,-428,12,16,-46770485371684,8,28,12,16,16,8,8
3017,0x557414aa533d,W,0x7ffdaed52304,1,16,444,16,4,4,8,8,444,0,4,16,8,46770485371700,444,4,4,12,-8,-416,-4,-4,-444,-16,0,-16,-8,12,-444,-64,0,-8,-4
3019,0x557414aa5340,R,0x7ffdaed52310,1,28,12,46770485371712,16,16,20,20,12,436,16,0,20,46770485371712,12,28,16,-12,-20,-20,-16,-16,-456,-46770485371712,-12,-28,-16,-12,-456,-76,-20,-16,-16
3021,0x557414aa5344,R,0x7ffdaed52304,1,-12,0,46770485371700,444,16,8,4,0,424,444,0,8,16,0,16,444,-416,-8,-4,-4,-16,-444,-46770485371700,-8,12,-4,0,0,-8,-8,-4,-4
3024,0x557414aa534a,R,0x7ffdaed52164,1,-416,-416,-400,28,-400,-412,-412,-416,-408,28,-416,-412,-428,-416,46770485371284,28,408,408,412,412,400,416,400,408,428,-28,352,416,412,408,412,-28
3026,0x557414aa534d,R,0x7ffdaed522fc,1,408,-8,-20,436,46770485371692,-4,-4,0,-4,436,416,-4,-20,0,8,436,4,0,4,-436,-46770485371692,8,-8,4,8,-436,0,8,4,4,-8,-436
3027,0x557414aa534d,W,0x7ffdaed522fc,1,0,-8,-8,436,8,-4,8,0,-4,-8,0,-4,-8,0,8,-8,4,4,-8,-436,-46770485371692,0,20,4,-56,-436,0,0,4,4,-46770485371692,-436
3029,0x557414aa5350,R,0x7ffdaed52300,1,4,4,412,440,-16,0,46770485371696,4,0,-4,4,440,420,4,-16,-4,0,0,-12,4,-12,-4,4,0,-60,4,0,-4,-12,0,-46770485371696,4
3030,0x557414aa5350,W,0x7ffdaed52300,1,0,4,412,-4,-4,0,12,4,12,-4,0,440,420,0,-4,-4,0,-440,-46770485371696,4,16,-4,4,-440,-4,4,0,-4,-12,-440,-12,4
3032,0x557414aa5354,R,0x7ffdaed52300,1,0,0,4,-4,-4,440,-16,4,46770485371696,-4,0,440,4,0,-4,4,-12,-440,-12,4,16,0,-60,-440,0,4,0,0,-46770485371696,-440,16,4
3034,0x557414aa5357,R,0x7ffdaed522f4,1,-12,-12,-8,-8,400,428,-28,-12,0,-16,0,428,-12,-12,408,-8,-46770485371684,-428,0,8,16,12,8,-428,12,8,0,12,0,-428,16,16
3037,0x557414aa5334,W,0x7ffdaed52148,1,-428,-440,-440,-436,-28,-444,-444,-440,-428,-436,46770485371256,0,-440,-440,-436,-436,-46770485371256,444,456,436,380,440,436,444,440,436,-46770485371256,440,456,0,112,444
3040,0x557414aa50f4,R,0x557414aa7fd0,1,-46770485371684,-46770485371256,-46770485371696,-46770485371692,-46770485371692,-46770485371700,-46770485371700,-46770485371256,-46770485371712,-46770485371692,0,-46770485371700,-46770485371684,-46770485371696,-46770485371696,-46770485371692,46770485371684,46770485371700,46770485371700,46770485371692,46770485371636,46770485371256,46770485371696,46770485371700,46770485371684,46770485371692,46770485371684,46770485371696,46770485371700,46770485371256,46770485371368,46770485371692
3043,0x557414aa533a,R,0x7ffdaed522f4,1,46770485371684,428,-12,-12,-12,-16,400,428,-28,-12,0,-16,0,428,-12,-8,28,16,16,12,8,-428,12,16,-46770485371684,8,28,12,16,16,8,8
3045,0x557414aa533d,W,0x7ffdaed52304,1,16,444,16,4,4,8,8,444,0,4,16,8,46770485371700,444,4,4,12,-8,-64,-4,-4,-444,-16,0,-16,-8,12,-444,-332,0,-8,-4
3047,0x557414aa5340,R,0x7ffdaed52310,1,28,12,46770485371712,16,16,20,20,12,428,16,0,20,46770485371712,12,28,16,-12,-20,-20,-16,-16,-456,-46770485371712,-12,-28,-16,-12,-456,-344,-20,-16,-16
3049,0x557414aa5344,R,0x7ffdaed52304,1,-12,0,46770485371700,444,16,8,4,0,416,444,0,8,16,0,16,444,-64,-8,-4,-4,-16,-444,-46770485371700,-8,12,-4,0,0,-8,-8,-4,-4
3052,0x557414aa534a,R,0x7ffdaed522c4,1,-64,-64,-48,380,-48,-60,-60,-64,-56,380,-64,-60,-76,-64,46770485371636,380,56,56,60,60,48,64,48,56,76,-380,-268,64,60,56,60,-380
3054,0x557414aa534d,R,0x7ffdaed522fc,1,56,-8,-20,436,46770485371692,-4,-4,0,-4,436,408,-4,-20,0,8,436,4,0,4,-436,-46770485371692,8,-8,4,8,-436,0,8,4,4,-8,-436
3055,0x557414aa534d,W,0x7ffdaed522fc,1,0,-8,-8,436,8,-4,8,0,-4,-8,0,-4,-8,0,8,-8,4,4,-8,-436,-46770485371692,0,20,4,-324,-436,0,0,4,4,-46770485371692,-436
3057,0x557414aa5350,R,0x7ffdaed52300,1,4,4,60,440,-16,0,46770485371696,4,0,-4,4,440,412,4,-16,-4,0,0,-12,4,-12,-4,4,0,-328,4,0,-4,-12,0,-46770485371696,4
3058,0x557414aa5350,W,0x7ffdaed52300,1,0,4,60,-4,-4,0,12,4,12,-4,0,440,412,0,-4,-4,0,-440,-46770485371696,4,16,-4,4,-440,-4,4,0,-4,-12,-440,-12,4
3060,0x557414aa5354,R,0x7ffdaed52300,1,0,0,4,-4,-4,440,-16,4,46770485371696,-4,0,440,4,0,-4,4,-12,-440,-12,4,16,0,-328,-440,0,4,0,0,-46770485371696,-440,16,4
3062,0x557414aa5357,R,0x7ffdaed522f4,1,-12,-12,-8,-8,48,428,-28,-12,0,-16,0,428,-12,-12,400,-8,-46770485371684,-428,0,8,16,12,8,-428,12,8,0,12,0,-428,16,16
3065,0x557414aa5334,W,0x7ffdaed52148,1,-428,-440,-440,-436,-380,-444,-444,-440,-428,-436,46770485371256,0,-440,-440,-436,-436,-46770485371256,444,456,436,112,440,436,444,440,436,-46770485371256,440,456,0,88,444
3068,0x557414aa50f4,R,0x557414aa7fd0,1,-46770485371684,-46770485371256,-46770485371696,-46770485371692,-46770485371692,-46770485371700,-46770485371700,-46770485371256,-46770485371712,-46770485371692,0,-46770485371700,-46770485371684,-46770485371696,-46770485371696,-46770485371692,46770485371684,46770485371700,46770485371700,46770485371692,46770485371368,46770485371256,46770485371696,46770485371700,46770485371684,46770485371692,46770485371684,46770485371696,46770485371700,46770485371256,46770485371344,46770485371692
3071,0x557414aa533a,R,0x7ffdaed522f4,1,46770485371684,428,-12,-12,-12,-16,48,428,-28,-12,0,-16,0,428,-12,-8,28,16,16,12,8,-428,12,16,-46770485371684,8,28,12,16,16,8,8
3073,0x557414aa533d,W,0x7ffdaed52304,1,16,444,16,4,4,8,8,444,0,4,16,8,46770485371700,444,4,4,12,-8,-332,-4,-4,-444,-16,0,-16,-8,12,-444,-356,0,-8,-4
3075,0x557414aa5340,R,0x7ffdaed52310,1,28,12,46770485371712,16,16,20,20,12,76,16,0,20,46770485371712,12,28,16,-12,-20,-20,-16,-16,-456,-46770485371712,-12,-28,-16,-12,-456,-368,-20,-16,-16
3077,0x557414aa5344,R,0x7ffdaed52304,1,-12,0,46770485371700,444,16,8,4,0,64,444,0,8,16,0,16,444,-332,-8,-4,-4,-16,-444,-46770485371700,-8,12,-4,0,0,-8,-8,-4,-4
3080,0x557414aa534a,R,0x7ffdaed521b8,1,-332,-332,-316,112,-316,-328,-328,-332,-324,112,-332,-328,-344,-332,46770485371368,112,324,324,328,328,316,332,316,324,344,-112,-24,332,328,324,328,-112
3082,0x557414aa534d,R,0x7ffdaed522fc,1,324,-8,-20,436,46770485371692,-4,-4,0,-4,436,56,-4,-20,0,8,436,4,0,4,-436,-46770485371692,8,-8,4,8,-436,0,8,4,4,-8,-436
3083,0x557414aa534d,W,0x7ffdaed522fc,1,0,-8,-8,436,8,-4,8,0,-4,-8,0,-4,-8,0,8,-8,4,4,-8,-436,-46770485371692,0,20,4,-348,-436,0,0,4,4,-46770485371692,-436
3085,0x557414aa5350,R,0x7ffdaed52300,1,4,4,328,440,-16,0,46770485371696,4,0,-4,4,440,60,4,-16,-4,0,0,-12,4,-12,-4,4,0,-352,4,0,-4,-12,0,-46770485371696,4
3086,0x557414aa5350,W,0x7ffdaed52300,1,0,4,328,-4,-4,0,12,4,12,-4,0,440,60,0,-4,-4,0,-440,-46770485371696,4,16,-4,4,-440,-4,4,0,-4,-12,-440,-12,4
3088,0x557414aa5354,R,0x7ffdaed52300,1,0,0,4,-4,-4,440,-16,4,46770485371696,-4,0,440,4,0,-4,4,-12,-440,-12,4,16,0,-352,-440,0,4,0,0,-46770485371696,-440,16,4
3090,0x557414aa5357,R,0x7ffdaed522f4,1,-12,-12,-8,-8,316,428,-28,-12,0,-16,0,428,-12,-12,48,-8,-46770485371684,-428,0,8,16,12,8,-428,12,8,0,12,0,-428,16,16
3093,0x557414aa5334,W,0x7ffdaed52148,1,-428,-440,-440,-436,-112,-444,-444,-440,-428,-436,46770485371256,0,-440,-440,-436,-436,-46770485371256,444,456,436,88,440,436,444,440,436,-46770485371256,440,456,0,100,444
3096,0x557414aa50f4,R,0x557414aa7fd0,1,-46770485371684,-46770485371256,-46770485371696,-46770485371692,-46770485371692,-46770485371700,-46770485371700,-46770485371256,-46770485371712,-46770485371692,0,-46770485371700,-46770485371684,-46770485371696,-46770485371696,-46770485371692,46770485371684,46770485371700,46770485371700,46770485371692,46770485371344,46770485371256,46770485371696,46770485371700,46770485371684,46770485371692,46770485371684,46770485371696,46770485371700,46770485371256,46770485371356,46770485371692
3099,0x557414aa533a,R,0x7ffdaed522f4,1,46770485371684,428,-12,-12,-12,-16,316,428,-28,-12,0,-16,0,428,-12,-8,28,16,16,12,8,-428,12,16,-46770485371684,8,28,12,16,16,8,8
3101,0x557414aa533d,W,0x7ffdaed52304,1,16,444,16,4,4,8,8,444,0,4,16,8,46770485371700,444,4,4,12,-8,-356,-4,-4,-444,-16,0,-16,-8,12,-444,-344,0,-8,-4
3103,0x557414aa5340,R,0x7ffdaed52310,1,28,12,46770485371712,16,16,20,20,12,344,16,0,20,46770485371712,12,28,16,-12,-20,-20,-16,-16,-456,-46770485371712,-12,-28,-16,-12,-456,-356,-20,-16,-16
3105,0x557414aa5344,R,0x7ffdaed52304,1,-12,0,46770485371700,444,16,8,4,0,332,444,0,8,16,0,16,444,-356,-8,-4,-4,-16,-444,-46770485371700,-8,12,-4,0,0,-8,-8,-4,-4
3108,0x557414aa534a,R,0x7ffdaed521a0,1,-356,-356,-340,88,-340,-352,-352,-356,-348,88,-356,-352,-368,-356,46770485371344,88,348,348,352,352,340,356,340,348,368,-88,12,356,352,348,352,-88
3110,0x557414aa534d,R,0x7ffdaed522fc,1,348,-8,-20,436,46770485371692,-4,-4,0,-4,436,324,-4,-20,0,8,436,4,0,4,-436,-46770485371692,8,-8,4,8,-436,0,8,4,4,-8,-436
3111,0x557414aa534d,W,0x7ffdaed522fc,1,0,-8,-8,436,8,-4,8,0,-4,-8,0,-4,-8,0,8,-8,4,4,-8,-436,-46770485371692,0,20,4,-336,-436,0,0,4,4,-46770485371692,-436
3113,0x557414aa5350,R,0x7ffdaed52300,1,4,4,352,440,-16,0,46770485371696,4,0,-4,4,440,328,4,-16,-4,0,0,-12,4,-12,-4,4,0,-340,4,0,-4,-12,0,-46770485371696,4
3114,0x557414aa5350,W,0x7ffdaed52300,1,0,4,352,-4,-4,0,12,4,12,-4,0,440,328,0,-4,-4,0,-440,-46770485371696,4,16,-4,4,-440,-4,4,0,-4,-12,-440,-12,4
3116,0x557414aa5354,R,0x7ffdaed52300,1,0,0,4,-4,-4,440,-16,4,46770485371696,-4,0,440,4,0,-4,4,-12,-440,-12,4,16,0,-340,-440,0,4,0,0,-46770485371696,-440,16,4
3118,0x557414aa5357,R,0x7ffdaed522f4,1,-12,-12,-8,-8,340,428,-28,-12,0,-16,0,428,-12,-12,316,-8,-46770485371684,-428,0,8,16,12,8,-428,12,8,0,12,0,-428,16,16
3121,0x557414aa5334,W,0x7ffdaed52148,1,-428,-440,-440,-436,-88,-444,-444,-440,-428,-436,46770485371256,0,-440,-440,-436,-436,-46770485371256,444,456,436,100,440,436,444,440,436,-46770485371256,440,456,0,240,444
3124,0x557414aa50f4,R,0x557414aa7fd0,1,-46770485371684,-46770485371256,-46770485371696,-46770485371692,-46770485371692,-46770485371700,-46770485371700,-46770485371256,-46770485371712,-46770485371692,0,-46770485371700,-46770485371684,-46770485371696,-46770485371696,-46770485371692,46770485371684,46770485371700,46770485371700,46770485371692,46770485371356,46770485371256,46770485371696,46770485371700,46770485371684,46770485371692,46770485371684,46770485371696,46770485371700,46770485371256,46770485371496,46770485371692
3127,0x557414aa533a,R,0x7ffdaed522f4,1,46770485371684,428,-12,-12,-12,-16,340,428,-28,-12,0,-16,0,428,-12,-8,28,16,16,12,8,-428,12,16,-46770485371684,8,28,12,16,16,8,8
3129,0x557414aa533d,W,0x7ffdaed52304,1,16,444,16,4,4,8,8,444,0,4,16,8,46770485371700,444,4,4,12,-8,-344,-4,-4,-444,-16,0,-16,-8,12,-444,-204,0,-8,-4
3131,0x557414aa5340,R,0x7ffdaed52310,1,28,12,46770485371712,16,16,20,20,12,368,16,0,20,46770485371712,12,28,16,-12,-20,-20,-16,-16,-456,-46770485371712,-12,-28,-16,-12,-456,-216,-20,-16,-16
3133,0x557414aa5344,R,0x7ffdaed52304,1,-12,0,46770485371700,444,16,8,4,0,356,444,0,8,16,0,16,444,-344,-8,-4,-4,-16,-444,-46770485371700,-8,12,-4,0,0,-8,-8,-4,-4
3136,0x557414aa534a,R,0x7ffdaed521ac,1,-344,-344,-328,100,-328,-340,-340,-344,-336,100,-344,-340,-356,-344,46770485371356,100,336,336,340,340,328,344,328,336,356,-100,140,344,340,336,340,-100
3138,0x557414aa534d,R,0x7ffdaed522fc,1,336,-8,-20,436,46770485371692,-4,-4,0,-4,436,348,-4,-20,0,8,436,4,0,4,-436,-46770485371692,8,-8,4,8,-436,0,8,4,4,-8,-436
3139,0x557414aa534d,W,0x7ffdaed522fc,1,0,-8,-8,436,8,-4,8,0,-4,-8,0,-4,-8,0,8,-8,4,4,-8,-436,-46770485371692,0,20,4,-196,-436,0,0,4,4,-46770485371692,-436
3141,0x557414aa5350,R,0x7ffdaed52300,1,4,4,340,440,-16,0,46770485371696,4,0,-4,4,440,352,4,-16,-4,0,0,-12,4,-12,-4,4,0,-200,4,0,-4,-12,0,-46770485371696,4
3142,0x557414aa5350,W,0x7ffdaed52300,1,0,4,340,-4,-4,0,12,4,12,-4,0,440,352,0,-4,-4,0,-440,-46770485371696,4,16,-4,4,-440,-4,4,0,-4,-12,-440,-12,4
3144,0x557414aa5354,R,0x7ffdaed52300,1,0,0,4,-4,-4,440,-16,4,46770485371696,-4,0,440,4,0,-4,4,-12,-440,-12,4,16,0,-200,-440,0,4,0,0,-46770485371696,-440,16,4
3146,0x557414aa5357,R,0x7ffdaed522f4,1,-12,-12,-8,-8,328,428,-28,-12,0,-16,0,428,-12,-12,340,-8,-46770485371684,-428,0,8,16,12,8,-428,12,8,0,12,0,-428,16,16
3149,0x557414aa5334,W,0x7ffdaed52148,1,-428,-440,-440,-436,-100,-444,-444,-440,-428,-436,46770485371256,0,-440,-440,-436,-436,-46770485371256,444,456,436,240,440,436,444,440,436,-46770485371256,440,456,0,400,444
3152,0x557414aa50f4,R,0x557414aa7fd0,1,-46770485371684,-46770485371256,-46770485371696,-46770485371692,-46770485371692,-46770485371700,-46770485371700,-46770485371256,-46770485371712,-46770485371692,0,-46770485371700,-46770485371684,-46770485371696,-46770485371696,-46770485371692,46770485371684,46770485371700,46770485371700,46770485371692,46770485371496,46770485371256,46770485371696,46770485371700,46770485371684,46770485371692,46770485371684,46770485371696,46770485371700,46770485371256,46770485371656,46770485371692
3155,0x557414aa533a,R,0x7ffdaed522f4,1,46770485371684,428,-12,-12,-12,-16,328,428,-28,-12,0,-16,0,428,-12,-8,28,16,16,12,8,-428,12,16,-46770485371684,8,28,12,16,16,8,8
3157,0x557414aa533d,W,0x7ffdaed52304,1,16,444,16,4,4,8,8,444,0,4,16,8,46770485371700,444,4,4,12,-8,-204,-4,-4,-444,-16,0,-16,-8,12,-444,-44,0,-8,-4
3159,0x557414aa5340,R,0x7ffdaed52310,1,28,12,46770485371712,16,16,20,20,12,356,16,0,20,46770485371712,12,28,16,-12,-20,-20,-16,-16,-456,-46770485371712,-12,-28,-16,-12,-456,-56,-20,-16,-16
3161,0x557414aa5344,R,0x7ffdaed52304,1,-12,0,46770485371700,444,16,8,4,0,344,444,0,8,16,0,16,444,-204,-8,-4,-4,-16,-444,-46770485371700,-8,12,-4,0,0,-8,-8,-4,-4
3164,0x557414aa534a,R,0x7ffdaed52238,1,-204,-204,-188,240,-188,-200,-200,-204,-196,240,-204,-200,-216,-204,46770485371496,240,196,196,200,200,188,204,188,196,216,-240,160,204,200,196,200,-240
3166,0x557414aa534d,R,0x7ffdaed522fc,1,196,-8,-20,436,46770485371692,-4,-4,0,-4,436,336,-4,-20,0,8,436,4,0,4,-436,-46770485371692,8,-8,4,8,-436,0,8,4,4,-8,-436
3167,0x557414aa534d,W,0x7ffdaed522fc,1,0,-8,-8,436,8,-4,8,0,-4,-8,0,-4,-8,0,8,-8,4,4,-8,-436,-46770485371692,0,20,4,-36,-436,0,0,4,4,-46770485371692,-436
3169,0x557414aa5350,R,0x7ffdaed52300,1,4,4,200,440,-16,0,46770485371696,4,0,-4,4,440,340,4,-16,-4,0,0,-12,4,-12,-4,4,0,-40,4,0,-4,-12,0,-46770485371696,4
3170,0x557414aa5350,W,0x7ffdaed52300,1,0,4,200,-4,-4,0,12,4,12,-4,0,440,340,0,-4,-4,0,-440,-46770485371696,4,16,-4,4,-440,-4,4,0,-4,-12,-440,-12,4
3172,0x557414aa5354,R,0x7ffdaed52300,1,0,0,4,-4,-4,440,-16,4,46770485371696,-4,0,440,4,0,-4,4,-12,-440,-12,4,16,0,-40,-440,0,4,0,0,-46770485371696,-440,16,4
3174,0x557414aa5357,R,0x7ffdaed522f4,1,-12,-12,-8,-8,188,428,-28,-12,0,-16,0,428,-12,-12,328,-8,-46770485371684,-428,0,8,16,12,8,-428,12,8,0,12,0,-428,16,16
3177,0x557414aa5334,W,0x7ffdaed52148,1,-428,-440,-440,-436,-240,-444,-444,-440,-428,-436,46770485371256,0,-440,-440,-436,-436,-46770485371256,444,456,436,400,440,436,444,440,436,-46770485371256,440,456,0,96,444
3180,0x557414aa50f4,R,0x557414aa7fd0,1,-46770485371684,-46770485371256,-46770485371696,-46770485371692,-46770485371692,-46770485371700,-46770485371700,-46770485371256,-46770485371712,-46770485371692,0,-46770485371700,-46770485371684,-46770485371696,-46770485371696,-46770485371692,46770485371684,46770485371700,46770485371700,46770485371692,46770485371656,46770485371256,46770485371696,46770485371700,46770485371684,46770485371692,46770485371684,46770485371696,46770485371700,46770485371256,46770485371352,46770485371692
3183,0x557414aa533a,R,0x7ffdaed522f4,1,46770485371684,428,-12,-12,-12,-16,188,428,-28,-12,0,-16,0,428,-12,-8,28,16,16,12,8,-428,12,16,-46770485371684,8,28,12,16,16,8,8
3185,0x557414aa533d,W,0x7ffdaed52304,1,16,444,16,4,4,8,8,444,0,4,16,8,46770485371700,444,4,4,12,-8,-44,-4,-4,-444,-16,0,-16,-8,12,-444,-348,0,-8,-4
3187,0x557414aa5340,R,0x7ffdaed52310,1,28,12,46770485371712,16,16,20,20,12,216,16,0,20,46770485371712,12,28,16,-12,-20,-20,-16,-16,-456,-46770485371712,-12,-28,-16,-12,-456,-360,-20,-16,-16
3189,0x557414aa5344,R,0x7ffdaed52304,1,-12,0,46770485371700,444,16,8,4,0,204,444,0,8,16,0,16,444,-44,-8,-4,-4,-16,-444,-46770485371700,-8,12,-4,0,0,-8,-8,-4,-4
3192,0x557414aa534a,R,0x7ffdaed522d8,1,-44,-44,-28,400,-28,-40,-40,-44,-36,400,-44,-40,-56,-44,46770485371656,400,36,36,40,40,28,44,28,36,56,-400,-304,44,40,36,40,-400
3194,0x557414aa534d,R,0x7ffdaed522fc,1,36,-8,-20,436,46770485371692,-4,-4,0,-4,436,196,-4,-20,0,8,436,4,0,4,-436,-46770485371692,8,-8,4,8,-436,0,8,4,4,-8,-436
3195,0x557414aa534d,W,0x7ffdaed522fc,1,0,-8,-8,436,8,-4,8,0,-4,-8,0,-4,-8,0,8,-8,4,4,-8,-436,-46770485371692,0,20,4,-340,-436,0,0,4,4,-46770485371692,-436
3197,0x557414aa5350,R,0x7ffdaed52300,1,4,4,40,440,-16,0,46770485371696,4,0,-4,4,440,200,4,-16,-4,0,0,-12,4,-12,-4,4,0,-344,4,0,-4,-12,0,-46770485371696,4
3198,0x557414aa5350,W,0x7ffdaed52300,1,0,4,40,-4,-4,0,12,4,12,-4,0,440,200,0,-4,-4,0,-440,-46770485371696,4,16,-4,4,-440,-4,4,0,-4,-12,-440,-12,4
3200,0x557414aa5354,R,0x7ffdaed52300,1,0,0,4,-4,-4,440,-16,4,46770485371696,-4,0,440,4,0,-4,4,-12,-440,-12,4,16,0,-344,-440,0,4,0,0,-46770485371696,-440,16,4
3202,0x557414aa5357,R,0x7ffdaed522f4,1,-12,-12,-8,-8,28,428,-28,-12,0,-16,0,428,-12,-12,188,-8,-46770485371684,-428,0,8,16,12,8,-428,12,8,0,12,0,-428,16,16
3205,0x557414aa5334,W,0x7ffdaed52148,1,-428,-440,-440,-436,-400,-444,-444,-440,-428,-436,46770485371256,0,-440,-440,-436,-436,-46770485371256,444,456,436,96,440,436,444,440,436,-46770485371256,440,456,0,400,444
3208,0x557414aa50f4,R,0x557414aa7fd0,1,-46770485371684,-46770485371256,-46770485371696,-46770485371692,-46770485371692,-46770485371700,-46770485371700,-46770485371256,-46770485371712,-46770485371692,0,-46770485371700,-46770485371684,-46770485371696,-46770485371696,-46770485371692,46770485371684,46770485371700,46770485371700,46770485371692,46770485371352,46770485371256,46770485371696,46770485371700,46770485371684,46770485371692,46770485371684,46770485371696,46770485371700,46770485371256,46770485371656,46770485371692
3211,0x557414aa533a,R,0x7ffdaed522f4,1,46770485371684,428,-12,-12,-12,-16,28,428,-28,-12,0,-16,0,428,-12,-8,28,16,16,12,8,-428,12,16,-46770485371684,8,28,12,16,16,8,8
3213,0x557414aa533d,W,0x7ffdaed52304,1,16,444,16,4,4,8,8,444,0,4,16,8,46770485371700,444,4,4,12,-8,-348,-4,-4,-444,-16,0,-16,-8,12,-444,-44,0,-8,-4
3215,0x557414aa5340,R,0x7ffdaed52310,1,28,12,46770485371712,16,16,20,20,12,56,16,0,20,46770485371712,12,28,16,-12,-20,-20,-16,-16,-456,-46770485371712,-12,-28,-16,-12,-456,-56,-20,-16,-16
3217,0x557414aa5344,R,0x7ffdaed52304,1,-12,0,46770485371700,444,16,8,4,0,44,444,0,8,16,0,16,444,-348,-8,-4,-4,-16,-444,-46770485371700,-8,12,-4,0,0,-8,-8,-4,-4
3220,0x557414aa534a,R,0x7ffdaed521a8,1,-348,-348,-332,96,-332,-344,-344,-348,-340,96,-348,-344,-360,-348,46770485371352,96,340,340,344,344,332,348,332,340,360,-96,304,348,344,340,344,-96
3222,0x557414aa534d,R,0x7ffdaed522fc,1,340,-8,-20,436,46770485371692,-4,-4,0,-4,436,36,-4,-20,0,8,436,4,0,4,-436,-46770485371692,8,-8,4,8,-436,0,8,4,4,-8,-436
3223,0x557414aa534d,W,0x7ffdaed522fc,1,0,-8,-8,436,8,-4,8,0,-4,-8,0,-4,-8,0,8,-8,4,4,-8,-436,-46770485371692,0,20,4,-36,-436,0,0,4,4,-46770485371692,-436
3225,0x557414aa5350,R,0x7ffdaed52300,1,4,4,344,440,-16,0,46770485371696,4,0,-4,4,440,40,4,-16,-4,0,0,-12,4,-12,-4,4,0,-40,4,0,-4,-12,0,-46770485371696,4
3226,0x557414aa5350,W,0x7ffdaed52300,1,0,4,344,-4,-4,0,12,4,12,-4,0,440,40,0,-4,-4,0,-440,-46770485371696,4,16,-4,4,-440,-4,4,0,-4,-12,-440,-12,4
3228,0x557414aa5354,R,0x7ffdaed52300,1,0,0,4,-4,-4,440,-16,4,46770485371696,-4,0,440,4,0,-4,4,-12,-440,-12,4,16,0,-40,-440,0,4,0,0,-46770485371696,-440,16,4
3230,0x557414aa5357,R,0x7ffdaed522f4,1,-12,-12,-8,-8,332,428,-28,-12,0,-16,0,428,-12,-12,28,-8,-46770485371684,-428,0,8,16,12,8,-428,12,8,0,12,0,-428,16,16
3233,0x557414aa5334,W,0x7ffdaed52148,1,-428,-440,-440,-436,-96,-444,-444,-440,-428,-436,46770485371256,0,-440,-440,-436,-436,-46770485371256,444,456,436,400,440,436,444,440,436,-46770485371256,440,456,0,264,444
3236,0x557414aa50f4,R,0x557414aa7fd0,1,-46770485371684,-46770485371256,-46770485371696,-46770485371692,-46770485371692,-46770485371700,-46770485371700,-46770485371256,-46770485371712,-46770485371692,0,-46770485371700,-46770485371684,-46770485371696,-46770485371696,-46770485371692,46770485371684,46770485371700,46770485371700,46770485371692,46770485371656,46770485371256,46770485371696,46770485371700,46770485371684,46770485371692,46770485371684,46770485371696,46770485371700,46770485371256,46770485371520,46770485371692
3239,0x557414aa533a,R,0x7ffdaed522f4,1,46770485371684,428,-12,-12,-12,-16,332,428,-28,-12,0,-16,0,428,-12,-8,28,16,16,12,8,-428,12,16,-46770485371684,8,28,12,16,16,8,8
3241,0x557414aa533d,W,0x7ffdaed52304,1,16,444,16,4,4,8,8,444,0,4,16,8,46770485371700,444,4,4,12,-8,-44,-4,-4,-444,-16,0,-16,-8,12,-444,-180,0,-8,-4
3243,0x557414aa5340,R,0x7ffdaed52310,1,28,12,46770485371712,16,16,20,20,12,360,16,0,20,46770485371712,12,28,16,-12,-20,-20,-16,-16,-456,-46770485371712,-12,-28,-16,-12,-456,-192,-20,-16,-16
3245,0x557414aa5344,R,0x7ffdaed52304,1,-12,0,46770485371700,444,16,8,4,0,348,444,0,8,16,0,16,444,-44,-8,-4,-4,-16,-444,-46770485371700,-8,12,-4,0,0,-8,-8,-4,-4
3248,0x557414aa534a,R,0x7ffdaed522d8,1,-44,-44,-28,400,-28,-40,-40,-44,-36,400,-44,-40,-56,-44,46770485371656,400,36,36,40,40,28,44,28,36,56,-400,-136,44,40,36,40,-400
3250,0x557414aa534d,R,0x7ffdaed522fc,1,36,-8,-20,436,46770485371692,-4,-4,0,-4,436,340,-4,-20,0,8,436,4,0,4,-436,-46770485371692,8,-8,4,8,-436,0,8,4,4,-8,-436
3251,0x557414aa534d,W,0x7ffdaed522fc,1,0,-8,-8,436,8,-4,8,0,-4,-8,0,-4,-8,0,8,-8,4,4,-8,-436,-46770485371692,0,20,4,-172,-436,0,0,4,4,-46770485371692,-436
3253,0x557414aa5350,R,0x7ffdaed52300,1,4,4,40,440,-16,0,46770485371696,4,0,-4,4,440,344,4,-16,-4,0,0,-12,4,-12,-4,4,0,-176,4,0,-4,-12,0,-46770485371696,4
3254,0x557414aa5350,W,0x7ffdaed52300,1,0,4,40,-4,-4,0,12,4,12,-4,0,440,344,0,-4,-4,0,-440,-46770485371696,4,16,-4,4,-440,-4,4,0,-4,-12,-440,-12,4
3256,0x557414aa5354,R,0x7ffdaed52300,1,0,0,4,-4,-4,440,-16,4,46770485371696,-4,0,440,4,0,-4,4,-12,-440,-12,4,16,0,-176,-440,0,4,0,0,-46770485371696,-440,16,4
3258,0x557414aa5357,R,0x7ffdaed522f4,1,-12,-12,-8,-8,28,428,-28,-12,0,-16,0,428,-12,-12,332,-8,-46770485371684,-428,0,8,16,12,8,-428,12,8,0,12,0,-428,16,16
3261,0x557414aa5334,W,0x7ffdaed52148,1,-428,-440,-440,-436,-400,-444,-444,-440,-428,-436,46770485371256,0,-440,-440,-436,-436,-46770485371256,444,456,436,264,440,436,444,440,436,-46770485371256,440,456,0,44,444
3264,0x557414aa50f4,R,0x557414aa7fd0,1,-46770485371684,-46770485371256,-46770485371696,-46770485371692,-46770485371692,-46770485371700,-46770485371700,-46770485371256,-46770485371712,-46770485371692,0,-46770485371700,-46770485371684,-46770485371696,-46770485371696,-46770485371692,46770485371684,46770485371700,46770485371700,46770485371692,46770485371520,46770485371256,46770485371696,46770485371700,46770485371684,46770485371692,46770485371684,46770485371696,46770485371700,46770485371256,46770485371300,46770485371692
3267,0x557414aa533a,R,0x7ffdaed522f4,1,46770485371684,428,-12,-12,-12,-16,28,428,-28,-12,0,-16,0,428,-12,-8,28,16,16,12,8,-428,12,16,-46770485371684,8,28,12,16,16,8,8
3269,0x557414aa533d,W,0x7ffdaed52304,1,16,444,16,4,4,8,8,444,0,4,16,8,46770485371700,444,4,4,12,-8,-180,-4,-4,-444,-16,0,-16,-8,12,-444,-400,0,-8,-4
3271,0x557414aa5340,R,0x7ffdaed52310,1,28,12,46770485371712,16,16,20,20,12,56,16,0,20,46770485371712,12,28,16,-12,-20,-20,-16,-16,-456,-46770485371712,-12,-28,-16,-12,-456,-412,-20,-16,-16
3273,0x557414aa5344,R,0x7ffdaed52304,1,-12,0,46770485371700,444,16,8,4,0,44,444,0,8,16,0,16,444,-180,-8,-4,-4,-16,-444,-46770485371700,-8,12,-4,0,0,-8,-8,-4,-4
3276,0x557414aa534a,R,0x7ffdaed52250,1,-180,-180,-164,264,-164,-176,-176,-180,-172,264,-180,-176,-192,-180,46770485371520,264,172,172,176,176,164,180,164,172,192,-264,-220,180,176,172,176,-264
3278,0x557414aa534d,R,0x7ffdaed522fc,1,172,-8,-20,436,46770485371692,-4,-4,0,-4,436,36,-4,-20,0,8,436,4,0,4,-436,-46770485371692,8,-8,4,8,-436,0,8,4,4,-8,-436
3279,0x557414aa534d,W,0x7ffdaed522fc,1,0,-8,-8,436,8,-4,8,0,-4,-8,0,-4,-8,0,8,-8,4,4,-8,-436,-46770485371692,0,20,4,-392,-436,0,0,4,4,-46770485371692,-436
3281,0x557414aa5350,R,0x7ffdaed52300,1,4,4,176,440,-16,0,46770485371696,4,0,-4,4,440,40,4,-16,-4,0,0,-12,4,-12,-4,4,0,-396,4,0,-4,-12,0,-46770485371696,4
3282,0x557414aa5350,W,0x7ffdaed52300,1,0,4,176,-4,-4,0,12,4,12,-4,0,440,40,0,-4,-4,0,-440,-46770485371696,4,16,-4,4,-440,-4,4,0,-4,-12,-440,-12,4
3284,0x557414aa5354,R,0x7ffdaed52300,1,0,0,4,-4,-4,440,-16,4,46770485371696,-4,0,440,4,0,-4,4,-12,-440,-12,4,16,0,-396,-440,0,4,0,0,-46770485371696,-440,16,4
3286,0x557414aa5357,R,0x7ffdaed522f4,1,-12,-12,-8,-8,164,428,-28,-12,0,-16,0,428,-12,-12,28,-8,-46770485371684,-428,0,8,16,12,8,-428,12,8,0,12,0,-428,16,16
3289,0x557414aa5334,W,0x7ffdaed52148,1,-428,-440,-440,-436,-264,-444,-444,-440,-428,-436,46770485371256,0,-440,-440,-436,-436,-46770485371256,444,456,436,44,440,436,444,440,436,-46770485371256,440,456,0,392,444
3292,0x557414aa50f4,R,0x557414aa7fd0,1,-46770485371684,-46770485371256,-46770485371696,-46770485371692,-46770485371692,-46770485371700,-46770485371700,-46770485371256,-46770485371712,-46770485371692,0,-46770485371700,-46770485371684,-46770485371696,-46770485371696,-46770485371692,46770485371684,46770485371700,46770485371700,46770485371692,46770485371300,46770485371256,46770485371696,46770485371700,46770485371684,46770485371692,46770485371684,46770485371696,46770485371700,46770485371256,46770485371648,46770485371692
3295,0x557414aa533a,R,0x7ffdaed522f4,1,46770485371684,428,-12,-12,-12,-16,164,428,-28,-12,0,-16,0,428,-12,-8,28,16,16,12,8,-428,12,16,-46770485371684,8,28,12,16,16,8,8
3297,0x557414aa533d,W,0x7ffdaed52304,1,16,444,16,4,4,8,8,444,0,4,16,8,46770485371700,444,4,4,12,-8,-400,-4,-4,-444,-16,0,-16,-8,12,-444,-52,0,-8,-4
3299,0x557414aa5340,R,0x7ffdaed52310,1,28,12,46770485371712,16,16,20,20,12,192,16,0,20,46770485371712,12,28,16,-12,-20,-20,-16,-16,-456,-46770485371712,-12,-28,-16,-12,-456,-64,-20,-16,-16
3301,0x557414aa5344,R,0x7ffdaed52304,1,-12,0,46770485371700,444,16,8,4,0,180,444,0,8,16,0,16,444,-400,-8,-4,-4,-16,-444,-46770485371700,-8,12,-4,0,0,-8,-8,-4,-4
3304,0x557414aa534a,R,0x7ffdaed52174,1,-400,-400,-384,44,-384,-396,-396,-400,-392,44,-400,-396,-412,-400,46770485371300,44,392,392,396,396,384,400,384,392,412,-44,348,400,396,392,396,-44
3306,0x557414aa534d,R,0x7ffdaed522fc,1,392,-8,-20,436,46770485371692,-4,-4,0,-4,436,172,-4,-20,0,8,436,4,0,4,-436,-46770485371692,8,-8,4,8,-436,0,8,4,4,-8,-436
3307,0x557414aa534d,W,0x7ffdaed522fc,1,0,-8,-8,436,8,-4,8,0,-4,-8,0,-4,-8,0,8,-8,4,4,-8,-436,-46770485371692,0,20,4,-44,-436,0,0,4,4,-46770485371692,-436
3309,0x557414aa5350,R,0x7ffdaed52300,1,4,4,396,440,-16,0,46770485371696,4,0,-4,4,440,176,4,-16,-4,0,0,-12,4,-12,-4,4,0,-48,4,0,-4,-12,0,-46770485371696,4
3310,0x557414aa5350,W,0x7ffdaed52300,1,0,4,396,-4,-4,0,12,4,12,-4,0,440,176,0,-4,-4,0,-440,-46770485371696,4,16,-4,4,-440,-4,4,0,-4,-12,-440,-12,4
3312,0x557414aa5354,R,0x7ffdaed52300,1,0,0,4,-4,-4,440,-16,4,46770485371696,-4,0,440,4,0,-4,4,-12,-440,-12,4,16,0,-48,-440,0,4,0,0,-46770485371696,-440,16,4
3314,0x557414aa5357,R,0x7ffdaed522f4,1,-12,-12,-8,-8,384,428,-28,-12,0,-16,0,428,-12,-12,164,-8,-46770485371684,-428,0,8,16,12,8,-428,12,8,0,12,0,-428,16,16
3317,0x557414aa5334,W,0x7ffdaed52148,1,-428,-440,-440,-436,-44,-444,-444,-440,-428,-436,46770485371256,0,-440,-440,-436,-436,-46770485371256,444,456,436,392,440,436,444,440,436,-46770485371256,440,456,0,376,444
3320,0x557414aa50f4,R,0x557414aa7fd0,1,-46770485371684,-46770485371256,-46770485371696,-46770485371692,-46770485371692,-46770485371700,-46770485371700,-46770485371256,-46770485371712,-46770485371692,0,-46770485371700,-46770485371684,-46770485371696,-46770485371696,-46770485371692,46770485371684,46770485371700,46770485371700,46770485371692,46770485371648,46770485371256,46770485371696,46770485371700,46770485371684,46770485371692,46770485371684,46770485371696,46770485371700,46770485371256,46770485371632,46770485371692
3323,0x557414aa533a,R,0x7ffdaed522f4,1,46770485371684,428,-12,-12,-12,-16,384,428,-28,-12,0,-16,0,428,-12,-8,28,16,16,12,8,-428,12,16,-46770485371684,8,28,12,16,16,8,8
3325,0x557414aa533d,W,0x7ffdaed52304,1,16,444,16,4,4,8,8,444,0,4,16,8,46770485371700,444,4,4,12,-8,-52,-4,-4,-444,-16,0,-16,-8,12,-444,-68,0,-8,-4
3327,0x557414aa5340,R,0x7ffdaed52310,1,28,12,46770485371712,16,16,20,20,12,412,16,0,20,46770485371712,12,28,16,-12,-20,-20,-16,-16,-456,-46770485371712,-12,-28,-16,-12,-456,-80,-20,-16,-16
3329,0x557414aa5344,R,0x7ffdaed52304,1,-12,0,46770485371700,444,16,8,4,0,400,444,0,8,16,0,16,444,-52,-8,-4,-4,-16,-444,-46770485371700,-8,12,-4,0,0,-8,-8,-4,-4
3332,0x557414aa534a,R,0x7ffdaed522d0,1,-52,-52,-36,392,-36,-48,-48,-52,-44,392,-52,-48,-64,-52,46770485371648,392,44,44,48,48,36,52,36,44,64,-392,-16,52,48,44,48,-392
3334,0x557414aa534d,R,0x7ffdaed522fc,1,44,-8,-20,436,46770485371692,-4,-4,0,-4,436,392,-4,-20,0,8,436,4,0,4,-436,-46770485371692,8,-8,4,8,-436,0,8,4,4,-8,-436
3335,0x557414aa534d,W,0x7ffdaed522fc,1,0,-8,-8,436,8,-4,8,0,-4,-8,0,-4,-8,0,8,-8,4,4,-8,-436,-46770485371692,0,20,4,-60,-436,0,0,4,4,-46770485371692,-436
3337,0x557414aa5350,R,0x7ffdaed52300,1,4,4,48,440,-16,0,46770485371696,4,0,-4,4,440,396,4,-16,-4,0,0,-12,4,-12,-4,4,0,-64,4,0,-4,-12,0,-46770485371696,4
3338,0x557414aa5350,W,0x7ffdaed52300,1,0,4,48,-4,-4,0,12,4,12,-4,0,440,396,0,-4,-4,0,-440,-46770485371696,4,16,-4,4,-440,-4,4,0,-4,-12,-440,-12,4
3340,0x557414aa5354,R,0x7ffdaed52300,1,0,0,4,-4,-4,440,-16,4,46770485371696,-4,0,440,4,0,-4,4,-12,-440,-12,4,16,0,-64,-440,0,4,0,0,-46770485371696,-440,16,4
3342,0x557414aa5357,R,0x7ffdaed522f4,1,-12,-12,-8,-8,36,428,-28,-12,0,-16,0,428,-12,-12,384,-8,-46770485371684,-428,0,8,16,12,8,-428,12,8,0,12,0,-428,16,16
3345,0x557414aa5334,W,0x7ffdaed52148,1,-428,-440,-440,-436,-392,-444,-444,-440,-428,-436,46770485371256,0,-440,-440,-436,-436,-46770485371256,444,456,436,376,440,436,444,440,436,-46770485371256,440,456,0,68,444
3348,0x557414aa50f4,R,0x557414aa7fd0,1,-46770485371684,-46770485371256,-46770485371696,-46770485371692,-46770485371692,-46770485371700,-46770485371700,-46770485371256,-46770485371712,-46770485371692,0,-46770485371700,-46770485371684,-46770485371696,-46770485371696,-46770485371692,46770485371684,46770485371700,46770485371700,46770485371692,46770485371632,46770485371256,46770485371696,46770485371700,46770485371684,46770485371692,46770485371684,46770485371696,46770485371700,46770485371256,46770485371324,46770485371692
3351,0x557414aa533a,R,0x7ffdaed522f4,1,46770485371684,428,-12,-12,-12,-16,36,428,-28,-12,0,-16,0,428,-12,-8,28,16,16,12,8,-428,12,16,-46770485371684,8,28,12,16,16,8,8
3353,0x557414aa533d,W,0x7ffdaed52304,1,16,444,16,4,4,8,8,444,0,4,16,8,46770485371700,444,4,4,12,-8,-68,-4,-4,-444,-16,0,-16,-8,12,-444,-376,0,-8,-4
3355,0x557414aa5340,R,0x7ffdaed52310,1,28,12,46770485371712,16,16,20,20,12,64,16,0,20,46770485371712,12,28,16,-12,-20,-20,-16,-16,-456,-46770485371712,-12,-28,-16,-12,-456,-388,-20,-16,-16
3357,0x557414aa5344,R,0x7ffdaed52304,1,-12,0,46770485371700,444,16,8,4,0,52,444,0,8,16,0,16,444,-68,-8,-4,-4,-16,-444,-46770485371700,-8,12,-4,0,0,-8,-8,-4,-4
3360,0x557414aa534a,R,0x7ffdaed522c0,1,-68,-68,-52,376,-52,-64,-64,-68,-60,376,-68,-64,-80,-68,46770485371632,376,60,60,64,64,52,68,52,60,80,-376,-308,68,64,60,64,-376
3362,0x557414aa534d,R,0x7ffdaed522fc,1,60,-8,-20,436,46770485371692,-4,-4,0,-4,436,44,-4,-20,0,8,436,4,0,4,-436,-46770485371692,8,-8,4,8,-436,0,8,4,4,-8,-436
3363,0x557414aa534d,W,0x7ffdaed522fc,1,0,-8,-8,436,8,-4,8,0,-4,-8,0,-4,-8,0,8,-8,4,4,-8,-436,-46770485371692,0,20,4,-368,-436,0,0,4,4,-46770485371692,-436
3365,0x557414aa5350,R,0x7ffdaed52300,1,4,4,64,440,-16,0,46770485371696,4,0,-4,4,440,48,4,-16,-4,0,0,-12,4,-12,-4,4,0,-372,4,0,-4,-12,0,-46770485371696,4
3366,0x557414aa5350,W,0x7ffdaed52300,1,0,4,64,-4,-4,0,12,4,12,-4,0,440,48,0,-4,-4,0,-440,-46770485371696,4,16,-4,4,-440,-4,4,0,-4,-12,-440,-12,4
3368,0x557414aa5354,R,0x7ffdaed52300,1,0,0,4,-4,-4,440,-16,4,46770485371696,-4,0,440,4,0,-4,4,-12,-440,-12,4,16,0,-372,-440,0,4,0,0,-46770485371696,-440,16,4
3370,0x557414aa5357,R,0x7ffdaed522f4,1,-12,-12,-8,-8,52,428,-28,-12,0,-16,0,428,-12,-12,36,-8,-46770485371684,-428,0,8,16,12,8,-428,12,8,0,12,0,-428,16,16
3373,0x557414aa5334,W,0x7ffdaed52148,1,-428,-440,-440,-436,-376,-444,-444,-440,-428,-436,46770485371256,0,-440,-440,-436,-436,-46770485371256,444,456,436,68,440,436,444,440,436,-46770485371256,440,456,0,376,444
3376,0x557414aa50f4,R,0x557414aa7fd0,1,-46770485371684,-46770485371256,-46770485371696,-46770485371692,-46770485371692,-46770485371700,-46770485371700,-46770485371256,-46770485371712,-46770485371692,0,-46770485371700,-46770485371684,-46770485371696,-46770485371696,-46770485371692,46770485371684,46770485371700,46770485371700,46770485371692,46770485371324,46770485371256,46770485371696,46770485371700,46770485371684,46770485371692,46770485371684,46770485371696,46770485371700,46770485371256,46770485371632,46770485371692
3379,0x557414aa533a,R,0x7ffdaed522f4,1,46770485371684,428,-12,-12,-12,-16,52,428,-28,-12,0,-16,0,428,-12,-8,28,16,16,12,8,-428,12,16,-46770485371684,8,28,12,16,16,8,8
3381,0x557414aa533d,W,0x7ffdaed52304,1,16,444,16,4,4,8,8,444,0,4,16,8,46770485371700,444,4,4,12,-8,-376,-4,-4,-444,-16,0,-16,-8,12,-444,-68,0,-8,-4
3383,0x557414aa5340,R,0x7ffdaed52310,1,28,12,46770485371712,16,16,20,20,12,80,16,0,20,46770485371712,12,28,16,-12,-20,-20,-16,-16,-456,-46770485371712,-12,-28,-16,-12,-456,-80,-20,-16,-16
3385,0x557414aa5344,R,0x7ffdaed52304,1,-12,0,46770485371700,444,16,8,4,0,68,444,0,8,16,0,16,444,-376,-8,-4,-4,-16,-444,-46770485371700,-8,12,-4,0,0,-8,-8,-4,-4
3388,0x557414aa534a,R,0x7ffdaed5218c,1,-376,-376,-360,68,-360,-372,-372,-376,-368,68,-376,-372,-388,-376,46770485371324,68,368,368,372,372,360,376,360,368,388,-68,308,376,372,368,372,-68
3390,0x557414aa534d,R,0x7ffdaed522fc,1,368,-8,-20,436,46770485371692,-4,-4,0,-4,436,60,-4,-20,0,8,436,4,0,4,-436,-46770485371692,8,-8,4,8,-436,0,8,4,4,-8,-436
3391,0x557414aa534d,W,0x7ffdaed522fc,1,0,-8,-8,436,8,-4,8,0,-4,-8,0,-4,-8,0,8,-8,4,4,-8,-436,-46770485371692,0,20,4,-60,-436,0,0,4,4,-46770485371692,-436
3393,0x557414aa5350,R,0x7ffdaed52300,1,4,4,372,440,-16,0,46770485371696,4,0,-4,4,440,64,4,-16,-4,0,0,-12,4,-12,-4,4,0,-64,4,0,-4,-12,0,-46770485371696,4
3394,0x557414aa5350,W,0x7ffdaed52300,1,0,4,372,-4,-4,0,12,4,12,-4,0,440,64,0,-4,-4,0,-440,-46770485371696,4,16,-4,4,-440,-4,4,0,-4,-12,-440,-12,4
3396,0x557414aa5354,R,0x7ffdaed52300,1,0,0,4,-4,-4,440,-16,4,46770485371696,-4,0,440,4,0,-4,4,-12,-440,-12,4,16,0,-64,-440,0,4,0,0,-46770485371696,-440,16,4
3398,0x557414aa5357,R,0x7ffdaed522f4,1,-12,-12,-8,-8,360,428,-28,-12,0,-16,0,428,-12,-12,52,-8,-46770485371684,-428,0,8,16,12,8,-428,12,8,0,12,0,-428,16,16
3401,0x557414aa5334,W,0x7ffdaed52148,1,-428,-440,-440,-436,-68,-444,-444,-440,-428,-436,46770485371256,0,-440,-440,-436,-436,-46770485371256,444,456,436,376,440,436,444,440,436,-46770485371256,440,456,0,156,444
3404,0x557414aa50f4,R,0x557414aa7fd0,1,-46770485371684,-46770485371256,-46770485371696,-46770485371692,-46770485371692,-46770485371700,-46770485371700,-46770485371256,-46770485371712,-46770485371692,0,-46770485371700,-46770485371684,-46770485371696,-46770485371696,-46770485371692,46770485371684,46770485371700,46770485371700,46770485371692,46770485371632,46770485371256,46770485371696,46770485371700,46770485371684,46770485371692,46770485371684,46770485371696,46770485371700,46770485371256,46770485371412,46770485371692
3407,0x557414aa533a,R,0x7ffdaed522f4,1,46770485371684,428,-12,-12,-12,-16,360,428,-28,-12,0,-16,0,428,-12,-8,28,16,16,12,8,-428,12,16,-46770485371684,8,28,12,16,16,8,8
3409,0x557414aa533d,W,0x7ffdaed52304,1,16,444,16,4,4,8,8,444,0,4,16,8,46770485371700,444,4,4,12,-8,-68,-4,-4,-444,-16,0,-16,-8,12,-444,-288,0,-8,-4
3411,0x557414aa5340,R,0x7ffdaed52310,1,28,12,46770485371712,16,16,20,20,12,388,16,0,20,46770485371712,12,28,16,-12,-20,-20,-16,-16,-456,-46770485371712,-12,-28,-16,-12,-456,-300,-20,-16,-16
3413,0x557414aa5344,R,0x7ffdaed52304,1,-12,0,46770485371700,444,16,8,4,0,376,444,0,8,16,0,16,444,-68,-8,-4,-4,-16,-444,-46770485371700,-8,12,-4,0,0,-8,-8,-4,-4
3416,0x557414aa534a,R,0x7ffdaed522c0,1,-68,-68,-52,376,-52,-64,-64,-68,-60,376,-68,-64,-80,-68,46770485371632,376,60,60,64,64,52,68,52,60,80,-376,-220,68,64,60,64,-376
3418,0x557414aa534d,R,0x7ffdaed522fc,1,60,-8,-20,436,46770485371692,-4,-4,0,-4,436,368,-4,-20,0,8,436,4,0,4,-436,-46770485371692,8,-8,4,8,-436,0,8,4,4,-8,-436
3419,0x557414aa534d,W,0x7ffdaed522fc,1,0,-8,-8,436,8,-4,8,0,-4,-8,0,-4,-8,0,8,-8,4,4,-8,-436,-46770485371692,0,20,4,-280,-436,0,0,4,4,-46770485371692,-436
3421,0x557414aa5350,R,0x7ffdaed52300,1,4,4,64,440,-16,0,46770485371696,4,0,-4,4,440,372,4,-16,-4,0,0,-12,4,-12,-4,4,0,-284,4,0,-4,-12,0,-46770485371696,4
3422,0x557414aa5350,W,0x7ffdaed52300,1,0,4,64,-4,-4,0,12,4,12,-4,0,440,372,0,-4,-4,0,-440,-46770485371696,4,16,-4,4,-440,-4,4,0,-4,-12,-440,-12,4
3424,0x557414aa5354,R,0x7ffdaed52300,1,0,0,4,-4,-4,440,-16,4,46770485371696,-4,0,440,4,0,-4,4,-12,-440,-12,4,16,0,-284,-440,0,4,0,0,-46770485371696,-440,16,4
3426,0x557414aa5357,R,0x7ffdaed522f4,1,-12,-12,-8,-8,52,428,-28,-12,0,-16,0,428,-12,-12,360,-8,-46770485371684,-428,0,8,16,12,8,-428,12,8,0,12,0,-428,16,16
3429,0x557414aa5334,W,0x7ffdaed52148,1,-428,-440,-440,-436,-376,-444,-444,-440,-428,-436,46770485371256,0,-440,-440,-436,-436,-46770485371256,444,456,436,156,440,436,444,440,436,-46770485371256,440,456,0,16,444
3432,0x557414aa50f4,R,0x557414aa7fd0,1,-46770485371684,-46770485371256,-46770485371696,-46770485371692,-46770485371692,-46770485371700,-46770485371700,-46770485371256,-46770485371712,-46770485371692,0,-46770485371700,-46770485371684,-46770485371696,-46770485371696,-46770485371692,46770485371684,46770485371700,46770485371700,46770485371692,46770485371412,46770485371256,46770485371696,46770485371700,46770485371684,46770485371692,46770485371684,46770485371696,46770485371700,46770485371256,46770485371272,46770485371692
3435,0x557414aa533a,R,0x7ffdaed522f4,1,46770485371684,428,-12,-12,-12,-16,52,428,-28,-12,0,-16,0,428,-12,-8,28,16,16,12,8,-428,12,16,-46770485371684,8,28,12,16,16,8,8
3437,0x557414aa533d,W,0x7ffdaed52304,1,16,444,16,4,4,8,8,444,0,4,16,8,46770485371700,444,4,4,12,-8,-288,-4,-4,-444,-16,0,-16,-8,12,-444,-428,0,-8,-4
3439,0x557414aa5340,R,0x7ffdaed52310,1,28,12,46770485371712,16,16,20,20,12,80,16,0,20,46770485371712,12,28,16,-12,-20,-20,-16,-16,-456,-46770485371712,-12,-28,-16,-12,-456,-440,-20,-16,-16
3441,0x557414aa5344,R,0x7ffdaed52304,1,-12,0,46770485371700,444,16,8,4,0,68,444,0,8,16,0,16,444,-288,-8,-4,-4,-16,-444,-46770485371700,-8,12,-4,0,0,-8,-8,-4,-4
3444,0x557414aa534a,R,0x7ffdaed521e4,1,-288,-288,-272,156,-272,-284,-284,-288,-280,156,-288,-284,-300,-288,46770485371412,156,280,280,284,284,272,288,272,280,300,-156,-140,288,284,280,284,-156
3446,0x557414aa534d,R,0x7ffdaed522fc,1,280,-8,-20,436,46770485371692,-4,-4,0,-4,436,60,-4,-20,0,8,436,4,0,4,-436,-46770485371692,8,-8,4,8,-436,0,8,4,4,-8,-436
3447,0x557414aa534d,W,0x7ffdaed522fc,1,0,-8,-8,436,8,-4,8,0,-4,-8,0,-4,-8,0,8,-8,4,4,-8,-436,-46770485371692,0,20,4,-420,-436,0,0,4,4,-46770485371692,-436
3449,0x557414aa5350,R,0x7ffdaed52300,1,4,4,284,440,-16,0,46770485371696,4,0,-4,4,440,64,4,-16,-4,0,0,-12,4,-12,-4,4,0,-424,4,0,-4,-12,0,-46770485371696,4
3450,0x557414aa5350,W,0x7ffdaed52300,1,0,4,284,-4,-4,0,12,4,12,-4,0,440,64,0,-4,-4,0,-440,-46770485371696,4,16,-4,4,-440,-4,4,0,-4,-12,-440,-12,4
3452,0x557414aa5354,R,0x7ffdaed52300,1,0,0,4,-4,-4,440,-16,4,46770485371696,-4,0,440,4,0,-4,4,-12,-440,-12,4,16,0,-424,-440,0,4,0,0,-46770485371696,-440,16,4
3454,0x557414aa5357,R,0x7ffdaed522f4,1,-12,-12,-8,-8,272,428,-28,-12,0,-16,0,428,-12,-12,52,-8,-46770485371684,-428,0,8,16,12,8,-428,12,8,0,12,0,-428,16,16
3457,0x557414aa5334,W,0x7ffdaed52148,1,-428,-440,-440,-436,-156,-444,-444,-440,-428,-436,46770485371256,0,-440,-440,-436,-436,-46770485371256,444,456,436,16,440,436,444,440,436,-46770485371256,440,456,0,80,444
3460,0x557414aa50f4,R,0x557414aa7fd0,1,-46770485371684,-46770485371256,-46770485371696,-46770485371692,-46770485371692,-46770485371700,-46770485371700,-46770485371256,-46770485371712,-46770485371692,0,-46770485371700,-46770485371684,-46770485371696,-46770485371696,-46770485371692,46770485371684,46770485371700,46770485371700,46770485371692,46770485371272,46770485371256,46770485371696,46770485371700,46770485371684,46770485371692,46770485371684,46770485371696,46770485371700,46770485371256,46770485371336,46770485371692
3463,0x557414aa533a,R,0x7ffdaed522f4,1,46770485371684,428,-12,-12,-12,-16,272,428,-28,-12,0,-16,0,428,-12,-8,28,16,16,12,8,-428,12,16,-46770485371684,8,28,12,16,16,8,8
3465,0x557414aa533d,W,0x7ffdaed52304,1,16,444,16,4,4,8,8,444,0,4,16,8,46770485371700,444,4,4,12,-8,-428,-4,-4,-444,-16,0,-16,-8,12,-444,-364,0,-8,-4
3467,0x557414aa5340,R,0x7ffdaed52310,1,28,12,46770485371712,16,16,20,20,12,300,16,0,20,46770485371712,12,28,16,-12,-20,-20,-16,-16,-456,-46770485371712,-12,-28,-16,-12,-456,-376,-20,-16,-16
3469,0x557414aa5344,R,0x7ffdaed52304,1,-12,0,46770485371700,444,16,8,4,0,288,444,0,8,16,0,16,444,-428,-8,-4,-4,-16,-444,-46770485371700,-8,12,-4,0,0,-8,-8,-4,-4
3472,0x557414aa534a,R,0x7ffdaed52158,1,-428,-428,-412,16,-412,-424,-424,-428,-420,16,-428,-424,-440,-428,46770485371272,16,420,420,424,424,412,428,412,420,440,-16,64,428,424,420,424,-16
3474,0x557414aa534d,R,0x7ffdaed522fc,1,420,-8,-20,436,46770485371692,-4,-4,0,-4,436,280,-4,-20,0,8,436,4,0,4,-436,-46770485371692,8,-8,4,8,-436,0,8,4,4,-8,-436
3475,0x557414aa534d,W,0x7ffdaed522fc,1,0,-8,-8,436,8,-4,8,0,-4,-8,0,-4,-8,0,8,-8,4,4,-8,-436,-46770485371692,0,20,4,-356,-436,0,0,4,4,-46770485371692,-436
3477,0x557414aa5350,R,0x7ffdaed52300,1,4,4,424,440,-16,0,46770485371696,4,0,-4,4,440,284,4,-16,-4,0,0,-12,4,-12,-4,4,0,-360,4,0,-4,-12,0,-46770485371696,4
3478,0x557414aa5350,W,0x7ffdaed52300,1,0,4,424,-4,-4,0,12,4,12,-4,0,440,284,0,-4,-4,0,-440,-46770485371696,4,16,-4,4,-440,-4,4,0,-4,-12,-440,-12,4
3480,0x557414aa5354,R,0x7ffdaed52300,1,0,0,4,-4,-4,440,-16,4,46770485371696,-4,0,440,4,0,-4,4,-12,-440,-12,4,16,0,-360,-440,0,4,0,0,-46770485371696,-440,16,4
3482,0x557414aa5357,R,0x7ffdaed522f4,1,-12,-12,-8,-8,412,428,-28,-12,0,-16,0,428,-12,-12,272,-8,-46770485371684,-428,0,8,16,12,8,-428,12,8,0,12,0,-428,16,16
3485,0x557414aa5334,W,0x7ffdaed52148,1,-428,-440,-440,-436,-16,-444,-444,-440,-428,-436,46770485371256,0,-440,-440,-436,-436,-46770485371256,444,456,436,80,440,436,444,440,436,-46770485371256,440,456,0,72,444
3488,0x557414aa50f4,R,0x557414aa7fd0,1,-46770485371684,-46770485371256,-46770485371696,-46770485371692,-46770485371692,-46770485371700,-46770485371700,-46770485371256,-46770485371712,-46770485371692,0,-46770485371700,-46770485371684,-46770485371696,-46770485371696,-46770485371692,46770485371684,46770485371700,46770485371700,46770485371692,46770485371336,46770485371256,46770485371696,46770485371700,46770485371684,46770485371692,46770485371684,46770485371696,46770485371700,46770485371256,46770485371328,46770485371692
3491,0x557414aa533a,R,0x7ffdaed522f4,1,46770485371684,428,-12,-12,-12,-16,412,428,-28,-12,0,-16,0,428,-12,-8,28,16,16,12,8,-428,12,16,-46770485371684,8,28,12,16,16,8,8
3493,0x557414aa533d,W,0x7ffdaed52304,1,16,444,16,4,4,8,8,444,0,4,16,8,46770485371700,444,4,4,12,-8,-364,-4,-4,-444,-16,0,-16,-8,12,-444,-372,0,-8,-4
3495,0x557414aa5340,R,0x7ffdaed52310,1,28,12,46770485371712,16,16,20,20,12,440,16,0,20,46770485371712,12,28,16,-12,-20,-20,-16,-16,-456,-46770485371712,-12,-28,-16,-12,-456,-384,-20,-16,-16
3497,0x557414aa5344,R,0x7ffdaed52304,1,-12,0,46770485371700,444,16,8,4,0,428,444,0,8,16,0,16,444,-364,-8,-4,-4,-16,-444,-46770485371700,-8,12,-4,0,0,-8,-8,-4,-4
3500,0x557414aa534a,R,0x7ffdaed52198,1,-364,-364,-348,80,-348,-360,-360,-364,-356,80,-364,-360,-376,-364,46770485371336,80,356,356,360,360,348,364,348,356,376,-80,-8,364,360,356,360,-80
3502,0x557414aa534d,R,0x7ffdaed522fc,1,356,-8,-20,436,46770485371692,-4,-4,0,-4,436,420,-4,-20,0,8,436,4,0,4,-436,-46770485371692,8,-8,4,8,-436,0,8,4,4,-8,-436
3503,0x557414aa534d,W,0x7ffdaed522fc,1,0,-8,-8,436,8,-4,8,0,-4,-8,0,-4,-8,0,8,-8,4,4,-8,-436,-46770485371692,0,20,4,-364,-436,0,0,4,4,-46770485371692,-436
3505,0x557414aa5350,R,0x7ffdaed52300,1,4,4,360,440,-16,0,46770485371696,4,0,-4,4,440,424,4,-16,-4,0,0,-12,4,-12,-4,4,0,-368,4,0,-4,-12,0,-46770485371696,4
3506,0x557414aa5350,W,0x7ffdaed52300,1,0,4,360,-4,-4,0,12,4,12,-4,0,440,424,0,-4,-4,0,-440,-46770485371696,4,16,-4,4,-440,-4,4,0,-4,-12,-440,-12,4
3508,0x557414aa5354,R,0x7ffdaed52300,1,0,0,4,-4,-4,440,-16,4,46770485371696,-4,0,440,4,0,-4,4,-12,-440,-12,4,16,0,-368,-440,0,4,0,0,-46770485371696,-440,16,4
3510,0x557414aa5357,R,0x7ffdaed522f4,1,-12,-12,-8,-8,348,428,-28,-12,0,-16,0,428,-12,-12,412,-8,-46770485371684,-428,0,8,16,12,8,-428,12,8,0,12,0,-428,16,16
3513,0x557414aa5334,W,0x7ffdaed52148,1,-428,-440,-440,-436,-80,-444,-444,-440,-428,-436,46770485371256,0,-440,-440,-436,-436,-46770485371256,444,456,436,72,440,436,444,440,436,-46770485371256,440,456,0,368,444
3516,0x557414aa50f4,R,0x557414aa7fd0,1,-46770485371684,-46770485371256,-46770485371696,-46770485371692,-46770485371692,-46770485371700,-46770485371700,-46770485371256,-46770485371712,-46770485371692,0,-46770485371700,-46770485371684,-46770485371696,-46770485371696,-46770485371692,46770485371684,46770485371700,46770485371700,46770485371692,46770485371328,46770485371256,46770485371696,46770485371700,46770485371684,46770485371692,46770485371684,46770485371696,46770485371700,46770485371256,46770485371624,46770485371692
3519,0x557414aa533a,R,0x7ffdaed522f4,1,46770485371684,428,-12,-12,-12,-16,348,428,-28,-12,0,-16,0,428,-12,-8,28,16,16,12,8,-428,12,16,-46770485371684,8,28,12,16,16,8,8
3521,0x557414aa533d,W,0x7ffdaed52304,1,16,444,16,4,4,8,8,444,0,4,16,8,46770485371700,444,4,4,12,-8,-372,-4,-4,-444,-16,0,-16,-8,12,-444,-76,0,-8,-4
3523,0x557414aa5340,R,0x7ffdaed52310,1,28,12,46770485371712,16,16,20,20,12,376,16,0,20,46770485371712,12,28,16,-12,-20,-20,-16,-16,-456,-46770485371712,-12,-28,-16,-12,-456,-88,-20,-16,-16
3525,0x557414aa5344,R,0x7ffdaed52304,1,-12,0,46770485371700,444,16,8,4,0,364,444,0,8,16,0,16,444,-372,-8,-4,-4,-16,-444,-46770485371700,-8,12,-4,0,0,-8,-8,-4,-4
3528,0x557414aa534a,R,0x7ffdaed52190,1,-372,-372,-356,72,-356,-368,-368,-372,-364,72,-372,-368,-384,-372,46770485371328,72,364,364,368,368,356,372,356,364,384,-72,296,372,368,364,368,-72
3530,0x557414aa534d,R,0x7ffdaed522fc,1,364,-8,-20,436,46770485371692,-4,-4,0,-4,436,356,-4,-20,0,8,436,4,0,4,-436,-46770485371692,8,-8,4,8,-436,0,8,4,4,-8,-436
3531,0x557414aa534d,W,0x7ffdaed522fc,1,0,-8,-8,436,8,-4,8,0,-4,-8,0,-4,-8,0,8,-8,4,4,-8,-436,-46770485371692,0,20,4,-68,-436,0,0,4,4,-46770485371692,-436
3533,0x557414aa5350,R,0x7ffdaed52300,1,4,4,368,440,-16,0,46770485371696,4,0,-4,4,440,360,4,-16,-4,0,0,-12,4,-12,-4,4,0,-72,4,0,-4,-12,0,-46770485371696,4
3534,0x557414aa5350,W,0x7ffdaed52300,1,0,4,368,-4,-4,0,12,4,12,-4,0,440,360,0,-4,-4,0,-440,-46770485371696,4,16,-4,4,-440,-4,4,0,-4,-12,-440,-12,4
3536,0x557414aa5354,R,0x7ffdaed52300,1,0,0,4,-4,-4,440,-16,4,46770485371696,-4,0,440,4,0,-4,4,-12,-440,-12,4,16,0,-72,-440,0,4,0,0,-46770485371696,-440,16,4
3538,0x557414aa5357,R,0x7ffdaed522f4,1,-12,-12,-8,-8,356,428,-28,-12,0,-16,0,428,-12,-12,348,-8,-46770485371684,-428,0,8,16,12,8,-428,12,8,0,12,0,-428,16,16
3541,0x557414aa5334,W,0x7ffdaed52148,1,-428,-440,-440,-436,-72,-444,-444,-440,-428,-436,46770485371256,0,-440,-440,-436,-436,-46770485371256,444,456,436,368,440,436,444,440,436,-46770485371256,440,456,0,160,444
3544,0x557414aa50f4,R,0x557414aa7fd0,1,-46770485371684,-46770485371256,-46770485371696,-46770485371692,-46770485371692,-46770485371700,-46770485371700,-46770485371256,-46770485371712,-46770485371692,0,-46770485371700,-46770485371684,-46770485371696,-46770485371696,-46770485371692,46770485371684,46770485371700,46770485371700,46770485371692,46770485371624,46770485371256,46770485371696,46770485371700,46770485371684,46770485371692,46770485371684,46770485371696,46770485371700,46770485371256,46770485371416,46770485371692
3547,0x557414aa533a,R,0x7ffdaed522f4,1,46770485371684,428,-12,-12,-12,-16,356,428,-28,-12,0,-16,0,428,-12,-8,28,16,16,12,8,-428,12,16,-46770485371684,8,28,12,16,16,8,8
3549,0x557414aa533d,W,0x7ffdaed52304,1,16,444,16,4,4,8,8,444,0,4,16,8,46770485371700,444,4,4,12,-8,-76,-4,-4,-444,-16,0,-16,-8,12,-444,-284,0,-8,-4
3551,0x557414aa5340,R,0x7ffdaed52310,1,28,12,46770485371712,16,16,20,20,12,384,16,0,20,46770485371712,12,28,16,-12,-20,-20,-16,-16,-456,-46770485371712,-12,-28,-16,-12,-456,-296,-20,-16,-16
3553,0x557414aa5344,R,0x7ffdaed52304,1,-12,0,46770485371700,444,16,8,4,0,372,444,0,8,16,0,16,444,-76,-8,-4,-4,-16,-444,-46770485371700,-8,12,-4,0,0,-8,-8,-4,-4
3556,0x557414aa534a,R,0x7ffdaed522b8,1,-76,-76,-60,368,-60,-72,-72,-76,-68,368,-76,-72,-88,-76,46770485371624,368,68,68,72,72,60,76,60,68,88,-368,-208,76,72,68,72,-368
3558,0x557414aa534d,R,0x7ffdaed522fc,1,68,-8,-20,436,46770485371692,-4,-4,0,-4,436,364,-4,-20,0,8,436,4,0,4,-436,-46770485371692,8,-8,4,8,-436,0,8,4,4,-8,-436
3559,0x557414aa534d,W,0x7ffdaed522fc,1,0,-8,-8,436,8,-4,8,0,-4,-8,0,-4,-8,0,8,-8,4,4,-8,-436,-46770485371692,0,20,4,-276,-436,0,0,4,4,-46770485371692,-436
3561,0x557414aa5350,R,0x7ffdaed52300,1,4,4,72,440,-16,0,46770485371696,4,0,-4,4,440,368,4,-16,-4,0,0,-12,4,-12,-4,4,0,-280,4,0,-4,-12,0,-46770485371696,4
3562,0x557414aa5350,W,0x7ffdaed52300,1,0,4,72,-4,-4,0,12,4,12,-4,0,440,368,0,-4,-4,0,-440,-46770485371696,4,16,-4,4,-440,-4,4,0,-4,-12,-440,-12,4
3564,0x557414aa5354,R,0x7ffdaed52300,1,0,0,4,-4,-4,440,-16,4,46770485371696,-4,0,440,4,0,-4,4,-12,-440,-12,4,16,0,-280,-440,0,4,0,0,-46770485371696,-440,16,4
3566,0x557414aa5357,R,0x7ffdaed522f4,1,-12,-12,-8,-8,60,428,-28,-12,0,-16,0,428,-12,-12,356,-8,-46770485371684,-428,0,8,16,12,8,-428,12,8,0,12,0,-428,16,16
3569,0x557414aa5334,W,0x7ffdaed52148,1,-428,-440,-440,-436,-368,-444,-444,-440,-428,-436,46770485371256,0,-440,-440,-436,-436,-46770485371256,444,456,436,160,440,436,444,440,436,-46770485371256,440,456,0,132,444
3572,0x557414aa50f4,R,0x557414aa7fd0,1,-46770485371684,-46770485371256,-46770485371696,-46770485371692,-46770485371692,-46770485371700,-46770485371700,-46770485371256,-46770485371712,-46770485371692,0,-46770485371700,-46770485371684,-46770485371696,-46770485371696,-46770485371692,46770485371684,46770485371700,46770485371700,46770485371692,46770485371416,46770485371256,46770485371696,46770485371700,46770485371684,46770485371692,46770485371684,46770485371696,46770485371700,46770485371256,46770485371388,46770485371692
3575,0x557414aa533a,R,0x7ffdaed522f4,1,46770485371684,428,-12,-12,-12,-16,60,428,-28,-12,0,-16,0,428,-12,-8,28,16,16,12,8,-428,12,16,-46770485371684,8,28,12,16,16,8,8
3577,0x557414aa533d,W,0x7ffdaed52304,1,16,444,16,4,4,8,8,444,0,4,16,8,46770485371700,444,4,4,12,-8,-284,-4,-4,-444,-16,0,-16,-8,12,-444,-312,0,-8,-4
3579,0x557414aa5340,R,0x7ffdaed52310,1,28,12,46770485371712,16,16,20,20,12,88,16,0,20,46770485371712,12,28,16,-12,-20,-20,-16,-16,-456,-46770485371712,-12,-28,-16,-12,-456,-324,-20,-16,-16
3581,0x557414aa5344,R,0x7ffdaed52304,1,-12,0,46770485371700,444,16,8,4,0,76,444,0,8,16,0,16,444,-284,-8,-4,-4,-16,-444,-46770485371700,-8,12,-4,0,0,-8,-8,-4,-4
3584,0x557414aa534a,R,0x7ffdaed521e8,1,-284,-284,-268,160,-268,-280,-280,-284,-276,160,-284,-280,-296,-284,46770485371416,160,276,276,280,280,268,284,268,276,296,-160,-28,284,280,276,280,-160
3586,0x557414aa534d,R,0x7ffdaed522fc,1,276,-8,-20,436,46770485371692,-4,-4,0,-4,436,68,-4,-20,0,8,436,4,0,4,-436,-46770485371692,8,-8,4,8,-436,0,8,4,4,-8,-436
3587,0x557414aa534d,W,0x7ffdaed522fc,1,0,-8,-8,436,8,-4,8,0,-4,-8,0,-4,-8,0,8,-8,4,4,-8,-436,-46770485371692,0,20,4,-304,-436,0,0,4,4,-46770485371692,-436
3589,0x557414aa5350,R,0x7ffdaed52300,1,4,4,280,440,-16,0,46770485371696,4,0,-4,4,440,72,4,-16,-4,0,0,-12,4,-12,-4,4,0,-308,4,0,-4,-12,0,-46770485371696,4
3590,0x557414aa5350,W,0x7ffdaed52300,1,0,4,280,-4,-4,0,12,4,12,-4,0,440,72,0,-4,-4,0,-440,-46770485371696,4,16,-4,4,-440,-4,4,0,-4,-12,-440,-12,4
3592,0x557414aa5354,R,0x7ffdaed52300,1,0,0,4,-4,-4,440,-16,4,46770485371696,-4,0,440,4,0,-4,4,-12,-440,-12,4,16,0,-308,-440,0,4,0,0,-46770485371696,-440,16,4
3594,0x557414aa5357,R,0x7ffdaed522f4,1,-12,-12,-8,-8,268,428,-28,-12,0,-16,0,428,-12,-12,60,-8,-46770485371684,-428,0,8,16,12,8,-428,12,8,0,12,0,-428,16,16
3597,0x557414aa5334,W,0x7ffdaed52148,1,-428,-440,-440,-436,-160,-444,-444,-440,-428,-436,46770485371256,0,-440,-440,-436,-436,-46770485371256,444,456,436,132,440,436,444,440,436,-46770485371256,440,456,0,176,444
3600,0x557414aa50f4,R,0x557414aa7fd0,1,-46770485371684,-46770485371256,-46770485371696,-46770485371692,-46770485371692,-46770485371700,-46770485371700,-46770485371256,-46770485371712,-46770485371692,0,-46770485371700,-46770485371684,-46770485371696,-46770485371696,-46770485371692,46770485371684,46770485371700,46770485371700,46770485371692,46770485371388,46770485371256,46770485371696,46770485371700,46770485371684,46770485371692,46770485371684,46770485371696,46770485371700,46770485371256,46770485371432,46770485371692
3603,0x557414aa533a,R,0x7ffdaed522f4,1,46770485371684,428,-12,-12,-12,-16,268,428,-28,-12,0,-16,0,428,-12,-8,28,16,16,12,8,-428,12,16,-46770485371684,8,28,12,16,16,8,8
3605,0x557414aa533d,W,0x7ffdaed52304,1,16,444,16,4,4,8,8,444,0,4,16,8,46770485371700,444,4,4,12,-8,-312,-4,-4,-444,-16,0,-16,-8,12,-444,-268,0,-8,-4
3607,0x557414aa5340,R,0x7ffdaed52310,1,28,12,46770485371712,16,16,20,20,12,296,16,0,20,46770485371712,12,28,16,-12,-20,-20,-16,-16,-456,-46770485371712,-12,-28,-16,-12,-456,-280,-20,-16,-16
3609,0x557414aa5344,R,0x7ffdaed52304,1,-12,0,46770485371700,444,16,8,4,0,284,444,0,8,16,0,16,444,-312,-8,-4,-4,-16,-444,-46770485371700,-8,12,-4,0,0,-8,-8,-4,-4
3612,0x557414aa534a,R,0x7ffdaed521cc,1,-312,-312,-296,132,-296,-308,-308,-312,-304,132,-312,-308,-324,-312,46770485371388,132,304,304,308,308,296,312,296,304,324,-132,44,312,308,304,308,-132
3614,0x557414aa534d,R,0x7ffdaed522fc,1,304,-8,-20,436,46770485371692,-4,-4,0,-4,436,276,-4,-20,0,8,436,4,0,4,-436,-46770485371692,8,-8,4,8,-436,0,8,4,4,-8,-436
3615,0x557414aa534d,W,0x7ffdaed522fc,1,0,-8,-8,436,8,-4,8,0,-4,-8,0,-4,-8,0,8,-8,4,4,-8,-436,-46770485371692,0,20,4,-260,-436,0,0,4,4,-46770485371692,-436
3617,0x557414aa5350,R,0x7ffdaed52300,1,4,4,308,440,-16,0,46770485371696,4,0,-4,4,440,280,4,-16,-4,0,0,-12,4,-12,-4,4,0,-264,4,0,-4,-12,0,-46770485371696,4
3618,0x557414aa5350,W,0x7ffdaed52300,1,0,4,308,-4,-4,0,12,4,12,-4,0,440,280,0,-4,-4,0,-440,-46770485371696,4,16,-4,4,-440,-4,4,0,-4,-12,-440,-12,4
3620,0x557414aa5354,R,0x7ffdaed52300,1,0,0,4,-4,-4,440,-16,4,46770485371696,-4,0,440,4,0,-4,4,-12,-440,-12,4,16,0,-264,-440,0,4,0,0,-46770485371696,-440,16,4
3622,0x557414aa5357,R,0x7ffdaed522f4,1,-12,-12,-8,-8,296,428,-28,-12,0,-16,0,428,-12,-12,268,-8,-46770485371684,-428,0,8,16,12,8,-428,12,8,0,12,0,-428,16,16
3625,0x557414aa5334,W,0x7ffdaed52148,1,-428,-440,-440,-436,-132,-444,-444,-440,-428,-436,46770485371256,0,-440,-440,-436,-436,-46770485371256,444,456,436,176,440,436,444,440,436,-46770485371256,440,456,0,120,444
3628,0x557414aa50f4,R,0x557414aa7fd0,1,-46770485371684,-46770485371256,-46770485371696,-46770485371692,-46770485371692,-46770485371700,-46770485371700,-46770485371256,-46770485371712,-46770485371692,0,-46770485371700,-46770485371684,-46770485371696,-46770485371696,-46770485371692,46770485371684,46770485371700,46770485371700,46770485371692,46770485371432,46770485371256,46770485371696,46770485371700,46770485371684,46770485371692,46770485371684,46770485371696,46770485371700,46770485371256,46770485371376,46770485371692
3631,0x557414aa533a,R,0x7ffdaed522f4,1,46770485371684,428,-12,-12,-12,-16,296,428,-28,-12,0,-16,0,428,-12,-8,28,16,16,12,8,-428,12,16,-46770485371684,8,28,12,16,16,8,8
3633,0x557414aa533d,W,0x7ffdaed52304,1,16,444,16,4,4,8,8,444,0,4,16,8,46770485371700,444,4,4,12,-8,-268,-4,-4,-444,-16,0,-16,-8,12,-444,-324,0,-8,-4
3635,0x557414aa5340,R,0x7ffdaed52310,1,28,12,46770485371712,16,16,20,20,12,324,16,0,20,46770485371712,12,28,16,-12,-20,-20,-16,-16,-456,-46770485371712,-12,-28,-16,-12,-456,-336,-20,-16,-16
3637,0x557414aa5344,R,0x7ffdaed52304,1,-12,0,46770485371700,444,16,8,4,0,312,444,0,8,16,0,16,444,-268,-8,-4,-4,-16,-444,-46770485371700,-8,12,-4,0,0,-8,-8,-4,-4
3640,0x557414aa534a,R,0x7ffdaed521f8,1,-268,-268,-252,176,-252,-264,-264,-268,-260,176,-268,-264,-280,-268,46770485371432,176,260,260,264,264,252,268,252,260,280,-176,-56,268,264,260,264,-176
3642,0x557414aa534d,R,0x7ffdaed522fc,1,260,-8,-20,436,46770485371692,-4,-4,0,-4,436,304,-4,-20,0,8,436,4,0,4,-436,-46770485371692,8,-8,4,8,-436,0,8,4,4,-8,-436
3643,0x557414aa534d,W,0x7ffdaed522fc,1,0,-8,-8,436,8,-4,8,0,-4,-8,0,-4,-8,0,8,-8,4,4,-8,-436,-46770485371692,0,20,4,-316,-436,0,0,4,4,-46770485371692,-436
3645,0x557414aa5350,R,0x7ffdaed52300,1,4,4,264,440,-16,0,46770485371696,4,0,-4,4,440,308,4,-16,-4,0,0,-12,4,-12,-4,4,0,-320,4,0,-4,-12,0,-46770485371696,4
3646,0x557414aa5350,W,0x7ffdaed52300,1,0,4,264,-4,-4,0,12,4,12,-4,0,440,308,0,-4,-4,0,-440,-46770485371696,4,16,-4,4,-440,-4,4,0,-4,-12,-440,-12,4
3648,0x557414aa5354,R,0x7ffdaed52300,1,0,0,4,-4,-4,440,-16,4,46770485371696,-4,0,440,4,0,-4,4,-12,-440,-12,4,16,0,-320,-440,0,4,0,0,-46770485371696,-440,16,4
3650,0x557414aa5357,R,0x7ffdaed522f4,1,-12,-12,-8,-8,252,428,-28,-12,0,-16,0,428,-12,-12,296,-8,-46770485371684,-428,0,8,16,12,8,-428,12,8,0,12,0,-428,16,16
3653,0x557414aa5334,W,0x7ffdaed52148,1,-428,-440,-440,-436,-176,-444,-444,-440,-428,-436,46770485371256,0,-440,-440,-436,-436,-46770485371256,444,456,436,120,440,436,444,440,436,-46770485371256,440,456,0,72,444
3656,0x557414aa50f4,R,0x557414aa7fd0,1,-46770485371684,-46770485371256,-46770485371696,-46770485371692,-46770485371692,-46770485371700,-46770485371700,-46770485371256,-46770485371712,-46770485371692,0,-46770485371700,-46770485371684,-46770485371696,-46770485371696,-46770485371692,46770485371684,46770485371700,46770485371700,46770485371692,46770485371376,46770485371256,46770485371696,46770485371700,46770485371684,46770485371692,46770485371684,46770485371696,46770485371700,46770485371256,46770485371328,46770485371692
3659,0x557414aa533a,R,0x7ffdaed522f4,1,46770485371684,428,-12,-12,-12,-16,252,428,-28,-12,0,-16,0,428,-12,-8,28,16,16,12,8,-428,12,16,-46770485371684,8,28,12,16,16,8,8
3661,0x557414aa533d,W,0x7ffdaed52304,1,16,444,16,4,4,8,8,444,0,4,16,8,46770485371700,444,4,4,12,-8,-324,-4,-4,-444,-16,0,-16,-8,12,-444,-372,0,-8,-4
3663,0x557414aa5340,R,0x7ffdaed52310,1,28,12,46770485371712,16,16,20,20,12,280,16,0,20,46770485371712,12,28,16,-12,-20,-20,-16,-16,-456,-46770485371712,-12,-28,-16,-12,-456,-384,-20,-16,-16
3665,0x557414aa5344,R,0x7ffdaed52304,1,-12,0,46770485371700,444,16,8,4,0,268,444,0,8,16,0,16,444,-324,-8,-4,-4,-16,-444,-46770485371700,-8,12,-4,0,0,-8,-8,-4,-4
3668,0x557414aa534a,R,0x7ffdaed521c0,1,-324,-324,-308,120,-308,-320,-320,-324,-316,120,-324,-320,-336,-324,46770485371376,120,316,316,320,320,308,324,308,316,336,-120,-48,324,320,316,320,-120
3670,0x557414aa534d,R,0x7ffdaed522fc,1,316,-8,-20,436,46770485371692,-4,-4,0,-4,436,260,-4,-20,0,8,436,4,0,4,-436,-46770485371692,8,-8,4,8,-436,0,8,4,4,-8,-436
3671,0x557414aa534d,W,0x7ffdaed522fc,1,0,-8,-8,436,8,-4,8,0,-4,-8,0,-4,-8,0,8,-8,4,4,-8,-436,-46770485371692,0,20,4,-364,-436,0,0,4,4,-46770485371692,-436
3673,0x557414aa5350,R,0x7ffdaed52300,1,4,4,320,440,-16,0,46770485371696,4,0,-4,4,440,264,4,-16,-4,0,0,-12,4,-12,-4,4,0,-368,4,0,-4,-12,0,-46770485371696,4
3674,0x557414aa5350,W,0x7ffdaed52300,1,0,4,320,-4,-4,0,12,4,12,-4,0,440,264,0,-4,-4,0,-440,-46770485371696,4,16,-4,4,-440,-4,4,0,-4,-12,-440,-12,4
3676,0x557414aa5354,R,0x7ffdaed52300,1,0,0,4,-4,-4,440,-16,4,46770485371696,-4,0,440,4,0,-4,4,-12,-440,-12,4,16,0,-368,-440,0,4,0,0,-46770485371696,-440,16,4
3678,0x557414aa5357,R,0x7ffdaed522f4,1,-12,-12,-8,-8,308,428,-28,-12,0,-16,0,428,-12,-12,252,-8,-46770485371684,-428,0,8,16,12,8,-428,12,8,0,12,0,-428,16,16
3681,0x557414aa5334,W,0x7ffdaed52148,1,-428,-440,-440,-436,-120,-444,-444,-440,-428,-436,46770485371256,0,-440,-440,-436,-436,-46770485371256,444,456,436,72,440,436,444,440,436,-46770485371256,440,456,0,176,444
3684,0x557414aa50f4,R,0x557414aa7fd0,1,-46770485371684,-46770485371256,-46770485371696,-46770485371692,-46770485371692,-46770485371700,-46770485371700,-46770485371256,-46770485371712,-46770485371692,0,-46770485371700,-46770485371684,-46770485371696,-46770485371696,-46770485371692,46770485371684,46770485371700,46770485371700,46770485371692,46770485371328,46770485371256,46770485371696,46770485371700,46770485371684,46770485371692,46770485371684,46770485371696,46770485371700,46770485371256,46770485371432,46770485371692
3687,0x557414aa533a,R,0x7ffdaed522f4,1,46770485371684,428,-12,-12,-12,-16,308,428,-28,-12,0,-16,0,428,-12,-8,28,16,16,12,8,-428,12,16,-46770485371684,8,28,12,16,16,8,8
3689,0x557414aa533d,W,0x7ffdaed52304,1,16,444,16,4,4,8,8,444,0,4,16,8,46770485371700,444,4,4,12,-8,-372,-4,-4,-444,-16,0,-16,-8,12,-444,-268,0,-8,-4
3691,0x557414aa5340,R,0x7ffdaed52310,1,28,12,46770485371712,16,16,20,20,12,336,16,0,20,46770485371712,12,28,16,-12,-20,-20,-16,-16,-456,-46770485371712,-12,-28,-16,-12,-456,-280,-20,-16,-16
3693,0x557414aa5344,R,0x7ffdaed52304,1,-12,0,46770485371700,444,16,8,4,0,324,444,0,8,16,0,16,444,-372,-8,-4,-4,-16,-444,-46770485371700,-8,12,-4,0,0,-8,-8,-4,-4
3696,0x557414aa534a,R,0x7ffdaed52190,1,-372,-372,-356,72,-356,-368,-368,-372,-364,72,-372,-368,-384,-372,46770485371328,72,364,364,368,368,356,372,356,364,384,-72,104,372,368,364,368,-72
3698,0x557414aa534d,R,0x7ffdaed522fc,1,364,-8,-20,436,46770485371692,-4,-4,0,-4,436,316,-4,-20,0,8,436,4,0,4,-436,-46770485371692,8,-8,4,8,-436,0,8,4,4,-8,-436
3699,0x557414aa534d,W,0x7ffdaed522fc,1,0,-8,-8,436,8,-4,8,0,-4,-8,0,-4,-8,0,8,-8,4,4,-8,-436,-46770485371692,0,20,4,-260,-436,0,0,4,4,-46770485371692,-436
3701,0x557414aa5350,R,0x7ffdaed52300,1,4,4,368,440,-16,0,46770485371696,4,0,-4,4,440,320,4,-16,-4,0,0,-12,4,-12,-4,4,0,-264,4,0,-4,-12,0,-46770485371696,4
3702,0x557414aa5350,W,0x7ffdaed52300,1,0,4,368,-4,-4,0,12,4,12,-4,0,440,320,0,-4,-4,0,-440,-46770485371696,4,16,-4,4,-440,-4,4,0,-4,-12,-440,-12,4
3704,0x557414aa5354,R,0x7ffdaed52300,1,0,0,4,-4,-4,440,-16,4,46770485371696,-4,0,440,4,0,-4,4,-12,-440,-12,4,16,0,-264,-440,0,4,0,0,-46770485371696,-440,16,4
3706,0x557414aa5357,R,0x7ffdaed522f4,1,-12,-12,-8,-8,356,428,-28,-12,0,-16,0,428,-12,-12,308,-8,-46770485371684,-428,0,8,16,12,8,-428,12,8,0,12,0,-428,16,16
3709,0x557414aa5334,W,0x7ffdaed52148,1,-428,-440,-440,-436,-72,-444,-444,-440,-428,-436,46770485371256,0,-440,-440,-436,-436,-46770485371256,444,456,436,176,440,436,444,440,436,-46770485371256,440,456,0,188,444
3712,0x557414aa50f4,R,0x557414aa7fd0,1,-46770485371684,-46770485371256,-46770485371696,-46770485371692,-46770485371692,-46770485371700,-46770485371700,-46770485371256,-46770485371712,-46770485371692,0,-46770485371700,-46770485371684,-46770485371696,-46770485371696,-46770485371692,46770485371684,46770485371700,46770485371700,46770485371692,46770485371432,46770485371256,46770485371696,46770485371700,46770485371684,46770485371692,46770485371684,46770485371696,46770485371700,46770485371256,46770485371444,46770485371692
3715,0x557414aa533a,R,0x7ffdaed522f4,1,46770485371684,428,-12,-12,-12,-16,356,428,-28,-12,0,-16,0,428,-12,-8,28,16,16,12,8,-428,12,16,-46770485371684,8,28,12,16,16,8,8
3717,0x557414aa533d,W,0x7ffdaed52304,1,16,444,16,4,4,8,8,444,0,4,16,8,46770485371700,444,4,4,12,-8,-268,-4,-4,-444,-16,0,-16,-8,12,-444,-256,0,-8,-4
3719,0x557414aa5340,R,0x7ffdaed52310,1,28,12,46770485371712,16,16,20,20,12,384,16,0,20,46770485371712,12,28,16,-12,-20,-20,-16,-16,-456,-46770485371712,-12,-28,-16,-12,-456,-268,-20,-16,-16
3721,0x557414aa5344,R,0x7ffdaed52304,1,-12,0,46770485371700,444,16,8,4,0,372,444,0,8,16,0,16,444,-268,-8,-4,-4,-16,-444,-46770485371700,-8,12,-4,0,0,-8,-8,-4,-4
3724,0x557414aa534a,R,0x7ffdaed521f8,1,-268,-268,-252,176,-252,-264,-264,-268,-260,176,-268,-264,-280,-268,46770485371432,176,260,260,264,264,252,268,252,260,280,-176,12,268,264,260,264,-176
3726,0x557414aa534d,R,0x7ffdaed522fc,1,260,-8,-20,436,46770485371692,-4,-4,0,-4,436,364,-4,-20,0,8,436,4,0,4,-436,-46770485371692,8,-8,4,8,-436,0,8,4,4,-8,-436
3727,0x557414aa534d,W,0x7ffdaed522fc,1,0,-8,-8,436,8,-4,8,0,-4,-8,0,-4,-8,0,8,-8,4,4,-8,-436,-46770485371692,0,20,4,-248,-436,0,0,4,4,-46770485371692,-436
3729,0x557414aa5350,R,0x7ffdaed52300,1,4,4,264,440,-16,0,46770485371696,4,0,-4,4,440,368,4,-16,-4,0,0,-12,4,-12,-4,4,0,-252,4,0,-4,-12,0,-46770485371696,4
3730,0x557414aa5350,W,0x7ffdaed52300,1,0,4,264,-4,-4,0,12,4,12,-4,0,440,368,0,-4,-4,0,-440,-46770485371696,4,16,-4,4,-440,-4,4,0,-4,-12,-440,-12,4
3732,0x557414aa5354,R,0x7ffdaed52300,1,0,0,4,-4,-4,440,-16,4,46770485371696,-4,0,440,4,0,-4,4,-12,-440,-12,4,16,0,-252,-440,0,4,0,0,-46770485371696,-440,16,4
3734,0x557414aa5357,R,0x7ffdaed522f4,1,-12,-12,-8,-8,252,428,-28,-12,0,-16,0,428,-12,-12,356,-8,-46770485371684,-428,0,8,16,12,8,-428,12,8,0,12,0,-428,16,16
3737,0x557414aa5334,W,0x7ffdaed52148,1,-428,-440,-440,-436,-176,-444,-444,-440,-428,-436,46770485371256,0,-440,-440,-436,-436,-46770485371256,444,456,436,188,440,436,444,440,436,-46770485371256,440,456,0,132,444
3740,0x557414aa50f4,R,0x557414aa7fd0,1,-46770485371684,-46770485371256,-46770485371696,-46770485371692,-46770485371692,-46770485371700,-46770485371700,-46770485371256,-46770485371712,-46770485371692,0,-46770485371700,-46770485371684,-46770485371696,-46770485371696,-46770485371692,46770485371684,46770485371700,46770485371700,46770485371692,46770485371444,46770485371256,46770485371696,46770485371700,46770485371684,46770485371692,46770485371684,46770485371696,46770485371700,46770485371256,46770485371388,46770485371692
3743,0x557414aa533a,R,0x7ffdaed522f4,1,46770485371684,428,-12,-12,-12,-16,252,428,-28,-12,0,-16,0,428,-12,-8,28,16,16,12,8,-428,12,16,-46770485371684,8,28,12,16,16,8,8
3745,0x557414aa533d,W,0x7ffdaed52304,1,16,444,16,4,4,8,8,444,0,4,16,8,46770485371700,444,4,4,12,-8,-256,-4,-4,-444,-16,0,-16,-8,12,-444,-312,0,-8,-4
3747,0x557414aa5340,R,0x7ffdaed52310,1,28,12,46770485371712,16,16,20,20,12,280,16,0,20,46770485371712,12,28,16,-12,-20,-20,-16,-16,-456,-46770485371712,-12,-28,-16,-12,-456,-324,-20,-16,-16
3749,0x557414aa5344,R,0x7ffdaed52304,1,-12,0,46770485371700,444,16,8,4,0,268,444,0,8,16,0,16,444,-256,-8,-4,-4,-16,-444,-46770485371700,-8,12,-4,0,0,-8,-8,-4,-4
3752,0x557414aa534a,R,0x7ffdaed52204,1,-256,-256,-240,188,-240,-252,-252,-256,-248,188,-256,-252,-268,-256,46770485371444,188,248,248,252,252,240,256,240,248,268,-188,-56,256,252,248,252,-188
3754,0x557414aa534d,R,0x7ffdaed522fc,1,248,-8,-20,436,46770485371692,-4,-4,0,-4,436,260,-4,-20,0,8,436,4,0,4,-436,-46770485371692,8,-8,4,8,-436,0,8,4,4,-8,-436
3755,0x557414aa534d,W,0x7ffdaed522fc,1,0,-8,-8,436,8,-4,8,0,-4,-8,0,-4,-8,0,8,-8,4,4,-8,-436,-46770485371692,0,20,4,-304,-436,0,0,4,4,-46770485371692,-436
3757,0x557414aa5350,R,0x7ffdaed52300,1,4,4,252,440,-16,0,46770485371696,4,0,-4,4,440,264,4,-16,-4,0,0,-12,4,-12,-4,4,0,-308,4,0,-4,-12,0,-46770485371696,4
3758,0x557414aa5350,W,0x7ffdaed52300,1,0,4,252,-4,-4,0,12,4,12,-4,0,440,264,0,-4,-4,0,-440,-46770485371696,4,16,-4,4,-440,-4,4,0,-4,-12,-440,-12,4
3760,0x557414aa5354,R,0x7ffdaed52300,1,0,0,4,-4,-4,440,-16,4,46770485371696,-4,0,440,4,0,-4,4,-12,-440,-12,4,16,0,-308,-440,0,4,0,0,-46770485371696,-440,16,4
3762,0x557414aa5357,R,0x7ffdaed522f4,1,-12,-12,-8,-8,240,428,-28,-12,0,-16,0,428,-12,-12,252,-8,-46770485371684,-428,0,8,16,12,8,-428,12,8,0,12,0,-428,16,16
3765,0x557414aa5334,W,0x7ffdaed52148,1,-428,-440,-440,-436,-188,-444,-444,-440,-428,-436,46770485371256,0,-440,-440,-436,-436,-46770485371256,444,456,436,132,440,436,444,440,436,-46770485371256,440,456,0,328,444
3768,0x557414aa50f4,R,0x557414aa7fd0,1,-46770485371684,-46770485371256,-46770485371696,-46770485371692,-46770485371692,-46770485371700,-46770485371700,-46770485371256,-46770485371712,-46770485371692,0,-46770485371700,-46770485371684,-46770485371696,-46770485371696,-46770485371692,46770485371684,46770485371700,46770485371700,46770485371692,46770485371388,46770485371256,46770485371696,46770485371700,46770485371684,46770485371692,46770485371684,46770485371696,46770485371700,46770485371256,46770485371584,46770485371692
3771,0x557414aa533a,R,0x7ffdaed522f4,1,46770485371684,428,-12,-12,-12,-16,240,428,-28,-12,0,-16,0,428,-12,-8,28,16,16,12,8,-428,12,16,-46770485371684,8,28,12,16,16,8,8
3773,0x557414aa533d,W,0x7ffdaed52304,1,16,444,16,4,4,8,8,444,0,4,16,8,46770485371700,444,4,4,12,-8,-312,-4,-4,-444,-16,0,-16,-8,12,-444,-116,0,-8,-4
3775,0x557414aa5340,R,0x7ffdaed52310,1,28,12,46770485371712,16,16,20,20,12,268,16,0,20,46770485371712,12,28,16,-12,-20,-20,-16,-16,-456,-46770485371712,-12,-28,-16,-12,-456,-128,-20,-16,-16
3777,0x557414aa5344,R,0x7ffdaed52304,1,-12,0,46770485371700,444,16,8,4,0,256,444,0,8,16,0,16,444,-312,-8,-4,-4,-16,-444,-46770485371700,-8,12,-4,0,0,-8,-8,-4,-4
3780,0x557414aa534a,R,0x7ffdaed521cc,1,-312,-312,-296,132,-296,-308,-308,-312,-304,132,-312,-308,-324,-312,46770485371388,132,304,304,308,308,296,312,296,304,324,-132,196,312,308,304,308,-132
3782,0x557414aa534d,R,0x7ffdaed522fc,1,304,-8,-20,436,46770485371692,-4,-4,0,-4,436,248,-4,-20,0,8,436,4,0,4,-436,-46770485371692,8,-8,4,8,-436,0,8,4,4,-8,-436
3783,0x557414aa534d,W,0x7ffdaed522fc,1,0,-8,-8,436,8,-4,8,0,-4,-8,0,-4,-8,0,8,-8,4,4,-8,-436,-46770485371692,0,20,4,-108,-436,0,0,4,4,-46770485371692,-436
3785,0x557414aa5350,R,0x7ffdaed52300,1,4,4,308,440,-16,0,46770485371696,4,0,-4,4,440,252,4,-16,-4,0,0,-12,4,-12,-4,4,0,-112,4,0,-4,-12,0,-46770485371696,4
3786,0x557414aa5350,W,0x7ffdaed52300,1,0,4,308,-4,-4,0,12,4,12,-4,0,440,252,0,-4,-4,0,-440,-46770485371696,4,16,-4,4,-440,-4,4,0,-4,-12,-440,-12,4
3788,0x557414aa5354,R,0x7ffdaed52300,1,0,0,4,-4,-4,440,-16,4,46770485371696,-4,0,440,4,0,-4,4,-12,-440,-12,4,16,0,-112,-440,0,4,0,0,-46770485371696,-440,16,4
3790,0x557414aa5357,R,0x7ffdaed522f4,1,-12,-12,-8,-8,296,428,-28,-12,0,-16,0,428,-12,-12,240,-8,-46770485371684,-428,0,8,16,12,8,-428,12,8,0,12,0,-428,16,16
3793,0x557414aa5334,W,0x7ffdaed52148,1,-428,-440,-440,-436,-132,-444,-444,-440,-428,-436,46770485371256,0,-440,-440,-436,-436,-46770485371256,444,456,436,328,440,436,444,440,436,-46770485371256,440,456,0,340,444
3796,0x557414aa50f4,R,0x557414aa7fd0,1,-46770485371684,-46770485371256,-46770485371696,-46770485371692,-46770485371692,-46770485371700,-46770485371700,-46770485371256,-46770485371712,-46770485371692,0,-46770485371700,-46770485371684,-46770485371696,-46770485371696,-46770485371692,46770485371684,46770485371700,46770485371700,46770485371692,46770485371584,46770485371256,46770485371696,46770485371700,46770485371684,46770485371692,46770485371684,46770485371696,46770485371700,46770485371256,46770485371596,46770485371692
3799,0x557414aa533a,R,0x7ffdaed522f4,1,46770485371684,428,-12,-12,-12,-16,296,428,-28,-12,0,-16,0,428,-12,-8,28,16,16,12,8,-428,12,16,-46770485371684,8,28,12,16,16,8,8
3801,0x557414aa533d,W,0x7ffdaed52304,1,16,444,16,4,4,8,8,444,0,4,16,8,46770485371700,444,4,4,12,-8,-116,-4,-4,-444,-16,0,-16,-8,12,-444,-104,0,-8,-4
3803,0x557414aa5340,R,0x7ffdaed52310,1,28,12,46770485371712,16,16,20,20,12,324,16,0,20,46770485371712,12,28,16,-12,-20,-20,-16,-16,-456,-46770485371712,-12,-28,-16,-12,-456,-116,-20,-16,-16
3805,0x557414aa5344,R,0x7ffdaed52304,1,-12,0,46770485371700,444,16,8,4,0,312,444,0,8,16,0,16,444,-116,-8,-4,-4,-16,-444,-46770485371700,-8,12,-4,0,0,-8,-8,-4,-4
3808,0x557414aa534a,R,0x7ffdaed52290,1,-116,-116,-100,328,-100,-112,-112,-116,-108,328,-116,-112,-128,-116,46770485371584,328,108,108,112,112,100,116,100,108,128,-328,12,116,112,108,112,-328
3810,0x557414aa534d,R,0x7ffdaed522fc,1,108,-8,-20,436,46770485371692,-4,-4,0,-4,436,304,-4,-20,0,8,436,4,0,4,-436,-46770485371692,8,-8,4,8,-436,0,8,4,4,-8,-436
3811,0x557414aa534d,W,0x7ffdaed522fc,1,0,-8,-8,436,8,-4,8,0,-4,-8,0,-4,-8,0,8,-8,4,4,-8,-436,-46770485371692,0,20,4,-96,-436,0,0,4,4,-46770485371692,-436
3813,0x557414aa5350,R,0x7ffdaed52300,1,4,4,112,440,-16,0,46770485371696,4,0,-4,4,440,308,4,-16,-4,0,0,-12,4,-12,-4,4,0,-100,4,0,-4,-12,0,-46770485371696,4
3814,0x557414aa5350,W,0x7ffdaed52300,1,0,4,112,-4,-4,0,12,4,12,-4,0,440,308,0,-4,-4,0,-440,-46770485371696,4,16,-4,4,-440,-4,4,0,-4,-12,-440,-12,4
3816,0x557414aa5354,R,0x7ffdaed52300,1,0,0,4,-4,-4,440,-16,4,46770485371696,-4,0,440,4,0,-4,4,-12,-440,-12,4,16,0,-100,-440,0,4,0,0,-46770485371696,-440,16,4
3818,0x557414aa5357,R,0x7ffdaed522f4,1,-12,-12,-8,-8,100,428,-28,-12,0,-16,0,428,-12,-12,296,-8,-46770485371684,-428,0,8,16,12,8,-428,12,8,0,12,0,-428,16,16
3821,0x557414aa5334,W,0x7ffdaed52148,1,-428,-440,-440,-436,-328,-444,-444,-440,-428,-436,46770485371256,0,-440,-440,-436,-436,-46770485371256,444,456,436,340,440,436,444,440,436,-46770485371256,440,456,0,356,444
3824,0x557414aa50f4,R,0x557414aa7fd0,1,-46770485371684,-46770485371256,-46770485371696,-46770485371692,-46770485371692,-46770485371700,-46770485371700,-46770485371256,-46770485371712,-46770485371692,0,-46770485371700,-46770485371684,-46770485371696,-46770485371696,-46770485371692,46770485371684,46770485371700,46770485371700,46770485371692,46770485371596,46770485371256,46770485371696,46770485371700,46770485371684,46770485371692,46770485371684,46770485371696,46770485371700,46770485371256,46770485371612,46770485371692
3827,0x557414aa533a,R,0x7ffdaed522f4,1,46770485371684,428,-12,-12,-12,-16,100,428,-28,-12,0,-16,0,428,-12,-8,28,16,16,12,8,-428,12,16,-46770485371684,8,28,12,16,16,8,8
3829,0x557414aa533d,W,0x7ffdaed52304,1,16,444,16,4,4,8,8,444,0,4,16,8,46770485371700,444,4,4,12,-8,-104,-4,-4,-444,-16,0,-16,-8,12,-444,-88,0,-8,-4
3831,0x557414aa5340,R,0x7ffdaed52310,1,28,12,46770485371712,16,16,20,20,12,128,16,0,20,46770485371712,12,28,16,-12,-20,-20,-16,-16,-456,-46770485371712,-12,-28,-16,-12,-456,-100,-20,-16,-16
3833,0x557414aa5344,R,0x7ffdaed52304,1,-12,0,46770485371700,444,16,8,4,0,116,444,0,8,16,0,16,444,-104,-8,-4,-4,-16,-444,-46770485371700,-8,12,-4,0,0,-8,-8,-4,-4
3836,0x557414aa534a,R,0x7ffdaed5229c,1,-104,-104,-88,340,-88,-100,-100,-104,-96,340,-104,-100,-116,-104,46770485371596,340,96,96,100,100,88,104,88,96,116,-340,16,104,100,96,100,-340
3838,0x557414aa534d,R,0x7ffdaed522fc,1,96,-8,-20,436,46770485371692,-4,-4,0,-4,436,108,-4,-20,0,8,436,4,0,4,-436,-46770485371692,8,-8,4,8,-436,0,8,4,4,-8,-436
3839,0x557414aa534d,W,0x7ffdaed522fc,1,0,-8,-8,436,8,-4,8,0,-4,-8,0,-4,-8,0,8,-8,4,4,-8,-436,-46770485371692,0,20,4,-80,-436,0,0,4,4,-46770485371692,-436
3841,0x557414aa5350,R,0x7ffdaed52300,1,4,4,100,440,-16,0,46770485371696,4,0,-4,4,440,112,4,-16,-4,0,0,-12,4,-12,-4,4,0,-84,4,0,-4,-12,0,-46770485371696,4
3842,0x557414aa5350,W,0x7ffdaed52300,1,0,4,100,-4,-4,0,12,4,12,-4,0,440,112,0,-4,-4,0,-440,-46770485371696,4,16,-4,4,-440,-4,4,0,-4,-12,-440,-12,4
3844,0x557414aa5354,R,0x7ffdaed52300,1,0,0,4,-4,-4,440,-16,4,46770485371696,-4,0,440,4,0,-4,4,-12,-440,-12,4,16,0,-84,-440,0,4,0,0,-46770485371696,-440,16,4
3846,0x557414aa5357,R,0x7ffdaed522f4,1,-12,-12,-8,-8,88,428,-28,-12,0,-16,0,428,-12,-12,100,-8,-46770485371684,-428,0,8,16,12,8,-428,12,8,0,12,0,-428,16,16
3849,0x557414aa5334,W,0x7ffdaed52148,1,-428,-440,-440,-436,-340,-444,-444,-440,-428,-436,46770485371256,0,-440,-440,-436,-436,-46770485371256,444,456,436,356,440,436,444,440,436,-46770485371256,440,456,0,160,444
3852,0x557414aa50f4,R,0x557414aa7fd0,1,-46770485371684,-46770485371256,-46770485371696,-46770485371692,-46770485371692,-46770485371700,-46770485371700,-46770485371256,-46770485371712,-46770485371692,0,-46770485371700,-46770485371684,-46770485371696,-46770485371696,-46770485371692,46770485371684,46770485371700,46770485371700,46770485371692,46770485371612,46770485371256,46770485371696,46770485371700,46770485371684,46770485371692,46770485371684,46770485371696,46770485371700,46770485371256,46770485371416,46770485371692
3855,0x557414aa533a,R,0x7ffdaed522f4,1,46770485371684,428,-12,-12,-12,-16,88,428,-28,-12,0,-16,0,428,-12,-8,28,16,16,12,8,-428,12,16,-46770485371684,8,28,12,16,16,8,8
3857,0x557414aa533d,W,0x7ffdaed52304,1,16,444,16,4,4,8,8,444,0,4,16,8,46770485371700,444,4,4,12,-8,-88,-4,-4,-444,-16,0,-16,-8,12,-444,-284,0,-8,-4
3859,0x557414aa5340,R,0x7ffdaed52310,1,28,12,46770485371712,16,16,20,20,12,116,16,0,20,46770485371712,12,28,16,-12,-20,-20,-16,-16,-456,-46770485371712,-12,-28,-16,-12,-456,-296,-20,-16,-16
3861,0x557414aa5344,R,0x7ffdaed52304,1,-12,0,46770485371700,444,16,8,4,0,104,444,0,8,16,0,16,444,-88,-8,-4,-4,-16,-444,-46770485371700,-8,12,-4,0,0,-8,-8,-4,-4
3864,0x557414aa534a,R,0x7ffdaed522ac,1,-88,-88,-72,356,-72,-84,-84,-88,-80,356,-88,-84,-100,-88,46770485371612,356,80,80,84,84,72,88,72,80,100,-356,-196,88,84,80,84,-356
3866,0x557414aa534d,R,0x7ffdaed522fc,1,80,-8,-20,436,46770485371692,-4,-4,0,-4,436,96,-4,-20,0,8,436,4,0,4,-436,-46770485371692,8,-8,4,8,-436,0,8,4,4,-8,-436
3867,0x557414aa534d,W,0x7ffdaed522fc,1,0,-8,-8,436,8,-4,8,0,-4,-8,0,-4,-8,0,8,-8,4,4,-8,-436,-46770485371692,0,20,4,-276,-436,0,0,4,4,-46770485371692,-436
3869,0x557414aa5350,R,0x7ffdaed52300,1,4,4,84,440,-16,0,46770485371696,4,0,-4,4,440,100,4,-16,-4,0,0,-12,4,-12,-4,4,0,-280,4,0,-4,-12,0,-46770485371696,4
3870,0x557414aa5350,W,0x7ffdaed52300,1,0,4,84,-4,-4,0,12,4,12,-4,0,440,100,0,-4,-4,0,-440,-46770485371696,4,16,-4,4,-440,-4,4,0,-4,-12,-440,-12,4
3872,0x557414aa5354,R,0x7ffdaed52300,1,0,0,4,-4,-4,440,-16,4,46770485371696,-4,0,440,4,0,-4,4,-12,-440,-12,4,16,0,-280,-440,0,4,0,0,-46770485371696,-440,16,4
3874,0x557414aa5357,R,0x7ffdaed522f4,1,-12,-12,-8,-8,72,428,-28,-12,0,-16,0,428,-12,-12,88,-8,-46770485371684,-428,0,8,16,12,8,-428,12,8,0,12,0,-428,16,16
3877,0x557414aa5334,W,0x7ffdaed52148,1,-428,-440,-440,-436,-356,-444,-444,-440,-428,-436,46770485371256,0,-440,-440,-436,-436,-46770485371256,444,456,436,160,440,436,444,440,436,-46770485371256,440,456,0,312,444
3880,0x557414aa50f4,R,0x557414aa7fd0,1,-46770485371684,-46770485371256,-46770485371696,-46770485371692,-46770485371692,-46770485371700,-46770485371700,-46770485371256,-46770485371712,-46770485371692,0,-46770485371700,-46770485371684,-46770485371696,-46770485371696,-46770485371692,46770485371684,46770485371700,46770485371700,46770485371692,46770485371416,46770485371256,46770485371696,46770485371700,46770485371684,46770485371692,46770485371684,46770485371696,46770485371700,46770485371256,46770485371568,46770485371692
3883,0x557414aa533a,R,0x7ffdaed522f4,1,46770485371684,428,-12,-12,-12,-16,72,428,-28,-12,0,-16,0,428,-12,-8,28,16,16,12,8,-428,12,16,-46770485371684,8,28,12,16,16,8,8
3885,0x557414aa533d,W,0x7ffdaed52304,1,16,444,16,4,4,8,8,444,0,4,16,8,46770485371700,444,4,4,12,-8,-284,-4,-4,-444,-16,0,-16,-8,12,-444,-132,0,-8,-4
3887,0x557414aa5340,R,0x7ffdaed52310,1,28,12,46770485371712,16,16,20,20,12,100,16,0,20,46770485371712,12,28,16,-12,-20,-20,-16,-16,-456,-46770485371712,-12,-28,-16,-12,-456,-144,-20,-16,-16
3889,0x557414aa5344,R,0x7ffdaed52304,1,-12,0,46770485371700,444,16,8,4,0,88,444,0,8,16,0,16,444,-284,-8,-4,-4,-16,-444,-46770485371700,-8,12,-4,0,0,-8,-8,-4,-4
3892,0x557414aa534a,R,0x7ffdaed521e8,1,-284,-284,-268,160,-268,-280,-280,-284,-276,160,-284,-280,-296,-284,46770485371416,160,276,276,280,280,268,284,268,276,296,-160,152,284,280,276,280,-160
3894,0x557414aa534d,R,0x7ffdaed522fc,1,276,-8,-20,436,46770485371692,-4,-4,0,-4,436,80,-4,-20,0,8,436,4,0,4,-436,-46770485371692,8,-8,4,8,-436,0,8,4,4,-8,-436
3895,0x557414aa534d,W,0x7ffdaed522fc,1,0,-8,-8,436,8,-4,8,0,-4,-8,0,-4,-8,0,8,-8,4,4,-8,-436,-46770485371692,0,20,4,-124,-436,0,0,4,4,-46770485371692,-436
3897,0x557414aa5350,R,0x7ffdaed52300,1,4,4,280,440,-16,0,46770485371696,4,0,-4,4,440,84,4,-16,-4,0,0,-12,4,-12,-4,4,0,-128,4,0,-4,-12,0,-46770485371696,4
3898,0x557414aa5350,W,0x7ffdaed52300,1,0,4,280,-4,-4,0,12,4,12,-4,0,440,84,0,-4,-4,0,-440,-46770485371696,4,16,-4,4,-440,-4,4,0,-4,-12,-440,-12,4
3900,0x557414aa5354,R,0x7ffdaed52300,1,0,0,4,-4,-4,440,-16,4,46770485371696,-4,0,440,4,0,-4,4,-12,-440,-12,4,16,0,-128,-440,0,4,0,0,-46770485371696,-440,16,4
3902,0x557414aa5357,R,0x7ffdaed522f4,1,-12,-12,-8,-8,268,428,-28,-12,0,-16,0,428,-12,-12,72,-8,-46770485371684,-428,0,8,16,12,8,-428,12,8,0,12,0,-428,16,16
3905,0x557414aa5334,W,0x7ffdaed52148,1,-428,-440,-440,-436,-160,-444,-444,-440,-428,-436,46770485371256,0,-440,-440,-436,-436,-46770485371256,444,456,436,312,440,436,444,440,436,-46770485371256,440,456,0,60,444
3908,0x557414aa50f4,R,0x557414aa7fd0,1,-46770485371684,-46770485371256,-46770485371696,-46770485371692,-46770485371692,-46770485371700,-46770485371700,-46770485371256,-46770485371712,-46770485371692,0,-46770485371700,-46770485371684,-46770485371696,-46770485371696,-46770485371692,46770485371684,46770485371700,46770485371700,46770485371692,46770485371568,46770485371256,46770485371696,46770485371700,46770485371684,46770485371692,46770485371684,46770485371696,46770485371700,46770485371256,46770485371316,46770485371692
3911,0x557414aa533a,R,0x7ffdaed522f4,1,46770485371684,428,-12,-12,-12,-16,268,428,-28,-12,0,-16,0,428,-12,-8,28,16,16,12,8,-428,12,16,-46770485371684,8,28,12,16,16,8,8
3913,0x557414aa533d,W,0x7ffdaed52304,1,16,444,16,4,4,8,8,444,0,4,16,8,46770485371700,444,4,4,12,-8,-132,-4,-4,-444,-16,0,-16,-8,12,-444,-384,0,-8,-4
3915,0x557414aa5340,R,0x7ffdaed52310,1,28,12,46770485371712,16,16,20,20,12,296,16,0,20,46770485371712,12,28,16,-12,-20,-20,-16,-16,-456,-46770485371712,-12,-28,-16,-12,-456,-396,-20,-16,-16
3917,0x557414aa5344,R,0x7ffdaed52304,1,-12,0,46770485371700,444,16,8,4,0,284,444,0,8,16,0,16,444,-132,-8,-4,-4,-16,-444,-46770485371700,-8,12,-4,0,0,-8,-8,-4,-4
3920,0x557414aa534a,R,0x7ffdaed52280,1,-132,-132,-116,312,-116,-128,-128,-132,-124,312,-132,-128,-144,-132,46770485371568,312,124,124,128,128,116,132,116,124,144,-312,-252,132,128,124,128,-312
3922,0x557414aa534d,R,0x7ffdaed522fc,1,124,-8,-20,436,46770485371692,-4,-4,0,-4,436,276,-4,-20,0,8,436,4,0,4,-436,-46770485371692,8,-8,4,8,-436,0,8,4,4,-8,-436
3923,0x557414aa534d,W,0x7ffdaed522fc,1,0,-8,-8,436,8,-4,8,0,-4,-8,0,-4,-8,0,8,-8,4,4,-8,-436,-46770485371692,0,20,4,-376,-436,0,0,4,4,-46770485371692,-436
3925,0x557414aa5350,R,0x7ffdaed52300,1,4,4,128,440,-16,0,46770485371696,4,0,-4,4,440,280,4,-16,-4,0,0,-12,4,-12,-4,4,0,-380,4,0,-4,-12,0,-46770485371696,4
3926,0x557414aa5350,W,0x7ffdaed52300,1,0,4,128,-4,-4,0,12,4,12,-4,0,440,280,0,-4,-4,0,-440,-46770485371696,4,16,-4,4,-440,-4,4,0,-4,-12,-440,-12,4
3928,0x557414aa5354,R,0x7ffdaed52300,1,0,0,4,-4,-4,440,-16,4,46770485371696,-4,0,440,4,0,-4,4,-12,-440,-12,4,16,0,-380,-440,0,4,0,0,-46770485371696,-440,16,4
3930,0x557414aa5357,R,0x7ffdaed522f4,1,-12,-12,-8,-8,116,428,-28,-12,0,-16,0,428,-12,-12,268,-8,-46770485371684,-428,0,8,16,12,8,-428,12,8,0,12,0,-428,16,16
3933,0x557414aa5334,W,0x7ffdaed52148,1,-428,-440,-440,-436,-312,-444,-444,-440,-428,-436,46770485371256,0,-440,-440,-436,-436,-46770485371256,444,456,436,60,440,436,444,440,436,-46770485371256,440,456,0,48,444
3936,0x557414aa50f4,R,0x557414aa7fd0,1,-46770485371684,-46770485371256,-46770485371696,-46770485371692,-46770485371692,-46770485371700,-46770485371700,-46770485371256,-46770485371712,-46770485371692,0,-46770485371700,-46770485371684,-46770485371696,-46770485371696,-46770485371692,46770485371684,46770485371700,46770485371700,46770485371692,46770485371316,46770485371256,46770485371696,46770485371700,46770485371684,46770485371692,46770485371684,46770485371696,46770485371700,46770485371256,46770485371304,46770485371692
3939,0x557414aa533a,R,0x7ffdaed522f4,1,46770485371684,428,-12,-12,-12,-16,116,428,-28,-12,0,-16,0,428,-12,-8,28,16,16,12,8,-428,12,16,-46770485371684,8,28,12,16,16,8,8
3941,0x557414aa533d,W,0x7ffdaed52304,1,16,444,16,4,4,8,8,444,0,4,16,8,46770485371700,444,4,4,12,-8,-384,-4,-4,-444,-16,0,-16,-8,12,-444,-396,0,-8,-4
3943,0x557414aa5340,R,0x7ffdaed52310,1,28,12,46770485371712,16,16,20,20,12,144,16,0,20,46770485371712,12,28,16,-12,-20,-20,-16,-16,-456,-46770485371712,-12,-28,-16,-12,-456,-408,-20,-16,-16
3945,0x557414aa5344,R,0x7ffdaed52304,1,-12,0,46770485371700,444,16,8,4,0,132,444,0,8,16,0,16,444,-384,-8,-4,-4,-16,-444,-46770485371700,-8,12,-4,0,0,-8,-8,-4,-4
3948,0x557414aa534a,R,0x7ffdaed52184,1,-384,-384,-368,60,-368,-380,-380,-384,-376,60,-384,-380,-396,-384,46770485371316,60,376,376,380,380,368,384,368,376,396,-60,-12,384,380,376,380,-60
3950,0x557414aa534d,R,0x7ffdaed522fc,1,376,-8,-20,436,46770485371692,-4,-4,0,-4,436,124,-4,-20,0,8,436,4,0,4,-436,-46770485371692,8,-8,4,8,-436,0,8,4,4,-8,-436
3951,0x557414aa534d,W,0x7ffdaed522fc,1,0,-8,-8,436,8,-4,8,0,-4,-8,0,-4,-8,0,8,-8,4,4,-8,-436,-46770485371692,0,20,4,-388,-436,0,0,4,4,-46770485371692,-436
3953,0x557414aa5350,R,0x7ffdaed52300,1,4,4,380,440,-16,0,46770485371696,4,0,-4,4,440,128,4,-16,-4,0,0,-12,4,-12,-4,4,0,-392,4,0,-4,-12,0,-46770485371696,4
3954,0x557414aa5350,W,0x7ffdaed52300,1,0,4,380,-4,-4,0,12,4,12,-4,0,440,128,0,-4,-4,0,-440,-46770485371696,4,16,-4,4,-440,-4,4,0,-4,-12,-440,-12,4
3956,0x557414aa5354,R,0x7ffdaed52300,1,0,0,4,-4,-4,440,-16,4,46770485371696,-4,0,440,4,0,-4,4,-12,-440,-12,4,16,0,-392,-440,0,4,0,0,-46770485371696,-440,16,4
3958,0x557414aa5357,R,0x7ffdaed522f4,1,-12,-12,-8,-8,368,428,-28,-12,0,-16,0,428,-12,-12,116,-8,-46770485371684,-428,0,8,16,12,8,-428,12,8,0,12,0,-428,16,16
3961,0x557414aa5334,W,0x7ffdaed52148,1,-428,-440,-440,-436,-60,-444,-444,-440,-428,-436,46770485371256,0,-440,-440,-436,-436,-46770485371256,444,456,436,48,440,436,444,440,436,-46770485371256,440,456,0,216,444
3964,0x557414aa50f4,R,0x557414aa7fd0,1,-46770485371684,-46770485371256,-46770485371696,-46770485371692,-46770485371692,-46770485371700,-46770485371700,-46770485371256,-46770485371712,-46770485371692,0,-46770485371700,-46770485371684,-46770485371696,-46770485371696,-46770485371692,46770485371684,46770485371700,46770485371700,46770485371692,46770485371304,46770485371256,46770485371696,46770485371700,46770485371684,46770485371692,46770485371684,46770485371696,46770485371700,46770485371256,46770485371472,46770485371692
3967,0x557414aa533a,R,0x7ffdaed522f4,1,46770485371684,428,-12,-12,-12,-16,368,428,-28,-12,0,-16,0,428,-12,-8,28,16,16,12,8,-428,12,16,-46770485371684,8,28,12,16,16,8,8
3969,0x557414aa533d,W,0x7ffdaed52304,1,16,444,16,4,4,8,8,444,0,4,16,8,46770485371700,444,4,4,12,-8,-396,-4,-4,-444,-16,0,-16,-8,12,-444,-228,0,-8,-4
3971,0x557414aa5340,R,0x7ffdaed52310,1,28,12,46770485371712,16,16,20,20,12,396,16,0,20,46770485371712,12,28,16,-12,-20,-20,-16,-16,-456,-46770485371712,-12,-28,-16,-12,-456,-240,-20,-16,-16
3973,0x557414aa5344,R,0x7ffdaed52304,1,-12,0,46770485371700,444,16,8,4,0,384,444,0,8,16,0,16,444,-396,-8,-4,-4,-16,-444,-46770485371700,-8,12,-4,0,0,-8,-8,-4,-4
3976,0x557414aa534a,R,0x7ffdaed52178,1,-396,-396,-380,48,-380,-392,-392,-396,-388,48,-396,-392,-408,-396,46770485371304,48,388,388,392,392,380,396,380,388,408,-48,168,396,392,388,392,-48
3978,0x557414aa534d,R,0x7ffdaed522fc,1,388,-8,-20,436,46770485371692,-4,-4,0,-4,436,376,-4,-20,0,8,436,4,0,4,-436,-46770485371692,8,-8,4,8,-436,0,8,4,4,-8,-436
3979,0x557414aa534d,W,0x7ffdaed522fc,1,0,-8,-8,436,8,-4,8,0,-4,-8,0,-4,-8,0,8,-8,4,4,-8,-436,-46770485371692,0,20,4,-220,-436,0,0,4,4,-46770485371692,-436
3981,0x557414aa5350,R,0x7ffdaed52300,1,4,4,392,440,-16,0,46770485371696,4,0,-4,4,440,380,4,-16,-4,0,0,-12,4,-12,-4,4,0,-224,4,0,-4,-12,0,-46770485371696,4
3982,0x557414aa5350,W,0x7ffdaed52300,1,0,4,392,-4,-4,0,12,4,12,-4,0,440,380,0,-4,-4,0,-440,-46770485371696,4,16,-4,4,-440,-4,4,0,-4,-12,-440,-12,4
3984,0x557414aa5354,R,0x7ffdaed52300,1,0,0,4,-4,-4,440,-16,4,46770485371696,-4,0,440,4,0,-4,4,-12,-440,-12,4,16,0,-224,-440,0,4,0,0,-46770485371696,-440,16,4
3986,0x557414aa5357,R,0x7ffdaed522f4,1,-12,-12,-8,-8,380,428,-28,-12,0,-16,0,428,-12,-12,368,-8,-46770485371684,-428,0,8,16,12,8,-428,12,8,0,12,0,-428,16,16
3989,0x557414aa5334,W,0x7ffdaed52148,1,-428,-440,-440,-436,-48,-444,-444,-440,-428,-436,46770485371256,0,-440,-440,-436,-436,-46770485371256,444,456,436,216,440,436,444,440,436,-46770485371256,440,456,0,104,444
3992,0x557414aa50f4,R,0x557414aa7fd0,1,-46770485371684,-46770485371256,-46770485371696,-46770485371692,-46770485371692,-46770485371700,-46770485371700,-46770485371256,-46770485371712,-46770485371692,0,-46770485371700,-46770485371684,-46770485371696,-46770485371696,-46770485371692,46770485371684,46770485371700,46770485371700,46770485371692,46770485371472,46770485371256,46770485371696,46770485371700,46770485371684,46770485371692,46770485371684,46770485371696,46770485371700,46770485371256,46770485371360,46770485371692
3995,0x557414aa533a,R,0x7ffdaed522f4,1,46770485371684,428,-12,-12,-12,-16,380,428,-28,-12,0,-16,0,428,-12,-8,28,16,16,12,8,-428,12,16,-46770485371684,8,28,12,16,16,8,8
3997,0x557414aa533d,W,0x7ffdaed52304,1,16,444,16,4,4,8,8,444,0,4,16,8,46770485371700,444,4,4,12,-8,-228,-4,-4,-444,-16,0,-16,-8,12,-444,-340,0,-8,-4
3999,0x557414aa5340,R,0x7ffdaed52310,1,28,12,46770485371712,16,16,20,20,12,408,16,0,20,46770485371712,12,28,16,-12,-20,-20,-16,-16,-456,-46770485371712,-12,-28,-16,-12,-456,-352,-20,-16,-16
4001,0x557414aa5344,R,0x7ffdaed52304,1,-12,0,46770485371700,444,16,8,4,0,396,444,0,8,16,0,16,444,-228,-8,-4,-4,-16,-444,-46770485371700,-8,12,-4,0,0,-8,-8,-4,-4
4004,0x557414aa534a,R,0x7ffdaed52220,1,-228,-228,-212,216,-212,-224,-224,-228,-220,216,-228,-224,-240,-228,46770485371472,216,220,220,224,224,212,228,212,220,240,-216,-112,228,224,220,224,-216
4006,0x557414aa534d,R,0x7ffdaed522fc,1,220,-8,-20,436,46770485371692,-4,-4,0,-4,436,388,-4,-20,0,8,436,4,0,4,-436,-46770485371692,8,-8,4,8,-436,0,8,4,4,-8,-436
4007,0x557414aa534d,W,0x7ffdaed522fc,1,0,-8,-8,436,8,-4,8,0,-4,-8,0,-4,-8,0,8,-8,4,4,-8,-436,-46770485371692,0,20,4,-332,-436,0,0,4,4,-46770485371692,-436
4009,0x557414aa5350,R,0x7ffdaed52300,1,4,4,224,440,-16,0,46770485371696,4,0,-4,4,440,392,4,-16,-4,0,0,-12,4,-12,-4,4,0,-336,4,0,-4,-12,0,-46770485371696,4
4010,0x557414aa5350,W,0x7ffdaed52300,1,0,4,224,-4,-4,0,12,4,12,-4,0,440,392,0,-4,-4,0,-440,-46770485371696,4,16,-4,4,-440,-4,4,0,-4,-12,-440,-12,4
4012,0x557414aa5354,R,0x7ffdaed52300,1,0,0,4,-4,-4,440,-16,4,46770485371696,-4,0,440,4,0,-4,4,-12,-440,-12,4,16,0,-336,-440,0,4,0,0,-46770485371696,-440,16,4
4014,0x557414aa5357,R,0x7ffdaed522f4,1,-12,-12,-8,-8,212,428,-28,-12,0,-16,0,428,-12,-12,380,-8,-46770485371684,-428,0,8,16,12,8,-428,12,8,0,12,0,-428,16,16
4017,0x557414aa5334,W,0x7ffdaed52148,1,-428,-440,-440,-436,-216,-444,-444,-440,-428,-436,46770485371256,0,-440,-440,-436,-436,-46770485371256,444,456,436,104,440,436,444,440,436,-46770485371256,440,456,0,248,444
4020,0x557414aa50f4,R,0x557414aa7fd0,1,-46770485371684,-46770485371256,-46770485371696,-46770485371692,-46770485371692,-46770485371700,-46770485371700,-46770485371256,-46770485371712,-46770485371692,0,-46770485371700,-46770485371684,-46770485371696,-46770485371696,-46770485371692,46770485371684,46770485371700,46770485371700,46770485371692,46770485371360,46770485371256,46770485371696,46770485371700,46770485371684,46770485371692,46770485371684,46770485371696,46770485371700,46770485371256,46770485371504,46770485371692
4023,0x557414aa533a,R,0x7ffdaed522f4,1,46770485371684,428,-12,-12,-12,-16,212,428,-28,-12,0,-16,0,428,-12,-8,28,16,16,12,8,-428,12,16,-46770485371684,8,28,12,16,16,8,8
4025,0x557414aa533d,W,0x7ffdaed52304,1,16,444,16,4,4,8,8,444,0,4,16,8,46770485371700,444,4,4,12,-8,-340,-4,-4,-444,-16,0,-16,-8,12,-444,-196,0,-8,-4
4027,0x557414aa5340,R,0x7ffdaed52310,1,28,12,46770485371712,16,16,20,20,12,240,16,0,20,46770485371712,12,28,16,-12,-20,-20,-16,-16,-456,-46770485371712,-12,-28,-16,-12,-456,-208,-20,-16,-16
4029,0x557414aa5344,R,0x7ffdaed52304,1,-12,0,46770485371700,444,16,8,4,0,228,444,0,8,16,0,16,444,-340,-8,-4,-4,-16,-444,-46770485371700,-8,12,-4,0,0,-8,-8,-4,-4
4032,0x557414aa534a,R,0x7ffdaed521b0,1,-340,-340,-324,104,-324,-336,-336,-340,-332,104,-340,-336,-352,-340,46770485371360,104,332,332,336,336,324,340,324,332,352,-104,144,340,336,332,336,-104
4034,0x557414aa534d,R,0x7ffdaed522fc,1,332,-8,-20,436,46770485371692,-4,-4,0,-4,436,220,-4,-20,0,8,436,4,0,4,-436,-46770485371692,8,-8,4,8,-436,0,8,4,4,-8,-436
4035,0x557414aa534d,W,0x7ffdaed522fc,1,0,-8,-8,436,8,-4,8,0,-4,-8,0,-4,-8,0,8,-8,4,4,-8,-436,-46770485371692,0,20,4,-188,-436,0,0,4,4,-46770485371692,-436
4037,0x557414aa5350,R,0x7ffdaed52300,1,4,4,336,440,-16,0,46770485371696,4,0,-4,4,440,224,4,-16,-4,0,0,-12,4,-12,-4,4,0,-192,4,0,-4,-12,0,-46770485371696,4
4038,0x557414aa5350,W,0x7ffdaed52300,1,0,4,336,-4,-4,0,12,4,12,-4,0,440,224,0,-4,-4,0,-440,-46770485371696,4,16,-4,4,-440,-4,4,0,-4,-12,-440,-12,4
4040,0x557414aa5354,R,0x7ffdaed52300,1,0,0,4,-4,-4,440,-16,4,46770485371696,-4,0,440,4,0,-4,4,-12,-440,-12,4,16,0,-192,-440,0,4,0,0,-46770485371696,-440,16,4
4042,0x557414aa5357,R,0x7ffdaed522f4,1,-12,-12,-8,-8,324,428,-28,-12,0,-16,0,428,-12,-12,212,-8,-46770485371684,-428,0,8,16,12,8,-428,12,8,0,12,0,-428,16,16
4045,0x557414aa5334,W,0x7ffdaed52148,1,-428,-440,-440,-436,-104,-444,-444,-440,-428,-436,46770485371256,0,-440,-440,-436,-436,-46770485371256,444,456,436,248,440,436,444,440,436,-46770485371256,440,456,0,112,444
4048,0x557414aa50f4,R,0x557414aa7fd0,1,-46770485371684,-46770485371256,-46770485371696,-46770485371692,-46770485371692,-46770485371700,-46770485371700,-46770485371256,-46770485371712,-46770485371692,0,-46770485371700,-46770485371684,-46770485371696,-46770485371696,-46770485371692,46770485371684,46770485371700,46770485371700,46770485371692,46770485371504,46770485371256,46770485371696,46770485371700,46770485371684,46770485371692,46770485371684,46770485371696,46770485371700,46770485371256,46770485371368,46770485371692
4051,0x557414aa533a,R,0x7ffdaed522f4,1,46770485371684,428,-12,-12,-12,-16,324,428,-28,-12,0,-16,0,428,-12,-8,28,16,16,12,8,-428,12,16,-46770485371684,8,28,12,16,16,8,8
4053,0x557414aa533d,W,0x7ffdaed52304,1,16,444,16,4,4,8,8,444,0,4,16,8,46770485371700,444,4,4,12,-8,-196,-4,-4,-444,-16,0,-16,-8,12,-444,-332,0,-8,-4
4055,0x557414aa5340,R,0x7ffdaed52310,1,28,12,46770485371712,16,16,20,20,12,352,16,0,20,46770485371712,12,28,16,-12,-20,-20,-16,-16,-456,-46770485371712,-12,-28,-16,-12,-456,-344,-20,-16,-16
4057,0x557414aa5344,R,0x7ffdaed52304,1,-12,0,46770485371700,444,16,8,4,0,340,444,0,8,16,0,16,444,-196,-8,-4,-4,-16,-444,-46770485371700,-8,12,-4,0,0,-8,-8,-4,-4
4060,0x557414aa534a,R,0x7ffdaed52240,1,-196,-196,-180,248,-180,-192,-192,-196,-188,248,-196,-192,-208,-196,46770485371504,248,188,188,192,192,180,196,180,188,208,-248,-136,196,192,188,192,-248
4062,0x557414aa534d,R,0x7ffdaed522fc,1,188,-8,-20,436,46770485371692,-4,-4,0,-4,436,332,-4,-20,0,8,436,4,0,4,-436,-46770485371692,8,-8,4,8,-436,0,8,4,4,-8,-436
4063,0x557414aa534d,W,0x7ffdaed522fc,1,0,-8,-8,436,8,-4,8,0,-4,-8,0,-4,-8,0,8,-8,4,4,-8,-436,-46770485371692,0,20,4,-324,-436,0,0,4,4,-46770485371692,-436
4065,0x557414aa5350,R,0x7ffdaed52300,1,4,4,192,440,-16,0,46770485371696,4,0,-4,4,440,336,4,-16,-4,0,0,-12,4,-12,-4,4,0,-328,4,0,-4,-12,0,-46770485371696,4
4066,0x557414aa5350,W,0x7ffdaed52300,1,0,4,192,-4,-4,0,12,4,12,-4,0,440,336,0,-4,-4,0,-440,-46770485371696,4,16,-4,4,-440,-4,4,0,-4,-12,-440,-12,4
4068,0x557414aa5354,R,0x7ffdaed52300,1,0,0,4,-4,-4,440,-16,4,46770485371696,-4,0,440,4,0,-4,4,-12,-440,-12,4,16,0,-328,-440,0,4,0,0,-46770485371696,-440,16,4
4070,0x557414aa5357,R,0x7ffdaed522f4,1,-12,-12,-8,-8,180,428,-28,-12,0,-16,0,428,-12,-12,324,-8,-46770485371684,-428,0,8,16,12,8,-428,12,8,0,12,0,-428,16,16
4073,0x557414aa5334,W,0x7ffdaed52148,1,-428,-440,-440,-436,-248,-444,-444,-440,-428,-436,46770485371256,0,-440,-440,-436,-436,-46770485371256,444,456,436,112,440,436,444,440,436,-46770485371256,440,456,0,96,444
4076,0x557414aa50f4,R,0x557414aa7fd0,1,-46770485371684,-46770485371256,-46770485371696,-46770485371692,-46770485371692,-46770485371700,-46770485371700,-46770485371256,-46770485371712,-46770485371692,0,-46770485371700,-46770485371684,-46770485371696,-46770485371696,-46770485371692,46770485371684,46770485371700,46770485371700,46770485371692,46770485371368,46770485371256,46770485371696,46770485371700,46770485371684,46770485371692,46770485371684,46770485371696,46770485371700,46770485371256,46770485371352,46770485371692
4079,0x557414aa533a,R,0x7ffdaed522f4,1,46770485371684,428,-12,-12,-12,-16,180,428,-28,-12,0,-16,0,428,-12,-8,28,16,16,12,8,-428,12,16,-46770485371684,8,28,12,16,16,8,8
4081,0x557414aa533d,W,0x7ffdaed52304,1,16,444,16,4,4,8,8,444,0,4,16,8,46770485371700,444,4,4,12,-8,-332,-4,-4,-444,-16,0,-16,-8,12,-444,-348,0,-8,-4
4083,0x557414aa5340,R,0x7ffdaed52310,1,28,12,46770485371712,16,16,20,20,12,208,16,0,20,46770485371712,12,28,16,-12,-20,-20,-16,-16,-456,-46770485371712,-12,-28,-16,-12,-456,-360,-20,-16,-16
4085,0x557414aa5344,R,0x7ffdaed52304,1,-12,0,46770485371700,444,16,8,4,0,196,444,0,8,16,0,16,444,-332,-8,-4,-4,-16,-444,-46770485371700,-8,12,-4,0,0,-8,-8,-4,-4
4088,0x557414aa534a,R,0x7ffdaed521b8,1,-332,-332,-316,112,-316,-328,-328,-332,-324,112,-332,-328,-344,-332,46770485371368,112,324,324,328,328,316,332,316,324,344,-112,-16,332,328,324,328,-112
4090,0x557414aa534d,R,0x7ffdaed522fc,1,324,-8,-20,436,46770485371692,-4,-4,0,-4,436,188,-4,-20,0,8,436,4,0,4,-436,-46770485371692,8,-8,4,8,-436,0,8,4,4,-8,-436
4091,0x557414aa534d,W,0x7ffdaed522fc,1,0,-8,-8,436,8,-4,8,0,-4,-8,0,-4,-8,0,8,-8,4,4,-8,-436,-46770485371692,0,20,4,-340,-436,0,0,4,4,-46770485371692,-436
4093,0x557414aa5350,R,0x7ffdaed52300,1,4,4,328,440,-16,0,46770485371696,4,0,-4,4,440,192,4,-16,-4,0,0,-12,4,-12,-4,4,0,-344,4,0,-4,-12,0,-46770485371696,4
4094,0x557414aa5350,W,0x7ffdaed52300,1,0,4,328,-4,-4,0,12,4,12,-4,0,440,192,0,-4,-4,0,-440,-46770485371696,4,16,-4,4,-440,-4,4,0,-4,-12,-440,-12,4
4096,0x557414aa5354,R,0x7ffdaed52300,1,0,0,4,-4,-4,440,-16,4,46770485371696,-4,0,440,4,0,-4,4,-12,-440,-12,4,16,0,-344,-440,0,4,0,0,-46770485371696,-440,16,4
4098,0x557414aa5357,R,0x7ffdaed522f4,1,-12,-12,-8,-8,316,428,-28,-12,0,-16,0,428,-12,-12,180,-8,-46770485371684,-428,0,8,16,12,8,-428,12,8,0,12,0,-428,16,16
4101,0x557414aa5334,W,0x7ffdaed52148,1,-428,-440,-440,-436,-112,-444,-444,-440,-428,-436,46770485371256,0,-440,-440,-436,-436,-46770485371256,444,456,436,96,440,436,444,440,436,-46770485371256,440,456,0,104,444
4104,0x557414aa50f4,R,0x557414aa7fd0,1,-46770485371684,-46770485371256,-46770485371696,-46770485371692,-46770485371692,-46770485371700,-46770485371700,-46770485371256,-46770485371712,-46770485371692,0,-46770485371700,-46770485371684,-46770485371696,-46770485371696,-46770485371692,46770485371684,46770485371700,46770485371700,46770485371692,46770485371352,46770485371256,46770485371696,46770485371700,46770485371684,46770485371692,46770485371684,46770485371696,46770485371700,46770485371256,46770485371360,46770485371692
4107,0x557414aa533a,R,0x7ffdaed522f4,1,46770485371684,428,-12,-12,-12,-16,316,428,-28,-12,0,-16,0,428,-12,-8,28,16,16,12,8,-428,12,16,-46770485371684,8,28,12,16,16,8,8
4109,0x557414aa533d,W,0x7ffdaed52304,1,16,444,16,4,4,8,8,444,0,4,16,8,46770485371700,444,4,4,12,-8,-348,-4,-4,-444,-16,0,-16,-8,12,-444,-340,0,-8,-4
4111,0x557414aa5340,R,0x7ffdaed52310,1,28,12,46770485371712,16,16,20,20,12,344,16,0,20,46770485371712,12,28,16,-12,-20,-20,-16,-16,-456,-46770485371712,-12,-28,-16,-12,-456,-352,-20,-16,-16
4113,0x557414aa5344,R,0x7ffdaed52304,1,-12,0,46770485371700,444,16,8,4,0,332,444,0,8,16,0,16,444,-348,-8,-4,-4,-16,-444,-46770485371700,-8,12,-4,0,0,-8,-8,-4,-4
4116,0x557414aa534a,R,0x7ffdaed521a8,1,-348,-348,-332,96,-332,-344,-344,-348,-340,96,-348,-344,-360,-348,46770485371352,96,340,340,344,344,332,348,332,340,360,-96,8,348,344,340,344,-96
4118,0x557414aa534d,R,0x7ffdaed522fc,1,340,-8,-20,436,46770485371692,-4,-4,0,-4,436,324,-4,-20,0,8,436,4,0,4,-436,-46770485371692,8,-8,4,8,-436,0,8,4,4,-8,-436
4119,0x557414aa534d,W,0x7ffdaed522fc,1,0,-8,-8,436,8,-4,8,0,-4,-8,0,-4,-8,0,8,-8,4,4,-8,-436,-46770485371692,0,20,4,-332,-436,0,0,4,4,-46770485371692,-436
4121,0x557414aa5350,R,0x7ffdaed52300,1,4,4,344,440,-16,0,46770485371696,4,0,-4,4,440,328,4,-16,-4,0,0,-12,4,-12,-4,4,0,-336,4,0,-4,-12,0,-46770485371696,4
4122,0x557414aa5350,W,0x7ffdaed52300,1,0,4,344,-4,-4,0,12,4,12,-4,0,440,328,0,-4,-4,0,-440,-46770485371696,4,16,-4,4,-440,-4,4,0,-4,-12,-440,-12,4
4124,0x557414aa5354,R,0x7ffdaed52300,1,0,0,4,-4,-4,440,-16,4,46770485371696,-4,0,440,4,0,-4,4,-12,-440,-12,4,16,0,-336,-440,0,4,0,0,-46770485371696,-440,16,4
4126,0x557414aa5357,R,0x7ffdaed522f4,1,-12,-12,-8,-8,332,428,-28,-12,0,-16,0,428,-12,-12,316,-8,-46770485371684,-428,0,8,16,12,8,-428,12,8,0,12,0,-428,16,16
4129,0x557414aa5334,W,0x7ffdaed52148,1,-428,-440,-440,-436,-96,-444,-444,-440,-428,-436,46770485371256,0,-440,-440,-436,-436,-46770485371256,444,456,436,104,440,436,444,440,436,-46770485371256,440,456,0,360,444
4132,0x557414aa50f4,R,0x557414aa7fd0,1,-46770485371684,-46770485371256,-46770485371696,-46770485371692,-46770485371692,-46770485371700,-46770485371700,-46770485371256,-46770485371712,-46770485371692,0,-46770485371700,-46770485371684,-46770485371696,-46770485371696,-46770485371692,46770485371684,46770485371700,46770485371700,46770485371692,46770485371360,46770485371256,46770485371696,46770485371700,46770485371684,46770485371692,46770485371684,46770485371696,46770485371700,46770485371256,46770485371616,46770485371692
4135,0x557414aa533a,R,0x7ffdaed522f4,1,46770485371684,428,-12,-12,-12,-16,332,428,-28,-12,0,-16,0,428,-12,-8,28,16,16,12,8,-428,12,16,-46770485371684,8,28,12,16,16,8,8
4137,0x557414aa533d,W,0x7ffdaed52304,1,16,444,16,4,4,8,8,444,0,4,16,8,46770485371700,444,4,4,12,-8,-340,-4,-4,-444,-16,0,-16,-8,12,-444,-84,0,-8,-4
4139,0x557414aa5340,R,0x7ffdaed52310,1,28,12,46770485371712,16,16,20,20,12,360,16,0,20,46770485371712,12,28,16,-12,-20,-20,-16,-16,-456,-46770485371712,-12,-28,-16,-12,-456,-96,-20,-16,-16
4141,0x557414aa5344,R,0x7ffdaed52304,1,-12,0,46770485371700,444,16,8,4,0,348,444,0,8,16,0,16,444,-340,-8,-4,-4,-16,-444,-46770485371700,-8,12,-4,0,0,-8,-8,-4,-4
4144,0x557414aa534a,R,0x7ffdaed521b0,1,-340,-340,-324,104,-324,-336,-336,-340,-332,104,-340,-336,-352,-340,46770485371360,104,332,332,336,336,324,340,324,332,352,-104,256,340,336,332,336,-104
4146,0x557414aa534d,R,0x7ffdaed522fc,1,332,-8,-20,436,46770485371692,-4,-4,0,-4,436,340,-4,-20,0,8,436,4,0,4,-436,-46770485371692,8,-8,4,8,-436,0,8,4,4,-8,-436
4147,0x557414aa534d,W,0x7ffdaed522fc,1,0,-8,-8,436,8,-4,8,0,-4,-8,0,-4,-8,0,8,-8,4,4,-8,-436,-46770485371692,0,20,4,-76,-436,0,0,4,4,-46770485371692,-436
4149,0x557414aa5350,R,0x7ffdaed52300,1,4,4,336,440,-16,0,46770485371696,4,0,-4,4,440,344,4,-16,-4,0,0,-12,4,-12,-4,4,0,-80,4,0,-4,-12,0,-46770485371696,4
4150,0x557414aa5350,W,0x7ffdaed52300,1,0,4,336,-4,-4,0,12,4,12,-4,0,440,344,0,-4,-4,0,-440,-46770485371696,4,16,-4,4,-440,-4,4,0,-4,-12,-440,-12,4
4152,0x557414aa5354,R,0x7ffdaed52300,1,0,0,4,-4,-4,440,-16,4,46770485371696,-4,0,440,4,0,-4,4,-12,-440,-12,4,16,0,-80,-440,0,4,0,0,-46770485371696,-440,16,4
4154,0x557414aa5357,R,0x7ffdaed522f4,1,-12,-12,-8,-8,324,428,-28,-12,0,-16,0,428,-12,-12,332,-8,-46770485371684,-428,0,8,16,12,8,-428,12,8,0,12,0,-428,16,16
4157,0x557414aa5334,W,0x7ffdaed52148,1,-428,-440,-440,-436,-104,-444,-444,-440,-428,-436,46770485371256,0,-440,-440,-436,-436,-46770485371256,444,456,436,360,440,436,444,440,436,-46770485371256,440,456,0,288,444
4160,0x557414aa50f4,R,0x557414aa7fd0,1,-46770485371684,-46770485371256,-46770485371696,-46770485371692,-46770485371692,-46770485371700,-46770485371700,-46770485371256,-46770485371712,-46770485371692,0,-46770485371700,-46770485371684,-46770485371696,-46770485371696,-46770485371692,46770485371684,46770485371700,46770485371700,46770485371692,46770485371616,46770485371256,46770485371696,46770485371700,46770485371684,46770485371692,46770485371684,46770485371696,46770485371700,46770485371256,46770485371544,46770485371692
4163,0x557414aa533a,R,0x7ffdaed522f4,1,46770485371684,428,-12,-12,-12,-16,324,428,-28,-12,0,-16,0,428,-12,-8,28,16,16,12,8,-428,12,16,-46770485371684,8,28,12,16,16,8,8
4165,0x557414aa533d,W,0x7ffdaed52304,1,16,444,16,4,4,8,8,444,0,4,16,8,46770485371700,444,4,4,12,-8,-84,-4,-4,-444,-16,0,-16,-8,12,-444,-156,0,-8,-4
4167,0x557414aa5340,R,0x7ffdaed52310,1,28,12,46770485371712,16,16,20,20,12,352,16,0,20,46770485371712,12,28,16,-12,-20,-20,-16,-16,-456,-46770485371712,-12,-28,-16,-12,-456,-168,-20,-16,-16
4169,0x557414aa5344,R,0x7ffdaed52304,1,-12,0,46770485371700,444,16,8,4,0,340,444,0,8,16,0,16,444,-84,-8,-4,-4,-16,-444,-46770485371700,-8,12,-4,0,0,-8,-8,-4,-4
4172,0x557414aa534a,R,0x7ffdaed522b0,1,-84,-84,-68,360,-68,-80,-80,-84,-76,360,-84,-80,-96,-84,46770485371616,360,76,76,80,80,68,84,68,76,96,-360,-72,84,80,76,80,-360
4174,0x557414aa534d,R,0x7ffdaed522fc,1,76,-8,-20,436,46770485371692,-4,-4,0,-4,436,332,-4,-20,0,8,436,4,0,4,-436,-46770485371692,8,-8,4,8,-436,0,8,4,4,-8,-436
4175,0x557414aa534d,W,0x7ffdaed522fc,1,0,-8,-8,436,8,-4,8,0,-4,-8,0,-4,-8,0,8,-8,4,4,-8,-436,-46770485371692,0,20,4,-148,-436,0,0,4,4,-46770485371692,-436
4177,0x557414aa5350,R,0x7ffdaed52300,1,4,4,80,440,-16,0,46770485371696,4,0,-4,4,440,336,4,-16,-4,0,0,-12,4,-12,-4,4,0,-152,4,0,-4,-12,0,-46770485371696,4
4178,0x557414aa5350,W,0x7ffdaed52300,1,0,4,80,-4,-4,0,12,4,12,-4,0,440,336,0,-4,-4,0,-440,-46770485371696,4,16,-4,4,-440,-4,4,0,-4,-12,-440,-12,4
4180,0x557414aa5354,R,0x7ffdaed52300,1,0,0,4,-4,-4,440,-16,4,46770485371696,-4,0,440,4,0,-4,4,-12,-440,-12,4,16,0,-152,-440,0,4,0,0,-46770485371696,-440,16,4
4182,0x557414aa5357,R,0x7ffdaed522f4,1,-12,-12,-8,-8,68,428,-28,-12,0,-16,0,428,-12,-12,324,-8,-46770485371684,-428,0,8,16,12,8,-428,12,8,0,12,0,-428,16,16
4185,0x557414aa5334,W,0x7ffdaed52148,1,-428,-440,-440,-436,-360,-444,-444,-440,-428,-436,46770485371256,0,-440,-440,-436,-436,-46770485371256,444,456,436,288,440,436,444,440,436,-46770485371256,440,456,0,284,444
4188,0x557414aa50f4,R,0x557414aa7fd0,1,-46770485371684,-46770485371256,-46770485371696,-46770485371692,-46770485371692,-46770485371700,-46770485371700,-46770485371256,-46770485371712,-46770485371692,0,-46770485371700,-46770485371684,-46770485371696,-46770485371696,-46770485371692,46770485371684,46770485371700,46770485371700,46770485371692,46770485371544,46770485371256,46770485371696,46770485371700,46770485371684,46770485371692,46770485371684,46770485371696,46770485371700,46770485371256,46770485371540,46770485371692
4191,0x557414aa533a,R,0x7ffdaed522f4,1,46770485371684,428,-12,-12,-12,-16,68,428,-28,-12,0,-16,0,428,-12,-8,28,16,16,12,8,-428,12,16,-46770485371684,8,28,12,16,16,8,8
4193,0x557414aa533d,W,0x7ffdaed52304,1,16,444,16,4,4,8,8,444,0,4,16,8,46770485371700,444,4,4,12,-8,-156,-4,-4,-444,-16,0,-16,-8,12,-444,-160,0,-8,-4
4195,0x557414aa5340,R,0x7ffdaed52310,1,28,12,46770485371712,16,16,20,20,12,96,16,0,20,46770485371712,12,28,16,-12,-20,-20,-16,-16,-456,-46770485371712,-12,-28,-16,-12,-456,-172,-20,-16,-16
4197,0x557414aa5344,R,0x7ffdaed52304,1,-12,0,46770485371700,444,16,8,4,0,84,444,0,8,16,0,16,444,-156,-8,-4,-4,-16,-444,-46770485371700,-8,12,-4,0,0,-8,-8,-4,-4
4200,0x557414aa534a,R,0x7ffdaed52268,1,-156,-156,-140,288,-140,-152,-152,-156,-148,288,-156,-152,-168,-156,46770485371544,288,148,148,152,152,140,156,140,148,168,-288,-4,156,152,148,152,-288
4202,0x557414aa534d,R,0x7ffdaed522fc,1,148,-8,-20,436,46770485371692,-4,-4,0,-4,436,76,-4,-20,0,8,436,4,0,4,-436,-46770485371692,8,-8,4,8,-436,0,8,4,4,-8,-436
4203,0x557414aa534d,W,0x7ffdaed522fc,1,0,-8,-8,436,8,-4,8,0,-4,-8,0,-4,-8,0,8,-8,4,4,-8,-436,-46770485371692,0,20,4,-152,-436,0,0,4,4,-46770485371692,-436
4205,0x557414aa5350,R,0x7ffdaed52300,1,4,4,152,440,-16,0,46770485371696,4,0,-4,4,440,80,4,-16,-4,0,0,-12,4,-12,-4,4,0,-156,4,0,-4,-12,0,-46770485371696,4
4206,0x557414aa5350,W,0x7ffdaed52300,1,0,4,152,-4,-4,0,12,4,12,-4,0,440,80,0,-4,-4,0,-440,-46770485371696,4,16,-4,4,-440,-4,4,0,-4,-12,-440,-12,4
4208,0x557414aa5354,R,0x7ffdaed52300,1,0,0,4,-4,-4,440,-16,4,46770485371696,-4,0,440,4,0,-4,4,-12,-440,-12,4,16,0,-156,-440,0,4,0,0,-46770485371696,-440,16,4
4210,0x557414aa5357,R,0x7ffdaed522f4,1,-12,-12,-8,-8,140,428,-28,-12,0,-16,0,428,-12,-12,68,-8,-46770485371684,-428,0,8,16,12,8,-428,12,8,0,12,0,-428,16,16
4213,0x557414aa5334,W,0x7ffdaed52148,1,-428,-440,-440,-436,-288,-444,-444,-440,-428,-436,46770485371256,0,-440,-440,-436,-436,-46770485371256,444,456,436,284,440,436,444,440,436,-46770485371256,440,456,0,20,444
4216,0x557414aa50f4,R,0x557414aa7fd0,1,-46770485371684,-46770485371256,-46770485371696,-46770485371692,-46770485371692,-46770485371700,-46770485371700,-46770485371256,-46770485371712,-46770485371692,0,-46770485371700,-46770485371684,-46770485371696,-46770485371696,-46770485371692,46770485371684,46770485371700,46770485371700,46770485371692,46770485371540,46770485371256,46770485371696,46770485371700,46770485371684,46770485371692,46770485371684,46770485371696,46770485371700,46770485371256,46770485371276,46770485371692
4219,0x557414aa533a,R,0x7ffdaed522f4,1,46770485371684,428,-12,-12,-12,-16,140,428,-28,-12,0,-16,0,428,-12,-8,28,16,16,12,8,-428,12,16,-46770485371684,8,28,12,16,16,8,8
4221,0x557414aa533d,W,0x7ffdaed52304,1,16,444,16,4,4,8,8,444,0,4,16,8,46770485371700,444,4,4,12,-8,-160,-4,-4,-444,-16,0,-16,-8,12,-444,-424,0,-8,-4
4223,0x557414aa5340,R,0x7ffdaed52310,1,28,12,46770485371712,16,16,20,20,12,168,16,0,20,46770485371712,12,28,16,-12,-20,-20,-16,-16,-456,-46770485371712,-12,-28,-16,-12,-456,-436,-20,-16,-16
4225,0x557414aa5344,R,0x7ffdaed52304,1,-12,0,46770485371700,444,16,8,4,0,156,444,0,8,16,0,16,444,-160,-8,-4,-4,-16,-444,-46770485371700,-8,12,-4,0,0,-8,-8,-4,-4
4228,0x557414aa534a,R,0x7ffdaed52264,1,-160,-160,-144,284,-144,-156,-156,-160,-152,284,-160,-156,-172,-160,46770485371540,284,152,152,156,156,144,160,144,152,172,-284,-264,160,156,152,156,-284
4230,0x557414aa534d,R,0x7ffdaed522fc,1,152,-8,-20,436,46770485371692,-4,-4,0,-4,436,148,-4,-20,0,8,436,4,0,4,-436,-46770485371692,8,-8,4,8,-436,0,8,4,4,-8,-436
4231,0x557414aa534d,W,0x7ffdaed522fc,1,0,-8,-8,436,8,-4,8,0,-4,-8,0,-4,-8,0,8,-8,4,4,-8,-436,-46770485371692,0,20,4,-416,-436,0,0,4,4,-46770485371692,-436
4233,0x557414aa5350,R,0x7ffdaed52300,1,4,4,156,440,-16,0,46770485371696,4,0,-4,4,440,152,4,-16,-4,0,0,-12,4,-12,-4,4,0,-420,4,0,-4,-12,0,-46770485371696,4
4234,0x557414aa5350,W,0x7ffdaed52300,1,0,4,156,-4,-4,0,12,4,12,-4,0,440,152,0,-4,-4,0,-440,-46770485371696,4,16,-4,4,-440,-4,4,0,-4,-12,-440,-12,4
4236,0x557414aa5354,R,0x7ffdaed52300,1,0,0,4,-4,-4,440,-16,4,46770485371696,-4,0,440,4,0,-4,4,-12,-440,-12,4,16,0,-420,-440,0,4,0,0,-46770485371696,-440,16,4
4238,0x557414aa5357,R,0x7ffdaed522f4,1,-12,-12,-8,-8,144,428,-28,-12,0,-16,0,428,-12,-12,140,-8,-46770485371684,-428,0,8,16,12,8,-428,12,8,0,12,0,-428,16,16
4241,0x557414aa5334,W,0x7ffdaed52148,1,-428,-440,-440,-436,-284,-444,-444,-440,-428,-436,46770485371256,0,-440,-440,-436,-436,-46770485371256,444,456,436,20,440,436,444,440,436,-46770485371256,440,456,0,256,444
4244,0x557414aa50f4,R,0x557414aa7fd0,1,-46770485371684,-46770485371256,-46770485371696,-46770485371692,-46770485371692,-46770485371700,-46770485371700,-46770485371256,-46770485371712,-46770485371692,0,-46770485371700,-46770485371684,-46770485371696,-46770485371696,-46770485371692,46770485371684,46770485371700,46770485371700,46770485371692,46770485371276,46770485371256,46770485371696,46770485371700,46770485371684,46770485371692,46770485371684,46770485371696,46770485371700,46770485371256,46770485371512,46770485371692
4247,0x557414aa533a,R,0x7ffdaed522f4,1,46770485371684,428,-12,-12,-12,-16,144,428,-28,-12,0,-16,0,428,-12,-8,28,16,16,12,8,-428,12,16,-46770485371684,8,28,12,16,16,8,8
4249,0x557414aa533d,W,0x7ffdaed52304,1,16,444,16,4,4,8,8,444,0,4,16,8,46770485371700,444,4,4,12,-8,-424,-4,-4,-444,-16,0,-16,-8,12,-444,-188,0,-8,-4
4251,0x557414aa5340,R,0x7ffdaed52310,1,28,12,46770485371712,16,16,20,20,12,172,16,0,20,46770485371712,12,28,16,-12,-20,-20,-16,-16,-456,-46770485371712,-12,-28,-16,-12,-456,-200,-20,-16,-16
4253,0x557414aa5344,R,0x7ffdaed52304,1,-12,0,46770485371700,444,16,8,4,0,160,444,0,8,16,0,16,444,-424,-8,-4,-4,-16,-444,-46770485371700,-8,12,-4,0,0,-8,-8,-4,-4
4256,0x557414aa534a,R,0x7ffdaed5215c,1,-424,-424,-408,20,-408,-420,-420,-424,-416,20,-424,-420,-436,-424,46770485371276,20,416,416,420,420,408,424,408,416,436,-20,236,424,420,416,420,-20
4258,0x557414aa534d,R,0x7ffdaed522fc,1,416,-8,-20,436,46770485371692,-4,-4,0,-4,436,152,-4,-20,0,8,436,4,0,4,-436,-46770485371692,8,-8,4,8,-436,0,8,4,4,-8,-436
4259,0x557414aa534d,W,0x7ffdaed522fc,1,0,-8,-8,436,8,-4,8,0,-4,-8,0,-4,-8,0,8,-8,4,4,-8,-436,-46770485371692,0,20,4,-180,-436,0,0,4,4,-46770485371692,-436
4261,0x557414aa5350,R,0x7ffdaed52300,1,4,4,420,440,-16,0,46770485371696,4,0,-4,4,440,156,4,-16,-4,0,0,-12,4,-12,-4,4,0,-184,4,0,-4,-12,0,-46770485371696,4
4262,0x557414aa5350,W,0x7ffdaed52300,1,0,4,420,-4,-4,0,12,4,12,-4,0,440,156,0,-4,-4,0,-440,-46770485371696,4,16,-4,4,-440,-4,4,0,-4,-12,-440,-12,4
4264,0x557414aa5354,R,0x7ffdaed52300,1,0,0,4,-4,-4,440,-16,4,46770485371696,-4,0,440,4,0,-4,4,-12,-440,-12,4,16,0,-184,-440,0,4,0,0,-46770485371696,-440,16,4
4266,0x557414aa5357,R,0x7ffdaed522f4,1,-12,-12,-8,-8,408,428,-28,-12,0,-16,0,428,-12,-12,144,-8,-46770485371684,-428,0,8,16,12,8,-428,12,8,0,12,0,-428,16,16
4269,0x557414aa5334,W,0x7ffdaed52148,1,-428,-440,-440,-436,-20,-444,-444,-440,-428,-436,46770485371256,0,-440,-440,-436,-436,-46770485371256,444,456,436,256,440,436,444,440,436,-46770485371256,440,456,0,240,444
4272,0x557414aa50f4,R,0x557414aa7fd0,1,-46770485371684,-46770485371256,-46770485371696,-46770485371692,-46770485371692,-46770485371700,-46770485371700,-46770485371256,-46770485371712,-46770485371692,0,-46770485371700,-46770485371684,-46770485371696,-46770485371696,-46770485371692,46770485371684,46770485371700,46770485371700,46770485371692,46770485371512,46770485371256,46770485371696,46770485371700,46770485371684,46770485371692,46770485371684,46770485371696,46770485371700,46770485371256,46770485371496,46770485371692
4275,0x557414aa533a,R,0x7ffdaed522f4,1,46770485371684,428,-12,-12,-12,-16,408,428,-28,-12,0,-16,0,428,-12,-8,28,16,16,12,8,-428,12,16,-46770485371684,8,28,12,16,16,8,8
4277,0x557414aa533d,W,0x7ffdaed52304,1,16,444,16,4,4,8,8,444,0,4,16,8,46770485371700,444,4,4,12,-8,-188,-4,-4,-444,-16,0,-16,-8,12,-444,-204,0,-8,-4
4279,0x557414aa5340,R,0x7ffdaed52310,1,28,12,46770485371712,16,16,20,20,12,436,16,0,20,46770485371712,12,28,16,-12,-20,-20,-16,-16,-456,-46770485371712,-12,-28,-16,-12,-456,-216,-20,-16,-16
4281,0x557414aa5344,R,0x7ffdaed52304,1,-12,0,46770485371700,444,16,8,4,0,424,444,0,8,16,0,16,444,-188,-8,-4,-4,-16,-444,-46770485371700,-8,12,-4,0,0,-8,-8,-4,-4
4284,0x557414aa534a,R,0x7ffdaed52248,1,-188,-188,-172,256,-172,-184,-184,-188,-180,256,-188,-184,-200,-188,46770485371512,256,180,180,184,184,172,188,172,180,200,-256,-16,188,184,180,184,-256
4286,0x557414aa534d,R,0x7ffdaed522fc,1,180,-8,-20,436,46770485371692,-4,-4,0,-4,436,416,-4,-20,0,8,436,4,0,4,-436,-46770485371692,8,-8,4,8,-436,0,8,4,4,-8,-436
4287,0x557414aa534d,W,0x7ffdaed522fc,1,0,-8,-8,436,8,-4,8,0,-4,-8,0,-4,-8,0,8,-8,4,4,-8,-436,-46770485371692,0,20,4,-196,-436,0,0,4,4,-46770485371692,-436
4289,0x557414aa5350,R,0x7ffdaed52300,1,4,4,184,440,-16,0,46770485371696,4,0,-4,4,440,420,4,-16,-4,0,0,-12,4,-12,-4,4,0,-200,4,0,-4,-12,0,-46770485371696,4
4290,0x557414aa5350,W,0x7ffdaed52300,1,0,4,184,-4,-4,0,12,4,12,-4,0,440,420,0,-4,-4,0,-440,-46770485371696,4,16,-4,4,-440,-4,4,0,-4,-12,-440,-12,4
4292,0x557414aa5354,R,0x7ffdaed52300,1,0,0,4,-4,-4,440,-16,4,46770485371696,-4,0,440,4,0,-4,4,-12,-440,-12,4,16,0,-200,-440,0,4,0,0,-46770485371696,-440,16,4
4294,0x557414aa5357,R,0x7ffdaed522f4,1,-12,-12,-8,-8,172,428,-28,-12,0,-16,0,428,-12,-12,408,-8,-46770485371684,-428,0,8,16,12,8,-428,12,8,0,12,0,-428,16,16
4297,0x557414aa5334,W,0x7ffdaed52148,1,-428,-440,-440,-436,-256,-444,-444,-440,-428,-436,46770485371256,0,-440,-440,-436,-436,-46770485371256,444,456,436,240,440,436,444,440,436,-46770485371256,440,456,0,236,444
4300,0x557414aa50f4,R,0x557414aa7fd0,1,-46770485371684,-46770485371256,-46770485371696,-46770485371692,-46770485371692,-46770485371700,-46770485371700,-46770485371256,-46770485371712,-46770485371692,0,-46770485371700,-46770485371684,-46770485371696,-46770485371696,-46770485371692,46770485371684,46770485371700,46770485371700,46770485371692,46770485371496,46770485371256,46770485371696,46770485371700,46770485371684,46770485371692,46770485371684,46770485371696,46770485371700,46770485371256,46770485371492,46770485371692
4303,0x557414aa533a,R,0x7ffdaed522f4,1,46770485371684,428,-12,-12,-12,-16,172,428,-28,-12,0,-16,0,428,-12,-8,28,16,16,12,8,-428,12,16,-46770485371684,8,28,12,16,16,8,8
4305,0x557414aa533d,W,0x7ffdaed52304,1,16,444,16,4,4,8,8,444,0,4,16,8,46770485371700,444,4,4,12,-8,-204,-4,-4,-444,-16,0,-16,-8,12,-444,-208,0,-8,-4
4307,0x557414aa5340,R,0x7ffdaed52310,1,28,12,46770485371712,16,16,20,20,12,200,16,0,20,46770485371712,12,28,16,-12,-20,-20,-16,-16,-456,-46770485371712,-12,-28,-16,-12,-456,-220,-20,-16,-16
4309,0x557414aa5344,R,0x7ffdaed52304,1,-12,0,46770485371700,444,16,8,4,0,188,444,0,8,16,0,16,444,-204,-8,-4,-4,-16,-444,-46770485371700,-8,12,-4,0,0,-8,-8,-4,-4
4312,0x557414aa534a,R,0x7ffdaed52238,1,-204,-204,-188,240,-188,-200,-200,-204,-196,240,-204,-200,-216,-204,46770485371496,240,196,196,200,200,188,204,188,196,216,-240,-4,204,200,196,200,-240
4314,0x557414aa534d,R,0x7ffdaed522fc,1,196,-8,-20,436,46770485371692,-4,-4,0,-4,436,180,-4,-20,0,8,436,4,0,4,-436,-46770485371692,8,-8,4,8,-436,0,8,4,4,-8,-436
4315,0x557414aa534d,W,0x7ffdaed522fc,1,0,-8,-8,436,8,-4,8,0,-4,-8,0,-4,-8,0,8,-8,4,4,-8,-436,-46770485371692,0,20,4,-200,-436,0,0,4,4,-46770485371692,-436
4317,0x557414aa5350,R,0x7ffdaed52300,1,4,4,200,440,-16,0,46770485371696,4,0,-4,4,440,184,4,-16,-4,0,0,-12,4,-12,-4,4,0,-204,4,0,-4,-12,0,-46770485371696,4
4318,0x557414aa5350,W,0x7ffdaed52300,1,0,4,200,-4,-4,0,12,4,12,-4,0,440,184,0,-4,-4,0,-440,-46770485371696,4,16,-4,4,-440,-4,4,0,-4,-12,-440,-12,4
4320,0x557414aa5354,R,0x7ffdaed52300,1,0,0,4,-4,-4,440,-16,4,46770485371696,-4,0,440,4,0,-4,4,-12,-440,-12,4,16,0,-204,-440,0,4,0,0,-46770485371696,-440,16,4
4322,0x557414aa5357,R,0x7ffdaed522f4,1,-12,-12,-8,-8,188,428,-28,-12,0,-16,0,428,-12,-12,172,-8,-46770485371684,-428,0,8,16,12,8,-428,12,8,0,12,0,-428,16,16
4325,0x557414aa5334,W,0x7ffdaed52148,1,-428,-440,-440,-436,-240,-444,-444,-440,-428,-436,46770485371256,0,-440,-440,-436,-436,-46770485371256,444,456,436,236,440,436,444,440,436,-46770485371256,440,456,0,328,444
4328,0x557414aa50f4,R,0x557414aa7fd0,1,-46770485371684,-46770485371256,-46770485371696,-46770485371692,-46770485371692,-46770485371700,-46770485371700,-46770485371256,-46770485371712,-46770485371692,0,-46770485371700,-46770485371684,-46770485371696,-46770485371696,-46770485371692,46770485371684,46770485371700,46770485371700,46770485371692,46770485371492,46770485371256,46770485371696,46770485371700,46770485371684,46770485371692,46770485371684,46770485371696,46770485371700,46770485371256,46770485371584,46770485371692
4331,0x557414aa533a,R,0x7ffdaed522f4,1,46770485371684,428,-12,-12,-12,-16,188,428,-28,-12,0,-16,0,428,-12,-8,28,16,16,12,8,-428,12,16,-46770485371684,8,28,12,16,16,8,8
4333,0x557414aa533d,W,0x7ffdaed52304,1,16,444,16,4,4,8,8,444,0,4,16,8,46770485371700,444,4,4,12,-8,-208,-4,-4,-444,-16,0,-16,-8,12,-444,-116,0,-8,-4
4335,0x557414aa5340,R,0x7ffdaed52310,1,28,12,46770485371712,16,16,20,20,12,216,16,0,20,46770485371712,12,28,16,-12,-20,-20,-16,-16,-456,-46770485371712,-12,-28,-16,-12,-456,-128,-20,-16,-16
4337,0x557414aa5344,R,0x7ffdaed52304,1,-12,0,46770485371700,444,16,8,4,0,204,444,0,8,16,0,16,444,-208,-8,-4,-4,-16,-444,-46770485371700,-8,12,-4,0,0,-8,-8,-4,-4
4340,0x557414aa534a,R,0x7ffdaed52234,1,-208,-208,-192,236,-192,-204,-204,-208,-200,236,-208,-204,-220,-208,46770485371492,236,200,200,204,204,192,208,192,200,220,-236,92,208,204,200,204,-236
4342,0x557414aa534d,R,0x7ffdaed522fc,1,200,-8,-20,436,46770485371692,-4,-4,0,-4,436,196,-4,-20,0,8,436,4,0,4,-436,-46770485371692,8,-8,4,8,-436,0,8,4,4,-8,-436
4343,0x557414aa534d,W,0x7ffdaed522fc,1,0,-8,-8,436,8,-4,8,0,-4,-8,0,-4,-8,0,8,-8,4,4,-8,-436,-46770485371692,0,20,4,-108,-436,0,0,4,4,-46770485371692,-436
4345,0x557414aa5350,R,0x7ffdaed52300,1,4,4,204,440,-16,0,46770485371696,4,0,-4,4,440,200,4,-16,-4,0,0,-12,4,-12,-4,4,0,-112,4,0,-4,-12,0,-46770485371696,4
4346,0x557414aa5350,W,0x7ffdaed52300,1,0,4,204,-4,-4,0,12,4,12,-4,0,440,200,0,-4,-4,0,-440,-46770485371696,4,16,-4,4,-440,-4,4,0,-4,-12,-440,-12,4
4348,0x557414aa5354,R,0x7ffdaed52300,1,0,0,4,-4,-4,440,-16,4,46770485371696,-4,0,440,4,0,-4,4,-12,-440,-12,4,16,0,-112,-440,0,4,0,0,-46770485371696,-440,16,4
4350,0x557414aa5357,R,0x7ffdaed522f4,1,-12,-12,-8,-8,192,428,-28,-12,0,-16,0,428,-12,-12,188,-8,-46770485371684,-428,0,8,16,12,8,-428,12,8,0,12,0,-428,16,16
4353,0x557414aa5334,W,0x7ffdaed52148,1,-428,-440,-440,-436,-236,-444,-444,-440,-428,-436,46770485371256,0,-440,-440,-436,-436,-46770485371256,444,456,436,328,440,436,444,440,436,-46770485371256,440,456,0,112,444
4356,0x557414aa50f4,R,0x557414aa7fd0,1,-46770485371684,-46770485371256,-46770485371696,-46770485371692,-46770485371692,-46770485371700,-46770485371700,-46770485371256,-46770485371712,-46770485371692,0,-46770485371700,-46770485371684,-46770485371696,-46770485371696,-46770485371692,46770485371684,46770485371700,46770485371700,46770485371692,46770485371584,46770485371256,46770485371696,46770485371700,46770485371684,46770485371692,46770485371684,46770485371696,46770485371700,46770485371256,46770485371368,46770485371692
4359,0x557414aa533a,R,0x7ffdaed522f4,1,46770485371684,428,-12,-12,-12,-16,192,428,-28,-12,0,-16,0,428,-12,-8,28,16,16,12,8,-428,12,16,-46770485371684,8,28,12,16,16,8,8
4361,0x557414aa533d,W,0x7ffdaed52304,1,16,444,16,4,4,8,8,444,0,4,16,8,46770485371700,444,4,4,12,-8,-116,-4,-4,-444,-16,0,-16,-8,12,-444,-332,0,-8,-4
4363,0x557414aa5340,R,0x7ffdaed52310,1,28,12,46770485371712,16,16,20,20,12,220,16,0,20,46770485371712,12,28,16,-12,-20,-20,-16,-16,-456,-46770485371712,-12,-28,-16,-12,-456,-344,-20,-16,-16
4365,0x557414aa5344,R,0x7ffdaed52304,1,-12,0,46770485371700,444,16,8,4,0,208,444,0,8,16,0,16,444,-116,-8,-4,-4,-16,-444,-46770485371700,-8,12,-4,0,0,-8,-8,-4,-4
4368,0x557414aa534a,R,0x7ffdaed52290,1,-116,-116,-100,328,-100,-112,-112,-116,-108,328,-116,-112,-128,-116,46770485371584,328,108,108,112,112,100,116,100,108,128,-328,-216,116,112,108,112,-328
4370,0x557414aa534d,R,0x7ffdaed522fc,1,108,-8,-20,436,46770485371692,-4,-4,0,-4,436,200,-4,-20,0,8,436,4,0,4,-436,-46770485371692,8,-8,4,8,-436,0,8,4,4,-8,-436
4371,0x557414aa534d,W,0x7ffdaed522fc,1,0,-8,-8,436,8,-4,8,0,-4,-8,0,-4,-8,0,8,-8,4,4,-8,-436,-46770485371692,0,20,4,-324,-436,0,0,4,4,-46770485371692,-436
4373,0x557414aa5350,R,0x7ffdaed52300,1,4,4,112,440,-16,0,46770485371696,4,0,-4,4,440,204,4,-16,-4,0,0,-12,4,-12,-4,4,0,-328,4,0,-4,-12,0,-46770485371696,4
4374,0x557414aa5350,W,0x7ffdaed52300,1,0,4,112,-4,-4,0,12,4,12,-4,0,440,204,0,-4,-4,0,-440,-46770485371696,4,16,-4,4,-440,-4,4,0,-4,-12,-440,-12,4
4376,0x557414aa5354,R,0x7ffdaed52300,1,0,0,4,-4,-4,440,-16,4,46770485371696,-4,0,440,4,0,-4,4,-12,-440,-12,4,16,0,-328,-440,0,4,0,0,-46770485371696,-440,16,4
4378,0x557414aa5357,R,0x7ffdaed522f4,1,-12,-12,-8,-8,100,428,-28,-12,0,-16,0,428,-12,-12,192,-8,-46770485371684,-428,0,8,16,12,8,-428,12,8,0,12,0,-428,16,16
4381,0x557414aa5334,W,0x7ffdaed52148,1,-428,-440,-440,-436,-328,-444,-444,-440,-428,-436,46770485371256,0,-440,-440,-436,-436,-46770485371256,444,456,436,112,440,436,444,440,436,-46770485371256,440,456,0,196,444
4384,0x557414aa50f4,R,0x557414aa7fd0,1,-46770485371684,-46770485371256,-46770485371696,-46770485371692,-46770485371692,-46770485371700,-46770485371700,-46770485371256,-46770485371712,-46770485371692,0,-46770485371700,-46770485371684,-46770485371696,-46770485371696,-46770485371692,46770485371684,46770485371700,46770485371700,46770485371692,46770485371368,46770485371256,46770485371696,46770485371700,46770485371684,46770485371692,46770485371684,46770485371696,46770485371700,46770485371256,46770485371452,46770485371692
4387,0x557414aa533a,R,0x7ffdaed522f4,1,46770485371684,428,-12,-12,-12,-16,100,428,-28,-12,0,-16,0,428,-12,-8,28,16,16,12,8,-428,12,16,-46770485371684,8,28,12,16,16,8,8
4389,0x557414aa533d,W,0x7ffdaed52304,1,16,444,16,4,4,8,8,444,0,4,16,8,46770485371700,444,4,4,12,-8,-332,-4,-4,-444,-16,0,-16,-8,12,-444,-248,0,-8,-4
4391,0x557414aa5340,R,0x7ffdaed52310,1,28,12,46770485371712,16,16,20,20,12,128,16,0,20,46770485371712,12,28,16,-12,-20,-20,-16,-16,-456,-46770485371712,-12,-28,-16,-12,-456,-260,-20,-16,-16
4393,0x557414aa5344,R,0x7ffdaed52304,1,-12,0,46770485371700,444,16,8,4,0,116,444,0,8,16,0,16,444,-332,-8,-4,-4,-16,-444,-46770485371700,-8,12,-4,0,0,-8,-8,-4,-4
4396,0x557414aa534a,R,0x7ffdaed521b8,1,-332,-332,-316,112,-316,-328,-328,-332,-324,112,-332,-328,-344,-332,46770485371368,112,324,324,328,328,316,332,316,324,344,-112,84,332,328,324,328,-112
4398,0x557414aa534d,R,0x7ffdaed522fc,1,324,-8,-20,436,46770485371692,-4,-4,0,-4,436,108,-4,-20,0,8,436,4,0,4,-436,-46770485371692,8,-8,4,8,-436,0,8,4,4,-8,-436
4399,0x557414aa534d,W,0x7ffdaed522fc,1,0,-8,-8,436,8,-4,8,0,-4,-8,0,-4,-8,0,8,-8,4,4,-8,-436,-46770485371692,0,20,4,-240,-436,0,0,4,4,-46770485371692,-436
4401,0x557414aa5350,R,0x7ffdaed52300,1,4,4,328,440,-16,0,46770485371696,4,0,-4,4,440,112,4,-16,-4,0,0,-12,4,-12,-4,4,0,-244,4,0,-4,-12,0,-46770485371696,4
4402,0x557414aa5350,W,0x7ffdaed52300,1,0,4,328,-4,-4,0,12,4,12,-4,0,440,112,0,-4,-4,0,-440,-46770485371696,4,16,-4,4,-440,-4,4,0,-4,-12,-440,-12,4
4404,0x557414aa5354,R,0x7ffdaed52300,1,0,0,4,-4,-4,440,-16,4,46770485371696,-4,0,440,4,0,-4,4,-12,-440,-12,4,16,0,-244,-440,0,4,0,0,-46770485371696,-440,16,4
4406,0x557414aa5357,R,0x7ffdaed522f4,1,-12,-12,-8,-8,316,428,-28,-12,0,-16,0,428,-12,-12,100,-8,-46770485371684,-428,0,8,16,12,8,-428,12,8,0,12,0,-428,16,16
4409,0x557414aa5334,W,0x7ffdaed52148,1,-428,-440,-440,-436,-112,-444,-444,-440,-428,-436,46770485371256,0,-440,-440,-436,-436,-46770485371256,444,456,436,196,440,436,444,440,436,-46770485371256,440,456,0,288,444
4412,0x557414aa50f4,R,0x557414aa7fd0,1,-46770485371684,-46770485371256,-46770485371696,-46770485371692,-46770485371692,-46770485371700,-46770485371700,-46770485371256,-46770485371712,-46770485371692,0,-46770485371700,-46770485371684,-46770485371696,-46770485371696,-46770485371692,46770485371684,46770485371700,46770485371700,46770485371692,46770485371452,46770485371256,46770485371696,46770485371700,46770485371684,46770485371692,46770485371684,46770485371696,46770485371700,46770485371256,46770485371544,46770485371692
4415,0x557414aa533a,R,0x7ffdaed522f4,1,46770485371684,428,-12,-12,-12,-16,316,428,-28,-12,0,-16,0,428,-12,-8,28,16,16,12,8,-428,12,16,-46770485371684,8,28,12,16,16,8,8
4417,0x557414aa533d,W,0x7ffdaed52304,1,16,444,16,4,4,8,8,444,0,4,16,8,46770485371700,444,4,4,12,-8,-248,-4,-4,-444,-16,0,-16,-8,12,-444,-156,0,-8,-4
4419,0x557414aa5340,R,0x7ffdaed52310,1,28,12,46770485371712,16,16,20,20,12,344,16,0,20,46770485371712,12,28,16,-12,-20,-20,-16,-16,-456,-46770485371712,-12,-28,-16,-12,-456,-168,-20,-16,-16
4421,0x557414aa5344,R,0x7ffdaed52304,1,-12,0,46770485371700,444,16,8,4,0,332,444,0,8,16,0,16,444,-248,-8,-4,-4,-16,-444,-46770485371700,-8,12,-4,0,0,-8,-8,-4,-4
4424,0x557414aa534a,R,0x7ffdaed5220c,1,-248,-248,-232,196,-232,-244,-244,-248,-240,196,-248,-244,-260,-248,46770485371452,196,240,240,244,244,232,248,232,240,260,-196,92,248,244,240,244,-196
4426,0x557414aa534d,R,0x7ffdaed522fc,1,240,-8,-20,436,46770485371692,-4,-4,0,-4,436,324,-4,-20,0,8,436,4,0,4,-436,-46770485371692,8,-8,4,8,-436,0,8,4,4,-8,-436
4427,0x557414aa534d,W,0x7ffdaed522fc,1,0,-8,-8,436,8,-4,8,0,-4,-8,0,-4,-8,0,8,-8,4,4,-8,-436,-46770485371692,0,20,4,-148,-436,0,0,4,4,-46770485371692,-436
4429,0x557414aa5350,R,0x7ffdaed52300,1,4,4,244,440,-16,0,46770485371696,4,0,-4,4,440,328,4,-16,-4,0,0,-12,4,-12,-4,4,0,-152,4,0,-4,-12,0,-46770485371696,4
4430,0x557414aa5350,W,0x7ffdaed52300,1,0,4,244,-4,-4,0,12,4,12,-4,0,440,328,0,-4,-4,0,-440,-46770485371696,4,16,-4,4,-440,-4,4,0,-4,-12,-440,-12,4
4432,0x557414aa5354,R,0x7ffdaed52300,1,0,0,4,-4,-4,440,-16,4,46770485371696,-4,0,440,4,0,-4,4,-12,-440,-12,4,16,0,-152,-440,0,4,0,0,-46770485371696,-440,16,4
4434,0x557414aa5357,R,0x7ffdaed522f4,1,-12,-12,-8,-8,232,428,-28,-12,0,-16,0,428,-12,-12,316,-8,-46770485371684,-428,0,8,16,12,8,-428,12,8,0,12,0,-428,16,16
4437,0x557414aa5334,W,0x7ffdaed52148,1,-428,-440,-440,-436,-196,-444,-444,-440,-428,-436,46770485371256,0,-440,-440,-436,-436,-46770485371256,444,456,436,288,440,436,444,440,436,-46770485371256,440,456,0,240,444
4440,0x557414aa50f4,R,0x557414aa7fd0,1,-46770485371684,-46770485371256,-46770485371696,-46770485371692,-46770485371692,-46770485371700,-46770485371700,-46770485371256,-46770485371712,-46770485371692,0,-46770485371700,-46770485371684,-46770485371696,-46770485371696,-46770485371692,46770485371684,46770485371700,46770485371700,46770485371692,46770485371544,46770485371256,46770485371696,46770485371700,46770485371684,46770485371692,46770485371684,46770485371696,46770485371700,46770485371256,46770485371496,46770485371692
4443,0x557414aa533a,R,0x7ffdaed522f4,1,46770485371684,428,-12,-12,-12,-16,232,428,-28,-12,0,-16,0,428,-12,-8,28,16,16,12,8,-428,12,16,-46770485371684,8,28,12,16,16,8,8
4445,0x557414aa533d,W,0x7ffdaed52304,1,16,444,16,4,4,8,8,444,0,4,16,8,46770485371700,444,4,4,12,-8,-156,-4,-4,-444,-16,0,-16,-8,12,-444,-204,0,-8,-4
4447,0x557414aa5340,R,0x7ffdaed52310,1,28,12,46770485371712,16,16,20,20,12,260,16,0,20,46770485371712,12,28,16,-12,-20,-20,-16,-16,-456,-46770485371712,-12,-28,-16,-12,-456,-216,-20,-16,-16
4449,0x557414aa5344,R,0x7ffdaed52304,1,-12,0,46770485371700,444,16,8,4,0,248,444,0,8,16,0,16,444,-156,-8,-4,-4,-16,-444,-46770485371700,-8,12,-4,0,0,-8,-8,-4,-4
4452,0x557414aa534a,R,0x7ffdaed52268,1,-156,-156,-140,288,-140,-152,-152,-156,-148,288,-156,-152,-168,-156,46770485371544,288,148,148,152,152,140,156,140,148,168,-288,-48,156,152,148,152,-288
4454,0x557414aa534d,R,0x7ffdaed522fc,1,148,-8,-20,436,46770485371692,-4,-4,0,-4,436,240,-4,-20,0,8,436,4,0,4,-436,-46770485371692,8,-8,4,8,-436,0,8,4,4,-8,-436
4455,0x557414aa534d,W,0x7ffdaed522fc,1,0,-8,-8,436,8,-4,8,0,-4,-8,0,-4,-8,0,8,-8,4,4,-8,-436,-46770485371692,0,20,4,-196,-436,0,0,4,4,-46770485371692,-436
4457,0x557414aa5350,R,0x7ffdaed52300,1,4,4,152,440,-16,0,46770485371696,4,0,-4,4,440,244,4,-16,-4,0,0,-12,4,-12,-4,4,0,-200,4,0,-4,-12,0,-46770485371696,4
4458,0x557414aa5350,W,0x7ffdaed52300,1,0,4,152,-4,-4,0,12,4,12,-4,0,440,244,0,-4,-4,0,-440,-46770485371696,4,16,-4,4,-440,-4,4,0,-4,-12,-440,-12,4
4460,0x557414aa5354,R,0x7ffdaed52300,1,0,0,4,-4,-4,440,-16,4,46770485371696,-4,0,440,4,0,-4,4,-12,-440,-12,4,16,0,-200,-440,0,4,0,0,-46770485371696,-440,16,4
4462,0x557414aa5357,R,0x7ffdaed522f4,1,-12,-12,-8,-8,140,428,-28,-12,0,-16,0,428,-12,-12,232,-8,-46770485371684,-428,0,8,16,12,8,-428,12,8,0,12,0,-428,16,16
4465,0x557414aa5334,W,0x7ffdaed52148,1,-428,-440,-440,-436,-288,-444,-444,-440,-428,-436,46770485371256,0,-440,-440,-436,-436,-46770485371256,444,456,436,240,440,436,444,440,436,-46770485371256,440,456,0,172,444
4468,0x557414aa50f4,R,0x557414aa7fd0,1,-46770485371684,-46770485371256,-46770485371696,-46770485371692,-46770485371692,-46770485371700,-46770485371700,-46770485371256,-46770485371712,-46770485371692,0,-46770485371700,-46770485371684,-46770485371696,-46770485371696,-46770485371692,46770485371684,46770485371700,46770485371700,46770485371692,46770485371496,46770485371256,46770485371696,46770485371700,46770485371684,46770485371692,46770485371684,46770485371696,46770485371700,46770485371256,46770485371428,46770485371692
4471,0x557414aa533a,R,0x7ffdaed522f4,1,46770485371684,428,-12,-12,-12,-16,140,428,-28,-12,0,-16,0,428,-12,-8,28,16,16,12,8,-428,12,16,-46770485371684,8,28,12,16,16,8,8
4473,0x557414aa533d,W,0x7ffdaed52304,1,16,444,16,4,4,8,8,444,0,4,16,8,46770485371700,444,4,4,12,-8,-204,-4,-4,-444,-16,0,-16,-8,12,-444,-272,0,-8,-4
4475,0x557414aa5340,R,0x7ffdaed52310,1,28,12,46770485371712,16,16,20,20,12,168,16,0,20,46770485371712,12,28,16,-12,-20,-20,-16,-16,-456,-46770485371712,-12,-28,-16,-12,-456,-284,-20,-16,-16
4477,0x557414aa5344,R,0x7ffdaed52304,1,-12,0,46770485371700,444,16,8,4,0,156,444,0,8,16,0,16,444,-204,-8,-4,-4,-16,-444,-46770485371700,-8,12,-4,0,0,-8,-8,-4,-4
4480,0x557414aa534a,R,0x7ffdaed52238,1,-204,-204,-188,240,-188,-200,-200,-204,-196,240,-204,-200,-216,-204,46770485371496,240,196,196,200,200,188,204,188,196,216,-240,-68,204,200,196,200,-240
4482,0x557414aa534d,R,0x7ffdaed522fc,1,196,-8,-20,436,46770485371692,-4,-4,0,-4,436,148,-4,-20,0,8,436,4,0,4,-436,-46770485371692,8,-8,4,8,-436,0,8,4,4,-8,-436
4483,0x557414aa534d,W,0x7ffdaed522fc,1,0,-8,-8,436,8,-4,8,0,-4,-8,0,-4,-8,0,8,-8,4,4,-8,-436,-46770485371692,0,20,4,-264,-436,0,0,4,4,-46770485371692,-436
4485,0x557414aa5350,R,0x7ffdaed52300,1,4,4,200,440,-16,0,46770485371696,4,0,-4,4,440,152,4,-16,-4,0,0,-12,4,-12,-4,4,0,-268,4,0,-4,-12,0,-46770485371696,4
4486,0x557414aa5350,W,0x7ffdaed52300,1,0,4,200,-4,-4,0,12,4,12,-4,0,440,152,0,-4,-4,0,-440,-46770485371696,4,16,-4,4,-440,-4,4,0,-4,-12,-440,-12,4
4488,0x557414aa5354,R,0x7ffdaed52300,1,0,0,4,-4,-4,440,-16,4,46770485371696,-4,0,440,4,0,-4,4,-12,-440,-12,4,16,0,-268,-440,0,4,0,0,-46770485371696,-440,16,4
4490,0x557414aa5357,R,0x7ffdaed522f4,1,-12,-12,-8,-8,188,428,-28,-12,0,-16,0,428,-12,-12,140,-8,-46770485371684,-428,0,8,16,12,8,-428,12,8,0,12,0,-428,16,16
4493,0x557414aa5334,W,0x7ffdaed52148,1,-428,-440,-440,-436,-240,-444,-444,-440,-428,-436,46770485371256,0,-440,-440,-436,-436,-46770485371256,444,456,436,172,440,436,444,440,436,-46770485371256,440,456,0,404,444
4496,0x557414aa50f4,R,0x557414aa7fd0,1,-46770485371684,-46770485371256,-46770485371696,-46770485371692,-46770485371692,-46770485371700,-46770485371700,-46770485371256,-46770485371712,-46770485371692,0,-46770485371700,-46770485371684,-46770485371696,-46770485371696,-46770485371692,46770485371684,46770485371700,46770485371700,46770485371692,46770485371428,46770485371256,46770485371696,46770485371700,46770485371684,46770485371692,46770485371684,46770485371696,46770485371700,46770485371256,46770485371660,46770485371692
4499,0x557414aa533a,R,0x7ffdaed522f4,1,46770485371684,428,-12,-12,-12,-16,188,428,-28,-12,0,-16,0,428,-12,-8,28,16,16,12,8,-428,12,16,-46770485371684,8,28,12,16,16,8,8
4501,0x557414aa533d,W,0x7ffdaed52304,1,16,444,16,4,4,8,8,444,0,4,16,8,46770485371700,444,4,4,12,-8,-272,-4,-4,-444,-16,0,-16,-8,12,-444,-40,0,-8,-4
4503,0x557414aa5340,R,0x7ffdaed52310,1,28,12,46770485371712,16,16,20,20,12,216,16,0,20,46770485371712,12,28,16,-12,-20,-20,-16,-16,-456,-46770485371712,-12,-28,-16,-12,-456,-52,-20,-16,-16
4505,0x557414aa5344,R,0x7ffdaed52304,1,-12,0,46770485371700,444,16,8,4,0,204,444,0,8,16,0,16,444,-272,-8,-4,-4,-16,-444,-46770485371700,-8,12,-4,0,0,-8,-8,-4,-4
4508,0x557414aa534a,R,0x7ffdaed521f4,1,-272,-272,-256,172,-256,-268,-268,-272,-264,172,-272,-268,-284,-272,46770485371428,172,264,264,268,268,256,272,256,264,284,-172,232,272,268,264,268,-172
4510,0x557414aa534d,R,0x7ffdaed522fc,1,264,-8,-20,436,46770485371692,-4,-4,0,-4,436,196,-4,-20,0,8,436,4,0,4,-436,-46770485371692,8,-8,4,8,-436,0,8,4,4,-8,-436
4511,0x557414aa534d,W,0x7ffdaed522fc,1,0,-8,-8,436,8,-4,8,0,-4,-8,0,-4,-8,0,8,-8,4,4,-8,-436,-46770485371692,0,20,4,-32,-436,0,0,4,4,-46770485371692,-436
4513,0x557414aa5350,R,0x7ffdaed52300,1,4,4,268,440,-16,0,46770485371696,4,0,-4,4,440,200,4,-16,-4,0,0,-12,4,-12,-4,4,0,-36,4,0,-4,-12,0,-46770485371696,4
4514,0x557414aa5350,W,0x7ffdaed52300,1,0,4,268,-4,-4,0,12,4,12,-4,0,440,200,0,-4,-4,0,-440,-46770485371696,4,16,-4,4,-440,-4,4,0,-4,-12,-440,-12,4
4516,0x557414aa5354,R,0x7ffdaed52300,1,0,0,4,-4,-4,440,-16,4,46770485371696,-4,0,440,4,0,-4,4,-12,-440,-12,4,16,0,-36,-440,0,4,0,0,-46770485371696,-440,16,4
4518,0x557414aa5357,R,0x7ffdaed522f4,1,-12,-12,-8,-8,256,428,-28,-12,0,-16,0,428,-12,-12,188,-8,-46770485371684,-428,0,8,16,12,8,-428,12,8,0,12,0,-428,16,16
4521,0x557414aa5334,W,0x7ffdaed52148,1,-428,-440,-440,-436,-172,-444,-444,-440,-428,-436,46770485371256,0,-440,-440,-436,-436,-46770485371256,444,456,436,404,440,436,444,440,436,-46770485371256,440,456,0,112,444
4524,0x557414aa50f4,R,0x557414aa7fd0,1,-46770485371684,-46770485371256,-46770485371696,-46770485371692,-46770485371692,-46770485371700,-46770485371700,-46770485371256,-46770485371712,-46770485371692,0,-46770485371700,-46770485371684,-46770485371696,-46770485371696,-46770485371692,46770485371684,46770485371700,46770485371700,46770485371692,46770485371660,46770485371256,46770485371696,46770485371700,46770485371684,46770485371692,46770485371684,46770485371696,46770485371700,46770485371256,46770485371368,46770485371692
4527,0x557414aa533a,R,0x7ffdaed522f4,1,46770485371684,428,-12,-12,-12,-16,256,428,-28,-12,0,-16,0,428,-12,-8,28,16,16,12,8,-428,12,16,-46770485371684,8,28,12,16,16,8,8
4529,0x557414aa533d,W,0x7ffdaed52304,1,16,444,16,4,4,8,8,444,0,4,16,8,46770485371700,444,4,4,12,-8,-40,-4,-4,-444,-16,0,-16,-8,12,-444,-332,0,-8,-4
4531,0x557414aa5340,R,0x7ffdaed52310,1,28,12,46770485371712,16,16,20,20,12,284,16,0,20,46770485371712,12,28,16,-12,-20,-20,-16,-16,-456,-46770485371712,-12,-28,-16,-12,-456,-344,-20,-16,-16
4533,0x557414aa5344,R,0x7ffdaed52304,1,-12,0,46770485371700,444,16,8,4,0,272,444,0,8,16,0,16,444,-40,-8,-4,-4,-16,-444,-46770485371700,-8,12,-4,0,0,-8,-8,-4,-4
4536,0x557414aa534a,R,0x7ffdaed522dc,1,-40,-40,-24,404,-24,-36,-36,-40,-32,404,-40,-36,-52,-40,46770485371660,404,32,32,36,36,24,40,24,32,52,-404,-292,40,36,32,36,-404
4538,0x557414aa534d,R,0x7ffdaed522fc,1,32,-8,-20,436,46770485371692,-4,-4,0,-4,436,264,-4,-20,0,8,436,4,0,4,-436,-46770485371692,8,-8,4,8,-436,0,8,4,4,-8,-436
4539,0x557414aa534d,W,0x7ffdaed522fc,1,0,-8,-8,436,8,-4,8,0,-4,-8,0,-4,-8,0,8,-8,4,4,-8,-436,-46770485371692,0,20,4,-324,-436,0,0,4,4,-46770485371692,-436
4541,0x557414aa5350,R,0x7ffdaed52300,1,4,4,36,440,-16,0,46770485371696,4,0,-4,4,440,268,4,-16,-4,0,0,-12,4,-12,-4,4,0,-328,4,0,-4,-12,0,-46770485371696,4
4542,0x557414aa5350,W,0x7ffdaed52300,1,0,4,36,-4,-4,0,12,4,12,-4,0,440,268,0,-4,-4,0,-440,-46770485371696,4,16,-4,4,-440,-4,4,0,-4,-12,-440,-12,4
4544,0x557414aa5354,R,0x7ffdaed52300,1,0,0,4,-4,-4,440,-16,4,46770485371696,-4,0,440,4,0,-4,4,-12,-440,-12,4,16,0,-328,-440,0,4,0,0,-46770485371696,-440,16,4
4546,0x557414aa5357,R,0x7ffdaed522f4,1,-12,-12,-8,-8,24,428,-28,-12,0,-16,0,428,-12,-12,256,-8,-46770485371684,-428,0,8,16,12,8,-428,12,8,0,12,0,-428,16,16
4549,0x557414aa5334,W,0x7ffdaed52148,1,-428,-440,-440,-436,-404,-444,-444,-440,-428,-436,46770485371256,0,-440,-440,-436,-436,-46770485371256,444,456,436,112,440,436,444,440,436,-46770485371256,440,456,0,340,444
4552,0x557414aa50f4,R,0x557414aa7fd0,1,-46770485371684,-46770485371256,-46770485371696,-46770485371692,-46770485371692,-46770485371700,-46770485371700,-46770485371256,-46770485371712,-46770485371692,0,-46770485371700,-46770485371684,-46770485371696,-46770485371696,-46770485371692,46770485371684,46770485371700,46770485371700,46770485371692,46770485371368,46770485371256,46770485371696,46770485371700,46770485371684,46770485371692,46770485371684,46770485371696,46770485371700,46770485371256,46770485371596,46770485371692
4555,0x557414aa533a,R,0x7ffdaed522f4,1,46770485371684,428,-12,-12,-12,-16,24,428,-28,-12,0,-16,0,428,-12,-8,28,16,16,12,8,-428,12,16,-46770485371684,8,28,12,16,16,8,8
4557,0x557414aa533d,W,0x7ffdaed52304,1,16,444,16,4,4,8,8,444,0,4,16,8,46770485371700,444,4,4,12,-8,-332,-4,-4,-444,-16,0,-16,-8,12,-444,-104,0,-8,-4
4559,0x557414aa5340,R,0x7ffdaed52310,1,28,12,46770485371712,16,16,20,20,12,52,16,0,20,46770485371712,12,28,16,-12,-20,-20,-16,-16,-456,-46770485371712,-12,-28,-16,-12,-456,-116,-20,-16,-16
4561,0x557414aa5344,R,0x7ffdaed52304,1,-12,0,46770485371700,444,16,8,4,0,40,444,0,8,16,0,16,444,-332,-8,-4,-4,-16,-444,-46770485371700,-8,12,-4,0,0,-8,-8,-4,-4
4564,0x557414aa534a,R,0x7ffdaed521b8,1,-332,-332,-316,112,-316,-328,-328,-332,-324,112,-332,-328,-344,-332,46770485371368,112,324,324,328,328,316,332,316,324,344,-112,228,332,328,324,328,-112
4566,0x557414aa534d,R,0x7ffdaed522fc,1,324,-8,-20,436,46770485371692,-4,-4,0,-4,436,32,-4,-20,0,8,436,4,0,4,-436,-46770485371692,8,-8,4,8,-436,0,8,4,4,-8,-436
4567,0x557414aa534d,W,0x7ffdaed522fc,1,0,-8,-8,436,8,-4,8,0,-4,-8,0,-4,-8,0,8,-8,4,4,-8,-436,-46770485371692,0,20,4,-96,-436,0,0,4,4,-46770485371692,-436
4569,0x557414aa5350,R,0x7ffdaed52300,1,4,4,328,440,-16,0,46770485371696,4,0,-4,4,440,36,4,-16,-4,0,0,-12,4,-12,-4,4,0,-100,4,0,-4,-12,0,-46770485371696,4
4570,0x557414aa5350,W,0x7ffdaed52300,1,0,4,328,-4,-4,0,12,4,12,-4,0,440,36,0,-4,-4,0,-440,-46770485371696,4,16,-4,4,-440,-4,4,0,-4,-12,-440,-12,4
4572,0x557414aa5354,R,0x7ffdaed52300,1,0,0,4,-4,-4,440,-16,4,46770485371696,-4,0,440,4,0,-4,4,-12,-440,-12,4,16,0,-100,-440,0,4,0,0,-46770485371696,-440,16,4
4574,0x557414aa5357,R,0x7ffdaed522f4,1,-12,-12,-8,-8,316,428,-28,-12,0,-16,0,428,-12,-12,24,-8,-46770485371684,-428,0,8,16,12,8,-428,12,8,0,12,0,-428,16,16
4577,0x557414aa5334,W,0x7ffdaed52148,1,-428,-440,-440,-436,-112,-444,-444,-440,-428,-436,46770485371256,0,-440,-440,-436,-436,-46770485371256,444,456,436,340,440,436,444,440,436,-46770485371256,440,456,0,392,444
4580,0x557414aa50f4,R,0x557414aa7fd0,1,-46770485371684,-46770485371256,-46770485371696,-46770485371692,-46770485371692,-46770485371700,-46770485371700,-46770485371256,-46770485371712,-46770485371692,0,-46770485371700,-46770485371684,-46770485371696,-46770485371696,-46770485371692,46770485371684,46770485371700,46770485371700,46770485371692,46770485371596,46770485371256,46770485371696,46770485371700,46770485371684,46770485371692,46770485371684,46770485371696,46770485371700,46770485371256,46770485371648,46770485371692
4583,0x557414aa533a,R,0x7ffdaed522f4,1,46770485371684,428,-12,-12,-12,-16,316,428,-28,-12,0,-16,0,428,-12,-8,28,16,16,12,8,-428,12,16,-46770485371684,8,28,12,16,16,8,8
4585,0x557414aa533d,W,0x7ffdaed52304,1,16,444,16,4,4,8,8,444,0,4,16,8,46770485371700,444,4,4,12,-8,-104,-4,-4,-444,-16,0,-16,-8,12,-444,-52,0,-8,-4
4587,0x557414aa5340,R,0x7ffdaed52310,1,28,12,46770485371712,16,16,20,20,12,344,16,0,20,46770485371712,12,28,16,-12,-20,-20,-16,-16,-456,-46770485371712,-12,-28,-16,-12,-456,-64,-20,-16,-16
4589,0x557414aa5344,R,0x7ffdaed52304,1,-12,0,46770485371700,444,16,8,4,0,332,444,0,8,16,0,16,444,-104,-8,-4,-4,-16,-444,-46770485371700,-8,12,-4,0,0,-8,-8,-4,-4
4592,0x557414aa534a,R,0x7ffdaed5229c,1,-104,-104,-88,340,-88,-100,-100,-104,-96,340,-104,-100,-116,-104,46770485371596,340,96,96,100,100,88,104,88,96,116,-340,52,104,100,96,100,-340
4594,0x557414aa534d,R,0x7ffdaed522fc,1,96,-8,-20,436,46770485371692,-4,-4,0,-4,436,324,-4,-20,0,8,436,4,0,4,-436,-46770485371692,8,-8,4,8,-436,0,8,4,4,-8,-436
4595,0x557414aa534d,W,0x7ffdaed522fc,1,0,-8,-8,436,8,-4,8,0,-4,-8,0,-4,-8,0,8,-8,4,4,-8,-436,-46770485371692,0,20,4,-44,-436,0,0,4,4,-46770485371692,-436
4597,0x557414aa5350,R,0x7ffdaed52300,1,4,4,100,440,-16,0,46770485371696,4,0,-4,4,440,328,4,-16,-4,0,0,-12,4,-12,-4,4,0,-48,4,0,-4,-12,0,-46770485371696,-176
4598,0x557414aa5350,W,0x7ffdaed52300,1,0,4,100,-4,-4,0,12,4,12,-4,0,440,328,0,-4,-4,0,-440,-46770485371696,4,16,-4,4,-440,-4,4,0,-4,-12,-440,-12,-176
4600,0x557414aa5354,R,0x7ffdaed52300,1,0,0,4,-4,-4,440,-16,4,46770485371696,-4,0,440,4,0,-4,4,-12,-440,-12,4,16,0,-48,-440,0,4,0,0,-46770485371696,-440,16,-176
4602,0x557414aa5357,R,0x7ffdaed522f4,1,-12,-12,-8,-8,88,428,-28,-12,0,-16,0,428,-12,-12,316,-8,-46770485371684,-428,0,8,16,12,8,-428,12,8,0,12,0,-428,16,-164
4605,0x557414aa5334,W,0x7ffdaed52148,1,-428,-440,-440,-436,-340,-444,-444,-440,-428,-436,46770485371256,0,-440,-440,-436,-436,-46770485371256,444,456,436,392,440,436,444,440,436,-46770485371256,440,456,0,44,264
4608,0x557414aa50f4,R,0x557414aa7fd0,1,-46770485371684,-46770485371256,-46770485371696,-46770485371692,-46770485371692,-46770485371700,-46770485371700,-46770485371256,-46770485371712,-46770485371692,0,-46770485371700,-46770485371684,-46770485371696,-46770485371696,-46770485371692,46770485371684,46770485371700,46770485371700,46770485371692,46770485371648,46770485371256,46770485371696,46770485371700,46770485371684,46770485371692,46770485371684,46770485371696,46770485371700,46770485371256,46770485371300,46770485371512
4611,0x557414aa533a,R,0x7ffdaed522f4,1,46770485371684,428,-12,-12,-12,-16,88,428,-28,-12,0,-16,0,428,-12,-8,28,16,16,12,8,-428,12,16,-46770485371684,8,28,12,16,-164,8,-172
4613,0x557414aa533d,W,0x7ffdaed52304,1,16,444,16,4,4,8,8,444,0,4,16,8,46770485371700,444,4,4,12,-8,-52,-4,-4,-444,-16,0,-16,-8,12,-444,-400,-180,-8,-188
4615,0x557414aa5340,R,0x7ffdaed52310,1,28,12,46770485371712,16,16,20,20,12,116,16,0,20,46770485371712,12,28,16,-12,-20,-20,-16,-16,-456,-46770485371712,-12,-28,-16,-12,-456,-412,-200,-16,-200
4617,0x557414aa5344,R,0x7ffdaed52304,1,-12,0,46770485371700,444,16,8,4,0,104,444,0,8,16,0,16,444,-52,-8,-4,-4,-16,-444,-46770485371700,-8,12,-4,0,-180,-8,-188,-4,-188
4620,0x557414aa534a,R,0x7ffdaed522d0,1,-52,-52,-36,392,-36,-48,-48,-52,-44,392,-52,-48,-64,-52,46770485371648,392,44,44,48,48,36,52,36,44,64,-392,-348,-128,48,-136,48,-46770485371584
4622,0x557414aa534d,R,0x7ffdaed522fc,1,44,-8,-20,436,46770485371692,-4,-4,0,-4,436,96,-4,-20,0,8,436,4,0,4,-436,-46770485371692,8,-8,4,8,-436,0,-172,4,-180,-8,-46770485371628
4623,0x557414aa534d,W,0x7ffdaed522fc,1,0,-8,-8,436,8,-4,8,0,-4,-8,0,-4,-8,0,8,-8,4,4,-8,-436,-46770485371692,0,20,4,-392,-436,0,-180,4,-180,0,-46770485371628
4625,0x557414aa5350,R,0x7ffdaed52300,1,4,4,48,440,-16,0,46770485371696,4,0,-4,4,440,100,4,-16,-4,0,0,-12,4,-12,-4,4,0,-396,-176,0,-184,-12,-184,-4,-4
4626,0x557414aa5350,W,0x7ffdaed52300,1,0,4,48,-4,-4,0,12,4,12,-4,0,440,100,0,-4,-4,0,-440,-46770485371696,4,16,-4,4,-440,-4,-176,0,-184,-12,-46770485371632,-46770485371728,-4
4628,0x557414aa5354,R,0x7ffdaed52300,1,0,0,4,-4,-4,440,-16,4,46770485371696,-4,0,440,4,0,-4,4,-12,-440,-12,4,16,0,-396,-440,0,-176,0,-184,-4,-46770485371632,24,-4
4630,0x557414aa5357,R,0x7ffdaed522f4,1,-12,-12,-8,-8,36,428,-28,-12,0,-16,0,428,-12,-12,88,-8,-46770485371684,-428,0,8,16,12,8,-428,12,-172,0,-172,-46770485371716,-46770485371620,-33625541516,8
4633,0x557414aa5334,W,0x7ffdaed52148,1,-428,-440,-440,-436,-392,-444,-444,-440,-428,-436,46770485371256,0,-440,-440,-436,-436,-46770485371256,444,456,436,44,440,436,264,440,256,436,256,464,-46770485371192,480,436
4636,0x557414aa50f4,R,0x557414aa7fd0,1,-46770485371684,-46770485371256,-46770485371696,-46770485371692,-46770485371692,-46770485371700,-46770485371700,-46770485371256,-46770485371712,-46770485371692,0,-46770485371700,-46770485371684,-46770485371696,-46770485371696,-46770485371692,46770485371684,46770485371700,46770485371700,46770485371692,46770485371300,46770485371256,46770485371696,46770485371520,46770485371684,46770485371512,-32,46770485371512,46736859830168,64,46770485371736,46770485371696
4639,0x557414aa533a,R,0x7ffdaed522f4,1,46770485371684,428,-12,-12,-12,-16,36,428,-28,-12,0,-16,0,428,-12,-8,28,16,16,12,8,-428,12,-164,8,-172,36,-172,-33625541516,12,60,12
4641,0x557414aa533d,W,0x7ffdaed52304,1,16,444,16,4,4,8,8,444,0,4,16,8,46770485371700,444,4,4,12,-8,-400,-4,-4,-444,-16,-180,-46770485371732,-188,20,-46770485371636,36,-4,44,-444
4643,0x557414aa5340,R,0x7ffdaed52310,1,28,12,46770485371712,16,16,20,20,12,64,16,0,20,46770485371712,12,28,16,-12,-20,-20,-16,-16,-456,-20,-192,-46770485371744,-200,-33625541544,-46770485371648,24,-456,40,-456
4645,0x557414aa5344,R,0x7ffdaed52304,1,-12,0,46770485371700,444,16,8,4,0,52,444,0,8,16,0,16,444,-400,-8,-4,-4,-16,-444,-8,-188,20,-188,-33625541532,-444,44,-444,60,-444
4648,0x557414aa534a,R,0x7ffdaed52174,1,-400,-400,-384,44,-384,-396,-396,-400,-392,44,-400,-396,-412,-400,46770485371300,44,392,392,396,396,384,220,-46770485371332,212,420,-46770485371236,436,-44,452,-44,468,-44
4650,0x557414aa534d,R,0x7ffdaed522fc,1,392,-8,-20,436,46770485371692,-4,-4,0,-4,436,44,-4,-20,0,8,436,4,0,4,-436,0,-172,-46770485371724,-180,-33625541524,-46770485371628,52,-436,68,-436,76,-172
4651,0x557414aa534d,W,0x7ffdaed522fc,1,0,-8,-8,436,8,-4,8,0,-4,-8,0,-4,-8,0,8,-8,4,4,-8,-436,0,-180,28,-180,44,-46770485371628,60,-436,68,-172,84,-172
4653,0x557414aa5350,R,0x7ffdaed52300,1,4,4,396,440,-16,0,46770485371696,4,0,-4,4,440,48,4,-16,-4,0,0,-12,-176,-46770485371728,-184,-33625541528,-184,48,-46770485371632,56,-176,72,-176,88,-176
4654,0x557414aa5350,W,0x7ffdaed52300,1,0,4,396,-4,-4,0,12,4,12,-4,0,440,48,0,-4,-4,0,-440,-4,-176,24,-184,40,-184,48,-176,64,-176,80,-176,-46770485371632,-176
4656,0x557414aa5354,R,0x7ffdaed52300,1,0,0,4,-4,-4,440,-16,4,46770485371696,-4,0,440,4,0,-4,4,-12,-440,-46770485371728,-176,-33625541528,-184,40,-46770485371632,56,-176,72,-176,88,-176,-46770485371656,-176
4658,0x557414aa5357,R,0x7ffdaed522f4,1,-12,-12,-8,-8,384,428,-28,-12,0,-16,0,428,-12,-12,36,-8,8,-428,36,-164,-33625541516,-172,60,-46770485371620,76,-164,92,-164,-46770485371620,-164,-46770485371628,-164
4661,0x557414aa535c,R,0x7ffdaed522fc,1,8,-4,-4,0,392,-8,-8,-4,8,0,46770485371692,436,-4,-4,0,0,-46770485371724,-436,28,-180,44,-180,60,-46770485371628,76,-172,92,-172,-46770485371652,-172,-46770485371652,-172
4667,0x557414aa5370,W,0x7ffdaed52148,1,-436,-440,-440,-436,-436,-444,-444,0,-456,-436,46770485371256,-444,-428,-440,-440,-436,-46770485371288,264,-33625541088,256,488,256,504,-46770485371192,520,264,-46770485371192,264,-46770485371200,264,256,264
4670,0x557414aa50b4,R,0x557414aa7fb0,1,-46770485371724,-46770485371288,-46770485371716,-46770485371724,-46770485371728,-46770485371732,-46770485371332,-46770485371288,-46770485371744,-46770485371728,-46770485371716,-46770485371732,-46770485371716,-46770485371288,-46770485371728,-46770485371724,46770485371752,46770485371552,46770485371768,46770485371544,46770485371784,46770485371544,46770485371800,96,46770485371816,46770485371552,72,46770485371552,72,46770485371552,46770485371552,46770485371552
4674,0x557414aa537d,R,0x7ffdaed52318,1,46770485371752,464,36,24,24,20,28,464,20,24,36,28,46770485371720,464,24,24,-33625541552,-200,24,-208,40,-208,56,-46770485371656,-46770485371656,-200,-46770485371664,-200,-208,-200,-192,-200
4676,0x557414aa5381,R,0x7ff5da981768,1,-33625541552,-33625541088,-33625541524,-33625541528,-33625541528,-33625541524,-33625541528,-33625541088,-33625541132,-33625541528,-33625541544,-33625541524,46736859830168,-33625541532,-33625541516,-33625541528,33625541568,33625541352,33625541584,33625541344,33625541600,33625541344,33625541616,-46736859830104,-46736859830128,33625541352,-46736859830128,33625541352,33625541352,33625541352,33625541360,33625541352
4680,0x557414aa5395,R,0x7ffdaed52328,1,33625541568,480,46770485371768,40,52,44,40,36,44,40,36,44,52,36,52,480,8,-216,24,-224,40,-224,-46770485371672,-46770485371672,-46770485371680,-216,-224,-216,-208,-216,-46770485371696,-216
4682,0x557414aa5396,R,0x7ffdaed52330,1,8,488,24,48,52,52,48,44,52,488,444,52,32,44,46770485371744,488,8,-224,24,-232,40,-232,-46770485371704,-46770485371680,-46770485371704,-224,-224,-224,-216,-224,-46770485371704,-232
4684,0x557414aa5398,R,0x7ffdaed52338,1,8,496,33625541584,56,46770485371784,60,68,52,56,496,452,56,52,52,68,496,8,-232,24,-240,-46770485371688,-240,-46770485371696,-46770485371688,-240,-232,-224,-232,-224,-240,-46770485371696,-240
4686,0x557414aa539a,R,0x7ffdaed52340,1,8,504,24,64,40,68,68,60,64,504,68,64,60,68,48,504,8,-240,24,-248,-46770485371720,-248,-46770485371720,-46770485371696,-240,-240,-232,-248,-46770485371704,-248,-46770485371720,-248
4688,0x557414aa539c,R,0x7ffdaed52348,1,8,512,24,72,33625541600,76,46770485371800,68,84,512,72,72,468,76,56,68,8,-248,-46770485371704,-256,-46770485371712,-256,-256,-46770485371704,-248,-256,-240,-256,-46770485371728,-256,-46770485371728,-256
4690,0x557414aa539e,R,0x7ffdaed52350,1,8,520,24,80,40,84,56,76,84,520,80,80,84,84,76,76,8,-256,-46770485371736,-264,-46770485371736,-264,-264,-264,-248,-264,-46770485371736,-264,-46770485371736,-264,-264,-264
4692,0x557414aa539f,R,0x7ffdaed52358,1,8,528,24,88,40,92,33625541616,84,46770485371816,528,100,88,88,92,484,84,-46770485371720,-264,-46770485371728,-272,-46770485371744,-46770485371720,-264,-272,-256,-272,-46770485371744,-272,-272,-272,-272,-46770485371720
4695,0x557414aa51a4,R,0x557414aa8010,1,-46770485371720,-46770485371192,-46770485371704,-46770485371632,-46770485371688,-46770485371628,-46770485371672,-46770485371636,-46770485371656,-46770485371192,-46770485371628,-46770485371632,-46770485371632,-46770485371628,-46770485371628,-46770485371636,-24,46770485371456,-8,46770485371448,46770485371448,0,46770485371464,46770485371448,46770485371464,46770485371448,46770485371448,46770485371448,46770485371448,0,46770485371456,0
4698,0x557414aa51ad,W,0x7ffdaed52250,1,46770485371456,264,-256,-176,-240,-172,-224,-180,33625541352,264,46770485371552,-176,-164,-172,-176,-180,-46770485371480,-8,-46770485371480,-8,0,-46770485371456,8,-8,-8,-8,-8,-46770485371456,0,-46770485371456,0,
4700,0x557414aa51ae,R,0x557414aa7ff8,1,-24,-46770485371480,-46770485371744,-46770485371656,-46770485371728,-46770485371652,-46770485371712,-46770485371660,-46770485371696,-46770485371216,-46770485371680,-46770485371656,-46770485371652,-46770485371652,-46770485371656,-46770485371660,16,46770485371472,46770485371472,46770485371472,46770485371480,46770485371472,46770485371488,46770485371472,46770485371472,24,46770485371480,24,46770485371480,,46770485371488,
4704,0x557414aa51bb,R,0x557414aa8008,1,16,-46770485371464,-46770485371728,-46770485371200,-46770485371720,-46770485371636,-46770485371704,-46770485371644,-46770485371688,-46770485371200,-46736859830112,-46770485371640,88,-46770485371636,-46770485371628,-46770485371644,-16,46770485371456,46770485371456,8,46770485371472,46770485371456,46770485371472,8,46770485371464,8,46770485371464,,46770485371472,,46770485371472,
4706,0x557414aa51c2,W,0x7ffdaed52248,1,46770485371456,-8,46770485371448,256,-264,-184,-256,-188,-240,256,-224,-184,-208,-180,-180,-188,-46770485371472,0,8,-46770485371448,16,-46770485371448,8,-46770485371448,8,,16,,16,,,
4709,0x557414aa5094,R,0x557414aa7ff8,1,-16,-46770485371472,0,-46770485371216,-46770485371744,-46770485371656,-46770485371728,-46770485371652,-46770485371720,-46770485371216,-46770485371704,-46770485371656,-46736859830128,-46770485371652,72,-46770485371660,46770485371472,46770485371472,46770485371480,24,46770485371488,24,46770485371480,,46770485371488,,46770485371488,,,,,
4711,0x557414aa51c7,W,0x7ffdaed52248,1,46770485371472,0,46770485371472,-8,46770485371448,-184,-264,-180,-248,-188,-240,-184,-224,-180,-208,-188,0,-46770485371448,16,-46770485371448,16,,16,,16,,,,,,,
4717,0x557414aa5158,R,0x7ffdaed52248,1,46770485371472,0,46770485371456,-8,46770485371448,256,-272,-180,-256,-188,-240,256,-232,-180,33625541344,-188,8,-46770485371448,16,,16,,16,,,,,,,,,
4719,0x557414aa51cc,W,0x557414aa8010,1,-46770485371448,-46770485371448,8,-46770485371448,24,-46770485371192,-46770485371720,-46770485371632,-46770485371712,-46770485371636,-46770485371696,-46770485371192,-46770485371680,-46770485371632,-46770485371672,-46770485371636,46770485371456,,46770485371464,,46770485371464,,,,,,,,,,,
4721,0x557414aa51d3,R,0x7ffdaed52250,1,8,46770485371456,46770485371480,8,46770485371480,0,46770485371456,-176,-256,-172,-248,264,-232,-176,-216,-172,8,,8,,,,,,,,,,,,,
4723,0x557414aa51d4,R,0x7ffdaed52258,1,8,46770485371464,46770485371488,16,46770485371472,8,46770485371464,272,-256,-164,-240,-172,-232,-168,-216,-164,0,,,,,,,,,,,,,,,
4728,0x557414aa53ac,R,0x7ffdaed52258,1,0,46770485371464,16,16,46770485371472,16,46770485371488,272,-256,-168,-248,-172,-232,272,-224,-164,,,,,,,,,,,,,,,,
