Timestamp,PC,Type,Address,pattern_type,Delta_with_1_last_read,Delta_with_1_last_write,Delta_with_2_last_read,Delta_with_2_last_write,Delta_with_3_last_read,Delta_with_3_last_write,Delta_with_4_last_read,Delta_with_4_last_write,Delta_with_5_last_read,Delta_with_5_last_write,Delta_with_6_last_read,Delta_with_6_last_write,Delta_with_7_last_read,Delta_with_7_last_write,Delta_with_8_last_read,Delta_with_8_last_write,Delta_with_1_next_read,Delta_with_1_next_write,Delta_with_2_next_read,Delta_with_2_next_write,Delta_with_3_next_read,Delta_with_3_next_write,Delta_with_4_next_read,Delta_with_4_next_write,Delta_with_5_next_read,Delta_with_5_next_write,Delta_with_6_next_read,Delta_with_6_next_write,Delta_with_7_next_read,Delta_with_7_next_write,Delta_with_8_next_read,Delta_with_8_next_write
5,0x55694a34e089,R,0x7ffe9f8b00a0,1,,,,,,,,,,,,,,,,,-46820870189256,-8,-46820870189240,-24,-104,-292,-292,-304,-304,-312,-46820870189264,-280,-324,-312,-356,-320
9,0x55694a34e091,W,0x7ffe9f8b0098,1,-8,,,,,,,,,,,,,,,,-46820870189248,-8,-46820870189232,-264,-96,-284,-284,-272,24,-304,-272,-272,-316,-304,-348,-316
11,0x55694a34e092,W,0x7ffe9f8b0090,1,-16,-8,-16,,,,,,,,,,,,,,-46820870189240,-8,-88,-256,-88,-288,-288,-264,-46820870189248,-296,-308,-264,-308,-304,-340,-328
16,0x55694a34e09f,R,0x55694a350fd8,1,-46820870189256,-46820870189240,-46820870189256,-46820870189248,-46820870189256,,,,,,,,,,,,16,46820870189232,46820870189152,46820870188964,46820870188964,46820870188952,46820870189272,46820870188976,46820870188976,46820870188944,46820870188932,46820870188944,46820870188932,46820870188932,46820870188900,46820870188904
17,0x55694a34e09f,W,0x7ffe9f8b0088,1,46820870189232,-8,-24,-16,-24,-16,-24,,,,,,,,,,-46820870189216,-248,-80,-268,-280,-280,-46820870189240,-256,-256,-256,-300,-296,-300,-320,-332,-332
21,0x55694a34e008,R,0x55694a350fe8,1,16,-46820870189216,-46820870189240,-46820870189232,-46820870189240,-46820870189224,-46820870189240,-46820870189232,-46820870189240,,,,,,,,46820870189136,46820870188968,46820870188948,46820870188948,46820870189256,46820870188936,-24,46820870188928,46820870188960,46820870188928,46820870188916,46820870188916,46820870188916,46820870188888,46820870188884,46820870188884
26,0x55694a34e01a,R,0x7ffe9f8b0038,1,46820870189136,-80,-104,-88,46820870189152,-88,-104,-88,-104,-96,-104,,,,,,0,-168,-200,-188,120,-176,-46820870189160,-176,-176,-216,-220,-240,-252,-248,-284,-252
39,0x55694a34e118,R,0x7ffe9f8b0038,1,0,-80,46820870189152,-88,46820870189152,-96,46820870189152,-88,-104,-88,-104,-96,-104,,,,-188,-168,-200,-200,120,-208,-46820870189160,-208,-176,-220,-220,-240,-252,-248,-284,-252
42,0x55694a34e19d,W,0x7ffe9f8aff90,1,-168,-248,46820870188968,-256,-272,-264,46820870188984,-248,46820870188984,-256,-272,-256,-272,-264,-272,,-20,-20,-32,-8,288,-8,-46820870188992,-48,-52,-52,-84,-72,-116,-80,-116,-104
46,0x55694a34e1a5,W,0x7ffe9f8aff7c,1,-188,-20,-188,-276,46820870188964,-284,46820870188948,-268,46820870188964,-268,46820870188964,-276,-292,-276,-292,-284,0,-12,-12,-20,308,-20,12,-28,-32,-32,-64,-52,-96,-64,-128,-84
48,0x55694a34e1a8,W,0x7ffe9f8aff70,1,-200,-12,-200,-280,46820870188936,-296,-304,-280,46820870188936,-280,46820870188952,-280,46820870188952,-288,-304,-288,12,24,0,24,-46820870188960,-8,-20,-16,-52,-20,-52,-48,-84,-52,-116,-80
50,0x55694a34e1ac,W,0x7ffe9f8aff88,1,-176,24,-176,-8,46820870188960,-264,46820870188976,-256,-176,-256,46820870188960,-256,46820870188976,-256,46820870188976,-264,-12,-32,296,0,0,-32,-44,-40,-76,-64,-108,-72,-108,-96,-140,-104
52,0x55694a34e1b3,R,0x7ffe9f8aff7c,1,-188,-12,-188,0,46820870188948,-268,46820870188964,-284,-292,-268,-188,-268,46820870188948,-268,46820870188964,-268,-12,-20,-46820870188972,12,-32,-20,-32,-32,-64,-52,-96,-64,-128,-84,-128,-96
55,0x55694a34e1b9,R,0x7ffe9f8aff70,1,-12,-24,-200,0,46820870188936,-32,46820870188952,-288,-304,-32,-200,-280,-200,-280,46820870188936,-280,320,-8,24,24,-20,-16,-52,-20,-52,-48,-84,-52,-116,-80,-116,-104
58,0x55694a34e1c1,R,0x7ffe9f8b00b0,1,320,296,120,320,46820870189256,308,46820870189272,40,16,24,120,288,120,40,120,40,-46820870189280,-328,-296,-328,-340,-336,-372,-360,-404,-368,-404,-392,-436,-404,-436,-432
61,0x55694a34e1c7,W,0x7ffe9f8aff68,1,-328,-32,-20,-8,-208,-20,46820870188944,-40,-312,-296,-208,-20,-208,-40,-208,-288,-46820870188952,32,-12,0,-12,-12,-44,-32,-76,-44,-76,-72,-108,-96,-140,-104
64,0x55694a34e074,R,0x55694a350fd0,1,-46820870189280,-46820870188952,-46820870188960,-46820870188960,-46820870189160,-46820870188972,-24,-46820870188992,-46820870189264,-46820870189240,-46820870189160,-46820870189256,-46820870189160,-46820870188972,-46820870189160,-46820870188992,46820870188984,46820870188984,46820870188940,46820870188944,46820870188908,46820870188940,46820870188908,46820870188912,46820870188876,46820870188888,46820870188876,46820870188876,46820870188844,46820870188856,46820870188812,46820870188848
66,0x55694a34e1cc,W,0x7ffe9f8aff88,1,46820870188984,32,24,0,12,12,-176,-8,46820870188976,-256,-176,-264,-176,24,-176,12,0,-32,-44,-40,-76,-64,-76,-76,-108,-104,-140,-108,-172,-128,-172,-140
68,0x55694a34e1cf,R,0x7ffe9f8aff88,1,46820870188984,0,-296,0,12,24,-176,-8,46820870188960,-256,-280,-264,-176,-272,-176,24,-44,-32,-44,-44,-76,-72,-76,-96,-108,-104,-140,-108,-172,-136,-172,-160
71,0x55694a34e1d4,W,0x7ffe9f8aff68,1,-32,-32,-328,0,-8,-8,-208,-20,-208,-288,46820870188944,-296,-20,-304,-208,-32,-12,-8,-12,-32,-44,-44,-76,-64,-108,-72,-108,-96,-140,-108,-140,-136
74,0x55694a34e16d,W,0x7ffe9f8aff60,1,-40,-8,46820870188944,-8,-16,-40,-28,-28,-216,-48,46820870188920,-304,-320,-312,-28,-40,-4,-4,-4,-32,-36,-36,-68,-56,-100,-68,-100,-96,-132,-120,-164,-128
78,0x55694a34e175,W,0x7ffe9f8aff5c,1,-44,-4,46820870188940,-44,-340,-44,-32,-20,-220,-52,46820870188916,-300,46820870188932,-316,-20,-44,0,-20,-32,-28,-64,-32,-64,-60,-96,-84,-96,-96,-128,-116,-160,-124
80,0x55694a34e178,R,0x7ffe9f8aff5c,1,-44,0,46820870188940,-12,-340,-12,-20,-20,-220,-32,-220,-300,46820870188932,-308,-324,-44,0,-20,-32,-28,-64,-52,-64,-64,-96,-92,-128,-96,-160,-116,-160,-128
83,0x55694a34e185,R,0x7ffe9f8aff5c,1,0,0,46820870188940,-4,-340,-44,-20,-44,-32,-32,-220,-52,46820870188916,-308,-324,-316,-32,-20,-32,-32,-64,-60,-64,-84,-96,-92,-128,-96,-160,-124,-160,-148
87,0x55694a34e18d,W,0x7ffe9f8aff48,1,-20,-20,-64,-24,-360,-32,-40,-32,-52,-40,-240,-72,46820870188896,-320,46820870188912,-336,-12,-8,-12,-32,-44,-44,-76,-64,-108,-72,-108,-96,-140,-108,-140,-136
90,0x55694a34e16d,W,0x7ffe9f8aff40,1,-28,-8,-28,-32,46820870188912,-40,-48,-72,-60,-72,-248,-60,-248,-328,46820870188904,-336,-4,-4,-4,-32,-36,-36,-68,-56,-100,-68,-100,-96,-132,-120,-164,-128
94,0x55694a34e175,W,0x7ffe9f8aff3c,1,-32,-4,-32,-32,-76,-44,-372,-76,-64,-44,-252,-52,-252,-84,46820870188884,-340,0,-20,-32,-28,-64,-32,-64,-60,-96,-84,-96,-96,-128,-116,-160,-124
96,0x55694a34e178,R,0x7ffe9f8aff3c,1,-32,0,-32,-12,-76,-36,46820870188908,-76,-52,-44,-252,-76,-252,-64,46820870188884,-332,0,-20,-32,-28,-64,-52,-64,-64,-96,-92,-128,-96,-160,-116,-160,-128
99,0x55694a34e185,R,0x7ffe9f8aff3c,1,0,0,-32,-4,-76,-32,46820870188908,-44,-372,-44,-64,-76,-252,-52,46820870188884,-84,-32,-20,-32,-32,-64,-60,-64,-84,-96,-92,-128,-96,-160,-124,-160,-148
103,0x55694a34e18d,W,0x7ffe9f8aff28,1,-20,-20,-52,-24,-96,-32,46820870188888,-56,-392,-96,-72,-96,-272,-72,46820870188864,-84,-12,-8,-12,-32,-44,-44,-76,-64,-108,-72,-108,-96,-140,-108,-140,-136
106,0x55694a34e16d,W,0x7ffe9f8aff20,1,-28,-8,-28,-32,-60,-40,46820870188880,-60,-400,-72,-80,-72,-92,-80,-280,-92,-4,-4,-4,-32,-36,-36,-68,-56,-100,-68,-100,-96,-132,-120,-164,-128
110,0x55694a34e175,W,0x7ffe9f8aff1c,1,-32,-4,-32,-32,-64,-44,-108,-64,-404,-68,-84,-108,-96,-108,-284,-96,0,-20,-32,-28,-64,-32,-64,-60,-96,-84,-96,-96,-128,-116,-160,-124
112,0x55694a34e178,R,0x7ffe9f8aff1c,1,-32,0,-32,-12,-64,-36,-64,-64,46820870188876,-68,-84,-76,-96,-76,-284,-84,0,-20,-32,-28,-64,-52,-64,-64,-96,-92,-128,-96,-160,-116,-160,-128
115,0x55694a34e185,R,0x7ffe9f8aff1c,1,0,0,-32,-4,-64,-32,-64,-44,-108,-68,-404,-76,-96,-108,-284,-108,-32,-20,-32,-32,-64,-60,-64,-84,-96,-92,-128,-96,-160,-124,-160,-148
119,0x55694a34e18d,W,0x7ffe9f8aff08,1,-20,-20,-52,-24,-84,-32,-84,-56,-128,-84,46820870188856,-96,-104,-128,-304,-96,-12,-8,-12,-32,-44,-44,-76,-64,-108,-72,-108,-96,-140,-108,-140,-136
122,0x55694a34e16d,W,0x7ffe9f8aff00,1,-28,-8,-28,-32,-60,-40,-92,-60,-136,-72,46820870188848,-96,-432,-136,-124,-104,-4,-4,-4,-32,-36,-36,-68,-56,-100,-68,-100,-96,-132,-120,-164,-128
126,0x55694a34e175,W,0x7ffe9f8afefc,1,-32,-4,-32,-32,-64,-44,-96,-64,-140,-68,46820870188844,-96,-436,-108,-116,-108,0,-20,-32,-28,-64,-32,-64,-60,-96,-84,-96,-96,-128,-116,-160,-124
128,0x55694a34e178,R,0x7ffe9f8afefc,1,-32,0,-32,-12,-64,-36,-64,-64,-96,-68,46820870188844,-76,-436,-100,-116,-140,0,-20,-32,-28,-64,-52,-64,-64,-96,-92,-128,-96,-160,-116,-160,-128
131,0x55694a34e185,R,0x7ffe9f8afefc,1,0,0,-32,-4,-64,-32,-64,-44,-96,-68,-140,-76,-436,-96,-116,-108,-32,-20,-32,-32,-64,-60,-64,-84,-96,-92,-128,-96,-160,-124,-160,-148
135,0x55694a34e18d,W,0x7ffe9f8afee8,1,-20,-20,-52,-24,-84,-32,-84,-56,-116,-84,-116,-96,46820870188824,-116,-136,-120,-12,-8,-12,-32,-44,-44,-76,-64,-108,-72,-108,-96,-140,-108,-140,-136
138,0x55694a34e16d,W,0x7ffe9f8afee0,1,-28,-8,-28,-32,-60,-40,-92,-60,-124,-72,-124,-96,-168,-124,-464,-128,-4,-4,-4,-32,-36,-36,-68,-56,-100,-68,-100,-96,-132,-120,-164,-128
142,0x55694a34e175,W,0x7ffe9f8afedc,1,-32,-4,-32,-32,-64,-44,-96,-64,-128,-68,-128,-96,-172,-108,46820870188812,-132,0,-20,-32,-28,-64,-32,-64,-60,-96,-84,-96,-96,-128,-116,-160,-124
144,0x55694a34e178,R,0x7ffe9f8afedc,1,-32,0,-32,-12,-64,-36,-64,-64,-96,-68,-128,-76,-172,-100,46820870188812,-128,0,-20,-32,-28,-64,-52,-64,-64,-96,-92,-128,-96,-160,-116,-160,-128
147,0x55694a34e185,R,0x7ffe9f8afedc,1,0,0,-32,-4,-64,-32,-64,-44,-96,-68,-128,-76,-172,-96,46820870188812,-108,-32,-20,-32,-32,-64,-60,-64,-84,-96,-92,-128,-96,-160,-124,-160,-148
151,0x55694a34e18d,W,0x7ffe9f8afec8,1,-20,-20,-52,-24,-84,-32,-84,-56,-116,-84,-116,-96,-148,-116,46820870188792,-120,-12,-8,-12,-32,-44,-44,-76,-64,-108,-72,-108,-96,-140,-108,-140,-136
154,0x55694a34e16d,W,0x7ffe9f8afec0,1,-28,-8,-28,-32,-60,-40,-92,-60,-124,-72,-124,-96,-156,-124,-200,-128,-4,-4,-4,-32,-36,-36,-68,-56,-100,-68,-100,-96,-132,-120,-164,-128
158,0x55694a34e175,W,0x7ffe9f8afebc,1,-32,-4,-32,-32,-64,-44,-96,-64,-128,-68,-128,-96,-160,-108,-160,-132,0,-20,-32,-28,-64,-32,-64,-60,-96,-84,-96,-96,-128,-116,-160,-124
160,0x55694a34e178,R,0x7ffe9f8afebc,1,-32,0,-32,-12,-64,-36,-64,-64,-96,-68,-128,-76,-160,-100,-160,-128,0,-20,-32,-28,-64,-52,-64,-64,-96,-92,-128,-96,-160,-116,-160,-128
163,0x55694a34e185,R,0x7ffe9f8afebc,1,0,0,-32,-4,-64,-32,-64,-44,-96,-68,-128,-76,-160,-96,-160,-108,-32,-20,-32,-32,-64,-60,-64,-84,-96,-92,-128,-96,-160,-124,-160,-148
167,0x55694a34e18d,W,0x7ffe9f8afea8,1,-20,-20,-52,-24,-84,-32,-84,-56,-116,-84,-116,-96,-148,-116,-180,-120,-12,-8,-12,-32,-44,-44,-76,-64,-108,-72,-108,-96,-140,-108,-140,-136
170,0x55694a34e16d,W,0x7ffe9f8afea0,1,-28,-8,-28,-32,-60,-40,-92,-60,-124,-72,-124,-96,-156,-124,-188,-128,-4,-4,-4,-32,-36,-36,-68,-56,-100,-68,-100,-96,-132,-120,-164,-128
174,0x55694a34e175,W,0x7ffe9f8afe9c,1,-32,-4,-32,-32,-64,-44,-96,-64,-128,-68,-128,-96,-160,-108,-160,-132,0,-20,-32,-28,-64,-32,-64,-60,-96,-84,-96,-96,-128,-116,-160,-124
176,0x55694a34e178,R,0x7ffe9f8afe9c,1,-32,0,-32,-12,-64,-36,-64,-64,-96,-68,-128,-76,-160,-100,-160,-128,0,-20,-32,-28,-64,-52,-64,-64,-96,-92,-128,-96,-160,-116,-160,-128
179,0x55694a34e185,R,0x7ffe9f8afe9c,1,0,0,-32,-4,-64,-32,-64,-44,-96,-68,-128,-76,-160,-96,-160,-108,-32,-20,-32,-32,-64,-60,-64,-84,-96,-92,-128,-96,-160,-124,-160,-148
183,0x55694a34e18d,W,0x7ffe9f8afe88,1,-20,-20,-52,-24,-84,-32,-84,-56,-116,-84,-116,-96,-148,-116,-180,-120,-12,-8,-12,-32,-44,-44,-76,-64,-108,-72,-108,-96,-140,-108,-140,-136
186,0x55694a34e16d,W,0x7ffe9f8afe80,1,-28,-8,-28,-32,-60,-40,-92,-60,-124,-72,-124,-96,-156,-124,-188,-128,-4,-4,-4,-32,-36,-36,-68,-56,-100,-68,-100,-96,-132,-120,-164,-128
190,0x55694a34e175,W,0x7ffe9f8afe7c,1,-32,-4,-32,-32,-64,-44,-96,-64,-128,-68,-128,-96,-160,-108,-160,-132,0,-20,-32,-28,-64,-32,-64,-60,-96,-84,-96,-96,-128,-116,-160,-124
192,0x55694a34e178,R,0x7ffe9f8afe7c,1,-32,0,-32,-12,-64,-36,-64,-64,-96,-68,-128,-76,-160,-100,-160,-128,0,-20,-32,-28,-64,-52,-64,-64,-96,-92,-128,-96,-160,-116,-160,-128
195,0x55694a34e185,R,0x7ffe9f8afe7c,1,0,0,-32,-4,-64,-32,-64,-44,-96,-68,-128,-76,-160,-96,-160,-108,-32,-20,-32,-32,-64,-60,-64,-84,-96,-92,-128,-96,-160,-124,-160,-148
199,0x55694a34e18d,W,0x7ffe9f8afe68,1,-20,-20,-52,-24,-84,-32,-84,-56,-116,-84,-116,-96,-148,-116,-180,-120,-12,-8,-12,-32,-44,-44,-76,-64,-108,-72,-108,-96,-140,-108,-140,-136
202,0x55694a34e16d,W,0x7ffe9f8afe60,1,-28,-8,-28,-32,-60,-40,-92,-60,-124,-72,-124,-96,-156,-124,-188,-128,-4,-4,-4,-32,-36,-36,-68,-56,-100,-68,-100,-96,-132,-120,-164,-128
206,0x55694a34e175,W,0x7ffe9f8afe5c,1,-32,-4,-32,-32,-64,-44,-96,-64,-128,-68,-128,-96,-160,-108,-160,-132,0,-20,-32,-28,-64,-32,-64,-60,-96,-84,-96,-96,-128,-116,-160,-124
208,0x55694a34e178,R,0x7ffe9f8afe5c,1,-32,0,-32,-12,-64,-36,-64,-64,-96,-68,-128,-76,-160,-100,-160,-128,0,-20,-32,-28,-64,-52,-64,-64,-96,-92,-128,-96,-160,-116,-160,-128
211,0x55694a34e185,R,0x7ffe9f8afe5c,1,0,0,-32,-4,-64,-32,-64,-44,-96,-68,-128,-76,-160,-96,-160,-108,-32,-20,-32,-32,-64,-60,-64,-84,-96,-92,-128,-96,-160,-124,-160,-148
215,0x55694a34e18d,W,0x7ffe9f8afe48,1,-20,-20,-52,-24,-84,-32,-84,-56,-116,-84,-116,-96,-148,-116,-180,-120,-12,-8,-12,-32,-44,-44,-76,-64,-108,-72,-108,-96,-140,-108,-140,-136
218,0x55694a34e16d,W,0x7ffe9f8afe40,1,-28,-8,-28,-32,-60,-40,-92,-60,-124,-72,-124,-96,-156,-124,-188,-128,-4,-4,-4,-32,-36,-36,-68,-56,-100,-68,-100,-96,-132,-120,-164,-128
222,0x55694a34e175,W,0x7ffe9f8afe3c,1,-32,-4,-32,-32,-64,-44,-96,-64,-128,-68,-128,-96,-160,-108,-160,-132,0,-20,-32,-28,-64,-32,-64,-60,-96,-84,-96,-96,-128,-116,-160,-124
224,0x55694a34e178,R,0x7ffe9f8afe3c,1,-32,0,-32,-12,-64,-36,-64,-64,-96,-68,-128,-76,-160,-100,-160,-128,0,-20,-32,-28,-64,-52,-64,-64,-96,-92,-128,-96,-160,-116,-160,-128
227,0x55694a34e185,R,0x7ffe9f8afe3c,1,0,0,-32,-4,-64,-32,-64,-44,-96,-68,-128,-76,-160,-96,-160,-108,-32,-20,-32,-32,-64,-60,-64,-84,-96,-92,-128,-96,-160,-124,-160,-148
231,0x55694a34e18d,W,0x7ffe9f8afe28,1,-20,-20,-52,-24,-84,-32,-84,-56,-116,-84,-116,-96,-148,-116,-180,-120,-12,-8,-12,-32,-44,-44,-76,-64,-108,-72,-108,-96,-140,-108,-140,-136
234,0x55694a34e16d,W,0x7ffe9f8afe20,1,-28,-8,-28,-32,-60,-40,-92,-60,-124,-72,-124,-96,-156,-124,-188,-128,-4,-4,-4,-32,-36,-36,-68,-56,-100,-68,-100,-96,-132,-120,-164,-128
238,0x55694a34e175,W,0x7ffe9f8afe1c,1,-32,-4,-32,-32,-64,-44,-96,-64,-128,-68,-128,-96,-160,-108,-160,-132,0,-20,-32,-28,-64,-32,-64,-60,-96,-84,-96,-96,-128,-116,-160,-124
240,0x55694a34e178,R,0x7ffe9f8afe1c,1,-32,0,-32,-12,-64,-36,-64,-64,-96,-68,-128,-76,-160,-100,-160,-128,0,-20,-32,-28,-64,-52,-64,-64,-96,-92,-128,-96,-160,-116,-160,-128
243,0x55694a34e185,R,0x7ffe9f8afe1c,1,0,0,-32,-4,-64,-32,-64,-44,-96,-68,-128,-76,-160,-96,-160,-108,-32,-20,-32,-32,-64,-60,-64,-84,-96,-92,-128,-96,-160,-124,-160,-148
247,0x55694a34e18d,W,0x7ffe9f8afe08,1,-20,-20,-52,-24,-84,-32,-84,-56,-116,-84,-116,-96,-148,-116,-180,-120,-12,-8,-12,-32,-44,-44,-76,-64,-108,-72,-108,-96,-140,-108,-140,-136
250,0x55694a34e16d,W,0x7ffe9f8afe00,1,-28,-8,-28,-32,-60,-40,-92,-60,-124,-72,-124,-96,-156,-124,-188,-128,-4,-4,-4,-32,-36,-36,-68,-56,-100,-68,-100,-96,-132,-120,-164,-128
254,0x55694a34e175,W,0x7ffe9f8afdfc,1,-32,-4,-32,-32,-64,-44,-96,-64,-128,-68,-128,-96,-160,-108,-160,-132,0,-20,-32,-28,-64,-32,-64,-60,-96,-84,-96,-96,-128,-116,-160,-124
256,0x55694a34e178,R,0x7ffe9f8afdfc,1,-32,0,-32,-12,-64,-36,-64,-64,-96,-68,-128,-76,-160,-100,-160,-128,0,-20,-32,-28,-64,-52,-64,-64,-96,-92,-128,-96,-160,-116,-160,-128
259,0x55694a34e185,R,0x7ffe9f8afdfc,1,0,0,-32,-4,-64,-32,-64,-44,-96,-68,-128,-76,-160,-96,-160,-108,-32,-20,-32,-32,-64,-60,-64,-84,-96,-92,-128,-96,-160,-124,-160,-148
263,0x55694a34e18d,W,0x7ffe9f8afde8,1,-20,-20,-52,-24,-84,-32,-84,-56,-116,-84,-116,-96,-148,-116,-180,-120,-12,-8,-12,-32,-44,-44,-76,-64,-108,-72,-108,-96,-140,-108,-140,-136
266,0x55694a34e16d,W,0x7ffe9f8afde0,1,-28,-8,-28,-32,-60,-40,-92,-60,-124,-72,-124,-96,-156,-124,-188,-128,-4,-4,-4,-32,-36,-36,-68,-56,-100,-68,-100,-96,-132,-120,-164,-128
270,0x55694a34e175,W,0x7ffe9f8afddc,1,-32,-4,-32,-32,-64,-44,-96,-64,-128,-68,-128,-96,-160,-108,-160,-132,0,-20,-32,-28,-64,-32,-64,-60,-96,-84,-96,-96,-128,-116,-160,-124
272,0x55694a34e178,R,0x7ffe9f8afddc,1,-32,0,-32,-12,-64,-36,-64,-64,-96,-68,-128,-76,-160,-100,-160,-128,0,-20,-32,-28,-64,-52,-64,-64,-96,-92,-128,-96,-160,-116,-160,-128
275,0x55694a34e185,R,0x7ffe9f8afddc,1,0,0,-32,-4,-64,-32,-64,-44,-96,-68,-128,-76,-160,-96,-160,-108,-32,-20,-32,-32,-64,-60,-64,-84,-96,-92,-128,-96,-160,-124,-160,-148
279,0x55694a34e18d,W,0x7ffe9f8afdc8,1,-20,-20,-52,-24,-84,-32,-84,-56,-116,-84,-116,-96,-148,-116,-180,-120,-12,-8,-12,-32,-44,-44,-76,-64,-108,-72,-108,-96,-140,-108,-140,-136
282,0x55694a34e16d,W,0x7ffe9f8afdc0,1,-28,-8,-28,-32,-60,-40,-92,-60,-124,-72,-124,-96,-156,-124,-188,-128,-4,-4,-4,-32,-36,-36,-68,-56,-100,-68,-100,-96,-132,-120,-164,-128
286,0x55694a34e175,W,0x7ffe9f8afdbc,1,-32,-4,-32,-32,-64,-44,-96,-64,-128,-68,-128,-96,-160,-108,-160,-132,0,-20,-32,-28,-64,-32,-64,-60,-96,-84,-96,-96,-128,-116,-160,-124
288,0x55694a34e178,R,0x7ffe9f8afdbc,1,-32,0,-32,-12,-64,-36,-64,-64,-96,-68,-128,-76,-160,-100,-160,-128,0,-20,-32,-28,-64,-52,-64,-64,-96,-92,-128,-96,-160,-116,-160,-128
291,0x55694a34e185,R,0x7ffe9f8afdbc,1,0,0,-32,-4,-64,-32,-64,-44,-96,-68,-128,-76,-160,-96,-160,-108,-32,-20,-32,-32,-64,-60,-64,-84,-96,-92,-128,-96,-160,-124,-160,-148
295,0x55694a34e18d,W,0x7ffe9f8afda8,1,-20,-20,-52,-24,-84,-32,-84,-56,-116,-84,-116,-96,-148,-116,-180,-120,-12,-8,-12,-32,-44,-44,-76,-64,-108,-72,-108,-96,-140,-108,-140,-136
298,0x55694a34e16d,W,0x7ffe9f8afda0,1,-28,-8,-28,-32,-60,-40,-92,-60,-124,-72,-124,-96,-156,-124,-188,-128,-4,-4,-4,-32,-36,-36,-68,-56,-100,-68,-100,-96,-132,-120,-164,-128
302,0x55694a34e175,W,0x7ffe9f8afd9c,1,-32,-4,-32,-32,-64,-44,-96,-64,-128,-68,-128,-96,-160,-108,-160,-132,0,-20,-32,-28,-64,-32,-64,-60,-96,-84,-96,-96,-128,-116,-160,-124
304,0x55694a34e178,R,0x7ffe9f8afd9c,1,-32,0,-32,-12,-64,-36,-64,-64,-96,-68,-128,-76,-160,-100,-160,-128,0,-20,-32,-28,-64,-52,-64,-64,-96,-92,-128,-96,-160,-116,-160,-128
307,0x55694a34e185,R,0x7ffe9f8afd9c,1,0,0,-32,-4,-64,-32,-64,-44,-96,-68,-128,-76,-160,-96,-160,-108,-32,-20,-32,-32,-64,-60,-64,-84,-96,-92,-128,-96,-160,-124,-160,-148
311,0x55694a34e18d,W,0x7ffe9f8afd88,1,-20,-20,-52,-24,-84,-32,-84,-56,-116,-84,-116,-96,-148,-116,-180,-120,-12,-8,-12,-32,-44,-44,-76,-64,-108,-72,-108,-96,-140,-108,-140,-136
314,0x55694a34e16d,W,0x7ffe9f8afd80,1,-28,-8,-28,-32,-60,-40,-92,-60,-124,-72,-124,-96,-156,-124,-188,-128,-4,-4,-4,-32,-36,-36,-68,-56,-100,-68,-100,-96,-132,-120,-164,-128
318,0x55694a34e175,W,0x7ffe9f8afd7c,1,-32,-4,-32,-32,-64,-44,-96,-64,-128,-68,-128,-96,-160,-108,-160,-132,0,-20,-32,-28,-64,-32,-64,-60,-96,-84,-96,-96,-128,-116,-160,-124
320,0x55694a34e178,R,0x7ffe9f8afd7c,1,-32,0,-32,-12,-64,-36,-64,-64,-96,-68,-128,-76,-160,-100,-160,-128,0,-20,-32,-28,-64,-52,-64,-64,-96,-92,-128,-96,-160,-116,-160,-128
323,0x55694a34e185,R,0x7ffe9f8afd7c,1,0,0,-32,-4,-64,-32,-64,-44,-96,-68,-128,-76,-160,-96,-160,-108,-32,-20,-32,-32,-64,-60,-64,-84,-96,-92,-128,-96,-160,-124,-160,-148
327,0x55694a34e18d,W,0x7ffe9f8afd68,1,-20,-20,-52,-24,-84,-32,-84,-56,-116,-84,-116,-96,-148,-116,-180,-120,-12,-8,-12,-32,-44,-44,-76,-64,-108,-72,-108,-96,-140,-108,-140,-136
330,0x55694a34e16d,W,0x7ffe9f8afd60,1,-28,-8,-28,-32,-60,-40,-92,-60,-124,-72,-124,-96,-156,-124,-188,-128,-4,-4,-4,-32,-36,-36,-68,-56,-100,-68,-100,-96,-132,-120,-164,-128
334,0x55694a34e175,W,0x7ffe9f8afd5c,1,-32,-4,-32,-32,-64,-44,-96,-64,-128,-68,-128,-96,-160,-108,-160,-132,0,-20,-32,-28,-64,-32,-64,-60,-96,-84,-96,-96,-128,-116,-160,-124
336,0x55694a34e178,R,0x7ffe9f8afd5c,1,-32,0,-32,-12,-64,-36,-64,-64,-96,-68,-128,-76,-160,-100,-160,-128,0,-20,-32,-28,-64,-52,-64,-64,-96,-92,-128,-96,-160,-116,-160,-128
339,0x55694a34e185,R,0x7ffe9f8afd5c,1,0,0,-32,-4,-64,-32,-64,-44,-96,-68,-128,-76,-160,-96,-160,-108,-32,-20,-32,-32,-64,-60,-64,-84,-96,-92,-128,-96,-160,-124,-160,-148
343,0x55694a34e18d,W,0x7ffe9f8afd48,1,-20,-20,-52,-24,-84,-32,-84,-56,-116,-84,-116,-96,-148,-116,-180,-120,-12,-8,-12,-32,-44,-44,-76,-64,-108,-72,-108,-96,-140,-108,-140,-136
346,0x55694a34e16d,W,0x7ffe9f8afd40,1,-28,-8,-28,-32,-60,-40,-92,-60,-124,-72,-124,-96,-156,-124,-188,-128,-4,-4,-4,-32,-36,-36,-68,-56,-100,-68,-100,-96,-132,-120,-164,-128
350,0x55694a34e175,W,0x7ffe9f8afd3c,1,-32,-4,-32,-32,-64,-44,-96,-64,-128,-68,-128,-96,-160,-108,-160,-132,0,-20,-32,-28,-64,-32,-64,-60,-96,-84,-96,-96,-128,-116,-160,-124
352,0x55694a34e178,R,0x7ffe9f8afd3c,1,-32,0,-32,-12,-64,-36,-64,-64,-96,-68,-128,-76,-160,-100,-160,-128,0,-20,-32,-28,-64,-52,-64,-64,-96,-92,-128,-96,-160,-116,-160,-128
355,0x55694a34e185,R,0x7ffe9f8afd3c,1,0,0,-32,-4,-64,-32,-64,-44,-96,-68,-128,-76,-160,-96,-160,-108,-32,-20,-32,-32,-64,-60,-64,-84,-96,-92,-128,-96,-160,-124,-160,-148
359,0x55694a34e18d,W,0x7ffe9f8afd28,1,-20,-20,-52,-24,-84,-32,-84,-56,-116,-84,-116,-96,-148,-116,-180,-120,-12,-8,-12,-32,-44,-44,-76,-64,-108,-72,-108,-96,-140,-108,-140,-136
362,0x55694a34e16d,W,0x7ffe9f8afd20,1,-28,-8,-28,-32,-60,-40,-92,-60,-124,-72,-124,-96,-156,-124,-188,-128,-4,-4,-4,-32,-36,-36,-68,-56,-100,-68,-100,-96,-132,-120,-164,-128
366,0x55694a34e175,W,0x7ffe9f8afd1c,1,-32,-4,-32,-32,-64,-44,-96,-64,-128,-68,-128,-96,-160,-108,-160,-132,0,-20,-32,-28,-64,-32,-64,-60,-96,-84,-96,-96,-128,-116,-160,-124
368,0x55694a34e178,R,0x7ffe9f8afd1c,1,-32,0,-32,-12,-64,-36,-64,-64,-96,-68,-128,-76,-160,-100,-160,-128,0,-20,-32,-28,-64,-52,-64,-64,-96,-92,-128,-96,-160,-116,-160,-128
371,0x55694a34e185,R,0x7ffe9f8afd1c,1,0,0,-32,-4,-64,-32,-64,-44,-96,-68,-128,-76,-160,-96,-160,-108,-32,-20,-32,-32,-64,-60,-64,-84,-96,-92,-128,-96,-160,-124,-160,-148
375,0x55694a34e18d,W,0x7ffe9f8afd08,1,-20,-20,-52,-24,-84,-32,-84,-56,-116,-84,-116,-96,-148,-116,-180,-120,-12,-8,-12,-32,-44,-44,-76,-64,-108,-72,-108,-96,-140,-108,-140,-136
378,0x55694a34e16d,W,0x7ffe9f8afd00,1,-28,-8,-28,-32,-60,-40,-92,-60,-124,-72,-124,-96,-156,-124,-188,-128,-4,-4,-4,-32,-36,-36,-68,-56,-100,-68,-100,-96,-132,-120,-164,-128
382,0x55694a34e175,W,0x7ffe9f8afcfc,1,-32,-4,-32,-32,-64,-44,-96,-64,-128,-68,-128,-96,-160,-108,-160,-132,0,-20,-32,-28,-64,-32,-64,-60,-96,-84,-96,-96,-128,-116,-160,-124
384,0x55694a34e178,R,0x7ffe9f8afcfc,1,-32,0,-32,-12,-64,-36,-64,-64,-96,-68,-128,-76,-160,-100,-160,-128,0,-20,-32,-28,-64,-52,-64,-64,-96,-92,-128,-96,-160,-116,-160,-128
387,0x55694a34e185,R,0x7ffe9f8afcfc,1,0,0,-32,-4,-64,-32,-64,-44,-96,-68,-128,-76,-160,-96,-160,-108,-32,-20,-32,-32,-64,-60,-64,-84,-96,-92,-128,-96,-160,-124,-160,-148
391,0x55694a34e18d,W,0x7ffe9f8afce8,1,-20,-20,-52,-24,-84,-32,-84,-56,-116,-84,-116,-96,-148,-116,-180,-120,-12,-8,-12,-32,-44,-44,-76,-64,-108,-72,-108,-96,-140,-108,-140,-136
394,0x55694a34e16d,W,0x7ffe9f8afce0,1,-28,-8,-28,-32,-60,-40,-92,-60,-124,-72,-124,-96,-156,-124,-188,-128,-4,-4,-4,-32,-36,-36,-68,-56,-100,-68,-100,-96,-132,-120,-164,-128
398,0x55694a34e175,W,0x7ffe9f8afcdc,1,-32,-4,-32,-32,-64,-44,-96,-64,-128,-68,-128,-96,-160,-108,-160,-132,0,-20,-32,-28,-64,-32,-64,-60,-96,-84,-96,-96,-128,-116,-160,-124
400,0x55694a34e178,R,0x7ffe9f8afcdc,1,-32,0,-32,-12,-64,-36,-64,-64,-96,-68,-128,-76,-160,-100,-160,-128,0,-20,-32,-28,-64,-52,-64,-64,-96,-92,-128,-96,-160,-116,-160,-128
403,0x55694a34e185,R,0x7ffe9f8afcdc,1,0,0,-32,-4,-64,-32,-64,-44,-96,-68,-128,-76,-160,-96,-160,-108,-32,-20,-32,-32,-64,-60,-64,-84,-96,-92,-128,-96,-160,-124,-160,-148
407,0x55694a34e18d,W,0x7ffe9f8afcc8,1,-20,-20,-52,-24,-84,-32,-84,-56,-116,-84,-116,-96,-148,-116,-180,-120,-12,-8,-12,-32,-44,-44,-76,-64,-108,-72,-108,-96,-140,-108,-140,-136
410,0x55694a34e16d,W,0x7ffe9f8afcc0,1,-28,-8,-28,-32,-60,-40,-92,-60,-124,-72,-124,-96,-156,-124,-188,-128,-4,-4,-4,-32,-36,-36,-68,-56,-100,-68,-100,-96,-132,-120,-164,-128
414,0x55694a34e175,W,0x7ffe9f8afcbc,1,-32,-4,-32,-32,-64,-44,-96,-64,-128,-68,-128,-96,-160,-108,-160,-132,0,-20,-32,-28,-64,-32,-64,-60,-96,-84,-96,-96,-128,-116,-160,-124
416,0x55694a34e178,R,0x7ffe9f8afcbc,1,-32,0,-32,-12,-64,-36,-64,-64,-96,-68,-128,-76,-160,-100,-160,-128,0,-20,-32,-28,-64,-52,-64,-64,-96,-92,-128,-96,-160,-116,-160,-128
419,0x55694a34e185,R,0x7ffe9f8afcbc,1,0,0,-32,-4,-64,-32,-64,-44,-96,-68,-128,-76,-160,-96,-160,-108,-32,-20,-32,-32,-64,-60,-64,-84,-96,-92,-128,-96,-160,-124,-160,-148
423,0x55694a34e18d,W,0x7ffe9f8afca8,1,-20,-20,-52,-24,-84,-32,-84,-56,-116,-84,-116,-96,-148,-116,-180,-120,-12,-8,-12,-32,-44,-44,-76,-64,-108,-72,-108,-96,-140,-108,-140,-136
426,0x55694a34e16d,W,0x7ffe9f8afca0,1,-28,-8,-28,-32,-60,-40,-92,-60,-124,-72,-124,-96,-156,-124,-188,-128,-4,-4,-4,-32,-36,-36,-68,-56,-100,-68,-100,-96,-132,-120,-164,-128
430,0x55694a34e175,W,0x7ffe9f8afc9c,1,-32,-4,-32,-32,-64,-44,-96,-64,-128,-68,-128,-96,-160,-108,-160,-132,0,-20,-32,-28,-64,-32,-64,-60,-96,-84,-96,-96,-128,-116,-160,-124
432,0x55694a34e178,R,0x7ffe9f8afc9c,1,-32,0,-32,-12,-64,-36,-64,-64,-96,-68,-128,-76,-160,-100,-160,-128,0,-20,-32,-28,-64,-52,-64,-64,-96,-92,-128,-96,-160,-116,-160,-128
435,0x55694a34e185,R,0x7ffe9f8afc9c,1,0,0,-32,-4,-64,-32,-64,-44,-96,-68,-128,-76,-160,-96,-160,-108,-32,-20,-32,-32,-64,-60,-64,-84,-96,-92,-128,-96,-160,-124,-160,-148
439,0x55694a34e18d,W,0x7ffe9f8afc88,1,-20,-20,-52,-24,-84,-32,-84,-56,-116,-84,-116,-96,-148,-116,-180,-120,-12,-8,-12,-32,-44,-44,-76,-64,-108,-72,-108,-96,-140,-108,-140,-136
442,0x55694a34e16d,W,0x7ffe9f8afc80,1,-28,-8,-28,-32,-60,-40,-92,-60,-124,-72,-124,-96,-156,-124,-188,-128,-4,-4,-4,-32,-36,-36,-68,-56,-100,-68,-100,-96,-132,-120,-164,-128
446,0x55694a34e175,W,0x7ffe9f8afc7c,1,-32,-4,-32,-32,-64,-44,-96,-64,-128,-68,-128,-96,-160,-108,-160,-132,0,-20,-32,-28,-64,-32,-64,-60,-96,-84,-96,-96,-128,-116,-160,-124
448,0x55694a34e178,R,0x7ffe9f8afc7c,1,-32,0,-32,-12,-64,-36,-64,-64,-96,-68,-128,-76,-160,-100,-160,-128,0,-20,-32,-28,-64,-52,-64,-64,-96,-92,-128,-96,-160,-116,-160,-128
451,0x55694a34e185,R,0x7ffe9f8afc7c,1,0,0,-32,-4,-64,-32,-64,-44,-96,-68,-128,-76,-160,-96,-160,-108,-32,-20,-32,-32,-64,-60,-64,-84,-96,-92,-128,-96,-160,-124,-160,-148
455,0x55694a34e18d,W,0x7ffe9f8afc68,1,-20,-20,-52,-24,-84,-32,-84,-56,-116,-84,-116,-96,-148,-116,-180,-120,-12,-8,-12,-32,-44,-44,-76,-64,-108,-72,-108,-96,-140,-108,-140,-136
458,0x55694a34e16d,W,0x7ffe9f8afc60,1,-28,-8,-28,-32,-60,-40,-92,-60,-124,-72,-124,-96,-156,-124,-188,-128,-4,-4,-4,-32,-36,-36,-68,-56,-100,-68,-100,-96,-132,-120,-164,-128
462,0x55694a34e175,W,0x7ffe9f8afc5c,1,-32,-4,-32,-32,-64,-44,-96,-64,-128,-68,-128,-96,-160,-108,-160,-132,0,-20,-32,-28,-64,-32,-64,-60,-96,-84,-96,-96,-128,-116,-160,-124
464,0x55694a34e178,R,0x7ffe9f8afc5c,1,-32,0,-32,-12,-64,-36,-64,-64,-96,-68,-128,-76,-160,-100,-160,-128,0,-20,-32,-28,-64,-52,-64,-64,-96,-92,-128,-96,-160,-116,-160,-128
467,0x55694a34e185,R,0x7ffe9f8afc5c,1,0,0,-32,-4,-64,-32,-64,-44,-96,-68,-128,-76,-160,-96,-160,-108,-32,-20,-32,-32,-64,-60,-64,-84,-96,-92,-128,-96,-160,-124,-160,-148
471,0x55694a34e18d,W,0x7ffe9f8afc48,1,-20,-20,-52,-24,-84,-32,-84,-56,-116,-84,-116,-96,-148,-116,-180,-120,-12,-8,-12,-32,-44,-44,-76,-64,-108,-72,-108,-96,-140,-108,-140,-136
474,0x55694a34e16d,W,0x7ffe9f8afc40,1,-28,-8,-28,-32,-60,-40,-92,-60,-124,-72,-124,-96,-156,-124,-188,-128,-4,-4,-4,-32,-36,-36,-68,-56,-100,-68,-100,-96,-132,-120,-164,-128
478,0x55694a34e175,W,0x7ffe9f8afc3c,1,-32,-4,-32,-32,-64,-44,-96,-64,-128,-68,-128,-96,-160,-108,-160,-132,0,-20,-32,-28,-64,-32,-64,-60,-96,-84,-96,-96,-128,-116,-160,-124
480,0x55694a34e178,R,0x7ffe9f8afc3c,1,-32,0,-32,-12,-64,-36,-64,-64,-96,-68,-128,-76,-160,-100,-160,-128,0,-20,-32,-28,-64,-52,-64,-64,-96,-92,-128,-96,-160,-116,-160,-128
483,0x55694a34e185,R,0x7ffe9f8afc3c,1,0,0,-32,-4,-64,-32,-64,-44,-96,-68,-128,-76,-160,-96,-160,-108,-32,-20,-32,-32,-64,-60,-64,-84,-96,-92,-128,-96,-160,-124,-160,-148
487,0x55694a34e18d,W,0x7ffe9f8afc28,1,-20,-20,-52,-24,-84,-32,-84,-56,-116,-84,-116,-96,-148,-116,-180,-120,-12,-8,-12,-32,-44,-44,-76,-64,-108,-72,-108,-96,-140,-108,-140,-136
490,0x55694a34e16d,W,0x7ffe9f8afc20,1,-28,-8,-28,-32,-60,-40,-92,-60,-124,-72,-124,-96,-156,-124,-188,-128,-4,-4,-4,-32,-36,-36,-68,-56,-100,-68,-100,-96,-132,-120,-164,-128
494,0x55694a34e175,W,0x7ffe9f8afc1c,1,-32,-4,-32,-32,-64,-44,-96,-64,-128,-68,-128,-96,-160,-108,-160,-132,0,-20,-32,-28,-64,-32,-64,-60,-96,-84,-96,-96,-128,-116,-160,-124
496,0x55694a34e178,R,0x7ffe9f8afc1c,1,-32,0,-32,-12,-64,-36,-64,-64,-96,-68,-128,-76,-160,-100,-160,-128,0,-20,-32,-28,-64,-52,-64,-64,-96,-92,-128,-96,-160,-116,-160,-128
499,0x55694a34e185,R,0x7ffe9f8afc1c,1,0,0,-32,-4,-64,-32,-64,-44,-96,-68,-128,-76,-160,-96,-160,-108,-32,-20,-32,-32,-64,-60,-64,-84,-96,-92,-128,-96,-160,-124,-160,-148
503,0x55694a34e18d,W,0x7ffe9f8afc08,1,-20,-20,-52,-24,-84,-32,-84,-56,-116,-84,-116,-96,-148,-116,-180,-120,-12,-8,-12,-32,-44,-44,-76,-64,-108,-72,-108,-96,-140,-108,-140,-136
506,0x55694a34e16d,W,0x7ffe9f8afc00,1,-28,-8,-28,-32,-60,-40,-92,-60,-124,-72,-124,-96,-156,-124,-188,-128,-4,-4,-4,-32,-36,-36,-68,-56,-100,-68,-100,-96,-132,-120,-164,-128
510,0x55694a34e175,W,0x7ffe9f8afbfc,1,-32,-4,-32,-32,-64,-44,-96,-64,-128,-68,-128,-96,-160,-108,-160,-132,0,-20,-32,-28,-64,-32,-64,-60,-96,-84,-96,-96,-128,-116,-160,-124
512,0x55694a34e178,R,0x7ffe9f8afbfc,1,-32,0,-32,-12,-64,-36,-64,-64,-96,-68,-128,-76,-160,-100,-160,-128,0,-20,-32,-28,-64,-52,-64,-64,-96,-92,-128,-96,-160,-116,-160,-128
515,0x55694a34e185,R,0x7ffe9f8afbfc,1,0,0,-32,-4,-64,-32,-64,-44,-96,-68,-128,-76,-160,-96,-160,-108,-32,-20,-32,-32,-64,-60,-64,-84,-96,-92,-128,-96,-160,-124,-160,-148
519,0x55694a34e18d,W,0x7ffe9f8afbe8,1,-20,-20,-52,-24,-84,-32,-84,-56,-116,-84,-116,-96,-148,-116,-180,-120,-12,-8,-12,-32,-44,-44,-76,-64,-108,-72,-108,-96,-140,-108,-140,-136
522,0x55694a34e16d,W,0x7ffe9f8afbe0,1,-28,-8,-28,-32,-60,-40,-92,-60,-124,-72,-124,-96,-156,-124,-188,-128,-4,-4,-4,-32,-36,-36,-68,-56,-100,-68,-100,-96,-132,-120,-164,-128
526,0x55694a34e175,W,0x7ffe9f8afbdc,1,-32,-4,-32,-32,-64,-44,-96,-64,-128,-68,-128,-96,-160,-108,-160,-132,0,-20,-32,-28,-64,-32,-64,-60,-96,-84,-96,-96,-128,-116,-160,-124
528,0x55694a34e178,R,0x7ffe9f8afbdc,1,-32,0,-32,-12,-64,-36,-64,-64,-96,-68,-128,-76,-160,-100,-160,-128,0,-20,-32,-28,-64,-52,-64,-64,-96,-92,-128,-96,-160,-116,-160,-128
531,0x55694a34e185,R,0x7ffe9f8afbdc,1,0,0,-32,-4,-64,-32,-64,-44,-96,-68,-128,-76,-160,-96,-160,-108,-32,-20,-32,-32,-64,-60,-64,-84,-96,-92,-128,-96,-160,-124,-160,-148
535,0x55694a34e18d,W,0x7ffe9f8afbc8,1,-20,-20,-52,-24,-84,-32,-84,-56,-116,-84,-116,-96,-148,-116,-180,-120,-12,-8,-12,-32,-44,-44,-76,-64,-108,-72,-108,-96,-140,-108,-140,-136
538,0x55694a34e16d,W,0x7ffe9f8afbc0,1,-28,-8,-28,-32,-60,-40,-92,-60,-124,-72,-124,-96,-156,-124,-188,-128,-4,-4,-4,-32,-36,-36,-68,-56,-100,-68,-100,-96,-132,-120,-164,-128
542,0x55694a34e175,W,0x7ffe9f8afbbc,1,-32,-4,-32,-32,-64,-44,-96,-64,-128,-68,-128,-96,-160,-108,-160,-132,0,-20,-32,-28,-64,-32,-64,-60,-96,-84,-96,-96,-128,-116,-160,-124
544,0x55694a34e178,R,0x7ffe9f8afbbc,1,-32,0,-32,-12,-64,-36,-64,-64,-96,-68,-128,-76,-160,-100,-160,-128,0,-20,-32,-28,-64,-52,-64,-64,-96,-92,-128,-96,-160,-116,-160,-128
547,0x55694a34e185,R,0x7ffe9f8afbbc,1,0,0,-32,-4,-64,-32,-64,-44,-96,-68,-128,-76,-160,-96,-160,-108,-32,-20,-32,-32,-64,-60,-64,-84,-96,-92,-128,-96,-160,-124,-160,-148
551,0x55694a34e18d,W,0x7ffe9f8afba8,1,-20,-20,-52,-24,-84,-32,-84,-56,-116,-84,-116,-96,-148,-116,-180,-120,-12,-8,-12,-32,-44,-44,-76,-64,-108,-72,-108,-96,-140,-108,-140,-136
554,0x55694a34e16d,W,0x7ffe9f8afba0,1,-28,-8,-28,-32,-60,-40,-92,-60,-124,-72,-124,-96,-156,-124,-188,-128,-4,-4,-4,-32,-36,-36,-68,-56,-100,-68,-100,-96,-132,-120,-164,-128
558,0x55694a34e175,W,0x7ffe9f8afb9c,1,-32,-4,-32,-32,-64,-44,-96,-64,-128,-68,-128,-96,-160,-108,-160,-132,0,-20,-32,-28,-64,-32,-64,-60,-96,-84,-96,-96,-128,-116,-160,-124
560,0x55694a34e178,R,0x7ffe9f8afb9c,1,-32,0,-32,-12,-64,-36,-64,-64,-96,-68,-128,-76,-160,-100,-160,-128,0,-20,-32,-28,-64,-52,-64,-64,-96,-92,-128,-96,-160,-116,-160,-128
563,0x55694a34e185,R,0x7ffe9f8afb9c,1,0,0,-32,-4,-64,-32,-64,-44,-96,-68,-128,-76,-160,-96,-160,-108,-32,-20,-32,-32,-64,-60,-64,-84,-96,-92,-128,-96,-160,-124,-160,-148
567,0x55694a34e18d,W,0x7ffe9f8afb88,1,-20,-20,-52,-24,-84,-32,-84,-56,-116,-84,-116,-96,-148,-116,-180,-120,-12,-8,-12,-32,-44,-44,-76,-64,-108,-72,-108,-96,-140,-108,-140,-136
570,0x55694a34e16d,W,0x7ffe9f8afb80,1,-28,-8,-28,-32,-60,-40,-92,-60,-124,-72,-124,-96,-156,-124,-188,-128,-4,-4,-4,-32,-36,-36,-68,-56,-100,-68,-100,-96,-132,-120,-164,-128
574,0x55694a34e175,W,0x7ffe9f8afb7c,1,-32,-4,-32,-32,-64,-44,-96,-64,-128,-68,-128,-96,-160,-108,-160,-132,0,-20,-32,-28,-64,-32,-64,-60,-96,-84,-96,-96,-128,-116,-160,-124
576,0x55694a34e178,R,0x7ffe9f8afb7c,1,-32,0,-32,-12,-64,-36,-64,-64,-96,-68,-128,-76,-160,-100,-160,-128,0,-20,-32,-28,-64,-52,-64,-64,-96,-92,-128,-96,-160,-116,-160,-128
579,0x55694a34e185,R,0x7ffe9f8afb7c,1,0,0,-32,-4,-64,-32,-64,-44,-96,-68,-128,-76,-160,-96,-160,-108,-32,-20,-32,-32,-64,-60,-64,-84,-96,-92,-128,-96,-160,-124,-160,-148
583,0x55694a34e18d,W,0x7ffe9f8afb68,1,-20,-20,-52,-24,-84,-32,-84,-56,-116,-84,-116,-96,-148,-116,-180,-120,-12,-8,-12,-32,-44,-44,-76,-64,-108,-72,-108,-96,-140,-108,-140,-136
586,0x55694a34e16d,W,0x7ffe9f8afb60,1,-28,-8,-28,-32,-60,-40,-92,-60,-124,-72,-124,-96,-156,-124,-188,-128,-4,-4,-4,-32,-36,-36,-68,-56,-100,-68,-100,-96,-132,-120,-164,-128
590,0x55694a34e175,W,0x7ffe9f8afb5c,1,-32,-4,-32,-32,-64,-44,-96,-64,-128,-68,-128,-96,-160,-108,-160,-132,0,-20,-32,-28,-64,-32,-64,-60,-96,-84,-96,-96,-128,-116,-160,-124
592,0x55694a34e178,R,0x7ffe9f8afb5c,1,-32,0,-32,-12,-64,-36,-64,-64,-96,-68,-128,-76,-160,-100,-160,-128,0,-20,-32,-28,-64,-52,-64,-64,-96,-92,-128,-96,-160,-116,-160,-128
595,0x55694a34e185,R,0x7ffe9f8afb5c,1,0,0,-32,-4,-64,-32,-64,-44,-96,-68,-128,-76,-160,-96,-160,-108,-32,-20,-32,-32,-64,-60,-64,-84,-96,-92,-128,-96,-160,-124,-160,-148
599,0x55694a34e18d,W,0x7ffe9f8afb48,1,-20,-20,-52,-24,-84,-32,-84,-56,-116,-84,-116,-96,-148,-116,-180,-120,-12,-8,-12,-32,-44,-44,-76,-64,-108,-72,-108,-96,-140,-108,-140,-136
602,0x55694a34e16d,W,0x7ffe9f8afb40,1,-28,-8,-28,-32,-60,-40,-92,-60,-124,-72,-124,-96,-156,-124,-188,-128,-4,-4,-4,-32,-36,-36,-68,-56,-100,-68,-100,-96,-132,-120,-164,-128
606,0x55694a34e175,W,0x7ffe9f8afb3c,1,-32,-4,-32,-32,-64,-44,-96,-64,-128,-68,-128,-96,-160,-108,-160,-132,0,-20,-32,-28,-64,-32,-64,-60,-96,-84,-96,-96,-128,-116,-160,-124
608,0x55694a34e178,R,0x7ffe9f8afb3c,1,-32,0,-32,-12,-64,-36,-64,-64,-96,-68,-128,-76,-160,-100,-160,-128,0,-20,-32,-28,-64,-52,-64,-64,-96,-92,-128,-96,-160,-116,-160,-128
611,0x55694a34e185,R,0x7ffe9f8afb3c,1,0,0,-32,-4,-64,-32,-64,-44,-96,-68,-128,-76,-160,-96,-160,-108,-32,-20,-32,-32,-64,-60,-64,-84,-96,-92,-128,-96,-160,-124,-160,-148
615,0x55694a34e18d,W,0x7ffe9f8afb28,1,-20,-20,-52,-24,-84,-32,-84,-56,-116,-84,-116,-96,-148,-116,-180,-120,-12,-8,-12,-32,-44,-44,-76,-64,-108,-72,-108,-96,-140,-108,-140,-136
618,0x55694a34e16d,W,0x7ffe9f8afb20,1,-28,-8,-28,-32,-60,-40,-92,-60,-124,-72,-124,-96,-156,-124,-188,-128,-4,-4,-4,-32,-36,-36,-68,-56,-100,-68,-100,-96,-132,-120,-164,-128
622,0x55694a34e175,W,0x7ffe9f8afb1c,1,-32,-4,-32,-32,-64,-44,-96,-64,-128,-68,-128,-96,-160,-108,-160,-132,0,-20,-32,-28,-64,-32,-64,-60,-96,-84,-96,-96,-128,-116,-160,-124
624,0x55694a34e178,R,0x7ffe9f8afb1c,1,-32,0,-32,-12,-64,-36,-64,-64,-96,-68,-128,-76,-160,-100,-160,-128,0,-20,-32,-28,-64,-52,-64,-64,-96,-92,-128,-96,-160,-116,-160,-128
627,0x55694a34e185,R,0x7ffe9f8afb1c,1,0,0,-32,-4,-64,-32,-64,-44,-96,-68,-128,-76,-160,-96,-160,-108,-32,-20,-32,-32,-64,-60,-64,-84,-96,-92,-128,-96,-160,-124,-160,-148
631,0x55694a34e18d,W,0x7ffe9f8afb08,1,-20,-20,-52,-24,-84,-32,-84,-56,-116,-84,-116,-96,-148,-116,-180,-120,-12,-8,-12,-32,-44,-44,-76,-64,-108,-72,-108,-96,-140,-108,-140,-136
634,0x55694a34e16d,W,0x7ffe9f8afb00,1,-28,-8,-28,-32,-60,-40,-92,-60,-124,-72,-124,-96,-156,-124,-188,-128,-4,-4,-4,-32,-36,-36,-68,-56,-100,-68,-100,-96,-132,-120,-164,-128
638,0x55694a34e175,W,0x7ffe9f8afafc,1,-32,-4,-32,-32,-64,-44,-96,-64,-128,-68,-128,-96,-160,-108,-160,-132,0,-20,-32,-28,-64,-32,-64,-60,-96,-84,-96,-96,-128,-116,-160,-124
640,0x55694a34e178,R,0x7ffe9f8afafc,1,-32,0,-32,-12,-64,-36,-64,-64,-96,-68,-128,-76,-160,-100,-160,-128,0,-20,-32,-28,-64,-52,-64,-64,-96,-92,-128,-96,-160,-116,-160,-128
643,0x55694a34e185,R,0x7ffe9f8afafc,1,0,0,-32,-4,-64,-32,-64,-44,-96,-68,-128,-76,-160,-96,-160,-108,-32,-20,-32,-32,-64,-60,-64,-84,-96,-92,-128,-96,-160,-124,-160,-148
647,0x55694a34e18d,W,0x7ffe9f8afae8,1,-20,-20,-52,-24,-84,-32,-84,-56,-116,-84,-116,-96,-148,-116,-180,-120,-12,-8,-12,-32,-44,-44,-76,-64,-108,-72,-108,-96,-140,-108,-140,-136
650,0x55694a34e16d,W,0x7ffe9f8afae0,1,-28,-8,-28,-32,-60,-40,-92,-60,-124,-72,-124,-96,-156,-124,-188,-128,-4,-4,-4,-32,-36,-36,-68,-56,-100,-68,-100,-96,-132,-120,-164,-128
654,0x55694a34e175,W,0x7ffe9f8afadc,1,-32,-4,-32,-32,-64,-44,-96,-64,-128,-68,-128,-96,-160,-108,-160,-132,0,-20,-32,-28,-64,-32,-64,-60,-96,-84,-96,-96,-128,-116,-160,-124
656,0x55694a34e178,R,0x7ffe9f8afadc,1,-32,0,-32,-12,-64,-36,-64,-64,-96,-68,-128,-76,-160,-100,-160,-128,0,-20,-32,-28,-64,-52,-64,-64,-96,-92,-128,-96,-160,-116,-160,-128
659,0x55694a34e185,R,0x7ffe9f8afadc,1,0,0,-32,-4,-64,-32,-64,-44,-96,-68,-128,-76,-160,-96,-160,-108,-32,-20,-32,-32,-64,-60,-64,-84,-96,-92,-128,-96,-160,-124,-160,-148
663,0x55694a34e18d,W,0x7ffe9f8afac8,1,-20,-20,-52,-24,-84,-32,-84,-56,-116,-84,-116,-96,-148,-116,-180,-120,-12,-8,-12,-32,-44,-44,-76,-64,-108,-72,-108,-96,-140,-108,-140,-136
666,0x55694a34e16d,W,0x7ffe9f8afac0,1,-28,-8,-28,-32,-60,-40,-92,-60,-124,-72,-124,-96,-156,-124,-188,-128,-4,-4,-4,-32,-36,-36,-68,-56,-100,-68,-100,-96,-132,-120,-164,-128
670,0x55694a34e175,W,0x7ffe9f8afabc,1,-32,-4,-32,-32,-64,-44,-96,-64,-128,-68,-128,-96,-160,-108,-160,-132,0,-20,-32,-28,-64,-32,-64,-60,-96,-84,-96,-96,-128,-116,-160,-124
672,0x55694a34e178,R,0x7ffe9f8afabc,1,-32,0,-32,-12,-64,-36,-64,-64,-96,-68,-128,-76,-160,-100,-160,-128,0,-20,-32,-28,-64,-52,-64,-64,-96,-92,-128,-96,-160,-116,-160,-128
675,0x55694a34e185,R,0x7ffe9f8afabc,1,0,0,-32,-4,-64,-32,-64,-44,-96,-68,-128,-76,-160,-96,-160,-108,-32,-20,-32,-32,-64,-60,-64,-84,-96,-92,-128,-96,-160,-124,-160,-148
679,0x55694a34e18d,W,0x7ffe9f8afaa8,1,-20,-20,-52,-24,-84,-32,-84,-56,-116,-84,-116,-96,-148,-116,-180,-120,-12,-8,-12,-32,-44,-44,-76,-64,-108,-72,-108,-96,-140,-108,-140,-136
682,0x55694a34e16d,W,0x7ffe9f8afaa0,1,-28,-8,-28,-32,-60,-40,-92,-60,-124,-72,-124,-96,-156,-124,-188,-128,-4,-4,-4,-32,-36,-36,-68,-56,-100,-68,-100,-96,-132,-120,-164,-128
686,0x55694a34e175,W,0x7ffe9f8afa9c,1,-32,-4,-32,-32,-64,-44,-96,-64,-128,-68,-128,-96,-160,-108,-160,-132,0,-20,-32,-28,-64,-32,-64,-60,-96,-84,-96,-96,-128,-116,-160,-124
688,0x55694a34e178,R,0x7ffe9f8afa9c,1,-32,0,-32,-12,-64,-36,-64,-64,-96,-68,-128,-76,-160,-100,-160,-128,0,-20,-32,-28,-64,-52,-64,-64,-96,-92,-128,-96,-160,-116,-160,-128
691,0x55694a34e185,R,0x7ffe9f8afa9c,1,0,0,-32,-4,-64,-32,-64,-44,-96,-68,-128,-76,-160,-96,-160,-108,-32,-20,-32,-32,-64,-60,-64,-84,-96,-92,-128,-96,-160,-124,-160,-148
695,0x55694a34e18d,W,0x7ffe9f8afa88,1,-20,-20,-52,-24,-84,-32,-84,-56,-116,-84,-116,-96,-148,-116,-180,-120,-12,-8,-12,-32,-44,-44,-76,-64,-108,-72,-108,-96,-140,-108,-140,-136
698,0x55694a34e16d,W,0x7ffe9f8afa80,1,-28,-8,-28,-32,-60,-40,-92,-60,-124,-72,-124,-96,-156,-124,-188,-128,-4,-4,-4,-32,-36,-36,-68,-56,-100,-68,-100,-96,-132,-120,-164,-128
702,0x55694a34e175,W,0x7ffe9f8afa7c,1,-32,-4,-32,-32,-64,-44,-96,-64,-128,-68,-128,-96,-160,-108,-160,-132,0,-20,-32,-28,-64,-32,-64,-60,-96,-84,-96,-96,-128,-116,-160,-124
704,0x55694a34e178,R,0x7ffe9f8afa7c,1,-32,0,-32,-12,-64,-36,-64,-64,-96,-68,-128,-76,-160,-100,-160,-128,0,-20,-32,-28,-64,-52,-64,-64,-96,-92,-128,-96,-160,-116,-160,-128
707,0x55694a34e185,R,0x7ffe9f8afa7c,1,0,0,-32,-4,-64,-32,-64,-44,-96,-68,-128,-76,-160,-96,-160,-108,-32,-20,-32,-32,-64,-60,-64,-84,-96,-92,-128,-96,-160,-124,-160,-148
711,0x55694a34e18d,W,0x7ffe9f8afa68,1,-20,-20,-52,-24,-84,-32,-84,-56,-116,-84,-116,-96,-148,-116,-180,-120,-12,-8,-12,-32,-44,-44,-76,-64,-108,-72,-108,-96,-140,-108,-140,-136
714,0x55694a34e16d,W,0x7ffe9f8afa60,1,-28,-8,-28,-32,-60,-40,-92,-60,-124,-72,-124,-96,-156,-124,-188,-128,-4,-4,-4,-32,-36,-36,-68,-56,-100,-68,-100,-96,-132,-120,-164,-128
718,0x55694a34e175,W,0x7ffe9f8afa5c,1,-32,-4,-32,-32,-64,-44,-96,-64,-128,-68,-128,-96,-160,-108,-160,-132,0,-20,-32,-28,-64,-32,-64,-60,-96,-84,-96,-96,-128,-116,-160,-124
720,0x55694a34e178,R,0x7ffe9f8afa5c,1,-32,0,-32,-12,-64,-36,-64,-64,-96,-68,-128,-76,-160,-100,-160,-128,0,-20,-32,-28,-64,-52,-64,-64,-96,-92,-128,-96,-160,-116,-160,-128
723,0x55694a34e185,R,0x7ffe9f8afa5c,1,0,0,-32,-4,-64,-32,-64,-44,-96,-68,-128,-76,-160,-96,-160,-108,-32,-20,-32,-32,-64,-60,-64,-84,-96,-92,-128,-96,-160,-124,-160,-148
727,0x55694a34e18d,W,0x7ffe9f8afa48,1,-20,-20,-52,-24,-84,-32,-84,-56,-116,-84,-116,-96,-148,-116,-180,-120,-12,-8,-12,-32,-44,-44,-76,-64,-108,-72,-108,-96,-140,-108,-140,-136
730,0x55694a34e16d,W,0x7ffe9f8afa40,1,-28,-8,-28,-32,-60,-40,-92,-60,-124,-72,-124,-96,-156,-124,-188,-128,-4,-4,-4,-32,-36,-36,-68,-56,-100,-68,-100,-96,-132,-120,-164,-128
734,0x55694a34e175,W,0x7ffe9f8afa3c,1,-32,-4,-32,-32,-64,-44,-96,-64,-128,-68,-128,-96,-160,-108,-160,-132,0,-20,-32,-28,-64,-32,-64,-60,-96,-84,-96,-96,-128,-116,-160,-124
736,0x55694a34e178,R,0x7ffe9f8afa3c,1,-32,0,-32,-12,-64,-36,-64,-64,-96,-68,-128,-76,-160,-100,-160,-128,0,-20,-32,-28,-64,-52,-64,-64,-96,-92,-128,-96,-160,-116,-160,-128
739,0x55694a34e185,R,0x7ffe9f8afa3c,1,0,0,-32,-4,-64,-32,-64,-44,-96,-68,-128,-76,-160,-96,-160,-108,-32,-20,-32,-32,-64,-60,-64,-84,-96,-92,-128,-96,-160,-124,-160,-148
743,0x55694a34e18d,W,0x7ffe9f8afa28,1,-20,-20,-52,-24,-84,-32,-84,-56,-116,-84,-116,-96,-148,-116,-180,-120,-12,-8,-12,-32,-44,-44,-76,-64,-108,-72,-108,-96,-140,-108,-140,-136
746,0x55694a34e16d,W,0x7ffe9f8afa20,1,-28,-8,-28,-32,-60,-40,-92,-60,-124,-72,-124,-96,-156,-124,-188,-128,-4,-4,-4,-32,-36,-36,-68,-56,-100,-68,-100,-96,-132,-120,-164,-128
750,0x55694a34e175,W,0x7ffe9f8afa1c,1,-32,-4,-32,-32,-64,-44,-96,-64,-128,-68,-128,-96,-160,-108,-160,-132,0,-20,-32,-28,-64,-32,-64,-60,-96,-84,-96,-96,-128,-116,-160,-124
752,0x55694a34e178,R,0x7ffe9f8afa1c,1,-32,0,-32,-12,-64,-36,-64,-64,-96,-68,-128,-76,-160,-100,-160,-128,0,-20,-32,-28,-64,-52,-64,-64,-96,-92,-128,-96,-160,-116,-160,-128
755,0x55694a34e185,R,0x7ffe9f8afa1c,1,0,0,-32,-4,-64,-32,-64,-44,-96,-68,-128,-76,-160,-96,-160,-108,-32,-20,-32,-32,-64,-60,-64,-84,-96,-92,-128,-96,-160,-124,-160,-148
759,0x55694a34e18d,W,0x7ffe9f8afa08,1,-20,-20,-52,-24,-84,-32,-84,-56,-116,-84,-116,-96,-148,-116,-180,-120,-12,-8,-12,-32,-44,-44,-76,-64,-108,-72,-108,-96,-140,-108,-140,-136
762,0x55694a34e16d,W,0x7ffe9f8afa00,1,-28,-8,-28,-32,-60,-40,-92,-60,-124,-72,-124,-96,-156,-124,-188,-128,-4,-4,-4,-32,-36,-36,-68,-56,-100,-68,-100,-96,-132,-120,-164,-128
766,0x55694a34e175,W,0x7ffe9f8af9fc,1,-32,-4,-32,-32,-64,-44,-96,-64,-128,-68,-128,-96,-160,-108,-160,-132,0,-20,-32,-28,-64,-32,-64,-60,-96,-84,-96,-96,-128,-116,-160,-124
768,0x55694a34e178,R,0x7ffe9f8af9fc,1,-32,0,-32,-12,-64,-36,-64,-64,-96,-68,-128,-76,-160,-100,-160,-128,0,-20,-32,-28,-64,-52,-64,-64,-96,-92,-128,-96,-160,-116,-160,-128
771,0x55694a34e185,R,0x7ffe9f8af9fc,1,0,0,-32,-4,-64,-32,-64,-44,-96,-68,-128,-76,-160,-96,-160,-108,-32,-20,-32,-32,-64,-60,-64,-84,-96,-92,-128,-96,-160,-124,-160,-148
775,0x55694a34e18d,W,0x7ffe9f8af9e8,1,-20,-20,-52,-24,-84,-32,-84,-56,-116,-84,-116,-96,-148,-116,-180,-120,-12,-8,-12,-32,-44,-44,-76,-64,-108,-72,-108,-96,-140,-108,-140,-136
778,0x55694a34e16d,W,0x7ffe9f8af9e0,1,-28,-8,-28,-32,-60,-40,-92,-60,-124,-72,-124,-96,-156,-124,-188,-128,-4,-4,-4,-32,-36,-36,-68,-56,-100,-68,-100,-96,-132,-120,-164,-128
782,0x55694a34e175,W,0x7ffe9f8af9dc,1,-32,-4,-32,-32,-64,-44,-96,-64,-128,-68,-128,-96,-160,-108,-160,-132,0,-20,-32,-28,-64,-32,-64,-60,-96,-84,-96,-96,-128,-116,-160,-124
784,0x55694a34e178,R,0x7ffe9f8af9dc,1,-32,0,-32,-12,-64,-36,-64,-64,-96,-68,-128,-76,-160,-100,-160,-128,0,-20,-32,-28,-64,-52,-64,-64,-96,-92,-128,-96,-160,-116,-160,-128
787,0x55694a34e185,R,0x7ffe9f8af9dc,1,0,0,-32,-4,-64,-32,-64,-44,-96,-68,-128,-76,-160,-96,-160,-108,-32,-20,-32,-32,-64,-60,-64,-84,-96,-92,-128,-96,-160,-124,-160,-148
791,0x55694a34e18d,W,0x7ffe9f8af9c8,1,-20,-20,-52,-24,-84,-32,-84,-56,-116,-84,-116,-96,-148,-116,-180,-120,-12,-8,-12,-32,-44,-44,-76,-64,-108,-72,-108,-96,-140,-108,-140,-136
794,0x55694a34e16d,W,0x7ffe9f8af9c0,1,-28,-8,-28,-32,-60,-40,-92,-60,-124,-72,-124,-96,-156,-124,-188,-128,-4,-4,-4,-32,-36,-36,-68,-56,-100,-68,-100,-96,-132,-120,-164,-128
798,0x55694a34e175,W,0x7ffe9f8af9bc,1,-32,-4,-32,-32,-64,-44,-96,-64,-128,-68,-128,-96,-160,-108,-160,-132,0,-20,-32,-28,-64,-32,-64,-60,-96,-84,-96,-96,-128,-116,-160,-124
800,0x55694a34e178,R,0x7ffe9f8af9bc,1,-32,0,-32,-12,-64,-36,-64,-64,-96,-68,-128,-76,-160,-100,-160,-128,0,-20,-32,-28,-64,-52,-64,-64,-96,-92,-128,-96,-160,-116,-160,-128
803,0x55694a34e185,R,0x7ffe9f8af9bc,1,0,0,-32,-4,-64,-32,-64,-44,-96,-68,-128,-76,-160,-96,-160,-108,-32,-20,-32,-32,-64,-60,-64,-84,-96,-92,-128,-96,-160,-124,-160,-148
807,0x55694a34e18d,W,0x7ffe9f8af9a8,1,-20,-20,-52,-24,-84,-32,-84,-56,-116,-84,-116,-96,-148,-116,-180,-120,-12,-8,-12,-32,-44,-44,-76,-64,-108,-72,-108,-96,-140,-108,-140,-136
810,0x55694a34e16d,W,0x7ffe9f8af9a0,1,-28,-8,-28,-32,-60,-40,-92,-60,-124,-72,-124,-96,-156,-124,-188,-128,-4,-4,-4,-32,-36,-36,-68,-56,-100,-68,-100,-96,-132,-120,-164,-128
814,0x55694a34e175,W,0x7ffe9f8af99c,1,-32,-4,-32,-32,-64,-44,-96,-64,-128,-68,-128,-96,-160,-108,-160,-132,0,-20,-32,-28,-64,-32,-64,-60,-96,-84,-96,-96,-128,-116,-160,-124
816,0x55694a34e178,R,0x7ffe9f8af99c,1,-32,0,-32,-12,-64,-36,-64,-64,-96,-68,-128,-76,-160,-100,-160,-128,0,-20,-32,-28,-64,-52,-64,-64,-96,-92,-128,-96,-160,-116,-160,-128
819,0x55694a34e185,R,0x7ffe9f8af99c,1,0,0,-32,-4,-64,-32,-64,-44,-96,-68,-128,-76,-160,-96,-160,-108,-32,-20,-32,-32,-64,-60,-64,-84,-96,-92,-128,-96,-160,-124,-160,-148
823,0x55694a34e18d,W,0x7ffe9f8af988,1,-20,-20,-52,-24,-84,-32,-84,-56,-116,-84,-116,-96,-148,-116,-180,-120,-12,-8,-12,-32,-44,-44,-76,-64,-108,-72,-108,-96,-140,-108,-140,-136
826,0x55694a34e16d,W,0x7ffe9f8af980,1,-28,-8,-28,-32,-60,-40,-92,-60,-124,-72,-124,-96,-156,-124,-188,-128,-4,-4,-4,-32,-36,-36,-68,-56,-100,-68,-100,-96,-132,-120,-164,-128
830,0x55694a34e175,W,0x7ffe9f8af97c,1,-32,-4,-32,-32,-64,-44,-96,-64,-128,-68,-128,-96,-160,-108,-160,-132,0,-20,-32,-28,-64,-32,-64,-60,-96,-84,-96,-96,-128,-116,-160,-124
832,0x55694a34e178,R,0x7ffe9f8af97c,1,-32,0,-32,-12,-64,-36,-64,-64,-96,-68,-128,-76,-160,-100,-160,-128,0,-20,-32,-28,-64,-52,-64,-64,-96,-92,-128,-96,-160,-116,-160,-128
835,0x55694a34e185,R,0x7ffe9f8af97c,1,0,0,-32,-4,-64,-32,-64,-44,-96,-68,-128,-76,-160,-96,-160,-108,-32,-20,-32,-32,-64,-60,-64,-84,-96,-92,-128,-96,-160,-124,-160,-148
839,0x55694a34e18d,W,0x7ffe9f8af968,1,-20,-20,-52,-24,-84,-32,-84,-56,-116,-84,-116,-96,-148,-116,-180,-120,-12,-8,-12,-32,-44,-44,-76,-64,-108,-72,-108,-96,-140,-108,-140,-136
842,0x55694a34e16d,W,0x7ffe9f8af960,1,-28,-8,-28,-32,-60,-40,-92,-60,-124,-72,-124,-96,-156,-124,-188,-128,-4,-4,-4,-32,-36,-36,-68,-56,-100,-68,-100,-96,-132,-120,-164,-128
846,0x55694a34e175,W,0x7ffe9f8af95c,1,-32,-4,-32,-32,-64,-44,-96,-64,-128,-68,-128,-96,-160,-108,-160,-132,0,-20,-32,-28,-64,-32,-64,-60,-96,-84,-96,-96,-128,-116,-160,-124
848,0x55694a34e178,R,0x7ffe9f8af95c,1,-32,0,-32,-12,-64,-36,-64,-64,-96,-68,-128,-76,-160,-100,-160,-128,0,-20,-32,-28,-64,-52,-64,-64,-96,-92,-128,-96,-160,-116,-160,-128
851,0x55694a34e185,R,0x7ffe9f8af95c,1,0,0,-32,-4,-64,-32,-64,-44,-96,-68,-128,-76,-160,-96,-160,-108,-32,-20,-32,-32,-64,-60,-64,-84,-96,-92,-128,-96,-160,-124,-160,-148
855,0x55694a34e18d,W,0x7ffe9f8af948,1,-20,-20,-52,-24,-84,-32,-84,-56,-116,-84,-116,-96,-148,-116,-180,-120,-12,-8,-12,-32,-44,-44,-76,-64,-108,-72,-108,-96,-140,-108,-140,-136
858,0x55694a34e16d,W,0x7ffe9f8af940,1,-28,-8,-28,-32,-60,-40,-92,-60,-124,-72,-124,-96,-156,-124,-188,-128,-4,-4,-4,-32,-36,-36,-68,-56,-100,-68,-100,-96,-132,-120,-164,-128
862,0x55694a34e175,W,0x7ffe9f8af93c,1,-32,-4,-32,-32,-64,-44,-96,-64,-128,-68,-128,-96,-160,-108,-160,-132,0,-20,-32,-28,-64,-32,-64,-60,-96,-84,-96,-96,-128,-116,-160,-124
864,0x55694a34e178,R,0x7ffe9f8af93c,1,-32,0,-32,-12,-64,-36,-64,-64,-96,-68,-128,-76,-160,-100,-160,-128,0,-20,-32,-28,-64,-52,-64,-64,-96,-92,-128,-96,-160,-116,-160,-128
867,0x55694a34e185,R,0x7ffe9f8af93c,1,0,0,-32,-4,-64,-32,-64,-44,-96,-68,-128,-76,-160,-96,-160,-108,-32,-20,-32,-32,-64,-60,-64,-84,-96,-92,-128,-96,-160,-124,-160,-148
871,0x55694a34e18d,W,0x7ffe9f8af928,1,-20,-20,-52,-24,-84,-32,-84,-56,-116,-84,-116,-96,-148,-116,-180,-120,-12,-8,-12,-32,-44,-44,-76,-64,-108,-72,-108,-96,-140,-108,-140,-136
874,0x55694a34e16d,W,0x7ffe9f8af920,1,-28,-8,-28,-32,-60,-40,-92,-60,-124,-72,-124,-96,-156,-124,-188,-128,-4,-4,-4,-32,-36,-36,-68,-56,-100,-68,-100,-96,-132,-120,-164,-128
878,0x55694a34e175,W,0x7ffe9f8af91c,1,-32,-4,-32,-32,-64,-44,-96,-64,-128,-68,-128,-96,-160,-108,-160,-132,0,-20,-32,-28,-64,-32,-64,-60,-96,-84,-96,-96,-128,-116,-160,-124
880,0x55694a34e178,R,0x7ffe9f8af91c,1,-32,0,-32,-12,-64,-36,-64,-64,-96,-68,-128,-76,-160,-100,-160,-128,0,-20,-32,-28,-64,-52,-64,-64,-96,-92,-128,-96,-160,-116,-160,-128
883,0x55694a34e185,R,0x7ffe9f8af91c,1,0,0,-32,-4,-64,-32,-64,-44,-96,-68,-128,-76,-160,-96,-160,-108,-32,-20,-32,-32,-64,-60,-64,-84,-96,-92,-128,-96,-160,-124,-160,-148
887,0x55694a34e18d,W,0x7ffe9f8af908,1,-20,-20,-52,-24,-84,-32,-84,-56,-116,-84,-116,-96,-148,-116,-180,-120,-12,-8,-12,-32,-44,-44,-76,-64,-108,-72,-108,-96,-140,-108,-140,-136
890,0x55694a34e16d,W,0x7ffe9f8af900,1,-28,-8,-28,-32,-60,-40,-92,-60,-124,-72,-124,-96,-156,-124,-188,-128,-4,-4,-4,-32,-36,-36,-68,-56,-100,-68,-100,-96,-132,-120,-164,-128
894,0x55694a34e175,W,0x7ffe9f8af8fc,1,-32,-4,-32,-32,-64,-44,-96,-64,-128,-68,-128,-96,-160,-108,-160,-132,0,-20,-32,-28,-64,-32,-64,-60,-96,-84,-96,-96,-128,-116,-160,-124
896,0x55694a34e178,R,0x7ffe9f8af8fc,1,-32,0,-32,-12,-64,-36,-64,-64,-96,-68,-128,-76,-160,-100,-160,-128,0,-20,-32,-28,-64,-52,-64,-64,-96,-92,-128,-96,-160,-116,-160,-128
899,0x55694a34e185,R,0x7ffe9f8af8fc,1,0,0,-32,-4,-64,-32,-64,-44,-96,-68,-128,-76,-160,-96,-160,-108,-32,-20,-32,-32,-64,-60,-64,-84,-96,-92,-128,-96,-160,-124,-160,-148
903,0x55694a34e18d,W,0x7ffe9f8af8e8,1,-20,-20,-52,-24,-84,-32,-84,-56,-116,-84,-116,-96,-148,-116,-180,-120,-12,-8,-12,-32,-44,-44,-76,-64,-108,-72,-108,-96,-140,-108,-140,-136
906,0x55694a34e16d,W,0x7ffe9f8af8e0,1,-28,-8,-28,-32,-60,-40,-92,-60,-124,-72,-124,-96,-156,-124,-188,-128,-4,-4,-4,-32,-36,-36,-68,-56,-100,-68,-100,-96,-132,-120,-164,-128
910,0x55694a34e175,W,0x7ffe9f8af8dc,1,-32,-4,-32,-32,-64,-44,-96,-64,-128,-68,-128,-96,-160,-108,-160,-132,0,-20,-32,-28,-64,-32,-64,-60,-96,-84,-96,-96,-128,-116,-160,-124
912,0x55694a34e178,R,0x7ffe9f8af8dc,1,-32,0,-32,-12,-64,-36,-64,-64,-96,-68,-128,-76,-160,-100,-160,-128,0,-20,-32,-28,-64,-52,-64,-64,-96,-92,-128,-96,-160,-116,-160,-128
915,0x55694a34e185,R,0x7ffe9f8af8dc,1,0,0,-32,-4,-64,-32,-64,-44,-96,-68,-128,-76,-160,-96,-160,-108,-32,-20,-32,-32,-64,-60,-64,-84,-96,-92,-128,-96,-160,-124,-160,-148
919,0x55694a34e18d,W,0x7ffe9f8af8c8,1,-20,-20,-52,-24,-84,-32,-84,-56,-116,-84,-116,-96,-148,-116,-180,-120,-12,-8,-12,-32,-44,-44,-76,-64,-108,-72,-108,-96,-140,-108,-140,-136
922,0x55694a34e16d,W,0x7ffe9f8af8c0,1,-28,-8,-28,-32,-60,-40,-92,-60,-124,-72,-124,-96,-156,-124,-188,-128,-4,-4,-4,-32,-36,-36,-68,-56,-100,-68,-100,-96,-132,-120,-164,-128
926,0x55694a34e175,W,0x7ffe9f8af8bc,1,-32,-4,-32,-32,-64,-44,-96,-64,-128,-68,-128,-96,-160,-108,-160,-132,0,-20,-32,-28,-64,-32,-64,-60,-96,-84,-96,-96,-128,-116,-160,-124
928,0x55694a34e178,R,0x7ffe9f8af8bc,1,-32,0,-32,-12,-64,-36,-64,-64,-96,-68,-128,-76,-160,-100,-160,-128,0,-20,-32,-28,-64,-52,-64,-64,-96,-92,-128,-96,-160,-116,-160,-128
931,0x55694a34e185,R,0x7ffe9f8af8bc,1,0,0,-32,-4,-64,-32,-64,-44,-96,-68,-128,-76,-160,-96,-160,-108,-32,-20,-32,-32,-64,-60,-64,-84,-96,-92,-128,-96,-160,-124,-160,-148
935,0x55694a34e18d,W,0x7ffe9f8af8a8,1,-20,-20,-52,-24,-84,-32,-84,-56,-116,-84,-116,-96,-148,-116,-180,-120,-12,-8,-12,-32,-44,-44,-76,-64,-108,-72,-108,-96,-140,-108,-140,-136
938,0x55694a34e16d,W,0x7ffe9f8af8a0,1,-28,-8,-28,-32,-60,-40,-92,-60,-124,-72,-124,-96,-156,-124,-188,-128,-4,-4,-4,-32,-36,-36,-68,-56,-100,-68,-100,-96,-132,-120,-164,-128
942,0x55694a34e175,W,0x7ffe9f8af89c,1,-32,-4,-32,-32,-64,-44,-96,-64,-128,-68,-128,-96,-160,-108,-160,-132,0,-20,-32,-28,-64,-32,-64,-60,-96,-84,-96,-96,-128,-116,-160,-124
944,0x55694a34e178,R,0x7ffe9f8af89c,1,-32,0,-32,-12,-64,-36,-64,-64,-96,-68,-128,-76,-160,-100,-160,-128,0,-20,-32,-28,-64,-52,-64,-64,-96,-92,-128,-96,-160,-116,-160,-128
947,0x55694a34e185,R,0x7ffe9f8af89c,1,0,0,-32,-4,-64,-32,-64,-44,-96,-68,-128,-76,-160,-96,-160,-108,-32,-20,-32,-32,-64,-60,-64,-84,-96,-92,-128,-96,-160,-124,-160,-148
951,0x55694a34e18d,W,0x7ffe9f8af888,1,-20,-20,-52,-24,-84,-32,-84,-56,-116,-84,-116,-96,-148,-116,-180,-120,-12,-8,-12,-32,-44,-44,-76,-64,-108,-72,-108,-96,-140,-108,-140,-136
954,0x55694a34e16d,W,0x7ffe9f8af880,1,-28,-8,-28,-32,-60,-40,-92,-60,-124,-72,-124,-96,-156,-124,-188,-128,-4,-4,-4,-32,-36,-36,-68,-56,-100,-68,-100,-96,-132,-120,-164,-128
958,0x55694a34e175,W,0x7ffe9f8af87c,1,-32,-4,-32,-32,-64,-44,-96,-64,-128,-68,-128,-96,-160,-108,-160,-132,0,-20,-32,-28,-64,-32,-64,-60,-96,-84,-96,-96,-128,-116,-160,-124
960,0x55694a34e178,R,0x7ffe9f8af87c,1,-32,0,-32,-12,-64,-36,-64,-64,-96,-68,-128,-76,-160,-100,-160,-128,0,-20,-32,-28,-64,-52,-64,-64,-96,-92,-128,-96,-160,-116,-160,-128
963,0x55694a34e185,R,0x7ffe9f8af87c,1,0,0,-32,-4,-64,-32,-64,-44,-96,-68,-128,-76,-160,-96,-160,-108,-32,-20,-32,-32,-64,-60,-64,-84,-96,-92,-128,-96,-160,-124,-160,-148
967,0x55694a34e18d,W,0x7ffe9f8af868,1,-20,-20,-52,-24,-84,-32,-84,-56,-116,-84,-116,-96,-148,-116,-180,-120,-12,-8,-12,-32,-44,-44,-76,-64,-108,-72,-108,-96,-140,-108,-140,-136
970,0x55694a34e16d,W,0x7ffe9f8af860,1,-28,-8,-28,-32,-60,-40,-92,-60,-124,-72,-124,-96,-156,-124,-188,-128,-4,-4,-4,-32,-36,-36,-68,-56,-100,-68,-100,-96,-132,-120,-164,-128
974,0x55694a34e175,W,0x7ffe9f8af85c,1,-32,-4,-32,-32,-64,-44,-96,-64,-128,-68,-128,-96,-160,-108,-160,-132,0,-20,-32,-28,-64,-32,-64,-60,-96,-84,-96,-96,-128,-116,-160,-124
976,0x55694a34e178,R,0x7ffe9f8af85c,1,-32,0,-32,-12,-64,-36,-64,-64,-96,-68,-128,-76,-160,-100,-160,-128,0,-20,-32,-28,-64,-52,-64,-64,-96,-92,-128,-96,-160,-116,-160,-128
979,0x55694a34e185,R,0x7ffe9f8af85c,1,0,0,-32,-4,-64,-32,-64,-44,-96,-68,-128,-76,-160,-96,-160,-108,-32,-20,-32,-32,-64,-60,-64,-84,-96,-92,-128,-96,-160,-124,-160,-148
983,0x55694a34e18d,W,0x7ffe9f8af848,1,-20,-20,-52,-24,-84,-32,-84,-56,-116,-84,-116,-96,-148,-116,-180,-120,-12,-8,-12,-32,-44,-44,-76,-64,-108,-72,-108,-96,-140,-108,-140,-136
986,0x55694a34e16d,W,0x7ffe9f8af840,1,-28,-8,-28,-32,-60,-40,-92,-60,-124,-72,-124,-96,-156,-124,-188,-128,-4,-4,-4,-32,-36,-36,-68,-56,-100,-68,-100,-96,-132,-120,-164,-128
990,0x55694a34e175,W,0x7ffe9f8af83c,1,-32,-4,-32,-32,-64,-44,-96,-64,-128,-68,-128,-96,-160,-108,-160,-132,0,-20,-32,-28,-64,-32,-64,-60,-96,-84,-96,-96,-128,-116,-160,-124
992,0x55694a34e178,R,0x7ffe9f8af83c,1,-32,0,-32,-12,-64,-36,-64,-64,-96,-68,-128,-76,-160,-100,-160,-128,0,-20,-32,-28,-64,-52,-64,-64,-96,-92,-128,-96,-160,-116,-160,-128
995,0x55694a34e185,R,0x7ffe9f8af83c,1,0,0,-32,-4,-64,-32,-64,-44,-96,-68,-128,-76,-160,-96,-160,-108,-32,-20,-32,-32,-64,-60,-64,-84,-96,-92,-128,-96,-160,-124,-160,-148
999,0x55694a34e18d,W,0x7ffe9f8af828,1,-20,-20,-52,-24,-84,-32,-84,-56,-116,-84,-116,-96,-148,-116,-180,-120,-12,-8,-12,-32,-44,-44,-76,-64,-108,-72,-108,-96,-140,-108,-140,-136
1002,0x55694a34e16d,W,0x7ffe9f8af820,1,-28,-8,-28,-32,-60,-40,-92,-60,-124,-72,-124,-96,-156,-124,-188,-128,-4,-4,-4,-32,-36,-36,-68,-56,-100,-68,-100,-96,-132,-120,-164,-128
1006,0x55694a34e175,W,0x7ffe9f8af81c,1,-32,-4,-32,-32,-64,-44,-96,-64,-128,-68,-128,-96,-160,-108,-160,-132,0,-20,-32,-28,-64,-32,-64,-60,-96,-84,-96,-96,-128,-116,-160,-124
1008,0x55694a34e178,R,0x7ffe9f8af81c,1,-32,0,-32,-12,-64,-36,-64,-64,-96,-68,-128,-76,-160,-100,-160,-128,0,-20,-32,-28,-64,-52,-64,-64,-96,-92,-128,-96,-160,-116,-160,-128
1011,0x55694a34e185,R,0x7ffe9f8af81c,1,0,0,-32,-4,-64,-32,-64,-44,-96,-68,-128,-76,-160,-96,-160,-108,-32,-20,-32,-32,-64,-60,-64,-84,-96,-92,-128,-96,-160,-124,-160,-148
1015,0x55694a34e18d,W,0x7ffe9f8af808,1,-20,-20,-52,-24,-84,-32,-84,-56,-116,-84,-116,-96,-148,-116,-180,-120,-12,-8,-12,-32,-44,-44,-76,-64,-108,-72,-108,-96,-140,-108,-140,-136
1018,0x55694a34e16d,W,0x7ffe9f8af800,1,-28,-8,-28,-32,-60,-40,-92,-60,-124,-72,-124,-96,-156,-124,-188,-128,-4,-4,-4,-32,-36,-36,-68,-56,-100,-68,-100,-96,-132,-120,-164,-128
1022,0x55694a34e175,W,0x7ffe9f8af7fc,1,-32,-4,-32,-32,-64,-44,-96,-64,-128,-68,-128,-96,-160,-108,-160,-132,0,-20,-32,-28,-64,-32,-64,-60,-96,-84,-96,-96,-128,-116,-160,-124
1024,0x55694a34e178,R,0x7ffe9f8af7fc,1,-32,0,-32,-12,-64,-36,-64,-64,-96,-68,-128,-76,-160,-100,-160,-128,0,-20,-32,-28,-64,-52,-64,-64,-96,-92,-128,-96,-160,-116,-160,-128
1027,0x55694a34e185,R,0x7ffe9f8af7fc,1,0,0,-32,-4,-64,-32,-64,-44,-96,-68,-128,-76,-160,-96,-160,-108,-32,-20,-32,-32,-64,-60,-64,-84,-96,-92,-128,-96,-160,-124,-160,-148
1031,0x55694a34e18d,W,0x7ffe9f8af7e8,1,-20,-20,-52,-24,-84,-32,-84,-56,-116,-84,-116,-96,-148,-116,-180,-120,-12,-8,-12,-32,-44,-44,-76,-64,-108,-72,-108,-96,-140,-108,-140,-136
1034,0x55694a34e16d,W,0x7ffe9f8af7e0,1,-28,-8,-28,-32,-60,-40,-92,-60,-124,-72,-124,-96,-156,-124,-188,-128,-4,-4,-4,-32,-36,-36,-68,-56,-100,-68,-100,-96,-132,-120,-164,-128
1038,0x55694a34e175,W,0x7ffe9f8af7dc,1,-32,-4,-32,-32,-64,-44,-96,-64,-128,-68,-128,-96,-160,-108,-160,-132,0,-20,-32,-28,-64,-32,-64,-60,-96,-84,-96,-96,-128,-116,-160,-124
1040,0x55694a34e178,R,0x7ffe9f8af7dc,1,-32,0,-32,-12,-64,-36,-64,-64,-96,-68,-128,-76,-160,-100,-160,-128,0,-20,-32,-28,-64,-52,-64,-64,-96,-92,-128,-96,-160,-116,-160,-128
1043,0x55694a34e185,R,0x7ffe9f8af7dc,1,0,0,-32,-4,-64,-32,-64,-44,-96,-68,-128,-76,-160,-96,-160,-108,-32,-20,-32,-32,-64,-60,-64,-84,-96,-92,-128,-96,-160,-124,-160,-148
1047,0x55694a34e18d,W,0x7ffe9f8af7c8,1,-20,-20,-52,-24,-84,-32,-84,-56,-116,-84,-116,-96,-148,-116,-180,-120,-12,-8,-12,-32,-44,-44,-76,-64,-108,-72,-108,-96,-140,-108,-140,-136
1050,0x55694a34e16d,W,0x7ffe9f8af7c0,1,-28,-8,-28,-32,-60,-40,-92,-60,-124,-72,-124,-96,-156,-124,-188,-128,-4,-4,-4,-32,-36,-36,-68,-56,-100,-68,-100,-96,-132,-120,-164,-128
1054,0x55694a34e175,W,0x7ffe9f8af7bc,1,-32,-4,-32,-32,-64,-44,-96,-64,-128,-68,-128,-96,-160,-108,-160,-132,0,-20,-32,-28,-64,-32,-64,-60,-96,-84,-96,-96,-128,-116,-160,-124
1056,0x55694a34e178,R,0x7ffe9f8af7bc,1,-32,0,-32,-12,-64,-36,-64,-64,-96,-68,-128,-76,-160,-100,-160,-128,0,-20,-32,-28,-64,-52,-64,-64,-96,-92,-128,-96,-160,-116,-160,-128
1059,0x55694a34e185,R,0x7ffe9f8af7bc,1,0,0,-32,-4,-64,-32,-64,-44,-96,-68,-128,-76,-160,-96,-160,-108,-32,-20,-32,-32,-64,-60,-64,-84,-96,-92,-128,-96,-160,-124,-160,-148
1063,0x55694a34e18d,W,0x7ffe9f8af7a8,1,-20,-20,-52,-24,-84,-32,-84,-56,-116,-84,-116,-96,-148,-116,-180,-120,-12,-8,-12,-32,-44,-44,-76,-64,-108,-72,-108,-96,-140,-108,-140,-136
1066,0x55694a34e16d,W,0x7ffe9f8af7a0,1,-28,-8,-28,-32,-60,-40,-92,-60,-124,-72,-124,-96,-156,-124,-188,-128,-4,-4,-4,-32,-36,-36,-68,-56,-100,-68,-100,-96,-132,-120,-164,-128
1070,0x55694a34e175,W,0x7ffe9f8af79c,1,-32,-4,-32,-32,-64,-44,-96,-64,-128,-68,-128,-96,-160,-108,-160,-132,0,-20,-32,-28,-64,-32,-64,-60,-96,-84,-96,-96,-128,-116,-160,-124
1072,0x55694a34e178,R,0x7ffe9f8af79c,1,-32,0,-32,-12,-64,-36,-64,-64,-96,-68,-128,-76,-160,-100,-160,-128,0,-20,-32,-28,-64,-52,-64,-64,-96,-92,-128,-96,-160,-116,-160,-128
1075,0x55694a34e185,R,0x7ffe9f8af79c,1,0,0,-32,-4,-64,-32,-64,-44,-96,-68,-128,-76,-160,-96,-160,-108,-32,-20,-32,-32,-64,-60,-64,-84,-96,-92,-128,-96,-160,-124,-160,-148
1079,0x55694a34e18d,W,0x7ffe9f8af788,1,-20,-20,-52,-24,-84,-32,-84,-56,-116,-84,-116,-96,-148,-116,-180,-120,-12,-8,-12,-32,-44,-44,-76,-64,-108,-72,-108,-96,-140,-108,-140,-136
1082,0x55694a34e16d,W,0x7ffe9f8af780,1,-28,-8,-28,-32,-60,-40,-92,-60,-124,-72,-124,-96,-156,-124,-188,-128,-4,-4,-4,-32,-36,-36,-68,-56,-100,-68,-100,-96,-132,-120,-164,-128
1086,0x55694a34e175,W,0x7ffe9f8af77c,1,-32,-4,-32,-32,-64,-44,-96,-64,-128,-68,-128,-96,-160,-108,-160,-132,0,-20,-32,-28,-64,-32,-64,-60,-96,-84,-96,-96,-128,-116,-160,-124
1088,0x55694a34e178,R,0x7ffe9f8af77c,1,-32,0,-32,-12,-64,-36,-64,-64,-96,-68,-128,-76,-160,-100,-160,-128,0,-20,-32,-28,-64,-52,-64,-64,-96,-92,-128,-96,-160,-116,-160,-128
1091,0x55694a34e185,R,0x7ffe9f8af77c,1,0,0,-32,-4,-64,-32,-64,-44,-96,-68,-128,-76,-160,-96,-160,-108,-32,-20,-32,-32,-64,-60,-64,-84,-96,-92,-128,-96,-160,-124,-160,-148
1095,0x55694a34e18d,W,0x7ffe9f8af768,1,-20,-20,-52,-24,-84,-32,-84,-56,-116,-84,-116,-96,-148,-116,-180,-120,-12,-8,-12,-32,-44,-44,-76,-64,-108,-72,-108,-96,-140,-108,-140,-136
1098,0x55694a34e16d,W,0x7ffe9f8af760,1,-28,-8,-28,-32,-60,-40,-92,-60,-124,-72,-124,-96,-156,-124,-188,-128,-4,-4,-4,-32,-36,-36,-68,-56,-100,-68,-100,-96,-132,-120,-164,-128
1102,0x55694a34e175,W,0x7ffe9f8af75c,1,-32,-4,-32,-32,-64,-44,-96,-64,-128,-68,-128,-96,-160,-108,-160,-132,0,-20,-32,-28,-64,-32,-64,-60,-96,-84,-96,-96,-128,-116,-160,-124
1104,0x55694a34e178,R,0x7ffe9f8af75c,1,-32,0,-32,-12,-64,-36,-64,-64,-96,-68,-128,-76,-160,-100,-160,-128,0,-20,-32,-28,-64,-52,-64,-64,-96,-92,-128,-96,-160,-116,-160,-128
1107,0x55694a34e185,R,0x7ffe9f8af75c,1,0,0,-32,-4,-64,-32,-64,-44,-96,-68,-128,-76,-160,-96,-160,-108,-32,-20,-32,-32,-64,-60,-64,-84,-96,-92,-128,-96,-160,-124,-160,-148
1111,0x55694a34e18d,W,0x7ffe9f8af748,1,-20,-20,-52,-24,-84,-32,-84,-56,-116,-84,-116,-96,-148,-116,-180,-120,-12,-8,-12,-32,-44,-44,-76,-64,-108,-72,-108,-96,-140,-108,-140,-136
1114,0x55694a34e16d,W,0x7ffe9f8af740,1,-28,-8,-28,-32,-60,-40,-92,-60,-124,-72,-124,-96,-156,-124,-188,-128,-4,-4,-4,-32,-36,-36,-68,-56,-100,-68,-100,-96,-132,-120,-164,-128
1118,0x55694a34e175,W,0x7ffe9f8af73c,1,-32,-4,-32,-32,-64,-44,-96,-64,-128,-68,-128,-96,-160,-108,-160,-132,0,-20,-32,-28,-64,-32,-64,-60,-96,-84,-96,-96,-128,-116,-160,-124
1120,0x55694a34e178,R,0x7ffe9f8af73c,1,-32,0,-32,-12,-64,-36,-64,-64,-96,-68,-128,-76,-160,-100,-160,-128,0,-20,-32,-28,-64,-52,-64,-64,-96,-92,-128,-96,-160,-116,-160,-128
1123,0x55694a34e185,R,0x7ffe9f8af73c,1,0,0,-32,-4,-64,-32,-64,-44,-96,-68,-128,-76,-160,-96,-160,-108,-32,-20,-32,-32,-64,-60,-64,-84,-96,-92,-128,-96,-160,-124,-160,-148
1127,0x55694a34e18d,W,0x7ffe9f8af728,1,-20,-20,-52,-24,-84,-32,-84,-56,-116,-84,-116,-96,-148,-116,-180,-120,-12,-8,-12,-32,-44,-44,-76,-64,-108,-72,-108,-96,-140,-108,-140,-136
1130,0x55694a34e16d,W,0x7ffe9f8af720,1,-28,-8,-28,-32,-60,-40,-92,-60,-124,-72,-124,-96,-156,-124,-188,-128,-4,-4,-4,-32,-36,-36,-68,-56,-100,-68,-100,-96,-132,-120,-164,-128
1134,0x55694a34e175,W,0x7ffe9f8af71c,1,-32,-4,-32,-32,-64,-44,-96,-64,-128,-68,-128,-96,-160,-108,-160,-132,0,-20,-32,-28,-64,-32,-64,-60,-96,-84,-96,-96,-128,-116,-160,-124
1136,0x55694a34e178,R,0x7ffe9f8af71c,1,-32,0,-32,-12,-64,-36,-64,-64,-96,-68,-128,-76,-160,-100,-160,-128,0,-20,-32,-28,-64,-52,-64,-64,-96,-92,-128,-96,-160,-116,-160,-128
1139,0x55694a34e185,R,0x7ffe9f8af71c,1,0,0,-32,-4,-64,-32,-64,-44,-96,-68,-128,-76,-160,-96,-160,-108,-32,-20,-32,-32,-64,-60,-64,-84,-96,-92,-128,-96,-160,-124,-160,-148
1143,0x55694a34e18d,W,0x7ffe9f8af708,1,-20,-20,-52,-24,-84,-32,-84,-56,-116,-84,-116,-96,-148,-116,-180,-120,-12,-8,-12,-32,-44,-44,-76,-64,-108,-72,-108,-96,-140,-108,-140,-136
1146,0x55694a34e16d,W,0x7ffe9f8af700,1,-28,-8,-28,-32,-60,-40,-92,-60,-124,-72,-124,-96,-156,-124,-188,-128,-4,-4,-4,-32,-36,-36,-68,-56,-100,-68,-100,-96,-132,-120,-164,-128
1150,0x55694a34e175,W,0x7ffe9f8af6fc,1,-32,-4,-32,-32,-64,-44,-96,-64,-128,-68,-128,-96,-160,-108,-160,-132,0,-20,-32,-28,-64,-32,-64,-60,-96,-84,-96,-96,-128,-116,-160,-124
1152,0x55694a34e178,R,0x7ffe9f8af6fc,1,-32,0,-32,-12,-64,-36,-64,-64,-96,-68,-128,-76,-160,-100,-160,-128,0,-20,-32,-28,-64,-52,-64,-64,-96,-92,-128,-96,-160,-116,-160,-128
1155,0x55694a34e185,R,0x7ffe9f8af6fc,1,0,0,-32,-4,-64,-32,-64,-44,-96,-68,-128,-76,-160,-96,-160,-108,-32,-20,-32,-32,-64,-60,-64,-84,-96,-92,-128,-96,-160,-124,-160,-148
1159,0x55694a34e18d,W,0x7ffe9f8af6e8,1,-20,-20,-52,-24,-84,-32,-84,-56,-116,-84,-116,-96,-148,-116,-180,-120,-12,-8,-12,-32,-44,-44,-76,-64,-108,-72,-108,-96,-140,-108,-140,-136
1162,0x55694a34e16d,W,0x7ffe9f8af6e0,1,-28,-8,-28,-32,-60,-40,-92,-60,-124,-72,-124,-96,-156,-124,-188,-128,-4,-4,-4,-32,-36,-36,-68,-56,-100,-68,-100,-96,-132,-120,-164,-128
1166,0x55694a34e175,W,0x7ffe9f8af6dc,1,-32,-4,-32,-32,-64,-44,-96,-64,-128,-68,-128,-96,-160,-108,-160,-132,0,-20,-32,-28,-64,-32,-64,-60,-96,-84,-96,-96,-128,-116,-160,-124
1168,0x55694a34e178,R,0x7ffe9f8af6dc,1,-32,0,-32,-12,-64,-36,-64,-64,-96,-68,-128,-76,-160,-100,-160,-128,0,-20,-32,-28,-64,-52,-64,-64,-96,-92,-128,-96,-160,-116,-160,-128
1171,0x55694a34e185,R,0x7ffe9f8af6dc,1,0,0,-32,-4,-64,-32,-64,-44,-96,-68,-128,-76,-160,-96,-160,-108,-32,-20,-32,-32,-64,-60,-64,-84,-96,-92,-128,-96,-160,-124,-160,-148
1175,0x55694a34e18d,W,0x7ffe9f8af6c8,1,-20,-20,-52,-24,-84,-32,-84,-56,-116,-84,-116,-96,-148,-116,-180,-120,-12,-8,-12,-32,-44,-44,-76,-64,-108,-72,-108,-96,-140,-108,-140,-136
1178,0x55694a34e16d,W,0x7ffe9f8af6c0,1,-28,-8,-28,-32,-60,-40,-92,-60,-124,-72,-124,-96,-156,-124,-188,-128,-4,-4,-4,-32,-36,-36,-68,-56,-100,-68,-100,-96,-132,-120,-164,-128
1182,0x55694a34e175,W,0x7ffe9f8af6bc,1,-32,-4,-32,-32,-64,-44,-96,-64,-128,-68,-128,-96,-160,-108,-160,-132,0,-20,-32,-28,-64,-32,-64,-60,-96,-84,-96,-96,-128,-116,-160,-124
1184,0x55694a34e178,R,0x7ffe9f8af6bc,1,-32,0,-32,-12,-64,-36,-64,-64,-96,-68,-128,-76,-160,-100,-160,-128,0,-20,-32,-28,-64,-52,-64,-64,-96,-92,-128,-96,-160,-116,-160,-128
1187,0x55694a34e185,R,0x7ffe9f8af6bc,1,0,0,-32,-4,-64,-32,-64,-44,-96,-68,-128,-76,-160,-96,-160,-108,-32,-20,-32,-32,-64,-60,-64,-84,-96,-92,-128,-96,-160,-124,-160,-148
1191,0x55694a34e18d,W,0x7ffe9f8af6a8,1,-20,-20,-52,-24,-84,-32,-84,-56,-116,-84,-116,-96,-148,-116,-180,-120,-12,-8,-12,-32,-44,-44,-76,-64,-108,-72,-108,-96,-140,-108,-140,-136
1194,0x55694a34e16d,W,0x7ffe9f8af6a0,1,-28,-8,-28,-32,-60,-40,-92,-60,-124,-72,-124,-96,-156,-124,-188,-128,-4,-4,-4,-32,-36,-36,-68,-56,-100,-68,-100,-96,-132,-120,-164,-128
1198,0x55694a34e175,W,0x7ffe9f8af69c,1,-32,-4,-32,-32,-64,-44,-96,-64,-128,-68,-128,-96,-160,-108,-160,-132,0,-20,-32,-28,-64,-32,-64,-60,-96,-84,-96,-96,-128,-116,-160,-124
1200,0x55694a34e178,R,0x7ffe9f8af69c,1,-32,0,-32,-12,-64,-36,-64,-64,-96,-68,-128,-76,-160,-100,-160,-128,0,-20,-32,-28,-64,-52,-64,-64,-96,-92,-128,-96,-160,-116,-160,-128
1203,0x55694a34e185,R,0x7ffe9f8af69c,1,0,0,-32,-4,-64,-32,-64,-44,-96,-68,-128,-76,-160,-96,-160,-108,-32,-20,-32,-32,-64,-60,-64,-84,-96,-92,-128,-96,-160,-124,-160,-148
1207,0x55694a34e18d,W,0x7ffe9f8af688,1,-20,-20,-52,-24,-84,-32,-84,-56,-116,-84,-116,-96,-148,-116,-180,-120,-12,-8,-12,-32,-44,-44,-76,-64,-108,-72,-108,-96,-140,-108,-140,-136
1210,0x55694a34e16d,W,0x7ffe9f8af680,1,-28,-8,-28,-32,-60,-40,-92,-60,-124,-72,-124,-96,-156,-124,-188,-128,-4,-4,-4,-32,-36,-36,-68,-56,-100,-68,-100,-96,-132,-120,-164,-128
1214,0x55694a34e175,W,0x7ffe9f8af67c,1,-32,-4,-32,-32,-64,-44,-96,-64,-128,-68,-128,-96,-160,-108,-160,-132,0,-20,-32,-28,-64,-32,-64,-60,-96,-84,-96,-96,-128,-116,-160,-124
1216,0x55694a34e178,R,0x7ffe9f8af67c,1,-32,0,-32,-12,-64,-36,-64,-64,-96,-68,-128,-76,-160,-100,-160,-128,0,-20,-32,-28,-64,-52,-64,-64,-96,-92,-128,-96,-160,-116,-160,-128
1219,0x55694a34e185,R,0x7ffe9f8af67c,1,0,0,-32,-4,-64,-32,-64,-44,-96,-68,-128,-76,-160,-96,-160,-108,-32,-20,-32,-32,-64,-60,-64,-84,-96,-92,-128,-96,-160,-124,-160,-148
1223,0x55694a34e18d,W,0x7ffe9f8af668,1,-20,-20,-52,-24,-84,-32,-84,-56,-116,-84,-116,-96,-148,-116,-180,-120,-12,-8,-12,-32,-44,-44,-76,-64,-108,-72,-108,-96,-140,-108,-140,-136
1226,0x55694a34e16d,W,0x7ffe9f8af660,1,-28,-8,-28,-32,-60,-40,-92,-60,-124,-72,-124,-96,-156,-124,-188,-128,-4,-4,-4,-32,-36,-36,-68,-56,-100,-68,-100,-96,-132,-120,-164,-128
1230,0x55694a34e175,W,0x7ffe9f8af65c,1,-32,-4,-32,-32,-64,-44,-96,-64,-128,-68,-128,-96,-160,-108,-160,-132,0,-20,-32,-28,-64,-32,-64,-60,-96,-84,-96,-96,-128,-116,-160,-124
1232,0x55694a34e178,R,0x7ffe9f8af65c,1,-32,0,-32,-12,-64,-36,-64,-64,-96,-68,-128,-76,-160,-100,-160,-128,0,-20,-32,-28,-64,-52,-64,-64,-96,-92,-128,-96,-160,-116,-160,-128
1235,0x55694a34e185,R,0x7ffe9f8af65c,1,0,0,-32,-4,-64,-32,-64,-44,-96,-68,-128,-76,-160,-96,-160,-108,-32,-20,-32,-32,-64,-60,-64,-84,-96,-92,-128,-96,-160,-124,-160,-148
1239,0x55694a34e18d,W,0x7ffe9f8af648,1,-20,-20,-52,-24,-84,-32,-84,-56,-116,-84,-116,-96,-148,-116,-180,-120,-12,-8,-12,-32,-44,-44,-76,-64,-108,-72,-108,-96,-140,-108,-140,-136
1242,0x55694a34e16d,W,0x7ffe9f8af640,1,-28,-8,-28,-32,-60,-40,-92,-60,-124,-72,-124,-96,-156,-124,-188,-128,-4,-4,-4,-32,-36,-36,-68,-56,-100,-68,-100,-96,-132,-120,-164,-128
1246,0x55694a34e175,W,0x7ffe9f8af63c,1,-32,-4,-32,-32,-64,-44,-96,-64,-128,-68,-128,-96,-160,-108,-160,-132,0,-20,-32,-28,-64,-32,-64,-60,-96,-84,-96,-96,-128,-116,-160,-124
1248,0x55694a34e178,R,0x7ffe9f8af63c,1,-32,0,-32,-12,-64,-36,-64,-64,-96,-68,-128,-76,-160,-100,-160,-128,0,-20,-32,-28,-64,-52,-64,-64,-96,-92,-128,-96,-160,-116,-160,-128
1251,0x55694a34e185,R,0x7ffe9f8af63c,1,0,0,-32,-4,-64,-32,-64,-44,-96,-68,-128,-76,-160,-96,-160,-108,-32,-20,-32,-32,-64,-60,-64,-84,-96,-92,-128,-96,-160,-124,-160,-148
1255,0x55694a34e18d,W,0x7ffe9f8af628,1,-20,-20,-52,-24,-84,-32,-84,-56,-116,-84,-116,-96,-148,-116,-180,-120,-12,-8,-12,-32,-44,-44,-76,-64,-108,-72,-108,-96,-140,-108,-140,-136
1258,0x55694a34e16d,W,0x7ffe9f8af620,1,-28,-8,-28,-32,-60,-40,-92,-60,-124,-72,-124,-96,-156,-124,-188,-128,-4,-4,-4,-32,-36,-36,-68,-56,-100,-68,-100,-96,-132,-120,-164,-128
1262,0x55694a34e175,W,0x7ffe9f8af61c,1,-32,-4,-32,-32,-64,-44,-96,-64,-128,-68,-128,-96,-160,-108,-160,-132,0,-20,-32,-28,-64,-32,-64,-60,-96,-84,-96,-96,-128,-116,-160,-124
1264,0x55694a34e178,R,0x7ffe9f8af61c,1,-32,0,-32,-12,-64,-36,-64,-64,-96,-68,-128,-76,-160,-100,-160,-128,0,-20,-32,-28,-64,-52,-64,-64,-96,-92,-128,-96,-160,-116,-160,-128
1267,0x55694a34e185,R,0x7ffe9f8af61c,1,0,0,-32,-4,-64,-32,-64,-44,-96,-68,-128,-76,-160,-96,-160,-108,-32,-20,-32,-32,-64,-60,-64,-84,-96,-92,-128,-96,-160,-124,-160,-148
1271,0x55694a34e18d,W,0x7ffe9f8af608,1,-20,-20,-52,-24,-84,-32,-84,-56,-116,-84,-116,-96,-148,-116,-180,-120,-12,-8,-12,-32,-44,-44,-76,-64,-108,-72,-108,-96,-140,-108,-140,-136
1274,0x55694a34e16d,W,0x7ffe9f8af600,1,-28,-8,-28,-32,-60,-40,-92,-60,-124,-72,-124,-96,-156,-124,-188,-128,-4,-4,-4,-32,-36,-36,-68,-56,-100,-68,-100,-96,-132,-120,-164,-128
1278,0x55694a34e175,W,0x7ffe9f8af5fc,1,-32,-4,-32,-32,-64,-44,-96,-64,-128,-68,-128,-96,-160,-108,-160,-132,0,-20,-32,-28,-64,-32,-64,-60,-96,-84,-96,-96,-128,-116,-160,-124
1280,0x55694a34e178,R,0x7ffe9f8af5fc,1,-32,0,-32,-12,-64,-36,-64,-64,-96,-68,-128,-76,-160,-100,-160,-128,0,-20,-32,-28,-64,-52,-64,-64,-96,-92,-128,-96,-160,-116,-160,-128
1283,0x55694a34e185,R,0x7ffe9f8af5fc,1,0,0,-32,-4,-64,-32,-64,-44,-96,-68,-128,-76,-160,-96,-160,-108,-32,-20,-32,-32,-64,-60,-64,-84,-96,-92,-128,-96,-160,-124,-160,-148
1287,0x55694a34e18d,W,0x7ffe9f8af5e8,1,-20,-20,-52,-24,-84,-32,-84,-56,-116,-84,-116,-96,-148,-116,-180,-120,-12,-8,-12,-32,-44,-44,-76,-64,-108,-72,-108,-96,-140,-108,-140,-136
1290,0x55694a34e16d,W,0x7ffe9f8af5e0,1,-28,-8,-28,-32,-60,-40,-92,-60,-124,-72,-124,-96,-156,-124,-188,-128,-4,-4,-4,-32,-36,-36,-68,-56,-100,-68,-100,-96,-132,-120,-164,-128
1294,0x55694a34e175,W,0x7ffe9f8af5dc,1,-32,-4,-32,-32,-64,-44,-96,-64,-128,-68,-128,-96,-160,-108,-160,-132,0,-20,-32,-28,-64,-32,-64,-60,-96,-84,-96,-96,-128,-116,-160,-124
1296,0x55694a34e178,R,0x7ffe9f8af5dc,1,-32,0,-32,-12,-64,-36,-64,-64,-96,-68,-128,-76,-160,-100,-160,-128,0,-20,-32,-28,-64,-52,-64,-64,-96,-92,-128,-96,-160,-116,-160,-128
1299,0x55694a34e185,R,0x7ffe9f8af5dc,1,0,0,-32,-4,-64,-32,-64,-44,-96,-68,-128,-76,-160,-96,-160,-108,-32,-20,-32,-32,-64,-60,-64,-84,-96,-92,-128,-96,-160,-124,-160,-148
1303,0x55694a34e18d,W,0x7ffe9f8af5c8,1,-20,-20,-52,-24,-84,-32,-84,-56,-116,-84,-116,-96,-148,-116,-180,-120,-12,-8,-12,-32,-44,-44,-76,-64,-108,-72,-108,-96,-140,-108,-140,-136
1306,0x55694a34e16d,W,0x7ffe9f8af5c0,1,-28,-8,-28,-32,-60,-40,-92,-60,-124,-72,-124,-96,-156,-124,-188,-128,-4,-4,-4,-32,-36,-36,-68,-56,-100,-68,-100,-96,-132,-120,-164,-128
1310,0x55694a34e175,W,0x7ffe9f8af5bc,1,-32,-4,-32,-32,-64,-44,-96,-64,-128,-68,-128,-96,-160,-108,-160,-132,0,-20,-32,-28,-64,-32,-64,-60,-96,-84,-96,-96,-128,-116,-160,-124
1312,0x55694a34e178,R,0x7ffe9f8af5bc,1,-32,0,-32,-12,-64,-36,-64,-64,-96,-68,-128,-76,-160,-100,-160,-128,0,-20,-32,-28,-64,-52,-64,-64,-96,-92,-128,-96,-160,-116,-160,-128
1315,0x55694a34e185,R,0x7ffe9f8af5bc,1,0,0,-32,-4,-64,-32,-64,-44,-96,-68,-128,-76,-160,-96,-160,-108,-32,-20,-32,-32,-64,-60,-64,-84,-96,-92,-128,-96,-160,-124,-160,-148
1319,0x55694a34e18d,W,0x7ffe9f8af5a8,1,-20,-20,-52,-24,-84,-32,-84,-56,-116,-84,-116,-96,-148,-116,-180,-120,-12,-8,-12,-32,-44,-44,-76,-64,-108,-72,-108,-96,-140,-108,-140,-136
1322,0x55694a34e16d,W,0x7ffe9f8af5a0,1,-28,-8,-28,-32,-60,-40,-92,-60,-124,-72,-124,-96,-156,-124,-188,-128,-4,-4,-4,-32,-36,-36,-68,-56,-100,-68,-100,-96,-132,-120,-164,-128
1326,0x55694a34e175,W,0x7ffe9f8af59c,1,-32,-4,-32,-32,-64,-44,-96,-64,-128,-68,-128,-96,-160,-108,-160,-132,0,-20,-32,-28,-64,-32,-64,-60,-96,-84,-96,-96,-128,-116,-160,-124
1328,0x55694a34e178,R,0x7ffe9f8af59c,1,-32,0,-32,-12,-64,-36,-64,-64,-96,-68,-128,-76,-160,-100,-160,-128,0,-20,-32,-28,-64,-52,-64,-64,-96,-92,-128,-96,-160,-116,-160,-128
1331,0x55694a34e185,R,0x7ffe9f8af59c,1,0,0,-32,-4,-64,-32,-64,-44,-96,-68,-128,-76,-160,-96,-160,-108,-32,-20,-32,-32,-64,-60,-64,-84,-96,-92,-128,-96,-160,-124,-160,-148
1335,0x55694a34e18d,W,0x7ffe9f8af588,1,-20,-20,-52,-24,-84,-32,-84,-56,-116,-84,-116,-96,-148,-116,-180,-120,-12,-8,-12,-32,-44,-44,-76,-64,-108,-72,-108,-96,-140,-108,-140,-136
1338,0x55694a34e16d,W,0x7ffe9f8af580,1,-28,-8,-28,-32,-60,-40,-92,-60,-124,-72,-124,-96,-156,-124,-188,-128,-4,-4,-4,-32,-36,-36,-68,-56,-100,-68,-100,-96,-132,-120,-164,-128
1342,0x55694a34e175,W,0x7ffe9f8af57c,1,-32,-4,-32,-32,-64,-44,-96,-64,-128,-68,-128,-96,-160,-108,-160,-132,0,-20,-32,-28,-64,-32,-64,-60,-96,-84,-96,-96,-128,-116,-160,-124
1344,0x55694a34e178,R,0x7ffe9f8af57c,1,-32,0,-32,-12,-64,-36,-64,-64,-96,-68,-128,-76,-160,-100,-160,-128,0,-20,-32,-28,-64,-52,-64,-64,-96,-92,-128,-96,-160,-116,-160,-128
1347,0x55694a34e185,R,0x7ffe9f8af57c,1,0,0,-32,-4,-64,-32,-64,-44,-96,-68,-128,-76,-160,-96,-160,-108,-32,-20,-32,-32,-64,-60,-64,-84,-96,-92,-128,-96,-160,-124,-160,-148
1351,0x55694a34e18d,W,0x7ffe9f8af568,1,-20,-20,-52,-24,-84,-32,-84,-56,-116,-84,-116,-96,-148,-116,-180,-120,-12,-8,-12,-32,-44,-44,-76,-64,-108,-72,-108,-96,-140,-108,-140,-136
1354,0x55694a34e16d,W,0x7ffe9f8af560,1,-28,-8,-28,-32,-60,-40,-92,-60,-124,-72,-124,-96,-156,-124,-188,-128,-4,-4,-4,-32,-36,-36,-68,-56,-100,-68,-100,-96,-132,-120,-164,-128
1358,0x55694a34e175,W,0x7ffe9f8af55c,1,-32,-4,-32,-32,-64,-44,-96,-64,-128,-68,-128,-96,-160,-108,-160,-132,0,-20,-32,-28,-64,-32,-64,-60,-96,-84,-96,-96,-128,-116,-160,-124
1360,0x55694a34e178,R,0x7ffe9f8af55c,1,-32,0,-32,-12,-64,-36,-64,-64,-96,-68,-128,-76,-160,-100,-160,-128,0,-20,-32,-28,-64,-52,-64,-64,-96,-92,-128,-96,-160,-116,-160,-128
1363,0x55694a34e185,R,0x7ffe9f8af55c,1,0,0,-32,-4,-64,-32,-64,-44,-96,-68,-128,-76,-160,-96,-160,-108,-32,-20,-32,-32,-64,-60,-64,-84,-96,-92,-128,-96,-160,-124,-160,-148
1367,0x55694a34e18d,W,0x7ffe9f8af548,1,-20,-20,-52,-24,-84,-32,-84,-56,-116,-84,-116,-96,-148,-116,-180,-120,-12,-8,-12,-32,-44,-44,-76,-64,-108,-72,-108,-96,-140,-108,-140,-136
1370,0x55694a34e16d,W,0x7ffe9f8af540,1,-28,-8,-28,-32,-60,-40,-92,-60,-124,-72,-124,-96,-156,-124,-188,-128,-4,-4,-4,-32,-36,-36,-68,-56,-100,-68,-100,-96,-132,-120,-164,-128
1374,0x55694a34e175,W,0x7ffe9f8af53c,1,-32,-4,-32,-32,-64,-44,-96,-64,-128,-68,-128,-96,-160,-108,-160,-132,0,-20,-32,-28,-64,-32,-64,-60,-96,-84,-96,-96,-128,-116,-160,-124
1376,0x55694a34e178,R,0x7ffe9f8af53c,1,-32,0,-32,-12,-64,-36,-64,-64,-96,-68,-128,-76,-160,-100,-160,-128,0,-20,-32,-28,-64,-52,-64,-64,-96,-92,-128,-96,-160,-116,-160,-128
1379,0x55694a34e185,R,0x7ffe9f8af53c,1,0,0,-32,-4,-64,-32,-64,-44,-96,-68,-128,-76,-160,-96,-160,-108,-32,-20,-32,-32,-64,-60,-64,-84,-96,-92,-128,-96,-160,-124,-160,-148
1383,0x55694a34e18d,W,0x7ffe9f8af528,1,-20,-20,-52,-24,-84,-32,-84,-56,-116,-84,-116,-96,-148,-116,-180,-120,-12,-8,-12,-32,-44,-44,-76,-64,-108,-72,-108,-96,-140,-108,-140,-136
1386,0x55694a34e16d,W,0x7ffe9f8af520,1,-28,-8,-28,-32,-60,-40,-92,-60,-124,-72,-124,-96,-156,-124,-188,-128,-4,-4,-4,-32,-36,-36,-68,-56,-100,-68,-100,-96,-132,-120,-164,-128
1390,0x55694a34e175,W,0x7ffe9f8af51c,1,-32,-4,-32,-32,-64,-44,-96,-64,-128,-68,-128,-96,-160,-108,-160,-132,0,-20,-32,-28,-64,-32,-64,-60,-96,-84,-96,-96,-128,-116,-160,-124
1392,0x55694a34e178,R,0x7ffe9f8af51c,1,-32,0,-32,-12,-64,-36,-64,-64,-96,-68,-128,-76,-160,-100,-160,-128,0,-20,-32,-28,-64,-52,-64,-64,-96,-92,-128,-96,-160,-116,-160,-128
1395,0x55694a34e185,R,0x7ffe9f8af51c,1,0,0,-32,-4,-64,-32,-64,-44,-96,-68,-128,-76,-160,-96,-160,-108,-32,-20,-32,-32,-64,-60,-64,-84,-96,-92,-128,-96,-160,-124,-160,-148
1399,0x55694a34e18d,W,0x7ffe9f8af508,1,-20,-20,-52,-24,-84,-32,-84,-56,-116,-84,-116,-96,-148,-116,-180,-120,-12,-8,-12,-32,-44,-44,-76,-64,-108,-72,-108,-96,-140,-108,-140,-136
1402,0x55694a34e16d,W,0x7ffe9f8af500,1,-28,-8,-28,-32,-60,-40,-92,-60,-124,-72,-124,-96,-156,-124,-188,-128,-4,-4,-4,-32,-36,-36,-68,-56,-100,-68,-100,-96,-132,-120,-164,-128
1406,0x55694a34e175,W,0x7ffe9f8af4fc,1,-32,-4,-32,-32,-64,-44,-96,-64,-128,-68,-128,-96,-160,-108,-160,-132,0,-20,-32,-28,-64,-32,-64,-60,-96,-84,-96,-96,-128,-116,-160,-124
1408,0x55694a34e178,R,0x7ffe9f8af4fc,1,-32,0,-32,-12,-64,-36,-64,-64,-96,-68,-128,-76,-160,-100,-160,-128,0,-20,-32,-28,-64,-52,-64,-64,-96,-92,-128,-96,-160,-116,-160,-128
1411,0x55694a34e185,R,0x7ffe9f8af4fc,1,0,0,-32,-4,-64,-32,-64,-44,-96,-68,-128,-76,-160,-96,-160,-108,-32,-20,-32,-32,-64,-60,-64,-84,-96,-92,-128,-96,-160,-124,-160,-148
1415,0x55694a34e18d,W,0x7ffe9f8af4e8,1,-20,-20,-52,-24,-84,-32,-84,-56,-116,-84,-116,-96,-148,-116,-180,-120,-12,-8,-12,-32,-44,-44,-76,-64,-108,-72,-108,-96,-140,-108,-140,-136
1418,0x55694a34e16d,W,0x7ffe9f8af4e0,1,-28,-8,-28,-32,-60,-40,-92,-60,-124,-72,-124,-96,-156,-124,-188,-128,-4,-4,-4,-32,-36,-36,-68,-56,-100,-68,-100,-96,-132,-120,-164,-128
1422,0x55694a34e175,W,0x7ffe9f8af4dc,1,-32,-4,-32,-32,-64,-44,-96,-64,-128,-68,-128,-96,-160,-108,-160,-132,0,-20,-32,-28,-64,-32,-64,-60,-96,-84,-96,-96,-128,-116,-160,-124
1424,0x55694a34e178,R,0x7ffe9f8af4dc,1,-32,0,-32,-12,-64,-36,-64,-64,-96,-68,-128,-76,-160,-100,-160,-128,0,-20,-32,-28,-64,-52,-64,-64,-96,-92,-128,-96,-160,-116,-160,-128
1427,0x55694a34e185,R,0x7ffe9f8af4dc,1,0,0,-32,-4,-64,-32,-64,-44,-96,-68,-128,-76,-160,-96,-160,-108,-32,-20,-32,-32,-64,-60,-64,-84,-96,-92,-128,-96,-160,-124,-160,-148
1431,0x55694a34e18d,W,0x7ffe9f8af4c8,1,-20,-20,-52,-24,-84,-32,-84,-56,-116,-84,-116,-96,-148,-116,-180,-120,-12,-8,-12,-32,-44,-44,-76,-64,-108,-72,-108,-96,-140,-108,-140,-136
1434,0x55694a34e16d,W,0x7ffe9f8af4c0,1,-28,-8,-28,-32,-60,-40,-92,-60,-124,-72,-124,-96,-156,-124,-188,-128,-4,-4,-4,-32,-36,-36,-68,-56,-100,-68,-100,-96,-132,-120,-164,-128
1438,0x55694a34e175,W,0x7ffe9f8af4bc,1,-32,-4,-32,-32,-64,-44,-96,-64,-128,-68,-128,-96,-160,-108,-160,-132,0,-20,-32,-28,-64,-32,-64,-60,-96,-84,-96,-96,-128,-116,-160,-124
1440,0x55694a34e178,R,0x7ffe9f8af4bc,1,-32,0,-32,-12,-64,-36,-64,-64,-96,-68,-128,-76,-160,-100,-160,-128,0,-20,-32,-28,-64,-52,-64,-64,-96,-92,-128,-96,-160,-116,-160,-128
1443,0x55694a34e185,R,0x7ffe9f8af4bc,1,0,0,-32,-4,-64,-32,-64,-44,-96,-68,-128,-76,-160,-96,-160,-108,-32,-20,-32,-32,-64,-60,-64,-84,-96,-92,-128,-96,-160,-124,-160,-148
1447,0x55694a34e18d,W,0x7ffe9f8af4a8,1,-20,-20,-52,-24,-84,-32,-84,-56,-116,-84,-116,-96,-148,-116,-180,-120,-12,-8,-12,-32,-44,-44,-76,-64,-108,-72,-108,-96,-140,-108,-140,-136
1450,0x55694a34e16d,W,0x7ffe9f8af4a0,1,-28,-8,-28,-32,-60,-40,-92,-60,-124,-72,-124,-96,-156,-124,-188,-128,-4,-4,-4,-32,-36,-36,-68,-56,-100,-68,-100,-96,-132,-120,-164,-128
1454,0x55694a34e175,W,0x7ffe9f8af49c,1,-32,-4,-32,-32,-64,-44,-96,-64,-128,-68,-128,-96,-160,-108,-160,-132,0,-20,-32,-28,-64,-32,-64,-60,-96,-84,-96,-96,-128,-116,-160,-124
1456,0x55694a34e178,R,0x7ffe9f8af49c,1,-32,0,-32,-12,-64,-36,-64,-64,-96,-68,-128,-76,-160,-100,-160,-128,0,-20,-32,-28,-64,-52,-64,-64,-96,-92,-128,-96,-160,-116,-160,-128
1459,0x55694a34e185,R,0x7ffe9f8af49c,1,0,0,-32,-4,-64,-32,-64,-44,-96,-68,-128,-76,-160,-96,-160,-108,-32,-20,-32,-32,-64,-60,-64,-84,-96,-92,-128,-96,-160,-124,-160,-148
1463,0x55694a34e18d,W,0x7ffe9f8af488,1,-20,-20,-52,-24,-84,-32,-84,-56,-116,-84,-116,-96,-148,-116,-180,-120,-12,-8,-12,-32,-44,-44,-76,-64,-108,-72,-108,-96,-140,-108,-140,-136
1466,0x55694a34e16d,W,0x7ffe9f8af480,1,-28,-8,-28,-32,-60,-40,-92,-60,-124,-72,-124,-96,-156,-124,-188,-128,-4,-4,-4,-32,-36,-36,-68,-56,-100,-68,-100,-96,-132,-120,-164,-128
1470,0x55694a34e175,W,0x7ffe9f8af47c,1,-32,-4,-32,-32,-64,-44,-96,-64,-128,-68,-128,-96,-160,-108,-160,-132,0,-20,-32,-28,-64,-32,-64,-60,-96,-84,-96,-96,-128,-116,-160,-124
1472,0x55694a34e178,R,0x7ffe9f8af47c,1,-32,0,-32,-12,-64,-36,-64,-64,-96,-68,-128,-76,-160,-100,-160,-128,0,-20,-32,-28,-64,-52,-64,-64,-96,-92,-128,-96,-160,-116,-160,-128
1475,0x55694a34e185,R,0x7ffe9f8af47c,1,0,0,-32,-4,-64,-32,-64,-44,-96,-68,-128,-76,-160,-96,-160,-108,-32,-20,-32,-32,-64,-60,-64,-84,-96,-92,-128,-96,-160,-124,-160,-148
1479,0x55694a34e18d,W,0x7ffe9f8af468,1,-20,-20,-52,-24,-84,-32,-84,-56,-116,-84,-116,-96,-148,-116,-180,-120,-12,-8,-12,-32,-44,-44,-76,-64,-108,-72,-108,-96,-140,-108,-140,-136
1482,0x55694a34e16d,W,0x7ffe9f8af460,1,-28,-8,-28,-32,-60,-40,-92,-60,-124,-72,-124,-96,-156,-124,-188,-128,-4,-4,-4,-32,-36,-36,-68,-56,-100,-68,-100,-96,-132,-120,-164,-128
1486,0x55694a34e175,W,0x7ffe9f8af45c,1,-32,-4,-32,-32,-64,-44,-96,-64,-128,-68,-128,-96,-160,-108,-160,-132,0,-20,-32,-28,-64,-32,-64,-60,-96,-84,-96,-96,-128,-116,-160,-124
1488,0x55694a34e178,R,0x7ffe9f8af45c,1,-32,0,-32,-12,-64,-36,-64,-64,-96,-68,-128,-76,-160,-100,-160,-128,0,-20,-32,-28,-64,-52,-64,-64,-96,-92,-128,-96,-160,-116,-160,-128
1491,0x55694a34e185,R,0x7ffe9f8af45c,1,0,0,-32,-4,-64,-32,-64,-44,-96,-68,-128,-76,-160,-96,-160,-108,-32,-20,-32,-32,-64,-60,-64,-84,-96,-92,-128,-96,-160,-124,-160,-148
1495,0x55694a34e18d,W,0x7ffe9f8af448,1,-20,-20,-52,-24,-84,-32,-84,-56,-116,-84,-116,-96,-148,-116,-180,-120,-12,-8,-12,-32,-44,-44,-76,-64,-108,-72,-108,-96,-140,-108,-140,-136
1498,0x55694a34e16d,W,0x7ffe9f8af440,1,-28,-8,-28,-32,-60,-40,-92,-60,-124,-72,-124,-96,-156,-124,-188,-128,-4,-4,-4,-32,-36,-36,-68,-56,-100,-68,-100,-96,-132,-120,-164,-128
1502,0x55694a34e175,W,0x7ffe9f8af43c,1,-32,-4,-32,-32,-64,-44,-96,-64,-128,-68,-128,-96,-160,-108,-160,-132,0,-20,-32,-28,-64,-32,-64,-60,-96,-84,-96,-96,-128,-116,-160,-124
1504,0x55694a34e178,R,0x7ffe9f8af43c,1,-32,0,-32,-12,-64,-36,-64,-64,-96,-68,-128,-76,-160,-100,-160,-128,0,-20,-32,-28,-64,-52,-64,-64,-96,-92,-128,-96,-160,-116,-160,-128
1507,0x55694a34e185,R,0x7ffe9f8af43c,1,0,0,-32,-4,-64,-32,-64,-44,-96,-68,-128,-76,-160,-96,-160,-108,-32,-20,-32,-32,-64,-60,-64,-84,-96,-92,-128,-96,-160,-124,-160,-148
1511,0x55694a34e18d,W,0x7ffe9f8af428,1,-20,-20,-52,-24,-84,-32,-84,-56,-116,-84,-116,-96,-148,-116,-180,-120,-12,-8,-12,-32,-44,-44,-76,-64,-108,-72,-108,-96,-140,-108,-140,-136
1514,0x55694a34e16d,W,0x7ffe9f8af420,1,-28,-8,-28,-32,-60,-40,-92,-60,-124,-72,-124,-96,-156,-124,-188,-128,-4,-4,-4,-32,-36,-36,-68,-56,-100,-68,-100,-96,-132,-120,-164,-128
1518,0x55694a34e175,W,0x7ffe9f8af41c,1,-32,-4,-32,-32,-64,-44,-96,-64,-128,-68,-128,-96,-160,-108,-160,-132,0,-20,-32,-28,-64,-32,-64,-60,-96,-84,-96,-96,-128,-116,-160,-124
1520,0x55694a34e178,R,0x7ffe9f8af41c,1,-32,0,-32,-12,-64,-36,-64,-64,-96,-68,-128,-76,-160,-100,-160,-128,0,-20,-32,-28,-64,-52,-64,-64,-96,-92,-128,-96,-160,-116,-160,-128
1523,0x55694a34e185,R,0x7ffe9f8af41c,1,0,0,-32,-4,-64,-32,-64,-44,-96,-68,-128,-76,-160,-96,-160,-108,-32,-20,-32,-32,-64,-60,-64,-84,-96,-92,-128,-96,-160,-124,-160,-148
1527,0x55694a34e18d,W,0x7ffe9f8af408,1,-20,-20,-52,-24,-84,-32,-84,-56,-116,-84,-116,-96,-148,-116,-180,-120,-12,-8,-12,-32,-44,-44,-76,-64,-108,-72,-108,-96,-140,-108,-140,-136
1530,0x55694a34e16d,W,0x7ffe9f8af400,1,-28,-8,-28,-32,-60,-40,-92,-60,-124,-72,-124,-96,-156,-124,-188,-128,-4,-4,-4,-32,-36,-36,-68,-56,-100,-68,-100,-96,-132,-120,-164,-128
1534,0x55694a34e175,W,0x7ffe9f8af3fc,1,-32,-4,-32,-32,-64,-44,-96,-64,-128,-68,-128,-96,-160,-108,-160,-132,0,-20,-32,-28,-64,-32,-64,-60,-96,-84,-96,-96,-128,-116,-160,-124
1536,0x55694a34e178,R,0x7ffe9f8af3fc,1,-32,0,-32,-12,-64,-36,-64,-64,-96,-68,-128,-76,-160,-100,-160,-128,0,-20,-32,-28,-64,-52,-64,-64,-96,-92,-128,-96,-160,-116,-160,-128
1539,0x55694a34e185,R,0x7ffe9f8af3fc,1,0,0,-32,-4,-64,-32,-64,-44,-96,-68,-128,-76,-160,-96,-160,-108,-32,-20,-32,-32,-64,-60,-64,-84,-96,-92,-128,-96,-160,-124,-160,-148
1543,0x55694a34e18d,W,0x7ffe9f8af3e8,1,-20,-20,-52,-24,-84,-32,-84,-56,-116,-84,-116,-96,-148,-116,-180,-120,-12,-8,-12,-32,-44,-44,-76,-64,-108,-72,-108,-96,-140,-108,-140,-136
1546,0x55694a34e16d,W,0x7ffe9f8af3e0,1,-28,-8,-28,-32,-60,-40,-92,-60,-124,-72,-124,-96,-156,-124,-188,-128,-4,-4,-4,-32,-36,-36,-68,-56,-100,-68,-100,-96,-132,-120,-164,-128
1550,0x55694a34e175,W,0x7ffe9f8af3dc,1,-32,-4,-32,-32,-64,-44,-96,-64,-128,-68,-128,-96,-160,-108,-160,-132,0,-20,-32,-28,-64,-32,-64,-60,-96,-84,-96,-96,-128,-116,-160,-124
1552,0x55694a34e178,R,0x7ffe9f8af3dc,1,-32,0,-32,-12,-64,-36,-64,-64,-96,-68,-128,-76,-160,-100,-160,-128,0,-20,-32,-28,-64,-52,-64,-64,-96,-92,-128,-96,-160,-116,-160,-128
1555,0x55694a34e185,R,0x7ffe9f8af3dc,1,0,0,-32,-4,-64,-32,-64,-44,-96,-68,-128,-76,-160,-96,-160,-108,-32,-20,-32,-32,-64,-60,-64,-84,-96,-92,-128,-96,-160,-124,-160,-148
1559,0x55694a34e18d,W,0x7ffe9f8af3c8,1,-20,-20,-52,-24,-84,-32,-84,-56,-116,-84,-116,-96,-148,-116,-180,-120,-12,-8,-12,-32,-44,-44,-76,-64,-108,-72,-108,-96,-140,-108,-140,-136
1562,0x55694a34e16d,W,0x7ffe9f8af3c0,1,-28,-8,-28,-32,-60,-40,-92,-60,-124,-72,-124,-96,-156,-124,-188,-128,-4,-4,-4,-32,-36,-36,-68,-56,-100,-68,-100,-96,-132,-120,-164,-128
1566,0x55694a34e175,W,0x7ffe9f8af3bc,1,-32,-4,-32,-32,-64,-44,-96,-64,-128,-68,-128,-96,-160,-108,-160,-132,0,-20,-32,-28,-64,-32,-64,-60,-96,-84,-96,-96,-128,-116,-160,-124
1568,0x55694a34e178,R,0x7ffe9f8af3bc,1,-32,0,-32,-12,-64,-36,-64,-64,-96,-68,-128,-76,-160,-100,-160,-128,0,-20,-32,-28,-64,-52,-64,-64,-96,-92,-128,-96,-160,-116,-160,-128
1571,0x55694a34e185,R,0x7ffe9f8af3bc,1,0,0,-32,-4,-64,-32,-64,-44,-96,-68,-128,-76,-160,-96,-160,-108,-32,-20,-32,-32,-64,-60,-64,-84,-96,-92,-128,-96,-160,-124,-160,-148
1575,0x55694a34e18d,W,0x7ffe9f8af3a8,1,-20,-20,-52,-24,-84,-32,-84,-56,-116,-84,-116,-96,-148,-116,-180,-120,-12,-8,-12,-32,-44,-44,-76,-64,-108,-72,-108,-96,-140,-108,-140,-136
1578,0x55694a34e16d,W,0x7ffe9f8af3a0,1,-28,-8,-28,-32,-60,-40,-92,-60,-124,-72,-124,-96,-156,-124,-188,-128,-4,-4,-4,-32,-36,-36,-68,-56,-100,-68,-100,-96,-132,-120,-164,-128
1582,0x55694a34e175,W,0x7ffe9f8af39c,1,-32,-4,-32,-32,-64,-44,-96,-64,-128,-68,-128,-96,-160,-108,-160,-132,0,-20,-32,-28,-64,-32,-64,-60,-96,-84,-96,-96,-128,-116,-160,-124
1584,0x55694a34e178,R,0x7ffe9f8af39c,1,-32,0,-32,-12,-64,-36,-64,-64,-96,-68,-128,-76,-160,-100,-160,-128,0,-20,-32,-28,-64,-52,-64,-64,-96,-92,-128,-96,-160,-116,-160,-128
1587,0x55694a34e185,R,0x7ffe9f8af39c,1,0,0,-32,-4,-64,-32,-64,-44,-96,-68,-128,-76,-160,-96,-160,-108,-32,-20,-32,-32,-64,-60,-64,-84,-96,-92,-128,-96,-160,-124,-160,-148
1591,0x55694a34e18d,W,0x7ffe9f8af388,1,-20,-20,-52,-24,-84,-32,-84,-56,-116,-84,-116,-96,-148,-116,-180,-120,-12,-8,-12,-32,-44,-44,-76,-64,-108,-72,-108,-96,-140,-108,-140,-136
1594,0x55694a34e16d,W,0x7ffe9f8af380,1,-28,-8,-28,-32,-60,-40,-92,-60,-124,-72,-124,-96,-156,-124,-188,-128,-4,-4,-4,-32,-36,-36,-68,-56,-100,-68,-100,-96,-132,-120,-164,-128
1598,0x55694a34e175,W,0x7ffe9f8af37c,1,-32,-4,-32,-32,-64,-44,-96,-64,-128,-68,-128,-96,-160,-108,-160,-132,0,-20,-32,-28,-64,-32,-64,-60,-96,-84,-96,-96,-128,-116,-160,-124
1600,0x55694a34e178,R,0x7ffe9f8af37c,1,-32,0,-32,-12,-64,-36,-64,-64,-96,-68,-128,-76,-160,-100,-160,-128,0,-20,-32,-28,-64,-52,-64,-64,-96,-92,-128,-96,-160,-116,-160,-128
1603,0x55694a34e185,R,0x7ffe9f8af37c,1,0,0,-32,-4,-64,-32,-64,-44,-96,-68,-128,-76,-160,-96,-160,-108,-32,-20,-32,-32,-64,-60,-64,-84,-96,-92,-128,-96,-160,-124,-160,-148
1607,0x55694a34e18d,W,0x7ffe9f8af368,1,-20,-20,-52,-24,-84,-32,-84,-56,-116,-84,-116,-96,-148,-116,-180,-120,-12,-8,-12,-32,-44,-44,-76,-64,-108,-72,-108,-96,-140,-108,-140,-136
1610,0x55694a34e16d,W,0x7ffe9f8af360,1,-28,-8,-28,-32,-60,-40,-92,-60,-124,-72,-124,-96,-156,-124,-188,-128,-4,-4,-4,-32,-36,-36,-68,-56,-100,-68,-100,-96,-132,-120,-164,-128
1614,0x55694a34e175,W,0x7ffe9f8af35c,1,-32,-4,-32,-32,-64,-44,-96,-64,-128,-68,-128,-96,-160,-108,-160,-132,0,-20,-32,-28,-64,-32,-64,-60,-96,-84,-96,-96,-128,-116,-160,-124
1616,0x55694a34e178,R,0x7ffe9f8af35c,1,-32,0,-32,-12,-64,-36,-64,-64,-96,-68,-128,-76,-160,-100,-160,-128,0,-20,-32,-28,-64,-52,-64,-64,-96,-92,-128,-96,-160,-116,-160,-128
1619,0x55694a34e185,R,0x7ffe9f8af35c,1,0,0,-32,-4,-64,-32,-64,-44,-96,-68,-128,-76,-160,-96,-160,-108,-32,-20,-32,-32,-64,-60,-64,-84,-96,-92,-128,-96,-160,-124,-160,-148
1623,0x55694a34e18d,W,0x7ffe9f8af348,1,-20,-20,-52,-24,-84,-32,-84,-56,-116,-84,-116,-96,-148,-116,-180,-120,-12,-8,-12,-32,-44,-44,-76,-64,-108,-72,-108,-96,-140,-108,-140,-136
1626,0x55694a34e16d,W,0x7ffe9f8af340,1,-28,-8,-28,-32,-60,-40,-92,-60,-124,-72,-124,-96,-156,-124,-188,-128,-4,-4,-4,-32,-36,-36,-68,-56,-100,-68,-100,-96,-132,-120,-164,-128
1630,0x55694a34e175,W,0x7ffe9f8af33c,1,-32,-4,-32,-32,-64,-44,-96,-64,-128,-68,-128,-96,-160,-108,-160,-132,0,-20,-32,-28,-64,-32,-64,-60,-96,-84,-96,-96,-128,-116,-160,-124
1632,0x55694a34e178,R,0x7ffe9f8af33c,1,-32,0,-32,-12,-64,-36,-64,-64,-96,-68,-128,-76,-160,-100,-160,-128,0,-20,-32,-28,-64,-52,-64,-64,-96,-92,-128,-96,-160,-116,-160,-128
1635,0x55694a34e185,R,0x7ffe9f8af33c,1,0,0,-32,-4,-64,-32,-64,-44,-96,-68,-128,-76,-160,-96,-160,-108,-32,-20,-32,-32,-64,-60,-64,-84,-96,-92,-128,-96,-160,-124,-160,-148
1639,0x55694a34e18d,W,0x7ffe9f8af328,1,-20,-20,-52,-24,-84,-32,-84,-56,-116,-84,-116,-96,-148,-116,-180,-120,-12,-8,-12,-32,-44,-44,-76,-64,-108,-72,-108,-96,-140,-108,-140,-136
1642,0x55694a34e16d,W,0x7ffe9f8af320,1,-28,-8,-28,-32,-60,-40,-92,-60,-124,-72,-124,-96,-156,-124,-188,-128,-4,-4,-4,-32,-36,-36,-68,-56,-100,-68,-100,-96,-132,-120,-164,-128
1646,0x55694a34e175,W,0x7ffe9f8af31c,1,-32,-4,-32,-32,-64,-44,-96,-64,-128,-68,-128,-96,-160,-108,-160,-132,0,-20,-32,-28,-64,-32,-64,-60,-96,-84,-96,-96,-128,-116,-160,-124
1648,0x55694a34e178,R,0x7ffe9f8af31c,1,-32,0,-32,-12,-64,-36,-64,-64,-96,-68,-128,-76,-160,-100,-160,-128,0,-20,-32,-28,-64,-52,-64,-64,-96,-92,-128,-96,-160,-116,-160,-128
1651,0x55694a34e185,R,0x7ffe9f8af31c,1,0,0,-32,-4,-64,-32,-64,-44,-96,-68,-128,-76,-160,-96,-160,-108,-32,-20,-32,-32,-64,-60,-64,-84,-96,-92,-128,-96,-160,-124,-160,-148
1655,0x55694a34e18d,W,0x7ffe9f8af308,1,-20,-20,-52,-24,-84,-32,-84,-56,-116,-84,-116,-96,-148,-116,-180,-120,-12,-8,-12,-32,-44,-44,-76,-64,-108,-72,-108,-96,-140,-108,-140,-136
1658,0x55694a34e16d,W,0x7ffe9f8af300,1,-28,-8,-28,-32,-60,-40,-92,-60,-124,-72,-124,-96,-156,-124,-188,-128,-4,-4,-4,-32,-36,-36,-68,-56,-100,-68,-100,-96,-132,-120,-164,-128
1662,0x55694a34e175,W,0x7ffe9f8af2fc,1,-32,-4,-32,-32,-64,-44,-96,-64,-128,-68,-128,-96,-160,-108,-160,-132,0,-20,-32,-28,-64,-32,-64,-60,-96,-84,-96,-96,-128,-116,-160,-124
1664,0x55694a34e178,R,0x7ffe9f8af2fc,1,-32,0,-32,-12,-64,-36,-64,-64,-96,-68,-128,-76,-160,-100,-160,-128,0,-20,-32,-28,-64,-52,-64,-64,-96,-92,-128,-96,-160,-116,-160,-128
1667,0x55694a34e185,R,0x7ffe9f8af2fc,1,0,0,-32,-4,-64,-32,-64,-44,-96,-68,-128,-76,-160,-96,-160,-108,-32,-20,-32,-32,-64,-60,-64,-84,-96,-92,-128,-96,-160,-124,-160,-148
1671,0x55694a34e18d,W,0x7ffe9f8af2e8,1,-20,-20,-52,-24,-84,-32,-84,-56,-116,-84,-116,-96,-148,-116,-180,-120,-12,-8,-12,-32,-44,-44,-76,-64,-108,-72,-108,-96,-140,-108,-140,-136
1674,0x55694a34e16d,W,0x7ffe9f8af2e0,1,-28,-8,-28,-32,-60,-40,-92,-60,-124,-72,-124,-96,-156,-124,-188,-128,-4,-4,-4,-32,-36,-36,-68,-56,-100,-68,-100,-96,-132,-120,-164,-128
1678,0x55694a34e175,W,0x7ffe9f8af2dc,1,-32,-4,-32,-32,-64,-44,-96,-64,-128,-68,-128,-96,-160,-108,-160,-132,0,-20,-32,-28,-64,-32,-64,-60,-96,-84,-96,-96,-128,-116,-160,-124
1680,0x55694a34e178,R,0x7ffe9f8af2dc,1,-32,0,-32,-12,-64,-36,-64,-64,-96,-68,-128,-76,-160,-100,-160,-128,0,-20,-32,-28,-64,-52,-64,-64,-96,-92,-128,-96,-160,-116,-160,-128
1683,0x55694a34e185,R,0x7ffe9f8af2dc,1,0,0,-32,-4,-64,-32,-64,-44,-96,-68,-128,-76,-160,-96,-160,-108,-32,-20,-32,-32,-64,-60,-64,-84,-96,-92,-128,-96,-160,-124,-160,-148
1687,0x55694a34e18d,W,0x7ffe9f8af2c8,1,-20,-20,-52,-24,-84,-32,-84,-56,-116,-84,-116,-96,-148,-116,-180,-120,-12,-8,-12,-32,-44,-44,-76,-64,-108,-72,-108,-96,-140,-108,-140,-136
1690,0x55694a34e16d,W,0x7ffe9f8af2c0,1,-28,-8,-28,-32,-60,-40,-92,-60,-124,-72,-124,-96,-156,-124,-188,-128,-4,-4,-4,-32,-36,-36,-68,-56,-100,-68,-100,-96,-132,-120,-164,-128
1694,0x55694a34e175,W,0x7ffe9f8af2bc,1,-32,-4,-32,-32,-64,-44,-96,-64,-128,-68,-128,-96,-160,-108,-160,-132,0,-20,-32,-28,-64,-32,-64,-60,-96,-84,-96,-96,-128,-116,-160,-124
1696,0x55694a34e178,R,0x7ffe9f8af2bc,1,-32,0,-32,-12,-64,-36,-64,-64,-96,-68,-128,-76,-160,-100,-160,-128,0,-20,-32,-28,-64,-52,-64,-64,-96,-92,-128,-96,-160,-116,-160,-128
1699,0x55694a34e185,R,0x7ffe9f8af2bc,1,0,0,-32,-4,-64,-32,-64,-44,-96,-68,-128,-76,-160,-96,-160,-108,-32,-20,-32,-32,-64,-60,-64,-84,-96,-92,-128,-96,-160,-124,-160,-148
1703,0x55694a34e18d,W,0x7ffe9f8af2a8,1,-20,-20,-52,-24,-84,-32,-84,-56,-116,-84,-116,-96,-148,-116,-180,-120,-12,-8,-12,-32,-44,-44,-76,-64,-108,-72,-108,-96,-140,-108,-140,-136
1706,0x55694a34e16d,W,0x7ffe9f8af2a0,1,-28,-8,-28,-32,-60,-40,-92,-60,-124,-72,-124,-96,-156,-124,-188,-128,-4,-4,-4,-32,-36,-36,-68,-56,-100,-68,-100,-96,-132,-120,-164,-128
1710,0x55694a34e175,W,0x7ffe9f8af29c,1,-32,-4,-32,-32,-64,-44,-96,-64,-128,-68,-128,-96,-160,-108,-160,-132,0,-20,-32,-28,-64,-32,-64,-60,-96,-84,-96,-96,-128,-116,-160,-124
1712,0x55694a34e178,R,0x7ffe9f8af29c,1,-32,0,-32,-12,-64,-36,-64,-64,-96,-68,-128,-76,-160,-100,-160,-128,0,-20,-32,-28,-64,-52,-64,-64,-96,-92,-128,-96,-160,-116,-160,-128
1715,0x55694a34e185,R,0x7ffe9f8af29c,1,0,0,-32,-4,-64,-32,-64,-44,-96,-68,-128,-76,-160,-96,-160,-108,-32,-20,-32,-32,-64,-60,-64,-84,-96,-92,-128,-96,-160,-124,-160,-148
1719,0x55694a34e18d,W,0x7ffe9f8af288,1,-20,-20,-52,-24,-84,-32,-84,-56,-116,-84,-116,-96,-148,-116,-180,-120,-12,-8,-12,-32,-44,-44,-76,-64,-108,-72,-108,-96,-140,-108,-140,-136
1722,0x55694a34e16d,W,0x7ffe9f8af280,1,-28,-8,-28,-32,-60,-40,-92,-60,-124,-72,-124,-96,-156,-124,-188,-128,-4,-4,-4,-32,-36,-36,-68,-56,-100,-68,-100,-96,-132,-120,-164,-128
1726,0x55694a34e175,W,0x7ffe9f8af27c,1,-32,-4,-32,-32,-64,-44,-96,-64,-128,-68,-128,-96,-160,-108,-160,-132,0,-20,-32,-28,-64,-32,-64,-60,-96,-84,-96,-96,-128,-116,-160,-124
1728,0x55694a34e178,R,0x7ffe9f8af27c,1,-32,0,-32,-12,-64,-36,-64,-64,-96,-68,-128,-76,-160,-100,-160,-128,0,-20,-32,-28,-64,-52,-64,-64,-96,-92,-128,-96,-160,-116,-160,-128
1731,0x55694a34e185,R,0x7ffe9f8af27c,1,0,0,-32,-4,-64,-32,-64,-44,-96,-68,-128,-76,-160,-96,-160,-108,-32,-20,-32,-32,-64,-60,-64,-84,-96,-92,-128,-96,-160,-124,-160,-148
1735,0x55694a34e18d,W,0x7ffe9f8af268,1,-20,-20,-52,-24,-84,-32,-84,-56,-116,-84,-116,-96,-148,-116,-180,-120,-12,-8,-12,-32,-44,-44,-76,-64,-108,-72,-108,-96,-140,-108,-140,-136
1738,0x55694a34e16d,W,0x7ffe9f8af260,1,-28,-8,-28,-32,-60,-40,-92,-60,-124,-72,-124,-96,-156,-124,-188,-128,-4,-4,-4,-32,-36,-36,-68,-56,-100,-68,-100,-96,-132,-120,-164,-128
1742,0x55694a34e175,W,0x7ffe9f8af25c,1,-32,-4,-32,-32,-64,-44,-96,-64,-128,-68,-128,-96,-160,-108,-160,-132,0,-20,-32,-28,-64,-32,-64,-60,-96,-84,-96,-96,-128,-116,-160,-124
1744,0x55694a34e178,R,0x7ffe9f8af25c,1,-32,0,-32,-12,-64,-36,-64,-64,-96,-68,-128,-76,-160,-100,-160,-128,0,-20,-32,-28,-64,-52,-64,-64,-96,-92,-128,-96,-160,-116,-160,-128
1747,0x55694a34e185,R,0x7ffe9f8af25c,1,0,0,-32,-4,-64,-32,-64,-44,-96,-68,-128,-76,-160,-96,-160,-108,-32,-20,-32,-32,-64,-60,-64,-84,-96,-92,-128,-96,-160,-124,-160,-148
1751,0x55694a34e18d,W,0x7ffe9f8af248,1,-20,-20,-52,-24,-84,-32,-84,-56,-116,-84,-116,-96,-148,-116,-180,-120,-12,-8,-12,-32,-44,-44,-76,-64,-108,-72,-108,-96,-140,-108,-140,-136
1754,0x55694a34e16d,W,0x7ffe9f8af240,1,-28,-8,-28,-32,-60,-40,-92,-60,-124,-72,-124,-96,-156,-124,-188,-128,-4,-4,-4,-32,-36,-36,-68,-56,-100,-68,-100,-96,-132,-120,-164,-128
1758,0x55694a34e175,W,0x7ffe9f8af23c,1,-32,-4,-32,-32,-64,-44,-96,-64,-128,-68,-128,-96,-160,-108,-160,-132,0,-20,-32,-28,-64,-32,-64,-60,-96,-84,-96,-96,-128,-116,-160,-124
1760,0x55694a34e178,R,0x7ffe9f8af23c,1,-32,0,-32,-12,-64,-36,-64,-64,-96,-68,-128,-76,-160,-100,-160,-128,0,-20,-32,-28,-64,-52,-64,-64,-96,-92,-128,-96,-160,-116,-160,-128
1763,0x55694a34e185,R,0x7ffe9f8af23c,1,0,0,-32,-4,-64,-32,-64,-44,-96,-68,-128,-76,-160,-96,-160,-108,-32,-20,-32,-32,-64,-60,-64,-84,-96,-92,-128,-96,-160,-124,-160,-148
1767,0x55694a34e18d,W,0x7ffe9f8af228,1,-20,-20,-52,-24,-84,-32,-84,-56,-116,-84,-116,-96,-148,-116,-180,-120,-12,-8,-12,-32,-44,-44,-76,-64,-108,-72,-108,-96,-140,-108,-140,-136
1770,0x55694a34e16d,W,0x7ffe9f8af220,1,-28,-8,-28,-32,-60,-40,-92,-60,-124,-72,-124,-96,-156,-124,-188,-128,-4,-4,-4,-32,-36,-36,-68,-56,-100,-68,-100,-96,-132,-120,-164,-128
1774,0x55694a34e175,W,0x7ffe9f8af21c,1,-32,-4,-32,-32,-64,-44,-96,-64,-128,-68,-128,-96,-160,-108,-160,-132,0,-20,-32,-28,-64,-32,-64,-60,-96,-84,-96,-96,-128,-116,-160,-124
1776,0x55694a34e178,R,0x7ffe9f8af21c,1,-32,0,-32,-12,-64,-36,-64,-64,-96,-68,-128,-76,-160,-100,-160,-128,0,-20,-32,-28,-64,-52,-64,-64,-96,-92,-128,-96,-160,-116,-160,-128
1779,0x55694a34e185,R,0x7ffe9f8af21c,1,0,0,-32,-4,-64,-32,-64,-44,-96,-68,-128,-76,-160,-96,-160,-108,-32,-20,-32,-32,-64,-60,-64,-84,-96,-92,-128,-96,-160,-124,-160,-148
1783,0x55694a34e18d,W,0x7ffe9f8af208,1,-20,-20,-52,-24,-84,-32,-84,-56,-116,-84,-116,-96,-148,-116,-180,-120,-12,-8,-12,-32,-44,-44,-76,-64,-108,-72,-108,-96,-140,-108,-140,-136
1786,0x55694a34e16d,W,0x7ffe9f8af200,1,-28,-8,-28,-32,-60,-40,-92,-60,-124,-72,-124,-96,-156,-124,-188,-128,-4,-4,-4,-32,-36,-36,-68,-56,-100,-68,-100,-96,-132,-120,-164,-128
1790,0x55694a34e175,W,0x7ffe9f8af1fc,1,-32,-4,-32,-32,-64,-44,-96,-64,-128,-68,-128,-96,-160,-108,-160,-132,0,-20,-32,-28,-64,-32,-64,-60,-96,-84,-96,-96,-128,-116,-160,-124
1792,0x55694a34e178,R,0x7ffe9f8af1fc,1,-32,0,-32,-12,-64,-36,-64,-64,-96,-68,-128,-76,-160,-100,-160,-128,0,-20,-32,-28,-64,-52,-64,-64,-96,-92,-128,-96,-160,-116,-160,-128
1795,0x55694a34e185,R,0x7ffe9f8af1fc,1,0,0,-32,-4,-64,-32,-64,-44,-96,-68,-128,-76,-160,-96,-160,-108,-32,-20,-32,-32,-64,-60,-64,-84,-96,-92,-128,-96,-160,-124,-160,-148
1799,0x55694a34e18d,W,0x7ffe9f8af1e8,1,-20,-20,-52,-24,-84,-32,-84,-56,-116,-84,-116,-96,-148,-116,-180,-120,-12,-8,-12,-32,-44,-44,-76,-64,-108,-72,-108,-96,-140,-108,-140,-136
1802,0x55694a34e16d,W,0x7ffe9f8af1e0,1,-28,-8,-28,-32,-60,-40,-92,-60,-124,-72,-124,-96,-156,-124,-188,-128,-4,-4,-4,-32,-36,-36,-68,-56,-100,-68,-100,-96,-132,-120,-164,-128
1806,0x55694a34e175,W,0x7ffe9f8af1dc,1,-32,-4,-32,-32,-64,-44,-96,-64,-128,-68,-128,-96,-160,-108,-160,-132,0,-20,-32,-28,-64,-32,-64,-60,-96,-84,-96,-96,-128,-116,-160,-124
1808,0x55694a34e178,R,0x7ffe9f8af1dc,1,-32,0,-32,-12,-64,-36,-64,-64,-96,-68,-128,-76,-160,-100,-160,-128,0,-20,-32,-28,-64,-52,-64,-64,-96,-92,-128,-96,-160,-116,-160,-128
1811,0x55694a34e185,R,0x7ffe9f8af1dc,1,0,0,-32,-4,-64,-32,-64,-44,-96,-68,-128,-76,-160,-96,-160,-108,-32,-20,-32,-32,-64,-60,-64,-84,-96,-92,-128,-96,-160,-124,-160,-148
1815,0x55694a34e18d,W,0x7ffe9f8af1c8,1,-20,-20,-52,-24,-84,-32,-84,-56,-116,-84,-116,-96,-148,-116,-180,-120,-12,-8,-12,-32,-44,-44,-76,-64,-108,-72,-108,-96,-140,-108,-140,-136
1818,0x55694a34e16d,W,0x7ffe9f8af1c0,1,-28,-8,-28,-32,-60,-40,-92,-60,-124,-72,-124,-96,-156,-124,-188,-128,-4,-4,-4,-32,-36,-36,-68,-56,-100,-68,-100,-96,-132,-120,-164,-128
1822,0x55694a34e175,W,0x7ffe9f8af1bc,1,-32,-4,-32,-32,-64,-44,-96,-64,-128,-68,-128,-96,-160,-108,-160,-132,0,-20,-32,-28,-64,-32,-64,-60,-96,-84,-96,-96,-128,-116,-160,-124
1824,0x55694a34e178,R,0x7ffe9f8af1bc,1,-32,0,-32,-12,-64,-36,-64,-64,-96,-68,-128,-76,-160,-100,-160,-128,0,-20,-32,-28,-64,-52,-64,-64,-96,-92,-128,-96,-160,-116,-160,-128
1827,0x55694a34e185,R,0x7ffe9f8af1bc,1,0,0,-32,-4,-64,-32,-64,-44,-96,-68,-128,-76,-160,-96,-160,-108,-32,-20,-32,-32,-64,-60,-64,-84,-96,-92,-128,-96,-160,-124,-160,-148
1831,0x55694a34e18d,W,0x7ffe9f8af1a8,1,-20,-20,-52,-24,-84,-32,-84,-56,-116,-84,-116,-96,-148,-116,-180,-120,-12,-8,-12,-32,-44,-44,-76,-64,-108,-72,-108,-96,-140,-108,-140,-136
1834,0x55694a34e16d,W,0x7ffe9f8af1a0,1,-28,-8,-28,-32,-60,-40,-92,-60,-124,-72,-124,-96,-156,-124,-188,-128,-4,-4,-4,-32,-36,-36,-68,-56,-100,-68,-100,-96,-132,-120,-164,-128
1838,0x55694a34e175,W,0x7ffe9f8af19c,1,-32,-4,-32,-32,-64,-44,-96,-64,-128,-68,-128,-96,-160,-108,-160,-132,0,-20,-32,-28,-64,-32,-64,-60,-96,-84,-96,-96,-128,-116,-160,-124
1840,0x55694a34e178,R,0x7ffe9f8af19c,1,-32,0,-32,-12,-64,-36,-64,-64,-96,-68,-128,-76,-160,-100,-160,-128,0,-20,-32,-28,-64,-52,-64,-64,-96,-92,-128,-96,-160,-116,-160,-128
1843,0x55694a34e185,R,0x7ffe9f8af19c,1,0,0,-32,-4,-64,-32,-64,-44,-96,-68,-128,-76,-160,-96,-160,-108,-32,-20,-32,-32,-64,-60,-64,-84,-96,-92,-128,-96,-160,-124,-160,-148
1847,0x55694a34e18d,W,0x7ffe9f8af188,1,-20,-20,-52,-24,-84,-32,-84,-56,-116,-84,-116,-96,-148,-116,-180,-120,-12,-8,-12,-32,-44,-44,-76,-64,-108,-72,-108,-96,-140,-108,-140,-136
1850,0x55694a34e16d,W,0x7ffe9f8af180,1,-28,-8,-28,-32,-60,-40,-92,-60,-124,-72,-124,-96,-156,-124,-188,-128,-4,-4,-4,-32,-36,-36,-68,-56,-100,-68,-100,-96,-132,-120,-164,-128
1854,0x55694a34e175,W,0x7ffe9f8af17c,1,-32,-4,-32,-32,-64,-44,-96,-64,-128,-68,-128,-96,-160,-108,-160,-132,0,-20,-32,-28,-64,-32,-64,-60,-96,-84,-96,-96,-128,-116,-160,-124
1856,0x55694a34e178,R,0x7ffe9f8af17c,1,-32,0,-32,-12,-64,-36,-64,-64,-96,-68,-128,-76,-160,-100,-160,-128,0,-20,-32,-28,-64,-52,-64,-64,-96,-92,-128,-96,-160,-116,-160,-128
1859,0x55694a34e185,R,0x7ffe9f8af17c,1,0,0,-32,-4,-64,-32,-64,-44,-96,-68,-128,-76,-160,-96,-160,-108,-32,-20,-32,-32,-64,-60,-64,-84,-96,-92,-128,-96,-160,-124,-160,-148
1863,0x55694a34e18d,W,0x7ffe9f8af168,1,-20,-20,-52,-24,-84,-32,-84,-56,-116,-84,-116,-96,-148,-116,-180,-120,-12,-8,-12,-32,-44,-44,-76,-64,-108,-72,-108,-96,-140,-108,-140,-136
1866,0x55694a34e16d,W,0x7ffe9f8af160,1,-28,-8,-28,-32,-60,-40,-92,-60,-124,-72,-124,-96,-156,-124,-188,-128,-4,-4,-4,-32,-36,-36,-68,-56,-100,-68,-100,-96,-132,-120,-164,-128
1870,0x55694a34e175,W,0x7ffe9f8af15c,1,-32,-4,-32,-32,-64,-44,-96,-64,-128,-68,-128,-96,-160,-108,-160,-132,0,-20,-32,-28,-64,-32,-64,-60,-96,-84,-96,-96,-128,-116,-160,-124
1872,0x55694a34e178,R,0x7ffe9f8af15c,1,-32,0,-32,-12,-64,-36,-64,-64,-96,-68,-128,-76,-160,-100,-160,-128,0,-20,-32,-28,-64,-52,-64,-64,-96,-92,-128,-96,-160,-116,-160,-128
1875,0x55694a34e185,R,0x7ffe9f8af15c,1,0,0,-32,-4,-64,-32,-64,-44,-96,-68,-128,-76,-160,-96,-160,-108,-32,-20,-32,-32,-64,-60,-64,-84,-96,-92,-128,-96,-160,-124,-160,-148
1879,0x55694a34e18d,W,0x7ffe9f8af148,1,-20,-20,-52,-24,-84,-32,-84,-56,-116,-84,-116,-96,-148,-116,-180,-120,-12,-8,-12,-32,-44,-44,-76,-64,-108,-72,-108,-96,-140,-108,-140,-136
1882,0x55694a34e16d,W,0x7ffe9f8af140,1,-28,-8,-28,-32,-60,-40,-92,-60,-124,-72,-124,-96,-156,-124,-188,-128,-4,-4,-4,-32,-36,-36,-68,-56,-100,-68,-100,-96,-132,-120,-164,-128
1886,0x55694a34e175,W,0x7ffe9f8af13c,1,-32,-4,-32,-32,-64,-44,-96,-64,-128,-68,-128,-96,-160,-108,-160,-132,0,-20,-32,-28,-64,-32,-64,-60,-96,-84,-96,-96,-128,-116,-160,-124
1888,0x55694a34e178,R,0x7ffe9f8af13c,1,-32,0,-32,-12,-64,-36,-64,-64,-96,-68,-128,-76,-160,-100,-160,-128,0,-20,-32,-28,-64,-52,-64,-64,-96,-92,-128,-96,-160,-116,-160,-128
1891,0x55694a34e185,R,0x7ffe9f8af13c,1,0,0,-32,-4,-64,-32,-64,-44,-96,-68,-128,-76,-160,-96,-160,-108,-32,-20,-32,-32,-64,-60,-64,-84,-96,-92,-128,-96,-160,-124,-160,-148
1895,0x55694a34e18d,W,0x7ffe9f8af128,1,-20,-20,-52,-24,-84,-32,-84,-56,-116,-84,-116,-96,-148,-116,-180,-120,-12,-8,-12,-32,-44,-44,-76,-64,-108,-72,-108,-96,-140,-108,-140,-136
1898,0x55694a34e16d,W,0x7ffe9f8af120,1,-28,-8,-28,-32,-60,-40,-92,-60,-124,-72,-124,-96,-156,-124,-188,-128,-4,-4,-4,-32,-36,-36,-68,-56,-100,-68,-100,-96,-132,-120,-164,-128
1902,0x55694a34e175,W,0x7ffe9f8af11c,1,-32,-4,-32,-32,-64,-44,-96,-64,-128,-68,-128,-96,-160,-108,-160,-132,0,-20,-32,-28,-64,-32,-64,-60,-96,-84,-96,-96,-128,-116,-160,-124
1904,0x55694a34e178,R,0x7ffe9f8af11c,1,-32,0,-32,-12,-64,-36,-64,-64,-96,-68,-128,-76,-160,-100,-160,-128,0,-20,-32,-28,-64,-52,-64,-64,-96,-92,-128,-96,-160,-116,-160,-128
1907,0x55694a34e185,R,0x7ffe9f8af11c,1,0,0,-32,-4,-64,-32,-64,-44,-96,-68,-128,-76,-160,-96,-160,-108,-32,-20,-32,-32,-64,-60,-64,-84,-96,-92,-128,-96,-160,-124,-160,-148
1911,0x55694a34e18d,W,0x7ffe9f8af108,1,-20,-20,-52,-24,-84,-32,-84,-56,-116,-84,-116,-96,-148,-116,-180,-120,-12,-8,-12,-32,-44,-44,-76,-64,-108,-72,-108,-96,-140,-108,-140,-136
1914,0x55694a34e16d,W,0x7ffe9f8af100,1,-28,-8,-28,-32,-60,-40,-92,-60,-124,-72,-124,-96,-156,-124,-188,-128,-4,-4,-4,-32,-36,-36,-68,-56,-100,-68,-100,-96,-132,-120,-164,-128
1918,0x55694a34e175,W,0x7ffe9f8af0fc,1,-32,-4,-32,-32,-64,-44,-96,-64,-128,-68,-128,-96,-160,-108,-160,-132,0,-20,-32,-28,-64,-32,-64,-60,-96,-84,-96,-96,-128,-116,-160,-124
1920,0x55694a34e178,R,0x7ffe9f8af0fc,1,-32,0,-32,-12,-64,-36,-64,-64,-96,-68,-128,-76,-160,-100,-160,-128,0,-20,-32,-28,-64,-52,-64,-64,-96,-92,-128,-96,-160,-116,-160,-128
1923,0x55694a34e185,R,0x7ffe9f8af0fc,1,0,0,-32,-4,-64,-32,-64,-44,-96,-68,-128,-76,-160,-96,-160,-108,-32,-20,-32,-32,-64,-60,-64,-84,-96,-92,-128,-96,-160,-124,-160,-148
1927,0x55694a34e18d,W,0x7ffe9f8af0e8,1,-20,-20,-52,-24,-84,-32,-84,-56,-116,-84,-116,-96,-148,-116,-180,-120,-12,-8,-12,-32,-44,-44,-76,-64,-108,-72,-108,-96,-140,-108,-140,-136
1930,0x55694a34e16d,W,0x7ffe9f8af0e0,1,-28,-8,-28,-32,-60,-40,-92,-60,-124,-72,-124,-96,-156,-124,-188,-128,-4,-4,-4,-32,-36,-36,-68,-56,-100,-68,-100,-96,-132,-120,-164,-128
1934,0x55694a34e175,W,0x7ffe9f8af0dc,1,-32,-4,-32,-32,-64,-44,-96,-64,-128,-68,-128,-96,-160,-108,-160,-132,0,-20,-32,-28,-64,-32,-64,-60,-96,-84,-96,-96,-128,-116,-160,-124
1936,0x55694a34e178,R,0x7ffe9f8af0dc,1,-32,0,-32,-12,-64,-36,-64,-64,-96,-68,-128,-76,-160,-100,-160,-128,0,-20,-32,-28,-64,-52,-64,-64,-96,-92,-128,-96,-160,-116,-160,-128
1939,0x55694a34e185,R,0x7ffe9f8af0dc,1,0,0,-32,-4,-64,-32,-64,-44,-96,-68,-128,-76,-160,-96,-160,-108,-32,-20,-32,-32,-64,-60,-64,-84,-96,-92,-128,-96,-160,-124,-160,-148
1943,0x55694a34e18d,W,0x7ffe9f8af0c8,1,-20,-20,-52,-24,-84,-32,-84,-56,-116,-84,-116,-96,-148,-116,-180,-120,-12,-8,-12,-32,-44,-44,-76,-64,-108,-72,-108,-96,-140,-108,-140,-136
1946,0x55694a34e16d,W,0x7ffe9f8af0c0,1,-28,-8,-28,-32,-60,-40,-92,-60,-124,-72,-124,-96,-156,-124,-188,-128,-4,-4,-4,-32,-36,-36,-68,-56,-100,-68,-100,-96,-132,-120,-164,-128
1950,0x55694a34e175,W,0x7ffe9f8af0bc,1,-32,-4,-32,-32,-64,-44,-96,-64,-128,-68,-128,-96,-160,-108,-160,-132,0,-20,-32,-28,-64,-32,-64,-60,-96,-84,-96,-96,-128,-116,-160,-124
1952,0x55694a34e178,R,0x7ffe9f8af0bc,1,-32,0,-32,-12,-64,-36,-64,-64,-96,-68,-128,-76,-160,-100,-160,-128,0,-20,-32,-28,-64,-52,-64,-64,-96,-92,-128,-96,-160,-116,-160,-128
1955,0x55694a34e185,R,0x7ffe9f8af0bc,1,0,0,-32,-4,-64,-32,-64,-44,-96,-68,-128,-76,-160,-96,-160,-108,-32,-20,-32,-32,-64,-60,-64,-84,-96,-92,-128,-96,-160,-124,-160,-148
1959,0x55694a34e18d,W,0x7ffe9f8af0a8,1,-20,-20,-52,-24,-84,-32,-84,-56,-116,-84,-116,-96,-148,-116,-180,-120,-12,-8,-12,-32,-44,-44,-76,-64,-108,-72,-108,-96,-140,-108,-140,-136
1962,0x55694a34e16d,W,0x7ffe9f8af0a0,1,-28,-8,-28,-32,-60,-40,-92,-60,-124,-72,-124,-96,-156,-124,-188,-128,-4,-4,-4,-32,-36,-36,-68,-56,-100,-68,-100,-96,-132,-120,-164,-128
1966,0x55694a34e175,W,0x7ffe9f8af09c,1,-32,-4,-32,-32,-64,-44,-96,-64,-128,-68,-128,-96,-160,-108,-160,-132,0,-20,-32,-28,-64,-32,-64,-60,-96,-84,-96,-96,-128,-116,-160,-124
1968,0x55694a34e178,R,0x7ffe9f8af09c,1,-32,0,-32,-12,-64,-36,-64,-64,-96,-68,-128,-76,-160,-100,-160,-128,0,-20,-32,-28,-64,-52,-64,-64,-96,-92,-128,-96,-160,-116,-160,-128
1971,0x55694a34e185,R,0x7ffe9f8af09c,1,0,0,-32,-4,-64,-32,-64,-44,-96,-68,-128,-76,-160,-96,-160,-108,-32,-20,-32,-32,-64,-60,-64,-84,-96,-92,-128,-96,-160,-124,-160,-148
1975,0x55694a34e18d,W,0x7ffe9f8af088,1,-20,-20,-52,-24,-84,-32,-84,-56,-116,-84,-116,-96,-148,-116,-180,-120,-12,-8,-12,-32,-44,-44,-76,-64,-108,-72,-108,-96,-140,-108,-140,-136
1978,0x55694a34e16d,W,0x7ffe9f8af080,1,-28,-8,-28,-32,-60,-40,-92,-60,-124,-72,-124,-96,-156,-124,-188,-128,-4,-4,-4,-32,-36,-36,-68,-56,-100,-68,-100,-96,-132,-120,-164,-128
1982,0x55694a34e175,W,0x7ffe9f8af07c,1,-32,-4,-32,-32,-64,-44,-96,-64,-128,-68,-128,-96,-160,-108,-160,-132,0,-20,-32,-28,-64,-32,-64,-60,-96,-84,-96,-96,-128,-116,-160,-124
1984,0x55694a34e178,R,0x7ffe9f8af07c,1,-32,0,-32,-12,-64,-36,-64,-64,-96,-68,-128,-76,-160,-100,-160,-128,0,-20,-32,-28,-64,-52,-64,-64,-96,-92,-128,-96,-160,-116,-160,-128
1987,0x55694a34e185,R,0x7ffe9f8af07c,1,0,0,-32,-4,-64,-32,-64,-44,-96,-68,-128,-76,-160,-96,-160,-108,-32,-20,-32,-32,-64,-60,-64,-84,-96,-92,-128,-96,-160,-124,-160,-148
1991,0x55694a34e18d,W,0x7ffe9f8af068,1,-20,-20,-52,-24,-84,-32,-84,-56,-116,-84,-116,-96,-148,-116,-180,-120,-12,-8,-12,-32,-44,-44,-76,-64,-108,-72,-108,-96,-140,-108,-140,-136
1994,0x55694a34e16d,W,0x7ffe9f8af060,1,-28,-8,-28,-32,-60,-40,-92,-60,-124,-72,-124,-96,-156,-124,-188,-128,-4,-4,-4,-32,-36,-36,-68,-56,-100,-68,-100,-96,-132,-120,-164,-128
1998,0x55694a34e175,W,0x7ffe9f8af05c,1,-32,-4,-32,-32,-64,-44,-96,-64,-128,-68,-128,-96,-160,-108,-160,-132,0,-20,-32,-28,-64,-32,-64,-60,-96,-84,-96,-96,-128,-116,-160,-124
2000,0x55694a34e178,R,0x7ffe9f8af05c,1,-32,0,-32,-12,-64,-36,-64,-64,-96,-68,-128,-76,-160,-100,-160,-128,0,-20,-32,-28,-64,-52,-64,-64,-96,-92,-128,-96,-160,-116,-160,-128
2003,0x55694a34e185,R,0x7ffe9f8af05c,1,0,0,-32,-4,-64,-32,-64,-44,-96,-68,-128,-76,-160,-96,-160,-108,-32,-20,-32,-32,-64,-60,-64,-84,-96,-92,-128,-96,-160,-124,-160,-148
2007,0x55694a34e18d,W,0x7ffe9f8af048,1,-20,-20,-52,-24,-84,-32,-84,-56,-116,-84,-116,-96,-148,-116,-180,-120,-12,-8,-12,-32,-44,-44,-76,-64,-108,-72,-108,-96,-140,-108,-140,-136
2010,0x55694a34e16d,W,0x7ffe9f8af040,1,-28,-8,-28,-32,-60,-40,-92,-60,-124,-72,-124,-96,-156,-124,-188,-128,-4,-4,-4,-32,-36,-36,-68,-56,-100,-68,-100,-96,-132,-120,-164,-128
2014,0x55694a34e175,W,0x7ffe9f8af03c,1,-32,-4,-32,-32,-64,-44,-96,-64,-128,-68,-128,-96,-160,-108,-160,-132,0,-20,-32,-28,-64,-32,-64,-60,-96,-84,-96,-96,-128,-116,-160,-124
2016,0x55694a34e178,R,0x7ffe9f8af03c,1,-32,0,-32,-12,-64,-36,-64,-64,-96,-68,-128,-76,-160,-100,-160,-128,0,-20,-32,-28,-64,-52,-64,-64,-96,-92,-128,-96,-160,-116,-160,-128
2019,0x55694a34e185,R,0x7ffe9f8af03c,1,0,0,-32,-4,-64,-32,-64,-44,-96,-68,-128,-76,-160,-96,-160,-108,-32,-20,-32,-32,-64,-60,-64,-84,-96,-92,-128,-96,-160,-124,-160,-148
2023,0x55694a34e18d,W,0x7ffe9f8af028,1,-20,-20,-52,-24,-84,-32,-84,-56,-116,-84,-116,-96,-148,-116,-180,-120,-12,-8,-12,-32,-44,-44,-76,-64,-108,-72,-108,-96,-140,-108,-140,-136
2026,0x55694a34e16d,W,0x7ffe9f8af020,1,-28,-8,-28,-32,-60,-40,-92,-60,-124,-72,-124,-96,-156,-124,-188,-128,-4,-4,-4,-32,-36,-36,-68,-56,-100,-68,-100,-96,-132,-120,-164,-128
2030,0x55694a34e175,W,0x7ffe9f8af01c,1,-32,-4,-32,-32,-64,-44,-96,-64,-128,-68,-128,-96,-160,-108,-160,-132,0,-20,-32,-28,-64,-32,-64,-60,-96,-84,-96,-96,-128,-116,-160,-124
2032,0x55694a34e178,R,0x7ffe9f8af01c,1,-32,0,-32,-12,-64,-36,-64,-64,-96,-68,-128,-76,-160,-100,-160,-128,0,-20,-32,-28,-64,-52,-64,-64,-96,-92,-128,-96,-160,-116,-160,-128
2035,0x55694a34e185,R,0x7ffe9f8af01c,1,0,0,-32,-4,-64,-32,-64,-44,-96,-68,-128,-76,-160,-96,-160,-108,-32,-20,-32,-32,-64,-60,-64,-84,-96,-92,-128,-96,-160,-124,-160,-148
2039,0x55694a34e18d,W,0x7ffe9f8af008,1,-20,-20,-52,-24,-84,-32,-84,-56,-116,-84,-116,-96,-148,-116,-180,-120,-12,-8,-12,-32,-44,-44,-76,-64,-108,-72,-108,-96,-140,-108,-140,-136
2042,0x55694a34e16d,W,0x7ffe9f8af000,1,-28,-8,-28,-32,-60,-40,-92,-60,-124,-72,-124,-96,-156,-124,-188,-128,-4,-4,-4,-32,-36,-36,-68,-56,-100,-68,-100,-96,-132,-120,-164,-128
2046,0x55694a34e175,W,0x7ffe9f8aeffc,1,-32,-4,-32,-32,-64,-44,-96,-64,-128,-68,-128,-96,-160,-108,-160,-132,0,-20,-32,-28,-64,-32,-64,-60,-96,-84,-96,-96,-128,-116,-160,-124
2048,0x55694a34e178,R,0x7ffe9f8aeffc,1,-32,0,-32,-12,-64,-36,-64,-64,-96,-68,-128,-76,-160,-100,-160,-128,0,-20,-32,-28,-64,-52,-64,-64,-96,-92,-128,-96,-160,-116,-160,-128
2051,0x55694a34e185,R,0x7ffe9f8aeffc,1,0,0,-32,-4,-64,-32,-64,-44,-96,-68,-128,-76,-160,-96,-160,-108,-32,-20,-32,-32,-64,-60,-64,-84,-96,-92,-128,-96,-160,-124,-160,-148
2055,0x55694a34e18d,W,0x7ffe9f8aefe8,1,-20,-20,-52,-24,-84,-32,-84,-56,-116,-84,-116,-96,-148,-116,-180,-120,-12,-8,-12,-32,-44,-44,-76,-64,-108,-72,-108,-96,-140,-108,-140,-136
2058,0x55694a34e16d,W,0x7ffe9f8aefe0,1,-28,-8,-28,-32,-60,-40,-92,-60,-124,-72,-124,-96,-156,-124,-188,-128,-4,-4,-4,-32,-36,-36,-68,-56,-100,-68,-100,-96,-132,-120,-164,-128
2062,0x55694a34e175,W,0x7ffe9f8aefdc,1,-32,-4,-32,-32,-64,-44,-96,-64,-128,-68,-128,-96,-160,-108,-160,-132,0,-20,-32,-28,-64,-32,-64,-60,-96,-84,-96,-96,-128,-116,-160,-124
2064,0x55694a34e178,R,0x7ffe9f8aefdc,1,-32,0,-32,-12,-64,-36,-64,-64,-96,-68,-128,-76,-160,-100,-160,-128,0,-20,-32,-28,-64,-52,-64,-64,-96,-92,-128,-96,-160,-116,-160,-128
2067,0x55694a34e185,R,0x7ffe9f8aefdc,1,0,0,-32,-4,-64,-32,-64,-44,-96,-68,-128,-76,-160,-96,-160,-108,-32,-20,-32,-32,-64,-60,-64,-84,-96,-92,-128,-96,-160,-124,-160,-148
2071,0x55694a34e18d,W,0x7ffe9f8aefc8,1,-20,-20,-52,-24,-84,-32,-84,-56,-116,-84,-116,-96,-148,-116,-180,-120,-12,-8,-12,-32,-44,-44,-76,-64,-108,-72,-108,-96,-140,-108,-140,-136
2074,0x55694a34e16d,W,0x7ffe9f8aefc0,1,-28,-8,-28,-32,-60,-40,-92,-60,-124,-72,-124,-96,-156,-124,-188,-128,-4,-4,-4,-32,-36,-36,-68,-56,-100,-68,-100,-96,-132,-120,-164,-128
2078,0x55694a34e175,W,0x7ffe9f8aefbc,1,-32,-4,-32,-32,-64,-44,-96,-64,-128,-68,-128,-96,-160,-108,-160,-132,0,-20,-32,-28,-64,-32,-64,-60,-96,-84,-96,-96,-128,-116,-160,-124
2080,0x55694a34e178,R,0x7ffe9f8aefbc,1,-32,0,-32,-12,-64,-36,-64,-64,-96,-68,-128,-76,-160,-100,-160,-128,0,-20,-32,-28,-64,-52,-64,-64,-96,-92,-128,-96,-160,-116,-160,-128
2083,0x55694a34e185,R,0x7ffe9f8aefbc,1,0,0,-32,-4,-64,-32,-64,-44,-96,-68,-128,-76,-160,-96,-160,-108,-32,-20,-32,-32,-64,-60,-64,-84,-96,-92,-128,-96,-160,-124,-160,-148
2087,0x55694a34e18d,W,0x7ffe9f8aefa8,1,-20,-20,-52,-24,-84,-32,-84,-56,-116,-84,-116,-96,-148,-116,-180,-120,-12,-8,-12,-32,-44,-44,-76,-64,-108,-72,-108,-96,-140,-108,-140,-136
2090,0x55694a34e16d,W,0x7ffe9f8aefa0,1,-28,-8,-28,-32,-60,-40,-92,-60,-124,-72,-124,-96,-156,-124,-188,-128,-4,-4,-4,-32,-36,-36,-68,-56,-100,-68,-100,-96,-132,-120,-164,-128
2094,0x55694a34e175,W,0x7ffe9f8aef9c,1,-32,-4,-32,-32,-64,-44,-96,-64,-128,-68,-128,-96,-160,-108,-160,-132,0,-20,-32,-28,-64,-32,-64,-60,-96,-84,-96,-96,-128,-116,-160,-124
2096,0x55694a34e178,R,0x7ffe9f8aef9c,1,-32,0,-32,-12,-64,-36,-64,-64,-96,-68,-128,-76,-160,-100,-160,-128,0,-20,-32,-28,-64,-52,-64,-64,-96,-92,-128,-96,-160,-116,-160,-128
2099,0x55694a34e185,R,0x7ffe9f8aef9c,1,0,0,-32,-4,-64,-32,-64,-44,-96,-68,-128,-76,-160,-96,-160,-108,-32,-20,-32,-32,-64,-60,-64,-84,-96,-92,-128,-96,-160,-124,-160,-148
2103,0x55694a34e18d,W,0x7ffe9f8aef88,1,-20,-20,-52,-24,-84,-32,-84,-56,-116,-84,-116,-96,-148,-116,-180,-120,-12,-8,-12,-32,-44,-44,-76,-64,-108,-72,-108,-96,-140,-108,-140,-136
2106,0x55694a34e16d,W,0x7ffe9f8aef80,1,-28,-8,-28,-32,-60,-40,-92,-60,-124,-72,-124,-96,-156,-124,-188,-128,-4,-4,-4,-32,-36,-36,-68,-56,-100,-68,-100,-96,-132,-120,-164,-128
2110,0x55694a34e175,W,0x7ffe9f8aef7c,1,-32,-4,-32,-32,-64,-44,-96,-64,-128,-68,-128,-96,-160,-108,-160,-132,0,-20,-32,-28,-64,-32,-64,-60,-96,-84,-96,-96,-128,-116,-160,-124
2112,0x55694a34e178,R,0x7ffe9f8aef7c,1,-32,0,-32,-12,-64,-36,-64,-64,-96,-68,-128,-76,-160,-100,-160,-128,0,-20,-32,-28,-64,-52,-64,-64,-96,-92,-128,-96,-160,-116,-160,-128
2115,0x55694a34e185,R,0x7ffe9f8aef7c,1,0,0,-32,-4,-64,-32,-64,-44,-96,-68,-128,-76,-160,-96,-160,-108,-32,-20,-32,-32,-64,-60,-64,-84,-96,-92,-128,-96,-160,-124,-160,-148
2119,0x55694a34e18d,W,0x7ffe9f8aef68,1,-20,-20,-52,-24,-84,-32,-84,-56,-116,-84,-116,-96,-148,-116,-180,-120,-12,-8,-12,-32,-44,-44,-76,-64,-108,-72,-108,-96,-140,-108,-140,-136
2122,0x55694a34e16d,W,0x7ffe9f8aef60,1,-28,-8,-28,-32,-60,-40,-92,-60,-124,-72,-124,-96,-156,-124,-188,-128,-4,-4,-4,-32,-36,-36,-68,-56,-100,-68,-100,-96,-132,-120,-164,-128
2126,0x55694a34e175,W,0x7ffe9f8aef5c,1,-32,-4,-32,-32,-64,-44,-96,-64,-128,-68,-128,-96,-160,-108,-160,-132,0,-20,-32,-28,-64,-32,-64,-60,-96,-84,-96,-96,-128,-116,-160,-124
2128,0x55694a34e178,R,0x7ffe9f8aef5c,1,-32,0,-32,-12,-64,-36,-64,-64,-96,-68,-128,-76,-160,-100,-160,-128,0,-20,-32,-28,-64,-52,-64,-64,-96,-92,-128,-96,-160,-116,-160,-128
2131,0x55694a34e185,R,0x7ffe9f8aef5c,1,0,0,-32,-4,-64,-32,-64,-44,-96,-68,-128,-76,-160,-96,-160,-108,-32,-20,-32,-32,-64,-60,-64,-84,-96,-92,-128,-96,-160,-124,-160,-148
2135,0x55694a34e18d,W,0x7ffe9f8aef48,1,-20,-20,-52,-24,-84,-32,-84,-56,-116,-84,-116,-96,-148,-116,-180,-120,-12,-8,-12,-32,-44,-44,-76,-64,-108,-72,-108,-96,-140,-108,-140,-136
2138,0x55694a34e16d,W,0x7ffe9f8aef40,1,-28,-8,-28,-32,-60,-40,-92,-60,-124,-72,-124,-96,-156,-124,-188,-128,-4,-4,-4,-32,-36,-36,-68,-56,-100,-68,-100,-96,-132,-120,-164,-128
2142,0x55694a34e175,W,0x7ffe9f8aef3c,1,-32,-4,-32,-32,-64,-44,-96,-64,-128,-68,-128,-96,-160,-108,-160,-132,0,-20,-32,-28,-64,-32,-64,-60,-96,-84,-96,-96,-128,-116,-160,-124
2144,0x55694a34e178,R,0x7ffe9f8aef3c,1,-32,0,-32,-12,-64,-36,-64,-64,-96,-68,-128,-76,-160,-100,-160,-128,0,-20,-32,-28,-64,-52,-64,-64,-96,-92,-128,-96,-160,-116,-160,-128
2147,0x55694a34e185,R,0x7ffe9f8aef3c,1,0,0,-32,-4,-64,-32,-64,-44,-96,-68,-128,-76,-160,-96,-160,-108,-32,-20,-32,-32,-64,-60,-64,-84,-96,-92,-128,-96,-160,-124,-160,-148
2151,0x55694a34e18d,W,0x7ffe9f8aef28,1,-20,-20,-52,-24,-84,-32,-84,-56,-116,-84,-116,-96,-148,-116,-180,-120,-12,-8,-12,-32,-44,-44,-76,-64,-108,-72,-108,-96,-140,-108,-140,-136
2154,0x55694a34e16d,W,0x7ffe9f8aef20,1,-28,-8,-28,-32,-60,-40,-92,-60,-124,-72,-124,-96,-156,-124,-188,-128,-4,-4,-4,-32,-36,-36,-68,-56,-100,-68,-100,-96,-132,-120,-164,-128
2158,0x55694a34e175,W,0x7ffe9f8aef1c,1,-32,-4,-32,-32,-64,-44,-96,-64,-128,-68,-128,-96,-160,-108,-160,-132,0,-20,-32,-28,-64,-32,-64,-60,-96,-84,-96,-96,-128,-116,-160,-124
2160,0x55694a34e178,R,0x7ffe9f8aef1c,1,-32,0,-32,-12,-64,-36,-64,-64,-96,-68,-128,-76,-160,-100,-160,-128,0,-20,-32,-28,-64,-52,-64,-64,-96,-92,-128,-96,-160,-116,-160,-128
2163,0x55694a34e185,R,0x7ffe9f8aef1c,1,0,0,-32,-4,-64,-32,-64,-44,-96,-68,-128,-76,-160,-96,-160,-108,-32,-20,-32,-32,-64,-60,-64,-84,-96,-92,-128,-96,-160,-124,-160,-148
2167,0x55694a34e18d,W,0x7ffe9f8aef08,1,-20,-20,-52,-24,-84,-32,-84,-56,-116,-84,-116,-96,-148,-116,-180,-120,-12,-8,-12,-32,-44,-44,-76,-64,-108,-72,-108,-96,-140,-108,-140,-136
2170,0x55694a34e16d,W,0x7ffe9f8aef00,1,-28,-8,-28,-32,-60,-40,-92,-60,-124,-72,-124,-96,-156,-124,-188,-128,-4,-4,-4,-32,-36,-36,-68,-56,-100,-68,-100,-96,-132,-120,-164,-128
2174,0x55694a34e175,W,0x7ffe9f8aeefc,1,-32,-4,-32,-32,-64,-44,-96,-64,-128,-68,-128,-96,-160,-108,-160,-132,0,-20,-32,-28,-64,-32,-64,-60,-96,-84,-96,-96,-128,-116,-160,-124
2176,0x55694a34e178,R,0x7ffe9f8aeefc,1,-32,0,-32,-12,-64,-36,-64,-64,-96,-68,-128,-76,-160,-100,-160,-128,0,-20,-32,-28,-64,-52,-64,-64,-96,-92,-128,-96,-160,-116,-160,-128
2179,0x55694a34e185,R,0x7ffe9f8aeefc,1,0,0,-32,-4,-64,-32,-64,-44,-96,-68,-128,-76,-160,-96,-160,-108,-32,-20,-32,-32,-64,-60,-64,-84,-96,-92,-128,-96,-160,-124,-160,-148
2183,0x55694a34e18d,W,0x7ffe9f8aeee8,1,-20,-20,-52,-24,-84,-32,-84,-56,-116,-84,-116,-96,-148,-116,-180,-120,-12,-8,-12,-32,-44,-44,-76,-64,-108,-72,-108,-96,-140,-108,-140,-136
2186,0x55694a34e16d,W,0x7ffe9f8aeee0,1,-28,-8,-28,-32,-60,-40,-92,-60,-124,-72,-124,-96,-156,-124,-188,-128,-4,-4,-4,-32,-36,-36,-68,-56,-100,-68,-100,-96,-132,-120,-164,-128
2190,0x55694a34e175,W,0x7ffe9f8aeedc,1,-32,-4,-32,-32,-64,-44,-96,-64,-128,-68,-128,-96,-160,-108,-160,-132,0,-20,-32,-28,-64,-32,-64,-60,-96,-84,-96,-96,-128,-116,-160,-124
2192,0x55694a34e178,R,0x7ffe9f8aeedc,1,-32,0,-32,-12,-64,-36,-64,-64,-96,-68,-128,-76,-160,-100,-160,-128,0,-20,-32,-28,-64,-52,-64,-64,-96,-92,-128,-96,-160,-116,-160,-128
2195,0x55694a34e185,R,0x7ffe9f8aeedc,1,0,0,-32,-4,-64,-32,-64,-44,-96,-68,-128,-76,-160,-96,-160,-108,-32,-20,-32,-32,-64,-60,-64,-84,-96,-92,-128,-96,-160,-124,-160,-148
2199,0x55694a34e18d,W,0x7ffe9f8aeec8,1,-20,-20,-52,-24,-84,-32,-84,-56,-116,-84,-116,-96,-148,-116,-180,-120,-12,-8,-12,-32,-44,-44,-76,-64,-108,-72,-108,-96,-140,-108,-140,-136
2202,0x55694a34e16d,W,0x7ffe9f8aeec0,1,-28,-8,-28,-32,-60,-40,-92,-60,-124,-72,-124,-96,-156,-124,-188,-128,-4,-4,-4,-32,-36,-36,-68,-56,-100,-68,-100,-96,-132,-120,-164,-128
2206,0x55694a34e175,W,0x7ffe9f8aeebc,1,-32,-4,-32,-32,-64,-44,-96,-64,-128,-68,-128,-96,-160,-108,-160,-132,0,-20,-32,-28,-64,-32,-64,-60,-96,-84,-96,-96,-128,-116,-160,-124
2208,0x55694a34e178,R,0x7ffe9f8aeebc,1,-32,0,-32,-12,-64,-36,-64,-64,-96,-68,-128,-76,-160,-100,-160,-128,0,-20,-32,-28,-64,-52,-64,-64,-96,-92,-128,-96,-160,-116,-160,-128
2211,0x55694a34e185,R,0x7ffe9f8aeebc,1,0,0,-32,-4,-64,-32,-64,-44,-96,-68,-128,-76,-160,-96,-160,-108,-32,-20,-32,-32,-64,-60,-64,-84,-96,-92,-128,-96,-160,-124,-160,-148
2215,0x55694a34e18d,W,0x7ffe9f8aeea8,1,-20,-20,-52,-24,-84,-32,-84,-56,-116,-84,-116,-96,-148,-116,-180,-120,-12,-8,-12,-32,-44,-44,-76,-64,-108,-72,-108,-96,-140,-108,-140,-136
2218,0x55694a34e16d,W,0x7ffe9f8aeea0,1,-28,-8,-28,-32,-60,-40,-92,-60,-124,-72,-124,-96,-156,-124,-188,-128,-4,-4,-4,-32,-36,-36,-68,-56,-100,-68,-100,-96,-132,-120,-164,-128
2222,0x55694a34e175,W,0x7ffe9f8aee9c,1,-32,-4,-32,-32,-64,-44,-96,-64,-128,-68,-128,-96,-160,-108,-160,-132,0,-20,-32,-28,-64,-32,-64,-60,-96,-84,-96,-96,-128,-116,-160,-124
2224,0x55694a34e178,R,0x7ffe9f8aee9c,1,-32,0,-32,-12,-64,-36,-64,-64,-96,-68,-128,-76,-160,-100,-160,-128,0,-20,-32,-28,-64,-52,-64,-64,-96,-92,-128,-96,-160,-116,-160,-128
2227,0x55694a34e185,R,0x7ffe9f8aee9c,1,0,0,-32,-4,-64,-32,-64,-44,-96,-68,-128,-76,-160,-96,-160,-108,-32,-20,-32,-32,-64,-60,-64,-84,-96,-92,-128,-96,-160,-124,-160,-148
2231,0x55694a34e18d,W,0x7ffe9f8aee88,1,-20,-20,-52,-24,-84,-32,-84,-56,-116,-84,-116,-96,-148,-116,-180,-120,-12,-8,-12,-32,-44,-44,-76,-64,-108,-72,-108,-96,-140,-108,-140,-136
2234,0x55694a34e16d,W,0x7ffe9f8aee80,1,-28,-8,-28,-32,-60,-40,-92,-60,-124,-72,-124,-96,-156,-124,-188,-128,-4,-4,-4,-32,-36,-36,-68,-56,-100,-68,-100,-96,-132,-120,-164,-128
2238,0x55694a34e175,W,0x7ffe9f8aee7c,1,-32,-4,-32,-32,-64,-44,-96,-64,-128,-68,-128,-96,-160,-108,-160,-132,0,-20,-32,-28,-64,-32,-64,-60,-96,-84,-96,-96,-128,-116,-160,-124
2240,0x55694a34e178,R,0x7ffe9f8aee7c,1,-32,0,-32,-12,-64,-36,-64,-64,-96,-68,-128,-76,-160,-100,-160,-128,0,-20,-32,-28,-64,-52,-64,-64,-96,-92,-128,-96,-160,-116,-160,-128
2243,0x55694a34e185,R,0x7ffe9f8aee7c,1,0,0,-32,-4,-64,-32,-64,-44,-96,-68,-128,-76,-160,-96,-160,-108,-32,-20,-32,-32,-64,-60,-64,-84,-96,-92,-128,-96,-160,-124,-160,-148
2247,0x55694a34e18d,W,0x7ffe9f8aee68,1,-20,-20,-52,-24,-84,-32,-84,-56,-116,-84,-116,-96,-148,-116,-180,-120,-12,-8,-12,-32,-44,-44,-76,-64,-108,-72,-108,-96,-140,-108,-140,-136
2250,0x55694a34e16d,W,0x7ffe9f8aee60,1,-28,-8,-28,-32,-60,-40,-92,-60,-124,-72,-124,-96,-156,-124,-188,-128,-4,-4,-4,-32,-36,-36,-68,-56,-100,-68,-100,-96,-132,-120,-164,-128
2254,0x55694a34e175,W,0x7ffe9f8aee5c,1,-32,-4,-32,-32,-64,-44,-96,-64,-128,-68,-128,-96,-160,-108,-160,-132,0,-20,-32,-28,-64,-32,-64,-60,-96,-84,-96,-96,-128,-116,-160,-124
2256,0x55694a34e178,R,0x7ffe9f8aee5c,1,-32,0,-32,-12,-64,-36,-64,-64,-96,-68,-128,-76,-160,-100,-160,-128,0,-20,-32,-28,-64,-52,-64,-64,-96,-92,-128,-96,-160,-116,-160,-128
2259,0x55694a34e185,R,0x7ffe9f8aee5c,1,0,0,-32,-4,-64,-32,-64,-44,-96,-68,-128,-76,-160,-96,-160,-108,-32,-20,-32,-32,-64,-60,-64,-84,-96,-92,-128,-96,-160,-124,-160,-148
2263,0x55694a34e18d,W,0x7ffe9f8aee48,1,-20,-20,-52,-24,-84,-32,-84,-56,-116,-84,-116,-96,-148,-116,-180,-120,-12,-8,-12,-32,-44,-44,-76,-64,-108,-72,-108,-96,-140,-108,-140,-136
2266,0x55694a34e16d,W,0x7ffe9f8aee40,1,-28,-8,-28,-32,-60,-40,-92,-60,-124,-72,-124,-96,-156,-124,-188,-128,-4,-4,-4,-32,-36,-36,-68,-56,-100,-68,-100,-96,-132,-120,-164,-128
2270,0x55694a34e175,W,0x7ffe9f8aee3c,1,-32,-4,-32,-32,-64,-44,-96,-64,-128,-68,-128,-96,-160,-108,-160,-132,0,-20,-32,-28,-64,-32,-64,-60,-96,-84,-96,-96,-128,-116,-160,-124
2272,0x55694a34e178,R,0x7ffe9f8aee3c,1,-32,0,-32,-12,-64,-36,-64,-64,-96,-68,-128,-76,-160,-100,-160,-128,0,-20,-32,-28,-64,-52,-64,-64,-96,-92,-128,-96,-160,-116,-160,-128
2275,0x55694a34e185,R,0x7ffe9f8aee3c,1,0,0,-32,-4,-64,-32,-64,-44,-96,-68,-128,-76,-160,-96,-160,-108,-32,-20,-32,-32,-64,-60,-64,-84,-96,-92,-128,-96,-160,-124,-160,-148
2279,0x55694a34e18d,W,0x7ffe9f8aee28,1,-20,-20,-52,-24,-84,-32,-84,-56,-116,-84,-116,-96,-148,-116,-180,-120,-12,-8,-12,-32,-44,-44,-76,-64,-108,-72,-108,-96,-140,-108,-140,-136
2282,0x55694a34e16d,W,0x7ffe9f8aee20,1,-28,-8,-28,-32,-60,-40,-92,-60,-124,-72,-124,-96,-156,-124,-188,-128,-4,-4,-4,-32,-36,-36,-68,-56,-100,-68,-100,-96,-132,-120,-164,-128
2286,0x55694a34e175,W,0x7ffe9f8aee1c,1,-32,-4,-32,-32,-64,-44,-96,-64,-128,-68,-128,-96,-160,-108,-160,-132,0,-20,-32,-28,-64,-32,-64,-60,-96,-84,-96,-96,-128,-116,-160,-124
2288,0x55694a34e178,R,0x7ffe9f8aee1c,1,-32,0,-32,-12,-64,-36,-64,-64,-96,-68,-128,-76,-160,-100,-160,-128,0,-20,-32,-28,-64,-52,-64,-64,-96,-92,-128,-96,-160,-116,-160,-128
2291,0x55694a34e185,R,0x7ffe9f8aee1c,1,0,0,-32,-4,-64,-32,-64,-44,-96,-68,-128,-76,-160,-96,-160,-108,-32,-20,-32,-32,-64,-60,-64,-84,-96,-92,-128,-96,-160,-124,-160,-148
2295,0x55694a34e18d,W,0x7ffe9f8aee08,1,-20,-20,-52,-24,-84,-32,-84,-56,-116,-84,-116,-96,-148,-116,-180,-120,-12,-8,-12,-32,-44,-44,-76,-64,-108,-72,-108,-96,-140,-108,-140,-136
2298,0x55694a34e16d,W,0x7ffe9f8aee00,1,-28,-8,-28,-32,-60,-40,-92,-60,-124,-72,-124,-96,-156,-124,-188,-128,-4,-4,-4,-32,-36,-36,-68,-56,-100,-68,-100,-96,-132,-120,-164,-128
2302,0x55694a34e175,W,0x7ffe9f8aedfc,1,-32,-4,-32,-32,-64,-44,-96,-64,-128,-68,-128,-96,-160,-108,-160,-132,0,-20,-32,-28,-64,-32,-64,-60,-96,-84,-96,-96,-128,-116,-160,-124
2304,0x55694a34e178,R,0x7ffe9f8aedfc,1,-32,0,-32,-12,-64,-36,-64,-64,-96,-68,-128,-76,-160,-100,-160,-128,0,-20,-32,-28,-64,-52,-64,-64,-96,-92,-128,-96,-160,-116,-160,-128
2307,0x55694a34e185,R,0x7ffe9f8aedfc,1,0,0,-32,-4,-64,-32,-64,-44,-96,-68,-128,-76,-160,-96,-160,-108,-32,-20,-32,-32,-64,-60,-64,-84,-96,-92,-128,-96,-160,-124,-160,-148
2311,0x55694a34e18d,W,0x7ffe9f8aede8,1,-20,-20,-52,-24,-84,-32,-84,-56,-116,-84,-116,-96,-148,-116,-180,-120,-12,-8,-12,-32,-44,-44,-76,-64,-108,-72,-108,-96,-140,-108,-140,-136
2314,0x55694a34e16d,W,0x7ffe9f8aede0,1,-28,-8,-28,-32,-60,-40,-92,-60,-124,-72,-124,-96,-156,-124,-188,-128,-4,-4,-4,-32,-36,-36,-68,-56,-100,-68,-100,-96,-132,-120,-164,-128
2318,0x55694a34e175,W,0x7ffe9f8aeddc,1,-32,-4,-32,-32,-64,-44,-96,-64,-128,-68,-128,-96,-160,-108,-160,-132,0,-20,-32,-28,-64,-32,-64,-60,-96,-84,-96,-96,-128,-116,-160,-124
2320,0x55694a34e178,R,0x7ffe9f8aeddc,1,-32,0,-32,-12,-64,-36,-64,-64,-96,-68,-128,-76,-160,-100,-160,-128,0,-20,-32,-28,-64,-52,-64,-64,-96,-92,-128,-96,-160,-116,-160,-128
2323,0x55694a34e185,R,0x7ffe9f8aeddc,1,0,0,-32,-4,-64,-32,-64,-44,-96,-68,-128,-76,-160,-96,-160,-108,-32,-20,-32,-32,-64,-60,-64,-84,-96,-92,-128,-96,-160,-124,-160,-148
2327,0x55694a34e18d,W,0x7ffe9f8aedc8,1,-20,-20,-52,-24,-84,-32,-84,-56,-116,-84,-116,-96,-148,-116,-180,-120,-12,-8,-12,-32,-44,-44,-76,-64,-108,-72,-108,-96,-140,-108,-140,-136
2330,0x55694a34e16d,W,0x7ffe9f8aedc0,1,-28,-8,-28,-32,-60,-40,-92,-60,-124,-72,-124,-96,-156,-124,-188,-128,-4,-4,-4,-32,-36,-36,-68,-56,-100,-68,-100,-96,-132,-120,-164,-128
2334,0x55694a34e175,W,0x7ffe9f8aedbc,1,-32,-4,-32,-32,-64,-44,-96,-64,-128,-68,-128,-96,-160,-108,-160,-132,0,-20,-32,-28,-64,-32,-64,-60,-96,-84,-96,-96,-128,-116,-160,-124
2336,0x55694a34e178,R,0x7ffe9f8aedbc,1,-32,0,-32,-12,-64,-36,-64,-64,-96,-68,-128,-76,-160,-100,-160,-128,0,-20,-32,-28,-64,-52,-64,-64,-96,-92,-128,-96,-160,-116,-160,-128
2339,0x55694a34e185,R,0x7ffe9f8aedbc,1,0,0,-32,-4,-64,-32,-64,-44,-96,-68,-128,-76,-160,-96,-160,-108,-32,-20,-32,-32,-64,-60,-64,-84,-96,-92,-128,-96,-160,-124,-160,-148
2343,0x55694a34e18d,W,0x7ffe9f8aeda8,1,-20,-20,-52,-24,-84,-32,-84,-56,-116,-84,-116,-96,-148,-116,-180,-120,-12,-8,-12,-32,-44,-44,-76,-64,-108,-72,-108,-96,-140,-108,-140,-136
2346,0x55694a34e16d,W,0x7ffe9f8aeda0,1,-28,-8,-28,-32,-60,-40,-92,-60,-124,-72,-124,-96,-156,-124,-188,-128,-4,-4,-4,-32,-36,-36,-68,-56,-100,-68,-100,-96,-132,-120,-164,-128
2350,0x55694a34e175,W,0x7ffe9f8aed9c,1,-32,-4,-32,-32,-64,-44,-96,-64,-128,-68,-128,-96,-160,-108,-160,-132,0,-20,-32,-28,-64,-32,-64,-60,-96,-84,-96,-96,-128,-116,-160,-124
2352,0x55694a34e178,R,0x7ffe9f8aed9c,1,-32,0,-32,-12,-64,-36,-64,-64,-96,-68,-128,-76,-160,-100,-160,-128,0,-20,-32,-28,-64,-52,-64,-64,-96,-92,-128,-96,-160,-116,-160,-128
2355,0x55694a34e185,R,0x7ffe9f8aed9c,1,0,0,-32,-4,-64,-32,-64,-44,-96,-68,-128,-76,-160,-96,-160,-108,-32,-20,-32,-32,-64,-60,-64,-84,-96,-92,-128,-96,-160,-124,-160,-148
2359,0x55694a34e18d,W,0x7ffe9f8aed88,1,-20,-20,-52,-24,-84,-32,-84,-56,-116,-84,-116,-96,-148,-116,-180,-120,-12,-8,-12,-32,-44,-44,-76,-64,-108,-72,-108,-96,-140,-108,-140,-136
2362,0x55694a34e16d,W,0x7ffe9f8aed80,1,-28,-8,-28,-32,-60,-40,-92,-60,-124,-72,-124,-96,-156,-124,-188,-128,-4,-4,-4,-32,-36,-36,-68,-56,-100,-68,-100,-96,-132,-120,-164,-128
2366,0x55694a34e175,W,0x7ffe9f8aed7c,1,-32,-4,-32,-32,-64,-44,-96,-64,-128,-68,-128,-96,-160,-108,-160,-132,0,-20,-32,-28,-64,-32,-64,-60,-96,-84,-96,-96,-128,-116,-160,-124
2368,0x55694a34e178,R,0x7ffe9f8aed7c,1,-32,0,-32,-12,-64,-36,-64,-64,-96,-68,-128,-76,-160,-100,-160,-128,0,-20,-32,-28,-64,-52,-64,-64,-96,-92,-128,-96,-160,-116,-160,-128
2371,0x55694a34e185,R,0x7ffe9f8aed7c,1,0,0,-32,-4,-64,-32,-64,-44,-96,-68,-128,-76,-160,-96,-160,-108,-32,-20,-32,-32,-64,-60,-64,-84,-96,-92,-128,-96,-160,-124,-160,-148
2375,0x55694a34e18d,W,0x7ffe9f8aed68,1,-20,-20,-52,-24,-84,-32,-84,-56,-116,-84,-116,-96,-148,-116,-180,-120,-12,-8,-12,-32,-44,-44,-76,-64,-108,-72,-108,-96,-140,-108,-140,-136
2378,0x55694a34e16d,W,0x7ffe9f8aed60,1,-28,-8,-28,-32,-60,-40,-92,-60,-124,-72,-124,-96,-156,-124,-188,-128,-4,-4,-4,-32,-36,-36,-68,-56,-100,-68,-100,-96,-132,-120,-164,-128
2382,0x55694a34e175,W,0x7ffe9f8aed5c,1,-32,-4,-32,-32,-64,-44,-96,-64,-128,-68,-128,-96,-160,-108,-160,-132,0,-20,-32,-28,-64,-32,-64,-60,-96,-84,-96,-96,-128,-116,-160,-124
2384,0x55694a34e178,R,0x7ffe9f8aed5c,1,-32,0,-32,-12,-64,-36,-64,-64,-96,-68,-128,-76,-160,-100,-160,-128,0,-20,-32,-28,-64,-52,-64,-64,-96,-92,-128,-96,-160,-116,-160,-128
2387,0x55694a34e185,R,0x7ffe9f8aed5c,1,0,0,-32,-4,-64,-32,-64,-44,-96,-68,-128,-76,-160,-96,-160,-108,-32,-20,-32,-32,-64,-60,-64,-84,-96,-92,-128,-96,-160,-124,-160,-148
2391,0x55694a34e18d,W,0x7ffe9f8aed48,1,-20,-20,-52,-24,-84,-32,-84,-56,-116,-84,-116,-96,-148,-116,-180,-120,-12,-8,-12,-32,-44,-44,-76,-64,-108,-72,-108,-96,-140,-108,-140,-136
2394,0x55694a34e16d,W,0x7ffe9f8aed40,1,-28,-8,-28,-32,-60,-40,-92,-60,-124,-72,-124,-96,-156,-124,-188,-128,-4,-4,-4,-32,-36,-36,-68,-56,-100,-68,-100,-96,-132,-120,-164,-128
2398,0x55694a34e175,W,0x7ffe9f8aed3c,1,-32,-4,-32,-32,-64,-44,-96,-64,-128,-68,-128,-96,-160,-108,-160,-132,0,-20,-32,-28,-64,-32,-64,-60,-96,-84,-96,-96,-128,-116,-160,-124
2400,0x55694a34e178,R,0x7ffe9f8aed3c,1,-32,0,-32,-12,-64,-36,-64,-64,-96,-68,-128,-76,-160,-100,-160,-128,0,-20,-32,-28,-64,-52,-64,-64,-96,-92,-128,-96,-160,-116,-160,-128
2403,0x55694a34e185,R,0x7ffe9f8aed3c,1,0,0,-32,-4,-64,-32,-64,-44,-96,-68,-128,-76,-160,-96,-160,-108,-32,-20,-32,-32,-64,-60,-64,-84,-96,-92,-128,-96,-160,-124,-160,-148
2407,0x55694a34e18d,W,0x7ffe9f8aed28,1,-20,-20,-52,-24,-84,-32,-84,-56,-116,-84,-116,-96,-148,-116,-180,-120,-12,-8,-12,-32,-44,-44,-76,-64,-108,-72,-108,-96,-140,-108,-140,-136
2410,0x55694a34e16d,W,0x7ffe9f8aed20,1,-28,-8,-28,-32,-60,-40,-92,-60,-124,-72,-124,-96,-156,-124,-188,-128,-4,-4,-4,-32,-36,-36,-68,-56,-100,-68,-100,-96,-132,-120,-164,-128
2414,0x55694a34e175,W,0x7ffe9f8aed1c,1,-32,-4,-32,-32,-64,-44,-96,-64,-128,-68,-128,-96,-160,-108,-160,-132,0,-20,-32,-28,-64,-32,-64,-60,-96,-84,-96,-96,-128,-116,-160,-124
2416,0x55694a34e178,R,0x7ffe9f8aed1c,1,-32,0,-32,-12,-64,-36,-64,-64,-96,-68,-128,-76,-160,-100,-160,-128,0,-20,-32,-28,-64,-52,-64,-64,-96,-92,-128,-96,-160,-116,-160,-128
2419,0x55694a34e185,R,0x7ffe9f8aed1c,1,0,0,-32,-4,-64,-32,-64,-44,-96,-68,-128,-76,-160,-96,-160,-108,-32,-20,-32,-32,-64,-60,-64,-84,-96,-92,-128,-96,-160,-124,-160,-148
2423,0x55694a34e18d,W,0x7ffe9f8aed08,1,-20,-20,-52,-24,-84,-32,-84,-56,-116,-84,-116,-96,-148,-116,-180,-120,-12,-8,-12,-32,-44,-44,-76,-64,-108,-72,-108,-96,-140,-108,-140,-136
2426,0x55694a34e16d,W,0x7ffe9f8aed00,1,-28,-8,-28,-32,-60,-40,-92,-60,-124,-72,-124,-96,-156,-124,-188,-128,-4,-4,-4,-32,-36,-36,-68,-56,-100,-68,-100,-96,-132,-120,-164,-128
2430,0x55694a34e175,W,0x7ffe9f8aecfc,1,-32,-4,-32,-32,-64,-44,-96,-64,-128,-68,-128,-96,-160,-108,-160,-132,0,-20,-32,-28,-64,-32,-64,-60,-96,-84,-96,-96,-128,-116,-160,-124
2432,0x55694a34e178,R,0x7ffe9f8aecfc,1,-32,0,-32,-12,-64,-36,-64,-64,-96,-68,-128,-76,-160,-100,-160,-128,0,-20,-32,-28,-64,-52,-64,-64,-96,-92,-128,-96,-160,-116,-160,-128
2435,0x55694a34e185,R,0x7ffe9f8aecfc,1,0,0,-32,-4,-64,-32,-64,-44,-96,-68,-128,-76,-160,-96,-160,-108,-32,-20,-32,-32,-64,-60,-64,-84,-96,-92,-128,-96,-160,-124,-160,-148
2439,0x55694a34e18d,W,0x7ffe9f8aece8,1,-20,-20,-52,-24,-84,-32,-84,-56,-116,-84,-116,-96,-148,-116,-180,-120,-12,-8,-12,-32,-44,-44,-76,-64,-108,-72,-108,-96,-140,-108,-140,-136
2442,0x55694a34e16d,W,0x7ffe9f8aece0,1,-28,-8,-28,-32,-60,-40,-92,-60,-124,-72,-124,-96,-156,-124,-188,-128,-4,-4,-4,-32,-36,-36,-68,-56,-100,-68,-100,-96,-132,-120,-164,-128
2446,0x55694a34e175,W,0x7ffe9f8aecdc,1,-32,-4,-32,-32,-64,-44,-96,-64,-128,-68,-128,-96,-160,-108,-160,-132,0,-20,-32,-28,-64,-32,-64,-60,-96,-84,-96,-96,-128,-116,-160,-124
2448,0x55694a34e178,R,0x7ffe9f8aecdc,1,-32,0,-32,-12,-64,-36,-64,-64,-96,-68,-128,-76,-160,-100,-160,-128,0,-20,-32,-28,-64,-52,-64,-64,-96,-92,-128,-96,-160,-116,-160,-128
2451,0x55694a34e185,R,0x7ffe9f8aecdc,1,0,0,-32,-4,-64,-32,-64,-44,-96,-68,-128,-76,-160,-96,-160,-108,-32,-20,-32,-32,-64,-60,-64,-84,-96,-92,-128,-96,-160,-124,-160,-148
2455,0x55694a34e18d,W,0x7ffe9f8aecc8,1,-20,-20,-52,-24,-84,-32,-84,-56,-116,-84,-116,-96,-148,-116,-180,-120,-12,-8,-12,-32,-44,-44,-76,-64,-108,-72,-108,-96,-140,-108,-140,-136
2458,0x55694a34e16d,W,0x7ffe9f8aecc0,1,-28,-8,-28,-32,-60,-40,-92,-60,-124,-72,-124,-96,-156,-124,-188,-128,-4,-4,-4,-32,-36,-36,-68,-56,-100,-68,-100,-96,-132,-120,-164,-128
2462,0x55694a34e175,W,0x7ffe9f8aecbc,1,-32,-4,-32,-32,-64,-44,-96,-64,-128,-68,-128,-96,-160,-108,-160,-132,0,-20,-32,-28,-64,-32,-64,-60,-96,-84,-96,-96,-128,-116,-160,-124
2464,0x55694a34e178,R,0x7ffe9f8aecbc,1,-32,0,-32,-12,-64,-36,-64,-64,-96,-68,-128,-76,-160,-100,-160,-128,0,-20,-32,-28,-64,-52,-64,-64,-96,-92,-128,-96,-160,-116,-160,-128
2467,0x55694a34e185,R,0x7ffe9f8aecbc,1,0,0,-32,-4,-64,-32,-64,-44,-96,-68,-128,-76,-160,-96,-160,-108,-32,-20,-32,-32,-64,-60,-64,-84,-96,-92,-128,-96,-160,-124,-160,-148
2471,0x55694a34e18d,W,0x7ffe9f8aeca8,1,-20,-20,-52,-24,-84,-32,-84,-56,-116,-84,-116,-96,-148,-116,-180,-120,-12,-8,-12,-32,-44,-44,-76,-64,-108,-72,-108,-96,-140,-108,-140,-136
2474,0x55694a34e16d,W,0x7ffe9f8aeca0,1,-28,-8,-28,-32,-60,-40,-92,-60,-124,-72,-124,-96,-156,-124,-188,-128,-4,-4,-4,-32,-36,-36,-68,-56,-100,-68,-100,-96,-132,-120,-164,-128
2478,0x55694a34e175,W,0x7ffe9f8aec9c,1,-32,-4,-32,-32,-64,-44,-96,-64,-128,-68,-128,-96,-160,-108,-160,-132,0,-20,-32,-28,-64,-32,-64,-60,-96,-84,-96,-96,-128,-116,-160,-124
2480,0x55694a34e178,R,0x7ffe9f8aec9c,1,-32,0,-32,-12,-64,-36,-64,-64,-96,-68,-128,-76,-160,-100,-160,-128,0,-20,-32,-28,-64,-52,-64,-64,-96,-92,-128,-96,-160,-116,-160,-128
2483,0x55694a34e185,R,0x7ffe9f8aec9c,1,0,0,-32,-4,-64,-32,-64,-44,-96,-68,-128,-76,-160,-96,-160,-108,-32,-20,-32,-32,-64,-60,-64,-84,-96,-92,-128,-96,-160,-124,-160,-148
2487,0x55694a34e18d,W,0x7ffe9f8aec88,1,-20,-20,-52,-24,-84,-32,-84,-56,-116,-84,-116,-96,-148,-116,-180,-120,-12,-8,-12,-32,-44,-44,-76,-64,-108,-72,-108,-96,-140,-108,-140,-136
2490,0x55694a34e16d,W,0x7ffe9f8aec80,1,-28,-8,-28,-32,-60,-40,-92,-60,-124,-72,-124,-96,-156,-124,-188,-128,-4,-4,-4,-32,-36,-36,-68,-56,-100,-68,-100,-96,-132,-120,-164,-128
2494,0x55694a34e175,W,0x7ffe9f8aec7c,1,-32,-4,-32,-32,-64,-44,-96,-64,-128,-68,-128,-96,-160,-108,-160,-132,0,-20,-32,-28,-64,-32,-64,-60,-96,-84,-96,-96,-128,-116,-160,-124
2496,0x55694a34e178,R,0x7ffe9f8aec7c,1,-32,0,-32,-12,-64,-36,-64,-64,-96,-68,-128,-76,-160,-100,-160,-128,0,-20,-32,-28,-64,-52,-64,-64,-96,-92,-128,-96,-160,-116,-160,-128
2499,0x55694a34e185,R,0x7ffe9f8aec7c,1,0,0,-32,-4,-64,-32,-64,-44,-96,-68,-128,-76,-160,-96,-160,-108,-32,-20,-32,-32,-64,-60,-64,-84,-96,-92,-128,-96,-160,-124,-160,-148
2503,0x55694a34e18d,W,0x7ffe9f8aec68,1,-20,-20,-52,-24,-84,-32,-84,-56,-116,-84,-116,-96,-148,-116,-180,-120,-12,-8,-12,-32,-44,-44,-76,-64,-108,-72,-108,-96,-140,-108,-140,-136
2506,0x55694a34e16d,W,0x7ffe9f8aec60,1,-28,-8,-28,-32,-60,-40,-92,-60,-124,-72,-124,-96,-156,-124,-188,-128,-4,-4,-4,-32,-36,-36,-68,-56,-100,-68,-100,-96,-132,-120,-164,-128
2510,0x55694a34e175,W,0x7ffe9f8aec5c,1,-32,-4,-32,-32,-64,-44,-96,-64,-128,-68,-128,-96,-160,-108,-160,-132,0,-20,-32,-28,-64,-32,-64,-60,-96,-84,-96,-96,-128,-116,-160,-124
2512,0x55694a34e178,R,0x7ffe9f8aec5c,1,-32,0,-32,-12,-64,-36,-64,-64,-96,-68,-128,-76,-160,-100,-160,-128,0,-20,-32,-28,-64,-52,-64,-64,-96,-92,-128,-96,-160,-116,-160,-128
2515,0x55694a34e185,R,0x7ffe9f8aec5c,1,0,0,-32,-4,-64,-32,-64,-44,-96,-68,-128,-76,-160,-96,-160,-108,-32,-20,-32,-32,-64,-60,-64,-84,-96,-92,-128,-96,-160,-124,-160,-148
2519,0x55694a34e18d,W,0x7ffe9f8aec48,1,-20,-20,-52,-24,-84,-32,-84,-56,-116,-84,-116,-96,-148,-116,-180,-120,-12,-8,-12,-32,-44,-44,-76,-64,-108,-72,-108,-96,-140,-108,-140,-136
2522,0x55694a34e16d,W,0x7ffe9f8aec40,1,-28,-8,-28,-32,-60,-40,-92,-60,-124,-72,-124,-96,-156,-124,-188,-128,-4,-4,-4,-32,-36,-36,-68,-56,-100,-68,-100,-96,-132,-120,-164,-128
2526,0x55694a34e175,W,0x7ffe9f8aec3c,1,-32,-4,-32,-32,-64,-44,-96,-64,-128,-68,-128,-96,-160,-108,-160,-132,0,-20,-32,-28,-64,-32,-64,-60,-96,-84,-96,-96,-128,-116,-160,-124
2528,0x55694a34e178,R,0x7ffe9f8aec3c,1,-32,0,-32,-12,-64,-36,-64,-64,-96,-68,-128,-76,-160,-100,-160,-128,0,-20,-32,-28,-64,-52,-64,-64,-96,-92,-128,-96,-160,-116,-160,-128
2531,0x55694a34e185,R,0x7ffe9f8aec3c,1,0,0,-32,-4,-64,-32,-64,-44,-96,-68,-128,-76,-160,-96,-160,-108,-32,-20,-32,-32,-64,-60,-64,-84,-96,-92,-128,-96,-160,-124,-160,-148
2535,0x55694a34e18d,W,0x7ffe9f8aec28,1,-20,-20,-52,-24,-84,-32,-84,-56,-116,-84,-116,-96,-148,-116,-180,-120,-12,-8,-12,-32,-44,-44,-76,-64,-108,-72,-108,-96,-140,-108,-140,-136
2538,0x55694a34e16d,W,0x7ffe9f8aec20,1,-28,-8,-28,-32,-60,-40,-92,-60,-124,-72,-124,-96,-156,-124,-188,-128,-4,-4,-4,-32,-36,-36,-68,-56,-100,-68,-100,-96,-132,-120,-164,-128
2542,0x55694a34e175,W,0x7ffe9f8aec1c,1,-32,-4,-32,-32,-64,-44,-96,-64,-128,-68,-128,-96,-160,-108,-160,-132,0,-20,-32,-28,-64,-32,-64,-60,-96,-84,-96,-96,-128,-116,-160,-124
2544,0x55694a34e178,R,0x7ffe9f8aec1c,1,-32,0,-32,-12,-64,-36,-64,-64,-96,-68,-128,-76,-160,-100,-160,-128,0,-20,-32,-28,-64,-52,-64,-64,-96,-92,-128,-96,-160,-116,-160,-128
2547,0x55694a34e185,R,0x7ffe9f8aec1c,1,0,0,-32,-4,-64,-32,-64,-44,-96,-68,-128,-76,-160,-96,-160,-108,-32,-20,-32,-32,-64,-60,-64,-84,-96,-92,-128,-96,-160,-124,-160,-148
2551,0x55694a34e18d,W,0x7ffe9f8aec08,1,-20,-20,-52,-24,-84,-32,-84,-56,-116,-84,-116,-96,-148,-116,-180,-120,-12,-8,-12,-32,-44,-44,-76,-64,-108,-72,-108,-96,-140,-108,-140,-136
2554,0x55694a34e16d,W,0x7ffe9f8aec00,1,-28,-8,-28,-32,-60,-40,-92,-60,-124,-72,-124,-96,-156,-124,-188,-128,-4,-4,-4,-32,-36,-36,-68,-56,-100,-68,-100,-96,-132,-120,-164,-128
2558,0x55694a34e175,W,0x7ffe9f8aebfc,1,-32,-4,-32,-32,-64,-44,-96,-64,-128,-68,-128,-96,-160,-108,-160,-132,0,-20,-32,-28,-64,-32,-64,-60,-96,-84,-96,-96,-128,-116,-160,-124
2560,0x55694a34e178,R,0x7ffe9f8aebfc,1,-32,0,-32,-12,-64,-36,-64,-64,-96,-68,-128,-76,-160,-100,-160,-128,0,-20,-32,-28,-64,-52,-64,-64,-96,-92,-128,-96,-160,-116,-160,-128
2563,0x55694a34e185,R,0x7ffe9f8aebfc,1,0,0,-32,-4,-64,-32,-64,-44,-96,-68,-128,-76,-160,-96,-160,-108,-32,-20,-32,-32,-64,-60,-64,-84,-96,-92,-128,-96,-160,-124,-160,-148
2567,0x55694a34e18d,W,0x7ffe9f8aebe8,1,-20,-20,-52,-24,-84,-32,-84,-56,-116,-84,-116,-96,-148,-116,-180,-120,-12,-8,-12,-32,-44,-44,-76,-64,-108,-72,-108,-96,-140,-108,-140,-136
2570,0x55694a34e16d,W,0x7ffe9f8aebe0,1,-28,-8,-28,-32,-60,-40,-92,-60,-124,-72,-124,-96,-156,-124,-188,-128,-4,-4,-4,-32,-36,-36,-68,-56,-100,-68,-100,-96,-132,-120,-164,-128
2574,0x55694a34e175,W,0x7ffe9f8aebdc,1,-32,-4,-32,-32,-64,-44,-96,-64,-128,-68,-128,-96,-160,-108,-160,-132,0,-20,-32,-28,-64,-32,-64,-60,-96,-84,-96,-96,-128,-116,-160,-124
2576,0x55694a34e178,R,0x7ffe9f8aebdc,1,-32,0,-32,-12,-64,-36,-64,-64,-96,-68,-128,-76,-160,-100,-160,-128,0,-20,-32,-28,-64,-52,-64,-64,-96,-92,-128,-96,-160,-116,-160,-128
2579,0x55694a34e185,R,0x7ffe9f8aebdc,1,0,0,-32,-4,-64,-32,-64,-44,-96,-68,-128,-76,-160,-96,-160,-108,-32,-20,-32,-32,-64,-60,-64,-84,-96,-92,-128,-96,-160,-124,-160,-148
2583,0x55694a34e18d,W,0x7ffe9f8aebc8,1,-20,-20,-52,-24,-84,-32,-84,-56,-116,-84,-116,-96,-148,-116,-180,-120,-12,-8,-12,-32,-44,-44,-76,-64,-108,-72,-108,-96,-140,-108,-140,-136
2586,0x55694a34e16d,W,0x7ffe9f8aebc0,1,-28,-8,-28,-32,-60,-40,-92,-60,-124,-72,-124,-96,-156,-124,-188,-128,-4,-4,-4,-32,-36,-36,-68,-56,-100,-68,-100,-96,-132,-120,-164,-128
2590,0x55694a34e175,W,0x7ffe9f8aebbc,1,-32,-4,-32,-32,-64,-44,-96,-64,-128,-68,-128,-96,-160,-108,-160,-132,0,-20,-32,-28,-64,-32,-64,-60,-96,-84,-96,-96,-128,-116,-160,-124
2592,0x55694a34e178,R,0x7ffe9f8aebbc,1,-32,0,-32,-12,-64,-36,-64,-64,-96,-68,-128,-76,-160,-100,-160,-128,0,-20,-32,-28,-64,-52,-64,-64,-96,-92,-128,-96,-160,-116,-160,-128
2595,0x55694a34e185,R,0x7ffe9f8aebbc,1,0,0,-32,-4,-64,-32,-64,-44,-96,-68,-128,-76,-160,-96,-160,-108,-32,-20,-32,-32,-64,-60,-64,-84,-96,-92,-128,-96,-160,-124,-160,-148
2599,0x55694a34e18d,W,0x7ffe9f8aeba8,1,-20,-20,-52,-24,-84,-32,-84,-56,-116,-84,-116,-96,-148,-116,-180,-120,-12,-8,-12,-32,-44,-44,-76,-64,-108,-72,-108,-96,-140,-108,-140,-136
2602,0x55694a34e16d,W,0x7ffe9f8aeba0,1,-28,-8,-28,-32,-60,-40,-92,-60,-124,-72,-124,-96,-156,-124,-188,-128,-4,-4,-4,-32,-36,-36,-68,-56,-100,-68,-100,-96,-132,-120,-164,-128
2606,0x55694a34e175,W,0x7ffe9f8aeb9c,1,-32,-4,-32,-32,-64,-44,-96,-64,-128,-68,-128,-96,-160,-108,-160,-132,0,-20,-32,-28,-64,-32,-64,-60,-96,-84,-96,-96,-128,-116,-160,-124
2608,0x55694a34e178,R,0x7ffe9f8aeb9c,1,-32,0,-32,-12,-64,-36,-64,-64,-96,-68,-128,-76,-160,-100,-160,-128,0,-20,-32,-28,-64,-52,-64,-64,-96,-92,-128,-96,-160,-116,-160,-128
2611,0x55694a34e185,R,0x7ffe9f8aeb9c,1,0,0,-32,-4,-64,-32,-64,-44,-96,-68,-128,-76,-160,-96,-160,-108,-32,-20,-32,-32,-64,-60,-64,-84,-96,-92,-128,-96,-160,-124,-160,-148
2615,0x55694a34e18d,W,0x7ffe9f8aeb88,1,-20,-20,-52,-24,-84,-32,-84,-56,-116,-84,-116,-96,-148,-116,-180,-120,-12,-8,-12,-32,-44,-44,-76,-64,-108,-72,-108,-96,-140,-108,-140,-136
2618,0x55694a34e16d,W,0x7ffe9f8aeb80,1,-28,-8,-28,-32,-60,-40,-92,-60,-124,-72,-124,-96,-156,-124,-188,-128,-4,-4,-4,-32,-36,-36,-68,-56,-100,-68,-100,-96,-132,-120,-164,-128
2622,0x55694a34e175,W,0x7ffe9f8aeb7c,1,-32,-4,-32,-32,-64,-44,-96,-64,-128,-68,-128,-96,-160,-108,-160,-132,0,-20,-32,-28,-64,-32,-64,-60,-96,-84,-96,-96,-128,-116,-160,-124
2624,0x55694a34e178,R,0x7ffe9f8aeb7c,1,-32,0,-32,-12,-64,-36,-64,-64,-96,-68,-128,-76,-160,-100,-160,-128,0,-20,-32,-28,-64,-52,-64,-64,-96,-92,-128,-96,-160,-116,-160,-128
2627,0x55694a34e185,R,0x7ffe9f8aeb7c,1,0,0,-32,-4,-64,-32,-64,-44,-96,-68,-128,-76,-160,-96,-160,-108,-32,-20,-32,-32,-64,-60,-64,-84,-96,-92,-128,-96,-160,-124,-160,-148
2631,0x55694a34e18d,W,0x7ffe9f8aeb68,1,-20,-20,-52,-24,-84,-32,-84,-56,-116,-84,-116,-96,-148,-116,-180,-120,-12,-8,-12,-32,-44,-44,-76,-64,-108,-72,-108,-96,-140,-108,-140,-136
2634,0x55694a34e16d,W,0x7ffe9f8aeb60,1,-28,-8,-28,-32,-60,-40,-92,-60,-124,-72,-124,-96,-156,-124,-188,-128,-4,-4,-4,-32,-36,-36,-68,-56,-100,-68,-100,-96,-132,-120,-164,-128
2638,0x55694a34e175,W,0x7ffe9f8aeb5c,1,-32,-4,-32,-32,-64,-44,-96,-64,-128,-68,-128,-96,-160,-108,-160,-132,0,-20,-32,-28,-64,-32,-64,-60,-96,-84,-96,-96,-128,-116,-160,-124
2640,0x55694a34e178,R,0x7ffe9f8aeb5c,1,-32,0,-32,-12,-64,-36,-64,-64,-96,-68,-128,-76,-160,-100,-160,-128,0,-20,-32,-28,-64,-52,-64,-64,-96,-92,-128,-96,-160,-116,-160,-128
2643,0x55694a34e185,R,0x7ffe9f8aeb5c,1,0,0,-32,-4,-64,-32,-64,-44,-96,-68,-128,-76,-160,-96,-160,-108,-32,-20,-32,-32,-64,-60,-64,-84,-96,-92,-128,-96,-160,-124,-160,-148
2647,0x55694a34e18d,W,0x7ffe9f8aeb48,1,-20,-20,-52,-24,-84,-32,-84,-56,-116,-84,-116,-96,-148,-116,-180,-120,-12,-8,-12,-32,-44,-44,-76,-64,-108,-72,-108,-96,-140,-108,-140,-136
2650,0x55694a34e16d,W,0x7ffe9f8aeb40,1,-28,-8,-28,-32,-60,-40,-92,-60,-124,-72,-124,-96,-156,-124,-188,-128,-4,-4,-4,-32,-36,-36,-68,-56,-100,-68,-100,-96,-132,-120,-164,-128
2654,0x55694a34e175,W,0x7ffe9f8aeb3c,1,-32,-4,-32,-32,-64,-44,-96,-64,-128,-68,-128,-96,-160,-108,-160,-132,0,-20,-32,-28,-64,-32,-64,-60,-96,-84,-96,-96,-128,-116,-160,-124
2656,0x55694a34e178,R,0x7ffe9f8aeb3c,1,-32,0,-32,-12,-64,-36,-64,-64,-96,-68,-128,-76,-160,-100,-160,-128,0,-20,-32,-28,-64,-52,-64,-64,-96,-92,-128,-96,-160,-116,-160,-128
2659,0x55694a34e185,R,0x7ffe9f8aeb3c,1,0,0,-32,-4,-64,-32,-64,-44,-96,-68,-128,-76,-160,-96,-160,-108,-32,-20,-32,-32,-64,-60,-64,-84,-96,-92,-128,-96,-160,-124,-160,-148
2663,0x55694a34e18d,W,0x7ffe9f8aeb28,1,-20,-20,-52,-24,-84,-32,-84,-56,-116,-84,-116,-96,-148,-116,-180,-120,-12,-8,-12,-32,-44,-44,-76,-64,-108,-72,-108,-96,-140,-108,-140,-136
2666,0x55694a34e16d,W,0x7ffe9f8aeb20,1,-28,-8,-28,-32,-60,-40,-92,-60,-124,-72,-124,-96,-156,-124,-188,-128,-4,-4,-4,-32,-36,-36,-68,-56,-100,-68,-100,-96,-132,-120,-164,-128
2670,0x55694a34e175,W,0x7ffe9f8aeb1c,1,-32,-4,-32,-32,-64,-44,-96,-64,-128,-68,-128,-96,-160,-108,-160,-132,0,-20,-32,-28,-64,-32,-64,-60,-96,-84,-96,-96,-128,-116,-160,-124
2672,0x55694a34e178,R,0x7ffe9f8aeb1c,1,-32,0,-32,-12,-64,-36,-64,-64,-96,-68,-128,-76,-160,-100,-160,-128,0,-20,-32,-28,-64,-52,-64,-64,-96,-92,-128,-96,-160,-116,-160,-128
2675,0x55694a34e185,R,0x7ffe9f8aeb1c,1,0,0,-32,-4,-64,-32,-64,-44,-96,-68,-128,-76,-160,-96,-160,-108,-32,-20,-32,-32,-64,-60,-64,-84,-96,-92,-128,-96,-160,-124,-160,-148
2679,0x55694a34e18d,W,0x7ffe9f8aeb08,1,-20,-20,-52,-24,-84,-32,-84,-56,-116,-84,-116,-96,-148,-116,-180,-120,-12,-8,-12,-32,-44,-44,-76,-64,-108,-72,-108,-96,-140,-108,-140,-136
2682,0x55694a34e16d,W,0x7ffe9f8aeb00,1,-28,-8,-28,-32,-60,-40,-92,-60,-124,-72,-124,-96,-156,-124,-188,-128,-4,-4,-4,-32,-36,-36,-68,-56,-100,-68,-100,-96,-132,-120,-164,-128
2686,0x55694a34e175,W,0x7ffe9f8aeafc,1,-32,-4,-32,-32,-64,-44,-96,-64,-128,-68,-128,-96,-160,-108,-160,-132,0,-20,-32,-28,-64,-32,-64,-60,-96,-84,-96,-96,-128,-116,-160,-124
2688,0x55694a34e178,R,0x7ffe9f8aeafc,1,-32,0,-32,-12,-64,-36,-64,-64,-96,-68,-128,-76,-160,-100,-160,-128,0,-20,-32,-28,-64,-52,-64,-64,-96,-92,-128,-96,-160,-116,-160,-128
2691,0x55694a34e185,R,0x7ffe9f8aeafc,1,0,0,-32,-4,-64,-32,-64,-44,-96,-68,-128,-76,-160,-96,-160,-108,-32,-20,-32,-32,-64,-60,-64,-84,-96,-92,-128,-96,-160,-124,-160,-148
2695,0x55694a34e18d,W,0x7ffe9f8aeae8,1,-20,-20,-52,-24,-84,-32,-84,-56,-116,-84,-116,-96,-148,-116,-180,-120,-12,-8,-12,-32,-44,-44,-76,-64,-108,-72,-108,-96,-140,-108,-140,-136
2698,0x55694a34e16d,W,0x7ffe9f8aeae0,1,-28,-8,-28,-32,-60,-40,-92,-60,-124,-72,-124,-96,-156,-124,-188,-128,-4,-4,-4,-32,-36,-36,-68,-56,-100,-68,-100,-96,-132,-120,-164,-128
2702,0x55694a34e175,W,0x7ffe9f8aeadc,1,-32,-4,-32,-32,-64,-44,-96,-64,-128,-68,-128,-96,-160,-108,-160,-132,0,-20,-32,-28,-64,-32,-64,-60,-96,-84,-96,-96,-128,-116,-160,-124
2704,0x55694a34e178,R,0x7ffe9f8aeadc,1,-32,0,-32,-12,-64,-36,-64,-64,-96,-68,-128,-76,-160,-100,-160,-128,0,-20,-32,-28,-64,-52,-64,-64,-96,-92,-128,-96,-160,-116,-160,-128
2707,0x55694a34e185,R,0x7ffe9f8aeadc,1,0,0,-32,-4,-64,-32,-64,-44,-96,-68,-128,-76,-160,-96,-160,-108,-32,-20,-32,-32,-64,-60,-64,-84,-96,-92,-128,-96,-160,-124,-160,-148
2711,0x55694a34e18d,W,0x7ffe9f8aeac8,1,-20,-20,-52,-24,-84,-32,-84,-56,-116,-84,-116,-96,-148,-116,-180,-120,-12,-8,-12,-32,-44,-44,-76,-64,-108,-72,-108,-96,-140,-108,-140,-136
2714,0x55694a34e16d,W,0x7ffe9f8aeac0,1,-28,-8,-28,-32,-60,-40,-92,-60,-124,-72,-124,-96,-156,-124,-188,-128,-4,-4,-4,-32,-36,-36,-68,-56,-100,-68,-100,-96,-132,-120,-164,-128
2718,0x55694a34e175,W,0x7ffe9f8aeabc,1,-32,-4,-32,-32,-64,-44,-96,-64,-128,-68,-128,-96,-160,-108,-160,-132,0,-20,-32,-28,-64,-32,-64,-60,-96,-84,-96,-96,-128,-116,-160,-124
2720,0x55694a34e178,R,0x7ffe9f8aeabc,1,-32,0,-32,-12,-64,-36,-64,-64,-96,-68,-128,-76,-160,-100,-160,-128,0,-20,-32,-28,-64,-52,-64,-64,-96,-92,-128,-96,-160,-116,-160,-128
2723,0x55694a34e185,R,0x7ffe9f8aeabc,1,0,0,-32,-4,-64,-32,-64,-44,-96,-68,-128,-76,-160,-96,-160,-108,-32,-20,-32,-32,-64,-60,-64,-84,-96,-92,-128,-96,-160,-124,-160,-148
2727,0x55694a34e18d,W,0x7ffe9f8aeaa8,1,-20,-20,-52,-24,-84,-32,-84,-56,-116,-84,-116,-96,-148,-116,-180,-120,-12,-8,-12,-32,-44,-44,-76,-64,-108,-72,-108,-96,-140,-108,-140,-136
2730,0x55694a34e16d,W,0x7ffe9f8aeaa0,1,-28,-8,-28,-32,-60,-40,-92,-60,-124,-72,-124,-96,-156,-124,-188,-128,-4,-4,-4,-32,-36,-36,-68,-56,-100,-68,-100,-96,-132,-120,-164,-128
2734,0x55694a34e175,W,0x7ffe9f8aea9c,1,-32,-4,-32,-32,-64,-44,-96,-64,-128,-68,-128,-96,-160,-108,-160,-132,0,-20,-32,-28,-64,-32,-64,-60,-96,-84,-96,-96,-128,-116,-160,-124
2736,0x55694a34e178,R,0x7ffe9f8aea9c,1,-32,0,-32,-12,-64,-36,-64,-64,-96,-68,-128,-76,-160,-100,-160,-128,0,-20,-32,-28,-64,-52,-64,-64,-96,-92,-128,-96,-160,-116,-160,-128
2739,0x55694a34e185,R,0x7ffe9f8aea9c,1,0,0,-32,-4,-64,-32,-64,-44,-96,-68,-128,-76,-160,-96,-160,-108,-32,-20,-32,-32,-64,-60,-64,-84,-96,-92,-128,-96,-160,-124,-160,-148
2743,0x55694a34e18d,W,0x7ffe9f8aea88,1,-20,-20,-52,-24,-84,-32,-84,-56,-116,-84,-116,-96,-148,-116,-180,-120,-12,-8,-12,-32,-44,-44,-76,-64,-108,-72,-108,-96,-140,-108,-140,-136
2746,0x55694a34e16d,W,0x7ffe9f8aea80,1,-28,-8,-28,-32,-60,-40,-92,-60,-124,-72,-124,-96,-156,-124,-188,-128,-4,-4,-4,-32,-36,-36,-68,-56,-100,-68,-100,-96,-132,-120,-164,-128
2750,0x55694a34e175,W,0x7ffe9f8aea7c,1,-32,-4,-32,-32,-64,-44,-96,-64,-128,-68,-128,-96,-160,-108,-160,-132,0,-20,-32,-28,-64,-32,-64,-60,-96,-84,-96,-96,-128,-116,-160,-124
2752,0x55694a34e178,R,0x7ffe9f8aea7c,1,-32,0,-32,-12,-64,-36,-64,-64,-96,-68,-128,-76,-160,-100,-160,-128,0,-20,-32,-28,-64,-52,-64,-64,-96,-92,-128,-96,-160,-116,-160,-128
2755,0x55694a34e185,R,0x7ffe9f8aea7c,1,0,0,-32,-4,-64,-32,-64,-44,-96,-68,-128,-76,-160,-96,-160,-108,-32,-20,-32,-32,-64,-60,-64,-84,-96,-92,-128,-96,-160,-124,-160,-148
2759,0x55694a34e18d,W,0x7ffe9f8aea68,1,-20,-20,-52,-24,-84,-32,-84,-56,-116,-84,-116,-96,-148,-116,-180,-120,-12,-8,-12,-32,-44,-44,-76,-64,-108,-72,-108,-96,-140,-108,-140,-136
2762,0x55694a34e16d,W,0x7ffe9f8aea60,1,-28,-8,-28,-32,-60,-40,-92,-60,-124,-72,-124,-96,-156,-124,-188,-128,-4,-4,-4,-32,-36,-36,-68,-56,-100,-68,-100,-96,-132,-120,-164,-128
2766,0x55694a34e175,W,0x7ffe9f8aea5c,1,-32,-4,-32,-32,-64,-44,-96,-64,-128,-68,-128,-96,-160,-108,-160,-132,0,-20,-32,-28,-64,-32,-64,-60,-96,-84,-96,-96,-128,-116,-160,-124
2768,0x55694a34e178,R,0x7ffe9f8aea5c,1,-32,0,-32,-12,-64,-36,-64,-64,-96,-68,-128,-76,-160,-100,-160,-128,0,-20,-32,-28,-64,-52,-64,-64,-96,-92,-128,-96,-160,-116,-160,-128
2771,0x55694a34e185,R,0x7ffe9f8aea5c,1,0,0,-32,-4,-64,-32,-64,-44,-96,-68,-128,-76,-160,-96,-160,-108,-32,-20,-32,-32,-64,-60,-64,-84,-96,-92,-128,-96,-160,-124,-160,-148
2775,0x55694a34e18d,W,0x7ffe9f8aea48,1,-20,-20,-52,-24,-84,-32,-84,-56,-116,-84,-116,-96,-148,-116,-180,-120,-12,-8,-12,-32,-44,-44,-76,-64,-108,-72,-108,-96,-140,-108,-140,-136
2778,0x55694a34e16d,W,0x7ffe9f8aea40,1,-28,-8,-28,-32,-60,-40,-92,-60,-124,-72,-124,-96,-156,-124,-188,-128,-4,-4,-4,-32,-36,-36,-68,-56,-100,-68,-100,-96,-132,-120,-164,-128
2782,0x55694a34e175,W,0x7ffe9f8aea3c,1,-32,-4,-32,-32,-64,-44,-96,-64,-128,-68,-128,-96,-160,-108,-160,-132,0,-20,-32,-28,-64,-32,-64,-60,-96,-84,-96,-96,-128,-116,-160,-124
2784,0x55694a34e178,R,0x7ffe9f8aea3c,1,-32,0,-32,-12,-64,-36,-64,-64,-96,-68,-128,-76,-160,-100,-160,-128,0,-20,-32,-28,-64,-52,-64,-64,-96,-92,-128,-96,-160,-116,-160,-128
2787,0x55694a34e185,R,0x7ffe9f8aea3c,1,0,0,-32,-4,-64,-32,-64,-44,-96,-68,-128,-76,-160,-96,-160,-108,-32,-20,-32,-32,-64,-60,-64,-84,-96,-92,-128,-96,-160,-124,-160,-148
2791,0x55694a34e18d,W,0x7ffe9f8aea28,1,-20,-20,-52,-24,-84,-32,-84,-56,-116,-84,-116,-96,-148,-116,-180,-120,-12,-8,-12,-32,-44,-44,-76,-64,-108,-72,-108,-96,-140,-108,-140,-136
2794,0x55694a34e16d,W,0x7ffe9f8aea20,1,-28,-8,-28,-32,-60,-40,-92,-60,-124,-72,-124,-96,-156,-124,-188,-128,-4,-4,-4,-32,-36,-36,-68,-56,-100,-68,-100,-96,-132,-120,-164,-128
2798,0x55694a34e175,W,0x7ffe9f8aea1c,1,-32,-4,-32,-32,-64,-44,-96,-64,-128,-68,-128,-96,-160,-108,-160,-132,0,-20,-32,-28,-64,-32,-64,-60,-96,-84,-96,-96,-128,-116,-160,-124
2800,0x55694a34e178,R,0x7ffe9f8aea1c,1,-32,0,-32,-12,-64,-36,-64,-64,-96,-68,-128,-76,-160,-100,-160,-128,0,-20,-32,-28,-64,-52,-64,-64,-96,-92,-128,-96,-160,-116,-160,-128
2803,0x55694a34e185,R,0x7ffe9f8aea1c,1,0,0,-32,-4,-64,-32,-64,-44,-96,-68,-128,-76,-160,-96,-160,-108,-32,-20,-32,-32,-64,-60,-64,-84,-96,-92,-128,-96,-160,-124,-160,-148
2807,0x55694a34e18d,W,0x7ffe9f8aea08,1,-20,-20,-52,-24,-84,-32,-84,-56,-116,-84,-116,-96,-148,-116,-180,-120,-12,-8,-12,-32,-44,-44,-76,-64,-108,-72,-108,-96,-140,-108,-140,-136
2810,0x55694a34e16d,W,0x7ffe9f8aea00,1,-28,-8,-28,-32,-60,-40,-92,-60,-124,-72,-124,-96,-156,-124,-188,-128,-4,-4,-4,-32,-36,-36,-68,-56,-100,-68,-100,-96,-132,-120,-164,-128
2814,0x55694a34e175,W,0x7ffe9f8ae9fc,1,-32,-4,-32,-32,-64,-44,-96,-64,-128,-68,-128,-96,-160,-108,-160,-132,0,-20,-32,-28,-64,-32,-64,-60,-96,-84,-96,-96,-128,-116,-160,-124
2816,0x55694a34e178,R,0x7ffe9f8ae9fc,1,-32,0,-32,-12,-64,-36,-64,-64,-96,-68,-128,-76,-160,-100,-160,-128,0,-20,-32,-28,-64,-52,-64,-64,-96,-92,-128,-96,-160,-116,-160,-128
2819,0x55694a34e185,R,0x7ffe9f8ae9fc,1,0,0,-32,-4,-64,-32,-64,-44,-96,-68,-128,-76,-160,-96,-160,-108,-32,-20,-32,-32,-64,-60,-64,-84,-96,-92,-128,-96,-160,-124,-160,-148
2823,0x55694a34e18d,W,0x7ffe9f8ae9e8,1,-20,-20,-52,-24,-84,-32,-84,-56,-116,-84,-116,-96,-148,-116,-180,-120,-12,-8,-12,-32,-44,-44,-76,-64,-108,-72,-108,-96,-140,-108,-140,-136
2826,0x55694a34e16d,W,0x7ffe9f8ae9e0,1,-28,-8,-28,-32,-60,-40,-92,-60,-124,-72,-124,-96,-156,-124,-188,-128,-4,-4,-4,-32,-36,-36,-68,-56,-100,-68,-100,-96,-132,-120,-164,-128
2830,0x55694a34e175,W,0x7ffe9f8ae9dc,1,-32,-4,-32,-32,-64,-44,-96,-64,-128,-68,-128,-96,-160,-108,-160,-132,0,-20,-32,-28,-64,-32,-64,-60,-96,-84,-96,-96,-128,-116,-160,-124
2832,0x55694a34e178,R,0x7ffe9f8ae9dc,1,-32,0,-32,-12,-64,-36,-64,-64,-96,-68,-128,-76,-160,-100,-160,-128,0,-20,-32,-28,-64,-52,-64,-64,-96,-92,-128,-96,-160,-116,-160,-128
2835,0x55694a34e185,R,0x7ffe9f8ae9dc,1,0,0,-32,-4,-64,-32,-64,-44,-96,-68,-128,-76,-160,-96,-160,-108,-32,-20,-32,-32,-64,-60,-64,-84,-96,-92,-128,-96,-160,-124,-160,-148
2839,0x55694a34e18d,W,0x7ffe9f8ae9c8,1,-20,-20,-52,-24,-84,-32,-84,-56,-116,-84,-116,-96,-148,-116,-180,-120,-12,-8,-12,-32,-44,-44,-76,-64,-108,-72,-108,-96,-140,-108,-140,-136
2842,0x55694a34e16d,W,0x7ffe9f8ae9c0,1,-28,-8,-28,-32,-60,-40,-92,-60,-124,-72,-124,-96,-156,-124,-188,-128,-4,-4,-4,-32,-36,-36,-68,-56,-100,-68,-100,-96,-132,-120,-164,-128
2846,0x55694a34e175,W,0x7ffe9f8ae9bc,1,-32,-4,-32,-32,-64,-44,-96,-64,-128,-68,-128,-96,-160,-108,-160,-132,0,-20,-32,-28,-64,-32,-64,-60,-96,-84,-96,-96,-128,-116,-160,-124
2848,0x55694a34e178,R,0x7ffe9f8ae9bc,1,-32,0,-32,-12,-64,-36,-64,-64,-96,-68,-128,-76,-160,-100,-160,-128,0,-20,-32,-28,-64,-52,-64,-64,-96,-92,-128,-96,-160,-116,-160,-128
2851,0x55694a34e185,R,0x7ffe9f8ae9bc,1,0,0,-32,-4,-64,-32,-64,-44,-96,-68,-128,-76,-160,-96,-160,-108,-32,-20,-32,-32,-64,-60,-64,-84,-96,-92,-128,-96,-160,-124,-160,-148
2855,0x55694a34e18d,W,0x7ffe9f8ae9a8,1,-20,-20,-52,-24,-84,-32,-84,-56,-116,-84,-116,-96,-148,-116,-180,-120,-12,-8,-12,-32,-44,-44,-76,-64,-108,-72,-108,-96,-140,-108,-140,-136
2858,0x55694a34e16d,W,0x7ffe9f8ae9a0,1,-28,-8,-28,-32,-60,-40,-92,-60,-124,-72,-124,-96,-156,-124,-188,-128,-4,-4,-4,-32,-36,-36,-68,-56,-100,-68,-100,-96,-132,-120,-164,-128
2862,0x55694a34e175,W,0x7ffe9f8ae99c,1,-32,-4,-32,-32,-64,-44,-96,-64,-128,-68,-128,-96,-160,-108,-160,-132,0,-20,-32,-28,-64,-32,-64,-60,-96,-84,-96,-96,-128,-116,-160,-124
2864,0x55694a34e178,R,0x7ffe9f8ae99c,1,-32,0,-32,-12,-64,-36,-64,-64,-96,-68,-128,-76,-160,-100,-160,-128,0,-20,-32,-28,-64,-52,-64,-64,-96,-92,-128,-96,-160,-116,-160,-128
2867,0x55694a34e185,R,0x7ffe9f8ae99c,1,0,0,-32,-4,-64,-32,-64,-44,-96,-68,-128,-76,-160,-96,-160,-108,-32,-20,-32,-32,-64,-60,-64,-84,-96,-92,-128,-96,-160,-124,-160,-148
2871,0x55694a34e18d,W,0x7ffe9f8ae988,1,-20,-20,-52,-24,-84,-32,-84,-56,-116,-84,-116,-96,-148,-116,-180,-120,-12,-8,-12,-32,-44,-44,-76,-64,-108,-72,-108,-96,-140,-108,-140,-136
2874,0x55694a34e16d,W,0x7ffe9f8ae980,1,-28,-8,-28,-32,-60,-40,-92,-60,-124,-72,-124,-96,-156,-124,-188,-128,-4,-4,-4,-32,-36,-36,-68,-56,-100,-68,-100,-96,-132,-120,-164,-128
2878,0x55694a34e175,W,0x7ffe9f8ae97c,1,-32,-4,-32,-32,-64,-44,-96,-64,-128,-68,-128,-96,-160,-108,-160,-132,0,-20,-32,-28,-64,-32,-64,-60,-96,-84,-96,-96,-128,-116,-160,-124
2880,0x55694a34e178,R,0x7ffe9f8ae97c,1,-32,0,-32,-12,-64,-36,-64,-64,-96,-68,-128,-76,-160,-100,-160,-128,0,-20,-32,-28,-64,-52,-64,-64,-96,-92,-128,-96,-160,-116,-160,-128
2883,0x55694a34e185,R,0x7ffe9f8ae97c,1,0,0,-32,-4,-64,-32,-64,-44,-96,-68,-128,-76,-160,-96,-160,-108,-32,-20,-32,-32,-64,-60,-64,-84,-96,-92,-128,-96,-160,-124,-160,-148
2887,0x55694a34e18d,W,0x7ffe9f8ae968,1,-20,-20,-52,-24,-84,-32,-84,-56,-116,-84,-116,-96,-148,-116,-180,-120,-12,-8,-12,-32,-44,-44,-76,-64,-108,-72,-108,-96,-140,-108,-140,-136
2890,0x55694a34e16d,W,0x7ffe9f8ae960,1,-28,-8,-28,-32,-60,-40,-92,-60,-124,-72,-124,-96,-156,-124,-188,-128,-4,-4,-4,-32,-36,-36,-68,-56,-100,-68,-100,-96,-132,-120,-164,-128
2894,0x55694a34e175,W,0x7ffe9f8ae95c,1,-32,-4,-32,-32,-64,-44,-96,-64,-128,-68,-128,-96,-160,-108,-160,-132,0,-20,-32,-28,-64,-32,-64,-60,-96,-84,-96,-96,-128,-116,-160,-124
2896,0x55694a34e178,R,0x7ffe9f8ae95c,1,-32,0,-32,-12,-64,-36,-64,-64,-96,-68,-128,-76,-160,-100,-160,-128,0,-20,-32,-28,-64,-52,-64,-64,-96,-92,-128,-96,-160,-116,-160,-128
2899,0x55694a34e185,R,0x7ffe9f8ae95c,1,0,0,-32,-4,-64,-32,-64,-44,-96,-68,-128,-76,-160,-96,-160,-108,-32,-20,-32,-32,-64,-60,-64,-84,-96,-92,-128,-96,-160,-124,-160,-148
2903,0x55694a34e18d,W,0x7ffe9f8ae948,1,-20,-20,-52,-24,-84,-32,-84,-56,-116,-84,-116,-96,-148,-116,-180,-120,-12,-8,-12,-32,-44,-44,-76,-64,-108,-72,-108,-96,-140,-108,-140,-136
2906,0x55694a34e16d,W,0x7ffe9f8ae940,1,-28,-8,-28,-32,-60,-40,-92,-60,-124,-72,-124,-96,-156,-124,-188,-128,-4,-4,-4,-32,-36,-36,-68,-56,-100,-68,-100,-96,-132,-120,-164,-128
2910,0x55694a34e175,W,0x7ffe9f8ae93c,1,-32,-4,-32,-32,-64,-44,-96,-64,-128,-68,-128,-96,-160,-108,-160,-132,0,-20,-32,-28,-64,-32,-64,-60,-96,-84,-96,-96,-128,-116,-160,-124
2912,0x55694a34e178,R,0x7ffe9f8ae93c,1,-32,0,-32,-12,-64,-36,-64,-64,-96,-68,-128,-76,-160,-100,-160,-128,0,-20,-32,-28,-64,-52,-64,-64,-96,-92,-128,-96,-160,-116,-160,-128
2915,0x55694a34e185,R,0x7ffe9f8ae93c,1,0,0,-32,-4,-64,-32,-64,-44,-96,-68,-128,-76,-160,-96,-160,-108,-32,-20,-32,-32,-64,-60,-64,-84,-96,-92,-128,-96,-160,-124,-160,-148
2919,0x55694a34e18d,W,0x7ffe9f8ae928,1,-20,-20,-52,-24,-84,-32,-84,-56,-116,-84,-116,-96,-148,-116,-180,-120,-12,-8,-12,-32,-44,-44,-76,-64,-108,-72,-108,-96,-140,-108,-140,-136
2922,0x55694a34e16d,W,0x7ffe9f8ae920,1,-28,-8,-28,-32,-60,-40,-92,-60,-124,-72,-124,-96,-156,-124,-188,-128,-4,-4,-4,-32,-36,-36,-68,-56,-100,-68,-100,-96,-132,-120,-164,-128
2926,0x55694a34e175,W,0x7ffe9f8ae91c,1,-32,-4,-32,-32,-64,-44,-96,-64,-128,-68,-128,-96,-160,-108,-160,-132,0,-20,-32,-28,-64,-32,-64,-60,-96,-84,-96,-96,-128,-116,-160,-124
2928,0x55694a34e178,R,0x7ffe9f8ae91c,1,-32,0,-32,-12,-64,-36,-64,-64,-96,-68,-128,-76,-160,-100,-160,-128,0,-20,-32,-28,-64,-52,-64,-64,-96,-92,-128,-96,-160,-116,-160,-128
2931,0x55694a34e185,R,0x7ffe9f8ae91c,1,0,0,-32,-4,-64,-32,-64,-44,-96,-68,-128,-76,-160,-96,-160,-108,-32,-20,-32,-32,-64,-60,-64,-84,-96,-92,-128,-96,-160,-124,-160,-148
2935,0x55694a34e18d,W,0x7ffe9f8ae908,1,-20,-20,-52,-24,-84,-32,-84,-56,-116,-84,-116,-96,-148,-116,-180,-120,-12,-8,-12,-32,-44,-44,-76,-64,-108,-72,-108,-96,-140,-108,-140,-136
2938,0x55694a34e16d,W,0x7ffe9f8ae900,1,-28,-8,-28,-32,-60,-40,-92,-60,-124,-72,-124,-96,-156,-124,-188,-128,-4,-4,-4,-32,-36,-36,-68,-56,-100,-68,-100,-96,-132,-120,-164,-128
2942,0x55694a34e175,W,0x7ffe9f8ae8fc,1,-32,-4,-32,-32,-64,-44,-96,-64,-128,-68,-128,-96,-160,-108,-160,-132,0,-20,-32,-28,-64,-32,-64,-60,-96,-84,-96,-96,-128,-116,-160,-124
2944,0x55694a34e178,R,0x7ffe9f8ae8fc,1,-32,0,-32,-12,-64,-36,-64,-64,-96,-68,-128,-76,-160,-100,-160,-128,0,-20,-32,-28,-64,-52,-64,-64,-96,-92,-128,-96,-160,-116,-160,-128
2947,0x55694a34e185,R,0x7ffe9f8ae8fc,1,0,0,-32,-4,-64,-32,-64,-44,-96,-68,-128,-76,-160,-96,-160,-108,-32,-20,-32,-32,-64,-60,-64,-84,-96,-92,-128,-96,-160,-124,-160,-148
2951,0x55694a34e18d,W,0x7ffe9f8ae8e8,1,-20,-20,-52,-24,-84,-32,-84,-56,-116,-84,-116,-96,-148,-116,-180,-120,-12,-8,-12,-32,-44,-44,-76,-64,-108,-72,-108,-96,-140,-108,-140,-136
2954,0x55694a34e16d,W,0x7ffe9f8ae8e0,1,-28,-8,-28,-32,-60,-40,-92,-60,-124,-72,-124,-96,-156,-124,-188,-128,-4,-4,-4,-32,-36,-36,-68,-56,-100,-68,-100,-96,-132,-120,-164,-128
2958,0x55694a34e175,W,0x7ffe9f8ae8dc,1,-32,-4,-32,-32,-64,-44,-96,-64,-128,-68,-128,-96,-160,-108,-160,-132,0,-20,-32,-28,-64,-32,-64,-60,-96,-84,-96,-96,-128,-116,-160,-124
2960,0x55694a34e178,R,0x7ffe9f8ae8dc,1,-32,0,-32,-12,-64,-36,-64,-64,-96,-68,-128,-76,-160,-100,-160,-128,0,-20,-32,-28,-64,-52,-64,-64,-96,-92,-128,-96,-160,-116,-160,-128
2963,0x55694a34e185,R,0x7ffe9f8ae8dc,1,0,0,-32,-4,-64,-32,-64,-44,-96,-68,-128,-76,-160,-96,-160,-108,-32,-20,-32,-32,-64,-60,-64,-84,-96,-92,-128,-96,-160,-124,-160,-148
2967,0x55694a34e18d,W,0x7ffe9f8ae8c8,1,-20,-20,-52,-24,-84,-32,-84,-56,-116,-84,-116,-96,-148,-116,-180,-120,-12,-8,-12,-32,-44,-44,-76,-64,-108,-72,-108,-96,-140,-108,-140,-136
2970,0x55694a34e16d,W,0x7ffe9f8ae8c0,1,-28,-8,-28,-32,-60,-40,-92,-60,-124,-72,-124,-96,-156,-124,-188,-128,-4,-4,-4,-32,-36,-36,-68,-56,-100,-68,-100,-96,-132,-120,-164,-128
2974,0x55694a34e175,W,0x7ffe9f8ae8bc,1,-32,-4,-32,-32,-64,-44,-96,-64,-128,-68,-128,-96,-160,-108,-160,-132,0,-20,-32,-28,-64,-32,-64,-60,-96,-84,-96,-96,-128,-116,-160,-124
2976,0x55694a34e178,R,0x7ffe9f8ae8bc,1,-32,0,-32,-12,-64,-36,-64,-64,-96,-68,-128,-76,-160,-100,-160,-128,0,-20,-32,-28,-64,-52,-64,-64,-96,-92,-128,-96,-160,-116,-160,-128
2979,0x55694a34e185,R,0x7ffe9f8ae8bc,1,0,0,-32,-4,-64,-32,-64,-44,-96,-68,-128,-76,-160,-96,-160,-108,-32,-20,-32,-32,-64,-60,-64,-84,-96,-92,-128,-96,-160,-124,-160,-148
2983,0x55694a34e18d,W,0x7ffe9f8ae8a8,1,-20,-20,-52,-24,-84,-32,-84,-56,-116,-84,-116,-96,-148,-116,-180,-120,-12,-8,-12,-32,-44,-44,-76,-64,-108,-72,-108,-96,-140,-108,-140,-136
2986,0x55694a34e16d,W,0x7ffe9f8ae8a0,1,-28,-8,-28,-32,-60,-40,-92,-60,-124,-72,-124,-96,-156,-124,-188,-128,-4,-4,-4,-32,-36,-36,-68,-56,-100,-68,-100,-96,-132,-120,-164,-128
2990,0x55694a34e175,W,0x7ffe9f8ae89c,1,-32,-4,-32,-32,-64,-44,-96,-64,-128,-68,-128,-96,-160,-108,-160,-132,0,-20,-32,-28,-64,-32,-64,-60,-96,-84,-96,-96,-128,-116,-160,-124
2992,0x55694a34e178,R,0x7ffe9f8ae89c,1,-32,0,-32,-12,-64,-36,-64,-64,-96,-68,-128,-76,-160,-100,-160,-128,0,-20,-32,-28,-64,-52,-64,-64,-96,-92,-128,-96,-160,-116,-160,-128
2995,0x55694a34e185,R,0x7ffe9f8ae89c,1,0,0,-32,-4,-64,-32,-64,-44,-96,-68,-128,-76,-160,-96,-160,-108,-32,-20,-32,-32,-64,-60,-64,-84,-96,-92,-128,-96,-160,-124,-160,-148
2999,0x55694a34e18d,W,0x7ffe9f8ae888,1,-20,-20,-52,-24,-84,-32,-84,-56,-116,-84,-116,-96,-148,-116,-180,-120,-12,-8,-12,-32,-44,-44,-76,-64,-108,-72,-108,-96,-140,-108,-140,-136
3002,0x55694a34e16d,W,0x7ffe9f8ae880,1,-28,-8,-28,-32,-60,-40,-92,-60,-124,-72,-124,-96,-156,-124,-188,-128,-4,-4,-4,-32,-36,-36,-68,-56,-100,-68,-100,-96,-132,-120,-164,-128
3006,0x55694a34e175,W,0x7ffe9f8ae87c,1,-32,-4,-32,-32,-64,-44,-96,-64,-128,-68,-128,-96,-160,-108,-160,-132,0,-20,-32,-28,-64,-32,-64,-60,-96,-84,-96,-96,-128,-116,-160,-124
3008,0x55694a34e178,R,0x7ffe9f8ae87c,1,-32,0,-32,-12,-64,-36,-64,-64,-96,-68,-128,-76,-160,-100,-160,-128,0,-20,-32,-28,-64,-52,-64,-64,-96,-92,-128,-96,-160,-116,-160,-128
3011,0x55694a34e185,R,0x7ffe9f8ae87c,1,0,0,-32,-4,-64,-32,-64,-44,-96,-68,-128,-76,-160,-96,-160,-108,-32,-20,-32,-32,-64,-60,-64,-84,-96,-92,-128,-96,-160,-124,-160,-148
3015,0x55694a34e18d,W,0x7ffe9f8ae868,1,-20,-20,-52,-24,-84,-32,-84,-56,-116,-84,-116,-96,-148,-116,-180,-120,-12,-8,-12,-32,-44,-44,-76,-64,-108,-72,-108,-96,-140,-108,-140,-136
3018,0x55694a34e16d,W,0x7ffe9f8ae860,1,-28,-8,-28,-32,-60,-40,-92,-60,-124,-72,-124,-96,-156,-124,-188,-128,-4,-4,-4,-32,-36,-36,-68,-56,-100,-68,-100,-96,-132,-120,-164,-128
3022,0x55694a34e175,W,0x7ffe9f8ae85c,1,-32,-4,-32,-32,-64,-44,-96,-64,-128,-68,-128,-96,-160,-108,-160,-132,0,-20,-32,-28,-64,-32,-64,-60,-96,-84,-96,-96,-128,-116,-160,-124
3024,0x55694a34e178,R,0x7ffe9f8ae85c,1,-32,0,-32,-12,-64,-36,-64,-64,-96,-68,-128,-76,-160,-100,-160,-128,0,-20,-32,-28,-64,-52,-64,-64,-96,-92,-128,-96,-160,-116,-160,-128
3027,0x55694a34e185,R,0x7ffe9f8ae85c,1,0,0,-32,-4,-64,-32,-64,-44,-96,-68,-128,-76,-160,-96,-160,-108,-32,-20,-32,-32,-64,-60,-64,-84,-96,-92,-128,-96,-160,-124,-160,-148
3031,0x55694a34e18d,W,0x7ffe9f8ae848,1,-20,-20,-52,-24,-84,-32,-84,-56,-116,-84,-116,-96,-148,-116,-180,-120,-12,-8,-12,-32,-44,-44,-76,-64,-108,-72,-108,-96,-140,-108,-140,-136
3034,0x55694a34e16d,W,0x7ffe9f8ae840,1,-28,-8,-28,-32,-60,-40,-92,-60,-124,-72,-124,-96,-156,-124,-188,-128,-4,-4,-4,-32,-36,-36,-68,-56,-100,-68,-100,-96,-132,-120,-164,-128
3038,0x55694a34e175,W,0x7ffe9f8ae83c,1,-32,-4,-32,-32,-64,-44,-96,-64,-128,-68,-128,-96,-160,-108,-160,-132,0,-20,-32,-28,-64,-32,-64,-60,-96,-84,-96,-96,-128,-116,-160,-124
3040,0x55694a34e178,R,0x7ffe9f8ae83c,1,-32,0,-32,-12,-64,-36,-64,-64,-96,-68,-128,-76,-160,-100,-160,-128,0,-20,-32,-28,-64,-52,-64,-64,-96,-92,-128,-96,-160,-116,-160,-128
3043,0x55694a34e185,R,0x7ffe9f8ae83c,1,0,0,-32,-4,-64,-32,-64,-44,-96,-68,-128,-76,-160,-96,-160,-108,-32,-20,-32,-32,-64,-60,-64,-84,-96,-92,-128,-96,-160,-124,-160,-148
3047,0x55694a34e18d,W,0x7ffe9f8ae828,1,-20,-20,-52,-24,-84,-32,-84,-56,-116,-84,-116,-96,-148,-116,-180,-120,-12,-8,-12,-32,-44,-44,-76,-64,-108,-72,-108,-96,-140,-108,-140,-136
3050,0x55694a34e16d,W,0x7ffe9f8ae820,1,-28,-8,-28,-32,-60,-40,-92,-60,-124,-72,-124,-96,-156,-124,-188,-128,-4,-4,-4,-32,-36,-36,-68,-56,-100,-68,-100,-96,-132,-120,-164,-128
3054,0x55694a34e175,W,0x7ffe9f8ae81c,1,-32,-4,-32,-32,-64,-44,-96,-64,-128,-68,-128,-96,-160,-108,-160,-132,0,-20,-32,-28,-64,-32,-64,-60,-96,-84,-96,-96,-128,-116,-160,-124
3056,0x55694a34e178,R,0x7ffe9f8ae81c,1,-32,0,-32,-12,-64,-36,-64,-64,-96,-68,-128,-76,-160,-100,-160,-128,0,-20,-32,-28,-64,-52,-64,-64,-96,-92,-128,-96,-160,-116,-160,-128
3059,0x55694a34e185,R,0x7ffe9f8ae81c,1,0,0,-32,-4,-64,-32,-64,-44,-96,-68,-128,-76,-160,-96,-160,-108,-32,-20,-32,-32,-64,-60,-64,-84,-96,-92,-128,-96,-160,-124,-160,-148
3063,0x55694a34e18d,W,0x7ffe9f8ae808,1,-20,-20,-52,-24,-84,-32,-84,-56,-116,-84,-116,-96,-148,-116,-180,-120,-12,-8,-12,-32,-44,-44,-76,-64,-108,-72,-108,-96,-140,-108,-140,-136
3066,0x55694a34e16d,W,0x7ffe9f8ae800,1,-28,-8,-28,-32,-60,-40,-92,-60,-124,-72,-124,-96,-156,-124,-188,-128,-4,-4,-4,-32,-36,-36,-68,-56,-100,-68,-100,-96,-132,-120,-164,-128
3070,0x55694a34e175,W,0x7ffe9f8ae7fc,1,-32,-4,-32,-32,-64,-44,-96,-64,-128,-68,-128,-96,-160,-108,-160,-132,0,-20,-32,-28,-64,-32,-64,-60,-96,-84,-96,-96,-128,-116,-160,-124
3072,0x55694a34e178,R,0x7ffe9f8ae7fc,1,-32,0,-32,-12,-64,-36,-64,-64,-96,-68,-128,-76,-160,-100,-160,-128,0,-20,-32,-28,-64,-52,-64,-64,-96,-92,-128,-96,-160,-116,-160,-128
3075,0x55694a34e185,R,0x7ffe9f8ae7fc,1,0,0,-32,-4,-64,-32,-64,-44,-96,-68,-128,-76,-160,-96,-160,-108,-32,-20,-32,-32,-64,-60,-64,-84,-96,-92,-128,-96,-160,-124,-160,-148
3079,0x55694a34e18d,W,0x7ffe9f8ae7e8,1,-20,-20,-52,-24,-84,-32,-84,-56,-116,-84,-116,-96,-148,-116,-180,-120,-12,-8,-12,-32,-44,-44,-76,-64,-108,-72,-108,-96,-140,-108,-140,-136
3082,0x55694a34e16d,W,0x7ffe9f8ae7e0,1,-28,-8,-28,-32,-60,-40,-92,-60,-124,-72,-124,-96,-156,-124,-188,-128,-4,-4,-4,-32,-36,-36,-68,-56,-100,-68,-100,-96,-132,-120,-164,-128
3086,0x55694a34e175,W,0x7ffe9f8ae7dc,1,-32,-4,-32,-32,-64,-44,-96,-64,-128,-68,-128,-96,-160,-108,-160,-132,0,-20,-32,-28,-64,-32,-64,-60,-96,-84,-96,-96,-128,-116,-160,-124
3088,0x55694a34e178,R,0x7ffe9f8ae7dc,1,-32,0,-32,-12,-64,-36,-64,-64,-96,-68,-128,-76,-160,-100,-160,-128,0,-20,-32,-28,-64,-52,-64,-64,-96,-92,-128,-96,-160,-116,-160,-128
3091,0x55694a34e185,R,0x7ffe9f8ae7dc,1,0,0,-32,-4,-64,-32,-64,-44,-96,-68,-128,-76,-160,-96,-160,-108,-32,-20,-32,-32,-64,-60,-64,-84,-96,-92,-128,-96,-160,-124,-160,-148
3095,0x55694a34e18d,W,0x7ffe9f8ae7c8,1,-20,-20,-52,-24,-84,-32,-84,-56,-116,-84,-116,-96,-148,-116,-180,-120,-12,-8,-12,-32,-44,-44,-76,-64,-108,-72,-108,-96,-140,-108,-140,-136
3098,0x55694a34e16d,W,0x7ffe9f8ae7c0,1,-28,-8,-28,-32,-60,-40,-92,-60,-124,-72,-124,-96,-156,-124,-188,-128,-4,-4,-4,-32,-36,-36,-68,-56,-100,-68,-100,-96,-132,-120,-164,-128
3102,0x55694a34e175,W,0x7ffe9f8ae7bc,1,-32,-4,-32,-32,-64,-44,-96,-64,-128,-68,-128,-96,-160,-108,-160,-132,0,-20,-32,-28,-64,-32,-64,-60,-96,-84,-96,-96,-128,-116,-160,-124
3104,0x55694a34e178,R,0x7ffe9f8ae7bc,1,-32,0,-32,-12,-64,-36,-64,-64,-96,-68,-128,-76,-160,-100,-160,-128,0,-20,-32,-28,-64,-52,-64,-64,-96,-92,-128,-96,-160,-116,-160,-128
3107,0x55694a34e185,R,0x7ffe9f8ae7bc,1,0,0,-32,-4,-64,-32,-64,-44,-96,-68,-128,-76,-160,-96,-160,-108,-32,-20,-32,-32,-64,-60,-64,-84,-96,-92,-128,-96,-160,-124,-160,-148
3111,0x55694a34e18d,W,0x7ffe9f8ae7a8,1,-20,-20,-52,-24,-84,-32,-84,-56,-116,-84,-116,-96,-148,-116,-180,-120,-12,-8,-12,-32,-44,-44,-76,-64,-108,-72,-108,-96,-140,-108,-140,-136
3114,0x55694a34e16d,W,0x7ffe9f8ae7a0,1,-28,-8,-28,-32,-60,-40,-92,-60,-124,-72,-124,-96,-156,-124,-188,-128,-4,-4,-4,-32,-36,-36,-68,-56,-100,-68,-100,-96,-132,-120,-164,-128
3118,0x55694a34e175,W,0x7ffe9f8ae79c,1,-32,-4,-32,-32,-64,-44,-96,-64,-128,-68,-128,-96,-160,-108,-160,-132,0,-20,-32,-28,-64,-32,-64,-60,-96,-84,-96,-96,-128,-116,-160,-124
3120,0x55694a34e178,R,0x7ffe9f8ae79c,1,-32,0,-32,-12,-64,-36,-64,-64,-96,-68,-128,-76,-160,-100,-160,-128,0,-20,-32,-28,-64,-52,-64,-64,-96,-92,-128,-96,-160,-116,-160,-128
3123,0x55694a34e185,R,0x7ffe9f8ae79c,1,0,0,-32,-4,-64,-32,-64,-44,-96,-68,-128,-76,-160,-96,-160,-108,-32,-20,-32,-32,-64,-60,-64,-84,-96,-92,-128,-96,-160,-124,-160,-148
3127,0x55694a34e18d,W,0x7ffe9f8ae788,1,-20,-20,-52,-24,-84,-32,-84,-56,-116,-84,-116,-96,-148,-116,-180,-120,-12,-8,-12,-32,-44,-44,-76,-64,-108,-72,-108,-96,-140,-108,-140,-136
3130,0x55694a34e16d,W,0x7ffe9f8ae780,1,-28,-8,-28,-32,-60,-40,-92,-60,-124,-72,-124,-96,-156,-124,-188,-128,-4,-4,-4,-32,-36,-36,-68,-56,-100,-68,-100,-96,-132,-120,-164,-128
3134,0x55694a34e175,W,0x7ffe9f8ae77c,1,-32,-4,-32,-32,-64,-44,-96,-64,-128,-68,-128,-96,-160,-108,-160,-132,0,-20,-32,-28,-64,-32,-64,-60,-96,-84,-96,-96,-128,-116,-160,-124
3136,0x55694a34e178,R,0x7ffe9f8ae77c,1,-32,0,-32,-12,-64,-36,-64,-64,-96,-68,-128,-76,-160,-100,-160,-128,0,-20,-32,-28,-64,-52,-64,-64,-96,-92,-128,-96,-160,-116,-160,-128
3139,0x55694a34e185,R,0x7ffe9f8ae77c,1,0,0,-32,-4,-64,-32,-64,-44,-96,-68,-128,-76,-160,-96,-160,-108,-32,-20,-32,-32,-64,-60,-64,-84,-96,-92,-128,-96,-160,-124,-160,-148
3143,0x55694a34e18d,W,0x7ffe9f8ae768,1,-20,-20,-52,-24,-84,-32,-84,-56,-116,-84,-116,-96,-148,-116,-180,-120,-12,-8,-12,-32,-44,-44,-76,-64,-108,-72,-108,-96,-140,-108,-140,-136
3146,0x55694a34e16d,W,0x7ffe9f8ae760,1,-28,-8,-28,-32,-60,-40,-92,-60,-124,-72,-124,-96,-156,-124,-188,-128,-4,-4,-4,-32,-36,-36,-68,-56,-100,-68,-100,-96,-132,-120,-164,-128
3150,0x55694a34e175,W,0x7ffe9f8ae75c,1,-32,-4,-32,-32,-64,-44,-96,-64,-128,-68,-128,-96,-160,-108,-160,-132,0,-20,-32,-28,-64,-32,-64,-60,-96,-84,-96,-96,-128,-116,-160,-124
3152,0x55694a34e178,R,0x7ffe9f8ae75c,1,-32,0,-32,-12,-64,-36,-64,-64,-96,-68,-128,-76,-160,-100,-160,-128,0,-20,-32,-28,-64,-52,-64,-64,-96,-92,-128,-96,-160,-116,-160,-128
3155,0x55694a34e185,R,0x7ffe9f8ae75c,1,0,0,-32,-4,-64,-32,-64,-44,-96,-68,-128,-76,-160,-96,-160,-108,-32,-20,-32,-32,-64,-60,-64,-84,-96,-92,-128,-96,-160,-124,-160,-148
3159,0x55694a34e18d,W,0x7ffe9f8ae748,1,-20,-20,-52,-24,-84,-32,-84,-56,-116,-84,-116,-96,-148,-116,-180,-120,-12,-8,-12,-32,-44,-44,-76,-64,-108,-72,-108,-96,-140,-108,-140,-136
3162,0x55694a34e16d,W,0x7ffe9f8ae740,1,-28,-8,-28,-32,-60,-40,-92,-60,-124,-72,-124,-96,-156,-124,-188,-128,-4,-4,-4,-32,-36,-36,-68,-56,-100,-68,-100,-96,-132,-120,-164,-128
3166,0x55694a34e175,W,0x7ffe9f8ae73c,1,-32,-4,-32,-32,-64,-44,-96,-64,-128,-68,-128,-96,-160,-108,-160,-132,0,-20,-32,-28,-64,-32,-64,-60,-96,-84,-96,-96,-128,-116,-160,-124
3168,0x55694a34e178,R,0x7ffe9f8ae73c,1,-32,0,-32,-12,-64,-36,-64,-64,-96,-68,-128,-76,-160,-100,-160,-128,0,-20,-32,-28,-64,-52,-64,-64,-96,-92,-128,-96,-160,-116,-160,-128
3171,0x55694a34e185,R,0x7ffe9f8ae73c,1,0,0,-32,-4,-64,-32,-64,-44,-96,-68,-128,-76,-160,-96,-160,-108,-32,-20,-32,-32,-64,-60,-64,-84,-96,-92,-128,-96,-160,-124,-160,-148
3175,0x55694a34e18d,W,0x7ffe9f8ae728,1,-20,-20,-52,-24,-84,-32,-84,-56,-116,-84,-116,-96,-148,-116,-180,-120,-12,-8,-12,-32,-44,-44,-76,-64,-108,-72,-108,-96,-140,-108,-140,-136
3178,0x55694a34e16d,W,0x7ffe9f8ae720,1,-28,-8,-28,-32,-60,-40,-92,-60,-124,-72,-124,-96,-156,-124,-188,-128,-4,-4,-4,-32,-36,-36,-68,-56,-100,-68,-100,-96,-132,-120,-164,-128
3182,0x55694a34e175,W,0x7ffe9f8ae71c,1,-32,-4,-32,-32,-64,-44,-96,-64,-128,-68,-128,-96,-160,-108,-160,-132,0,-20,-32,-28,-64,-32,-64,-60,-96,-84,-96,-96,-128,-116,-160,-124
3184,0x55694a34e178,R,0x7ffe9f8ae71c,1,-32,0,-32,-12,-64,-36,-64,-64,-96,-68,-128,-76,-160,-100,-160,-128,0,-20,-32,-28,-64,-52,-64,-64,-96,-92,-128,-96,-160,-116,-160,-128
3187,0x55694a34e185,R,0x7ffe9f8ae71c,1,0,0,-32,-4,-64,-32,-64,-44,-96,-68,-128,-76,-160,-96,-160,-108,-32,-20,-32,-32,-64,-60,-64,-84,-96,-92,-128,-96,-160,-124,-160,-148
3191,0x55694a34e18d,W,0x7ffe9f8ae708,1,-20,-20,-52,-24,-84,-32,-84,-56,-116,-84,-116,-96,-148,-116,-180,-120,-12,-8,-12,-32,-44,-44,-76,-64,-108,-72,-108,-96,-140,-108,-140,-136
3194,0x55694a34e16d,W,0x7ffe9f8ae700,1,-28,-8,-28,-32,-60,-40,-92,-60,-124,-72,-124,-96,-156,-124,-188,-128,-4,-4,-4,-32,-36,-36,-68,-56,-100,-68,-100,-96,-132,-120,-164,-128
3198,0x55694a34e175,W,0x7ffe9f8ae6fc,1,-32,-4,-32,-32,-64,-44,-96,-64,-128,-68,-128,-96,-160,-108,-160,-132,0,-20,-32,-28,-64,-32,-64,-60,-96,-84,-96,-96,-128,-116,-160,-124
3200,0x55694a34e178,R,0x7ffe9f8ae6fc,1,-32,0,-32,-12,-64,-36,-64,-64,-96,-68,-128,-76,-160,-100,-160,-128,0,-20,-32,-28,-64,-52,-64,-64,-96,-92,-128,-96,-160,-116,-160,-128
3203,0x55694a34e185,R,0x7ffe9f8ae6fc,1,0,0,-32,-4,-64,-32,-64,-44,-96,-68,-128,-76,-160,-96,-160,-108,-32,-20,-32,-32,-64,-60,-64,-84,-96,-92,-128,-96,-160,-124,-160,-148
3207,0x55694a34e18d,W,0x7ffe9f8ae6e8,1,-20,-20,-52,-24,-84,-32,-84,-56,-116,-84,-116,-96,-148,-116,-180,-120,-12,-8,-12,-32,-44,-44,-76,-64,-108,-72,-108,-96,-140,-108,-140,-136
3210,0x55694a34e16d,W,0x7ffe9f8ae6e0,1,-28,-8,-28,-32,-60,-40,-92,-60,-124,-72,-124,-96,-156,-124,-188,-128,-4,-4,-4,-32,-36,-36,-68,-56,-100,-68,-100,-96,-132,-120,-164,-128
3214,0x55694a34e175,W,0x7ffe9f8ae6dc,1,-32,-4,-32,-32,-64,-44,-96,-64,-128,-68,-128,-96,-160,-108,-160,-132,0,-20,-32,-28,-64,-32,-64,-60,-96,-84,-96,-96,-128,-116,-160,-124
3216,0x55694a34e178,R,0x7ffe9f8ae6dc,1,-32,0,-32,-12,-64,-36,-64,-64,-96,-68,-128,-76,-160,-100,-160,-128,0,-20,-32,-28,-64,-52,-64,-64,-96,-92,-128,-96,-160,-116,-160,-128
3219,0x55694a34e185,R,0x7ffe9f8ae6dc,1,0,0,-32,-4,-64,-32,-64,-44,-96,-68,-128,-76,-160,-96,-160,-108,-32,-20,-32,-32,-64,-60,-64,-84,-96,-92,-128,-96,-160,-124,-160,-148
3223,0x55694a34e18d,W,0x7ffe9f8ae6c8,1,-20,-20,-52,-24,-84,-32,-84,-56,-116,-84,-116,-96,-148,-116,-180,-120,-12,-8,-12,-32,-44,-44,-76,-64,-108,-72,-108,-96,-140,-108,-140,-136
3226,0x55694a34e16d,W,0x7ffe9f8ae6c0,1,-28,-8,-28,-32,-60,-40,-92,-60,-124,-72,-124,-96,-156,-124,-188,-128,-4,-4,-4,-32,-36,-36,-68,-56,-100,-68,-100,-96,-132,-120,-164,-128
3230,0x55694a34e175,W,0x7ffe9f8ae6bc,1,-32,-4,-32,-32,-64,-44,-96,-64,-128,-68,-128,-96,-160,-108,-160,-132,0,-20,-32,-28,-64,-32,-64,-60,-96,-84,-96,-96,-128,-116,-160,-124
3232,0x55694a34e178,R,0x7ffe9f8ae6bc,1,-32,0,-32,-12,-64,-36,-64,-64,-96,-68,-128,-76,-160,-100,-160,-128,0,-20,-32,-28,-64,-52,-64,-64,-96,-92,-128,-96,-160,-116,-160,-128
3235,0x55694a34e185,R,0x7ffe9f8ae6bc,1,0,0,-32,-4,-64,-32,-64,-44,-96,-68,-128,-76,-160,-96,-160,-108,-32,-20,-32,-32,-64,-60,-64,-84,-96,-92,-128,-96,-160,-124,-160,-148
3239,0x55694a34e18d,W,0x7ffe9f8ae6a8,1,-20,-20,-52,-24,-84,-32,-84,-56,-116,-84,-116,-96,-148,-116,-180,-120,-12,-8,-12,-32,-44,-44,-76,-64,-108,-72,-108,-96,-140,-108,-140,-136
3242,0x55694a34e16d,W,0x7ffe9f8ae6a0,1,-28,-8,-28,-32,-60,-40,-92,-60,-124,-72,-124,-96,-156,-124,-188,-128,-4,-4,-4,-32,-36,-36,-68,-56,-100,-68,-100,-96,-132,-120,-164,-128
3246,0x55694a34e175,W,0x7ffe9f8ae69c,1,-32,-4,-32,-32,-64,-44,-96,-64,-128,-68,-128,-96,-160,-108,-160,-132,0,-20,-32,-28,-64,-32,-64,-60,-96,-84,-96,-96,-128,-116,-160,-124
3248,0x55694a34e178,R,0x7ffe9f8ae69c,1,-32,0,-32,-12,-64,-36,-64,-64,-96,-68,-128,-76,-160,-100,-160,-128,0,-20,-32,-28,-64,-52,-64,-64,-96,-92,-128,-96,-160,-116,-160,-128
3251,0x55694a34e185,R,0x7ffe9f8ae69c,1,0,0,-32,-4,-64,-32,-64,-44,-96,-68,-128,-76,-160,-96,-160,-108,-32,-20,-32,-32,-64,-60,-64,-84,-96,-92,-128,-96,-160,-124,-160,-148
3255,0x55694a34e18d,W,0x7ffe9f8ae688,1,-20,-20,-52,-24,-84,-32,-84,-56,-116,-84,-116,-96,-148,-116,-180,-120,-12,-8,-12,-32,-44,-44,-76,-64,-108,-72,-108,-96,-140,-108,-140,-136
3258,0x55694a34e16d,W,0x7ffe9f8ae680,1,-28,-8,-28,-32,-60,-40,-92,-60,-124,-72,-124,-96,-156,-124,-188,-128,-4,-4,-4,-32,-36,-36,-68,-56,-100,-68,-100,-96,-132,-120,-164,-128
3262,0x55694a34e175,W,0x7ffe9f8ae67c,1,-32,-4,-32,-32,-64,-44,-96,-64,-128,-68,-128,-96,-160,-108,-160,-132,0,-20,-32,-28,-64,-32,-64,-60,-96,-84,-96,-96,-128,-116,-160,-124
3264,0x55694a34e178,R,0x7ffe9f8ae67c,1,-32,0,-32,-12,-64,-36,-64,-64,-96,-68,-128,-76,-160,-100,-160,-128,0,-20,-32,-28,-64,-52,-64,-64,-96,-92,-128,-96,-160,-116,-160,-128
3267,0x55694a34e185,R,0x7ffe9f8ae67c,1,0,0,-32,-4,-64,-32,-64,-44,-96,-68,-128,-76,-160,-96,-160,-108,-32,-20,-32,-32,-64,-60,-64,-84,-96,-92,-128,-96,-160,-124,-160,-148
3271,0x55694a34e18d,W,0x7ffe9f8ae668,1,-20,-20,-52,-24,-84,-32,-84,-56,-116,-84,-116,-96,-148,-116,-180,-120,-12,-8,-12,-32,-44,-44,-76,-64,-108,-72,-108,-96,-140,-108,-140,-136
3274,0x55694a34e16d,W,0x7ffe9f8ae660,1,-28,-8,-28,-32,-60,-40,-92,-60,-124,-72,-124,-96,-156,-124,-188,-128,-4,-4,-4,-32,-36,-36,-68,-56,-100,-68,-100,-96,-132,-120,-164,-128
3278,0x55694a34e175,W,0x7ffe9f8ae65c,1,-32,-4,-32,-32,-64,-44,-96,-64,-128,-68,-128,-96,-160,-108,-160,-132,0,-20,-32,-28,-64,-32,-64,-60,-96,-84,-96,-96,-128,-116,-160,-124
3280,0x55694a34e178,R,0x7ffe9f8ae65c,1,-32,0,-32,-12,-64,-36,-64,-64,-96,-68,-128,-76,-160,-100,-160,-128,0,-20,-32,-28,-64,-52,-64,-64,-96,-92,-128,-96,-160,-116,-160,-128
3283,0x55694a34e185,R,0x7ffe9f8ae65c,1,0,0,-32,-4,-64,-32,-64,-44,-96,-68,-128,-76,-160,-96,-160,-108,-32,-20,-32,-32,-64,-60,-64,-84,-96,-92,-128,-96,-160,-124,-160,-148
3287,0x55694a34e18d,W,0x7ffe9f8ae648,1,-20,-20,-52,-24,-84,-32,-84,-56,-116,-84,-116,-96,-148,-116,-180,-120,-12,-8,-12,-32,-44,-44,-76,-64,-108,-72,-108,-96,-140,-108,-140,-136
3290,0x55694a34e16d,W,0x7ffe9f8ae640,1,-28,-8,-28,-32,-60,-40,-92,-60,-124,-72,-124,-96,-156,-124,-188,-128,-4,-4,-4,-32,-36,-36,-68,-56,-100,-68,-100,-96,-132,-120,-164,-128
3294,0x55694a34e175,W,0x7ffe9f8ae63c,1,-32,-4,-32,-32,-64,-44,-96,-64,-128,-68,-128,-96,-160,-108,-160,-132,0,-20,-32,-28,-64,-32,-64,-60,-96,-84,-96,-96,-128,-116,-160,-124
3296,0x55694a34e178,R,0x7ffe9f8ae63c,1,-32,0,-32,-12,-64,-36,-64,-64,-96,-68,-128,-76,-160,-100,-160,-128,0,-20,-32,-28,-64,-52,-64,-64,-96,-92,-128,-96,-160,-116,-160,-128
3299,0x55694a34e185,R,0x7ffe9f8ae63c,1,0,0,-32,-4,-64,-32,-64,-44,-96,-68,-128,-76,-160,-96,-160,-108,-32,-20,-32,-32,-64,-60,-64,-84,-96,-92,-128,-96,-160,-124,-160,-148
3303,0x55694a34e18d,W,0x7ffe9f8ae628,1,-20,-20,-52,-24,-84,-32,-84,-56,-116,-84,-116,-96,-148,-116,-180,-120,-12,-8,-12,-32,-44,-44,-76,-64,-108,-72,-108,-96,-140,-108,-140,-136
3306,0x55694a34e16d,W,0x7ffe9f8ae620,1,-28,-8,-28,-32,-60,-40,-92,-60,-124,-72,-124,-96,-156,-124,-188,-128,-4,-4,-4,-32,-36,-36,-68,-56,-100,-68,-100,-96,-132,-120,-164,-128
3310,0x55694a34e175,W,0x7ffe9f8ae61c,1,-32,-4,-32,-32,-64,-44,-96,-64,-128,-68,-128,-96,-160,-108,-160,-132,0,-20,-32,-28,-64,-32,-64,-60,-96,-84,-96,-96,-128,-116,-160,-124
3312,0x55694a34e178,R,0x7ffe9f8ae61c,1,-32,0,-32,-12,-64,-36,-64,-64,-96,-68,-128,-76,-160,-100,-160,-128,0,-20,-32,-28,-64,-52,-64,-64,-96,-92,-128,-96,-160,-116,-160,-128
3315,0x55694a34e185,R,0x7ffe9f8ae61c,1,0,0,-32,-4,-64,-32,-64,-44,-96,-68,-128,-76,-160,-96,-160,-108,-32,-20,-32,-32,-64,-60,-64,-84,-96,-92,-128,-96,-160,-124,-160,-148
3319,0x55694a34e18d,W,0x7ffe9f8ae608,1,-20,-20,-52,-24,-84,-32,-84,-56,-116,-84,-116,-96,-148,-116,-180,-120,-12,-8,-12,-32,-44,-44,-76,-64,-108,-72,-108,-96,-140,-108,-140,-136
3322,0x55694a34e16d,W,0x7ffe9f8ae600,1,-28,-8,-28,-32,-60,-40,-92,-60,-124,-72,-124,-96,-156,-124,-188,-128,-4,-4,-4,-32,-36,-36,-68,-56,-100,-68,-100,-96,-132,-120,-164,-128
3326,0x55694a34e175,W,0x7ffe9f8ae5fc,1,-32,-4,-32,-32,-64,-44,-96,-64,-128,-68,-128,-96,-160,-108,-160,-132,0,-20,-32,-28,-64,-32,-64,-60,-96,-84,-96,-96,-128,-116,-160,-124
3328,0x55694a34e178,R,0x7ffe9f8ae5fc,1,-32,0,-32,-12,-64,-36,-64,-64,-96,-68,-128,-76,-160,-100,-160,-128,0,-20,-32,-28,-64,-52,-64,-64,-96,-92,-128,-96,-160,-116,-160,-128
3331,0x55694a34e185,R,0x7ffe9f8ae5fc,1,0,0,-32,-4,-64,-32,-64,-44,-96,-68,-128,-76,-160,-96,-160,-108,-32,-20,-32,-32,-64,-60,-64,-84,-96,-92,-128,-96,-160,-124,-160,-148
3335,0x55694a34e18d,W,0x7ffe9f8ae5e8,1,-20,-20,-52,-24,-84,-32,-84,-56,-116,-84,-116,-96,-148,-116,-180,-120,-12,-8,-12,-32,-44,-44,-76,-64,-108,-72,-108,-96,-140,-108,-140,-136
3338,0x55694a34e16d,W,0x7ffe9f8ae5e0,1,-28,-8,-28,-32,-60,-40,-92,-60,-124,-72,-124,-96,-156,-124,-188,-128,-4,-4,-4,-32,-36,-36,-68,-56,-100,-68,-100,-96,-132,-120,-164,-128
3342,0x55694a34e175,W,0x7ffe9f8ae5dc,1,-32,-4,-32,-32,-64,-44,-96,-64,-128,-68,-128,-96,-160,-108,-160,-132,0,-20,-32,-28,-64,-32,-64,-60,-96,-84,-96,-96,-128,-116,-160,-124
3344,0x55694a34e178,R,0x7ffe9f8ae5dc,1,-32,0,-32,-12,-64,-36,-64,-64,-96,-68,-128,-76,-160,-100,-160,-128,0,-20,-32,-28,-64,-52,-64,-64,-96,-92,-128,-96,-160,-116,-160,-128
3347,0x55694a34e185,R,0x7ffe9f8ae5dc,1,0,0,-32,-4,-64,-32,-64,-44,-96,-68,-128,-76,-160,-96,-160,-108,-32,-20,-32,-32,-64,-60,-64,-84,-96,-92,-128,-96,-160,-124,-160,-148
3351,0x55694a34e18d,W,0x7ffe9f8ae5c8,1,-20,-20,-52,-24,-84,-32,-84,-56,-116,-84,-116,-96,-148,-116,-180,-120,-12,-8,-12,-32,-44,-44,-76,-64,-108,-72,-108,-96,-140,-108,-140,-136
3354,0x55694a34e16d,W,0x7ffe9f8ae5c0,1,-28,-8,-28,-32,-60,-40,-92,-60,-124,-72,-124,-96,-156,-124,-188,-128,-4,-4,-4,-32,-36,-36,-68,-56,-100,-68,-100,-96,-132,-120,-164,-128
3358,0x55694a34e175,W,0x7ffe9f8ae5bc,1,-32,-4,-32,-32,-64,-44,-96,-64,-128,-68,-128,-96,-160,-108,-160,-132,0,-20,-32,-28,-64,-32,-64,-60,-96,-84,-96,-96,-128,-116,-160,-124
3360,0x55694a34e178,R,0x7ffe9f8ae5bc,1,-32,0,-32,-12,-64,-36,-64,-64,-96,-68,-128,-76,-160,-100,-160,-128,0,-20,-32,-28,-64,-52,-64,-64,-96,-92,-128,-96,-160,-116,-160,-128
3363,0x55694a34e185,R,0x7ffe9f8ae5bc,1,0,0,-32,-4,-64,-32,-64,-44,-96,-68,-128,-76,-160,-96,-160,-108,-32,-20,-32,-32,-64,-60,-64,-84,-96,-92,-128,-96,-160,-124,-160,-148
3367,0x55694a34e18d,W,0x7ffe9f8ae5a8,1,-20,-20,-52,-24,-84,-32,-84,-56,-116,-84,-116,-96,-148,-116,-180,-120,-12,-8,-12,-32,-44,-44,-76,-64,-108,-72,-108,-96,-140,-108,-140,-136
3370,0x55694a34e16d,W,0x7ffe9f8ae5a0,1,-28,-8,-28,-32,-60,-40,-92,-60,-124,-72,-124,-96,-156,-124,-188,-128,-4,-4,-4,-32,-36,-36,-68,-56,-100,-68,-100,-96,-132,-120,-164,-128
3374,0x55694a34e175,W,0x7ffe9f8ae59c,1,-32,-4,-32,-32,-64,-44,-96,-64,-128,-68,-128,-96,-160,-108,-160,-132,0,-20,-32,-28,-64,-32,-64,-60,-96,-84,-96,-96,-128,-116,-160,-124
3376,0x55694a34e178,R,0x7ffe9f8ae59c,1,-32,0,-32,-12,-64,-36,-64,-64,-96,-68,-128,-76,-160,-100,-160,-128,0,-20,-32,-28,-64,-52,-64,-64,-96,-92,-128,-96,-160,-116,-160,-128
3379,0x55694a34e185,R,0x7ffe9f8ae59c,1,0,0,-32,-4,-64,-32,-64,-44,-96,-68,-128,-76,-160,-96,-160,-108,-32,-20,-32,-32,-64,-60,-64,-84,-96,-92,-128,-96,-160,-124,-160,-148
3383,0x55694a34e18d,W,0x7ffe9f8ae588,1,-20,-20,-52,-24,-84,-32,-84,-56,-116,-84,-116,-96,-148,-116,-180,-120,-12,-8,-12,-32,-44,-44,-76,-64,-108,-72,-108,-96,-140,-108,-140,-136
3386,0x55694a34e16d,W,0x7ffe9f8ae580,1,-28,-8,-28,-32,-60,-40,-92,-60,-124,-72,-124,-96,-156,-124,-188,-128,-4,-4,-4,-32,-36,-36,-68,-56,-100,-68,-100,-96,-132,-120,-164,-128
3390,0x55694a34e175,W,0x7ffe9f8ae57c,1,-32,-4,-32,-32,-64,-44,-96,-64,-128,-68,-128,-96,-160,-108,-160,-132,0,-20,-32,-28,-64,-32,-64,-60,-96,-84,-96,-96,-128,-116,-160,-124
3392,0x55694a34e178,R,0x7ffe9f8ae57c,1,-32,0,-32,-12,-64,-36,-64,-64,-96,-68,-128,-76,-160,-100,-160,-128,0,-20,-32,-28,-64,-52,-64,-64,-96,-92,-128,-96,-160,-116,-160,-128
3395,0x55694a34e185,R,0x7ffe9f8ae57c,1,0,0,-32,-4,-64,-32,-64,-44,-96,-68,-128,-76,-160,-96,-160,-108,-32,-20,-32,-32,-64,-60,-64,-84,-96,-92,-128,-96,-160,-124,-160,-148
3399,0x55694a34e18d,W,0x7ffe9f8ae568,1,-20,-20,-52,-24,-84,-32,-84,-56,-116,-84,-116,-96,-148,-116,-180,-120,-12,-8,-12,-32,-44,-44,-76,-64,-108,-72,-108,-96,-140,-108,-140,-136
3402,0x55694a34e16d,W,0x7ffe9f8ae560,1,-28,-8,-28,-32,-60,-40,-92,-60,-124,-72,-124,-96,-156,-124,-188,-128,-4,-4,-4,-32,-36,-36,-68,-56,-100,-68,-100,-96,-132,-120,-164,-128
3406,0x55694a34e175,W,0x7ffe9f8ae55c,1,-32,-4,-32,-32,-64,-44,-96,-64,-128,-68,-128,-96,-160,-108,-160,-132,0,-20,-32,-28,-64,-32,-64,-60,-96,-84,-96,-96,-128,-116,-160,-124
3408,0x55694a34e178,R,0x7ffe9f8ae55c,1,-32,0,-32,-12,-64,-36,-64,-64,-96,-68,-128,-76,-160,-100,-160,-128,0,-20,-32,-28,-64,-52,-64,-64,-96,-92,-128,-96,-160,-116,-160,-128
3411,0x55694a34e185,R,0x7ffe9f8ae55c,1,0,0,-32,-4,-64,-32,-64,-44,-96,-68,-128,-76,-160,-96,-160,-108,-32,-20,-32,-32,-64,-60,-64,-84,-96,-92,-128,-96,-160,-124,-160,-148
3415,0x55694a34e18d,W,0x7ffe9f8ae548,1,-20,-20,-52,-24,-84,-32,-84,-56,-116,-84,-116,-96,-148,-116,-180,-120,-12,-8,-12,-32,-44,-44,-76,-64,-108,-72,-108,-96,-140,-108,-140,-136
3418,0x55694a34e16d,W,0x7ffe9f8ae540,1,-28,-8,-28,-32,-60,-40,-92,-60,-124,-72,-124,-96,-156,-124,-188,-128,-4,-4,-4,-32,-36,-36,-68,-56,-100,-68,-100,-96,-132,-120,-164,-128
3422,0x55694a34e175,W,0x7ffe9f8ae53c,1,-32,-4,-32,-32,-64,-44,-96,-64,-128,-68,-128,-96,-160,-108,-160,-132,0,-20,-32,-28,-64,-32,-64,-60,-96,-84,-96,-96,-128,-116,-160,-124
3424,0x55694a34e178,R,0x7ffe9f8ae53c,1,-32,0,-32,-12,-64,-36,-64,-64,-96,-68,-128,-76,-160,-100,-160,-128,0,-20,-32,-28,-64,-52,-64,-64,-96,-92,-128,-96,-160,-116,-160,-128
3427,0x55694a34e185,R,0x7ffe9f8ae53c,1,0,0,-32,-4,-64,-32,-64,-44,-96,-68,-128,-76,-160,-96,-160,-108,-32,-20,-32,-32,-64,-60,-64,-84,-96,-92,-128,-96,-160,-124,-160,-148
3431,0x55694a34e18d,W,0x7ffe9f8ae528,1,-20,-20,-52,-24,-84,-32,-84,-56,-116,-84,-116,-96,-148,-116,-180,-120,-12,-8,-12,-32,-44,-44,-76,-64,-108,-72,-108,-96,-140,-108,-140,-136
3434,0x55694a34e16d,W,0x7ffe9f8ae520,1,-28,-8,-28,-32,-60,-40,-92,-60,-124,-72,-124,-96,-156,-124,-188,-128,-4,-4,-4,-32,-36,-36,-68,-56,-100,-68,-100,-96,-132,-120,-164,-128
3438,0x55694a34e175,W,0x7ffe9f8ae51c,1,-32,-4,-32,-32,-64,-44,-96,-64,-128,-68,-128,-96,-160,-108,-160,-132,0,-20,-32,-28,-64,-32,-64,-60,-96,-84,-96,-96,-128,-116,-160,-124
3440,0x55694a34e178,R,0x7ffe9f8ae51c,1,-32,0,-32,-12,-64,-36,-64,-64,-96,-68,-128,-76,-160,-100,-160,-128,0,-20,-32,-28,-64,-52,-64,-64,-96,-92,-128,-96,-160,-116,-160,-128
3443,0x55694a34e185,R,0x7ffe9f8ae51c,1,0,0,-32,-4,-64,-32,-64,-44,-96,-68,-128,-76,-160,-96,-160,-108,-32,-20,-32,-32,-64,-60,-64,-84,-96,-92,-128,-96,-160,-124,-160,-148
3447,0x55694a34e18d,W,0x7ffe9f8ae508,1,-20,-20,-52,-24,-84,-32,-84,-56,-116,-84,-116,-96,-148,-116,-180,-120,-12,-8,-12,-32,-44,-44,-76,-64,-108,-72,-108,-96,-140,-108,-140,-136
3450,0x55694a34e16d,W,0x7ffe9f8ae500,1,-28,-8,-28,-32,-60,-40,-92,-60,-124,-72,-124,-96,-156,-124,-188,-128,-4,-4,-4,-32,-36,-36,-68,-56,-100,-68,-100,-96,-132,-120,-164,-128
3454,0x55694a34e175,W,0x7ffe9f8ae4fc,1,-32,-4,-32,-32,-64,-44,-96,-64,-128,-68,-128,-96,-160,-108,-160,-132,0,-20,-32,-28,-64,-32,-64,-60,-96,-84,-96,-96,-128,-116,-160,-124
3456,0x55694a34e178,R,0x7ffe9f8ae4fc,1,-32,0,-32,-12,-64,-36,-64,-64,-96,-68,-128,-76,-160,-100,-160,-128,0,-20,-32,-28,-64,-52,-64,-64,-96,-92,-128,-96,-160,-116,-160,-128
3459,0x55694a34e185,R,0x7ffe9f8ae4fc,1,0,0,-32,-4,-64,-32,-64,-44,-96,-68,-128,-76,-160,-96,-160,-108,-32,-20,-32,-32,-64,-60,-64,-84,-96,-92,-128,-96,-160,-124,-160,-148
3463,0x55694a34e18d,W,0x7ffe9f8ae4e8,1,-20,-20,-52,-24,-84,-32,-84,-56,-116,-84,-116,-96,-148,-116,-180,-120,-12,-8,-12,-32,-44,-44,-76,-64,-108,-72,-108,-96,-140,-108,-140,-136
3466,0x55694a34e16d,W,0x7ffe9f8ae4e0,1,-28,-8,-28,-32,-60,-40,-92,-60,-124,-72,-124,-96,-156,-124,-188,-128,-4,-4,-4,-32,-36,-36,-68,-56,-100,-68,-100,-96,-132,-120,-164,-128
3470,0x55694a34e175,W,0x7ffe9f8ae4dc,1,-32,-4,-32,-32,-64,-44,-96,-64,-128,-68,-128,-96,-160,-108,-160,-132,0,-20,-32,-28,-64,-32,-64,-60,-96,-84,-96,-96,-128,-116,-160,-124
3472,0x55694a34e178,R,0x7ffe9f8ae4dc,1,-32,0,-32,-12,-64,-36,-64,-64,-96,-68,-128,-76,-160,-100,-160,-128,0,-20,-32,-28,-64,-52,-64,-64,-96,-92,-128,-96,-160,-116,-160,-128
3475,0x55694a34e185,R,0x7ffe9f8ae4dc,1,0,0,-32,-4,-64,-32,-64,-44,-96,-68,-128,-76,-160,-96,-160,-108,-32,-20,-32,-32,-64,-60,-64,-84,-96,-92,-128,-96,-160,-124,-160,-148
3479,0x55694a34e18d,W,0x7ffe9f8ae4c8,1,-20,-20,-52,-24,-84,-32,-84,-56,-116,-84,-116,-96,-148,-116,-180,-120,-12,-8,-12,-32,-44,-44,-76,-64,-108,-72,-108,-96,-140,-108,-140,-136
3482,0x55694a34e16d,W,0x7ffe9f8ae4c0,1,-28,-8,-28,-32,-60,-40,-92,-60,-124,-72,-124,-96,-156,-124,-188,-128,-4,-4,-4,-32,-36,-36,-68,-56,-100,-68,-100,-96,-132,-120,-164,-128
3486,0x55694a34e175,W,0x7ffe9f8ae4bc,1,-32,-4,-32,-32,-64,-44,-96,-64,-128,-68,-128,-96,-160,-108,-160,-132,0,-20,-32,-28,-64,-32,-64,-60,-96,-84,-96,-96,-128,-116,-160,-124
3488,0x55694a34e178,R,0x7ffe9f8ae4bc,1,-32,0,-32,-12,-64,-36,-64,-64,-96,-68,-128,-76,-160,-100,-160,-128,0,-20,-32,-28,-64,-52,-64,-64,-96,-92,-128,-96,-160,-116,-160,-128
3491,0x55694a34e185,R,0x7ffe9f8ae4bc,1,0,0,-32,-4,-64,-32,-64,-44,-96,-68,-128,-76,-160,-96,-160,-108,-32,-20,-32,-32,-64,-60,-64,-84,-96,-92,-128,-96,-160,-124,-160,-148
3495,0x55694a34e18d,W,0x7ffe9f8ae4a8,1,-20,-20,-52,-24,-84,-32,-84,-56,-116,-84,-116,-96,-148,-116,-180,-120,-12,-8,-12,-32,-44,-44,-76,-64,-108,-72,-108,-96,-140,-108,-140,-136
3498,0x55694a34e16d,W,0x7ffe9f8ae4a0,1,-28,-8,-28,-32,-60,-40,-92,-60,-124,-72,-124,-96,-156,-124,-188,-128,-4,-4,-4,-32,-36,-36,-68,-56,-100,-68,-100,-96,-132,-120,-164,-128
3502,0x55694a34e175,W,0x7ffe9f8ae49c,1,-32,-4,-32,-32,-64,-44,-96,-64,-128,-68,-128,-96,-160,-108,-160,-132,0,-20,-32,-28,-64,-32,-64,-60,-96,-84,-96,-96,-128,-116,-160,-124
3504,0x55694a34e178,R,0x7ffe9f8ae49c,1,-32,0,-32,-12,-64,-36,-64,-64,-96,-68,-128,-76,-160,-100,-160,-128,0,-20,-32,-28,-64,-52,-64,-64,-96,-92,-128,-96,-160,-116,-160,-128
3507,0x55694a34e185,R,0x7ffe9f8ae49c,1,0,0,-32,-4,-64,-32,-64,-44,-96,-68,-128,-76,-160,-96,-160,-108,-32,-20,-32,-32,-64,-60,-64,-84,-96,-92,-128,-96,-160,-124,-160,-148
3511,0x55694a34e18d,W,0x7ffe9f8ae488,1,-20,-20,-52,-24,-84,-32,-84,-56,-116,-84,-116,-96,-148,-116,-180,-120,-12,-8,-12,-32,-44,-44,-76,-64,-108,-72,-108,-96,-140,-108,-140,-136
3514,0x55694a34e16d,W,0x7ffe9f8ae480,1,-28,-8,-28,-32,-60,-40,-92,-60,-124,-72,-124,-96,-156,-124,-188,-128,-4,-4,-4,-32,-36,-36,-68,-56,-100,-68,-100,-96,-132,-120,-164,-128
3518,0x55694a34e175,W,0x7ffe9f8ae47c,1,-32,-4,-32,-32,-64,-44,-96,-64,-128,-68,-128,-96,-160,-108,-160,-132,0,-20,-32,-28,-64,-32,-64,-60,-96,-84,-96,-96,-128,-116,-160,-124
3520,0x55694a34e178,R,0x7ffe9f8ae47c,1,-32,0,-32,-12,-64,-36,-64,-64,-96,-68,-128,-76,-160,-100,-160,-128,0,-20,-32,-28,-64,-52,-64,-64,-96,-92,-128,-96,-160,-116,-160,-128
3523,0x55694a34e185,R,0x7ffe9f8ae47c,1,0,0,-32,-4,-64,-32,-64,-44,-96,-68,-128,-76,-160,-96,-160,-108,-32,-20,-32,-32,-64,-60,-64,-84,-96,-92,-128,-96,-160,-124,-160,-148
3527,0x55694a34e18d,W,0x7ffe9f8ae468,1,-20,-20,-52,-24,-84,-32,-84,-56,-116,-84,-116,-96,-148,-116,-180,-120,-12,-8,-12,-32,-44,-44,-76,-64,-108,-72,-108,-96,-140,-108,-140,-136
3530,0x55694a34e16d,W,0x7ffe9f8ae460,1,-28,-8,-28,-32,-60,-40,-92,-60,-124,-72,-124,-96,-156,-124,-188,-128,-4,-4,-4,-32,-36,-36,-68,-56,-100,-68,-100,-96,-132,-120,-164,-128
3534,0x55694a34e175,W,0x7ffe9f8ae45c,1,-32,-4,-32,-32,-64,-44,-96,-64,-128,-68,-128,-96,-160,-108,-160,-132,0,-20,-32,-28,-64,-32,-64,-60,-96,-84,-96,-96,-128,-116,-160,-124
3536,0x55694a34e178,R,0x7ffe9f8ae45c,1,-32,0,-32,-12,-64,-36,-64,-64,-96,-68,-128,-76,-160,-100,-160,-128,0,-20,-32,-28,-64,-52,-64,-64,-96,-92,-128,-96,-160,-116,-160,-128
3539,0x55694a34e185,R,0x7ffe9f8ae45c,1,0,0,-32,-4,-64,-32,-64,-44,-96,-68,-128,-76,-160,-96,-160,-108,-32,-20,-32,-32,-64,-60,-64,-84,-96,-92,-128,-96,-160,-124,-160,-148
3543,0x55694a34e18d,W,0x7ffe9f8ae448,1,-20,-20,-52,-24,-84,-32,-84,-56,-116,-84,-116,-96,-148,-116,-180,-120,-12,-8,-12,-32,-44,-44,-76,-64,-108,-72,-108,-96,-140,-108,-140,-136
3546,0x55694a34e16d,W,0x7ffe9f8ae440,1,-28,-8,-28,-32,-60,-40,-92,-60,-124,-72,-124,-96,-156,-124,-188,-128,-4,-4,-4,-32,-36,-36,-68,-56,-100,-68,-100,-96,-132,-120,-164,-128
3550,0x55694a34e175,W,0x7ffe9f8ae43c,1,-32,-4,-32,-32,-64,-44,-96,-64,-128,-68,-128,-96,-160,-108,-160,-132,0,-20,-32,-28,-64,-32,-64,-60,-96,-84,-96,-96,-128,-116,-160,-124
3552,0x55694a34e178,R,0x7ffe9f8ae43c,1,-32,0,-32,-12,-64,-36,-64,-64,-96,-68,-128,-76,-160,-100,-160,-128,0,-20,-32,-28,-64,-52,-64,-64,-96,-92,-128,-96,-160,-116,-160,-128
3555,0x55694a34e185,R,0x7ffe9f8ae43c,1,0,0,-32,-4,-64,-32,-64,-44,-96,-68,-128,-76,-160,-96,-160,-108,-32,-20,-32,-32,-64,-60,-64,-84,-96,-92,-128,-96,-160,-124,-160,-148
3559,0x55694a34e18d,W,0x7ffe9f8ae428,1,-20,-20,-52,-24,-84,-32,-84,-56,-116,-84,-116,-96,-148,-116,-180,-120,-12,-8,-12,-32,-44,-44,-76,-64,-108,-72,-108,-96,-140,-108,-140,-136
3562,0x55694a34e16d,W,0x7ffe9f8ae420,1,-28,-8,-28,-32,-60,-40,-92,-60,-124,-72,-124,-96,-156,-124,-188,-128,-4,-4,-4,-32,-36,-36,-68,-56,-100,-68,-100,-96,-132,-120,-164,-128
3566,0x55694a34e175,W,0x7ffe9f8ae41c,1,-32,-4,-32,-32,-64,-44,-96,-64,-128,-68,-128,-96,-160,-108,-160,-132,0,-20,-32,-28,-64,-32,-64,-60,-96,-84,-96,-96,-128,-116,-160,-124
3568,0x55694a34e178,R,0x7ffe9f8ae41c,1,-32,0,-32,-12,-64,-36,-64,-64,-96,-68,-128,-76,-160,-100,-160,-128,0,-20,-32,-28,-64,-52,-64,-64,-96,-92,-128,-96,-160,-116,-160,-128
3571,0x55694a34e185,R,0x7ffe9f8ae41c,1,0,0,-32,-4,-64,-32,-64,-44,-96,-68,-128,-76,-160,-96,-160,-108,-32,-20,-32,-32,-64,-60,-64,-84,-96,-92,-128,-96,-160,-124,-160,-148
3575,0x55694a34e18d,W,0x7ffe9f8ae408,1,-20,-20,-52,-24,-84,-32,-84,-56,-116,-84,-116,-96,-148,-116,-180,-120,-12,-8,-12,-32,-44,-44,-76,-64,-108,-72,-108,-96,-140,-108,-140,-136
3578,0x55694a34e16d,W,0x7ffe9f8ae400,1,-28,-8,-28,-32,-60,-40,-92,-60,-124,-72,-124,-96,-156,-124,-188,-128,-4,-4,-4,-32,-36,-36,-68,-56,-100,-68,-100,-96,-132,-120,-164,-128
3582,0x55694a34e175,W,0x7ffe9f8ae3fc,1,-32,-4,-32,-32,-64,-44,-96,-64,-128,-68,-128,-96,-160,-108,-160,-132,0,-20,-32,-28,-64,-32,-64,-60,-96,-84,-96,-96,-128,-116,-160,-124
3584,0x55694a34e178,R,0x7ffe9f8ae3fc,1,-32,0,-32,-12,-64,-36,-64,-64,-96,-68,-128,-76,-160,-100,-160,-128,0,-20,-32,-28,-64,-52,-64,-64,-96,-92,-128,-96,-160,-116,-160,-128
3587,0x55694a34e185,R,0x7ffe9f8ae3fc,1,0,0,-32,-4,-64,-32,-64,-44,-96,-68,-128,-76,-160,-96,-160,-108,-32,-20,-32,-32,-64,-60,-64,-84,-96,-92,-128,-96,-160,-124,-160,-148
3591,0x55694a34e18d,W,0x7ffe9f8ae3e8,1,-20,-20,-52,-24,-84,-32,-84,-56,-116,-84,-116,-96,-148,-116,-180,-120,-12,-8,-12,-32,-44,-44,-76,-64,-108,-72,-108,-96,-140,-108,-140,-136
3594,0x55694a34e16d,W,0x7ffe9f8ae3e0,1,-28,-8,-28,-32,-60,-40,-92,-60,-124,-72,-124,-96,-156,-124,-188,-128,-4,-4,-4,-32,-36,-36,-68,-56,-100,-68,-100,-96,-132,-120,-164,-128
3598,0x55694a34e175,W,0x7ffe9f8ae3dc,1,-32,-4,-32,-32,-64,-44,-96,-64,-128,-68,-128,-96,-160,-108,-160,-132,0,-20,-32,-28,-64,-32,-64,-60,-96,-84,-96,-96,-128,-116,-160,-124
3600,0x55694a34e178,R,0x7ffe9f8ae3dc,1,-32,0,-32,-12,-64,-36,-64,-64,-96,-68,-128,-76,-160,-100,-160,-128,0,-20,-32,-28,-64,-52,-64,-64,-96,-92,-128,-96,-160,-116,-160,-128
3603,0x55694a34e185,R,0x7ffe9f8ae3dc,1,0,0,-32,-4,-64,-32,-64,-44,-96,-68,-128,-76,-160,-96,-160,-108,-32,-20,-32,-32,-64,-60,-64,-84,-96,-92,-128,-96,-160,-124,-160,-148
3607,0x55694a34e18d,W,0x7ffe9f8ae3c8,1,-20,-20,-52,-24,-84,-32,-84,-56,-116,-84,-116,-96,-148,-116,-180,-120,-12,-8,-12,-32,-44,-44,-76,-64,-108,-72,-108,-96,-140,-108,-140,-136
3610,0x55694a34e16d,W,0x7ffe9f8ae3c0,1,-28,-8,-28,-32,-60,-40,-92,-60,-124,-72,-124,-96,-156,-124,-188,-128,-4,-4,-4,-32,-36,-36,-68,-56,-100,-68,-100,-96,-132,-120,-164,-128
3614,0x55694a34e175,W,0x7ffe9f8ae3bc,1,-32,-4,-32,-32,-64,-44,-96,-64,-128,-68,-128,-96,-160,-108,-160,-132,0,-20,-32,-28,-64,-32,-64,-60,-96,-84,-96,-96,-128,-116,-160,-124
3616,0x55694a34e178,R,0x7ffe9f8ae3bc,1,-32,0,-32,-12,-64,-36,-64,-64,-96,-68,-128,-76,-160,-100,-160,-128,0,-20,-32,-28,-64,-52,-64,-64,-96,-92,-128,-96,-160,-116,-160,-128
3619,0x55694a34e185,R,0x7ffe9f8ae3bc,1,0,0,-32,-4,-64,-32,-64,-44,-96,-68,-128,-76,-160,-96,-160,-108,-32,-20,-32,-32,-64,-60,-64,-84,-96,-92,-128,-96,-160,-124,-160,-148
3623,0x55694a34e18d,W,0x7ffe9f8ae3a8,1,-20,-20,-52,-24,-84,-32,-84,-56,-116,-84,-116,-96,-148,-116,-180,-120,-12,-8,-12,-32,-44,-44,-76,-64,-108,-72,-108,-96,-140,-108,-140,-136
3626,0x55694a34e16d,W,0x7ffe9f8ae3a0,1,-28,-8,-28,-32,-60,-40,-92,-60,-124,-72,-124,-96,-156,-124,-188,-128,-4,-4,-4,-32,-36,-36,-68,-56,-100,-68,-100,-96,-132,-120,-164,-128
3630,0x55694a34e175,W,0x7ffe9f8ae39c,1,-32,-4,-32,-32,-64,-44,-96,-64,-128,-68,-128,-96,-160,-108,-160,-132,0,-20,-32,-28,-64,-32,-64,-60,-96,-84,-96,-96,-128,-116,-160,-124
3632,0x55694a34e178,R,0x7ffe9f8ae39c,1,-32,0,-32,-12,-64,-36,-64,-64,-96,-68,-128,-76,-160,-100,-160,-128,0,-20,-32,-28,-64,-52,-64,-64,-96,-92,-128,-96,-160,-116,-160,-128
3635,0x55694a34e185,R,0x7ffe9f8ae39c,1,0,0,-32,-4,-64,-32,-64,-44,-96,-68,-128,-76,-160,-96,-160,-108,-32,-20,-32,-32,-64,-60,-64,-84,-96,-92,-128,-96,-160,-124,-160,-148
3639,0x55694a34e18d,W,0x7ffe9f8ae388,1,-20,-20,-52,-24,-84,-32,-84,-56,-116,-84,-116,-96,-148,-116,-180,-120,-12,-8,-12,-32,-44,-44,-76,-64,-108,-72,-108,-96,-140,-108,-140,-136
3642,0x55694a34e16d,W,0x7ffe9f8ae380,1,-28,-8,-28,-32,-60,-40,-92,-60,-124,-72,-124,-96,-156,-124,-188,-128,-4,-4,-4,-32,-36,-36,-68,-56,-100,-68,-100,-96,-132,-120,-164,-128
3646,0x55694a34e175,W,0x7ffe9f8ae37c,1,-32,-4,-32,-32,-64,-44,-96,-64,-128,-68,-128,-96,-160,-108,-160,-132,0,-20,-32,-28,-64,-32,-64,-60,-96,-84,-96,-96,-128,-116,-160,-124
3648,0x55694a34e178,R,0x7ffe9f8ae37c,1,-32,0,-32,-12,-64,-36,-64,-64,-96,-68,-128,-76,-160,-100,-160,-128,0,-20,-32,-28,-64,-52,-64,-64,-96,-92,-128,-96,-160,-116,-160,-128
3651,0x55694a34e185,R,0x7ffe9f8ae37c,1,0,0,-32,-4,-64,-32,-64,-44,-96,-68,-128,-76,-160,-96,-160,-108,-32,-20,-32,-32,-64,-60,-64,-84,-96,-92,-128,-96,-160,-124,-160,-148
3655,0x55694a34e18d,W,0x7ffe9f8ae368,1,-20,-20,-52,-24,-84,-32,-84,-56,-116,-84,-116,-96,-148,-116,-180,-120,-12,-8,-12,-32,-44,-44,-76,-64,-108,-72,-108,-96,-140,-108,-140,-136
3658,0x55694a34e16d,W,0x7ffe9f8ae360,1,-28,-8,-28,-32,-60,-40,-92,-60,-124,-72,-124,-96,-156,-124,-188,-128,-4,-4,-4,-32,-36,-36,-68,-56,-100,-68,-100,-96,-132,-120,-164,-128
3662,0x55694a34e175,W,0x7ffe9f8ae35c,1,-32,-4,-32,-32,-64,-44,-96,-64,-128,-68,-128,-96,-160,-108,-160,-132,0,-20,-32,-28,-64,-32,-64,-60,-96,-84,-96,-96,-128,-116,-160,-124
3664,0x55694a34e178,R,0x7ffe9f8ae35c,1,-32,0,-32,-12,-64,-36,-64,-64,-96,-68,-128,-76,-160,-100,-160,-128,0,-20,-32,-28,-64,-52,-64,-64,-96,-92,-128,-96,-160,-116,-160,-128
3667,0x55694a34e185,R,0x7ffe9f8ae35c,1,0,0,-32,-4,-64,-32,-64,-44,-96,-68,-128,-76,-160,-96,-160,-108,-32,-20,-32,-32,-64,-60,-64,-84,-96,-92,-128,-96,-160,-124,-160,-148
3671,0x55694a34e18d,W,0x7ffe9f8ae348,1,-20,-20,-52,-24,-84,-32,-84,-56,-116,-84,-116,-96,-148,-116,-180,-120,-12,-8,-12,-32,-44,-44,-76,-64,-108,-72,-108,-96,-140,-108,-140,-136
3674,0x55694a34e16d,W,0x7ffe9f8ae340,1,-28,-8,-28,-32,-60,-40,-92,-60,-124,-72,-124,-96,-156,-124,-188,-128,-4,-4,-4,-32,-36,-36,-68,-56,-100,-68,-100,-96,-132,-120,-164,-128
3678,0x55694a34e175,W,0x7ffe9f8ae33c,1,-32,-4,-32,-32,-64,-44,-96,-64,-128,-68,-128,-96,-160,-108,-160,-132,0,-20,-32,-28,-64,-32,-64,-60,-96,-84,-96,-96,-128,-116,-160,-124
3680,0x55694a34e178,R,0x7ffe9f8ae33c,1,-32,0,-32,-12,-64,-36,-64,-64,-96,-68,-128,-76,-160,-100,-160,-128,0,-20,-32,-28,-64,-52,-64,-64,-96,-92,-128,-96,-160,-116,-160,-128
3683,0x55694a34e185,R,0x7ffe9f8ae33c,1,0,0,-32,-4,-64,-32,-64,-44,-96,-68,-128,-76,-160,-96,-160,-108,-32,-20,-32,-32,-64,-60,-64,-84,-96,-92,-128,-96,-160,-124,-160,-148
3687,0x55694a34e18d,W,0x7ffe9f8ae328,1,-20,-20,-52,-24,-84,-32,-84,-56,-116,-84,-116,-96,-148,-116,-180,-120,-12,-8,-12,-32,-44,-44,-76,-64,-108,-72,-108,-96,-140,-108,-140,-136
3690,0x55694a34e16d,W,0x7ffe9f8ae320,1,-28,-8,-28,-32,-60,-40,-92,-60,-124,-72,-124,-96,-156,-124,-188,-128,-4,-4,-4,-32,-36,-36,-68,-56,-100,-68,-100,-96,-132,-120,-164,-128
3694,0x55694a34e175,W,0x7ffe9f8ae31c,1,-32,-4,-32,-32,-64,-44,-96,-64,-128,-68,-128,-96,-160,-108,-160,-132,0,-20,-32,-28,-64,-32,-64,-60,-96,-84,-96,-96,-128,-116,-160,-124
3696,0x55694a34e178,R,0x7ffe9f8ae31c,1,-32,0,-32,-12,-64,-36,-64,-64,-96,-68,-128,-76,-160,-100,-160,-128,0,-20,-32,-28,-64,-52,-64,-64,-96,-92,-128,-96,-160,-116,-160,-128
3699,0x55694a34e185,R,0x7ffe9f8ae31c,1,0,0,-32,-4,-64,-32,-64,-44,-96,-68,-128,-76,-160,-96,-160,-108,-32,-20,-32,-32,-64,-60,-64,-84,-96,-92,-128,-96,-160,-124,-160,-148
3703,0x55694a34e18d,W,0x7ffe9f8ae308,1,-20,-20,-52,-24,-84,-32,-84,-56,-116,-84,-116,-96,-148,-116,-180,-120,-12,-8,-12,-32,-44,-44,-76,-64,-108,-72,-108,-96,-140,-108,-140,-136
3706,0x55694a34e16d,W,0x7ffe9f8ae300,1,-28,-8,-28,-32,-60,-40,-92,-60,-124,-72,-124,-96,-156,-124,-188,-128,-4,-4,-4,-32,-36,-36,-68,-56,-100,-68,-100,-96,-132,-120,-164,-128
3710,0x55694a34e175,W,0x7ffe9f8ae2fc,1,-32,-4,-32,-32,-64,-44,-96,-64,-128,-68,-128,-96,-160,-108,-160,-132,0,-20,-32,-28,-64,-32,-64,-60,-96,-84,-96,-96,-128,-116,-160,-124
3712,0x55694a34e178,R,0x7ffe9f8ae2fc,1,-32,0,-32,-12,-64,-36,-64,-64,-96,-68,-128,-76,-160,-100,-160,-128,0,-20,-32,-28,-64,-52,-64,-64,-96,-92,-128,-96,-160,-116,-160,-128
3715,0x55694a34e185,R,0x7ffe9f8ae2fc,1,0,0,-32,-4,-64,-32,-64,-44,-96,-68,-128,-76,-160,-96,-160,-108,-32,-20,-32,-32,-64,-60,-64,-84,-96,-92,-128,-96,-160,-124,-160,-148
3719,0x55694a34e18d,W,0x7ffe9f8ae2e8,1,-20,-20,-52,-24,-84,-32,-84,-56,-116,-84,-116,-96,-148,-116,-180,-120,-12,-8,-12,-32,-44,-44,-76,-64,-108,-72,-108,-96,-140,-108,-140,-136
3722,0x55694a34e16d,W,0x7ffe9f8ae2e0,1,-28,-8,-28,-32,-60,-40,-92,-60,-124,-72,-124,-96,-156,-124,-188,-128,-4,-4,-4,-32,-36,-36,-68,-56,-100,-68,-100,-96,-132,-120,-164,-128
3726,0x55694a34e175,W,0x7ffe9f8ae2dc,1,-32,-4,-32,-32,-64,-44,-96,-64,-128,-68,-128,-96,-160,-108,-160,-132,0,-20,-32,-28,-64,-32,-64,-60,-96,-84,-96,-96,-128,-116,-160,-124
3728,0x55694a34e178,R,0x7ffe9f8ae2dc,1,-32,0,-32,-12,-64,-36,-64,-64,-96,-68,-128,-76,-160,-100,-160,-128,0,-20,-32,-28,-64,-52,-64,-64,-96,-92,-128,-96,-160,-116,-160,-128
3731,0x55694a34e185,R,0x7ffe9f8ae2dc,1,0,0,-32,-4,-64,-32,-64,-44,-96,-68,-128,-76,-160,-96,-160,-108,-32,-20,-32,-32,-64,-60,-64,-84,-96,-92,-128,-96,-160,-124,-160,-148
3735,0x55694a34e18d,W,0x7ffe9f8ae2c8,1,-20,-20,-52,-24,-84,-32,-84,-56,-116,-84,-116,-96,-148,-116,-180,-120,-12,-8,-12,-32,-44,-44,-76,-64,-108,-72,-108,-96,-140,-108,-140,-136
3738,0x55694a34e16d,W,0x7ffe9f8ae2c0,1,-28,-8,-28,-32,-60,-40,-92,-60,-124,-72,-124,-96,-156,-124,-188,-128,-4,-4,-4,-32,-36,-36,-68,-56,-100,-68,-100,-96,-132,-120,-164,-128
3742,0x55694a34e175,W,0x7ffe9f8ae2bc,1,-32,-4,-32,-32,-64,-44,-96,-64,-128,-68,-128,-96,-160,-108,-160,-132,0,-20,-32,-28,-64,-32,-64,-60,-96,-84,-96,-96,-128,-116,-160,-124
3744,0x55694a34e178,R,0x7ffe9f8ae2bc,1,-32,0,-32,-12,-64,-36,-64,-64,-96,-68,-128,-76,-160,-100,-160,-128,0,-20,-32,-28,-64,-52,-64,-64,-96,-92,-128,-96,-160,-116,-160,-128
3747,0x55694a34e185,R,0x7ffe9f8ae2bc,1,0,0,-32,-4,-64,-32,-64,-44,-96,-68,-128,-76,-160,-96,-160,-108,-32,-20,-32,-32,-64,-60,-64,-84,-96,-92,-128,-96,-160,-124,-160,-148
3751,0x55694a34e18d,W,0x7ffe9f8ae2a8,1,-20,-20,-52,-24,-84,-32,-84,-56,-116,-84,-116,-96,-148,-116,-180,-120,-12,-8,-12,-32,-44,-44,-76,-64,-108,-72,-108,-96,-140,-108,-140,-136
3754,0x55694a34e16d,W,0x7ffe9f8ae2a0,1,-28,-8,-28,-32,-60,-40,-92,-60,-124,-72,-124,-96,-156,-124,-188,-128,-4,-4,-4,-32,-36,-36,-68,-56,-100,-68,-100,-96,-132,-120,-164,-128
3758,0x55694a34e175,W,0x7ffe9f8ae29c,1,-32,-4,-32,-32,-64,-44,-96,-64,-128,-68,-128,-96,-160,-108,-160,-132,0,-20,-32,-28,-64,-32,-64,-60,-96,-84,-96,-96,-128,-116,-160,-124
3760,0x55694a34e178,R,0x7ffe9f8ae29c,1,-32,0,-32,-12,-64,-36,-64,-64,-96,-68,-128,-76,-160,-100,-160,-128,0,-20,-32,-28,-64,-52,-64,-64,-96,-92,-128,-96,-160,-116,-160,-128
3763,0x55694a34e185,R,0x7ffe9f8ae29c,1,0,0,-32,-4,-64,-32,-64,-44,-96,-68,-128,-76,-160,-96,-160,-108,-32,-20,-32,-32,-64,-60,-64,-84,-96,-92,-128,-96,-160,-124,-160,-148
3767,0x55694a34e18d,W,0x7ffe9f8ae288,1,-20,-20,-52,-24,-84,-32,-84,-56,-116,-84,-116,-96,-148,-116,-180,-120,-12,-8,-12,-32,-44,-44,-76,-64,-108,-72,-108,-96,-140,-108,-140,-136
3770,0x55694a34e16d,W,0x7ffe9f8ae280,1,-28,-8,-28,-32,-60,-40,-92,-60,-124,-72,-124,-96,-156,-124,-188,-128,-4,-4,-4,-32,-36,-36,-68,-56,-100,-68,-100,-96,-132,-120,-164,-128
3774,0x55694a34e175,W,0x7ffe9f8ae27c,1,-32,-4,-32,-32,-64,-44,-96,-64,-128,-68,-128,-96,-160,-108,-160,-132,0,-20,-32,-28,-64,-32,-64,-60,-96,-84,-96,-96,-128,-116,-160,-124
3776,0x55694a34e178,R,0x7ffe9f8ae27c,1,-32,0,-32,-12,-64,-36,-64,-64,-96,-68,-128,-76,-160,-100,-160,-128,0,-20,-32,-28,-64,-52,-64,-64,-96,-92,-128,-96,-160,-116,-160,-128
3779,0x55694a34e185,R,0x7ffe9f8ae27c,1,0,0,-32,-4,-64,-32,-64,-44,-96,-68,-128,-76,-160,-96,-160,-108,-32,-20,-32,-32,-64,-60,-64,-84,-96,-92,-128,-96,-160,-124,-160,-148
3783,0x55694a34e18d,W,0x7ffe9f8ae268,1,-20,-20,-52,-24,-84,-32,-84,-56,-116,-84,-116,-96,-148,-116,-180,-120,-12,-8,-12,-32,-44,-44,-76,-64,-108,-72,-108,-96,-140,-108,-140,-136
3786,0x55694a34e16d,W,0x7ffe9f8ae260,1,-28,-8,-28,-32,-60,-40,-92,-60,-124,-72,-124,-96,-156,-124,-188,-128,-4,-4,-4,-32,-36,-36,-68,-56,-100,-68,-100,-96,-132,-120,-164,-128
3790,0x55694a34e175,W,0x7ffe9f8ae25c,1,-32,-4,-32,-32,-64,-44,-96,-64,-128,-68,-128,-96,-160,-108,-160,-132,0,-20,-32,-28,-64,-32,-64,-60,-96,-84,-96,-96,-128,-116,-160,-124
3792,0x55694a34e178,R,0x7ffe9f8ae25c,1,-32,0,-32,-12,-64,-36,-64,-64,-96,-68,-128,-76,-160,-100,-160,-128,0,-20,-32,-28,-64,-52,-64,-64,-96,-92,-128,-96,-160,-116,-160,-128
3795,0x55694a34e185,R,0x7ffe9f8ae25c,1,0,0,-32,-4,-64,-32,-64,-44,-96,-68,-128,-76,-160,-96,-160,-108,-32,-20,-32,-32,-64,-60,-64,-84,-96,-92,-128,-96,-160,-124,-160,-148
3799,0x55694a34e18d,W,0x7ffe9f8ae248,1,-20,-20,-52,-24,-84,-32,-84,-56,-116,-84,-116,-96,-148,-116,-180,-120,-12,-8,-12,-32,-44,-44,-76,-64,-108,-72,-108,-96,-140,-108,-140,-136
3802,0x55694a34e16d,W,0x7ffe9f8ae240,1,-28,-8,-28,-32,-60,-40,-92,-60,-124,-72,-124,-96,-156,-124,-188,-128,-4,-4,-4,-32,-36,-36,-68,-56,-100,-68,-100,-96,-132,-120,-164,-128
3806,0x55694a34e175,W,0x7ffe9f8ae23c,1,-32,-4,-32,-32,-64,-44,-96,-64,-128,-68,-128,-96,-160,-108,-160,-132,0,-20,-32,-28,-64,-32,-64,-60,-96,-84,-96,-96,-128,-116,-160,-124
3808,0x55694a34e178,R,0x7ffe9f8ae23c,1,-32,0,-32,-12,-64,-36,-64,-64,-96,-68,-128,-76,-160,-100,-160,-128,0,-20,-32,-28,-64,-52,-64,-64,-96,-92,-128,-96,-160,-116,-160,-128
3811,0x55694a34e185,R,0x7ffe9f8ae23c,1,0,0,-32,-4,-64,-32,-64,-44,-96,-68,-128,-76,-160,-96,-160,-108,-32,-20,-32,-32,-64,-60,-64,-84,-96,-92,-128,-96,-160,-124,-160,-148
3815,0x55694a34e18d,W,0x7ffe9f8ae228,1,-20,-20,-52,-24,-84,-32,-84,-56,-116,-84,-116,-96,-148,-116,-180,-120,-12,-8,-12,-32,-44,-44,-76,-64,-108,-72,-108,-96,-140,-108,-140,-136
3818,0x55694a34e16d,W,0x7ffe9f8ae220,1,-28,-8,-28,-32,-60,-40,-92,-60,-124,-72,-124,-96,-156,-124,-188,-128,-4,-4,-4,-32,-36,-36,-68,-56,-100,-68,-100,-96,-132,-120,-164,-128
3822,0x55694a34e175,W,0x7ffe9f8ae21c,1,-32,-4,-32,-32,-64,-44,-96,-64,-128,-68,-128,-96,-160,-108,-160,-132,0,-20,-32,-28,-64,-32,-64,-60,-96,-84,-96,-96,-128,-116,-160,-124
3824,0x55694a34e178,R,0x7ffe9f8ae21c,1,-32,0,-32,-12,-64,-36,-64,-64,-96,-68,-128,-76,-160,-100,-160,-128,0,-20,-32,-28,-64,-52,-64,-64,-96,-92,-128,-96,-160,-116,-160,-128
3827,0x55694a34e185,R,0x7ffe9f8ae21c,1,0,0,-32,-4,-64,-32,-64,-44,-96,-68,-128,-76,-160,-96,-160,-108,-32,-20,-32,-32,-64,-60,-64,-84,-96,-92,-128,-96,-160,-124,-160,-148
3831,0x55694a34e18d,W,0x7ffe9f8ae208,1,-20,-20,-52,-24,-84,-32,-84,-56,-116,-84,-116,-96,-148,-116,-180,-120,-12,-8,-12,-32,-44,-44,-76,-64,-108,-72,-108,-96,-140,-108,-140,-136
3834,0x55694a34e16d,W,0x7ffe9f8ae200,1,-28,-8,-28,-32,-60,-40,-92,-60,-124,-72,-124,-96,-156,-124,-188,-128,-4,-4,-4,-32,-36,-36,-68,-56,-100,-68,-100,-96,-132,-120,-164,-128
3838,0x55694a34e175,W,0x7ffe9f8ae1fc,1,-32,-4,-32,-32,-64,-44,-96,-64,-128,-68,-128,-96,-160,-108,-160,-132,0,-20,-32,-28,-64,-32,-64,-60,-96,-84,-96,-96,-128,-116,-160,-124
3840,0x55694a34e178,R,0x7ffe9f8ae1fc,1,-32,0,-32,-12,-64,-36,-64,-64,-96,-68,-128,-76,-160,-100,-160,-128,0,-20,-32,-28,-64,-52,-64,-64,-96,-92,-128,-96,-160,-116,-160,-128
3843,0x55694a34e185,R,0x7ffe9f8ae1fc,1,0,0,-32,-4,-64,-32,-64,-44,-96,-68,-128,-76,-160,-96,-160,-108,-32,-20,-32,-32,-64,-60,-64,-84,-96,-92,-128,-96,-160,-124,-160,-148
3847,0x55694a34e18d,W,0x7ffe9f8ae1e8,1,-20,-20,-52,-24,-84,-32,-84,-56,-116,-84,-116,-96,-148,-116,-180,-120,-12,-8,-12,-32,-44,-44,-76,-64,-108,-72,-108,-96,-140,-108,-140,-136
3850,0x55694a34e16d,W,0x7ffe9f8ae1e0,1,-28,-8,-28,-32,-60,-40,-92,-60,-124,-72,-124,-96,-156,-124,-188,-128,-4,-4,-4,-32,-36,-36,-68,-56,-100,-68,-100,-96,-132,-120,-164,-128
3854,0x55694a34e175,W,0x7ffe9f8ae1dc,1,-32,-4,-32,-32,-64,-44,-96,-64,-128,-68,-128,-96,-160,-108,-160,-132,0,-20,-32,-28,-64,-32,-64,-60,-96,-84,-96,-96,-128,-116,-160,-124
3856,0x55694a34e178,R,0x7ffe9f8ae1dc,1,-32,0,-32,-12,-64,-36,-64,-64,-96,-68,-128,-76,-160,-100,-160,-128,0,-20,-32,-28,-64,-52,-64,-64,-96,-92,-128,-96,-160,-116,-160,-128
3859,0x55694a34e185,R,0x7ffe9f8ae1dc,1,0,0,-32,-4,-64,-32,-64,-44,-96,-68,-128,-76,-160,-96,-160,-108,-32,-20,-32,-32,-64,-60,-64,-84,-96,-92,-128,-96,-160,-124,-160,-148
3863,0x55694a34e18d,W,0x7ffe9f8ae1c8,1,-20,-20,-52,-24,-84,-32,-84,-56,-116,-84,-116,-96,-148,-116,-180,-120,-12,-8,-12,-32,-44,-44,-76,-64,-108,-72,-108,-96,-140,-108,-140,-136
3866,0x55694a34e16d,W,0x7ffe9f8ae1c0,1,-28,-8,-28,-32,-60,-40,-92,-60,-124,-72,-124,-96,-156,-124,-188,-128,-4,-4,-4,-32,-36,-36,-68,-56,-100,-68,-100,-96,-132,-120,-164,-128
3870,0x55694a34e175,W,0x7ffe9f8ae1bc,1,-32,-4,-32,-32,-64,-44,-96,-64,-128,-68,-128,-96,-160,-108,-160,-132,0,-20,-32,-28,-64,-32,-64,-60,-96,-84,-96,-96,-128,-116,-160,-124
3872,0x55694a34e178,R,0x7ffe9f8ae1bc,1,-32,0,-32,-12,-64,-36,-64,-64,-96,-68,-128,-76,-160,-100,-160,-128,0,-20,-32,-28,-64,-52,-64,-64,-96,-92,-128,-96,-160,-116,-160,-128
3875,0x55694a34e185,R,0x7ffe9f8ae1bc,1,0,0,-32,-4,-64,-32,-64,-44,-96,-68,-128,-76,-160,-96,-160,-108,-32,-20,-32,-32,-64,-60,-64,-84,-96,-92,-128,-96,-160,-124,-160,-148
3879,0x55694a34e18d,W,0x7ffe9f8ae1a8,1,-20,-20,-52,-24,-84,-32,-84,-56,-116,-84,-116,-96,-148,-116,-180,-120,-12,-8,-12,-32,-44,-44,-76,-64,-108,-72,-108,-96,-140,-108,-140,-136
3882,0x55694a34e16d,W,0x7ffe9f8ae1a0,1,-28,-8,-28,-32,-60,-40,-92,-60,-124,-72,-124,-96,-156,-124,-188,-128,-4,-4,-4,-32,-36,-36,-68,-56,-100,-68,-100,-96,-132,-120,-164,-128
3886,0x55694a34e175,W,0x7ffe9f8ae19c,1,-32,-4,-32,-32,-64,-44,-96,-64,-128,-68,-128,-96,-160,-108,-160,-132,0,-20,-32,-28,-64,-32,-64,-60,-96,-84,-96,-96,-128,-116,-160,-124
3888,0x55694a34e178,R,0x7ffe9f8ae19c,1,-32,0,-32,-12,-64,-36,-64,-64,-96,-68,-128,-76,-160,-100,-160,-128,0,-20,-32,-28,-64,-52,-64,-64,-96,-92,-128,-96,-160,-116,-160,-128
3891,0x55694a34e185,R,0x7ffe9f8ae19c,1,0,0,-32,-4,-64,-32,-64,-44,-96,-68,-128,-76,-160,-96,-160,-108,-32,-20,-32,-32,-64,-60,-64,-84,-96,-92,-128,-96,-160,-124,-160,-148
3895,0x55694a34e18d,W,0x7ffe9f8ae188,1,-20,-20,-52,-24,-84,-32,-84,-56,-116,-84,-116,-96,-148,-116,-180,-120,-12,-8,-12,-32,-44,-44,-76,-64,-108,-72,-108,-96,-140,-108,-140,-136
3898,0x55694a34e16d,W,0x7ffe9f8ae180,1,-28,-8,-28,-32,-60,-40,-92,-60,-124,-72,-124,-96,-156,-124,-188,-128,-4,-4,-4,-32,-36,-36,-68,-56,-100,-68,-100,-96,-132,-120,-164,-128
3902,0x55694a34e175,W,0x7ffe9f8ae17c,1,-32,-4,-32,-32,-64,-44,-96,-64,-128,-68,-128,-96,-160,-108,-160,-132,0,-20,-32,-28,-64,-32,-64,-60,-96,-84,-96,-96,-128,-116,-160,-124
3904,0x55694a34e178,R,0x7ffe9f8ae17c,1,-32,0,-32,-12,-64,-36,-64,-64,-96,-68,-128,-76,-160,-100,-160,-128,0,-20,-32,-28,-64,-52,-64,-64,-96,-92,-128,-96,-160,-116,-160,-128
3907,0x55694a34e185,R,0x7ffe9f8ae17c,1,0,0,-32,-4,-64,-32,-64,-44,-96,-68,-128,-76,-160,-96,-160,-108,-32,-20,-32,-32,-64,-60,-64,-84,-96,-92,-128,-96,-160,-124,-160,-148
3911,0x55694a34e18d,W,0x7ffe9f8ae168,1,-20,-20,-52,-24,-84,-32,-84,-56,-116,-84,-116,-96,-148,-116,-180,-120,-12,-8,-12,-32,-44,-44,-76,-64,-108,-72,-108,-96,-140,-108,-140,-136
3914,0x55694a34e16d,W,0x7ffe9f8ae160,1,-28,-8,-28,-32,-60,-40,-92,-60,-124,-72,-124,-96,-156,-124,-188,-128,-4,-4,-4,-32,-36,-36,-68,-56,-100,-68,-100,-96,-132,-120,-164,-128
3918,0x55694a34e175,W,0x7ffe9f8ae15c,1,-32,-4,-32,-32,-64,-44,-96,-64,-128,-68,-128,-96,-160,-108,-160,-132,0,-20,-32,-28,-64,-32,-64,-60,-96,-84,-96,-96,-128,-116,-160,-124
3920,0x55694a34e178,R,0x7ffe9f8ae15c,1,-32,0,-32,-12,-64,-36,-64,-64,-96,-68,-128,-76,-160,-100,-160,-128,0,-20,-32,-28,-64,-52,-64,-64,-96,-92,-128,-96,-160,-116,-160,-128
3923,0x55694a34e185,R,0x7ffe9f8ae15c,1,0,0,-32,-4,-64,-32,-64,-44,-96,-68,-128,-76,-160,-96,-160,-108,-32,-20,-32,-32,-64,-60,-64,-84,-96,-92,-128,-96,-160,-124,-160,-148
3927,0x55694a34e18d,W,0x7ffe9f8ae148,1,-20,-20,-52,-24,-84,-32,-84,-56,-116,-84,-116,-96,-148,-116,-180,-120,-12,-8,-12,-32,-44,-44,-76,-64,-108,-72,-108,-96,-140,-108,-140,-136
3930,0x55694a34e16d,W,0x7ffe9f8ae140,1,-28,-8,-28,-32,-60,-40,-92,-60,-124,-72,-124,-96,-156,-124,-188,-128,-4,-4,-4,-32,-36,-36,-68,-56,-100,-68,-100,-96,-132,-120,-164,-128
3934,0x55694a34e175,W,0x7ffe9f8ae13c,1,-32,-4,-32,-32,-64,-44,-96,-64,-128,-68,-128,-96,-160,-108,-160,-132,0,-20,-32,-28,-64,-32,-64,-60,-96,-84,-96,-96,-128,-116,-160,-124
3936,0x55694a34e178,R,0x7ffe9f8ae13c,1,-32,0,-32,-12,-64,-36,-64,-64,-96,-68,-128,-76,-160,-100,-160,-128,0,-20,-32,-28,-64,-52,-64,-64,-96,-92,-128,-96,-160,-116,-160,-128
3939,0x55694a34e185,R,0x7ffe9f8ae13c,1,0,0,-32,-4,-64,-32,-64,-44,-96,-68,-128,-76,-160,-96,-160,-108,-32,-20,-32,-32,-64,-60,-64,-84,-96,-92,-128,-96,-160,-124,-160,-148
3943,0x55694a34e18d,W,0x7ffe9f8ae128,1,-20,-20,-52,-24,-84,-32,-84,-56,-116,-84,-116,-96,-148,-116,-180,-120,-12,-8,-12,-32,-44,-44,-76,-64,-108,-72,-108,-96,-140,-108,-140,-136
3946,0x55694a34e16d,W,0x7ffe9f8ae120,1,-28,-8,-28,-32,-60,-40,-92,-60,-124,-72,-124,-96,-156,-124,-188,-128,-4,-4,-4,-32,-36,-36,-68,-56,-100,-68,-100,-96,-132,-120,-164,-128
3950,0x55694a34e175,W,0x7ffe9f8ae11c,1,-32,-4,-32,-32,-64,-44,-96,-64,-128,-68,-128,-96,-160,-108,-160,-132,0,-20,-32,-28,-64,-32,-64,-60,-96,-84,-96,-96,-128,-116,-160,-124
3952,0x55694a34e178,R,0x7ffe9f8ae11c,1,-32,0,-32,-12,-64,-36,-64,-64,-96,-68,-128,-76,-160,-100,-160,-128,0,-20,-32,-28,-64,-52,-64,-64,-96,-92,-128,-96,-160,-116,-160,-128
3955,0x55694a34e185,R,0x7ffe9f8ae11c,1,0,0,-32,-4,-64,-32,-64,-44,-96,-68,-128,-76,-160,-96,-160,-108,-32,-20,-32,-32,-64,-60,-64,-84,-96,-92,-128,-96,-160,-124,-160,-148
3959,0x55694a34e18d,W,0x7ffe9f8ae108,1,-20,-20,-52,-24,-84,-32,-84,-56,-116,-84,-116,-96,-148,-116,-180,-120,-12,-8,-12,-32,-44,-44,-76,-64,-108,-72,-108,-96,-140,-108,-140,-136
3962,0x55694a34e16d,W,0x7ffe9f8ae100,1,-28,-8,-28,-32,-60,-40,-92,-60,-124,-72,-124,-96,-156,-124,-188,-128,-4,-4,-4,-32,-36,-36,-68,-56,-100,-68,-100,-96,-132,-120,-164,-128
3966,0x55694a34e175,W,0x7ffe9f8ae0fc,1,-32,-4,-32,-32,-64,-44,-96,-64,-128,-68,-128,-96,-160,-108,-160,-132,0,-20,-32,-28,-64,-32,-64,-60,-96,-84,-96,-96,-128,-116,-160,-124
3968,0x55694a34e178,R,0x7ffe9f8ae0fc,1,-32,0,-32,-12,-64,-36,-64,-64,-96,-68,-128,-76,-160,-100,-160,-128,0,-20,-32,-28,-64,-52,-64,-64,-96,-92,-128,-96,-160,-116,-160,-128
3971,0x55694a34e185,R,0x7ffe9f8ae0fc,1,0,0,-32,-4,-64,-32,-64,-44,-96,-68,-128,-76,-160,-96,-160,-108,-32,-20,-32,-32,-64,-60,-64,-84,-96,-92,-128,-96,-160,-124,-160,-148
3975,0x55694a34e18d,W,0x7ffe9f8ae0e8,1,-20,-20,-52,-24,-84,-32,-84,-56,-116,-84,-116,-96,-148,-116,-180,-120,-12,-8,-12,-32,-44,-44,-76,-64,-108,-72,-108,-96,-140,-108,-140,-136
3978,0x55694a34e16d,W,0x7ffe9f8ae0e0,1,-28,-8,-28,-32,-60,-40,-92,-60,-124,-72,-124,-96,-156,-124,-188,-128,-4,-4,-4,-32,-36,-36,-68,-56,-100,-68,-100,-96,-132,-120,-164,-128
3982,0x55694a34e175,W,0x7ffe9f8ae0dc,1,-32,-4,-32,-32,-64,-44,-96,-64,-128,-68,-128,-96,-160,-108,-160,-132,0,-20,-32,-28,-64,-32,-64,-60,-96,-84,-96,-96,-128,-116,-160,-124
3984,0x55694a34e178,R,0x7ffe9f8ae0dc,1,-32,0,-32,-12,-64,-36,-64,-64,-96,-68,-128,-76,-160,-100,-160,-128,0,-20,-32,-28,-64,-52,-64,-64,-96,-92,-128,-96,-160,-116,-160,-128
3987,0x55694a34e185,R,0x7ffe9f8ae0dc,1,0,0,-32,-4,-64,-32,-64,-44,-96,-68,-128,-76,-160,-96,-160,-108,-32,-20,-32,-32,-64,-60,-64,-84,-96,-92,-128,-96,-160,-124,-160,-148
3991,0x55694a34e18d,W,0x7ffe9f8ae0c8,1,-20,-20,-52,-24,-84,-32,-84,-56,-116,-84,-116,-96,-148,-116,-180,-120,-12,-8,-12,-32,-44,-44,-76,-64,-108,-72,-108,-96,-140,-108,-140,-136
3994,0x55694a34e16d,W,0x7ffe9f8ae0c0,1,-28,-8,-28,-32,-60,-40,-92,-60,-124,-72,-124,-96,-156,-124,-188,-128,-4,-4,-4,-32,-36,-36,-68,-56,-100,-68,-100,-96,-132,-120,-164,-128
3998,0x55694a34e175,W,0x7ffe9f8ae0bc,1,-32,-4,-32,-32,-64,-44,-96,-64,-128,-68,-128,-96,-160,-108,-160,-132,0,-20,-32,-28,-64,-32,-64,-60,-96,-84,-96,-96,-128,-116,-156,-124
4000,0x55694a34e178,R,0x7ffe9f8ae0bc,1,-32,0,-32,-12,-64,-36,-64,-64,-96,-68,-128,-76,-160,-100,-160,-128,0,-20,-32,-28,-64,-52,-64,-64,-96,-92,-128,-96,-160,-116,-156,-128
4003,0x55694a34e185,R,0x7ffe9f8ae0bc,1,0,0,-32,-4,-64,-32,-64,-44,-96,-68,-128,-76,-160,-96,-160,-108,-32,-20,-32,-32,-64,-60,-64,-84,-96,-92,-128,-96,-160,-124,-156,-148
4007,0x55694a34e18d,W,0x7ffe9f8ae0a8,1,-20,-20,-52,-24,-84,-32,-84,-56,-116,-84,-116,-96,-148,-116,-180,-120,-12,-8,-12,-32,-44,-44,-76,-64,-108,-72,-108,-96,-140,-108,-136,-136
4010,0x55694a34e16d,W,0x7ffe9f8ae0a0,1,-28,-8,-28,-32,-60,-40,-92,-60,-124,-72,-124,-96,-156,-124,-188,-128,-4,-4,-4,-32,-36,-36,-68,-56,-100,-68,-100,-96,-132,-120,-120,-128
4014,0x55694a34e175,W,0x7ffe9f8ae09c,1,-32,-4,-32,-32,-64,-44,-96,-64,-128,-68,-128,-96,-160,-108,-160,-132,0,-20,-32,-28,-64,-32,-64,-60,-96,-84,-96,-96,-124,-116,-96,-124
4016,0x55694a34e178,R,0x7ffe9f8ae09c,1,-32,0,-32,-12,-64,-36,-64,-64,-96,-68,-128,-76,-160,-100,-160,-128,0,-20,-32,-28,-64,-52,-64,-64,-96,-92,-128,-96,-116,-116,-96,-128
4019,0x55694a34e185,R,0x7ffe9f8ae09c,1,0,0,-32,-4,-64,-32,-64,-44,-96,-68,-128,-76,-160,-96,-160,-108,-32,-20,-32,-32,-64,-60,-64,-84,-96,-92,-124,-96,-116,-124,-96,7920
4023,0x55694a34e18d,W,0x7ffe9f8ae088,1,-20,-20,-52,-24,-84,-32,-84,-56,-116,-84,-116,-96,-148,-116,-180,-120,-12,-8,-12,-32,-44,-44,-76,-64,-108,-72,-104,-96,-96,-108,-76,7904
4026,0x55694a34e16d,W,0x7ffe9f8ae080,1,-28,-8,-28,-32,-60,-40,-92,-60,-124,-72,-124,-96,-156,-124,-188,-128,-4,-4,-4,-32,-36,-36,-68,-56,-100,-68,-96,-96,-88,7948,-64,7912
4030,0x55694a34e175,W,0x7ffe9f8ae07c,1,-32,-4,-32,-32,-64,-44,-96,-64,-128,-68,-128,-96,-160,-108,-160,-132,0,-20,-32,-28,-64,-32,-64,-60,-96,-84,-92,-96,-64,7952,-52,7916
4032,0x55694a34e178,R,0x7ffe9f8ae07c,1,-32,0,-32,-12,-64,-36,-64,-64,-96,-68,-128,-76,-160,-100,-160,-128,0,-20,-32,-28,-64,-52,-64,-64,-96,-92,-84,-96,-60,7952,-52,7700
4035,0x55694a34e185,R,0x7ffe9f8ae07c,1,0,0,-32,-4,-64,-32,-64,-44,-96,-68,-128,-76,-160,-96,-160,-108,-32,-20,-32,-32,-64,-60,-64,-84,-92,-92,-64,-96,-60,7916,-52,7692
4039,0x55694a34e18d,W,0x7ffe9f8ae068,1,-20,-20,-52,-24,-84,-32,-84,-56,-116,-84,-116,-96,-148,-116,-180,-120,-12,-8,-12,-32,-44,-44,-76,-64,-64,-72,-44,7972,-40,7720,-32,7712
4042,0x55694a34e16d,W,0x7ffe9f8ae060,1,-28,-8,-28,-32,-60,-40,-92,-60,-124,-72,-124,-96,-156,-124,-188,-128,-4,-4,-4,-32,-36,-36,-64,-56,-56,-68,-36,7944,-32,7720,-4,7720
4046,0x55694a34e175,W,0x7ffe9f8ae05c,1,-32,-4,-32,-32,-64,-44,-96,-64,-128,-68,-128,-96,-160,-108,-160,-132,0,-20,-32,-28,-64,-32,-60,-60,-52,7984,-32,7732,-20,7724,4,7724
4048,0x55694a34e178,R,0x7ffe9f8ae05c,1,-32,0,-32,-12,-64,-36,-64,-64,-96,-68,-128,-76,-160,-100,-160,-128,0,-20,-32,-28,-64,-52,-60,-64,-52,7948,-28,7732,0,7724,4,-46820870180940
4051,0x55694a34e185,R,0x7ffe9f8ae05c,1,0,0,-32,-4,-64,-32,-64,-44,-96,-68,-128,-76,-160,-96,-160,-108,-32,-20,-32,-32,-64,-60,-60,7984,-32,7948,-20,7732,0,7724,4,-64
4055,0x55694a34e18d,W,0x7ffe9f8ae048,1,-20,-20,-52,-24,-84,-32,-84,-56,-116,-84,-116,-96,-148,-116,-180,-120,-12,-8,-12,-32,-44,-44,-32,8004,-8,7968,0,7744,20,-46820870180920,24,8004
4058,0x55694a34e16d,W,0x7ffe9f8ae040,1,-28,-8,-28,-32,-60,-40,-92,-60,-124,-72,-124,-96,-156,-124,-188,-128,-4,-4,-4,-32,-32,-36,-4,8012,0,7760,8,7752,28,8012,40,8012
4062,0x55694a34e175,W,0x7ffe9f8ae03c,1,-32,-4,-32,-32,-64,-44,-96,-64,-128,-68,-128,-96,-160,-108,-160,-132,0,-20,-32,-28,-20,-32,0,7980,4,7756,12,-46820870180908,36,8016,64,8016
4064,0x55694a34e178,R,0x7ffe9f8ae03c,1,-32,0,-32,-12,-64,-36,-64,-64,-96,-68,-128,-76,-160,-100,-160,-128,0,-20,-28,-28,-20,8016,0,7764,4,7756,32,-46820870180908,44,8016,68,8016
4067,0x55694a34e185,R,0x7ffe9f8ae03c,1,0,0,-32,-4,-64,-32,-64,-44,-96,-68,-128,-76,-160,-96,-160,-108,-32,-20,-28,-32,-20,7980,0,7756,12,7756,36,-46820870180908,64,8016,76,8016
4071,0x55694a34e18d,W,0x7ffe9f8ae028,1,-20,-20,-52,-24,-84,-32,-84,-56,-116,-84,-116,-96,-148,-116,-180,-120,-12,-8,-8,8036,0,7784,24,7776,52,7776,64,-46820870180888,88,8036,116,8036
4074,0x55694a34e16d,W,0x7ffe9f8ae020,1,-28,-8,-28,-32,-60,-40,-92,-60,-124,-72,-124,-96,-156,-124,-188,-128,-4,-4,0,8008,28,7792,40,7784,64,7784,92,-46820870180880,104,8044,128,8044
4078,0x55694a34e175,W,0x7ffe9f8ae01c,1,-32,-4,-32,-32,-64,-44,-96,-64,-128,-68,-128,-96,-160,-108,-160,-132,0,8048,12,8012,36,7796,64,7788,76,7788,100,-46820870180876,128,8048,140,8048
4080,0x55694a34e178,R,0x7ffe9f8ae01c,1,-32,0,-32,-12,-64,-36,-64,-64,-96,-68,-128,-76,-160,-100,-160,-128,4,8048,32,8012,44,7796,68,7788,96,7788,108,-46820870180876,132,8048,160,8048
4085,0x55694a34e197,R,0x7ffe9f8ae020,1,4,4,-28,0,-60,-28,-60,-40,-92,-64,-124,-72,-156,-92,-156,-104,8,8044,32,8008,60,7792,72,7784,96,7784,124,-46820870180880,136,8044,160,8044
4087,0x55694a34e198,R,0x7ffe9f8ae028,1,8,12,-20,8,-52,0,-52,-24,-84,-52,-84,-64,-116,-84,-148,-88,20,8036,32,8000,56,7784,84,7776,96,7776,120,-46820870180888,148,8036,160,8036
4089,0x55694a34e192,R,0x7ffe9f8ae03c,1,20,32,32,28,0,20,-32,0,-64,-12,-64,-36,-96,-64,-128,-68,4,8016,32,7980,44,7764,68,7756,96,7756,108,-46820870180908,132,8016,160,8016
4092,0x55694a34e197,R,0x7ffe9f8ae040,1,4,36,32,32,4,24,-28,4,-60,0,-60,-28,-92,-40,-92,-64,8,8012,32,7976,60,7760,72,7752,96,7752,124,-46820870180912,136,8012,160,8012
4094,0x55694a34e198,R,0x7ffe9f8ae048,1,8,44,32,40,44,32,12,12,-20,8,-52,0,-84,-24,-84,-52,20,8004,32,7968,56,7752,84,7744,96,7744,120,-46820870180920,148,8004,160,8004
4096,0x55694a34e192,R,0x7ffe9f8ae05c,1,20,64,32,60,60,52,32,32,0,28,-32,20,-64,0,-64,-12,4,7984,32,7948,44,7732,68,7724,96,7724,108,-46820870180940,132,7984,160,7984
4099,0x55694a34e197,R,0x7ffe9f8ae060,1,4,68,32,64,56,56,68,36,36,32,4,24,-28,4,-60,0,8,7980,32,7944,60,7728,72,7720,96,7720,124,-46820870180944,136,7980,160,7980
4101,0x55694a34e198,R,0x7ffe9f8ae068,1,8,76,32,72,44,64,72,44,44,40,12,32,-20,12,-52,8,20,7972,32,7936,56,7720,84,7712,96,7712,120,-46820870180952,148,7972,160,7972
4103,0x55694a34e192,R,0x7ffe9f8ae07c,1,20,96,32,92,60,84,84,64,96,60,64,52,32,32,0,28,4,7952,32,7916,44,7700,68,7692,96,7692,108,-46820870180972,132,7952,160,7952
4106,0x55694a34e197,R,0x7ffe9f8ae080,1,4,100,32,96,56,88,68,68,96,64,68,56,36,36,4,32,8,7948,32,7912,60,7696,72,7688,96,7688,124,-46820870180976,136,7948,160,7948
4108,0x55694a34e198,R,0x7ffe9f8ae088,1,8,108,32,104,44,96,72,76,96,72,108,64,76,44,44,40,20,7940,32,7904,56,7688,84,7680,96,7680,120,-46820870180984,148,7940,160,7940
4110,0x55694a34e192,R,0x7ffe9f8ae09c,1,20,128,32,124,60,116,84,96,96,92,124,84,96,64,64,60,4,7920,32,7884,44,7668,68,7660,96,7660,108,-46820870181004,132,7920,160,7920
4113,0x55694a34e197,R,0x7ffe9f8ae0a0,1,4,132,32,128,56,120,68,100,96,96,120,88,132,68,100,64,8,7916,32,7880,60,7664,72,7656,96,7656,124,-46820870181008,136,7916,160,7916
4115,0x55694a34e198,R,0x7ffe9f8ae0a8,1,8,140,32,136,44,128,72,108,96,104,108,96,136,76,108,72,20,7908,32,7872,56,7656,84,7648,96,7648,120,-46820870181016,148,7908,160,7908
4117,0x55694a34e192,R,0x7ffe9f8ae0bc,1,20,160,32,156,60,148,84,128,96,124,124,116,148,96,160,92,4,7888,32,7852,44,7636,68,7628,96,7628,108,-46820870181036,132,7888,160,7888
4120,0x55694a34e197,R,0x7ffe9f8ae0c0,1,4,164,32,160,56,152,68,132,96,128,120,120,132,100,160,96,8,7884,32,7848,60,7632,72,7624,96,7624,124,-46820870181040,136,7884,160,7884
4122,0x55694a34e198,R,0x7ffe9f8ae0c8,1,8,172,32,168,44,160,72,140,96,136,108,128,136,108,160,104,20,7876,32,7840,56,7624,84,7616,96,7616,120,-46820870181048,148,7876,160,7876
4124,0x55694a34e192,R,0x7ffe9f8ae0dc,1,20,192,32,188,60,180,84,160,96,156,124,148,148,128,160,124,4,7856,32,7820,44,7604,68,7596,96,7596,108,-46820870181068,132,7856,160,7856
4127,0x55694a34e197,R,0x7ffe9f8ae0e0,1,4,196,32,192,56,184,68,164,96,160,120,152,132,132,160,128,8,7852,32,7816,60,7600,72,7592,96,7592,124,-46820870181072,136,7852,160,7852
4129,0x55694a34e198,R,0x7ffe9f8ae0e8,1,8,204,32,200,44,192,72,172,96,168,108,160,136,140,160,136,20,7844,32,7808,56,7592,84,7584,96,7584,120,-46820870181080,148,7844,160,7844
4131,0x55694a34e192,R,0x7ffe9f8ae0fc,1,20,224,32,220,60,212,84,192,96,188,124,180,148,160,160,156,4,7824,32,7788,44,7572,68,7564,96,7564,108,-46820870181100,132,7824,160,7824
4134,0x55694a34e197,R,0x7ffe9f8ae100,1,4,228,32,224,56,216,68,196,96,192,120,184,132,164,160,160,8,7820,32,7784,60,7568,72,7560,96,7560,124,-46820870181104,136,7820,160,7820
4136,0x55694a34e198,R,0x7ffe9f8ae108,1,8,236,32,232,44,224,72,204,96,200,108,192,136,172,160,168,20,7812,32,7776,56,7560,84,7552,96,7552,120,-46820870181112,148,7812,160,7812
4138,0x55694a34e192,R,0x7ffe9f8ae11c,1,20,256,32,252,60,244,84,224,96,220,124,212,148,192,160,188,4,7792,32,7756,44,7540,68,7532,96,7532,108,-46820870181132,132,7792,160,7792
4141,0x55694a34e197,R,0x7ffe9f8ae120,1,4,260,32,256,56,248,68,228,96,224,120,216,132,196,160,192,8,7788,32,7752,60,7536,72,7528,96,7528,124,-46820870181136,136,7788,160,7788
4143,0x55694a34e198,R,0x7ffe9f8ae128,1,8,268,32,264,44,256,72,236,96,232,108,224,136,204,160,200,20,7780,32,7744,56,7528,84,7520,96,7520,120,-46820870181144,148,7780,160,7780
4145,0x55694a34e192,R,0x7ffe9f8ae13c,1,20,288,32,284,60,276,84,256,96,252,124,244,148,224,160,220,4,7760,32,7724,44,7508,68,7500,96,7500,108,-46820870181164,132,7760,160,7760
4148,0x55694a34e197,R,0x7ffe9f8ae140,1,4,292,32,288,56,280,68,260,96,256,120,248,132,228,160,224,8,7756,32,7720,60,7504,72,7496,96,7496,124,-46820870181168,136,7756,160,7756
4150,0x55694a34e198,R,0x7ffe9f8ae148,1,8,300,32,296,44,288,72,268,96,264,108,256,136,236,160,232,20,7748,32,7712,56,7496,84,7488,96,7488,120,-46820870181176,148,7748,160,7748
4152,0x55694a34e192,R,0x7ffe9f8ae15c,1,20,320,32,316,60,308,84,288,96,284,124,276,148,256,160,252,4,7728,32,7692,44,7476,68,7468,96,7468,108,-46820870181196,132,7728,160,7728
4155,0x55694a34e197,R,0x7ffe9f8ae160,1,4,324,32,320,56,312,68,292,96,288,120,280,132,260,160,256,8,7724,32,7688,60,7472,72,7464,96,7464,124,-46820870181200,136,7724,160,7724
4157,0x55694a34e198,R,0x7ffe9f8ae168,1,8,332,32,328,44,320,72,300,96,296,108,288,136,268,160,264,20,7716,32,7680,56,7464,84,7456,96,7456,120,-46820870181208,148,7716,160,7716
4159,0x55694a34e192,R,0x7ffe9f8ae17c,1,20,352,32,348,60,340,84,320,96,316,124,308,148,288,160,284,4,7696,32,7660,44,7444,68,7436,96,7436,108,-46820870181228,132,7696,160,7696
4162,0x55694a34e197,R,0x7ffe9f8ae180,1,4,356,32,352,56,344,68,324,96,320,120,312,132,292,160,288,8,7692,32,7656,60,7440,72,7432,96,7432,124,-46820870181232,136,7692,160,7692
4164,0x55694a34e198,R,0x7ffe9f8ae188,1,8,364,32,360,44,352,72,332,96,328,108,320,136,300,160,296,20,7684,32,7648,56,7432,84,7424,96,7424,120,-46820870181240,148,7684,160,7684
4166,0x55694a34e192,R,0x7ffe9f8ae19c,1,20,384,32,380,60,372,84,352,96,348,124,340,148,320,160,316,4,7664,32,7628,44,7412,68,7404,96,7404,108,-46820870181260,132,7664,160,7664
4169,0x55694a34e197,R,0x7ffe9f8ae1a0,1,4,388,32,384,56,376,68,356,96,352,120,344,132,324,160,320,8,7660,32,7624,60,7408,72,7400,96,7400,124,-46820870181264,136,7660,160,7660
4171,0x55694a34e198,R,0x7ffe9f8ae1a8,1,8,396,32,392,44,384,72,364,96,360,108,352,136,332,160,328,20,7652,32,7616,56,7400,84,7392,96,7392,120,-46820870181272,148,7652,160,7652
4173,0x55694a34e192,R,0x7ffe9f8ae1bc,1,20,416,32,412,60,404,84,384,96,380,124,372,148,352,160,348,4,7632,32,7596,44,7380,68,7372,96,7372,108,-46820870181292,132,7632,160,7632
4176,0x55694a34e197,R,0x7ffe9f8ae1c0,1,4,420,32,416,56,408,68,388,96,384,120,376,132,356,160,352,8,7628,32,7592,60,7376,72,7368,96,7368,124,-46820870181296,136,7628,160,7628
4178,0x55694a34e198,R,0x7ffe9f8ae1c8,1,8,428,32,424,44,416,72,396,96,392,108,384,136,364,160,360,20,7620,32,7584,56,7368,84,7360,96,7360,120,-46820870181304,148,7620,160,7620
4180,0x55694a34e192,R,0x7ffe9f8ae1dc,1,20,448,32,444,60,436,84,416,96,412,124,404,148,384,160,380,4,7600,32,7564,44,7348,68,7340,96,7340,108,-46820870181324,132,7600,160,7600
4183,0x55694a34e197,R,0x7ffe9f8ae1e0,1,4,452,32,448,56,440,68,420,96,416,120,408,132,388,160,384,8,7596,32,7560,60,7344,72,7336,96,7336,124,-46820870181328,136,7596,160,7596
4185,0x55694a34e198,R,0x7ffe9f8ae1e8,1,8,460,32,456,44,448,72,428,96,424,108,416,136,396,160,392,20,7588,32,7552,56,7336,84,7328,96,7328,120,-46820870181336,148,7588,160,7588
4187,0x55694a34e192,R,0x7ffe9f8ae1fc,1,20,480,32,476,60,468,84,448,96,444,124,436,148,416,160,412,4,7568,32,7532,44,7316,68,7308,96,7308,108,-46820870181356,132,7568,160,7568
4190,0x55694a34e197,R,0x7ffe9f8ae200,1,4,484,32,480,56,472,68,452,96,448,120,440,132,420,160,416,8,7564,32,7528,60,7312,72,7304,96,7304,124,-46820870181360,136,7564,160,7564
4192,0x55694a34e198,R,0x7ffe9f8ae208,1,8,492,32,488,44,480,72,460,96,456,108,448,136,428,160,424,20,7556,32,7520,56,7304,84,7296,96,7296,120,-46820870181368,148,7556,160,7556
4194,0x55694a34e192,R,0x7ffe9f8ae21c,1,20,512,32,508,60,500,84,480,96,476,124,468,148,448,160,444,4,7536,32,7500,44,7284,68,7276,96,7276,108,-46820870181388,132,7536,160,7536
4197,0x55694a34e197,R,0x7ffe9f8ae220,1,4,516,32,512,56,504,68,484,96,480,120,472,132,452,160,448,8,7532,32,7496,60,7280,72,7272,96,7272,124,-46820870181392,136,7532,160,7532
4199,0x55694a34e198,R,0x7ffe9f8ae228,1,8,524,32,520,44,512,72,492,96,488,108,480,136,460,160,456,20,7524,32,7488,56,7272,84,7264,96,7264,120,-46820870181400,148,7524,160,7524
4201,0x55694a34e192,R,0x7ffe9f8ae23c,1,20,544,32,540,60,532,84,512,96,508,124,500,148,480,160,476,4,7504,32,7468,44,7252,68,7244,96,7244,108,-46820870181420,132,7504,160,7504
4204,0x55694a34e197,R,0x7ffe9f8ae240,1,4,548,32,544,56,536,68,516,96,512,120,504,132,484,160,480,8,7500,32,7464,60,7248,72,7240,96,7240,124,-46820870181424,136,7500,160,7500
4206,0x55694a34e198,R,0x7ffe9f8ae248,1,8,556,32,552,44,544,72,524,96,520,108,512,136,492,160,488,20,7492,32,7456,56,7240,84,7232,96,7232,120,-46820870181432,148,7492,160,7492
4208,0x55694a34e192,R,0x7ffe9f8ae25c,1,20,576,32,572,60,564,84,544,96,540,124,532,148,512,160,508,4,7472,32,7436,44,7220,68,7212,96,7212,108,-46820870181452,132,7472,160,7472
4211,0x55694a34e197,R,0x7ffe9f8ae260,1,4,580,32,576,56,568,68,548,96,544,120,536,132,516,160,512,8,7468,32,7432,60,7216,72,7208,96,7208,124,-46820870181456,136,7468,160,7468
4213,0x55694a34e198,R,0x7ffe9f8ae268,1,8,588,32,584,44,576,72,556,96,552,108,544,136,524,160,520,20,7460,32,7424,56,7208,84,7200,96,7200,120,-46820870181464,148,7460,160,7460
4215,0x55694a34e192,R,0x7ffe9f8ae27c,1,20,608,32,604,60,596,84,576,96,572,124,564,148,544,160,540,4,7440,32,7404,44,7188,68,7180,96,7180,108,-46820870181484,132,7440,160,7440
4218,0x55694a34e197,R,0x7ffe9f8ae280,1,4,612,32,608,56,600,68,580,96,576,120,568,132,548,160,544,8,7436,32,7400,60,7184,72,7176,96,7176,124,-46820870181488,136,7436,160,7436
4220,0x55694a34e198,R,0x7ffe9f8ae288,1,8,620,32,616,44,608,72,588,96,584,108,576,136,556,160,552,20,7428,32,7392,56,7176,84,7168,96,7168,120,-46820870181496,148,7428,160,7428
4222,0x55694a34e192,R,0x7ffe9f8ae29c,1,20,640,32,636,60,628,84,608,96,604,124,596,148,576,160,572,4,7408,32,7372,44,7156,68,7148,96,7148,108,-46820870181516,132,7408,160,7408
4225,0x55694a34e197,R,0x7ffe9f8ae2a0,1,4,644,32,640,56,632,68,612,96,608,120,600,132,580,160,576,8,7404,32,7368,60,7152,72,7144,96,7144,124,-46820870181520,136,7404,160,7404
4227,0x55694a34e198,R,0x7ffe9f8ae2a8,1,8,652,32,648,44,640,72,620,96,616,108,608,136,588,160,584,20,7396,32,7360,56,7144,84,7136,96,7136,120,-46820870181528,148,7396,160,7396
4229,0x55694a34e192,R,0x7ffe9f8ae2bc,1,20,672,32,668,60,660,84,640,96,636,124,628,148,608,160,604,4,7376,32,7340,44,7124,68,7116,96,7116,108,-46820870181548,132,7376,160,7376
4232,0x55694a34e197,R,0x7ffe9f8ae2c0,1,4,676,32,672,56,664,68,644,96,640,120,632,132,612,160,608,8,7372,32,7336,60,7120,72,7112,96,7112,124,-46820870181552,136,7372,160,7372
4234,0x55694a34e198,R,0x7ffe9f8ae2c8,1,8,684,32,680,44,672,72,652,96,648,108,640,136,620,160,616,20,7364,32,7328,56,7112,84,7104,96,7104,120,-46820870181560,148,7364,160,7364
4236,0x55694a34e192,R,0x7ffe9f8ae2dc,1,20,704,32,700,60,692,84,672,96,668,124,660,148,640,160,636,4,7344,32,7308,44,7092,68,7084,96,7084,108,-46820870181580,132,7344,160,7344
4239,0x55694a34e197,R,0x7ffe9f8ae2e0,1,4,708,32,704,56,696,68,676,96,672,120,664,132,644,160,640,8,7340,32,7304,60,7088,72,7080,96,7080,124,-46820870181584,136,7340,160,7340
4241,0x55694a34e198,R,0x7ffe9f8ae2e8,1,8,716,32,712,44,704,72,684,96,680,108,672,136,652,160,648,20,7332,32,7296,56,7080,84,7072,96,7072,120,-46820870181592,148,7332,160,7332
4243,0x55694a34e192,R,0x7ffe9f8ae2fc,1,20,736,32,732,60,724,84,704,96,700,124,692,148,672,160,668,4,7312,32,7276,44,7060,68,7052,96,7052,108,-46820870181612,132,7312,160,7312
4246,0x55694a34e197,R,0x7ffe9f8ae300,1,4,740,32,736,56,728,68,708,96,704,120,696,132,676,160,672,8,7308,32,7272,60,7056,72,7048,96,7048,124,-46820870181616,136,7308,160,7308
4248,0x55694a34e198,R,0x7ffe9f8ae308,1,8,748,32,744,44,736,72,716,96,712,108,704,136,684,160,680,20,7300,32,7264,56,7048,84,7040,96,7040,120,-46820870181624,148,7300,160,7300
4250,0x55694a34e192,R,0x7ffe9f8ae31c,1,20,768,32,764,60,756,84,736,96,732,124,724,148,704,160,700,4,7280,32,7244,44,7028,68,7020,96,7020,108,-46820870181644,132,7280,160,7280
4253,0x55694a34e197,R,0x7ffe9f8ae320,1,4,772,32,768,56,760,68,740,96,736,120,728,132,708,160,704,8,7276,32,7240,60,7024,72,7016,96,7016,124,-46820870181648,136,7276,160,7276
4255,0x55694a34e198,R,0x7ffe9f8ae328,1,8,780,32,776,44,768,72,748,96,744,108,736,136,716,160,712,20,7268,32,7232,56,7016,84,7008,96,7008,120,-46820870181656,148,7268,160,7268
4257,0x55694a34e192,R,0x7ffe9f8ae33c,1,20,800,32,796,60,788,84,768,96,764,124,756,148,736,160,732,4,7248,32,7212,44,6996,68,6988,96,6988,108,-46820870181676,132,7248,160,7248
4260,0x55694a34e197,R,0x7ffe9f8ae340,1,4,804,32,800,56,792,68,772,96,768,120,760,132,740,160,736,8,7244,32,7208,60,6992,72,6984,96,6984,124,-46820870181680,136,7244,160,7244
4262,0x55694a34e198,R,0x7ffe9f8ae348,1,8,812,32,808,44,800,72,780,96,776,108,768,136,748,160,744,20,7236,32,7200,56,6984,84,6976,96,6976,120,-46820870181688,148,7236,160,7236
4264,0x55694a34e192,R,0x7ffe9f8ae35c,1,20,832,32,828,60,820,84,800,96,796,124,788,148,768,160,764,4,7216,32,7180,44,6964,68,6956,96,6956,108,-46820870181708,132,7216,160,7216
4267,0x55694a34e197,R,0x7ffe9f8ae360,1,4,836,32,832,56,824,68,804,96,800,120,792,132,772,160,768,8,7212,32,7176,60,6960,72,6952,96,6952,124,-46820870181712,136,7212,160,7212
4269,0x55694a34e198,R,0x7ffe9f8ae368,1,8,844,32,840,44,832,72,812,96,808,108,800,136,780,160,776,20,7204,32,7168,56,6952,84,6944,96,6944,120,-46820870181720,148,7204,160,7204
4271,0x55694a34e192,R,0x7ffe9f8ae37c,1,20,864,32,860,60,852,84,832,96,828,124,820,148,800,160,796,4,7184,32,7148,44,6932,68,6924,96,6924,108,-46820870181740,132,7184,160,7184
4274,0x55694a34e197,R,0x7ffe9f8ae380,1,4,868,32,864,56,856,68,836,96,832,120,824,132,804,160,800,8,7180,32,7144,60,6928,72,6920,96,6920,124,-46820870181744,136,7180,160,7180
4276,0x55694a34e198,R,0x7ffe9f8ae388,1,8,876,32,872,44,864,72,844,96,840,108,832,136,812,160,808,20,7172,32,7136,56,6920,84,6912,96,6912,120,-46820870181752,148,7172,160,7172
4278,0x55694a34e192,R,0x7ffe9f8ae39c,1,20,896,32,892,60,884,84,864,96,860,124,852,148,832,160,828,4,7152,32,7116,44,6900,68,6892,96,6892,108,-46820870181772,132,7152,160,7152
4281,0x55694a34e197,R,0x7ffe9f8ae3a0,1,4,900,32,896,56,888,68,868,96,864,120,856,132,836,160,832,8,7148,32,7112,60,6896,72,6888,96,6888,124,-46820870181776,136,7148,160,7148
4283,0x55694a34e198,R,0x7ffe9f8ae3a8,1,8,908,32,904,44,896,72,876,96,872,108,864,136,844,160,840,20,7140,32,7104,56,6888,84,6880,96,6880,120,-46820870181784,148,7140,160,7140
4285,0x55694a34e192,R,0x7ffe9f8ae3bc,1,20,928,32,924,60,916,84,896,96,892,124,884,148,864,160,860,4,7120,32,7084,44,6868,68,6860,96,6860,108,-46820870181804,132,7120,160,7120
4288,0x55694a34e197,R,0x7ffe9f8ae3c0,1,4,932,32,928,56,920,68,900,96,896,120,888,132,868,160,864,8,7116,32,7080,60,6864,72,6856,96,6856,124,-46820870181808,136,7116,160,7116
4290,0x55694a34e198,R,0x7ffe9f8ae3c8,1,8,940,32,936,44,928,72,908,96,904,108,896,136,876,160,872,20,7108,32,7072,56,6856,84,6848,96,6848,120,-46820870181816,148,7108,160,7108
4292,0x55694a34e192,R,0x7ffe9f8ae3dc,1,20,960,32,956,60,948,84,928,96,924,124,916,148,896,160,892,4,7088,32,7052,44,6836,68,6828,96,6828,108,-46820870181836,132,7088,160,7088
4295,0x55694a34e197,R,0x7ffe9f8ae3e0,1,4,964,32,960,56,952,68,932,96,928,120,920,132,900,160,896,8,7084,32,7048,60,6832,72,6824,96,6824,124,-46820870181840,136,7084,160,7084
4297,0x55694a34e198,R,0x7ffe9f8ae3e8,1,8,972,32,968,44,960,72,940,96,936,108,928,136,908,160,904,20,7076,32,7040,56,6824,84,6816,96,6816,120,-46820870181848,148,7076,160,7076
4299,0x55694a34e192,R,0x7ffe9f8ae3fc,1,20,992,32,988,60,980,84,960,96,956,124,948,148,928,160,924,4,7056,32,7020,44,6804,68,6796,96,6796,108,-46820870181868,132,7056,160,7056
4302,0x55694a34e197,R,0x7ffe9f8ae400,1,4,996,32,992,56,984,68,964,96,960,120,952,132,932,160,928,8,7052,32,7016,60,6800,72,6792,96,6792,124,-46820870181872,136,7052,160,7052
4304,0x55694a34e198,R,0x7ffe9f8ae408,1,8,1004,32,1000,44,992,72,972,96,968,108,960,136,940,160,936,20,7044,32,7008,56,6792,84,6784,96,6784,120,-46820870181880,148,7044,160,7044
4306,0x55694a34e192,R,0x7ffe9f8ae41c,1,20,1024,32,1020,60,1012,84,992,96,988,124,980,148,960,160,956,4,7024,32,6988,44,6772,68,6764,96,6764,108,-46820870181900,132,7024,160,7024
4309,0x55694a34e197,R,0x7ffe9f8ae420,1,4,1028,32,1024,56,1016,68,996,96,992,120,984,132,964,160,960,8,7020,32,6984,60,6768,72,6760,96,6760,124,-46820870181904,136,7020,160,7020
4311,0x55694a34e198,R,0x7ffe9f8ae428,1,8,1036,32,1032,44,1024,72,1004,96,1000,108,992,136,972,160,968,20,7012,32,6976,56,6760,84,6752,96,6752,120,-46820870181912,148,7012,160,7012
4313,0x55694a34e192,R,0x7ffe9f8ae43c,1,20,1056,32,1052,60,1044,84,1024,96,1020,124,1012,148,992,160,988,4,6992,32,6956,44,6740,68,6732,96,6732,108,-46820870181932,132,6992,160,6992
4316,0x55694a34e197,R,0x7ffe9f8ae440,1,4,1060,32,1056,56,1048,68,1028,96,1024,120,1016,132,996,160,992,8,6988,32,6952,60,6736,72,6728,96,6728,124,-46820870181936,136,6988,160,6988
4318,0x55694a34e198,R,0x7ffe9f8ae448,1,8,1068,32,1064,44,1056,72,1036,96,1032,108,1024,136,1004,160,1000,20,6980,32,6944,56,6728,84,6720,96,6720,120,-46820870181944,148,6980,160,6980
4320,0x55694a34e192,R,0x7ffe9f8ae45c,1,20,1088,32,1084,60,1076,84,1056,96,1052,124,1044,148,1024,160,1020,4,6960,32,6924,44,6708,68,6700,96,6700,108,-46820870181964,132,6960,160,6960
4323,0x55694a34e197,R,0x7ffe9f8ae460,1,4,1092,32,1088,56,1080,68,1060,96,1056,120,1048,132,1028,160,1024,8,6956,32,6920,60,6704,72,6696,96,6696,124,-46820870181968,136,6956,160,6956
4325,0x55694a34e198,R,0x7ffe9f8ae468,1,8,1100,32,1096,44,1088,72,1068,96,1064,108,1056,136,1036,160,1032,20,6948,32,6912,56,6696,84,6688,96,6688,120,-46820870181976,148,6948,160,6948
4327,0x55694a34e192,R,0x7ffe9f8ae47c,1,20,1120,32,1116,60,1108,84,1088,96,1084,124,1076,148,1056,160,1052,4,6928,32,6892,44,6676,68,6668,96,6668,108,-46820870181996,132,6928,160,6928
4330,0x55694a34e197,R,0x7ffe9f8ae480,1,4,1124,32,1120,56,1112,68,1092,96,1088,120,1080,132,1060,160,1056,8,6924,32,6888,60,6672,72,6664,96,6664,124,-46820870182000,136,6924,160,6924
4332,0x55694a34e198,R,0x7ffe9f8ae488,1,8,1132,32,1128,44,1120,72,1100,96,1096,108,1088,136,1068,160,1064,20,6916,32,6880,56,6664,84,6656,96,6656,120,-46820870182008,148,6916,160,6916
4334,0x55694a34e192,R,0x7ffe9f8ae49c,1,20,1152,32,1148,60,1140,84,1120,96,1116,124,1108,148,1088,160,1084,4,6896,32,6860,44,6644,68,6636,96,6636,108,-46820870182028,132,6896,160,6896
4337,0x55694a34e197,R,0x7ffe9f8ae4a0,1,4,1156,32,1152,56,1144,68,1124,96,1120,120,1112,132,1092,160,1088,8,6892,32,6856,60,6640,72,6632,96,6632,124,-46820870182032,136,6892,160,6892
4339,0x55694a34e198,R,0x7ffe9f8ae4a8,1,8,1164,32,1160,44,1152,72,1132,96,1128,108,1120,136,1100,160,1096,20,6884,32,6848,56,6632,84,6624,96,6624,120,-46820870182040,148,6884,160,6884
4341,0x55694a34e192,R,0x7ffe9f8ae4bc,1,20,1184,32,1180,60,1172,84,1152,96,1148,124,1140,148,1120,160,1116,4,6864,32,6828,44,6612,68,6604,96,6604,108,-46820870182060,132,6864,160,6864
4344,0x55694a34e197,R,0x7ffe9f8ae4c0,1,4,1188,32,1184,56,1176,68,1156,96,1152,120,1144,132,1124,160,1120,8,6860,32,6824,60,6608,72,6600,96,6600,124,-46820870182064,136,6860,160,6860
4346,0x55694a34e198,R,0x7ffe9f8ae4c8,1,8,1196,32,1192,44,1184,72,1164,96,1160,108,1152,136,1132,160,1128,20,6852,32,6816,56,6600,84,6592,96,6592,120,-46820870182072,148,6852,160,6852
4348,0x55694a34e192,R,0x7ffe9f8ae4dc,1,20,1216,32,1212,60,1204,84,1184,96,1180,124,1172,148,1152,160,1148,4,6832,32,6796,44,6580,68,6572,96,6572,108,-46820870182092,132,6832,160,6832
4351,0x55694a34e197,R,0x7ffe9f8ae4e0,1,4,1220,32,1216,56,1208,68,1188,96,1184,120,1176,132,1156,160,1152,8,6828,32,6792,60,6576,72,6568,96,6568,124,-46820870182096,136,6828,160,6828
4353,0x55694a34e198,R,0x7ffe9f8ae4e8,1,8,1228,32,1224,44,1216,72,1196,96,1192,108,1184,136,1164,160,1160,20,6820,32,6784,56,6568,84,6560,96,6560,120,-46820870182104,148,6820,160,6820
4355,0x55694a34e192,R,0x7ffe9f8ae4fc,1,20,1248,32,1244,60,1236,84,1216,96,1212,124,1204,148,1184,160,1180,4,6800,32,6764,44,6548,68,6540,96,6540,108,-46820870182124,132,6800,160,6800
4358,0x55694a34e197,R,0x7ffe9f8ae500,1,4,1252,32,1248,56,1240,68,1220,96,1216,120,1208,132,1188,160,1184,8,6796,32,6760,60,6544,72,6536,96,6536,124,-46820870182128,136,6796,160,6796
4360,0x55694a34e198,R,0x7ffe9f8ae508,1,8,1260,32,1256,44,1248,72,1228,96,1224,108,1216,136,1196,160,1192,20,6788,32,6752,56,6536,84,6528,96,6528,120,-46820870182136,148,6788,160,6788
4362,0x55694a34e192,R,0x7ffe9f8ae51c,1,20,1280,32,1276,60,1268,84,1248,96,1244,124,1236,148,1216,160,1212,4,6768,32,6732,44,6516,68,6508,96,6508,108,-46820870182156,132,6768,160,6768
4365,0x55694a34e197,R,0x7ffe9f8ae520,1,4,1284,32,1280,56,1272,68,1252,96,1248,120,1240,132,1220,160,1216,8,6764,32,6728,60,6512,72,6504,96,6504,124,-46820870182160,136,6764,160,6764
4367,0x55694a34e198,R,0x7ffe9f8ae528,1,8,1292,32,1288,44,1280,72,1260,96,1256,108,1248,136,1228,160,1224,20,6756,32,6720,56,6504,84,6496,96,6496,120,-46820870182168,148,6756,160,6756
4369,0x55694a34e192,R,0x7ffe9f8ae53c,1,20,1312,32,1308,60,1300,84,1280,96,1276,124,1268,148,1248,160,1244,4,6736,32,6700,44,6484,68,6476,96,6476,108,-46820870182188,132,6736,160,6736
4372,0x55694a34e197,R,0x7ffe9f8ae540,1,4,1316,32,1312,56,1304,68,1284,96,1280,120,1272,132,1252,160,1248,8,6732,32,6696,60,6480,72,6472,96,6472,124,-46820870182192,136,6732,160,6732
4374,0x55694a34e198,R,0x7ffe9f8ae548,1,8,1324,32,1320,44,1312,72,1292,96,1288,108,1280,136,1260,160,1256,20,6724,32,6688,56,6472,84,6464,96,6464,120,-46820870182200,148,6724,160,6724
4376,0x55694a34e192,R,0x7ffe9f8ae55c,1,20,1344,32,1340,60,1332,84,1312,96,1308,124,1300,148,1280,160,1276,4,6704,32,6668,44,6452,68,6444,96,6444,108,-46820870182220,132,6704,160,6704
4379,0x55694a34e197,R,0x7ffe9f8ae560,1,4,1348,32,1344,56,1336,68,1316,96,1312,120,1304,132,1284,160,1280,8,6700,32,6664,60,6448,72,6440,96,6440,124,-46820870182224,136,6700,160,6700
4381,0x55694a34e198,R,0x7ffe9f8ae568,1,8,1356,32,1352,44,1344,72,1324,96,1320,108,1312,136,1292,160,1288,20,6692,32,6656,56,6440,84,6432,96,6432,120,-46820870182232,148,6692,160,6692
4383,0x55694a34e192,R,0x7ffe9f8ae57c,1,20,1376,32,1372,60,1364,84,1344,96,1340,124,1332,148,1312,160,1308,4,6672,32,6636,44,6420,68,6412,96,6412,108,-46820870182252,132,6672,160,6672
4386,0x55694a34e197,R,0x7ffe9f8ae580,1,4,1380,32,1376,56,1368,68,1348,96,1344,120,1336,132,1316,160,1312,8,6668,32,6632,60,6416,72,6408,96,6408,124,-46820870182256,136,6668,160,6668
4388,0x55694a34e198,R,0x7ffe9f8ae588,1,8,1388,32,1384,44,1376,72,1356,96,1352,108,1344,136,1324,160,1320,20,6660,32,6624,56,6408,84,6400,96,6400,120,-46820870182264,148,6660,160,6660
4390,0x55694a34e192,R,0x7ffe9f8ae59c,1,20,1408,32,1404,60,1396,84,1376,96,1372,124,1364,148,1344,160,1340,4,6640,32,6604,44,6388,68,6380,96,6380,108,-46820870182284,132,6640,160,6640
4393,0x55694a34e197,R,0x7ffe9f8ae5a0,1,4,1412,32,1408,56,1400,68,1380,96,1376,120,1368,132,1348,160,1344,8,6636,32,6600,60,6384,72,6376,96,6376,124,-46820870182288,136,6636,160,6636
4395,0x55694a34e198,R,0x7ffe9f8ae5a8,1,8,1420,32,1416,44,1408,72,1388,96,1384,108,1376,136,1356,160,1352,20,6628,32,6592,56,6376,84,6368,96,6368,120,-46820870182296,148,6628,160,6628
4397,0x55694a34e192,R,0x7ffe9f8ae5bc,1,20,1440,32,1436,60,1428,84,1408,96,1404,124,1396,148,1376,160,1372,4,6608,32,6572,44,6356,68,6348,96,6348,108,-46820870182316,132,6608,160,6608
4400,0x55694a34e197,R,0x7ffe9f8ae5c0,1,4,1444,32,1440,56,1432,68,1412,96,1408,120,1400,132,1380,160,1376,8,6604,32,6568,60,6352,72,6344,96,6344,124,-46820870182320,136,6604,160,6604
4402,0x55694a34e198,R,0x7ffe9f8ae5c8,1,8,1452,32,1448,44,1440,72,1420,96,1416,108,1408,136,1388,160,1384,20,6596,32,6560,56,6344,84,6336,96,6336,120,-46820870182328,148,6596,160,6596
4404,0x55694a34e192,R,0x7ffe9f8ae5dc,1,20,1472,32,1468,60,1460,84,1440,96,1436,124,1428,148,1408,160,1404,4,6576,32,6540,44,6324,68,6316,96,6316,108,-46820870182348,132,6576,160,6576
4407,0x55694a34e197,R,0x7ffe9f8ae5e0,1,4,1476,32,1472,56,1464,68,1444,96,1440,120,1432,132,1412,160,1408,8,6572,32,6536,60,6320,72,6312,96,6312,124,-46820870182352,136,6572,160,6572
4409,0x55694a34e198,R,0x7ffe9f8ae5e8,1,8,1484,32,1480,44,1472,72,1452,96,1448,108,1440,136,1420,160,1416,20,6564,32,6528,56,6312,84,6304,96,6304,120,-46820870182360,148,6564,160,6564
4411,0x55694a34e192,R,0x7ffe9f8ae5fc,1,20,1504,32,1500,60,1492,84,1472,96,1468,124,1460,148,1440,160,1436,4,6544,32,6508,44,6292,68,6284,96,6284,108,-46820870182380,132,6544,160,6544
4414,0x55694a34e197,R,0x7ffe9f8ae600,1,4,1508,32,1504,56,1496,68,1476,96,1472,120,1464,132,1444,160,1440,8,6540,32,6504,60,6288,72,6280,96,6280,124,-46820870182384,136,6540,160,6540
4416,0x55694a34e198,R,0x7ffe9f8ae608,1,8,1516,32,1512,44,1504,72,1484,96,1480,108,1472,136,1452,160,1448,20,6532,32,6496,56,6280,84,6272,96,6272,120,-46820870182392,148,6532,160,6532
4418,0x55694a34e192,R,0x7ffe9f8ae61c,1,20,1536,32,1532,60,1524,84,1504,96,1500,124,1492,148,1472,160,1468,4,6512,32,6476,44,6260,68,6252,96,6252,108,-46820870182412,132,6512,160,6512
4421,0x55694a34e197,R,0x7ffe9f8ae620,1,4,1540,32,1536,56,1528,68,1508,96,1504,120,1496,132,1476,160,1472,8,6508,32,6472,60,6256,72,6248,96,6248,124,-46820870182416,136,6508,160,6508
4423,0x55694a34e198,R,0x7ffe9f8ae628,1,8,1548,32,1544,44,1536,72,1516,96,1512,108,1504,136,1484,160,1480,20,6500,32,6464,56,6248,84,6240,96,6240,120,-46820870182424,148,6500,160,6500
4425,0x55694a34e192,R,0x7ffe9f8ae63c,1,20,1568,32,1564,60,1556,84,1536,96,1532,124,1524,148,1504,160,1500,4,6480,32,6444,44,6228,68,6220,96,6220,108,-46820870182444,132,6480,160,6480
4428,0x55694a34e197,R,0x7ffe9f8ae640,1,4,1572,32,1568,56,1560,68,1540,96,1536,120,1528,132,1508,160,1504,8,6476,32,6440,60,6224,72,6216,96,6216,124,-46820870182448,136,6476,160,6476
4430,0x55694a34e198,R,0x7ffe9f8ae648,1,8,1580,32,1576,44,1568,72,1548,96,1544,108,1536,136,1516,160,1512,20,6468,32,6432,56,6216,84,6208,96,6208,120,-46820870182456,148,6468,160,6468
4432,0x55694a34e192,R,0x7ffe9f8ae65c,1,20,1600,32,1596,60,1588,84,1568,96,1564,124,1556,148,1536,160,1532,4,6448,32,6412,44,6196,68,6188,96,6188,108,-46820870182476,132,6448,160,6448
4435,0x55694a34e197,R,0x7ffe9f8ae660,1,4,1604,32,1600,56,1592,68,1572,96,1568,120,1560,132,1540,160,1536,8,6444,32,6408,60,6192,72,6184,96,6184,124,-46820870182480,136,6444,160,6444
4437,0x55694a34e198,R,0x7ffe9f8ae668,1,8,1612,32,1608,44,1600,72,1580,96,1576,108,1568,136,1548,160,1544,20,6436,32,6400,56,6184,84,6176,96,6176,120,-46820870182488,148,6436,160,6436
4439,0x55694a34e192,R,0x7ffe9f8ae67c,1,20,1632,32,1628,60,1620,84,1600,96,1596,124,1588,148,1568,160,1564,4,6416,32,6380,44,6164,68,6156,96,6156,108,-46820870182508,132,6416,160,6416
4442,0x55694a34e197,R,0x7ffe9f8ae680,1,4,1636,32,1632,56,1624,68,1604,96,1600,120,1592,132,1572,160,1568,8,6412,32,6376,60,6160,72,6152,96,6152,124,-46820870182512,136,6412,160,6412
4444,0x55694a34e198,R,0x7ffe9f8ae688,1,8,1644,32,1640,44,1632,72,1612,96,1608,108,1600,136,1580,160,1576,20,6404,32,6368,56,6152,84,6144,96,6144,120,-46820870182520,148,6404,160,6404
4446,0x55694a34e192,R,0x7ffe9f8ae69c,1,20,1664,32,1660,60,1652,84,1632,96,1628,124,1620,148,1600,160,1596,4,6384,32,6348,44,6132,68,6124,96,6124,108,-46820870182540,132,6384,160,6384
4449,0x55694a34e197,R,0x7ffe9f8ae6a0,1,4,1668,32,1664,56,1656,68,1636,96,1632,120,1624,132,1604,160,1600,8,6380,32,6344,60,6128,72,6120,96,6120,124,-46820870182544,136,6380,160,6380
4451,0x55694a34e198,R,0x7ffe9f8ae6a8,1,8,1676,32,1672,44,1664,72,1644,96,1640,108,1632,136,1612,160,1608,20,6372,32,6336,56,6120,84,6112,96,6112,120,-46820870182552,148,6372,160,6372
4453,0x55694a34e192,R,0x7ffe9f8ae6bc,1,20,1696,32,1692,60,1684,84,1664,96,1660,124,1652,148,1632,160,1628,4,6352,32,6316,44,6100,68,6092,96,6092,108,-46820870182572,132,6352,160,6352
4456,0x55694a34e197,R,0x7ffe9f8ae6c0,1,4,1700,32,1696,56,1688,68,1668,96,1664,120,1656,132,1636,160,1632,8,6348,32,6312,60,6096,72,6088,96,6088,124,-46820870182576,136,6348,160,6348
4458,0x55694a34e198,R,0x7ffe9f8ae6c8,1,8,1708,32,1704,44,1696,72,1676,96,1672,108,1664,136,1644,160,1640,20,6340,32,6304,56,6088,84,6080,96,6080,120,-46820870182584,148,6340,160,6340
4460,0x55694a34e192,R,0x7ffe9f8ae6dc,1,20,1728,32,1724,60,1716,84,1696,96,1692,124,1684,148,1664,160,1660,4,6320,32,6284,44,6068,68,6060,96,6060,108,-46820870182604,132,6320,160,6320
4463,0x55694a34e197,R,0x7ffe9f8ae6e0,1,4,1732,32,1728,56,1720,68,1700,96,1696,120,1688,132,1668,160,1664,8,6316,32,6280,60,6064,72,6056,96,6056,124,-46820870182608,136,6316,160,6316
4465,0x55694a34e198,R,0x7ffe9f8ae6e8,1,8,1740,32,1736,44,1728,72,1708,96,1704,108,1696,136,1676,160,1672,20,6308,32,6272,56,6056,84,6048,96,6048,120,-46820870182616,148,6308,160,6308
4467,0x55694a34e192,R,0x7ffe9f8ae6fc,1,20,1760,32,1756,60,1748,84,1728,96,1724,124,1716,148,1696,160,1692,4,6288,32,6252,44,6036,68,6028,96,6028,108,-46820870182636,132,6288,160,6288
4470,0x55694a34e197,R,0x7ffe9f8ae700,1,4,1764,32,1760,56,1752,68,1732,96,1728,120,1720,132,1700,160,1696,8,6284,32,6248,60,6032,72,6024,96,6024,124,-46820870182640,136,6284,160,6284
4472,0x55694a34e198,R,0x7ffe9f8ae708,1,8,1772,32,1768,44,1760,72,1740,96,1736,108,1728,136,1708,160,1704,20,6276,32,6240,56,6024,84,6016,96,6016,120,-46820870182648,148,6276,160,6276
4474,0x55694a34e192,R,0x7ffe9f8ae71c,1,20,1792,32,1788,60,1780,84,1760,96,1756,124,1748,148,1728,160,1724,4,6256,32,6220,44,6004,68,5996,96,5996,108,-46820870182668,132,6256,160,6256
4477,0x55694a34e197,R,0x7ffe9f8ae720,1,4,1796,32,1792,56,1784,68,1764,96,1760,120,1752,132,1732,160,1728,8,6252,32,6216,60,6000,72,5992,96,5992,124,-46820870182672,136,6252,160,6252
4479,0x55694a34e198,R,0x7ffe9f8ae728,1,8,1804,32,1800,44,1792,72,1772,96,1768,108,1760,136,1740,160,1736,20,6244,32,6208,56,5992,84,5984,96,5984,120,-46820870182680,148,6244,160,6244
4481,0x55694a34e192,R,0x7ffe9f8ae73c,1,20,1824,32,1820,60,1812,84,1792,96,1788,124,1780,148,1760,160,1756,4,6224,32,6188,44,5972,68,5964,96,5964,108,-46820870182700,132,6224,160,6224
4484,0x55694a34e197,R,0x7ffe9f8ae740,1,4,1828,32,1824,56,1816,68,1796,96,1792,120,1784,132,1764,160,1760,8,6220,32,6184,60,5968,72,5960,96,5960,124,-46820870182704,136,6220,160,6220
4486,0x55694a34e198,R,0x7ffe9f8ae748,1,8,1836,32,1832,44,1824,72,1804,96,1800,108,1792,136,1772,160,1768,20,6212,32,6176,56,5960,84,5952,96,5952,120,-46820870182712,148,6212,160,6212
4488,0x55694a34e192,R,0x7ffe9f8ae75c,1,20,1856,32,1852,60,1844,84,1824,96,1820,124,1812,148,1792,160,1788,4,6192,32,6156,44,5940,68,5932,96,5932,108,-46820870182732,132,6192,160,6192
4491,0x55694a34e197,R,0x7ffe9f8ae760,1,4,1860,32,1856,56,1848,68,1828,96,1824,120,1816,132,1796,160,1792,8,6188,32,6152,60,5936,72,5928,96,5928,124,-46820870182736,136,6188,160,6188
4493,0x55694a34e198,R,0x7ffe9f8ae768,1,8,1868,32,1864,44,1856,72,1836,96,1832,108,1824,136,1804,160,1800,20,6180,32,6144,56,5928,84,5920,96,5920,120,-46820870182744,148,6180,160,6180
4495,0x55694a34e192,R,0x7ffe9f8ae77c,1,20,1888,32,1884,60,1876,84,1856,96,1852,124,1844,148,1824,160,1820,4,6160,32,6124,44,5908,68,5900,96,5900,108,-46820870182764,132,6160,160,6160
4498,0x55694a34e197,R,0x7ffe9f8ae780,1,4,1892,32,1888,56,1880,68,1860,96,1856,120,1848,132,1828,160,1824,8,6156,32,6120,60,5904,72,5896,96,5896,124,-46820870182768,136,6156,160,6156
4500,0x55694a34e198,R,0x7ffe9f8ae788,1,8,1900,32,1896,44,1888,72,1868,96,1864,108,1856,136,1836,160,1832,20,6148,32,6112,56,5896,84,5888,96,5888,120,-46820870182776,148,6148,160,6148
4502,0x55694a34e192,R,0x7ffe9f8ae79c,1,20,1920,32,1916,60,1908,84,1888,96,1884,124,1876,148,1856,160,1852,4,6128,32,6092,44,5876,68,5868,96,5868,108,-46820870182796,132,6128,160,6128
4505,0x55694a34e197,R,0x7ffe9f8ae7a0,1,4,1924,32,1920,56,1912,68,1892,96,1888,120,1880,132,1860,160,1856,8,6124,32,6088,60,5872,72,5864,96,5864,124,-46820870182800,136,6124,160,6124
4507,0x55694a34e198,R,0x7ffe9f8ae7a8,1,8,1932,32,1928,44,1920,72,1900,96,1896,108,1888,136,1868,160,1864,20,6116,32,6080,56,5864,84,5856,96,5856,120,-46820870182808,148,6116,160,6116
4509,0x55694a34e192,R,0x7ffe9f8ae7bc,1,20,1952,32,1948,60,1940,84,1920,96,1916,124,1908,148,1888,160,1884,4,6096,32,6060,44,5844,68,5836,96,5836,108,-46820870182828,132,6096,160,6096
4512,0x55694a34e197,R,0x7ffe9f8ae7c0,1,4,1956,32,1952,56,1944,68,1924,96,1920,120,1912,132,1892,160,1888,8,6092,32,6056,60,5840,72,5832,96,5832,124,-46820870182832,136,6092,160,6092
4514,0x55694a34e198,R,0x7ffe9f8ae7c8,1,8,1964,32,1960,44,1952,72,1932,96,1928,108,1920,136,1900,160,1896,20,6084,32,6048,56,5832,84,5824,96,5824,120,-46820870182840,148,6084,160,6084
4516,0x55694a34e192,R,0x7ffe9f8ae7dc,1,20,1984,32,1980,60,1972,84,1952,96,1948,124,1940,148,1920,160,1916,4,6064,32,6028,44,5812,68,5804,96,5804,108,-46820870182860,132,6064,160,6064
4519,0x55694a34e197,R,0x7ffe9f8ae7e0,1,4,1988,32,1984,56,1976,68,1956,96,1952,120,1944,132,1924,160,1920,8,6060,32,6024,60,5808,72,5800,96,5800,124,-46820870182864,136,6060,160,6060
4521,0x55694a34e198,R,0x7ffe9f8ae7e8,1,8,1996,32,1992,44,1984,72,1964,96,1960,108,1952,136,1932,160,1928,20,6052,32,6016,56,5800,84,5792,96,5792,120,-46820870182872,148,6052,160,6052
4523,0x55694a34e192,R,0x7ffe9f8ae7fc,1,20,2016,32,2012,60,2004,84,1984,96,1980,124,1972,148,1952,160,1948,4,6032,32,5996,44,5780,68,5772,96,5772,108,-46820870182892,132,6032,160,6032
4526,0x55694a34e197,R,0x7ffe9f8ae800,1,4,2020,32,2016,56,2008,68,1988,96,1984,120,1976,132,1956,160,1952,8,6028,32,5992,60,5776,72,5768,96,5768,124,-46820870182896,136,6028,160,6028
4528,0x55694a34e198,R,0x7ffe9f8ae808,1,8,2028,32,2024,44,2016,72,1996,96,1992,108,1984,136,1964,160,1960,20,6020,32,5984,56,5768,84,5760,96,5760,120,-46820870182904,148,6020,160,6020
4530,0x55694a34e192,R,0x7ffe9f8ae81c,1,20,2048,32,2044,60,2036,84,2016,96,2012,124,2004,148,1984,160,1980,4,6000,32,5964,44,5748,68,5740,96,5740,108,-46820870182924,132,6000,160,6000
4533,0x55694a34e197,R,0x7ffe9f8ae820,1,4,2052,32,2048,56,2040,68,2020,96,2016,120,2008,132,1988,160,1984,8,5996,32,5960,60,5744,72,5736,96,5736,124,-46820870182928,136,5996,160,5996
4535,0x55694a34e198,R,0x7ffe9f8ae828,1,8,2060,32,2056,44,2048,72,2028,96,2024,108,2016,136,1996,160,1992,20,5988,32,5952,56,5736,84,5728,96,5728,120,-46820870182936,148,5988,160,5988
4537,0x55694a34e192,R,0x7ffe9f8ae83c,1,20,2080,32,2076,60,2068,84,2048,96,2044,124,2036,148,2016,160,2012,4,5968,32,5932,44,5716,68,5708,96,5708,108,-46820870182956,132,5968,160,5968
4540,0x55694a34e197,R,0x7ffe9f8ae840,1,4,2084,32,2080,56,2072,68,2052,96,2048,120,2040,132,2020,160,2016,8,5964,32,5928,60,5712,72,5704,96,5704,124,-46820870182960,136,5964,160,5964
4542,0x55694a34e198,R,0x7ffe9f8ae848,1,8,2092,32,2088,44,2080,72,2060,96,2056,108,2048,136,2028,160,2024,20,5956,32,5920,56,5704,84,5696,96,5696,120,-46820870182968,148,5956,160,5956
4544,0x55694a34e192,R,0x7ffe9f8ae85c,1,20,2112,32,2108,60,2100,84,2080,96,2076,124,2068,148,2048,160,2044,4,5936,32,5900,44,5684,68,5676,96,5676,108,-46820870182988,132,5936,160,5936
4547,0x55694a34e197,R,0x7ffe9f8ae860,1,4,2116,32,2112,56,2104,68,2084,96,2080,120,2072,132,2052,160,2048,8,5932,32,5896,60,5680,72,5672,96,5672,124,-46820870182992,136,5932,160,5932
4549,0x55694a34e198,R,0x7ffe9f8ae868,1,8,2124,32,2120,44,2112,72,2092,96,2088,108,2080,136,2060,160,2056,20,5924,32,5888,56,5672,84,5664,96,5664,120,-46820870183000,148,5924,160,5924
4551,0x55694a34e192,R,0x7ffe9f8ae87c,1,20,2144,32,2140,60,2132,84,2112,96,2108,124,2100,148,2080,160,2076,4,5904,32,5868,44,5652,68,5644,96,5644,108,-46820870183020,132,5904,160,5904
4554,0x55694a34e197,R,0x7ffe9f8ae880,1,4,2148,32,2144,56,2136,68,2116,96,2112,120,2104,132,2084,160,2080,8,5900,32,5864,60,5648,72,5640,96,5640,124,-46820870183024,136,5900,160,5900
4556,0x55694a34e198,R,0x7ffe9f8ae888,1,8,2156,32,2152,44,2144,72,2124,96,2120,108,2112,136,2092,160,2088,20,5892,32,5856,56,5640,84,5632,96,5632,120,-46820870183032,148,5892,160,5892
4558,0x55694a34e192,R,0x7ffe9f8ae89c,1,20,2176,32,2172,60,2164,84,2144,96,2140,124,2132,148,2112,160,2108,4,5872,32,5836,44,5620,68,5612,96,5612,108,-46820870183052,132,5872,160,5872
4561,0x55694a34e197,R,0x7ffe9f8ae8a0,1,4,2180,32,2176,56,2168,68,2148,96,2144,120,2136,132,2116,160,2112,8,5868,32,5832,60,5616,72,5608,96,5608,124,-46820870183056,136,5868,160,5868
4563,0x55694a34e198,R,0x7ffe9f8ae8a8,1,8,2188,32,2184,44,2176,72,2156,96,2152,108,2144,136,2124,160,2120,20,5860,32,5824,56,5608,84,5600,96,5600,120,-46820870183064,148,5860,160,5860
4565,0x55694a34e192,R,0x7ffe9f8ae8bc,1,20,2208,32,2204,60,2196,84,2176,96,2172,124,2164,148,2144,160,2140,4,5840,32,5804,44,5588,68,5580,96,5580,108,-46820870183084,132,5840,160,5840
4568,0x55694a34e197,R,0x7ffe9f8ae8c0,1,4,2212,32,2208,56,2200,68,2180,96,2176,120,2168,132,2148,160,2144,8,5836,32,5800,60,5584,72,5576,96,5576,124,-46820870183088,136,5836,160,5836
4570,0x55694a34e198,R,0x7ffe9f8ae8c8,1,8,2220,32,2216,44,2208,72,2188,96,2184,108,2176,136,2156,160,2152,20,5828,32,5792,56,5576,84,5568,96,5568,120,-46820870183096,148,5828,160,5828
4572,0x55694a34e192,R,0x7ffe9f8ae8dc,1,20,2240,32,2236,60,2228,84,2208,96,2204,124,2196,148,2176,160,2172,4,5808,32,5772,44,5556,68,5548,96,5548,108,-46820870183116,132,5808,160,5808
4575,0x55694a34e197,R,0x7ffe9f8ae8e0,1,4,2244,32,2240,56,2232,68,2212,96,2208,120,2200,132,2180,160,2176,8,5804,32,5768,60,5552,72,5544,96,5544,124,-46820870183120,136,5804,160,5804
4577,0x55694a34e198,R,0x7ffe9f8ae8e8,1,8,2252,32,2248,44,2240,72,2220,96,2216,108,2208,136,2188,160,2184,20,5796,32,5760,56,5544,84,5536,96,5536,120,-46820870183128,148,5796,160,5796
4579,0x55694a34e192,R,0x7ffe9f8ae8fc,1,20,2272,32,2268,60,2260,84,2240,96,2236,124,2228,148,2208,160,2204,4,5776,32,5740,44,5524,68,5516,96,5516,108,-46820870183148,132,5776,160,5776
4582,0x55694a34e197,R,0x7ffe9f8ae900,1,4,2276,32,2272,56,2264,68,2244,96,2240,120,2232,132,2212,160,2208,8,5772,32,5736,60,5520,72,5512,96,5512,124,-46820870183152,136,5772,160,5772
4584,0x55694a34e198,R,0x7ffe9f8ae908,1,8,2284,32,2280,44,2272,72,2252,96,2248,108,2240,136,2220,160,2216,20,5764,32,5728,56,5512,84,5504,96,5504,120,-46820870183160,148,5764,160,5764
4586,0x55694a34e192,R,0x7ffe9f8ae91c,1,20,2304,32,2300,60,2292,84,2272,96,2268,124,2260,148,2240,160,2236,4,5744,32,5708,44,5492,68,5484,96,5484,108,-46820870183180,132,5744,160,5744
4589,0x55694a34e197,R,0x7ffe9f8ae920,1,4,2308,32,2304,56,2296,68,2276,96,2272,120,2264,132,2244,160,2240,8,5740,32,5704,60,5488,72,5480,96,5480,124,-46820870183184,136,5740,160,5740
4591,0x55694a34e198,R,0x7ffe9f8ae928,1,8,2316,32,2312,44,2304,72,2284,96,2280,108,2272,136,2252,160,2248,20,5732,32,5696,56,5480,84,5472,96,5472,120,-46820870183192,148,5732,160,5732
4593,0x55694a34e192,R,0x7ffe9f8ae93c,1,20,2336,32,2332,60,2324,84,2304,96,2300,124,2292,148,2272,160,2268,4,5712,32,5676,44,5460,68,5452,96,5452,108,-46820870183212,132,5712,160,5712
4596,0x55694a34e197,R,0x7ffe9f8ae940,1,4,2340,32,2336,56,2328,68,2308,96,2304,120,2296,132,2276,160,2272,8,5708,32,5672,60,5456,72,5448,96,5448,124,-46820870183216,136,5708,160,5708
4598,0x55694a34e198,R,0x7ffe9f8ae948,1,8,2348,32,2344,44,2336,72,2316,96,2312,108,2304,136,2284,160,2280,20,5700,32,5664,56,5448,84,5440,96,5440,120,-46820870183224,148,5700,160,5700
4600,0x55694a34e192,R,0x7ffe9f8ae95c,1,20,2368,32,2364,60,2356,84,2336,96,2332,124,2324,148,2304,160,2300,4,5680,32,5644,44,5428,68,5420,96,5420,108,-46820870183244,132,5680,160,5680
4603,0x55694a34e197,R,0x7ffe9f8ae960,1,4,2372,32,2368,56,2360,68,2340,96,2336,120,2328,132,2308,160,2304,8,5676,32,5640,60,5424,72,5416,96,5416,124,-46820870183248,136,5676,160,5676
4605,0x55694a34e198,R,0x7ffe9f8ae968,1,8,2380,32,2376,44,2368,72,2348,96,2344,108,2336,136,2316,160,2312,20,5668,32,5632,56,5416,84,5408,96,5408,120,-46820870183256,148,5668,160,5668
4607,0x55694a34e192,R,0x7ffe9f8ae97c,1,20,2400,32,2396,60,2388,84,2368,96,2364,124,2356,148,2336,160,2332,4,5648,32,5612,44,5396,68,5388,96,5388,108,-46820870183276,132,5648,160,5648
4610,0x55694a34e197,R,0x7ffe9f8ae980,1,4,2404,32,2400,56,2392,68,2372,96,2368,120,2360,132,2340,160,2336,8,5644,32,5608,60,5392,72,5384,96,5384,124,-46820870183280,136,5644,160,5644
4612,0x55694a34e198,R,0x7ffe9f8ae988,1,8,2412,32,2408,44,2400,72,2380,96,2376,108,2368,136,2348,160,2344,20,5636,32,5600,56,5384,84,5376,96,5376,120,-46820870183288,148,5636,160,5636
4614,0x55694a34e192,R,0x7ffe9f8ae99c,1,20,2432,32,2428,60,2420,84,2400,96,2396,124,2388,148,2368,160,2364,4,5616,32,5580,44,5364,68,5356,96,5356,108,-46820870183308,132,5616,160,5616
4617,0x55694a34e197,R,0x7ffe9f8ae9a0,1,4,2436,32,2432,56,2424,68,2404,96,2400,120,2392,132,2372,160,2368,8,5612,32,5576,60,5360,72,5352,96,5352,124,-46820870183312,136,5612,160,5612
4619,0x55694a34e198,R,0x7ffe9f8ae9a8,1,8,2444,32,2440,44,2432,72,2412,96,2408,108,2400,136,2380,160,2376,20,5604,32,5568,56,5352,84,5344,96,5344,120,-46820870183320,148,5604,160,5604
4621,0x55694a34e192,R,0x7ffe9f8ae9bc,1,20,2464,32,2460,60,2452,84,2432,96,2428,124,2420,148,2400,160,2396,4,5584,32,5548,44,5332,68,5324,96,5324,108,-46820870183340,132,5584,160,5584
4624,0x55694a34e197,R,0x7ffe9f8ae9c0,1,4,2468,32,2464,56,2456,68,2436,96,2432,120,2424,132,2404,160,2400,8,5580,32,5544,60,5328,72,5320,96,5320,124,-46820870183344,136,5580,160,5580
4626,0x55694a34e198,R,0x7ffe9f8ae9c8,1,8,2476,32,2472,44,2464,72,2444,96,2440,108,2432,136,2412,160,2408,20,5572,32,5536,56,5320,84,5312,96,5312,120,-46820870183352,148,5572,160,5572
4628,0x55694a34e192,R,0x7ffe9f8ae9dc,1,20,2496,32,2492,60,2484,84,2464,96,2460,124,2452,148,2432,160,2428,4,5552,32,5516,44,5300,68,5292,96,5292,108,-46820870183372,132,5552,160,5552
4631,0x55694a34e197,R,0x7ffe9f8ae9e0,1,4,2500,32,2496,56,2488,68,2468,96,2464,120,2456,132,2436,160,2432,8,5548,32,5512,60,5296,72,5288,96,5288,124,-46820870183376,136,5548,160,5548
4633,0x55694a34e198,R,0x7ffe9f8ae9e8,1,8,2508,32,2504,44,2496,72,2476,96,2472,108,2464,136,2444,160,2440,20,5540,32,5504,56,5288,84,5280,96,5280,120,-46820870183384,148,5540,160,5540
4635,0x55694a34e192,R,0x7ffe9f8ae9fc,1,20,2528,32,2524,60,2516,84,2496,96,2492,124,2484,148,2464,160,2460,4,5520,32,5484,44,5268,68,5260,96,5260,108,-46820870183404,132,5520,160,5520
4638,0x55694a34e197,R,0x7ffe9f8aea00,1,4,2532,32,2528,56,2520,68,2500,96,2496,120,2488,132,2468,160,2464,8,5516,32,5480,60,5264,72,5256,96,5256,124,-46820870183408,136,5516,160,5516
4640,0x55694a34e198,R,0x7ffe9f8aea08,1,8,2540,32,2536,44,2528,72,2508,96,2504,108,2496,136,2476,160,2472,20,5508,32,5472,56,5256,84,5248,96,5248,120,-46820870183416,148,5508,160,5508
4642,0x55694a34e192,R,0x7ffe9f8aea1c,1,20,2560,32,2556,60,2548,84,2528,96,2524,124,2516,148,2496,160,2492,4,5488,32,5452,44,5236,68,5228,96,5228,108,-46820870183436,132,5488,160,5488
4645,0x55694a34e197,R,0x7ffe9f8aea20,1,4,2564,32,2560,56,2552,68,2532,96,2528,120,2520,132,2500,160,2496,8,5484,32,5448,60,5232,72,5224,96,5224,124,-46820870183440,136,5484,160,5484
4647,0x55694a34e198,R,0x7ffe9f8aea28,1,8,2572,32,2568,44,2560,72,2540,96,2536,108,2528,136,2508,160,2504,20,5476,32,5440,56,5224,84,5216,96,5216,120,-46820870183448,148,5476,160,5476
4649,0x55694a34e192,R,0x7ffe9f8aea3c,1,20,2592,32,2588,60,2580,84,2560,96,2556,124,2548,148,2528,160,2524,4,5456,32,5420,44,5204,68,5196,96,5196,108,-46820870183468,132,5456,160,5456
4652,0x55694a34e197,R,0x7ffe9f8aea40,1,4,2596,32,2592,56,2584,68,2564,96,2560,120,2552,132,2532,160,2528,8,5452,32,5416,60,5200,72,5192,96,5192,124,-46820870183472,136,5452,160,5452
4654,0x55694a34e198,R,0x7ffe9f8aea48,1,8,2604,32,2600,44,2592,72,2572,96,2568,108,2560,136,2540,160,2536,20,5444,32,5408,56,5192,84,5184,96,5184,120,-46820870183480,148,5444,160,5444
4656,0x55694a34e192,R,0x7ffe9f8aea5c,1,20,2624,32,2620,60,2612,84,2592,96,2588,124,2580,148,2560,160,2556,4,5424,32,5388,44,5172,68,5164,96,5164,108,-46820870183500,132,5424,160,5424
4659,0x55694a34e197,R,0x7ffe9f8aea60,1,4,2628,32,2624,56,2616,68,2596,96,2592,120,2584,132,2564,160,2560,8,5420,32,5384,60,5168,72,5160,96,5160,124,-46820870183504,136,5420,160,5420
4661,0x55694a34e198,R,0x7ffe9f8aea68,1,8,2636,32,2632,44,2624,72,2604,96,2600,108,2592,136,2572,160,2568,20,5412,32,5376,56,5160,84,5152,96,5152,120,-46820870183512,148,5412,160,5412
4663,0x55694a34e192,R,0x7ffe9f8aea7c,1,20,2656,32,2652,60,2644,84,2624,96,2620,124,2612,148,2592,160,2588,4,5392,32,5356,44,5140,68,5132,96,5132,108,-46820870183532,132,5392,160,5392
4666,0x55694a34e197,R,0x7ffe9f8aea80,1,4,2660,32,2656,56,2648,68,2628,96,2624,120,2616,132,2596,160,2592,8,5388,32,5352,60,5136,72,5128,96,5128,124,-46820870183536,136,5388,160,5388
4668,0x55694a34e198,R,0x7ffe9f8aea88,1,8,2668,32,2664,44,2656,72,2636,96,2632,108,2624,136,2604,160,2600,20,5380,32,5344,56,5128,84,5120,96,5120,120,-46820870183544,148,5380,160,5380
4670,0x55694a34e192,R,0x7ffe9f8aea9c,1,20,2688,32,2684,60,2676,84,2656,96,2652,124,2644,148,2624,160,2620,4,5360,32,5324,44,5108,68,5100,96,5100,108,-46820870183564,132,5360,160,5360
4673,0x55694a34e197,R,0x7ffe9f8aeaa0,1,4,2692,32,2688,56,2680,68,2660,96,2656,120,2648,132,2628,160,2624,8,5356,32,5320,60,5104,72,5096,96,5096,124,-46820870183568,136,5356,160,5356
4675,0x55694a34e198,R,0x7ffe9f8aeaa8,1,8,2700,32,2696,44,2688,72,2668,96,2664,108,2656,136,2636,160,2632,20,5348,32,5312,56,5096,84,5088,96,5088,120,-46820870183576,148,5348,160,5348
4677,0x55694a34e192,R,0x7ffe9f8aeabc,1,20,2720,32,2716,60,2708,84,2688,96,2684,124,2676,148,2656,160,2652,4,5328,32,5292,44,5076,68,5068,96,5068,108,-46820870183596,132,5328,160,5328
4680,0x55694a34e197,R,0x7ffe9f8aeac0,1,4,2724,32,2720,56,2712,68,2692,96,2688,120,2680,132,2660,160,2656,8,5324,32,5288,60,5072,72,5064,96,5064,124,-46820870183600,136,5324,160,5324
4682,0x55694a34e198,R,0x7ffe9f8aeac8,1,8,2732,32,2728,44,2720,72,2700,96,2696,108,2688,136,2668,160,2664,20,5316,32,5280,56,5064,84,5056,96,5056,120,-46820870183608,148,5316,160,5316
4684,0x55694a34e192,R,0x7ffe9f8aeadc,1,20,2752,32,2748,60,2740,84,2720,96,2716,124,2708,148,2688,160,2684,4,5296,32,5260,44,5044,68,5036,96,5036,108,-46820870183628,132,5296,160,5296
4687,0x55694a34e197,R,0x7ffe9f8aeae0,1,4,2756,32,2752,56,2744,68,2724,96,2720,120,2712,132,2692,160,2688,8,5292,32,5256,60,5040,72,5032,96,5032,124,-46820870183632,136,5292,160,5292
4689,0x55694a34e198,R,0x7ffe9f8aeae8,1,8,2764,32,2760,44,2752,72,2732,96,2728,108,2720,136,2700,160,2696,20,5284,32,5248,56,5032,84,5024,96,5024,120,-46820870183640,148,5284,160,5284
4691,0x55694a34e192,R,0x7ffe9f8aeafc,1,20,2784,32,2780,60,2772,84,2752,96,2748,124,2740,148,2720,160,2716,4,5264,32,5228,44,5012,68,5004,96,5004,108,-46820870183660,132,5264,160,5264
4694,0x55694a34e197,R,0x7ffe9f8aeb00,1,4,2788,32,2784,56,2776,68,2756,96,2752,120,2744,132,2724,160,2720,8,5260,32,5224,60,5008,72,5000,96,5000,124,-46820870183664,136,5260,160,5260
4696,0x55694a34e198,R,0x7ffe9f8aeb08,1,8,2796,32,2792,44,2784,72,2764,96,2760,108,2752,136,2732,160,2728,20,5252,32,5216,56,5000,84,4992,96,4992,120,-46820870183672,148,5252,160,5252
4698,0x55694a34e192,R,0x7ffe9f8aeb1c,1,20,2816,32,2812,60,2804,84,2784,96,2780,124,2772,148,2752,160,2748,4,5232,32,5196,44,4980,68,4972,96,4972,108,-46820870183692,132,5232,160,5232
4701,0x55694a34e197,R,0x7ffe9f8aeb20,1,4,2820,32,2816,56,2808,68,2788,96,2784,120,2776,132,2756,160,2752,8,5228,32,5192,60,4976,72,4968,96,4968,124,-46820870183696,136,5228,160,5228
4703,0x55694a34e198,R,0x7ffe9f8aeb28,1,8,2828,32,2824,44,2816,72,2796,96,2792,108,2784,136,2764,160,2760,20,5220,32,5184,56,4968,84,4960,96,4960,120,-46820870183704,148,5220,160,5220
4705,0x55694a34e192,R,0x7ffe9f8aeb3c,1,20,2848,32,2844,60,2836,84,2816,96,2812,124,2804,148,2784,160,2780,4,5200,32,5164,44,4948,68,4940,96,4940,108,-46820870183724,132,5200,160,5200
4708,0x55694a34e197,R,0x7ffe9f8aeb40,1,4,2852,32,2848,56,2840,68,2820,96,2816,120,2808,132,2788,160,2784,8,5196,32,5160,60,4944,72,4936,96,4936,124,-46820870183728,136,5196,160,5196
4710,0x55694a34e198,R,0x7ffe9f8aeb48,1,8,2860,32,2856,44,2848,72,2828,96,2824,108,2816,136,2796,160,2792,20,5188,32,5152,56,4936,84,4928,96,4928,120,-46820870183736,148,5188,160,5188
4712,0x55694a34e192,R,0x7ffe9f8aeb5c,1,20,2880,32,2876,60,2868,84,2848,96,2844,124,2836,148,2816,160,2812,4,5168,32,5132,44,4916,68,4908,96,4908,108,-46820870183756,132,5168,160,5168
4715,0x55694a34e197,R,0x7ffe9f8aeb60,1,4,2884,32,2880,56,2872,68,2852,96,2848,120,2840,132,2820,160,2816,8,5164,32,5128,60,4912,72,4904,96,4904,124,-46820870183760,136,5164,160,5164
4717,0x55694a34e198,R,0x7ffe9f8aeb68,1,8,2892,32,2888,44,2880,72,2860,96,2856,108,2848,136,2828,160,2824,20,5156,32,5120,56,4904,84,4896,96,4896,120,-46820870183768,148,5156,160,5156
4719,0x55694a34e192,R,0x7ffe9f8aeb7c,1,20,2912,32,2908,60,2900,84,2880,96,2876,124,2868,148,2848,160,2844,4,5136,32,5100,44,4884,68,4876,96,4876,108,-46820870183788,132,5136,160,5136
4722,0x55694a34e197,R,0x7ffe9f8aeb80,1,4,2916,32,2912,56,2904,68,2884,96,2880,120,2872,132,2852,160,2848,8,5132,32,5096,60,4880,72,4872,96,4872,124,-46820870183792,136,5132,160,5132
4724,0x55694a34e198,R,0x7ffe9f8aeb88,1,8,2924,32,2920,44,2912,72,2892,96,2888,108,2880,136,2860,160,2856,20,5124,32,5088,56,4872,84,4864,96,4864,120,-46820870183800,148,5124,160,5124
4726,0x55694a34e192,R,0x7ffe9f8aeb9c,1,20,2944,32,2940,60,2932,84,2912,96,2908,124,2900,148,2880,160,2876,4,5104,32,5068,44,4852,68,4844,96,4844,108,-46820870183820,132,5104,160,5104
4729,0x55694a34e197,R,0x7ffe9f8aeba0,1,4,2948,32,2944,56,2936,68,2916,96,2912,120,2904,132,2884,160,2880,8,5100,32,5064,60,4848,72,4840,96,4840,124,-46820870183824,136,5100,160,5100
4731,0x55694a34e198,R,0x7ffe9f8aeba8,1,8,2956,32,2952,44,2944,72,2924,96,2920,108,2912,136,2892,160,2888,20,5092,32,5056,56,4840,84,4832,96,4832,120,-46820870183832,148,5092,160,5092
4733,0x55694a34e192,R,0x7ffe9f8aebbc,1,20,2976,32,2972,60,2964,84,2944,96,2940,124,2932,148,2912,160,2908,4,5072,32,5036,44,4820,68,4812,96,4812,108,-46820870183852,132,5072,160,5072
4736,0x55694a34e197,R,0x7ffe9f8aebc0,1,4,2980,32,2976,56,2968,68,2948,96,2944,120,2936,132,2916,160,2912,8,5068,32,5032,60,4816,72,4808,96,4808,124,-46820870183856,136,5068,160,5068
4738,0x55694a34e198,R,0x7ffe9f8aebc8,1,8,2988,32,2984,44,2976,72,2956,96,2952,108,2944,136,2924,160,2920,20,5060,32,5024,56,4808,84,4800,96,4800,120,-46820870183864,148,5060,160,5060
4740,0x55694a34e192,R,0x7ffe9f8aebdc,1,20,3008,32,3004,60,2996,84,2976,96,2972,124,2964,148,2944,160,2940,4,5040,32,5004,44,4788,68,4780,96,4780,108,-46820870183884,132,5040,160,5040
4743,0x55694a34e197,R,0x7ffe9f8aebe0,1,4,3012,32,3008,56,3000,68,2980,96,2976,120,2968,132,2948,160,2944,8,5036,32,5000,60,4784,72,4776,96,4776,124,-46820870183888,136,5036,160,5036
4745,0x55694a34e198,R,0x7ffe9f8aebe8,1,8,3020,32,3016,44,3008,72,2988,96,2984,108,2976,136,2956,160,2952,20,5028,32,4992,56,4776,84,4768,96,4768,120,-46820870183896,148,5028,160,5028
4747,0x55694a34e192,R,0x7ffe9f8aebfc,1,20,3040,32,3036,60,3028,84,3008,96,3004,124,2996,148,2976,160,2972,4,5008,32,4972,44,4756,68,4748,96,4748,108,-46820870183916,132,5008,160,5008
4750,0x55694a34e197,R,0x7ffe9f8aec00,1,4,3044,32,3040,56,3032,68,3012,96,3008,120,3000,132,2980,160,2976,8,5004,32,4968,60,4752,72,4744,96,4744,124,-46820870183920,136,5004,160,5004
4752,0x55694a34e198,R,0x7ffe9f8aec08,1,8,3052,32,3048,44,3040,72,3020,96,3016,108,3008,136,2988,160,2984,20,4996,32,4960,56,4744,84,4736,96,4736,120,-46820870183928,148,4996,160,4996
4754,0x55694a34e192,R,0x7ffe9f8aec1c,1,20,3072,32,3068,60,3060,84,3040,96,3036,124,3028,148,3008,160,3004,4,4976,32,4940,44,4724,68,4716,96,4716,108,-46820870183948,132,4976,160,4976
4757,0x55694a34e197,R,0x7ffe9f8aec20,1,4,3076,32,3072,56,3064,68,3044,96,3040,120,3032,132,3012,160,3008,8,4972,32,4936,60,4720,72,4712,96,4712,124,-46820870183952,136,4972,160,4972
4759,0x55694a34e198,R,0x7ffe9f8aec28,1,8,3084,32,3080,44,3072,72,3052,96,3048,108,3040,136,3020,160,3016,20,4964,32,4928,56,4712,84,4704,96,4704,120,-46820870183960,148,4964,160,4964
4761,0x55694a34e192,R,0x7ffe9f8aec3c,1,20,3104,32,3100,60,3092,84,3072,96,3068,124,3060,148,3040,160,3036,4,4944,32,4908,44,4692,68,4684,96,4684,108,-46820870183980,132,4944,160,4944
4764,0x55694a34e197,R,0x7ffe9f8aec40,1,4,3108,32,3104,56,3096,68,3076,96,3072,120,3064,132,3044,160,3040,8,4940,32,4904,60,4688,72,4680,96,4680,124,-46820870183984,136,4940,160,4940
4766,0x55694a34e198,R,0x7ffe9f8aec48,1,8,3116,32,3112,44,3104,72,3084,96,3080,108,3072,136,3052,160,3048,20,4932,32,4896,56,4680,84,4672,96,4672,120,-46820870183992,148,4932,160,4932
4768,0x55694a34e192,R,0x7ffe9f8aec5c,1,20,3136,32,3132,60,3124,84,3104,96,3100,124,3092,148,3072,160,3068,4,4912,32,4876,44,4660,68,4652,96,4652,108,-46820870184012,132,4912,160,4912
4771,0x55694a34e197,R,0x7ffe9f8aec60,1,4,3140,32,3136,56,3128,68,3108,96,3104,120,3096,132,3076,160,3072,8,4908,32,4872,60,4656,72,4648,96,4648,124,-46820870184016,136,4908,160,4908
4773,0x55694a34e198,R,0x7ffe9f8aec68,1,8,3148,32,3144,44,3136,72,3116,96,3112,108,3104,136,3084,160,3080,20,4900,32,4864,56,4648,84,4640,96,4640,120,-46820870184024,148,4900,160,4900
4775,0x55694a34e192,R,0x7ffe9f8aec7c,1,20,3168,32,3164,60,3156,84,3136,96,3132,124,3124,148,3104,160,3100,4,4880,32,4844,44,4628,68,4620,96,4620,108,-46820870184044,132,4880,160,4880
4778,0x55694a34e197,R,0x7ffe9f8aec80,1,4,3172,32,3168,56,3160,68,3140,96,3136,120,3128,132,3108,160,3104,8,4876,32,4840,60,4624,72,4616,96,4616,124,-46820870184048,136,4876,160,4876
4780,0x55694a34e198,R,0x7ffe9f8aec88,1,8,3180,32,3176,44,3168,72,3148,96,3144,108,3136,136,3116,160,3112,20,4868,32,4832,56,4616,84,4608,96,4608,120,-46820870184056,148,4868,160,4868
4782,0x55694a34e192,R,0x7ffe9f8aec9c,1,20,3200,32,3196,60,3188,84,3168,96,3164,124,3156,148,3136,160,3132,4,4848,32,4812,44,4596,68,4588,96,4588,108,-46820870184076,132,4848,160,4848
4785,0x55694a34e197,R,0x7ffe9f8aeca0,1,4,3204,32,3200,56,3192,68,3172,96,3168,120,3160,132,3140,160,3136,8,4844,32,4808,60,4592,72,4584,96,4584,124,-46820870184080,136,4844,160,4844
4787,0x55694a34e198,R,0x7ffe9f8aeca8,1,8,3212,32,3208,44,3200,72,3180,96,3176,108,3168,136,3148,160,3144,20,4836,32,4800,56,4584,84,4576,96,4576,120,-46820870184088,148,4836,160,4836
4789,0x55694a34e192,R,0x7ffe9f8aecbc,1,20,3232,32,3228,60,3220,84,3200,96,3196,124,3188,148,3168,160,3164,4,4816,32,4780,44,4564,68,4556,96,4556,108,-46820870184108,132,4816,160,4816
4792,0x55694a34e197,R,0x7ffe9f8aecc0,1,4,3236,32,3232,56,3224,68,3204,96,3200,120,3192,132,3172,160,3168,8,4812,32,4776,60,4560,72,4552,96,4552,124,-46820870184112,136,4812,160,4812
4794,0x55694a34e198,R,0x7ffe9f8aecc8,1,8,3244,32,3240,44,3232,72,3212,96,3208,108,3200,136,3180,160,3176,20,4804,32,4768,56,4552,84,4544,96,4544,120,-46820870184120,148,4804,160,4804
4796,0x55694a34e192,R,0x7ffe9f8aecdc,1,20,3264,32,3260,60,3252,84,3232,96,3228,124,3220,148,3200,160,3196,4,4784,32,4748,44,4532,68,4524,96,4524,108,-46820870184140,132,4784,160,4784
4799,0x55694a34e197,R,0x7ffe9f8aece0,1,4,3268,32,3264,56,3256,68,3236,96,3232,120,3224,132,3204,160,3200,8,4780,32,4744,60,4528,72,4520,96,4520,124,-46820870184144,136,4780,160,4780
4801,0x55694a34e198,R,0x7ffe9f8aece8,1,8,3276,32,3272,44,3264,72,3244,96,3240,108,3232,136,3212,160,3208,20,4772,32,4736,56,4520,84,4512,96,4512,120,-46820870184152,148,4772,160,4772
4803,0x55694a34e192,R,0x7ffe9f8aecfc,1,20,3296,32,3292,60,3284,84,3264,96,3260,124,3252,148,3232,160,3228,4,4752,32,4716,44,4500,68,4492,96,4492,108,-46820870184172,132,4752,160,4752
4806,0x55694a34e197,R,0x7ffe9f8aed00,1,4,3300,32,3296,56,3288,68,3268,96,3264,120,3256,132,3236,160,3232,8,4748,32,4712,60,4496,72,4488,96,4488,124,-46820870184176,136,4748,160,4748
4808,0x55694a34e198,R,0x7ffe9f8aed08,1,8,3308,32,3304,44,3296,72,3276,96,3272,108,3264,136,3244,160,3240,20,4740,32,4704,56,4488,84,4480,96,4480,120,-46820870184184,148,4740,160,4740
4810,0x55694a34e192,R,0x7ffe9f8aed1c,1,20,3328,32,3324,60,3316,84,3296,96,3292,124,3284,148,3264,160,3260,4,4720,32,4684,44,4468,68,4460,96,4460,108,-46820870184204,132,4720,160,4720
4813,0x55694a34e197,R,0x7ffe9f8aed20,1,4,3332,32,3328,56,3320,68,3300,96,3296,120,3288,132,3268,160,3264,8,4716,32,4680,60,4464,72,4456,96,4456,124,-46820870184208,136,4716,160,4716
4815,0x55694a34e198,R,0x7ffe9f8aed28,1,8,3340,32,3336,44,3328,72,3308,96,3304,108,3296,136,3276,160,3272,20,4708,32,4672,56,4456,84,4448,96,4448,120,-46820870184216,148,4708,160,4708
4817,0x55694a34e192,R,0x7ffe9f8aed3c,1,20,3360,32,3356,60,3348,84,3328,96,3324,124,3316,148,3296,160,3292,4,4688,32,4652,44,4436,68,4428,96,4428,108,-46820870184236,132,4688,160,4688
4820,0x55694a34e197,R,0x7ffe9f8aed40,1,4,3364,32,3360,56,3352,68,3332,96,3328,120,3320,132,3300,160,3296,8,4684,32,4648,60,4432,72,4424,96,4424,124,-46820870184240,136,4684,160,4684
4822,0x55694a34e198,R,0x7ffe9f8aed48,1,8,3372,32,3368,44,3360,72,3340,96,3336,108,3328,136,3308,160,3304,20,4676,32,4640,56,4424,84,4416,96,4416,120,-46820870184248,148,4676,160,4676
4824,0x55694a34e192,R,0x7ffe9f8aed5c,1,20,3392,32,3388,60,3380,84,3360,96,3356,124,3348,148,3328,160,3324,4,4656,32,4620,44,4404,68,4396,96,4396,108,-46820870184268,132,4656,160,4656
4827,0x55694a34e197,R,0x7ffe9f8aed60,1,4,3396,32,3392,56,3384,68,3364,96,3360,120,3352,132,3332,160,3328,8,4652,32,4616,60,4400,72,4392,96,4392,124,-46820870184272,136,4652,160,4652
4829,0x55694a34e198,R,0x7ffe9f8aed68,1,8,3404,32,3400,44,3392,72,3372,96,3368,108,3360,136,3340,160,3336,20,4644,32,4608,56,4392,84,4384,96,4384,120,-46820870184280,148,4644,160,4644
4831,0x55694a34e192,R,0x7ffe9f8aed7c,1,20,3424,32,3420,60,3412,84,3392,96,3388,124,3380,148,3360,160,3356,4,4624,32,4588,44,4372,68,4364,96,4364,108,-46820870184300,132,4624,160,4624
4834,0x55694a34e197,R,0x7ffe9f8aed80,1,4,3428,32,3424,56,3416,68,3396,96,3392,120,3384,132,3364,160,3360,8,4620,32,4584,60,4368,72,4360,96,4360,124,-46820870184304,136,4620,160,4620
4836,0x55694a34e198,R,0x7ffe9f8aed88,1,8,3436,32,3432,44,3424,72,3404,96,3400,108,3392,136,3372,160,3368,20,4612,32,4576,56,4360,84,4352,96,4352,120,-46820870184312,148,4612,160,4612
4838,0x55694a34e192,R,0x7ffe9f8aed9c,1,20,3456,32,3452,60,3444,84,3424,96,3420,124,3412,148,3392,160,3388,4,4592,32,4556,44,4340,68,4332,96,4332,108,-46820870184332,132,4592,160,4592
4841,0x55694a34e197,R,0x7ffe9f8aeda0,1,4,3460,32,3456,56,3448,68,3428,96,3424,120,3416,132,3396,160,3392,8,4588,32,4552,60,4336,72,4328,96,4328,124,-46820870184336,136,4588,160,4588
4843,0x55694a34e198,R,0x7ffe9f8aeda8,1,8,3468,32,3464,44,3456,72,3436,96,3432,108,3424,136,3404,160,3400,20,4580,32,4544,56,4328,84,4320,96,4320,120,-46820870184344,148,4580,160,4580
4845,0x55694a34e192,R,0x7ffe9f8aedbc,1,20,3488,32,3484,60,3476,84,3456,96,3452,124,3444,148,3424,160,3420,4,4560,32,4524,44,4308,68,4300,96,4300,108,-46820870184364,132,4560,160,4560
4848,0x55694a34e197,R,0x7ffe9f8aedc0,1,4,3492,32,3488,56,3480,68,3460,96,3456,120,3448,132,3428,160,3424,8,4556,32,4520,60,4304,72,4296,96,4296,124,-46820870184368,136,4556,160,4556
4850,0x55694a34e198,R,0x7ffe9f8aedc8,1,8,3500,32,3496,44,3488,72,3468,96,3464,108,3456,136,3436,160,3432,20,4548,32,4512,56,4296,84,4288,96,4288,120,-46820870184376,148,4548,160,4548
4852,0x55694a34e192,R,0x7ffe9f8aeddc,1,20,3520,32,3516,60,3508,84,3488,96,3484,124,3476,148,3456,160,3452,4,4528,32,4492,44,4276,68,4268,96,4268,108,-46820870184396,132,4528,160,4528
4855,0x55694a34e197,R,0x7ffe9f8aede0,1,4,3524,32,3520,56,3512,68,3492,96,3488,120,3480,132,3460,160,3456,8,4524,32,4488,60,4272,72,4264,96,4264,124,-46820870184400,136,4524,160,4524
4857,0x55694a34e198,R,0x7ffe9f8aede8,1,8,3532,32,3528,44,3520,72,3500,96,3496,108,3488,136,3468,160,3464,20,4516,32,4480,56,4264,84,4256,96,4256,120,-46820870184408,148,4516,160,4516
4859,0x55694a34e192,R,0x7ffe9f8aedfc,1,20,3552,32,3548,60,3540,84,3520,96,3516,124,3508,148,3488,160,3484,4,4496,32,4460,44,4244,68,4236,96,4236,108,-46820870184428,132,4496,160,4496
4862,0x55694a34e197,R,0x7ffe9f8aee00,1,4,3556,32,3552,56,3544,68,3524,96,3520,120,3512,132,3492,160,3488,8,4492,32,4456,60,4240,72,4232,96,4232,124,-46820870184432,136,4492,160,4492
4864,0x55694a34e198,R,0x7ffe9f8aee08,1,8,3564,32,3560,44,3552,72,3532,96,3528,108,3520,136,3500,160,3496,20,4484,32,4448,56,4232,84,4224,96,4224,120,-46820870184440,148,4484,160,4484
4866,0x55694a34e192,R,0x7ffe9f8aee1c,1,20,3584,32,3580,60,3572,84,3552,96,3548,124,3540,148,3520,160,3516,4,4464,32,4428,44,4212,68,4204,96,4204,108,-46820870184460,132,4464,160,4464
4869,0x55694a34e197,R,0x7ffe9f8aee20,1,4,3588,32,3584,56,3576,68,3556,96,3552,120,3544,132,3524,160,3520,8,4460,32,4424,60,4208,72,4200,96,4200,124,-46820870184464,136,4460,160,4460
4871,0x55694a34e198,R,0x7ffe9f8aee28,1,8,3596,32,3592,44,3584,72,3564,96,3560,108,3552,136,3532,160,3528,20,4452,32,4416,56,4200,84,4192,96,4192,120,-46820870184472,148,4452,160,4452
4873,0x55694a34e192,R,0x7ffe9f8aee3c,1,20,3616,32,3612,60,3604,84,3584,96,3580,124,3572,148,3552,160,3548,4,4432,32,4396,44,4180,68,4172,96,4172,108,-46820870184492,132,4432,160,4432
4876,0x55694a34e197,R,0x7ffe9f8aee40,1,4,3620,32,3616,56,3608,68,3588,96,3584,120,3576,132,3556,160,3552,8,4428,32,4392,60,4176,72,4168,96,4168,124,-46820870184496,136,4428,160,4428
4878,0x55694a34e198,R,0x7ffe9f8aee48,1,8,3628,32,3624,44,3616,72,3596,96,3592,108,3584,136,3564,160,3560,20,4420,32,4384,56,4168,84,4160,96,4160,120,-46820870184504,148,4420,160,4420
4880,0x55694a34e192,R,0x7ffe9f8aee5c,1,20,3648,32,3644,60,3636,84,3616,96,3612,124,3604,148,3584,160,3580,4,4400,32,4364,44,4148,68,4140,96,4140,108,-46820870184524,132,4400,160,4400
4883,0x55694a34e197,R,0x7ffe9f8aee60,1,4,3652,32,3648,56,3640,68,3620,96,3616,120,3608,132,3588,160,3584,8,4396,32,4360,60,4144,72,4136,96,4136,124,-46820870184528,136,4396,160,4396
4885,0x55694a34e198,R,0x7ffe9f8aee68,1,8,3660,32,3656,44,3648,72,3628,96,3624,108,3616,136,3596,160,3592,20,4388,32,4352,56,4136,84,4128,96,4128,120,-46820870184536,148,4388,160,4388
4887,0x55694a34e192,R,0x7ffe9f8aee7c,1,20,3680,32,3676,60,3668,84,3648,96,3644,124,3636,148,3616,160,3612,4,4368,32,4332,44,4116,68,4108,96,4108,108,-46820870184556,132,4368,160,4368
4890,0x55694a34e197,R,0x7ffe9f8aee80,1,4,3684,32,3680,56,3672,68,3652,96,3648,120,3640,132,3620,160,3616,8,4364,32,4328,60,4112,72,4104,96,4104,124,-46820870184560,136,4364,160,4364
4892,0x55694a34e198,R,0x7ffe9f8aee88,1,8,3692,32,3688,44,3680,72,3660,96,3656,108,3648,136,3628,160,3624,20,4356,32,4320,56,4104,84,4096,96,4096,120,-46820870184568,148,4356,160,4356
4894,0x55694a34e192,R,0x7ffe9f8aee9c,1,20,3712,32,3708,60,3700,84,3680,96,3676,124,3668,148,3648,160,3644,4,4336,32,4300,44,4084,68,4076,96,4076,108,-46820870184588,132,4336,160,4336
4897,0x55694a34e197,R,0x7ffe9f8aeea0,1,4,3716,32,3712,56,3704,68,3684,96,3680,120,3672,132,3652,160,3648,8,4332,32,4296,60,4080,72,4072,96,4072,124,-46820870184592,136,4332,160,4332
4899,0x55694a34e198,R,0x7ffe9f8aeea8,1,8,3724,32,3720,44,3712,72,3692,96,3688,108,3680,136,3660,160,3656,20,4324,32,4288,56,4072,84,4064,96,4064,120,-46820870184600,148,4324,160,4324
4901,0x55694a34e192,R,0x7ffe9f8aeebc,1,20,3744,32,3740,60,3732,84,3712,96,3708,124,3700,148,3680,160,3676,4,4304,32,4268,44,4052,68,4044,96,4044,108,-46820870184620,132,4304,160,4304
4904,0x55694a34e197,R,0x7ffe9f8aeec0,1,4,3748,32,3744,56,3736,68,3716,96,3712,120,3704,132,3684,160,3680,8,4300,32,4264,60,4048,72,4040,96,4040,124,-46820870184624,136,4300,160,4300
4906,0x55694a34e198,R,0x7ffe9f8aeec8,1,8,3756,32,3752,44,3744,72,3724,96,3720,108,3712,136,3692,160,3688,20,4292,32,4256,56,4040,84,4032,96,4032,120,-46820870184632,148,4292,160,4292
4908,0x55694a34e192,R,0x7ffe9f8aeedc,1,20,3776,32,3772,60,3764,84,3744,96,3740,124,3732,148,3712,160,3708,4,4272,32,4236,44,4020,68,4012,96,4012,108,-46820870184652,132,4272,160,4272
4911,0x55694a34e197,R,0x7ffe9f8aeee0,1,4,3780,32,3776,56,3768,68,3748,96,3744,120,3736,132,3716,160,3712,8,4268,32,4232,60,4016,72,4008,96,4008,124,-46820870184656,136,4268,160,4268
4913,0x55694a34e198,R,0x7ffe9f8aeee8,1,8,3788,32,3784,44,3776,72,3756,96,3752,108,3744,136,3724,160,3720,20,4260,32,4224,56,4008,84,4000,96,4000,120,-46820870184664,148,4260,160,4260
4915,0x55694a34e192,R,0x7ffe9f8aeefc,1,20,3808,32,3804,60,3796,84,3776,96,3772,124,3764,148,3744,160,3740,4,4240,32,4204,44,3988,68,3980,96,3980,108,-46820870184684,132,4240,160,4240
4918,0x55694a34e197,R,0x7ffe9f8aef00,1,4,3812,32,3808,56,3800,68,3780,96,3776,120,3768,132,3748,160,3744,8,4236,32,4200,60,3984,72,3976,96,3976,124,-46820870184688,136,4236,160,4236
4920,0x55694a34e198,R,0x7ffe9f8aef08,1,8,3820,32,3816,44,3808,72,3788,96,3784,108,3776,136,3756,160,3752,20,4228,32,4192,56,3976,84,3968,96,3968,120,-46820870184696,148,4228,160,4228
4922,0x55694a34e192,R,0x7ffe9f8aef1c,1,20,3840,32,3836,60,3828,84,3808,96,3804,124,3796,148,3776,160,3772,4,4208,32,4172,44,3956,68,3948,96,3948,108,-46820870184716,132,4208,160,4208
4925,0x55694a34e197,R,0x7ffe9f8aef20,1,4,3844,32,3840,56,3832,68,3812,96,3808,120,3800,132,3780,160,3776,8,4204,32,4168,60,3952,72,3944,96,3944,124,-46820870184720,136,4204,160,4204
4927,0x55694a34e198,R,0x7ffe9f8aef28,1,8,3852,32,3848,44,3840,72,3820,96,3816,108,3808,136,3788,160,3784,20,4196,32,4160,56,3944,84,3936,96,3936,120,-46820870184728,148,4196,160,4196
4929,0x55694a34e192,R,0x7ffe9f8aef3c,1,20,3872,32,3868,60,3860,84,3840,96,3836,124,3828,148,3808,160,3804,4,4176,32,4140,44,3924,68,3916,96,3916,108,-46820870184748,132,4176,160,4176
4932,0x55694a34e197,R,0x7ffe9f8aef40,1,4,3876,32,3872,56,3864,68,3844,96,3840,120,3832,132,3812,160,3808,8,4172,32,4136,60,3920,72,3912,96,3912,124,-46820870184752,136,4172,160,4172
4934,0x55694a34e198,R,0x7ffe9f8aef48,1,8,3884,32,3880,44,3872,72,3852,96,3848,108,3840,136,3820,160,3816,20,4164,32,4128,56,3912,84,3904,96,3904,120,-46820870184760,148,4164,160,4164
4936,0x55694a34e192,R,0x7ffe9f8aef5c,1,20,3904,32,3900,60,3892,84,3872,96,3868,124,3860,148,3840,160,3836,4,4144,32,4108,44,3892,68,3884,96,3884,108,-46820870184780,132,4144,160,4144
4939,0x55694a34e197,R,0x7ffe9f8aef60,1,4,3908,32,3904,56,3896,68,3876,96,3872,120,3864,132,3844,160,3840,8,4140,32,4104,60,3888,72,3880,96,3880,124,-46820870184784,136,4140,160,4140
4941,0x55694a34e198,R,0x7ffe9f8aef68,1,8,3916,32,3912,44,3904,72,3884,96,3880,108,3872,136,3852,160,3848,20,4132,32,4096,56,3880,84,3872,96,3872,120,-46820870184792,148,4132,160,4132
4943,0x55694a34e192,R,0x7ffe9f8aef7c,1,20,3936,32,3932,60,3924,84,3904,96,3900,124,3892,148,3872,160,3868,4,4112,32,4076,44,3860,68,3852,96,3852,108,-46820870184812,132,4112,160,4112
4946,0x55694a34e197,R,0x7ffe9f8aef80,1,4,3940,32,3936,56,3928,68,3908,96,3904,120,3896,132,3876,160,3872,8,4108,32,4072,60,3856,72,3848,96,3848,124,-46820870184816,136,4108,160,4108
4948,0x55694a34e198,R,0x7ffe9f8aef88,1,8,3948,32,3944,44,3936,72,3916,96,3912,108,3904,136,3884,160,3880,20,4100,32,4064,56,3848,84,3840,96,3840,120,-46820870184824,148,4100,160,4100
4950,0x55694a34e192,R,0x7ffe9f8aef9c,1,20,3968,32,3964,60,3956,84,3936,96,3932,124,3924,148,3904,160,3900,4,4080,32,4044,44,3828,68,3820,96,3820,108,-46820870184844,132,4080,160,4080
4953,0x55694a34e197,R,0x7ffe9f8aefa0,1,4,3972,32,3968,56,3960,68,3940,96,3936,120,3928,132,3908,160,3904,8,4076,32,4040,60,3824,72,3816,96,3816,124,-46820870184848,136,4076,160,4076
4955,0x55694a34e198,R,0x7ffe9f8aefa8,1,8,3980,32,3976,44,3968,72,3948,96,3944,108,3936,136,3916,160,3912,20,4068,32,4032,56,3816,84,3808,96,3808,120,-46820870184856,148,4068,160,4068
4957,0x55694a34e192,R,0x7ffe9f8aefbc,1,20,4000,32,3996,60,3988,84,3968,96,3964,124,3956,148,3936,160,3932,4,4048,32,4012,44,3796,68,3788,96,3788,108,-46820870184876,132,4048,160,4048
4960,0x55694a34e197,R,0x7ffe9f8aefc0,1,4,4004,32,4000,56,3992,68,3972,96,3968,120,3960,132,3940,160,3936,8,4044,32,4008,60,3792,72,3784,96,3784,124,-46820870184880,136,4044,160,4044
4962,0x55694a34e198,R,0x7ffe9f8aefc8,1,8,4012,32,4008,44,4000,72,3980,96,3976,108,3968,136,3948,160,3944,20,4036,32,4000,56,3784,84,3776,96,3776,120,-46820870184888,148,4036,160,4036
4964,0x55694a34e192,R,0x7ffe9f8aefdc,1,20,4032,32,4028,60,4020,84,4000,96,3996,124,3988,148,3968,160,3964,4,4016,32,3980,44,3764,68,3756,96,3756,108,-46820870184908,132,4016,160,4016
4967,0x55694a34e197,R,0x7ffe9f8aefe0,1,4,4036,32,4032,56,4024,68,4004,96,4000,120,3992,132,3972,160,3968,8,4012,32,3976,60,3760,72,3752,96,3752,124,-46820870184912,136,4012,160,4012
4969,0x55694a34e198,R,0x7ffe9f8aefe8,1,8,4044,32,4040,44,4032,72,4012,96,4008,108,4000,136,3980,160,3976,20,4004,32,3968,56,3752,84,3744,96,3744,120,-46820870184920,148,4004,160,4004
4971,0x55694a34e192,R,0x7ffe9f8aeffc,1,20,4064,32,4060,60,4052,84,4032,96,4028,124,4020,148,4000,160,3996,4,3984,32,3948,44,3732,68,3724,96,3724,108,-46820870184940,132,3984,160,3984
4974,0x55694a34e197,R,0x7ffe9f8af000,1,4,4068,32,4064,56,4056,68,4036,96,4032,120,4024,132,4004,160,4000,8,3980,32,3944,60,3728,72,3720,96,3720,124,-46820870184944,136,3980,160,3980
4976,0x55694a34e198,R,0x7ffe9f8af008,1,8,4076,32,4072,44,4064,72,4044,96,4040,108,4032,136,4012,160,4008,20,3972,32,3936,56,3720,84,3712,96,3712,120,-46820870184952,148,3972,160,3972
4978,0x55694a34e192,R,0x7ffe9f8af01c,1,20,4096,32,4092,60,4084,84,4064,96,4060,124,4052,148,4032,160,4028,4,3952,32,3916,44,3700,68,3692,96,3692,108,-46820870184972,132,3952,160,3952
4981,0x55694a34e197,R,0x7ffe9f8af020,1,4,4100,32,4096,56,4088,68,4068,96,4064,120,4056,132,4036,160,4032,8,3948,32,3912,60,3696,72,3688,96,3688,124,-46820870184976,136,3948,160,3948
4983,0x55694a34e198,R,0x7ffe9f8af028,1,8,4108,32,4104,44,4096,72,4076,96,4072,108,4064,136,4044,160,4040,20,3940,32,3904,56,3688,84,3680,96,3680,120,-46820870184984,148,3940,160,3940
4985,0x55694a34e192,R,0x7ffe9f8af03c,1,20,4128,32,4124,60,4116,84,4096,96,4092,124,4084,148,4064,160,4060,4,3920,32,3884,44,3668,68,3660,96,3660,108,-46820870185004,132,3920,160,3920
4988,0x55694a34e197,R,0x7ffe9f8af040,1,4,4132,32,4128,56,4120,68,4100,96,4096,120,4088,132,4068,160,4064,8,3916,32,3880,60,3664,72,3656,96,3656,124,-46820870185008,136,3916,160,3916
4990,0x55694a34e198,R,0x7ffe9f8af048,1,8,4140,32,4136,44,4128,72,4108,96,4104,108,4096,136,4076,160,4072,20,3908,32,3872,56,3656,84,3648,96,3648,120,-46820870185016,148,3908,160,3908
4992,0x55694a34e192,R,0x7ffe9f8af05c,1,20,4160,32,4156,60,4148,84,4128,96,4124,124,4116,148,4096,160,4092,4,3888,32,3852,44,3636,68,3628,96,3628,108,-46820870185036,132,3888,160,3888
4995,0x55694a34e197,R,0x7ffe9f8af060,1,4,4164,32,4160,56,4152,68,4132,96,4128,120,4120,132,4100,160,4096,8,3884,32,3848,60,3632,72,3624,96,3624,124,-46820870185040,136,3884,160,3884
4997,0x55694a34e198,R,0x7ffe9f8af068,1,8,4172,32,4168,44,4160,72,4140,96,4136,108,4128,136,4108,160,4104,20,3876,32,3840,56,3624,84,3616,96,3616,120,-46820870185048,148,3876,160,3876
4999,0x55694a34e192,R,0x7ffe9f8af07c,1,20,4192,32,4188,60,4180,84,4160,96,4156,124,4148,148,4128,160,4124,4,3856,32,3820,44,3604,68,3596,96,3596,108,-46820870185068,132,3856,160,3856
5002,0x55694a34e197,R,0x7ffe9f8af080,1,4,4196,32,4192,56,4184,68,4164,96,4160,120,4152,132,4132,160,4128,8,3852,32,3816,60,3600,72,3592,96,3592,124,-46820870185072,136,3852,160,3852
5004,0x55694a34e198,R,0x7ffe9f8af088,1,8,4204,32,4200,44,4192,72,4172,96,4168,108,4160,136,4140,160,4136,20,3844,32,3808,56,3592,84,3584,96,3584,120,-46820870185080,148,3844,160,3844
5006,0x55694a34e192,R,0x7ffe9f8af09c,1,20,4224,32,4220,60,4212,84,4192,96,4188,124,4180,148,4160,160,4156,4,3824,32,3788,44,3572,68,3564,96,3564,108,-46820870185100,132,3824,160,3824
5009,0x55694a34e197,R,0x7ffe9f8af0a0,1,4,4228,32,4224,56,4216,68,4196,96,4192,120,4184,132,4164,160,4160,8,3820,32,3784,60,3568,72,3560,96,3560,124,-46820870185104,136,3820,160,3820
5011,0x55694a34e198,R,0x7ffe9f8af0a8,1,8,4236,32,4232,44,4224,72,4204,96,4200,108,4192,136,4172,160,4168,20,3812,32,3776,56,3560,84,3552,96,3552,120,-46820870185112,148,3812,160,3812
5013,0x55694a34e192,R,0x7ffe9f8af0bc,1,20,4256,32,4252,60,4244,84,4224,96,4220,124,4212,148,4192,160,4188,4,3792,32,3756,44,3540,68,3532,96,3532,108,-46820870185132,132,3792,160,3792
5016,0x55694a34e197,R,0x7ffe9f8af0c0,1,4,4260,32,4256,56,4248,68,4228,96,4224,120,4216,132,4196,160,4192,8,3788,32,3752,60,3536,72,3528,96,3528,124,-46820870185136,136,3788,160,3788
5018,0x55694a34e198,R,0x7ffe9f8af0c8,1,8,4268,32,4264,44,4256,72,4236,96,4232,108,4224,136,4204,160,4200,20,3780,32,3744,56,3528,84,3520,96,3520,120,-46820870185144,148,3780,160,3780
5020,0x55694a34e192,R,0x7ffe9f8af0dc,1,20,4288,32,4284,60,4276,84,4256,96,4252,124,4244,148,4224,160,4220,4,3760,32,3724,44,3508,68,3500,96,3500,108,-46820870185164,132,3760,160,3760
5023,0x55694a34e197,R,0x7ffe9f8af0e0,1,4,4292,32,4288,56,4280,68,4260,96,4256,120,4248,132,4228,160,4224,8,3756,32,3720,60,3504,72,3496,96,3496,124,-46820870185168,136,3756,160,3756
5025,0x55694a34e198,R,0x7ffe9f8af0e8,1,8,4300,32,4296,44,4288,72,4268,96,4264,108,4256,136,4236,160,4232,20,3748,32,3712,56,3496,84,3488,96,3488,120,-46820870185176,148,3748,160,3748
5027,0x55694a34e192,R,0x7ffe9f8af0fc,1,20,4320,32,4316,60,4308,84,4288,96,4284,124,4276,148,4256,160,4252,4,3728,32,3692,44,3476,68,3468,96,3468,108,-46820870185196,132,3728,160,3728
5030,0x55694a34e197,R,0x7ffe9f8af100,1,4,4324,32,4320,56,4312,68,4292,96,4288,120,4280,132,4260,160,4256,8,3724,32,3688,60,3472,72,3464,96,3464,124,-46820870185200,136,3724,160,3724
5032,0x55694a34e198,R,0x7ffe9f8af108,1,8,4332,32,4328,44,4320,72,4300,96,4296,108,4288,136,4268,160,4264,20,3716,32,3680,56,3464,84,3456,96,3456,120,-46820870185208,148,3716,160,3716
5034,0x55694a34e192,R,0x7ffe9f8af11c,1,20,4352,32,4348,60,4340,84,4320,96,4316,124,4308,148,4288,160,4284,4,3696,32,3660,44,3444,68,3436,96,3436,108,-46820870185228,132,3696,160,3696
5037,0x55694a34e197,R,0x7ffe9f8af120,1,4,4356,32,4352,56,4344,68,4324,96,4320,120,4312,132,4292,160,4288,8,3692,32,3656,60,3440,72,3432,96,3432,124,-46820870185232,136,3692,160,3692
5039,0x55694a34e198,R,0x7ffe9f8af128,1,8,4364,32,4360,44,4352,72,4332,96,4328,108,4320,136,4300,160,4296,20,3684,32,3648,56,3432,84,3424,96,3424,120,-46820870185240,148,3684,160,3684
5041,0x55694a34e192,R,0x7ffe9f8af13c,1,20,4384,32,4380,60,4372,84,4352,96,4348,124,4340,148,4320,160,4316,4,3664,32,3628,44,3412,68,3404,96,3404,108,-46820870185260,132,3664,160,3664
5044,0x55694a34e197,R,0x7ffe9f8af140,1,4,4388,32,4384,56,4376,68,4356,96,4352,120,4344,132,4324,160,4320,8,3660,32,3624,60,3408,72,3400,96,3400,124,-46820870185264,136,3660,160,3660
5046,0x55694a34e198,R,0x7ffe9f8af148,1,8,4396,32,4392,44,4384,72,4364,96,4360,108,4352,136,4332,160,4328,20,3652,32,3616,56,3400,84,3392,96,3392,120,-46820870185272,148,3652,160,3652
5048,0x55694a34e192,R,0x7ffe9f8af15c,1,20,4416,32,4412,60,4404,84,4384,96,4380,124,4372,148,4352,160,4348,4,3632,32,3596,44,3380,68,3372,96,3372,108,-46820870185292,132,3632,160,3632
5051,0x55694a34e197,R,0x7ffe9f8af160,1,4,4420,32,4416,56,4408,68,4388,96,4384,120,4376,132,4356,160,4352,8,3628,32,3592,60,3376,72,3368,96,3368,124,-46820870185296,136,3628,160,3628
5053,0x55694a34e198,R,0x7ffe9f8af168,1,8,4428,32,4424,44,4416,72,4396,96,4392,108,4384,136,4364,160,4360,20,3620,32,3584,56,3368,84,3360,96,3360,120,-46820870185304,148,3620,160,3620
5055,0x55694a34e192,R,0x7ffe9f8af17c,1,20,4448,32,4444,60,4436,84,4416,96,4412,124,4404,148,4384,160,4380,4,3600,32,3564,44,3348,68,3340,96,3340,108,-46820870185324,132,3600,160,3600
5058,0x55694a34e197,R,0x7ffe9f8af180,1,4,4452,32,4448,56,4440,68,4420,96,4416,120,4408,132,4388,160,4384,8,3596,32,3560,60,3344,72,3336,96,3336,124,-46820870185328,136,3596,160,3596
5060,0x55694a34e198,R,0x7ffe9f8af188,1,8,4460,32,4456,44,4448,72,4428,96,4424,108,4416,136,4396,160,4392,20,3588,32,3552,56,3336,84,3328,96,3328,120,-46820870185336,148,3588,160,3588
5062,0x55694a34e192,R,0x7ffe9f8af19c,1,20,4480,32,4476,60,4468,84,4448,96,4444,124,4436,148,4416,160,4412,4,3568,32,3532,44,3316,68,3308,96,3308,108,-46820870185356,132,3568,160,3568
5065,0x55694a34e197,R,0x7ffe9f8af1a0,1,4,4484,32,4480,56,4472,68,4452,96,4448,120,4440,132,4420,160,4416,8,3564,32,3528,60,3312,72,3304,96,3304,124,-46820870185360,136,3564,160,3564
5067,0x55694a34e198,R,0x7ffe9f8af1a8,1,8,4492,32,4488,44,4480,72,4460,96,4456,108,4448,136,4428,160,4424,20,3556,32,3520,56,3304,84,3296,96,3296,120,-46820870185368,148,3556,160,3556
5069,0x55694a34e192,R,0x7ffe9f8af1bc,1,20,4512,32,4508,60,4500,84,4480,96,4476,124,4468,148,4448,160,4444,4,3536,32,3500,44,3284,68,3276,96,3276,108,-46820870185388,132,3536,160,3536
5072,0x55694a34e197,R,0x7ffe9f8af1c0,1,4,4516,32,4512,56,4504,68,4484,96,4480,120,4472,132,4452,160,4448,8,3532,32,3496,60,3280,72,3272,96,3272,124,-46820870185392,136,3532,160,3532
5074,0x55694a34e198,R,0x7ffe9f8af1c8,1,8,4524,32,4520,44,4512,72,4492,96,4488,108,4480,136,4460,160,4456,20,3524,32,3488,56,3272,84,3264,96,3264,120,-46820870185400,148,3524,160,3524
5076,0x55694a34e192,R,0x7ffe9f8af1dc,1,20,4544,32,4540,60,4532,84,4512,96,4508,124,4500,148,4480,160,4476,4,3504,32,3468,44,3252,68,3244,96,3244,108,-46820870185420,132,3504,160,3504
5079,0x55694a34e197,R,0x7ffe9f8af1e0,1,4,4548,32,4544,56,4536,68,4516,96,4512,120,4504,132,4484,160,4480,8,3500,32,3464,60,3248,72,3240,96,3240,124,-46820870185424,136,3500,160,3500
5081,0x55694a34e198,R,0x7ffe9f8af1e8,1,8,4556,32,4552,44,4544,72,4524,96,4520,108,4512,136,4492,160,4488,20,3492,32,3456,56,3240,84,3232,96,3232,120,-46820870185432,148,3492,160,3492
5083,0x55694a34e192,R,0x7ffe9f8af1fc,1,20,4576,32,4572,60,4564,84,4544,96,4540,124,4532,148,4512,160,4508,4,3472,32,3436,44,3220,68,3212,96,3212,108,-46820870185452,132,3472,160,3472
5086,0x55694a34e197,R,0x7ffe9f8af200,1,4,4580,32,4576,56,4568,68,4548,96,4544,120,4536,132,4516,160,4512,8,3468,32,3432,60,3216,72,3208,96,3208,124,-46820870185456,136,3468,160,3468
5088,0x55694a34e198,R,0x7ffe9f8af208,1,8,4588,32,4584,44,4576,72,4556,96,4552,108,4544,136,4524,160,4520,20,3460,32,3424,56,3208,84,3200,96,3200,120,-46820870185464,148,3460,160,3460
5090,0x55694a34e192,R,0x7ffe9f8af21c,1,20,4608,32,4604,60,4596,84,4576,96,4572,124,4564,148,4544,160,4540,4,3440,32,3404,44,3188,68,3180,96,3180,108,-46820870185484,132,3440,160,3440
5093,0x55694a34e197,R,0x7ffe9f8af220,1,4,4612,32,4608,56,4600,68,4580,96,4576,120,4568,132,4548,160,4544,8,3436,32,3400,60,3184,72,3176,96,3176,124,-46820870185488,136,3436,160,3436
5095,0x55694a34e198,R,0x7ffe9f8af228,1,8,4620,32,4616,44,4608,72,4588,96,4584,108,4576,136,4556,160,4552,20,3428,32,3392,56,3176,84,3168,96,3168,120,-46820870185496,148,3428,160,3428
5097,0x55694a34e192,R,0x7ffe9f8af23c,1,20,4640,32,4636,60,4628,84,4608,96,4604,124,4596,148,4576,160,4572,4,3408,32,3372,44,3156,68,3148,96,3148,108,-46820870185516,132,3408,160,3408
5100,0x55694a34e197,R,0x7ffe9f8af240,1,4,4644,32,4640,56,4632,68,4612,96,4608,120,4600,132,4580,160,4576,8,3404,32,3368,60,3152,72,3144,96,3144,124,-46820870185520,136,3404,160,3404
5102,0x55694a34e198,R,0x7ffe9f8af248,1,8,4652,32,4648,44,4640,72,4620,96,4616,108,4608,136,4588,160,4584,20,3396,32,3360,56,3144,84,3136,96,3136,120,-46820870185528,148,3396,160,3396
5104,0x55694a34e192,R,0x7ffe9f8af25c,1,20,4672,32,4668,60,4660,84,4640,96,4636,124,4628,148,4608,160,4604,4,3376,32,3340,44,3124,68,3116,96,3116,108,-46820870185548,132,3376,160,3376
5107,0x55694a34e197,R,0x7ffe9f8af260,1,4,4676,32,4672,56,4664,68,4644,96,4640,120,4632,132,4612,160,4608,8,3372,32,3336,60,3120,72,3112,96,3112,124,-46820870185552,136,3372,160,3372
5109,0x55694a34e198,R,0x7ffe9f8af268,1,8,4684,32,4680,44,4672,72,4652,96,4648,108,4640,136,4620,160,4616,20,3364,32,3328,56,3112,84,3104,96,3104,120,-46820870185560,148,3364,160,3364
5111,0x55694a34e192,R,0x7ffe9f8af27c,1,20,4704,32,4700,60,4692,84,4672,96,4668,124,4660,148,4640,160,4636,4,3344,32,3308,44,3092,68,3084,96,3084,108,-46820870185580,132,3344,160,3344
5114,0x55694a34e197,R,0x7ffe9f8af280,1,4,4708,32,4704,56,4696,68,4676,96,4672,120,4664,132,4644,160,4640,8,3340,32,3304,60,3088,72,3080,96,3080,124,-46820870185584,136,3340,160,3340
5116,0x55694a34e198,R,0x7ffe9f8af288,1,8,4716,32,4712,44,4704,72,4684,96,4680,108,4672,136,4652,160,4648,20,3332,32,3296,56,3080,84,3072,96,3072,120,-46820870185592,148,3332,160,3332
5118,0x55694a34e192,R,0x7ffe9f8af29c,1,20,4736,32,4732,60,4724,84,4704,96,4700,124,4692,148,4672,160,4668,4,3312,32,3276,44,3060,68,3052,96,3052,108,-46820870185612,132,3312,160,3312
5121,0x55694a34e197,R,0x7ffe9f8af2a0,1,4,4740,32,4736,56,4728,68,4708,96,4704,120,4696,132,4676,160,4672,8,3308,32,3272,60,3056,72,3048,96,3048,124,-46820870185616,136,3308,160,3308
5123,0x55694a34e198,R,0x7ffe9f8af2a8,1,8,4748,32,4744,44,4736,72,4716,96,4712,108,4704,136,4684,160,4680,20,3300,32,3264,56,3048,84,3040,96,3040,120,-46820870185624,148,3300,160,3300
5125,0x55694a34e192,R,0x7ffe9f8af2bc,1,20,4768,32,4764,60,4756,84,4736,96,4732,124,4724,148,4704,160,4700,4,3280,32,3244,44,3028,68,3020,96,3020,108,-46820870185644,132,3280,160,3280
5128,0x55694a34e197,R,0x7ffe9f8af2c0,1,4,4772,32,4768,56,4760,68,4740,96,4736,120,4728,132,4708,160,4704,8,3276,32,3240,60,3024,72,3016,96,3016,124,-46820870185648,136,3276,160,3276
5130,0x55694a34e198,R,0x7ffe9f8af2c8,1,8,4780,32,4776,44,4768,72,4748,96,4744,108,4736,136,4716,160,4712,20,3268,32,3232,56,3016,84,3008,96,3008,120,-46820870185656,148,3268,160,3268
5132,0x55694a34e192,R,0x7ffe9f8af2dc,1,20,4800,32,4796,60,4788,84,4768,96,4764,124,4756,148,4736,160,4732,4,3248,32,3212,44,2996,68,2988,96,2988,108,-46820870185676,132,3248,160,3248
5135,0x55694a34e197,R,0x7ffe9f8af2e0,1,4,4804,32,4800,56,4792,68,4772,96,4768,120,4760,132,4740,160,4736,8,3244,32,3208,60,2992,72,2984,96,2984,124,-46820870185680,136,3244,160,3244
5137,0x55694a34e198,R,0x7ffe9f8af2e8,1,8,4812,32,4808,44,4800,72,4780,96,4776,108,4768,136,4748,160,4744,20,3236,32,3200,56,2984,84,2976,96,2976,120,-46820870185688,148,3236,160,3236
5139,0x55694a34e192,R,0x7ffe9f8af2fc,1,20,4832,32,4828,60,4820,84,4800,96,4796,124,4788,148,4768,160,4764,4,3216,32,3180,44,2964,68,2956,96,2956,108,-46820870185708,132,3216,160,3216
5142,0x55694a34e197,R,0x7ffe9f8af300,1,4,4836,32,4832,56,4824,68,4804,96,4800,120,4792,132,4772,160,4768,8,3212,32,3176,60,2960,72,2952,96,2952,124,-46820870185712,136,3212,160,3212
5144,0x55694a34e198,R,0x7ffe9f8af308,1,8,4844,32,4840,44,4832,72,4812,96,4808,108,4800,136,4780,160,4776,20,3204,32,3168,56,2952,84,2944,96,2944,120,-46820870185720,148,3204,160,3204
5146,0x55694a34e192,R,0x7ffe9f8af31c,1,20,4864,32,4860,60,4852,84,4832,96,4828,124,4820,148,4800,160,4796,4,3184,32,3148,44,2932,68,2924,96,2924,108,-46820870185740,132,3184,160,3184
5149,0x55694a34e197,R,0x7ffe9f8af320,1,4,4868,32,4864,56,4856,68,4836,96,4832,120,4824,132,4804,160,4800,8,3180,32,3144,60,2928,72,2920,96,2920,124,-46820870185744,136,3180,160,3180
5151,0x55694a34e198,R,0x7ffe9f8af328,1,8,4876,32,4872,44,4864,72,4844,96,4840,108,4832,136,4812,160,4808,20,3172,32,3136,56,2920,84,2912,96,2912,120,-46820870185752,148,3172,160,3172
5153,0x55694a34e192,R,0x7ffe9f8af33c,1,20,4896,32,4892,60,4884,84,4864,96,4860,124,4852,148,4832,160,4828,4,3152,32,3116,44,2900,68,2892,96,2892,108,-46820870185772,132,3152,160,3152
5156,0x55694a34e197,R,0x7ffe9f8af340,1,4,4900,32,4896,56,4888,68,4868,96,4864,120,4856,132,4836,160,4832,8,3148,32,3112,60,2896,72,2888,96,2888,124,-46820870185776,136,3148,160,3148
5158,0x55694a34e198,R,0x7ffe9f8af348,1,8,4908,32,4904,44,4896,72,4876,96,4872,108,4864,136,4844,160,4840,20,3140,32,3104,56,2888,84,2880,96,2880,120,-46820870185784,148,3140,160,3140
5160,0x55694a34e192,R,0x7ffe9f8af35c,1,20,4928,32,4924,60,4916,84,4896,96,4892,124,4884,148,4864,160,4860,4,3120,32,3084,44,2868,68,2860,96,2860,108,-46820870185804,132,3120,160,3120
5163,0x55694a34e197,R,0x7ffe9f8af360,1,4,4932,32,4928,56,4920,68,4900,96,4896,120,4888,132,4868,160,4864,8,3116,32,3080,60,2864,72,2856,96,2856,124,-46820870185808,136,3116,160,3116
5165,0x55694a34e198,R,0x7ffe9f8af368,1,8,4940,32,4936,44,4928,72,4908,96,4904,108,4896,136,4876,160,4872,20,3108,32,3072,56,2856,84,2848,96,2848,120,-46820870185816,148,3108,160,3108
5167,0x55694a34e192,R,0x7ffe9f8af37c,1,20,4960,32,4956,60,4948,84,4928,96,4924,124,4916,148,4896,160,4892,4,3088,32,3052,44,2836,68,2828,96,2828,108,-46820870185836,132,3088,160,3088
5170,0x55694a34e197,R,0x7ffe9f8af380,1,4,4964,32,4960,56,4952,68,4932,96,4928,120,4920,132,4900,160,4896,8,3084,32,3048,60,2832,72,2824,96,2824,124,-46820870185840,136,3084,160,3084
5172,0x55694a34e198,R,0x7ffe9f8af388,1,8,4972,32,4968,44,4960,72,4940,96,4936,108,4928,136,4908,160,4904,20,3076,32,3040,56,2824,84,2816,96,2816,120,-46820870185848,148,3076,160,3076
5174,0x55694a34e192,R,0x7ffe9f8af39c,1,20,4992,32,4988,60,4980,84,4960,96,4956,124,4948,148,4928,160,4924,4,3056,32,3020,44,2804,68,2796,96,2796,108,-46820870185868,132,3056,160,3056
5177,0x55694a34e197,R,0x7ffe9f8af3a0,1,4,4996,32,4992,56,4984,68,4964,96,4960,120,4952,132,4932,160,4928,8,3052,32,3016,60,2800,72,2792,96,2792,124,-46820870185872,136,3052,160,3052
5179,0x55694a34e198,R,0x7ffe9f8af3a8,1,8,5004,32,5000,44,4992,72,4972,96,4968,108,4960,136,4940,160,4936,20,3044,32,3008,56,2792,84,2784,96,2784,120,-46820870185880,148,3044,160,3044
5181,0x55694a34e192,R,0x7ffe9f8af3bc,1,20,5024,32,5020,60,5012,84,4992,96,4988,124,4980,148,4960,160,4956,4,3024,32,2988,44,2772,68,2764,96,2764,108,-46820870185900,132,3024,160,3024
5184,0x55694a34e197,R,0x7ffe9f8af3c0,1,4,5028,32,5024,56,5016,68,4996,96,4992,120,4984,132,4964,160,4960,8,3020,32,2984,60,2768,72,2760,96,2760,124,-46820870185904,136,3020,160,3020
5186,0x55694a34e198,R,0x7ffe9f8af3c8,1,8,5036,32,5032,44,5024,72,5004,96,5000,108,4992,136,4972,160,4968,20,3012,32,2976,56,2760,84,2752,96,2752,120,-46820870185912,148,3012,160,3012
5188,0x55694a34e192,R,0x7ffe9f8af3dc,1,20,5056,32,5052,60,5044,84,5024,96,5020,124,5012,148,4992,160,4988,4,2992,32,2956,44,2740,68,2732,96,2732,108,-46820870185932,132,2992,160,2992
5191,0x55694a34e197,R,0x7ffe9f8af3e0,1,4,5060,32,5056,56,5048,68,5028,96,5024,120,5016,132,4996,160,4992,8,2988,32,2952,60,2736,72,2728,96,2728,124,-46820870185936,136,2988,160,2988
5193,0x55694a34e198,R,0x7ffe9f8af3e8,1,8,5068,32,5064,44,5056,72,5036,96,5032,108,5024,136,5004,160,5000,20,2980,32,2944,56,2728,84,2720,96,2720,120,-46820870185944,148,2980,160,2980
5195,0x55694a34e192,R,0x7ffe9f8af3fc,1,20,5088,32,5084,60,5076,84,5056,96,5052,124,5044,148,5024,160,5020,4,2960,32,2924,44,2708,68,2700,96,2700,108,-46820870185964,132,2960,160,2960
5198,0x55694a34e197,R,0x7ffe9f8af400,1,4,5092,32,5088,56,5080,68,5060,96,5056,120,5048,132,5028,160,5024,8,2956,32,2920,60,2704,72,2696,96,2696,124,-46820870185968,136,2956,160,2956
5200,0x55694a34e198,R,0x7ffe9f8af408,1,8,5100,32,5096,44,5088,72,5068,96,5064,108,5056,136,5036,160,5032,20,2948,32,2912,56,2696,84,2688,96,2688,120,-46820870185976,148,2948,160,2948
5202,0x55694a34e192,R,0x7ffe9f8af41c,1,20,5120,32,5116,60,5108,84,5088,96,5084,124,5076,148,5056,160,5052,4,2928,32,2892,44,2676,68,2668,96,2668,108,-46820870185996,132,2928,160,2928
5205,0x55694a34e197,R,0x7ffe9f8af420,1,4,5124,32,5120,56,5112,68,5092,96,5088,120,5080,132,5060,160,5056,8,2924,32,2888,60,2672,72,2664,96,2664,124,-46820870186000,136,2924,160,2924
5207,0x55694a34e198,R,0x7ffe9f8af428,1,8,5132,32,5128,44,5120,72,5100,96,5096,108,5088,136,5068,160,5064,20,2916,32,2880,56,2664,84,2656,96,2656,120,-46820870186008,148,2916,160,2916
5209,0x55694a34e192,R,0x7ffe9f8af43c,1,20,5152,32,5148,60,5140,84,5120,96,5116,124,5108,148,5088,160,5084,4,2896,32,2860,44,2644,68,2636,96,2636,108,-46820870186028,132,2896,160,2896
5212,0x55694a34e197,R,0x7ffe9f8af440,1,4,5156,32,5152,56,5144,68,5124,96,5120,120,5112,132,5092,160,5088,8,2892,32,2856,60,2640,72,2632,96,2632,124,-46820870186032,136,2892,160,2892
5214,0x55694a34e198,R,0x7ffe9f8af448,1,8,5164,32,5160,44,5152,72,5132,96,5128,108,5120,136,5100,160,5096,20,2884,32,2848,56,2632,84,2624,96,2624,120,-46820870186040,148,2884,160,2884
5216,0x55694a34e192,R,0x7ffe9f8af45c,1,20,5184,32,5180,60,5172,84,5152,96,5148,124,5140,148,5120,160,5116,4,2864,32,2828,44,2612,68,2604,96,2604,108,-46820870186060,132,2864,160,2864
5219,0x55694a34e197,R,0x7ffe9f8af460,1,4,5188,32,5184,56,5176,68,5156,96,5152,120,5144,132,5124,160,5120,8,2860,32,2824,60,2608,72,2600,96,2600,124,-46820870186064,136,2860,160,2860
5221,0x55694a34e198,R,0x7ffe9f8af468,1,8,5196,32,5192,44,5184,72,5164,96,5160,108,5152,136,5132,160,5128,20,2852,32,2816,56,2600,84,2592,96,2592,120,-46820870186072,148,2852,160,2852
5223,0x55694a34e192,R,0x7ffe9f8af47c,1,20,5216,32,5212,60,5204,84,5184,96,5180,124,5172,148,5152,160,5148,4,2832,32,2796,44,2580,68,2572,96,2572,108,-46820870186092,132,2832,160,2832
5226,0x55694a34e197,R,0x7ffe9f8af480,1,4,5220,32,5216,56,5208,68,5188,96,5184,120,5176,132,5156,160,5152,8,2828,32,2792,60,2576,72,2568,96,2568,124,-46820870186096,136,2828,160,2828
5228,0x55694a34e198,R,0x7ffe9f8af488,1,8,5228,32,5224,44,5216,72,5196,96,5192,108,5184,136,5164,160,5160,20,2820,32,2784,56,2568,84,2560,96,2560,120,-46820870186104,148,2820,160,2820
5230,0x55694a34e192,R,0x7ffe9f8af49c,1,20,5248,32,5244,60,5236,84,5216,96,5212,124,5204,148,5184,160,5180,4,2800,32,2764,44,2548,68,2540,96,2540,108,-46820870186124,132,2800,160,2800
5233,0x55694a34e197,R,0x7ffe9f8af4a0,1,4,5252,32,5248,56,5240,68,5220,96,5216,120,5208,132,5188,160,5184,8,2796,32,2760,60,2544,72,2536,96,2536,124,-46820870186128,136,2796,160,2796
5235,0x55694a34e198,R,0x7ffe9f8af4a8,1,8,5260,32,5256,44,5248,72,5228,96,5224,108,5216,136,5196,160,5192,20,2788,32,2752,56,2536,84,2528,96,2528,120,-46820870186136,148,2788,160,2788
5237,0x55694a34e192,R,0x7ffe9f8af4bc,1,20,5280,32,5276,60,5268,84,5248,96,5244,124,5236,148,5216,160,5212,4,2768,32,2732,44,2516,68,2508,96,2508,108,-46820870186156,132,2768,160,2768
5240,0x55694a34e197,R,0x7ffe9f8af4c0,1,4,5284,32,5280,56,5272,68,5252,96,5248,120,5240,132,5220,160,5216,8,2764,32,2728,60,2512,72,2504,96,2504,124,-46820870186160,136,2764,160,2764
5242,0x55694a34e198,R,0x7ffe9f8af4c8,1,8,5292,32,5288,44,5280,72,5260,96,5256,108,5248,136,5228,160,5224,20,2756,32,2720,56,2504,84,2496,96,2496,120,-46820870186168,148,2756,160,2756
5244,0x55694a34e192,R,0x7ffe9f8af4dc,1,20,5312,32,5308,60,5300,84,5280,96,5276,124,5268,148,5248,160,5244,4,2736,32,2700,44,2484,68,2476,96,2476,108,-46820870186188,132,2736,160,2736
5247,0x55694a34e197,R,0x7ffe9f8af4e0,1,4,5316,32,5312,56,5304,68,5284,96,5280,120,5272,132,5252,160,5248,8,2732,32,2696,60,2480,72,2472,96,2472,124,-46820870186192,136,2732,160,2732
5249,0x55694a34e198,R,0x7ffe9f8af4e8,1,8,5324,32,5320,44,5312,72,5292,96,5288,108,5280,136,5260,160,5256,20,2724,32,2688,56,2472,84,2464,96,2464,120,-46820870186200,148,2724,160,2724
5251,0x55694a34e192,R,0x7ffe9f8af4fc,1,20,5344,32,5340,60,5332,84,5312,96,5308,124,5300,148,5280,160,5276,4,2704,32,2668,44,2452,68,2444,96,2444,108,-46820870186220,132,2704,160,2704
5254,0x55694a34e197,R,0x7ffe9f8af500,1,4,5348,32,5344,56,5336,68,5316,96,5312,120,5304,132,5284,160,5280,8,2700,32,2664,60,2448,72,2440,96,2440,124,-46820870186224,136,2700,160,2700
5256,0x55694a34e198,R,0x7ffe9f8af508,1,8,5356,32,5352,44,5344,72,5324,96,5320,108,5312,136,5292,160,5288,20,2692,32,2656,56,2440,84,2432,96,2432,120,-46820870186232,148,2692,160,2692
5258,0x55694a34e192,R,0x7ffe9f8af51c,1,20,5376,32,5372,60,5364,84,5344,96,5340,124,5332,148,5312,160,5308,4,2672,32,2636,44,2420,68,2412,96,2412,108,-46820870186252,132,2672,160,2672
5261,0x55694a34e197,R,0x7ffe9f8af520,1,4,5380,32,5376,56,5368,68,5348,96,5344,120,5336,132,5316,160,5312,8,2668,32,2632,60,2416,72,2408,96,2408,124,-46820870186256,136,2668,160,2668
5263,0x55694a34e198,R,0x7ffe9f8af528,1,8,5388,32,5384,44,5376,72,5356,96,5352,108,5344,136,5324,160,5320,20,2660,32,2624,56,2408,84,2400,96,2400,120,-46820870186264,148,2660,160,2660
5265,0x55694a34e192,R,0x7ffe9f8af53c,1,20,5408,32,5404,60,5396,84,5376,96,5372,124,5364,148,5344,160,5340,4,2640,32,2604,44,2388,68,2380,96,2380,108,-46820870186284,132,2640,160,2640
5268,0x55694a34e197,R,0x7ffe9f8af540,1,4,5412,32,5408,56,5400,68,5380,96,5376,120,5368,132,5348,160,5344,8,2636,32,2600,60,2384,72,2376,96,2376,124,-46820870186288,136,2636,160,2636
5270,0x55694a34e198,R,0x7ffe9f8af548,1,8,5420,32,5416,44,5408,72,5388,96,5384,108,5376,136,5356,160,5352,20,2628,32,2592,56,2376,84,2368,96,2368,120,-46820870186296,148,2628,160,2628
5272,0x55694a34e192,R,0x7ffe9f8af55c,1,20,5440,32,5436,60,5428,84,5408,96,5404,124,5396,148,5376,160,5372,4,2608,32,2572,44,2356,68,2348,96,2348,108,-46820870186316,132,2608,160,2608
5275,0x55694a34e197,R,0x7ffe9f8af560,1,4,5444,32,5440,56,5432,68,5412,96,5408,120,5400,132,5380,160,5376,8,2604,32,2568,60,2352,72,2344,96,2344,124,-46820870186320,136,2604,160,2604
5277,0x55694a34e198,R,0x7ffe9f8af568,1,8,5452,32,5448,44,5440,72,5420,96,5416,108,5408,136,5388,160,5384,20,2596,32,2560,56,2344,84,2336,96,2336,120,-46820870186328,148,2596,160,2596
5279,0x55694a34e192,R,0x7ffe9f8af57c,1,20,5472,32,5468,60,5460,84,5440,96,5436,124,5428,148,5408,160,5404,4,2576,32,2540,44,2324,68,2316,96,2316,108,-46820870186348,132,2576,160,2576
5282,0x55694a34e197,R,0x7ffe9f8af580,1,4,5476,32,5472,56,5464,68,5444,96,5440,120,5432,132,5412,160,5408,8,2572,32,2536,60,2320,72,2312,96,2312,124,-46820870186352,136,2572,160,2572
5284,0x55694a34e198,R,0x7ffe9f8af588,1,8,5484,32,5480,44,5472,72,5452,96,5448,108,5440,136,5420,160,5416,20,2564,32,2528,56,2312,84,2304,96,2304,120,-46820870186360,148,2564,160,2564
5286,0x55694a34e192,R,0x7ffe9f8af59c,1,20,5504,32,5500,60,5492,84,5472,96,5468,124,5460,148,5440,160,5436,4,2544,32,2508,44,2292,68,2284,96,2284,108,-46820870186380,132,2544,160,2544
5289,0x55694a34e197,R,0x7ffe9f8af5a0,1,4,5508,32,5504,56,5496,68,5476,96,5472,120,5464,132,5444,160,5440,8,2540,32,2504,60,2288,72,2280,96,2280,124,-46820870186384,136,2540,160,2540
5291,0x55694a34e198,R,0x7ffe9f8af5a8,1,8,5516,32,5512,44,5504,72,5484,96,5480,108,5472,136,5452,160,5448,20,2532,32,2496,56,2280,84,2272,96,2272,120,-46820870186392,148,2532,160,2532
5293,0x55694a34e192,R,0x7ffe9f8af5bc,1,20,5536,32,5532,60,5524,84,5504,96,5500,124,5492,148,5472,160,5468,4,2512,32,2476,44,2260,68,2252,96,2252,108,-46820870186412,132,2512,160,2512
5296,0x55694a34e197,R,0x7ffe9f8af5c0,1,4,5540,32,5536,56,5528,68,5508,96,5504,120,5496,132,5476,160,5472,8,2508,32,2472,60,2256,72,2248,96,2248,124,-46820870186416,136,2508,160,2508
5298,0x55694a34e198,R,0x7ffe9f8af5c8,1,8,5548,32,5544,44,5536,72,5516,96,5512,108,5504,136,5484,160,5480,20,2500,32,2464,56,2248,84,2240,96,2240,120,-46820870186424,148,2500,160,2500
5300,0x55694a34e192,R,0x7ffe9f8af5dc,1,20,5568,32,5564,60,5556,84,5536,96,5532,124,5524,148,5504,160,5500,4,2480,32,2444,44,2228,68,2220,96,2220,108,-46820870186444,132,2480,160,2480
5303,0x55694a34e197,R,0x7ffe9f8af5e0,1,4,5572,32,5568,56,5560,68,5540,96,5536,120,5528,132,5508,160,5504,8,2476,32,2440,60,2224,72,2216,96,2216,124,-46820870186448,136,2476,160,2476
5305,0x55694a34e198,R,0x7ffe9f8af5e8,1,8,5580,32,5576,44,5568,72,5548,96,5544,108,5536,136,5516,160,5512,20,2468,32,2432,56,2216,84,2208,96,2208,120,-46820870186456,148,2468,160,2468
5307,0x55694a34e192,R,0x7ffe9f8af5fc,1,20,5600,32,5596,60,5588,84,5568,96,5564,124,5556,148,5536,160,5532,4,2448,32,2412,44,2196,68,2188,96,2188,108,-46820870186476,132,2448,160,2448
5310,0x55694a34e197,R,0x7ffe9f8af600,1,4,5604,32,5600,56,5592,68,5572,96,5568,120,5560,132,5540,160,5536,8,2444,32,2408,60,2192,72,2184,96,2184,124,-46820870186480,136,2444,160,2444
5312,0x55694a34e198,R,0x7ffe9f8af608,1,8,5612,32,5608,44,5600,72,5580,96,5576,108,5568,136,5548,160,5544,20,2436,32,2400,56,2184,84,2176,96,2176,120,-46820870186488,148,2436,160,2436
5314,0x55694a34e192,R,0x7ffe9f8af61c,1,20,5632,32,5628,60,5620,84,5600,96,5596,124,5588,148,5568,160,5564,4,2416,32,2380,44,2164,68,2156,96,2156,108,-46820870186508,132,2416,160,2416
5317,0x55694a34e197,R,0x7ffe9f8af620,1,4,5636,32,5632,56,5624,68,5604,96,5600,120,5592,132,5572,160,5568,8,2412,32,2376,60,2160,72,2152,96,2152,124,-46820870186512,136,2412,160,2412
5319,0x55694a34e198,R,0x7ffe9f8af628,1,8,5644,32,5640,44,5632,72,5612,96,5608,108,5600,136,5580,160,5576,20,2404,32,2368,56,2152,84,2144,96,2144,120,-46820870186520,148,2404,160,2404
5321,0x55694a34e192,R,0x7ffe9f8af63c,1,20,5664,32,5660,60,5652,84,5632,96,5628,124,5620,148,5600,160,5596,4,2384,32,2348,44,2132,68,2124,96,2124,108,-46820870186540,132,2384,160,2384
5324,0x55694a34e197,R,0x7ffe9f8af640,1,4,5668,32,5664,56,5656,68,5636,96,5632,120,5624,132,5604,160,5600,8,2380,32,2344,60,2128,72,2120,96,2120,124,-46820870186544,136,2380,160,2380
5326,0x55694a34e198,R,0x7ffe9f8af648,1,8,5676,32,5672,44,5664,72,5644,96,5640,108,5632,136,5612,160,5608,20,2372,32,2336,56,2120,84,2112,96,2112,120,-46820870186552,148,2372,160,2372
5328,0x55694a34e192,R,0x7ffe9f8af65c,1,20,5696,32,5692,60,5684,84,5664,96,5660,124,5652,148,5632,160,5628,4,2352,32,2316,44,2100,68,2092,96,2092,108,-46820870186572,132,2352,160,2352
5331,0x55694a34e197,R,0x7ffe9f8af660,1,4,5700,32,5696,56,5688,68,5668,96,5664,120,5656,132,5636,160,5632,8,2348,32,2312,60,2096,72,2088,96,2088,124,-46820870186576,136,2348,160,2348
5333,0x55694a34e198,R,0x7ffe9f8af668,1,8,5708,32,5704,44,5696,72,5676,96,5672,108,5664,136,5644,160,5640,20,2340,32,2304,56,2088,84,2080,96,2080,120,-46820870186584,148,2340,160,2340
5335,0x55694a34e192,R,0x7ffe9f8af67c,1,20,5728,32,5724,60,5716,84,5696,96,5692,124,5684,148,5664,160,5660,4,2320,32,2284,44,2068,68,2060,96,2060,108,-46820870186604,132,2320,160,2320
5338,0x55694a34e197,R,0x7ffe9f8af680,1,4,5732,32,5728,56,5720,68,5700,96,5696,120,5688,132,5668,160,5664,8,2316,32,2280,60,2064,72,2056,96,2056,124,-46820870186608,136,2316,160,2316
5340,0x55694a34e198,R,0x7ffe9f8af688,1,8,5740,32,5736,44,5728,72,5708,96,5704,108,5696,136,5676,160,5672,20,2308,32,2272,56,2056,84,2048,96,2048,120,-46820870186616,148,2308,160,2308
5342,0x55694a34e192,R,0x7ffe9f8af69c,1,20,5760,32,5756,60,5748,84,5728,96,5724,124,5716,148,5696,160,5692,4,2288,32,2252,44,2036,68,2028,96,2028,108,-46820870186636,132,2288,160,2288
5345,0x55694a34e197,R,0x7ffe9f8af6a0,1,4,5764,32,5760,56,5752,68,5732,96,5728,120,5720,132,5700,160,5696,8,2284,32,2248,60,2032,72,2024,96,2024,124,-46820870186640,136,2284,160,2284
5347,0x55694a34e198,R,0x7ffe9f8af6a8,1,8,5772,32,5768,44,5760,72,5740,96,5736,108,5728,136,5708,160,5704,20,2276,32,2240,56,2024,84,2016,96,2016,120,-46820870186648,148,2276,160,2276
5349,0x55694a34e192,R,0x7ffe9f8af6bc,1,20,5792,32,5788,60,5780,84,5760,96,5756,124,5748,148,5728,160,5724,4,2256,32,2220,44,2004,68,1996,96,1996,108,-46820870186668,132,2256,160,2256
5352,0x55694a34e197,R,0x7ffe9f8af6c0,1,4,5796,32,5792,56,5784,68,5764,96,5760,120,5752,132,5732,160,5728,8,2252,32,2216,60,2000,72,1992,96,1992,124,-46820870186672,136,2252,160,2252
5354,0x55694a34e198,R,0x7ffe9f8af6c8,1,8,5804,32,5800,44,5792,72,5772,96,5768,108,5760,136,5740,160,5736,20,2244,32,2208,56,1992,84,1984,96,1984,120,-46820870186680,148,2244,160,2244
5356,0x55694a34e192,R,0x7ffe9f8af6dc,1,20,5824,32,5820,60,5812,84,5792,96,5788,124,5780,148,5760,160,5756,4,2224,32,2188,44,1972,68,1964,96,1964,108,-46820870186700,132,2224,160,2224
5359,0x55694a34e197,R,0x7ffe9f8af6e0,1,4,5828,32,5824,56,5816,68,5796,96,5792,120,5784,132,5764,160,5760,8,2220,32,2184,60,1968,72,1960,96,1960,124,-46820870186704,136,2220,160,2220
5361,0x55694a34e198,R,0x7ffe9f8af6e8,1,8,5836,32,5832,44,5824,72,5804,96,5800,108,5792,136,5772,160,5768,20,2212,32,2176,56,1960,84,1952,96,1952,120,-46820870186712,148,2212,160,2212
5363,0x55694a34e192,R,0x7ffe9f8af6fc,1,20,5856,32,5852,60,5844,84,5824,96,5820,124,5812,148,5792,160,5788,4,2192,32,2156,44,1940,68,1932,96,1932,108,-46820870186732,132,2192,160,2192
5366,0x55694a34e197,R,0x7ffe9f8af700,1,4,5860,32,5856,56,5848,68,5828,96,5824,120,5816,132,5796,160,5792,8,2188,32,2152,60,1936,72,1928,96,1928,124,-46820870186736,136,2188,160,2188
5368,0x55694a34e198,R,0x7ffe9f8af708,1,8,5868,32,5864,44,5856,72,5836,96,5832,108,5824,136,5804,160,5800,20,2180,32,2144,56,1928,84,1920,96,1920,120,-46820870186744,148,2180,160,2180
5370,0x55694a34e192,R,0x7ffe9f8af71c,1,20,5888,32,5884,60,5876,84,5856,96,5852,124,5844,148,5824,160,5820,4,2160,32,2124,44,1908,68,1900,96,1900,108,-46820870186764,132,2160,160,2160
5373,0x55694a34e197,R,0x7ffe9f8af720,1,4,5892,32,5888,56,5880,68,5860,96,5856,120,5848,132,5828,160,5824,8,2156,32,2120,60,1904,72,1896,96,1896,124,-46820870186768,136,2156,160,2156
5375,0x55694a34e198,R,0x7ffe9f8af728,1,8,5900,32,5896,44,5888,72,5868,96,5864,108,5856,136,5836,160,5832,20,2148,32,2112,56,1896,84,1888,96,1888,120,-46820870186776,148,2148,160,2148
5377,0x55694a34e192,R,0x7ffe9f8af73c,1,20,5920,32,5916,60,5908,84,5888,96,5884,124,5876,148,5856,160,5852,4,2128,32,2092,44,1876,68,1868,96,1868,108,-46820870186796,132,2128,160,2128
5380,0x55694a34e197,R,0x7ffe9f8af740,1,4,5924,32,5920,56,5912,68,5892,96,5888,120,5880,132,5860,160,5856,8,2124,32,2088,60,1872,72,1864,96,1864,124,-46820870186800,136,2124,160,2124
5382,0x55694a34e198,R,0x7ffe9f8af748,1,8,5932,32,5928,44,5920,72,5900,96,5896,108,5888,136,5868,160,5864,20,2116,32,2080,56,1864,84,1856,96,1856,120,-46820870186808,148,2116,160,2116
5384,0x55694a34e192,R,0x7ffe9f8af75c,1,20,5952,32,5948,60,5940,84,5920,96,5916,124,5908,148,5888,160,5884,4,2096,32,2060,44,1844,68,1836,96,1836,108,-46820870186828,132,2096,160,2096
5387,0x55694a34e197,R,0x7ffe9f8af760,1,4,5956,32,5952,56,5944,68,5924,96,5920,120,5912,132,5892,160,5888,8,2092,32,2056,60,1840,72,1832,96,1832,124,-46820870186832,136,2092,160,2092
5389,0x55694a34e198,R,0x7ffe9f8af768,1,8,5964,32,5960,44,5952,72,5932,96,5928,108,5920,136,5900,160,5896,20,2084,32,2048,56,1832,84,1824,96,1824,120,-46820870186840,148,2084,160,2084
5391,0x55694a34e192,R,0x7ffe9f8af77c,1,20,5984,32,5980,60,5972,84,5952,96,5948,124,5940,148,5920,160,5916,4,2064,32,2028,44,1812,68,1804,96,1804,108,-46820870186860,132,2064,160,2064
5394,0x55694a34e197,R,0x7ffe9f8af780,1,4,5988,32,5984,56,5976,68,5956,96,5952,120,5944,132,5924,160,5920,8,2060,32,2024,60,1808,72,1800,96,1800,124,-46820870186864,136,2060,160,2060
5396,0x55694a34e198,R,0x7ffe9f8af788,1,8,5996,32,5992,44,5984,72,5964,96,5960,108,5952,136,5932,160,5928,20,2052,32,2016,56,1800,84,1792,96,1792,120,-46820870186872,148,2052,160,2052
5398,0x55694a34e192,R,0x7ffe9f8af79c,1,20,6016,32,6012,60,6004,84,5984,96,5980,124,5972,148,5952,160,5948,4,2032,32,1996,44,1780,68,1772,96,1772,108,-46820870186892,132,2032,160,2032
5401,0x55694a34e197,R,0x7ffe9f8af7a0,1,4,6020,32,6016,56,6008,68,5988,96,5984,120,5976,132,5956,160,5952,8,2028,32,1992,60,1776,72,1768,96,1768,124,-46820870186896,136,2028,160,2028
5403,0x55694a34e198,R,0x7ffe9f8af7a8,1,8,6028,32,6024,44,6016,72,5996,96,5992,108,5984,136,5964,160,5960,20,2020,32,1984,56,1768,84,1760,96,1760,120,-46820870186904,148,2020,160,2020
5405,0x55694a34e192,R,0x7ffe9f8af7bc,1,20,6048,32,6044,60,6036,84,6016,96,6012,124,6004,148,5984,160,5980,4,2000,32,1964,44,1748,68,1740,96,1740,108,-46820870186924,132,2000,160,2000
5408,0x55694a34e197,R,0x7ffe9f8af7c0,1,4,6052,32,6048,56,6040,68,6020,96,6016,120,6008,132,5988,160,5984,8,1996,32,1960,60,1744,72,1736,96,1736,124,-46820870186928,136,1996,160,1996
5410,0x55694a34e198,R,0x7ffe9f8af7c8,1,8,6060,32,6056,44,6048,72,6028,96,6024,108,6016,136,5996,160,5992,20,1988,32,1952,56,1736,84,1728,96,1728,120,-46820870186936,148,1988,160,1988
5412,0x55694a34e192,R,0x7ffe9f8af7dc,1,20,6080,32,6076,60,6068,84,6048,96,6044,124,6036,148,6016,160,6012,4,1968,32,1932,44,1716,68,1708,96,1708,108,-46820870186956,132,1968,160,1968
5415,0x55694a34e197,R,0x7ffe9f8af7e0,1,4,6084,32,6080,56,6072,68,6052,96,6048,120,6040,132,6020,160,6016,8,1964,32,1928,60,1712,72,1704,96,1704,124,-46820870186960,136,1964,160,1964
5417,0x55694a34e198,R,0x7ffe9f8af7e8,1,8,6092,32,6088,44,6080,72,6060,96,6056,108,6048,136,6028,160,6024,20,1956,32,1920,56,1704,84,1696,96,1696,120,-46820870186968,148,1956,160,1956
5419,0x55694a34e192,R,0x7ffe9f8af7fc,1,20,6112,32,6108,60,6100,84,6080,96,6076,124,6068,148,6048,160,6044,4,1936,32,1900,44,1684,68,1676,96,1676,108,-46820870186988,132,1936,160,1936
5422,0x55694a34e197,R,0x7ffe9f8af800,1,4,6116,32,6112,56,6104,68,6084,96,6080,120,6072,132,6052,160,6048,8,1932,32,1896,60,1680,72,1672,96,1672,124,-46820870186992,136,1932,160,1932
5424,0x55694a34e198,R,0x7ffe9f8af808,1,8,6124,32,6120,44,6112,72,6092,96,6088,108,6080,136,6060,160,6056,20,1924,32,1888,56,1672,84,1664,96,1664,120,-46820870187000,148,1924,160,1924
5426,0x55694a34e192,R,0x7ffe9f8af81c,1,20,6144,32,6140,60,6132,84,6112,96,6108,124,6100,148,6080,160,6076,4,1904,32,1868,44,1652,68,1644,96,1644,108,-46820870187020,132,1904,160,1904
5429,0x55694a34e197,R,0x7ffe9f8af820,1,4,6148,32,6144,56,6136,68,6116,96,6112,120,6104,132,6084,160,6080,8,1900,32,1864,60,1648,72,1640,96,1640,124,-46820870187024,136,1900,160,1900
5431,0x55694a34e198,R,0x7ffe9f8af828,1,8,6156,32,6152,44,6144,72,6124,96,6120,108,6112,136,6092,160,6088,20,1892,32,1856,56,1640,84,1632,96,1632,120,-46820870187032,148,1892,160,1892
5433,0x55694a34e192,R,0x7ffe9f8af83c,1,20,6176,32,6172,60,6164,84,6144,96,6140,124,6132,148,6112,160,6108,4,1872,32,1836,44,1620,68,1612,96,1612,108,-46820870187052,132,1872,160,1872
5436,0x55694a34e197,R,0x7ffe9f8af840,1,4,6180,32,6176,56,6168,68,6148,96,6144,120,6136,132,6116,160,6112,8,1868,32,1832,60,1616,72,1608,96,1608,124,-46820870187056,136,1868,160,1868
5438,0x55694a34e198,R,0x7ffe9f8af848,1,8,6188,32,6184,44,6176,72,6156,96,6152,108,6144,136,6124,160,6120,20,1860,32,1824,56,1608,84,1600,96,1600,120,-46820870187064,148,1860,160,1860
5440,0x55694a34e192,R,0x7ffe9f8af85c,1,20,6208,32,6204,60,6196,84,6176,96,6172,124,6164,148,6144,160,6140,4,1840,32,1804,44,1588,68,1580,96,1580,108,-46820870187084,132,1840,160,1840
5443,0x55694a34e197,R,0x7ffe9f8af860,1,4,6212,32,6208,56,6200,68,6180,96,6176,120,6168,132,6148,160,6144,8,1836,32,1800,60,1584,72,1576,96,1576,124,-46820870187088,136,1836,160,1836
5445,0x55694a34e198,R,0x7ffe9f8af868,1,8,6220,32,6216,44,6208,72,6188,96,6184,108,6176,136,6156,160,6152,20,1828,32,1792,56,1576,84,1568,96,1568,120,-46820870187096,148,1828,160,1828
5447,0x55694a34e192,R,0x7ffe9f8af87c,1,20,6240,32,6236,60,6228,84,6208,96,6204,124,6196,148,6176,160,6172,4,1808,32,1772,44,1556,68,1548,96,1548,108,-46820870187116,132,1808,160,1808
5450,0x55694a34e197,R,0x7ffe9f8af880,1,4,6244,32,6240,56,6232,68,6212,96,6208,120,6200,132,6180,160,6176,8,1804,32,1768,60,1552,72,1544,96,1544,124,-46820870187120,136,1804,160,1804
5452,0x55694a34e198,R,0x7ffe9f8af888,1,8,6252,32,6248,44,6240,72,6220,96,6216,108,6208,136,6188,160,6184,20,1796,32,1760,56,1544,84,1536,96,1536,120,-46820870187128,148,1796,160,1796
5454,0x55694a34e192,R,0x7ffe9f8af89c,1,20,6272,32,6268,60,6260,84,6240,96,6236,124,6228,148,6208,160,6204,4,1776,32,1740,44,1524,68,1516,96,1516,108,-46820870187148,132,1776,160,1776
5457,0x55694a34e197,R,0x7ffe9f8af8a0,1,4,6276,32,6272,56,6264,68,6244,96,6240,120,6232,132,6212,160,6208,8,1772,32,1736,60,1520,72,1512,96,1512,124,-46820870187152,136,1772,160,1772
5459,0x55694a34e198,R,0x7ffe9f8af8a8,1,8,6284,32,6280,44,6272,72,6252,96,6248,108,6240,136,6220,160,6216,20,1764,32,1728,56,1512,84,1504,96,1504,120,-46820870187160,148,1764,160,1764
5461,0x55694a34e192,R,0x7ffe9f8af8bc,1,20,6304,32,6300,60,6292,84,6272,96,6268,124,6260,148,6240,160,6236,4,1744,32,1708,44,1492,68,1484,96,1484,108,-46820870187180,132,1744,160,1744
5464,0x55694a34e197,R,0x7ffe9f8af8c0,1,4,6308,32,6304,56,6296,68,6276,96,6272,120,6264,132,6244,160,6240,8,1740,32,1704,60,1488,72,1480,96,1480,124,-46820870187184,136,1740,160,1740
5466,0x55694a34e198,R,0x7ffe9f8af8c8,1,8,6316,32,6312,44,6304,72,6284,96,6280,108,6272,136,6252,160,6248,20,1732,32,1696,56,1480,84,1472,96,1472,120,-46820870187192,148,1732,160,1732
5468,0x55694a34e192,R,0x7ffe9f8af8dc,1,20,6336,32,6332,60,6324,84,6304,96,6300,124,6292,148,6272,160,6268,4,1712,32,1676,44,1460,68,1452,96,1452,108,-46820870187212,132,1712,160,1712
5471,0x55694a34e197,R,0x7ffe9f8af8e0,1,4,6340,32,6336,56,6328,68,6308,96,6304,120,6296,132,6276,160,6272,8,1708,32,1672,60,1456,72,1448,96,1448,124,-46820870187216,136,1708,160,1708
5473,0x55694a34e198,R,0x7ffe9f8af8e8,1,8,6348,32,6344,44,6336,72,6316,96,6312,108,6304,136,6284,160,6280,20,1700,32,1664,56,1448,84,1440,96,1440,120,-46820870187224,148,1700,160,1700
5475,0x55694a34e192,R,0x7ffe9f8af8fc,1,20,6368,32,6364,60,6356,84,6336,96,6332,124,6324,148,6304,160,6300,4,1680,32,1644,44,1428,68,1420,96,1420,108,-46820870187244,132,1680,160,1680
5478,0x55694a34e197,R,0x7ffe9f8af900,1,4,6372,32,6368,56,6360,68,6340,96,6336,120,6328,132,6308,160,6304,8,1676,32,1640,60,1424,72,1416,96,1416,124,-46820870187248,136,1676,160,1676
5480,0x55694a34e198,R,0x7ffe9f8af908,1,8,6380,32,6376,44,6368,72,6348,96,6344,108,6336,136,6316,160,6312,20,1668,32,1632,56,1416,84,1408,96,1408,120,-46820870187256,148,1668,160,1668
5482,0x55694a34e192,R,0x7ffe9f8af91c,1,20,6400,32,6396,60,6388,84,6368,96,6364,124,6356,148,6336,160,6332,4,1648,32,1612,44,1396,68,1388,96,1388,108,-46820870187276,132,1648,160,1648
5485,0x55694a34e197,R,0x7ffe9f8af920,1,4,6404,32,6400,56,6392,68,6372,96,6368,120,6360,132,6340,160,6336,8,1644,32,1608,60,1392,72,1384,96,1384,124,-46820870187280,136,1644,160,1644
5487,0x55694a34e198,R,0x7ffe9f8af928,1,8,6412,32,6408,44,6400,72,6380,96,6376,108,6368,136,6348,160,6344,20,1636,32,1600,56,1384,84,1376,96,1376,120,-46820870187288,148,1636,160,1636
5489,0x55694a34e192,R,0x7ffe9f8af93c,1,20,6432,32,6428,60,6420,84,6400,96,6396,124,6388,148,6368,160,6364,4,1616,32,1580,44,1364,68,1356,96,1356,108,-46820870187308,132,1616,160,1616
5492,0x55694a34e197,R,0x7ffe9f8af940,1,4,6436,32,6432,56,6424,68,6404,96,6400,120,6392,132,6372,160,6368,8,1612,32,1576,60,1360,72,1352,96,1352,124,-46820870187312,136,1612,160,1612
5494,0x55694a34e198,R,0x7ffe9f8af948,1,8,6444,32,6440,44,6432,72,6412,96,6408,108,6400,136,6380,160,6376,20,1604,32,1568,56,1352,84,1344,96,1344,120,-46820870187320,148,1604,160,1604
5496,0x55694a34e192,R,0x7ffe9f8af95c,1,20,6464,32,6460,60,6452,84,6432,96,6428,124,6420,148,6400,160,6396,4,1584,32,1548,44,1332,68,1324,96,1324,108,-46820870187340,132,1584,160,1584
5499,0x55694a34e197,R,0x7ffe9f8af960,1,4,6468,32,6464,56,6456,68,6436,96,6432,120,6424,132,6404,160,6400,8,1580,32,1544,60,1328,72,1320,96,1320,124,-46820870187344,136,1580,160,1580
5501,0x55694a34e198,R,0x7ffe9f8af968,1,8,6476,32,6472,44,6464,72,6444,96,6440,108,6432,136,6412,160,6408,20,1572,32,1536,56,1320,84,1312,96,1312,120,-46820870187352,148,1572,160,1572
5503,0x55694a34e192,R,0x7ffe9f8af97c,1,20,6496,32,6492,60,6484,84,6464,96,6460,124,6452,148,6432,160,6428,4,1552,32,1516,44,1300,68,1292,96,1292,108,-46820870187372,132,1552,160,1552
5506,0x55694a34e197,R,0x7ffe9f8af980,1,4,6500,32,6496,56,6488,68,6468,96,6464,120,6456,132,6436,160,6432,8,1548,32,1512,60,1296,72,1288,96,1288,124,-46820870187376,136,1548,160,1548
5508,0x55694a34e198,R,0x7ffe9f8af988,1,8,6508,32,6504,44,6496,72,6476,96,6472,108,6464,136,6444,160,6440,20,1540,32,1504,56,1288,84,1280,96,1280,120,-46820870187384,148,1540,160,1540
5510,0x55694a34e192,R,0x7ffe9f8af99c,1,20,6528,32,6524,60,6516,84,6496,96,6492,124,6484,148,6464,160,6460,4,1520,32,1484,44,1268,68,1260,96,1260,108,-46820870187404,132,1520,160,1520
5513,0x55694a34e197,R,0x7ffe9f8af9a0,1,4,6532,32,6528,56,6520,68,6500,96,6496,120,6488,132,6468,160,6464,8,1516,32,1480,60,1264,72,1256,96,1256,124,-46820870187408,136,1516,160,1516
5515,0x55694a34e198,R,0x7ffe9f8af9a8,1,8,6540,32,6536,44,6528,72,6508,96,6504,108,6496,136,6476,160,6472,20,1508,32,1472,56,1256,84,1248,96,1248,120,-46820870187416,148,1508,160,1508
5517,0x55694a34e192,R,0x7ffe9f8af9bc,1,20,6560,32,6556,60,6548,84,6528,96,6524,124,6516,148,6496,160,6492,4,1488,32,1452,44,1236,68,1228,96,1228,108,-46820870187436,132,1488,160,1488
5520,0x55694a34e197,R,0x7ffe9f8af9c0,1,4,6564,32,6560,56,6552,68,6532,96,6528,120,6520,132,6500,160,6496,8,1484,32,1448,60,1232,72,1224,96,1224,124,-46820870187440,136,1484,160,1484
5522,0x55694a34e198,R,0x7ffe9f8af9c8,1,8,6572,32,6568,44,6560,72,6540,96,6536,108,6528,136,6508,160,6504,20,1476,32,1440,56,1224,84,1216,96,1216,120,-46820870187448,148,1476,160,1476
5524,0x55694a34e192,R,0x7ffe9f8af9dc,1,20,6592,32,6588,60,6580,84,6560,96,6556,124,6548,148,6528,160,6524,4,1456,32,1420,44,1204,68,1196,96,1196,108,-46820870187468,132,1456,160,1456
5527,0x55694a34e197,R,0x7ffe9f8af9e0,1,4,6596,32,6592,56,6584,68,6564,96,6560,120,6552,132,6532,160,6528,8,1452,32,1416,60,1200,72,1192,96,1192,124,-46820870187472,136,1452,160,1452
5529,0x55694a34e198,R,0x7ffe9f8af9e8,1,8,6604,32,6600,44,6592,72,6572,96,6568,108,6560,136,6540,160,6536,20,1444,32,1408,56,1192,84,1184,96,1184,120,-46820870187480,148,1444,160,1444
5531,0x55694a34e192,R,0x7ffe9f8af9fc,1,20,6624,32,6620,60,6612,84,6592,96,6588,124,6580,148,6560,160,6556,4,1424,32,1388,44,1172,68,1164,96,1164,108,-46820870187500,132,1424,160,1424
5534,0x55694a34e197,R,0x7ffe9f8afa00,1,4,6628,32,6624,56,6616,68,6596,96,6592,120,6584,132,6564,160,6560,8,1420,32,1384,60,1168,72,1160,96,1160,124,-46820870187504,136,1420,160,1420
5536,0x55694a34e198,R,0x7ffe9f8afa08,1,8,6636,32,6632,44,6624,72,6604,96,6600,108,6592,136,6572,160,6568,20,1412,32,1376,56,1160,84,1152,96,1152,120,-46820870187512,148,1412,160,1412
5538,0x55694a34e192,R,0x7ffe9f8afa1c,1,20,6656,32,6652,60,6644,84,6624,96,6620,124,6612,148,6592,160,6588,4,1392,32,1356,44,1140,68,1132,96,1132,108,-46820870187532,132,1392,160,1392
5541,0x55694a34e197,R,0x7ffe9f8afa20,1,4,6660,32,6656,56,6648,68,6628,96,6624,120,6616,132,6596,160,6592,8,1388,32,1352,60,1136,72,1128,96,1128,124,-46820870187536,136,1388,160,1388
5543,0x55694a34e198,R,0x7ffe9f8afa28,1,8,6668,32,6664,44,6656,72,6636,96,6632,108,6624,136,6604,160,6600,20,1380,32,1344,56,1128,84,1120,96,1120,120,-46820870187544,148,1380,160,1380
5545,0x55694a34e192,R,0x7ffe9f8afa3c,1,20,6688,32,6684,60,6676,84,6656,96,6652,124,6644,148,6624,160,6620,4,1360,32,1324,44,1108,68,1100,96,1100,108,-46820870187564,132,1360,160,1360
5548,0x55694a34e197,R,0x7ffe9f8afa40,1,4,6692,32,6688,56,6680,68,6660,96,6656,120,6648,132,6628,160,6624,8,1356,32,1320,60,1104,72,1096,96,1096,124,-46820870187568,136,1356,160,1356
5550,0x55694a34e198,R,0x7ffe9f8afa48,1,8,6700,32,6696,44,6688,72,6668,96,6664,108,6656,136,6636,160,6632,20,1348,32,1312,56,1096,84,1088,96,1088,120,-46820870187576,148,1348,160,1348
5552,0x55694a34e192,R,0x7ffe9f8afa5c,1,20,6720,32,6716,60,6708,84,6688,96,6684,124,6676,148,6656,160,6652,4,1328,32,1292,44,1076,68,1068,96,1068,108,-46820870187596,132,1328,160,1328
5555,0x55694a34e197,R,0x7ffe9f8afa60,1,4,6724,32,6720,56,6712,68,6692,96,6688,120,6680,132,6660,160,6656,8,1324,32,1288,60,1072,72,1064,96,1064,124,-46820870187600,136,1324,160,1324
5557,0x55694a34e198,R,0x7ffe9f8afa68,1,8,6732,32,6728,44,6720,72,6700,96,6696,108,6688,136,6668,160,6664,20,1316,32,1280,56,1064,84,1056,96,1056,120,-46820870187608,148,1316,160,1316
5559,0x55694a34e192,R,0x7ffe9f8afa7c,1,20,6752,32,6748,60,6740,84,6720,96,6716,124,6708,148,6688,160,6684,4,1296,32,1260,44,1044,68,1036,96,1036,108,-46820870187628,132,1296,160,1296
5562,0x55694a34e197,R,0x7ffe9f8afa80,1,4,6756,32,6752,56,6744,68,6724,96,6720,120,6712,132,6692,160,6688,8,1292,32,1256,60,1040,72,1032,96,1032,124,-46820870187632,136,1292,160,1292
5564,0x55694a34e198,R,0x7ffe9f8afa88,1,8,6764,32,6760,44,6752,72,6732,96,6728,108,6720,136,6700,160,6696,20,1284,32,1248,56,1032,84,1024,96,1024,120,-46820870187640,148,1284,160,1284
5566,0x55694a34e192,R,0x7ffe9f8afa9c,1,20,6784,32,6780,60,6772,84,6752,96,6748,124,6740,148,6720,160,6716,4,1264,32,1228,44,1012,68,1004,96,1004,108,-46820870187660,132,1264,160,1264
5569,0x55694a34e197,R,0x7ffe9f8afaa0,1,4,6788,32,6784,56,6776,68,6756,96,6752,120,6744,132,6724,160,6720,8,1260,32,1224,60,1008,72,1000,96,1000,124,-46820870187664,136,1260,160,1260
5571,0x55694a34e198,R,0x7ffe9f8afaa8,1,8,6796,32,6792,44,6784,72,6764,96,6760,108,6752,136,6732,160,6728,20,1252,32,1216,56,1000,84,992,96,992,120,-46820870187672,148,1252,160,1252
5573,0x55694a34e192,R,0x7ffe9f8afabc,1,20,6816,32,6812,60,6804,84,6784,96,6780,124,6772,148,6752,160,6748,4,1232,32,1196,44,980,68,972,96,972,108,-46820870187692,132,1232,160,1232
5576,0x55694a34e197,R,0x7ffe9f8afac0,1,4,6820,32,6816,56,6808,68,6788,96,6784,120,6776,132,6756,160,6752,8,1228,32,1192,60,976,72,968,96,968,124,-46820870187696,136,1228,160,1228
5578,0x55694a34e198,R,0x7ffe9f8afac8,1,8,6828,32,6824,44,6816,72,6796,96,6792,108,6784,136,6764,160,6760,20,1220,32,1184,56,968,84,960,96,960,120,-46820870187704,148,1220,160,1220
5580,0x55694a34e192,R,0x7ffe9f8afadc,1,20,6848,32,6844,60,6836,84,6816,96,6812,124,6804,148,6784,160,6780,4,1200,32,1164,44,948,68,940,96,940,108,-46820870187724,132,1200,160,1200
5583,0x55694a34e197,R,0x7ffe9f8afae0,1,4,6852,32,6848,56,6840,68,6820,96,6816,120,6808,132,6788,160,6784,8,1196,32,1160,60,944,72,936,96,936,124,-46820870187728,136,1196,160,1196
5585,0x55694a34e198,R,0x7ffe9f8afae8,1,8,6860,32,6856,44,6848,72,6828,96,6824,108,6816,136,6796,160,6792,20,1188,32,1152,56,936,84,928,96,928,120,-46820870187736,148,1188,160,1188
5587,0x55694a34e192,R,0x7ffe9f8afafc,1,20,6880,32,6876,60,6868,84,6848,96,6844,124,6836,148,6816,160,6812,4,1168,32,1132,44,916,68,908,96,908,108,-46820870187756,132,1168,160,1168
5590,0x55694a34e197,R,0x7ffe9f8afb00,1,4,6884,32,6880,56,6872,68,6852,96,6848,120,6840,132,6820,160,6816,8,1164,32,1128,60,912,72,904,96,904,124,-46820870187760,136,1164,160,1164
5592,0x55694a34e198,R,0x7ffe9f8afb08,1,8,6892,32,6888,44,6880,72,6860,96,6856,108,6848,136,6828,160,6824,20,1156,32,1120,56,904,84,896,96,896,120,-46820870187768,148,1156,160,1156
5594,0x55694a34e192,R,0x7ffe9f8afb1c,1,20,6912,32,6908,60,6900,84,6880,96,6876,124,6868,148,6848,160,6844,4,1136,32,1100,44,884,68,876,96,876,108,-46820870187788,132,1136,160,1136
5597,0x55694a34e197,R,0x7ffe9f8afb20,1,4,6916,32,6912,56,6904,68,6884,96,6880,120,6872,132,6852,160,6848,8,1132,32,1096,60,880,72,872,96,872,124,-46820870187792,136,1132,160,1132
5599,0x55694a34e198,R,0x7ffe9f8afb28,1,8,6924,32,6920,44,6912,72,6892,96,6888,108,6880,136,6860,160,6856,20,1124,32,1088,56,872,84,864,96,864,120,-46820870187800,148,1124,160,1124
5601,0x55694a34e192,R,0x7ffe9f8afb3c,1,20,6944,32,6940,60,6932,84,6912,96,6908,124,6900,148,6880,160,6876,4,1104,32,1068,44,852,68,844,96,844,108,-46820870187820,132,1104,160,1104
5604,0x55694a34e197,R,0x7ffe9f8afb40,1,4,6948,32,6944,56,6936,68,6916,96,6912,120,6904,132,6884,160,6880,8,1100,32,1064,60,848,72,840,96,840,124,-46820870187824,136,1100,160,1100
5606,0x55694a34e198,R,0x7ffe9f8afb48,1,8,6956,32,6952,44,6944,72,6924,96,6920,108,6912,136,6892,160,6888,20,1092,32,1056,56,840,84,832,96,832,120,-46820870187832,148,1092,160,1092
5608,0x55694a34e192,R,0x7ffe9f8afb5c,1,20,6976,32,6972,60,6964,84,6944,96,6940,124,6932,148,6912,160,6908,4,1072,32,1036,44,820,68,812,96,812,108,-46820870187852,132,1072,160,1072
5611,0x55694a34e197,R,0x7ffe9f8afb60,1,4,6980,32,6976,56,6968,68,6948,96,6944,120,6936,132,6916,160,6912,8,1068,32,1032,60,816,72,808,96,808,124,-46820870187856,136,1068,160,1068
5613,0x55694a34e198,R,0x7ffe9f8afb68,1,8,6988,32,6984,44,6976,72,6956,96,6952,108,6944,136,6924,160,6920,20,1060,32,1024,56,808,84,800,96,800,120,-46820870187864,148,1060,160,1060
5615,0x55694a34e192,R,0x7ffe9f8afb7c,1,20,7008,32,7004,60,6996,84,6976,96,6972,124,6964,148,6944,160,6940,4,1040,32,1004,44,788,68,780,96,780,108,-46820870187884,132,1040,160,1040
5618,0x55694a34e197,R,0x7ffe9f8afb80,1,4,7012,32,7008,56,7000,68,6980,96,6976,120,6968,132,6948,160,6944,8,1036,32,1000,60,784,72,776,96,776,124,-46820870187888,136,1036,160,1036
5620,0x55694a34e198,R,0x7ffe9f8afb88,1,8,7020,32,7016,44,7008,72,6988,96,6984,108,6976,136,6956,160,6952,20,1028,32,992,56,776,84,768,96,768,120,-46820870187896,148,1028,160,1028
5622,0x55694a34e192,R,0x7ffe9f8afb9c,1,20,7040,32,7036,60,7028,84,7008,96,7004,124,6996,148,6976,160,6972,4,1008,32,972,44,756,68,748,96,748,108,-46820870187916,132,1008,160,1008
5625,0x55694a34e197,R,0x7ffe9f8afba0,1,4,7044,32,7040,56,7032,68,7012,96,7008,120,7000,132,6980,160,6976,8,1004,32,968,60,752,72,744,96,744,124,-46820870187920,136,1004,160,1004
5627,0x55694a34e198,R,0x7ffe9f8afba8,1,8,7052,32,7048,44,7040,72,7020,96,7016,108,7008,136,6988,160,6984,20,996,32,960,56,744,84,736,96,736,120,-46820870187928,148,996,160,996
5629,0x55694a34e192,R,0x7ffe9f8afbbc,1,20,7072,32,7068,60,7060,84,7040,96,7036,124,7028,148,7008,160,7004,4,976,32,940,44,724,68,716,96,716,108,-46820870187948,132,976,160,976
5632,0x55694a34e197,R,0x7ffe9f8afbc0,1,4,7076,32,7072,56,7064,68,7044,96,7040,120,7032,132,7012,160,7008,8,972,32,936,60,720,72,712,96,712,124,-46820870187952,136,972,160,972
5634,0x55694a34e198,R,0x7ffe9f8afbc8,1,8,7084,32,7080,44,7072,72,7052,96,7048,108,7040,136,7020,160,7016,20,964,32,928,56,712,84,704,96,704,120,-46820870187960,148,964,160,964
5636,0x55694a34e192,R,0x7ffe9f8afbdc,1,20,7104,32,7100,60,7092,84,7072,96,7068,124,7060,148,7040,160,7036,4,944,32,908,44,692,68,684,96,684,108,-46820870187980,132,944,160,944
5639,0x55694a34e197,R,0x7ffe9f8afbe0,1,4,7108,32,7104,56,7096,68,7076,96,7072,120,7064,132,7044,160,7040,8,940,32,904,60,688,72,680,96,680,124,-46820870187984,136,940,160,940
5641,0x55694a34e198,R,0x7ffe9f8afbe8,1,8,7116,32,7112,44,7104,72,7084,96,7080,108,7072,136,7052,160,7048,20,932,32,896,56,680,84,672,96,672,120,-46820870187992,148,932,160,932
5643,0x55694a34e192,R,0x7ffe9f8afbfc,1,20,7136,32,7132,60,7124,84,7104,96,7100,124,7092,148,7072,160,7068,4,912,32,876,44,660,68,652,96,652,108,-46820870188012,132,912,160,912
5646,0x55694a34e197,R,0x7ffe9f8afc00,1,4,7140,32,7136,56,7128,68,7108,96,7104,120,7096,132,7076,160,7072,8,908,32,872,60,656,72,648,96,648,124,-46820870188016,136,908,160,908
5648,0x55694a34e198,R,0x7ffe9f8afc08,1,8,7148,32,7144,44,7136,72,7116,96,7112,108,7104,136,7084,160,7080,20,900,32,864,56,648,84,640,96,640,120,-46820870188024,148,900,160,900
5650,0x55694a34e192,R,0x7ffe9f8afc1c,1,20,7168,32,7164,60,7156,84,7136,96,7132,124,7124,148,7104,160,7100,4,880,32,844,44,628,68,620,96,620,108,-46820870188044,132,880,160,880
5653,0x55694a34e197,R,0x7ffe9f8afc20,1,4,7172,32,7168,56,7160,68,7140,96,7136,120,7128,132,7108,160,7104,8,876,32,840,60,624,72,616,96,616,124,-46820870188048,136,876,160,876
5655,0x55694a34e198,R,0x7ffe9f8afc28,1,8,7180,32,7176,44,7168,72,7148,96,7144,108,7136,136,7116,160,7112,20,868,32,832,56,616,84,608,96,608,120,-46820870188056,148,868,160,868
5657,0x55694a34e192,R,0x7ffe9f8afc3c,1,20,7200,32,7196,60,7188,84,7168,96,7164,124,7156,148,7136,160,7132,4,848,32,812,44,596,68,588,96,588,108,-46820870188076,132,848,160,848
5660,0x55694a34e197,R,0x7ffe9f8afc40,1,4,7204,32,7200,56,7192,68,7172,96,7168,120,7160,132,7140,160,7136,8,844,32,808,60,592,72,584,96,584,124,-46820870188080,136,844,160,844
5662,0x55694a34e198,R,0x7ffe9f8afc48,1,8,7212,32,7208,44,7200,72,7180,96,7176,108,7168,136,7148,160,7144,20,836,32,800,56,584,84,576,96,576,120,-46820870188088,148,836,160,836
5664,0x55694a34e192,R,0x7ffe9f8afc5c,1,20,7232,32,7228,60,7220,84,7200,96,7196,124,7188,148,7168,160,7164,4,816,32,780,44,564,68,556,96,556,108,-46820870188108,132,816,160,816
5667,0x55694a34e197,R,0x7ffe9f8afc60,1,4,7236,32,7232,56,7224,68,7204,96,7200,120,7192,132,7172,160,7168,8,812,32,776,60,560,72,552,96,552,124,-46820870188112,136,812,160,812
5669,0x55694a34e198,R,0x7ffe9f8afc68,1,8,7244,32,7240,44,7232,72,7212,96,7208,108,7200,136,7180,160,7176,20,804,32,768,56,552,84,544,96,544,120,-46820870188120,148,804,160,804
5671,0x55694a34e192,R,0x7ffe9f8afc7c,1,20,7264,32,7260,60,7252,84,7232,96,7228,124,7220,148,7200,160,7196,4,784,32,748,44,532,68,524,96,524,108,-46820870188140,132,784,160,784
5674,0x55694a34e197,R,0x7ffe9f8afc80,1,4,7268,32,7264,56,7256,68,7236,96,7232,120,7224,132,7204,160,7200,8,780,32,744,60,528,72,520,96,520,124,-46820870188144,136,780,160,780
5676,0x55694a34e198,R,0x7ffe9f8afc88,1,8,7276,32,7272,44,7264,72,7244,96,7240,108,7232,136,7212,160,7208,20,772,32,736,56,520,84,512,96,512,120,-46820870188152,148,772,160,772
5678,0x55694a34e192,R,0x7ffe9f8afc9c,1,20,7296,32,7292,60,7284,84,7264,96,7260,124,7252,148,7232,160,7228,4,752,32,716,44,500,68,492,96,492,108,-46820870188172,132,752,160,752
5681,0x55694a34e197,R,0x7ffe9f8afca0,1,4,7300,32,7296,56,7288,68,7268,96,7264,120,7256,132,7236,160,7232,8,748,32,712,60,496,72,488,96,488,124,-46820870188176,136,748,160,748
5683,0x55694a34e198,R,0x7ffe9f8afca8,1,8,7308,32,7304,44,7296,72,7276,96,7272,108,7264,136,7244,160,7240,20,740,32,704,56,488,84,480,96,480,120,-46820870188184,148,740,160,740
5685,0x55694a34e192,R,0x7ffe9f8afcbc,1,20,7328,32,7324,60,7316,84,7296,96,7292,124,7284,148,7264,160,7260,4,720,32,684,44,468,68,460,96,460,108,-46820870188204,132,720,160,720
5688,0x55694a34e197,R,0x7ffe9f8afcc0,1,4,7332,32,7328,56,7320,68,7300,96,7296,120,7288,132,7268,160,7264,8,716,32,680,60,464,72,456,96,456,124,-46820870188208,136,716,160,716
5690,0x55694a34e198,R,0x7ffe9f8afcc8,1,8,7340,32,7336,44,7328,72,7308,96,7304,108,7296,136,7276,160,7272,20,708,32,672,56,456,84,448,96,448,120,-46820870188216,148,708,160,708
5692,0x55694a34e192,R,0x7ffe9f8afcdc,1,20,7360,32,7356,60,7348,84,7328,96,7324,124,7316,148,7296,160,7292,4,688,32,652,44,436,68,428,96,428,108,-46820870188236,132,688,160,688
5695,0x55694a34e197,R,0x7ffe9f8afce0,1,4,7364,32,7360,56,7352,68,7332,96,7328,120,7320,132,7300,160,7296,8,684,32,648,60,432,72,424,96,424,124,-46820870188240,136,684,160,684
5697,0x55694a34e198,R,0x7ffe9f8afce8,1,8,7372,32,7368,44,7360,72,7340,96,7336,108,7328,136,7308,160,7304,20,676,32,640,56,424,84,416,96,416,120,-46820870188248,148,676,160,676
5699,0x55694a34e192,R,0x7ffe9f8afcfc,1,20,7392,32,7388,60,7380,84,7360,96,7356,124,7348,148,7328,160,7324,4,656,32,620,44,404,68,396,96,396,108,-46820870188268,132,656,160,656
5702,0x55694a34e197,R,0x7ffe9f8afd00,1,4,7396,32,7392,56,7384,68,7364,96,7360,120,7352,132,7332,160,7328,8,652,32,616,60,400,72,392,96,392,124,-46820870188272,136,652,160,652
5704,0x55694a34e198,R,0x7ffe9f8afd08,1,8,7404,32,7400,44,7392,72,7372,96,7368,108,7360,136,7340,160,7336,20,644,32,608,56,392,84,384,96,384,120,-46820870188280,148,644,160,644
5706,0x55694a34e192,R,0x7ffe9f8afd1c,1,20,7424,32,7420,60,7412,84,7392,96,7388,124,7380,148,7360,160,7356,4,624,32,588,44,372,68,364,96,364,108,-46820870188300,132,624,160,624
5709,0x55694a34e197,R,0x7ffe9f8afd20,1,4,7428,32,7424,56,7416,68,7396,96,7392,120,7384,132,7364,160,7360,8,620,32,584,60,368,72,360,96,360,124,-46820870188304,136,620,160,620
5711,0x55694a34e198,R,0x7ffe9f8afd28,1,8,7436,32,7432,44,7424,72,7404,96,7400,108,7392,136,7372,160,7368,20,612,32,576,56,360,84,352,96,352,120,-46820870188312,148,612,160,612
5713,0x55694a34e192,R,0x7ffe9f8afd3c,1,20,7456,32,7452,60,7444,84,7424,96,7420,124,7412,148,7392,160,7388,4,592,32,556,44,340,68,332,96,332,108,-46820870188332,132,592,160,592
5716,0x55694a34e197,R,0x7ffe9f8afd40,1,4,7460,32,7456,56,7448,68,7428,96,7424,120,7416,132,7396,160,7392,8,588,32,552,60,336,72,328,96,328,124,-46820870188336,136,588,160,588
5718,0x55694a34e198,R,0x7ffe9f8afd48,1,8,7468,32,7464,44,7456,72,7436,96,7432,108,7424,136,7404,160,7400,20,580,32,544,56,328,84,320,96,320,120,-46820870188344,148,580,160,580
5720,0x55694a34e192,R,0x7ffe9f8afd5c,1,20,7488,32,7484,60,7476,84,7456,96,7452,124,7444,148,7424,160,7420,4,560,32,524,44,308,68,300,96,300,108,-46820870188364,132,560,160,560
5723,0x55694a34e197,R,0x7ffe9f8afd60,1,4,7492,32,7488,56,7480,68,7460,96,7456,120,7448,132,7428,160,7424,8,556,32,520,60,304,72,296,96,296,124,-46820870188368,136,556,160,556
5725,0x55694a34e198,R,0x7ffe9f8afd68,1,8,7500,32,7496,44,7488,72,7468,96,7464,108,7456,136,7436,160,7432,20,548,32,512,56,296,84,288,96,288,120,-46820870188376,148,548,160,548
5727,0x55694a34e192,R,0x7ffe9f8afd7c,1,20,7520,32,7516,60,7508,84,7488,96,7484,124,7476,148,7456,160,7452,4,528,32,492,44,276,68,268,96,268,108,-46820870188396,132,528,160,528
5730,0x55694a34e197,R,0x7ffe9f8afd80,1,4,7524,32,7520,56,7512,68,7492,96,7488,120,7480,132,7460,160,7456,8,524,32,488,60,272,72,264,96,264,124,-46820870188400,136,524,160,524
5732,0x55694a34e198,R,0x7ffe9f8afd88,1,8,7532,32,7528,44,7520,72,7500,96,7496,108,7488,136,7468,160,7464,20,516,32,480,56,264,84,256,96,256,120,-46820870188408,148,516,160,516
5734,0x55694a34e192,R,0x7ffe9f8afd9c,1,20,7552,32,7548,60,7540,84,7520,96,7516,124,7508,148,7488,160,7484,4,496,32,460,44,244,68,236,96,236,108,-46820870188428,132,496,160,496
5737,0x55694a34e197,R,0x7ffe9f8afda0,1,4,7556,32,7552,56,7544,68,7524,96,7520,120,7512,132,7492,160,7488,8,492,32,456,60,240,72,232,96,232,124,-46820870188432,136,492,160,492
5739,0x55694a34e198,R,0x7ffe9f8afda8,1,8,7564,32,7560,44,7552,72,7532,96,7528,108,7520,136,7500,160,7496,20,484,32,448,56,232,84,224,96,224,120,-46820870188440,148,484,160,484
5741,0x55694a34e192,R,0x7ffe9f8afdbc,1,20,7584,32,7580,60,7572,84,7552,96,7548,124,7540,148,7520,160,7516,4,464,32,428,44,212,68,204,96,204,108,-46820870188460,132,464,160,464
5744,0x55694a34e197,R,0x7ffe9f8afdc0,1,4,7588,32,7584,56,7576,68,7556,96,7552,120,7544,132,7524,160,7520,8,460,32,424,60,208,72,200,96,200,124,-46820870188464,136,460,160,460
5746,0x55694a34e198,R,0x7ffe9f8afdc8,1,8,7596,32,7592,44,7584,72,7564,96,7560,108,7552,136,7532,160,7528,20,452,32,416,56,200,84,192,96,192,120,-46820870188472,148,452,160,452
5748,0x55694a34e192,R,0x7ffe9f8afddc,1,20,7616,32,7612,60,7604,84,7584,96,7580,124,7572,148,7552,160,7548,4,432,32,396,44,180,68,172,96,172,108,-46820870188492,132,432,160,432
5751,0x55694a34e197,R,0x7ffe9f8afde0,1,4,7620,32,7616,56,7608,68,7588,96,7584,120,7576,132,7556,160,7552,8,428,32,392,60,176,72,168,96,168,124,-46820870188496,136,428,160,428
5753,0x55694a34e198,R,0x7ffe9f8afde8,1,8,7628,32,7624,44,7616,72,7596,96,7592,108,7584,136,7564,160,7560,20,420,32,384,56,168,84,160,96,160,120,-46820870188504,148,420,160,420
5755,0x55694a34e192,R,0x7ffe9f8afdfc,1,20,7648,32,7644,60,7636,84,7616,96,7612,124,7604,148,7584,160,7580,4,400,32,364,44,148,68,140,96,140,108,-46820870188524,132,400,160,400
5758,0x55694a34e197,R,0x7ffe9f8afe00,1,4,7652,32,7648,56,7640,68,7620,96,7616,120,7608,132,7588,160,7584,8,396,32,360,60,144,72,136,96,136,124,-46820870188528,136,396,160,396
5760,0x55694a34e198,R,0x7ffe9f8afe08,1,8,7660,32,7656,44,7648,72,7628,96,7624,108,7616,136,7596,160,7592,20,388,32,352,56,136,84,128,96,128,120,-46820870188536,148,388,160,388
5762,0x55694a34e192,R,0x7ffe9f8afe1c,1,20,7680,32,7676,60,7668,84,7648,96,7644,124,7636,148,7616,160,7612,4,368,32,332,44,116,68,108,96,108,108,-46820870188556,132,368,160,368
5765,0x55694a34e197,R,0x7ffe9f8afe20,1,4,7684,32,7680,56,7672,68,7652,96,7648,120,7640,132,7620,160,7616,8,364,32,328,60,112,72,104,96,104,124,-46820870188560,136,364,160,364
5767,0x55694a34e198,R,0x7ffe9f8afe28,1,8,7692,32,7688,44,7680,72,7660,96,7656,108,7648,136,7628,160,7624,20,356,32,320,56,104,84,96,96,96,120,-46820870188568,148,356,160,356
5769,0x55694a34e192,R,0x7ffe9f8afe3c,1,20,7712,32,7708,60,7700,84,7680,96,7676,124,7668,148,7648,160,7644,4,336,32,300,44,84,68,76,96,76,108,-46820870188588,132,336,160,336
5772,0x55694a34e197,R,0x7ffe9f8afe40,1,4,7716,32,7712,56,7704,68,7684,96,7680,120,7672,132,7652,160,7648,8,332,32,296,60,80,72,72,96,72,124,-46820870188592,136,332,160,332
5774,0x55694a34e198,R,0x7ffe9f8afe48,1,8,7724,32,7720,44,7712,72,7692,96,7688,108,7680,136,7660,160,7656,20,324,32,288,56,72,84,64,96,64,120,-46820870188600,148,324,160,324
5776,0x55694a34e192,R,0x7ffe9f8afe5c,1,20,7744,32,7740,60,7732,84,7712,96,7708,124,7700,148,7680,160,7676,4,304,32,268,44,52,68,44,96,44,108,-46820870188620,132,304,160,304
5779,0x55694a34e197,R,0x7ffe9f8afe60,1,4,7748,32,7744,56,7736,68,7716,96,7712,120,7704,132,7684,160,7680,8,300,32,264,60,48,72,40,96,40,124,-46820870188624,136,300,160,300
5781,0x55694a34e198,R,0x7ffe9f8afe68,1,8,7756,32,7752,44,7744,72,7724,96,7720,108,7712,136,7692,160,7688,20,292,32,256,56,40,84,32,96,32,120,-46820870188632,148,292,160,292
5783,0x55694a34e192,R,0x7ffe9f8afe7c,1,20,7776,32,7772,60,7764,84,7744,96,7740,124,7732,148,7712,160,7708,4,272,32,236,44,20,68,12,96,12,108,-46820870188652,132,272,160,272
5786,0x55694a34e197,R,0x7ffe9f8afe80,1,4,7780,32,7776,56,7768,68,7748,96,7744,120,7736,132,7716,160,7712,8,268,32,232,60,16,72,8,96,8,124,-46820870188656,136,268,160,268
5788,0x55694a34e198,R,0x7ffe9f8afe88,1,8,7788,32,7784,44,7776,72,7756,96,7752,108,7744,136,7724,160,7720,20,260,32,224,56,8,84,0,96,0,120,-46820870188664,148,260,160,260
5790,0x55694a34e192,R,0x7ffe9f8afe9c,1,20,7808,32,7804,60,7796,84,7776,96,7772,124,7764,148,7744,160,7740,4,240,32,204,44,-12,68,-20,96,-20,108,-46820870188684,132,240,160,240
5793,0x55694a34e197,R,0x7ffe9f8afea0,1,4,7812,32,7808,56,7800,68,7780,96,7776,120,7768,132,7748,160,7744,8,236,32,200,60,-16,72,-24,96,-24,124,-46820870188688,136,236,160,236
5795,0x55694a34e198,R,0x7ffe9f8afea8,1,8,7820,32,7816,44,7808,72,7788,96,7784,108,7776,136,7756,160,7752,20,228,32,192,56,-24,84,-32,96,-32,120,-46820870188696,148,228,160,228
5797,0x55694a34e192,R,0x7ffe9f8afebc,1,20,7840,32,7836,60,7828,84,7808,96,7804,124,7796,148,7776,160,7772,4,208,32,172,44,-44,68,-52,96,-52,108,-46820870188716,132,208,160,208
5800,0x55694a34e197,R,0x7ffe9f8afec0,1,4,7844,32,7840,56,7832,68,7812,96,7808,120,7800,132,7780,160,7776,8,204,32,168,60,-48,72,-56,96,-56,124,-46820870188720,136,204,160,204
5802,0x55694a34e198,R,0x7ffe9f8afec8,1,8,7852,32,7848,44,7840,72,7820,96,7816,108,7808,136,7788,160,7784,20,196,32,160,56,-56,84,-64,96,-64,120,-46820870188728,148,196,160,196
5804,0x55694a34e192,R,0x7ffe9f8afedc,1,20,7872,32,7868,60,7860,84,7840,96,7836,124,7828,148,7808,160,7804,4,176,32,140,44,-76,68,-84,96,-84,108,-46820870188748,132,176,176,176
5807,0x55694a34e197,R,0x7ffe9f8afee0,1,4,7876,32,7872,56,7864,68,7844,96,7840,120,7832,132,7812,160,7808,8,172,32,136,60,-80,72,-88,96,-88,124,-46820870188752,136,172,-46820870188824,172
5809,0x55694a34e198,R,0x7ffe9f8afee8,1,8,7884,32,7880,44,7872,72,7852,96,7848,108,7840,136,7820,160,7816,20,164,32,128,56,-88,84,-96,96,-96,120,-46820870188760,164,164,168,164
5811,0x55694a34e192,R,0x7ffe9f8afefc,1,20,7904,32,7900,60,7892,84,7872,96,7868,124,7860,148,7840,160,7836,4,144,32,108,44,-108,68,-116,96,-116,108,-46820870188780,-46820870188852,144,156,144
5814,0x55694a34e197,R,0x7ffe9f8aff00,1,4,7908,32,7904,56,7896,68,7876,96,7872,120,7864,132,7844,160,7840,8,140,32,104,60,-112,72,-120,96,-120,140,-46820870188784,144,140,-46820870188784,140
5816,0x55694a34e198,R,0x7ffe9f8aff08,1,8,7916,32,7912,44,7904,72,7884,96,7880,108,7872,136,7852,160,7848,20,132,32,96,56,-120,84,-128,96,-128,-46820870188864,-46820870188792,144,132,-46820870188816,132
5818,0x55694a34e192,R,0x7ffe9f8aff1c,1,20,7936,32,7932,60,7924,84,7904,96,7900,124,7892,148,7872,160,7868,4,112,32,76,44,-140,68,-148,112,-148,116,-46820870188812,-46820870188812,112,-46820870188820,112
5821,0x55694a34e197,R,0x7ffe9f8aff20,1,4,7940,32,7936,56,7928,68,7908,96,7904,120,7896,132,7876,160,7872,8,108,32,72,60,-144,72,-152,-46820870188888,-152,120,-46820870188816,-46820870188840,108,-46820870188840,108
5823,0x55694a34e198,R,0x7ffe9f8aff28,1,8,7948,32,7944,44,7936,72,7916,96,7912,108,7904,136,7884,160,7880,20,100,32,64,56,-152,100,-160,104,-160,-46820870188824,-46820870188824,-46820870188832,100,-46820870188848,64
5825,0x55694a34e192,R,0x7ffe9f8aff3c,1,20,7968,32,7964,60,7956,84,7936,96,7932,124,7924,148,7904,160,7900,4,80,32,44,44,-172,-46820870188916,-180,92,-180,-46820870188868,-46820870188844,-46820870188852,44,-180,44
5828,0x55694a34e197,R,0x7ffe9f8aff40,1,4,7972,32,7968,56,7960,68,7940,96,7936,120,7928,132,7908,160,7904,8,76,32,40,76,-176,80,-184,-46820870188848,-184,-46820870188872,40,-46820870188872,40,-184,-176
5830,0x55694a34e198,R,0x7ffe9f8aff48,1,8,7980,32,7976,44,7968,72,7948,96,7944,108,7936,136,7916,160,7912,20,68,32,32,-46820870188928,-184,80,-192,-46820870188856,-46820870188856,-46820870188864,32,-46820870188880,-184,-184,-184
5832,0x55694a34e192,R,0x7ffe9f8aff5c,1,20,8000,32,7996,60,7988,84,7968,96,7964,124,7956,148,7936,160,7932,4,48,48,12,52,-204,60,-212,-46820870188900,-46820870188876,-46820870188884,-204,-212,-204,-196,-204
5835,0x55694a34e197,R,0x7ffe9f8aff60,1,4,8004,32,8000,56,7992,68,7972,96,7968,120,7960,132,7940,160,7936,8,44,-46820870188952,8,48,-216,-46820870188880,-216,-46820870188904,-208,-46820870188904,-208,-208,-208,-200,-208
5837,0x55694a34e198,R,0x7ffe9f8aff68,1,8,8012,32,8008,44,8000,72,7980,96,7976,108,7968,136,7948,160,7944,36,36,-46820870188960,-216,48,-224,-46820870188888,-46820870188888,-46820870188896,-216,-224,-216,-208,-216,-46820870188912,-216
5839,0x55694a34e1d9,W,0x7ffe9f8aff8c,1,36,8048,48,8044,76,8036,100,8016,112,8012,140,8004,164,7984,176,7980,0,-36,4,-252,12,-260,-46820870188948,-46820870188924,-46820870188948,-252,-252,-252,-244,-252,-46820870188948,-260
5841,0x55694a34e1dc,R,0x7ffe9f8aff8c,1,36,0,44,8044,68,8036,80,8016,108,8012,132,8004,144,7984,172,7980,-46820870188996,-36,4,-260,-46820870188924,-260,-46820870188932,-46820870188924,-260,-252,-244,-252,-244,-260,-46820870188932,-260
5847,0x55694a34e1f0,W,0x7ffe9f8aff68,1,-36,-36,8,8012,12,8000,40,7980,64,7976,76,7968,104,7948,128,7944,-46820870188960,-216,48,-224,-46820870188912,-224,-46820870188912,-46820870188888,-216,-216,-208,-224,-46820870188896,-224,-46820870188912,-224
5850,0x55694a34e064,R,0x55694a350fc8,1,-46820870188996,-46820870188960,-46820870188960,-46820870180948,-46820870188948,-46820870180952,-46820870188928,-46820870180980,-46820870188916,-46820870180984,-46820870188888,-46820870180992,-46820870188864,-46820870181012,-46820870188852,-46820870181016,46820870189000,46820870188744,72,46820870188736,64,46820870188736,46820870188736,72,46820870188744,46820870188736,46820870188752,46820870188736,48,46820870188736,48,46820870188736
5853,0x55694a34e1fa,R,0x7ffe9f8aff90,1,46820870189000,40,40,4,48,8048,72,8040,80,8016,104,8008,116,7988,144,7984,8,-256,-46820870188952,-264,-46820870188952,-264,-264,-264,-248,-264,-46820870188952,-264,-46820870188952,-264,-264,-264
5855,0x55694a34e1fb,R,0x7ffe9f8aff98,1,8,48,12,12,56,8060,60,8048,88,8028,92,8016,120,7996,144,7992,-46820870188936,-264,-46820870188944,-272,-46820870188960,-46820870188936,-264,-272,-256,-272,-46820870188960,-272,-272,-272,-272,-46820870188936
5858,0x55694a34e124,R,0x55694a351010,1,-46820870188936,-46820870188888,72,-46820870188924,-46820870188888,-46820870180876,-46820870188876,-46820870180880,-46820870188856,-46820870180908,-46820870188844,-46820870180912,-46820870188824,-46820870180940,-46820870188812,-46820870180944,-24,46820870188672,-8,46820870188664,46820870188664,0,46820870188680,46820870188664,46820870188680,46820870188664,46820870188664,46820870188664,46820870188664,0,46820870188672,0
5861,0x55694a34e12d,W,0x7ffe9f8afe90,1,46820870188672,-216,-256,-252,-252,7796,-208,7792,-184,7784,-176,7760,-152,7752,-144,7728,-46820870188696,-8,-46820870188696,-8,0,-46820870188672,8,-8,-8,-8,-8,-46820870188672,0,-46820870188672,0,
5863,0x55694a34e12e,R,0x55694a350ff8,1,-24,-46820870188696,-46820870188960,-46820870188948,48,-46820870180900,-46820870188912,-46820870180904,-46820870188900,-46820870180912,-46820870188872,-46820870180932,-46820870188868,-46820870180944,-46820870188840,-46820870180964,16,46820870188688,46820870188688,46820870188688,46820870188696,46820870188688,46820870188704,46820870188688,46820870188688,24,46820870188696,24,46820870188696,,46820870188704,
5867,0x55694a34e13b,R,0x55694a351008,1,16,-46820870188680,-46820870188944,-46820870188896,-46820870188936,-46820870180884,-46820870188932,-46820870180888,-46820870188888,-46820870180896,-46820870188864,-46820870180916,-46820870188852,-46820870180920,-46820870188832,-46820870180948,-16,46820870188672,46820870188672,8,46820870188688,46820870188672,46820870188688,8,46820870188680,8,46820870188680,,46820870188688,,46820870188688,
5869,0x55694a34e142,W,0x7ffe9f8afe88,1,46820870188672,-8,46820870188664,-224,-264,-260,46820870188736,7784,-224,7776,-212,7756,-184,7752,-160,7744,-46820870188688,0,8,-46820870188664,16,-46820870188664,8,-46820870188664,8,,16,,16,,,
5872,0x55694a34e054,R,0x55694a350ff8,1,-16,-46820870188688,0,-46820870188912,-46820870188960,-46820870188948,48,-46820870180900,-46820870188948,-46820870180912,-46820870188904,-46820870180932,-46820870188880,-46820870180936,-46820870188868,-46820870180944,46820870188688,46820870188688,46820870188696,24,46820870188704,24,46820870188696,,46820870188704,,46820870188704,,,,,
5874,0x55694a34e147,W,0x7ffe9f8afe88,1,46820870188688,0,46820870188688,-8,46820870188664,-260,-264,7788,-260,7784,-224,7756,-212,7752,-184,7744,0,-46820870188664,16,-46820870188664,16,,16,,16,,,,,,,
5880,0x55694a34e0d8,R,0x7ffe9f8afe88,1,46820870188688,0,46820870188672,-8,46820870188664,-224,-272,7788,46820870188736,7784,-224,7776,-216,7752,-192,7744,8,-46820870188664,16,,16,,16,,,,,,,,,
5882,0x55694a34e14c,W,0x55694a351010,1,-46820870188664,-46820870188664,8,-46820870188664,24,-46820870188888,-46820870188936,-46820870188924,-46820870188928,-46820870180880,-46820870188924,-46820870180888,-46820870188880,-46820870180908,-46820870188876,-46820870180920,46820870188672,,46820870188680,,46820870188680,,,,,,,,,,,
5884,0x55694a34e153,R,0x7ffe9f8afe90,1,8,46820870188672,46820870188696,8,46820870188696,0,46820870188672,-252,-256,7796,46820870188744,7784,-216,7764,-204,7760,8,,8,,,,,,,,,,,,,
5886,0x55694a34e154,R,0x7ffe9f8afe98,1,8,46820870188680,46820870188704,16,46820870188688,8,46820870188680,-208,-256,7804,46820870188752,7800,-244,7772,-200,7768,0,,,,,,,,,,,,,,,
5891,0x55694a34e208,R,0x7ffe9f8afe98,1,0,46820870188680,16,16,46820870188688,16,46820870188704,-208,-256,-244,-248,7800,-244,7792,-208,7768,,,,,,,,,,,,,,,,
