Timestamp,PC,Type,Address,pattern_type,Delta_with_1_last_read,Delta_with_1_last_write,Delta_with_2_last_read,Delta_with_2_last_write,Delta_with_3_last_read,Delta_with_3_last_write,Delta_with_4_last_read,Delta_with_4_last_write,Delta_with_5_last_read,Delta_with_5_last_write,Delta_with_6_last_read,Delta_with_6_last_write,Delta_with_7_last_read,Delta_with_7_last_write,Delta_with_8_last_read,Delta_with_8_last_write,Delta_with_1_next_read,Delta_with_1_next_write,Delta_with_2_next_read,Delta_with_2_next_write,Delta_with_3_next_read,Delta_with_3_next_write,Delta_with_4_next_read,Delta_with_4_next_write,Delta_with_5_next_read,Delta_with_5_next_write,Delta_with_6_next_read,Delta_with_6_next_write,Delta_with_7_next_read,Delta_with_7_next_write,Delta_with_8_next_read,Delta_with_8_next_write
5,0x55f1e2963089,R,0x7ffdd749fbc0,1,,,,,,,,,,,,,,,,,-46230838418408,-8,-46230838418392,-24,-104,-280,-982080218200,-288,-372,-304,16,-312,-384,-372,-46230838418416,-384
9,0x55f1e2963091,W,0x7ffdd749fbb8,1,-8,,,,,,,,,,,,,,,,-46230838418400,-8,-46230838418384,-264,-96,-272,-982080218192,-288,-376,-296,-46230838418408,-304,32,-364,-46230838418408,-320
11,0x55f1e2963092,W,0x7ffdd749fbb0,1,-16,-8,-16,,,,,,,,,,,,,,-46230838418392,-8,-88,-256,-88,-272,-356,-280,32,-288,-368,-296,40,-368,-46230838418400,-340
16,0x55f1e296309f,R,0x55f1e2965fd8,1,-46230838418408,-46230838418392,-46230838418408,-46230838418400,-46230838418408,,,,,,,,,,,,16,46230838418384,46230838418304,46230838418128,45248758200208,46230838418120,46230838418024,46230838418112,-8,46230838418104,46230838418024,46230838418036,46230838418432,46230838418080,-8,46230838418056
17,0x55f1e296309f,W,0x7ffdd749fba8,1,46230838418384,-8,-24,-16,-24,-16,-24,,,,,,,,,,-46230838418368,-248,-80,-256,-348,-264,40,-272,-46230838418392,-288,-360,-360,48,-332,-46230838418392,-368
21,0x55f1e2963008,R,0x55f1e2965fe8,1,16,-46230838418368,-46230838418392,-46230838418384,-46230838418392,-46230838418376,-46230838418392,-46230838418384,-46230838418392,,,,,,,,46230838418288,46230838418120,45248758200192,46230838418112,46230838418008,46230838418104,46230838418408,46230838418088,-24,46230838418020,46230838418008,46230838418064,46230838418416,46230838418040,-24,46230838418036
26,0x55f1e296301a,R,0x7ffdd749fb58,1,46230838418288,-80,-104,-88,46230838418304,-88,-104,-88,-104,-96,-104,,,,,,0,-168,-268,-176,-280,-192,120,-208,-46230838418312,-280,-280,-252,128,-288,-46230838418312,-288
39,0x55f1e2963118,R,0x7ffdd749fb58,1,0,-80,46230838418304,-88,46230838418304,-96,46230838418304,-88,-104,-88,-104,-96,-104,,,,-982080218096,-168,-268,-184,-280,-200,120,-268,-46230838418312,-224,-280,-248,128,-252,-46230838418312,-248
42,0x55f1e296316d,W,0x7ffdd749fab0,1,-168,-248,46230838418120,-256,-272,-264,46230838418136,-248,46230838418136,-256,-272,-256,-272,-264,-272,,-982080217928,-8,-100,-24,-112,-40,288,-112,-46230838418144,-84,-112,-120,296,-120,-46230838418144,-72
45,0x55f1e2963171,W,0x7ffdd749faa8,1,-176,-8,-176,-264,46230838418128,-272,46230838418112,-256,46230838418128,-256,46230838418128,-264,-280,-264,-280,-272,-982080217920,-8,-92,-24,-104,-92,296,-48,-46230838418136,-72,-104,-76,304,-72,-76,-64
47,0x55f1e2963173,W,0x7ffdd749faa0,1,-184,-8,-184,-264,46230838418104,-280,-288,-264,46230838418104,-264,46230838418120,-264,46230838418120,-272,-288,-272,-982080217912,-8,-84,-24,-96,-96,304,-68,-46230838418128,-104,-96,-104,-46230838418128,-64,-68,-104
49,0x55f1e2963175,W,0x7ffdd749fa98,1,-192,-8,-192,-24,46230838418096,-280,46230838418112,-272,-192,-272,46230838418096,-272,46230838418112,-272,46230838418112,-280,-982080217904,-8,-76,-76,-88,-32,312,-56,-46230838418120,-60,320,-96,-46230838418120,-48,-60,-40
51,0x55f1e2963177,W,0x7ffdd749fa90,1,-200,-8,-200,-24,46230838418088,-280,46230838418104,-296,-304,-280,-200,-280,46230838418088,-280,46230838418104,-280,-982080217896,-8,-68,-80,-80,-52,320,-88,-80,-52,328,-48,-46230838418112,-88,-52,-44
53,0x55f1e2963179,W,0x7ffdd749fa88,1,-208,-8,-208,-24,46230838418080,-40,46230838418096,-296,-312,-40,-208,-288,-208,-288,46230838418080,-288,-982080217888,-60,-60,-16,-72,-40,-46230838418104,-80,-72,-80,336,-32,-46230838418104,-24,-80,-36
56,0x55f1e296317e,W,0x7ffdd749fa4c,1,-268,-60,-268,-76,46230838418020,-92,46230838418036,-348,-372,-364,-268,-100,-268,-348,-268,-348,-982080217828,-12,0,16,388,20,-46230838418044,16,-12,20,396,-20,16,36,24,24
58,0x55f1e2963181,W,0x7ffdd749fa40,1,-280,-12,-280,-80,46230838418008,-96,46230838418024,-112,-384,-368,-280,-104,-280,-112,-280,-360,-982080217816,56,0,28,400,-8,-46230838418032,-8,0,40,-46230838418032,-8,-8,48,28,36
60,0x55f1e2963185,R,0x7f192ebf1768,1,-982080218096,-982080217816,-982080218096,-982080217888,45248758200192,-982080217904,45248758200208,-982080217920,-982080218200,-982080218176,-982080218096,-982080218192,-982080218096,-982080217920,-982080218096,-982080217928,982080217828,982080217872,982080217816,982080217848,982080218216,982080217844,-45248758200216,982080217848,982080218224,982080217856,982080217844,982080217808,982080217852,982080217864,982080217844,982080217416
62,0x55f1e296318e,W,0x7ffdd749fa78,1,982080217872,56,-224,44,46230838418064,-24,46230838418080,-40,-328,-56,-224,-312,-224,-40,-224,-48,-44,-28,-56,-64,344,-64,-56,-24,-46230838418088,-16,-64,-64,-20,-20,-20,-456
67,0x55f1e296319a,W,0x7ffdd749fa5c,1,982080217844,-28,-252,16,46230838418036,-44,46230838418052,-60,-356,-76,-252,-332,-252,-348,-252,-68,-16,4,-28,0,-46230838418060,-36,380,4,0,12,-36,20,0,8,8,8
69,0x55f1e29631a1,W,0x7ffdd749fa60,1,982080217848,4,-248,32,-248,-40,46230838418056,-48,-352,-64,-248,-80,-248,-336,-248,-56,-20,-40,368,-4,-32,-40,-46230838418064,0,-4,-40,4,16,-4,-432,0,4
71,0x55f1e29631a8,R,0x7ffdd749fa4c,1,982080217828,-20,-268,-44,-268,0,46230838418020,-68,-372,-76,-268,-92,-268,-348,-268,-364,-12,-20,-46230838418044,16,396,-20,-46230838418044,28,-20,-20,24,24,24,-412,36,24
74,0x55f1e29631ae,R,0x7ffdd749fa40,1,-12,-32,-280,-28,-280,0,46230838418008,-72,46230838418024,-88,-280,-96,-280,-112,-280,-368,400,-8,0,28,408,32,28,40,-8,48,28,36,32,-400,48,-396
77,0x55f1e29631b6,R,0x7ffdd749fbd0,1,400,368,982080218216,372,120,344,46230838418408,388,46230838418424,320,16,304,120,296,120,40,-46230838418432,-408,-400,-408,-46230838418432,-368,-372,-408,-364,-352,-364,-364,-368,-364,-800,-796
80,0x55f1e29631bc,W,0x7ffdd749fa38,1,-408,-40,-20,-36,-288,-64,46230838418000,-8,46230838418016,-80,-392,-96,982080217808,-112,-288,-120,-46230838418024,36,416,0,-46230838418024,48,0,0,36,56,44,-392,56,44,-392,44
83,0x55f1e2963074,R,0x55f1e2965fd0,1,-46230838418432,-46230838418024,-46230838418032,-46230838418060,-45248758200216,-46230838418088,-46230838418312,-46230838418032,-8,-46230838418044,-46230838418416,-46230838418112,-45248758200216,-46230838418128,-45248758200216,-46230838418144,46230838418032,46230838418060,46230838418440,46230838418064,46230838418060,46230838418072,46230838418068,46230838418024,46230838418060,46230838418068,46230838418064,46230838417632,46230838418080,46230838417636,46230838418080,46230838418068
85,0x55f1e29631c1,W,0x7ffdd749fa5c,1,46230838418060,36,28,-4,16,-28,-252,28,46230838418036,16,-356,-44,982080217844,-60,982080217844,-76,-28,-36,-46230838418060,4,-36,12,8,20,8,8,4,8,-428,-424,20,-420
87,0x55f1e29631c4,R,0x7ffdd749fa40,1,46230838418032,-28,-400,-32,-12,-28,982080217816,0,-280,-12,46230838418024,-72,982080217816,-80,982080217816,-96,408,-8,28,32,-8,-8,28,48,36,-400,48,36,-400,36,36,-392
90,0x55f1e29631cc,R,0x7ffdd749fbd8,1,408,380,8,416,408,380,982080218224,352,128,396,46230838418416,336,24,328,982080218224,320,-46230838418440,-416,-380,-368,-372,-416,-380,-372,-376,-808,-360,-804,-360,-372,-372,-372
93,0x55f1e29631d2,W,0x7ffdd749fa38,1,-416,-36,46230838418024,0,-8,-40,-20,-64,-288,-8,-288,-80,46230838418016,-88,-20,-96,-46230838418024,40,0,48,44,56,44,44,40,44,-392,-388,56,-384,44,-380
96,0x55f1e2963074,R,0x55f1e2965fd0,1,-46230838418440,-46230838418024,-46230838418032,-46230838418024,-46230838418432,-46230838418064,-46230838418044,-46230838418060,-45248758200216,-46230838418032,-46230838418312,-46230838418044,-24,-46230838418112,-46230838418416,-46230838418120,46230838418060,46230838418064,46230838418024,46230838418024,46230838418060,46230838418080,46230838418068,46230838417632,46230838418080,46230838418068,46230838417632,46230838418068,46230838418080,46230838418068,46230838418068,46230838418068
98,0x55f1e29631d7,W,0x7ffdd749fa60,1,46230838418064,40,32,4,46230838418064,0,32,4,982080217848,-24,-248,20,46230838418040,-40,46230838418056,-56,-4,8,4,-40,-4,4,0,-432,16,-428,-432,-424,16,-420,4,4
100,0x55f1e29631da,R,0x7ffdd749fa5c,1,46230838418060,-4,-380,0,46230838418060,36,-372,0,16,-28,-252,28,-252,-44,46230838418052,-52,-36,12,8,20,8,8,4,8,20,8,-428,8,8,-416,0,8
104,0x55f1e29631e4,W,0x7ffdd749fa68,1,12,8,-368,48,40,48,-360,8,40,-16,982080217856,40,-240,28,46230838418048,-40,-48,-48,-12,8,-4,-440,-8,-436,8,-432,8,-4,-4,-428,-4,-4
137,0x55f1e2963274,R,0x7ffdd749fa38,1,-36,-48,46230838418024,0,-8,-36,46230838418024,-40,-8,-36,-20,-8,-288,-20,46230838418000,-80,44,0,36,44,44,44,40,44,-392,-384,44,44,36,-380,40,44
138,0x55f1e2963274,W,0x7ffdd749fa38,1,0,-48,46230838418024,-40,-416,-36,46230838418024,0,-408,-36,-20,-64,982080217808,-20,-288,-80,44,56,36,-392,44,-388,56,44,56,-384,44,44,44,-380,56,44
144,0x55f1e2963287,W,0x7ffdd749fa70,1,56,56,20,16,-360,56,48,56,-352,16,48,-8,982080217864,48,-232,-24,-12,-12,-20,-12,-16,-444,-448,-12,-12,-440,-20,-12,-16,-436,-444,-12
146,0x55f1e296328b,W,0x7ffdd749fa64,1,44,-12,8,-4,46230838418068,44,36,8,46230838418068,4,36,8,24,36,-244,24,0,-436,0,0,12,-432,12,0,0,-428,0,0,12,-424,12,0
149,0x55f1e29632b8,R,0x7ffdd749fa64,1,44,0,8,44,46230838418068,4,-372,8,46230838418068,44,-364,8,24,-20,982080217852,24,-8,-436,-4,0,-436,-432,0,0,-8,-428,-4,0,-432,-424,12,-420
151,0x55f1e29632bb,R,0x7ffdd749fa5c,1,-8,-8,0,-20,46230838418060,-12,-380,36,28,36,-372,-4,28,-28,982080217844,28,8,-428,20,8,20,-424,8,8,8,-420,20,8,-424,8,8,-412
154,0x55f1e2963294,R,0x7ffdd749fa64,1,8,0,44,-12,46230838418068,44,-372,4,36,8,46230838418068,4,36,8,24,36,-4,-436,-436,0,0,-432,-8,0,-4,-428,12,-424,12,0,0,0
157,0x55f1e2963298,R,0x7ffdd749fa60,1,-4,-4,-4,-16,4,40,-376,-8,32,40,46230838418064,40,-368,4,20,-24,16,-432,16,4,4,-428,4,4,0,4,-428,-420,16,-416,4,4
160,0x55f1e296329d,R,0x7ffdd749fa70,1,16,12,20,0,56,56,46230838418080,8,48,16,46230838418080,20,-352,16,48,-8,-448,-448,-12,-12,-20,-444,-12,-440,0,-12,-444,-12,-12,-432,-20,-12
163,0x55f1e29632a4,R,0x7ffdd749f8b0,1,-448,-436,-436,-448,-436,-392,-428,-440,-808,-432,46230838417632,-392,-800,-392,-400,-428,448,0,436,436,428,436,432,8,448,12,448,436,436,16,436,436
166,0x55f1e29632aa,R,0x7ffdd749fa70,1,448,12,16,0,20,56,56,8,46230838418080,16,48,56,-352,20,48,16,-12,-448,-12,-444,-12,-12,-16,-12,-444,-436,-12,-12,-20,-432,-16,-12
169,0x55f1e29632b1,W,0x7ffdd749f8b0,1,-448,-436,-448,-448,-436,-392,-436,-440,-428,-432,-808,-392,46230838417632,-428,-400,-392,436,436,428,4,436,8,448,436,448,12,436,436,436,16,448,436
171,0x55f1e29632b4,R,0x7ffdd749fa64,1,-12,436,436,-12,4,44,8,-4,44,4,46230838418068,44,36,8,-364,44,0,0,-8,0,-4,-428,-432,0,0,-424,-8,0,-4,-420,-428,0
172,0x55f1e29632b4,W,0x7ffdd749fa64,1,0,436,436,0,-12,44,0,-4,0,4,8,44,-372,8,46230838418068,44,0,-432,0,0,12,-428,12,0,0,-424,0,0,12,-420,12,0
174,0x55f1e29632b8,R,0x7ffdd749fa64,1,0,0,-12,0,-12,-12,4,-4,8,4,44,44,46230838418068,8,36,44,-8,-432,-4,0,-432,-428,0,0,-8,-424,-4,0,-428,-420,12,-416
176,0x55f1e29632bb,R,0x7ffdd749fa5c,1,-8,-8,-20,428,428,-20,-4,36,-8,-4,-8,36,0,0,-380,36,8,-424,20,8,20,-420,8,8,8,-416,20,8,-420,8,8,-408
179,0x55f1e2963294,R,0x7ffdd749fa64,1,8,0,0,436,436,0,-12,44,0,-4,8,44,44,8,46230838418068,44,-4,-432,-432,0,0,-428,-8,0,-4,-424,12,-420,12,0,0,0
182,0x55f1e2963298,R,0x7ffdd749fa60,1,-4,-4,-4,432,-16,-4,-16,-16,0,-8,4,0,-4,4,4,40,16,-428,16,4,4,-424,4,4,0,4,-424,-416,16,-412,4,4
185,0x55f1e296329d,R,0x7ffdd749fa70,1,16,12,20,448,12,12,448,0,16,56,12,16,12,56,56,56,-444,-444,-12,-12,-20,-440,-12,-436,0,-12,-440,-12,-12,-428,-20,-12
188,0x55f1e29632a4,R,0x7ffdd749f8b4,1,-444,-432,-432,4,-432,-432,-444,-444,-444,-388,-432,-436,-424,-388,-388,-424,444,0,432,432,424,432,428,8,444,12,444,432,432,16,432,432
191,0x55f1e29632aa,R,0x7ffdd749fa70,1,444,12,16,448,20,12,12,0,448,56,16,8,20,16,12,20,-12,-444,-12,-440,-12,-12,-16,-12,-440,-432,-12,-12,-20,-428,-16,-12
194,0x55f1e29632b1,W,0x7ffdd749f8b4,1,-444,-432,-444,4,-432,-432,-432,-444,-444,-388,-444,-436,-432,-428,-432,-388,432,432,424,4,432,8,444,432,444,12,432,432,432,16,444,432
196,0x55f1e29632b4,R,0x7ffdd749fa64,1,-12,432,432,436,4,0,8,-12,0,44,436,-4,4,4,8,44,0,0,-8,0,-4,-424,-428,0,0,-420,-8,0,-4,-416,-424,0
197,0x55f1e29632b4,W,0x7ffdd749fa64,1,0,432,432,0,-12,0,0,-12,0,44,-12,-4,-12,4,0,44,0,-428,0,0,12,-424,12,0,0,-420,0,0,12,-416,12,0
199,0x55f1e29632b8,R,0x7ffdd749fa64,1,0,0,-12,0,-12,436,4,-12,8,44,0,-4,436,4,4,44,-8,-428,-4,0,-428,-424,0,0,-8,-420,-4,0,-424,-416,12,-412
201,0x55f1e29632bb,R,0x7ffdd749fa5c,1,-8,-8,-20,424,424,428,-4,-8,-8,36,-8,-12,-20,-4,-20,36,8,-420,20,8,20,-416,8,8,8,-412,20,8,-416,8,8,-404
204,0x55f1e2963294,R,0x7ffdd749fa64,1,8,0,0,432,432,0,-12,0,0,-12,8,-4,0,4,436,44,-4,-428,-428,0,0,-424,-8,0,-4,-420,12,-416,12,0,0,0
207,0x55f1e2963298,R,0x7ffdd749fa60,1,-4,-4,-4,428,-16,-4,-16,432,0,-16,4,40,-4,0,-16,40,16,-424,16,4,4,-420,4,4,0,4,-420,-412,16,-408,4,4
210,0x55f1e296329d,R,0x7ffdd749fa70,1,16,12,20,444,12,12,444,448,16,12,12,56,12,8,12,56,-440,-440,-12,-12,-20,-436,-12,-432,0,-12,-436,-12,-12,-424,-20,-12
213,0x55f1e29632a4,R,0x7ffdd749f8b8,1,-440,-428,-428,4,-428,-428,-440,8,-440,-428,-428,-440,-420,-432,-428,-424,440,0,428,428,420,428,424,8,440,12,440,428,428,16,428,428
216,0x55f1e29632aa,R,0x7ffdd749fa70,1,440,12,16,444,20,12,12,448,444,12,16,0,20,56,12,16,-12,-440,-12,-436,-12,-12,-16,-12,-436,-428,-12,-12,-20,-424,-16,-12
219,0x55f1e29632b1,W,0x7ffdd749f8b8,1,-440,-428,-440,4,-428,-428,-428,8,-440,-428,-440,-440,-428,-384,-428,-432,428,428,420,4,428,8,440,428,440,12,428,428,428,16,440,428
221,0x55f1e29632b4,R,0x7ffdd749fa64,1,-12,428,428,432,4,0,8,436,0,0,432,-12,4,44,8,-4,0,0,-8,0,-4,-420,-424,0,0,-416,-8,0,-4,-412,-420,0
222,0x55f1e29632b4,W,0x7ffdd749fa64,1,0,428,428,0,-12,0,0,436,0,0,-12,-12,-12,44,0,-4,0,-424,0,0,12,-420,12,0,0,-416,0,0,12,-412,12,0
224,0x55f1e29632b8,R,0x7ffdd749fa64,1,0,0,-12,0,-12,432,4,436,8,0,0,-12,432,44,4,-4,-8,-424,-4,0,-424,-420,0,0,-8,-416,-4,0,-420,-412,12,-408
226,0x55f1e29632bb,R,0x7ffdd749fa5c,1,-8,-8,-20,420,420,424,-4,-8,-8,-8,-8,-20,-20,36,-20,-12,8,-416,20,8,20,-412,8,8,8,-408,20,8,-412,8,8,-400
229,0x55f1e2963294,R,0x7ffdd749fa64,1,8,0,0,428,428,0,-12,0,0,436,8,-12,0,44,432,-4,-4,-424,-424,0,0,-420,-8,0,-4,-416,12,-412,12,0,0,0
232,0x55f1e2963298,R,0x7ffdd749fa60,1,-4,-4,-4,424,-16,-4,-16,428,0,432,4,-4,-4,40,-16,-8,16,-420,16,4,4,-416,4,4,0,4,-416,-408,16,-404,4,4
235,0x55f1e296329d,R,0x7ffdd749fa70,1,16,12,20,440,12,12,440,444,16,12,12,12,12,0,12,8,-436,-436,-12,-12,-20,-432,-12,-428,0,-12,-432,-12,-12,-420,-20,-12
238,0x55f1e29632a4,R,0x7ffdd749f8bc,1,-436,-424,-424,4,-424,-424,-436,8,-436,-424,-424,12,-416,-436,-424,-380,436,0,424,424,416,424,420,8,436,12,436,424,424,16,424,424
241,0x55f1e29632aa,R,0x7ffdd749fa70,1,436,12,16,440,20,12,12,444,440,12,16,448,20,12,12,56,-12,-436,-12,-432,-12,-12,-16,-12,-432,-424,-12,-12,-20,-420,-16,-12
244,0x55f1e29632b1,W,0x7ffdd749f8bc,1,-436,-424,-436,4,-424,-424,-424,8,-436,-424,-436,12,-424,-424,-424,-436,424,424,416,4,424,8,436,424,436,12,424,424,424,16,436,424
246,0x55f1e29632b4,R,0x7ffdd749fa64,1,-12,424,424,428,4,0,8,432,0,0,428,436,4,0,8,-12,0,0,-8,0,-4,-416,-420,0,0,-412,-8,0,-4,-408,-416,0
247,0x55f1e29632b4,W,0x7ffdd749fa64,1,0,424,424,0,-12,0,0,432,0,0,-12,436,-12,0,0,-12,0,-420,0,0,12,-416,12,0,0,-412,0,0,12,-408,12,0
249,0x55f1e29632b8,R,0x7ffdd749fa64,1,0,0,-12,0,-12,428,4,432,8,0,0,436,428,0,4,-12,-8,-420,-4,0,-420,-416,0,0,-8,-412,-4,0,-416,-408,12,-404
251,0x55f1e29632bb,R,0x7ffdd749fa5c,1,-8,-8,-20,416,416,420,-4,-8,-8,-8,-8,428,-20,-8,-20,-20,8,-412,20,8,20,-408,8,8,8,-404,20,8,-408,8,8,-396
254,0x55f1e2963294,R,0x7ffdd749fa64,1,8,0,0,424,424,0,-12,0,0,432,8,436,0,0,428,-12,-4,-420,-420,0,0,-416,-8,0,-4,-412,12,-408,12,0,0,0
257,0x55f1e2963298,R,0x7ffdd749fa60,1,-4,-4,-4,420,-16,-4,-16,424,0,428,4,-4,-4,-4,-16,-16,16,-416,16,4,4,-412,4,4,0,4,-412,-404,16,-400,4,4
260,0x55f1e296329d,R,0x7ffdd749fa70,1,16,12,20,436,12,12,436,440,16,12,12,12,12,448,12,0,-432,-432,-12,-12,-20,-428,-12,-424,0,-12,-428,-12,-12,-416,-20,-12
263,0x55f1e29632a4,R,0x7ffdd749f8c0,1,-432,-420,-420,4,-420,-420,-432,8,-432,-420,-420,12,-412,16,-420,-420,432,0,420,420,412,420,416,8,432,12,432,420,420,16,420,420
266,0x55f1e29632aa,R,0x7ffdd749fa70,1,432,12,16,436,20,12,12,440,436,12,16,444,20,12,12,12,-12,-432,-12,-428,-12,-12,-16,-12,-428,-420,-12,-12,-20,-416,-16,-12
269,0x55f1e29632b1,W,0x7ffdd749f8c0,1,-432,-420,-432,4,-420,-420,-420,8,-432,-420,-432,12,-420,-420,-420,16,420,420,412,4,420,8,432,420,432,12,420,420,420,16,432,420
271,0x55f1e29632b4,R,0x7ffdd749fa64,1,-12,420,420,424,4,0,8,428,0,0,424,432,4,0,8,436,0,0,-8,0,-4,-412,-416,0,0,-408,-8,0,-4,-404,-412,0
272,0x55f1e29632b4,W,0x7ffdd749fa64,1,0,420,420,0,-12,0,0,428,0,0,-12,432,-12,0,0,436,0,-416,0,0,12,-412,12,0,0,-408,0,0,12,-404,12,0
274,0x55f1e29632b8,R,0x7ffdd749fa64,1,0,0,-12,0,-12,424,4,428,8,0,0,432,424,0,4,436,-8,-416,-4,0,-416,-412,0,0,-8,-408,-4,0,-412,-404,12,-400
276,0x55f1e29632bb,R,0x7ffdd749fa5c,1,-8,-8,-20,412,412,416,-4,-8,-8,-8,-8,424,-20,-8,-20,428,8,-408,20,8,20,-404,8,8,8,-400,20,8,-404,8,8,-392
279,0x55f1e2963294,R,0x7ffdd749fa64,1,8,0,0,420,420,0,-12,0,0,428,8,432,0,0,424,436,-4,-416,-416,0,0,-412,-8,0,-4,-408,12,-404,12,0,0,0
282,0x55f1e2963298,R,0x7ffdd749fa60,1,-4,-4,-4,416,-16,-4,-16,420,0,424,4,-4,-4,-4,-16,432,16,-412,16,4,4,-408,4,4,0,4,-408,-400,16,-396,4,4
285,0x55f1e296329d,R,0x7ffdd749fa70,1,16,12,20,432,12,12,432,436,16,12,12,12,12,444,12,448,-428,-428,-12,-12,-20,-424,-12,-420,0,-12,-424,-12,-12,-412,-20,-12
288,0x55f1e29632a4,R,0x7ffdd749f8c4,1,-428,-416,-416,4,-416,-416,-428,8,-428,-416,-416,12,-408,16,-416,-416,428,0,416,416,408,416,412,8,428,12,428,416,416,16,416,416
291,0x55f1e29632aa,R,0x7ffdd749fa70,1,428,12,16,432,20,12,12,436,432,12,16,440,20,12,12,12,-12,-428,-12,-424,-12,-12,-16,-12,-424,-416,-12,-12,-20,-412,-16,-12
294,0x55f1e29632b1,W,0x7ffdd749f8c4,1,-428,-416,-428,4,-416,-416,-416,8,-428,-416,-428,12,-416,-416,-416,16,416,416,408,4,416,8,428,416,428,12,416,416,416,16,428,416
296,0x55f1e29632b4,R,0x7ffdd749fa64,1,-12,416,416,420,4,0,8,424,0,0,420,428,4,0,8,432,0,0,-8,0,-4,-408,-412,0,0,-404,-8,0,-4,-400,-408,0
297,0x55f1e29632b4,W,0x7ffdd749fa64,1,0,416,416,0,-12,0,0,424,0,0,-12,428,-12,0,0,432,0,-412,0,0,12,-408,12,0,0,-404,0,0,12,-400,12,0
299,0x55f1e29632b8,R,0x7ffdd749fa64,1,0,0,-12,0,-12,420,4,424,8,0,0,428,420,0,4,432,-8,-412,-4,0,-412,-408,0,0,-8,-404,-4,0,-408,-400,12,-436
301,0x55f1e29632bb,R,0x7ffdd749fa5c,1,-8,-8,-20,408,408,412,-4,-8,-8,-8,-8,420,-20,-8,-20,424,8,-404,20,8,20,-400,8,8,8,-396,20,8,-400,8,8,-428
304,0x55f1e2963294,R,0x7ffdd749fa64,1,8,0,0,416,416,0,-12,0,0,424,8,428,0,0,420,432,-4,-412,-412,0,0,-408,-8,0,-4,-404,12,-400,12,0,0,0
307,0x55f1e2963298,R,0x7ffdd749fa60,1,-4,-4,-4,412,-16,-4,-16,416,0,420,4,-4,-4,-4,-16,428,16,-408,16,4,4,-404,4,4,0,4,-404,-396,16,-432,4,4
310,0x55f1e296329d,R,0x7ffdd749fa70,1,16,12,20,428,12,12,428,432,16,12,12,12,12,440,12,444,-424,-424,-12,-12,-20,-420,-12,-416,0,-12,-420,-12,-12,-448,-20,-12
313,0x55f1e29632a4,R,0x7ffdd749f8c8,1,-424,-412,-412,4,-412,-412,-424,8,-424,-412,-412,12,-404,16,-412,-412,424,0,412,412,404,412,408,8,424,12,424,412,412,-24,412,412
316,0x55f1e29632aa,R,0x7ffdd749fa70,1,424,12,16,428,20,12,12,432,428,12,16,436,20,12,12,12,-12,-424,-12,-420,-12,-12,-16,-12,-420,-412,-12,-12,-20,-448,-16,-12
319,0x55f1e29632b1,W,0x7ffdd749f8c8,1,-424,-412,-424,4,-412,-412,-412,8,-424,-412,-424,12,-412,-412,-412,16,412,412,404,4,412,8,424,412,424,12,412,412,412,-24,424,412
321,0x55f1e29632b4,R,0x7ffdd749fa64,1,-12,412,412,416,4,0,8,420,0,0,416,424,4,0,8,428,0,0,-8,0,-4,-404,-408,0,0,-400,-8,0,-4,-436,-404,0
322,0x55f1e29632b4,W,0x7ffdd749fa64,1,0,412,412,0,-12,0,0,420,0,0,-12,424,-12,0,0,428,0,-408,0,0,12,-404,12,0,0,-400,0,0,12,-436,12,0
324,0x55f1e29632b8,R,0x7ffdd749fa64,1,0,0,-12,0,-12,416,4,420,8,0,0,424,416,0,4,428,-8,-408,-4,0,-408,-404,0,0,-8,-400,-4,0,-404,-436,12,-432
326,0x55f1e29632bb,R,0x7ffdd749fa5c,1,-8,-8,-20,404,404,408,-4,-8,-8,-8,-8,416,-20,-8,-20,420,8,-400,20,8,20,-396,8,8,8,-392,20,8,-396,8,8,-424
329,0x55f1e2963294,R,0x7ffdd749fa64,1,8,0,0,412,412,0,-12,0,0,420,8,424,0,0,416,428,-4,-408,-408,0,0,-404,-8,0,-4,-400,12,-436,12,0,0,0
332,0x55f1e2963298,R,0x7ffdd749fa60,1,-4,-4,-4,408,-16,-4,-16,412,0,416,4,-4,-4,-4,-16,424,16,-404,16,4,4,-400,4,4,0,4,-400,-432,16,-428,4,4
335,0x55f1e296329d,R,0x7ffdd749fa70,1,16,12,20,424,12,12,424,428,16,12,12,12,12,436,12,440,-420,-420,-12,-12,-20,-416,-12,-412,0,-12,-416,-12,-12,-444,-20,-12
338,0x55f1e29632a4,R,0x7ffdd749f8cc,1,-420,-408,-408,4,-408,-408,-420,8,-420,-408,-408,12,-400,16,-408,-408,420,0,408,408,400,408,404,8,420,-28,420,408,408,-24,408,408
341,0x55f1e29632aa,R,0x7ffdd749fa70,1,420,12,16,424,20,12,12,428,424,12,16,432,20,12,12,12,-12,-420,-12,-416,-12,-12,-16,-12,-416,-448,-12,-12,-20,-444,-16,-12
344,0x55f1e29632b1,W,0x7ffdd749f8cc,1,-420,-408,-420,4,-408,-408,-408,8,-420,-408,-420,12,-408,-408,-408,16,408,408,400,4,408,8,420,408,420,-28,408,408,408,-24,420,408
346,0x55f1e29632b4,R,0x7ffdd749fa64,1,-12,408,408,412,4,0,8,416,0,0,412,420,4,0,8,424,0,0,-8,0,-4,-400,-404,0,0,-436,-8,0,-4,-432,-400,0
347,0x55f1e29632b4,W,0x7ffdd749fa64,1,0,408,408,0,-12,0,0,416,0,0,-12,420,-12,0,0,424,0,-404,0,0,12,-400,12,0,0,-436,0,0,12,-432,12,0
349,0x55f1e29632b8,R,0x7ffdd749fa64,1,0,0,-12,0,-12,412,4,416,8,0,0,420,412,0,4,424,-8,-404,-4,0,-404,-400,0,0,-8,-436,-4,0,-400,-432,12,-428
351,0x55f1e29632bb,R,0x7ffdd749fa5c,1,-8,-8,-20,400,400,404,-4,-8,-8,-8,-8,412,-20,-8,-20,416,8,-396,20,8,20,-392,8,8,8,-428,20,8,-392,8,8,-420
354,0x55f1e2963294,R,0x7ffdd749fa64,1,8,0,0,408,408,0,-12,0,0,416,8,420,0,0,412,424,-4,-404,-404,0,0,-400,-8,0,-4,-436,12,-432,12,0,0,0
357,0x55f1e2963298,R,0x7ffdd749fa60,1,-4,-4,-4,404,-16,-4,-16,408,0,412,4,-4,-4,-4,-16,420,16,-400,16,4,4,-396,4,4,0,4,-396,-428,16,-424,4,4
360,0x55f1e296329d,R,0x7ffdd749fa70,1,16,12,20,420,12,12,420,424,16,12,12,12,12,432,12,436,-416,-416,-12,-12,-20,-412,-12,-448,0,-12,-412,-12,-12,-440,-20,-12
363,0x55f1e29632a4,R,0x7ffdd749f8d0,1,-416,-404,-404,4,-404,-404,-416,8,-416,-404,-404,12,-396,16,-404,-404,416,0,404,404,396,404,400,-32,416,-28,416,404,404,-24,404,404
366,0x55f1e29632aa,R,0x7ffdd749fa70,1,416,12,16,420,20,12,12,424,420,12,16,428,20,12,12,12,-12,-416,-12,-412,-12,-12,-16,-12,-412,-444,-12,-12,-20,-440,-16,-12
369,0x55f1e29632b1,W,0x7ffdd749f8d0,1,-416,-404,-416,4,-404,-404,-404,8,-416,-404,-416,12,-404,-404,-404,16,404,404,396,4,404,-32,416,404,416,-28,404,404,404,-24,416,404
371,0x55f1e29632b4,R,0x7ffdd749fa64,1,-12,404,404,408,4,0,8,412,0,0,408,416,4,0,8,420,0,0,-8,0,-4,-436,-400,0,0,-432,-8,0,-4,-428,-436,0
372,0x55f1e29632b4,W,0x7ffdd749fa64,1,0,404,404,0,-12,0,0,412,0,0,-12,416,-12,0,0,420,0,-400,0,0,12,-436,12,0,0,-432,0,0,12,-428,12,0
374,0x55f1e29632b8,R,0x7ffdd749fa64,1,0,0,-12,0,-12,408,4,412,8,0,0,416,408,0,4,420,-8,-400,-4,0,-400,-436,0,0,-8,-432,-4,0,-436,-428,12,-424
376,0x55f1e29632bb,R,0x7ffdd749fa5c,1,-8,-8,-20,396,396,400,-4,-8,-8,-8,-8,408,-20,-8,-20,412,8,-392,20,8,20,-428,8,8,8,-424,20,8,-428,8,8,-416
379,0x55f1e2963294,R,0x7ffdd749fa64,1,8,0,0,404,404,0,-12,0,0,412,8,416,0,0,408,420,-4,-400,-400,0,0,-436,-8,0,-4,-432,12,-428,12,0,0,0
382,0x55f1e2963298,R,0x7ffdd749fa60,1,-4,-4,-4,400,-16,-4,-16,404,0,408,4,-4,-4,-4,-16,416,16,-396,16,4,4,-432,4,4,0,4,-432,-424,16,-420,4,4
385,0x55f1e296329d,R,0x7ffdd749fa70,1,16,12,20,416,12,12,416,420,16,12,12,12,12,428,12,432,-412,-412,-12,-12,-20,-448,-12,-444,0,-12,-448,-12,-12,-436,-20,-12
388,0x55f1e29632a4,R,0x7ffdd749f8d4,1,-412,-400,-400,4,-400,-400,-412,8,-412,-400,-400,12,-392,16,-400,-400,412,0,400,400,392,400,396,-32,412,-28,412,400,400,-24,400,400
391,0x55f1e29632aa,R,0x7ffdd749fa70,1,412,12,16,416,20,12,12,420,416,12,16,424,20,12,12,12,-12,-412,-12,-448,-12,-12,-16,-12,-448,-440,-12,-12,-20,-436,-16,-12
394,0x55f1e29632b1,W,0x7ffdd749f8d4,1,-412,-400,-412,4,-400,-400,-400,8,-412,-400,-412,12,-400,-400,-400,16,400,400,392,-36,400,-32,412,400,412,-28,400,400,400,-24,412,400
396,0x55f1e29632b4,R,0x7ffdd749fa64,1,-12,400,400,404,4,0,8,408,0,0,404,412,4,0,8,416,0,0,-8,0,-4,-432,-436,0,0,-428,-8,0,-4,-424,-432,0
397,0x55f1e29632b4,W,0x7ffdd749fa64,1,0,400,400,0,-12,0,0,408,0,0,-12,412,-12,0,0,416,0,-436,0,0,12,-432,12,0,0,-428,0,0,12,-424,12,0
399,0x55f1e29632b8,R,0x7ffdd749fa64,1,0,0,-12,0,-12,404,4,408,8,0,0,412,404,0,4,416,-8,-436,-4,0,-436,-432,0,0,-8,-428,-4,0,-432,-424,12,-420
401,0x55f1e29632bb,R,0x7ffdd749fa5c,1,-8,-8,-20,392,392,396,-4,-8,-8,-8,-8,404,-20,-8,-20,408,8,-428,20,8,20,-424,8,8,8,-420,20,8,-424,8,8,-412
404,0x55f1e2963294,R,0x7ffdd749fa64,1,8,0,0,400,400,0,-12,0,0,408,8,412,0,0,404,416,-4,-436,-436,0,0,-432,-8,0,-4,-428,12,-424,12,0,0,0
407,0x55f1e2963298,R,0x7ffdd749fa60,1,-4,-4,-4,396,-16,-4,-16,400,0,404,4,-4,-4,-4,-16,412,16,-432,16,4,4,-428,4,4,0,4,-428,-420,16,-416,4,4
410,0x55f1e296329d,R,0x7ffdd749fa70,1,16,12,20,412,12,12,412,416,16,12,12,12,12,424,12,428,-448,-448,-12,-12,-20,-444,-12,-440,0,-12,-444,-12,-12,-432,-20,-12
413,0x55f1e29632a4,R,0x7ffdd749f8b0,1,-448,-436,-436,-36,-436,-436,-448,-32,-448,-436,-436,-28,-428,-24,-436,-436,448,0,436,436,428,436,432,8,448,12,448,436,436,16,436,436
416,0x55f1e29632aa,R,0x7ffdd749fa70,1,448,12,16,412,20,12,12,416,412,12,16,420,20,12,12,12,-12,-448,-12,-444,-12,-12,-16,-12,-444,-436,-12,-12,-20,-432,-16,-12
419,0x55f1e29632b1,W,0x7ffdd749f8b0,1,-448,-436,-448,-36,-436,-436,-436,-32,-448,-436,-448,-28,-436,-436,-436,-24,436,436,428,4,436,8,448,436,448,12,436,436,436,16,448,436
421,0x55f1e29632b4,R,0x7ffdd749fa64,1,-12,436,436,400,4,0,8,404,0,0,400,408,4,0,8,412,0,0,-8,0,-4,-428,-432,0,0,-424,-8,0,-4,-420,-428,0
422,0x55f1e29632b4,W,0x7ffdd749fa64,1,0,436,436,0,-12,0,0,404,0,0,-12,408,-12,0,0,412,0,-432,0,0,12,-428,12,0,0,-424,0,0,12,-420,12,0
424,0x55f1e29632b8,R,0x7ffdd749fa64,1,0,0,-12,0,-12,400,4,404,8,0,0,408,400,0,4,412,-8,-432,-4,0,-432,-428,0,0,-8,-424,-4,0,-428,-420,12,-416
426,0x55f1e29632bb,R,0x7ffdd749fa5c,1,-8,-8,-20,428,428,392,-4,-8,-8,-8,-8,400,-20,-8,-20,404,8,-424,20,8,20,-420,8,8,8,-416,20,8,-420,8,8,-408
429,0x55f1e2963294,R,0x7ffdd749fa64,1,8,0,0,436,436,0,-12,0,0,404,8,408,0,0,400,412,-4,-432,-432,0,0,-428,-8,0,-4,-424,12,-420,12,0,0,0
432,0x55f1e2963298,R,0x7ffdd749fa60,1,-4,-4,-4,432,-16,-4,-16,396,0,400,4,-4,-4,-4,-16,408,16,-428,16,4,4,-424,4,4,0,4,-424,-416,16,-412,4,4
435,0x55f1e296329d,R,0x7ffdd749fa70,1,16,12,20,448,12,12,448,412,16,12,12,12,12,420,12,424,-444,-444,-12,-12,-20,-440,-12,-436,0,-12,-440,-12,-12,-428,-20,-12
438,0x55f1e29632a4,R,0x7ffdd749f8b4,1,-444,-432,-432,4,-432,-432,-444,-32,-444,-432,-432,-28,-424,-24,-432,-432,444,0,432,432,424,432,428,8,444,12,444,432,432,16,432,432
441,0x55f1e29632aa,R,0x7ffdd749fa70,1,444,12,16,448,20,12,12,412,448,12,16,416,20,12,12,12,-12,-444,-12,-440,-12,-12,-16,-12,-440,-432,-12,-12,-20,-428,-16,-12
444,0x55f1e29632b1,W,0x7ffdd749f8b4,1,-444,-432,-444,4,-432,-432,-432,-32,-444,-432,-444,-28,-432,-432,-432,-24,432,432,424,4,432,8,444,432,444,12,432,432,432,16,444,432
446,0x55f1e29632b4,R,0x7ffdd749fa64,1,-12,432,432,436,4,0,8,400,0,0,436,404,4,0,8,408,0,0,-8,0,-4,-424,-428,0,0,-420,-8,0,-4,-416,-424,0
447,0x55f1e29632b4,W,0x7ffdd749fa64,1,0,432,432,0,-12,0,0,400,0,0,-12,404,-12,0,0,408,0,-428,0,0,12,-424,12,0,0,-420,0,0,12,-416,12,0
449,0x55f1e29632b8,R,0x7ffdd749fa64,1,0,0,-12,0,-12,436,4,400,8,0,0,404,436,0,4,408,-8,-428,-4,0,-428,-424,0,0,-8,-420,-4,0,-424,-416,12,-412
451,0x55f1e29632bb,R,0x7ffdd749fa5c,1,-8,-8,-20,424,424,428,-4,-8,-8,-8,-8,396,-20,-8,-20,400,8,-420,20,8,20,-416,8,8,8,-412,20,8,-416,8,8,-404
454,0x55f1e2963294,R,0x7ffdd749fa64,1,8,0,0,432,432,0,-12,0,0,400,8,404,0,0,436,408,-4,-428,-428,0,0,-424,-8,0,-4,-420,12,-416,12,0,0,0
457,0x55f1e2963298,R,0x7ffdd749fa60,1,-4,-4,-4,428,-16,-4,-16,432,0,396,4,-4,-4,-4,-16,404,16,-424,16,4,4,-420,4,4,0,4,-420,-412,16,-408,4,4
460,0x55f1e296329d,R,0x7ffdd749fa70,1,16,12,20,444,12,12,444,448,16,12,12,12,12,416,12,420,-440,-440,-12,-12,-20,-436,-12,-432,0,-12,-436,-12,-12,-424,-20,-12
463,0x55f1e29632a4,R,0x7ffdd749f8b8,1,-440,-428,-428,4,-428,-428,-440,8,-440,-428,-428,-28,-420,-24,-428,-428,440,0,428,428,420,428,424,8,440,12,440,428,428,16,428,428
466,0x55f1e29632aa,R,0x7ffdd749fa70,1,440,12,16,444,20,12,12,448,444,12,16,412,20,12,12,12,-12,-440,-12,-436,-12,-12,-16,-12,-436,-428,-12,-12,-20,-424,-16,-12
469,0x55f1e29632b1,W,0x7ffdd749f8b8,1,-440,-428,-440,4,-428,-428,-428,8,-440,-428,-440,-28,-428,-428,-428,-24,428,428,420,4,428,8,440,428,440,12,428,428,428,16,440,428
471,0x55f1e29632b4,R,0x7ffdd749fa64,1,-12,428,428,432,4,0,8,436,0,0,432,400,4,0,8,404,0,0,-8,0,-4,-420,-424,0,0,-416,-8,0,-4,-412,-420,0
472,0x55f1e29632b4,W,0x7ffdd749fa64,1,0,428,428,0,-12,0,0,436,0,0,-12,400,-12,0,0,404,0,-424,0,0,12,-420,12,0,0,-416,0,0,12,-412,12,0
474,0x55f1e29632b8,R,0x7ffdd749fa64,1,0,0,-12,0,-12,432,4,436,8,0,0,400,432,0,4,404,-8,-424,-4,0,-424,-420,0,0,-8,-416,-4,0,-420,-412,12,-408
476,0x55f1e29632bb,R,0x7ffdd749fa5c,1,-8,-8,-20,420,420,424,-4,-8,-8,-8,-8,392,-20,-8,-20,396,8,-416,20,8,20,-412,8,8,8,-408,20,8,-412,8,8,-400
479,0x55f1e2963294,R,0x7ffdd749fa64,1,8,0,0,428,428,0,-12,0,0,436,8,400,0,0,432,404,-4,-424,-424,0,0,-420,-8,0,-4,-416,12,-412,12,0,0,0
482,0x55f1e2963298,R,0x7ffdd749fa60,1,-4,-4,-4,424,-16,-4,-16,428,0,432,4,-4,-4,-4,-16,400,16,-420,16,4,4,-416,4,4,0,4,-416,-408,16,-404,4,4
485,0x55f1e296329d,R,0x7ffdd749fa70,1,16,12,20,440,12,12,440,444,16,12,12,12,12,412,12,416,-436,-436,-12,-12,-20,-432,-12,-428,0,-12,-432,-12,-12,-420,-20,-12
488,0x55f1e29632a4,R,0x7ffdd749f8bc,1,-436,-424,-424,4,-424,-424,-436,8,-436,-424,-424,12,-416,-24,-424,-424,436,0,424,424,416,424,420,8,436,12,436,424,424,16,424,424
491,0x55f1e29632aa,R,0x7ffdd749fa70,1,436,12,16,440,20,12,12,444,440,12,16,448,20,12,12,12,-12,-436,-12,-432,-12,-12,-16,-12,-432,-424,-12,-12,-20,-420,-16,-12
494,0x55f1e29632b1,W,0x7ffdd749f8bc,1,-436,-424,-436,4,-424,-424,-424,8,-436,-424,-436,12,-424,-424,-424,-24,424,424,416,4,424,8,436,424,436,12,424,424,424,16,436,424
496,0x55f1e29632b4,R,0x7ffdd749fa64,1,-12,424,424,428,4,0,8,432,0,0,428,436,4,0,8,400,0,0,-8,0,-4,-416,-420,0,0,-412,-8,0,-4,-408,-416,0
497,0x55f1e29632b4,W,0x7ffdd749fa64,1,0,424,424,0,-12,0,0,432,0,0,-12,436,-12,0,0,400,0,-420,0,0,12,-416,12,0,0,-412,0,0,12,-408,12,0
499,0x55f1e29632b8,R,0x7ffdd749fa64,1,0,0,-12,0,-12,428,4,432,8,0,0,436,428,0,4,400,-8,-420,-4,0,-420,-416,0,0,-8,-412,-4,0,-416,-408,12,-404
501,0x55f1e29632bb,R,0x7ffdd749fa5c,1,-8,-8,-20,416,416,420,-4,-8,-8,-8,-8,428,-20,-8,-20,392,8,-412,20,8,20,-408,8,8,8,-404,20,8,-408,8,8,-396
504,0x55f1e2963294,R,0x7ffdd749fa64,1,8,0,0,424,424,0,-12,0,0,432,8,436,0,0,428,400,-4,-420,-420,0,0,-416,-8,0,-4,-412,12,-408,12,0,0,0
507,0x55f1e2963298,R,0x7ffdd749fa60,1,-4,-4,-4,420,-16,-4,-16,424,0,428,4,-4,-4,-4,-16,396,16,-416,16,4,4,-412,4,4,0,4,-412,-404,16,-400,4,4
510,0x55f1e296329d,R,0x7ffdd749fa70,1,16,12,20,436,12,12,436,440,16,12,12,12,12,448,12,412,-432,-432,-12,-12,-20,-428,-12,-424,0,-12,-428,-12,-12,-416,-20,-12
513,0x55f1e29632a4,R,0x7ffdd749f8c0,1,-432,-420,-420,4,-420,-420,-432,8,-432,-420,-420,12,-412,16,-420,-420,432,0,420,420,412,420,416,8,432,12,432,420,420,16,420,420
516,0x55f1e29632aa,R,0x7ffdd749fa70,1,432,12,16,436,20,12,12,440,436,12,16,444,20,12,12,12,-12,-432,-12,-428,-12,-12,-16,-12,-428,-420,-12,-12,-20,-416,-16,-12
519,0x55f1e29632b1,W,0x7ffdd749f8c0,1,-432,-420,-432,4,-420,-420,-420,8,-432,-420,-432,12,-420,-420,-420,16,420,420,412,4,420,8,432,420,432,12,420,420,420,16,432,420
521,0x55f1e29632b4,R,0x7ffdd749fa64,1,-12,420,420,424,4,0,8,428,0,0,424,432,4,0,8,436,0,0,-8,0,-4,-412,-416,0,0,-408,-8,0,-4,-404,-412,0
522,0x55f1e29632b4,W,0x7ffdd749fa64,1,0,420,420,0,-12,0,0,428,0,0,-12,432,-12,0,0,436,0,-416,0,0,12,-412,12,0,0,-408,0,0,12,-404,12,0
524,0x55f1e29632b8,R,0x7ffdd749fa64,1,0,0,-12,0,-12,424,4,428,8,0,0,432,424,0,4,436,-8,-416,-4,0,-416,-412,0,0,-8,-408,-4,0,-412,-404,12,-400
526,0x55f1e29632bb,R,0x7ffdd749fa5c,1,-8,-8,-20,412,412,416,-4,-8,-8,-8,-8,424,-20,-8,-20,428,8,-408,20,8,20,-404,8,8,8,-400,20,8,-404,8,8,-392
529,0x55f1e2963294,R,0x7ffdd749fa64,1,8,0,0,420,420,0,-12,0,0,428,8,432,0,0,424,436,-4,-416,-416,0,0,-412,-8,0,-4,-408,12,-404,12,0,0,0
532,0x55f1e2963298,R,0x7ffdd749fa60,1,-4,-4,-4,416,-16,-4,-16,420,0,424,4,-4,-4,-4,-16,432,16,-412,16,4,4,-408,4,4,0,4,-408,-400,16,-396,4,4
535,0x55f1e296329d,R,0x7ffdd749fa70,1,16,12,20,432,12,12,432,436,16,12,12,12,12,444,12,448,-428,-428,-12,-12,-20,-424,-12,-420,0,-12,-424,-12,-12,-412,-20,-12
538,0x55f1e29632a4,R,0x7ffdd749f8c4,1,-428,-416,-416,4,-416,-416,-428,8,-428,-416,-416,12,-408,16,-416,-416,428,0,416,416,408,416,412,8,428,12,428,416,416,16,416,416
541,0x55f1e29632aa,R,0x7ffdd749fa70,1,428,12,16,432,20,12,12,436,432,12,16,440,20,12,12,12,-12,-428,-12,-424,-12,-12,-16,-12,-424,-416,-12,-12,-20,-412,-16,-12
544,0x55f1e29632b1,W,0x7ffdd749f8c4,1,-428,-416,-428,4,-416,-416,-416,8,-428,-416,-428,12,-416,-416,-416,16,416,416,408,4,416,8,428,416,428,12,416,416,416,16,428,416
546,0x55f1e29632b4,R,0x7ffdd749fa64,1,-12,416,416,420,4,0,8,424,0,0,420,428,4,0,8,432,0,0,-8,0,-4,-408,-412,0,0,-404,-8,0,-4,-400,-408,0
547,0x55f1e29632b4,W,0x7ffdd749fa64,1,0,416,416,0,-12,0,0,424,0,0,-12,428,-12,0,0,432,0,-412,0,0,12,-408,12,0,0,-404,0,0,12,-400,12,0
549,0x55f1e29632b8,R,0x7ffdd749fa64,1,0,0,-12,0,-12,420,4,424,8,0,0,428,420,0,4,432,-8,-412,-4,0,-412,-408,0,0,-8,-404,-4,0,-408,-400,12,-436
551,0x55f1e29632bb,R,0x7ffdd749fa5c,1,-8,-8,-20,408,408,412,-4,-8,-8,-8,-8,420,-20,-8,-20,424,8,-404,20,8,20,-400,8,8,8,-396,20,8,-400,8,8,-428
554,0x55f1e2963294,R,0x7ffdd749fa64,1,8,0,0,416,416,0,-12,0,0,424,8,428,0,0,420,432,-4,-412,-412,0,0,-408,-8,0,-4,-404,12,-400,12,0,0,0
557,0x55f1e2963298,R,0x7ffdd749fa60,1,-4,-4,-4,412,-16,-4,-16,416,0,420,4,-4,-4,-4,-16,428,16,-408,16,4,4,-404,4,4,0,4,-404,-396,16,-432,4,4
560,0x55f1e296329d,R,0x7ffdd749fa70,1,16,12,20,428,12,12,428,432,16,12,12,12,12,440,12,444,-424,-424,-12,-12,-20,-420,-12,-416,0,-12,-420,-12,-12,-448,-20,-12
563,0x55f1e29632a4,R,0x7ffdd749f8c8,1,-424,-412,-412,4,-412,-412,-424,8,-424,-412,-412,12,-404,16,-412,-412,424,0,412,412,404,412,408,8,424,12,424,412,412,-24,412,412
566,0x55f1e29632aa,R,0x7ffdd749fa70,1,424,12,16,428,20,12,12,432,428,12,16,436,20,12,12,12,-12,-424,-12,-420,-12,-12,-16,-12,-420,-412,-12,-12,-20,-448,-16,-12
569,0x55f1e29632b1,W,0x7ffdd749f8c8,1,-424,-412,-424,4,-412,-412,-412,8,-424,-412,-424,12,-412,-412,-412,16,412,412,404,4,412,8,424,412,424,12,412,412,412,-24,424,412
571,0x55f1e29632b4,R,0x7ffdd749fa64,1,-12,412,412,416,4,0,8,420,0,0,416,424,4,0,8,428,0,0,-8,0,-4,-404,-408,0,0,-400,-8,0,-4,-436,-404,0
572,0x55f1e29632b4,W,0x7ffdd749fa64,1,0,412,412,0,-12,0,0,420,0,0,-12,424,-12,0,0,428,0,-408,0,0,12,-404,12,0,0,-400,0,0,12,-436,12,0
574,0x55f1e29632b8,R,0x7ffdd749fa64,1,0,0,-12,0,-12,416,4,420,8,0,0,424,416,0,4,428,-8,-408,-4,0,-408,-404,0,0,-8,-400,-4,0,-404,-436,12,-432
576,0x55f1e29632bb,R,0x7ffdd749fa5c,1,-8,-8,-20,404,404,408,-4,-8,-8,-8,-8,416,-20,-8,-20,420,8,-400,20,8,20,-396,8,8,8,-392,20,8,-396,8,8,-424
579,0x55f1e2963294,R,0x7ffdd749fa64,1,8,0,0,412,412,0,-12,0,0,420,8,424,0,0,416,428,-4,-408,-408,0,0,-404,-8,0,-4,-400,12,-436,12,0,0,0
582,0x55f1e2963298,R,0x7ffdd749fa60,1,-4,-4,-4,408,-16,-4,-16,412,0,416,4,-4,-4,-4,-16,424,16,-404,16,4,4,-400,4,4,0,4,-400,-432,16,-428,4,4
585,0x55f1e296329d,R,0x7ffdd749fa70,1,16,12,20,424,12,12,424,428,16,12,12,12,12,436,12,440,-420,-420,-12,-12,-20,-416,-12,-412,0,-12,-416,-12,-12,-444,-20,-12
588,0x55f1e29632a4,R,0x7ffdd749f8cc,1,-420,-408,-408,4,-408,-408,-420,8,-420,-408,-408,12,-400,16,-408,-408,420,0,408,408,400,408,404,8,420,-28,420,408,408,-24,408,408
591,0x55f1e29632aa,R,0x7ffdd749fa70,1,420,12,16,424,20,12,12,428,424,12,16,432,20,12,12,12,-12,-420,-12,-416,-12,-12,-16,-12,-416,-448,-12,-12,-20,-444,-16,-12
594,0x55f1e29632b1,W,0x7ffdd749f8cc,1,-420,-408,-420,4,-408,-408,-408,8,-420,-408,-420,12,-408,-408,-408,16,408,408,400,4,408,8,420,408,420,-28,408,408,408,-24,420,408
596,0x55f1e29632b4,R,0x7ffdd749fa64,1,-12,408,408,412,4,0,8,416,0,0,412,420,4,0,8,424,0,0,-8,0,-4,-400,-404,0,0,-436,-8,0,-4,-432,-400,0
597,0x55f1e29632b4,W,0x7ffdd749fa64,1,0,408,408,0,-12,0,0,416,0,0,-12,420,-12,0,0,424,0,-404,0,0,12,-400,12,0,0,-436,0,0,12,-432,12,0
599,0x55f1e29632b8,R,0x7ffdd749fa64,1,0,0,-12,0,-12,412,4,416,8,0,0,420,412,0,4,424,-8,-404,-4,0,-404,-400,0,0,-8,-436,-4,0,-400,-432,12,-428
601,0x55f1e29632bb,R,0x7ffdd749fa5c,1,-8,-8,-20,400,400,404,-4,-8,-8,-8,-8,412,-20,-8,-20,416,8,-396,20,8,20,-392,8,8,8,-428,20,8,-392,8,8,-420
604,0x55f1e2963294,R,0x7ffdd749fa64,1,8,0,0,408,408,0,-12,0,0,416,8,420,0,0,412,424,-4,-404,-404,0,0,-400,-8,0,-4,-436,12,-432,12,0,0,0
607,0x55f1e2963298,R,0x7ffdd749fa60,1,-4,-4,-4,404,-16,-4,-16,408,0,412,4,-4,-4,-4,-16,420,16,-400,16,4,4,-396,4,4,0,4,-396,-428,16,-424,4,4
610,0x55f1e296329d,R,0x7ffdd749fa70,1,16,12,20,420,12,12,420,424,16,12,12,12,12,432,12,436,-416,-416,-12,-12,-20,-412,-12,-448,0,-12,-412,-12,-12,-440,-20,-12
613,0x55f1e29632a4,R,0x7ffdd749f8d0,1,-416,-404,-404,4,-404,-404,-416,8,-416,-404,-404,12,-396,16,-404,-404,416,0,404,404,396,404,400,-32,416,-28,416,404,404,-24,404,404
616,0x55f1e29632aa,R,0x7ffdd749fa70,1,416,12,16,420,20,12,12,424,420,12,16,428,20,12,12,12,-12,-416,-12,-412,-12,-12,-16,-12,-412,-444,-12,-12,-20,-440,-16,-12
619,0x55f1e29632b1,W,0x7ffdd749f8d0,1,-416,-404,-416,4,-404,-404,-404,8,-416,-404,-416,12,-404,-404,-404,16,404,404,396,4,404,-32,416,404,416,-28,404,404,404,-24,416,404
621,0x55f1e29632b4,R,0x7ffdd749fa64,1,-12,404,404,408,4,0,8,412,0,0,408,416,4,0,8,420,0,0,-8,0,-4,-436,-400,0,0,-432,-8,0,-4,-428,-436,0
622,0x55f1e29632b4,W,0x7ffdd749fa64,1,0,404,404,0,-12,0,0,412,0,0,-12,416,-12,0,0,420,0,-400,0,0,12,-436,12,0,0,-432,0,0,12,-428,12,0
624,0x55f1e29632b8,R,0x7ffdd749fa64,1,0,0,-12,0,-12,408,4,412,8,0,0,416,408,0,4,420,-8,-400,-4,0,-400,-436,0,0,-8,-432,-4,0,-436,-428,12,-424
626,0x55f1e29632bb,R,0x7ffdd749fa5c,1,-8,-8,-20,396,396,400,-4,-8,-8,-8,-8,408,-20,-8,-20,412,8,-392,20,8,20,-428,8,8,8,-424,20,8,-428,8,8,-416
629,0x55f1e2963294,R,0x7ffdd749fa64,1,8,0,0,404,404,0,-12,0,0,412,8,416,0,0,408,420,-4,-400,-400,0,0,-436,-8,0,-4,-432,12,-428,12,0,0,0
632,0x55f1e2963298,R,0x7ffdd749fa60,1,-4,-4,-4,400,-16,-4,-16,404,0,408,4,-4,-4,-4,-16,416,16,-396,16,4,4,-432,4,4,0,4,-432,-424,16,-420,4,4
635,0x55f1e296329d,R,0x7ffdd749fa70,1,16,12,20,416,12,12,416,420,16,12,12,12,12,428,12,432,-412,-412,-12,-12,-20,-448,-12,-444,0,-12,-448,-12,-12,-436,-20,-12
638,0x55f1e29632a4,R,0x7ffdd749f8d4,1,-412,-400,-400,4,-400,-400,-412,8,-412,-400,-400,12,-392,16,-400,-400,412,0,400,400,392,400,396,-32,412,-28,412,400,400,-24,400,400
641,0x55f1e29632aa,R,0x7ffdd749fa70,1,412,12,16,416,20,12,12,420,416,12,16,424,20,12,12,12,-12,-412,-12,-448,-12,-12,-16,-12,-448,-440,-12,-12,-20,-436,-16,-12
644,0x55f1e29632b1,W,0x7ffdd749f8d4,1,-412,-400,-412,4,-400,-400,-400,8,-412,-400,-412,12,-400,-400,-400,16,400,400,392,-36,400,-32,412,400,412,-28,400,400,400,-24,412,400
646,0x55f1e29632b4,R,0x7ffdd749fa64,1,-12,400,400,404,4,0,8,408,0,0,404,412,4,0,8,416,0,0,-8,0,-4,-432,-436,0,0,-428,-8,0,-4,-424,-432,0
647,0x55f1e29632b4,W,0x7ffdd749fa64,1,0,400,400,0,-12,0,0,408,0,0,-12,412,-12,0,0,416,0,-436,0,0,12,-432,12,0,0,-428,0,0,12,-424,12,0
649,0x55f1e29632b8,R,0x7ffdd749fa64,1,0,0,-12,0,-12,404,4,408,8,0,0,412,404,0,4,416,-8,-436,-4,0,-436,-432,0,0,-8,-428,-4,0,-432,-424,12,-420
651,0x55f1e29632bb,R,0x7ffdd749fa5c,1,-8,-8,-20,392,392,396,-4,-8,-8,-8,-8,404,-20,-8,-20,408,8,-428,20,8,20,-424,8,8,8,-420,20,8,-424,8,8,-412
654,0x55f1e2963294,R,0x7ffdd749fa64,1,8,0,0,400,400,0,-12,0,0,408,8,412,0,0,404,416,-4,-436,-436,0,0,-432,-8,0,-4,-428,12,-424,12,0,0,0
657,0x55f1e2963298,R,0x7ffdd749fa60,1,-4,-4,-4,396,-16,-4,-16,400,0,404,4,-4,-4,-4,-16,412,16,-432,16,4,4,-428,4,4,0,4,-428,-420,16,-416,4,4
660,0x55f1e296329d,R,0x7ffdd749fa70,1,16,12,20,412,12,12,412,416,16,12,12,12,12,424,12,428,-448,-448,-12,-12,-20,-444,-12,-440,0,-12,-444,-12,-12,-432,-20,-12
663,0x55f1e29632a4,R,0x7ffdd749f8b0,1,-448,-436,-436,-36,-436,-436,-448,-32,-448,-436,-436,-28,-428,-24,-436,-436,448,0,436,436,428,436,432,8,448,12,448,436,436,16,436,436
666,0x55f1e29632aa,R,0x7ffdd749fa70,1,448,12,16,412,20,12,12,416,412,12,16,420,20,12,12,12,-12,-448,-12,-444,-12,-12,-16,-12,-444,-436,-12,-12,-20,-432,-16,-12
669,0x55f1e29632b1,W,0x7ffdd749f8b0,1,-448,-436,-448,-36,-436,-436,-436,-32,-448,-436,-448,-28,-436,-436,-436,-24,436,436,428,4,436,8,448,436,448,12,436,436,436,16,448,436
671,0x55f1e29632b4,R,0x7ffdd749fa64,1,-12,436,436,400,4,0,8,404,0,0,400,408,4,0,8,412,0,0,-8,0,-4,-428,-432,0,0,-424,-8,0,-4,-420,-428,0
672,0x55f1e29632b4,W,0x7ffdd749fa64,1,0,436,436,0,-12,0,0,404,0,0,-12,408,-12,0,0,412,0,-432,0,0,12,-428,12,0,0,-424,0,0,12,-420,12,0
674,0x55f1e29632b8,R,0x7ffdd749fa64,1,0,0,-12,0,-12,400,4,404,8,0,0,408,400,0,4,412,-8,-432,-4,0,-432,-428,0,0,-8,-424,-4,0,-428,-420,12,-416
676,0x55f1e29632bb,R,0x7ffdd749fa5c,1,-8,-8,-20,428,428,392,-4,-8,-8,-8,-8,400,-20,-8,-20,404,8,-424,20,8,20,-420,8,8,8,-416,20,8,-420,8,8,-408
679,0x55f1e2963294,R,0x7ffdd749fa64,1,8,0,0,436,436,0,-12,0,0,404,8,408,0,0,400,412,-4,-432,-432,0,0,-428,-8,0,-4,-424,12,-420,12,0,0,0
682,0x55f1e2963298,R,0x7ffdd749fa60,1,-4,-4,-4,432,-16,-4,-16,396,0,400,4,-4,-4,-4,-16,408,16,-428,16,4,4,-424,4,4,0,4,-424,-416,16,-412,4,4
685,0x55f1e296329d,R,0x7ffdd749fa70,1,16,12,20,448,12,12,448,412,16,12,12,12,12,420,12,424,-444,-444,-12,-12,-20,-440,-12,-436,0,-12,-440,-12,-12,-428,-20,-12
688,0x55f1e29632a4,R,0x7ffdd749f8b4,1,-444,-432,-432,4,-432,-432,-444,-32,-444,-432,-432,-28,-424,-24,-432,-432,444,0,432,432,424,432,428,8,444,12,444,432,432,16,432,432
691,0x55f1e29632aa,R,0x7ffdd749fa70,1,444,12,16,448,20,12,12,412,448,12,16,416,20,12,12,12,-12,-444,-12,-440,-12,-12,-16,-12,-440,-432,-12,-12,-20,-428,-16,-12
694,0x55f1e29632b1,W,0x7ffdd749f8b4,1,-444,-432,-444,4,-432,-432,-432,-32,-444,-432,-444,-28,-432,-432,-432,-24,432,432,424,4,432,8,444,432,444,12,432,432,432,16,444,432
696,0x55f1e29632b4,R,0x7ffdd749fa64,1,-12,432,432,436,4,0,8,400,0,0,436,404,4,0,8,408,0,0,-8,0,-4,-424,-428,0,0,-420,-8,0,-4,-416,-424,0
697,0x55f1e29632b4,W,0x7ffdd749fa64,1,0,432,432,0,-12,0,0,400,0,0,-12,404,-12,0,0,408,0,-428,0,0,12,-424,12,0,0,-420,0,0,12,-416,12,0
699,0x55f1e29632b8,R,0x7ffdd749fa64,1,0,0,-12,0,-12,436,4,400,8,0,0,404,436,0,4,408,-8,-428,-4,0,-428,-424,0,0,-8,-420,-4,0,-424,-416,12,-412
701,0x55f1e29632bb,R,0x7ffdd749fa5c,1,-8,-8,-20,424,424,428,-4,-8,-8,-8,-8,396,-20,-8,-20,400,8,-420,20,8,20,-416,8,8,8,-412,20,8,-416,8,8,-404
704,0x55f1e2963294,R,0x7ffdd749fa64,1,8,0,0,432,432,0,-12,0,0,400,8,404,0,0,436,408,-4,-428,-428,0,0,-424,-8,0,-4,-420,12,-416,12,0,0,0
707,0x55f1e2963298,R,0x7ffdd749fa60,1,-4,-4,-4,428,-16,-4,-16,432,0,396,4,-4,-4,-4,-16,404,16,-424,16,4,4,-420,4,4,0,4,-420,-412,16,-408,4,4
710,0x55f1e296329d,R,0x7ffdd749fa70,1,16,12,20,444,12,12,444,448,16,12,12,12,12,416,12,420,-440,-440,-12,-12,-20,-436,-12,-432,0,-12,-436,-12,-12,-424,-20,-12
713,0x55f1e29632a4,R,0x7ffdd749f8b8,1,-440,-428,-428,4,-428,-428,-440,8,-440,-428,-428,-28,-420,-24,-428,-428,440,0,428,428,420,428,424,8,440,12,440,428,428,16,428,428
716,0x55f1e29632aa,R,0x7ffdd749fa70,1,440,12,16,444,20,12,12,448,444,12,16,412,20,12,12,12,-12,-440,-12,-436,-12,-12,-16,-12,-436,-428,-12,-12,-20,-424,-16,-12
719,0x55f1e29632b1,W,0x7ffdd749f8b8,1,-440,-428,-440,4,-428,-428,-428,8,-440,-428,-440,-28,-428,-428,-428,-24,428,428,420,4,428,8,440,428,440,12,428,428,428,16,440,428
721,0x55f1e29632b4,R,0x7ffdd749fa64,1,-12,428,428,432,4,0,8,436,0,0,432,400,4,0,8,404,0,0,-8,0,-4,-420,-424,0,0,-416,-8,0,-4,-412,-420,0
722,0x55f1e29632b4,W,0x7ffdd749fa64,1,0,428,428,0,-12,0,0,436,0,0,-12,400,-12,0,0,404,0,-424,0,0,12,-420,12,0,0,-416,0,0,12,-412,12,0
724,0x55f1e29632b8,R,0x7ffdd749fa64,1,0,0,-12,0,-12,432,4,436,8,0,0,400,432,0,4,404,-8,-424,-4,0,-424,-420,0,0,-8,-416,-4,0,-420,-412,12,-408
726,0x55f1e29632bb,R,0x7ffdd749fa5c,1,-8,-8,-20,420,420,424,-4,-8,-8,-8,-8,392,-20,-8,-20,396,8,-416,20,8,20,-412,8,8,8,-408,20,8,-412,8,8,-400
729,0x55f1e2963294,R,0x7ffdd749fa64,1,8,0,0,428,428,0,-12,0,0,436,8,400,0,0,432,404,-4,-424,-424,0,0,-420,-8,0,-4,-416,12,-412,12,0,0,0
732,0x55f1e2963298,R,0x7ffdd749fa60,1,-4,-4,-4,424,-16,-4,-16,428,0,432,4,-4,-4,-4,-16,400,16,-420,16,4,4,-416,4,4,0,4,-416,-408,16,-404,4,4
735,0x55f1e296329d,R,0x7ffdd749fa70,1,16,12,20,440,12,12,440,444,16,12,12,12,12,412,12,416,-436,-436,-12,-12,-20,-432,-12,-428,0,-12,-432,-12,-12,-420,-20,-12
738,0x55f1e29632a4,R,0x7ffdd749f8bc,1,-436,-424,-424,4,-424,-424,-436,8,-436,-424,-424,12,-416,-24,-424,-424,436,0,424,424,416,424,420,8,436,12,436,424,424,16,424,424
741,0x55f1e29632aa,R,0x7ffdd749fa70,1,436,12,16,440,20,12,12,444,440,12,16,448,20,12,12,12,-12,-436,-12,-432,-12,-12,-16,-12,-432,-424,-12,-12,-20,-420,-16,-12
744,0x55f1e29632b1,W,0x7ffdd749f8bc,1,-436,-424,-436,4,-424,-424,-424,8,-436,-424,-436,12,-424,-424,-424,-24,424,424,416,4,424,8,436,424,436,12,424,424,424,16,436,424
746,0x55f1e29632b4,R,0x7ffdd749fa64,1,-12,424,424,428,4,0,8,432,0,0,428,436,4,0,8,400,0,0,-8,0,-4,-416,-420,0,0,-412,-8,0,-4,-408,-416,0
747,0x55f1e29632b4,W,0x7ffdd749fa64,1,0,424,424,0,-12,0,0,432,0,0,-12,436,-12,0,0,400,0,-420,0,0,12,-416,12,0,0,-412,0,0,12,-408,12,0
749,0x55f1e29632b8,R,0x7ffdd749fa64,1,0,0,-12,0,-12,428,4,432,8,0,0,436,428,0,4,400,-8,-420,-4,0,-420,-416,0,0,-8,-412,-4,0,-416,-408,12,-404
751,0x55f1e29632bb,R,0x7ffdd749fa5c,1,-8,-8,-20,416,416,420,-4,-8,-8,-8,-8,428,-20,-8,-20,392,8,-412,20,8,20,-408,8,8,8,-404,20,8,-408,8,8,-396
754,0x55f1e2963294,R,0x7ffdd749fa64,1,8,0,0,424,424,0,-12,0,0,432,8,436,0,0,428,400,-4,-420,-420,0,0,-416,-8,0,-4,-412,12,-408,12,0,0,0
757,0x55f1e2963298,R,0x7ffdd749fa60,1,-4,-4,-4,420,-16,-4,-16,424,0,428,4,-4,-4,-4,-16,396,16,-416,16,4,4,-412,4,4,0,4,-412,-404,16,-400,4,4
760,0x55f1e296329d,R,0x7ffdd749fa70,1,16,12,20,436,12,12,436,440,16,12,12,12,12,448,12,412,-432,-432,-12,-12,-20,-428,-12,-424,0,-12,-428,-12,-12,-416,-20,-12
763,0x55f1e29632a4,R,0x7ffdd749f8c0,1,-432,-420,-420,4,-420,-420,-432,8,-432,-420,-420,12,-412,16,-420,-420,432,0,420,420,412,420,416,8,432,12,432,420,420,16,420,420
766,0x55f1e29632aa,R,0x7ffdd749fa70,1,432,12,16,436,20,12,12,440,436,12,16,444,20,12,12,12,-12,-432,-12,-428,-12,-12,-16,-12,-428,-420,-12,-12,-20,-416,-16,-12
769,0x55f1e29632b1,W,0x7ffdd749f8c0,1,-432,-420,-432,4,-420,-420,-420,8,-432,-420,-432,12,-420,-420,-420,16,420,420,412,4,420,8,432,420,432,12,420,420,420,16,432,420
771,0x55f1e29632b4,R,0x7ffdd749fa64,1,-12,420,420,424,4,0,8,428,0,0,424,432,4,0,8,436,0,0,-8,0,-4,-412,-416,0,0,-408,-8,0,-4,-404,-412,0
772,0x55f1e29632b4,W,0x7ffdd749fa64,1,0,420,420,0,-12,0,0,428,0,0,-12,432,-12,0,0,436,0,-416,0,0,12,-412,12,0,0,-408,0,0,12,-404,12,0
774,0x55f1e29632b8,R,0x7ffdd749fa64,1,0,0,-12,0,-12,424,4,428,8,0,0,432,424,0,4,436,-8,-416,-4,0,-416,-412,0,0,-8,-408,-4,0,-412,-404,12,-400
776,0x55f1e29632bb,R,0x7ffdd749fa5c,1,-8,-8,-20,412,412,416,-4,-8,-8,-8,-8,424,-20,-8,-20,428,8,-408,20,8,20,-404,8,8,8,-400,20,8,-404,8,8,-392
779,0x55f1e2963294,R,0x7ffdd749fa64,1,8,0,0,420,420,0,-12,0,0,428,8,432,0,0,424,436,-4,-416,-416,0,0,-412,-8,0,-4,-408,12,-404,12,0,0,0
782,0x55f1e2963298,R,0x7ffdd749fa60,1,-4,-4,-4,416,-16,-4,-16,420,0,424,4,-4,-4,-4,-16,432,16,-412,16,4,4,-408,4,4,0,4,-408,-400,16,-396,4,4
785,0x55f1e296329d,R,0x7ffdd749fa70,1,16,12,20,432,12,12,432,436,16,12,12,12,12,444,12,448,-428,-428,-12,-12,-20,-424,-12,-420,0,-12,-424,-12,-12,-412,-20,-12
788,0x55f1e29632a4,R,0x7ffdd749f8c4,1,-428,-416,-416,4,-416,-416,-428,8,-428,-416,-416,12,-408,16,-416,-416,428,0,416,416,408,416,412,8,428,12,428,416,416,16,416,416
791,0x55f1e29632aa,R,0x7ffdd749fa70,1,428,12,16,432,20,12,12,436,432,12,16,440,20,12,12,12,-12,-428,-12,-424,-12,-12,-16,-12,-424,-416,-12,-12,-20,-412,-16,-12
794,0x55f1e29632b1,W,0x7ffdd749f8c4,1,-428,-416,-428,4,-416,-416,-416,8,-428,-416,-428,12,-416,-416,-416,16,416,416,408,4,416,8,428,416,428,12,416,416,416,16,428,416
796,0x55f1e29632b4,R,0x7ffdd749fa64,1,-12,416,416,420,4,0,8,424,0,0,420,428,4,0,8,432,0,0,-8,0,-4,-408,-412,0,0,-404,-8,0,-4,-400,-408,0
797,0x55f1e29632b4,W,0x7ffdd749fa64,1,0,416,416,0,-12,0,0,424,0,0,-12,428,-12,0,0,432,0,-412,0,0,12,-408,12,0,0,-404,0,0,12,-400,12,0
799,0x55f1e29632b8,R,0x7ffdd749fa64,1,0,0,-12,0,-12,420,4,424,8,0,0,428,420,0,4,432,-8,-412,-4,0,-412,-408,0,0,-8,-404,-4,0,-408,-400,12,-436
801,0x55f1e29632bb,R,0x7ffdd749fa5c,1,-8,-8,-20,408,408,412,-4,-8,-8,-8,-8,420,-20,-8,-20,424,8,-404,20,8,20,-400,8,8,8,-396,20,8,-400,8,8,-428
804,0x55f1e2963294,R,0x7ffdd749fa64,1,8,0,0,416,416,0,-12,0,0,424,8,428,0,0,420,432,-4,-412,-412,0,0,-408,-8,0,-4,-404,12,-400,12,0,0,0
807,0x55f1e2963298,R,0x7ffdd749fa60,1,-4,-4,-4,412,-16,-4,-16,416,0,420,4,-4,-4,-4,-16,428,16,-408,16,4,4,-404,4,4,0,4,-404,-396,16,-432,4,4
810,0x55f1e296329d,R,0x7ffdd749fa70,1,16,12,20,428,12,12,428,432,16,12,12,12,12,440,12,444,-424,-424,-12,-12,-20,-420,-12,-416,0,-12,-420,-12,-12,-448,-20,-12
813,0x55f1e29632a4,R,0x7ffdd749f8c8,1,-424,-412,-412,4,-412,-412,-424,8,-424,-412,-412,12,-404,16,-412,-412,424,0,412,412,404,412,408,8,424,12,424,412,412,-24,412,412
816,0x55f1e29632aa,R,0x7ffdd749fa70,1,424,12,16,428,20,12,12,432,428,12,16,436,20,12,12,12,-12,-424,-12,-420,-12,-12,-16,-12,-420,-412,-12,-12,-20,-448,-16,-12
819,0x55f1e29632b1,W,0x7ffdd749f8c8,1,-424,-412,-424,4,-412,-412,-412,8,-424,-412,-424,12,-412,-412,-412,16,412,412,404,4,412,8,424,412,424,12,412,412,412,-24,424,412
821,0x55f1e29632b4,R,0x7ffdd749fa64,1,-12,412,412,416,4,0,8,420,0,0,416,424,4,0,8,428,0,0,-8,0,-4,-404,-408,0,0,-400,-8,0,-4,-436,-404,0
822,0x55f1e29632b4,W,0x7ffdd749fa64,1,0,412,412,0,-12,0,0,420,0,0,-12,424,-12,0,0,428,0,-408,0,0,12,-404,12,0,0,-400,0,0,12,-436,12,0
824,0x55f1e29632b8,R,0x7ffdd749fa64,1,0,0,-12,0,-12,416,4,420,8,0,0,424,416,0,4,428,-8,-408,-4,0,-408,-404,0,0,-8,-400,-4,0,-404,-436,12,-432
826,0x55f1e29632bb,R,0x7ffdd749fa5c,1,-8,-8,-20,404,404,408,-4,-8,-8,-8,-8,416,-20,-8,-20,420,8,-400,20,8,20,-396,8,8,8,-392,20,8,-396,8,8,-424
829,0x55f1e2963294,R,0x7ffdd749fa64,1,8,0,0,412,412,0,-12,0,0,420,8,424,0,0,416,428,-4,-408,-408,0,0,-404,-8,0,-4,-400,12,-436,12,0,0,0
832,0x55f1e2963298,R,0x7ffdd749fa60,1,-4,-4,-4,408,-16,-4,-16,412,0,416,4,-4,-4,-4,-16,424,16,-404,16,4,4,-400,4,4,0,4,-400,-432,16,-428,4,4
835,0x55f1e296329d,R,0x7ffdd749fa70,1,16,12,20,424,12,12,424,428,16,12,12,12,12,436,12,440,-420,-420,-12,-12,-20,-416,-12,-412,0,-12,-416,-12,-12,-444,-20,-12
838,0x55f1e29632a4,R,0x7ffdd749f8cc,1,-420,-408,-408,4,-408,-408,-420,8,-420,-408,-408,12,-400,16,-408,-408,420,0,408,408,400,408,404,8,420,-28,420,408,408,-24,408,408
841,0x55f1e29632aa,R,0x7ffdd749fa70,1,420,12,16,424,20,12,12,428,424,12,16,432,20,12,12,12,-12,-420,-12,-416,-12,-12,-16,-12,-416,-448,-12,-12,-20,-444,-16,-12
844,0x55f1e29632b1,W,0x7ffdd749f8cc,1,-420,-408,-420,4,-408,-408,-408,8,-420,-408,-420,12,-408,-408,-408,16,408,408,400,4,408,8,420,408,420,-28,408,408,408,-24,420,408
846,0x55f1e29632b4,R,0x7ffdd749fa64,1,-12,408,408,412,4,0,8,416,0,0,412,420,4,0,8,424,0,0,-8,0,-4,-400,-404,0,0,-436,-8,0,-4,-432,-400,0
847,0x55f1e29632b4,W,0x7ffdd749fa64,1,0,408,408,0,-12,0,0,416,0,0,-12,420,-12,0,0,424,0,-404,0,0,12,-400,12,0,0,-436,0,0,12,-432,12,0
849,0x55f1e29632b8,R,0x7ffdd749fa64,1,0,0,-12,0,-12,412,4,416,8,0,0,420,412,0,4,424,-8,-404,-4,0,-404,-400,0,0,-8,-436,-4,0,-400,-432,12,-428
851,0x55f1e29632bb,R,0x7ffdd749fa5c,1,-8,-8,-20,400,400,404,-4,-8,-8,-8,-8,412,-20,-8,-20,416,8,-396,20,8,20,-392,8,8,8,-428,20,8,-392,8,8,-420
854,0x55f1e2963294,R,0x7ffdd749fa64,1,8,0,0,408,408,0,-12,0,0,416,8,420,0,0,412,424,-4,-404,-404,0,0,-400,-8,0,-4,-436,12,-432,12,0,0,0
857,0x55f1e2963298,R,0x7ffdd749fa60,1,-4,-4,-4,404,-16,-4,-16,408,0,412,4,-4,-4,-4,-16,420,16,-400,16,4,4,-396,4,4,0,4,-396,-428,16,-424,4,4
860,0x55f1e296329d,R,0x7ffdd749fa70,1,16,12,20,420,12,12,420,424,16,12,12,12,12,432,12,436,-416,-416,-12,-12,-20,-412,-12,-448,0,-12,-412,-12,-12,-440,-20,-12
863,0x55f1e29632a4,R,0x7ffdd749f8d0,1,-416,-404,-404,4,-404,-404,-416,8,-416,-404,-404,12,-396,16,-404,-404,416,0,404,404,396,404,400,-32,416,-28,416,404,404,-24,404,404
866,0x55f1e29632aa,R,0x7ffdd749fa70,1,416,12,16,420,20,12,12,424,420,12,16,428,20,12,12,12,-12,-416,-12,-412,-12,-12,-16,-12,-412,-444,-12,-12,-20,-440,-16,-12
869,0x55f1e29632b1,W,0x7ffdd749f8d0,1,-416,-404,-416,4,-404,-404,-404,8,-416,-404,-416,12,-404,-404,-404,16,404,404,396,4,404,-32,416,404,416,-28,404,404,404,-24,416,404
871,0x55f1e29632b4,R,0x7ffdd749fa64,1,-12,404,404,408,4,0,8,412,0,0,408,416,4,0,8,420,0,0,-8,0,-4,-436,-400,0,0,-432,-8,0,-4,-428,-436,0
872,0x55f1e29632b4,W,0x7ffdd749fa64,1,0,404,404,0,-12,0,0,412,0,0,-12,416,-12,0,0,420,0,-400,0,0,12,-436,12,0,0,-432,0,0,12,-428,12,0
874,0x55f1e29632b8,R,0x7ffdd749fa64,1,0,0,-12,0,-12,408,4,412,8,0,0,416,408,0,4,420,-8,-400,-4,0,-400,-436,0,0,-8,-432,-4,0,-436,-428,12,-424
876,0x55f1e29632bb,R,0x7ffdd749fa5c,1,-8,-8,-20,396,396,400,-4,-8,-8,-8,-8,408,-20,-8,-20,412,8,-392,20,8,20,-428,8,8,8,-424,20,8,-428,8,8,-416
879,0x55f1e2963294,R,0x7ffdd749fa64,1,8,0,0,404,404,0,-12,0,0,412,8,416,0,0,408,420,-4,-400,-400,0,0,-436,-8,0,-4,-432,12,-428,12,0,0,0
882,0x55f1e2963298,R,0x7ffdd749fa60,1,-4,-4,-4,400,-16,-4,-16,404,0,408,4,-4,-4,-4,-16,416,16,-396,16,4,4,-432,4,4,0,4,-432,-424,16,-420,4,4
885,0x55f1e296329d,R,0x7ffdd749fa70,1,16,12,20,416,12,12,416,420,16,12,12,12,12,428,12,432,-412,-412,-12,-12,-20,-448,-12,-444,0,-12,-448,-12,-12,-436,-20,-12
888,0x55f1e29632a4,R,0x7ffdd749f8d4,1,-412,-400,-400,4,-400,-400,-412,8,-412,-400,-400,12,-392,16,-400,-400,412,0,400,400,392,400,396,-32,412,-28,412,400,400,-24,400,400
891,0x55f1e29632aa,R,0x7ffdd749fa70,1,412,12,16,416,20,12,12,420,416,12,16,424,20,12,12,12,-12,-412,-12,-448,-12,-12,-16,-12,-448,-440,-12,-12,-20,-436,-16,-12
894,0x55f1e29632b1,W,0x7ffdd749f8d4,1,-412,-400,-412,4,-400,-400,-400,8,-412,-400,-412,12,-400,-400,-400,16,400,400,392,-36,400,-32,412,400,412,-28,400,400,400,-24,412,400
896,0x55f1e29632b4,R,0x7ffdd749fa64,1,-12,400,400,404,4,0,8,408,0,0,404,412,4,0,8,416,0,0,-8,0,-4,-432,-436,0,0,-428,-8,0,-4,-424,-432,0
897,0x55f1e29632b4,W,0x7ffdd749fa64,1,0,400,400,0,-12,0,0,408,0,0,-12,412,-12,0,0,416,0,-436,0,0,12,-432,12,0,0,-428,0,0,12,-424,12,0
899,0x55f1e29632b8,R,0x7ffdd749fa64,1,0,0,-12,0,-12,404,4,408,8,0,0,412,404,0,4,416,-8,-436,-4,0,-436,-432,0,0,-8,-428,-4,0,-432,-424,12,-420
901,0x55f1e29632bb,R,0x7ffdd749fa5c,1,-8,-8,-20,392,392,396,-4,-8,-8,-8,-8,404,-20,-8,-20,408,8,-428,20,8,20,-424,8,8,8,-420,20,8,-424,8,8,-412
904,0x55f1e2963294,R,0x7ffdd749fa64,1,8,0,0,400,400,0,-12,0,0,408,8,412,0,0,404,416,-4,-436,-436,0,0,-432,-8,0,-4,-428,12,-424,12,0,0,0
907,0x55f1e2963298,R,0x7ffdd749fa60,1,-4,-4,-4,396,-16,-4,-16,400,0,404,4,-4,-4,-4,-16,412,16,-432,16,4,4,-428,4,4,0,4,-428,-420,16,-416,4,4
910,0x55f1e296329d,R,0x7ffdd749fa70,1,16,12,20,412,12,12,412,416,16,12,12,12,12,424,12,428,-448,-448,-12,-12,-20,-444,-12,-440,0,-12,-444,-12,-12,-432,-20,-12
913,0x55f1e29632a4,R,0x7ffdd749f8b0,1,-448,-436,-436,-36,-436,-436,-448,-32,-448,-436,-436,-28,-428,-24,-436,-436,448,0,436,436,428,436,432,8,448,12,448,436,436,16,436,436
916,0x55f1e29632aa,R,0x7ffdd749fa70,1,448,12,16,412,20,12,12,416,412,12,16,420,20,12,12,12,-12,-448,-12,-444,-12,-12,-16,-12,-444,-436,-12,-12,-20,-432,-16,-12
919,0x55f1e29632b1,W,0x7ffdd749f8b0,1,-448,-436,-448,-36,-436,-436,-436,-32,-448,-436,-448,-28,-436,-436,-436,-24,436,436,428,4,436,8,448,436,448,12,436,436,436,16,448,436
921,0x55f1e29632b4,R,0x7ffdd749fa64,1,-12,436,436,400,4,0,8,404,0,0,400,408,4,0,8,412,0,0,-8,0,-4,-428,-432,0,0,-424,-8,0,-4,-420,-428,0
922,0x55f1e29632b4,W,0x7ffdd749fa64,1,0,436,436,0,-12,0,0,404,0,0,-12,408,-12,0,0,412,0,-432,0,0,12,-428,12,0,0,-424,0,0,12,-420,12,0
924,0x55f1e29632b8,R,0x7ffdd749fa64,1,0,0,-12,0,-12,400,4,404,8,0,0,408,400,0,4,412,-8,-432,-4,0,-432,-428,0,0,-8,-424,-4,0,-428,-420,12,-416
926,0x55f1e29632bb,R,0x7ffdd749fa5c,1,-8,-8,-20,428,428,392,-4,-8,-8,-8,-8,400,-20,-8,-20,404,8,-424,20,8,20,-420,8,8,8,-416,20,8,-420,8,8,-408
929,0x55f1e2963294,R,0x7ffdd749fa64,1,8,0,0,436,436,0,-12,0,0,404,8,408,0,0,400,412,-4,-432,-432,0,0,-428,-8,0,-4,-424,12,-420,12,0,0,0
932,0x55f1e2963298,R,0x7ffdd749fa60,1,-4,-4,-4,432,-16,-4,-16,396,0,400,4,-4,-4,-4,-16,408,16,-428,16,4,4,-424,4,4,0,4,-424,-416,16,-412,4,4
935,0x55f1e296329d,R,0x7ffdd749fa70,1,16,12,20,448,12,12,448,412,16,12,12,12,12,420,12,424,-444,-444,-12,-12,-20,-440,-12,-436,0,-12,-440,-12,-12,-428,-20,-12
938,0x55f1e29632a4,R,0x7ffdd749f8b4,1,-444,-432,-432,4,-432,-432,-444,-32,-444,-432,-432,-28,-424,-24,-432,-432,444,0,432,432,424,432,428,8,444,12,444,432,432,16,432,432
941,0x55f1e29632aa,R,0x7ffdd749fa70,1,444,12,16,448,20,12,12,412,448,12,16,416,20,12,12,12,-12,-444,-12,-440,-12,-12,-16,-12,-440,-432,-12,-12,-20,-428,-16,-12
944,0x55f1e29632b1,W,0x7ffdd749f8b4,1,-444,-432,-444,4,-432,-432,-432,-32,-444,-432,-444,-28,-432,-432,-432,-24,432,432,424,4,432,8,444,432,444,12,432,432,432,16,444,432
946,0x55f1e29632b4,R,0x7ffdd749fa64,1,-12,432,432,436,4,0,8,400,0,0,436,404,4,0,8,408,0,0,-8,0,-4,-424,-428,0,0,-420,-8,0,-4,-416,-424,0
947,0x55f1e29632b4,W,0x7ffdd749fa64,1,0,432,432,0,-12,0,0,400,0,0,-12,404,-12,0,0,408,0,-428,0,0,12,-424,12,0,0,-420,0,0,12,-416,12,0
949,0x55f1e29632b8,R,0x7ffdd749fa64,1,0,0,-12,0,-12,436,4,400,8,0,0,404,436,0,4,408,-8,-428,-4,0,-428,-424,0,0,-8,-420,-4,0,-424,-416,12,-412
951,0x55f1e29632bb,R,0x7ffdd749fa5c,1,-8,-8,-20,424,424,428,-4,-8,-8,-8,-8,396,-20,-8,-20,400,8,-420,20,8,20,-416,8,8,8,-412,20,8,-416,8,8,-404
954,0x55f1e2963294,R,0x7ffdd749fa64,1,8,0,0,432,432,0,-12,0,0,400,8,404,0,0,436,408,-4,-428,-428,0,0,-424,-8,0,-4,-420,12,-416,12,0,0,0
957,0x55f1e2963298,R,0x7ffdd749fa60,1,-4,-4,-4,428,-16,-4,-16,432,0,396,4,-4,-4,-4,-16,404,16,-424,16,4,4,-420,4,4,0,4,-420,-412,16,-408,4,4
960,0x55f1e296329d,R,0x7ffdd749fa70,1,16,12,20,444,12,12,444,448,16,12,12,12,12,416,12,420,-440,-440,-12,-12,-20,-436,-12,-432,0,-12,-436,-12,-12,-424,-20,-12
963,0x55f1e29632a4,R,0x7ffdd749f8b8,1,-440,-428,-428,4,-428,-428,-440,8,-440,-428,-428,-28,-420,-24,-428,-428,440,0,428,428,420,428,424,8,440,12,440,428,428,16,428,428
966,0x55f1e29632aa,R,0x7ffdd749fa70,1,440,12,16,444,20,12,12,448,444,12,16,412,20,12,12,12,-12,-440,-12,-436,-12,-12,-16,-12,-436,-428,-12,-12,-20,-424,-16,-12
969,0x55f1e29632b1,W,0x7ffdd749f8b8,1,-440,-428,-440,4,-428,-428,-428,8,-440,-428,-440,-28,-428,-428,-428,-24,428,428,420,4,428,8,440,428,440,12,428,428,428,16,440,428
971,0x55f1e29632b4,R,0x7ffdd749fa64,1,-12,428,428,432,4,0,8,436,0,0,432,400,4,0,8,404,0,0,-8,0,-4,-420,-424,0,0,-416,-8,0,-4,-412,-420,0
972,0x55f1e29632b4,W,0x7ffdd749fa64,1,0,428,428,0,-12,0,0,436,0,0,-12,400,-12,0,0,404,0,-424,0,0,12,-420,12,0,0,-416,0,0,12,-412,12,0
974,0x55f1e29632b8,R,0x7ffdd749fa64,1,0,0,-12,0,-12,432,4,436,8,0,0,400,432,0,4,404,-8,-424,-4,0,-424,-420,0,0,-8,-416,-4,0,-420,-412,12,-408
976,0x55f1e29632bb,R,0x7ffdd749fa5c,1,-8,-8,-20,420,420,424,-4,-8,-8,-8,-8,392,-20,-8,-20,396,8,-416,20,8,20,-412,8,8,8,-408,20,8,-412,8,8,-400
979,0x55f1e2963294,R,0x7ffdd749fa64,1,8,0,0,428,428,0,-12,0,0,436,8,400,0,0,432,404,-4,-424,-424,0,0,-420,-8,0,-4,-416,12,-412,12,0,0,0
982,0x55f1e2963298,R,0x7ffdd749fa60,1,-4,-4,-4,424,-16,-4,-16,428,0,432,4,-4,-4,-4,-16,400,16,-420,16,4,4,-416,4,4,0,4,-416,-408,16,-404,4,4
985,0x55f1e296329d,R,0x7ffdd749fa70,1,16,12,20,440,12,12,440,444,16,12,12,12,12,412,12,416,-436,-436,-12,-12,-20,-432,-12,-428,0,-12,-432,-12,-12,-420,-20,-12
988,0x55f1e29632a4,R,0x7ffdd749f8bc,1,-436,-424,-424,4,-424,-424,-436,8,-436,-424,-424,12,-416,-24,-424,-424,436,0,424,424,416,424,420,8,436,12,436,424,424,16,424,424
991,0x55f1e29632aa,R,0x7ffdd749fa70,1,436,12,16,440,20,12,12,444,440,12,16,448,20,12,12,12,-12,-436,-12,-432,-12,-12,-16,-12,-432,-424,-12,-12,-20,-420,-16,-12
994,0x55f1e29632b1,W,0x7ffdd749f8bc,1,-436,-424,-436,4,-424,-424,-424,8,-436,-424,-436,12,-424,-424,-424,-24,424,424,416,4,424,8,436,424,436,12,424,424,424,16,436,424
996,0x55f1e29632b4,R,0x7ffdd749fa64,1,-12,424,424,428,4,0,8,432,0,0,428,436,4,0,8,400,0,0,-8,0,-4,-416,-420,0,0,-412,-8,0,-4,-408,-416,0
997,0x55f1e29632b4,W,0x7ffdd749fa64,1,0,424,424,0,-12,0,0,432,0,0,-12,436,-12,0,0,400,0,-420,0,0,12,-416,12,0,0,-412,0,0,12,-408,12,0
999,0x55f1e29632b8,R,0x7ffdd749fa64,1,0,0,-12,0,-12,428,4,432,8,0,0,436,428,0,4,400,-8,-420,-4,0,-420,-416,0,0,-8,-412,-4,0,-416,-408,12,-404
1001,0x55f1e29632bb,R,0x7ffdd749fa5c,1,-8,-8,-20,416,416,420,-4,-8,-8,-8,-8,428,-20,-8,-20,392,8,-412,20,8,20,-408,8,8,8,-404,20,8,-408,8,8,-396
1004,0x55f1e2963294,R,0x7ffdd749fa64,1,8,0,0,424,424,0,-12,0,0,432,8,436,0,0,428,400,-4,-420,-420,0,0,-416,-8,0,-4,-412,12,-408,12,0,0,0
1007,0x55f1e2963298,R,0x7ffdd749fa60,1,-4,-4,-4,420,-16,-4,-16,424,0,428,4,-4,-4,-4,-16,396,16,-416,16,4,4,-412,4,4,0,4,-412,-404,16,-400,4,4
1010,0x55f1e296329d,R,0x7ffdd749fa70,1,16,12,20,436,12,12,436,440,16,12,12,12,12,448,12,412,-432,-432,-12,-12,-20,-428,-12,-424,0,-12,-428,-12,-12,-416,-20,-12
1013,0x55f1e29632a4,R,0x7ffdd749f8c0,1,-432,-420,-420,4,-420,-420,-432,8,-432,-420,-420,12,-412,16,-420,-420,432,0,420,420,412,420,416,8,432,12,432,420,420,16,420,420
1016,0x55f1e29632aa,R,0x7ffdd749fa70,1,432,12,16,436,20,12,12,440,436,12,16,444,20,12,12,12,-12,-432,-12,-428,-12,-12,-16,-12,-428,-420,-12,-12,-20,-416,-16,-12
1019,0x55f1e29632b1,W,0x7ffdd749f8c0,1,-432,-420,-432,4,-420,-420,-420,8,-432,-420,-432,12,-420,-420,-420,16,420,420,412,4,420,8,432,420,432,12,420,420,420,16,432,420
1021,0x55f1e29632b4,R,0x7ffdd749fa64,1,-12,420,420,424,4,0,8,428,0,0,424,432,4,0,8,436,0,0,-8,0,-4,-412,-416,0,0,-408,-8,0,-4,-404,-412,0
1022,0x55f1e29632b4,W,0x7ffdd749fa64,1,0,420,420,0,-12,0,0,428,0,0,-12,432,-12,0,0,436,0,-416,0,0,12,-412,12,0,0,-408,0,0,12,-404,12,0
1024,0x55f1e29632b8,R,0x7ffdd749fa64,1,0,0,-12,0,-12,424,4,428,8,0,0,432,424,0,4,436,-8,-416,-4,0,-416,-412,0,0,-8,-408,-4,0,-412,-404,12,-400
1026,0x55f1e29632bb,R,0x7ffdd749fa5c,1,-8,-8,-20,412,412,416,-4,-8,-8,-8,-8,424,-20,-8,-20,428,8,-408,20,8,20,-404,8,8,8,-400,20,8,-404,8,8,-392
1029,0x55f1e2963294,R,0x7ffdd749fa64,1,8,0,0,420,420,0,-12,0,0,428,8,432,0,0,424,436,-4,-416,-416,0,0,-412,-8,0,-4,-408,12,-404,12,0,0,0
1032,0x55f1e2963298,R,0x7ffdd749fa60,1,-4,-4,-4,416,-16,-4,-16,420,0,424,4,-4,-4,-4,-16,432,16,-412,16,4,4,-408,4,4,0,4,-408,-400,16,-396,4,4
1035,0x55f1e296329d,R,0x7ffdd749fa70,1,16,12,20,432,12,12,432,436,16,12,12,12,12,444,12,448,-428,-428,-12,-12,-20,-424,-12,-420,0,-12,-424,-12,-12,-412,-20,-12
1038,0x55f1e29632a4,R,0x7ffdd749f8c4,1,-428,-416,-416,4,-416,-416,-428,8,-428,-416,-416,12,-408,16,-416,-416,428,0,416,416,408,416,412,8,428,12,428,416,416,16,416,416
1041,0x55f1e29632aa,R,0x7ffdd749fa70,1,428,12,16,432,20,12,12,436,432,12,16,440,20,12,12,12,-12,-428,-12,-424,-12,-12,-16,-12,-424,-416,-12,-12,-20,-412,-16,-12
1044,0x55f1e29632b1,W,0x7ffdd749f8c4,1,-428,-416,-428,4,-416,-416,-416,8,-428,-416,-428,12,-416,-416,-416,16,416,416,408,4,416,8,428,416,428,12,416,416,416,16,428,416
1046,0x55f1e29632b4,R,0x7ffdd749fa64,1,-12,416,416,420,4,0,8,424,0,0,420,428,4,0,8,432,0,0,-8,0,-4,-408,-412,0,0,-404,-8,0,-4,-400,-408,0
1047,0x55f1e29632b4,W,0x7ffdd749fa64,1,0,416,416,0,-12,0,0,424,0,0,-12,428,-12,0,0,432,0,-412,0,0,12,-408,12,0,0,-404,0,0,12,-400,12,0
1049,0x55f1e29632b8,R,0x7ffdd749fa64,1,0,0,-12,0,-12,420,4,424,8,0,0,428,420,0,4,432,-8,-412,-4,0,-412,-408,0,0,-8,-404,-4,0,-408,-400,12,-436
1051,0x55f1e29632bb,R,0x7ffdd749fa5c,1,-8,-8,-20,408,408,412,-4,-8,-8,-8,-8,420,-20,-8,-20,424,8,-404,20,8,20,-400,8,8,8,-396,20,8,-400,8,8,-428
1054,0x55f1e2963294,R,0x7ffdd749fa64,1,8,0,0,416,416,0,-12,0,0,424,8,428,0,0,420,432,-4,-412,-412,0,0,-408,-8,0,-4,-404,12,-400,12,0,0,0
1057,0x55f1e2963298,R,0x7ffdd749fa60,1,-4,-4,-4,412,-16,-4,-16,416,0,420,4,-4,-4,-4,-16,428,16,-408,16,4,4,-404,4,4,0,4,-404,-396,16,-432,4,4
1060,0x55f1e296329d,R,0x7ffdd749fa70,1,16,12,20,428,12,12,428,432,16,12,12,12,12,440,12,444,-424,-424,-12,-12,-20,-420,-12,-416,0,-12,-420,-12,-12,-448,-20,-12
1063,0x55f1e29632a4,R,0x7ffdd749f8c8,1,-424,-412,-412,4,-412,-412,-424,8,-424,-412,-412,12,-404,16,-412,-412,424,0,412,412,404,412,408,8,424,12,424,412,412,-24,412,412
1066,0x55f1e29632aa,R,0x7ffdd749fa70,1,424,12,16,428,20,12,12,432,428,12,16,436,20,12,12,12,-12,-424,-12,-420,-12,-12,-16,-12,-420,-412,-12,-12,-20,-448,-16,-12
1069,0x55f1e29632b1,W,0x7ffdd749f8c8,1,-424,-412,-424,4,-412,-412,-412,8,-424,-412,-424,12,-412,-412,-412,16,412,412,404,4,412,8,424,412,424,12,412,412,412,-24,424,412
1071,0x55f1e29632b4,R,0x7ffdd749fa64,1,-12,412,412,416,4,0,8,420,0,0,416,424,4,0,8,428,0,0,-8,0,-4,-404,-408,0,0,-400,-8,0,-4,-436,-404,0
1072,0x55f1e29632b4,W,0x7ffdd749fa64,1,0,412,412,0,-12,0,0,420,0,0,-12,424,-12,0,0,428,0,-408,0,0,12,-404,12,0,0,-400,0,0,12,-436,12,0
1074,0x55f1e29632b8,R,0x7ffdd749fa64,1,0,0,-12,0,-12,416,4,420,8,0,0,424,416,0,4,428,-8,-408,-4,0,-408,-404,0,0,-8,-400,-4,0,-404,-436,12,-432
1076,0x55f1e29632bb,R,0x7ffdd749fa5c,1,-8,-8,-20,404,404,408,-4,-8,-8,-8,-8,416,-20,-8,-20,420,8,-400,20,8,20,-396,8,8,8,-392,20,8,-396,8,8,-424
1079,0x55f1e2963294,R,0x7ffdd749fa64,1,8,0,0,412,412,0,-12,0,0,420,8,424,0,0,416,428,-4,-408,-408,0,0,-404,-8,0,-4,-400,12,-436,12,0,0,0
1082,0x55f1e2963298,R,0x7ffdd749fa60,1,-4,-4,-4,408,-16,-4,-16,412,0,416,4,-4,-4,-4,-16,424,16,-404,16,4,4,-400,4,4,0,4,-400,-432,16,-428,4,4
1085,0x55f1e296329d,R,0x7ffdd749fa70,1,16,12,20,424,12,12,424,428,16,12,12,12,12,436,12,440,-420,-420,-12,-12,-20,-416,-12,-412,0,-12,-416,-12,-12,-444,-20,-12
1088,0x55f1e29632a4,R,0x7ffdd749f8cc,1,-420,-408,-408,4,-408,-408,-420,8,-420,-408,-408,12,-400,16,-408,-408,420,0,408,408,400,408,404,8,420,-28,420,408,408,-24,408,408
1091,0x55f1e29632aa,R,0x7ffdd749fa70,1,420,12,16,424,20,12,12,428,424,12,16,432,20,12,12,12,-12,-420,-12,-416,-12,-12,-16,-12,-416,-448,-12,-12,-20,-444,-16,-12
1094,0x55f1e29632b1,W,0x7ffdd749f8cc,1,-420,-408,-420,4,-408,-408,-408,8,-420,-408,-420,12,-408,-408,-408,16,408,408,400,4,408,8,420,408,420,-28,408,408,408,-24,420,408
1096,0x55f1e29632b4,R,0x7ffdd749fa64,1,-12,408,408,412,4,0,8,416,0,0,412,420,4,0,8,424,0,0,-8,0,-4,-400,-404,0,0,-436,-8,0,-4,-432,-400,0
1097,0x55f1e29632b4,W,0x7ffdd749fa64,1,0,408,408,0,-12,0,0,416,0,0,-12,420,-12,0,0,424,0,-404,0,0,12,-400,12,0,0,-436,0,0,12,-432,12,0
1099,0x55f1e29632b8,R,0x7ffdd749fa64,1,0,0,-12,0,-12,412,4,416,8,0,0,420,412,0,4,424,-8,-404,-4,0,-404,-400,0,0,-8,-436,-4,0,-400,-432,12,-428
1101,0x55f1e29632bb,R,0x7ffdd749fa5c,1,-8,-8,-20,400,400,404,-4,-8,-8,-8,-8,412,-20,-8,-20,416,8,-396,20,8,20,-392,8,8,8,-428,20,8,-392,8,8,-420
1104,0x55f1e2963294,R,0x7ffdd749fa64,1,8,0,0,408,408,0,-12,0,0,416,8,420,0,0,412,424,-4,-404,-404,0,0,-400,-8,0,-4,-436,12,-432,12,0,0,0
1107,0x55f1e2963298,R,0x7ffdd749fa60,1,-4,-4,-4,404,-16,-4,-16,408,0,412,4,-4,-4,-4,-16,420,16,-400,16,4,4,-396,4,4,0,4,-396,-428,16,-424,4,4
1110,0x55f1e296329d,R,0x7ffdd749fa70,1,16,12,20,420,12,12,420,424,16,12,12,12,12,432,12,436,-416,-416,-12,-12,-20,-412,-12,-448,0,-12,-412,-12,-12,-440,-20,-12
1113,0x55f1e29632a4,R,0x7ffdd749f8d0,1,-416,-404,-404,4,-404,-404,-416,8,-416,-404,-404,12,-396,16,-404,-404,416,0,404,404,396,404,400,-32,416,-28,416,404,404,-24,404,404
1116,0x55f1e29632aa,R,0x7ffdd749fa70,1,416,12,16,420,20,12,12,424,420,12,16,428,20,12,12,12,-12,-416,-12,-412,-12,-12,-16,-12,-412,-444,-12,-12,-20,-440,-16,-12
1119,0x55f1e29632b1,W,0x7ffdd749f8d0,1,-416,-404,-416,4,-404,-404,-404,8,-416,-404,-416,12,-404,-404,-404,16,404,404,396,4,404,-32,416,404,416,-28,404,404,404,-24,416,404
1121,0x55f1e29632b4,R,0x7ffdd749fa64,1,-12,404,404,408,4,0,8,412,0,0,408,416,4,0,8,420,0,0,-8,0,-4,-436,-400,0,0,-432,-8,0,-4,-428,-436,0
1122,0x55f1e29632b4,W,0x7ffdd749fa64,1,0,404,404,0,-12,0,0,412,0,0,-12,416,-12,0,0,420,0,-400,0,0,12,-436,12,0,0,-432,0,0,12,-428,12,0
1124,0x55f1e29632b8,R,0x7ffdd749fa64,1,0,0,-12,0,-12,408,4,412,8,0,0,416,408,0,4,420,-8,-400,-4,0,-400,-436,0,0,-8,-432,-4,0,-436,-428,12,-424
1126,0x55f1e29632bb,R,0x7ffdd749fa5c,1,-8,-8,-20,396,396,400,-4,-8,-8,-8,-8,408,-20,-8,-20,412,8,-392,20,8,20,-428,8,8,8,-424,20,8,-428,8,8,-416
1129,0x55f1e2963294,R,0x7ffdd749fa64,1,8,0,0,404,404,0,-12,0,0,412,8,416,0,0,408,420,-4,-400,-400,0,0,-436,-8,0,-4,-432,12,-428,12,0,0,0
1132,0x55f1e2963298,R,0x7ffdd749fa60,1,-4,-4,-4,400,-16,-4,-16,404,0,408,4,-4,-4,-4,-16,416,16,-396,16,4,4,-432,4,4,0,4,-432,-424,16,-420,4,4
1135,0x55f1e296329d,R,0x7ffdd749fa70,1,16,12,20,416,12,12,416,420,16,12,12,12,12,428,12,432,-412,-412,-12,-12,-20,-448,-12,-444,0,-12,-448,-12,-12,-436,-20,-12
1138,0x55f1e29632a4,R,0x7ffdd749f8d4,1,-412,-400,-400,4,-400,-400,-412,8,-412,-400,-400,12,-392,16,-400,-400,412,0,400,400,392,400,396,-32,412,-28,412,400,400,-24,400,400
1141,0x55f1e29632aa,R,0x7ffdd749fa70,1,412,12,16,416,20,12,12,420,416,12,16,424,20,12,12,12,-12,-412,-12,-448,-12,-12,-16,-12,-448,-440,-12,-12,-20,-436,-16,-12
1144,0x55f1e29632b1,W,0x7ffdd749f8d4,1,-412,-400,-412,4,-400,-400,-400,8,-412,-400,-412,12,-400,-400,-400,16,400,400,392,-36,400,-32,412,400,412,-28,400,400,400,-24,412,400
1146,0x55f1e29632b4,R,0x7ffdd749fa64,1,-12,400,400,404,4,0,8,408,0,0,404,412,4,0,8,416,0,0,-8,0,-4,-432,-436,0,0,-428,-8,0,-4,-424,-432,0
1147,0x55f1e29632b4,W,0x7ffdd749fa64,1,0,400,400,0,-12,0,0,408,0,0,-12,412,-12,0,0,416,0,-436,0,0,12,-432,12,0,0,-428,0,0,12,-424,12,0
1149,0x55f1e29632b8,R,0x7ffdd749fa64,1,0,0,-12,0,-12,404,4,408,8,0,0,412,404,0,4,416,-8,-436,-4,0,-436,-432,0,0,-8,-428,-4,0,-432,-424,12,-420
1151,0x55f1e29632bb,R,0x7ffdd749fa5c,1,-8,-8,-20,392,392,396,-4,-8,-8,-8,-8,404,-20,-8,-20,408,8,-428,20,8,20,-424,8,8,8,-420,20,8,-424,8,8,-412
1154,0x55f1e2963294,R,0x7ffdd749fa64,1,8,0,0,400,400,0,-12,0,0,408,8,412,0,0,404,416,-4,-436,-436,0,0,-432,-8,0,-4,-428,12,-424,12,0,0,0
1157,0x55f1e2963298,R,0x7ffdd749fa60,1,-4,-4,-4,396,-16,-4,-16,400,0,404,4,-4,-4,-4,-16,412,16,-432,16,4,4,-428,4,4,0,4,-428,-420,16,-416,4,4
1160,0x55f1e296329d,R,0x7ffdd749fa70,1,16,12,20,412,12,12,412,416,16,12,12,12,12,424,12,428,-448,-448,-12,-12,-20,-444,-12,-440,0,-12,-444,-12,-12,-432,-20,-12
1163,0x55f1e29632a4,R,0x7ffdd749f8b0,1,-448,-436,-436,-36,-436,-436,-448,-32,-448,-436,-436,-28,-428,-24,-436,-436,448,0,436,436,428,436,432,8,448,12,448,436,436,16,436,436
1166,0x55f1e29632aa,R,0x7ffdd749fa70,1,448,12,16,412,20,12,12,416,412,12,16,420,20,12,12,12,-12,-448,-12,-444,-12,-12,-16,-12,-444,-436,-12,-12,-20,-432,-16,-12
1169,0x55f1e29632b1,W,0x7ffdd749f8b0,1,-448,-436,-448,-36,-436,-436,-436,-32,-448,-436,-448,-28,-436,-436,-436,-24,436,436,428,4,436,8,448,436,448,12,436,436,436,16,448,436
1171,0x55f1e29632b4,R,0x7ffdd749fa64,1,-12,436,436,400,4,0,8,404,0,0,400,408,4,0,8,412,0,0,-8,0,-4,-428,-432,0,0,-424,-8,0,-4,-420,-428,0
1172,0x55f1e29632b4,W,0x7ffdd749fa64,1,0,436,436,0,-12,0,0,404,0,0,-12,408,-12,0,0,412,0,-432,0,0,12,-428,12,0,0,-424,0,0,12,-420,12,0
1174,0x55f1e29632b8,R,0x7ffdd749fa64,1,0,0,-12,0,-12,400,4,404,8,0,0,408,400,0,4,412,-8,-432,-4,0,-432,-428,0,0,-8,-424,-4,0,-428,-420,12,-416
1176,0x55f1e29632bb,R,0x7ffdd749fa5c,1,-8,-8,-20,428,428,392,-4,-8,-8,-8,-8,400,-20,-8,-20,404,8,-424,20,8,20,-420,8,8,8,-416,20,8,-420,8,8,-408
1179,0x55f1e2963294,R,0x7ffdd749fa64,1,8,0,0,436,436,0,-12,0,0,404,8,408,0,0,400,412,-4,-432,-432,0,0,-428,-8,0,-4,-424,12,-420,12,0,0,0
1182,0x55f1e2963298,R,0x7ffdd749fa60,1,-4,-4,-4,432,-16,-4,-16,396,0,400,4,-4,-4,-4,-16,408,16,-428,16,4,4,-424,4,4,0,4,-424,-416,16,-412,4,4
1185,0x55f1e296329d,R,0x7ffdd749fa70,1,16,12,20,448,12,12,448,412,16,12,12,12,12,420,12,424,-444,-444,-12,-12,-20,-440,-12,-436,0,-12,-440,-12,-12,-428,-20,-12
1188,0x55f1e29632a4,R,0x7ffdd749f8b4,1,-444,-432,-432,4,-432,-432,-444,-32,-444,-432,-432,-28,-424,-24,-432,-432,444,0,432,432,424,432,428,8,444,12,444,432,432,16,432,432
1191,0x55f1e29632aa,R,0x7ffdd749fa70,1,444,12,16,448,20,12,12,412,448,12,16,416,20,12,12,12,-12,-444,-12,-440,-12,-12,-16,-12,-440,-432,-12,-12,-20,-428,-16,-12
1194,0x55f1e29632b1,W,0x7ffdd749f8b4,1,-444,-432,-444,4,-432,-432,-432,-32,-444,-432,-444,-28,-432,-432,-432,-24,432,432,424,4,432,8,444,432,444,12,432,432,432,16,444,432
1196,0x55f1e29632b4,R,0x7ffdd749fa64,1,-12,432,432,436,4,0,8,400,0,0,436,404,4,0,8,408,0,0,-8,0,-4,-424,-428,0,0,-420,-8,0,-4,-416,-424,0
1197,0x55f1e29632b4,W,0x7ffdd749fa64,1,0,432,432,0,-12,0,0,400,0,0,-12,404,-12,0,0,408,0,-428,0,0,12,-424,12,0,0,-420,0,0,12,-416,12,0
1199,0x55f1e29632b8,R,0x7ffdd749fa64,1,0,0,-12,0,-12,436,4,400,8,0,0,404,436,0,4,408,-8,-428,-4,0,-428,-424,0,0,-8,-420,-4,0,-424,-416,12,-412
1201,0x55f1e29632bb,R,0x7ffdd749fa5c,1,-8,-8,-20,424,424,428,-4,-8,-8,-8,-8,396,-20,-8,-20,400,8,-420,20,8,20,-416,8,8,8,-412,20,8,-416,8,8,-404
1204,0x55f1e2963294,R,0x7ffdd749fa64,1,8,0,0,432,432,0,-12,0,0,400,8,404,0,0,436,408,-4,-428,-428,0,0,-424,-8,0,-4,-420,12,-416,12,0,0,0
1207,0x55f1e2963298,R,0x7ffdd749fa60,1,-4,-4,-4,428,-16,-4,-16,432,0,396,4,-4,-4,-4,-16,404,16,-424,16,4,4,-420,4,4,0,4,-420,-412,16,-408,4,4
1210,0x55f1e296329d,R,0x7ffdd749fa70,1,16,12,20,444,12,12,444,448,16,12,12,12,12,416,12,420,-440,-440,-12,-12,-20,-436,-12,-432,0,-12,-436,-12,-12,-424,-20,-12
1213,0x55f1e29632a4,R,0x7ffdd749f8b8,1,-440,-428,-428,4,-428,-428,-440,8,-440,-428,-428,-28,-420,-24,-428,-428,440,0,428,428,420,428,424,8,440,12,440,428,428,16,428,428
1216,0x55f1e29632aa,R,0x7ffdd749fa70,1,440,12,16,444,20,12,12,448,444,12,16,412,20,12,12,12,-12,-440,-12,-436,-12,-12,-16,-12,-436,-428,-12,-12,-20,-424,-16,-12
1219,0x55f1e29632b1,W,0x7ffdd749f8b8,1,-440,-428,-440,4,-428,-428,-428,8,-440,-428,-440,-28,-428,-428,-428,-24,428,428,420,4,428,8,440,428,440,12,428,428,428,16,440,428
1221,0x55f1e29632b4,R,0x7ffdd749fa64,1,-12,428,428,432,4,0,8,436,0,0,432,400,4,0,8,404,0,0,-8,0,-4,-420,-424,0,0,-416,-8,0,-4,-412,-420,0
1222,0x55f1e29632b4,W,0x7ffdd749fa64,1,0,428,428,0,-12,0,0,436,0,0,-12,400,-12,0,0,404,0,-424,0,0,12,-420,12,0,0,-416,0,0,12,-412,12,0
1224,0x55f1e29632b8,R,0x7ffdd749fa64,1,0,0,-12,0,-12,432,4,436,8,0,0,400,432,0,4,404,-8,-424,-4,0,-424,-420,0,0,-8,-416,-4,0,-420,-412,12,-408
1226,0x55f1e29632bb,R,0x7ffdd749fa5c,1,-8,-8,-20,420,420,424,-4,-8,-8,-8,-8,392,-20,-8,-20,396,8,-416,20,8,20,-412,8,8,8,-408,20,8,-412,8,8,-400
1229,0x55f1e2963294,R,0x7ffdd749fa64,1,8,0,0,428,428,0,-12,0,0,436,8,400,0,0,432,404,-4,-424,-424,0,0,-420,-8,0,-4,-416,12,-412,12,0,0,0
1232,0x55f1e2963298,R,0x7ffdd749fa60,1,-4,-4,-4,424,-16,-4,-16,428,0,432,4,-4,-4,-4,-16,400,16,-420,16,4,4,-416,4,4,0,4,-416,-408,16,-404,4,4
1235,0x55f1e296329d,R,0x7ffdd749fa70,1,16,12,20,440,12,12,440,444,16,12,12,12,12,412,12,416,-436,-436,-12,-12,-20,-432,-12,-428,0,-12,-432,-12,-12,-420,-20,-12
1238,0x55f1e29632a4,R,0x7ffdd749f8bc,1,-436,-424,-424,4,-424,-424,-436,8,-436,-424,-424,12,-416,-24,-424,-424,436,0,424,424,416,424,420,8,436,12,436,424,424,16,424,424
1241,0x55f1e29632aa,R,0x7ffdd749fa70,1,436,12,16,440,20,12,12,444,440,12,16,448,20,12,12,12,-12,-436,-12,-432,-12,-12,-16,-12,-432,-424,-12,-12,-20,-420,-16,-12
1244,0x55f1e29632b1,W,0x7ffdd749f8bc,1,-436,-424,-436,4,-424,-424,-424,8,-436,-424,-436,12,-424,-424,-424,-24,424,424,416,4,424,8,436,424,436,12,424,424,424,16,436,424
1246,0x55f1e29632b4,R,0x7ffdd749fa64,1,-12,424,424,428,4,0,8,432,0,0,428,436,4,0,8,400,0,0,-8,0,-4,-416,-420,0,0,-412,-8,0,-4,-408,-416,0
1247,0x55f1e29632b4,W,0x7ffdd749fa64,1,0,424,424,0,-12,0,0,432,0,0,-12,436,-12,0,0,400,0,-420,0,0,12,-416,12,0,0,-412,0,0,12,-408,12,0
1249,0x55f1e29632b8,R,0x7ffdd749fa64,1,0,0,-12,0,-12,428,4,432,8,0,0,436,428,0,4,400,-8,-420,-4,0,-420,-416,0,0,-8,-412,-4,0,-416,-408,12,-404
1251,0x55f1e29632bb,R,0x7ffdd749fa5c,1,-8,-8,-20,416,416,420,-4,-8,-8,-8,-8,428,-20,-8,-20,392,8,-412,20,8,20,-408,8,8,8,-404,20,8,-408,8,8,-396
1254,0x55f1e2963294,R,0x7ffdd749fa64,1,8,0,0,424,424,0,-12,0,0,432,8,436,0,0,428,400,-4,-420,-420,0,0,-416,-8,0,-4,-412,12,-408,12,0,0,0
1257,0x55f1e2963298,R,0x7ffdd749fa60,1,-4,-4,-4,420,-16,-4,-16,424,0,428,4,-4,-4,-4,-16,396,16,-416,16,4,4,-412,4,4,0,4,-412,-404,16,-400,4,4
1260,0x55f1e296329d,R,0x7ffdd749fa70,1,16,12,20,436,12,12,436,440,16,12,12,12,12,448,12,412,-432,-432,-12,-12,-20,-428,-12,-424,0,-12,-428,-12,-12,-416,-20,-12
1263,0x55f1e29632a4,R,0x7ffdd749f8c0,1,-432,-420,-420,4,-420,-420,-432,8,-432,-420,-420,12,-412,16,-420,-420,432,0,420,420,412,420,416,8,432,12,432,420,420,16,420,420
1266,0x55f1e29632aa,R,0x7ffdd749fa70,1,432,12,16,436,20,12,12,440,436,12,16,444,20,12,12,12,-12,-432,-12,-428,-12,-12,-16,-12,-428,-420,-12,-12,-20,-416,-16,-12
1269,0x55f1e29632b1,W,0x7ffdd749f8c0,1,-432,-420,-432,4,-420,-420,-420,8,-432,-420,-432,12,-420,-420,-420,16,420,420,412,4,420,8,432,420,432,12,420,420,420,16,432,420
1271,0x55f1e29632b4,R,0x7ffdd749fa64,1,-12,420,420,424,4,0,8,428,0,0,424,432,4,0,8,436,0,0,-8,0,-4,-412,-416,0,0,-408,-8,0,-4,-404,-412,0
1272,0x55f1e29632b4,W,0x7ffdd749fa64,1,0,420,420,0,-12,0,0,428,0,0,-12,432,-12,0,0,436,0,-416,0,0,12,-412,12,0,0,-408,0,0,12,-404,12,0
1274,0x55f1e29632b8,R,0x7ffdd749fa64,1,0,0,-12,0,-12,424,4,428,8,0,0,432,424,0,4,436,-8,-416,-4,0,-416,-412,0,0,-8,-408,-4,0,-412,-404,12,-400
1276,0x55f1e29632bb,R,0x7ffdd749fa5c,1,-8,-8,-20,412,412,416,-4,-8,-8,-8,-8,424,-20,-8,-20,428,8,-408,20,8,20,-404,8,8,8,-400,20,8,-404,8,8,-392
1279,0x55f1e2963294,R,0x7ffdd749fa64,1,8,0,0,420,420,0,-12,0,0,428,8,432,0,0,424,436,-4,-416,-416,0,0,-412,-8,0,-4,-408,12,-404,12,0,0,0
1282,0x55f1e2963298,R,0x7ffdd749fa60,1,-4,-4,-4,416,-16,-4,-16,420,0,424,4,-4,-4,-4,-16,432,16,-412,16,4,4,-408,4,4,0,4,-408,-400,16,-396,4,4
1285,0x55f1e296329d,R,0x7ffdd749fa70,1,16,12,20,432,12,12,432,436,16,12,12,12,12,444,12,448,-428,-428,-12,-12,-20,-424,-12,-420,0,-12,-424,-12,-12,-412,-20,-12
1288,0x55f1e29632a4,R,0x7ffdd749f8c4,1,-428,-416,-416,4,-416,-416,-428,8,-428,-416,-416,12,-408,16,-416,-416,428,0,416,416,408,416,412,8,428,12,428,416,416,16,416,416
1291,0x55f1e29632aa,R,0x7ffdd749fa70,1,428,12,16,432,20,12,12,436,432,12,16,440,20,12,12,12,-12,-428,-12,-424,-12,-12,-16,-12,-424,-416,-12,-12,-20,-412,-16,-12
1294,0x55f1e29632b1,W,0x7ffdd749f8c4,1,-428,-416,-428,4,-416,-416,-416,8,-428,-416,-428,12,-416,-416,-416,16,416,416,408,4,416,8,428,416,428,12,416,416,416,16,428,416
1296,0x55f1e29632b4,R,0x7ffdd749fa64,1,-12,416,416,420,4,0,8,424,0,0,420,428,4,0,8,432,0,0,-8,0,-4,-408,-412,0,0,-404,-8,0,-4,-400,-408,0
1297,0x55f1e29632b4,W,0x7ffdd749fa64,1,0,416,416,0,-12,0,0,424,0,0,-12,428,-12,0,0,432,0,-412,0,0,12,-408,12,0,0,-404,0,0,12,-400,12,0
1299,0x55f1e29632b8,R,0x7ffdd749fa64,1,0,0,-12,0,-12,420,4,424,8,0,0,428,420,0,4,432,-8,-412,-4,0,-412,-408,0,0,-8,-404,-4,0,-408,-400,12,-436
1301,0x55f1e29632bb,R,0x7ffdd749fa5c,1,-8,-8,-20,408,408,412,-4,-8,-8,-8,-8,420,-20,-8,-20,424,8,-404,20,8,20,-400,8,8,8,-396,20,8,-400,8,8,-428
1304,0x55f1e2963294,R,0x7ffdd749fa64,1,8,0,0,416,416,0,-12,0,0,424,8,428,0,0,420,432,-4,-412,-412,0,0,-408,-8,0,-4,-404,12,-400,12,0,0,0
1307,0x55f1e2963298,R,0x7ffdd749fa60,1,-4,-4,-4,412,-16,-4,-16,416,0,420,4,-4,-4,-4,-16,428,16,-408,16,4,4,-404,4,4,0,4,-404,-396,16,-432,4,4
1310,0x55f1e296329d,R,0x7ffdd749fa70,1,16,12,20,428,12,12,428,432,16,12,12,12,12,440,12,444,-424,-424,-12,-12,-20,-420,-12,-416,0,-12,-420,-12,-12,-448,-20,-12
1313,0x55f1e29632a4,R,0x7ffdd749f8c8,1,-424,-412,-412,4,-412,-412,-424,8,-424,-412,-412,12,-404,16,-412,-412,424,0,412,412,404,412,408,8,424,12,424,412,412,-24,412,412
1316,0x55f1e29632aa,R,0x7ffdd749fa70,1,424,12,16,428,20,12,12,432,428,12,16,436,20,12,12,12,-12,-424,-12,-420,-12,-12,-16,-12,-420,-412,-12,-12,-20,-448,-16,-12
1319,0x55f1e29632b1,W,0x7ffdd749f8c8,1,-424,-412,-424,4,-412,-412,-412,8,-424,-412,-424,12,-412,-412,-412,16,412,412,404,4,412,8,424,412,424,12,412,412,412,-24,424,412
1321,0x55f1e29632b4,R,0x7ffdd749fa64,1,-12,412,412,416,4,0,8,420,0,0,416,424,4,0,8,428,0,0,-8,0,-4,-404,-408,0,0,-400,-8,0,-4,-436,-404,0
1322,0x55f1e29632b4,W,0x7ffdd749fa64,1,0,412,412,0,-12,0,0,420,0,0,-12,424,-12,0,0,428,0,-408,0,0,12,-404,12,0,0,-400,0,0,12,-436,12,0
1324,0x55f1e29632b8,R,0x7ffdd749fa64,1,0,0,-12,0,-12,416,4,420,8,0,0,424,416,0,4,428,-8,-408,-4,0,-408,-404,0,0,-8,-400,-4,0,-404,-436,12,-432
1326,0x55f1e29632bb,R,0x7ffdd749fa5c,1,-8,-8,-20,404,404,408,-4,-8,-8,-8,-8,416,-20,-8,-20,420,8,-400,20,8,20,-396,8,8,8,-392,20,8,-396,8,8,-424
1329,0x55f1e2963294,R,0x7ffdd749fa64,1,8,0,0,412,412,0,-12,0,0,420,8,424,0,0,416,428,-4,-408,-408,0,0,-404,-8,0,-4,-400,12,-436,12,0,0,0
1332,0x55f1e2963298,R,0x7ffdd749fa60,1,-4,-4,-4,408,-16,-4,-16,412,0,416,4,-4,-4,-4,-16,424,16,-404,16,4,4,-400,4,4,0,4,-400,-432,16,-428,4,4
1335,0x55f1e296329d,R,0x7ffdd749fa70,1,16,12,20,424,12,12,424,428,16,12,12,12,12,436,12,440,-420,-420,-12,-12,-20,-416,-12,-412,0,-12,-416,-12,-12,-444,-20,-12
1338,0x55f1e29632a4,R,0x7ffdd749f8cc,1,-420,-408,-408,4,-408,-408,-420,8,-420,-408,-408,12,-400,16,-408,-408,420,0,408,408,400,408,404,8,420,-28,420,408,408,-24,408,408
1341,0x55f1e29632aa,R,0x7ffdd749fa70,1,420,12,16,424,20,12,12,428,424,12,16,432,20,12,12,12,-12,-420,-12,-416,-12,-12,-16,-12,-416,-448,-12,-12,-20,-444,-16,-12
1344,0x55f1e29632b1,W,0x7ffdd749f8cc,1,-420,-408,-420,4,-408,-408,-408,8,-420,-408,-420,12,-408,-408,-408,16,408,408,400,4,408,8,420,408,420,-28,408,408,408,-24,420,408
1346,0x55f1e29632b4,R,0x7ffdd749fa64,1,-12,408,408,412,4,0,8,416,0,0,412,420,4,0,8,424,0,0,-8,0,-4,-400,-404,0,0,-436,-8,0,-4,-432,-400,0
1347,0x55f1e29632b4,W,0x7ffdd749fa64,1,0,408,408,0,-12,0,0,416,0,0,-12,420,-12,0,0,424,0,-404,0,0,12,-400,12,0,0,-436,0,0,12,-432,12,0
1349,0x55f1e29632b8,R,0x7ffdd749fa64,1,0,0,-12,0,-12,412,4,416,8,0,0,420,412,0,4,424,-8,-404,-4,0,-404,-400,0,0,-8,-436,-4,0,-400,-432,12,-428
1351,0x55f1e29632bb,R,0x7ffdd749fa5c,1,-8,-8,-20,400,400,404,-4,-8,-8,-8,-8,412,-20,-8,-20,416,8,-396,20,8,20,-392,8,8,8,-428,20,8,-392,8,8,-420
1354,0x55f1e2963294,R,0x7ffdd749fa64,1,8,0,0,408,408,0,-12,0,0,416,8,420,0,0,412,424,-4,-404,-404,0,0,-400,-8,0,-4,-436,12,-432,12,0,0,0
1357,0x55f1e2963298,R,0x7ffdd749fa60,1,-4,-4,-4,404,-16,-4,-16,408,0,412,4,-4,-4,-4,-16,420,16,-400,16,4,4,-396,4,4,0,4,-396,-428,16,-424,4,4
1360,0x55f1e296329d,R,0x7ffdd749fa70,1,16,12,20,420,12,12,420,424,16,12,12,12,12,432,12,436,-416,-416,-12,-12,-20,-412,-12,-448,0,-12,-412,-12,-12,-440,-20,-12
1363,0x55f1e29632a4,R,0x7ffdd749f8d0,1,-416,-404,-404,4,-404,-404,-416,8,-416,-404,-404,12,-396,16,-404,-404,416,0,404,404,396,404,400,-32,416,-28,416,404,404,-24,404,404
1366,0x55f1e29632aa,R,0x7ffdd749fa70,1,416,12,16,420,20,12,12,424,420,12,16,428,20,12,12,12,-12,-416,-12,-412,-12,-12,-16,-12,-412,-444,-12,-12,-20,-440,-16,-12
1369,0x55f1e29632b1,W,0x7ffdd749f8d0,1,-416,-404,-416,4,-404,-404,-404,8,-416,-404,-416,12,-404,-404,-404,16,404,404,396,4,404,-32,416,404,416,-28,404,404,404,-24,416,404
1371,0x55f1e29632b4,R,0x7ffdd749fa64,1,-12,404,404,408,4,0,8,412,0,0,408,416,4,0,8,420,0,0,-8,0,-4,-436,-400,0,0,-432,-8,0,-4,-428,-436,0
1372,0x55f1e29632b4,W,0x7ffdd749fa64,1,0,404,404,0,-12,0,0,412,0,0,-12,416,-12,0,0,420,0,-400,0,0,12,-436,12,0,0,-432,0,0,12,-428,12,0
1374,0x55f1e29632b8,R,0x7ffdd749fa64,1,0,0,-12,0,-12,408,4,412,8,0,0,416,408,0,4,420,-8,-400,-4,0,-400,-436,0,0,-8,-432,-4,0,-436,-428,12,-424
1376,0x55f1e29632bb,R,0x7ffdd749fa5c,1,-8,-8,-20,396,396,400,-4,-8,-8,-8,-8,408,-20,-8,-20,412,8,-392,20,8,20,-428,8,8,8,-424,20,8,-428,8,8,-416
1379,0x55f1e2963294,R,0x7ffdd749fa64,1,8,0,0,404,404,0,-12,0,0,412,8,416,0,0,408,420,-4,-400,-400,0,0,-436,-8,0,-4,-432,12,-428,12,0,0,0
1382,0x55f1e2963298,R,0x7ffdd749fa60,1,-4,-4,-4,400,-16,-4,-16,404,0,408,4,-4,-4,-4,-16,416,16,-396,16,4,4,-432,4,4,0,4,-432,-424,16,-420,4,4
1385,0x55f1e296329d,R,0x7ffdd749fa70,1,16,12,20,416,12,12,416,420,16,12,12,12,12,428,12,432,-412,-412,-12,-12,-20,-448,-12,-444,0,-12,-448,-12,-12,-436,-20,-12
1388,0x55f1e29632a4,R,0x7ffdd749f8d4,1,-412,-400,-400,4,-400,-400,-412,8,-412,-400,-400,12,-392,16,-400,-400,412,0,400,400,392,400,396,-32,412,-28,412,400,400,-24,400,400
1391,0x55f1e29632aa,R,0x7ffdd749fa70,1,412,12,16,416,20,12,12,420,416,12,16,424,20,12,12,12,-12,-412,-12,-448,-12,-12,-16,-12,-448,-440,-12,-12,-20,-436,-16,-12
1394,0x55f1e29632b1,W,0x7ffdd749f8d4,1,-412,-400,-412,4,-400,-400,-400,8,-412,-400,-412,12,-400,-400,-400,16,400,400,392,-36,400,-32,412,400,412,-28,400,400,400,-24,412,400
1396,0x55f1e29632b4,R,0x7ffdd749fa64,1,-12,400,400,404,4,0,8,408,0,0,404,412,4,0,8,416,0,0,-8,0,-4,-432,-436,0,0,-428,-8,0,-4,-424,-432,0
1397,0x55f1e29632b4,W,0x7ffdd749fa64,1,0,400,400,0,-12,0,0,408,0,0,-12,412,-12,0,0,416,0,-436,0,0,12,-432,12,0,0,-428,0,0,12,-424,12,0
1399,0x55f1e29632b8,R,0x7ffdd749fa64,1,0,0,-12,0,-12,404,4,408,8,0,0,412,404,0,4,416,-8,-436,-4,0,-436,-432,0,0,-8,-428,-4,0,-432,-424,12,-420
1401,0x55f1e29632bb,R,0x7ffdd749fa5c,1,-8,-8,-20,392,392,396,-4,-8,-8,-8,-8,404,-20,-8,-20,408,8,-428,20,8,20,-424,8,8,8,-420,20,8,-424,8,8,-412
1404,0x55f1e2963294,R,0x7ffdd749fa64,1,8,0,0,400,400,0,-12,0,0,408,8,412,0,0,404,416,-4,-436,-436,0,0,-432,-8,0,-4,-428,12,-424,12,0,0,0
1407,0x55f1e2963298,R,0x7ffdd749fa60,1,-4,-4,-4,396,-16,-4,-16,400,0,404,4,-4,-4,-4,-16,412,16,-432,16,4,4,-428,4,4,0,4,-428,-420,16,-416,4,4
1410,0x55f1e296329d,R,0x7ffdd749fa70,1,16,12,20,412,12,12,412,416,16,12,12,12,12,424,12,428,-448,-448,-12,-12,-20,-444,-12,-440,0,-12,-444,-12,-12,-432,-20,-12
1413,0x55f1e29632a4,R,0x7ffdd749f8b0,1,-448,-436,-436,-36,-436,-436,-448,-32,-448,-436,-436,-28,-428,-24,-436,-436,448,0,436,436,428,436,432,8,448,12,448,436,436,16,436,436
1416,0x55f1e29632aa,R,0x7ffdd749fa70,1,448,12,16,412,20,12,12,416,412,12,16,420,20,12,12,12,-12,-448,-12,-444,-12,-12,-16,-12,-444,-436,-12,-12,-20,-432,-16,-12
1419,0x55f1e29632b1,W,0x7ffdd749f8b0,1,-448,-436,-448,-36,-436,-436,-436,-32,-448,-436,-448,-28,-436,-436,-436,-24,436,436,428,4,436,8,448,436,448,12,436,436,436,16,448,436
1421,0x55f1e29632b4,R,0x7ffdd749fa64,1,-12,436,436,400,4,0,8,404,0,0,400,408,4,0,8,412,0,0,-8,0,-4,-428,-432,0,0,-424,-8,0,-4,-420,-428,0
1422,0x55f1e29632b4,W,0x7ffdd749fa64,1,0,436,436,0,-12,0,0,404,0,0,-12,408,-12,0,0,412,0,-432,0,0,12,-428,12,0,0,-424,0,0,12,-420,12,0
1424,0x55f1e29632b8,R,0x7ffdd749fa64,1,0,0,-12,0,-12,400,4,404,8,0,0,408,400,0,4,412,-8,-432,-4,0,-432,-428,0,0,-8,-424,-4,0,-428,-420,12,-416
1426,0x55f1e29632bb,R,0x7ffdd749fa5c,1,-8,-8,-20,428,428,392,-4,-8,-8,-8,-8,400,-20,-8,-20,404,8,-424,20,8,20,-420,8,8,8,-416,20,8,-420,8,8,-408
1429,0x55f1e2963294,R,0x7ffdd749fa64,1,8,0,0,436,436,0,-12,0,0,404,8,408,0,0,400,412,-4,-432,-432,0,0,-428,-8,0,-4,-424,12,-420,12,0,0,0
1432,0x55f1e2963298,R,0x7ffdd749fa60,1,-4,-4,-4,432,-16,-4,-16,396,0,400,4,-4,-4,-4,-16,408,16,-428,16,4,4,-424,4,4,0,4,-424,-416,16,-412,4,4
1435,0x55f1e296329d,R,0x7ffdd749fa70,1,16,12,20,448,12,12,448,412,16,12,12,12,12,420,12,424,-444,-444,-12,-12,-20,-440,-12,-436,0,-12,-440,-12,-12,-428,-20,-12
1438,0x55f1e29632a4,R,0x7ffdd749f8b4,1,-444,-432,-432,4,-432,-432,-444,-32,-444,-432,-432,-28,-424,-24,-432,-432,444,0,432,432,424,432,428,8,444,12,444,432,432,16,432,432
1441,0x55f1e29632aa,R,0x7ffdd749fa70,1,444,12,16,448,20,12,12,412,448,12,16,416,20,12,12,12,-12,-444,-12,-440,-12,-12,-16,-12,-440,-432,-12,-12,-20,-428,-16,-12
1444,0x55f1e29632b1,W,0x7ffdd749f8b4,1,-444,-432,-444,4,-432,-432,-432,-32,-444,-432,-444,-28,-432,-432,-432,-24,432,432,424,4,432,8,444,432,444,12,432,432,432,16,444,432
1446,0x55f1e29632b4,R,0x7ffdd749fa64,1,-12,432,432,436,4,0,8,400,0,0,436,404,4,0,8,408,0,0,-8,0,-4,-424,-428,0,0,-420,-8,0,-4,-416,-424,0
1447,0x55f1e29632b4,W,0x7ffdd749fa64,1,0,432,432,0,-12,0,0,400,0,0,-12,404,-12,0,0,408,0,-428,0,0,12,-424,12,0,0,-420,0,0,12,-416,12,0
1449,0x55f1e29632b8,R,0x7ffdd749fa64,1,0,0,-12,0,-12,436,4,400,8,0,0,404,436,0,4,408,-8,-428,-4,0,-428,-424,0,0,-8,-420,-4,0,-424,-416,12,-412
1451,0x55f1e29632bb,R,0x7ffdd749fa5c,1,-8,-8,-20,424,424,428,-4,-8,-8,-8,-8,396,-20,-8,-20,400,8,-420,20,8,20,-416,8,8,8,-412,20,8,-416,8,8,-404
1454,0x55f1e2963294,R,0x7ffdd749fa64,1,8,0,0,432,432,0,-12,0,0,400,8,404,0,0,436,408,-4,-428,-428,0,0,-424,-8,0,-4,-420,12,-416,12,0,0,0
1457,0x55f1e2963298,R,0x7ffdd749fa60,1,-4,-4,-4,428,-16,-4,-16,432,0,396,4,-4,-4,-4,-16,404,16,-424,16,4,4,-420,4,4,0,4,-420,-412,16,-408,4,4
1460,0x55f1e296329d,R,0x7ffdd749fa70,1,16,12,20,444,12,12,444,448,16,12,12,12,12,416,12,420,-440,-440,-12,-12,-20,-436,-12,-432,0,-12,-436,-12,-12,-424,-20,-12
1463,0x55f1e29632a4,R,0x7ffdd749f8b8,1,-440,-428,-428,4,-428,-428,-440,8,-440,-428,-428,-28,-420,-24,-428,-428,440,0,428,428,420,428,424,8,440,12,440,428,428,16,428,428
1466,0x55f1e29632aa,R,0x7ffdd749fa70,1,440,12,16,444,20,12,12,448,444,12,16,412,20,12,12,12,-12,-440,-12,-436,-12,-12,-16,-12,-436,-428,-12,-12,-20,-424,-16,-12
1469,0x55f1e29632b1,W,0x7ffdd749f8b8,1,-440,-428,-440,4,-428,-428,-428,8,-440,-428,-440,-28,-428,-428,-428,-24,428,428,420,4,428,8,440,428,440,12,428,428,428,16,440,428
1471,0x55f1e29632b4,R,0x7ffdd749fa64,1,-12,428,428,432,4,0,8,436,0,0,432,400,4,0,8,404,0,0,-8,0,-4,-420,-424,0,0,-416,-8,0,-4,-412,-420,0
1472,0x55f1e29632b4,W,0x7ffdd749fa64,1,0,428,428,0,-12,0,0,436,0,0,-12,400,-12,0,0,404,0,-424,0,0,12,-420,12,0,0,-416,0,0,12,-412,12,0
1474,0x55f1e29632b8,R,0x7ffdd749fa64,1,0,0,-12,0,-12,432,4,436,8,0,0,400,432,0,4,404,-8,-424,-4,0,-424,-420,0,0,-8,-416,-4,0,-420,-412,12,-408
1476,0x55f1e29632bb,R,0x7ffdd749fa5c,1,-8,-8,-20,420,420,424,-4,-8,-8,-8,-8,392,-20,-8,-20,396,8,-416,20,8,20,-412,8,8,8,-408,20,8,-412,8,8,-400
1479,0x55f1e2963294,R,0x7ffdd749fa64,1,8,0,0,428,428,0,-12,0,0,436,8,400,0,0,432,404,-4,-424,-424,0,0,-420,-8,0,-4,-416,12,-412,12,0,0,0
1482,0x55f1e2963298,R,0x7ffdd749fa60,1,-4,-4,-4,424,-16,-4,-16,428,0,432,4,-4,-4,-4,-16,400,16,-420,16,4,4,-416,4,4,0,4,-416,-408,16,-404,4,4
1485,0x55f1e296329d,R,0x7ffdd749fa70,1,16,12,20,440,12,12,440,444,16,12,12,12,12,412,12,416,-436,-436,-12,-12,-20,-432,-12,-428,0,-12,-432,-12,-12,-420,-20,-12
1488,0x55f1e29632a4,R,0x7ffdd749f8bc,1,-436,-424,-424,4,-424,-424,-436,8,-436,-424,-424,12,-416,-24,-424,-424,436,0,424,424,416,424,420,8,436,12,436,424,424,16,424,424
1491,0x55f1e29632aa,R,0x7ffdd749fa70,1,436,12,16,440,20,12,12,444,440,12,16,448,20,12,12,12,-12,-436,-12,-432,-12,-12,-16,-12,-432,-424,-12,-12,-20,-420,-16,-12
1494,0x55f1e29632b1,W,0x7ffdd749f8bc,1,-436,-424,-436,4,-424,-424,-424,8,-436,-424,-436,12,-424,-424,-424,-24,424,424,416,4,424,8,436,424,436,12,424,424,424,16,436,424
1496,0x55f1e29632b4,R,0x7ffdd749fa64,1,-12,424,424,428,4,0,8,432,0,0,428,436,4,0,8,400,0,0,-8,0,-4,-416,-420,0,0,-412,-8,0,-4,-408,-416,0
1497,0x55f1e29632b4,W,0x7ffdd749fa64,1,0,424,424,0,-12,0,0,432,0,0,-12,436,-12,0,0,400,0,-420,0,0,12,-416,12,0,0,-412,0,0,12,-408,12,0
1499,0x55f1e29632b8,R,0x7ffdd749fa64,1,0,0,-12,0,-12,428,4,432,8,0,0,436,428,0,4,400,-8,-420,-4,0,-420,-416,0,0,-8,-412,-4,0,-416,-408,12,-404
1501,0x55f1e29632bb,R,0x7ffdd749fa5c,1,-8,-8,-20,416,416,420,-4,-8,-8,-8,-8,428,-20,-8,-20,392,8,-412,20,8,20,-408,8,8,8,-404,20,8,-408,8,8,-396
1504,0x55f1e2963294,R,0x7ffdd749fa64,1,8,0,0,424,424,0,-12,0,0,432,8,436,0,0,428,400,-4,-420,-420,0,0,-416,-8,0,-4,-412,12,-408,12,0,0,0
1507,0x55f1e2963298,R,0x7ffdd749fa60,1,-4,-4,-4,420,-16,-4,-16,424,0,428,4,-4,-4,-4,-16,396,16,-416,16,4,4,-412,4,4,0,4,-412,-404,16,-400,4,4
1510,0x55f1e296329d,R,0x7ffdd749fa70,1,16,12,20,436,12,12,436,440,16,12,12,12,12,448,12,412,-432,-432,-12,-12,-20,-428,-12,-424,0,-12,-428,-12,-12,-416,-20,-12
1513,0x55f1e29632a4,R,0x7ffdd749f8c0,1,-432,-420,-420,4,-420,-420,-432,8,-432,-420,-420,12,-412,16,-420,-420,432,0,420,420,412,420,416,8,432,12,432,420,420,16,420,420
1516,0x55f1e29632aa,R,0x7ffdd749fa70,1,432,12,16,436,20,12,12,440,436,12,16,444,20,12,12,12,-12,-432,-12,-428,-12,-12,-16,-12,-428,-420,-12,-12,-20,-416,-16,-12
1519,0x55f1e29632b1,W,0x7ffdd749f8c0,1,-432,-420,-432,4,-420,-420,-420,8,-432,-420,-432,12,-420,-420,-420,16,420,420,412,4,420,8,432,420,432,12,420,420,420,16,432,420
1521,0x55f1e29632b4,R,0x7ffdd749fa64,1,-12,420,420,424,4,0,8,428,0,0,424,432,4,0,8,436,0,0,-8,0,-4,-412,-416,0,0,-408,-8,0,-4,-404,-412,0
1522,0x55f1e29632b4,W,0x7ffdd749fa64,1,0,420,420,0,-12,0,0,428,0,0,-12,432,-12,0,0,436,0,-416,0,0,12,-412,12,0,0,-408,0,0,12,-404,12,0
1524,0x55f1e29632b8,R,0x7ffdd749fa64,1,0,0,-12,0,-12,424,4,428,8,0,0,432,424,0,4,436,-8,-416,-4,0,-416,-412,0,0,-8,-408,-4,0,-412,-404,12,-400
1526,0x55f1e29632bb,R,0x7ffdd749fa5c,1,-8,-8,-20,412,412,416,-4,-8,-8,-8,-8,424,-20,-8,-20,428,8,-408,20,8,20,-404,8,8,8,-400,20,8,-404,8,8,-392
1529,0x55f1e2963294,R,0x7ffdd749fa64,1,8,0,0,420,420,0,-12,0,0,428,8,432,0,0,424,436,-4,-416,-416,0,0,-412,-8,0,-4,-408,12,-404,12,0,0,0
1532,0x55f1e2963298,R,0x7ffdd749fa60,1,-4,-4,-4,416,-16,-4,-16,420,0,424,4,-4,-4,-4,-16,432,16,-412,16,4,4,-408,4,4,0,4,-408,-400,16,-396,4,4
1535,0x55f1e296329d,R,0x7ffdd749fa70,1,16,12,20,432,12,12,432,436,16,12,12,12,12,444,12,448,-428,-428,-12,-12,-20,-424,-12,-420,0,-12,-424,-12,-12,-412,-20,-12
1538,0x55f1e29632a4,R,0x7ffdd749f8c4,1,-428,-416,-416,4,-416,-416,-428,8,-428,-416,-416,12,-408,16,-416,-416,428,0,416,416,408,416,412,8,428,12,428,416,416,16,416,416
1541,0x55f1e29632aa,R,0x7ffdd749fa70,1,428,12,16,432,20,12,12,436,432,12,16,440,20,12,12,12,-12,-428,-12,-424,-12,-12,-16,-12,-424,-416,-12,-12,-20,-412,-16,-12
1544,0x55f1e29632b1,W,0x7ffdd749f8c4,1,-428,-416,-428,4,-416,-416,-416,8,-428,-416,-428,12,-416,-416,-416,16,416,416,408,4,416,8,428,416,428,12,416,416,416,16,428,416
1546,0x55f1e29632b4,R,0x7ffdd749fa64,1,-12,416,416,420,4,0,8,424,0,0,420,428,4,0,8,432,0,0,-8,0,-4,-408,-412,0,0,-404,-8,0,-4,-400,-408,0
1547,0x55f1e29632b4,W,0x7ffdd749fa64,1,0,416,416,0,-12,0,0,424,0,0,-12,428,-12,0,0,432,0,-412,0,0,12,-408,12,0,0,-404,0,0,12,-400,12,0
1549,0x55f1e29632b8,R,0x7ffdd749fa64,1,0,0,-12,0,-12,420,4,424,8,0,0,428,420,0,4,432,-8,-412,-4,0,-412,-408,0,0,-8,-404,-4,0,-408,-400,12,-436
1551,0x55f1e29632bb,R,0x7ffdd749fa5c,1,-8,-8,-20,408,408,412,-4,-8,-8,-8,-8,420,-20,-8,-20,424,8,-404,20,8,20,-400,8,8,8,-396,20,8,-400,8,8,-428
1554,0x55f1e2963294,R,0x7ffdd749fa64,1,8,0,0,416,416,0,-12,0,0,424,8,428,0,0,420,432,-4,-412,-412,0,0,-408,-8,0,-4,-404,12,-400,12,0,0,0
1557,0x55f1e2963298,R,0x7ffdd749fa60,1,-4,-4,-4,412,-16,-4,-16,416,0,420,4,-4,-4,-4,-16,428,16,-408,16,4,4,-404,4,4,0,4,-404,-396,16,-432,4,4
1560,0x55f1e296329d,R,0x7ffdd749fa70,1,16,12,20,428,12,12,428,432,16,12,12,12,12,440,12,444,-424,-424,-12,-12,-20,-420,-12,-416,0,-12,-420,-12,-12,-448,-20,-12
1563,0x55f1e29632a4,R,0x7ffdd749f8c8,1,-424,-412,-412,4,-412,-412,-424,8,-424,-412,-412,12,-404,16,-412,-412,424,0,412,412,404,412,408,8,424,12,424,412,412,-24,412,412
1566,0x55f1e29632aa,R,0x7ffdd749fa70,1,424,12,16,428,20,12,12,432,428,12,16,436,20,12,12,12,-12,-424,-12,-420,-12,-12,-16,-12,-420,-412,-12,-12,-20,-448,-16,-12
1569,0x55f1e29632b1,W,0x7ffdd749f8c8,1,-424,-412,-424,4,-412,-412,-412,8,-424,-412,-424,12,-412,-412,-412,16,412,412,404,4,412,8,424,412,424,12,412,412,412,-24,424,412
1571,0x55f1e29632b4,R,0x7ffdd749fa64,1,-12,412,412,416,4,0,8,420,0,0,416,424,4,0,8,428,0,0,-8,0,-4,-404,-408,0,0,-400,-8,0,-4,-436,-404,0
1572,0x55f1e29632b4,W,0x7ffdd749fa64,1,0,412,412,0,-12,0,0,420,0,0,-12,424,-12,0,0,428,0,-408,0,0,12,-404,12,0,0,-400,0,0,12,-436,12,0
1574,0x55f1e29632b8,R,0x7ffdd749fa64,1,0,0,-12,0,-12,416,4,420,8,0,0,424,416,0,4,428,-8,-408,-4,0,-408,-404,0,0,-8,-400,-4,0,-404,-436,12,-432
1576,0x55f1e29632bb,R,0x7ffdd749fa5c,1,-8,-8,-20,404,404,408,-4,-8,-8,-8,-8,416,-20,-8,-20,420,8,-400,20,8,20,-396,8,8,8,-392,20,8,-396,8,8,-424
1579,0x55f1e2963294,R,0x7ffdd749fa64,1,8,0,0,412,412,0,-12,0,0,420,8,424,0,0,416,428,-4,-408,-408,0,0,-404,-8,0,-4,-400,12,-436,12,0,0,0
1582,0x55f1e2963298,R,0x7ffdd749fa60,1,-4,-4,-4,408,-16,-4,-16,412,0,416,4,-4,-4,-4,-16,424,16,-404,16,4,4,-400,4,4,0,4,-400,-432,16,-428,4,4
1585,0x55f1e296329d,R,0x7ffdd749fa70,1,16,12,20,424,12,12,424,428,16,12,12,12,12,436,12,440,-420,-420,-12,-12,-20,-416,-12,-412,0,-12,-416,-12,-12,-444,-20,-12
1588,0x55f1e29632a4,R,0x7ffdd749f8cc,1,-420,-408,-408,4,-408,-408,-420,8,-420,-408,-408,12,-400,16,-408,-408,420,0,408,408,400,408,404,8,420,-28,420,408,408,-24,408,408
1591,0x55f1e29632aa,R,0x7ffdd749fa70,1,420,12,16,424,20,12,12,428,424,12,16,432,20,12,12,12,-12,-420,-12,-416,-12,-12,-16,-12,-416,-448,-12,-12,-20,-444,-16,-12
1594,0x55f1e29632b1,W,0x7ffdd749f8cc,1,-420,-408,-420,4,-408,-408,-408,8,-420,-408,-420,12,-408,-408,-408,16,408,408,400,4,408,8,420,408,420,-28,408,408,408,-24,420,408
1596,0x55f1e29632b4,R,0x7ffdd749fa64,1,-12,408,408,412,4,0,8,416,0,0,412,420,4,0,8,424,0,0,-8,0,-4,-400,-404,0,0,-436,-8,0,-4,-432,-400,0
1597,0x55f1e29632b4,W,0x7ffdd749fa64,1,0,408,408,0,-12,0,0,416,0,0,-12,420,-12,0,0,424,0,-404,0,0,12,-400,12,0,0,-436,0,0,12,-432,12,0
1599,0x55f1e29632b8,R,0x7ffdd749fa64,1,0,0,-12,0,-12,412,4,416,8,0,0,420,412,0,4,424,-8,-404,-4,0,-404,-400,0,0,-8,-436,-4,0,-400,-432,12,-428
1601,0x55f1e29632bb,R,0x7ffdd749fa5c,1,-8,-8,-20,400,400,404,-4,-8,-8,-8,-8,412,-20,-8,-20,416,8,-396,20,8,20,-392,8,8,8,-428,20,8,-392,8,8,-420
1604,0x55f1e2963294,R,0x7ffdd749fa64,1,8,0,0,408,408,0,-12,0,0,416,8,420,0,0,412,424,-4,-404,-404,0,0,-400,-8,0,-4,-436,12,-432,12,0,0,0
1607,0x55f1e2963298,R,0x7ffdd749fa60,1,-4,-4,-4,404,-16,-4,-16,408,0,412,4,-4,-4,-4,-16,420,16,-400,16,4,4,-396,4,4,0,4,-396,-428,16,-424,4,4
1610,0x55f1e296329d,R,0x7ffdd749fa70,1,16,12,20,420,12,12,420,424,16,12,12,12,12,432,12,436,-416,-416,-12,-12,-20,-412,-12,-448,0,-12,-412,-12,-12,-440,-20,-12
1613,0x55f1e29632a4,R,0x7ffdd749f8d0,1,-416,-404,-404,4,-404,-404,-416,8,-416,-404,-404,12,-396,16,-404,-404,416,0,404,404,396,404,400,-32,416,-28,416,404,404,-24,404,404
1616,0x55f1e29632aa,R,0x7ffdd749fa70,1,416,12,16,420,20,12,12,424,420,12,16,428,20,12,12,12,-12,-416,-12,-412,-12,-12,-16,-12,-412,-444,-12,-12,-20,-440,-16,-12
1619,0x55f1e29632b1,W,0x7ffdd749f8d0,1,-416,-404,-416,4,-404,-404,-404,8,-416,-404,-416,12,-404,-404,-404,16,404,404,396,4,404,-32,416,404,416,-28,404,404,404,-24,416,404
1621,0x55f1e29632b4,R,0x7ffdd749fa64,1,-12,404,404,408,4,0,8,412,0,0,408,416,4,0,8,420,0,0,-8,0,-4,-436,-400,0,0,-432,-8,0,-4,-428,-436,0
1622,0x55f1e29632b4,W,0x7ffdd749fa64,1,0,404,404,0,-12,0,0,412,0,0,-12,416,-12,0,0,420,0,-400,0,0,12,-436,12,0,0,-432,0,0,12,-428,12,0
1624,0x55f1e29632b8,R,0x7ffdd749fa64,1,0,0,-12,0,-12,408,4,412,8,0,0,416,408,0,4,420,-8,-400,-4,0,-400,-436,0,0,-8,-432,-4,0,-436,-428,12,-424
1626,0x55f1e29632bb,R,0x7ffdd749fa5c,1,-8,-8,-20,396,396,400,-4,-8,-8,-8,-8,408,-20,-8,-20,412,8,-392,20,8,20,-428,8,8,8,-424,20,8,-428,8,8,-416
1629,0x55f1e2963294,R,0x7ffdd749fa64,1,8,0,0,404,404,0,-12,0,0,412,8,416,0,0,408,420,-4,-400,-400,0,0,-436,-8,0,-4,-432,12,-428,12,0,0,0
1632,0x55f1e2963298,R,0x7ffdd749fa60,1,-4,-4,-4,400,-16,-4,-16,404,0,408,4,-4,-4,-4,-16,416,16,-396,16,4,4,-432,4,4,0,4,-432,-424,16,-420,4,4
1635,0x55f1e296329d,R,0x7ffdd749fa70,1,16,12,20,416,12,12,416,420,16,12,12,12,12,428,12,432,-412,-412,-12,-12,-20,-448,-12,-444,0,-12,-448,-12,-12,-436,-20,-12
1638,0x55f1e29632a4,R,0x7ffdd749f8d4,1,-412,-400,-400,4,-400,-400,-412,8,-412,-400,-400,12,-392,16,-400,-400,412,0,400,400,392,400,396,-32,412,-28,412,400,400,-24,400,400
1641,0x55f1e29632aa,R,0x7ffdd749fa70,1,412,12,16,416,20,12,12,420,416,12,16,424,20,12,12,12,-12,-412,-12,-448,-12,-12,-16,-12,-448,-440,-12,-12,-20,-436,-16,-12
1644,0x55f1e29632b1,W,0x7ffdd749f8d4,1,-412,-400,-412,4,-400,-400,-400,8,-412,-400,-412,12,-400,-400,-400,16,400,400,392,-36,400,-32,412,400,412,-28,400,400,400,-24,412,400
1646,0x55f1e29632b4,R,0x7ffdd749fa64,1,-12,400,400,404,4,0,8,408,0,0,404,412,4,0,8,416,0,0,-8,0,-4,-432,-436,0,0,-428,-8,0,-4,-424,-432,0
1647,0x55f1e29632b4,W,0x7ffdd749fa64,1,0,400,400,0,-12,0,0,408,0,0,-12,412,-12,0,0,416,0,-436,0,0,12,-432,12,0,0,-428,0,0,12,-424,12,0
1649,0x55f1e29632b8,R,0x7ffdd749fa64,1,0,0,-12,0,-12,404,4,408,8,0,0,412,404,0,4,416,-8,-436,-4,0,-436,-432,0,0,-8,-428,-4,0,-432,-424,12,-420
1651,0x55f1e29632bb,R,0x7ffdd749fa5c,1,-8,-8,-20,392,392,396,-4,-8,-8,-8,-8,404,-20,-8,-20,408,8,-428,20,8,20,-424,8,8,8,-420,20,8,-424,8,8,-412
1654,0x55f1e2963294,R,0x7ffdd749fa64,1,8,0,0,400,400,0,-12,0,0,408,8,412,0,0,404,416,-4,-436,-436,0,0,-432,-8,0,-4,-428,12,-424,12,0,0,0
1657,0x55f1e2963298,R,0x7ffdd749fa60,1,-4,-4,-4,396,-16,-4,-16,400,0,404,4,-4,-4,-4,-16,412,16,-432,16,4,4,-428,4,4,0,4,-428,-420,16,-416,4,4
1660,0x55f1e296329d,R,0x7ffdd749fa70,1,16,12,20,412,12,12,412,416,16,12,12,12,12,424,12,428,-448,-448,-12,-12,-20,-444,-12,-440,0,-12,-444,-12,-12,-432,-20,-12
1663,0x55f1e29632a4,R,0x7ffdd749f8b0,1,-448,-436,-436,-36,-436,-436,-448,-32,-448,-436,-436,-28,-428,-24,-436,-436,448,0,436,436,428,436,432,8,448,12,448,436,436,16,436,436
1666,0x55f1e29632aa,R,0x7ffdd749fa70,1,448,12,16,412,20,12,12,416,412,12,16,420,20,12,12,12,-12,-448,-12,-444,-12,-12,-16,-12,-444,-436,-12,-12,-20,-432,-16,-12
1669,0x55f1e29632b1,W,0x7ffdd749f8b0,1,-448,-436,-448,-36,-436,-436,-436,-32,-448,-436,-448,-28,-436,-436,-436,-24,436,436,428,4,436,8,448,436,448,12,436,436,436,16,448,436
1671,0x55f1e29632b4,R,0x7ffdd749fa64,1,-12,436,436,400,4,0,8,404,0,0,400,408,4,0,8,412,0,0,-8,0,-4,-428,-432,0,0,-424,-8,0,-4,-420,-428,0
1672,0x55f1e29632b4,W,0x7ffdd749fa64,1,0,436,436,0,-12,0,0,404,0,0,-12,408,-12,0,0,412,0,-432,0,0,12,-428,12,0,0,-424,0,0,12,-420,12,0
1674,0x55f1e29632b8,R,0x7ffdd749fa64,1,0,0,-12,0,-12,400,4,404,8,0,0,408,400,0,4,412,-8,-432,-4,0,-432,-428,0,0,-8,-424,-4,0,-428,-420,12,-416
1676,0x55f1e29632bb,R,0x7ffdd749fa5c,1,-8,-8,-20,428,428,392,-4,-8,-8,-8,-8,400,-20,-8,-20,404,8,-424,20,8,20,-420,8,8,8,-416,20,8,-420,8,8,-408
1679,0x55f1e2963294,R,0x7ffdd749fa64,1,8,0,0,436,436,0,-12,0,0,404,8,408,0,0,400,412,-4,-432,-432,0,0,-428,-8,0,-4,-424,12,-420,12,0,0,0
1682,0x55f1e2963298,R,0x7ffdd749fa60,1,-4,-4,-4,432,-16,-4,-16,396,0,400,4,-4,-4,-4,-16,408,16,-428,16,4,4,-424,4,4,0,4,-424,-416,16,-412,4,4
1685,0x55f1e296329d,R,0x7ffdd749fa70,1,16,12,20,448,12,12,448,412,16,12,12,12,12,420,12,424,-444,-444,-12,-12,-20,-440,-12,-436,0,-12,-440,-12,-12,-428,-20,-12
1688,0x55f1e29632a4,R,0x7ffdd749f8b4,1,-444,-432,-432,4,-432,-432,-444,-32,-444,-432,-432,-28,-424,-24,-432,-432,444,0,432,432,424,432,428,8,444,12,444,432,432,16,432,432
1691,0x55f1e29632aa,R,0x7ffdd749fa70,1,444,12,16,448,20,12,12,412,448,12,16,416,20,12,12,12,-12,-444,-12,-440,-12,-12,-16,-12,-440,-432,-12,-12,-20,-428,-16,-12
1694,0x55f1e29632b1,W,0x7ffdd749f8b4,1,-444,-432,-444,4,-432,-432,-432,-32,-444,-432,-444,-28,-432,-432,-432,-24,432,432,424,4,432,8,444,432,444,12,432,432,432,16,444,432
1696,0x55f1e29632b4,R,0x7ffdd749fa64,1,-12,432,432,436,4,0,8,400,0,0,436,404,4,0,8,408,0,0,-8,0,-4,-424,-428,0,0,-420,-8,0,-4,-416,-424,0
1697,0x55f1e29632b4,W,0x7ffdd749fa64,1,0,432,432,0,-12,0,0,400,0,0,-12,404,-12,0,0,408,0,-428,0,0,12,-424,12,0,0,-420,0,0,12,-416,12,0
1699,0x55f1e29632b8,R,0x7ffdd749fa64,1,0,0,-12,0,-12,436,4,400,8,0,0,404,436,0,4,408,-8,-428,-4,0,-428,-424,0,0,-8,-420,-4,0,-424,-416,12,-412
1701,0x55f1e29632bb,R,0x7ffdd749fa5c,1,-8,-8,-20,424,424,428,-4,-8,-8,-8,-8,396,-20,-8,-20,400,8,-420,20,8,20,-416,8,8,8,-412,20,8,-416,8,8,-404
1704,0x55f1e2963294,R,0x7ffdd749fa64,1,8,0,0,432,432,0,-12,0,0,400,8,404,0,0,436,408,-4,-428,-428,0,0,-424,-8,0,-4,-420,12,-416,12,0,0,0
1707,0x55f1e2963298,R,0x7ffdd749fa60,1,-4,-4,-4,428,-16,-4,-16,432,0,396,4,-4,-4,-4,-16,404,16,-424,16,4,4,-420,4,4,0,4,-420,-412,16,-408,4,4
1710,0x55f1e296329d,R,0x7ffdd749fa70,1,16,12,20,444,12,12,444,448,16,12,12,12,12,416,12,420,-440,-440,-12,-12,-20,-436,-12,-432,0,-12,-436,-12,-12,-424,-20,-12
1713,0x55f1e29632a4,R,0x7ffdd749f8b8,1,-440,-428,-428,4,-428,-428,-440,8,-440,-428,-428,-28,-420,-24,-428,-428,440,0,428,428,420,428,424,8,440,12,440,428,428,16,428,428
1716,0x55f1e29632aa,R,0x7ffdd749fa70,1,440,12,16,444,20,12,12,448,444,12,16,412,20,12,12,12,-12,-440,-12,-436,-12,-12,-16,-12,-436,-428,-12,-12,-20,-424,-16,-12
1719,0x55f1e29632b1,W,0x7ffdd749f8b8,1,-440,-428,-440,4,-428,-428,-428,8,-440,-428,-440,-28,-428,-428,-428,-24,428,428,420,4,428,8,440,428,440,12,428,428,428,16,440,428
1721,0x55f1e29632b4,R,0x7ffdd749fa64,1,-12,428,428,432,4,0,8,436,0,0,432,400,4,0,8,404,0,0,-8,0,-4,-420,-424,0,0,-416,-8,0,-4,-412,-420,0
1722,0x55f1e29632b4,W,0x7ffdd749fa64,1,0,428,428,0,-12,0,0,436,0,0,-12,400,-12,0,0,404,0,-424,0,0,12,-420,12,0,0,-416,0,0,12,-412,12,0
1724,0x55f1e29632b8,R,0x7ffdd749fa64,1,0,0,-12,0,-12,432,4,436,8,0,0,400,432,0,4,404,-8,-424,-4,0,-424,-420,0,0,-8,-416,-4,0,-420,-412,12,-408
1726,0x55f1e29632bb,R,0x7ffdd749fa5c,1,-8,-8,-20,420,420,424,-4,-8,-8,-8,-8,392,-20,-8,-20,396,8,-416,20,8,20,-412,8,8,8,-408,20,8,-412,8,8,-400
1729,0x55f1e2963294,R,0x7ffdd749fa64,1,8,0,0,428,428,0,-12,0,0,436,8,400,0,0,432,404,-4,-424,-424,0,0,-420,-8,0,-4,-416,12,-412,12,0,0,0
1732,0x55f1e2963298,R,0x7ffdd749fa60,1,-4,-4,-4,424,-16,-4,-16,428,0,432,4,-4,-4,-4,-16,400,16,-420,16,4,4,-416,4,4,0,4,-416,-408,16,-404,4,4
1735,0x55f1e296329d,R,0x7ffdd749fa70,1,16,12,20,440,12,12,440,444,16,12,12,12,12,412,12,416,-436,-436,-12,-12,-20,-432,-12,-428,0,-12,-432,-12,-12,-420,-20,-12
1738,0x55f1e29632a4,R,0x7ffdd749f8bc,1,-436,-424,-424,4,-424,-424,-436,8,-436,-424,-424,12,-416,-24,-424,-424,436,0,424,424,416,424,420,8,436,12,436,424,424,16,424,424
1741,0x55f1e29632aa,R,0x7ffdd749fa70,1,436,12,16,440,20,12,12,444,440,12,16,448,20,12,12,12,-12,-436,-12,-432,-12,-12,-16,-12,-432,-424,-12,-12,-20,-420,-16,-12
1744,0x55f1e29632b1,W,0x7ffdd749f8bc,1,-436,-424,-436,4,-424,-424,-424,8,-436,-424,-436,12,-424,-424,-424,-24,424,424,416,4,424,8,436,424,436,12,424,424,424,16,436,424
1746,0x55f1e29632b4,R,0x7ffdd749fa64,1,-12,424,424,428,4,0,8,432,0,0,428,436,4,0,8,400,0,0,-8,0,-4,-416,-420,0,0,-412,-8,0,-4,-408,-416,0
1747,0x55f1e29632b4,W,0x7ffdd749fa64,1,0,424,424,0,-12,0,0,432,0,0,-12,436,-12,0,0,400,0,-420,0,0,12,-416,12,0,0,-412,0,0,12,-408,12,0
1749,0x55f1e29632b8,R,0x7ffdd749fa64,1,0,0,-12,0,-12,428,4,432,8,0,0,436,428,0,4,400,-8,-420,-4,0,-420,-416,0,0,-8,-412,-4,0,-416,-408,12,-404
1751,0x55f1e29632bb,R,0x7ffdd749fa5c,1,-8,-8,-20,416,416,420,-4,-8,-8,-8,-8,428,-20,-8,-20,392,8,-412,20,8,20,-408,8,8,8,-404,20,8,-408,8,8,-396
1754,0x55f1e2963294,R,0x7ffdd749fa64,1,8,0,0,424,424,0,-12,0,0,432,8,436,0,0,428,400,-4,-420,-420,0,0,-416,-8,0,-4,-412,12,-408,12,0,0,0
1757,0x55f1e2963298,R,0x7ffdd749fa60,1,-4,-4,-4,420,-16,-4,-16,424,0,428,4,-4,-4,-4,-16,396,16,-416,16,4,4,-412,4,4,0,4,-412,-404,16,-400,4,4
1760,0x55f1e296329d,R,0x7ffdd749fa70,1,16,12,20,436,12,12,436,440,16,12,12,12,12,448,12,412,-432,-432,-12,-12,-20,-428,-12,-424,0,-12,-428,-12,-12,-416,-20,-12
1763,0x55f1e29632a4,R,0x7ffdd749f8c0,1,-432,-420,-420,4,-420,-420,-432,8,-432,-420,-420,12,-412,16,-420,-420,432,0,420,420,412,420,416,8,432,12,432,420,420,16,420,420
1766,0x55f1e29632aa,R,0x7ffdd749fa70,1,432,12,16,436,20,12,12,440,436,12,16,444,20,12,12,12,-12,-432,-12,-428,-12,-12,-16,-12,-428,-420,-12,-12,-20,-416,-16,-12
1769,0x55f1e29632b1,W,0x7ffdd749f8c0,1,-432,-420,-432,4,-420,-420,-420,8,-432,-420,-432,12,-420,-420,-420,16,420,420,412,4,420,8,432,420,432,12,420,420,420,16,432,420
1771,0x55f1e29632b4,R,0x7ffdd749fa64,1,-12,420,420,424,4,0,8,428,0,0,424,432,4,0,8,436,0,0,-8,0,-4,-412,-416,0,0,-408,-8,0,-4,-404,-412,0
1772,0x55f1e29632b4,W,0x7ffdd749fa64,1,0,420,420,0,-12,0,0,428,0,0,-12,432,-12,0,0,436,0,-416,0,0,12,-412,12,0,0,-408,0,0,12,-404,12,0
1774,0x55f1e29632b8,R,0x7ffdd749fa64,1,0,0,-12,0,-12,424,4,428,8,0,0,432,424,0,4,436,-8,-416,-4,0,-416,-412,0,0,-8,-408,-4,0,-412,-404,12,-400
1776,0x55f1e29632bb,R,0x7ffdd749fa5c,1,-8,-8,-20,412,412,416,-4,-8,-8,-8,-8,424,-20,-8,-20,428,8,-408,20,8,20,-404,8,8,8,-400,20,8,-404,8,8,-392
1779,0x55f1e2963294,R,0x7ffdd749fa64,1,8,0,0,420,420,0,-12,0,0,428,8,432,0,0,424,436,-4,-416,-416,0,0,-412,-8,0,-4,-408,12,-404,12,0,0,0
1782,0x55f1e2963298,R,0x7ffdd749fa60,1,-4,-4,-4,416,-16,-4,-16,420,0,424,4,-4,-4,-4,-16,432,16,-412,16,4,4,-408,4,4,0,4,-408,-400,16,-396,4,4
1785,0x55f1e296329d,R,0x7ffdd749fa70,1,16,12,20,432,12,12,432,436,16,12,12,12,12,444,12,448,-428,-428,-12,-12,-20,-424,-12,-420,0,-12,-424,-12,-12,-412,-20,-12
1788,0x55f1e29632a4,R,0x7ffdd749f8c4,1,-428,-416,-416,4,-416,-416,-428,8,-428,-416,-416,12,-408,16,-416,-416,428,0,416,416,408,416,412,8,428,12,428,416,416,16,416,416
1791,0x55f1e29632aa,R,0x7ffdd749fa70,1,428,12,16,432,20,12,12,436,432,12,16,440,20,12,12,12,-12,-428,-12,-424,-12,-12,-16,-12,-424,-416,-12,-12,-20,-412,-16,-12
1794,0x55f1e29632b1,W,0x7ffdd749f8c4,1,-428,-416,-428,4,-416,-416,-416,8,-428,-416,-428,12,-416,-416,-416,16,416,416,408,4,416,8,428,416,428,12,416,416,416,16,428,416
1796,0x55f1e29632b4,R,0x7ffdd749fa64,1,-12,416,416,420,4,0,8,424,0,0,420,428,4,0,8,432,0,0,-8,0,-4,-408,-412,0,0,-404,-8,0,-4,-400,-408,0
1797,0x55f1e29632b4,W,0x7ffdd749fa64,1,0,416,416,0,-12,0,0,424,0,0,-12,428,-12,0,0,432,0,-412,0,0,12,-408,12,0,0,-404,0,0,12,-400,12,0
1799,0x55f1e29632b8,R,0x7ffdd749fa64,1,0,0,-12,0,-12,420,4,424,8,0,0,428,420,0,4,432,-8,-412,-4,0,-412,-408,0,0,-8,-404,-4,0,-408,-400,12,-436
1801,0x55f1e29632bb,R,0x7ffdd749fa5c,1,-8,-8,-20,408,408,412,-4,-8,-8,-8,-8,420,-20,-8,-20,424,8,-404,20,8,20,-400,8,8,8,-396,20,8,-400,8,8,-428
1804,0x55f1e2963294,R,0x7ffdd749fa64,1,8,0,0,416,416,0,-12,0,0,424,8,428,0,0,420,432,-4,-412,-412,0,0,-408,-8,0,-4,-404,12,-400,12,0,0,0
1807,0x55f1e2963298,R,0x7ffdd749fa60,1,-4,-4,-4,412,-16,-4,-16,416,0,420,4,-4,-4,-4,-16,428,16,-408,16,4,4,-404,4,4,0,4,-404,-396,16,-432,4,4
1810,0x55f1e296329d,R,0x7ffdd749fa70,1,16,12,20,428,12,12,428,432,16,12,12,12,12,440,12,444,-424,-424,-12,-12,-20,-420,-12,-416,0,-12,-420,-12,-12,-448,-20,-12
1813,0x55f1e29632a4,R,0x7ffdd749f8c8,1,-424,-412,-412,4,-412,-412,-424,8,-424,-412,-412,12,-404,16,-412,-412,424,0,412,412,404,412,408,8,424,12,424,412,412,-24,412,412
1816,0x55f1e29632aa,R,0x7ffdd749fa70,1,424,12,16,428,20,12,12,432,428,12,16,436,20,12,12,12,-12,-424,-12,-420,-12,-12,-16,-12,-420,-412,-12,-12,-20,-448,-16,-12
1819,0x55f1e29632b1,W,0x7ffdd749f8c8,1,-424,-412,-424,4,-412,-412,-412,8,-424,-412,-424,12,-412,-412,-412,16,412,412,404,4,412,8,424,412,424,12,412,412,412,-24,424,412
1821,0x55f1e29632b4,R,0x7ffdd749fa64,1,-12,412,412,416,4,0,8,420,0,0,416,424,4,0,8,428,0,0,-8,0,-4,-404,-408,0,0,-400,-8,0,-4,-436,-404,0
1822,0x55f1e29632b4,W,0x7ffdd749fa64,1,0,412,412,0,-12,0,0,420,0,0,-12,424,-12,0,0,428,0,-408,0,0,12,-404,12,0,0,-400,0,0,12,-436,12,0
1824,0x55f1e29632b8,R,0x7ffdd749fa64,1,0,0,-12,0,-12,416,4,420,8,0,0,424,416,0,4,428,-8,-408,-4,0,-408,-404,0,0,-8,-400,-4,0,-404,-436,12,-432
1826,0x55f1e29632bb,R,0x7ffdd749fa5c,1,-8,-8,-20,404,404,408,-4,-8,-8,-8,-8,416,-20,-8,-20,420,8,-400,20,8,20,-396,8,8,8,-392,20,8,-396,8,8,-424
1829,0x55f1e2963294,R,0x7ffdd749fa64,1,8,0,0,412,412,0,-12,0,0,420,8,424,0,0,416,428,-4,-408,-408,0,0,-404,-8,0,-4,-400,12,-436,12,0,0,0
1832,0x55f1e2963298,R,0x7ffdd749fa60,1,-4,-4,-4,408,-16,-4,-16,412,0,416,4,-4,-4,-4,-16,424,16,-404,16,4,4,-400,4,4,0,4,-400,-432,16,-428,4,4
1835,0x55f1e296329d,R,0x7ffdd749fa70,1,16,12,20,424,12,12,424,428,16,12,12,12,12,436,12,440,-420,-420,-12,-12,-20,-416,-12,-412,0,-12,-416,-12,-12,-444,-20,-12
1838,0x55f1e29632a4,R,0x7ffdd749f8cc,1,-420,-408,-408,4,-408,-408,-420,8,-420,-408,-408,12,-400,16,-408,-408,420,0,408,408,400,408,404,8,420,-28,420,408,408,-24,408,408
1841,0x55f1e29632aa,R,0x7ffdd749fa70,1,420,12,16,424,20,12,12,428,424,12,16,432,20,12,12,12,-12,-420,-12,-416,-12,-12,-16,-12,-416,-448,-12,-12,-20,-444,-16,-12
1844,0x55f1e29632b1,W,0x7ffdd749f8cc,1,-420,-408,-420,4,-408,-408,-408,8,-420,-408,-420,12,-408,-408,-408,16,408,408,400,4,408,8,420,408,420,-28,408,408,408,-24,420,408
1846,0x55f1e29632b4,R,0x7ffdd749fa64,1,-12,408,408,412,4,0,8,416,0,0,412,420,4,0,8,424,0,0,-8,0,-4,-400,-404,0,0,-436,-8,0,-4,-432,-400,0
1847,0x55f1e29632b4,W,0x7ffdd749fa64,1,0,408,408,0,-12,0,0,416,0,0,-12,420,-12,0,0,424,0,-404,0,0,12,-400,12,0,0,-436,0,0,12,-432,12,0
1849,0x55f1e29632b8,R,0x7ffdd749fa64,1,0,0,-12,0,-12,412,4,416,8,0,0,420,412,0,4,424,-8,-404,-4,0,-404,-400,0,0,-8,-436,-4,0,-400,-432,12,-428
1851,0x55f1e29632bb,R,0x7ffdd749fa5c,1,-8,-8,-20,400,400,404,-4,-8,-8,-8,-8,412,-20,-8,-20,416,8,-396,20,8,20,-392,8,8,8,-428,20,8,-392,8,8,-420
1854,0x55f1e2963294,R,0x7ffdd749fa64,1,8,0,0,408,408,0,-12,0,0,416,8,420,0,0,412,424,-4,-404,-404,0,0,-400,-8,0,-4,-436,12,-432,12,0,0,0
1857,0x55f1e2963298,R,0x7ffdd749fa60,1,-4,-4,-4,404,-16,-4,-16,408,0,412,4,-4,-4,-4,-16,420,16,-400,16,4,4,-396,4,4,0,4,-396,-428,16,-424,4,4
1860,0x55f1e296329d,R,0x7ffdd749fa70,1,16,12,20,420,12,12,420,424,16,12,12,12,12,432,12,436,-416,-416,-12,-12,-20,-412,-12,-448,0,-12,-412,-12,-12,-440,-20,-12
1863,0x55f1e29632a4,R,0x7ffdd749f8d0,1,-416,-404,-404,4,-404,-404,-416,8,-416,-404,-404,12,-396,16,-404,-404,416,0,404,404,396,404,400,-32,416,-28,416,404,404,-24,404,404
1866,0x55f1e29632aa,R,0x7ffdd749fa70,1,416,12,16,420,20,12,12,424,420,12,16,428,20,12,12,12,-12,-416,-12,-412,-12,-12,-16,-12,-412,-444,-12,-12,-20,-440,-16,-12
1869,0x55f1e29632b1,W,0x7ffdd749f8d0,1,-416,-404,-416,4,-404,-404,-404,8,-416,-404,-416,12,-404,-404,-404,16,404,404,396,4,404,-32,416,404,416,-28,404,404,404,-24,416,404
1871,0x55f1e29632b4,R,0x7ffdd749fa64,1,-12,404,404,408,4,0,8,412,0,0,408,416,4,0,8,420,0,0,-8,0,-4,-436,-400,0,0,-432,-8,0,-4,-428,-436,0
1872,0x55f1e29632b4,W,0x7ffdd749fa64,1,0,404,404,0,-12,0,0,412,0,0,-12,416,-12,0,0,420,0,-400,0,0,12,-436,12,0,0,-432,0,0,12,-428,12,0
1874,0x55f1e29632b8,R,0x7ffdd749fa64,1,0,0,-12,0,-12,408,4,412,8,0,0,416,408,0,4,420,-8,-400,-4,0,-400,-436,0,0,-8,-432,-4,0,-436,-428,12,-424
1876,0x55f1e29632bb,R,0x7ffdd749fa5c,1,-8,-8,-20,396,396,400,-4,-8,-8,-8,-8,408,-20,-8,-20,412,8,-392,20,8,20,-428,8,8,8,-424,20,8,-428,8,8,-416
1879,0x55f1e2963294,R,0x7ffdd749fa64,1,8,0,0,404,404,0,-12,0,0,412,8,416,0,0,408,420,-4,-400,-400,0,0,-436,-8,0,-4,-432,12,-428,12,0,0,0
1882,0x55f1e2963298,R,0x7ffdd749fa60,1,-4,-4,-4,400,-16,-4,-16,404,0,408,4,-4,-4,-4,-16,416,16,-396,16,4,4,-432,4,4,0,4,-432,-424,16,-420,4,4
1885,0x55f1e296329d,R,0x7ffdd749fa70,1,16,12,20,416,12,12,416,420,16,12,12,12,12,428,12,432,-412,-412,-12,-12,-20,-448,-12,-444,0,-12,-448,-12,-12,-436,-20,-12
1888,0x55f1e29632a4,R,0x7ffdd749f8d4,1,-412,-400,-400,4,-400,-400,-412,8,-412,-400,-400,12,-392,16,-400,-400,412,0,400,400,392,400,396,-32,412,-28,412,400,400,-24,400,400
1891,0x55f1e29632aa,R,0x7ffdd749fa70,1,412,12,16,416,20,12,12,420,416,12,16,424,20,12,12,12,-12,-412,-12,-448,-12,-12,-16,-12,-448,-440,-12,-12,-20,-436,-16,-12
1894,0x55f1e29632b1,W,0x7ffdd749f8d4,1,-412,-400,-412,4,-400,-400,-400,8,-412,-400,-412,12,-400,-400,-400,16,400,400,392,-36,400,-32,412,400,412,-28,400,400,400,-24,412,400
1896,0x55f1e29632b4,R,0x7ffdd749fa64,1,-12,400,400,404,4,0,8,408,0,0,404,412,4,0,8,416,0,0,-8,0,-4,-432,-436,0,0,-428,-8,0,-4,-424,-432,0
1897,0x55f1e29632b4,W,0x7ffdd749fa64,1,0,400,400,0,-12,0,0,408,0,0,-12,412,-12,0,0,416,0,-436,0,0,12,-432,12,0,0,-428,0,0,12,-424,12,0
1899,0x55f1e29632b8,R,0x7ffdd749fa64,1,0,0,-12,0,-12,404,4,408,8,0,0,412,404,0,4,416,-8,-436,-4,0,-436,-432,0,0,-8,-428,-4,0,-432,-424,12,-420
1901,0x55f1e29632bb,R,0x7ffdd749fa5c,1,-8,-8,-20,392,392,396,-4,-8,-8,-8,-8,404,-20,-8,-20,408,8,-428,20,8,20,-424,8,8,8,-420,20,8,-424,8,8,-412
1904,0x55f1e2963294,R,0x7ffdd749fa64,1,8,0,0,400,400,0,-12,0,0,408,8,412,0,0,404,416,-4,-436,-436,0,0,-432,-8,0,-4,-428,12,-424,12,0,0,0
1907,0x55f1e2963298,R,0x7ffdd749fa60,1,-4,-4,-4,396,-16,-4,-16,400,0,404,4,-4,-4,-4,-16,412,16,-432,16,4,4,-428,4,4,0,4,-428,-420,16,-416,4,4
1910,0x55f1e296329d,R,0x7ffdd749fa70,1,16,12,20,412,12,12,412,416,16,12,12,12,12,424,12,428,-448,-448,-12,-12,-20,-444,-12,-440,0,-12,-444,-12,-12,-432,-20,-12
1913,0x55f1e29632a4,R,0x7ffdd749f8b0,1,-448,-436,-436,-36,-436,-436,-448,-32,-448,-436,-436,-28,-428,-24,-436,-436,448,0,436,436,428,436,432,8,448,12,448,436,436,16,436,436
1916,0x55f1e29632aa,R,0x7ffdd749fa70,1,448,12,16,412,20,12,12,416,412,12,16,420,20,12,12,12,-12,-448,-12,-444,-12,-12,-16,-12,-444,-436,-12,-12,-20,-432,-16,-12
1919,0x55f1e29632b1,W,0x7ffdd749f8b0,1,-448,-436,-448,-36,-436,-436,-436,-32,-448,-436,-448,-28,-436,-436,-436,-24,436,436,428,4,436,8,448,436,448,12,436,436,436,16,448,436
1921,0x55f1e29632b4,R,0x7ffdd749fa64,1,-12,436,436,400,4,0,8,404,0,0,400,408,4,0,8,412,0,0,-8,0,-4,-428,-432,0,0,-424,-8,0,-4,-420,-428,0
1922,0x55f1e29632b4,W,0x7ffdd749fa64,1,0,436,436,0,-12,0,0,404,0,0,-12,408,-12,0,0,412,0,-432,0,0,12,-428,12,0,0,-424,0,0,12,-420,12,0
1924,0x55f1e29632b8,R,0x7ffdd749fa64,1,0,0,-12,0,-12,400,4,404,8,0,0,408,400,0,4,412,-8,-432,-4,0,-432,-428,0,0,-8,-424,-4,0,-428,-420,12,-416
1926,0x55f1e29632bb,R,0x7ffdd749fa5c,1,-8,-8,-20,428,428,392,-4,-8,-8,-8,-8,400,-20,-8,-20,404,8,-424,20,8,20,-420,8,8,8,-416,20,8,-420,8,8,-408
1929,0x55f1e2963294,R,0x7ffdd749fa64,1,8,0,0,436,436,0,-12,0,0,404,8,408,0,0,400,412,-4,-432,-432,0,0,-428,-8,0,-4,-424,12,-420,12,0,0,0
1932,0x55f1e2963298,R,0x7ffdd749fa60,1,-4,-4,-4,432,-16,-4,-16,396,0,400,4,-4,-4,-4,-16,408,16,-428,16,4,4,-424,4,4,0,4,-424,-416,16,-412,4,4
1935,0x55f1e296329d,R,0x7ffdd749fa70,1,16,12,20,448,12,12,448,412,16,12,12,12,12,420,12,424,-444,-444,-12,-12,-20,-440,-12,-436,0,-12,-440,-12,-12,-428,-20,-12
1938,0x55f1e29632a4,R,0x7ffdd749f8b4,1,-444,-432,-432,4,-432,-432,-444,-32,-444,-432,-432,-28,-424,-24,-432,-432,444,0,432,432,424,432,428,8,444,12,444,432,432,16,432,432
1941,0x55f1e29632aa,R,0x7ffdd749fa70,1,444,12,16,448,20,12,12,412,448,12,16,416,20,12,12,12,-12,-444,-12,-440,-12,-12,-16,-12,-440,-432,-12,-12,-20,-428,-16,-12
1944,0x55f1e29632b1,W,0x7ffdd749f8b4,1,-444,-432,-444,4,-432,-432,-432,-32,-444,-432,-444,-28,-432,-432,-432,-24,432,432,424,4,432,8,444,432,444,12,432,432,432,16,444,432
1946,0x55f1e29632b4,R,0x7ffdd749fa64,1,-12,432,432,436,4,0,8,400,0,0,436,404,4,0,8,408,0,0,-8,0,-4,-424,-428,0,0,-420,-8,0,-4,-416,-424,0
1947,0x55f1e29632b4,W,0x7ffdd749fa64,1,0,432,432,0,-12,0,0,400,0,0,-12,404,-12,0,0,408,0,-428,0,0,12,-424,12,0,0,-420,0,0,12,-416,12,0
1949,0x55f1e29632b8,R,0x7ffdd749fa64,1,0,0,-12,0,-12,436,4,400,8,0,0,404,436,0,4,408,-8,-428,-4,0,-428,-424,0,0,-8,-420,-4,0,-424,-416,12,-412
1951,0x55f1e29632bb,R,0x7ffdd749fa5c,1,-8,-8,-20,424,424,428,-4,-8,-8,-8,-8,396,-20,-8,-20,400,8,-420,20,8,20,-416,8,8,8,-412,20,8,-416,8,8,-404
1954,0x55f1e2963294,R,0x7ffdd749fa64,1,8,0,0,432,432,0,-12,0,0,400,8,404,0,0,436,408,-4,-428,-428,0,0,-424,-8,0,-4,-420,12,-416,12,0,0,0
1957,0x55f1e2963298,R,0x7ffdd749fa60,1,-4,-4,-4,428,-16,-4,-16,432,0,396,4,-4,-4,-4,-16,404,16,-424,16,4,4,-420,4,4,0,4,-420,-412,16,-408,4,4
1960,0x55f1e296329d,R,0x7ffdd749fa70,1,16,12,20,444,12,12,444,448,16,12,12,12,12,416,12,420,-440,-440,-12,-12,-20,-436,-12,-432,0,-12,-436,-12,-12,-424,-20,-12
1963,0x55f1e29632a4,R,0x7ffdd749f8b8,1,-440,-428,-428,4,-428,-428,-440,8,-440,-428,-428,-28,-420,-24,-428,-428,440,0,428,428,420,428,424,8,440,12,440,428,428,16,428,428
1966,0x55f1e29632aa,R,0x7ffdd749fa70,1,440,12,16,444,20,12,12,448,444,12,16,412,20,12,12,12,-12,-440,-12,-436,-12,-12,-16,-12,-436,-428,-12,-12,-20,-424,-16,-12
1969,0x55f1e29632b1,W,0x7ffdd749f8b8,1,-440,-428,-440,4,-428,-428,-428,8,-440,-428,-440,-28,-428,-428,-428,-24,428,428,420,4,428,8,440,428,440,12,428,428,428,16,440,428
1971,0x55f1e29632b4,R,0x7ffdd749fa64,1,-12,428,428,432,4,0,8,436,0,0,432,400,4,0,8,404,0,0,-8,0,-4,-420,-424,0,0,-416,-8,0,-4,-412,-420,0
1972,0x55f1e29632b4,W,0x7ffdd749fa64,1,0,428,428,0,-12,0,0,436,0,0,-12,400,-12,0,0,404,0,-424,0,0,12,-420,12,0,0,-416,0,0,12,-412,12,0
1974,0x55f1e29632b8,R,0x7ffdd749fa64,1,0,0,-12,0,-12,432,4,436,8,0,0,400,432,0,4,404,-8,-424,-4,0,-424,-420,0,0,-8,-416,-4,0,-420,-412,12,-408
1976,0x55f1e29632bb,R,0x7ffdd749fa5c,1,-8,-8,-20,420,420,424,-4,-8,-8,-8,-8,392,-20,-8,-20,396,8,-416,20,8,20,-412,8,8,8,-408,20,8,-412,8,8,-400
1979,0x55f1e2963294,R,0x7ffdd749fa64,1,8,0,0,428,428,0,-12,0,0,436,8,400,0,0,432,404,-4,-424,-424,0,0,-420,-8,0,-4,-416,12,-412,12,0,0,0
1982,0x55f1e2963298,R,0x7ffdd749fa60,1,-4,-4,-4,424,-16,-4,-16,428,0,432,4,-4,-4,-4,-16,400,16,-420,16,4,4,-416,4,4,0,4,-416,-408,16,-404,4,4
1985,0x55f1e296329d,R,0x7ffdd749fa70,1,16,12,20,440,12,12,440,444,16,12,12,12,12,412,12,416,-436,-436,-12,-12,-20,-432,-12,-428,0,-12,-432,-12,-12,-420,-20,-12
1988,0x55f1e29632a4,R,0x7ffdd749f8bc,1,-436,-424,-424,4,-424,-424,-436,8,-436,-424,-424,12,-416,-24,-424,-424,436,0,424,424,416,424,420,8,436,12,436,424,424,16,424,424
1991,0x55f1e29632aa,R,0x7ffdd749fa70,1,436,12,16,440,20,12,12,444,440,12,16,448,20,12,12,12,-12,-436,-12,-432,-12,-12,-16,-12,-432,-424,-12,-12,-20,-420,-16,-12
1994,0x55f1e29632b1,W,0x7ffdd749f8bc,1,-436,-424,-436,4,-424,-424,-424,8,-436,-424,-436,12,-424,-424,-424,-24,424,424,416,4,424,8,436,424,436,12,424,424,424,16,436,424
1996,0x55f1e29632b4,R,0x7ffdd749fa64,1,-12,424,424,428,4,0,8,432,0,0,428,436,4,0,8,400,0,0,-8,0,-4,-416,-420,0,0,-412,-8,0,-4,-408,-416,0
1997,0x55f1e29632b4,W,0x7ffdd749fa64,1,0,424,424,0,-12,0,0,432,0,0,-12,436,-12,0,0,400,0,-420,0,0,12,-416,12,0,0,-412,0,0,12,-408,12,0
1999,0x55f1e29632b8,R,0x7ffdd749fa64,1,0,0,-12,0,-12,428,4,432,8,0,0,436,428,0,4,400,-8,-420,-4,0,-420,-416,0,0,-8,-412,-4,0,-416,-408,12,-404
2001,0x55f1e29632bb,R,0x7ffdd749fa5c,1,-8,-8,-20,416,416,420,-4,-8,-8,-8,-8,428,-20,-8,-20,392,8,-412,20,8,20,-408,8,8,8,-404,20,8,-408,8,8,-396
2004,0x55f1e2963294,R,0x7ffdd749fa64,1,8,0,0,424,424,0,-12,0,0,432,8,436,0,0,428,400,-4,-420,-420,0,0,-416,-8,0,-4,-412,12,-408,12,0,0,0
2007,0x55f1e2963298,R,0x7ffdd749fa60,1,-4,-4,-4,420,-16,-4,-16,424,0,428,4,-4,-4,-4,-16,396,16,-416,16,4,4,-412,4,4,0,4,-412,-404,16,-400,4,4
2010,0x55f1e296329d,R,0x7ffdd749fa70,1,16,12,20,436,12,12,436,440,16,12,12,12,12,448,12,412,-432,-432,-12,-12,-20,-428,-12,-424,0,-12,-428,-12,-12,-416,-20,-12
2013,0x55f1e29632a4,R,0x7ffdd749f8c0,1,-432,-420,-420,4,-420,-420,-432,8,-432,-420,-420,12,-412,16,-420,-420,432,0,420,420,412,420,416,8,432,12,432,420,420,16,420,420
2016,0x55f1e29632aa,R,0x7ffdd749fa70,1,432,12,16,436,20,12,12,440,436,12,16,444,20,12,12,12,-12,-432,-12,-428,-12,-12,-16,-12,-428,-420,-12,-12,-20,-416,-16,-12
2019,0x55f1e29632b1,W,0x7ffdd749f8c0,1,-432,-420,-432,4,-420,-420,-420,8,-432,-420,-432,12,-420,-420,-420,16,420,420,412,4,420,8,432,420,432,12,420,420,420,16,432,420
2021,0x55f1e29632b4,R,0x7ffdd749fa64,1,-12,420,420,424,4,0,8,428,0,0,424,432,4,0,8,436,0,0,-8,0,-4,-412,-416,0,0,-408,-8,0,-4,-404,-412,0
2022,0x55f1e29632b4,W,0x7ffdd749fa64,1,0,420,420,0,-12,0,0,428,0,0,-12,432,-12,0,0,436,0,-416,0,0,12,-412,12,0,0,-408,0,0,12,-404,12,0
2024,0x55f1e29632b8,R,0x7ffdd749fa64,1,0,0,-12,0,-12,424,4,428,8,0,0,432,424,0,4,436,-8,-416,-4,0,-416,-412,0,0,-8,-408,-4,0,-412,-404,12,-400
2026,0x55f1e29632bb,R,0x7ffdd749fa5c,1,-8,-8,-20,412,412,416,-4,-8,-8,-8,-8,424,-20,-8,-20,428,8,-408,20,8,20,-404,8,8,8,-400,20,8,-404,8,8,-392
2029,0x55f1e2963294,R,0x7ffdd749fa64,1,8,0,0,420,420,0,-12,0,0,428,8,432,0,0,424,436,-4,-416,-416,0,0,-412,-8,0,-4,-408,12,-404,12,0,0,0
2032,0x55f1e2963298,R,0x7ffdd749fa60,1,-4,-4,-4,416,-16,-4,-16,420,0,424,4,-4,-4,-4,-16,432,16,-412,16,4,4,-408,4,4,0,4,-408,-400,16,-396,4,4
2035,0x55f1e296329d,R,0x7ffdd749fa70,1,16,12,20,432,12,12,432,436,16,12,12,12,12,444,12,448,-428,-428,-12,-12,-20,-424,-12,-420,0,-12,-424,-12,-12,-412,-20,-12
2038,0x55f1e29632a4,R,0x7ffdd749f8c4,1,-428,-416,-416,4,-416,-416,-428,8,-428,-416,-416,12,-408,16,-416,-416,428,0,416,416,408,416,412,8,428,12,428,416,416,16,416,416
2041,0x55f1e29632aa,R,0x7ffdd749fa70,1,428,12,16,432,20,12,12,436,432,12,16,440,20,12,12,12,-12,-428,-12,-424,-12,-12,-16,-12,-424,-416,-12,-12,-20,-412,-16,-12
2044,0x55f1e29632b1,W,0x7ffdd749f8c4,1,-428,-416,-428,4,-416,-416,-416,8,-428,-416,-428,12,-416,-416,-416,16,416,416,408,4,416,8,428,416,428,12,416,416,416,16,428,416
2046,0x55f1e29632b4,R,0x7ffdd749fa64,1,-12,416,416,420,4,0,8,424,0,0,420,428,4,0,8,432,0,0,-8,0,-4,-408,-412,0,0,-404,-8,0,-4,-400,-408,0
2047,0x55f1e29632b4,W,0x7ffdd749fa64,1,0,416,416,0,-12,0,0,424,0,0,-12,428,-12,0,0,432,0,-412,0,0,12,-408,12,0,0,-404,0,0,12,-400,12,0
2049,0x55f1e29632b8,R,0x7ffdd749fa64,1,0,0,-12,0,-12,420,4,424,8,0,0,428,420,0,4,432,-8,-412,-4,0,-412,-408,0,0,-8,-404,-4,0,-408,-400,12,-436
2051,0x55f1e29632bb,R,0x7ffdd749fa5c,1,-8,-8,-20,408,408,412,-4,-8,-8,-8,-8,420,-20,-8,-20,424,8,-404,20,8,20,-400,8,8,8,-396,20,8,-400,8,8,-428
2054,0x55f1e2963294,R,0x7ffdd749fa64,1,8,0,0,416,416,0,-12,0,0,424,8,428,0,0,420,432,-4,-412,-412,0,0,-408,-8,0,-4,-404,12,-400,12,0,0,0
2057,0x55f1e2963298,R,0x7ffdd749fa60,1,-4,-4,-4,412,-16,-4,-16,416,0,420,4,-4,-4,-4,-16,428,16,-408,16,4,4,-404,4,4,0,4,-404,-396,16,-432,4,4
2060,0x55f1e296329d,R,0x7ffdd749fa70,1,16,12,20,428,12,12,428,432,16,12,12,12,12,440,12,444,-424,-424,-12,-12,-20,-420,-12,-416,0,-12,-420,-12,-12,-448,-20,-12
2063,0x55f1e29632a4,R,0x7ffdd749f8c8,1,-424,-412,-412,4,-412,-412,-424,8,-424,-412,-412,12,-404,16,-412,-412,424,0,412,412,404,412,408,8,424,12,424,412,412,-24,412,412
2066,0x55f1e29632aa,R,0x7ffdd749fa70,1,424,12,16,428,20,12,12,432,428,12,16,436,20,12,12,12,-12,-424,-12,-420,-12,-12,-16,-12,-420,-412,-12,-12,-20,-448,-16,-12
2069,0x55f1e29632b1,W,0x7ffdd749f8c8,1,-424,-412,-424,4,-412,-412,-412,8,-424,-412,-424,12,-412,-412,-412,16,412,412,404,4,412,8,424,412,424,12,412,412,412,-24,424,412
2071,0x55f1e29632b4,R,0x7ffdd749fa64,1,-12,412,412,416,4,0,8,420,0,0,416,424,4,0,8,428,0,0,-8,0,-4,-404,-408,0,0,-400,-8,0,-4,-436,-404,0
2072,0x55f1e29632b4,W,0x7ffdd749fa64,1,0,412,412,0,-12,0,0,420,0,0,-12,424,-12,0,0,428,0,-408,0,0,12,-404,12,0,0,-400,0,0,12,-436,12,0
2074,0x55f1e29632b8,R,0x7ffdd749fa64,1,0,0,-12,0,-12,416,4,420,8,0,0,424,416,0,4,428,-8,-408,-4,0,-408,-404,0,0,-8,-400,-4,0,-404,-436,12,-432
2076,0x55f1e29632bb,R,0x7ffdd749fa5c,1,-8,-8,-20,404,404,408,-4,-8,-8,-8,-8,416,-20,-8,-20,420,8,-400,20,8,20,-396,8,8,8,-392,20,8,-396,8,8,-424
2079,0x55f1e2963294,R,0x7ffdd749fa64,1,8,0,0,412,412,0,-12,0,0,420,8,424,0,0,416,428,-4,-408,-408,0,0,-404,-8,0,-4,-400,12,-436,12,0,0,0
2082,0x55f1e2963298,R,0x7ffdd749fa60,1,-4,-4,-4,408,-16,-4,-16,412,0,416,4,-4,-4,-4,-16,424,16,-404,16,4,4,-400,4,4,0,4,-400,-432,16,-428,4,4
2085,0x55f1e296329d,R,0x7ffdd749fa70,1,16,12,20,424,12,12,424,428,16,12,12,12,12,436,12,440,-420,-420,-12,-12,-20,-416,-12,-412,0,-12,-416,-12,-12,-444,-20,-12
2088,0x55f1e29632a4,R,0x7ffdd749f8cc,1,-420,-408,-408,4,-408,-408,-420,8,-420,-408,-408,12,-400,16,-408,-408,420,0,408,408,400,408,404,8,420,-28,420,408,408,-24,408,408
2091,0x55f1e29632aa,R,0x7ffdd749fa70,1,420,12,16,424,20,12,12,428,424,12,16,432,20,12,12,12,-12,-420,-12,-416,-12,-12,-16,-12,-416,-448,-12,-12,-20,-444,-16,-12
2094,0x55f1e29632b1,W,0x7ffdd749f8cc,1,-420,-408,-420,4,-408,-408,-408,8,-420,-408,-420,12,-408,-408,-408,16,408,408,400,4,408,8,420,408,420,-28,408,408,408,-24,420,408
2096,0x55f1e29632b4,R,0x7ffdd749fa64,1,-12,408,408,412,4,0,8,416,0,0,412,420,4,0,8,424,0,0,-8,0,-4,-400,-404,0,0,-436,-8,0,-4,-432,-400,0
2097,0x55f1e29632b4,W,0x7ffdd749fa64,1,0,408,408,0,-12,0,0,416,0,0,-12,420,-12,0,0,424,0,-404,0,0,12,-400,12,0,0,-436,0,0,12,-432,12,0
2099,0x55f1e29632b8,R,0x7ffdd749fa64,1,0,0,-12,0,-12,412,4,416,8,0,0,420,412,0,4,424,-8,-404,-4,0,-404,-400,0,0,-8,-436,-4,0,-400,-432,12,-428
2101,0x55f1e29632bb,R,0x7ffdd749fa5c,1,-8,-8,-20,400,400,404,-4,-8,-8,-8,-8,412,-20,-8,-20,416,8,-396,20,8,20,-392,8,8,8,-428,20,8,-392,8,8,-420
2104,0x55f1e2963294,R,0x7ffdd749fa64,1,8,0,0,408,408,0,-12,0,0,416,8,420,0,0,412,424,-4,-404,-404,0,0,-400,-8,0,-4,-436,12,-432,12,0,0,0
2107,0x55f1e2963298,R,0x7ffdd749fa60,1,-4,-4,-4,404,-16,-4,-16,408,0,412,4,-4,-4,-4,-16,420,16,-400,16,4,4,-396,4,4,0,4,-396,-428,16,-424,4,4
2110,0x55f1e296329d,R,0x7ffdd749fa70,1,16,12,20,420,12,12,420,424,16,12,12,12,12,432,12,436,-416,-416,-12,-12,-20,-412,-12,-448,0,-12,-412,-12,-12,-440,-20,-12
2113,0x55f1e29632a4,R,0x7ffdd749f8d0,1,-416,-404,-404,4,-404,-404,-416,8,-416,-404,-404,12,-396,16,-404,-404,416,0,404,404,396,404,400,-32,416,-28,416,404,404,-24,404,404
2116,0x55f1e29632aa,R,0x7ffdd749fa70,1,416,12,16,420,20,12,12,424,420,12,16,428,20,12,12,12,-12,-416,-12,-412,-12,-12,-16,-12,-412,-444,-12,-12,-20,-440,-16,-12
2119,0x55f1e29632b1,W,0x7ffdd749f8d0,1,-416,-404,-416,4,-404,-404,-404,8,-416,-404,-416,12,-404,-404,-404,16,404,404,396,4,404,-32,416,404,416,-28,404,404,404,-24,416,404
2121,0x55f1e29632b4,R,0x7ffdd749fa64,1,-12,404,404,408,4,0,8,412,0,0,408,416,4,0,8,420,0,0,-8,0,-4,-436,-400,0,0,-432,-8,0,-4,-428,-436,0
2122,0x55f1e29632b4,W,0x7ffdd749fa64,1,0,404,404,0,-12,0,0,412,0,0,-12,416,-12,0,0,420,0,-400,0,0,12,-436,12,0,0,-432,0,0,12,-428,12,0
2124,0x55f1e29632b8,R,0x7ffdd749fa64,1,0,0,-12,0,-12,408,4,412,8,0,0,416,408,0,4,420,-8,-400,-4,0,-400,-436,0,0,-8,-432,-4,0,-436,-428,12,-424
2126,0x55f1e29632bb,R,0x7ffdd749fa5c,1,-8,-8,-20,396,396,400,-4,-8,-8,-8,-8,408,-20,-8,-20,412,8,-392,20,8,20,-428,8,8,8,-424,20,8,-428,8,8,-416
2129,0x55f1e2963294,R,0x7ffdd749fa64,1,8,0,0,404,404,0,-12,0,0,412,8,416,0,0,408,420,-4,-400,-400,0,0,-436,-8,0,-4,-432,12,-428,12,0,0,0
2132,0x55f1e2963298,R,0x7ffdd749fa60,1,-4,-4,-4,400,-16,-4,-16,404,0,408,4,-4,-4,-4,-16,416,16,-396,16,4,4,-432,4,4,0,4,-432,-424,16,-420,4,4
2135,0x55f1e296329d,R,0x7ffdd749fa70,1,16,12,20,416,12,12,416,420,16,12,12,12,12,428,12,432,-412,-412,-12,-12,-20,-448,-12,-444,0,-12,-448,-12,-12,-436,-20,-12
2138,0x55f1e29632a4,R,0x7ffdd749f8d4,1,-412,-400,-400,4,-400,-400,-412,8,-412,-400,-400,12,-392,16,-400,-400,412,0,400,400,392,400,396,-32,412,-28,412,400,400,-24,400,400
2141,0x55f1e29632aa,R,0x7ffdd749fa70,1,412,12,16,416,20,12,12,420,416,12,16,424,20,12,12,12,-12,-412,-12,-448,-12,-12,-16,-12,-448,-440,-12,-12,-20,-436,-16,-12
2144,0x55f1e29632b1,W,0x7ffdd749f8d4,1,-412,-400,-412,4,-400,-400,-400,8,-412,-400,-412,12,-400,-400,-400,16,400,400,392,-36,400,-32,412,400,412,-28,400,400,400,-24,412,400
2146,0x55f1e29632b4,R,0x7ffdd749fa64,1,-12,400,400,404,4,0,8,408,0,0,404,412,4,0,8,416,0,0,-8,0,-4,-432,-436,0,0,-428,-8,0,-4,-424,-432,0
2147,0x55f1e29632b4,W,0x7ffdd749fa64,1,0,400,400,0,-12,0,0,408,0,0,-12,412,-12,0,0,416,0,-436,0,0,12,-432,12,0,0,-428,0,0,12,-424,12,0
2149,0x55f1e29632b8,R,0x7ffdd749fa64,1,0,0,-12,0,-12,404,4,408,8,0,0,412,404,0,4,416,-8,-436,-4,0,-436,-432,0,0,-8,-428,-4,0,-432,-424,12,-420
2151,0x55f1e29632bb,R,0x7ffdd749fa5c,1,-8,-8,-20,392,392,396,-4,-8,-8,-8,-8,404,-20,-8,-20,408,8,-428,20,8,20,-424,8,8,8,-420,20,8,-424,8,8,-412
2154,0x55f1e2963294,R,0x7ffdd749fa64,1,8,0,0,400,400,0,-12,0,0,408,8,412,0,0,404,416,-4,-436,-436,0,0,-432,-8,0,-4,-428,12,-424,12,0,0,0
2157,0x55f1e2963298,R,0x7ffdd749fa60,1,-4,-4,-4,396,-16,-4,-16,400,0,404,4,-4,-4,-4,-16,412,16,-432,16,4,4,-428,4,4,0,4,-428,-420,16,-416,4,4
2160,0x55f1e296329d,R,0x7ffdd749fa70,1,16,12,20,412,12,12,412,416,16,12,12,12,12,424,12,428,-448,-448,-12,-12,-20,-444,-12,-440,0,-12,-444,-12,-12,-432,-20,-12
2163,0x55f1e29632a4,R,0x7ffdd749f8b0,1,-448,-436,-436,-36,-436,-436,-448,-32,-448,-436,-436,-28,-428,-24,-436,-436,448,0,436,436,428,436,432,8,448,12,448,436,436,16,436,436
2166,0x55f1e29632aa,R,0x7ffdd749fa70,1,448,12,16,412,20,12,12,416,412,12,16,420,20,12,12,12,-12,-448,-12,-444,-12,-12,-16,-12,-444,-436,-12,-12,-20,-432,-16,-12
2169,0x55f1e29632b1,W,0x7ffdd749f8b0,1,-448,-436,-448,-36,-436,-436,-436,-32,-448,-436,-448,-28,-436,-436,-436,-24,436,436,428,4,436,8,448,436,448,12,436,436,436,16,448,436
2171,0x55f1e29632b4,R,0x7ffdd749fa64,1,-12,436,436,400,4,0,8,404,0,0,400,408,4,0,8,412,0,0,-8,0,-4,-428,-432,0,0,-424,-8,0,-4,-420,-428,0
2172,0x55f1e29632b4,W,0x7ffdd749fa64,1,0,436,436,0,-12,0,0,404,0,0,-12,408,-12,0,0,412,0,-432,0,0,12,-428,12,0,0,-424,0,0,12,-420,12,0
2174,0x55f1e29632b8,R,0x7ffdd749fa64,1,0,0,-12,0,-12,400,4,404,8,0,0,408,400,0,4,412,-8,-432,-4,0,-432,-428,0,0,-8,-424,-4,0,-428,-420,12,-416
2176,0x55f1e29632bb,R,0x7ffdd749fa5c,1,-8,-8,-20,428,428,392,-4,-8,-8,-8,-8,400,-20,-8,-20,404,8,-424,20,8,20,-420,8,8,8,-416,20,8,-420,8,8,-408
2179,0x55f1e2963294,R,0x7ffdd749fa64,1,8,0,0,436,436,0,-12,0,0,404,8,408,0,0,400,412,-4,-432,-432,0,0,-428,-8,0,-4,-424,12,-420,12,0,0,0
2182,0x55f1e2963298,R,0x7ffdd749fa60,1,-4,-4,-4,432,-16,-4,-16,396,0,400,4,-4,-4,-4,-16,408,16,-428,16,4,4,-424,4,4,0,4,-424,-416,16,-412,4,4
2185,0x55f1e296329d,R,0x7ffdd749fa70,1,16,12,20,448,12,12,448,412,16,12,12,12,12,420,12,424,-444,-444,-12,-12,-20,-440,-12,-436,0,-12,-440,-12,-12,-428,-20,-12
2188,0x55f1e29632a4,R,0x7ffdd749f8b4,1,-444,-432,-432,4,-432,-432,-444,-32,-444,-432,-432,-28,-424,-24,-432,-432,444,0,432,432,424,432,428,8,444,12,444,432,432,16,432,432
2191,0x55f1e29632aa,R,0x7ffdd749fa70,1,444,12,16,448,20,12,12,412,448,12,16,416,20,12,12,12,-12,-444,-12,-440,-12,-12,-16,-12,-440,-432,-12,-12,-20,-428,-16,-12
2194,0x55f1e29632b1,W,0x7ffdd749f8b4,1,-444,-432,-444,4,-432,-432,-432,-32,-444,-432,-444,-28,-432,-432,-432,-24,432,432,424,4,432,8,444,432,444,12,432,432,432,16,444,432
2196,0x55f1e29632b4,R,0x7ffdd749fa64,1,-12,432,432,436,4,0,8,400,0,0,436,404,4,0,8,408,0,0,-8,0,-4,-424,-428,0,0,-420,-8,0,-4,-416,-424,0
2197,0x55f1e29632b4,W,0x7ffdd749fa64,1,0,432,432,0,-12,0,0,400,0,0,-12,404,-12,0,0,408,0,-428,0,0,12,-424,12,0,0,-420,0,0,12,-416,12,0
2199,0x55f1e29632b8,R,0x7ffdd749fa64,1,0,0,-12,0,-12,436,4,400,8,0,0,404,436,0,4,408,-8,-428,-4,0,-428,-424,0,0,-8,-420,-4,0,-424,-416,12,-412
2201,0x55f1e29632bb,R,0x7ffdd749fa5c,1,-8,-8,-20,424,424,428,-4,-8,-8,-8,-8,396,-20,-8,-20,400,8,-420,20,8,20,-416,8,8,8,-412,20,8,-416,8,8,-404
2204,0x55f1e2963294,R,0x7ffdd749fa64,1,8,0,0,432,432,0,-12,0,0,400,8,404,0,0,436,408,-4,-428,-428,0,0,-424,-8,0,-4,-420,12,-416,12,0,0,0
2207,0x55f1e2963298,R,0x7ffdd749fa60,1,-4,-4,-4,428,-16,-4,-16,432,0,396,4,-4,-4,-4,-16,404,16,-424,16,4,4,-420,4,4,0,4,-420,-412,16,-408,4,4
2210,0x55f1e296329d,R,0x7ffdd749fa70,1,16,12,20,444,12,12,444,448,16,12,12,12,12,416,12,420,-440,-440,-12,-12,-20,-436,-12,-432,0,-12,-436,-12,-12,-424,-20,-12
2213,0x55f1e29632a4,R,0x7ffdd749f8b8,1,-440,-428,-428,4,-428,-428,-440,8,-440,-428,-428,-28,-420,-24,-428,-428,440,0,428,428,420,428,424,8,440,12,440,428,428,16,428,428
2216,0x55f1e29632aa,R,0x7ffdd749fa70,1,440,12,16,444,20,12,12,448,444,12,16,412,20,12,12,12,-12,-440,-12,-436,-12,-12,-16,-12,-436,-428,-12,-12,-20,-424,-16,-12
2219,0x55f1e29632b1,W,0x7ffdd749f8b8,1,-440,-428,-440,4,-428,-428,-428,8,-440,-428,-440,-28,-428,-428,-428,-24,428,428,420,4,428,8,440,428,440,12,428,428,428,16,440,428
2221,0x55f1e29632b4,R,0x7ffdd749fa64,1,-12,428,428,432,4,0,8,436,0,0,432,400,4,0,8,404,0,0,-8,0,-4,-420,-424,0,0,-416,-8,0,-4,-412,-420,0
2222,0x55f1e29632b4,W,0x7ffdd749fa64,1,0,428,428,0,-12,0,0,436,0,0,-12,400,-12,0,0,404,0,-424,0,0,12,-420,12,0,0,-416,0,0,12,-412,12,0
2224,0x55f1e29632b8,R,0x7ffdd749fa64,1,0,0,-12,0,-12,432,4,436,8,0,0,400,432,0,4,404,-8,-424,-4,0,-424,-420,0,0,-8,-416,-4,0,-420,-412,12,-408
2226,0x55f1e29632bb,R,0x7ffdd749fa5c,1,-8,-8,-20,420,420,424,-4,-8,-8,-8,-8,392,-20,-8,-20,396,8,-416,20,8,20,-412,8,8,8,-408,20,8,-412,8,8,-400
2229,0x55f1e2963294,R,0x7ffdd749fa64,1,8,0,0,428,428,0,-12,0,0,436,8,400,0,0,432,404,-4,-424,-424,0,0,-420,-8,0,-4,-416,12,-412,12,0,0,0
2232,0x55f1e2963298,R,0x7ffdd749fa60,1,-4,-4,-4,424,-16,-4,-16,428,0,432,4,-4,-4,-4,-16,400,16,-420,16,4,4,-416,4,4,0,4,-416,-408,16,-404,4,4
2235,0x55f1e296329d,R,0x7ffdd749fa70,1,16,12,20,440,12,12,440,444,16,12,12,12,12,412,12,416,-436,-436,-12,-12,-20,-432,-12,-428,0,-12,-432,-12,-12,-420,-20,-12
2238,0x55f1e29632a4,R,0x7ffdd749f8bc,1,-436,-424,-424,4,-424,-424,-436,8,-436,-424,-424,12,-416,-24,-424,-424,436,0,424,424,416,424,420,8,436,12,436,424,424,16,424,424
2241,0x55f1e29632aa,R,0x7ffdd749fa70,1,436,12,16,440,20,12,12,444,440,12,16,448,20,12,12,12,-12,-436,-12,-432,-12,-12,-16,-12,-432,-424,-12,-12,-20,-420,-16,-12
2244,0x55f1e29632b1,W,0x7ffdd749f8bc,1,-436,-424,-436,4,-424,-424,-424,8,-436,-424,-436,12,-424,-424,-424,-24,424,424,416,4,424,8,436,424,436,12,424,424,424,16,436,424
2246,0x55f1e29632b4,R,0x7ffdd749fa64,1,-12,424,424,428,4,0,8,432,0,0,428,436,4,0,8,400,0,0,-8,0,-4,-416,-420,0,0,-412,-8,0,-4,-408,-416,0
2247,0x55f1e29632b4,W,0x7ffdd749fa64,1,0,424,424,0,-12,0,0,432,0,0,-12,436,-12,0,0,400,0,-420,0,0,12,-416,12,0,0,-412,0,0,12,-408,12,0
2249,0x55f1e29632b8,R,0x7ffdd749fa64,1,0,0,-12,0,-12,428,4,432,8,0,0,436,428,0,4,400,-8,-420,-4,0,-420,-416,0,0,-8,-412,-4,0,-416,-408,12,-404
2251,0x55f1e29632bb,R,0x7ffdd749fa5c,1,-8,-8,-20,416,416,420,-4,-8,-8,-8,-8,428,-20,-8,-20,392,8,-412,20,8,20,-408,8,8,8,-404,20,8,-408,8,8,-396
2254,0x55f1e2963294,R,0x7ffdd749fa64,1,8,0,0,424,424,0,-12,0,0,432,8,436,0,0,428,400,-4,-420,-420,0,0,-416,-8,0,-4,-412,12,-408,12,0,0,0
2257,0x55f1e2963298,R,0x7ffdd749fa60,1,-4,-4,-4,420,-16,-4,-16,424,0,428,4,-4,-4,-4,-16,396,16,-416,16,4,4,-412,4,4,0,4,-412,-404,16,-400,4,4
2260,0x55f1e296329d,R,0x7ffdd749fa70,1,16,12,20,436,12,12,436,440,16,12,12,12,12,448,12,412,-432,-432,-12,-12,-20,-428,-12,-424,0,-12,-428,-12,-12,-416,-20,-12
2263,0x55f1e29632a4,R,0x7ffdd749f8c0,1,-432,-420,-420,4,-420,-420,-432,8,-432,-420,-420,12,-412,16,-420,-420,432,0,420,420,412,420,416,8,432,12,432,420,420,16,420,420
2266,0x55f1e29632aa,R,0x7ffdd749fa70,1,432,12,16,436,20,12,12,440,436,12,16,444,20,12,12,12,-12,-432,-12,-428,-12,-12,-16,-12,-428,-420,-12,-12,-20,-416,-16,-12
2269,0x55f1e29632b1,W,0x7ffdd749f8c0,1,-432,-420,-432,4,-420,-420,-420,8,-432,-420,-432,12,-420,-420,-420,16,420,420,412,4,420,8,432,420,432,12,420,420,420,16,432,420
2271,0x55f1e29632b4,R,0x7ffdd749fa64,1,-12,420,420,424,4,0,8,428,0,0,424,432,4,0,8,436,0,0,-8,0,-4,-412,-416,0,0,-408,-8,0,-4,-404,-412,0
2272,0x55f1e29632b4,W,0x7ffdd749fa64,1,0,420,420,0,-12,0,0,428,0,0,-12,432,-12,0,0,436,0,-416,0,0,12,-412,12,0,0,-408,0,0,12,-404,12,0
2274,0x55f1e29632b8,R,0x7ffdd749fa64,1,0,0,-12,0,-12,424,4,428,8,0,0,432,424,0,4,436,-8,-416,-4,0,-416,-412,0,0,-8,-408,-4,0,-412,-404,12,-400
2276,0x55f1e29632bb,R,0x7ffdd749fa5c,1,-8,-8,-20,412,412,416,-4,-8,-8,-8,-8,424,-20,-8,-20,428,8,-408,20,8,20,-404,8,8,8,-400,20,8,-404,8,8,-392
2279,0x55f1e2963294,R,0x7ffdd749fa64,1,8,0,0,420,420,0,-12,0,0,428,8,432,0,0,424,436,-4,-416,-416,0,0,-412,-8,0,-4,-408,12,-404,12,0,0,0
2282,0x55f1e2963298,R,0x7ffdd749fa60,1,-4,-4,-4,416,-16,-4,-16,420,0,424,4,-4,-4,-4,-16,432,16,-412,16,4,4,-408,4,4,0,4,-408,-400,16,-396,4,4
2285,0x55f1e296329d,R,0x7ffdd749fa70,1,16,12,20,432,12,12,432,436,16,12,12,12,12,444,12,448,-428,-428,-12,-12,-20,-424,-12,-420,0,-12,-424,-12,-12,-412,-20,-12
2288,0x55f1e29632a4,R,0x7ffdd749f8c4,1,-428,-416,-416,4,-416,-416,-428,8,-428,-416,-416,12,-408,16,-416,-416,428,0,416,416,408,416,412,8,428,12,428,416,416,16,416,416
2291,0x55f1e29632aa,R,0x7ffdd749fa70,1,428,12,16,432,20,12,12,436,432,12,16,440,20,12,12,12,-12,-428,-12,-424,-12,-12,-16,-12,-424,-416,-12,-12,-20,-412,-16,-12
2294,0x55f1e29632b1,W,0x7ffdd749f8c4,1,-428,-416,-428,4,-416,-416,-416,8,-428,-416,-428,12,-416,-416,-416,16,416,416,408,4,416,8,428,416,428,12,416,416,416,16,428,416
2296,0x55f1e29632b4,R,0x7ffdd749fa64,1,-12,416,416,420,4,0,8,424,0,0,420,428,4,0,8,432,0,0,-8,0,-4,-408,-412,0,0,-404,-8,0,-4,-400,-408,0
2297,0x55f1e29632b4,W,0x7ffdd749fa64,1,0,416,416,0,-12,0,0,424,0,0,-12,428,-12,0,0,432,0,-412,0,0,12,-408,12,0,0,-404,0,0,12,-400,12,0
2299,0x55f1e29632b8,R,0x7ffdd749fa64,1,0,0,-12,0,-12,420,4,424,8,0,0,428,420,0,4,432,-8,-412,-4,0,-412,-408,0,0,-8,-404,-4,0,-408,-400,12,-436
2301,0x55f1e29632bb,R,0x7ffdd749fa5c,1,-8,-8,-20,408,408,412,-4,-8,-8,-8,-8,420,-20,-8,-20,424,8,-404,20,8,20,-400,8,8,8,-396,20,8,-400,8,8,-428
2304,0x55f1e2963294,R,0x7ffdd749fa64,1,8,0,0,416,416,0,-12,0,0,424,8,428,0,0,420,432,-4,-412,-412,0,0,-408,-8,0,-4,-404,12,-400,12,0,0,0
2307,0x55f1e2963298,R,0x7ffdd749fa60,1,-4,-4,-4,412,-16,-4,-16,416,0,420,4,-4,-4,-4,-16,428,16,-408,16,4,4,-404,4,4,0,4,-404,-396,16,-432,4,4
2310,0x55f1e296329d,R,0x7ffdd749fa70,1,16,12,20,428,12,12,428,432,16,12,12,12,12,440,12,444,-424,-424,-12,-12,-20,-420,-12,-416,0,-12,-420,-12,-12,-448,-20,-12
2313,0x55f1e29632a4,R,0x7ffdd749f8c8,1,-424,-412,-412,4,-412,-412,-424,8,-424,-412,-412,12,-404,16,-412,-412,424,0,412,412,404,412,408,8,424,12,424,412,412,-24,412,412
2316,0x55f1e29632aa,R,0x7ffdd749fa70,1,424,12,16,428,20,12,12,432,428,12,16,436,20,12,12,12,-12,-424,-12,-420,-12,-12,-16,-12,-420,-412,-12,-12,-20,-448,-16,-12
2319,0x55f1e29632b1,W,0x7ffdd749f8c8,1,-424,-412,-424,4,-412,-412,-412,8,-424,-412,-424,12,-412,-412,-412,16,412,412,404,4,412,8,424,412,424,12,412,412,412,-24,424,412
2321,0x55f1e29632b4,R,0x7ffdd749fa64,1,-12,412,412,416,4,0,8,420,0,0,416,424,4,0,8,428,0,0,-8,0,-4,-404,-408,0,0,-400,-8,0,-4,-436,-404,0
2322,0x55f1e29632b4,W,0x7ffdd749fa64,1,0,412,412,0,-12,0,0,420,0,0,-12,424,-12,0,0,428,0,-408,0,0,12,-404,12,0,0,-400,0,0,12,-436,12,0
2324,0x55f1e29632b8,R,0x7ffdd749fa64,1,0,0,-12,0,-12,416,4,420,8,0,0,424,416,0,4,428,-8,-408,-4,0,-408,-404,0,0,-8,-400,-4,0,-404,-436,12,-432
2326,0x55f1e29632bb,R,0x7ffdd749fa5c,1,-8,-8,-20,404,404,408,-4,-8,-8,-8,-8,416,-20,-8,-20,420,8,-400,20,8,20,-396,8,8,8,-392,20,8,-396,8,8,-424
2329,0x55f1e2963294,R,0x7ffdd749fa64,1,8,0,0,412,412,0,-12,0,0,420,8,424,0,0,416,428,-4,-408,-408,0,0,-404,-8,0,-4,-400,12,-436,12,0,0,0
2332,0x55f1e2963298,R,0x7ffdd749fa60,1,-4,-4,-4,408,-16,-4,-16,412,0,416,4,-4,-4,-4,-16,424,16,-404,16,4,4,-400,4,4,0,4,-400,-432,16,-428,4,4
2335,0x55f1e296329d,R,0x7ffdd749fa70,1,16,12,20,424,12,12,424,428,16,12,12,12,12,436,12,440,-420,-420,-12,-12,-20,-416,-12,-412,0,-12,-416,-12,-12,-444,-20,-12
2338,0x55f1e29632a4,R,0x7ffdd749f8cc,1,-420,-408,-408,4,-408,-408,-420,8,-420,-408,-408,12,-400,16,-408,-408,420,0,408,408,400,408,404,8,420,-28,420,408,408,-24,408,408
2341,0x55f1e29632aa,R,0x7ffdd749fa70,1,420,12,16,424,20,12,12,428,424,12,16,432,20,12,12,12,-12,-420,-12,-416,-12,-12,-16,-12,-416,-448,-12,-12,-20,-444,-16,-12
2344,0x55f1e29632b1,W,0x7ffdd749f8cc,1,-420,-408,-420,4,-408,-408,-408,8,-420,-408,-420,12,-408,-408,-408,16,408,408,400,4,408,8,420,408,420,-28,408,408,408,-24,420,408
2346,0x55f1e29632b4,R,0x7ffdd749fa64,1,-12,408,408,412,4,0,8,416,0,0,412,420,4,0,8,424,0,0,-8,0,-4,-400,-404,0,0,-436,-8,0,-4,-432,-400,0
2347,0x55f1e29632b4,W,0x7ffdd749fa64,1,0,408,408,0,-12,0,0,416,0,0,-12,420,-12,0,0,424,0,-404,0,0,12,-400,12,0,0,-436,0,0,12,-432,12,0
2349,0x55f1e29632b8,R,0x7ffdd749fa64,1,0,0,-12,0,-12,412,4,416,8,0,0,420,412,0,4,424,-8,-404,-4,0,-404,-400,0,0,-8,-436,-4,0,-400,-432,12,-428
2351,0x55f1e29632bb,R,0x7ffdd749fa5c,1,-8,-8,-20,400,400,404,-4,-8,-8,-8,-8,412,-20,-8,-20,416,8,-396,20,8,20,-392,8,8,8,-428,20,8,-392,8,8,-420
2354,0x55f1e2963294,R,0x7ffdd749fa64,1,8,0,0,408,408,0,-12,0,0,416,8,420,0,0,412,424,-4,-404,-404,0,0,-400,-8,0,-4,-436,12,-432,12,0,0,0
2357,0x55f1e2963298,R,0x7ffdd749fa60,1,-4,-4,-4,404,-16,-4,-16,408,0,412,4,-4,-4,-4,-16,420,16,-400,16,4,4,-396,4,4,0,4,-396,-428,16,-424,4,4
2360,0x55f1e296329d,R,0x7ffdd749fa70,1,16,12,20,420,12,12,420,424,16,12,12,12,12,432,12,436,-416,-416,-12,-12,-20,-412,-12,-448,0,-12,-412,-12,-12,-440,-20,-12
2363,0x55f1e29632a4,R,0x7ffdd749f8d0,1,-416,-404,-404,4,-404,-404,-416,8,-416,-404,-404,12,-396,16,-404,-404,416,0,404,404,396,404,400,-32,416,-28,416,404,404,-24,404,404
2366,0x55f1e29632aa,R,0x7ffdd749fa70,1,416,12,16,420,20,12,12,424,420,12,16,428,20,12,12,12,-12,-416,-12,-412,-12,-12,-16,-12,-412,-444,-12,-12,-20,-440,-16,-12
2369,0x55f1e29632b1,W,0x7ffdd749f8d0,1,-416,-404,-416,4,-404,-404,-404,8,-416,-404,-416,12,-404,-404,-404,16,404,404,396,4,404,-32,416,404,416,-28,404,404,404,-24,416,404
2371,0x55f1e29632b4,R,0x7ffdd749fa64,1,-12,404,404,408,4,0,8,412,0,0,408,416,4,0,8,420,0,0,-8,0,-4,-436,-400,0,0,-432,-8,0,-4,-428,-436,0
2372,0x55f1e29632b4,W,0x7ffdd749fa64,1,0,404,404,0,-12,0,0,412,0,0,-12,416,-12,0,0,420,0,-400,0,0,12,-436,12,0,0,-432,0,0,12,-428,12,0
2374,0x55f1e29632b8,R,0x7ffdd749fa64,1,0,0,-12,0,-12,408,4,412,8,0,0,416,408,0,4,420,-8,-400,-4,0,-400,-436,0,0,-8,-432,-4,0,-436,-428,12,-424
2376,0x55f1e29632bb,R,0x7ffdd749fa5c,1,-8,-8,-20,396,396,400,-4,-8,-8,-8,-8,408,-20,-8,-20,412,8,-392,20,8,20,-428,8,8,8,-424,20,8,-428,8,8,-416
2379,0x55f1e2963294,R,0x7ffdd749fa64,1,8,0,0,404,404,0,-12,0,0,412,8,416,0,0,408,420,-4,-400,-400,0,0,-436,-8,0,-4,-432,12,-428,12,0,0,0
2382,0x55f1e2963298,R,0x7ffdd749fa60,1,-4,-4,-4,400,-16,-4,-16,404,0,408,4,-4,-4,-4,-16,416,16,-396,16,4,4,-432,4,4,0,4,-432,-424,16,-420,4,4
2385,0x55f1e296329d,R,0x7ffdd749fa70,1,16,12,20,416,12,12,416,420,16,12,12,12,12,428,12,432,-412,-412,-12,-12,-20,-448,-12,-444,0,-12,-448,-12,-12,-436,-20,-12
2388,0x55f1e29632a4,R,0x7ffdd749f8d4,1,-412,-400,-400,4,-400,-400,-412,8,-412,-400,-400,12,-392,16,-400,-400,412,0,400,400,392,400,396,-32,412,-28,412,400,400,-24,400,400
2391,0x55f1e29632aa,R,0x7ffdd749fa70,1,412,12,16,416,20,12,12,420,416,12,16,424,20,12,12,12,-12,-412,-12,-448,-12,-12,-16,-12,-448,-440,-12,-12,-20,-436,-16,-12
2394,0x55f1e29632b1,W,0x7ffdd749f8d4,1,-412,-400,-412,4,-400,-400,-400,8,-412,-400,-412,12,-400,-400,-400,16,400,400,392,-36,400,-32,412,400,412,-28,400,400,400,-24,412,400
2396,0x55f1e29632b4,R,0x7ffdd749fa64,1,-12,400,400,404,4,0,8,408,0,0,404,412,4,0,8,416,0,0,-8,0,-4,-432,-436,0,0,-428,-8,0,-4,-424,-432,0
2397,0x55f1e29632b4,W,0x7ffdd749fa64,1,0,400,400,0,-12,0,0,408,0,0,-12,412,-12,0,0,416,0,-436,0,0,12,-432,12,0,0,-428,0,0,12,-424,12,0
2399,0x55f1e29632b8,R,0x7ffdd749fa64,1,0,0,-12,0,-12,404,4,408,8,0,0,412,404,0,4,416,-8,-436,-4,0,-436,-432,0,0,-8,-428,-4,0,-432,-424,12,-420
2401,0x55f1e29632bb,R,0x7ffdd749fa5c,1,-8,-8,-20,392,392,396,-4,-8,-8,-8,-8,404,-20,-8,-20,408,8,-428,20,8,20,-424,8,8,8,-420,20,8,-424,8,8,-412
2404,0x55f1e2963294,R,0x7ffdd749fa64,1,8,0,0,400,400,0,-12,0,0,408,8,412,0,0,404,416,-4,-436,-436,0,0,-432,-8,0,-4,-428,12,-424,12,0,0,0
2407,0x55f1e2963298,R,0x7ffdd749fa60,1,-4,-4,-4,396,-16,-4,-16,400,0,404,4,-4,-4,-4,-16,412,16,-432,16,4,4,-428,4,4,0,4,-428,-420,16,-416,4,4
2410,0x55f1e296329d,R,0x7ffdd749fa70,1,16,12,20,412,12,12,412,416,16,12,12,12,12,424,12,428,-448,-448,-12,-12,-20,-444,-12,-440,0,-12,-444,-12,-12,-432,-20,-12
2413,0x55f1e29632a4,R,0x7ffdd749f8b0,1,-448,-436,-436,-36,-436,-436,-448,-32,-448,-436,-436,-28,-428,-24,-436,-436,448,0,436,436,428,436,432,8,448,12,448,436,436,16,436,436
2416,0x55f1e29632aa,R,0x7ffdd749fa70,1,448,12,16,412,20,12,12,416,412,12,16,420,20,12,12,12,-12,-448,-12,-444,-12,-12,-16,-12,-444,-436,-12,-12,-20,-432,-16,-12
2419,0x55f1e29632b1,W,0x7ffdd749f8b0,1,-448,-436,-448,-36,-436,-436,-436,-32,-448,-436,-448,-28,-436,-436,-436,-24,436,436,428,4,436,8,448,436,448,12,436,436,436,16,448,436
2421,0x55f1e29632b4,R,0x7ffdd749fa64,1,-12,436,436,400,4,0,8,404,0,0,400,408,4,0,8,412,0,0,-8,0,-4,-428,-432,0,0,-424,-8,0,-4,-420,-428,0
2422,0x55f1e29632b4,W,0x7ffdd749fa64,1,0,436,436,0,-12,0,0,404,0,0,-12,408,-12,0,0,412,0,-432,0,0,12,-428,12,0,0,-424,0,0,12,-420,12,0
2424,0x55f1e29632b8,R,0x7ffdd749fa64,1,0,0,-12,0,-12,400,4,404,8,0,0,408,400,0,4,412,-8,-432,-4,0,-432,-428,0,0,-8,-424,-4,0,-428,-420,12,-416
2426,0x55f1e29632bb,R,0x7ffdd749fa5c,1,-8,-8,-20,428,428,392,-4,-8,-8,-8,-8,400,-20,-8,-20,404,8,-424,20,8,20,-420,8,8,8,-416,20,8,-420,8,8,-408
2429,0x55f1e2963294,R,0x7ffdd749fa64,1,8,0,0,436,436,0,-12,0,0,404,8,408,0,0,400,412,-4,-432,-432,0,0,-428,-8,0,-4,-424,12,-420,12,0,0,0
2432,0x55f1e2963298,R,0x7ffdd749fa60,1,-4,-4,-4,432,-16,-4,-16,396,0,400,4,-4,-4,-4,-16,408,16,-428,16,4,4,-424,4,4,0,4,-424,-416,16,-412,4,4
2435,0x55f1e296329d,R,0x7ffdd749fa70,1,16,12,20,448,12,12,448,412,16,12,12,12,12,420,12,424,-444,-444,-12,-12,-20,-440,-12,-436,0,-12,-440,-12,-12,-428,-20,-12
2438,0x55f1e29632a4,R,0x7ffdd749f8b4,1,-444,-432,-432,4,-432,-432,-444,-32,-444,-432,-432,-28,-424,-24,-432,-432,444,0,432,432,424,432,428,8,444,12,444,432,432,16,432,432
2441,0x55f1e29632aa,R,0x7ffdd749fa70,1,444,12,16,448,20,12,12,412,448,12,16,416,20,12,12,12,-12,-444,-12,-440,-12,-12,-16,-12,-440,-432,-12,-12,-20,-428,-16,-12
2444,0x55f1e29632b1,W,0x7ffdd749f8b4,1,-444,-432,-444,4,-432,-432,-432,-32,-444,-432,-444,-28,-432,-432,-432,-24,432,432,424,4,432,8,444,432,444,12,432,432,432,16,444,432
2446,0x55f1e29632b4,R,0x7ffdd749fa64,1,-12,432,432,436,4,0,8,400,0,0,436,404,4,0,8,408,0,0,-8,0,-4,-424,-428,0,0,-420,-8,0,-4,-416,-424,0
2447,0x55f1e29632b4,W,0x7ffdd749fa64,1,0,432,432,0,-12,0,0,400,0,0,-12,404,-12,0,0,408,0,-428,0,0,12,-424,12,0,0,-420,0,0,12,-416,12,0
2449,0x55f1e29632b8,R,0x7ffdd749fa64,1,0,0,-12,0,-12,436,4,400,8,0,0,404,436,0,4,408,-8,-428,-4,0,-428,-424,0,0,-8,-420,-4,0,-424,-416,12,-412
2451,0x55f1e29632bb,R,0x7ffdd749fa5c,1,-8,-8,-20,424,424,428,-4,-8,-8,-8,-8,396,-20,-8,-20,400,8,-420,20,8,20,-416,8,8,8,-412,20,8,-416,8,8,-404
2454,0x55f1e2963294,R,0x7ffdd749fa64,1,8,0,0,432,432,0,-12,0,0,400,8,404,0,0,436,408,-4,-428,-428,0,0,-424,-8,0,-4,-420,12,-416,12,0,0,0
2457,0x55f1e2963298,R,0x7ffdd749fa60,1,-4,-4,-4,428,-16,-4,-16,432,0,396,4,-4,-4,-4,-16,404,16,-424,16,4,4,-420,4,4,0,4,-420,-412,16,-408,4,4
2460,0x55f1e296329d,R,0x7ffdd749fa70,1,16,12,20,444,12,12,444,448,16,12,12,12,12,416,12,420,-440,-440,-12,-12,-20,-436,-12,-432,0,-12,-436,-12,-12,-424,-20,-12
2463,0x55f1e29632a4,R,0x7ffdd749f8b8,1,-440,-428,-428,4,-428,-428,-440,8,-440,-428,-428,-28,-420,-24,-428,-428,440,0,428,428,420,428,424,8,440,12,440,428,428,16,428,428
2466,0x55f1e29632aa,R,0x7ffdd749fa70,1,440,12,16,444,20,12,12,448,444,12,16,412,20,12,12,12,-12,-440,-12,-436,-12,-12,-16,-12,-436,-428,-12,-12,-20,-424,-16,-12
2469,0x55f1e29632b1,W,0x7ffdd749f8b8,1,-440,-428,-440,4,-428,-428,-428,8,-440,-428,-440,-28,-428,-428,-428,-24,428,428,420,4,428,8,440,428,440,12,428,428,428,16,440,428
2471,0x55f1e29632b4,R,0x7ffdd749fa64,1,-12,428,428,432,4,0,8,436,0,0,432,400,4,0,8,404,0,0,-8,0,-4,-420,-424,0,0,-416,-8,0,-4,-412,-420,0
2472,0x55f1e29632b4,W,0x7ffdd749fa64,1,0,428,428,0,-12,0,0,436,0,0,-12,400,-12,0,0,404,0,-424,0,0,12,-420,12,0,0,-416,0,0,12,-412,12,0
2474,0x55f1e29632b8,R,0x7ffdd749fa64,1,0,0,-12,0,-12,432,4,436,8,0,0,400,432,0,4,404,-8,-424,-4,0,-424,-420,0,0,-8,-416,-4,0,-420,-412,12,-408
2476,0x55f1e29632bb,R,0x7ffdd749fa5c,1,-8,-8,-20,420,420,424,-4,-8,-8,-8,-8,392,-20,-8,-20,396,8,-416,20,8,20,-412,8,8,8,-408,20,8,-412,8,8,-400
2479,0x55f1e2963294,R,0x7ffdd749fa64,1,8,0,0,428,428,0,-12,0,0,436,8,400,0,0,432,404,-4,-424,-424,0,0,-420,-8,0,-4,-416,12,-412,12,0,0,0
2482,0x55f1e2963298,R,0x7ffdd749fa60,1,-4,-4,-4,424,-16,-4,-16,428,0,432,4,-4,-4,-4,-16,400,16,-420,16,4,4,-416,4,4,0,4,-416,-408,16,-404,4,4
2485,0x55f1e296329d,R,0x7ffdd749fa70,1,16,12,20,440,12,12,440,444,16,12,12,12,12,412,12,416,-436,-436,-12,-12,-20,-432,-12,-428,0,-12,-432,-12,-12,-420,-20,-12
2488,0x55f1e29632a4,R,0x7ffdd749f8bc,1,-436,-424,-424,4,-424,-424,-436,8,-436,-424,-424,12,-416,-24,-424,-424,436,0,424,424,416,424,420,8,436,12,436,424,424,16,424,424
2491,0x55f1e29632aa,R,0x7ffdd749fa70,1,436,12,16,440,20,12,12,444,440,12,16,448,20,12,12,12,-12,-436,-12,-432,-12,-12,-16,-12,-432,-424,-12,-12,-20,-420,-16,-12
2494,0x55f1e29632b1,W,0x7ffdd749f8bc,1,-436,-424,-436,4,-424,-424,-424,8,-436,-424,-436,12,-424,-424,-424,-24,424,424,416,4,424,8,436,424,436,12,424,424,424,16,436,424
2496,0x55f1e29632b4,R,0x7ffdd749fa64,1,-12,424,424,428,4,0,8,432,0,0,428,436,4,0,8,400,0,0,-8,0,-4,-416,-420,0,0,-412,-8,0,-4,-408,-416,0
2497,0x55f1e29632b4,W,0x7ffdd749fa64,1,0,424,424,0,-12,0,0,432,0,0,-12,436,-12,0,0,400,0,-420,0,0,12,-416,12,0,0,-412,0,0,12,-408,12,0
2499,0x55f1e29632b8,R,0x7ffdd749fa64,1,0,0,-12,0,-12,428,4,432,8,0,0,436,428,0,4,400,-8,-420,-4,0,-420,-416,0,0,-8,-412,-4,0,-416,-408,12,-404
2501,0x55f1e29632bb,R,0x7ffdd749fa5c,1,-8,-8,-20,416,416,420,-4,-8,-8,-8,-8,428,-20,-8,-20,392,8,-412,20,8,20,-408,8,8,8,-404,20,8,-408,8,8,-396
2504,0x55f1e2963294,R,0x7ffdd749fa64,1,8,0,0,424,424,0,-12,0,0,432,8,436,0,0,428,400,-4,-420,-420,0,0,-416,-8,0,-4,-412,12,-408,12,0,0,0
2507,0x55f1e2963298,R,0x7ffdd749fa60,1,-4,-4,-4,420,-16,-4,-16,424,0,428,4,-4,-4,-4,-16,396,16,-416,16,4,4,-412,4,4,0,4,-412,-404,16,-400,4,4
2510,0x55f1e296329d,R,0x7ffdd749fa70,1,16,12,20,436,12,12,436,440,16,12,12,12,12,448,12,412,-432,-432,-12,-12,-20,-428,-12,-424,0,-12,-428,-12,-12,-416,-20,-12
2513,0x55f1e29632a4,R,0x7ffdd749f8c0,1,-432,-420,-420,4,-420,-420,-432,8,-432,-420,-420,12,-412,16,-420,-420,432,0,420,420,412,420,416,8,432,12,432,420,420,16,420,420
2516,0x55f1e29632aa,R,0x7ffdd749fa70,1,432,12,16,436,20,12,12,440,436,12,16,444,20,12,12,12,-12,-432,-12,-428,-12,-12,-16,-12,-428,-420,-12,-12,-20,-416,-16,-12
2519,0x55f1e29632b1,W,0x7ffdd749f8c0,1,-432,-420,-432,4,-420,-420,-420,8,-432,-420,-432,12,-420,-420,-420,16,420,420,412,4,420,8,432,420,432,12,420,420,420,16,432,420
2521,0x55f1e29632b4,R,0x7ffdd749fa64,1,-12,420,420,424,4,0,8,428,0,0,424,432,4,0,8,436,0,0,-8,0,-4,-412,-416,0,0,-408,-8,0,-4,-404,-412,0
2522,0x55f1e29632b4,W,0x7ffdd749fa64,1,0,420,420,0,-12,0,0,428,0,0,-12,432,-12,0,0,436,0,-416,0,0,12,-412,12,0,0,-408,0,0,12,-404,12,0
2524,0x55f1e29632b8,R,0x7ffdd749fa64,1,0,0,-12,0,-12,424,4,428,8,0,0,432,424,0,4,436,-8,-416,-4,0,-416,-412,0,0,-8,-408,-4,0,-412,-404,12,-400
2526,0x55f1e29632bb,R,0x7ffdd749fa5c,1,-8,-8,-20,412,412,416,-4,-8,-8,-8,-8,424,-20,-8,-20,428,8,-408,20,8,20,-404,8,8,8,-400,20,8,-404,8,8,-392
2529,0x55f1e2963294,R,0x7ffdd749fa64,1,8,0,0,420,420,0,-12,0,0,428,8,432,0,0,424,436,-4,-416,-416,0,0,-412,-8,0,-4,-408,12,-404,12,0,0,0
2532,0x55f1e2963298,R,0x7ffdd749fa60,1,-4,-4,-4,416,-16,-4,-16,420,0,424,4,-4,-4,-4,-16,432,16,-412,16,4,4,-408,4,4,0,4,-408,-400,16,-396,4,4
2535,0x55f1e296329d,R,0x7ffdd749fa70,1,16,12,20,432,12,12,432,436,16,12,12,12,12,444,12,448,-428,-428,-12,-12,-20,-424,-12,-420,0,-12,-424,-12,-12,-412,-20,-12
2538,0x55f1e29632a4,R,0x7ffdd749f8c4,1,-428,-416,-416,4,-416,-416,-428,8,-428,-416,-416,12,-408,16,-416,-416,428,0,416,416,408,416,412,8,428,12,428,416,416,16,416,416
2541,0x55f1e29632aa,R,0x7ffdd749fa70,1,428,12,16,432,20,12,12,436,432,12,16,440,20,12,12,12,-12,-428,-12,-424,-12,-12,-16,-12,-424,-416,-12,-12,-20,-412,-16,-12
2544,0x55f1e29632b1,W,0x7ffdd749f8c4,1,-428,-416,-428,4,-416,-416,-416,8,-428,-416,-428,12,-416,-416,-416,16,416,416,408,4,416,8,428,416,428,12,416,416,416,16,428,416
2546,0x55f1e29632b4,R,0x7ffdd749fa64,1,-12,416,416,420,4,0,8,424,0,0,420,428,4,0,8,432,0,0,-8,0,-4,-408,-412,0,0,-404,-8,0,-4,-400,-408,0
2547,0x55f1e29632b4,W,0x7ffdd749fa64,1,0,416,416,0,-12,0,0,424,0,0,-12,428,-12,0,0,432,0,-412,0,0,12,-408,12,0,0,-404,0,0,12,-400,12,0
2549,0x55f1e29632b8,R,0x7ffdd749fa64,1,0,0,-12,0,-12,420,4,424,8,0,0,428,420,0,4,432,-8,-412,-4,0,-412,-408,0,0,-8,-404,-4,0,-408,-400,12,-180
2551,0x55f1e29632bb,R,0x7ffdd749fa5c,1,-8,-8,-20,408,408,412,-4,-8,-8,-8,-8,420,-20,-8,-20,424,8,-404,20,8,20,-400,8,8,8,-396,20,8,-400,8,8,-172
2554,0x55f1e2963294,R,0x7ffdd749fa64,1,8,0,0,416,416,0,-12,0,0,424,8,428,0,0,420,432,-4,-412,-412,0,0,-408,-8,0,-4,-404,12,-400,12,0,0,-188
2557,0x55f1e2963298,R,0x7ffdd749fa60,1,-4,-4,-4,412,-16,-4,-16,416,0,420,4,-4,-4,-4,-16,428,16,-408,16,4,4,-404,4,4,0,4,-404,-396,16,-176,4,-184
2560,0x55f1e296329d,R,0x7ffdd749fa70,1,16,12,20,428,12,12,428,432,16,12,12,12,12,440,12,444,-424,-424,-12,-12,-20,-420,-12,-416,0,-12,-420,-12,-12,-192,-20,-200
2563,0x55f1e29632a4,R,0x7ffdd749f8c8,1,-424,-412,-412,4,-412,-412,-424,8,-424,-412,-412,12,-404,16,-412,-412,424,0,412,412,404,412,408,8,424,12,424,412,412,232,412,224
2566,0x55f1e29632aa,R,0x7ffdd749fa70,1,424,12,16,428,20,12,12,432,428,12,16,436,20,12,12,12,-12,-424,-12,-420,-12,-12,-16,-12,-420,-412,-12,-12,-20,-192,-16,-200
2569,0x55f1e29632b1,W,0x7ffdd749f8c8,1,-424,-412,-424,4,-412,-412,-412,8,-424,-412,-424,12,-412,-412,-412,16,412,412,404,4,412,8,424,412,424,12,412,412,412,232,424,224
2571,0x55f1e29632b4,R,0x7ffdd749fa64,1,-12,412,412,416,4,0,8,420,0,0,416,424,4,0,8,428,0,0,-8,0,-4,-404,-408,0,0,-400,-8,0,-4,-180,-404,-188
2572,0x55f1e29632b4,W,0x7ffdd749fa64,1,0,412,412,0,-12,0,0,420,0,0,-12,424,-12,0,0,428,0,-408,0,0,12,-404,12,0,0,-400,0,0,12,-180,12,-188
2574,0x55f1e29632b8,R,0x7ffdd749fa64,1,0,0,-12,0,-12,416,4,420,8,0,0,424,416,0,4,428,-8,-408,-4,0,-408,-404,0,0,-8,-400,-4,0,-404,-180,12,-188
2576,0x55f1e29632bb,R,0x7ffdd749fa5c,1,-8,-8,-20,404,404,408,-4,-8,-8,-8,-8,416,-20,-8,-20,420,8,-400,20,8,20,-396,8,8,8,-392,20,8,-396,-180,8,-180
2579,0x55f1e2963294,R,0x7ffdd749fa64,1,8,0,0,412,412,0,-12,0,0,420,8,424,0,0,416,428,-4,-408,-408,0,0,-404,-8,0,-4,-400,12,-180,12,-188,0,-46230838418004
2582,0x55f1e2963298,R,0x7ffdd749fa60,1,-4,-4,-4,408,-16,-4,-16,412,0,416,4,-4,-4,-4,-16,424,16,-404,16,4,4,-400,4,4,0,4,-400,-176,16,-184,4,-46230838418000
2585,0x55f1e296329d,R,0x7ffdd749fa70,1,16,12,20,424,12,12,424,428,16,12,12,12,12,436,12,440,-420,-420,-12,-12,-20,-416,-12,-412,0,-12,-416,-200,-12,-200,-20,-46230838418016
2588,0x55f1e29632a4,R,0x7ffdd749f8cc,1,-420,-408,-408,4,-408,-408,-420,8,-420,-408,-408,12,-400,16,-408,-408,420,0,408,408,400,408,404,8,420,228,420,220,408,220,408,-46230838417596
2591,0x55f1e29632aa,R,0x7ffdd749fa70,1,420,12,16,424,20,12,12,428,424,12,16,432,20,12,12,12,-12,-420,-12,-416,-12,-12,-16,-12,-416,-192,-12,-200,-20,-200,-16,-46230838418016
2594,0x55f1e29632b1,W,0x7ffdd749f8cc,1,-420,-408,-420,4,-408,-408,-408,8,-420,-408,-420,12,-408,-408,-408,16,408,408,400,4,408,8,420,408,420,228,408,220,408,220,420,-46230838417596
2596,0x55f1e29632b4,R,0x7ffdd749fa64,1,-12,408,408,412,4,0,8,416,0,0,412,420,4,0,8,424,0,0,-8,0,-4,-400,-404,0,0,-180,-8,-188,-4,-188,-400,-46230838418004
2597,0x55f1e29632b4,W,0x7ffdd749fa64,1,0,408,408,0,-12,0,0,416,0,0,-12,420,-12,0,0,424,0,-404,0,0,12,-400,12,0,0,-180,0,-188,12,-188,12,-46230838418004
2599,0x55f1e29632b8,R,0x7ffdd749fa64,1,0,0,-12,0,-12,412,4,416,8,0,0,420,412,0,4,424,-8,-404,-4,0,-404,-400,0,0,-8,-180,-4,-188,-400,-188,12,0
2601,0x55f1e29632bb,R,0x7ffdd749fa5c,1,-8,-8,-20,400,400,404,-4,-8,-8,-8,-8,412,-20,-8,-20,416,8,-396,20,8,20,-392,8,8,8,-172,20,-180,-392,-46230838417996,8,8
2604,0x55f1e2963294,R,0x7ffdd749fa64,1,8,0,0,408,408,0,-12,0,0,416,8,420,0,0,412,424,-4,-404,-404,0,0,-400,-8,0,-4,-180,12,-188,12,-46230838418004,0,-400
2607,0x55f1e2963298,R,0x7ffdd749fa60,1,-4,-4,-4,404,-16,-4,-16,408,0,412,4,-4,-4,-4,-16,420,16,-400,16,4,4,-396,4,4,0,-184,-396,-184,16,-396,4,-396
2610,0x55f1e296329d,R,0x7ffdd749fa70,1,16,12,20,420,12,12,420,424,16,12,12,12,12,432,12,436,-416,-416,-12,-12,-20,-412,-12,-192,0,-200,-412,-46230838418016,-12,-412,-20,-412
2613,0x55f1e29632a4,R,0x7ffdd749f8d0,1,-416,-404,-404,4,-404,-404,-416,8,-416,-404,-404,12,-396,16,-404,-404,416,0,404,404,396,404,400,224,416,216,416,-46230838417600,404,4,424,4
2616,0x55f1e29632aa,R,0x7ffdd749fa70,1,416,12,16,420,20,12,12,424,420,12,16,428,20,12,12,12,-12,-416,-12,-412,-12,-12,-16,-200,-412,-200,-12,-46230838418016,-20,-412,-982080217864,-412
2619,0x55f1e29632b1,W,0x7ffdd749f8d0,1,-416,-404,-416,4,-404,-404,-404,8,-416,-404,-416,12,-404,-404,-404,16,404,404,396,4,404,224,416,216,416,216,404,-46230838417600,424,4,440,4
2621,0x55f1e29632b4,R,0x7ffdd749fa64,1,-12,404,404,408,4,0,8,412,0,0,408,416,4,0,8,420,0,0,-8,0,-4,-180,-400,-188,0,-188,-8,-46230838418004,-982080217852,-400,44,-400
2622,0x55f1e29632b4,W,0x7ffdd749fa64,1,0,404,404,0,-12,0,0,412,0,0,-12,416,-12,0,0,420,0,-400,0,0,12,-180,12,-188,0,-188,20,-46230838418004,36,-400,52,-400
2624,0x55f1e29632b8,R,0x7ffdd749fa64,1,0,0,-12,0,-12,408,4,412,8,0,0,416,408,0,4,420,-8,-400,-4,0,-400,-180,0,-188,-8,-188,-982080217852,-46230838418004,44,-400,52,0
2626,0x55f1e29632bb,R,0x7ffdd749fa5c,1,-8,-8,-20,396,396,400,-4,-8,-8,-8,-8,408,-20,-8,-20,412,8,-392,20,8,20,-172,8,-180,28,-180,44,-46230838417996,52,8,68,8
2629,0x55f1e2963294,R,0x7ffdd749fa64,1,8,0,0,404,404,0,-12,0,0,412,8,416,0,0,408,420,-4,-400,-400,0,0,-180,-8,-188,-982080217852,-188,36,0,52,0,60,-180
2632,0x55f1e2963298,R,0x7ffdd749fa60,1,-4,-4,-4,400,-16,-4,-16,404,0,408,4,-4,-4,-4,-16,416,16,-396,16,4,4,-176,24,-184,-982080217848,-46230838418000,48,4,56,-176,72,-176
2635,0x55f1e296329d,R,0x7ffdd749fa70,1,16,12,20,416,12,12,416,420,16,12,12,12,12,428,12,432,-412,-412,-12,-12,-20,-192,8,-200,24,-46230838418016,32,-192,48,-192,64,-192
2638,0x55f1e29632a4,R,0x7ffdd749f8d4,1,-412,-400,-400,4,-400,-400,-412,8,-412,-400,-400,12,-392,16,-400,-400,412,0,400,400,392,212,-982080217452,212,436,220,452,220,468,220,484,220
2641,0x55f1e29632aa,R,0x7ffdd749fa70,1,412,12,16,416,20,12,12,420,416,12,16,424,20,12,12,12,-12,-412,-12,-192,8,-200,-982080217864,-46230838418016,32,-192,48,-192,64,-192,-46230838418016,-192
2644,0x55f1e29632b1,W,0x7ffdd749f8d4,1,-412,-400,-412,4,-400,-400,-400,8,-412,-400,-412,12,-400,-400,-400,16,400,400,392,220,420,212,436,-46230838417604,452,220,468,220,484,220,-46230838417628,220
2646,0x55f1e29632b4,R,0x7ffdd749fa64,1,-12,400,400,404,4,0,8,408,0,0,404,412,4,0,8,416,0,0,-8,-188,-982080217852,-188,44,-46230838418004,60,-180,76,-180,-46230838418004,-180,-46230838418012,-180
2647,0x55f1e29632b4,W,0x7ffdd749fa64,1,0,400,400,0,-12,0,0,408,0,0,-12,412,-12,0,0,416,0,-180,20,-188,36,-188,52,-46230838418004,68,-180,84,-180,-46230838418028,-180,-46230838418028,-180
2649,0x55f1e29632b8,R,0x7ffdd749fa64,1,0,0,-12,0,-12,404,4,408,8,0,0,412,404,0,4,416,-8,-180,-982080217852,-188,44,-188,60,-46230838418004,76,-180,-46230838418004,-180,-46230838418012,-180,-188,-180
2651,0x55f1e29632bb,R,0x7ffdd749fa5c,1,-8,-8,-20,392,392,396,-4,-8,-8,-8,-8,404,-20,-8,-20,408,28,-172,44,-180,60,-180,76,-46230838417996,92,-172,-46230838418020,-172,-46230838418020,-172,-172,-172
2656,0x55f1e29632c8,R,0x7ffdd749fa78,1,28,20,20,420,420,20,8,20,20,428,28,432,20,20,424,436,-982080217872,-200,24,-208,40,-208,56,-46230838418024,-46230838418024,-200,-46230838418032,-200,-208,-200,-192,-200
2658,0x55f1e29632cc,R,0x7f192ebf1768,1,-982080217872,-982080217852,-982080217852,-982080217452,-982080217864,-982080217852,-982080217864,-982080217448,-982080217848,-982080217444,-982080217844,-982080217852,-982080217852,-982080217852,-982080217864,-982080217436,982080217888,982080217672,982080217904,982080217664,982080217920,982080217664,982080217936,-45248758200152,-45248758200176,982080217672,-45248758200176,982080217672,982080217672,982080217672,982080217680,982080217672
2662,0x55f1e29632e0,R,0x7ffdd749fa88,1,982080217888,36,44,436,36,36,436,440,40,36,36,36,36,448,36,452,8,-216,24,-224,40,-224,-46230838418040,-46230838418040,-46230838418048,-216,-224,-216,-208,-216,-46230838418064,-216
2664,0x55f1e29632e1,R,0x7ffdd749fa90,1,8,44,24,444,44,44,32,448,32,44,44,452,52,456,44,44,8,-224,24,-232,40,-232,-46230838418072,-46230838418048,-46230838418072,-224,-224,-224,-216,-224,-46230838418072,-232
2666,0x55f1e29632e3,R,0x7ffdd749fa98,1,8,52,982080217904,452,60,52,52,456,452,52,56,460,60,52,52,52,8,-232,24,-240,-46230838418056,-240,-46230838418064,-46230838418056,-240,-232,-224,-232,-224,-240,-46230838418064,-240
2668,0x55f1e29632e5,R,0x7ffdd749faa0,1,8,60,24,460,40,60,60,464,48,60,48,468,60,60,60,472,8,-240,24,-248,-46230838418088,-248,-46230838418088,-46230838418064,-240,-240,-232,-248,-46230838418072,-248,-46230838418088,-248
2670,0x55f1e29632e7,R,0x7ffdd749faa8,1,8,68,24,468,982080217920,68,76,472,68,68,468,476,72,68,76,480,8,-248,-46230838418072,-256,-46230838418080,-256,-256,-46230838418072,-248,-256,-240,-256,-46230838418096,-256,-46230838418096,-256
2672,0x55f1e29632e9,R,0x7ffdd749fab0,1,8,76,24,476,40,76,56,480,76,76,64,484,64,76,76,488,8,-256,-46230838418104,-264,-46230838418104,-264,-264,-264,-248,-264,-46230838418104,-264,-46230838418104,-264,-264,-264
2674,0x55f1e29632ea,R,0x7ffdd749fab8,1,8,84,24,484,40,84,982080217936,488,92,84,84,492,484,84,88,496,-46230838418088,-264,-46230838418096,-272,-46230838418112,-46230838418088,-264,-272,-256,-272,-46230838418112,-272,-272,-272,-272,-46230838418088
2677,0x55f1e2963124,R,0x55f1e2966010,1,-46230838418088,-46230838418004,-46230838418072,-46230838417604,-46230838418056,-46230838418004,-46230838418040,-46230838417600,-46230838418024,-46230838418004,-46230838418004,-46230838417596,-46230838418016,-46230838418004,-46230838418016,-46230838417592,-24,46230838417824,-8,46230838417816,46230838417816,0,46230838417832,46230838417816,46230838417832,46230838417816,46230838417816,46230838417816,46230838417816,0,46230838417824,0
2680,0x55f1e296312d,W,0x7ffdd749f9b0,1,46230838417824,-180,-256,220,-240,-180,-224,224,982080217672,-180,-172,228,-180,-180,220,232,-46230838417848,-8,-46230838417848,-8,0,-46230838417824,8,-8,-8,-8,-8,-46230838417824,0,-46230838417824,0,
2682,0x55f1e296312e,R,0x55f1e2965ff8,1,-24,-46230838417848,-46230838418112,-46230838417628,-46230838418096,-46230838418028,-46230838418080,-46230838417624,-46230838418064,-46230838418028,-46230838418048,-46230838417620,-46230838418028,-46230838418028,-46230838418040,-46230838417616,16,46230838417840,46230838417840,46230838417840,46230838417848,46230838417840,46230838417856,46230838417840,46230838417840,24,46230838417848,24,46230838417848,,46230838417856,
2686,0x55f1e296313b,R,0x55f1e2966008,1,16,-46230838417832,-46230838418096,-46230838418012,-46230838418088,-46230838418012,-46230838418072,-46230838417608,-46230838418056,-46230838418012,-45248758200160,-46230838417604,-46230838418004,-46230838418012,-46230838418012,-46230838417600,-16,46230838417824,46230838417824,8,46230838417840,46230838417824,46230838417840,8,46230838417832,8,46230838417832,,46230838417840,,46230838417840,
2688,0x55f1e2963142,W,0x7ffdd749f9a8,1,46230838417824,-8,46230838417816,-188,-264,212,-256,216,-240,-188,-224,220,-208,-188,-188,224,-46230838417840,0,8,-46230838417816,16,-46230838417816,8,-46230838417816,8,,16,,16,,,
2691,0x55f1e2963054,R,0x55f1e2965ff8,1,-16,-46230838417840,0,-46230838418028,-46230838418112,-46230838417628,-46230838418096,-46230838418028,-46230838418088,-46230838418028,-46230838418072,-46230838417620,-45248758200176,-46230838418028,-46230838418020,-46230838417616,46230838417840,46230838417840,46230838417848,24,46230838417856,24,46230838417848,,46230838417856,,46230838417856,,,,,
2693,0x55f1e2963147,W,0x7ffdd749f9a8,1,46230838417840,0,46230838417840,-8,46230838417816,212,-264,-188,-248,216,-240,220,-224,-188,-208,224,0,-46230838417816,16,-46230838417816,16,,16,,16,,,,,,,
2699,0x55f1e29630d8,R,0x7ffdd749f9a8,1,46230838417840,0,46230838417824,-8,46230838417816,-188,-272,-188,-256,216,-240,-188,-232,-188,982080217664,224,8,-46230838417816,16,,16,,16,,,,,,,,,
2701,0x55f1e296314c,W,0x55f1e2966010,1,-46230838417816,-46230838417816,8,-46230838417816,24,-46230838418004,-46230838418088,-46230838417604,-46230838418080,-46230838417600,-46230838418064,-46230838418004,-46230838418048,-46230838417596,-46230838418040,-46230838417592,46230838417824,,46230838417832,,46230838417832,,,,,,,,,,,
2703,0x55f1e2963153,R,0x7ffdd749f9b0,1,8,46230838417824,46230838417848,8,46230838417848,0,46230838417824,220,-256,-180,-248,-180,-232,228,-216,-180,8,,8,,,,,,,,,,,,,
2705,0x55f1e2963154,R,0x7ffdd749f9b8,1,8,46230838417832,46230838417856,16,46230838417840,8,46230838417832,-172,-256,-172,-240,232,-232,236,-216,-172,0,,,,,,,,,,,,,,,
2710,0x55f1e29632f8,R,0x7ffdd749f9b8,1,0,46230838417832,16,16,46230838417840,16,46230838417856,-172,-256,228,-248,232,-232,-172,-224,-172,,,,,,,,,,,,,,,,
