Timestamp,PC,Type,Address,pattern_type,Delta_with_1_last_read,Delta_with_1_last_write,Delta_with_2_last_read,Delta_with_2_last_write,Delta_with_3_last_read,Delta_with_3_last_write,Delta_with_4_last_read,Delta_with_4_last_write,Delta_with_5_last_read,Delta_with_5_last_write,Delta_with_6_last_read,Delta_with_6_last_write,Delta_with_7_last_read,Delta_with_7_last_write,Delta_with_8_last_read,Delta_with_8_last_write,Delta_with_1_next_read,Delta_with_1_next_write,Delta_with_2_next_read,Delta_with_2_next_write,Delta_with_3_next_read,Delta_with_3_next_write,Delta_with_4_next_read,Delta_with_4_next_write,Delta_with_5_next_read,Delta_with_5_next_write,Delta_with_6_next_read,Delta_with_6_next_write,Delta_with_7_next_read,Delta_with_7_next_write,Delta_with_8_next_read,Delta_with_8_next_write
5,0x56061596e089,R,0x7ffeb330afb0,1,,,,,,,,,,,,,,,,,-46147772719064,-8,-46147772719048,-24,-104,-280,-1094445320264,-288,-372,-304,16,-312,-384,-372,-46147772719072,-384
9,0x56061596e091,W,0x7ffeb330afa8,1,-8,,,,,,,,,,,,,,,,-46147772719056,-8,-46147772719040,-264,-96,-272,-1094445320256,-288,-376,-296,-46147772719064,-304,32,-364,-46147772719064,-320
11,0x56061596e092,W,0x7ffeb330afa0,1,-16,-8,-16,,,,,,,,,,,,,,-46147772719048,-8,-88,-256,-88,-272,-356,-280,32,-288,-368,-296,40,-368,-46147772719056,-340
16,0x56061596e09f,R,0x560615970fd8,1,-46147772719064,-46147772719048,-46147772719064,-46147772719056,-46147772719064,,,,,,,,,,,,16,46147772719040,46147772718960,46147772718784,45053327398800,46147772718776,46147772718680,46147772718768,-8,46147772718760,46147772718680,46147772718692,46147772719088,46147772718736,-8,46147772718712
17,0x56061596e09f,W,0x7ffeb330af98,1,46147772719040,-8,-24,-16,-24,-16,-24,,,,,,,,,,-46147772719024,-248,-80,-256,-348,-264,40,-272,-46147772719048,-288,-360,-360,48,-332,-46147772719048,-368
21,0x56061596e008,R,0x560615970fe8,1,16,-46147772719024,-46147772719048,-46147772719040,-46147772719048,-46147772719032,-46147772719048,-46147772719040,-46147772719048,,,,,,,,46147772718944,46147772718776,45053327398784,46147772718768,46147772718664,46147772718760,46147772719064,46147772718744,-24,46147772718676,46147772718664,46147772718720,46147772719072,46147772718696,-24,46147772718692
26,0x56061596e01a,R,0x7ffeb330af48,1,46147772718944,-80,-104,-88,46147772718960,-88,-104,-88,-104,-96,-104,,,,,,0,-168,-268,-176,-280,-192,120,-208,-46147772718968,-280,-280,-252,128,-288,-46147772718968,-288
39,0x56061596e118,R,0x7ffeb330af48,1,0,-80,46147772718960,-88,46147772718960,-96,46147772718960,-88,-104,-88,-104,-96,-104,,,,-1094445320160,-168,-268,-184,-280,-200,120,-268,-46147772718968,-224,-280,-248,128,-252,-46147772718968,-248
42,0x56061596e16d,W,0x7ffeb330aea0,1,-168,-248,46147772718776,-256,-272,-264,46147772718792,-248,46147772718792,-256,-272,-256,-272,-264,-272,,-1094445319992,-8,-100,-24,-112,-40,288,-112,-46147772718800,-84,-112,-120,296,-120,-46147772718800,-72
45,0x56061596e171,W,0x7ffeb330ae98,1,-176,-8,-176,-264,46147772718784,-272,46147772718768,-256,46147772718784,-256,46147772718784,-264,-280,-264,-280,-272,-1094445319984,-8,-92,-24,-104,-92,296,-48,-46147772718792,-72,-104,-76,304,-72,-76,-64
47,0x56061596e173,W,0x7ffeb330ae90,1,-184,-8,-184,-264,46147772718760,-280,-288,-264,46147772718760,-264,46147772718776,-264,46147772718776,-272,-288,-272,-1094445319976,-8,-84,-24,-96,-96,304,-68,-46147772718784,-104,-96,-104,-46147772718784,-64,-68,-104
49,0x56061596e175,W,0x7ffeb330ae88,1,-192,-8,-192,-24,46147772718752,-280,46147772718768,-272,-192,-272,46147772718752,-272,46147772718768,-272,46147772718768,-280,-1094445319968,-8,-76,-76,-88,-32,312,-56,-46147772718776,-60,320,-96,-46147772718776,-48,-60,-40
51,0x56061596e177,W,0x7ffeb330ae80,1,-200,-8,-200,-24,46147772718744,-280,46147772718760,-296,-304,-280,-200,-280,46147772718744,-280,46147772718760,-280,-1094445319960,-8,-68,-80,-80,-52,320,-88,-80,-52,328,-48,-46147772718768,-88,-52,-44
53,0x56061596e179,W,0x7ffeb330ae78,1,-208,-8,-208,-24,46147772718736,-40,46147772718752,-296,-312,-40,-208,-288,-208,-288,46147772718736,-288,-1094445319952,-60,-60,-16,-72,-40,-46147772718760,-80,-72,-80,336,-32,-46147772718760,-24,-80,-36
56,0x56061596e17e,W,0x7ffeb330ae3c,1,-268,-60,-268,-76,46147772718676,-92,46147772718692,-348,-372,-364,-268,-100,-268,-348,-268,-348,-1094445319892,-12,0,16,388,20,-46147772718700,16,-12,20,396,-20,16,36,24,24
58,0x56061596e181,W,0x7ffeb330ae30,1,-280,-12,-280,-80,46147772718664,-96,46147772718680,-112,-384,-368,-280,-104,-280,-112,-280,-360,-1094445319880,56,0,28,400,-8,-46147772718688,-8,0,40,-46147772718688,-8,-8,48,28,36
60,0x56061596e185,R,0x7effe12a6768,1,-1094445320160,-1094445319880,-1094445320160,-1094445319952,45053327398784,-1094445319968,45053327398800,-1094445319984,-1094445320264,-1094445320240,-1094445320160,-1094445320256,-1094445320160,-1094445319984,-1094445320160,-1094445319992,1094445319892,1094445319936,1094445319880,1094445319912,1094445320280,1094445319908,-45053327398808,1094445319912,1094445320288,1094445319920,1094445319908,1094445319872,1094445319916,1094445319928,1094445319908,1094445319480
62,0x56061596e18e,W,0x7ffeb330ae68,1,1094445319936,56,-224,44,46147772718720,-24,46147772718736,-40,-328,-56,-224,-312,-224,-40,-224,-48,-44,-28,-56,-64,344,-64,-56,-24,-46147772718744,-16,-64,-64,-20,-20,-20,-456
67,0x56061596e19a,W,0x7ffeb330ae4c,1,1094445319908,-28,-252,16,46147772718692,-44,46147772718708,-60,-356,-76,-252,-332,-252,-348,-252,-68,-16,4,-28,0,-46147772718716,-36,380,4,0,12,-36,20,0,8,8,8
69,0x56061596e1a1,W,0x7ffeb330ae50,1,1094445319912,4,-248,32,-248,-40,46147772718712,-48,-352,-64,-248,-80,-248,-336,-248,-56,-20,-40,368,-4,-32,-40,-46147772718720,0,-4,-40,4,16,-4,-432,0,4
71,0x56061596e1a8,R,0x7ffeb330ae3c,1,1094445319892,-20,-268,-44,-268,0,46147772718676,-68,-372,-76,-268,-92,-268,-348,-268,-364,-12,-20,-46147772718700,16,396,-20,-46147772718700,28,-20,-20,24,24,24,-412,36,24
74,0x56061596e1ae,R,0x7ffeb330ae30,1,-12,-32,-280,-28,-280,0,46147772718664,-72,46147772718680,-88,-280,-96,-280,-112,-280,-368,400,-8,0,28,408,32,28,40,-8,48,28,36,32,-400,48,-396
77,0x56061596e1b6,R,0x7ffeb330afc0,1,400,368,1094445320280,372,120,344,46147772719064,388,46147772719080,320,16,304,120,296,120,40,-46147772719088,-408,-400,-408,-46147772719088,-368,-372,-408,-364,-352,-364,-364,-368,-364,-800,-796
80,0x56061596e1bc,W,0x7ffeb330ae28,1,-408,-40,-20,-36,-288,-64,46147772718656,-8,46147772718672,-80,-392,-96,1094445319872,-112,-288,-120,-46147772718680,36,416,0,-46147772718680,48,0,0,36,56,44,-392,56,44,-392,44
83,0x56061596e074,R,0x560615970fd0,1,-46147772719088,-46147772718680,-46147772718688,-46147772718716,-45053327398808,-46147772718744,-46147772718968,-46147772718688,-8,-46147772718700,-46147772719072,-46147772718768,-45053327398808,-46147772718784,-45053327398808,-46147772718800,46147772718688,46147772718716,46147772719096,46147772718720,46147772718716,46147772718728,46147772718724,46147772718680,46147772718716,46147772718724,46147772718720,46147772718288,46147772718736,46147772718292,46147772718736,46147772718724
85,0x56061596e1c1,W,0x7ffeb330ae4c,1,46147772718716,36,28,-4,16,-28,-252,28,46147772718692,16,-356,-44,1094445319908,-60,1094445319908,-76,-28,-36,-46147772718716,4,-36,12,8,20,8,8,4,8,-428,-424,20,-420
87,0x56061596e1c4,R,0x7ffeb330ae30,1,46147772718688,-28,-400,-32,-12,-28,1094445319880,0,-280,-12,46147772718680,-72,1094445319880,-80,1094445319880,-96,408,-8,28,32,-8,-8,28,48,36,-400,48,36,-400,36,36,-392
90,0x56061596e1cc,R,0x7ffeb330afc8,1,408,380,8,416,408,380,1094445320288,352,128,396,46147772719072,336,24,328,1094445320288,320,-46147772719096,-416,-380,-368,-372,-416,-380,-372,-376,-808,-360,-804,-360,-372,-372,-372
93,0x56061596e1d2,W,0x7ffeb330ae28,1,-416,-36,46147772718680,0,-8,-40,-20,-64,-288,-8,-288,-80,46147772718672,-88,-20,-96,-46147772718680,40,0,48,44,56,44,44,40,44,-392,-388,56,-384,44,-380
96,0x56061596e074,R,0x560615970fd0,1,-46147772719096,-46147772718680,-46147772718688,-46147772718680,-46147772719088,-46147772718720,-46147772718700,-46147772718716,-45053327398808,-46147772718688,-46147772718968,-46147772718700,-24,-46147772718768,-46147772719072,-46147772718776,46147772718716,46147772718720,46147772718680,46147772718680,46147772718716,46147772718736,46147772718724,46147772718288,46147772718736,46147772718724,46147772718288,46147772718724,46147772718736,46147772718724,46147772718724,46147772718724
98,0x56061596e1d7,W,0x7ffeb330ae50,1,46147772718720,40,32,4,46147772718720,0,32,4,1094445319912,-24,-248,20,46147772718696,-40,46147772718712,-56,-4,8,4,-40,-4,4,0,-432,16,-428,-432,-424,16,-420,4,4
100,0x56061596e1da,R,0x7ffeb330ae4c,1,46147772718716,-4,-380,0,46147772718716,36,-372,0,16,-28,-252,28,-252,-44,46147772718708,-52,-36,12,8,20,8,8,4,8,20,8,-428,8,8,-416,0,8
104,0x56061596e1e4,W,0x7ffeb330ae58,1,12,8,-368,48,40,48,-360,8,40,-16,1094445319920,40,-240,28,46147772718704,-40,-48,-48,-12,8,-4,-440,-8,-436,8,-432,8,-4,-4,-428,-4,-4
137,0x56061596e274,R,0x7ffeb330ae28,1,-36,-48,46147772718680,0,-8,-36,46147772718680,-40,-8,-36,-20,-8,-288,-20,46147772718656,-80,44,0,36,44,44,44,40,44,-392,-384,44,44,36,-380,40,44
138,0x56061596e274,W,0x7ffeb330ae28,1,0,-48,46147772718680,-40,-416,-36,46147772718680,0,-408,-36,-20,-64,1094445319872,-20,-288,-80,44,56,36,-392,44,-388,56,44,56,-384,44,44,44,-380,56,44
144,0x56061596e287,W,0x7ffeb330ae60,1,56,56,20,16,-360,56,48,56,-352,16,48,-8,1094445319928,48,-232,-24,-12,-12,-20,-12,-16,-444,-448,-12,-12,-440,-20,-12,-16,-436,-444,-12
146,0x56061596e28b,W,0x7ffeb330ae54,1,44,-12,8,-4,46147772718724,44,36,8,46147772718724,4,36,8,24,36,-244,24,0,-436,0,0,12,-432,12,0,0,-428,0,0,12,-424,12,0
149,0x56061596e2b8,R,0x7ffeb330ae54,1,44,0,8,44,46147772718724,4,-372,8,46147772718724,44,-364,8,24,-20,1094445319916,24,-8,-436,-4,0,-436,-432,0,0,-8,-428,-4,0,-432,-424,12,-420
151,0x56061596e2bb,R,0x7ffeb330ae4c,1,-8,-8,0,-20,46147772718716,-12,-380,36,28,36,-372,-4,28,-28,1094445319908,28,8,-428,20,8,20,-424,8,8,8,-420,20,8,-424,8,8,-412
154,0x56061596e294,R,0x7ffeb330ae54,1,8,0,44,-12,46147772718724,44,-372,4,36,8,46147772718724,4,36,8,24,36,-4,-436,-436,0,0,-432,-8,0,-4,-428,12,-424,12,0,0,0
157,0x56061596e298,R,0x7ffeb330ae50,1,-4,-4,-4,-16,4,40,-376,-8,32,40,46147772718720,40,-368,4,20,-24,16,-432,16,4,4,-428,4,4,0,4,-428,-420,16,-416,4,4
160,0x56061596e29d,R,0x7ffeb330ae60,1,16,12,20,0,56,56,46147772718736,8,48,16,46147772718736,20,-352,16,48,-8,-448,-448,-12,-12,-20,-444,-12,-440,0,-12,-444,-12,-12,-432,-20,-12
163,0x56061596e2a4,R,0x7ffeb330aca0,1,-448,-436,-436,-448,-436,-392,-428,-440,-808,-432,46147772718288,-392,-800,-392,-400,-428,448,0,436,436,428,436,432,8,448,12,448,436,436,16,436,436
166,0x56061596e2aa,R,0x7ffeb330ae60,1,448,12,16,0,20,56,56,8,46147772718736,16,48,56,-352,20,48,16,-12,-448,-12,-444,-12,-12,-16,-12,-444,-436,-12,-12,-20,-432,-16,-12
169,0x56061596e2b1,W,0x7ffeb330aca0,1,-448,-436,-448,-448,-436,-392,-436,-440,-428,-432,-808,-392,46147772718288,-428,-400,-392,436,436,428,4,436,8,448,436,448,12,436,436,436,16,448,436
171,0x56061596e2b4,R,0x7ffeb330ae54,1,-12,436,436,-12,4,44,8,-4,44,4,46147772718724,44,36,8,-364,44,0,0,-8,0,-4,-428,-432,0,0,-424,-8,0,-4,-420,-428,0
172,0x56061596e2b4,W,0x7ffeb330ae54,1,0,436,436,0,-12,44,0,-4,0,4,8,44,-372,8,46147772718724,44,0,-432,0,0,12,-428,12,0,0,-424,0,0,12,-420,12,0
174,0x56061596e2b8,R,0x7ffeb330ae54,1,0,0,-12,0,-12,-12,4,-4,8,4,44,44,46147772718724,8,36,44,-8,-432,-4,0,-432,-428,0,0,-8,-424,-4,0,-428,-420,12,-416
176,0x56061596e2bb,R,0x7ffeb330ae4c,1,-8,-8,-20,428,428,-20,-4,36,-8,-4,-8,36,0,0,-380,36,8,-424,20,8,20,-420,8,8,8,-416,20,8,-420,8,8,-408
179,0x56061596e294,R,0x7ffeb330ae54,1,8,0,0,436,436,0,-12,44,0,-4,8,44,44,8,46147772718724,44,-4,-432,-432,0,0,-428,-8,0,-4,-424,12,-420,12,0,0,0
182,0x56061596e298,R,0x7ffeb330ae50,1,-4,-4,-4,432,-16,-4,-16,-16,0,-8,4,0,-4,4,4,40,16,-428,16,4,4,-424,4,4,0,4,-424,-416,16,-412,4,4
185,0x56061596e29d,R,0x7ffeb330ae60,1,16,12,20,448,12,12,448,0,16,56,12,16,12,56,56,56,-444,-444,-12,-12,-20,-440,-12,-436,0,-12,-440,-12,-12,-428,-20,-12
188,0x56061596e2a4,R,0x7ffeb330aca4,1,-444,-432,-432,4,-432,-432,-444,-444,-444,-388,-432,-436,-424,-388,-388,-424,444,0,432,432,424,432,428,8,444,12,444,432,432,16,432,432
191,0x56061596e2aa,R,0x7ffeb330ae60,1,444,12,16,448,20,12,12,0,448,56,16,8,20,16,12,20,-12,-444,-12,-440,-12,-12,-16,-12,-440,-432,-12,-12,-20,-428,-16,-12
194,0x56061596e2b1,W,0x7ffeb330aca4,1,-444,-432,-444,4,-432,-432,-432,-444,-444,-388,-444,-436,-432,-428,-432,-388,432,432,424,4,432,8,444,432,444,12,432,432,432,16,444,432
196,0x56061596e2b4,R,0x7ffeb330ae54,1,-12,432,432,436,4,0,8,-12,0,44,436,-4,4,4,8,44,0,0,-8,0,-4,-424,-428,0,0,-420,-8,0,-4,-416,-424,0
197,0x56061596e2b4,W,0x7ffeb330ae54,1,0,432,432,0,-12,0,0,-12,0,44,-12,-4,-12,4,0,44,0,-428,0,0,12,-424,12,0,0,-420,0,0,12,-416,12,0
199,0x56061596e2b8,R,0x7ffeb330ae54,1,0,0,-12,0,-12,436,4,-12,8,44,0,-4,436,4,4,44,-8,-428,-4,0,-428,-424,0,0,-8,-420,-4,0,-424,-416,12,-412
201,0x56061596e2bb,R,0x7ffeb330ae4c,1,-8,-8,-20,424,424,428,-4,-8,-8,36,-8,-12,-20,-4,-20,36,8,-420,20,8,20,-416,8,8,8,-412,20,8,-416,8,8,-404
204,0x56061596e294,R,0x7ffeb330ae54,1,8,0,0,432,432,0,-12,0,0,-12,8,-4,0,4,436,44,-4,-428,-428,0,0,-424,-8,0,-4,-420,12,-416,12,0,0,0
207,0x56061596e298,R,0x7ffeb330ae50,1,-4,-4,-4,428,-16,-4,-16,432,0,-16,4,40,-4,0,-16,40,16,-424,16,4,4,-420,4,4,0,4,-420,-412,16,-408,4,4
210,0x56061596e29d,R,0x7ffeb330ae60,1,16,12,20,444,12,12,444,448,16,12,12,56,12,8,12,56,-440,-440,-12,-12,-20,-436,-12,-432,0,-12,-436,-12,-12,-424,-20,-12
213,0x56061596e2a4,R,0x7ffeb330aca8,1,-440,-428,-428,4,-428,-428,-440,8,-440,-428,-428,-440,-420,-432,-428,-424,440,0,428,428,420,428,424,8,440,12,440,428,428,16,428,428
216,0x56061596e2aa,R,0x7ffeb330ae60,1,440,12,16,444,20,12,12,448,444,12,16,0,20,56,12,16,-12,-440,-12,-436,-12,-12,-16,-12,-436,-428,-12,-12,-20,-424,-16,-12
219,0x56061596e2b1,W,0x7ffeb330aca8,1,-440,-428,-440,4,-428,-428,-428,8,-440,-428,-440,-440,-428,-384,-428,-432,428,428,420,4,428,8,440,428,440,12,428,428,428,16,440,428
221,0x56061596e2b4,R,0x7ffeb330ae54,1,-12,428,428,432,4,0,8,436,0,0,432,-12,4,44,8,-4,0,0,-8,0,-4,-420,-424,0,0,-416,-8,0,-4,-412,-420,0
222,0x56061596e2b4,W,0x7ffeb330ae54,1,0,428,428,0,-12,0,0,436,0,0,-12,-12,-12,44,0,-4,0,-424,0,0,12,-420,12,0,0,-416,0,0,12,-412,12,0
224,0x56061596e2b8,R,0x7ffeb330ae54,1,0,0,-12,0,-12,432,4,436,8,0,0,-12,432,44,4,-4,-8,-424,-4,0,-424,-420,0,0,-8,-416,-4,0,-420,-412,12,-408
226,0x56061596e2bb,R,0x7ffeb330ae4c,1,-8,-8,-20,420,420,424,-4,-8,-8,-8,-8,-20,-20,36,-20,-12,8,-416,20,8,20,-412,8,8,8,-408,20,8,-412,8,8,-400
229,0x56061596e294,R,0x7ffeb330ae54,1,8,0,0,428,428,0,-12,0,0,436,8,-12,0,44,432,-4,-4,-424,-424,0,0,-420,-8,0,-4,-416,12,-412,12,0,0,0
232,0x56061596e298,R,0x7ffeb330ae50,1,-4,-4,-4,424,-16,-4,-16,428,0,432,4,-4,-4,40,-16,-8,16,-420,16,4,4,-416,4,4,0,4,-416,-408,16,-404,4,4
235,0x56061596e29d,R,0x7ffeb330ae60,1,16,12,20,440,12,12,440,444,16,12,12,12,12,0,12,8,-436,-436,-12,-12,-20,-432,-12,-428,0,-12,-432,-12,-12,-420,-20,-12
238,0x56061596e2a4,R,0x7ffeb330acac,1,-436,-424,-424,4,-424,-424,-436,8,-436,-424,-424,12,-416,-436,-424,-380,436,0,424,424,416,424,420,8,436,12,436,424,424,16,424,424
241,0x56061596e2aa,R,0x7ffeb330ae60,1,436,12,16,440,20,12,12,444,440,12,16,448,20,12,12,56,-12,-436,-12,-432,-12,-12,-16,-12,-432,-424,-12,-12,-20,-420,-16,-12
244,0x56061596e2b1,W,0x7ffeb330acac,1,-436,-424,-436,4,-424,-424,-424,8,-436,-424,-436,12,-424,-424,-424,-436,424,424,416,4,424,8,436,424,436,12,424,424,424,16,436,424
246,0x56061596e2b4,R,0x7ffeb330ae54,1,-12,424,424,428,4,0,8,432,0,0,428,436,4,0,8,-12,0,0,-8,0,-4,-416,-420,0,0,-412,-8,0,-4,-408,-416,0
247,0x56061596e2b4,W,0x7ffeb330ae54,1,0,424,424,0,-12,0,0,432,0,0,-12,436,-12,0,0,-12,0,-420,0,0,12,-416,12,0,0,-412,0,0,12,-408,12,0
249,0x56061596e2b8,R,0x7ffeb330ae54,1,0,0,-12,0,-12,428,4,432,8,0,0,436,428,0,4,-12,-8,-420,-4,0,-420,-416,0,0,-8,-412,-4,0,-416,-408,12,-404
251,0x56061596e2bb,R,0x7ffeb330ae4c,1,-8,-8,-20,416,416,420,-4,-8,-8,-8,-8,428,-20,-8,-20,-20,8,-412,20,8,20,-408,8,8,8,-404,20,8,-408,8,8,-396
254,0x56061596e294,R,0x7ffeb330ae54,1,8,0,0,424,424,0,-12,0,0,432,8,436,0,0,428,-12,-4,-420,-420,0,0,-416,-8,0,-4,-412,12,-408,12,0,0,0
257,0x56061596e298,R,0x7ffeb330ae50,1,-4,-4,-4,420,-16,-4,-16,424,0,428,4,-4,-4,-4,-16,-16,16,-416,16,4,4,-412,4,4,0,4,-412,-404,16,-400,4,4
260,0x56061596e29d,R,0x7ffeb330ae60,1,16,12,20,436,12,12,436,440,16,12,12,12,12,448,12,0,-432,-432,-12,-12,-20,-428,-12,-424,0,-12,-428,-12,-12,-416,-20,-12
263,0x56061596e2a4,R,0x7ffeb330acb0,1,-432,-420,-420,4,-420,-420,-432,8,-432,-420,-420,12,-412,16,-420,-420,432,0,420,420,412,420,416,8,432,12,432,420,420,16,420,420
266,0x56061596e2aa,R,0x7ffeb330ae60,1,432,12,16,436,20,12,12,440,436,12,16,444,20,12,12,12,-12,-432,-12,-428,-12,-12,-16,-12,-428,-420,-12,-12,-20,-416,-16,-12
269,0x56061596e2b1,W,0x7ffeb330acb0,1,-432,-420,-432,4,-420,-420,-420,8,-432,-420,-432,12,-420,-420,-420,16,420,420,412,4,420,8,432,420,432,12,420,420,420,16,432,420
271,0x56061596e2b4,R,0x7ffeb330ae54,1,-12,420,420,424,4,0,8,428,0,0,424,432,4,0,8,436,0,0,-8,0,-4,-412,-416,0,0,-408,-8,0,-4,-404,-412,0
272,0x56061596e2b4,W,0x7ffeb330ae54,1,0,420,420,0,-12,0,0,428,0,0,-12,432,-12,0,0,436,0,-416,0,0,12,-412,12,0,0,-408,0,0,12,-404,12,0
274,0x56061596e2b8,R,0x7ffeb330ae54,1,0,0,-12,0,-12,424,4,428,8,0,0,432,424,0,4,436,-8,-416,-4,0,-416,-412,0,0,-8,-408,-4,0,-412,-404,12,-400
276,0x56061596e2bb,R,0x7ffeb330ae4c,1,-8,-8,-20,412,412,416,-4,-8,-8,-8,-8,424,-20,-8,-20,428,8,-408,20,8,20,-404,8,8,8,-400,20,8,-404,8,8,-392
279,0x56061596e294,R,0x7ffeb330ae54,1,8,0,0,420,420,0,-12,0,0,428,8,432,0,0,424,436,-4,-416,-416,0,0,-412,-8,0,-4,-408,12,-404,12,0,0,0
282,0x56061596e298,R,0x7ffeb330ae50,1,-4,-4,-4,416,-16,-4,-16,420,0,424,4,-4,-4,-4,-16,432,16,-412,16,4,4,-408,4,4,0,4,-408,-400,16,-396,4,4
285,0x56061596e29d,R,0x7ffeb330ae60,1,16,12,20,432,12,12,432,436,16,12,12,12,12,444,12,448,-428,-428,-12,-12,-20,-424,-12,-420,0,-12,-424,-12,-12,-412,-20,-12
288,0x56061596e2a4,R,0x7ffeb330acb4,1,-428,-416,-416,4,-416,-416,-428,8,-428,-416,-416,12,-408,16,-416,-416,428,0,416,416,408,416,412,8,428,12,428,416,416,16,416,416
291,0x56061596e2aa,R,0x7ffeb330ae60,1,428,12,16,432,20,12,12,436,432,12,16,440,20,12,12,12,-12,-428,-12,-424,-12,-12,-16,-12,-424,-416,-12,-12,-20,-412,-16,-12
294,0x56061596e2b1,W,0x7ffeb330acb4,1,-428,-416,-428,4,-416,-416,-416,8,-428,-416,-428,12,-416,-416,-416,16,416,416,408,4,416,8,428,416,428,12,416,416,416,16,428,416
296,0x56061596e2b4,R,0x7ffeb330ae54,1,-12,416,416,420,4,0,8,424,0,0,420,428,4,0,8,432,0,0,-8,0,-4,-408,-412,0,0,-404,-8,0,-4,-400,-408,0
297,0x56061596e2b4,W,0x7ffeb330ae54,1,0,416,416,0,-12,0,0,424,0,0,-12,428,-12,0,0,432,0,-412,0,0,12,-408,12,0,0,-404,0,0,12,-400,12,0
299,0x56061596e2b8,R,0x7ffeb330ae54,1,0,0,-12,0,-12,420,4,424,8,0,0,428,420,0,4,432,-8,-412,-4,0,-412,-408,0,0,-8,-404,-4,0,-408,-400,12,-396
301,0x56061596e2bb,R,0x7ffeb330ae4c,1,-8,-8,-20,408,408,412,-4,-8,-8,-8,-8,420,-20,-8,-20,424,8,-404,20,8,20,-400,8,8,8,-396,20,8,-400,8,8,-388
304,0x56061596e294,R,0x7ffeb330ae54,1,8,0,0,416,416,0,-12,0,0,424,8,428,0,0,420,432,-4,-412,-412,0,0,-408,-8,0,-4,-404,12,-400,12,0,0,0
307,0x56061596e298,R,0x7ffeb330ae50,1,-4,-4,-4,412,-16,-4,-16,416,0,420,4,-4,-4,-4,-16,428,16,-408,16,4,4,-404,4,4,0,4,-404,-396,16,-392,4,4
310,0x56061596e29d,R,0x7ffeb330ae60,1,16,12,20,428,12,12,428,432,16,12,12,12,12,440,12,444,-424,-424,-12,-12,-20,-420,-12,-416,0,-12,-420,-12,-12,-408,-20,-12
313,0x56061596e2a4,R,0x7ffeb330acb8,1,-424,-412,-412,4,-412,-412,-424,8,-424,-412,-412,12,-404,16,-412,-412,424,0,412,412,404,412,408,8,424,12,424,412,412,16,412,412
316,0x56061596e2aa,R,0x7ffeb330ae60,1,424,12,16,428,20,12,12,432,428,12,16,436,20,12,12,12,-12,-424,-12,-420,-12,-12,-16,-12,-420,-412,-12,-12,-20,-408,-16,-12
319,0x56061596e2b1,W,0x7ffeb330acb8,1,-424,-412,-424,4,-412,-412,-412,8,-424,-412,-424,12,-412,-412,-412,16,412,412,404,4,412,8,424,412,424,12,412,412,412,16,424,412
321,0x56061596e2b4,R,0x7ffeb330ae54,1,-12,412,412,416,4,0,8,420,0,0,416,424,4,0,8,428,0,0,-8,0,-4,-404,-408,0,0,-400,-8,0,-4,-396,-404,0
322,0x56061596e2b4,W,0x7ffeb330ae54,1,0,412,412,0,-12,0,0,420,0,0,-12,424,-12,0,0,428,0,-408,0,0,12,-404,12,0,0,-400,0,0,12,-396,12,0
324,0x56061596e2b8,R,0x7ffeb330ae54,1,0,0,-12,0,-12,416,4,420,8,0,0,424,416,0,4,428,-8,-408,-4,0,-408,-404,0,0,-8,-400,-4,0,-404,-396,12,-392
326,0x56061596e2bb,R,0x7ffeb330ae4c,1,-8,-8,-20,404,404,408,-4,-8,-8,-8,-8,416,-20,-8,-20,420,8,-400,20,8,20,-396,8,8,8,-392,20,8,-396,8,8,-384
329,0x56061596e294,R,0x7ffeb330ae54,1,8,0,0,412,412,0,-12,0,0,420,8,424,0,0,416,428,-4,-408,-408,0,0,-404,-8,0,-4,-400,12,-396,12,0,0,0
332,0x56061596e298,R,0x7ffeb330ae50,1,-4,-4,-4,408,-16,-4,-16,412,0,416,4,-4,-4,-4,-16,424,16,-404,16,4,4,-400,4,4,0,4,-400,-392,16,-388,4,4
335,0x56061596e29d,R,0x7ffeb330ae60,1,16,12,20,424,12,12,424,428,16,12,12,12,12,436,12,440,-420,-420,-12,-12,-20,-416,-12,-412,0,-12,-416,-12,-12,-404,-20,-12
338,0x56061596e2a4,R,0x7ffeb330acbc,1,-420,-408,-408,4,-408,-408,-420,8,-420,-408,-408,12,-400,16,-408,-408,420,0,408,408,400,408,404,8,420,12,420,408,408,16,408,408
341,0x56061596e2aa,R,0x7ffeb330ae60,1,420,12,16,424,20,12,12,428,424,12,16,432,20,12,12,12,-12,-420,-12,-416,-12,-12,-16,-12,-416,-408,-12,-12,-20,-404,-16,-12
344,0x56061596e2b1,W,0x7ffeb330acbc,1,-420,-408,-420,4,-408,-408,-408,8,-420,-408,-420,12,-408,-408,-408,16,408,408,400,4,408,8,420,408,420,12,408,408,408,16,420,408
346,0x56061596e2b4,R,0x7ffeb330ae54,1,-12,408,408,412,4,0,8,416,0,0,412,420,4,0,8,424,0,0,-8,0,-4,-400,-404,0,0,-396,-8,0,-4,-392,-400,0
347,0x56061596e2b4,W,0x7ffeb330ae54,1,0,408,408,0,-12,0,0,416,0,0,-12,420,-12,0,0,424,0,-404,0,0,12,-400,12,0,0,-396,0,0,12,-392,12,0
349,0x56061596e2b8,R,0x7ffeb330ae54,1,0,0,-12,0,-12,412,4,416,8,0,0,420,412,0,4,424,-8,-404,-4,0,-404,-400,0,0,-8,-396,-4,0,-400,-392,12,-388
351,0x56061596e2bb,R,0x7ffeb330ae4c,1,-8,-8,-20,400,400,404,-4,-8,-8,-8,-8,412,-20,-8,-20,416,8,-396,20,8,20,-392,8,8,8,-388,20,8,-392,8,8,-380
354,0x56061596e294,R,0x7ffeb330ae54,1,8,0,0,408,408,0,-12,0,0,416,8,420,0,0,412,424,-4,-404,-404,0,0,-400,-8,0,-4,-396,12,-392,12,0,0,0
357,0x56061596e298,R,0x7ffeb330ae50,1,-4,-4,-4,404,-16,-4,-16,408,0,412,4,-4,-4,-4,-16,420,16,-400,16,4,4,-396,4,4,0,4,-396,-388,16,-384,4,4
360,0x56061596e29d,R,0x7ffeb330ae60,1,16,12,20,420,12,12,420,424,16,12,12,12,12,432,12,436,-416,-416,-12,-12,-20,-412,-12,-408,0,-12,-412,-12,-12,-400,-20,-12
363,0x56061596e2a4,R,0x7ffeb330acc0,1,-416,-404,-404,4,-404,-404,-416,8,-416,-404,-404,12,-396,16,-404,-404,416,0,404,404,396,404,400,8,416,12,416,404,404,16,404,404
366,0x56061596e2aa,R,0x7ffeb330ae60,1,416,12,16,420,20,12,12,424,420,12,16,428,20,12,12,12,-12,-416,-12,-412,-12,-12,-16,-12,-412,-404,-12,-12,-20,-400,-16,-12
369,0x56061596e2b1,W,0x7ffeb330acc0,1,-416,-404,-416,4,-404,-404,-404,8,-416,-404,-416,12,-404,-404,-404,16,404,404,396,4,404,8,416,404,416,12,404,404,404,16,416,404
371,0x56061596e2b4,R,0x7ffeb330ae54,1,-12,404,404,408,4,0,8,412,0,0,408,416,4,0,8,420,0,0,-8,0,-4,-396,-400,0,0,-392,-8,0,-4,-388,-396,0
372,0x56061596e2b4,W,0x7ffeb330ae54,1,0,404,404,0,-12,0,0,412,0,0,-12,416,-12,0,0,420,0,-400,0,0,12,-396,12,0,0,-392,0,0,12,-388,12,0
374,0x56061596e2b8,R,0x7ffeb330ae54,1,0,0,-12,0,-12,408,4,412,8,0,0,416,408,0,4,420,-8,-400,-4,0,-400,-396,0,0,-8,-392,-4,0,-396,-388,12,-384
376,0x56061596e2bb,R,0x7ffeb330ae4c,1,-8,-8,-20,396,396,400,-4,-8,-8,-8,-8,408,-20,-8,-20,412,8,-392,20,8,20,-388,8,8,8,-384,20,8,-388,8,8,-376
379,0x56061596e294,R,0x7ffeb330ae54,1,8,0,0,404,404,0,-12,0,0,412,8,416,0,0,408,420,-4,-400,-400,0,0,-396,-8,0,-4,-392,12,-388,12,0,0,0
382,0x56061596e298,R,0x7ffeb330ae50,1,-4,-4,-4,400,-16,-4,-16,404,0,408,4,-4,-4,-4,-16,416,16,-396,16,4,4,-392,4,4,0,4,-392,-384,16,-380,4,4
385,0x56061596e29d,R,0x7ffeb330ae60,1,16,12,20,416,12,12,416,420,16,12,12,12,12,428,12,432,-412,-412,-12,-12,-20,-408,-12,-404,0,-12,-408,-12,-12,-396,-20,-12
388,0x56061596e2a4,R,0x7ffeb330acc4,1,-412,-400,-400,4,-400,-400,-412,8,-412,-400,-400,12,-392,16,-400,-400,412,0,400,400,392,400,396,8,412,12,412,400,400,16,400,400
391,0x56061596e2aa,R,0x7ffeb330ae60,1,412,12,16,416,20,12,12,420,416,12,16,424,20,12,12,12,-12,-412,-12,-408,-12,-12,-16,-12,-408,-400,-12,-12,-20,-396,-16,-12
394,0x56061596e2b1,W,0x7ffeb330acc4,1,-412,-400,-412,4,-400,-400,-400,8,-412,-400,-412,12,-400,-400,-400,16,400,400,392,4,400,8,412,400,412,12,400,400,400,16,412,400
396,0x56061596e2b4,R,0x7ffeb330ae54,1,-12,400,400,404,4,0,8,408,0,0,404,412,4,0,8,416,0,0,-8,0,-4,-392,-396,0,0,-388,-8,0,-4,-384,-392,0
397,0x56061596e2b4,W,0x7ffeb330ae54,1,0,400,400,0,-12,0,0,408,0,0,-12,412,-12,0,0,416,0,-396,0,0,12,-392,12,0,0,-388,0,0,12,-384,12,0
399,0x56061596e2b8,R,0x7ffeb330ae54,1,0,0,-12,0,-12,404,4,408,8,0,0,412,404,0,4,416,-8,-396,-4,0,-396,-392,0,0,-8,-388,-4,0,-392,-384,12,-380
401,0x56061596e2bb,R,0x7ffeb330ae4c,1,-8,-8,-20,392,392,396,-4,-8,-8,-8,-8,404,-20,-8,-20,408,8,-388,20,8,20,-384,8,8,8,-380,20,8,-384,8,8,-372
404,0x56061596e294,R,0x7ffeb330ae54,1,8,0,0,400,400,0,-12,0,0,408,8,412,0,0,404,416,-4,-396,-396,0,0,-392,-8,0,-4,-388,12,-384,12,0,0,0
407,0x56061596e298,R,0x7ffeb330ae50,1,-4,-4,-4,396,-16,-4,-16,400,0,404,4,-4,-4,-4,-16,412,16,-392,16,4,4,-388,4,4,0,4,-388,-380,16,-376,4,4
410,0x56061596e29d,R,0x7ffeb330ae60,1,16,12,20,412,12,12,412,416,16,12,12,12,12,424,12,428,-408,-408,-12,-12,-20,-404,-12,-400,0,-12,-404,-12,-12,-392,-20,-12
413,0x56061596e2a4,R,0x7ffeb330acc8,1,-408,-396,-396,4,-396,-396,-408,8,-408,-396,-396,12,-388,16,-396,-396,408,0,396,396,388,396,392,8,408,12,408,396,396,16,396,396
416,0x56061596e2aa,R,0x7ffeb330ae60,1,408,12,16,412,20,12,12,416,412,12,16,420,20,12,12,12,-12,-408,-12,-404,-12,-12,-16,-12,-404,-396,-12,-12,-20,-392,-16,-12
419,0x56061596e2b1,W,0x7ffeb330acc8,1,-408,-396,-408,4,-396,-396,-396,8,-408,-396,-408,12,-396,-396,-396,16,396,396,388,4,396,8,408,396,408,12,396,396,396,16,408,396
421,0x56061596e2b4,R,0x7ffeb330ae54,1,-12,396,396,400,4,0,8,404,0,0,400,408,4,0,8,412,0,0,-8,0,-4,-388,-392,0,0,-384,-8,0,-4,-380,-388,0
422,0x56061596e2b4,W,0x7ffeb330ae54,1,0,396,396,0,-12,0,0,404,0,0,-12,408,-12,0,0,412,0,-392,0,0,12,-388,12,0,0,-384,0,0,12,-380,12,0
424,0x56061596e2b8,R,0x7ffeb330ae54,1,0,0,-12,0,-12,400,4,404,8,0,0,408,400,0,4,412,-8,-392,-4,0,-392,-388,0,0,-8,-384,-4,0,-388,-380,12,-376
426,0x56061596e2bb,R,0x7ffeb330ae4c,1,-8,-8,-20,388,388,392,-4,-8,-8,-8,-8,400,-20,-8,-20,404,8,-384,20,8,20,-380,8,8,8,-376,20,8,-380,8,8,-368
429,0x56061596e294,R,0x7ffeb330ae54,1,8,0,0,396,396,0,-12,0,0,404,8,408,0,0,400,412,-4,-392,-392,0,0,-388,-8,0,-4,-384,12,-380,12,0,0,0
432,0x56061596e298,R,0x7ffeb330ae50,1,-4,-4,-4,392,-16,-4,-16,396,0,400,4,-4,-4,-4,-16,408,16,-388,16,4,4,-384,4,4,0,4,-384,-376,16,-372,4,4
435,0x56061596e29d,R,0x7ffeb330ae60,1,16,12,20,408,12,12,408,412,16,12,12,12,12,420,12,424,-404,-404,-12,-12,-20,-400,-12,-396,0,-12,-400,-12,-12,-388,-20,-12
438,0x56061596e2a4,R,0x7ffeb330accc,1,-404,-392,-392,4,-392,-392,-404,8,-404,-392,-392,12,-384,16,-392,-392,404,0,392,392,384,392,388,8,404,12,404,392,392,16,392,392
441,0x56061596e2aa,R,0x7ffeb330ae60,1,404,12,16,408,20,12,12,412,408,12,16,416,20,12,12,12,-12,-404,-12,-400,-12,-12,-16,-12,-400,-392,-12,-12,-20,-388,-16,-12
444,0x56061596e2b1,W,0x7ffeb330accc,1,-404,-392,-404,4,-392,-392,-392,8,-404,-392,-404,12,-392,-392,-392,16,392,392,384,4,392,8,404,392,404,12,392,392,392,16,404,392
446,0x56061596e2b4,R,0x7ffeb330ae54,1,-12,392,392,396,4,0,8,400,0,0,396,404,4,0,8,408,0,0,-8,0,-4,-384,-388,0,0,-380,-8,0,-4,-376,-384,0
447,0x56061596e2b4,W,0x7ffeb330ae54,1,0,392,392,0,-12,0,0,400,0,0,-12,404,-12,0,0,408,0,-388,0,0,12,-384,12,0,0,-380,0,0,12,-376,12,0
449,0x56061596e2b8,R,0x7ffeb330ae54,1,0,0,-12,0,-12,396,4,400,8,0,0,404,396,0,4,408,-8,-388,-4,0,-388,-384,0,0,-8,-380,-4,0,-384,-376,12,-372
451,0x56061596e2bb,R,0x7ffeb330ae4c,1,-8,-8,-20,384,384,388,-4,-8,-8,-8,-8,396,-20,-8,-20,400,8,-380,20,8,20,-376,8,8,8,-372,20,8,-376,8,8,-364
454,0x56061596e294,R,0x7ffeb330ae54,1,8,0,0,392,392,0,-12,0,0,400,8,404,0,0,396,408,-4,-388,-388,0,0,-384,-8,0,-4,-380,12,-376,12,0,0,0
457,0x56061596e298,R,0x7ffeb330ae50,1,-4,-4,-4,388,-16,-4,-16,392,0,396,4,-4,-4,-4,-16,404,16,-384,16,4,4,-380,4,4,0,4,-380,-372,16,-368,4,4
460,0x56061596e29d,R,0x7ffeb330ae60,1,16,12,20,404,12,12,404,408,16,12,12,12,12,416,12,420,-400,-400,-12,-12,-20,-396,-12,-392,0,-12,-396,-12,-12,-384,-20,-12
463,0x56061596e2a4,R,0x7ffeb330acd0,1,-400,-388,-388,4,-388,-388,-400,8,-400,-388,-388,12,-380,16,-388,-388,400,0,388,388,380,388,384,8,400,12,400,388,388,16,388,388
466,0x56061596e2aa,R,0x7ffeb330ae60,1,400,12,16,404,20,12,12,408,404,12,16,412,20,12,12,12,-12,-400,-12,-396,-12,-12,-16,-12,-396,-388,-12,-12,-20,-384,-16,-12
469,0x56061596e2b1,W,0x7ffeb330acd0,1,-400,-388,-400,4,-388,-388,-388,8,-400,-388,-400,12,-388,-388,-388,16,388,388,380,4,388,8,400,388,400,12,388,388,388,16,400,388
471,0x56061596e2b4,R,0x7ffeb330ae54,1,-12,388,388,392,4,0,8,396,0,0,392,400,4,0,8,404,0,0,-8,0,-4,-380,-384,0,0,-376,-8,0,-4,-372,-380,0
472,0x56061596e2b4,W,0x7ffeb330ae54,1,0,388,388,0,-12,0,0,396,0,0,-12,400,-12,0,0,404,0,-384,0,0,12,-380,12,0,0,-376,0,0,12,-372,12,0
474,0x56061596e2b8,R,0x7ffeb330ae54,1,0,0,-12,0,-12,392,4,396,8,0,0,400,392,0,4,404,-8,-384,-4,0,-384,-380,0,0,-8,-376,-4,0,-380,-372,12,-368
476,0x56061596e2bb,R,0x7ffeb330ae4c,1,-8,-8,-20,380,380,384,-4,-8,-8,-8,-8,392,-20,-8,-20,396,8,-376,20,8,20,-372,8,8,8,-368,20,8,-372,8,8,-360
479,0x56061596e294,R,0x7ffeb330ae54,1,8,0,0,388,388,0,-12,0,0,396,8,400,0,0,392,404,-4,-384,-384,0,0,-380,-8,0,-4,-376,12,-372,12,0,0,0
482,0x56061596e298,R,0x7ffeb330ae50,1,-4,-4,-4,384,-16,-4,-16,388,0,392,4,-4,-4,-4,-16,400,16,-380,16,4,4,-376,4,4,0,4,-376,-368,16,-364,4,4
485,0x56061596e29d,R,0x7ffeb330ae60,1,16,12,20,400,12,12,400,404,16,12,12,12,12,412,12,416,-396,-396,-12,-12,-20,-392,-12,-388,0,-12,-392,-12,-12,-380,-20,-12
488,0x56061596e2a4,R,0x7ffeb330acd4,1,-396,-384,-384,4,-384,-384,-396,8,-396,-384,-384,12,-376,16,-384,-384,396,0,384,384,376,384,380,8,396,12,396,384,384,16,384,384
491,0x56061596e2aa,R,0x7ffeb330ae60,1,396,12,16,400,20,12,12,404,400,12,16,408,20,12,12,12,-12,-396,-12,-392,-12,-12,-16,-12,-392,-384,-12,-12,-20,-380,-16,-12
494,0x56061596e2b1,W,0x7ffeb330acd4,1,-396,-384,-396,4,-384,-384,-384,8,-396,-384,-396,12,-384,-384,-384,16,384,384,376,4,384,8,396,384,396,12,384,384,384,16,396,384
496,0x56061596e2b4,R,0x7ffeb330ae54,1,-12,384,384,388,4,0,8,392,0,0,388,396,4,0,8,400,0,0,-8,0,-4,-376,-380,0,0,-372,-8,0,-4,-368,-376,0
497,0x56061596e2b4,W,0x7ffeb330ae54,1,0,384,384,0,-12,0,0,392,0,0,-12,396,-12,0,0,400,0,-380,0,0,12,-376,12,0,0,-372,0,0,12,-368,12,0
499,0x56061596e2b8,R,0x7ffeb330ae54,1,0,0,-12,0,-12,388,4,392,8,0,0,396,388,0,4,400,-8,-380,-4,0,-380,-376,0,0,-8,-372,-4,0,-376,-368,12,-364
501,0x56061596e2bb,R,0x7ffeb330ae4c,1,-8,-8,-20,376,376,380,-4,-8,-8,-8,-8,388,-20,-8,-20,392,8,-372,20,8,20,-368,8,8,8,-364,20,8,-368,8,8,-356
504,0x56061596e294,R,0x7ffeb330ae54,1,8,0,0,384,384,0,-12,0,0,392,8,396,0,0,388,400,-4,-380,-380,0,0,-376,-8,0,-4,-372,12,-368,12,0,0,0
507,0x56061596e298,R,0x7ffeb330ae50,1,-4,-4,-4,380,-16,-4,-16,384,0,388,4,-4,-4,-4,-16,396,16,-376,16,4,4,-372,4,4,0,4,-372,-364,16,-360,4,4
510,0x56061596e29d,R,0x7ffeb330ae60,1,16,12,20,396,12,12,396,400,16,12,12,12,12,408,12,412,-392,-392,-12,-12,-20,-388,-12,-384,0,-12,-388,-12,-12,-376,-20,-12
513,0x56061596e2a4,R,0x7ffeb330acd8,1,-392,-380,-380,4,-380,-380,-392,8,-392,-380,-380,12,-372,16,-380,-380,392,0,380,380,372,380,376,8,392,12,392,380,380,16,380,380
516,0x56061596e2aa,R,0x7ffeb330ae60,1,392,12,16,396,20,12,12,400,396,12,16,404,20,12,12,12,-12,-392,-12,-388,-12,-12,-16,-12,-388,-380,-12,-12,-20,-376,-16,-12
519,0x56061596e2b1,W,0x7ffeb330acd8,1,-392,-380,-392,4,-380,-380,-380,8,-392,-380,-392,12,-380,-380,-380,16,380,380,372,4,380,8,392,380,392,12,380,380,380,16,392,380
521,0x56061596e2b4,R,0x7ffeb330ae54,1,-12,380,380,384,4,0,8,388,0,0,384,392,4,0,8,396,0,0,-8,0,-4,-372,-376,0,0,-368,-8,0,-4,-364,-372,0
522,0x56061596e2b4,W,0x7ffeb330ae54,1,0,380,380,0,-12,0,0,388,0,0,-12,392,-12,0,0,396,0,-376,0,0,12,-372,12,0,0,-368,0,0,12,-364,12,0
524,0x56061596e2b8,R,0x7ffeb330ae54,1,0,0,-12,0,-12,384,4,388,8,0,0,392,384,0,4,396,-8,-376,-4,0,-376,-372,0,0,-8,-368,-4,0,-372,-364,12,-360
526,0x56061596e2bb,R,0x7ffeb330ae4c,1,-8,-8,-20,372,372,376,-4,-8,-8,-8,-8,384,-20,-8,-20,388,8,-368,20,8,20,-364,8,8,8,-360,20,8,-364,8,8,-352
529,0x56061596e294,R,0x7ffeb330ae54,1,8,0,0,380,380,0,-12,0,0,388,8,392,0,0,384,396,-4,-376,-376,0,0,-372,-8,0,-4,-368,12,-364,12,0,0,0
532,0x56061596e298,R,0x7ffeb330ae50,1,-4,-4,-4,376,-16,-4,-16,380,0,384,4,-4,-4,-4,-16,392,16,-372,16,4,4,-368,4,4,0,4,-368,-360,16,-356,4,4
535,0x56061596e29d,R,0x7ffeb330ae60,1,16,12,20,392,12,12,392,396,16,12,12,12,12,404,12,408,-388,-388,-12,-12,-20,-384,-12,-380,0,-12,-384,-12,-12,-372,-20,-12
538,0x56061596e2a4,R,0x7ffeb330acdc,1,-388,-376,-376,4,-376,-376,-388,8,-388,-376,-376,12,-368,16,-376,-376,388,0,376,376,368,376,372,8,388,12,388,376,376,16,376,376
541,0x56061596e2aa,R,0x7ffeb330ae60,1,388,12,16,392,20,12,12,396,392,12,16,400,20,12,12,12,-12,-388,-12,-384,-12,-12,-16,-12,-384,-376,-12,-12,-20,-372,-16,-12
544,0x56061596e2b1,W,0x7ffeb330acdc,1,-388,-376,-388,4,-376,-376,-376,8,-388,-376,-388,12,-376,-376,-376,16,376,376,368,4,376,8,388,376,388,12,376,376,376,16,388,376
546,0x56061596e2b4,R,0x7ffeb330ae54,1,-12,376,376,380,4,0,8,384,0,0,380,388,4,0,8,392,0,0,-8,0,-4,-368,-372,0,0,-364,-8,0,-4,-360,-368,0
547,0x56061596e2b4,W,0x7ffeb330ae54,1,0,376,376,0,-12,0,0,384,0,0,-12,388,-12,0,0,392,0,-372,0,0,12,-368,12,0,0,-364,0,0,12,-360,12,0
549,0x56061596e2b8,R,0x7ffeb330ae54,1,0,0,-12,0,-12,380,4,384,8,0,0,388,380,0,4,392,-8,-372,-4,0,-372,-368,0,0,-8,-364,-4,0,-368,-360,12,-356
551,0x56061596e2bb,R,0x7ffeb330ae4c,1,-8,-8,-20,368,368,372,-4,-8,-8,-8,-8,380,-20,-8,-20,384,8,-364,20,8,20,-360,8,8,8,-356,20,8,-360,8,8,-348
554,0x56061596e294,R,0x7ffeb330ae54,1,8,0,0,376,376,0,-12,0,0,384,8,388,0,0,380,392,-4,-372,-372,0,0,-368,-8,0,-4,-364,12,-360,12,0,0,0
557,0x56061596e298,R,0x7ffeb330ae50,1,-4,-4,-4,372,-16,-4,-16,376,0,380,4,-4,-4,-4,-16,388,16,-368,16,4,4,-364,4,4,0,4,-364,-356,16,-352,4,4
560,0x56061596e29d,R,0x7ffeb330ae60,1,16,12,20,388,12,12,388,392,16,12,12,12,12,400,12,404,-384,-384,-12,-12,-20,-380,-12,-376,0,-12,-380,-12,-12,-368,-20,-12
563,0x56061596e2a4,R,0x7ffeb330ace0,1,-384,-372,-372,4,-372,-372,-384,8,-384,-372,-372,12,-364,16,-372,-372,384,0,372,372,364,372,368,8,384,12,384,372,372,16,372,372
566,0x56061596e2aa,R,0x7ffeb330ae60,1,384,12,16,388,20,12,12,392,388,12,16,396,20,12,12,12,-12,-384,-12,-380,-12,-12,-16,-12,-380,-372,-12,-12,-20,-368,-16,-12
569,0x56061596e2b1,W,0x7ffeb330ace0,1,-384,-372,-384,4,-372,-372,-372,8,-384,-372,-384,12,-372,-372,-372,16,372,372,364,4,372,8,384,372,384,12,372,372,372,16,384,372
571,0x56061596e2b4,R,0x7ffeb330ae54,1,-12,372,372,376,4,0,8,380,0,0,376,384,4,0,8,388,0,0,-8,0,-4,-364,-368,0,0,-360,-8,0,-4,-356,-364,0
572,0x56061596e2b4,W,0x7ffeb330ae54,1,0,372,372,0,-12,0,0,380,0,0,-12,384,-12,0,0,388,0,-368,0,0,12,-364,12,0,0,-360,0,0,12,-356,12,0
574,0x56061596e2b8,R,0x7ffeb330ae54,1,0,0,-12,0,-12,376,4,380,8,0,0,384,376,0,4,388,-8,-368,-4,0,-368,-364,0,0,-8,-360,-4,0,-364,-356,12,-352
576,0x56061596e2bb,R,0x7ffeb330ae4c,1,-8,-8,-20,364,364,368,-4,-8,-8,-8,-8,376,-20,-8,-20,380,8,-360,20,8,20,-356,8,8,8,-352,20,8,-356,8,8,-344
579,0x56061596e294,R,0x7ffeb330ae54,1,8,0,0,372,372,0,-12,0,0,380,8,384,0,0,376,388,-4,-368,-368,0,0,-364,-8,0,-4,-360,12,-356,12,0,0,0
582,0x56061596e298,R,0x7ffeb330ae50,1,-4,-4,-4,368,-16,-4,-16,372,0,376,4,-4,-4,-4,-16,384,16,-364,16,4,4,-360,4,4,0,4,-360,-352,16,-348,4,4
585,0x56061596e29d,R,0x7ffeb330ae60,1,16,12,20,384,12,12,384,388,16,12,12,12,12,396,12,400,-380,-380,-12,-12,-20,-376,-12,-372,0,-12,-376,-12,-12,-364,-20,-12
588,0x56061596e2a4,R,0x7ffeb330ace4,1,-380,-368,-368,4,-368,-368,-380,8,-380,-368,-368,12,-360,16,-368,-368,380,0,368,368,360,368,364,8,380,12,380,368,368,16,368,368
591,0x56061596e2aa,R,0x7ffeb330ae60,1,380,12,16,384,20,12,12,388,384,12,16,392,20,12,12,12,-12,-380,-12,-376,-12,-12,-16,-12,-376,-368,-12,-12,-20,-364,-16,-12
594,0x56061596e2b1,W,0x7ffeb330ace4,1,-380,-368,-380,4,-368,-368,-368,8,-380,-368,-380,12,-368,-368,-368,16,368,368,360,4,368,8,380,368,380,12,368,368,368,16,380,368
596,0x56061596e2b4,R,0x7ffeb330ae54,1,-12,368,368,372,4,0,8,376,0,0,372,380,4,0,8,384,0,0,-8,0,-4,-360,-364,0,0,-356,-8,0,-4,-352,-360,0
597,0x56061596e2b4,W,0x7ffeb330ae54,1,0,368,368,0,-12,0,0,376,0,0,-12,380,-12,0,0,384,0,-364,0,0,12,-360,12,0,0,-356,0,0,12,-352,12,0
599,0x56061596e2b8,R,0x7ffeb330ae54,1,0,0,-12,0,-12,372,4,376,8,0,0,380,372,0,4,384,-8,-364,-4,0,-364,-360,0,0,-8,-356,-4,0,-360,-352,12,-348
601,0x56061596e2bb,R,0x7ffeb330ae4c,1,-8,-8,-20,360,360,364,-4,-8,-8,-8,-8,372,-20,-8,-20,376,8,-356,20,8,20,-352,8,8,8,-348,20,8,-352,8,8,-340
604,0x56061596e294,R,0x7ffeb330ae54,1,8,0,0,368,368,0,-12,0,0,376,8,380,0,0,372,384,-4,-364,-364,0,0,-360,-8,0,-4,-356,12,-352,12,0,0,0
607,0x56061596e298,R,0x7ffeb330ae50,1,-4,-4,-4,364,-16,-4,-16,368,0,372,4,-4,-4,-4,-16,380,16,-360,16,4,4,-356,4,4,0,4,-356,-348,16,-344,4,4
610,0x56061596e29d,R,0x7ffeb330ae60,1,16,12,20,380,12,12,380,384,16,12,12,12,12,392,12,396,-376,-376,-12,-12,-20,-372,-12,-368,0,-12,-372,-12,-12,-360,-20,-12
613,0x56061596e2a4,R,0x7ffeb330ace8,1,-376,-364,-364,4,-364,-364,-376,8,-376,-364,-364,12,-356,16,-364,-364,376,0,364,364,356,364,360,8,376,12,376,364,364,16,364,364
616,0x56061596e2aa,R,0x7ffeb330ae60,1,376,12,16,380,20,12,12,384,380,12,16,388,20,12,12,12,-12,-376,-12,-372,-12,-12,-16,-12,-372,-364,-12,-12,-20,-360,-16,-12
619,0x56061596e2b1,W,0x7ffeb330ace8,1,-376,-364,-376,4,-364,-364,-364,8,-376,-364,-376,12,-364,-364,-364,16,364,364,356,4,364,8,376,364,376,12,364,364,364,16,376,364
621,0x56061596e2b4,R,0x7ffeb330ae54,1,-12,364,364,368,4,0,8,372,0,0,368,376,4,0,8,380,0,0,-8,0,-4,-356,-360,0,0,-352,-8,0,-4,-348,-356,0
622,0x56061596e2b4,W,0x7ffeb330ae54,1,0,364,364,0,-12,0,0,372,0,0,-12,376,-12,0,0,380,0,-360,0,0,12,-356,12,0,0,-352,0,0,12,-348,12,0
624,0x56061596e2b8,R,0x7ffeb330ae54,1,0,0,-12,0,-12,368,4,372,8,0,0,376,368,0,4,380,-8,-360,-4,0,-360,-356,0,0,-8,-352,-4,0,-356,-348,12,-344
626,0x56061596e2bb,R,0x7ffeb330ae4c,1,-8,-8,-20,356,356,360,-4,-8,-8,-8,-8,368,-20,-8,-20,372,8,-352,20,8,20,-348,8,8,8,-344,20,8,-348,8,8,-336
629,0x56061596e294,R,0x7ffeb330ae54,1,8,0,0,364,364,0,-12,0,0,372,8,376,0,0,368,380,-4,-360,-360,0,0,-356,-8,0,-4,-352,12,-348,12,0,0,0
632,0x56061596e298,R,0x7ffeb330ae50,1,-4,-4,-4,360,-16,-4,-16,364,0,368,4,-4,-4,-4,-16,376,16,-356,16,4,4,-352,4,4,0,4,-352,-344,16,-340,4,4
635,0x56061596e29d,R,0x7ffeb330ae60,1,16,12,20,376,12,12,376,380,16,12,12,12,12,388,12,392,-372,-372,-12,-12,-20,-368,-12,-364,0,-12,-368,-12,-12,-356,-20,-12
638,0x56061596e2a4,R,0x7ffeb330acec,1,-372,-360,-360,4,-360,-360,-372,8,-372,-360,-360,12,-352,16,-360,-360,372,0,360,360,352,360,356,8,372,12,372,360,360,16,360,360
641,0x56061596e2aa,R,0x7ffeb330ae60,1,372,12,16,376,20,12,12,380,376,12,16,384,20,12,12,12,-12,-372,-12,-368,-12,-12,-16,-12,-368,-360,-12,-12,-20,-356,-16,-12
644,0x56061596e2b1,W,0x7ffeb330acec,1,-372,-360,-372,4,-360,-360,-360,8,-372,-360,-372,12,-360,-360,-360,16,360,360,352,4,360,8,372,360,372,12,360,360,360,16,372,360
646,0x56061596e2b4,R,0x7ffeb330ae54,1,-12,360,360,364,4,0,8,368,0,0,364,372,4,0,8,376,0,0,-8,0,-4,-352,-356,0,0,-348,-8,0,-4,-344,-352,0
647,0x56061596e2b4,W,0x7ffeb330ae54,1,0,360,360,0,-12,0,0,368,0,0,-12,372,-12,0,0,376,0,-356,0,0,12,-352,12,0,0,-348,0,0,12,-344,12,0
649,0x56061596e2b8,R,0x7ffeb330ae54,1,0,0,-12,0,-12,364,4,368,8,0,0,372,364,0,4,376,-8,-356,-4,0,-356,-352,0,0,-8,-348,-4,0,-352,-344,12,-340
651,0x56061596e2bb,R,0x7ffeb330ae4c,1,-8,-8,-20,352,352,356,-4,-8,-8,-8,-8,364,-20,-8,-20,368,8,-348,20,8,20,-344,8,8,8,-340,20,8,-344,8,8,-332
654,0x56061596e294,R,0x7ffeb330ae54,1,8,0,0,360,360,0,-12,0,0,368,8,372,0,0,364,376,-4,-356,-356,0,0,-352,-8,0,-4,-348,12,-344,12,0,0,0
657,0x56061596e298,R,0x7ffeb330ae50,1,-4,-4,-4,356,-16,-4,-16,360,0,364,4,-4,-4,-4,-16,372,16,-352,16,4,4,-348,4,4,0,4,-348,-340,16,-336,4,4
660,0x56061596e29d,R,0x7ffeb330ae60,1,16,12,20,372,12,12,372,376,16,12,12,12,12,384,12,388,-368,-368,-12,-12,-20,-364,-12,-360,0,-12,-364,-12,-12,-352,-20,-12
663,0x56061596e2a4,R,0x7ffeb330acf0,1,-368,-356,-356,4,-356,-356,-368,8,-368,-356,-356,12,-348,16,-356,-356,368,0,356,356,348,356,352,8,368,12,368,356,356,16,356,356
666,0x56061596e2aa,R,0x7ffeb330ae60,1,368,12,16,372,20,12,12,376,372,12,16,380,20,12,12,12,-12,-368,-12,-364,-12,-12,-16,-12,-364,-356,-12,-12,-20,-352,-16,-12
669,0x56061596e2b1,W,0x7ffeb330acf0,1,-368,-356,-368,4,-356,-356,-356,8,-368,-356,-368,12,-356,-356,-356,16,356,356,348,4,356,8,368,356,368,12,356,356,356,16,368,356
671,0x56061596e2b4,R,0x7ffeb330ae54,1,-12,356,356,360,4,0,8,364,0,0,360,368,4,0,8,372,0,0,-8,0,-4,-348,-352,0,0,-344,-8,0,-4,-340,-348,0
672,0x56061596e2b4,W,0x7ffeb330ae54,1,0,356,356,0,-12,0,0,364,0,0,-12,368,-12,0,0,372,0,-352,0,0,12,-348,12,0,0,-344,0,0,12,-340,12,0
674,0x56061596e2b8,R,0x7ffeb330ae54,1,0,0,-12,0,-12,360,4,364,8,0,0,368,360,0,4,372,-8,-352,-4,0,-352,-348,0,0,-8,-344,-4,0,-348,-340,12,-336
676,0x56061596e2bb,R,0x7ffeb330ae4c,1,-8,-8,-20,348,348,352,-4,-8,-8,-8,-8,360,-20,-8,-20,364,8,-344,20,8,20,-340,8,8,8,-336,20,8,-340,8,8,-328
679,0x56061596e294,R,0x7ffeb330ae54,1,8,0,0,356,356,0,-12,0,0,364,8,368,0,0,360,372,-4,-352,-352,0,0,-348,-8,0,-4,-344,12,-340,12,0,0,0
682,0x56061596e298,R,0x7ffeb330ae50,1,-4,-4,-4,352,-16,-4,-16,356,0,360,4,-4,-4,-4,-16,368,16,-348,16,4,4,-344,4,4,0,4,-344,-336,16,-332,4,4
685,0x56061596e29d,R,0x7ffeb330ae60,1,16,12,20,368,12,12,368,372,16,12,12,12,12,380,12,384,-364,-364,-12,-12,-20,-360,-12,-356,0,-12,-360,-12,-12,-348,-20,-12
688,0x56061596e2a4,R,0x7ffeb330acf4,1,-364,-352,-352,4,-352,-352,-364,8,-364,-352,-352,12,-344,16,-352,-352,364,0,352,352,344,352,348,8,364,12,364,352,352,16,352,352
691,0x56061596e2aa,R,0x7ffeb330ae60,1,364,12,16,368,20,12,12,372,368,12,16,376,20,12,12,12,-12,-364,-12,-360,-12,-12,-16,-12,-360,-352,-12,-12,-20,-348,-16,-12
694,0x56061596e2b1,W,0x7ffeb330acf4,1,-364,-352,-364,4,-352,-352,-352,8,-364,-352,-364,12,-352,-352,-352,16,352,352,344,4,352,8,364,352,364,12,352,352,352,16,364,352
696,0x56061596e2b4,R,0x7ffeb330ae54,1,-12,352,352,356,4,0,8,360,0,0,356,364,4,0,8,368,0,0,-8,0,-4,-344,-348,0,0,-340,-8,0,-4,-336,-344,0
697,0x56061596e2b4,W,0x7ffeb330ae54,1,0,352,352,0,-12,0,0,360,0,0,-12,364,-12,0,0,368,0,-348,0,0,12,-344,12,0,0,-340,0,0,12,-336,12,0
699,0x56061596e2b8,R,0x7ffeb330ae54,1,0,0,-12,0,-12,356,4,360,8,0,0,364,356,0,4,368,-8,-348,-4,0,-348,-344,0,0,-8,-340,-4,0,-344,-336,12,-332
701,0x56061596e2bb,R,0x7ffeb330ae4c,1,-8,-8,-20,344,344,348,-4,-8,-8,-8,-8,356,-20,-8,-20,360,8,-340,20,8,20,-336,8,8,8,-332,20,8,-336,8,8,-324
704,0x56061596e294,R,0x7ffeb330ae54,1,8,0,0,352,352,0,-12,0,0,360,8,364,0,0,356,368,-4,-348,-348,0,0,-344,-8,0,-4,-340,12,-336,12,0,0,0
707,0x56061596e298,R,0x7ffeb330ae50,1,-4,-4,-4,348,-16,-4,-16,352,0,356,4,-4,-4,-4,-16,364,16,-344,16,4,4,-340,4,4,0,4,-340,-332,16,-328,4,4
710,0x56061596e29d,R,0x7ffeb330ae60,1,16,12,20,364,12,12,364,368,16,12,12,12,12,376,12,380,-360,-360,-12,-12,-20,-356,-12,-352,0,-12,-356,-12,-12,-344,-20,-12
713,0x56061596e2a4,R,0x7ffeb330acf8,1,-360,-348,-348,4,-348,-348,-360,8,-360,-348,-348,12,-340,16,-348,-348,360,0,348,348,340,348,344,8,360,12,360,348,348,16,348,348
716,0x56061596e2aa,R,0x7ffeb330ae60,1,360,12,16,364,20,12,12,368,364,12,16,372,20,12,12,12,-12,-360,-12,-356,-12,-12,-16,-12,-356,-348,-12,-12,-20,-344,-16,-12
719,0x56061596e2b1,W,0x7ffeb330acf8,1,-360,-348,-360,4,-348,-348,-348,8,-360,-348,-360,12,-348,-348,-348,16,348,348,340,4,348,8,360,348,360,12,348,348,348,16,360,348
721,0x56061596e2b4,R,0x7ffeb330ae54,1,-12,348,348,352,4,0,8,356,0,0,352,360,4,0,8,364,0,0,-8,0,-4,-340,-344,0,0,-336,-8,0,-4,-332,-340,0
722,0x56061596e2b4,W,0x7ffeb330ae54,1,0,348,348,0,-12,0,0,356,0,0,-12,360,-12,0,0,364,0,-344,0,0,12,-340,12,0,0,-336,0,0,12,-332,12,0
724,0x56061596e2b8,R,0x7ffeb330ae54,1,0,0,-12,0,-12,352,4,356,8,0,0,360,352,0,4,364,-8,-344,-4,0,-344,-340,0,0,-8,-336,-4,0,-340,-332,12,-328
726,0x56061596e2bb,R,0x7ffeb330ae4c,1,-8,-8,-20,340,340,344,-4,-8,-8,-8,-8,352,-20,-8,-20,356,8,-336,20,8,20,-332,8,8,8,-328,20,8,-332,8,8,-320
729,0x56061596e294,R,0x7ffeb330ae54,1,8,0,0,348,348,0,-12,0,0,356,8,360,0,0,352,364,-4,-344,-344,0,0,-340,-8,0,-4,-336,12,-332,12,0,0,0
732,0x56061596e298,R,0x7ffeb330ae50,1,-4,-4,-4,344,-16,-4,-16,348,0,352,4,-4,-4,-4,-16,360,16,-340,16,4,4,-336,4,4,0,4,-336,-328,16,-324,4,4
735,0x56061596e29d,R,0x7ffeb330ae60,1,16,12,20,360,12,12,360,364,16,12,12,12,12,372,12,376,-356,-356,-12,-12,-20,-352,-12,-348,0,-12,-352,-12,-12,-340,-20,-12
738,0x56061596e2a4,R,0x7ffeb330acfc,1,-356,-344,-344,4,-344,-344,-356,8,-356,-344,-344,12,-336,16,-344,-344,356,0,344,344,336,344,340,8,356,12,356,344,344,16,344,344
741,0x56061596e2aa,R,0x7ffeb330ae60,1,356,12,16,360,20,12,12,364,360,12,16,368,20,12,12,12,-12,-356,-12,-352,-12,-12,-16,-12,-352,-344,-12,-12,-20,-340,-16,-12
744,0x56061596e2b1,W,0x7ffeb330acfc,1,-356,-344,-356,4,-344,-344,-344,8,-356,-344,-356,12,-344,-344,-344,16,344,344,336,4,344,8,356,344,356,12,344,344,344,16,356,344
746,0x56061596e2b4,R,0x7ffeb330ae54,1,-12,344,344,348,4,0,8,352,0,0,348,356,4,0,8,360,0,0,-8,0,-4,-336,-340,0,0,-332,-8,0,-4,-328,-336,0
747,0x56061596e2b4,W,0x7ffeb330ae54,1,0,344,344,0,-12,0,0,352,0,0,-12,356,-12,0,0,360,0,-340,0,0,12,-336,12,0,0,-332,0,0,12,-328,12,0
749,0x56061596e2b8,R,0x7ffeb330ae54,1,0,0,-12,0,-12,348,4,352,8,0,0,356,348,0,4,360,-8,-340,-4,0,-340,-336,0,0,-8,-332,-4,0,-336,-328,12,-324
751,0x56061596e2bb,R,0x7ffeb330ae4c,1,-8,-8,-20,336,336,340,-4,-8,-8,-8,-8,348,-20,-8,-20,352,8,-332,20,8,20,-328,8,8,8,-324,20,8,-328,8,8,-316
754,0x56061596e294,R,0x7ffeb330ae54,1,8,0,0,344,344,0,-12,0,0,352,8,356,0,0,348,360,-4,-340,-340,0,0,-336,-8,0,-4,-332,12,-328,12,0,0,0
757,0x56061596e298,R,0x7ffeb330ae50,1,-4,-4,-4,340,-16,-4,-16,344,0,348,4,-4,-4,-4,-16,356,16,-336,16,4,4,-332,4,4,0,4,-332,-324,16,-320,4,4
760,0x56061596e29d,R,0x7ffeb330ae60,1,16,12,20,356,12,12,356,360,16,12,12,12,12,368,12,372,-352,-352,-12,-12,-20,-348,-12,-344,0,-12,-348,-12,-12,-336,-20,-12
763,0x56061596e2a4,R,0x7ffeb330ad00,1,-352,-340,-340,4,-340,-340,-352,8,-352,-340,-340,12,-332,16,-340,-340,352,0,340,340,332,340,336,8,352,12,352,340,340,16,340,340
766,0x56061596e2aa,R,0x7ffeb330ae60,1,352,12,16,356,20,12,12,360,356,12,16,364,20,12,12,12,-12,-352,-12,-348,-12,-12,-16,-12,-348,-340,-12,-12,-20,-336,-16,-12
769,0x56061596e2b1,W,0x7ffeb330ad00,1,-352,-340,-352,4,-340,-340,-340,8,-352,-340,-352,12,-340,-340,-340,16,340,340,332,4,340,8,352,340,352,12,340,340,340,16,352,340
771,0x56061596e2b4,R,0x7ffeb330ae54,1,-12,340,340,344,4,0,8,348,0,0,344,352,4,0,8,356,0,0,-8,0,-4,-332,-336,0,0,-328,-8,0,-4,-324,-332,0
772,0x56061596e2b4,W,0x7ffeb330ae54,1,0,340,340,0,-12,0,0,348,0,0,-12,352,-12,0,0,356,0,-336,0,0,12,-332,12,0,0,-328,0,0,12,-324,12,0
774,0x56061596e2b8,R,0x7ffeb330ae54,1,0,0,-12,0,-12,344,4,348,8,0,0,352,344,0,4,356,-8,-336,-4,0,-336,-332,0,0,-8,-328,-4,0,-332,-324,12,-320
776,0x56061596e2bb,R,0x7ffeb330ae4c,1,-8,-8,-20,332,332,336,-4,-8,-8,-8,-8,344,-20,-8,-20,348,8,-328,20,8,20,-324,8,8,8,-320,20,8,-324,8,8,-312
779,0x56061596e294,R,0x7ffeb330ae54,1,8,0,0,340,340,0,-12,0,0,348,8,352,0,0,344,356,-4,-336,-336,0,0,-332,-8,0,-4,-328,12,-324,12,0,0,0
782,0x56061596e298,R,0x7ffeb330ae50,1,-4,-4,-4,336,-16,-4,-16,340,0,344,4,-4,-4,-4,-16,352,16,-332,16,4,4,-328,4,4,0,4,-328,-320,16,-316,4,4
785,0x56061596e29d,R,0x7ffeb330ae60,1,16,12,20,352,12,12,352,356,16,12,12,12,12,364,12,368,-348,-348,-12,-12,-20,-344,-12,-340,0,-12,-344,-12,-12,-332,-20,-12
788,0x56061596e2a4,R,0x7ffeb330ad04,1,-348,-336,-336,4,-336,-336,-348,8,-348,-336,-336,12,-328,16,-336,-336,348,0,336,336,328,336,332,8,348,12,348,336,336,16,336,336
791,0x56061596e2aa,R,0x7ffeb330ae60,1,348,12,16,352,20,12,12,356,352,12,16,360,20,12,12,12,-12,-348,-12,-344,-12,-12,-16,-12,-344,-336,-12,-12,-20,-332,-16,-12
794,0x56061596e2b1,W,0x7ffeb330ad04,1,-348,-336,-348,4,-336,-336,-336,8,-348,-336,-348,12,-336,-336,-336,16,336,336,328,4,336,8,348,336,348,12,336,336,336,16,348,336
796,0x56061596e2b4,R,0x7ffeb330ae54,1,-12,336,336,340,4,0,8,344,0,0,340,348,4,0,8,352,0,0,-8,0,-4,-328,-332,0,0,-324,-8,0,-4,-320,-328,0
797,0x56061596e2b4,W,0x7ffeb330ae54,1,0,336,336,0,-12,0,0,344,0,0,-12,348,-12,0,0,352,0,-332,0,0,12,-328,12,0,0,-324,0,0,12,-320,12,0
799,0x56061596e2b8,R,0x7ffeb330ae54,1,0,0,-12,0,-12,340,4,344,8,0,0,348,340,0,4,352,-8,-332,-4,0,-332,-328,0,0,-8,-324,-4,0,-328,-320,12,-316
801,0x56061596e2bb,R,0x7ffeb330ae4c,1,-8,-8,-20,328,328,332,-4,-8,-8,-8,-8,340,-20,-8,-20,344,8,-324,20,8,20,-320,8,8,8,-316,20,8,-320,8,8,-308
804,0x56061596e294,R,0x7ffeb330ae54,1,8,0,0,336,336,0,-12,0,0,344,8,348,0,0,340,352,-4,-332,-332,0,0,-328,-8,0,-4,-324,12,-320,12,0,0,0
807,0x56061596e298,R,0x7ffeb330ae50,1,-4,-4,-4,332,-16,-4,-16,336,0,340,4,-4,-4,-4,-16,348,16,-328,16,4,4,-324,4,4,0,4,-324,-316,16,-312,4,4
810,0x56061596e29d,R,0x7ffeb330ae60,1,16,12,20,348,12,12,348,352,16,12,12,12,12,360,12,364,-344,-344,-12,-12,-20,-340,-12,-336,0,-12,-340,-12,-12,-328,-20,-12
813,0x56061596e2a4,R,0x7ffeb330ad08,1,-344,-332,-332,4,-332,-332,-344,8,-344,-332,-332,12,-324,16,-332,-332,344,0,332,332,324,332,328,8,344,12,344,332,332,16,332,332
816,0x56061596e2aa,R,0x7ffeb330ae60,1,344,12,16,348,20,12,12,352,348,12,16,356,20,12,12,12,-12,-344,-12,-340,-12,-12,-16,-12,-340,-332,-12,-12,-20,-328,-16,-12
819,0x56061596e2b1,W,0x7ffeb330ad08,1,-344,-332,-344,4,-332,-332,-332,8,-344,-332,-344,12,-332,-332,-332,16,332,332,324,4,332,8,344,332,344,12,332,332,332,16,344,332
821,0x56061596e2b4,R,0x7ffeb330ae54,1,-12,332,332,336,4,0,8,340,0,0,336,344,4,0,8,348,0,0,-8,0,-4,-324,-328,0,0,-320,-8,0,-4,-316,-324,0
822,0x56061596e2b4,W,0x7ffeb330ae54,1,0,332,332,0,-12,0,0,340,0,0,-12,344,-12,0,0,348,0,-328,0,0,12,-324,12,0,0,-320,0,0,12,-316,12,0
824,0x56061596e2b8,R,0x7ffeb330ae54,1,0,0,-12,0,-12,336,4,340,8,0,0,344,336,0,4,348,-8,-328,-4,0,-328,-324,0,0,-8,-320,-4,0,-324,-316,12,-312
826,0x56061596e2bb,R,0x7ffeb330ae4c,1,-8,-8,-20,324,324,328,-4,-8,-8,-8,-8,336,-20,-8,-20,340,8,-320,20,8,20,-316,8,8,8,-312,20,8,-316,8,8,-304
829,0x56061596e294,R,0x7ffeb330ae54,1,8,0,0,332,332,0,-12,0,0,340,8,344,0,0,336,348,-4,-328,-328,0,0,-324,-8,0,-4,-320,12,-316,12,0,0,0
832,0x56061596e298,R,0x7ffeb330ae50,1,-4,-4,-4,328,-16,-4,-16,332,0,336,4,-4,-4,-4,-16,344,16,-324,16,4,4,-320,4,4,0,4,-320,-312,16,-308,4,4
835,0x56061596e29d,R,0x7ffeb330ae60,1,16,12,20,344,12,12,344,348,16,12,12,12,12,356,12,360,-340,-340,-12,-12,-20,-336,-12,-332,0,-12,-336,-12,-12,-324,-20,-12
838,0x56061596e2a4,R,0x7ffeb330ad0c,1,-340,-328,-328,4,-328,-328,-340,8,-340,-328,-328,12,-320,16,-328,-328,340,0,328,328,320,328,324,8,340,12,340,328,328,16,328,328
841,0x56061596e2aa,R,0x7ffeb330ae60,1,340,12,16,344,20,12,12,348,344,12,16,352,20,12,12,12,-12,-340,-12,-336,-12,-12,-16,-12,-336,-328,-12,-12,-20,-324,-16,-12
844,0x56061596e2b1,W,0x7ffeb330ad0c,1,-340,-328,-340,4,-328,-328,-328,8,-340,-328,-340,12,-328,-328,-328,16,328,328,320,4,328,8,340,328,340,12,328,328,328,16,340,328
846,0x56061596e2b4,R,0x7ffeb330ae54,1,-12,328,328,332,4,0,8,336,0,0,332,340,4,0,8,344,0,0,-8,0,-4,-320,-324,0,0,-316,-8,0,-4,-312,-320,0
847,0x56061596e2b4,W,0x7ffeb330ae54,1,0,328,328,0,-12,0,0,336,0,0,-12,340,-12,0,0,344,0,-324,0,0,12,-320,12,0,0,-316,0,0,12,-312,12,0
849,0x56061596e2b8,R,0x7ffeb330ae54,1,0,0,-12,0,-12,332,4,336,8,0,0,340,332,0,4,344,-8,-324,-4,0,-324,-320,0,0,-8,-316,-4,0,-320,-312,12,-308
851,0x56061596e2bb,R,0x7ffeb330ae4c,1,-8,-8,-20,320,320,324,-4,-8,-8,-8,-8,332,-20,-8,-20,336,8,-316,20,8,20,-312,8,8,8,-308,20,8,-312,8,8,-300
854,0x56061596e294,R,0x7ffeb330ae54,1,8,0,0,328,328,0,-12,0,0,336,8,340,0,0,332,344,-4,-324,-324,0,0,-320,-8,0,-4,-316,12,-312,12,0,0,0
857,0x56061596e298,R,0x7ffeb330ae50,1,-4,-4,-4,324,-16,-4,-16,328,0,332,4,-4,-4,-4,-16,340,16,-320,16,4,4,-316,4,4,0,4,-316,-308,16,-304,4,4
860,0x56061596e29d,R,0x7ffeb330ae60,1,16,12,20,340,12,12,340,344,16,12,12,12,12,352,12,356,-336,-336,-12,-12,-20,-332,-12,-328,0,-12,-332,-12,-12,-320,-20,-12
863,0x56061596e2a4,R,0x7ffeb330ad10,1,-336,-324,-324,4,-324,-324,-336,8,-336,-324,-324,12,-316,16,-324,-324,336,0,324,324,316,324,320,8,336,12,336,324,324,16,324,324
866,0x56061596e2aa,R,0x7ffeb330ae60,1,336,12,16,340,20,12,12,344,340,12,16,348,20,12,12,12,-12,-336,-12,-332,-12,-12,-16,-12,-332,-324,-12,-12,-20,-320,-16,-12
869,0x56061596e2b1,W,0x7ffeb330ad10,1,-336,-324,-336,4,-324,-324,-324,8,-336,-324,-336,12,-324,-324,-324,16,324,324,316,4,324,8,336,324,336,12,324,324,324,16,336,324
871,0x56061596e2b4,R,0x7ffeb330ae54,1,-12,324,324,328,4,0,8,332,0,0,328,336,4,0,8,340,0,0,-8,0,-4,-316,-320,0,0,-312,-8,0,-4,-308,-316,0
872,0x56061596e2b4,W,0x7ffeb330ae54,1,0,324,324,0,-12,0,0,332,0,0,-12,336,-12,0,0,340,0,-320,0,0,12,-316,12,0,0,-312,0,0,12,-308,12,0
874,0x56061596e2b8,R,0x7ffeb330ae54,1,0,0,-12,0,-12,328,4,332,8,0,0,336,328,0,4,340,-8,-320,-4,0,-320,-316,0,0,-8,-312,-4,0,-316,-308,12,-304
876,0x56061596e2bb,R,0x7ffeb330ae4c,1,-8,-8,-20,316,316,320,-4,-8,-8,-8,-8,328,-20,-8,-20,332,8,-312,20,8,20,-308,8,8,8,-304,20,8,-308,8,8,-296
879,0x56061596e294,R,0x7ffeb330ae54,1,8,0,0,324,324,0,-12,0,0,332,8,336,0,0,328,340,-4,-320,-320,0,0,-316,-8,0,-4,-312,12,-308,12,0,0,0
882,0x56061596e298,R,0x7ffeb330ae50,1,-4,-4,-4,320,-16,-4,-16,324,0,328,4,-4,-4,-4,-16,336,16,-316,16,4,4,-312,4,4,0,4,-312,-304,16,-300,4,4
885,0x56061596e29d,R,0x7ffeb330ae60,1,16,12,20,336,12,12,336,340,16,12,12,12,12,348,12,352,-332,-332,-12,-12,-20,-328,-12,-324,0,-12,-328,-12,-12,-316,-20,-12
888,0x56061596e2a4,R,0x7ffeb330ad14,1,-332,-320,-320,4,-320,-320,-332,8,-332,-320,-320,12,-312,16,-320,-320,332,0,320,320,312,320,316,8,332,12,332,320,320,16,320,320
891,0x56061596e2aa,R,0x7ffeb330ae60,1,332,12,16,336,20,12,12,340,336,12,16,344,20,12,12,12,-12,-332,-12,-328,-12,-12,-16,-12,-328,-320,-12,-12,-20,-316,-16,-12
894,0x56061596e2b1,W,0x7ffeb330ad14,1,-332,-320,-332,4,-320,-320,-320,8,-332,-320,-332,12,-320,-320,-320,16,320,320,312,4,320,8,332,320,332,12,320,320,320,16,332,320
896,0x56061596e2b4,R,0x7ffeb330ae54,1,-12,320,320,324,4,0,8,328,0,0,324,332,4,0,8,336,0,0,-8,0,-4,-312,-316,0,0,-308,-8,0,-4,-304,-312,0
897,0x56061596e2b4,W,0x7ffeb330ae54,1,0,320,320,0,-12,0,0,328,0,0,-12,332,-12,0,0,336,0,-316,0,0,12,-312,12,0,0,-308,0,0,12,-304,12,0
899,0x56061596e2b8,R,0x7ffeb330ae54,1,0,0,-12,0,-12,324,4,328,8,0,0,332,324,0,4,336,-8,-316,-4,0,-316,-312,0,0,-8,-308,-4,0,-312,-304,12,-300
901,0x56061596e2bb,R,0x7ffeb330ae4c,1,-8,-8,-20,312,312,316,-4,-8,-8,-8,-8,324,-20,-8,-20,328,8,-308,20,8,20,-304,8,8,8,-300,20,8,-304,8,8,-292
904,0x56061596e294,R,0x7ffeb330ae54,1,8,0,0,320,320,0,-12,0,0,328,8,332,0,0,324,336,-4,-316,-316,0,0,-312,-8,0,-4,-308,12,-304,12,0,0,0
907,0x56061596e298,R,0x7ffeb330ae50,1,-4,-4,-4,316,-16,-4,-16,320,0,324,4,-4,-4,-4,-16,332,16,-312,16,4,4,-308,4,4,0,4,-308,-300,16,-296,4,4
910,0x56061596e29d,R,0x7ffeb330ae60,1,16,12,20,332,12,12,332,336,16,12,12,12,12,344,12,348,-328,-328,-12,-12,-20,-324,-12,-320,0,-12,-324,-12,-12,-312,-20,-12
913,0x56061596e2a4,R,0x7ffeb330ad18,1,-328,-316,-316,4,-316,-316,-328,8,-328,-316,-316,12,-308,16,-316,-316,328,0,316,316,308,316,312,8,328,12,328,316,316,16,316,316
916,0x56061596e2aa,R,0x7ffeb330ae60,1,328,12,16,332,20,12,12,336,332,12,16,340,20,12,12,12,-12,-328,-12,-324,-12,-12,-16,-12,-324,-316,-12,-12,-20,-312,-16,-12
919,0x56061596e2b1,W,0x7ffeb330ad18,1,-328,-316,-328,4,-316,-316,-316,8,-328,-316,-328,12,-316,-316,-316,16,316,316,308,4,316,8,328,316,328,12,316,316,316,16,328,316
921,0x56061596e2b4,R,0x7ffeb330ae54,1,-12,316,316,320,4,0,8,324,0,0,320,328,4,0,8,332,0,0,-8,0,-4,-308,-312,0,0,-304,-8,0,-4,-300,-308,0
922,0x56061596e2b4,W,0x7ffeb330ae54,1,0,316,316,0,-12,0,0,324,0,0,-12,328,-12,0,0,332,0,-312,0,0,12,-308,12,0,0,-304,0,0,12,-300,12,0
924,0x56061596e2b8,R,0x7ffeb330ae54,1,0,0,-12,0,-12,320,4,324,8,0,0,328,320,0,4,332,-8,-312,-4,0,-312,-308,0,0,-8,-304,-4,0,-308,-300,12,-296
926,0x56061596e2bb,R,0x7ffeb330ae4c,1,-8,-8,-20,308,308,312,-4,-8,-8,-8,-8,320,-20,-8,-20,324,8,-304,20,8,20,-300,8,8,8,-296,20,8,-300,8,8,-288
929,0x56061596e294,R,0x7ffeb330ae54,1,8,0,0,316,316,0,-12,0,0,324,8,328,0,0,320,332,-4,-312,-312,0,0,-308,-8,0,-4,-304,12,-300,12,0,0,0
932,0x56061596e298,R,0x7ffeb330ae50,1,-4,-4,-4,312,-16,-4,-16,316,0,320,4,-4,-4,-4,-16,328,16,-308,16,4,4,-304,4,4,0,4,-304,-296,16,-292,4,4
935,0x56061596e29d,R,0x7ffeb330ae60,1,16,12,20,328,12,12,328,332,16,12,12,12,12,340,12,344,-324,-324,-12,-12,-20,-320,-12,-316,0,-12,-320,-12,-12,-308,-20,-12
938,0x56061596e2a4,R,0x7ffeb330ad1c,1,-324,-312,-312,4,-312,-312,-324,8,-324,-312,-312,12,-304,16,-312,-312,324,0,312,312,304,312,308,8,324,12,324,312,312,16,312,312
941,0x56061596e2aa,R,0x7ffeb330ae60,1,324,12,16,328,20,12,12,332,328,12,16,336,20,12,12,12,-12,-324,-12,-320,-12,-12,-16,-12,-320,-312,-12,-12,-20,-308,-16,-12
944,0x56061596e2b1,W,0x7ffeb330ad1c,1,-324,-312,-324,4,-312,-312,-312,8,-324,-312,-324,12,-312,-312,-312,16,312,312,304,4,312,8,324,312,324,12,312,312,312,16,324,312
946,0x56061596e2b4,R,0x7ffeb330ae54,1,-12,312,312,316,4,0,8,320,0,0,316,324,4,0,8,328,0,0,-8,0,-4,-304,-308,0,0,-300,-8,0,-4,-296,-304,0
947,0x56061596e2b4,W,0x7ffeb330ae54,1,0,312,312,0,-12,0,0,320,0,0,-12,324,-12,0,0,328,0,-308,0,0,12,-304,12,0,0,-300,0,0,12,-296,12,0
949,0x56061596e2b8,R,0x7ffeb330ae54,1,0,0,-12,0,-12,316,4,320,8,0,0,324,316,0,4,328,-8,-308,-4,0,-308,-304,0,0,-8,-300,-4,0,-304,-296,12,-292
951,0x56061596e2bb,R,0x7ffeb330ae4c,1,-8,-8,-20,304,304,308,-4,-8,-8,-8,-8,316,-20,-8,-20,320,8,-300,20,8,20,-296,8,8,8,-292,20,8,-296,8,8,-284
954,0x56061596e294,R,0x7ffeb330ae54,1,8,0,0,312,312,0,-12,0,0,320,8,324,0,0,316,328,-4,-308,-308,0,0,-304,-8,0,-4,-300,12,-296,12,0,0,0
957,0x56061596e298,R,0x7ffeb330ae50,1,-4,-4,-4,308,-16,-4,-16,312,0,316,4,-4,-4,-4,-16,324,16,-304,16,4,4,-300,4,4,0,4,-300,-292,16,-288,4,4
960,0x56061596e29d,R,0x7ffeb330ae60,1,16,12,20,324,12,12,324,328,16,12,12,12,12,336,12,340,-320,-320,-12,-12,-20,-316,-12,-312,0,-12,-316,-12,-12,-304,-20,-12
963,0x56061596e2a4,R,0x7ffeb330ad20,1,-320,-308,-308,4,-308,-308,-320,8,-320,-308,-308,12,-300,16,-308,-308,320,0,308,308,300,308,304,8,320,12,320,308,308,16,308,308
966,0x56061596e2aa,R,0x7ffeb330ae60,1,320,12,16,324,20,12,12,328,324,12,16,332,20,12,12,12,-12,-320,-12,-316,-12,-12,-16,-12,-316,-308,-12,-12,-20,-304,-16,-12
969,0x56061596e2b1,W,0x7ffeb330ad20,1,-320,-308,-320,4,-308,-308,-308,8,-320,-308,-320,12,-308,-308,-308,16,308,308,300,4,308,8,320,308,320,12,308,308,308,16,320,308
971,0x56061596e2b4,R,0x7ffeb330ae54,1,-12,308,308,312,4,0,8,316,0,0,312,320,4,0,8,324,0,0,-8,0,-4,-300,-304,0,0,-296,-8,0,-4,-292,-300,0
972,0x56061596e2b4,W,0x7ffeb330ae54,1,0,308,308,0,-12,0,0,316,0,0,-12,320,-12,0,0,324,0,-304,0,0,12,-300,12,0,0,-296,0,0,12,-292,12,0
974,0x56061596e2b8,R,0x7ffeb330ae54,1,0,0,-12,0,-12,312,4,316,8,0,0,320,312,0,4,324,-8,-304,-4,0,-304,-300,0,0,-8,-296,-4,0,-300,-292,12,-288
976,0x56061596e2bb,R,0x7ffeb330ae4c,1,-8,-8,-20,300,300,304,-4,-8,-8,-8,-8,312,-20,-8,-20,316,8,-296,20,8,20,-292,8,8,8,-288,20,8,-292,8,8,-280
979,0x56061596e294,R,0x7ffeb330ae54,1,8,0,0,308,308,0,-12,0,0,316,8,320,0,0,312,324,-4,-304,-304,0,0,-300,-8,0,-4,-296,12,-292,12,0,0,0
982,0x56061596e298,R,0x7ffeb330ae50,1,-4,-4,-4,304,-16,-4,-16,308,0,312,4,-4,-4,-4,-16,320,16,-300,16,4,4,-296,4,4,0,4,-296,-288,16,-284,4,4
985,0x56061596e29d,R,0x7ffeb330ae60,1,16,12,20,320,12,12,320,324,16,12,12,12,12,332,12,336,-316,-316,-12,-12,-20,-312,-12,-308,0,-12,-312,-12,-12,-300,-20,-12
988,0x56061596e2a4,R,0x7ffeb330ad24,1,-316,-304,-304,4,-304,-304,-316,8,-316,-304,-304,12,-296,16,-304,-304,316,0,304,304,296,304,300,8,316,12,316,304,304,16,304,304
991,0x56061596e2aa,R,0x7ffeb330ae60,1,316,12,16,320,20,12,12,324,320,12,16,328,20,12,12,12,-12,-316,-12,-312,-12,-12,-16,-12,-312,-304,-12,-12,-20,-300,-16,-12
994,0x56061596e2b1,W,0x7ffeb330ad24,1,-316,-304,-316,4,-304,-304,-304,8,-316,-304,-316,12,-304,-304,-304,16,304,304,296,4,304,8,316,304,316,12,304,304,304,16,316,304
996,0x56061596e2b4,R,0x7ffeb330ae54,1,-12,304,304,308,4,0,8,312,0,0,308,316,4,0,8,320,0,0,-8,0,-4,-296,-300,0,0,-292,-8,0,-4,-288,-296,0
997,0x56061596e2b4,W,0x7ffeb330ae54,1,0,304,304,0,-12,0,0,312,0,0,-12,316,-12,0,0,320,0,-300,0,0,12,-296,12,0,0,-292,0,0,12,-288,12,0
999,0x56061596e2b8,R,0x7ffeb330ae54,1,0,0,-12,0,-12,308,4,312,8,0,0,316,308,0,4,320,-8,-300,-4,0,-300,-296,0,0,-8,-292,-4,0,-296,-288,12,-284
1001,0x56061596e2bb,R,0x7ffeb330ae4c,1,-8,-8,-20,296,296,300,-4,-8,-8,-8,-8,308,-20,-8,-20,312,8,-292,20,8,20,-288,8,8,8,-284,20,8,-288,8,8,-276
1004,0x56061596e294,R,0x7ffeb330ae54,1,8,0,0,304,304,0,-12,0,0,312,8,316,0,0,308,320,-4,-300,-300,0,0,-296,-8,0,-4,-292,12,-288,12,0,0,0
1007,0x56061596e298,R,0x7ffeb330ae50,1,-4,-4,-4,300,-16,-4,-16,304,0,308,4,-4,-4,-4,-16,316,16,-296,16,4,4,-292,4,4,0,4,-292,-284,16,-280,4,4
1010,0x56061596e29d,R,0x7ffeb330ae60,1,16,12,20,316,12,12,316,320,16,12,12,12,12,328,12,332,-312,-312,-12,-12,-20,-308,-12,-304,0,-12,-308,-12,-12,-296,-20,-12
1013,0x56061596e2a4,R,0x7ffeb330ad28,1,-312,-300,-300,4,-300,-300,-312,8,-312,-300,-300,12,-292,16,-300,-300,312,0,300,300,292,300,296,8,312,12,312,300,300,16,300,300
1016,0x56061596e2aa,R,0x7ffeb330ae60,1,312,12,16,316,20,12,12,320,316,12,16,324,20,12,12,12,-12,-312,-12,-308,-12,-12,-16,-12,-308,-300,-12,-12,-20,-296,-16,-12
1019,0x56061596e2b1,W,0x7ffeb330ad28,1,-312,-300,-312,4,-300,-300,-300,8,-312,-300,-312,12,-300,-300,-300,16,300,300,292,4,300,8,312,300,312,12,300,300,300,16,312,300
1021,0x56061596e2b4,R,0x7ffeb330ae54,1,-12,300,300,304,4,0,8,308,0,0,304,312,4,0,8,316,0,0,-8,0,-4,-292,-296,0,0,-288,-8,0,-4,-284,-292,0
1022,0x56061596e2b4,W,0x7ffeb330ae54,1,0,300,300,0,-12,0,0,308,0,0,-12,312,-12,0,0,316,0,-296,0,0,12,-292,12,0,0,-288,0,0,12,-284,12,0
1024,0x56061596e2b8,R,0x7ffeb330ae54,1,0,0,-12,0,-12,304,4,308,8,0,0,312,304,0,4,316,-8,-296,-4,0,-296,-292,0,0,-8,-288,-4,0,-292,-284,12,-280
1026,0x56061596e2bb,R,0x7ffeb330ae4c,1,-8,-8,-20,292,292,296,-4,-8,-8,-8,-8,304,-20,-8,-20,308,8,-288,20,8,20,-284,8,8,8,-280,20,8,-284,8,8,-272
1029,0x56061596e294,R,0x7ffeb330ae54,1,8,0,0,300,300,0,-12,0,0,308,8,312,0,0,304,316,-4,-296,-296,0,0,-292,-8,0,-4,-288,12,-284,12,0,0,0
1032,0x56061596e298,R,0x7ffeb330ae50,1,-4,-4,-4,296,-16,-4,-16,300,0,304,4,-4,-4,-4,-16,312,16,-292,16,4,4,-288,4,4,0,4,-288,-280,16,-276,4,4
1035,0x56061596e29d,R,0x7ffeb330ae60,1,16,12,20,312,12,12,312,316,16,12,12,12,12,324,12,328,-308,-308,-12,-12,-20,-304,-12,-300,0,-12,-304,-12,-12,-292,-20,-12
1038,0x56061596e2a4,R,0x7ffeb330ad2c,1,-308,-296,-296,4,-296,-296,-308,8,-308,-296,-296,12,-288,16,-296,-296,308,0,296,296,288,296,292,8,308,12,308,296,296,16,296,296
1041,0x56061596e2aa,R,0x7ffeb330ae60,1,308,12,16,312,20,12,12,316,312,12,16,320,20,12,12,12,-12,-308,-12,-304,-12,-12,-16,-12,-304,-296,-12,-12,-20,-292,-16,-12
1044,0x56061596e2b1,W,0x7ffeb330ad2c,1,-308,-296,-308,4,-296,-296,-296,8,-308,-296,-308,12,-296,-296,-296,16,296,296,288,4,296,8,308,296,308,12,296,296,296,16,308,296
1046,0x56061596e2b4,R,0x7ffeb330ae54,1,-12,296,296,300,4,0,8,304,0,0,300,308,4,0,8,312,0,0,-8,0,-4,-288,-292,0,0,-284,-8,0,-4,-280,-288,0
1047,0x56061596e2b4,W,0x7ffeb330ae54,1,0,296,296,0,-12,0,0,304,0,0,-12,308,-12,0,0,312,0,-292,0,0,12,-288,12,0,0,-284,0,0,12,-280,12,0
1049,0x56061596e2b8,R,0x7ffeb330ae54,1,0,0,-12,0,-12,300,4,304,8,0,0,308,300,0,4,312,-8,-292,-4,0,-292,-288,0,0,-8,-284,-4,0,-288,-280,12,-276
1051,0x56061596e2bb,R,0x7ffeb330ae4c,1,-8,-8,-20,288,288,292,-4,-8,-8,-8,-8,300,-20,-8,-20,304,8,-284,20,8,20,-280,8,8,8,-276,20,8,-280,8,8,-268
1054,0x56061596e294,R,0x7ffeb330ae54,1,8,0,0,296,296,0,-12,0,0,304,8,308,0,0,300,312,-4,-292,-292,0,0,-288,-8,0,-4,-284,12,-280,12,0,0,0
1057,0x56061596e298,R,0x7ffeb330ae50,1,-4,-4,-4,292,-16,-4,-16,296,0,300,4,-4,-4,-4,-16,308,16,-288,16,4,4,-284,4,4,0,4,-284,-276,16,-272,4,4
1060,0x56061596e29d,R,0x7ffeb330ae60,1,16,12,20,308,12,12,308,312,16,12,12,12,12,320,12,324,-304,-304,-12,-12,-20,-300,-12,-296,0,-12,-300,-12,-12,-288,-20,-12
1063,0x56061596e2a4,R,0x7ffeb330ad30,1,-304,-292,-292,4,-292,-292,-304,8,-304,-292,-292,12,-284,16,-292,-292,304,0,292,292,284,292,288,8,304,12,304,292,292,16,292,292
1066,0x56061596e2aa,R,0x7ffeb330ae60,1,304,12,16,308,20,12,12,312,308,12,16,316,20,12,12,12,-12,-304,-12,-300,-12,-12,-16,-12,-300,-292,-12,-12,-20,-288,-16,-12
1069,0x56061596e2b1,W,0x7ffeb330ad30,1,-304,-292,-304,4,-292,-292,-292,8,-304,-292,-304,12,-292,-292,-292,16,292,292,284,4,292,8,304,292,304,12,292,292,292,16,304,292
1071,0x56061596e2b4,R,0x7ffeb330ae54,1,-12,292,292,296,4,0,8,300,0,0,296,304,4,0,8,308,0,0,-8,0,-4,-284,-288,0,0,-280,-8,0,-4,-276,-284,0
1072,0x56061596e2b4,W,0x7ffeb330ae54,1,0,292,292,0,-12,0,0,300,0,0,-12,304,-12,0,0,308,0,-288,0,0,12,-284,12,0,0,-280,0,0,12,-276,12,0
1074,0x56061596e2b8,R,0x7ffeb330ae54,1,0,0,-12,0,-12,296,4,300,8,0,0,304,296,0,4,308,-8,-288,-4,0,-288,-284,0,0,-8,-280,-4,0,-284,-276,12,-272
1076,0x56061596e2bb,R,0x7ffeb330ae4c,1,-8,-8,-20,284,284,288,-4,-8,-8,-8,-8,296,-20,-8,-20,300,8,-280,20,8,20,-276,8,8,8,-272,20,8,-276,8,8,-264
1079,0x56061596e294,R,0x7ffeb330ae54,1,8,0,0,292,292,0,-12,0,0,300,8,304,0,0,296,308,-4,-288,-288,0,0,-284,-8,0,-4,-280,12,-276,12,0,0,0
1082,0x56061596e298,R,0x7ffeb330ae50,1,-4,-4,-4,288,-16,-4,-16,292,0,296,4,-4,-4,-4,-16,304,16,-284,16,4,4,-280,4,4,0,4,-280,-272,16,-268,4,4
1085,0x56061596e29d,R,0x7ffeb330ae60,1,16,12,20,304,12,12,304,308,16,12,12,12,12,316,12,320,-300,-300,-12,-12,-20,-296,-12,-292,0,-12,-296,-12,-12,-284,-20,-12
1088,0x56061596e2a4,R,0x7ffeb330ad34,1,-300,-288,-288,4,-288,-288,-300,8,-300,-288,-288,12,-280,16,-288,-288,300,0,288,288,280,288,284,8,300,12,300,288,288,16,288,288
1091,0x56061596e2aa,R,0x7ffeb330ae60,1,300,12,16,304,20,12,12,308,304,12,16,312,20,12,12,12,-12,-300,-12,-296,-12,-12,-16,-12,-296,-288,-12,-12,-20,-284,-16,-12
1094,0x56061596e2b1,W,0x7ffeb330ad34,1,-300,-288,-300,4,-288,-288,-288,8,-300,-288,-300,12,-288,-288,-288,16,288,288,280,4,288,8,300,288,300,12,288,288,288,16,300,288
1096,0x56061596e2b4,R,0x7ffeb330ae54,1,-12,288,288,292,4,0,8,296,0,0,292,300,4,0,8,304,0,0,-8,0,-4,-280,-284,0,0,-276,-8,0,-4,-272,-280,0
1097,0x56061596e2b4,W,0x7ffeb330ae54,1,0,288,288,0,-12,0,0,296,0,0,-12,300,-12,0,0,304,0,-284,0,0,12,-280,12,0,0,-276,0,0,12,-272,12,0
1099,0x56061596e2b8,R,0x7ffeb330ae54,1,0,0,-12,0,-12,292,4,296,8,0,0,300,292,0,4,304,-8,-284,-4,0,-284,-280,0,0,-8,-276,-4,0,-280,-272,12,-268
1101,0x56061596e2bb,R,0x7ffeb330ae4c,1,-8,-8,-20,280,280,284,-4,-8,-8,-8,-8,292,-20,-8,-20,296,8,-276,20,8,20,-272,8,8,8,-268,20,8,-272,8,8,-260
1104,0x56061596e294,R,0x7ffeb330ae54,1,8,0,0,288,288,0,-12,0,0,296,8,300,0,0,292,304,-4,-284,-284,0,0,-280,-8,0,-4,-276,12,-272,12,0,0,0
1107,0x56061596e298,R,0x7ffeb330ae50,1,-4,-4,-4,284,-16,-4,-16,288,0,292,4,-4,-4,-4,-16,300,16,-280,16,4,4,-276,4,4,0,4,-276,-268,16,-264,4,4
1110,0x56061596e29d,R,0x7ffeb330ae60,1,16,12,20,300,12,12,300,304,16,12,12,12,12,312,12,316,-296,-296,-12,-12,-20,-292,-12,-288,0,-12,-292,-12,-12,-280,-20,-12
1113,0x56061596e2a4,R,0x7ffeb330ad38,1,-296,-284,-284,4,-284,-284,-296,8,-296,-284,-284,12,-276,16,-284,-284,296,0,284,284,276,284,280,8,296,12,296,284,284,16,284,284
1116,0x56061596e2aa,R,0x7ffeb330ae60,1,296,12,16,300,20,12,12,304,300,12,16,308,20,12,12,12,-12,-296,-12,-292,-12,-12,-16,-12,-292,-284,-12,-12,-20,-280,-16,-12
1119,0x56061596e2b1,W,0x7ffeb330ad38,1,-296,-284,-296,4,-284,-284,-284,8,-296,-284,-296,12,-284,-284,-284,16,284,284,276,4,284,8,296,284,296,12,284,284,284,16,296,284
1121,0x56061596e2b4,R,0x7ffeb330ae54,1,-12,284,284,288,4,0,8,292,0,0,288,296,4,0,8,300,0,0,-8,0,-4,-276,-280,0,0,-272,-8,0,-4,-268,-276,0
1122,0x56061596e2b4,W,0x7ffeb330ae54,1,0,284,284,0,-12,0,0,292,0,0,-12,296,-12,0,0,300,0,-280,0,0,12,-276,12,0,0,-272,0,0,12,-268,12,0
1124,0x56061596e2b8,R,0x7ffeb330ae54,1,0,0,-12,0,-12,288,4,292,8,0,0,296,288,0,4,300,-8,-280,-4,0,-280,-276,0,0,-8,-272,-4,0,-276,-268,12,-264
1126,0x56061596e2bb,R,0x7ffeb330ae4c,1,-8,-8,-20,276,276,280,-4,-8,-8,-8,-8,288,-20,-8,-20,292,8,-272,20,8,20,-268,8,8,8,-264,20,8,-268,8,8,-256
1129,0x56061596e294,R,0x7ffeb330ae54,1,8,0,0,284,284,0,-12,0,0,292,8,296,0,0,288,300,-4,-280,-280,0,0,-276,-8,0,-4,-272,12,-268,12,0,0,0
1132,0x56061596e298,R,0x7ffeb330ae50,1,-4,-4,-4,280,-16,-4,-16,284,0,288,4,-4,-4,-4,-16,296,16,-276,16,4,4,-272,4,4,0,4,-272,-264,16,-260,4,4
1135,0x56061596e29d,R,0x7ffeb330ae60,1,16,12,20,296,12,12,296,300,16,12,12,12,12,308,12,312,-292,-292,-12,-12,-20,-288,-12,-284,0,-12,-288,-12,-12,-276,-20,-12
1138,0x56061596e2a4,R,0x7ffeb330ad3c,1,-292,-280,-280,4,-280,-280,-292,8,-292,-280,-280,12,-272,16,-280,-280,292,0,280,280,272,280,276,8,292,12,292,280,280,16,280,280
1141,0x56061596e2aa,R,0x7ffeb330ae60,1,292,12,16,296,20,12,12,300,296,12,16,304,20,12,12,12,-12,-292,-12,-288,-12,-12,-16,-12,-288,-280,-12,-12,-20,-276,-16,-12
1144,0x56061596e2b1,W,0x7ffeb330ad3c,1,-292,-280,-292,4,-280,-280,-280,8,-292,-280,-292,12,-280,-280,-280,16,280,280,272,4,280,8,292,280,292,12,280,280,280,16,292,280
1146,0x56061596e2b4,R,0x7ffeb330ae54,1,-12,280,280,284,4,0,8,288,0,0,284,292,4,0,8,296,0,0,-8,0,-4,-272,-276,0,0,-268,-8,0,-4,-264,-272,0
1147,0x56061596e2b4,W,0x7ffeb330ae54,1,0,280,280,0,-12,0,0,288,0,0,-12,292,-12,0,0,296,0,-276,0,0,12,-272,12,0,0,-268,0,0,12,-264,12,0
1149,0x56061596e2b8,R,0x7ffeb330ae54,1,0,0,-12,0,-12,284,4,288,8,0,0,292,284,0,4,296,-8,-276,-4,0,-276,-272,0,0,-8,-268,-4,0,-272,-264,12,-260
1151,0x56061596e2bb,R,0x7ffeb330ae4c,1,-8,-8,-20,272,272,276,-4,-8,-8,-8,-8,284,-20,-8,-20,288,8,-268,20,8,20,-264,8,8,8,-260,20,8,-264,8,8,-252
1154,0x56061596e294,R,0x7ffeb330ae54,1,8,0,0,280,280,0,-12,0,0,288,8,292,0,0,284,296,-4,-276,-276,0,0,-272,-8,0,-4,-268,12,-264,12,0,0,0
1157,0x56061596e298,R,0x7ffeb330ae50,1,-4,-4,-4,276,-16,-4,-16,280,0,284,4,-4,-4,-4,-16,292,16,-272,16,4,4,-268,4,4,0,4,-268,-260,16,-256,4,4
1160,0x56061596e29d,R,0x7ffeb330ae60,1,16,12,20,292,12,12,292,296,16,12,12,12,12,304,12,308,-288,-288,-12,-12,-20,-284,-12,-280,0,-12,-284,-12,-12,-272,-20,-12
1163,0x56061596e2a4,R,0x7ffeb330ad40,1,-288,-276,-276,4,-276,-276,-288,8,-288,-276,-276,12,-268,16,-276,-276,288,0,276,276,268,276,272,8,288,12,288,276,276,16,276,276
1166,0x56061596e2aa,R,0x7ffeb330ae60,1,288,12,16,292,20,12,12,296,292,12,16,300,20,12,12,12,-12,-288,-12,-284,-12,-12,-16,-12,-284,-276,-12,-12,-20,-272,-16,-12
1169,0x56061596e2b1,W,0x7ffeb330ad40,1,-288,-276,-288,4,-276,-276,-276,8,-288,-276,-288,12,-276,-276,-276,16,276,276,268,4,276,8,288,276,288,12,276,276,276,16,288,276
1171,0x56061596e2b4,R,0x7ffeb330ae54,1,-12,276,276,280,4,0,8,284,0,0,280,288,4,0,8,292,0,0,-8,0,-4,-268,-272,0,0,-264,-8,0,-4,-260,-268,0
1172,0x56061596e2b4,W,0x7ffeb330ae54,1,0,276,276,0,-12,0,0,284,0,0,-12,288,-12,0,0,292,0,-272,0,0,12,-268,12,0,0,-264,0,0,12,-260,12,0
1174,0x56061596e2b8,R,0x7ffeb330ae54,1,0,0,-12,0,-12,280,4,284,8,0,0,288,280,0,4,292,-8,-272,-4,0,-272,-268,0,0,-8,-264,-4,0,-268,-260,12,-256
1176,0x56061596e2bb,R,0x7ffeb330ae4c,1,-8,-8,-20,268,268,272,-4,-8,-8,-8,-8,280,-20,-8,-20,284,8,-264,20,8,20,-260,8,8,8,-256,20,8,-260,8,8,-248
1179,0x56061596e294,R,0x7ffeb330ae54,1,8,0,0,276,276,0,-12,0,0,284,8,288,0,0,280,292,-4,-272,-272,0,0,-268,-8,0,-4,-264,12,-260,12,0,0,0
1182,0x56061596e298,R,0x7ffeb330ae50,1,-4,-4,-4,272,-16,-4,-16,276,0,280,4,-4,-4,-4,-16,288,16,-268,16,4,4,-264,4,4,0,4,-264,-256,16,-252,4,4
1185,0x56061596e29d,R,0x7ffeb330ae60,1,16,12,20,288,12,12,288,292,16,12,12,12,12,300,12,304,-284,-284,-12,-12,-20,-280,-12,-276,0,-12,-280,-12,-12,-268,-20,-12
1188,0x56061596e2a4,R,0x7ffeb330ad44,1,-284,-272,-272,4,-272,-272,-284,8,-284,-272,-272,12,-264,16,-272,-272,284,0,272,272,264,272,268,8,284,12,284,272,272,16,272,272
1191,0x56061596e2aa,R,0x7ffeb330ae60,1,284,12,16,288,20,12,12,292,288,12,16,296,20,12,12,12,-12,-284,-12,-280,-12,-12,-16,-12,-280,-272,-12,-12,-20,-268,-16,-12
1194,0x56061596e2b1,W,0x7ffeb330ad44,1,-284,-272,-284,4,-272,-272,-272,8,-284,-272,-284,12,-272,-272,-272,16,272,272,264,4,272,8,284,272,284,12,272,272,272,16,284,272
1196,0x56061596e2b4,R,0x7ffeb330ae54,1,-12,272,272,276,4,0,8,280,0,0,276,284,4,0,8,288,0,0,-8,0,-4,-264,-268,0,0,-260,-8,0,-4,-256,-264,0
1197,0x56061596e2b4,W,0x7ffeb330ae54,1,0,272,272,0,-12,0,0,280,0,0,-12,284,-12,0,0,288,0,-268,0,0,12,-264,12,0,0,-260,0,0,12,-256,12,0
1199,0x56061596e2b8,R,0x7ffeb330ae54,1,0,0,-12,0,-12,276,4,280,8,0,0,284,276,0,4,288,-8,-268,-4,0,-268,-264,0,0,-8,-260,-4,0,-264,-256,12,-252
1201,0x56061596e2bb,R,0x7ffeb330ae4c,1,-8,-8,-20,264,264,268,-4,-8,-8,-8,-8,276,-20,-8,-20,280,8,-260,20,8,20,-256,8,8,8,-252,20,8,-256,8,8,-244
1204,0x56061596e294,R,0x7ffeb330ae54,1,8,0,0,272,272,0,-12,0,0,280,8,284,0,0,276,288,-4,-268,-268,0,0,-264,-8,0,-4,-260,12,-256,12,0,0,0
1207,0x56061596e298,R,0x7ffeb330ae50,1,-4,-4,-4,268,-16,-4,-16,272,0,276,4,-4,-4,-4,-16,284,16,-264,16,4,4,-260,4,4,0,4,-260,-252,16,-248,4,4
1210,0x56061596e29d,R,0x7ffeb330ae60,1,16,12,20,284,12,12,284,288,16,12,12,12,12,296,12,300,-280,-280,-12,-12,-20,-276,-12,-272,0,-12,-276,-12,-12,-264,-20,-12
1213,0x56061596e2a4,R,0x7ffeb330ad48,1,-280,-268,-268,4,-268,-268,-280,8,-280,-268,-268,12,-260,16,-268,-268,280,0,268,268,260,268,264,8,280,12,280,268,268,16,268,268
1216,0x56061596e2aa,R,0x7ffeb330ae60,1,280,12,16,284,20,12,12,288,284,12,16,292,20,12,12,12,-12,-280,-12,-276,-12,-12,-16,-12,-276,-268,-12,-12,-20,-264,-16,-12
1219,0x56061596e2b1,W,0x7ffeb330ad48,1,-280,-268,-280,4,-268,-268,-268,8,-280,-268,-280,12,-268,-268,-268,16,268,268,260,4,268,8,280,268,280,12,268,268,268,16,280,268
1221,0x56061596e2b4,R,0x7ffeb330ae54,1,-12,268,268,272,4,0,8,276,0,0,272,280,4,0,8,284,0,0,-8,0,-4,-260,-264,0,0,-256,-8,0,-4,-252,-260,0
1222,0x56061596e2b4,W,0x7ffeb330ae54,1,0,268,268,0,-12,0,0,276,0,0,-12,280,-12,0,0,284,0,-264,0,0,12,-260,12,0,0,-256,0,0,12,-252,12,0
1224,0x56061596e2b8,R,0x7ffeb330ae54,1,0,0,-12,0,-12,272,4,276,8,0,0,280,272,0,4,284,-8,-264,-4,0,-264,-260,0,0,-8,-256,-4,0,-260,-252,12,-248
1226,0x56061596e2bb,R,0x7ffeb330ae4c,1,-8,-8,-20,260,260,264,-4,-8,-8,-8,-8,272,-20,-8,-20,276,8,-256,20,8,20,-252,8,8,8,-248,20,8,-252,8,8,-240
1229,0x56061596e294,R,0x7ffeb330ae54,1,8,0,0,268,268,0,-12,0,0,276,8,280,0,0,272,284,-4,-264,-264,0,0,-260,-8,0,-4,-256,12,-252,12,0,0,0
1232,0x56061596e298,R,0x7ffeb330ae50,1,-4,-4,-4,264,-16,-4,-16,268,0,272,4,-4,-4,-4,-16,280,16,-260,16,4,4,-256,4,4,0,4,-256,-248,16,-244,4,4
1235,0x56061596e29d,R,0x7ffeb330ae60,1,16,12,20,280,12,12,280,284,16,12,12,12,12,292,12,296,-276,-276,-12,-12,-20,-272,-12,-268,0,-12,-272,-12,-12,-260,-20,-12
1238,0x56061596e2a4,R,0x7ffeb330ad4c,1,-276,-264,-264,4,-264,-264,-276,8,-276,-264,-264,12,-256,16,-264,-264,276,0,264,264,256,264,260,8,276,12,276,264,264,16,264,264
1241,0x56061596e2aa,R,0x7ffeb330ae60,1,276,12,16,280,20,12,12,284,280,12,16,288,20,12,12,12,-12,-276,-12,-272,-12,-12,-16,-12,-272,-264,-12,-12,-20,-260,-16,-12
1244,0x56061596e2b1,W,0x7ffeb330ad4c,1,-276,-264,-276,4,-264,-264,-264,8,-276,-264,-276,12,-264,-264,-264,16,264,264,256,4,264,8,276,264,276,12,264,264,264,16,276,264
1246,0x56061596e2b4,R,0x7ffeb330ae54,1,-12,264,264,268,4,0,8,272,0,0,268,276,4,0,8,280,0,0,-8,0,-4,-256,-260,0,0,-252,-8,0,-4,-248,-256,0
1247,0x56061596e2b4,W,0x7ffeb330ae54,1,0,264,264,0,-12,0,0,272,0,0,-12,276,-12,0,0,280,0,-260,0,0,12,-256,12,0,0,-252,0,0,12,-248,12,0
1249,0x56061596e2b8,R,0x7ffeb330ae54,1,0,0,-12,0,-12,268,4,272,8,0,0,276,268,0,4,280,-8,-260,-4,0,-260,-256,0,0,-8,-252,-4,0,-256,-248,12,-244
1251,0x56061596e2bb,R,0x7ffeb330ae4c,1,-8,-8,-20,256,256,260,-4,-8,-8,-8,-8,268,-20,-8,-20,272,8,-252,20,8,20,-248,8,8,8,-244,20,8,-248,8,8,-236
1254,0x56061596e294,R,0x7ffeb330ae54,1,8,0,0,264,264,0,-12,0,0,272,8,276,0,0,268,280,-4,-260,-260,0,0,-256,-8,0,-4,-252,12,-248,12,0,0,0
1257,0x56061596e298,R,0x7ffeb330ae50,1,-4,-4,-4,260,-16,-4,-16,264,0,268,4,-4,-4,-4,-16,276,16,-256,16,4,4,-252,4,4,0,4,-252,-244,16,-240,4,4
1260,0x56061596e29d,R,0x7ffeb330ae60,1,16,12,20,276,12,12,276,280,16,12,12,12,12,288,12,292,-272,-272,-12,-12,-20,-268,-12,-264,0,-12,-268,-12,-12,-256,-20,-12
1263,0x56061596e2a4,R,0x7ffeb330ad50,1,-272,-260,-260,4,-260,-260,-272,8,-272,-260,-260,12,-252,16,-260,-260,272,0,260,260,252,260,256,8,272,12,272,260,260,16,260,260
1266,0x56061596e2aa,R,0x7ffeb330ae60,1,272,12,16,276,20,12,12,280,276,12,16,284,20,12,12,12,-12,-272,-12,-268,-12,-12,-16,-12,-268,-260,-12,-12,-20,-256,-16,-12
1269,0x56061596e2b1,W,0x7ffeb330ad50,1,-272,-260,-272,4,-260,-260,-260,8,-272,-260,-272,12,-260,-260,-260,16,260,260,252,4,260,8,272,260,272,12,260,260,260,16,272,260
1271,0x56061596e2b4,R,0x7ffeb330ae54,1,-12,260,260,264,4,0,8,268,0,0,264,272,4,0,8,276,0,0,-8,0,-4,-252,-256,0,0,-248,-8,0,-4,-244,-252,0
1272,0x56061596e2b4,W,0x7ffeb330ae54,1,0,260,260,0,-12,0,0,268,0,0,-12,272,-12,0,0,276,0,-256,0,0,12,-252,12,0,0,-248,0,0,12,-244,12,0
1274,0x56061596e2b8,R,0x7ffeb330ae54,1,0,0,-12,0,-12,264,4,268,8,0,0,272,264,0,4,276,-8,-256,-4,0,-256,-252,0,0,-8,-248,-4,0,-252,-244,12,-240
1276,0x56061596e2bb,R,0x7ffeb330ae4c,1,-8,-8,-20,252,252,256,-4,-8,-8,-8,-8,264,-20,-8,-20,268,8,-248,20,8,20,-244,8,8,8,-240,20,8,-244,8,8,-232
1279,0x56061596e294,R,0x7ffeb330ae54,1,8,0,0,260,260,0,-12,0,0,268,8,272,0,0,264,276,-4,-256,-256,0,0,-252,-8,0,-4,-248,12,-244,12,0,0,0
1282,0x56061596e298,R,0x7ffeb330ae50,1,-4,-4,-4,256,-16,-4,-16,260,0,264,4,-4,-4,-4,-16,272,16,-252,16,4,4,-248,4,4,0,4,-248,-240,16,-236,4,4
1285,0x56061596e29d,R,0x7ffeb330ae60,1,16,12,20,272,12,12,272,276,16,12,12,12,12,284,12,288,-268,-268,-12,-12,-20,-264,-12,-260,0,-12,-264,-12,-12,-252,-20,-12
1288,0x56061596e2a4,R,0x7ffeb330ad54,1,-268,-256,-256,4,-256,-256,-268,8,-268,-256,-256,12,-248,16,-256,-256,268,0,256,256,248,256,252,8,268,12,268,256,256,16,256,256
1291,0x56061596e2aa,R,0x7ffeb330ae60,1,268,12,16,272,20,12,12,276,272,12,16,280,20,12,12,12,-12,-268,-12,-264,-12,-12,-16,-12,-264,-256,-12,-12,-20,-252,-16,-12
1294,0x56061596e2b1,W,0x7ffeb330ad54,1,-268,-256,-268,4,-256,-256,-256,8,-268,-256,-268,12,-256,-256,-256,16,256,256,248,4,256,8,268,256,268,12,256,256,256,16,268,256
1296,0x56061596e2b4,R,0x7ffeb330ae54,1,-12,256,256,260,4,0,8,264,0,0,260,268,4,0,8,272,0,0,-8,0,-4,-248,-252,0,0,-244,-8,0,-4,-240,-248,0
1297,0x56061596e2b4,W,0x7ffeb330ae54,1,0,256,256,0,-12,0,0,264,0,0,-12,268,-12,0,0,272,0,-252,0,0,12,-248,12,0,0,-244,0,0,12,-240,12,0
1299,0x56061596e2b8,R,0x7ffeb330ae54,1,0,0,-12,0,-12,260,4,264,8,0,0,268,260,0,4,272,-8,-252,-4,0,-252,-248,0,0,-8,-244,-4,0,-248,-240,12,-236
1301,0x56061596e2bb,R,0x7ffeb330ae4c,1,-8,-8,-20,248,248,252,-4,-8,-8,-8,-8,260,-20,-8,-20,264,8,-244,20,8,20,-240,8,8,8,-236,20,8,-240,8,8,-228
1304,0x56061596e294,R,0x7ffeb330ae54,1,8,0,0,256,256,0,-12,0,0,264,8,268,0,0,260,272,-4,-252,-252,0,0,-248,-8,0,-4,-244,12,-240,12,0,0,0
1307,0x56061596e298,R,0x7ffeb330ae50,1,-4,-4,-4,252,-16,-4,-16,256,0,260,4,-4,-4,-4,-16,268,16,-248,16,4,4,-244,4,4,0,4,-244,-236,16,-232,4,4
1310,0x56061596e29d,R,0x7ffeb330ae60,1,16,12,20,268,12,12,268,272,16,12,12,12,12,280,12,284,-264,-264,-12,-12,-20,-260,-12,-256,0,-12,-260,-12,-12,-248,-20,-12
1313,0x56061596e2a4,R,0x7ffeb330ad58,1,-264,-252,-252,4,-252,-252,-264,8,-264,-252,-252,12,-244,16,-252,-252,264,0,252,252,244,252,248,8,264,12,264,252,252,16,252,252
1316,0x56061596e2aa,R,0x7ffeb330ae60,1,264,12,16,268,20,12,12,272,268,12,16,276,20,12,12,12,-12,-264,-12,-260,-12,-12,-16,-12,-260,-252,-12,-12,-20,-248,-16,-12
1319,0x56061596e2b1,W,0x7ffeb330ad58,1,-264,-252,-264,4,-252,-252,-252,8,-264,-252,-264,12,-252,-252,-252,16,252,252,244,4,252,8,264,252,264,12,252,252,252,16,264,252
1321,0x56061596e2b4,R,0x7ffeb330ae54,1,-12,252,252,256,4,0,8,260,0,0,256,264,4,0,8,268,0,0,-8,0,-4,-244,-248,0,0,-240,-8,0,-4,-236,-244,0
1322,0x56061596e2b4,W,0x7ffeb330ae54,1,0,252,252,0,-12,0,0,260,0,0,-12,264,-12,0,0,268,0,-248,0,0,12,-244,12,0,0,-240,0,0,12,-236,12,0
1324,0x56061596e2b8,R,0x7ffeb330ae54,1,0,0,-12,0,-12,256,4,260,8,0,0,264,256,0,4,268,-8,-248,-4,0,-248,-244,0,0,-8,-240,-4,0,-244,-236,12,-232
1326,0x56061596e2bb,R,0x7ffeb330ae4c,1,-8,-8,-20,244,244,248,-4,-8,-8,-8,-8,256,-20,-8,-20,260,8,-240,20,8,20,-236,8,8,8,-232,20,8,-236,8,8,-224
1329,0x56061596e294,R,0x7ffeb330ae54,1,8,0,0,252,252,0,-12,0,0,260,8,264,0,0,256,268,-4,-248,-248,0,0,-244,-8,0,-4,-240,12,-236,12,0,0,0
1332,0x56061596e298,R,0x7ffeb330ae50,1,-4,-4,-4,248,-16,-4,-16,252,0,256,4,-4,-4,-4,-16,264,16,-244,16,4,4,-240,4,4,0,4,-240,-232,16,-228,4,4
1335,0x56061596e29d,R,0x7ffeb330ae60,1,16,12,20,264,12,12,264,268,16,12,12,12,12,276,12,280,-260,-260,-12,-12,-20,-256,-12,-252,0,-12,-256,-12,-12,-244,-20,-12
1338,0x56061596e2a4,R,0x7ffeb330ad5c,1,-260,-248,-248,4,-248,-248,-260,8,-260,-248,-248,12,-240,16,-248,-248,260,0,248,248,240,248,244,8,260,12,260,248,248,16,248,248
1341,0x56061596e2aa,R,0x7ffeb330ae60,1,260,12,16,264,20,12,12,268,264,12,16,272,20,12,12,12,-12,-260,-12,-256,-12,-12,-16,-12,-256,-248,-12,-12,-20,-244,-16,-12
1344,0x56061596e2b1,W,0x7ffeb330ad5c,1,-260,-248,-260,4,-248,-248,-248,8,-260,-248,-260,12,-248,-248,-248,16,248,248,240,4,248,8,260,248,260,12,248,248,248,16,260,248
1346,0x56061596e2b4,R,0x7ffeb330ae54,1,-12,248,248,252,4,0,8,256,0,0,252,260,4,0,8,264,0,0,-8,0,-4,-240,-244,0,0,-236,-8,0,-4,-232,-240,0
1347,0x56061596e2b4,W,0x7ffeb330ae54,1,0,248,248,0,-12,0,0,256,0,0,-12,260,-12,0,0,264,0,-244,0,0,12,-240,12,0,0,-236,0,0,12,-232,12,0
1349,0x56061596e2b8,R,0x7ffeb330ae54,1,0,0,-12,0,-12,252,4,256,8,0,0,260,252,0,4,264,-8,-244,-4,0,-244,-240,0,0,-8,-236,-4,0,-240,-232,12,-228
1351,0x56061596e2bb,R,0x7ffeb330ae4c,1,-8,-8,-20,240,240,244,-4,-8,-8,-8,-8,252,-20,-8,-20,256,8,-236,20,8,20,-232,8,8,8,-228,20,8,-232,8,8,-220
1354,0x56061596e294,R,0x7ffeb330ae54,1,8,0,0,248,248,0,-12,0,0,256,8,260,0,0,252,264,-4,-244,-244,0,0,-240,-8,0,-4,-236,12,-232,12,0,0,0
1357,0x56061596e298,R,0x7ffeb330ae50,1,-4,-4,-4,244,-16,-4,-16,248,0,252,4,-4,-4,-4,-16,260,16,-240,16,4,4,-236,4,4,0,4,-236,-228,16,-224,4,4
1360,0x56061596e29d,R,0x7ffeb330ae60,1,16,12,20,260,12,12,260,264,16,12,12,12,12,272,12,276,-256,-256,-12,-12,-20,-252,-12,-248,0,-12,-252,-12,-12,-240,-20,-12
1363,0x56061596e2a4,R,0x7ffeb330ad60,1,-256,-244,-244,4,-244,-244,-256,8,-256,-244,-244,12,-236,16,-244,-244,256,0,244,244,236,244,240,8,256,12,256,244,244,16,244,244
1366,0x56061596e2aa,R,0x7ffeb330ae60,1,256,12,16,260,20,12,12,264,260,12,16,268,20,12,12,12,-12,-256,-12,-252,-12,-12,-16,-12,-252,-244,-12,-12,-20,-240,-16,-12
1369,0x56061596e2b1,W,0x7ffeb330ad60,1,-256,-244,-256,4,-244,-244,-244,8,-256,-244,-256,12,-244,-244,-244,16,244,244,236,4,244,8,256,244,256,12,244,244,244,16,256,244
1371,0x56061596e2b4,R,0x7ffeb330ae54,1,-12,244,244,248,4,0,8,252,0,0,248,256,4,0,8,260,0,0,-8,0,-4,-236,-240,0,0,-232,-8,0,-4,-228,-236,0
1372,0x56061596e2b4,W,0x7ffeb330ae54,1,0,244,244,0,-12,0,0,252,0,0,-12,256,-12,0,0,260,0,-240,0,0,12,-236,12,0,0,-232,0,0,12,-228,12,0
1374,0x56061596e2b8,R,0x7ffeb330ae54,1,0,0,-12,0,-12,248,4,252,8,0,0,256,248,0,4,260,-8,-240,-4,0,-240,-236,0,0,-8,-232,-4,0,-236,-228,12,-224
1376,0x56061596e2bb,R,0x7ffeb330ae4c,1,-8,-8,-20,236,236,240,-4,-8,-8,-8,-8,248,-20,-8,-20,252,8,-232,20,8,20,-228,8,8,8,-224,20,8,-228,8,8,-216
1379,0x56061596e294,R,0x7ffeb330ae54,1,8,0,0,244,244,0,-12,0,0,252,8,256,0,0,248,260,-4,-240,-240,0,0,-236,-8,0,-4,-232,12,-228,12,0,0,0
1382,0x56061596e298,R,0x7ffeb330ae50,1,-4,-4,-4,240,-16,-4,-16,244,0,248,4,-4,-4,-4,-16,256,16,-236,16,4,4,-232,4,4,0,4,-232,-224,16,-220,4,4
1385,0x56061596e29d,R,0x7ffeb330ae60,1,16,12,20,256,12,12,256,260,16,12,12,12,12,268,12,272,-252,-252,-12,-12,-20,-248,-12,-244,0,-12,-248,-12,-12,-236,-20,-12
1388,0x56061596e2a4,R,0x7ffeb330ad64,1,-252,-240,-240,4,-240,-240,-252,8,-252,-240,-240,12,-232,16,-240,-240,252,0,240,240,232,240,236,8,252,12,252,240,240,16,240,240
1391,0x56061596e2aa,R,0x7ffeb330ae60,1,252,12,16,256,20,12,12,260,256,12,16,264,20,12,12,12,-12,-252,-12,-248,-12,-12,-16,-12,-248,-240,-12,-12,-20,-236,-16,-12
1394,0x56061596e2b1,W,0x7ffeb330ad64,1,-252,-240,-252,4,-240,-240,-240,8,-252,-240,-252,12,-240,-240,-240,16,240,240,232,4,240,8,252,240,252,12,240,240,240,16,252,240
1396,0x56061596e2b4,R,0x7ffeb330ae54,1,-12,240,240,244,4,0,8,248,0,0,244,252,4,0,8,256,0,0,-8,0,-4,-232,-236,0,0,-228,-8,0,-4,-224,-232,0
1397,0x56061596e2b4,W,0x7ffeb330ae54,1,0,240,240,0,-12,0,0,248,0,0,-12,252,-12,0,0,256,0,-236,0,0,12,-232,12,0,0,-228,0,0,12,-224,12,0
1399,0x56061596e2b8,R,0x7ffeb330ae54,1,0,0,-12,0,-12,244,4,248,8,0,0,252,244,0,4,256,-8,-236,-4,0,-236,-232,0,0,-8,-228,-4,0,-232,-224,12,-220
1401,0x56061596e2bb,R,0x7ffeb330ae4c,1,-8,-8,-20,232,232,236,-4,-8,-8,-8,-8,244,-20,-8,-20,248,8,-228,20,8,20,-224,8,8,8,-220,20,8,-224,8,8,-212
1404,0x56061596e294,R,0x7ffeb330ae54,1,8,0,0,240,240,0,-12,0,0,248,8,252,0,0,244,256,-4,-236,-236,0,0,-232,-8,0,-4,-228,12,-224,12,0,0,0
1407,0x56061596e298,R,0x7ffeb330ae50,1,-4,-4,-4,236,-16,-4,-16,240,0,244,4,-4,-4,-4,-16,252,16,-232,16,4,4,-228,4,4,0,4,-228,-220,16,-216,4,4
1410,0x56061596e29d,R,0x7ffeb330ae60,1,16,12,20,252,12,12,252,256,16,12,12,12,12,264,12,268,-248,-248,-12,-12,-20,-244,-12,-240,0,-12,-244,-12,-12,-232,-20,-12
1413,0x56061596e2a4,R,0x7ffeb330ad68,1,-248,-236,-236,4,-236,-236,-248,8,-248,-236,-236,12,-228,16,-236,-236,248,0,236,236,228,236,232,8,248,12,248,236,236,16,236,236
1416,0x56061596e2aa,R,0x7ffeb330ae60,1,248,12,16,252,20,12,12,256,252,12,16,260,20,12,12,12,-12,-248,-12,-244,-12,-12,-16,-12,-244,-236,-12,-12,-20,-232,-16,-12
1419,0x56061596e2b1,W,0x7ffeb330ad68,1,-248,-236,-248,4,-236,-236,-236,8,-248,-236,-248,12,-236,-236,-236,16,236,236,228,4,236,8,248,236,248,12,236,236,236,16,248,236
1421,0x56061596e2b4,R,0x7ffeb330ae54,1,-12,236,236,240,4,0,8,244,0,0,240,248,4,0,8,252,0,0,-8,0,-4,-228,-232,0,0,-224,-8,0,-4,-220,-228,0
1422,0x56061596e2b4,W,0x7ffeb330ae54,1,0,236,236,0,-12,0,0,244,0,0,-12,248,-12,0,0,252,0,-232,0,0,12,-228,12,0,0,-224,0,0,12,-220,12,0
1424,0x56061596e2b8,R,0x7ffeb330ae54,1,0,0,-12,0,-12,240,4,244,8,0,0,248,240,0,4,252,-8,-232,-4,0,-232,-228,0,0,-8,-224,-4,0,-228,-220,12,-216
1426,0x56061596e2bb,R,0x7ffeb330ae4c,1,-8,-8,-20,228,228,232,-4,-8,-8,-8,-8,240,-20,-8,-20,244,8,-224,20,8,20,-220,8,8,8,-216,20,8,-220,8,8,-208
1429,0x56061596e294,R,0x7ffeb330ae54,1,8,0,0,236,236,0,-12,0,0,244,8,248,0,0,240,252,-4,-232,-232,0,0,-228,-8,0,-4,-224,12,-220,12,0,0,0
1432,0x56061596e298,R,0x7ffeb330ae50,1,-4,-4,-4,232,-16,-4,-16,236,0,240,4,-4,-4,-4,-16,248,16,-228,16,4,4,-224,4,4,0,4,-224,-216,16,-212,4,4
1435,0x56061596e29d,R,0x7ffeb330ae60,1,16,12,20,248,12,12,248,252,16,12,12,12,12,260,12,264,-244,-244,-12,-12,-20,-240,-12,-236,0,-12,-240,-12,-12,-228,-20,-12
1438,0x56061596e2a4,R,0x7ffeb330ad6c,1,-244,-232,-232,4,-232,-232,-244,8,-244,-232,-232,12,-224,16,-232,-232,244,0,232,232,224,232,228,8,244,12,244,232,232,16,232,232
1441,0x56061596e2aa,R,0x7ffeb330ae60,1,244,12,16,248,20,12,12,252,248,12,16,256,20,12,12,12,-12,-244,-12,-240,-12,-12,-16,-12,-240,-232,-12,-12,-20,-228,-16,-12
1444,0x56061596e2b1,W,0x7ffeb330ad6c,1,-244,-232,-244,4,-232,-232,-232,8,-244,-232,-244,12,-232,-232,-232,16,232,232,224,4,232,8,244,232,244,12,232,232,232,16,244,232
1446,0x56061596e2b4,R,0x7ffeb330ae54,1,-12,232,232,236,4,0,8,240,0,0,236,244,4,0,8,248,0,0,-8,0,-4,-224,-228,0,0,-220,-8,0,-4,-216,-224,0
1447,0x56061596e2b4,W,0x7ffeb330ae54,1,0,232,232,0,-12,0,0,240,0,0,-12,244,-12,0,0,248,0,-228,0,0,12,-224,12,0,0,-220,0,0,12,-216,12,0
1449,0x56061596e2b8,R,0x7ffeb330ae54,1,0,0,-12,0,-12,236,4,240,8,0,0,244,236,0,4,248,-8,-228,-4,0,-228,-224,0,0,-8,-220,-4,0,-224,-216,12,-212
1451,0x56061596e2bb,R,0x7ffeb330ae4c,1,-8,-8,-20,224,224,228,-4,-8,-8,-8,-8,236,-20,-8,-20,240,8,-220,20,8,20,-216,8,8,8,-212,20,8,-216,8,8,-204
1454,0x56061596e294,R,0x7ffeb330ae54,1,8,0,0,232,232,0,-12,0,0,240,8,244,0,0,236,248,-4,-228,-228,0,0,-224,-8,0,-4,-220,12,-216,12,0,0,0
1457,0x56061596e298,R,0x7ffeb330ae50,1,-4,-4,-4,228,-16,-4,-16,232,0,236,4,-4,-4,-4,-16,244,16,-224,16,4,4,-220,4,4,0,4,-220,-212,16,-208,4,4
1460,0x56061596e29d,R,0x7ffeb330ae60,1,16,12,20,244,12,12,244,248,16,12,12,12,12,256,12,260,-240,-240,-12,-12,-20,-236,-12,-232,0,-12,-236,-12,-12,-224,-20,-12
1463,0x56061596e2a4,R,0x7ffeb330ad70,1,-240,-228,-228,4,-228,-228,-240,8,-240,-228,-228,12,-220,16,-228,-228,240,0,228,228,220,228,224,8,240,12,240,228,228,16,228,228
1466,0x56061596e2aa,R,0x7ffeb330ae60,1,240,12,16,244,20,12,12,248,244,12,16,252,20,12,12,12,-12,-240,-12,-236,-12,-12,-16,-12,-236,-228,-12,-12,-20,-224,-16,-12
1469,0x56061596e2b1,W,0x7ffeb330ad70,1,-240,-228,-240,4,-228,-228,-228,8,-240,-228,-240,12,-228,-228,-228,16,228,228,220,4,228,8,240,228,240,12,228,228,228,16,240,228
1471,0x56061596e2b4,R,0x7ffeb330ae54,1,-12,228,228,232,4,0,8,236,0,0,232,240,4,0,8,244,0,0,-8,0,-4,-220,-224,0,0,-216,-8,0,-4,-212,-220,0
1472,0x56061596e2b4,W,0x7ffeb330ae54,1,0,228,228,0,-12,0,0,236,0,0,-12,240,-12,0,0,244,0,-224,0,0,12,-220,12,0,0,-216,0,0,12,-212,12,0
1474,0x56061596e2b8,R,0x7ffeb330ae54,1,0,0,-12,0,-12,232,4,236,8,0,0,240,232,0,4,244,-8,-224,-4,0,-224,-220,0,0,-8,-216,-4,0,-220,-212,12,-208
1476,0x56061596e2bb,R,0x7ffeb330ae4c,1,-8,-8,-20,220,220,224,-4,-8,-8,-8,-8,232,-20,-8,-20,236,8,-216,20,8,20,-212,8,8,8,-208,20,8,-212,8,8,-200
1479,0x56061596e294,R,0x7ffeb330ae54,1,8,0,0,228,228,0,-12,0,0,236,8,240,0,0,232,244,-4,-224,-224,0,0,-220,-8,0,-4,-216,12,-212,12,0,0,0
1482,0x56061596e298,R,0x7ffeb330ae50,1,-4,-4,-4,224,-16,-4,-16,228,0,232,4,-4,-4,-4,-16,240,16,-220,16,4,4,-216,4,4,0,4,-216,-208,16,-204,4,4
1485,0x56061596e29d,R,0x7ffeb330ae60,1,16,12,20,240,12,12,240,244,16,12,12,12,12,252,12,256,-236,-236,-12,-12,-20,-232,-12,-228,0,-12,-232,-12,-12,-220,-20,-12
1488,0x56061596e2a4,R,0x7ffeb330ad74,1,-236,-224,-224,4,-224,-224,-236,8,-236,-224,-224,12,-216,16,-224,-224,236,0,224,224,216,224,220,8,236,12,236,224,224,16,224,224
1491,0x56061596e2aa,R,0x7ffeb330ae60,1,236,12,16,240,20,12,12,244,240,12,16,248,20,12,12,12,-12,-236,-12,-232,-12,-12,-16,-12,-232,-224,-12,-12,-20,-220,-16,-12
1494,0x56061596e2b1,W,0x7ffeb330ad74,1,-236,-224,-236,4,-224,-224,-224,8,-236,-224,-236,12,-224,-224,-224,16,224,224,216,4,224,8,236,224,236,12,224,224,224,16,236,224
1496,0x56061596e2b4,R,0x7ffeb330ae54,1,-12,224,224,228,4,0,8,232,0,0,228,236,4,0,8,240,0,0,-8,0,-4,-216,-220,0,0,-212,-8,0,-4,-208,-216,0
1497,0x56061596e2b4,W,0x7ffeb330ae54,1,0,224,224,0,-12,0,0,232,0,0,-12,236,-12,0,0,240,0,-220,0,0,12,-216,12,0,0,-212,0,0,12,-208,12,0
1499,0x56061596e2b8,R,0x7ffeb330ae54,1,0,0,-12,0,-12,228,4,232,8,0,0,236,228,0,4,240,-8,-220,-4,0,-220,-216,0,0,-8,-212,-4,0,-216,-208,12,-204
1501,0x56061596e2bb,R,0x7ffeb330ae4c,1,-8,-8,-20,216,216,220,-4,-8,-8,-8,-8,228,-20,-8,-20,232,8,-212,20,8,20,-208,8,8,8,-204,20,8,-208,8,8,-196
1504,0x56061596e294,R,0x7ffeb330ae54,1,8,0,0,224,224,0,-12,0,0,232,8,236,0,0,228,240,-4,-220,-220,0,0,-216,-8,0,-4,-212,12,-208,12,0,0,0
1507,0x56061596e298,R,0x7ffeb330ae50,1,-4,-4,-4,220,-16,-4,-16,224,0,228,4,-4,-4,-4,-16,236,16,-216,16,4,4,-212,4,4,0,4,-212,-204,16,-200,4,4
1510,0x56061596e29d,R,0x7ffeb330ae60,1,16,12,20,236,12,12,236,240,16,12,12,12,12,248,12,252,-232,-232,-12,-12,-20,-228,-12,-224,0,-12,-228,-12,-12,-216,-20,-12
1513,0x56061596e2a4,R,0x7ffeb330ad78,1,-232,-220,-220,4,-220,-220,-232,8,-232,-220,-220,12,-212,16,-220,-220,232,0,220,220,212,220,216,8,232,12,232,220,220,16,220,220
1516,0x56061596e2aa,R,0x7ffeb330ae60,1,232,12,16,236,20,12,12,240,236,12,16,244,20,12,12,12,-12,-232,-12,-228,-12,-12,-16,-12,-228,-220,-12,-12,-20,-216,-16,-12
1519,0x56061596e2b1,W,0x7ffeb330ad78,1,-232,-220,-232,4,-220,-220,-220,8,-232,-220,-232,12,-220,-220,-220,16,220,220,212,4,220,8,232,220,232,12,220,220,220,16,232,220
1521,0x56061596e2b4,R,0x7ffeb330ae54,1,-12,220,220,224,4,0,8,228,0,0,224,232,4,0,8,236,0,0,-8,0,-4,-212,-216,0,0,-208,-8,0,-4,-204,-212,0
1522,0x56061596e2b4,W,0x7ffeb330ae54,1,0,220,220,0,-12,0,0,228,0,0,-12,232,-12,0,0,236,0,-216,0,0,12,-212,12,0,0,-208,0,0,12,-204,12,0
1524,0x56061596e2b8,R,0x7ffeb330ae54,1,0,0,-12,0,-12,224,4,228,8,0,0,232,224,0,4,236,-8,-216,-4,0,-216,-212,0,0,-8,-208,-4,0,-212,-204,12,-200
1526,0x56061596e2bb,R,0x7ffeb330ae4c,1,-8,-8,-20,212,212,216,-4,-8,-8,-8,-8,224,-20,-8,-20,228,8,-208,20,8,20,-204,8,8,8,-200,20,8,-204,8,8,-192
1529,0x56061596e294,R,0x7ffeb330ae54,1,8,0,0,220,220,0,-12,0,0,228,8,232,0,0,224,236,-4,-216,-216,0,0,-212,-8,0,-4,-208,12,-204,12,0,0,0
1532,0x56061596e298,R,0x7ffeb330ae50,1,-4,-4,-4,216,-16,-4,-16,220,0,224,4,-4,-4,-4,-16,232,16,-212,16,4,4,-208,4,4,0,4,-208,-200,16,-196,4,4
1535,0x56061596e29d,R,0x7ffeb330ae60,1,16,12,20,232,12,12,232,236,16,12,12,12,12,244,12,248,-228,-228,-12,-12,-20,-224,-12,-220,0,-12,-224,-12,-12,-212,-20,-12
1538,0x56061596e2a4,R,0x7ffeb330ad7c,1,-228,-216,-216,4,-216,-216,-228,8,-228,-216,-216,12,-208,16,-216,-216,228,0,216,216,208,216,212,8,228,12,228,216,216,16,216,216
1541,0x56061596e2aa,R,0x7ffeb330ae60,1,228,12,16,232,20,12,12,236,232,12,16,240,20,12,12,12,-12,-228,-12,-224,-12,-12,-16,-12,-224,-216,-12,-12,-20,-212,-16,-12
1544,0x56061596e2b1,W,0x7ffeb330ad7c,1,-228,-216,-228,4,-216,-216,-216,8,-228,-216,-228,12,-216,-216,-216,16,216,216,208,4,216,8,228,216,228,12,216,216,216,16,228,216
1546,0x56061596e2b4,R,0x7ffeb330ae54,1,-12,216,216,220,4,0,8,224,0,0,220,228,4,0,8,232,0,0,-8,0,-4,-208,-212,0,0,-204,-8,0,-4,-200,-208,0
1547,0x56061596e2b4,W,0x7ffeb330ae54,1,0,216,216,0,-12,0,0,224,0,0,-12,228,-12,0,0,232,0,-212,0,0,12,-208,12,0,0,-204,0,0,12,-200,12,0
1549,0x56061596e2b8,R,0x7ffeb330ae54,1,0,0,-12,0,-12,220,4,224,8,0,0,228,220,0,4,232,-8,-212,-4,0,-212,-208,0,0,-8,-204,-4,0,-208,-200,12,-196
1551,0x56061596e2bb,R,0x7ffeb330ae4c,1,-8,-8,-20,208,208,212,-4,-8,-8,-8,-8,220,-20,-8,-20,224,8,-204,20,8,20,-200,8,8,8,-196,20,8,-200,8,8,-188
1554,0x56061596e294,R,0x7ffeb330ae54,1,8,0,0,216,216,0,-12,0,0,224,8,228,0,0,220,232,-4,-212,-212,0,0,-208,-8,0,-4,-204,12,-200,12,0,0,0
1557,0x56061596e298,R,0x7ffeb330ae50,1,-4,-4,-4,212,-16,-4,-16,216,0,220,4,-4,-4,-4,-16,228,16,-208,16,4,4,-204,4,4,0,4,-204,-196,16,-192,4,4
1560,0x56061596e29d,R,0x7ffeb330ae60,1,16,12,20,228,12,12,228,232,16,12,12,12,12,240,12,244,-224,-224,-12,-12,-20,-220,-12,-216,0,-12,-220,-12,-12,-208,-20,-12
1563,0x56061596e2a4,R,0x7ffeb330ad80,1,-224,-212,-212,4,-212,-212,-224,8,-224,-212,-212,12,-204,16,-212,-212,224,0,212,212,204,212,208,8,224,12,224,212,212,16,212,212
1566,0x56061596e2aa,R,0x7ffeb330ae60,1,224,12,16,228,20,12,12,232,228,12,16,236,20,12,12,12,-12,-224,-12,-220,-12,-12,-16,-12,-220,-212,-12,-12,-20,-208,-16,-12
1569,0x56061596e2b1,W,0x7ffeb330ad80,1,-224,-212,-224,4,-212,-212,-212,8,-224,-212,-224,12,-212,-212,-212,16,212,212,204,4,212,8,224,212,224,12,212,212,212,16,224,212
1571,0x56061596e2b4,R,0x7ffeb330ae54,1,-12,212,212,216,4,0,8,220,0,0,216,224,4,0,8,228,0,0,-8,0,-4,-204,-208,0,0,-200,-8,0,-4,-196,-204,0
1572,0x56061596e2b4,W,0x7ffeb330ae54,1,0,212,212,0,-12,0,0,220,0,0,-12,224,-12,0,0,228,0,-208,0,0,12,-204,12,0,0,-200,0,0,12,-196,12,0
1574,0x56061596e2b8,R,0x7ffeb330ae54,1,0,0,-12,0,-12,216,4,220,8,0,0,224,216,0,4,228,-8,-208,-4,0,-208,-204,0,0,-8,-200,-4,0,-204,-196,12,-192
1576,0x56061596e2bb,R,0x7ffeb330ae4c,1,-8,-8,-20,204,204,208,-4,-8,-8,-8,-8,216,-20,-8,-20,220,8,-200,20,8,20,-196,8,8,8,-192,20,8,-196,8,8,-184
1579,0x56061596e294,R,0x7ffeb330ae54,1,8,0,0,212,212,0,-12,0,0,220,8,224,0,0,216,228,-4,-208,-208,0,0,-204,-8,0,-4,-200,12,-196,12,0,0,0
1582,0x56061596e298,R,0x7ffeb330ae50,1,-4,-4,-4,208,-16,-4,-16,212,0,216,4,-4,-4,-4,-16,224,16,-204,16,4,4,-200,4,4,0,4,-200,-192,16,-188,4,4
1585,0x56061596e29d,R,0x7ffeb330ae60,1,16,12,20,224,12,12,224,228,16,12,12,12,12,236,12,240,-220,-220,-12,-12,-20,-216,-12,-212,0,-12,-216,-12,-12,-204,-20,-12
1588,0x56061596e2a4,R,0x7ffeb330ad84,1,-220,-208,-208,4,-208,-208,-220,8,-220,-208,-208,12,-200,16,-208,-208,220,0,208,208,200,208,204,8,220,12,220,208,208,16,208,208
1591,0x56061596e2aa,R,0x7ffeb330ae60,1,220,12,16,224,20,12,12,228,224,12,16,232,20,12,12,12,-12,-220,-12,-216,-12,-12,-16,-12,-216,-208,-12,-12,-20,-204,-16,-12
1594,0x56061596e2b1,W,0x7ffeb330ad84,1,-220,-208,-220,4,-208,-208,-208,8,-220,-208,-220,12,-208,-208,-208,16,208,208,200,4,208,8,220,208,220,12,208,208,208,16,220,208
1596,0x56061596e2b4,R,0x7ffeb330ae54,1,-12,208,208,212,4,0,8,216,0,0,212,220,4,0,8,224,0,0,-8,0,-4,-200,-204,0,0,-196,-8,0,-4,-192,-200,0
1597,0x56061596e2b4,W,0x7ffeb330ae54,1,0,208,208,0,-12,0,0,216,0,0,-12,220,-12,0,0,224,0,-204,0,0,12,-200,12,0,0,-196,0,0,12,-192,12,0
1599,0x56061596e2b8,R,0x7ffeb330ae54,1,0,0,-12,0,-12,212,4,216,8,0,0,220,212,0,4,224,-8,-204,-4,0,-204,-200,0,0,-8,-196,-4,0,-200,-192,12,-188
1601,0x56061596e2bb,R,0x7ffeb330ae4c,1,-8,-8,-20,200,200,204,-4,-8,-8,-8,-8,212,-20,-8,-20,216,8,-196,20,8,20,-192,8,8,8,-188,20,8,-192,8,8,-180
1604,0x56061596e294,R,0x7ffeb330ae54,1,8,0,0,208,208,0,-12,0,0,216,8,220,0,0,212,224,-4,-204,-204,0,0,-200,-8,0,-4,-196,12,-192,12,0,0,0
1607,0x56061596e298,R,0x7ffeb330ae50,1,-4,-4,-4,204,-16,-4,-16,208,0,212,4,-4,-4,-4,-16,220,16,-200,16,4,4,-196,4,4,0,4,-196,-188,16,-184,4,4
1610,0x56061596e29d,R,0x7ffeb330ae60,1,16,12,20,220,12,12,220,224,16,12,12,12,12,232,12,236,-216,-216,-12,-12,-20,-212,-12,-208,0,-12,-212,-12,-12,-200,-20,-12
1613,0x56061596e2a4,R,0x7ffeb330ad88,1,-216,-204,-204,4,-204,-204,-216,8,-216,-204,-204,12,-196,16,-204,-204,216,0,204,204,196,204,200,8,216,12,216,204,204,16,204,204
1616,0x56061596e2aa,R,0x7ffeb330ae60,1,216,12,16,220,20,12,12,224,220,12,16,228,20,12,12,12,-12,-216,-12,-212,-12,-12,-16,-12,-212,-204,-12,-12,-20,-200,-16,-12
1619,0x56061596e2b1,W,0x7ffeb330ad88,1,-216,-204,-216,4,-204,-204,-204,8,-216,-204,-216,12,-204,-204,-204,16,204,204,196,4,204,8,216,204,216,12,204,204,204,16,216,204
1621,0x56061596e2b4,R,0x7ffeb330ae54,1,-12,204,204,208,4,0,8,212,0,0,208,216,4,0,8,220,0,0,-8,0,-4,-196,-200,0,0,-192,-8,0,-4,-188,-196,0
1622,0x56061596e2b4,W,0x7ffeb330ae54,1,0,204,204,0,-12,0,0,212,0,0,-12,216,-12,0,0,220,0,-200,0,0,12,-196,12,0,0,-192,0,0,12,-188,12,0
1624,0x56061596e2b8,R,0x7ffeb330ae54,1,0,0,-12,0,-12,208,4,212,8,0,0,216,208,0,4,220,-8,-200,-4,0,-200,-196,0,0,-8,-192,-4,0,-196,-188,12,-184
1626,0x56061596e2bb,R,0x7ffeb330ae4c,1,-8,-8,-20,196,196,200,-4,-8,-8,-8,-8,208,-20,-8,-20,212,8,-192,20,8,20,-188,8,8,8,-184,20,8,-188,8,8,-176
1629,0x56061596e294,R,0x7ffeb330ae54,1,8,0,0,204,204,0,-12,0,0,212,8,216,0,0,208,220,-4,-200,-200,0,0,-196,-8,0,-4,-192,12,-188,12,0,0,0
1632,0x56061596e298,R,0x7ffeb330ae50,1,-4,-4,-4,200,-16,-4,-16,204,0,208,4,-4,-4,-4,-16,216,16,-196,16,4,4,-192,4,4,0,4,-192,-184,16,-180,4,4
1635,0x56061596e29d,R,0x7ffeb330ae60,1,16,12,20,216,12,12,216,220,16,12,12,12,12,228,12,232,-212,-212,-12,-12,-20,-208,-12,-204,0,-12,-208,-12,-12,-196,-20,-12
1638,0x56061596e2a4,R,0x7ffeb330ad8c,1,-212,-200,-200,4,-200,-200,-212,8,-212,-200,-200,12,-192,16,-200,-200,212,0,200,200,192,200,196,8,212,12,212,200,200,16,200,200
1641,0x56061596e2aa,R,0x7ffeb330ae60,1,212,12,16,216,20,12,12,220,216,12,16,224,20,12,12,12,-12,-212,-12,-208,-12,-12,-16,-12,-208,-200,-12,-12,-20,-196,-16,-12
1644,0x56061596e2b1,W,0x7ffeb330ad8c,1,-212,-200,-212,4,-200,-200,-200,8,-212,-200,-212,12,-200,-200,-200,16,200,200,192,4,200,8,212,200,212,12,200,200,200,16,212,200
1646,0x56061596e2b4,R,0x7ffeb330ae54,1,-12,200,200,204,4,0,8,208,0,0,204,212,4,0,8,216,0,0,-8,0,-4,-192,-196,0,0,-188,-8,0,-4,-184,-192,0
1647,0x56061596e2b4,W,0x7ffeb330ae54,1,0,200,200,0,-12,0,0,208,0,0,-12,212,-12,0,0,216,0,-196,0,0,12,-192,12,0,0,-188,0,0,12,-184,12,0
1649,0x56061596e2b8,R,0x7ffeb330ae54,1,0,0,-12,0,-12,204,4,208,8,0,0,212,204,0,4,216,-8,-196,-4,0,-196,-192,0,0,-8,-188,-4,0,-192,-184,12,-180
1651,0x56061596e2bb,R,0x7ffeb330ae4c,1,-8,-8,-20,192,192,196,-4,-8,-8,-8,-8,204,-20,-8,-20,208,8,-188,20,8,20,-184,8,8,8,-180,20,8,-184,8,8,-172
1654,0x56061596e294,R,0x7ffeb330ae54,1,8,0,0,200,200,0,-12,0,0,208,8,212,0,0,204,216,-4,-196,-196,0,0,-192,-8,0,-4,-188,12,-184,12,0,0,0
1657,0x56061596e298,R,0x7ffeb330ae50,1,-4,-4,-4,196,-16,-4,-16,200,0,204,4,-4,-4,-4,-16,212,16,-192,16,4,4,-188,4,4,0,4,-188,-180,16,-176,4,4
1660,0x56061596e29d,R,0x7ffeb330ae60,1,16,12,20,212,12,12,212,216,16,12,12,12,12,224,12,228,-208,-208,-12,-12,-20,-204,-12,-200,0,-12,-204,-12,-12,-192,-20,-12
1663,0x56061596e2a4,R,0x7ffeb330ad90,1,-208,-196,-196,4,-196,-196,-208,8,-208,-196,-196,12,-188,16,-196,-196,208,0,196,196,188,196,192,8,208,12,208,196,196,16,196,196
1666,0x56061596e2aa,R,0x7ffeb330ae60,1,208,12,16,212,20,12,12,216,212,12,16,220,20,12,12,12,-12,-208,-12,-204,-12,-12,-16,-12,-204,-196,-12,-12,-20,-192,-16,-12
1669,0x56061596e2b1,W,0x7ffeb330ad90,1,-208,-196,-208,4,-196,-196,-196,8,-208,-196,-208,12,-196,-196,-196,16,196,196,188,4,196,8,208,196,208,12,196,196,196,16,208,196
1671,0x56061596e2b4,R,0x7ffeb330ae54,1,-12,196,196,200,4,0,8,204,0,0,200,208,4,0,8,212,0,0,-8,0,-4,-188,-192,0,0,-184,-8,0,-4,-180,-188,0
1672,0x56061596e2b4,W,0x7ffeb330ae54,1,0,196,196,0,-12,0,0,204,0,0,-12,208,-12,0,0,212,0,-192,0,0,12,-188,12,0,0,-184,0,0,12,-180,12,0
1674,0x56061596e2b8,R,0x7ffeb330ae54,1,0,0,-12,0,-12,200,4,204,8,0,0,208,200,0,4,212,-8,-192,-4,0,-192,-188,0,0,-8,-184,-4,0,-188,-180,12,-176
1676,0x56061596e2bb,R,0x7ffeb330ae4c,1,-8,-8,-20,188,188,192,-4,-8,-8,-8,-8,200,-20,-8,-20,204,8,-184,20,8,20,-180,8,8,8,-176,20,8,-180,8,8,-168
1679,0x56061596e294,R,0x7ffeb330ae54,1,8,0,0,196,196,0,-12,0,0,204,8,208,0,0,200,212,-4,-192,-192,0,0,-188,-8,0,-4,-184,12,-180,12,0,0,0
1682,0x56061596e298,R,0x7ffeb330ae50,1,-4,-4,-4,192,-16,-4,-16,196,0,200,4,-4,-4,-4,-16,208,16,-188,16,4,4,-184,4,4,0,4,-184,-176,16,-172,4,4
1685,0x56061596e29d,R,0x7ffeb330ae60,1,16,12,20,208,12,12,208,212,16,12,12,12,12,220,12,224,-204,-204,-12,-12,-20,-200,-12,-196,0,-12,-200,-12,-12,-188,-20,-12
1688,0x56061596e2a4,R,0x7ffeb330ad94,1,-204,-192,-192,4,-192,-192,-204,8,-204,-192,-192,12,-184,16,-192,-192,204,0,192,192,184,192,188,8,204,12,204,192,192,16,192,192
1691,0x56061596e2aa,R,0x7ffeb330ae60,1,204,12,16,208,20,12,12,212,208,12,16,216,20,12,12,12,-12,-204,-12,-200,-12,-12,-16,-12,-200,-192,-12,-12,-20,-188,-16,-12
1694,0x56061596e2b1,W,0x7ffeb330ad94,1,-204,-192,-204,4,-192,-192,-192,8,-204,-192,-204,12,-192,-192,-192,16,192,192,184,4,192,8,204,192,204,12,192,192,192,16,204,192
1696,0x56061596e2b4,R,0x7ffeb330ae54,1,-12,192,192,196,4,0,8,200,0,0,196,204,4,0,8,208,0,0,-8,0,-4,-184,-188,0,0,-180,-8,0,-4,-176,-184,0
1697,0x56061596e2b4,W,0x7ffeb330ae54,1,0,192,192,0,-12,0,0,200,0,0,-12,204,-12,0,0,208,0,-188,0,0,12,-184,12,0,0,-180,0,0,12,-176,12,0
1699,0x56061596e2b8,R,0x7ffeb330ae54,1,0,0,-12,0,-12,196,4,200,8,0,0,204,196,0,4,208,-8,-188,-4,0,-188,-184,0,0,-8,-180,-4,0,-184,-176,12,-172
1701,0x56061596e2bb,R,0x7ffeb330ae4c,1,-8,-8,-20,184,184,188,-4,-8,-8,-8,-8,196,-20,-8,-20,200,8,-180,20,8,20,-176,8,8,8,-172,20,8,-176,8,8,-164
1704,0x56061596e294,R,0x7ffeb330ae54,1,8,0,0,192,192,0,-12,0,0,200,8,204,0,0,196,208,-4,-188,-188,0,0,-184,-8,0,-4,-180,12,-176,12,0,0,0
1707,0x56061596e298,R,0x7ffeb330ae50,1,-4,-4,-4,188,-16,-4,-16,192,0,196,4,-4,-4,-4,-16,204,16,-184,16,4,4,-180,4,4,0,4,-180,-172,16,-168,4,4
1710,0x56061596e29d,R,0x7ffeb330ae60,1,16,12,20,204,12,12,204,208,16,12,12,12,12,216,12,220,-200,-200,-12,-12,-20,-196,-12,-192,0,-12,-196,-12,-12,-184,-20,-12
1713,0x56061596e2a4,R,0x7ffeb330ad98,1,-200,-188,-188,4,-188,-188,-200,8,-200,-188,-188,12,-180,16,-188,-188,200,0,188,188,180,188,184,8,200,12,200,188,188,16,188,188
1716,0x56061596e2aa,R,0x7ffeb330ae60,1,200,12,16,204,20,12,12,208,204,12,16,212,20,12,12,12,-12,-200,-12,-196,-12,-12,-16,-12,-196,-188,-12,-12,-20,-184,-16,-12
1719,0x56061596e2b1,W,0x7ffeb330ad98,1,-200,-188,-200,4,-188,-188,-188,8,-200,-188,-200,12,-188,-188,-188,16,188,188,180,4,188,8,200,188,200,12,188,188,188,16,200,188
1721,0x56061596e2b4,R,0x7ffeb330ae54,1,-12,188,188,192,4,0,8,196,0,0,192,200,4,0,8,204,0,0,-8,0,-4,-180,-184,0,0,-176,-8,0,-4,-172,-180,0
1722,0x56061596e2b4,W,0x7ffeb330ae54,1,0,188,188,0,-12,0,0,196,0,0,-12,200,-12,0,0,204,0,-184,0,0,12,-180,12,0,0,-176,0,0,12,-172,12,0
1724,0x56061596e2b8,R,0x7ffeb330ae54,1,0,0,-12,0,-12,192,4,196,8,0,0,200,192,0,4,204,-8,-184,-4,0,-184,-180,0,0,-8,-176,-4,0,-180,-172,12,-168
1726,0x56061596e2bb,R,0x7ffeb330ae4c,1,-8,-8,-20,180,180,184,-4,-8,-8,-8,-8,192,-20,-8,-20,196,8,-176,20,8,20,-172,8,8,8,-168,20,8,-172,8,8,-160
1729,0x56061596e294,R,0x7ffeb330ae54,1,8,0,0,188,188,0,-12,0,0,196,8,200,0,0,192,204,-4,-184,-184,0,0,-180,-8,0,-4,-176,12,-172,12,0,0,0
1732,0x56061596e298,R,0x7ffeb330ae50,1,-4,-4,-4,184,-16,-4,-16,188,0,192,4,-4,-4,-4,-16,200,16,-180,16,4,4,-176,4,4,0,4,-176,-168,16,-164,4,4
1735,0x56061596e29d,R,0x7ffeb330ae60,1,16,12,20,200,12,12,200,204,16,12,12,12,12,212,12,216,-196,-196,-12,-12,-20,-192,-12,-188,0,-12,-192,-12,-12,-180,-20,-12
1738,0x56061596e2a4,R,0x7ffeb330ad9c,1,-196,-184,-184,4,-184,-184,-196,8,-196,-184,-184,12,-176,16,-184,-184,196,0,184,184,176,184,180,8,196,12,196,184,184,16,184,184
1741,0x56061596e2aa,R,0x7ffeb330ae60,1,196,12,16,200,20,12,12,204,200,12,16,208,20,12,12,12,-12,-196,-12,-192,-12,-12,-16,-12,-192,-184,-12,-12,-20,-180,-16,-12
1744,0x56061596e2b1,W,0x7ffeb330ad9c,1,-196,-184,-196,4,-184,-184,-184,8,-196,-184,-196,12,-184,-184,-184,16,184,184,176,4,184,8,196,184,196,12,184,184,184,16,196,184
1746,0x56061596e2b4,R,0x7ffeb330ae54,1,-12,184,184,188,4,0,8,192,0,0,188,196,4,0,8,200,0,0,-8,0,-4,-176,-180,0,0,-172,-8,0,-4,-168,-176,0
1747,0x56061596e2b4,W,0x7ffeb330ae54,1,0,184,184,0,-12,0,0,192,0,0,-12,196,-12,0,0,200,0,-180,0,0,12,-176,12,0,0,-172,0,0,12,-168,12,0
1749,0x56061596e2b8,R,0x7ffeb330ae54,1,0,0,-12,0,-12,188,4,192,8,0,0,196,188,0,4,200,-8,-180,-4,0,-180,-176,0,0,-8,-172,-4,0,-176,-168,12,-164
1751,0x56061596e2bb,R,0x7ffeb330ae4c,1,-8,-8,-20,176,176,180,-4,-8,-8,-8,-8,188,-20,-8,-20,192,8,-172,20,8,20,-168,8,8,8,-164,20,8,-168,8,8,-156
1754,0x56061596e294,R,0x7ffeb330ae54,1,8,0,0,184,184,0,-12,0,0,192,8,196,0,0,188,200,-4,-180,-180,0,0,-176,-8,0,-4,-172,12,-168,12,0,0,0
1757,0x56061596e298,R,0x7ffeb330ae50,1,-4,-4,-4,180,-16,-4,-16,184,0,188,4,-4,-4,-4,-16,196,16,-176,16,4,4,-172,4,4,0,4,-172,-164,16,-160,4,4
1760,0x56061596e29d,R,0x7ffeb330ae60,1,16,12,20,196,12,12,196,200,16,12,12,12,12,208,12,212,-192,-192,-12,-12,-20,-188,-12,-184,0,-12,-188,-12,-12,-176,-20,-12
1763,0x56061596e2a4,R,0x7ffeb330ada0,1,-192,-180,-180,4,-180,-180,-192,8,-192,-180,-180,12,-172,16,-180,-180,192,0,180,180,172,180,176,8,192,12,192,180,180,16,180,180
1766,0x56061596e2aa,R,0x7ffeb330ae60,1,192,12,16,196,20,12,12,200,196,12,16,204,20,12,12,12,-12,-192,-12,-188,-12,-12,-16,-12,-188,-180,-12,-12,-20,-176,-16,-12
1769,0x56061596e2b1,W,0x7ffeb330ada0,1,-192,-180,-192,4,-180,-180,-180,8,-192,-180,-192,12,-180,-180,-180,16,180,180,172,4,180,8,192,180,192,12,180,180,180,16,192,180
1771,0x56061596e2b4,R,0x7ffeb330ae54,1,-12,180,180,184,4,0,8,188,0,0,184,192,4,0,8,196,0,0,-8,0,-4,-172,-176,0,0,-168,-8,0,-4,-164,-172,0
1772,0x56061596e2b4,W,0x7ffeb330ae54,1,0,180,180,0,-12,0,0,188,0,0,-12,192,-12,0,0,196,0,-176,0,0,12,-172,12,0,0,-168,0,0,12,-164,12,0
1774,0x56061596e2b8,R,0x7ffeb330ae54,1,0,0,-12,0,-12,184,4,188,8,0,0,192,184,0,4,196,-8,-176,-4,0,-176,-172,0,0,-8,-168,-4,0,-172,-164,12,-160
1776,0x56061596e2bb,R,0x7ffeb330ae4c,1,-8,-8,-20,172,172,176,-4,-8,-8,-8,-8,184,-20,-8,-20,188,8,-168,20,8,20,-164,8,8,8,-160,20,8,-164,8,8,-152
1779,0x56061596e294,R,0x7ffeb330ae54,1,8,0,0,180,180,0,-12,0,0,188,8,192,0,0,184,196,-4,-176,-176,0,0,-172,-8,0,-4,-168,12,-164,12,0,0,0
1782,0x56061596e298,R,0x7ffeb330ae50,1,-4,-4,-4,176,-16,-4,-16,180,0,184,4,-4,-4,-4,-16,192,16,-172,16,4,4,-168,4,4,0,4,-168,-160,16,-156,4,4
1785,0x56061596e29d,R,0x7ffeb330ae60,1,16,12,20,192,12,12,192,196,16,12,12,12,12,204,12,208,-188,-188,-12,-12,-20,-184,-12,-180,0,-12,-184,-12,-12,-172,-20,-12
1788,0x56061596e2a4,R,0x7ffeb330ada4,1,-188,-176,-176,4,-176,-176,-188,8,-188,-176,-176,12,-168,16,-176,-176,188,0,176,176,168,176,172,8,188,12,188,176,176,16,176,176
1791,0x56061596e2aa,R,0x7ffeb330ae60,1,188,12,16,192,20,12,12,196,192,12,16,200,20,12,12,12,-12,-188,-12,-184,-12,-12,-16,-12,-184,-176,-12,-12,-20,-172,-16,-12
1794,0x56061596e2b1,W,0x7ffeb330ada4,1,-188,-176,-188,4,-176,-176,-176,8,-188,-176,-188,12,-176,-176,-176,16,176,176,168,4,176,8,188,176,188,12,176,176,176,16,188,176
1796,0x56061596e2b4,R,0x7ffeb330ae54,1,-12,176,176,180,4,0,8,184,0,0,180,188,4,0,8,192,0,0,-8,0,-4,-168,-172,0,0,-164,-8,0,-4,-160,-168,0
1797,0x56061596e2b4,W,0x7ffeb330ae54,1,0,176,176,0,-12,0,0,184,0,0,-12,188,-12,0,0,192,0,-172,0,0,12,-168,12,0,0,-164,0,0,12,-160,12,0
1799,0x56061596e2b8,R,0x7ffeb330ae54,1,0,0,-12,0,-12,180,4,184,8,0,0,188,180,0,4,192,-8,-172,-4,0,-172,-168,0,0,-8,-164,-4,0,-168,-160,12,-436
1801,0x56061596e2bb,R,0x7ffeb330ae4c,1,-8,-8,-20,168,168,172,-4,-8,-8,-8,-8,180,-20,-8,-20,184,8,-164,20,8,20,-160,8,8,8,-156,20,8,-160,8,8,-428
1804,0x56061596e294,R,0x7ffeb330ae54,1,8,0,0,176,176,0,-12,0,0,184,8,188,0,0,180,192,-4,-172,-172,0,0,-168,-8,0,-4,-164,12,-160,12,0,0,0
1807,0x56061596e298,R,0x7ffeb330ae50,1,-4,-4,-4,172,-16,-4,-16,176,0,180,4,-4,-4,-4,-16,188,16,-168,16,4,4,-164,4,4,0,4,-164,-156,16,-432,4,4
1810,0x56061596e29d,R,0x7ffeb330ae60,1,16,12,20,188,12,12,188,192,16,12,12,12,12,200,12,204,-184,-184,-12,-12,-20,-180,-12,-176,0,-12,-180,-12,-12,-448,-20,-12
1813,0x56061596e2a4,R,0x7ffeb330ada8,1,-184,-172,-172,4,-172,-172,-184,8,-184,-172,-172,12,-164,16,-172,-172,184,0,172,172,164,172,168,8,184,12,184,172,172,-264,172,172
1816,0x56061596e2aa,R,0x7ffeb330ae60,1,184,12,16,188,20,12,12,192,188,12,16,196,20,12,12,12,-12,-184,-12,-180,-12,-12,-16,-12,-180,-172,-12,-12,-20,-448,-16,-12
1819,0x56061596e2b1,W,0x7ffeb330ada8,1,-184,-172,-184,4,-172,-172,-172,8,-184,-172,-184,12,-172,-172,-172,16,172,172,164,4,172,8,184,172,184,12,172,172,172,-264,184,172
1821,0x56061596e2b4,R,0x7ffeb330ae54,1,-12,172,172,176,4,0,8,180,0,0,176,184,4,0,8,188,0,0,-8,0,-4,-164,-168,0,0,-160,-8,0,-4,-436,-164,0
1822,0x56061596e2b4,W,0x7ffeb330ae54,1,0,172,172,0,-12,0,0,180,0,0,-12,184,-12,0,0,188,0,-168,0,0,12,-164,12,0,0,-160,0,0,12,-436,12,0
1824,0x56061596e2b8,R,0x7ffeb330ae54,1,0,0,-12,0,-12,176,4,180,8,0,0,184,176,0,4,188,-8,-168,-4,0,-168,-164,0,0,-8,-160,-4,0,-164,-436,12,-432
1826,0x56061596e2bb,R,0x7ffeb330ae4c,1,-8,-8,-20,164,164,168,-4,-8,-8,-8,-8,176,-20,-8,-20,180,8,-160,20,8,20,-156,8,8,8,-152,20,8,-156,8,8,-424
1829,0x56061596e294,R,0x7ffeb330ae54,1,8,0,0,172,172,0,-12,0,0,180,8,184,0,0,176,188,-4,-168,-168,0,0,-164,-8,0,-4,-160,12,-436,12,0,0,0
1832,0x56061596e298,R,0x7ffeb330ae50,1,-4,-4,-4,168,-16,-4,-16,172,0,176,4,-4,-4,-4,-16,184,16,-164,16,4,4,-160,4,4,0,4,-160,-432,16,-428,4,4
1835,0x56061596e29d,R,0x7ffeb330ae60,1,16,12,20,184,12,12,184,188,16,12,12,12,12,196,12,200,-180,-180,-12,-12,-20,-176,-12,-172,0,-12,-176,-12,-12,-444,-20,-12
1838,0x56061596e2a4,R,0x7ffeb330adac,1,-180,-168,-168,4,-168,-168,-180,8,-180,-168,-168,12,-160,16,-168,-168,180,0,168,168,160,168,164,8,180,-268,180,168,168,-264,168,168
1841,0x56061596e2aa,R,0x7ffeb330ae60,1,180,12,16,184,20,12,12,188,184,12,16,192,20,12,12,12,-12,-180,-12,-176,-12,-12,-16,-12,-176,-448,-12,-12,-20,-444,-16,-12
1844,0x56061596e2b1,W,0x7ffeb330adac,1,-180,-168,-180,4,-168,-168,-168,8,-180,-168,-180,12,-168,-168,-168,16,168,168,160,4,168,8,180,168,180,-268,168,168,168,-264,180,168
1846,0x56061596e2b4,R,0x7ffeb330ae54,1,-12,168,168,172,4,0,8,176,0,0,172,180,4,0,8,184,0,0,-8,0,-4,-160,-164,0,0,-436,-8,0,-4,-432,-160,0
1847,0x56061596e2b4,W,0x7ffeb330ae54,1,0,168,168,0,-12,0,0,176,0,0,-12,180,-12,0,0,184,0,-164,0,0,12,-160,12,0,0,-436,0,0,12,-432,12,0
1849,0x56061596e2b8,R,0x7ffeb330ae54,1,0,0,-12,0,-12,172,4,176,8,0,0,180,172,0,4,184,-8,-164,-4,0,-164,-160,0,0,-8,-436,-4,0,-160,-432,12,-428
1851,0x56061596e2bb,R,0x7ffeb330ae4c,1,-8,-8,-20,160,160,164,-4,-8,-8,-8,-8,172,-20,-8,-20,176,8,-156,20,8,20,-152,8,8,8,-428,20,8,-152,8,8,-420
1854,0x56061596e294,R,0x7ffeb330ae54,1,8,0,0,168,168,0,-12,0,0,176,8,180,0,0,172,184,-4,-164,-164,0,0,-160,-8,0,-4,-436,12,-432,12,0,0,0
1857,0x56061596e298,R,0x7ffeb330ae50,1,-4,-4,-4,164,-16,-4,-16,168,0,172,4,-4,-4,-4,-16,180,16,-160,16,4,4,-156,4,4,0,4,-156,-428,16,-424,4,4
1860,0x56061596e29d,R,0x7ffeb330ae60,1,16,12,20,180,12,12,180,184,16,12,12,12,12,192,12,196,-176,-176,-12,-12,-20,-172,-12,-448,0,-12,-172,-12,-12,-440,-20,-12
1863,0x56061596e2a4,R,0x7ffeb330adb0,1,-176,-164,-164,4,-164,-164,-176,8,-176,-164,-164,12,-156,16,-164,-164,176,0,164,164,156,164,160,-272,176,-268,176,164,164,-264,164,164
1866,0x56061596e2aa,R,0x7ffeb330ae60,1,176,12,16,180,20,12,12,184,180,12,16,188,20,12,12,12,-12,-176,-12,-172,-12,-12,-16,-12,-172,-444,-12,-12,-20,-440,-16,-12
1869,0x56061596e2b1,W,0x7ffeb330adb0,1,-176,-164,-176,4,-164,-164,-164,8,-176,-164,-176,12,-164,-164,-164,16,164,164,156,4,164,-272,176,164,176,-268,164,164,164,-264,176,164
1871,0x56061596e2b4,R,0x7ffeb330ae54,1,-12,164,164,168,4,0,8,172,0,0,168,176,4,0,8,180,0,0,-8,0,-4,-436,-160,0,0,-432,-8,0,-4,-428,-436,0
1872,0x56061596e2b4,W,0x7ffeb330ae54,1,0,164,164,0,-12,0,0,172,0,0,-12,176,-12,0,0,180,0,-160,0,0,12,-436,12,0,0,-432,0,0,12,-428,12,0
1874,0x56061596e2b8,R,0x7ffeb330ae54,1,0,0,-12,0,-12,168,4,172,8,0,0,176,168,0,4,180,-8,-160,-4,0,-160,-436,0,0,-8,-432,-4,0,-436,-428,12,-424
1876,0x56061596e2bb,R,0x7ffeb330ae4c,1,-8,-8,-20,156,156,160,-4,-8,-8,-8,-8,168,-20,-8,-20,172,8,-152,20,8,20,-428,8,8,8,-424,20,8,-428,8,8,-416
1879,0x56061596e294,R,0x7ffeb330ae54,1,8,0,0,164,164,0,-12,0,0,172,8,176,0,0,168,180,-4,-160,-160,0,0,-436,-8,0,-4,-432,12,-428,12,0,0,0
1882,0x56061596e298,R,0x7ffeb330ae50,1,-4,-4,-4,160,-16,-4,-16,164,0,168,4,-4,-4,-4,-16,176,16,-156,16,4,4,-432,4,4,0,4,-432,-424,16,-420,4,4
1885,0x56061596e29d,R,0x7ffeb330ae60,1,16,12,20,176,12,12,176,180,16,12,12,12,12,188,12,192,-172,-172,-12,-12,-20,-448,-12,-444,0,-12,-448,-12,-12,-436,-20,-12
1888,0x56061596e2a4,R,0x7ffeb330adb4,1,-172,-160,-160,4,-160,-160,-172,8,-172,-160,-160,12,-152,16,-160,-160,172,0,160,160,152,160,156,-272,172,-268,172,160,160,-264,160,160
1891,0x56061596e2aa,R,0x7ffeb330ae60,1,172,12,16,176,20,12,12,180,176,12,16,184,20,12,12,12,-12,-172,-12,-448,-12,-12,-16,-12,-448,-440,-12,-12,-20,-436,-16,-12
1894,0x56061596e2b1,W,0x7ffeb330adb4,1,-172,-160,-172,4,-160,-160,-160,8,-172,-160,-172,12,-160,-160,-160,16,160,160,152,-276,160,-272,172,160,172,-268,160,160,160,-264,172,160
1896,0x56061596e2b4,R,0x7ffeb330ae54,1,-12,160,160,164,4,0,8,168,0,0,164,172,4,0,8,176,0,0,-8,0,-4,-432,-436,0,0,-428,-8,0,-4,-424,-432,0
1897,0x56061596e2b4,W,0x7ffeb330ae54,1,0,160,160,0,-12,0,0,168,0,0,-12,172,-12,0,0,176,0,-436,0,0,12,-432,12,0,0,-428,0,0,12,-424,12,0
1899,0x56061596e2b8,R,0x7ffeb330ae54,1,0,0,-12,0,-12,164,4,168,8,0,0,172,164,0,4,176,-8,-436,-4,0,-436,-432,0,0,-8,-428,-4,0,-432,-424,12,-420
1901,0x56061596e2bb,R,0x7ffeb330ae4c,1,-8,-8,-20,152,152,156,-4,-8,-8,-8,-8,164,-20,-8,-20,168,8,-428,20,8,20,-424,8,8,8,-420,20,8,-424,8,8,-412
1904,0x56061596e294,R,0x7ffeb330ae54,1,8,0,0,160,160,0,-12,0,0,168,8,172,0,0,164,176,-4,-436,-436,0,0,-432,-8,0,-4,-428,12,-424,12,0,0,0
1907,0x56061596e298,R,0x7ffeb330ae50,1,-4,-4,-4,156,-16,-4,-16,160,0,164,4,-4,-4,-4,-16,172,16,-432,16,4,4,-428,4,4,0,4,-428,-420,16,-416,4,4
1910,0x56061596e29d,R,0x7ffeb330ae60,1,16,12,20,172,12,12,172,176,16,12,12,12,12,184,12,188,-448,-448,-12,-12,-20,-444,-12,-440,0,-12,-444,-12,-12,-432,-20,-12
1913,0x56061596e2a4,R,0x7ffeb330aca0,1,-448,-436,-436,-276,-436,-436,-448,-272,-448,-436,-436,-268,-428,-264,-436,-436,448,0,436,436,428,436,432,8,448,12,448,436,436,16,436,436
1916,0x56061596e2aa,R,0x7ffeb330ae60,1,448,12,16,172,20,12,12,176,172,12,16,180,20,12,12,12,-12,-448,-12,-444,-12,-12,-16,-12,-444,-436,-12,-12,-20,-432,-16,-12
1919,0x56061596e2b1,W,0x7ffeb330aca0,1,-448,-436,-448,-276,-436,-436,-436,-272,-448,-436,-448,-268,-436,-436,-436,-264,436,436,428,4,436,8,448,436,448,12,436,436,436,16,448,436
1921,0x56061596e2b4,R,0x7ffeb330ae54,1,-12,436,436,160,4,0,8,164,0,0,160,168,4,0,8,172,0,0,-8,0,-4,-428,-432,0,0,-424,-8,0,-4,-420,-428,0
1922,0x56061596e2b4,W,0x7ffeb330ae54,1,0,436,436,0,-12,0,0,164,0,0,-12,168,-12,0,0,172,0,-432,0,0,12,-428,12,0,0,-424,0,0,12,-420,12,0
1924,0x56061596e2b8,R,0x7ffeb330ae54,1,0,0,-12,0,-12,160,4,164,8,0,0,168,160,0,4,172,-8,-432,-4,0,-432,-428,0,0,-8,-424,-4,0,-428,-420,12,-416
1926,0x56061596e2bb,R,0x7ffeb330ae4c,1,-8,-8,-20,428,428,152,-4,-8,-8,-8,-8,160,-20,-8,-20,164,8,-424,20,8,20,-420,8,8,8,-416,20,8,-420,8,8,-408
1929,0x56061596e294,R,0x7ffeb330ae54,1,8,0,0,436,436,0,-12,0,0,164,8,168,0,0,160,172,-4,-432,-432,0,0,-428,-8,0,-4,-424,12,-420,12,0,0,0
1932,0x56061596e298,R,0x7ffeb330ae50,1,-4,-4,-4,432,-16,-4,-16,156,0,160,4,-4,-4,-4,-16,168,16,-428,16,4,4,-424,4,4,0,4,-424,-416,16,-412,4,4
1935,0x56061596e29d,R,0x7ffeb330ae60,1,16,12,20,448,12,12,448,172,16,12,12,12,12,180,12,184,-444,-444,-12,-12,-20,-440,-12,-436,0,-12,-440,-12,-12,-428,-20,-12
1938,0x56061596e2a4,R,0x7ffeb330aca4,1,-444,-432,-432,4,-432,-432,-444,-272,-444,-432,-432,-268,-424,-264,-432,-432,444,0,432,432,424,432,428,8,444,12,444,432,432,16,432,432
1941,0x56061596e2aa,R,0x7ffeb330ae60,1,444,12,16,448,20,12,12,172,448,12,16,176,20,12,12,12,-12,-444,-12,-440,-12,-12,-16,-12,-440,-432,-12,-12,-20,-428,-16,-12
1944,0x56061596e2b1,W,0x7ffeb330aca4,1,-444,-432,-444,4,-432,-432,-432,-272,-444,-432,-444,-268,-432,-432,-432,-264,432,432,424,4,432,8,444,432,444,12,432,432,432,16,444,432
1946,0x56061596e2b4,R,0x7ffeb330ae54,1,-12,432,432,436,4,0,8,160,0,0,436,164,4,0,8,168,0,0,-8,0,-4,-424,-428,0,0,-420,-8,0,-4,-416,-424,0
1947,0x56061596e2b4,W,0x7ffeb330ae54,1,0,432,432,0,-12,0,0,160,0,0,-12,164,-12,0,0,168,0,-428,0,0,12,-424,12,0,0,-420,0,0,12,-416,12,0
1949,0x56061596e2b8,R,0x7ffeb330ae54,1,0,0,-12,0,-12,436,4,160,8,0,0,164,436,0,4,168,-8,-428,-4,0,-428,-424,0,0,-8,-420,-4,0,-424,-416,12,-412
1951,0x56061596e2bb,R,0x7ffeb330ae4c,1,-8,-8,-20,424,424,428,-4,-8,-8,-8,-8,156,-20,-8,-20,160,8,-420,20,8,20,-416,8,8,8,-412,20,8,-416,8,8,-404
1954,0x56061596e294,R,0x7ffeb330ae54,1,8,0,0,432,432,0,-12,0,0,160,8,164,0,0,436,168,-4,-428,-428,0,0,-424,-8,0,-4,-420,12,-416,12,0,0,0
1957,0x56061596e298,R,0x7ffeb330ae50,1,-4,-4,-4,428,-16,-4,-16,432,0,156,4,-4,-4,-4,-16,164,16,-424,16,4,4,-420,4,4,0,4,-420,-412,16,-408,4,4
1960,0x56061596e29d,R,0x7ffeb330ae60,1,16,12,20,444,12,12,444,448,16,12,12,12,12,176,12,180,-440,-440,-12,-12,-20,-436,-12,-432,0,-12,-436,-12,-12,-424,-20,-12
1963,0x56061596e2a4,R,0x7ffeb330aca8,1,-440,-428,-428,4,-428,-428,-440,8,-440,-428,-428,-268,-420,-264,-428,-428,440,0,428,428,420,428,424,8,440,12,440,428,428,16,428,428
1966,0x56061596e2aa,R,0x7ffeb330ae60,1,440,12,16,444,20,12,12,448,444,12,16,172,20,12,12,12,-12,-440,-12,-436,-12,-12,-16,-12,-436,-428,-12,-12,-20,-424,-16,-12
1969,0x56061596e2b1,W,0x7ffeb330aca8,1,-440,-428,-440,4,-428,-428,-428,8,-440,-428,-440,-268,-428,-428,-428,-264,428,428,420,4,428,8,440,428,440,12,428,428,428,16,440,428
1971,0x56061596e2b4,R,0x7ffeb330ae54,1,-12,428,428,432,4,0,8,436,0,0,432,160,4,0,8,164,0,0,-8,0,-4,-420,-424,0,0,-416,-8,0,-4,-412,-420,0
1972,0x56061596e2b4,W,0x7ffeb330ae54,1,0,428,428,0,-12,0,0,436,0,0,-12,160,-12,0,0,164,0,-424,0,0,12,-420,12,0,0,-416,0,0,12,-412,12,0
1974,0x56061596e2b8,R,0x7ffeb330ae54,1,0,0,-12,0,-12,432,4,436,8,0,0,160,432,0,4,164,-8,-424,-4,0,-424,-420,0,0,-8,-416,-4,0,-420,-412,12,-408
1976,0x56061596e2bb,R,0x7ffeb330ae4c,1,-8,-8,-20,420,420,424,-4,-8,-8,-8,-8,152,-20,-8,-20,156,8,-416,20,8,20,-412,8,8,8,-408,20,8,-412,8,8,-400
1979,0x56061596e294,R,0x7ffeb330ae54,1,8,0,0,428,428,0,-12,0,0,436,8,160,0,0,432,164,-4,-424,-424,0,0,-420,-8,0,-4,-416,12,-412,12,0,0,0
1982,0x56061596e298,R,0x7ffeb330ae50,1,-4,-4,-4,424,-16,-4,-16,428,0,432,4,-4,-4,-4,-16,160,16,-420,16,4,4,-416,4,4,0,4,-416,-408,16,-404,4,4
1985,0x56061596e29d,R,0x7ffeb330ae60,1,16,12,20,440,12,12,440,444,16,12,12,12,12,172,12,176,-436,-436,-12,-12,-20,-432,-12,-428,0,-12,-432,-12,-12,-420,-20,-12
1988,0x56061596e2a4,R,0x7ffeb330acac,1,-436,-424,-424,4,-424,-424,-436,8,-436,-424,-424,12,-416,-264,-424,-424,436,0,424,424,416,424,420,8,436,12,436,424,424,16,424,424
1991,0x56061596e2aa,R,0x7ffeb330ae60,1,436,12,16,440,20,12,12,444,440,12,16,448,20,12,12,12,-12,-436,-12,-432,-12,-12,-16,-12,-432,-424,-12,-12,-20,-420,-16,-12
1994,0x56061596e2b1,W,0x7ffeb330acac,1,-436,-424,-436,4,-424,-424,-424,8,-436,-424,-436,12,-424,-424,-424,-264,424,424,416,4,424,8,436,424,436,12,424,424,424,16,436,424
1996,0x56061596e2b4,R,0x7ffeb330ae54,1,-12,424,424,428,4,0,8,432,0,0,428,436,4,0,8,160,0,0,-8,0,-4,-416,-420,0,0,-412,-8,0,-4,-408,-416,0
1997,0x56061596e2b4,W,0x7ffeb330ae54,1,0,424,424,0,-12,0,0,432,0,0,-12,436,-12,0,0,160,0,-420,0,0,12,-416,12,0,0,-412,0,0,12,-408,12,0
1999,0x56061596e2b8,R,0x7ffeb330ae54,1,0,0,-12,0,-12,428,4,432,8,0,0,436,428,0,4,160,-8,-420,-4,0,-420,-416,0,0,-8,-412,-4,0,-416,-408,12,-404
2001,0x56061596e2bb,R,0x7ffeb330ae4c,1,-8,-8,-20,416,416,420,-4,-8,-8,-8,-8,428,-20,-8,-20,152,8,-412,20,8,20,-408,8,8,8,-404,20,8,-408,8,8,-396
2004,0x56061596e294,R,0x7ffeb330ae54,1,8,0,0,424,424,0,-12,0,0,432,8,436,0,0,428,160,-4,-420,-420,0,0,-416,-8,0,-4,-412,12,-408,12,0,0,0
2007,0x56061596e298,R,0x7ffeb330ae50,1,-4,-4,-4,420,-16,-4,-16,424,0,428,4,-4,-4,-4,-16,156,16,-416,16,4,4,-412,4,4,0,4,-412,-404,16,-400,4,4
2010,0x56061596e29d,R,0x7ffeb330ae60,1,16,12,20,436,12,12,436,440,16,12,12,12,12,448,12,172,-432,-432,-12,-12,-20,-428,-12,-424,0,-12,-428,-12,-12,-416,-20,-12
2013,0x56061596e2a4,R,0x7ffeb330acb0,1,-432,-420,-420,4,-420,-420,-432,8,-432,-420,-420,12,-412,16,-420,-420,432,0,420,420,412,420,416,8,432,12,432,420,420,16,420,420
2016,0x56061596e2aa,R,0x7ffeb330ae60,1,432,12,16,436,20,12,12,440,436,12,16,444,20,12,12,12,-12,-432,-12,-428,-12,-12,-16,-12,-428,-420,-12,-12,-20,-416,-16,-12
2019,0x56061596e2b1,W,0x7ffeb330acb0,1,-432,-420,-432,4,-420,-420,-420,8,-432,-420,-432,12,-420,-420,-420,16,420,420,412,4,420,8,432,420,432,12,420,420,420,16,432,420
2021,0x56061596e2b4,R,0x7ffeb330ae54,1,-12,420,420,424,4,0,8,428,0,0,424,432,4,0,8,436,0,0,-8,0,-4,-412,-416,0,0,-408,-8,0,-4,-404,-412,0
2022,0x56061596e2b4,W,0x7ffeb330ae54,1,0,420,420,0,-12,0,0,428,0,0,-12,432,-12,0,0,436,0,-416,0,0,12,-412,12,0,0,-408,0,0,12,-404,12,0
2024,0x56061596e2b8,R,0x7ffeb330ae54,1,0,0,-12,0,-12,424,4,428,8,0,0,432,424,0,4,436,-8,-416,-4,0,-416,-412,0,0,-8,-408,-4,0,-412,-404,12,-400
2026,0x56061596e2bb,R,0x7ffeb330ae4c,1,-8,-8,-20,412,412,416,-4,-8,-8,-8,-8,424,-20,-8,-20,428,8,-408,20,8,20,-404,8,8,8,-400,20,8,-404,8,8,-392
2029,0x56061596e294,R,0x7ffeb330ae54,1,8,0,0,420,420,0,-12,0,0,428,8,432,0,0,424,436,-4,-416,-416,0,0,-412,-8,0,-4,-408,12,-404,12,0,0,0
2032,0x56061596e298,R,0x7ffeb330ae50,1,-4,-4,-4,416,-16,-4,-16,420,0,424,4,-4,-4,-4,-16,432,16,-412,16,4,4,-408,4,4,0,4,-408,-400,16,-396,4,4
2035,0x56061596e29d,R,0x7ffeb330ae60,1,16,12,20,432,12,12,432,436,16,12,12,12,12,444,12,448,-428,-428,-12,-12,-20,-424,-12,-420,0,-12,-424,-12,-12,-412,-20,-12
2038,0x56061596e2a4,R,0x7ffeb330acb4,1,-428,-416,-416,4,-416,-416,-428,8,-428,-416,-416,12,-408,16,-416,-416,428,0,416,416,408,416,412,8,428,12,428,416,416,16,416,416
2041,0x56061596e2aa,R,0x7ffeb330ae60,1,428,12,16,432,20,12,12,436,432,12,16,440,20,12,12,12,-12,-428,-12,-424,-12,-12,-16,-12,-424,-416,-12,-12,-20,-412,-16,-12
2044,0x56061596e2b1,W,0x7ffeb330acb4,1,-428,-416,-428,4,-416,-416,-416,8,-428,-416,-428,12,-416,-416,-416,16,416,416,408,4,416,8,428,416,428,12,416,416,416,16,428,416
2046,0x56061596e2b4,R,0x7ffeb330ae54,1,-12,416,416,420,4,0,8,424,0,0,420,428,4,0,8,432,0,0,-8,0,-4,-408,-412,0,0,-404,-8,0,-4,-400,-408,0
2047,0x56061596e2b4,W,0x7ffeb330ae54,1,0,416,416,0,-12,0,0,424,0,0,-12,428,-12,0,0,432,0,-412,0,0,12,-408,12,0,0,-404,0,0,12,-400,12,0
2049,0x56061596e2b8,R,0x7ffeb330ae54,1,0,0,-12,0,-12,420,4,424,8,0,0,428,420,0,4,432,-8,-412,-4,0,-412,-408,0,0,-8,-404,-4,0,-408,-400,12,-396
2051,0x56061596e2bb,R,0x7ffeb330ae4c,1,-8,-8,-20,408,408,412,-4,-8,-8,-8,-8,420,-20,-8,-20,424,8,-404,20,8,20,-400,8,8,8,-396,20,8,-400,8,8,-388
2054,0x56061596e294,R,0x7ffeb330ae54,1,8,0,0,416,416,0,-12,0,0,424,8,428,0,0,420,432,-4,-412,-412,0,0,-408,-8,0,-4,-404,12,-400,12,0,0,0
2057,0x56061596e298,R,0x7ffeb330ae50,1,-4,-4,-4,412,-16,-4,-16,416,0,420,4,-4,-4,-4,-16,428,16,-408,16,4,4,-404,4,4,0,4,-404,-396,16,-392,4,4
2060,0x56061596e29d,R,0x7ffeb330ae60,1,16,12,20,428,12,12,428,432,16,12,12,12,12,440,12,444,-424,-424,-12,-12,-20,-420,-12,-416,0,-12,-420,-12,-12,-408,-20,-12
2063,0x56061596e2a4,R,0x7ffeb330acb8,1,-424,-412,-412,4,-412,-412,-424,8,-424,-412,-412,12,-404,16,-412,-412,424,0,412,412,404,412,408,8,424,12,424,412,412,16,412,412
2066,0x56061596e2aa,R,0x7ffeb330ae60,1,424,12,16,428,20,12,12,432,428,12,16,436,20,12,12,12,-12,-424,-12,-420,-12,-12,-16,-12,-420,-412,-12,-12,-20,-408,-16,-12
2069,0x56061596e2b1,W,0x7ffeb330acb8,1,-424,-412,-424,4,-412,-412,-412,8,-424,-412,-424,12,-412,-412,-412,16,412,412,404,4,412,8,424,412,424,12,412,412,412,16,424,412
2071,0x56061596e2b4,R,0x7ffeb330ae54,1,-12,412,412,416,4,0,8,420,0,0,416,424,4,0,8,428,0,0,-8,0,-4,-404,-408,0,0,-400,-8,0,-4,-396,-404,0
2072,0x56061596e2b4,W,0x7ffeb330ae54,1,0,412,412,0,-12,0,0,420,0,0,-12,424,-12,0,0,428,0,-408,0,0,12,-404,12,0,0,-400,0,0,12,-396,12,0
2074,0x56061596e2b8,R,0x7ffeb330ae54,1,0,0,-12,0,-12,416,4,420,8,0,0,424,416,0,4,428,-8,-408,-4,0,-408,-404,0,0,-8,-400,-4,0,-404,-396,12,-392
2076,0x56061596e2bb,R,0x7ffeb330ae4c,1,-8,-8,-20,404,404,408,-4,-8,-8,-8,-8,416,-20,-8,-20,420,8,-400,20,8,20,-396,8,8,8,-392,20,8,-396,8,8,-384
2079,0x56061596e294,R,0x7ffeb330ae54,1,8,0,0,412,412,0,-12,0,0,420,8,424,0,0,416,428,-4,-408,-408,0,0,-404,-8,0,-4,-400,12,-396,12,0,0,0
2082,0x56061596e298,R,0x7ffeb330ae50,1,-4,-4,-4,408,-16,-4,-16,412,0,416,4,-4,-4,-4,-16,424,16,-404,16,4,4,-400,4,4,0,4,-400,-392,16,-388,4,4
2085,0x56061596e29d,R,0x7ffeb330ae60,1,16,12,20,424,12,12,424,428,16,12,12,12,12,436,12,440,-420,-420,-12,-12,-20,-416,-12,-412,0,-12,-416,-12,-12,-404,-20,-12
2088,0x56061596e2a4,R,0x7ffeb330acbc,1,-420,-408,-408,4,-408,-408,-420,8,-420,-408,-408,12,-400,16,-408,-408,420,0,408,408,400,408,404,8,420,12,420,408,408,16,408,408
2091,0x56061596e2aa,R,0x7ffeb330ae60,1,420,12,16,424,20,12,12,428,424,12,16,432,20,12,12,12,-12,-420,-12,-416,-12,-12,-16,-12,-416,-408,-12,-12,-20,-404,-16,-12
2094,0x56061596e2b1,W,0x7ffeb330acbc,1,-420,-408,-420,4,-408,-408,-408,8,-420,-408,-420,12,-408,-408,-408,16,408,408,400,4,408,8,420,408,420,12,408,408,408,16,420,408
2096,0x56061596e2b4,R,0x7ffeb330ae54,1,-12,408,408,412,4,0,8,416,0,0,412,420,4,0,8,424,0,0,-8,0,-4,-400,-404,0,0,-396,-8,0,-4,-392,-400,0
2097,0x56061596e2b4,W,0x7ffeb330ae54,1,0,408,408,0,-12,0,0,416,0,0,-12,420,-12,0,0,424,0,-404,0,0,12,-400,12,0,0,-396,0,0,12,-392,12,0
2099,0x56061596e2b8,R,0x7ffeb330ae54,1,0,0,-12,0,-12,412,4,416,8,0,0,420,412,0,4,424,-8,-404,-4,0,-404,-400,0,0,-8,-396,-4,0,-400,-392,12,-388
2101,0x56061596e2bb,R,0x7ffeb330ae4c,1,-8,-8,-20,400,400,404,-4,-8,-8,-8,-8,412,-20,-8,-20,416,8,-396,20,8,20,-392,8,8,8,-388,20,8,-392,8,8,-380
2104,0x56061596e294,R,0x7ffeb330ae54,1,8,0,0,408,408,0,-12,0,0,416,8,420,0,0,412,424,-4,-404,-404,0,0,-400,-8,0,-4,-396,12,-392,12,0,0,0
2107,0x56061596e298,R,0x7ffeb330ae50,1,-4,-4,-4,404,-16,-4,-16,408,0,412,4,-4,-4,-4,-16,420,16,-400,16,4,4,-396,4,4,0,4,-396,-388,16,-384,4,4
2110,0x56061596e29d,R,0x7ffeb330ae60,1,16,12,20,420,12,12,420,424,16,12,12,12,12,432,12,436,-416,-416,-12,-12,-20,-412,-12,-408,0,-12,-412,-12,-12,-400,-20,-12
2113,0x56061596e2a4,R,0x7ffeb330acc0,1,-416,-404,-404,4,-404,-404,-416,8,-416,-404,-404,12,-396,16,-404,-404,416,0,404,404,396,404,400,8,416,12,416,404,404,16,404,404
2116,0x56061596e2aa,R,0x7ffeb330ae60,1,416,12,16,420,20,12,12,424,420,12,16,428,20,12,12,12,-12,-416,-12,-412,-12,-12,-16,-12,-412,-404,-12,-12,-20,-400,-16,-12
2119,0x56061596e2b1,W,0x7ffeb330acc0,1,-416,-404,-416,4,-404,-404,-404,8,-416,-404,-416,12,-404,-404,-404,16,404,404,396,4,404,8,416,404,416,12,404,404,404,16,416,404
2121,0x56061596e2b4,R,0x7ffeb330ae54,1,-12,404,404,408,4,0,8,412,0,0,408,416,4,0,8,420,0,0,-8,0,-4,-396,-400,0,0,-392,-8,0,-4,-388,-396,0
2122,0x56061596e2b4,W,0x7ffeb330ae54,1,0,404,404,0,-12,0,0,412,0,0,-12,416,-12,0,0,420,0,-400,0,0,12,-396,12,0,0,-392,0,0,12,-388,12,0
2124,0x56061596e2b8,R,0x7ffeb330ae54,1,0,0,-12,0,-12,408,4,412,8,0,0,416,408,0,4,420,-8,-400,-4,0,-400,-396,0,0,-8,-392,-4,0,-396,-388,12,-384
2126,0x56061596e2bb,R,0x7ffeb330ae4c,1,-8,-8,-20,396,396,400,-4,-8,-8,-8,-8,408,-20,-8,-20,412,8,-392,20,8,20,-388,8,8,8,-384,20,8,-388,8,8,-376
2129,0x56061596e294,R,0x7ffeb330ae54,1,8,0,0,404,404,0,-12,0,0,412,8,416,0,0,408,420,-4,-400,-400,0,0,-396,-8,0,-4,-392,12,-388,12,0,0,0
2132,0x56061596e298,R,0x7ffeb330ae50,1,-4,-4,-4,400,-16,-4,-16,404,0,408,4,-4,-4,-4,-16,416,16,-396,16,4,4,-392,4,4,0,4,-392,-384,16,-380,4,4
2135,0x56061596e29d,R,0x7ffeb330ae60,1,16,12,20,416,12,12,416,420,16,12,12,12,12,428,12,432,-412,-412,-12,-12,-20,-408,-12,-404,0,-12,-408,-12,-12,-396,-20,-12
2138,0x56061596e2a4,R,0x7ffeb330acc4,1,-412,-400,-400,4,-400,-400,-412,8,-412,-400,-400,12,-392,16,-400,-400,412,0,400,400,392,400,396,8,412,12,412,400,400,16,400,400
2141,0x56061596e2aa,R,0x7ffeb330ae60,1,412,12,16,416,20,12,12,420,416,12,16,424,20,12,12,12,-12,-412,-12,-408,-12,-12,-16,-12,-408,-400,-12,-12,-20,-396,-16,-12
2144,0x56061596e2b1,W,0x7ffeb330acc4,1,-412,-400,-412,4,-400,-400,-400,8,-412,-400,-412,12,-400,-400,-400,16,400,400,392,4,400,8,412,400,412,12,400,400,400,16,412,400
2146,0x56061596e2b4,R,0x7ffeb330ae54,1,-12,400,400,404,4,0,8,408,0,0,404,412,4,0,8,416,0,0,-8,0,-4,-392,-396,0,0,-388,-8,0,-4,-384,-392,0
2147,0x56061596e2b4,W,0x7ffeb330ae54,1,0,400,400,0,-12,0,0,408,0,0,-12,412,-12,0,0,416,0,-396,0,0,12,-392,12,0,0,-388,0,0,12,-384,12,0
2149,0x56061596e2b8,R,0x7ffeb330ae54,1,0,0,-12,0,-12,404,4,408,8,0,0,412,404,0,4,416,-8,-396,-4,0,-396,-392,0,0,-8,-388,-4,0,-392,-384,12,-380
2151,0x56061596e2bb,R,0x7ffeb330ae4c,1,-8,-8,-20,392,392,396,-4,-8,-8,-8,-8,404,-20,-8,-20,408,8,-388,20,8,20,-384,8,8,8,-380,20,8,-384,8,8,-372
2154,0x56061596e294,R,0x7ffeb330ae54,1,8,0,0,400,400,0,-12,0,0,408,8,412,0,0,404,416,-4,-396,-396,0,0,-392,-8,0,-4,-388,12,-384,12,0,0,0
2157,0x56061596e298,R,0x7ffeb330ae50,1,-4,-4,-4,396,-16,-4,-16,400,0,404,4,-4,-4,-4,-16,412,16,-392,16,4,4,-388,4,4,0,4,-388,-380,16,-376,4,4
2160,0x56061596e29d,R,0x7ffeb330ae60,1,16,12,20,412,12,12,412,416,16,12,12,12,12,424,12,428,-408,-408,-12,-12,-20,-404,-12,-400,0,-12,-404,-12,-12,-392,-20,-12
2163,0x56061596e2a4,R,0x7ffeb330acc8,1,-408,-396,-396,4,-396,-396,-408,8,-408,-396,-396,12,-388,16,-396,-396,408,0,396,396,388,396,392,8,408,12,408,396,396,16,396,396
2166,0x56061596e2aa,R,0x7ffeb330ae60,1,408,12,16,412,20,12,12,416,412,12,16,420,20,12,12,12,-12,-408,-12,-404,-12,-12,-16,-12,-404,-396,-12,-12,-20,-392,-16,-12
2169,0x56061596e2b1,W,0x7ffeb330acc8,1,-408,-396,-408,4,-396,-396,-396,8,-408,-396,-408,12,-396,-396,-396,16,396,396,388,4,396,8,408,396,408,12,396,396,396,16,408,396
2171,0x56061596e2b4,R,0x7ffeb330ae54,1,-12,396,396,400,4,0,8,404,0,0,400,408,4,0,8,412,0,0,-8,0,-4,-388,-392,0,0,-384,-8,0,-4,-380,-388,0
2172,0x56061596e2b4,W,0x7ffeb330ae54,1,0,396,396,0,-12,0,0,404,0,0,-12,408,-12,0,0,412,0,-392,0,0,12,-388,12,0,0,-384,0,0,12,-380,12,0
2174,0x56061596e2b8,R,0x7ffeb330ae54,1,0,0,-12,0,-12,400,4,404,8,0,0,408,400,0,4,412,-8,-392,-4,0,-392,-388,0,0,-8,-384,-4,0,-388,-380,12,-376
2176,0x56061596e2bb,R,0x7ffeb330ae4c,1,-8,-8,-20,388,388,392,-4,-8,-8,-8,-8,400,-20,-8,-20,404,8,-384,20,8,20,-380,8,8,8,-376,20,8,-380,8,8,-368
2179,0x56061596e294,R,0x7ffeb330ae54,1,8,0,0,396,396,0,-12,0,0,404,8,408,0,0,400,412,-4,-392,-392,0,0,-388,-8,0,-4,-384,12,-380,12,0,0,0
2182,0x56061596e298,R,0x7ffeb330ae50,1,-4,-4,-4,392,-16,-4,-16,396,0,400,4,-4,-4,-4,-16,408,16,-388,16,4,4,-384,4,4,0,4,-384,-376,16,-372,4,4
2185,0x56061596e29d,R,0x7ffeb330ae60,1,16,12,20,408,12,12,408,412,16,12,12,12,12,420,12,424,-404,-404,-12,-12,-20,-400,-12,-396,0,-12,-400,-12,-12,-388,-20,-12
2188,0x56061596e2a4,R,0x7ffeb330accc,1,-404,-392,-392,4,-392,-392,-404,8,-404,-392,-392,12,-384,16,-392,-392,404,0,392,392,384,392,388,8,404,12,404,392,392,16,392,392
2191,0x56061596e2aa,R,0x7ffeb330ae60,1,404,12,16,408,20,12,12,412,408,12,16,416,20,12,12,12,-12,-404,-12,-400,-12,-12,-16,-12,-400,-392,-12,-12,-20,-388,-16,-12
2194,0x56061596e2b1,W,0x7ffeb330accc,1,-404,-392,-404,4,-392,-392,-392,8,-404,-392,-404,12,-392,-392,-392,16,392,392,384,4,392,8,404,392,404,12,392,392,392,16,404,392
2196,0x56061596e2b4,R,0x7ffeb330ae54,1,-12,392,392,396,4,0,8,400,0,0,396,404,4,0,8,408,0,0,-8,0,-4,-384,-388,0,0,-380,-8,0,-4,-376,-384,0
2197,0x56061596e2b4,W,0x7ffeb330ae54,1,0,392,392,0,-12,0,0,400,0,0,-12,404,-12,0,0,408,0,-388,0,0,12,-384,12,0,0,-380,0,0,12,-376,12,0
2199,0x56061596e2b8,R,0x7ffeb330ae54,1,0,0,-12,0,-12,396,4,400,8,0,0,404,396,0,4,408,-8,-388,-4,0,-388,-384,0,0,-8,-380,-4,0,-384,-376,12,-372
2201,0x56061596e2bb,R,0x7ffeb330ae4c,1,-8,-8,-20,384,384,388,-4,-8,-8,-8,-8,396,-20,-8,-20,400,8,-380,20,8,20,-376,8,8,8,-372,20,8,-376,8,8,-364
2204,0x56061596e294,R,0x7ffeb330ae54,1,8,0,0,392,392,0,-12,0,0,400,8,404,0,0,396,408,-4,-388,-388,0,0,-384,-8,0,-4,-380,12,-376,12,0,0,0
2207,0x56061596e298,R,0x7ffeb330ae50,1,-4,-4,-4,388,-16,-4,-16,392,0,396,4,-4,-4,-4,-16,404,16,-384,16,4,4,-380,4,4,0,4,-380,-372,16,-368,4,4
2210,0x56061596e29d,R,0x7ffeb330ae60,1,16,12,20,404,12,12,404,408,16,12,12,12,12,416,12,420,-400,-400,-12,-12,-20,-396,-12,-392,0,-12,-396,-12,-12,-384,-20,-12
2213,0x56061596e2a4,R,0x7ffeb330acd0,1,-400,-388,-388,4,-388,-388,-400,8,-400,-388,-388,12,-380,16,-388,-388,400,0,388,388,380,388,384,8,400,12,400,388,388,16,388,388
2216,0x56061596e2aa,R,0x7ffeb330ae60,1,400,12,16,404,20,12,12,408,404,12,16,412,20,12,12,12,-12,-400,-12,-396,-12,-12,-16,-12,-396,-388,-12,-12,-20,-384,-16,-12
2219,0x56061596e2b1,W,0x7ffeb330acd0,1,-400,-388,-400,4,-388,-388,-388,8,-400,-388,-400,12,-388,-388,-388,16,388,388,380,4,388,8,400,388,400,12,388,388,388,16,400,388
2221,0x56061596e2b4,R,0x7ffeb330ae54,1,-12,388,388,392,4,0,8,396,0,0,392,400,4,0,8,404,0,0,-8,0,-4,-380,-384,0,0,-376,-8,0,-4,-372,-380,0
2222,0x56061596e2b4,W,0x7ffeb330ae54,1,0,388,388,0,-12,0,0,396,0,0,-12,400,-12,0,0,404,0,-384,0,0,12,-380,12,0,0,-376,0,0,12,-372,12,0
2224,0x56061596e2b8,R,0x7ffeb330ae54,1,0,0,-12,0,-12,392,4,396,8,0,0,400,392,0,4,404,-8,-384,-4,0,-384,-380,0,0,-8,-376,-4,0,-380,-372,12,-368
2226,0x56061596e2bb,R,0x7ffeb330ae4c,1,-8,-8,-20,380,380,384,-4,-8,-8,-8,-8,392,-20,-8,-20,396,8,-376,20,8,20,-372,8,8,8,-368,20,8,-372,8,8,-360
2229,0x56061596e294,R,0x7ffeb330ae54,1,8,0,0,388,388,0,-12,0,0,396,8,400,0,0,392,404,-4,-384,-384,0,0,-380,-8,0,-4,-376,12,-372,12,0,0,0
2232,0x56061596e298,R,0x7ffeb330ae50,1,-4,-4,-4,384,-16,-4,-16,388,0,392,4,-4,-4,-4,-16,400,16,-380,16,4,4,-376,4,4,0,4,-376,-368,16,-364,4,4
2235,0x56061596e29d,R,0x7ffeb330ae60,1,16,12,20,400,12,12,400,404,16,12,12,12,12,412,12,416,-396,-396,-12,-12,-20,-392,-12,-388,0,-12,-392,-12,-12,-380,-20,-12
2238,0x56061596e2a4,R,0x7ffeb330acd4,1,-396,-384,-384,4,-384,-384,-396,8,-396,-384,-384,12,-376,16,-384,-384,396,0,384,384,376,384,380,8,396,12,396,384,384,16,384,384
2241,0x56061596e2aa,R,0x7ffeb330ae60,1,396,12,16,400,20,12,12,404,400,12,16,408,20,12,12,12,-12,-396,-12,-392,-12,-12,-16,-12,-392,-384,-12,-12,-20,-380,-16,-12
2244,0x56061596e2b1,W,0x7ffeb330acd4,1,-396,-384,-396,4,-384,-384,-384,8,-396,-384,-396,12,-384,-384,-384,16,384,384,376,4,384,8,396,384,396,12,384,384,384,16,396,384
2246,0x56061596e2b4,R,0x7ffeb330ae54,1,-12,384,384,388,4,0,8,392,0,0,388,396,4,0,8,400,0,0,-8,0,-4,-376,-380,0,0,-372,-8,0,-4,-368,-376,0
2247,0x56061596e2b4,W,0x7ffeb330ae54,1,0,384,384,0,-12,0,0,392,0,0,-12,396,-12,0,0,400,0,-380,0,0,12,-376,12,0,0,-372,0,0,12,-368,12,0
2249,0x56061596e2b8,R,0x7ffeb330ae54,1,0,0,-12,0,-12,388,4,392,8,0,0,396,388,0,4,400,-8,-380,-4,0,-380,-376,0,0,-8,-372,-4,0,-376,-368,12,-364
2251,0x56061596e2bb,R,0x7ffeb330ae4c,1,-8,-8,-20,376,376,380,-4,-8,-8,-8,-8,388,-20,-8,-20,392,8,-372,20,8,20,-368,8,8,8,-364,20,8,-368,8,8,-356
2254,0x56061596e294,R,0x7ffeb330ae54,1,8,0,0,384,384,0,-12,0,0,392,8,396,0,0,388,400,-4,-380,-380,0,0,-376,-8,0,-4,-372,12,-368,12,0,0,0
2257,0x56061596e298,R,0x7ffeb330ae50,1,-4,-4,-4,380,-16,-4,-16,384,0,388,4,-4,-4,-4,-16,396,16,-376,16,4,4,-372,4,4,0,4,-372,-364,16,-360,4,4
2260,0x56061596e29d,R,0x7ffeb330ae60,1,16,12,20,396,12,12,396,400,16,12,12,12,12,408,12,412,-392,-392,-12,-12,-20,-388,-12,-384,0,-12,-388,-12,-12,-376,-20,-12
2263,0x56061596e2a4,R,0x7ffeb330acd8,1,-392,-380,-380,4,-380,-380,-392,8,-392,-380,-380,12,-372,16,-380,-380,392,0,380,380,372,380,376,8,392,12,392,380,380,16,380,380
2266,0x56061596e2aa,R,0x7ffeb330ae60,1,392,12,16,396,20,12,12,400,396,12,16,404,20,12,12,12,-12,-392,-12,-388,-12,-12,-16,-12,-388,-380,-12,-12,-20,-376,-16,-12
2269,0x56061596e2b1,W,0x7ffeb330acd8,1,-392,-380,-392,4,-380,-380,-380,8,-392,-380,-392,12,-380,-380,-380,16,380,380,372,4,380,8,392,380,392,12,380,380,380,16,392,380
2271,0x56061596e2b4,R,0x7ffeb330ae54,1,-12,380,380,384,4,0,8,388,0,0,384,392,4,0,8,396,0,0,-8,0,-4,-372,-376,0,0,-368,-8,0,-4,-364,-372,0
2272,0x56061596e2b4,W,0x7ffeb330ae54,1,0,380,380,0,-12,0,0,388,0,0,-12,392,-12,0,0,396,0,-376,0,0,12,-372,12,0,0,-368,0,0,12,-364,12,0
2274,0x56061596e2b8,R,0x7ffeb330ae54,1,0,0,-12,0,-12,384,4,388,8,0,0,392,384,0,4,396,-8,-376,-4,0,-376,-372,0,0,-8,-368,-4,0,-372,-364,12,-360
2276,0x56061596e2bb,R,0x7ffeb330ae4c,1,-8,-8,-20,372,372,376,-4,-8,-8,-8,-8,384,-20,-8,-20,388,8,-368,20,8,20,-364,8,8,8,-360,20,8,-364,8,8,-352
2279,0x56061596e294,R,0x7ffeb330ae54,1,8,0,0,380,380,0,-12,0,0,388,8,392,0,0,384,396,-4,-376,-376,0,0,-372,-8,0,-4,-368,12,-364,12,0,0,0
2282,0x56061596e298,R,0x7ffeb330ae50,1,-4,-4,-4,376,-16,-4,-16,380,0,384,4,-4,-4,-4,-16,392,16,-372,16,4,4,-368,4,4,0,4,-368,-360,16,-356,4,4
2285,0x56061596e29d,R,0x7ffeb330ae60,1,16,12,20,392,12,12,392,396,16,12,12,12,12,404,12,408,-388,-388,-12,-12,-20,-384,-12,-380,0,-12,-384,-12,-12,-372,-20,-12
2288,0x56061596e2a4,R,0x7ffeb330acdc,1,-388,-376,-376,4,-376,-376,-388,8,-388,-376,-376,12,-368,16,-376,-376,388,0,376,376,368,376,372,8,388,12,388,376,376,16,376,376
2291,0x56061596e2aa,R,0x7ffeb330ae60,1,388,12,16,392,20,12,12,396,392,12,16,400,20,12,12,12,-12,-388,-12,-384,-12,-12,-16,-12,-384,-376,-12,-12,-20,-372,-16,-12
2294,0x56061596e2b1,W,0x7ffeb330acdc,1,-388,-376,-388,4,-376,-376,-376,8,-388,-376,-388,12,-376,-376,-376,16,376,376,368,4,376,8,388,376,388,12,376,376,376,16,388,376
2296,0x56061596e2b4,R,0x7ffeb330ae54,1,-12,376,376,380,4,0,8,384,0,0,380,388,4,0,8,392,0,0,-8,0,-4,-368,-372,0,0,-364,-8,0,-4,-360,-368,0
2297,0x56061596e2b4,W,0x7ffeb330ae54,1,0,376,376,0,-12,0,0,384,0,0,-12,388,-12,0,0,392,0,-372,0,0,12,-368,12,0,0,-364,0,0,12,-360,12,0
2299,0x56061596e2b8,R,0x7ffeb330ae54,1,0,0,-12,0,-12,380,4,384,8,0,0,388,380,0,4,392,-8,-372,-4,0,-372,-368,0,0,-8,-364,-4,0,-368,-360,12,-356
2301,0x56061596e2bb,R,0x7ffeb330ae4c,1,-8,-8,-20,368,368,372,-4,-8,-8,-8,-8,380,-20,-8,-20,384,8,-364,20,8,20,-360,8,8,8,-356,20,8,-360,8,8,-348
2304,0x56061596e294,R,0x7ffeb330ae54,1,8,0,0,376,376,0,-12,0,0,384,8,388,0,0,380,392,-4,-372,-372,0,0,-368,-8,0,-4,-364,12,-360,12,0,0,0
2307,0x56061596e298,R,0x7ffeb330ae50,1,-4,-4,-4,372,-16,-4,-16,376,0,380,4,-4,-4,-4,-16,388,16,-368,16,4,4,-364,4,4,0,4,-364,-356,16,-352,4,4
2310,0x56061596e29d,R,0x7ffeb330ae60,1,16,12,20,388,12,12,388,392,16,12,12,12,12,400,12,404,-384,-384,-12,-12,-20,-380,-12,-376,0,-12,-380,-12,-12,-368,-20,-12
2313,0x56061596e2a4,R,0x7ffeb330ace0,1,-384,-372,-372,4,-372,-372,-384,8,-384,-372,-372,12,-364,16,-372,-372,384,0,372,372,364,372,368,8,384,12,384,372,372,16,372,372
2316,0x56061596e2aa,R,0x7ffeb330ae60,1,384,12,16,388,20,12,12,392,388,12,16,396,20,12,12,12,-12,-384,-12,-380,-12,-12,-16,-12,-380,-372,-12,-12,-20,-368,-16,-12
2319,0x56061596e2b1,W,0x7ffeb330ace0,1,-384,-372,-384,4,-372,-372,-372,8,-384,-372,-384,12,-372,-372,-372,16,372,372,364,4,372,8,384,372,384,12,372,372,372,16,384,372
2321,0x56061596e2b4,R,0x7ffeb330ae54,1,-12,372,372,376,4,0,8,380,0,0,376,384,4,0,8,388,0,0,-8,0,-4,-364,-368,0,0,-360,-8,0,-4,-356,-364,0
2322,0x56061596e2b4,W,0x7ffeb330ae54,1,0,372,372,0,-12,0,0,380,0,0,-12,384,-12,0,0,388,0,-368,0,0,12,-364,12,0,0,-360,0,0,12,-356,12,0
2324,0x56061596e2b8,R,0x7ffeb330ae54,1,0,0,-12,0,-12,376,4,380,8,0,0,384,376,0,4,388,-8,-368,-4,0,-368,-364,0,0,-8,-360,-4,0,-364,-356,12,-352
2326,0x56061596e2bb,R,0x7ffeb330ae4c,1,-8,-8,-20,364,364,368,-4,-8,-8,-8,-8,376,-20,-8,-20,380,8,-360,20,8,20,-356,8,8,8,-352,20,8,-356,8,8,-344
2329,0x56061596e294,R,0x7ffeb330ae54,1,8,0,0,372,372,0,-12,0,0,380,8,384,0,0,376,388,-4,-368,-368,0,0,-364,-8,0,-4,-360,12,-356,12,0,0,0
2332,0x56061596e298,R,0x7ffeb330ae50,1,-4,-4,-4,368,-16,-4,-16,372,0,376,4,-4,-4,-4,-16,384,16,-364,16,4,4,-360,4,4,0,4,-360,-352,16,-348,4,4
2335,0x56061596e29d,R,0x7ffeb330ae60,1,16,12,20,384,12,12,384,388,16,12,12,12,12,396,12,400,-380,-380,-12,-12,-20,-376,-12,-372,0,-12,-376,-12,-12,-364,-20,-12
2338,0x56061596e2a4,R,0x7ffeb330ace4,1,-380,-368,-368,4,-368,-368,-380,8,-380,-368,-368,12,-360,16,-368,-368,380,0,368,368,360,368,364,8,380,12,380,368,368,16,368,368
2341,0x56061596e2aa,R,0x7ffeb330ae60,1,380,12,16,384,20,12,12,388,384,12,16,392,20,12,12,12,-12,-380,-12,-376,-12,-12,-16,-12,-376,-368,-12,-12,-20,-364,-16,-12
2344,0x56061596e2b1,W,0x7ffeb330ace4,1,-380,-368,-380,4,-368,-368,-368,8,-380,-368,-380,12,-368,-368,-368,16,368,368,360,4,368,8,380,368,380,12,368,368,368,16,380,368
2346,0x56061596e2b4,R,0x7ffeb330ae54,1,-12,368,368,372,4,0,8,376,0,0,372,380,4,0,8,384,0,0,-8,0,-4,-360,-364,0,0,-356,-8,0,-4,-352,-360,0
2347,0x56061596e2b4,W,0x7ffeb330ae54,1,0,368,368,0,-12,0,0,376,0,0,-12,380,-12,0,0,384,0,-364,0,0,12,-360,12,0,0,-356,0,0,12,-352,12,0
2349,0x56061596e2b8,R,0x7ffeb330ae54,1,0,0,-12,0,-12,372,4,376,8,0,0,380,372,0,4,384,-8,-364,-4,0,-364,-360,0,0,-8,-356,-4,0,-360,-352,12,-348
2351,0x56061596e2bb,R,0x7ffeb330ae4c,1,-8,-8,-20,360,360,364,-4,-8,-8,-8,-8,372,-20,-8,-20,376,8,-356,20,8,20,-352,8,8,8,-348,20,8,-352,8,8,-340
2354,0x56061596e294,R,0x7ffeb330ae54,1,8,0,0,368,368,0,-12,0,0,376,8,380,0,0,372,384,-4,-364,-364,0,0,-360,-8,0,-4,-356,12,-352,12,0,0,0
2357,0x56061596e298,R,0x7ffeb330ae50,1,-4,-4,-4,364,-16,-4,-16,368,0,372,4,-4,-4,-4,-16,380,16,-360,16,4,4,-356,4,4,0,4,-356,-348,16,-344,4,4
2360,0x56061596e29d,R,0x7ffeb330ae60,1,16,12,20,380,12,12,380,384,16,12,12,12,12,392,12,396,-376,-376,-12,-12,-20,-372,-12,-368,0,-12,-372,-12,-12,-360,-20,-12
2363,0x56061596e2a4,R,0x7ffeb330ace8,1,-376,-364,-364,4,-364,-364,-376,8,-376,-364,-364,12,-356,16,-364,-364,376,0,364,364,356,364,360,8,376,12,376,364,364,16,364,364
2366,0x56061596e2aa,R,0x7ffeb330ae60,1,376,12,16,380,20,12,12,384,380,12,16,388,20,12,12,12,-12,-376,-12,-372,-12,-12,-16,-12,-372,-364,-12,-12,-20,-360,-16,-12
2369,0x56061596e2b1,W,0x7ffeb330ace8,1,-376,-364,-376,4,-364,-364,-364,8,-376,-364,-376,12,-364,-364,-364,16,364,364,356,4,364,8,376,364,376,12,364,364,364,16,376,364
2371,0x56061596e2b4,R,0x7ffeb330ae54,1,-12,364,364,368,4,0,8,372,0,0,368,376,4,0,8,380,0,0,-8,0,-4,-356,-360,0,0,-352,-8,0,-4,-348,-356,0
2372,0x56061596e2b4,W,0x7ffeb330ae54,1,0,364,364,0,-12,0,0,372,0,0,-12,376,-12,0,0,380,0,-360,0,0,12,-356,12,0,0,-352,0,0,12,-348,12,0
2374,0x56061596e2b8,R,0x7ffeb330ae54,1,0,0,-12,0,-12,368,4,372,8,0,0,376,368,0,4,380,-8,-360,-4,0,-360,-356,0,0,-8,-352,-4,0,-356,-348,12,-344
2376,0x56061596e2bb,R,0x7ffeb330ae4c,1,-8,-8,-20,356,356,360,-4,-8,-8,-8,-8,368,-20,-8,-20,372,8,-352,20,8,20,-348,8,8,8,-344,20,8,-348,8,8,-336
2379,0x56061596e294,R,0x7ffeb330ae54,1,8,0,0,364,364,0,-12,0,0,372,8,376,0,0,368,380,-4,-360,-360,0,0,-356,-8,0,-4,-352,12,-348,12,0,0,0
2382,0x56061596e298,R,0x7ffeb330ae50,1,-4,-4,-4,360,-16,-4,-16,364,0,368,4,-4,-4,-4,-16,376,16,-356,16,4,4,-352,4,4,0,4,-352,-344,16,-340,4,4
2385,0x56061596e29d,R,0x7ffeb330ae60,1,16,12,20,376,12,12,376,380,16,12,12,12,12,388,12,392,-372,-372,-12,-12,-20,-368,-12,-364,0,-12,-368,-12,-12,-356,-20,-12
2388,0x56061596e2a4,R,0x7ffeb330acec,1,-372,-360,-360,4,-360,-360,-372,8,-372,-360,-360,12,-352,16,-360,-360,372,0,360,360,352,360,356,8,372,12,372,360,360,16,360,360
2391,0x56061596e2aa,R,0x7ffeb330ae60,1,372,12,16,376,20,12,12,380,376,12,16,384,20,12,12,12,-12,-372,-12,-368,-12,-12,-16,-12,-368,-360,-12,-12,-20,-356,-16,-12
2394,0x56061596e2b1,W,0x7ffeb330acec,1,-372,-360,-372,4,-360,-360,-360,8,-372,-360,-372,12,-360,-360,-360,16,360,360,352,4,360,8,372,360,372,12,360,360,360,16,372,360
2396,0x56061596e2b4,R,0x7ffeb330ae54,1,-12,360,360,364,4,0,8,368,0,0,364,372,4,0,8,376,0,0,-8,0,-4,-352,-356,0,0,-348,-8,0,-4,-344,-352,0
2397,0x56061596e2b4,W,0x7ffeb330ae54,1,0,360,360,0,-12,0,0,368,0,0,-12,372,-12,0,0,376,0,-356,0,0,12,-352,12,0,0,-348,0,0,12,-344,12,0
2399,0x56061596e2b8,R,0x7ffeb330ae54,1,0,0,-12,0,-12,364,4,368,8,0,0,372,364,0,4,376,-8,-356,-4,0,-356,-352,0,0,-8,-348,-4,0,-352,-344,12,-340
2401,0x56061596e2bb,R,0x7ffeb330ae4c,1,-8,-8,-20,352,352,356,-4,-8,-8,-8,-8,364,-20,-8,-20,368,8,-348,20,8,20,-344,8,8,8,-340,20,8,-344,8,8,-332
2404,0x56061596e294,R,0x7ffeb330ae54,1,8,0,0,360,360,0,-12,0,0,368,8,372,0,0,364,376,-4,-356,-356,0,0,-352,-8,0,-4,-348,12,-344,12,0,0,0
2407,0x56061596e298,R,0x7ffeb330ae50,1,-4,-4,-4,356,-16,-4,-16,360,0,364,4,-4,-4,-4,-16,372,16,-352,16,4,4,-348,4,4,0,4,-348,-340,16,-336,4,4
2410,0x56061596e29d,R,0x7ffeb330ae60,1,16,12,20,372,12,12,372,376,16,12,12,12,12,384,12,388,-368,-368,-12,-12,-20,-364,-12,-360,0,-12,-364,-12,-12,-352,-20,-12
2413,0x56061596e2a4,R,0x7ffeb330acf0,1,-368,-356,-356,4,-356,-356,-368,8,-368,-356,-356,12,-348,16,-356,-356,368,0,356,356,348,356,352,8,368,12,368,356,356,16,356,356
2416,0x56061596e2aa,R,0x7ffeb330ae60,1,368,12,16,372,20,12,12,376,372,12,16,380,20,12,12,12,-12,-368,-12,-364,-12,-12,-16,-12,-364,-356,-12,-12,-20,-352,-16,-12
2419,0x56061596e2b1,W,0x7ffeb330acf0,1,-368,-356,-368,4,-356,-356,-356,8,-368,-356,-368,12,-356,-356,-356,16,356,356,348,4,356,8,368,356,368,12,356,356,356,16,368,356
2421,0x56061596e2b4,R,0x7ffeb330ae54,1,-12,356,356,360,4,0,8,364,0,0,360,368,4,0,8,372,0,0,-8,0,-4,-348,-352,0,0,-344,-8,0,-4,-340,-348,0
2422,0x56061596e2b4,W,0x7ffeb330ae54,1,0,356,356,0,-12,0,0,364,0,0,-12,368,-12,0,0,372,0,-352,0,0,12,-348,12,0,0,-344,0,0,12,-340,12,0
2424,0x56061596e2b8,R,0x7ffeb330ae54,1,0,0,-12,0,-12,360,4,364,8,0,0,368,360,0,4,372,-8,-352,-4,0,-352,-348,0,0,-8,-344,-4,0,-348,-340,12,-336
2426,0x56061596e2bb,R,0x7ffeb330ae4c,1,-8,-8,-20,348,348,352,-4,-8,-8,-8,-8,360,-20,-8,-20,364,8,-344,20,8,20,-340,8,8,8,-336,20,8,-340,8,8,-328
2429,0x56061596e294,R,0x7ffeb330ae54,1,8,0,0,356,356,0,-12,0,0,364,8,368,0,0,360,372,-4,-352,-352,0,0,-348,-8,0,-4,-344,12,-340,12,0,0,0
2432,0x56061596e298,R,0x7ffeb330ae50,1,-4,-4,-4,352,-16,-4,-16,356,0,360,4,-4,-4,-4,-16,368,16,-348,16,4,4,-344,4,4,0,4,-344,-336,16,-332,4,4
2435,0x56061596e29d,R,0x7ffeb330ae60,1,16,12,20,368,12,12,368,372,16,12,12,12,12,380,12,384,-364,-364,-12,-12,-20,-360,-12,-356,0,-12,-360,-12,-12,-348,-20,-12
2438,0x56061596e2a4,R,0x7ffeb330acf4,1,-364,-352,-352,4,-352,-352,-364,8,-364,-352,-352,12,-344,16,-352,-352,364,0,352,352,344,352,348,8,364,12,364,352,352,16,352,352
2441,0x56061596e2aa,R,0x7ffeb330ae60,1,364,12,16,368,20,12,12,372,368,12,16,376,20,12,12,12,-12,-364,-12,-360,-12,-12,-16,-12,-360,-352,-12,-12,-20,-348,-16,-12
2444,0x56061596e2b1,W,0x7ffeb330acf4,1,-364,-352,-364,4,-352,-352,-352,8,-364,-352,-364,12,-352,-352,-352,16,352,352,344,4,352,8,364,352,364,12,352,352,352,16,364,352
2446,0x56061596e2b4,R,0x7ffeb330ae54,1,-12,352,352,356,4,0,8,360,0,0,356,364,4,0,8,368,0,0,-8,0,-4,-344,-348,0,0,-340,-8,0,-4,-336,-344,0
2447,0x56061596e2b4,W,0x7ffeb330ae54,1,0,352,352,0,-12,0,0,360,0,0,-12,364,-12,0,0,368,0,-348,0,0,12,-344,12,0,0,-340,0,0,12,-336,12,0
2449,0x56061596e2b8,R,0x7ffeb330ae54,1,0,0,-12,0,-12,356,4,360,8,0,0,364,356,0,4,368,-8,-348,-4,0,-348,-344,0,0,-8,-340,-4,0,-344,-336,12,-332
2451,0x56061596e2bb,R,0x7ffeb330ae4c,1,-8,-8,-20,344,344,348,-4,-8,-8,-8,-8,356,-20,-8,-20,360,8,-340,20,8,20,-336,8,8,8,-332,20,8,-336,8,8,-324
2454,0x56061596e294,R,0x7ffeb330ae54,1,8,0,0,352,352,0,-12,0,0,360,8,364,0,0,356,368,-4,-348,-348,0,0,-344,-8,0,-4,-340,12,-336,12,0,0,0
2457,0x56061596e298,R,0x7ffeb330ae50,1,-4,-4,-4,348,-16,-4,-16,352,0,356,4,-4,-4,-4,-16,364,16,-344,16,4,4,-340,4,4,0,4,-340,-332,16,-328,4,4
2460,0x56061596e29d,R,0x7ffeb330ae60,1,16,12,20,364,12,12,364,368,16,12,12,12,12,376,12,380,-360,-360,-12,-12,-20,-356,-12,-352,0,-12,-356,-12,-12,-344,-20,-12
2463,0x56061596e2a4,R,0x7ffeb330acf8,1,-360,-348,-348,4,-348,-348,-360,8,-360,-348,-348,12,-340,16,-348,-348,360,0,348,348,340,348,344,8,360,12,360,348,348,16,348,348
2466,0x56061596e2aa,R,0x7ffeb330ae60,1,360,12,16,364,20,12,12,368,364,12,16,372,20,12,12,12,-12,-360,-12,-356,-12,-12,-16,-12,-356,-348,-12,-12,-20,-344,-16,-12
2469,0x56061596e2b1,W,0x7ffeb330acf8,1,-360,-348,-360,4,-348,-348,-348,8,-360,-348,-360,12,-348,-348,-348,16,348,348,340,4,348,8,360,348,360,12,348,348,348,16,360,348
2471,0x56061596e2b4,R,0x7ffeb330ae54,1,-12,348,348,352,4,0,8,356,0,0,352,360,4,0,8,364,0,0,-8,0,-4,-340,-344,0,0,-336,-8,0,-4,-332,-340,0
2472,0x56061596e2b4,W,0x7ffeb330ae54,1,0,348,348,0,-12,0,0,356,0,0,-12,360,-12,0,0,364,0,-344,0,0,12,-340,12,0,0,-336,0,0,12,-332,12,0
2474,0x56061596e2b8,R,0x7ffeb330ae54,1,0,0,-12,0,-12,352,4,356,8,0,0,360,352,0,4,364,-8,-344,-4,0,-344,-340,0,0,-8,-336,-4,0,-340,-332,12,-328
2476,0x56061596e2bb,R,0x7ffeb330ae4c,1,-8,-8,-20,340,340,344,-4,-8,-8,-8,-8,352,-20,-8,-20,356,8,-336,20,8,20,-332,8,8,8,-328,20,8,-332,8,8,-320
2479,0x56061596e294,R,0x7ffeb330ae54,1,8,0,0,348,348,0,-12,0,0,356,8,360,0,0,352,364,-4,-344,-344,0,0,-340,-8,0,-4,-336,12,-332,12,0,0,0
2482,0x56061596e298,R,0x7ffeb330ae50,1,-4,-4,-4,344,-16,-4,-16,348,0,352,4,-4,-4,-4,-16,360,16,-340,16,4,4,-336,4,4,0,4,-336,-328,16,-324,4,4
2485,0x56061596e29d,R,0x7ffeb330ae60,1,16,12,20,360,12,12,360,364,16,12,12,12,12,372,12,376,-356,-356,-12,-12,-20,-352,-12,-348,0,-12,-352,-12,-12,-340,-20,-12
2488,0x56061596e2a4,R,0x7ffeb330acfc,1,-356,-344,-344,4,-344,-344,-356,8,-356,-344,-344,12,-336,16,-344,-344,356,0,344,344,336,344,340,8,356,12,356,344,344,16,344,344
2491,0x56061596e2aa,R,0x7ffeb330ae60,1,356,12,16,360,20,12,12,364,360,12,16,368,20,12,12,12,-12,-356,-12,-352,-12,-12,-16,-12,-352,-344,-12,-12,-20,-340,-16,-12
2494,0x56061596e2b1,W,0x7ffeb330acfc,1,-356,-344,-356,4,-344,-344,-344,8,-356,-344,-356,12,-344,-344,-344,16,344,344,336,4,344,8,356,344,356,12,344,344,344,16,356,344
2496,0x56061596e2b4,R,0x7ffeb330ae54,1,-12,344,344,348,4,0,8,352,0,0,348,356,4,0,8,360,0,0,-8,0,-4,-336,-340,0,0,-332,-8,0,-4,-328,-336,0
2497,0x56061596e2b4,W,0x7ffeb330ae54,1,0,344,344,0,-12,0,0,352,0,0,-12,356,-12,0,0,360,0,-340,0,0,12,-336,12,0,0,-332,0,0,12,-328,12,0
2499,0x56061596e2b8,R,0x7ffeb330ae54,1,0,0,-12,0,-12,348,4,352,8,0,0,356,348,0,4,360,-8,-340,-4,0,-340,-336,0,0,-8,-332,-4,0,-336,-328,12,-324
2501,0x56061596e2bb,R,0x7ffeb330ae4c,1,-8,-8,-20,336,336,340,-4,-8,-8,-8,-8,348,-20,-8,-20,352,8,-332,20,8,20,-328,8,8,8,-324,20,8,-328,8,8,-316
2504,0x56061596e294,R,0x7ffeb330ae54,1,8,0,0,344,344,0,-12,0,0,352,8,356,0,0,348,360,-4,-340,-340,0,0,-336,-8,0,-4,-332,12,-328,12,0,0,0
2507,0x56061596e298,R,0x7ffeb330ae50,1,-4,-4,-4,340,-16,-4,-16,344,0,348,4,-4,-4,-4,-16,356,16,-336,16,4,4,-332,4,4,0,4,-332,-324,16,-320,4,4
2510,0x56061596e29d,R,0x7ffeb330ae60,1,16,12,20,356,12,12,356,360,16,12,12,12,12,368,12,372,-352,-352,-12,-12,-20,-348,-12,-344,0,-12,-348,-12,-12,-336,-20,-12
2513,0x56061596e2a4,R,0x7ffeb330ad00,1,-352,-340,-340,4,-340,-340,-352,8,-352,-340,-340,12,-332,16,-340,-340,352,0,340,340,332,340,336,8,352,12,352,340,340,16,340,340
2516,0x56061596e2aa,R,0x7ffeb330ae60,1,352,12,16,356,20,12,12,360,356,12,16,364,20,12,12,12,-12,-352,-12,-348,-12,-12,-16,-12,-348,-340,-12,-12,-20,-336,-16,-12
2519,0x56061596e2b1,W,0x7ffeb330ad00,1,-352,-340,-352,4,-340,-340,-340,8,-352,-340,-352,12,-340,-340,-340,16,340,340,332,4,340,8,352,340,352,12,340,340,340,16,352,340
2521,0x56061596e2b4,R,0x7ffeb330ae54,1,-12,340,340,344,4,0,8,348,0,0,344,352,4,0,8,356,0,0,-8,0,-4,-332,-336,0,0,-328,-8,0,-4,-324,-332,0
2522,0x56061596e2b4,W,0x7ffeb330ae54,1,0,340,340,0,-12,0,0,348,0,0,-12,352,-12,0,0,356,0,-336,0,0,12,-332,12,0,0,-328,0,0,12,-324,12,0
2524,0x56061596e2b8,R,0x7ffeb330ae54,1,0,0,-12,0,-12,344,4,348,8,0,0,352,344,0,4,356,-8,-336,-4,0,-336,-332,0,0,-8,-328,-4,0,-332,-324,12,-320
2526,0x56061596e2bb,R,0x7ffeb330ae4c,1,-8,-8,-20,332,332,336,-4,-8,-8,-8,-8,344,-20,-8,-20,348,8,-328,20,8,20,-324,8,8,8,-320,20,8,-324,8,8,-312
2529,0x56061596e294,R,0x7ffeb330ae54,1,8,0,0,340,340,0,-12,0,0,348,8,352,0,0,344,356,-4,-336,-336,0,0,-332,-8,0,-4,-328,12,-324,12,0,0,0
2532,0x56061596e298,R,0x7ffeb330ae50,1,-4,-4,-4,336,-16,-4,-16,340,0,344,4,-4,-4,-4,-16,352,16,-332,16,4,4,-328,4,4,0,4,-328,-320,16,-316,4,4
2535,0x56061596e29d,R,0x7ffeb330ae60,1,16,12,20,352,12,12,352,356,16,12,12,12,12,364,12,368,-348,-348,-12,-12,-20,-344,-12,-340,0,-12,-344,-12,-12,-332,-20,-12
2538,0x56061596e2a4,R,0x7ffeb330ad04,1,-348,-336,-336,4,-336,-336,-348,8,-348,-336,-336,12,-328,16,-336,-336,348,0,336,336,328,336,332,8,348,12,348,336,336,16,336,336
2541,0x56061596e2aa,R,0x7ffeb330ae60,1,348,12,16,352,20,12,12,356,352,12,16,360,20,12,12,12,-12,-348,-12,-344,-12,-12,-16,-12,-344,-336,-12,-12,-20,-332,-16,-12
2544,0x56061596e2b1,W,0x7ffeb330ad04,1,-348,-336,-348,4,-336,-336,-336,8,-348,-336,-348,12,-336,-336,-336,16,336,336,328,4,336,8,348,336,348,12,336,336,336,16,348,336
2546,0x56061596e2b4,R,0x7ffeb330ae54,1,-12,336,336,340,4,0,8,344,0,0,340,348,4,0,8,352,0,0,-8,0,-4,-328,-332,0,0,-324,-8,0,-4,-320,-328,0
2547,0x56061596e2b4,W,0x7ffeb330ae54,1,0,336,336,0,-12,0,0,344,0,0,-12,348,-12,0,0,352,0,-332,0,0,12,-328,12,0,0,-324,0,0,12,-320,12,0
2549,0x56061596e2b8,R,0x7ffeb330ae54,1,0,0,-12,0,-12,340,4,344,8,0,0,348,340,0,4,352,-8,-332,-4,0,-332,-328,0,0,-8,-324,-4,0,-328,-320,12,-180
2551,0x56061596e2bb,R,0x7ffeb330ae4c,1,-8,-8,-20,328,328,332,-4,-8,-8,-8,-8,340,-20,-8,-20,344,8,-324,20,8,20,-320,8,8,8,-316,20,8,-320,8,8,-172
2554,0x56061596e294,R,0x7ffeb330ae54,1,8,0,0,336,336,0,-12,0,0,344,8,348,0,0,340,352,-4,-332,-332,0,0,-328,-8,0,-4,-324,12,-320,12,0,0,-188
2557,0x56061596e298,R,0x7ffeb330ae50,1,-4,-4,-4,332,-16,-4,-16,336,0,340,4,-4,-4,-4,-16,348,16,-328,16,4,4,-324,4,4,0,4,-324,-316,16,-176,4,-184
2560,0x56061596e29d,R,0x7ffeb330ae60,1,16,12,20,348,12,12,348,352,16,12,12,12,12,360,12,364,-344,-344,-12,-12,-20,-340,-12,-336,0,-12,-340,-12,-12,-192,-20,-200
2563,0x56061596e2a4,R,0x7ffeb330ad08,1,-344,-332,-332,4,-332,-332,-344,8,-344,-332,-332,12,-324,16,-332,-332,344,0,332,332,324,332,328,8,344,12,344,332,332,152,332,144
2566,0x56061596e2aa,R,0x7ffeb330ae60,1,344,12,16,348,20,12,12,352,348,12,16,356,20,12,12,12,-12,-344,-12,-340,-12,-12,-16,-12,-340,-332,-12,-12,-20,-192,-16,-200
2569,0x56061596e2b1,W,0x7ffeb330ad08,1,-344,-332,-344,4,-332,-332,-332,8,-344,-332,-344,12,-332,-332,-332,16,332,332,324,4,332,8,344,332,344,12,332,332,332,152,344,144
2571,0x56061596e2b4,R,0x7ffeb330ae54,1,-12,332,332,336,4,0,8,340,0,0,336,344,4,0,8,348,0,0,-8,0,-4,-324,-328,0,0,-320,-8,0,-4,-180,-324,-188
2572,0x56061596e2b4,W,0x7ffeb330ae54,1,0,332,332,0,-12,0,0,340,0,0,-12,344,-12,0,0,348,0,-328,0,0,12,-324,12,0,0,-320,0,0,12,-180,12,-188
2574,0x56061596e2b8,R,0x7ffeb330ae54,1,0,0,-12,0,-12,336,4,340,8,0,0,344,336,0,4,348,-8,-328,-4,0,-328,-324,0,0,-8,-320,-4,0,-324,-180,12,-188
2576,0x56061596e2bb,R,0x7ffeb330ae4c,1,-8,-8,-20,324,324,328,-4,-8,-8,-8,-8,336,-20,-8,-20,340,8,-320,20,8,20,-316,8,8,8,-312,20,8,-316,-180,8,-180
2579,0x56061596e294,R,0x7ffeb330ae54,1,8,0,0,332,332,0,-12,0,0,340,8,344,0,0,336,348,-4,-328,-328,0,0,-324,-8,0,-4,-320,12,-180,12,-188,0,-46147772718660
2582,0x56061596e298,R,0x7ffeb330ae50,1,-4,-4,-4,328,-16,-4,-16,332,0,336,4,-4,-4,-4,-16,344,16,-324,16,4,4,-320,4,4,0,4,-320,-176,16,-184,4,-46147772718656
2585,0x56061596e29d,R,0x7ffeb330ae60,1,16,12,20,344,12,12,344,348,16,12,12,12,12,356,12,360,-340,-340,-12,-12,-20,-336,-12,-332,0,-12,-336,-200,-12,-200,-20,-46147772718672
2588,0x56061596e2a4,R,0x7ffeb330ad0c,1,-340,-328,-328,4,-328,-328,-340,8,-340,-328,-328,12,-320,16,-328,-328,340,0,328,328,320,328,324,8,340,148,340,140,328,140,328,-46147772718332
2591,0x56061596e2aa,R,0x7ffeb330ae60,1,340,12,16,344,20,12,12,348,344,12,16,352,20,12,12,12,-12,-340,-12,-336,-12,-12,-16,-12,-336,-192,-12,-200,-20,-200,-16,-46147772718672
2594,0x56061596e2b1,W,0x7ffeb330ad0c,1,-340,-328,-340,4,-328,-328,-328,8,-340,-328,-340,12,-328,-328,-328,16,328,328,320,4,328,8,340,328,340,148,328,140,328,140,340,-46147772718332
2596,0x56061596e2b4,R,0x7ffeb330ae54,1,-12,328,328,332,4,0,8,336,0,0,332,340,4,0,8,344,0,0,-8,0,-4,-320,-324,0,0,-180,-8,-188,-4,-188,-320,-46147772718660
2597,0x56061596e2b4,W,0x7ffeb330ae54,1,0,328,328,0,-12,0,0,336,0,0,-12,340,-12,0,0,344,0,-324,0,0,12,-320,12,0,0,-180,0,-188,12,-188,12,-46147772718660
2599,0x56061596e2b8,R,0x7ffeb330ae54,1,0,0,-12,0,-12,332,4,336,8,0,0,340,332,0,4,344,-8,-324,-4,0,-324,-320,0,0,-8,-180,-4,-188,-320,-188,12,0
2601,0x56061596e2bb,R,0x7ffeb330ae4c,1,-8,-8,-20,320,320,324,-4,-8,-8,-8,-8,332,-20,-8,-20,336,8,-316,20,8,20,-312,8,8,8,-172,20,-180,-312,-46147772718652,8,8
2604,0x56061596e294,R,0x7ffeb330ae54,1,8,0,0,328,328,0,-12,0,0,336,8,340,0,0,332,344,-4,-324,-324,0,0,-320,-8,0,-4,-180,12,-188,12,-46147772718660,0,-320
2607,0x56061596e298,R,0x7ffeb330ae50,1,-4,-4,-4,324,-16,-4,-16,328,0,332,4,-4,-4,-4,-16,340,16,-320,16,4,4,-316,4,4,0,-184,-316,-184,16,-316,4,-316
2610,0x56061596e29d,R,0x7ffeb330ae60,1,16,12,20,340,12,12,340,344,16,12,12,12,12,352,12,356,-336,-336,-12,-12,-20,-332,-12,-192,0,-200,-332,-46147772718672,-12,-332,-20,-332
2613,0x56061596e2a4,R,0x7ffeb330ad10,1,-336,-324,-324,4,-324,-324,-336,8,-336,-324,-324,12,-316,16,-324,-324,336,0,324,324,316,324,320,144,336,136,336,-46147772718336,324,4,344,4
2616,0x56061596e2aa,R,0x7ffeb330ae60,1,336,12,16,340,20,12,12,344,340,12,16,348,20,12,12,12,-12,-336,-12,-332,-12,-12,-16,-200,-332,-200,-12,-46147772718672,-20,-332,-1094445319928,-332
2619,0x56061596e2b1,W,0x7ffeb330ad10,1,-336,-324,-336,4,-324,-324,-324,8,-336,-324,-336,12,-324,-324,-324,16,324,324,316,4,324,144,336,136,336,136,324,-46147772718336,344,4,360,4
2621,0x56061596e2b4,R,0x7ffeb330ae54,1,-12,324,324,328,4,0,8,332,0,0,328,336,4,0,8,340,0,0,-8,0,-4,-180,-320,-188,0,-188,-8,-46147772718660,-1094445319916,-320,44,-320
2622,0x56061596e2b4,W,0x7ffeb330ae54,1,0,324,324,0,-12,0,0,332,0,0,-12,336,-12,0,0,340,0,-320,0,0,12,-180,12,-188,0,-188,20,-46147772718660,36,-320,52,-320
2624,0x56061596e2b8,R,0x7ffeb330ae54,1,0,0,-12,0,-12,328,4,332,8,0,0,336,328,0,4,340,-8,-320,-4,0,-320,-180,0,-188,-8,-188,-1094445319916,-46147772718660,44,-320,52,0
2626,0x56061596e2bb,R,0x7ffeb330ae4c,1,-8,-8,-20,316,316,320,-4,-8,-8,-8,-8,328,-20,-8,-20,332,8,-312,20,8,20,-172,8,-180,28,-180,44,-46147772718652,52,8,68,8
2629,0x56061596e294,R,0x7ffeb330ae54,1,8,0,0,324,324,0,-12,0,0,332,8,336,0,0,328,340,-4,-320,-320,0,0,-180,-8,-188,-1094445319916,-188,36,0,52,0,60,-180
2632,0x56061596e298,R,0x7ffeb330ae50,1,-4,-4,-4,320,-16,-4,-16,324,0,328,4,-4,-4,-4,-16,336,16,-316,16,4,4,-176,24,-184,-1094445319912,-46147772718656,48,4,56,-176,72,-176
2635,0x56061596e29d,R,0x7ffeb330ae60,1,16,12,20,336,12,12,336,340,16,12,12,12,12,348,12,352,-332,-332,-12,-12,-20,-192,8,-200,24,-46147772718672,32,-192,48,-192,64,-192
2638,0x56061596e2a4,R,0x7ffeb330ad14,1,-332,-320,-320,4,-320,-320,-332,8,-332,-320,-320,12,-312,16,-320,-320,332,0,320,320,312,132,-1094445319596,132,356,140,372,140,388,140,404,140
2641,0x56061596e2aa,R,0x7ffeb330ae60,1,332,12,16,336,20,12,12,340,336,12,16,344,20,12,12,12,-12,-332,-12,-192,8,-200,-1094445319928,-46147772718672,32,-192,48,-192,64,-192,-46147772718672,-192
2644,0x56061596e2b1,W,0x7ffeb330ad14,1,-332,-320,-332,4,-320,-320,-320,8,-332,-320,-332,12,-320,-320,-320,16,320,320,312,140,340,132,356,-46147772718340,372,140,388,140,404,140,-46147772718364,140
2646,0x56061596e2b4,R,0x7ffeb330ae54,1,-12,320,320,324,4,0,8,328,0,0,324,332,4,0,8,336,0,0,-8,-188,-1094445319916,-188,44,-46147772718660,60,-180,76,-180,-46147772718660,-180,-46147772718668,-180
2647,0x56061596e2b4,W,0x7ffeb330ae54,1,0,320,320,0,-12,0,0,328,0,0,-12,332,-12,0,0,336,0,-180,20,-188,36,-188,52,-46147772718660,68,-180,84,-180,-46147772718684,-180,-46147772718684,-180
2649,0x56061596e2b8,R,0x7ffeb330ae54,1,0,0,-12,0,-12,324,4,328,8,0,0,332,324,0,4,336,-8,-180,-1094445319916,-188,44,-188,60,-46147772718660,76,-180,-46147772718660,-180,-46147772718668,-180,-188,-180
2651,0x56061596e2bb,R,0x7ffeb330ae4c,1,-8,-8,-20,312,312,316,-4,-8,-8,-8,-8,324,-20,-8,-20,328,28,-172,44,-180,60,-180,76,-46147772718652,92,-172,-46147772718676,-172,-46147772718676,-172,-172,-172
2656,0x56061596e2c8,R,0x7ffeb330ae68,1,28,20,20,340,340,20,8,20,20,348,28,352,20,20,344,356,-1094445319936,-200,24,-208,40,-208,56,-46147772718680,-46147772718680,-200,-46147772718688,-200,-208,-200,-192,-200
2658,0x56061596e2cc,R,0x7effe12a6768,1,-1094445319936,-1094445319916,-1094445319916,-1094445319596,-1094445319928,-1094445319916,-1094445319928,-1094445319592,-1094445319912,-1094445319588,-1094445319908,-1094445319916,-1094445319916,-1094445319916,-1094445319928,-1094445319580,1094445319952,1094445319736,1094445319968,1094445319728,1094445319984,1094445319728,1094445320000,-45053327398744,-45053327398768,1094445319736,-45053327398768,1094445319736,1094445319736,1094445319736,1094445319744,1094445319736
2662,0x56061596e2e0,R,0x7ffeb330ae78,1,1094445319952,36,44,356,36,36,356,360,40,36,36,36,36,368,36,372,8,-216,24,-224,40,-224,-46147772718696,-46147772718696,-46147772718704,-216,-224,-216,-208,-216,-46147772718720,-216
2664,0x56061596e2e1,R,0x7ffeb330ae80,1,8,44,24,364,44,44,32,368,32,44,44,372,52,376,44,44,8,-224,24,-232,40,-232,-46147772718728,-46147772718704,-46147772718728,-224,-224,-224,-216,-224,-46147772718728,-232
2666,0x56061596e2e3,R,0x7ffeb330ae88,1,8,52,1094445319968,372,60,52,52,376,372,52,56,380,60,52,52,52,8,-232,24,-240,-46147772718712,-240,-46147772718720,-46147772718712,-240,-232,-224,-232,-224,-240,-46147772718720,-240
2668,0x56061596e2e5,R,0x7ffeb330ae90,1,8,60,24,380,40,60,60,384,48,60,48,388,60,60,60,392,8,-240,24,-248,-46147772718744,-248,-46147772718744,-46147772718720,-240,-240,-232,-248,-46147772718728,-248,-46147772718744,-248
2670,0x56061596e2e7,R,0x7ffeb330ae98,1,8,68,24,388,1094445319984,68,76,392,68,68,388,396,72,68,76,400,8,-248,-46147772718728,-256,-46147772718736,-256,-256,-46147772718728,-248,-256,-240,-256,-46147772718752,-256,-46147772718752,-256
2672,0x56061596e2e9,R,0x7ffeb330aea0,1,8,76,24,396,40,76,56,400,76,76,64,404,64,76,76,408,8,-256,-46147772718760,-264,-46147772718760,-264,-264,-264,-248,-264,-46147772718760,-264,-46147772718760,-264,-264,-264
2674,0x56061596e2ea,R,0x7ffeb330aea8,1,8,84,24,404,40,84,1094445320000,408,92,84,84,412,404,84,88,416,-46147772718744,-264,-46147772718752,-272,-46147772718768,-46147772718744,-264,-272,-256,-272,-46147772718768,-272,-272,-272,-272,-46147772718744
2677,0x56061596e124,R,0x560615971010,1,-46147772718744,-46147772718660,-46147772718728,-46147772718340,-46147772718712,-46147772718660,-46147772718696,-46147772718336,-46147772718680,-46147772718660,-46147772718660,-46147772718332,-46147772718672,-46147772718660,-46147772718672,-46147772718328,-24,46147772718480,-8,46147772718472,46147772718472,0,46147772718488,46147772718472,46147772718488,46147772718472,46147772718472,46147772718472,46147772718472,0,46147772718480,0
2680,0x56061596e12d,W,0x7ffeb330ada0,1,46147772718480,-180,-256,140,-240,-180,-224,144,1094445319736,-180,-172,148,-180,-180,140,152,-46147772718504,-8,-46147772718504,-8,0,-46147772718480,8,-8,-8,-8,-8,-46147772718480,0,-46147772718480,0,
2682,0x56061596e12e,R,0x560615970ff8,1,-24,-46147772718504,-46147772718768,-46147772718364,-46147772718752,-46147772718684,-46147772718736,-46147772718360,-46147772718720,-46147772718684,-46147772718704,-46147772718356,-46147772718684,-46147772718684,-46147772718696,-46147772718352,16,46147772718496,46147772718496,46147772718496,46147772718504,46147772718496,46147772718512,46147772718496,46147772718496,24,46147772718504,24,46147772718504,,46147772718512,
2686,0x56061596e13b,R,0x560615971008,1,16,-46147772718488,-46147772718752,-46147772718668,-46147772718744,-46147772718668,-46147772718728,-46147772718344,-46147772718712,-46147772718668,-45053327398752,-46147772718340,-46147772718660,-46147772718668,-46147772718668,-46147772718336,-16,46147772718480,46147772718480,8,46147772718496,46147772718480,46147772718496,8,46147772718488,8,46147772718488,,46147772718496,,46147772718496,
2688,0x56061596e142,W,0x7ffeb330ad98,1,46147772718480,-8,46147772718472,-188,-264,132,-256,136,-240,-188,-224,140,-208,-188,-188,144,-46147772718496,0,8,-46147772718472,16,-46147772718472,8,-46147772718472,8,,16,,16,,,
2691,0x56061596e054,R,0x560615970ff8,1,-16,-46147772718496,0,-46147772718684,-46147772718768,-46147772718364,-46147772718752,-46147772718684,-46147772718744,-46147772718684,-46147772718728,-46147772718356,-45053327398768,-46147772718684,-46147772718676,-46147772718352,46147772718496,46147772718496,46147772718504,24,46147772718512,24,46147772718504,,46147772718512,,46147772718512,,,,,
2693,0x56061596e147,W,0x7ffeb330ad98,1,46147772718496,0,46147772718496,-8,46147772718472,132,-264,-188,-248,136,-240,140,-224,-188,-208,144,0,-46147772718472,16,-46147772718472,16,,16,,16,,,,,,,
2699,0x56061596e0d8,R,0x7ffeb330ad98,1,46147772718496,0,46147772718480,-8,46147772718472,-188,-272,-188,-256,136,-240,-188,-232,-188,1094445319728,144,8,-46147772718472,16,,16,,16,,,,,,,,,
2701,0x56061596e14c,W,0x560615971010,1,-46147772718472,-46147772718472,8,-46147772718472,24,-46147772718660,-46147772718744,-46147772718340,-46147772718736,-46147772718336,-46147772718720,-46147772718660,-46147772718704,-46147772718332,-46147772718696,-46147772718328,46147772718480,,46147772718488,,46147772718488,,,,,,,,,,,
2703,0x56061596e153,R,0x7ffeb330ada0,1,8,46147772718480,46147772718504,8,46147772718504,0,46147772718480,140,-256,-180,-248,-180,-232,148,-216,-180,8,,8,,,,,,,,,,,,,
2705,0x56061596e154,R,0x7ffeb330ada8,1,8,46147772718488,46147772718512,16,46147772718496,8,46147772718488,-172,-256,-172,-240,152,-232,156,-216,-172,0,,,,,,,,,,,,,,,
2710,0x56061596e2f8,R,0x7ffeb330ada8,1,0,46147772718488,16,16,46147772718496,16,46147772718512,-172,-256,148,-248,152,-232,-172,-224,-172,,,,,,,,,,,,,,,,
