Delta_with_1_last_read_mean,Delta_with_1_last_read_std,Delta_with_1_last_read_median,Delta_with_1_last_read_unique,Delta_with_1_last_read_zeros_frac,Delta_with_1_last_read_entropy,Delta_with_1_last_read_mode,Delta_with_1_last_read_mode_count,Delta_with_1_last_read_ac_first_peak,Delta_with_1_last_read_fft_dom_bin,Delta_with_1_last_read_fft_dom_power,Delta_with_1_last_write_mean,Delta_with_1_last_write_std,Delta_with_1_last_write_median,Delta_with_1_last_write_unique,Delta_with_1_last_write_zeros_frac,Delta_with_1_last_write_entropy,Delta_with_1_last_write_mode,Delta_with_1_last_write_mode_count,Delta_with_1_last_write_ac_first_peak,Delta_with_1_last_write_fft_dom_bin,Delta_with_1_last_write_fft_dom_power,start,length,Target,Fine grained Target
1.297242351163222,18.68063553112849,0.0,54,0.12,2.669402573399123,0.0,12,0,34,379.6676307625552,1.2373630964013378,18.17711769155883,0.0,47,0.14,2.622417065908439,0.0,14,5,6,361.5643401206418,0,100,8,1
1.6830468664831724,19.87416185355708,0.0,49,0.14,2.5315012566103183,0.0,14,0,24,538.4591627501565,-0.7373948132603908,18.440348442339147,0.0,45,0.16,2.340069582617532,0.0,16,0,3,354.11210637510453,50,100,8,1
1.3751618324209252,20.38187473722356,0.0,49,0.13,2.425479494950315,0.0,13,9,33,546.6947001659664,4.183380061948253,20.08700078154903,0.0,55,0.16,1.939153015836543,0.0,16,3,22,575.3741509152186,0,100,8,2
-0.325060867332943,19.55023139404832,0.0,44,0.14,2.622354876890411,0.0,14,6,33,546.8171739125107,4.415258437350083,20.25219693110062,0.0,46,0.11,1.9461252079908744,0.0,11,18,22,485.8204331129942,50,100,8,2
-0.0179984977808944,16.788205501639617,0.0,36,0.15,2.677151096236176,0.0,15,5,19,408.1728492745999,0.0744398032204256,19.230998270175004,-1.6094379124341005,35,0.12,2.296449220219569,0.0,12,21,10,483.4440746891671,100,100,8,2
1.8963868123597616,19.136043012821226,0.0,42,0.19,2.4358086790034004,0.0,19,4,25,582.2625119262856,-2.185105200058243,19.09163171807268,0.0,38,0.2,2.424180842409294,0.0,20,11,10,492.13437082381193,150,100,8,2
2.858072411643574,21.33951134028655,0.0,48,0.18,2.115821901151824,0.0,18,4,24,578.8109601841745,-5.790653254906991,15.446069457207503,0.0,30,0.22,2.6304409788736267,0.0,22,8,12,385.7524411291292,200,100,8,2
1.4127533975816235,20.40622139252386,0.0,49,0.13,2.1167275889210453,0.0,13,9,33,547.0517073888033,4.183315429401485,20.09289252543176,0.0,54,0.16,1.939153015836543,0.0,16,3,22,576.5227539795884,0,100,8,3
-0.0990166476793233,20.614407704128244,0.8047189562170501,36,0.16,2.3719674925418515,3.367295829986474,17,9,33,744.3123447342475,8.844122833875828,20.99935488490225,3.367295829986474,52,0.16,1.8448894518923733,0.0,16,9,22,841.0479781872422,50,100,8,3
0.1434145243459267,19.18585445053005,0.0,45,0.15,2.592169725897138,0.0,15,6,33,641.1462914787126,5.825270765214671,19.91067008921159,0.0,52,0.15,1.9168957861828544,0.0,15,9,22,656.7245121366818,100,100,8,3
-0.2846278399051035,18.838496650352305,0.0,44,0.16,2.653810370708679,0.0,16,5,19,509.4486432683569,2.4209385448183056,19.610618037062856,0.0,43,0.1,2.3652387913249378,-1.6094379124341005,10,21,19,450.2876630293629,150,100,8,3
-0.3586032953242001,19.459892868476302,0.0,29,0.17,2.532254058330832,0.0,17,5,19,709.5110164263671,0.726845115098875,19.97679605750588,-1.6094379124341005,35,0.07,2.5325510827421014,-2.833213344056216,10,21,5,632.5878027565852,200,100,8,3
-0.0083811197465927,17.89635872432019,0.0,29,0.18,2.536265192879025,0.0,18,5,19,519.3577330484835,1.043009078257592,19.952419221974736,0.0,34,0.13,2.548625182137696,0.0,13,21,5,599.7105042030661,250,100,8,3
0.3299280566397218,15.26116988734219,0.0,36,0.19,2.4495641872414,0.0,19,11,18,411.6139856944952,-0.3811879576004207,21.39509670050716,0.0,39,0.22,2.3990159482271256,0.0,22,11,18,641.2936767362434,300,100,8,3
2.131403830451544,18.6102342112416,1.0986122886681098,43,0.19,2.4908420043464727,0.0,19,4,25,535.0031323278857,-3.981461293473541,19.809691976123503,0.0,32,0.24,1.8673648746817044,0.0,24,11,18,579.274522449369,350,100,8,3
3.568533750412627,22.974994457190352,0.0,56,0.2,1.9879889264179345,0.0,20,4,25,1055.4579435754868,-6.3149650051318815,15.507555561761045,0.0,29,0.24,2.10955527669281,0.0,24,4,25,637.0959534671213,400,100,8,3
2.466007987452924,21.90479321087044,0.0,47,0.2,2.118213617733585,0.0,20,4,44,593.3771122688065,-7.327403890199894,13.743223752110408,0.0,22,0.23,2.2142314514745443,0.0,23,9,11,362.4846647259424,450,100,8,3
1.4311466884407629,20.413817790331443,0.0,49,0.13,2.1167275889210453,0.0,13,9,33,547.2111769312718,4.184114885913561,20.10535141706911,0.0,55,0.16,1.939153015836543,0.0,16,3,22,578.0719018987066,0,100,8,4
-0.0802592844539183,20.62409509466105,0.8047189562170501,36,0.16,2.3719674925418515,3.367295829986474,17,9,33,744.6148563497517,8.848225055031833,21.01162443675912,3.367295829986474,52,0.16,1.8448894518923733,0.0,16,9,22,842.8732231381788,50,100,8,4
-0.0661276558000723,20.14351763076301,0.8047189562170501,34,0.16,2.3854513996645834,3.367295829986474,17,9,33,716.8033240338157,7.865161236719044,20.696730332391283,2.19722457733622,49,0.18,1.8615568955267383,0.0,18,9,22,831.8186256081526,100,100,8,4
-0.2344755914752201,20.048552800737653,0.0,35,0.17,2.3616976345531864,0.0,17,9,33,711.8186891002299,8.145128592479624,20.36172382661693,2.19722457733622,48,0.17,1.8554971003162075,0.0,17,9,22,815.8893589313321,150,100,8,4
0.1169806874885469,20.293332963299022,0.0,36,0.18,2.3458302968399445,0.0,18,9,33,747.6762216199116,9.462866723356548,20.286611421443187,3.367295829986474,52,0.16,1.823373400089632,0.0,16,9,22,806.5943429035423,200,100,8,4
-0.1920333179877277,19.449378309012683,0.0,46,0.16,2.646724828498136,0.0,16,9,33,615.487864874947,6.409827606818071,20.2461849749764,0.0,52,0.14,1.9159794043319505,0.0,14,9,22,651.3919725478253,250,100,8,4
-0.0357808535743161,19.101436684923364,0.0,40,0.14,2.609095175635696,0.0,14,5,19,612.621026241113,1.442609330405138,19.457706348649943,-1.6094379124341005,40,0.08,2.281608233789581,-1.6094379124341005,11,21,19,527.9846941760904,300,100,8,4
0.1249400586874871,19.72966122033973,0.0,38,0.13,2.489684301245977,-2.19722457733622,14,5,19,743.2068292104732,0.6861404236788887,20.47554648690617,-1.6094379124341005,39,0.04,2.136084668550496,-2.833213344056216,10,21,19,650.5491275835107,350,100,8,4
-0.5109180954185597,19.21587443756591,0.0,36,0.15,2.478488556961337,0.0,15,5,19,707.6685923112553,1.3372519104891578,20.919808994191303,-1.6094379124341005,40,0.05,2.130802110112529,-2.833213344056216,9,21,19,660.1889371251993,400,100,8,4
-0.325808864761917,19.466716079123355,0.0,31,0.16,2.268247088185574,0.0,16,5,19,711.9891972025977,0.4185379198655965,20.23426415104283,-1.6094379124341005,35,0.06,2.1203312123346376,-2.833213344056216,10,21,19,655.6469739361773,450,100,8,4
-0.3034482754704092,19.467844859721342,0.0,32,0.16,2.435519940085328,0.0,16,5,19,727.3161941112243,1.341354036689809,20.908643514246474,-1.6094379124341005,36,0.07,2.015914847405424,-2.833213344056216,11,21,5,669.026335318615,500,100,8,4
-0.1024696989213767,18.43589551960029,0.0,28,0.16,2.5015416687925707,0.0,16,5,19,657.626201540773,2.1784606575882752,20.361255385659582,-0.8047189562170501,34,0.09,2.0266162591957926,-2.833213344056216,9,21,5,617.5241960051551,550,100,8,4
0.5894539380768182,16.20597229332635,0.8047189562170501,37,0.16,2.5197391513506164,0.0,16,11,18,437.04477259097416,-0.8470466296412272,20.690718598574573,0.0,39,0.17,2.495945071652545,0.0,17,11,18,564.8371755480065,600,100,8,4
1.0307087155128765,13.575182357905245,2.19722457733622,32,0.18,2.4419523194308925,3.218875824868201,19,11,18,545.3472339734893,-2.4180981970564805,21.02625213790093,0.0,31,0.27,1.783318314174852,0.0,27,11,18,961.3412165438306,650,100,8,4
0.9535196815095592,13.569705765139052,2.19722457733622,32,0.18,2.4144039619664857,0.0,18,11,18,549.5414033397095,-2.472259201078314,21.018636460116745,0.0,31,0.27,1.805923361253495,0.0,27,11,18,962.9673883647896,700,100,8,4
2.183483963692304,18.62221826811168,1.0986122886681098,43,0.19,2.4908420041912125,0.0,19,4,25,539.0341208774174,-3.997105751465912,19.814427831773248,0.0,32,0.24,1.8673648746817044,0.0,24,11,18,580.8176283703142,750,100,8,4
3.4496523102482315,23.54411345231139,0.0,55,0.22,1.9205752319738147,0.0,22,4,25,1257.3712651334238,-6.684001849312518,15.660030717341648,-1.0986122886681098,23,0.24,1.7010895953417249,-2.19722457733622,24,4,25,742.1532769211751,800,100,8,4
3.848877195788434,24.68967507959317,0.0,53,0.24,1.6275066868669654,0.0,24,4,25,1444.692924433359,-7.866484421722013,13.71344702812573,-1.0986122886681098,16,0.25,1.5000000001995288,-2.19722457733622,25,4,25,813.3119897913962,850,100,8,4
3.0539449948758857,22.31666288850498,0.0,50,0.22,2.0956652059243583,0.0,22,4,25,722.3256727251367,-7.027383529532641,13.523137578360627,0.0,21,0.24,2.188547201172263,0.0,24,4,25,412.5705970833714,900,100,8,4
1.527313857689791,19.79844284555507,0.0,41,0.2,2.5667059093967035,0.0,20,2,44,820.8862424149738,-6.8426662114905366,13.690653548725203,0.0,19,0.22,1.9819427342030256,0.0,22,2,11,544.4330857309152,950,100,8,4
1.602709438977848,19.284683578245755,0.0,39,0.22,2.559018888103574,0.0,22,2,44,817.7219517818528,-6.4205766466713285,13.535780192592766,0.0,17,0.22,1.970893955763899,0.0,22,2,11,548.2887922558975,1000,100,8,4
1.4288587398628882,20.39132743763844,0.0,49,0.13,2.425479494950315,0.0,13,9,33,546.7517163862084,4.182819142413062,20.1112809551181,0.0,54,0.16,1.939153015836543,0.0,16,3,22,579.5925704459142,0,100,8,5
-0.0914196667004655,20.59111452837417,0.8047189562170501,36,0.16,2.395183474318373,3.367295829986474,17,9,33,744.5216680762379,8.849299341111742,21.01751192867458,3.367295829986474,52,0.16,1.8448894518923733,0.0,16,9,22,844.7263914243885,50,100,8,5
-0.0820659640122481,20.10890939011212,0.8047189562170501,34,0.16,2.3854513996645834,3.367295829986474,17,9,33,716.7351807996629,7.862846712639127,20.701151181631303,2.19722457733622,49,0.18,1.8615568955267383,0.0,18,9,22,833.3835623113592,100,100,8,5
-0.2441687258535259,20.019760510788547,0.0,35,0.17,2.4203859318343777,0.0,17,9,33,711.6475761378812,8.139054878003787,20.36738569378709,2.19722457733622,48,0.17,1.8554971003162075,0.0,17,9,22,817.360053767101,150,100,8,5
0.1044049940112297,20.264228512284483,0.0,36,0.18,2.254874052784487,0.0,18,9,33,747.581364282383,9.460089165248949,20.290477610006903,3.367295829986474,52,0.16,1.823373400089632,0.0,16,9,22,807.8932842022297,200,100,8,5
0.0437538721848977,20.60577325776616,1.6094379124341005,37,0.16,2.271967492501368,3.367295829986474,17,9,33,710.193505321119,9.16161676256312,20.671719238324584,3.367295829986474,53,0.16,1.8298974145407207,0.0,16,9,22,815.009466085492,250,100,8,5
-0.0417144397157361,20.602009773323392,1.6094379124341005,36,0.15,2.262624169239159,3.367295829986474,17,9,33,743.250331612761,8.259748525849648,20.810202490209697,2.782260203661347,50,0.17,1.8497108687135888,0.0,17,9,22,802.6752741927152,300,100,8,5
0.5426323728006557,20.108150629456336,0.8047189562170501,34,0.17,2.263904328064533,0.0,17,9,33,689.1114633977905,8.17741349444654,20.83596338406548,2.19722457733622,49,0.17,1.8599294923377307,0.0,17,9,22,845.3955464398308,350,100,8,5
0.1775380984999838,19.780582245237024,0.8047189562170501,35,0.18,2.23314157657696,0.0,18,9,33,716.3458914308181,9.112954689458832,20.21249489327264,2.782260203661347,50,0.17,1.825750466051449,0.0,17,9,22,827.5089660204958,400,100,8,5
-0.1319732539752782,20.517983534837256,0.8047189562170501,36,0.17,2.2438744275531737,0.0,17,9,33,719.3123050974328,9.7907503261806,20.395088244641567,3.367295829986474,53,0.16,1.810416999163876,0.0,16,9,22,818.2848255455413,450,100,8,5
-0.0415610745175007,20.60666069235386,0.8047189562170501,36,0.16,2.262624169239159,3.367295829986474,17,9,33,744.6999550612569,8.858214602849877,21.047009261309007,3.367295829986474,52,0.16,1.8448894518923733,0.0,16,9,22,849.042208805688,500,100,8,5
-0.1707639493689806,19.07021203752951,0.0,45,0.15,2.748104355538985,0.0,15,9,33,547.2196973281129,3.4875938479243165,19.736848366850328,0.0,48,0.13,1.9445778167627847,0.0,13,18,22,534.8339986542319,550,100,8,5
-0.2493327372125261,18.475855333470083,0.0,47,0.15,2.6638409142697443,0.0,15,5,19,690.453923259327,1.1837944264834053,19.47988022642064,-1.6094379124341005,45,0.07,2.364983744489173,-1.6094379124341005,11,21,19,615.466404734674,600,100,8,5
0.1204763908929033,19.73258922951308,0.0,42,0.15,2.5425802911913604,0.0,15,5,19,743.8733042473222,1.6000162305153194,20.671819696137703,-1.6094379124341005,45,0.05,2.140422278048086,-1.6094379124341005,10,21,19,668.1935363392464,650,100,8,5
0.1214362977270057,19.72668741562632,0.0,37,0.14,2.5210824673098737,-2.19722457733622,14,5,19,743.0514458949594,0.4095795254236231,20.71686145148089,-1.6094379124341005,41,0.05,2.175748326971037,-2.833213344056216,10,21,19,677.7395061350275,700,100,8,5
-0.5987748037247774,19.20377460651688,0.0,34,0.16,2.455869885304532,0.0,16,5,19,701.4273240026396,1.3867586892722767,20.90655367853193,-1.6094379124341005,39,0.07,2.109380650416853,-2.833213344056216,10,21,5,662.2484812953282,750,100,8,5
-0.2949552280411633,19.46704332583047,0.0,36,0.16,2.432105536182504,0.0,16,5,19,713.6567977191448,0.6670084978258712,19.9839654886228,-1.6094379124341005,38,0.06,2.2235656494172344,-2.833213344056216,10,21,19,632.539669172322,800,100,8,5
-0.197494274849338,19.47699318175657,0.0,38,0.14,2.4703134982283275,-2.19722457733622,15,5,19,733.926203774499,1.2187503215205522,20.923178886545248,-1.6094379124341005,43,0.04,2.067014677059921,-2.833213344056216,11,21,5,659.8751220711891,850,100,8,5
-0.8134377149288217,19.46099376076587,0.0,37,0.15,2.4307575144974938,0.0,15,5,19,740.25344513989,1.012857924613379,21.171363067132297,-1.6094379124341005,43,0.05,2.139847463452683,-2.833213344056216,9,21,19,685.8423780703887,900,100,8,5
0.1295638390618781,19.72989652807613,0.0,41,0.14,2.5206207155404607,-2.19722457733622,14,5,19,751.5288700873025,-0.2892762988305516,20.2414299208793,-1.6094379124341005,44,0.05,2.2462320430559006,-2.833213344056216,10,21,19,666.8666036833182,950,100,8,5
-0.2494102134885277,19.47289695466108,0.0,36,0.15,2.464209157334265,0.0,15,5,19,732.261286012722,1.2700047082117287,20.91583358077767,-1.6094379124341005,42,0.06,2.089185799528404,-2.833213344056216,10,21,5,663.5487953975404,1000,100,8,5
-0.3204371051982793,19.462968344612424,0.0,33,0.16,2.442835313466313,0.0,16,5,19,707.9335483954573,1.369145520619227,20.43134516356452,-1.6094379124341005,35,0.06,2.124249605382183,-1.6094379124341005,10,21,5,653.9986695284114,1050,100,8,5
0.0581646241308281,19.71576545362332,0.0,29,0.14,2.466564932204157,-2.19722457733622,14,5,19,738.6945027307853,0.7524530591384299,20.45910054690364,-1.6094379124341005,33,0.05,2.5108701379488854,-2.833213344056216,11,21,19,643.7106749528683,1100,100,8,5
-0.5813649059327683,19.19898016866172,0.0,25,0.16,2.2846877368889937,0.0,16,5,19,702.8040657271814,1.407236039371436,20.90056288595216,-1.6094379124341005,32,0.06,1.950227295595293,-2.833213344056216,11,21,5,661.9675353888977,1150,100,8,5
-0.0250863781005248,17.083008167030147,0.0,30,0.17,2.501020306475912,0.0,17,5,19,397.08398728537264,-0.080946314699445,20.466189931134224,0.0,35,0.14,2.545987791063237,0.0,14,21,10,548.1231066653389,1200,100,8,5
0.9655836996231854,14.29546014800392,2.19722457733622,33,0.18,2.475525633196036,0.0,18,11,18,404.4953545225467,-1.267801743348803,20.652175397333217,0.0,37,0.25,2.34375125173046,0.0,25,11,18,705.3198550220493,1250,100,8,5
1.4011950502316135,13.933822212698288,2.19722457733622,32,0.18,2.424024129901889,0.0,18,11,18,576.1001132903873,-2.134886817965377,21.281968094791967,0.0,32,0.27,1.7963031933179092,0.0,27,11,18,979.7776701543628,1300,100,8,5
1.00813260920437,13.591435773478992,2.19722457733622,32,0.18,2.4583075572196105,0.0,18,11,18,547.2098476793861,-2.44945359977453,21.013920594550857,0.0,31,0.28,1.783318314174852,0.0,28,11,18,958.1303949525216,1350,100,8,5
1.0292140039525624,13.580714506186071,2.19722457733622,31,0.19,2.4583075572196105,0.0,19,11,18,551.3846381190222,-2.1348868179644107,21.28196809479443,0.0,32,0.27,1.7963031933179092,0.0,27,11,18,979.7776701544474,1400,100,8,5
1.0989572132212917,13.596010729806734,2.19722457733622,32,0.18,2.404598944497975,3.218875824868201,19,11,18,548.396653611842,-2.417264841525936,21.02011236870848,0.0,31,0.27,1.783318314174852,0.0,27,11,18,961.064982247162,1450,100,8,5
1.009420043560901,13.587657261574469,2.19722457733622,32,0.18,2.437889117421012,0.0,18,11,18,554.4575113297104,-2.47142584554774,21.012496613678408,0.0,31,0.27,1.805923361253495,0.0,27,11,18,962.6911678282167,1500,100,8,5
2.1916956178089806,18.619565539710354,1.0986122886681098,42,0.19,2.4692703022977978,0.0,19,4,25,541.1585171977075,-4.001296635115754,19.8093382523692,0.0,32,0.24,1.8673648746817044,0.0,24,11,18,581.1744832102075,1550,100,8,5
3.451419941988352,23.53758602085384,0.0,55,0.22,1.9205752319738147,0.0,22,4,25,1257.1733229554409,-6.687451972488452,15.65542068598817,-1.0986122886681098,23,0.24,1.7616626425771198,-2.19722457733622,24,4,25,741.9139193117769,1600,100,8,5
3.825701214247053,24.6848655069256,0.0,52,0.25,1.5611819421386397,0.0,25,4,25,1445.5061045764703,-7.886141791018451,13.695073499641628,-1.0986122886681098,16,0.26,1.5000000002393346,0.0,26,4,25,813.1429296958981,1650,100,8,5
3.8257012142473616,24.68486550692749,0.0,53,0.25,1.5611819421386397,0.0,25,4,25,1445.5061045765806,-7.842197299472335,13.720284691828414,0.0,16,0.26,1.4895642179521462,0.0,26,4,25,813.2854101205819,1700,100,8,5
3.4891621866637355,24.534819625328826,0.0,52,0.25,1.5611819421386393,0.0,25,4,25,1420.8625082748747,-7.842197299471427,13.72380296935377,-1.0986122886681098,16,0.24,1.5000000001995288,2.19722457733622,26,4,25,815.5612012716978,1750,100,8,5
3.5184402756535373,23.67570662453528,0.0,54,0.23,2.0204156363311867,0.0,23,4,25,1119.687785085522,-7.464729861003303,13.60798064867232,0.0,22,0.24,2.130630733077767,0.0,24,4,25,637.513441279972,1800,100,8,5
2.5562563341760365,21.403800289357047,0.0,47,0.2,2.1035887218052123,0.0,20,4,45,686.3780302876658,-6.969122579596493,13.581223236002131,0.0,22,0.23,2.219623672187724,0.0,23,9,45,398.1902378580163,1850,100,8,5
1.6044752690448396,19.21229796778984,0.0,38,0.22,2.509360866103015,0.0,22,2,44,819.0461741237093,-6.474633627266872,13.504264066855852,0.0,17,0.22,1.9766369686077268,0.0,22,2,11,544.1766832983863,1900,100,8,5
1.4333058247500734,19.32460473808405,0.0,39,0.22,2.509360866103015,0.0,22,2,44,855.8142563379307,-6.76355099246363,13.724789534951666,0.0,17,0.22,1.9766369686077268,0.0,22,2,11,564.5418749367391,1950,100,8,5
1.6557742287696104,19.207944889419178,0.0,38,0.22,2.4996745943468666,0.0,22,2,44,814.0038544914345,-6.448984133692045,13.514097919802884,0.0,17,0.23,1.9766369686077268,0.0,23,2,11,545.9832873125125,2000,100,8,5
1.944691579007698,19.4353891557296,0.0,38,0.22,2.4996745943468666,0.0,22,2,44,840.3535906704258,-6.4109175087942285,13.537550828387351,0.0,17,0.22,1.970893955763899,3.80666248977032,23,2,11,549.8923233264717,2050,100,8,5
1.4586386801293652,20.415350228696926,0.0,49,0.13,2.264427769792554,0.0,13,9,33,547.1787041526857,4.185928528884642,20.13974516456865,0.0,55,0.16,1.939153015836543,0.0,16,5,22,581.8315138708713,0,100,8,6
-0.0569955352253664,20.620952689122863,0.8047189562170501,36,0.16,2.262624169239159,3.367295829986474,17,9,33,745.1852979085331,8.860304838494212,21.04781045167337,3.367295829986474,52,0.16,1.8448894518923733,0.0,16,9,22,847.6984700037752,50,100,8,6
-0.0513927034697507,20.13777847637208,0.8047189562170501,34,0.16,2.2600847137604982,3.367295829986474,17,9,33,717.1934223221231,7.868399301429727,20.730115043035635,2.19722457733622,49,0.18,1.8615568955267383,0.0,18,9,22,836.2462311404083,100,100,8,6
-0.2130015723944383,20.048369380203763,0.0,35,0.17,2.2600847137604982,0.0,17,9,33,712.429395817025,8.140042981553675,20.39818176545603,2.19722457733622,48,0.17,1.8554971003162075,0.0,17,9,22,820.2072444515856,150,100,8,6
0.1330163411494891,20.29157560460513,0.0,36,0.18,2.254874052784487,0.0,18,9,33,748.0962829748538,9.466752292754308,20.319328568041303,3.367295829986474,52,0.16,1.823373400089632,0.0,16,9,22,810.5968810262768,200,100,8,6
0.0713061719121715,20.63382590800568,1.6094379124341005,37,0.16,2.271967492501368,3.367295829986474,17,9,33,710.6291725641082,9.168057784230752,20.69935334301045,3.367295829986474,53,0.16,1.8298974145407207,0.0,16,9,22,817.1853852554786,250,100,8,6
-0.018887233124521,20.62872550151899,1.6094379124341005,36,0.15,2.262624169239159,3.367295829986474,17,9,33,743.8491844071988,8.268449718403666,20.834740537966567,2.782260203661347,50,0.17,1.8497108687135888,0.0,17,9,22,804.5359858421309,300,100,8,6
0.5645989954672911,20.133818108684203,0.8047189562170501,34,0.17,2.263904328064533,0.0,17,9,33,689.5189324895352,8.18318818907493,20.85997504927233,2.19722457733622,49,0.17,1.8599294923377307,0.0,17,9,22,847.2850700386699,350,100,8,6
0.1996888179933844,19.806007853953936,0.8047189562170501,35,0.18,2.23314157657696,0.0,18,9,33,716.9455864696457,9.116469213200858,20.237986842534955,2.782260203661347,50,0.17,1.825750466051449,0.0,17,9,22,829.3382240341529,400,100,8,6
-0.1112120232644782,20.54350967867777,0.8047189562170501,36,0.17,2.2438744275531737,0.0,17,9,33,719.7640846143526,9.797635559523862,20.41959163887153,3.367295829986474,53,0.16,1.810416999163876,0.0,16,9,22,820.1785527258057,450,100,8,6
-0.0226508342706532,20.6322615742442,0.8047189562170501,36,0.16,2.395183474240552,3.367295829986474,17,9,33,745.2820672080718,8.866678701179074,21.069398318935765,3.367295829986474,52,0.16,1.8448894518923733,0.0,16,9,22,850.6214337123868,500,100,8,6
-0.0197563027753786,20.14857282004022,0.8047189562170501,34,0.16,2.3854513995867426,3.367295829986474,17,9,33,717.1110625052767,7.868399301425844,20.751129182279627,2.19722457733622,49,0.18,1.8615568955267383,0.0,18,9,22,839.2818731016106,550,100,8,6
-0.1773473478627383,20.06098673452971,0.0,35,0.17,2.361697634475299,0.0,17,9,33,712.6987313600407,8.133669118860368,20.422871529375705,2.19722457733622,48,0.17,1.8554971003162075,0.0,17,9,22,823.3811393613425,600,100,8,6
0.1662318805173564,20.3027446178596,0.0,36,0.18,2.442519633847976,0.0,18,9,33,748.0517653047618,9.466752292749742,20.34226693446444,3.367295829986474,52,0.16,1.823373400089632,0.0,16,9,22,813.7156262190286,650,100,8,6
0.1024027451335216,20.64430560984088,1.6094379124341005,37,0.16,2.5485768705972487,3.367295829986474,17,9,33,710.4054316484929,9.168057784226487,20.72063049332765,3.367295829986474,53,0.16,1.8298974145407207,0.0,16,9,22,819.6180899666483,700,100,8,6
0.0057127247338517,20.637193348301736,1.6094379124341005,36,0.15,2.565293342545008,3.367295829986474,17,9,33,743.9104710489212,8.273116249666128,20.85133567607834,2.782260203661347,50,0.17,1.8497108687135888,0.0,17,9,22,806.572441067945,750,100,8,6
0.5878016510261667,20.14139866229683,0.8047189562170501,34,0.17,2.551494454797068,0.0,17,9,33,689.4141521783716,8.183188189070748,20.87597333831295,2.19722457733622,49,0.17,1.8599294923377307,0.0,17,9,22,849.3886792636105,800,100,8,6
0.2262840428879953,19.81539022551229,0.8047189562170501,35,0.18,2.527243110000939,0.0,18,9,33,717.0362753684641,9.111802681929952,20.25745695465369,2.782260203661347,50,0.17,1.825750466051449,0.0,17,9,22,831.4075986441064,850,100,8,6
-0.085981132450212,20.55253966247744,0.8047189562170501,36,0.17,2.542589388976961,0.0,17,9,33,719.681166636554,9.797635559519255,20.437601839429863,3.367295829986474,53,0.16,1.810416999163876,0.0,16,9,22,822.4114861230005,900,100,8,6
-0.0024908596847759,20.63940379022496,0.8047189562170501,36,0.16,2.565293342545008,3.367295829986474,17,9,33,745.3272534216935,8.870540352213673,21.08314634986564,3.367295829986474,52,0.16,1.8448894518923733,0.0,16,9,22,852.3189375207878,950,100,8,6
-0.0005387277178563,20.15558855803512,0.8047189562170501,34,0.16,2.5555612678912,3.367295829986474,17,9,33,717.0519722553977,7.868399301421964,20.76479343543724,2.19722457733622,49,0.18,1.8615568955267383,0.0,18,9,22,841.1154747173117,1000,100,8,6
-0.1551453945570659,20.069342211675696,0.0,35,0.17,2.5476748404930296,0.0,17,9,33,712.8517816039542,8.129807467817322,20.439140610905948,2.19722457733622,48,0.17,1.8554971003162075,0.0,17,9,22,825.3473875191264,1050,100,8,6
0.30870613102873,19.72253153934096,0.0,43,0.17,2.570253295611529,0.0,17,9,33,697.0319062191428,7.188581029468873,19.557999340757423,2.19722457733622,52,0.15,1.8768567051382767,0.0,15,9,22,644.0154894420594,1100,100,8,6
0.4440177607224809,19.23316712219625,0.0,48,0.14,2.669982362826505,0.0,14,21,38,497.3036490616036,3.357101172183109,20.266394618930065,0.0,50,0.09,1.9483888681752013,-1.6094379124341005,10,21,4,489.72656613487095,1150,100,8,6
-0.4507020131497063,19.245677237348897,0.0,39,0.14,2.586779935727875,-2.19722457733622,14,5,19,711.4602686692548,1.239796380257096,20.952889323874807,-1.6094379124341005,45,0.05,2.150227295516754,-2.833213344056216,10,21,19,667.7856413158776,1200,100,8,6
-0.2037494698463142,19.49833486851579,0.0,41,0.15,2.532354058225297,-2.19722457733622,15,5,19,720.9159714546016,0.5699123182688478,20.01830992188172,-1.6094379124341005,43,0.05,2.2987192793210336,-2.833213344056216,10,21,19,642.3800905773979,1250,100,8,6
-0.1401306033971802,19.504647059875,0.0,41,0.14,2.56740855763515,-2.19722457733622,15,5,19,738.0821498224094,1.1627192469918624,20.953647531423485,-1.6094379124341005,45,0.04,2.089185799528404,-2.833213344056216,10,21,19,665.3899424334542,1300,100,8,6
-0.753629317444719,19.491419979440803,0.0,42,0.15,2.483761414714713,0.0,15,5,19,744.6774848831077,0.9537157970136064,21.2021748376618,-1.6094379124341005,47,0.05,2.1588718486819283,-1.6094379124341005,9,21,19,692.2873564395422,1350,100,8,6
0.1874623752815216,19.757448463896345,0.0,42,0.14,2.564986062485473,-2.19722457733622,14,5,19,756.0235614552557,-0.3432166921352706,20.267855855260148,-1.6094379124341005,44,0.05,2.279704862664885,-2.833213344056216,10,21,19,672.7191585868377,1400,100,8,6
-0.1545071092458002,19.50486140178271,0.0,42,0.14,2.568193798270528,-2.19722457733622,14,5,19,738.6390518746463,1.1764341818408637,20.952146576662475,-1.6094379124341005,45,0.05,2.109380650416853,-2.833213344056216,10,21,19,666.4536112239196,1450,100,8,6
-0.2060512784325895,19.498351721238382,0.0,41,0.15,2.546855782361193,0.0,15,5,19,716.4657157107697,1.2525783023828256,20.47313830628317,-1.6094379124341005,43,0.05,2.31000223179031,-1.6094379124341005,10,21,5,643.3118677340459,1500,100,8,6
0.2114284251928109,19.75543012943395,0.0,44,0.13,2.579258500255777,-2.19722457733622,14,5,19,749.6274054967047,0.6002997586879097,20.50437719320276,-1.6094379124341005,46,0.04,2.2844633528840013,-2.833213344056216,10,21,19,659.4298800592386,1550,100,8,6
-0.4372413855611189,19.241320564476933,0.0,38,0.15,2.56806275604859,0.0,15,5,19,712.528095165812,1.2642230005596695,20.9474151228915,-1.6094379124341005,44,0.05,2.150227295516754,-2.833213344056216,9,21,19,667.79628474293,1600,100,8,6
-0.2258210940523281,19.492581220786462,0.0,41,0.15,2.5172563081828656,-2.19722457733622,15,5,19,719.3615911439786,0.3189389275263828,20.260204854631635,-1.6094379124341005,42,0.05,2.27829595677145,-2.833213344056216,10,21,19,665.6819537894595,1650,100,8,6
-0.1869062745040201,19.492927522680898,0.0,42,0.14,2.517213057551432,-2.19722457733622,15,5,19,735.1678589843041,1.2255892972233675,20.93890046618273,-1.6094379124341005,45,0.05,2.089185799528404,-2.833213344056216,10,21,19,662.2197800090672,1700,100,8,6
-0.1703026393584829,19.494014946656563,0.0,39,0.15,2.5425063076797016,0.0,15,5,19,721.2370528449657,1.3308501609951713,20.93679870011009,-1.6094379124341005,44,0.05,2.150227295516754,-1.6094379124341005,9,21,19,659.6180870186447,1750,100,8,6
0.1443804168944799,19.75474201915997,0.0,41,0.13,2.5538034750253464,-2.19722457733622,14,5,19,754.4163718623432,-0.0076659530344885,20.50842584177669,-1.6094379124341005,43,0.04,2.2571129700933623,-2.833213344056216,10,21,19,694.8617996868126,1800,100,8,6
-0.1516403048466829,19.50530003282609,0.0,36,0.14,2.580064708346875,-2.19722457733622,14,5,19,738.7200076562358,1.1896618430537906,20.95364132849428,-1.6094379124341005,42,0.05,2.130802110112529,-2.833213344056216,10,21,19,665.6569281914647,1850,100,8,6
-0.180578661561177,19.492763140949748,0.0,41,0.15,2.5390919037768773,0.0,15,5,19,714.1744002630301,0.9346369047982565,20.24361628541928,-1.6094379124341005,43,0.05,2.275471390273286,-1.6094379124341005,10,21,5,636.9628857244589,1900,100,8,6
-0.1848370931943142,19.490823458670533,0.0,37,0.13,2.5330686086028256,-2.19722457733622,15,5,19,735.874195493073,0.9424041865659772,20.716488243157663,-1.6094379124341005,42,0.04,2.1758315283477585,-2.833213344056216,11,21,5,651.0121691439055,1950,100,8,6
-0.5692596033869015,19.22269840381337,0.0,35,0.16,2.4920396673438265,0.0,16,5,19,708.8205894597048,1.3486194790377986,20.92863566136383,-1.6094379124341005,40,0.06,2.109380650416853,-2.833213344056216,10,21,19,658.9078083099186,2000,100,8,6
-0.2642781974198354,19.48175491882391,0.0,34,0.17,2.4735226306476674,0.0,17,5,19,715.5931114511486,-0.2016113745844549,20.24712265247673,-1.6094379124341005,37,0.07,2.2133624782797265,-2.833213344056216,10,21,19,658.7167725412402,2050,100,8,6
-0.2330449400010789,19.49054707647437,0.0,39,0.15,2.532987562882816,0.0,15,5,19,733.0957462700471,1.2549721855713636,20.93498824700869,-1.6094379124341005,43,0.06,2.089185799528404,-2.833213344056216,10,21,5,662.0983054832323,2100,100,8,6
0.0896350346620232,19.739432097971243,0.0,42,0.15,2.5052269162584806,0.0,15,5,19,742.222573560399,1.6357977591026378,20.675979585606,-1.6094379124341005,44,0.05,2.140422278048086,-1.6094379124341005,10,21,19,665.2838250301376,2150,100,8,6
0.1272929953891272,19.7376930584766,0.0,37,0.13,2.491129410448361,-2.19722457733622,14,5,19,743.9370779081991,0.3979782613102815,20.72996381531993,-1.6094379124341005,41,0.04,2.145519986952904,-2.833213344056216,10,21,19,679.466429333284,2200,100,8,6
-0.5329612284578645,19.2251368252075,0.0,29,0.14,2.4896848763210526,-2.19722457733622,14,5,19,706.1027040567807,1.3220555955661073,20.930923153923825,-1.6094379124341005,35,0.05,2.130802110112529,-2.833213344056216,11,21,19,659.6295851721953,2250,100,8,6
-0.285232497173393,19.479760072314985,0.0,30,0.15,2.447494545157992,-2.19722457733622,15,5,19,715.3049106099875,0.6648070848550779,19.99593491607442,-1.6094379124341005,34,0.05,2.5183162287986245,-2.833213344056216,12,21,19,633.1596425117809,2300,100,8,6
-0.2983254843464646,19.474618825261263,0.0,28,0.15,2.447494545157992,-2.19722457733622,15,5,19,728.1573856685326,1.3209141279419998,20.917966673475792,-1.6094379124341005,33,0.05,1.9309869597241245,-2.833213344056216,12,21,5,669.2317385242885,2350,100,8,6
-0.9183481451917604,19.45439778067996,0.0,24,0.16,2.2922381930385063,0.0,16,5,19,734.2905090985213,1.1184346247613306,21.16658786909449,-1.6094379124341005,33,0.06,2.0414460714041884,-2.833213344056216,10,21,5,687.1789516174061,2400,100,8,6
0.3197872509965187,17.3812441433873,0.0,31,0.17,2.633898406098998,0.0,17,5,19,423.1216935518133,-0.080946343277039,20.4805279006358,0.0,36,0.14,2.545987791063237,0.0,14,11,10,548.5289866988138,2450,100,8,6
1.343672223605929,13.950157396326832,2.19722457733622,34,0.18,2.4109895580636587,0.0,18,11,18,398.7093472890493,-0.8962851330680789,20.44617396461412,0.0,35,0.26,2.3369146587927103,0.0,26,11,18,735.7613536482983,2500,100,8,6
1.1278833443923526,13.643295021751229,2.19722457733622,32,0.18,2.3691107118723926,0.0,18,11,18,561.1189502406244,-2.473424798090812,21.027224150489943,0.0,31,0.27,1.805923361253495,0.0,27,11,18,963.3537323460604,2550,100,8,6
0.8053616761509249,14.007053560569943,2.19722457733622,33,0.18,2.3787308798077955,0.0,18,11,18,581.387304796306,-2.76624143996429,21.224297878209025,0.0,31,0.27,1.7905831680206528,0.0,27,11,18,961.7606708465923,2600,100,8,6
1.1403220363127515,13.625882124071651,2.19722457733622,32,0.18,2.359305694403882,2.19722457733622,19,11,18,554.010746060868,-2.451452552316415,21.028649222719768,0.0,31,0.28,1.783318314174852,0.0,28,11,18,962.090534853392,2650,100,8,6
1.13826369066117,13.624953321712402,2.19722457733622,32,0.18,2.359305694403882,2.19722457733622,19,11,18,553.2450290249603,-2.766241439964022,21.22429787820841,0.0,31,0.27,1.7905831680206528,0.0,27,11,18,961.7606708465656,2700,100,8,6
1.1159560882687996,13.62471737729409,2.19722457733622,32,0.19,2.3691107118723926,0.0,19,11,18,555.4008444545356,-2.451452552316153,21.02864922271932,0.0,31,0.28,1.783318314174852,0.0,28,11,18,962.0905348533768,2750,100,8,6
1.1709808650394136,13.631410306230665,2.19722457733622,33,0.18,2.425630439130948,0.0,18,11,18,553.6616960633552,-2.766241439963101,21.224297878208382,0.0,32,0.27,1.7905831680206528,0.0,27,11,18,961.7606708465736,2800,100,8,6
1.1375867209383117,13.621918683884674,2.19722457733622,32,0.18,2.404598944497975,3.218875824868201,19,11,18,556.0274727325759,-2.4192637940672004,21.0348397203042,0.0,31,0.27,1.783318314174852,0.0,27,11,18,961.242895313707,2850,100,8,6
1.4453414114710348,13.96056323849933,2.19722457733622,33,0.18,2.378730879807796,0.0,18,11,18,578.7919713872525,-2.1366636646691863,21.296891334441217,0.0,32,0.27,1.7963031933179092,0.0,27,11,18,980.451970396854,2900,100,8,6
1.089496887044141,13.63337850902891,2.19722457733622,32,0.18,2.3691107118723926,0.0,18,11,18,552.0556026740343,-2.4514525523159407,21.028649222716982,0.0,31,0.28,1.783318314174852,0.0,28,11,18,958.792972088843,2950,100,8,6
1.10459461716536,13.620328595676485,2.19722457733622,32,0.19,2.414403961966486,0.0,19,11,18,557.7754001173241,-2.136663664667982,21.29689133444331,0.0,32,0.27,1.7963031933179092,0.0,27,11,18,980.4519703969517,3000,100,8,6
1.1318038847527023,13.620788061211153,2.19722457733622,32,0.18,2.428084099952501,3.218875824868201,19,11,18,551.2821430723957,-2.419263794067044,21.03483972030162,0.0,31,0.27,1.783318314174852,0.0,27,11,18,961.72757975784,3050,100,8,6
1.0903280135538274,13.627701780225978,2.19722457733622,32,0.18,2.414403961966486,0.0,18,11,18,558.212151705646,-2.473424798089105,21.02722415048861,0.0,31,0.27,1.805923361253495,0.0,27,11,18,963.3537323459668,3100,100,8,6
2.28440120326952,18.65109125027366,1.0986122886681098,43,0.19,2.509396659892308,0.0,19,4,25,540.0677244811882,-4.0102483298134,19.8241705715345,0.0,32,0.24,1.8673648746817044,0.0,24,11,18,582.1568766499864,3150,100,8,6
3.474157351662906,23.556770427794746,0.0,55,0.22,1.9205752319738147,0.0,22,4,25,1259.2652359390524,-6.698180513886797,15.666538290838444,-1.0986122886681098,23,0.24,1.7616626425771198,-2.19722457733622,24,4,25,742.3978034207877,3200,100,8,6
3.828588590136624,24.702249305731904,0.0,52,0.25,1.5611819421386397,0.0,25,4,25,1446.5162637790254,-7.89169443696003,13.704630178982228,-1.0986122886681098,16,0.26,1.5000000002393346,0.0,26,4,25,813.6979491185296,3250,100,8,6
3.828588590136981,24.702249305732863,0.0,53,0.25,1.5611819421386397,0.0,25,4,25,1446.5162637790854,-7.847749945413525,13.729841594981783,0.0,16,0.26,1.4895642179521462,0.0,26,4,25,813.8403323749767,3300,100,8,6
3.491827456716262,24.552096161987446,0.0,52,0.25,1.5611819421386393,0.0,25,4,25,1421.8541672186195,-7.847749945413865,13.733357424176114,-1.0986122886681098,16,0.24,1.5000000001995288,2.19722457733622,26,4,25,816.1160710261586,3350,100,8,6
3.491827456716663,24.552096161989827,0.0,52,0.25,1.5611819421386393,0.0,25,4,25,1421.8541672187566,-7.891694436961339,13.708152474334286,-2.19722457733622,16,0.24,1.5095699921973325,-2.19722457733622,26,4,25,815.9622515799658,3400,100,8,6
3.828588590136891,24.702249305733524,0.0,52,0.25,1.5611819421386397,0.0,25,4,25,1446.5162637791195,-7.891694436960551,13.70463017898312,-1.0986122886681098,16,0.26,1.5000000002393346,0.0,26,4,25,813.6979491185814,3450,100,8,6
3.828588590136408,24.702249305730952,0.0,53,0.25,1.5611819421386397,0.0,25,4,25,1446.5162637789688,-7.847749945413027,13.729841594980927,0.0,16,0.26,1.4895642179521462,0.0,26,4,25,813.8403323749269,3500,100,8,6
3.4918274567161736,24.552096161986928,0.0,52,0.25,1.5611819421386393,0.0,25,4,25,1421.8541672185895,-7.847749945413701,13.733357424175832,-1.0986122886681098,16,0.24,1.5000000001995288,2.19722457733622,26,4,25,816.1160710261423,3550,100,8,6
3.491827456715953,24.55209616198578,0.0,52,0.25,1.5611819421386393,0.0,25,4,25,1421.854167218523,-7.891694436960079,13.708152474332111,-2.19722457733622,16,0.24,1.5095699921973325,-2.19722457733622,26,4,25,815.9622515798397,3600,100,8,6
3.716757489551575,23.997926869443152,0.0,55,0.22,1.9773871505430696,0.0,22,4,25,1223.5731698571792,-7.508126968094788,13.58398583365082,0.0,22,0.25,2.0999675659042887,0.0,25,4,25,704.3362570571006,3650,100,8,6
2.811569919123668,21.621390916101745,0.0,48,0.21,2.1071583561577847,0.0,21,4,45,675.972048384255,-6.918987950202321,13.612819441757727,0.0,21,0.23,2.2011832447805366,0.0,23,9,45,377.89760275788313,3700,100,8,6
1.3024998664497018,19.5166213224913,0.0,39,0.22,2.509360866103015,0.0,22,2,44,836.7952767599406,-6.768659454555706,13.733980595379396,0.0,18,0.22,1.9766369686077268,0.0,22,2,11,566.6706360668209,3750,100,8,6
1.6172887410786558,19.23720839968793,0.0,38,0.23,2.4996745943468666,0.0,23,2,44,823.0987766643337,-6.453870566907809,13.523140320685323,0.0,17,0.23,1.9766369686077268,0.0,23,2,11,547.0962222130635,3800,100,8,6
1.932077617877403,19.464380051063824,0.0,39,0.22,2.4996745943468666,0.0,22,2,44,856.8077144412974,-6.491937191805402,13.51027119335882,0.0,17,0.22,1.9766369686077268,0.0,22,2,11,539.8014974707725,3850,100,8,6
1.5916392236361825,19.241057275134946,0.0,38,0.22,2.509360866103015,0.0,22,2,44,820.5811700473661,-6.479520060482218,13.513303773141605,0.0,17,0.22,1.9766369686077268,0.0,22,2,11,544.5439640693285,3900,100,8,6
1.4190807526988352,19.35460307957981,0.0,39,0.22,2.509360866103015,0.0,22,2,44,857.3962606316734,-6.768659541042557,13.73398075098689,0.0,17,0.22,1.9766369686077268,0.0,22,2,11,564.9204105276981,3950,100,8,6
1.6429381869175608,19.236744931077663,0.0,38,0.22,2.4996745943468666,0.0,22,2,44,815.5386586498222,-6.453870566907397,13.52314032068456,0.0,17,0.23,1.9766369686077268,0.0,23,2,11,546.3506888430314,4000,100,8,6
1.9320776544591944,19.46438023812278,0.0,38,0.22,2.4996745943468666,0.0,22,2,44,841.8962775509573,-6.415803942009582,13.546591305495104,0.0,17,0.22,1.970893955763899,3.80666248977032,23,2,11,550.2594771761445,4050,100,8,6
1.647733893852332,19.23703399454377,0.0,38,0.22,2.4996745943468666,0.0,22,2,44,815.9444061303178,-6.423425342529957,13.541051194976964,0.0,17,0.22,1.970893955763899,0.0,22,2,11,546.639041038822,4100,100,8,6
1.6172886564562738,19.23720849398932,0.0,38,0.23,2.4996745943468666,0.0,23,2,44,823.0987825907802,-6.415803942009376,13.546591305494726,0.0,17,0.22,1.970893955763899,3.80666248977032,23,2,11,550.2594771761277,4150,100,8,6
1.3024997579595528,19.516621439909645,0.0,39,0.22,2.509360866103015,0.0,22,2,44,836.7952844007563,-6.768659454554682,13.733980595377552,0.0,18,0.22,1.9766369686077268,0.0,22,2,11,566.6706360667374,4200,100,8,6
1.433443600628802,20.37143128278308,0.0,49,0.13,2.2961757885935707,0.0,13,9,33,546.2664952959736,4.184455906870827,20.150221958570107,0.0,55,0.16,1.939153015836543,0.0,16,5,22,583.609940598558,0,100,8,7
-0.1016322009165708,20.55363195145583,0.8047189562170501,36,0.16,2.262624169239159,3.367295829986474,17,9,33,744.97066501168,8.863016256640943,21.059971616578707,3.367295829986474,52,0.16,1.8448894518923733,0.0,16,9,22,850.031085135534,50,100,8,7
-0.0985170016080058,20.068457610474105,0.8047189562170501,34,0.16,2.3854513995867426,3.367295829986474,17,9,33,717.1979526702428,7.8657688866052125,20.741846037333143,2.19722457733622,49,0.18,1.8615568955267383,0.0,18,9,22,838.6771812760488,100,100,8,7
-0.2439848900458401,19.99199216681764,0.0,35,0.17,2.361697634475299,0.0,17,9,33,712.0841626130004,8.131649808067094,20.41326207735904,2.19722457733622,48,0.17,1.8554971003162075,0.0,17,9,22,822.7613258044497,150,100,8,7
0.0997040019033708,20.235607515137893,0.0,36,0.18,2.345830296762024,0.0,18,9,33,748.0503738805917,9.463595659025938,20.332837238152862,3.367295829986474,52,0.16,1.823373400089632,0.0,16,9,22,813.0998929578338,200,100,8,7
0.0235349549621132,20.566203296723003,1.6094379124341005,37,0.16,2.4728731168197773,3.367295829986474,17,9,33,709.757166949982,9.165006381925195,20.711238908560105,3.367295829986474,53,0.16,1.8298974145407207,0.0,16,9,22,819.0719379952402,250,100,8,7
-0.0724204808129026,20.5589495071516,1.6094379124341005,36,0.15,2.545671930042812,3.367295829986474,17,9,33,743.5858006382917,8.269818154875596,20.842433879338834,2.782260203661347,50,0.17,1.8497108687135888,0.0,17,9,22,806.0751190743339,300,100,8,7
0.5095924754797937,20.06386269764824,0.8047189562170501,34,0.17,2.551494454797068,0.0,17,9,33,689.6148378456164,8.180452542827574,20.86712805270203,2.19722457733622,49,0.17,1.8599294923377307,0.0,17,9,22,848.867045311319,350,100,8,7
0.1603816824183393,19.74732864226625,0.8047189562170501,35,0.18,2.527243110000939,0.0,18,9,33,716.6793098622296,9.109313728176009,20.248393357462646,2.782260203661347,50,0.17,1.825750466051449,0.0,17,9,22,830.8942408709237,400,100,8,7
-0.1516413718711592,20.48548231857525,0.8047189562170501,36,0.17,2.542589388976961,0.0,17,9,33,719.7891718780588,9.79437369437287,20.42863231797427,3.367295829986474,53,0.16,1.810416999163876,0.0,16,9,22,821.8790797281764,450,100,8,7
-0.0801846683244505,20.56127550039795,0.8047189562170501,36,0.16,2.565293342545008,3.367295829986474,17,9,33,745.0046118015447,8.86711301304308,21.074469738797298,3.367295829986474,52,0.16,1.8448894518923733,0.0,16,9,22,851.8383882487605,500,100,8,7
-0.0781346561511391,20.075947045128235,0.8047189562170501,34,0.16,2.5555612678912,3.367295829986474,17,9,33,717.1211845220139,7.86576888660129,20.75623088220157,2.19722457733622,49,0.18,1.8615568955267383,0.0,18,9,22,840.6227033706032,550,100,8,7
-0.220491439648423,20.000874363367128,0.0,35,0.17,2.5476748404930296,0.0,17,9,33,712.233132569982,8.127553051656426,20.4303691735734,2.19722457733622,48,0.17,1.8554971003162075,0.0,17,9,22,824.842778362204,600,100,8,7
0.1221300249149534,20.24365623627928,0.0,36,0.18,2.5318075027797544,0.0,18,9,33,747.995372082008,9.463595659021326,20.3491699884488,3.367295829986474,52,0.16,1.823373400089632,0.0,16,9,22,815.1943221457105,650,100,8,7
0.0449873997415309,20.5739057140804,1.6094379124341005,37,0.16,2.565293342545008,3.367295829986474,17,9,33,709.5785757797266,9.165006381920886,20.726668065630378,3.367295829986474,53,0.16,1.8298974145407207,0.0,16,9,22,820.7424162116575,700,100,8,7
-0.0551701570664539,20.565258180880047,1.6094379124341005,36,0.15,2.565293342545008,3.367295829986474,17,9,33,743.6123993014457,8.273143351494685,20.85469779551846,2.782260203661347,50,0.17,1.8497108687135888,0.0,17,9,22,807.49786834931,750,100,8,7
0.5261504720787787,20.069621838301,0.8047189562170501,34,0.17,2.551494454797068,0.0,17,9,33,689.5242571689932,8.18045254282335,20.879068878255254,2.19722457733622,49,0.17,1.8599294923377307,0.0,17,9,22,850.3652530253391,800,100,8,7
0.1796116167322423,19.75449483347656,0.8047189562170501,35,0.18,2.527243110000939,0.0,18,9,33,716.7270961812811,9.105988531548384,20.26300978833849,2.782260203661347,50,0.17,1.825750466051449,0.0,17,9,22,832.3873006779363,850,100,8,7
-0.1331296269277831,20.492449299144265,0.8047189562170501,36,0.17,2.542589388976961,0.0,17,9,33,719.7119555601179,9.794373694368218,20.442394100252624,3.367295829986474,53,0.16,1.810416999163876,0.0,16,9,22,823.5136134838341,900,100,8,7
-0.0652255533441542,20.56685681328043,0.8047189562170501,36,0.16,2.565293342545008,3.367295829986474,17,9,33,745.0254381938757,8.870010820129854,21.08512366376649,3.367295829986474,52,0.16,1.8448894518923733,0.0,16,9,22,853.0954628204857,950,100,8,7
-0.0636977397171247,20.08148818214405,0.8047189562170501,34,0.16,2.5555612678912,3.367295829986474,17,9,33,717.0645061846266,7.865768886597368,20.766885726129747,2.19722457733622,49,0.18,1.8615568955267383,0.0,18,9,22,841.9989079303024,1000,100,8,7
-0.2036546966553748,20.00750360143236,0.0,35,0.17,2.5476748404930296,0.0,17,9,33,712.3355037625881,8.124655244561115,20.44310896390561,2.19722457733622,48,0.17,1.8554971003162075,0.0,17,9,22,826.3324017763169,1050,100,8,7
0.1384147172505752,20.24974295472953,0.0,36,0.18,2.5318075027797544,0.0,18,9,33,747.9515053590778,9.463595659016717,20.361525859665893,3.367295829986474,52,0.16,1.823373400089632,0.0,16,9,22,816.712737988266,1100,100,8,7
0.0607553251786599,20.57978891102456,1.6094379124341005,37,0.16,2.565293342545008,3.367295829986474,17,9,33,709.4440376389269,9.165006381916577,20.73846249433322,3.367295829986474,53,0.16,2.025716928548408,0.0,16,9,22,821.9690543472891,1150,100,8,7
-0.042369871559493,20.570115937458443,1.6094379124341005,36,0.15,2.565293342545008,3.367295829986474,17,9,33,743.6308265145085,8.275634469332905,20.86418737181659,2.782260203661347,50,0.17,2.1843418412451228,0.0,17,9,22,808.5527993192376,1200,100,8,7
0.5385672072591895,20.07410986880428,0.8047189562170501,34,0.17,2.551494454797068,0.0,17,9,33,689.4553566146341,8.180452542819127,20.888355785389447,2.19722457733622,49,0.17,2.211000546911137,0.0,17,9,22,851.488480047935,1250,100,8,7
0.1941500421429957,19.760105757125185,0.8047189562170501,35,0.18,2.527243110000939,0.0,18,9,33,716.7609289026504,9.10349741370163,20.2744105329919,2.782260203661347,50,0.17,2.1898103935881004,0.0,17,9,22,833.5156954730958,1300,100,8,7
-0.119003995150326,20.497940276505503,0.8047189562170501,36,0.17,2.542589388976961,0.0,17,9,33,719.6510157360373,9.794373694363562,20.453257039838903,3.367295829986474,53,0.16,2.1888591233162007,0.0,16,9,22,824.7602889430715,1350,100,8,7
-0.0537270825089985,20.57128648596084,0.8047189562170501,36,0.16,2.565293342545008,3.367295829986474,17,9,33,745.0407180588163,8.872254826350586,21.093618019348707,3.367295829986474,52,0.16,2.2110434922616298,0.0,16,9,22,854.0614308299488,1400,100,8,7
-0.0525093991884793,20.085917082454245,0.8047189562170501,34,0.16,2.2600847136824065,3.367295829986474,17,9,33,717.0200178582103,7.865768886593447,20.77540988160597,2.19722457733622,49,0.18,2.214960146326077,0.0,18,9,22,843.0655076572565,1450,100,8,7
-0.1905228625835984,20.012826702905148,0.0,35,0.17,2.2600847136824065,0.0,17,9,33,712.4139297570484,8.122411238331846,20.453325599856328,2.19722457733622,48,0.17,2.225616823063389,0.0,17,9,22,827.4941344812795,1500,100,8,7
0.1512091429223315,20.254667817288293,0.0,36,0.18,2.254874052706385,0.0,18,9,33,747.9157117844771,9.463595659012102,20.371527025122656,3.367295829986474,52,0.16,2.208339538693046,0.0,16,9,22,817.9056023998423,1550,100,8,7
0.0732293287863718,20.584576062612864,1.6094379124341005,37,0.16,2.2719674924233,3.367295829986474,17,9,33,709.3365083931517,9.165006381912267,20.748066191840845,3.367295829986474,53,0.16,2.208339538693046,0.0,16,9,22,822.9399282021616,1600,100,8,7
-0.0321879589512553,20.574087290877,1.6094379124341005,36,0.15,2.2626241691610725,3.367295829986474,17,9,33,743.6451557902592,8.277627134154875,20.87197386132782,2.782260203661347,50,0.17,2.221657223648449,0.0,17,9,22,809.3923469208913,1650,100,8,7
0.5485054164426947,20.077806479123264,0.8047189562170501,34,0.17,2.263904327986449,0.0,17,9,33,689.4000225381025,8.180452542814901,20.89599486352897,2.19722457733622,49,0.17,2.211000546911137,0.0,17,9,22,852.3879391513665,1700,100,8,7
0.2058433282701277,19.76473911332547,0.8047189562170501,35,0.18,2.2331415764988143,0.0,18,9,33,716.7873418110771,9.101504748871124,20.283800315979303,2.782260203661347,50,0.17,2.1898103935881004,0.0,17,9,22,834.4236684156643,1750,100,8,7
-0.1075787764374698,20.50249205466943,0.8047189562170501,36,0.17,2.24387442747505,0.0,17,9,33,719.6010145608626,9.794373694358905,20.462272892997813,3.367295829986474,53,0.16,2.1888591233162007,0.0,16,9,22,825.7690387421891,1800,100,8,7
-0.0443849743809999,20.57497466974725,0.8047189562170501,36,0.16,2.2626241691610725,3.367295829986474,17,9,33,745.0529745688971,8.874086413618349,21.100715478625016,3.367295829986474,52,0.16,2.2110434922616298,0.0,16,9,22,854.846642512769,1850,100,8,7
-0.0433727462333743,20.0896209470894,0.8047189562170501,34,0.16,2.2600847136824065,3.367295829986474,17,9,33,716.9835996402084,7.865768886589523,20.78254412211789,2.19722457733622,49,0.18,2.214960146326077,0.0,18,9,22,843.9369636057218,1900,100,8,7
-0.1797557024530829,20.01729095282204,0.0,35,0.17,2.2600847136824065,0.0,17,9,33,712.4777327087916,8.120579651055552,20.461886469757715,2.19722457733622,48,0.17,2.225616823063389,0.0,17,9,22,828.4470189690228,1950,100,8,7
0.1617487133815874,20.25881897093826,0.0,36,0.18,2.254874052706385,0.0,18,9,33,747.8857345755928,9.463595659007492,20.379959932061627,3.367295829986474,52,0.16,2.208339538693046,0.0,16,9,22,818.8886823962371,2000,100,8,7
0.0835507738137089,20.58862584230157,1.6094379124341005,37,0.16,2.2719674924233,3.367295829986474,17,9,33,709.2471511986515,9.165006381907956,20.75619533293698,3.367295829986474,53,0.16,2.208339538693046,0.0,16,9,22,823.7440614211888,2050,100,8,7
-0.0237329174941733,20.577457285861552,1.6094379124341005,36,0.15,2.2626241691610725,3.367295829986474,17,9,33,743.6570259860569,8.279287941960066,20.8786005145252,2.782260203661347,50,0.17,2.221657223648449,0.0,17,9,22,810.0901457915112,2100,100,8,7
0.5567919034763404,20.080959663914648,0.8047189562170501,34,0.17,2.263904327986449,0.0,17,9,33,689.3539327813829,8.180452542810677,20.902504554719627,2.19722457733622,49,0.17,2.211000546911137,0.0,17,9,22,853.1384624218813,2150,100,8,7
0.2156249774287758,19.76869743619573,0.8047189562170501,35,0.18,2.2331415764988143,0.0,18,9,33,716.8091624859046,9.0998439410574,20.291806310372063,2.782260203661347,50,0.17,2.1898103935881004,0.0,17,9,22,835.1837599174736,2200,100,8,7
-0.6166632314387708,19.423683803235164,0.0,41,0.17,2.765624388325667,0.0,17,9,33,672.848593881061,7.500844671914324,19.71340751458548,2.19722457733622,52,0.16,2.246050033255091,0.0,16,9,22,659.1295323863967,2250,100,8,7
0.1124813275734056,19.48006767485125,0.0,49,0.14,2.546994938870685,0.0,14,6,33,506.91489898105846,2.3532019237239155,20.177187329100622,-0.8047189562170501,49,0.09,1.8044492030637564,-1.6094379124341005,10,21,4,484.6688680796749,2300,100,8,7
-0.0969564294696803,19.515293347078348,0.0,43,0.14,2.616161113055892,-2.19722457733622,14,5,19,742.1442018623117,1.118252484270169,20.963749916122776,-1.6094379124341005,46,0.05,2.109380650416853,-2.833213344056216,10,21,19,671.9621482835898,2350,100,8,7
-0.1610933897184282,19.505598789208136,0.0,41,0.15,2.585857127624604,0.0,15,5,19,719.5412116316638,1.19273299632705,20.48611812664788,-1.6094379124341005,44,0.05,2.346098636499508,-1.6094379124341005,10,21,19,640.9177428408015,2400,100,8,7
0.2687974107130794,19.764731655604013,0.0,44,0.13,2.491665338049738,-2.19722457733622,14,5,19,753.2640608816479,0.5424048014246584,20.515139194433928,-1.6094379124341005,46,0.04,2.2844633528840013,-2.833213344056216,10,21,19,664.9301329961115,2450,100,8,7
-0.3702528001386513,19.25544021501945,0.0,39,0.15,2.579933666124937,0.0,15,5,19,716.6006962328207,1.1967085669750583,20.96195286458671,-1.6094379124341005,45,0.05,2.150227295516754,-2.833213344056216,9,21,19,674.21653828471,2500,100,8,7
-0.1921946850004874,19.4971555381986,0.0,41,0.15,2.556257653446276,-2.19722457733622,15,5,19,721.6989845882448,0.2849971331579018,20.26427501425863,-1.6094379124341005,42,0.05,2.2448231371624656,-2.833213344056216,10,21,19,668.6959817558148,2550,100,8,7
-0.126272121060628,19.50374171140506,0.0,42,0.14,2.59985968257836,-2.19722457733622,15,5,19,738.7711175901563,1.1643240024048094,20.95106133104968,-1.6094379124341005,44,0.05,2.089185799528404,-2.833213344056216,10,21,19,668.0278008676812,2600,100,8,7
-0.1027898763730318,19.50546170233803,0.0,41,0.15,2.5703134981895435,0.0,15,5,19,725.9817654193499,1.262706318425045,20.95028711599596,-1.6094379124341005,46,0.05,2.150227295516754,-1.6094379124341005,9,21,19,666.0274118703348,2650,100,8,7
0.1698708245258897,19.75563200795446,0.0,43,0.13,2.6167854109143,-2.19722457733622,14,5,19,755.9161383475453,-0.0258976548348336,20.507093702334256,-1.6094379124341005,44,0.04,2.2571129700933623,-2.833213344056216,10,21,19,696.4073093746923,2700,100,8,7
-0.1180941981974967,19.509487778912447,0.0,42,0.14,2.577159767792482,-2.19722457733622,14,5,19,740.5084350229682,1.1554846568197372,20.95828824577772,-1.6094379124341005,46,0.05,2.130802110112529,-2.833213344056216,10,21,19,668.7967098189221,2750,100,8,7
-0.1415262074540847,19.498525363763683,0.0,41,0.15,2.552960123255255,0.0,15,5,19,716.655104614129,0.8874845113812677,20.25239518150731,-1.6094379124341005,42,0.05,2.275471390273286,-1.6094379124341005,10,21,5,632.7650849389903,2800,100,8,7
-0.1036258873047693,19.506345595741458,0.0,39,0.13,2.583264108686543,-2.19722457733622,15,5,19,740.6665267118034,0.860667070723958,20.73328366099248,-1.6094379124341005,42,0.04,2.24808021769715,-2.833213344056216,10,21,19,648.2068583834483,2850,100,8,7
-0.4236961259023911,19.25136179145636,0.0,38,0.15,2.5635805353888665,-2.19722457733622,15,5,19,717.7105672754473,1.2025301533911472,20.95930333855872,-1.6094379124341005,44,0.05,2.150227295516754,-2.833213344056216,9,21,19,673.1572536598601,2900,100,8,7
-0.1210841933622212,19.50185686430327,0.0,42,0.15,2.559510343575456,0.0,15,5,19,725.7953320174981,-0.3328010478769947,20.259617906929133,-1.6094379124341005,44,0.05,2.2462320430559006,-2.833213344056216,10,21,19,671.4330735350045,2950,100,8,7
-0.1519817535732563,19.500477085612363,0.0,44,0.14,2.568193798270528,-2.19722457733622,14,5,19,738.5163925966435,1.173277857768379,20.947275438132632,-1.6094379124341005,46,0.05,2.109380650416853,-2.833213344056216,10,21,19,666.5009268830781,3000,100,8,7
0.128938824416207,19.7430666201662,0.0,40,0.15,2.5287120717129827,0.0,15,5,19,744.7931064129907,1.5835431736818624,20.68628367023901,-1.6094379124341005,44,0.05,2.140422278048086,-1.6094379124341005,10,21,19,670.0998780294548,3050,100,8,7
0.2031088564834587,19.7483158142916,0.0,43,0.13,2.465247802491484,-2.19722457733622,14,5,19,748.8001189829032,0.3485841790005715,20.735528614752216,-1.6094379124341005,44,0.04,2.191844731714357,-2.833213344056216,10,21,19,684.126353445788,3100,100,8,7
-0.4432850239463904,19.24275567434277,0.0,39,0.14,2.586779935727875,-2.19722457733622,14,5,19,711.6513062560524,1.2318535428924944,20.94940994652507,-1.6094379124341005,43,0.05,2.150227295516754,-2.833213344056216,10,21,19,668.2951042697457,3150,100,8,7
-0.1865757346232656,19.49709500883701,0.0,40,0.15,2.532354058225297,-2.19722457733622,15,5,19,721.9079998856686,0.5388873100415028,20.020714762773856,-1.6094379124341005,43,0.05,2.2987192793210336,-2.833213344056216,10,21,19,645.0865570624461,3200,100,8,7
-0.1036369215681647,19.50853674980416,0.0,43,0.14,2.5703134981895435,-2.19722457733622,15,5,19,740.276900051851,1.1255944237885394,20.95813500083688,-1.6094379124341005,46,0.04,2.089185799528404,-2.833213344056216,10,21,19,668.800500631698,3250,100,8,7
-0.7252893672679716,19.493916531473896,0.0,38,0.15,2.496212539692157,0.0,15,5,19,746.4616738696326,0.9250604615208544,21.203658233891744,-1.6094379124341005,44,0.05,2.1588718486819283,-1.6094379124341005,9,21,19,694.8146278720989,3300,100,8,7
0.2086271038895539,19.756479029922907,0.0,43,0.14,2.444149182886601,-2.19722457733622,14,5,19,757.118303024874,-0.3501006220131352,20.263013061237466,-1.6094379124341005,44,0.05,2.279704862664885,-2.833213344056216,10,21,19,673.1645454446519,3350,100,8,7
-0.1286269390582467,19.505569019990222,0.0,43,0.14,2.580064708346875,-2.19722457733622,14,5,19,740.128467129644,1.1499229938597704,20.953154153584578,-1.6094379124341005,46,0.05,2.109380650416853,-2.833213344056216,10,21,19,668.8135905416548,3400,100,8,7
-0.2005613539259267,19.49370580252107,0.0,41,0.15,2.5534060026813936,0.0,15,5,19,716.7564443745209,1.2319663456687089,20.47288692024713,-1.6094379124341005,44,0.05,2.31000223179031,-1.6094379124341005,10,21,5,641.3645983359428,3450,100,8,7
0.2329103496191838,19.754648555445243,0.0,44,0.13,2.4431178083631435,-2.19722457733622,14,5,19,750.7066205710358,0.5782918625192887,20.50400533972499,-1.6094379124341005,46,0.04,2.2844633528840013,-2.833213344056216,10,21,19,661.3454779488196,3500,100,8,7
-0.44055100581926,19.236046095387863,0.0,40,0.15,2.5676854023084656,0.0,15,5,19,712.413014934873,1.2670067726565284,20.941364871754423,-1.6094379124341005,44,0.05,2.130802110112529,-2.833213344056216,9,21,19,667.2263988535982,3550,100,8,7
-0.2270966559135744,19.487804669897763,0.0,37,0.15,2.516460514643019,-2.19722457733622,15,5,19,718.887996865454,0.3198991040717816,20.2551183814915,-1.6094379124341005,40,0.05,2.2448231371624656,-2.833213344056216,10,21,19,665.3687484282365,3600,100,8,7
-0.1152326550175111,19.50507581005972,0.0,44,0.14,2.5703134981895435,-2.19722457733622,15,5,19,739.5314660220099,1.1532845363625548,20.952850201951588,-1.6094379124341005,47,0.05,2.089185799528404,-2.833213344056216,10,21,19,669.1269429944881,3650,100,8,7
-0.1144666620902438,19.501904769544044,0.0,39,0.15,2.5703134981895435,0.0,15,5,19,725.0437052802854,1.274383104143057,20.946328925857763,-1.6094379124341005,45,0.05,2.150227295516754,-1.6094379124341005,9,21,19,664.8929299532128,3700,100,8,7
0.1683459296862393,19.754574102000674,0.0,43,0.13,2.4333665982057826,-2.19722457733622,14,5,19,755.7718693479848,-0.0261876802488012,20.50653902362771,-1.6094379124341005,44,0.04,2.2571129700933623,-2.833213344056216,10,21,19,696.451846909653,3750,100,8,7
-0.1251673623667106,19.50642302468427,0.0,41,0.14,2.580064708346875,-2.19722457733622,14,5,19,740.156320904394,1.162557820989899,20.95508522410533,-1.6094379124341005,46,0.05,2.130802110112529,-2.833213344056216,10,21,19,668.0757442271032,3800,100,8,7
-0.1538172606917555,19.493371871090883,0.0,41,0.15,2.552960123255255,0.0,15,5,19,715.8315533731786,0.9015904848741072,20.24641647365191,-1.6094379124341005,43,0.05,2.304886675433585,-1.6094379124341005,10,21,5,633.7898643744902,3850,100,8,7
-0.1310244047495977,19.496887092720065,0.0,43,0.13,2.583264108686543,-2.19722457733622,15,5,19,739.045221132848,0.8880655881695719,20.723384269005315,-1.6094379124341005,47,0.04,2.277495502857448,-2.833213344056216,10,21,5,646.0203222335055,3900,100,8,7
-0.4816482049867766,19.234232190813795,0.0,40,0.15,2.560675594834473,-2.19722457733622,15,5,19,714.031745031113,1.2604822324763951,20.941415508032502,-1.6094379124341005,45,0.05,2.150227295516754,-2.833213344056216,9,21,19,667.3926816818936,3950,100,8,7
-0.2087402046320689,19.48472033376304,0.0,36,0.16,2.5172563081828656,0.0,16,5,19,719.5452291552914,-0.2654219012081573,20.24989673645389,-1.6094379124341005,38,0.06,2.2347795727792192,-2.833213344056216,10,21,19,664.7754569358374,4000,100,8,7
-0.1969425227922134,19.49372338318153,0.0,40,0.15,2.546855782361193,0.0,15,5,19,735.0311939451261,1.2182386269881975,20.938795489178982,-1.6094379124341005,44,0.06,2.089185799528404,-2.833213344056216,10,21,19,662.0958557061892,4050,100,8,7
0.1385600944137259,19.74444922024373,0.0,42,0.15,2.5425802911913604,0.0,15,5,19,745.4395117875013,1.5941987682869811,20.68188977215232,-1.6094379124341005,45,0.05,2.140422278048086,-1.6094379124341005,10,21,19,669.1197615021246,4100,100,8,7
0.1995444646893797,19.745905001691924,0.0,42,0.13,2.605885715912585,-2.19722457733622,14,5,19,748.5101608756493,0.3477880854806427,20.734325865404845,-1.6094379124341005,44,0.04,2.263280366205913,-2.833213344056216,10,21,19,684.2056462418784,4150,100,8,7
-0.4557687656658507,19.23761405111157,0.0,40,0.14,2.5896848762822686,-2.19722457733622,14,5,19,710.8184096957278,1.2443372846128171,20.944217268097265,-1.6094379124341005,45,0.05,2.150227295516754,-2.833213344056216,10,21,19,667.0623409063273,4200,100,8,7
-0.2123216362385033,19.48944833409367,0.0,41,0.15,2.532354058225297,-2.19722457733622,15,5,19,720.1228282154021,0.5689936969722997,20.011536715425663,-1.6094379124341005,43,0.05,2.2987192793210336,-2.833213344056216,10,21,19,642.1677091276838,4250,100,8,7
-0.2095950207221041,19.48617063630013,0.0,41,0.15,2.5366069925191845,-2.19722457733622,15,5,19,733.9446585147779,1.2315525229433415,20.932144976404096,-1.6094379124341005,44,0.05,2.067014677059921,-2.833213344056216,10,21,5,660.8785942095776,4300,100,8,7
-0.8512571201035354,19.463381721180493,0.0,36,0.16,2.4092422288180395,0.0,16,5,19,738.3607159192621,1.051028214357108,21.17440056663733,-1.6094379124341005,42,0.06,2.1188159688193737,-2.833213344056216,9,21,19,682.3068093062454,4350,100,8,7
0.1031640198670823,19.73316292068692,0.0,36,0.14,2.5162229542046664,-2.19722457733622,14,5,19,749.8083172965584,-0.2626424694819663,20.245188759746902,-1.6094379124341005,38,0.05,2.207456173315493,-2.833213344056216,11,21,19,664.5058862883468,4400,100,8,7
-0.2151350848571491,19.48469621407171,0.0,38,0.14,2.525357958479707,-2.19722457733622,14,5,19,734.1218395139987,1.236431139659707,20.929503861510028,-1.6094379124341005,43,0.05,2.089185799528404,-2.833213344056216,10,21,5,660.8021895062186,4450,100,8,7
-0.2381235763597245,19.483709516955702,0.0,39,0.15,2.532987562882816,0.0,15,5,19,713.9958906617401,1.2875334995953602,20.45600006214199,-1.6094379124341005,43,0.05,2.247950764972673,-1.6094379124341005,10,21,5,646.2449149921597,4500,100,8,7
0.179392540980864,19.741263313738315,0.0,44,0.13,2.580592465784265,-2.19722457733622,14,5,19,747.0530661140059,0.6318096711584767,20.48899082715417,-1.6094379124341005,46,0.04,2.255048067723703,-2.833213344056216,10,21,19,656.0197539615732,4550,100,8,7
-0.4598434474807888,19.22863738299617,0.0,38,0.15,2.552126475615095,0.0,15,5,19,710.8559743144656,1.2862992143189194,20.933798036083875,-1.6094379124341005,43,0.05,2.150227295516754,-2.833213344056216,9,21,19,665.3301895013368,4600,100,8,7
-0.2396438060726234,19.482318862673345,0.0,36,0.15,2.4958392136834804,-2.19722457733622,15,5,19,718.1130655564747,0.3324462542313655,20.249782943294747,-1.6094379124341005,40,0.05,2.27829595677145,-2.833213344056216,10,21,19,664.1152913297585,4650,100,8,7
-0.1872450452836605,19.48609547068535,0.0,40,0.14,2.517213057551432,-2.19722457733622,15,5,19,734.9363442327698,1.2252969266295657,20.931611517691856,-1.6094379124341005,45,0.05,2.089185799528404,-2.833213344056216,10,21,19,661.9703388050017,4700,100,8,7
-0.2083874088779436,19.47906601846177,0.0,37,0.15,2.4703134982283275,0.0,15,5,19,718.7125783454095,1.368303850931681,20.919859902604795,-1.6094379124341005,42,0.05,2.130802110112529,-2.833213344056216,9,21,5,658.6307614400754,4750,100,8,7
0.0041204175624997,19.72452529141664,0.0,28,0.14,2.4632190539874994,-2.19722457733622,14,5,19,744.8083339577576,0.1069770285684406,20.482327347123206,-1.6094379124341005,32,0.05,2.1020531662109576,-2.833213344056216,12,21,19,683.1853883224754,4800,100,8,7
-0.3085419968217879,19.469416294627763,0.0,25,0.15,2.457743335000001,0.0,15,5,19,728.2497553464477,1.3459324554459244,20.911546241081385,-1.6094379124341005,32,0.06,1.941181942255148,-2.833213344056216,12,21,5,668.223470437722,4850,100,8,7
-0.2667981241228234,19.469008732602912,0.0,27,0.15,2.461089213216658,0.0,15,5,19,707.726963518299,1.045632151613225,20.211437404953827,-1.6094379124341005,31,0.05,2.508045571450724,-2.833213344056216,11,21,5,646.8706476495952,4900,100,8,7
0.4278627406789549,16.807441802405414,0.0,33,0.16,2.48376930928975,0.0,16,5,19,385.1123978485742,0.2219817897174073,20.22922245134127,0.0,37,0.14,2.540301889968805,0.0,14,11,10,534.5657383271929,4950,100,8,7
0.8853429186088342,14.028438130207524,2.19722457733622,36,0.17,2.536096667343432,2.19722457733622,18,11,18,513.471675344274,-1.4968993863900364,21.34967644827098,0.0,34,0.25,1.8230135225508324,0.0,25,11,18,803.0457397816483,5000,100,8,7
1.1736836602341674,13.668319643502198,2.19722457733622,32,0.18,2.45830755721961,0.0,18,11,18,557.2343491850891,-2.4505054695168766,21.021670946452616,0.0,31,0.28,1.783318314174852,0.0,28,11,18,958.4790499417616,5050,100,8,7
1.1872665790543806,13.652789267589824,2.19722457733622,31,0.19,2.4517573368994032,0.0,19,11,18,562.1472133187069,-2.135821813291041,21.289820853370184,0.0,32,0.27,1.7963031933179092,0.0,27,11,18,980.1324939666306,5100,100,8,7
1.22957012102298,13.658461087958106,2.19722457733622,32,0.18,2.428084099952501,3.218875824868201,19,11,18,557.0316996077031,-2.418316711267481,21.02786204864608,0.0,31,0.27,1.783318314174852,0.0,27,11,18,961.4136479612988,5150,100,8,7
1.1736494119462266,13.660364397865582,2.19722457733622,32,0.18,2.4144039619664857,0.0,18,11,18,563.9869404914472,-2.472477715289342,21.020246391109502,0.0,31,0.27,1.805923361253495,0.0,27,11,18,963.0398161755252,5200,100,8,7
0.8732303096184301,14.034447861906507,2.19722457733622,33,0.18,2.461377504834806,0.0,18,11,18,586.0124065439095,-2.765189125740972,21.217255616255585,0.0,31,0.27,1.7905831680206528,0.0,27,11,18,961.4469883440142,5250,100,8,7
1.1873614714291216,13.642568426367864,2.19722457733622,32,0.18,2.428084099952501,2.19722457733622,19,11,18,558.2105732080548,-2.4505054695146526,21.02167094645859,0.0,31,0.28,1.783318314174852,0.0,28,11,18,961.7766052667948,5300,100,8,7
1.1687137131189282,13.63364154627386,2.19722457733622,32,0.18,2.359305694403882,2.19722457733622,19,11,18,555.1158010362695,-2.765189125738723,21.21725561626404,0.0,31,0.27,1.7905831680206528,0.0,27,11,18,961.4469883443516,5350,100,8,7
1.1723551818242468,13.645873427218032,2.19722457733622,32,0.19,2.4144039619664857,0.0,19,11,18,558.4110074884429,-2.450505469514718,21.021670946456613,0.0,31,0.28,1.783318314174852,0.0,28,11,18,961.776605266644,5400,100,8,7
1.2768075014214657,13.673560792139943,2.19722457733622,33,0.18,2.466859969692753,0.0,18,11,18,559.168055871207,-2.765189125739781,21.217255616252054,0.0,32,0.27,1.7905831680206528,0.0,27,11,18,961.4469883438526,5450,100,8,7
1.241597135419008,13.664252670357302,2.19722457733622,32,0.18,2.4485025397511,3.218875824868201,19,11,18,563.0265358605666,-2.4183167112677086,21.02786204863909,0.0,31,0.27,1.783318314174852,0.0,27,11,18,960.928989615533,5500,100,8,7
1.512202565827099,13.985389842060172,2.19722457733622,33,0.18,2.4475092853564155,0.0,18,11,18,583.0316897456009,-2.1358218132923064,21.289820853360613,0.0,32,0.27,1.7963031933179092,0.0,27,11,18,980.132493966227,5550,100,8,7
1.146175650367689,13.655937197738943,2.19722457733622,32,0.18,2.437889117421012,0.0,18,11,18,555.3163198731488,-2.450505469515001,21.02167094645197,0.0,31,0.28,1.783318314174852,0.0,28,11,18,958.4790499416908,5600,100,8,7
1.1785848703889834,13.64927437610184,2.19722457733622,32,0.19,2.4517573368994032,0.0,19,11,18,561.5210957772462,-2.1358218132898963,21.28982085336557,0.0,32,0.27,1.7963031933179092,0.0,27,11,18,980.1324939664185,5650,100,8,7
1.1991681073262572,13.644675856610618,2.19722457733622,32,0.18,2.404598944497975,3.218875824868201,19,11,18,555.7104208359638,-2.418316711265474,21.027862048646035,0.0,31,0.27,1.783318314174852,0.0,27,11,18,961.413647961278,5700,100,8,7
1.1594906926093436,13.65434142726814,2.19722457733622,32,0.18,2.4517573368994032,0.0,18,11,18,562.2656567543336,-2.472477715288273,21.020246391105136,0.0,31,0.27,1.805923361253495,0.0,27,11,18,963.0398161752852,5750,100,8,7
0.886117740010468,14.040544468581604,2.19722457733622,32,0.18,2.467927725155014,0.0,18,11,18,586.9106450891438,-2.765189125740659,21.217255616247307,0.0,31,0.27,1.7905831680206528,0.0,27,11,18,961.446988343672,5800,100,8,7
1.205055957351861,13.650884425202474,2.19722457733622,32,0.18,2.4419523194308925,2.19722457733622,19,11,18,558.5052876071136,-2.4505054695146464,21.02167094644933,0.0,31,0.28,1.783318314174852,0.0,28,11,18,961.776605266356,5850,100,8,7
1.1950190055919507,13.64618778234265,2.19722457733622,32,0.18,2.428084099952501,2.19722457733622,19,11,18,556.7325887944322,-2.765189125739133,21.21725561625244,0.0,31,0.27,1.7905831680206528,0.0,27,11,18,961.4469883438568,5900,100,8,7
1.1756477439871784,13.647231770282012,2.19722457733622,31,0.19,2.4144039619664857,0.0,19,11,18,558.4487398868862,-2.4505054695139528,21.021670946450847,0.0,31,0.28,1.783318314174852,0.0,28,11,18,961.7766052663864,5950,100,8,7
1.277829848869969,13.674112078586264,2.19722457733622,33,0.18,2.478730879769112,0.0,18,11,18,558.8319288487554,-2.7651891257390013,21.21725561624588,0.0,32,0.27,1.7905831680206528,0.0,27,11,18,961.446988343534,6000,100,8,7
1.240094586367472,13.663842742454154,2.19722457733622,32,0.18,2.428084099952501,3.218875824868201,19,11,18,563.214702272385,-2.4183167112670123,21.02786204863301,0.0,31,0.27,1.783318314174852,0.0,27,11,18,960.928989615282,6050,100,8,7
1.4735005499708649,13.97001323307054,2.19722457733622,33,0.18,2.504024129864067,0.0,18,11,18,581.0709262902333,-2.135821813290438,21.28982085336024,0.0,32,0.27,1.7963031933179092,0.0,27,11,18,980.1324939661954,6100,100,8,7
1.1173802061169238,13.64312891267734,2.19722457733622,32,0.18,2.4578891173868103,0.0,18,11,18,553.0956172702248,-2.4505054695131325,21.021670946451287,0.0,31,0.28,1.783318314174852,0.0,28,11,18,958.4790499416256,6150,100,8,7
1.1871940334320954,13.652686281176694,2.19722457733622,32,0.19,2.437889117421012,0.0,19,11,18,562.206257157417,-2.1358218132892897,21.28982085335935,0.0,32,0.27,1.7963031933179092,0.0,27,11,18,980.1324939661428,6200,100,8,7
1.2039621668227292,13.646897243903776,2.19722457733622,32,0.18,2.428084099952501,3.218875824868201,19,11,18,556.3763074684726,-2.418316711264929,21.027862048639253,0.0,31,0.27,1.783318314174852,0.0,27,11,18,961.4136479609834,6250,100,8,7
1.11403267601084,13.633949081736434,2.19722457733622,32,0.18,2.414403961966486,0.0,18,11,18,560.0923593298028,-2.4724777152856943,21.020246391107733,0.0,31,0.27,1.805923361253495,0.0,27,11,18,963.0398161753916,6300,100,8,7
2.29333113976464,18.64836446145412,1.0986122886681098,43,0.19,2.509396659892308,0.0,19,4,25,540.6903597594085,-4.010454760381237,19.817874455753344,0.0,32,0.24,1.8673648746817044,0.0,24,11,18,582.121698193382,6350,100,8,7
3.475854655946404,23.549434972453017,0.0,55,0.22,1.9205752319738147,0.0,22,4,25,1259.0219649059488,-6.697545093069561,15.661433111429089,-1.0986122886681098,23,0.24,1.7616626425771198,-2.19722457733622,24,4,25,742.1477398417154,6400,100,8,7
3.827220581638637,24.694013042399988,0.0,52,0.25,1.5611819421386397,0.0,25,4,25,1446.0376608935203,-7.889063651387134,13.700102313657483,-1.0986122886681098,16,0.26,1.5000000002393346,0.0,26,4,25,813.4349866792295,6450,100,8,7
3.827220581639143,24.69401304240133,0.0,53,0.25,1.5611819421386397,0.0,25,4,25,1446.0376608936049,-7.84511915984071,13.725313623675056,0.0,16,0.26,1.4895642179521462,0.0,26,4,25,813.5774159564431,6500,100,8,7
3.4905646796405745,24.54391071823895,0.0,52,0.25,1.5611819421386393,0.0,25,4,25,1421.384329558655,-7.845119159840104,13.728830612440245,-1.0986122886681098,16,0.24,1.5000000001995288,2.19722457733622,26,4,25,815.8531794727692,6550,100,8,7
3.490564679642117,24.543910718248664,0.0,52,0.25,1.5611819421386393,0.0,25,4,25,1421.3843295592133,-7.88906365138993,13.7036257728267,-2.19722457733622,16,0.24,1.5095699921973325,-2.19722457733622,26,4,25,815.6993104523771,6600,100,8,7
3.8272205816413343,24.69401304241496,0.0,52,0.25,1.5611819421386397,0.0,25,4,25,1446.037660894395,-7.889063651391821,13.700102313665552,-1.0986122886681098,16,0.26,1.5000000002393346,0.0,26,4,25,813.4349866796981,6650,100,8,7
3.827220581640405,24.69401304240709,0.0,53,0.25,1.5611819421386397,0.0,25,4,25,1446.0376608939457,-7.845119159842413,13.725313623677987,0.0,16,0.26,1.4895642179521462,0.0,26,4,25,813.5774159566134,6700,100,8,7
3.490564679640077,24.543910718234475,0.0,52,0.25,1.5611819421386393,0.0,25,4,25,1421.3843295584018,-7.84511915983858,13.72883061243762,-1.0986122886681098,16,0.24,1.5000000001995288,2.19722457733622,26,4,25,815.8531794726168,6750,100,8,7
3.490564679639276,24.543910718233235,0.0,52,0.25,1.5611819421386393,0.0,25,4,25,1421.3843295583183,-7.889063651385181,13.703625772818528,-2.19722457733622,16,0.24,1.5095699921973325,-2.19722457733622,26,4,25,815.6993104519022,6800,100,8,7
3.827220581638872,24.694013042401007,0.0,52,0.25,1.5611819421386397,0.0,25,4,25,1446.0376608935808,-7.889063651387427,13.700102313657991,-1.0986122886681098,16,0.26,1.5000000002393346,0.0,26,4,25,813.4349866792589,6850,100,8,7
3.827220581639743,24.69401304240283,0.0,53,0.25,1.5611819421386397,0.0,25,4,25,1446.0376608936992,-7.845119159841034,13.725313623675614,0.0,16,0.26,1.4895642179521462,0.0,26,4,25,813.5774159564756,6900,100,8,7
3.4905646796404697,24.54391071823754,0.0,52,0.25,1.5611819421386393,0.0,25,4,25,1421.3843295585764,-7.845119159839601,13.72883061243938,-1.0986122886681098,16,0.24,1.5000000001995288,2.19722457733622,26,4,25,815.8531794727189,6950,100,8,7
3.4905646796398764,24.54391071823336,0.0,52,0.25,1.5611819421386393,0.0,25,4,25,1421.384329558337,-7.889063651384961,13.703625772818144,-2.19722457733622,16,0.24,1.5095699921973325,-2.19722457733622,26,4,25,815.6993104518801,7000,100,8,7
3.8272205816389406,24.69401304240084,0.0,52,0.25,1.5611819421386397,0.0,25,4,25,1446.0376608935733,-7.889063651387333,13.70010231365783,-1.0986122886681098,16,0.26,1.5000000002393346,0.0,26,4,25,813.4349866792495,7050,100,8,7
3.827220581638109,24.69401304239636,0.0,53,0.25,1.5611819421386397,0.0,25,4,25,1446.037660893311,-7.845119159839214,13.725313623672482,0.0,16,0.26,1.4895642179521462,0.0,26,4,25,813.5774159562937,7100,100,8,7
3.4905646796387613,24.543910718225884,0.0,52,0.25,1.5611819421386393,0.0,25,4,25,1421.384329557909,-7.845119159835815,13.728830612432864,-1.0986122886681098,16,0.24,1.5000000001995288,2.19722457733622,26,4,25,815.8531794723406,7150,100,8,7
3.490564679639773,24.54391071823274,0.0,52,0.25,1.5611819421386393,0.0,25,4,25,1421.3843295583015,-7.889063651384767,13.703625772817812,-2.19722457733622,16,0.24,1.5095699921973325,-2.19722457733622,26,4,25,815.6993104518609,7200,100,8,7
3.8272205816382576,24.69401304239752,0.0,52,0.25,1.5611819421386397,0.0,25,4,25,1446.0376608933775,-7.889063651386333,13.700102313656108,-1.0986122886681098,16,0.26,1.5000000002393346,0.0,26,4,25,813.4349866791493,7250,100,8,7
3.827220581638839,24.69401304240134,0.0,53,0.25,1.5611819421386397,0.0,25,4,25,1446.0376608935985,-7.845119159840848,13.725313623675293,0.0,16,0.26,1.4895642179521462,0.0,26,4,25,813.577415956457,7300,100,8,7
3.808762339432484,24.70115325684108,0.0,54,0.23,1.9072315238494253,0.0,23,4,25,1370.55783499963,-7.845970762623609,13.735619479744594,-1.0986122886681098,18,0.24,1.5000000001995288,2.19722457733622,25,4,25,789.3396992454934,7350,100,8,7
2.880736288459575,22.047455012403773,0.0,49,0.21,2.094311576824923,0.0,21,4,25,696.2951303381194,-7.0575349350311125,13.51573128128594,0.0,22,0.23,2.207101856951044,0.0,23,4,25,413.2873824389237,7400,100,8,7
1.7295042955756517,19.08419187078895,0.0,38,0.22,2.509360866103015,0.0,22,2,44,810.6253049827446,-6.477204289490777,13.509019662174538,0.0,17,0.22,1.9766369686077268,0.0,22,2,11,544.3699065378772,7450,100,8,7
1.5695842731544771,19.18623945836132,0.0,39,0.22,2.509360866103015,0.0,22,2,44,847.2110105042898,-6.766238476838094,13.729624786102706,0.0,17,0.22,1.9766369686077268,0.0,22,2,11,564.7410157492648,7500,100,8,7
1.7808031982562402,19.07947346164238,0.0,38,0.22,2.4996745943468666,0.0,22,2,44,805.5849154752678,-6.451554795915954,13.518854933167724,0.0,17,0.23,1.9766369686077268,0.0,23,2,11,546.1765739718271,7550,100,8,7
2.0698373395299017,19.30673807130786,0.0,38,0.22,2.4996745943468666,0.0,22,2,44,831.9950370338954,-6.4134881710181375,13.54230682941621,0.0,17,0.22,1.970893955763899,3.80666248977032,23,2,11,550.0854799100408,7600,100,8,7
1.7855988445902826,19.079730318383422,0.0,38,0.22,2.4996745943468666,0.0,22,2,44,805.990092396944,-6.421109571538511,13.536766269229911,0.0,17,0.22,1.970893955763899,0.0,22,2,11,546.4648351886852,7650,100,8,7
1.7551535741393065,19.08012627653317,0.0,38,0.23,2.4996745943468666,0.0,23,2,44,813.1440105598972,-6.413488171017929,13.542306829415825,0.0,17,0.22,1.970893955763899,3.80666248977032,23,2,11,550.0854799100239,7700,100,8,7
1.4404698795193978,19.36386870173295,0.0,39,0.22,2.509360866103015,0.0,22,2,44,826.7791453389169,-6.766238452140672,13.72962474166749,0.0,18,0.22,1.9766369686077268,0.0,22,2,11,566.4911378649363,7750,100,8,7
1.75515348967083,19.080126366454973,0.0,38,0.23,2.4996745943468666,0.0,23,2,44,813.1440164731633,-6.451554795915423,13.51885493316674,0.0,17,0.23,1.9766369686077268,0.0,23,2,11,546.92215654309,7800,100,8,7
2.0698371075012143,19.30673825520744,0.0,39,0.22,2.4996745943468666,0.0,22,2,44,846.7036781000782,-6.4896214208130125,13.505988249525986,0.0,17,0.22,1.9766369686077268,0.0,22,2,11,539.6320196652185,7850,100,8,7
1.7295039116278028,19.08419227892152,0.0,38,0.22,2.509360866103015,0.0,22,2,44,810.6253318642778,-6.477204289489829,13.509019662172784,0.0,17,0.22,1.9766369686077268,0.0,22,2,11,544.3699065377999,7900,100,8,7
1.5695838543024387,19.18623989773766,0.0,39,0.22,2.509360866103015,0.0,22,2,44,847.2110379912074,-6.766238476837145,13.729624786101,0.0,17,0.22,1.9766369686077268,0.0,22,2,11,564.7410157491904,7950,100,8,7
1.7808028143086865,19.0794738709079,0.0,38,0.22,2.4996745943468666,0.0,22,2,44,805.5849423507733,-6.451554795915006,13.518854933165963,0.0,17,0.23,1.9766369686077268,0.0,23,2,11,546.1765739717499,8000,100,8,7
2.0698369555825087,19.30673848150358,0.0,38,0.22,2.4996745943468666,0.0,22,2,44,831.9950637439,-6.41348817101719,13.542306829414455,0.0,17,0.22,1.970893955763899,3.80666248977032,23,2,11,550.0854799099636,8050,100,8,7
1.7855984606430235,19.07973072773964,0.0,38,0.22,2.4996745943468666,0.0,22,2,44,805.9901192740524,-6.421109571537564,13.53676626922816,0.0,17,0.22,1.970893955763899,0.0,22,2,11,546.4648351886086,8100,100,8,7
1.7551531901922084,19.080126685268084,0.0,38,0.23,2.4996745943468666,0.0,23,2,44,813.1440374383433,-6.413488171016979,13.54230682941407,0.0,17,0.22,1.970893955763899,3.80666248977032,23,2,11,550.0854799099466,8150,100,8,7
1.4404694955725192,19.363869098238755,0.0,39,0.22,2.509360866103015,0.0,22,2,44,826.7791723726209,-6.766238452139637,13.729624741665628,0.0,18,0.22,1.9766369686077268,0.0,22,2,11,566.4911378648519,8200,100,8,7
1.7551531057240262,19.08012677518958,0.0,38,0.23,2.4996745943468666,0.0,23,2,44,813.1440433515891,-6.451554795914474,13.518854933164985,0.0,17,0.23,1.9766369686077268,0.0,23,2,11,546.9221565430129,8250,100,8,7
2.069836723554458,19.30673866540229,0.0,39,0.22,2.4996745943468666,0.0,22,2,44,846.7037053633829,-6.489621420812065,13.505988249524233,0.0,17,0.22,1.9766369686077268,0.0,22,2,11,539.6320196651432,8300,100,8,7
1.7295035276812942,19.084192687052703,0.0,38,0.22,2.509360866103015,0.0,22,2,44,810.6253587457171,-6.47720428948888,13.50901966217103,0.0,17,0.22,1.9766369686077268,0.0,22,2,11,544.3699065377228,8350,100,8,7
1.5695834354518632,19.186240337112523,0.0,39,0.22,2.509360866103015,0.0,22,2,44,847.2110654780291,-6.766238476836199,13.729624786099295,0.0,17,0.22,1.9766369686077268,0.0,22,2,11,564.7410157491162,8400,100,8,7
1.7808024303624723,19.07947428017204,0.0,38,0.22,2.4996745943468666,0.0,22,2,44,805.5849692261852,-6.451554795914058,13.518854933164214,0.0,17,0.23,1.9766369686077268,0.0,23,2,11,546.1765739716731,8450,100,8,7
2.069836571636455,19.306738891697925,0.0,38,0.22,2.4996745943468666,0.0,22,2,44,831.9950904538115,-6.413488171016241,13.542306829412702,0.0,17,0.22,1.970893955763899,3.80666248977032,23,2,11,550.0854799098863,8500,100,8,7
1.5097686727972155,20.41694082391092,0.0,49,0.13,2.2961757885935707,0.0,13,9,33,546.6749880239561,4.183214346413946,20.1640776595881,0.0,55,0.16,1.939153015836543,0.0,16,5,22,585.4939291755509,0,100,8,8
0.0062236500191805,20.629777735267297,0.8047189562170501,36,0.16,2.565293342545008,3.367295829986474,17,9,33,744.8680843424953,8.866761976210366,21.07643628416244,3.367295829986474,52,0.16,1.8448894518923733,0.0,16,9,22,852.5361140031015,50,100,8,8
0.0078748226722936,20.146237669873138,0.8047189562170501,34,0.16,2.5555612678912,3.367295829986474,17,9,33,716.5647544829184,7.863552550337618,20.758286187424613,2.19722457733622,49,0.18,1.8615568955267383,0.0,18,9,22,841.4122261617008,100,100,8,8
-0.1452071199787489,20.060718336719724,0.0,35,0.17,2.5476748404930296,0.0,17,9,33,712.4574472510199,8.123116861746855,20.434055040201144,2.19722457733622,48,0.17,1.8554971003162075,0.0,17,9,22,825.7197586926576,150,100,8,8
0.1969059232589165,20.30124423146308,0.0,36,0.18,2.5318075027797544,0.0,18,9,33,747.5141849670777,9.4609361920592,20.35258103871851,3.367295829986474,52,0.16,1.823373400089632,0.0,16,9,22,816.0941964434563,200,100,8,8
0.1319366983759918,20.6421121036707,1.6094379124341005,37,0.16,2.565293342545008,3.367295829986474,17,9,33,709.7193917551153,9.162435553512584,20.72955068047484,3.367295829986474,53,0.16,1.8298974145407207,0.0,16,9,22,821.4223963770426,250,100,8,8
0.0295957348145496,20.63311665465093,1.6094379124341005,36,0.15,2.565293342545008,3.367295829986474,17,9,33,743.4855259560804,8.272660806421557,20.855843388636863,2.782260203661347,50,0.17,1.8497108687135888,0.0,17,9,22,808.05556129572,300,100,8,8
0.6104490682847759,20.13689764860629,0.8047189562170501,34,0.17,2.551494454797068,0.0,17,9,33,688.8615902779266,8.178147568005826,20.88006006683988,2.19722457733622,49,0.17,1.8599294923377307,0.0,17,9,22,850.9610556920593,350,100,8,8
0.2530655818490903,19.81313803410764,0.8047189562170501,35,0.18,2.527243110000939,0.0,18,9,33,716.6573900829347,9.101595273395676,20.26572580692661,2.782260203661347,50,0.17,2.086428219663691,0.0,17,9,22,832.9915227698036,400,100,8,8
-0.0598981375894671,20.549593890753545,0.8047189562170501,36,0.17,2.542589388976961,0.0,17,9,33,719.126821597761,9.791625588852426,20.444656479790098,3.367295829986474,53,0.16,2.1888591233162007,0.0,16,9,22,824.2063192178841,450,100,8,8
0.0185581943795342,20.634429802812395,0.8047189562170501,36,0.16,2.565293342545008,3.367295829986474,17,9,33,744.8932880278107,8.869164862442856,21.085463711401296,3.367295829986474,52,0.16,2.2110434922616298,0.0,16,9,22,853.5723454817232,500,100,8,8
0.0198529616175861,20.150880380180865,0.8047189562170501,34,0.16,2.5555612678912,3.367295829986474,17,9,33,716.5259631209485,7.863552550333662,20.767338174034315,2.19722457733622,49,0.18,2.214960146326077,0.0,18,9,22,842.5540689478432,550,100,8,8
-0.1311701036249024,20.06630513940361,0.0,35,0.17,2.5476748404930296,0.0,17,9,33,712.5501578850484,8.120713975505751,20.44489824968916,2.19722457733622,48,0.17,2.225616823063389,0.0,17,9,22,826.9615680911368,600,100,8,8
0.2105578739127964,20.30640235502023,0.0,36,0.18,2.5318075027797544,0.0,18,9,33,747.4842570626445,9.460936192054543,20.363171253496915,3.367295829986474,52,0.16,2.208339538693046,0.0,16,9,22,817.367002442572,650,100,8,8
0.145224239614441,20.647109096490592,1.6094379124341005,37,0.16,2.2719674924233,3.367295829986474,17,9,33,709.6141625124793,9.162435553508235,20.739705127085628,3.367295829986474,53,0.16,2.208339538693046,0.0,16,9,22,822.456425769618,700,100,8,8
0.0404270359560734,20.63725781469171,1.6094379124341005,36,0.15,2.2626241691610725,3.367295829986474,17,9,33,743.5084523009846,8.274777638819057,20.864060586110387,2.782260203661347,50,0.17,2.221657223648449,0.0,17,9,22,808.9485243288893,750,100,8,8
0.621004882538704,20.14074212765293,0.8047189562170501,34,0.17,2.263904327986449,0.0,17,9,33,688.8108275858406,8.178147568001565,20.88811691092577,2.19722457733622,49,0.17,2.211000546911137,0.0,17,9,22,851.9162834734002,800,100,8,8
0.2654704729025187,19.81796592163316,0.8047189562170501,35,0.18,2.2331415764988143,0.0,18,9,33,716.6931394395771,9.099478440989568,20.27562610629334,2.782260203661347,50,0.17,2.1898103935881004,0.0,17,9,22,833.9546326257902,850,100,8,8
-0.0477946357288438,20.55433463006249,0.8047189562170501,36,0.17,2.24387442747505,0.0,17,9,33,719.081333405754,9.79162558884773,20.45414412275332,3.367295829986474,53,0.16,2.1888591233162007,0.0,16,9,22,825.2748342544445,900,100,8,8
0.0284437538529689,20.638258608212336,0.8047189562170501,36,0.16,2.2626241691610725,3.367295829986474,17,9,33,744.9132243201254,8.871100766888846,21.09291985571339,3.367295829986474,52,0.16,2.2110434922616298,0.0,16,9,22,854.4031240890985,950,100,8,8
0.0295086787860204,20.154720640317,0.8047189562170501,34,0.16,2.2600847136824065,3.367295829986474,17,9,33,716.4945181817491,7.863552550329704,20.77482990085227,2.19722457733622,49,0.18,2.214960146326077,0.0,18,9,22,843.4749144421636,1000,100,8,8
-0.1198028517186219,20.07094098093593,0.0,35,0.17,2.2600847136824065,0.0,17,9,33,712.6245542844923,8.118778071051153,20.453885458258963,2.19722457733622,48,0.17,2.225616823063389,0.0,17,9,22,827.9674688471817,1050,100,8,8
0.2216716780165915,20.310706724028407,0.0,36,0.18,2.254874052706385,0.0,18,9,33,747.459236073643,9.460936192049893,20.37201002157369,3.367295829986474,52,0.16,2.208339538693046,0.0,16,9,22,818.403524501778,1100,100,8,8
0.1560956883454186,20.65129624750292,1.6094379124341005,37,0.16,2.2719674924233,3.367295829986474,17,9,33,709.5275417477828,9.162435553503888,20.74821710646896,3.367295829986474,53,0.16,2.208339538693046,0.0,16,9,22,823.3031951189868,1150,100,8,8
0.0493244863817716,20.640739794159447,1.6094379124341005,36,0.15,2.2626241691610725,3.367295829986474,17,9,33,743.527199450644,8.276523716083224,20.87098968978389,2.782260203661347,50,0.17,2.221657223648449,0.0,17,9,22,809.682668255684,1200,100,8,8
0.6297158219789707,20.143993314580616,0.8047189562170501,34,0.17,2.263904327986449,0.0,17,9,33,688.7689423095835,8.178147567997303,20.89492145799092,2.19722457733622,49,0.17,2.211000546911137,0.0,17,9,22,852.7051089397565,1250,100,8,8
0.275744585928993,19.822055752162587,0.8047189562170501,35,0.18,2.2331415764988143,0.0,18,9,33,716.7223674236931,9.09773236371679,20.28399354900529,2.782260203661347,50,0.17,2.1898103935881004,0.0,17,9,22,834.7528490652576,1300,100,8,8
-0.0377278992337174,20.558361839818108,0.8047189562170501,36,0.17,2.24387442747505,0.0,17,9,33,719.0431628423787,9.791625588843033,20.46221093689706,3.367295829986474,53,0.16,2.1888591233162007,0.0,16,9,22,826.1641263186523,1350,100,8,8
0.0366936204797567,20.641522221119008,0.8047189562170501,36,0.16,2.2626241691610725,3.367295829986474,17,9,33,744.9298541785298,8.872721995289544,21.09929331231302,3.367295829986474,52,0.16,2.2110434922616298,0.0,16,9,22,855.0969602657584,1400,100,8,8
0.037598009892503,20.158005022736248,0.8047189562170501,34,0.16,2.2600847136824065,3.367295829986474,17,9,33,716.4682108690276,7.863552550325749,20.781240369693894,2.19722457733622,49,0.18,2.214960146326077,0.0,18,9,22,844.2468733239207,1450,100,8,8
-0.1102501954164526,20.07491396314806,0.0,35,0.17,2.2600847136824065,0.0,17,9,33,712.6868469942175,8.117156842641846,20.46158117757984,2.19722457733622,48,0.17,2.225616823063389,0.0,17,9,22,828.8132207630952,1500,100,8,8
0.2310448649972888,20.31441031490589,0.0,36,0.18,2.254874052706385,0.0,18,9,33,747.4378993773323,9.46093619204524,20.37961636729517,3.367295829986474,52,0.16,2.208339538693046,0.0,16,9,22,819.2782538170353,1550,100,8,8
0.1652960439013585,20.65490916870008,1.6094379124341005,37,0.16,2.2719674924233,3.367295829986474,17,9,33,709.4540711460896,9.16243555349954,20.75556421264798,3.367295829986474,53,0.16,2.208339538693046,0.0,16,9,22,824.0206157557359,1600,100,8,8
0.0568751792043863,20.643751430724247,1.6094379124341005,36,0.15,2.2626241691610725,3.367295829986474,17,9,33,743.543162361734,8.278009757496703,20.87699689632105,2.782260203661347,50,0.17,2.221657223648449,0.0,17,9,22,810.3063384646233,1650,100,8,8
0.6371318640610976,20.146817200460948,0.8047189562170501,34,0.17,2.263904327986449,0.0,17,9,33,688.7333923158828,8.17814756799304,20.900825669037,2.19722457733622,49,0.17,2.211000546911137,0.0,17,9,22,853.3772146396602,1700,100,8,8
0.284513796661736,19.82561185694161,0.8047189562170501,35,0.18,2.2331415764988143,0.0,18,9,33,716.7472066965563,9.0962463222947,20.29125585686855,2.782260203661347,50,0.17,2.1898103935881004,0.0,17,9,22,835.4347019493663,1750,100,8,8
-0.0291101096503192,20.56187012924365,0.8047189562170501,36,0.17,2.24387442747505,0.0,17,9,33,719.0103958412654,9.791625588838338,20.469243555754083,3.367295829986474,53,0.16,2.1888591233162007,0.0,16,9,22,826.9260451812559,1800,100,8,8
0.0437730456090591,20.64437235015372,0.8047189562170501,36,0.16,2.2626241691610725,3.367295829986474,17,9,33,744.9442043169335,8.874116686085976,21.10487229114249,3.367295829986474,52,0.16,2.2110434922616298,0.0,16,9,22,855.692897298591,1850,100,8,8
0.0445589631601139,20.16088021512739,0.8047189562170501,34,0.16,2.2600847136824065,3.367295829986474,17,9,33,716.445678769298,7.86355255032179,20.786854591911524,2.19722457733622,49,0.18,2.214960146326077,0.0,18,9,22,844.9116274944255,1900,100,8,8
-0.1020117148822034,20.07839694130793,0.0,35,0.17,2.2600847136824065,0.0,17,9,33,712.7405275152709,8.115762151836803,20.468323372281905,2.19722457733622,48,0.17,2.225616823063389,0.0,17,9,22,829.5430534069113,1950,100,8,8
0.2391495869323893,20.317666784666564,0.0,36,0.18,2.254874052706385,0.0,18,9,33,747.4193931600113,9.460936192040586,20.386305462936534,3.367295829986474,52,0.16,2.208339538693046,0.0,16,9,22,820.0351616292337,2000,100,8,8
0.1732712928852723,20.658092440883227,1.6094379124341005,37,0.16,2.2719674924233,3.367295829986474,17,9,33,709.3903690613246,9.16243555349519,20.76203952443052,3.367295829986474,53,0.16,2.208339538693046,0.0,16,9,22,824.643252230335,2050,100,8,8
0.0634337463954436,20.64640958214431,1.6094379124341005,36,0.15,2.2626241691610725,3.367295829986474,17,9,33,743.5571281100955,8.279303269556276,20.88230947687557,2.782260203661347,50,0.17,2.221657223648449,0.0,17,9,22,810.8486591885168,2100,100,8,8
0.6435886496492106,20.14931773733544,0.8047189562170501,34,0.17,2.263904327986449,0.0,17,9,33,688.7025786578247,8.17814756798878,20.906049502937886,2.19722457733622,49,0.17,2.211000546911137,0.0,17,9,22,853.9628698455391,2150,100,8,8
0.2921631927109066,19.828762957856693,0.8047189562170501,35,0.18,2.2331415764988143,0.0,18,9,33,716.7688827195414,9.094952810226518,20.29768153694755,2.782260203661347,50,0.17,2.1898103935881004,0.0,17,9,22,836.0299918949163,2200,100,8,8
-0.0215761360801516,20.5649830696618,0.8047189562170501,36,0.17,2.24387442747505,0.0,17,9,33,718.9817650903937,9.79162558883364,20.47548765969169,3.367295829986474,53,0.16,2.1888591233162007,0.0,16,9,22,827.5927254715301,2250,100,8,8
0.0499732640057116,20.646906084081635,0.8047189562170501,36,0.16,2.2626241691610725,3.367295829986474,17,9,33,744.9568798292943,8.875340455931873,21.10984177697044,3.367295829986474,52,0.16,2.2110434922616298,0.0,16,9,22,856.215320577638,2300,100,8,8
0.0506681551763256,20.163440879796703,0.8047189562170501,34,0.16,2.2600847136824065,3.367295829986474,17,9,33,716.4260284053372,7.863552550317832,20.79185654047849,2.19722457733622,49,0.18,2.214960146326077,0.0,18,9,22,845.4954658902657,2350,100,8,8
-0.094769143060104,20.081502125879204,0.0,35,0.17,2.2600847136824065,0.0,17,9,33,712.7877565041499,8.114538381982296,20.4743310932641,2.19722457733622,48,0.17,2.225616823063389,0.0,17,9,22,830.1850578299365,2400,100,8,8
0.2462886187502897,20.32057676786004,0.0,36,0.18,2.254874052706385,0.0,18,9,33,747.4031142236008,9.460936192035932,20.39228370128412,3.367295829986474,52,0.16,2.208339538693046,0.0,16,9,22,820.7023954343897,2450,100,8,8
0.1803097119528713,20.6609414479502,1.6094379124341005,37,0.16,2.2719674924233,3.367295829986474,17,9,33,709.334200291305,9.162435553490845,20.76783641594116,3.367295829986474,53,0.16,2.208339538693046,0.0,16,9,22,825.1934078901015,2500,100,8,8
0.0692308991215936,20.648791810821848,1.6094379124341005,36,0.15,2.2626241691610725,3.367295829986474,17,9,33,743.5695851881995,8.280448466109553,20.887078656370463,2.782260203661347,50,0.17,2.221657223648449,0.0,17,9,22,811.3285478439067,2550,100,8,8
0.6493061631578351,20.15156453470153,0.8047189562170501,34,0.17,2.263904327986449,0.0,17,9,33,688.6754332200351,8.178147567984519,20.9107400149184,2.19722457733622,49,0.17,2.211000546911137,0.0,17,9,22,854.4818944906116,2600,100,8,8
0.2989466715236992,19.83159561169736,0.8047189562170501,35,0.18,2.2331415764988143,0.0,18,9,33,716.7881645168746,9.093807613664632,20.303450649717444,2.782260203661347,50,0.17,2.1898103935881004,0.0,17,9,22,836.5583443683125,2650,100,8,8
-0.0148835553973291,20.56778423070108,0.8047189562170501,36,0.17,2.24387442747505,0.0,17,9,33,718.956393511482,9.791625588828945,20.48110951077353,3.367295829986474,53,0.16,2.1888591233162007,0.0,16,9,22,828.1854734599247,2700,100,8,8
0.0554887365796393,20.649189466367023,0.8047189562170501,36,0.16,2.2626241691610725,3.367295829986474,17,9,33,744.9682680578867,8.876430661329998,21.11432792215124,3.367295829986474,52,0.16,2.2110434922616298,0.0,16,9,22,856.6804904934708,2750,100,8,8
0.056111499336971,20.16575180954145,0.8047189562170501,34,0.16,2.2600847136824065,3.367295829986474,17,9,33,716.4086445428993,7.863552550313875,20.796372172585187,2.19722457733622,49,0.18,2.214960146326077,0.0,18,9,22,846.01604375203,2800,100,8,8
-0.0883074468824728,20.08430665548907,0.0,35,0.17,2.2600847136824065,0.0,17,9,33,712.8299656504178,8.113448176575561,20.47975474703292,2.19722457733622,48,0.17,2.225616823063389,0.0,17,9,22,830.7581973528274,2850,100,8,8
0.2526677918841537,20.32320991169488,0.0,36,0.18,2.254874052706385,0.0,18,9,33,747.388625959533,9.46093619203128,20.39769391816125,3.367295829986474,52,0.16,2.208339538693046,0.0,16,9,22,821.2990695379,2900,100,8,8
0.1866084503242382,20.663522566111656,1.6094379124341005,37,0.16,2.2719674924233,3.367295829986474,17,9,33,709.2840125314251,9.162435553486494,20.773089473844905,3.367295829986474,53,0.16,2.208339538693046,0.0,16,9,22,825.6863207160525,2950,100,8,8
0.0744251885557089,20.65095233873703,1.6094379124341005,36,0.15,2.2626241691610725,3.367295829986474,17,9,33,743.5808583420755,8.281475887327709,20.89141038336681,2.782260203661347,50,0.17,2.221657223648449,0.0,17,9,22,811.7589931703341,3000,100,8,8
0.6544364387836044,20.153606590215663,0.8047189562170501,34,0.17,2.263904327986449,0.0,17,9,33,688.6512085178566,8.178147567980258,20.91500058260083,2.19722457733622,49,0.17,2.211000546911137,0.0,17,9,22,854.9479791115557,3050,100,8,8
0.3050405027688065,19.83417093332229,0.8047189562170501,35,0.18,2.2331415764988143,0.0,18,9,33,716.8055668018442,9.092780192437864,20.30869004871616,2.782260203661347,50,0.17,2.1898103935881004,0.0,17,9,22,837.0333752425435,3100,100,8,8
-0.0088631638907243,20.570332873202904,0.8047189562170501,36,0.17,2.24387442747505,0.0,17,9,33,718.9336511918026,9.791625588824248,20.486227081251275,3.367295829986474,53,0.16,2.1888591233162007,0.0,16,9,22,828.7191480483324,3150,100,8,8
0.0604557833794334,20.651269541704607,0.8047189562170501,36,0.16,2.2626241691610725,3.367295829986474,17,9,33,744.9786325204361,8.877413609460767,21.118420788492863,3.367295829986474,52,0.16,2.2110434922616298,0.0,16,9,22,857.0997965684418,3200,100,8,8
0.0610199838305024,20.167859379499376,0.8047189562170501,34,0.16,2.2600847136824065,3.367295829986474,17,9,33,716.3930866439105,7.86355255030992,20.80049166658767,2.19722457733622,49,0.18,2.214960146326077,0.0,18,9,22,846.4857950178946,3250,100,8,8
-0.0824745032210773,20.086865925848898,0.0,35,0.17,2.2600847136824065,0.0,17,9,33,712.8681534838933,8.112465228436184,20.484702243126097,2.19722457733622,48,0.17,2.225616823063389,0.0,17,9,22,831.2758805501396,3300,100,8,8
0.2584334196354991,20.32561649764924,0.0,36,0.18,2.254874052706385,0.0,18,9,33,747.3756043253387,9.460936192026628,20.40263923452685,3.367295829986474,52,0.16,2.208339538693046,0.0,16,9,22,821.8387621043541,3350,100,8,8
0.1923083044150122,20.665883920546875,1.6094379124341005,37,0.16,2.2719674924233,3.367295829986474,17,9,33,709.2386849538794,9.162435553482146,20.777896294891725,3.367295829986474,53,0.16,2.208339538693046,0.0,16,9,22,826.1328673465387,3400,100,8,8
0.079130278280706,20.65293061993464,1.6094379124341005,36,0.15,2.2626241691610725,3.367295829986474,17,9,33,743.5911749389343,8.282407514790124,20.89538189903855,2.782260203661347,50,0.17,2.221657223648449,0.0,17,9,22,812.149302037256,3450,100,8,8
0.6590889521742861,20.1554797536078,0.8047189562170501,34,0.17,2.263904327986449,0.0,17,9,33,688.6293617675354,8.178147567975994,20.918906762517256,2.19722457733622,49,0.17,2.211000546911137,0.0,17,9,22,855.3709792825994,3500,100,8,8
0.3105720685292485,19.836533743506656,0.8047189562170501,35,0.18,2.2331415764988143,0.0,18,9,33,716.8214514191164,9.091848564966838,20.313492594777863,2.782260203661347,50,0.17,2.1898103935881004,0.0,17,9,22,837.4649204580841,3550,100,8,8
-0.0033921687175927,20.57267260475024,0.8047189562170501,36,0.17,2.24387442747505,0.0,17,9,33,718.9130715738197,9.791625588819551,20.49092723095168,3.367295829986474,53,0.16,2.1888591233162007,0.0,16,9,22,829.2045273739855,3600,100,8,8
0.064973675474153,20.65318105364316,0.8047189562170501,36,0.16,2.2626241691610725,3.367295829986474,17,9,33,744.9881610494158,8.87830852730638,21.12218701997867,3.367295829986474,52,0.16,2.2110434922616298,0.0,16,9,22,857.4815290420789,3650,100,8,8
0.0654893812754356,20.169797969537274,0.8047189562170501,34,0.16,2.2600847136824065,3.367295829986474,17,9,33,716.3790290461255,7.863552550305961,20.804281893759715,2.19722457733622,49,0.18,2.214960146326077,0.0,18,9,22,846.9138088713801,3700,100,8,8
-0.0771587241401239,20.08922111210845,0.0,35,0.17,2.2600847136824065,0.0,17,9,33,712.9030447388459,8.11157031058196,20.48925372758245,2.19722457733622,48,0.17,2.225616823063389,0.0,17,9,22,831.7479402292965,3750,100,8,8
0.2636932409120339,20.327834060377658,0.0,36,0.18,2.254874052706385,0.0,18,9,33,747.363803228831,9.460936192021975,20.407196632213346,3.367295829986474,52,0.16,2.208339538693046,0.0,16,9,22,822.3314676207842,3800,100,8,8
0.1975133395102281,20.66806155951785,1.6094379124341005,37,0.16,2.2719674924233,3.367295829986474,17,9,33,709.1973824504302,9.162435553477795,20.782329996866043,3.367295829986474,53,0.16,2.208339538693046,0.0,16,9,22,826.5410850585735,3850,100,8,8
0.0834304372386227,20.654756292939844,1.6094379124341005,36,0.15,2.2626241691610725,3.367295829986474,17,9,33,743.6007007264087,8.283259697985786,20.89905132829877,2.782260203661347,50,0.17,2.221657223648449,0.0,17,9,22,812.506372913046,3900,100,8,8
0.6633451582411939,20.15721107835017,0.8047189562170501,34,0.17,2.263904327986449,0.0,17,9,33,688.6094868191492,8.178147567971733,20.922515520503755,2.19722457733622,49,0.17,2.211000546911137,0.0,17,9,22,855.7582273474413,3950,100,8,8
0.3156364220864969,19.83871792796862,0.8047189562170501,35,0.18,2.2331415764988143,0.0,18,9,33,716.8360827653478,9.090996381762569,20.31792838256709,2.782260203661347,50,0.17,2.1898103935881004,0.0,17,9,22,837.8603184330311,4000,100,8,8
0.0016213731166126,20.574836482763587,0.8047189562170501,36,0.17,2.24387442747505,0.0,17,9,33,718.8943000540808,9.791625588814854,20.49527583945331,3.367295829986474,53,0.16,2.1888591233162007,0.0,16,9,22,829.6496797627395,4050,100,8,8
0.0691169525397918,20.654950418228687,0.8047189562170501,36,0.16,2.2626241691610725,3.367295829986474,17,9,33,744.9969925444013,8.879129894498794,21.12567737680164,3.367295829986474,52,0.16,2.2110434922616298,0.0,16,9,22,857.8319113758241,4100,100,8,8
0.0695918406246062,20.171593800630355,0.8047189562170501,34,0.16,2.2600847136824065,3.367295829986474,17,9,33,716.3662245682175,7.863552550302005,20.80779386913269,2.19722457733622,49,0.18,2.214960146326077,0.0,18,9,22,847.3069320332849,4150,100,8,8
-0.0722758225169201,20.091403684511704,0.0,35,0.17,2.2600847136824065,0.0,17,9,33,712.9351824733633,8.110748943380935,20.49347041633009,2.19722457733622,48,0.17,2.225616823063389,0.0,17,9,22,832.1818024499286,4200,100,8,8
0.268528891739607,20.32989139005673,0.0,36,0.18,2.254874052706385,0.0,18,9,33,747.3530319220877,9.46093619201732,20.41142516176084,3.367295829986474,52,0.16,2.208339538693046,0.0,16,9,22,822.7847575913837,4250,100,8,8
0.2023026507737542,20.670083210839007,1.6094379124341005,37,0.16,2.2719674924233,3.367295829986474,17,9,33,709.1594664839815,9.162435553473449,20.786446830705604,3.367295829986474,53,0.16,2.208339538693046,0.0,16,9,22,826.9170824241365,4300,100,8,8
0.0873898760815536,20.65645220948434,1.6094379124341005,36,0.15,2.2626241691610725,3.367295829986474,17,9,33,743.6095604996357,8.284044927885413,20.902463555979125,2.782260203661347,50,0.17,2.221657223648449,0.0,17,9,22,812.8354620342004,4350,100,8,8
0.6672673067945638,20.15882150282271,0.8047189562170501,34,0.17,2.263904327986449,0.0,17,9,33,688.5912721110665,8.178147567967473,20.925870911395894,2.19722457733622,49,0.17,2.211000546911137,0.0,17,9,22,856.1153270172831,4400,100,8,8
0.32030637978727,19.840749751626856,0.8047189562170501,35,0.18,2.2331415764988143,0.0,18,9,33,716.8496601439044,9.09021115185433,20.322051668294066,2.782260203661347,50,0.17,2.1898103935881004,0.0,17,9,22,838.2251906650941,4450,100,8,8
0.0062480952578863,20.57685018656033,0.8047189562170501,36,0.17,2.24387442747505,0.0,17,9,33,718.8770611634081,9.79162558881016,20.499324107070468,3.367295829986474,53,0.16,2.1888591233162007,0.0,16,9,22,830.060803041999,4500,100,8,8
-0.0545004551590619,19.84678523189127,0.0,40,0.16,2.2817789764578085,0.0,16,9,33,728.446639987229,7.470678684755807,20.24241795987281,2.19722457733622,51,0.16,2.2498174682114547,0.0,16,9,22,756.730574902471,4550,100,8,8
0.1640971601560648,18.9905654362224,0.0,45,0.15,2.739840138054813,0.0,15,21,33,491.6043062583716,2.697670432340164,19.3960643545266,0.0,47,0.11,2.4075731520326458,-1.6094379124341005,11,21,4,447.5514423950042,4600,100,8,8
-0.0397716396367436,19.51993978226381,0.0,43,0.13,2.634716578927385,-2.19722457733622,15,5,19,744.8281227836197,0.7963693820040831,20.7477484139113,-1.6094379124341005,47,0.04,2.32604303254414,-2.833213344056216,10,21,19,654.3466194531085,4650,100,8,8
-0.3969169503926772,19.25560249853619,0.0,41,0.15,2.612128065075315,-2.19722457733622,15,5,19,719.1708614316994,1.1753074747594956,20.96328658848024,-1.6094379124341005,46,0.05,2.150227295516754,-2.833213344056216,9,21,19,675.6463850139876,4700,100,8,8
-0.0478002965502634,19.519153351230685,0.0,42,0.15,2.5956067482844727,0.0,15,5,19,730.5124642021515,-0.391657268561519,20.26963120578743,-1.6094379124341005,44,0.05,2.3121559876082576,-2.833213344056216,10,21,19,677.0921662412848,4750,100,8,8
-0.0646512657345672,19.521529683917784,0.0,44,0.14,2.616161113055892,-2.19722457733622,14,5,19,744.1727462064271,1.0854152903242444,20.97035803689302,-1.6094379124341005,47,0.05,2.109380650416853,-2.833213344056216,10,21,19,674.9874811232326,4800,100,8,8
0.1951211910140772,19.75629070726714,0.0,42,0.15,2.581581636454771,0.0,15,5,19,749.0926213880716,1.5021347632669828,20.70971554230568,-1.6094379124341005,45,0.05,2.140422278048086,-1.6094379124341005,10,21,19,677.8710643006686,4850,100,8,8
0.3154104815055502,19.774400355308103,0.0,43,0.13,2.4916653379721097,-2.19722457733622,14,5,19,756.2843406540708,0.2489205192516491,20.75881191282066,-1.6094379124341005,45,0.04,2.295731491149285,-2.833213344056216,10,21,19,693.8454231401457,4900,100,8,8
-0.3428419895122509,19.27073001501577,0.0,41,0.14,2.589684876282268,-2.19722457733622,14,5,19,718.0316790817017,1.1309670053364191,20.977976973650065,-1.6094379124341005,46,0.05,2.150227295516754,-2.833213344056216,10,21,19,678.068889306946,4950,100,8,8
-0.1260368220237246,19.512164724803803,0.0,41,0.15,2.532354058225297,-2.19722457733622,15,5,19,726.0594362847573,0.465000703032816,20.040489204415344,-1.6094379124341005,43,0.05,2.3348156840302314,-2.833213344056216,10,21,19,652.0122924631078,5000,100,8,8
-0.103976700582181,19.50473925078363,0.0,44,0.14,2.607408557599368,-2.19722457733622,15,5,19,740.322374634674,1.125402123197112,20.95381327147209,-1.6094379124341005,47,0.04,2.089185799528404,-2.833213344056216,10,21,19,668.5371289601791,5050,100,8,8
-0.7317511129787744,19.487475942361847,0.0,42,0.15,2.496212539692157,0.0,15,5,19,745.3956488025156,0.9312559812176175,21.19676647926968,-1.6094379124341005,47,0.05,2.1588718486819283,-1.6094379124341005,9,21,19,694.0242263584166,5100,100,8,8
0.2732889709923353,19.771236105819803,0.0,43,0.14,2.480245587518076,-2.19722457733622,14,5,19,761.3500813521937,-0.4034453695171544,20.27326436462408,-1.6094379124341005,44,0.05,2.3121559876082576,-2.833213344056216,10,21,19,678.2641536842115,5150,100,8,8
-0.0764629374243675,19.517429641402806,0.0,43,0.14,2.628612238033324,-2.19722457733622,14,5,19,743.4930900473322,1.09722678847957,20.965966262595213,-1.6094379124341005,46,0.05,2.109380650416853,-2.833213344056216,10,21,19,673.7998551223963,5200,100,8,8
-0.1579930537594803,19.501720322633627,0.0,40,0.15,2.593406002645612,0.0,15,5,19,719.4925940136663,1.1773711967675269,20.48641318514452,-1.6094379124341005,43,0.05,2.358549761477002,-1.6094379124341005,10,21,19,642.1861171946813,5250,100,8,8
0.2989147010534523,19.76886357801753,0.0,44,0.13,2.519361284351964,-2.19722457733622,14,5,19,755.2161062717862,0.5118441321040178,20.519913483941643,-1.6094379124341005,46,0.04,2.320559757593199,-2.833213344056216,10,21,19,667.7564466000457,5300,100,8,8
-0.359670459605217,19.254200791401647,0.0,41,0.15,2.628481195811386,0.0,15,5,19,717.309886112014,1.1856827233205522,20.960324838727857,-1.6094379124341005,46,0.05,2.150227295516754,-2.833213344056216,9,21,19,675.0549591869981,5350,100,8,8
-0.1632231784699967,19.49931990307536,0.0,41,0.15,2.564805183168508,-2.19722457733622,15,5,19,723.3456618606247,0.2557594006138856,20.26608015697384,-1.6094379124341005,43,0.05,2.3107470817148226,-2.833213344056216,10,21,19,671.3928899100799,5400,100,8,8
-0.0609796934149537,19.516970045020503,0.0,44,0.14,2.618861027875992,-2.19722457733622,15,5,19,742.8870179602548,1.0984994951545564,20.96583865185831,-1.6094379124341005,47,0.05,2.089185799528404,-2.833213344056216,10,21,19,674.3355827540369,5450,100,8,8
-0.0454742199609465,19.518259411706143,0.0,42,0.15,2.618861027875992,0.0,15,5,19,729.7349980220309,1.2048585203381073,20.96460596545248,-1.6094379124341005,46,0.05,2.150227295516754,-1.6094379124341005,9,21,19,671.5215975720945,5500,100,8,8
0.2362181117111291,19.769530784930435,0.0,43,0.13,2.519361284351964,-2.19722457733622,14,5,19,760.4171827075656,-0.0864686886139022,20.518861872953376,-1.6094379124341005,44,0.04,2.289564095036734,-2.833213344056216,10,21,19,702.221058181926,5550,100,8,8
-0.0903804508758895,19.512400087206576,0.0,42,0.14,2.616161113055892,-2.19722457733622,14,5,19,742.5196376418739,1.1272387678231994,20.961600687058432,-1.6094379124341005,46,0.05,2.130802110112529,-2.833213344056216,10,21,19,671.3201150397672,5600,100,8,8
-0.1194675165836682,19.498246160758264,0.0,41,0.15,2.591961468518665,0.0,15,5,19,717.916148280838,0.8589398379702637,20.254527843806983,-1.6094379124341005,43,0.05,2.304886675433585,-1.6094379124341005,10,21,5,630.0128312606541,5650,100,8,8
-0.0662228986702212,19.510842015077184,0.0,44,0.13,2.6347165789273856,-2.19722457733622,15,5,19,743.1784066463031,0.8228206410386896,20.73822425752477,-1.6094379124341005,47,0.04,2.3135919075666465,-2.833213344056216,10,21,19,651.7245196494595,5700,100,8,8
-0.4536086754315314,19.23985135710297,0.0,40,0.15,2.585228505717988,-2.19722457733622,15,5,19,715.9681020597026,1.2319991997992192,20.946712884112443,-1.6094379124341005,44,0.05,2.130802110112529,-2.833213344056216,9,21,19,669.9725824549735,5750,100,8,8
-0.1247428063041651,19.498250901557324,0.0,38,0.15,2.587262079723202,0.0,15,5,19,725.1968283040272,-0.3433991576189792,20.25932895746589,-1.6094379124341005,41,0.05,2.2737809180428243,-2.833213344056216,10,21,19,672.318608621062,5800,100,8,8
-0.1060537654818451,19.507786162403843,0.0,44,0.14,2.628612238033324,-2.19722457733622,14,5,19,741.4460970271484,1.1268177900723917,20.955547990663188,-1.6094379124341005,47,0.05,2.109380650416853,-2.833213344056216,10,21,19,670.8588278935069,5850,100,8,8
0.1815623550654266,19.7515407641724,0.0,42,0.15,2.581581636454771,0.0,15,5,19,748.0754709842433,1.5443779980283012,20.69351551488516,-1.6094379124341005,45,0.05,2.140422278048086,-1.6094379124341005,10,21,19,673.800320527217,5900,100,8,8
0.2328162115330797,19.75051813270669,0.0,43,0.13,2.630787965868084,-2.19722457733622,14,5,19,750.9219071944083,0.3004831510861853,20.742167021633296,-1.6094379124341005,45,0.04,2.295731491149285,-2.833213344056216,10,21,19,688.700800857471,5950,100,8,8
-0.4347525023281502,19.23986505089552,0.0,41,0.14,2.586779935727875,-2.19722457733622,14,5,19,711.8591987628375,1.222877518153188,20.946169478531445,-1.6094379124341005,46,0.05,2.150227295516754,-2.833213344056216,10,21,19,668.9542715228403,6000,100,8,8
-0.1476787675236227,19.50423708208676,0.0,41,0.15,2.5723540581895152,-2.19722457733622,15,5,19,724.4657103006616,0.5176742866722142,20.02346846771517,-1.6094379124341005,42,0.05,2.301342864421246,-2.833213344056216,10,21,19,647.0319413157516,6050,100,8,8
-0.103248764807392,19.507541904084,0.0,41,0.14,2.591961468518665,-2.19722457733622,15,5,19,740.1088681344365,1.124674187423193,20.95645761044836,-1.6094379124341005,44,0.04,2.067014677059921,-2.833213344056216,10,21,19,668.6213532200603,6100,100,8,8
-0.7350306819605334,19.48900592980692,0.0,38,0.15,2.4307575144974938,0.0,15,5,19,745.1511228726663,0.9345355502000726,21.198142232863653,-1.6094379124341005,44,0.05,2.139847463452683,-1.6094379124341005,9,21,19,693.7226036948786,6150,100,8,8
0.2111270778863662,19.752368600196345,0.0,40,0.14,2.6098175608877674,-2.19722457733622,14,5,19,757.106663859434,-0.3489680433470261,20.25764015735525,-1.6094379124341005,42,0.05,2.279704862664885,-2.833213344056216,10,21,19,672.8427289595123,6200,100,8,8
-0.130126933702069,19.500534318953985,0.0,43,0.14,2.577159767792482,-2.19722457733622,14,5,19,739.5443677801304,1.1508907847583143,20.94762429744527,-1.6094379124341005,46,0.05,2.109380650416853,-2.833213344056216,10,21,19,668.5007258368876,6250,100,8,8
-0.1690802042618061,19.49829906867049,0.0,40,0.15,2.585857127624604,0.0,15,5,19,718.6664808181657,1.1961429142072582,20.47967764070287,-1.6094379124341005,43,0.05,2.346098636499508,-1.6094379124341005,10,21,19,640.3686372414181,6300,100,8,8
0.2561821032268904,19.75595887437609,0.0,44,0.13,2.491665338049738,-2.19722457733622,14,5,19,752.2455934394433,0.5545767299311471,20.505791903897617,-1.6094379124341005,46,0.04,2.320559757593199,-2.833213344056216,10,21,19,663.484146285954,6350,100,8,8
-0.4025044337279768,19.23964549603384,0.0,40,0.15,2.579933666124937,0.0,15,5,19,714.3079800960948,1.2285166974441812,20.945265939267536,-1.6094379124341005,46,0.05,2.150227295516754,-2.833213344056216,9,21,19,670.8323027782458,6400,100,8,8
-0.20543401356884,19.486121092504064,0.0,41,0.15,2.5287087784594897,-2.19722457733622,15,5,19,720.3938695524876,0.2979702357138253,20.253188179044155,-1.6094379124341005,43,0.05,2.27829595677145,-2.833213344056216,10,21,19,667.2517202922697,6450,100,8,8
-0.1331434436792396,19.496373226791608,0.0,44,0.14,2.558442588113196,-2.19722457733622,15,5,19,737.9132738577285,1.1706632454197117,20.943091868112585,-1.6094379124341005,45,0.05,2.089185799528404,-2.833213344056216,10,21,19,667.1807299728813,6500,100,8,8
-0.088863403345706,19.506235163520635,0.0,40,0.15,2.59985968257836,0.0,15,5,19,726.4136146955598,1.2482477037235515,20.951010801453293,-1.6094379124341005,44,0.05,2.150227295516754,-1.6094379124341005,9,21,19,667.2942642792653,6550,100,8,8
0.2324010359566949,19.768128369906403,0.0,43,0.13,2.519361284351964,-2.19722457733622,14,5,19,760.0983603731223,-0.0814561613522869,20.51712933382985,-1.6094379124341005,44,0.04,2.289564095036734,-2.833213344056216,10,21,19,701.7244097741003,6600,100,8,8
-0.0796070635162309,19.515563730293,0.0,42,0.14,2.628612238033324,-2.19722457733622,14,5,19,743.0997497011065,1.1164653804644975,20.96507846072192,-1.6094379124341005,46,0.05,2.130802110112529,-2.833213344056216,10,21,19,672.39864520457,6650,100,8,8
-0.1019219062165646,19.503871307286577,0.0,41,0.15,2.591961468518665,0.0,15,5,19,719.16259028523,0.8401987760975445,20.26099581157805,-1.6094379124341005,43,0.05,2.3409830801427827,-1.6094379124341005,10,21,5,628.149771770315,6700,100,8,8
-0.0656570311372747,19.51144326289821,0.0,44,0.13,2.6347165789273856,-2.19722457733622,15,5,19,743.3163748430447,0.8222547735064755,20.738810565884062,-1.6094379124341005,47,0.04,2.32604303254414,-2.833213344056216,10,21,19,651.7674785446994,6750,100,8,8
-0.4332548605340681,19.243389567794985,0.0,41,0.15,2.599676940097884,-2.19722457733622,15,5,19,716.9695439887668,1.211645384902626,20.950719054421768,-1.6094379124341005,46,0.05,2.150227295516754,-2.833213344056216,9,21,19,672.0099445828786,6800,100,8,8
-0.0829365061415265,19.50742300680545,0.0,42,0.15,2.6080578732619046,0.0,15,5,19,728.0586015488767,-0.3625779110794779,20.261148434678667,-1.6094379124341005,44,0.05,2.279704862664885,-2.833213344056216,10,21,19,674.2082037757716,6850,100,8,8
-0.0887631679848119,19.51261475005161,0.0,44,0.14,2.628612238033324,-2.19722457733622,14,5,19,742.517376678934,1.1095271925762282,20.960885101890973,-1.6094379124341005,47,0.05,2.109380650416853,-2.833213344056216,10,21,19,672.5904329420268,6900,100,8,8
0.1763725113107884,19.749739216161068,0.0,42,0.15,2.581581636454771,0.0,15,5,19,747.7495765873614,1.5269402950825022,20.69937042568648,-1.6094379124341005,45,0.05,2.140422278048086,-1.6094379124341005,10,21,19,675.4436942781302,6950,100,8,8
0.2730136111117003,19.76074408915487,0.0,43,0.13,2.491665338049738,-2.19722457733622,14,5,19,753.4004253398855,0.2773110348633085,20.74897153347316,-1.6094379124341005,45,0.04,2.3032803661703314,-2.833213344056216,10,21,19,691.0206539822987,7000,100,8,8
-0.4548094141454811,19.23590169875528,0.0,40,0.14,2.6053628411927074,-2.19722457733622,14,5,19,711.2885255263576,1.2429344299713885,20.941774234840857,-1.6094379124341005,44,0.05,2.130802110112529,-2.833213344056216,11,21,19,666.900586255914,7050,100,8,8
-0.2431754512872438,19.47763587714044,0.0,37,0.15,2.5172563081828656,-2.19722457733622,15,5,19,717.4865141583346,0.5961456870816566,20.000192054456708,-1.6094379124341005,40,0.05,2.235018119693915,-2.833213344056216,11,21,19,639.3777034559897,7100,100,8,8
-0.0846183673497367,19.509462461991028,0.0,44,0.14,2.618861027875992,-2.19722457733622,15,5,19,741.1985135043909,1.106043789966407,20.95915334926507,-1.6094379124341005,47,0.04,2.089185799528404,-2.833213344056216,10,21,19,670.5084499235252,7150,100,8,8
-0.6865441651528751,19.502158584027946,0.0,42,0.15,2.44766501000566,0.0,15,5,19,748.7311263596195,0.8860490333931098,21.21069112550559,-1.6094379124341005,47,0.05,2.1588718486819283,-1.6094379124341005,9,21,19,698.4476953602333,7200,100,8,8
0.2331995095071443,19.758677985600897,0.0,42,0.14,2.492696712573196,-2.19722457733622,14,5,19,758.5886670372801,-0.3670454069820035,20.262448217657603,-1.6094379124341005,44,0.05,2.3121559876082576,-2.833213344056216,10,21,19,674.64072931872,7250,100,8,8
-0.1229701514162612,19.504035983577293,0.0,43,0.14,2.6171597677567,-2.19722457733622,14,5,19,740.1700368250721,1.1437340024735512,20.95123278951008,-1.6094379124341005,45,0.05,2.109380650416853,-2.833213344056216,10,21,19,669.1942818137793,7300,100,8,8
-0.1851395208506357,19.49452010655078,0.0,39,0.15,2.5744046573479795,0.0,15,5,19,717.4157827635362,1.2082071628118531,20.476763827695684,-1.6094379124341005,41,0.05,2.31346245484217,-1.6094379124341005,10,21,19,639.1825717388773,7350,100,8,8
0.2610705590311317,19.75690558167396,0.0,44,0.13,2.491665338049738,-2.19722457733622,14,5,19,752.5328251829235,0.5496882741277443,20.506897265081143,-1.6094379124341005,46,0.04,2.2844633528840013,-2.833213344056216,10,21,19,663.9817549695408,7400,100,8,8
-0.3934812853823017,19.242621786078058,0.0,41,0.15,2.579933666124937,0.0,15,5,19,714.9957135001965,1.2194935490993764,20.94835569007928,-1.6094379124341005,46,0.05,2.150227295516754,-2.833213344056216,9,21,19,671.7185571340353,7450,100,8,8
-0.2096315923293046,19.48505191539207,0.0,38,0.15,2.532354058225297,-2.19722457733622,15,5,19,720.1616487845488,0.3021678144745163,20.25214031833277,-1.6094379124341005,41,0.05,2.27829595677145,-2.833213344056216,10,21,19,666.8236372709904,7500,100,8,8
-0.1100672379113869,19.501645469003154,0.0,41,0.14,2.5703134981895435,-2.19722457733622,15,5,19,739.496965524643,1.1475870396527283,20.949142895055573,-1.6094379124341005,45,0.05,2.089185799528404,-2.833213344056216,10,21,19,669.4809951667403,7550,100,8,8
-0.0754726390705007,19.50811056843521,0.0,42,0.15,2.5703134981895435,0.0,15,5,19,727.7533283137685,1.2348569394496298,20.953497831678025,-1.6094379124341005,46,0.05,2.150227295516754,-1.6094379124341005,9,21,19,668.5306244184754,7600,100,8,8
0.2020056334024319,19.7584650514288,0.0,43,0.13,2.519361284351964,-2.19722457733622,14,5,19,757.9594805467916,-0.0520764301808611,20.50789764559601,-1.6094379124341005,44,0.04,2.2571129700933623,-2.833213344056216,10,21,19,698.8007116508037,7650,100,8,8
-0.0903143211547241,19.51186695095186,0.0,42,0.14,2.580064708346875,-2.19722457733622,14,5,19,742.264192433255,1.1271726381039469,20.96110768176472,-1.6094379124341005,46,0.05,2.130802110112529,-2.833213344056216,10,21,19,671.3470037324877,7700,100,8,8
-0.1416878869071766,19.4920164103918,0.0,41,0.15,2.552960123255255,0.0,15,5,19,716.5452318997211,0.8809804281725591,20.247781243481167,-1.6094379124341005,43,0.05,2.304886675433585,-1.6094379124341005,10,21,5,631.9195941641166,7750,100,8,8
-0.1019991210237818,19.500111279916453,0.0,44,0.13,2.583264108686543,-2.19722457733622,15,5,19,740.5077429534746,0.8585968633937324,20.726823025470573,-1.6094379124341005,47,0.04,2.277495502857448,-2.833213344056216,10,21,19,648.1756065505883,7800,100,8,8
-0.4295492084191969,19.24473635797025,0.0,41,0.15,2.560675594834473,-2.19722457733622,15,5,19,717.2741782733005,1.2079397327886243,20.95209376688215,-1.6094379124341005,46,0.05,2.150227295516754,-2.833213344056216,9,21,19,672.3817619968252,7850,100,8,8
-0.1429745059794868,19.489992385218454,0.0,41,0.15,2.552960123255255,0.0,15,5,19,724.0943360296633,-0.3195035031933571,20.25051156186532,-1.6094379124341005,44,0.05,2.279704862664885,-2.833213344056216,10,21,19,669.9109699154535,7900,100,8,8
-0.1482523449039366,19.494834487893165,0.0,43,0.14,2.577159767792482,-2.19722457733622,14,5,19,738.3081562974116,1.1690163694962223,20.941434830446592,-1.6094379124341005,47,0.05,2.109380650416853,-2.833213344056216,10,21,19,666.6964796991383,7950,100,8,8
0.148848571119677,19.74213035435012,0.0,42,0.15,2.5425802911913604,0.0,15,5,19,745.9224767401304,1.5714278272271387,20.68358695698676,-1.6094379124341005,45,0.05,2.140422278048086,-1.6094379124341005,10,21,19,671.0959230606636,8000,100,8,8
0.2316853971390809,19.749250582026715,0.0,43,0.13,2.621821996346112,-2.19722457733622,14,5,19,750.3835980249324,0.3294761152211298,20.733645820318625,-1.6094379124341005,45,0.04,2.263280366205913,-2.833213344056216,10,21,19,685.8080129338216,8050,100,8,8
-0.4147591318214094,19.24519101263274,0.0,39,0.14,2.5896848762822686,-2.19722457733622,14,5,19,713.1961378081987,1.2028841476481869,20.95181377137628,-1.6094379124341005,45,0.05,2.150227295516754,-2.833213344056216,10,21,19,670.9522860320442,8100,100,8,8
-0.1864582847924548,19.49152671002184,0.0,41,0.15,2.532354058225297,-2.19722457733622,15,5,19,721.7772901053021,0.5285916542032314,20.018235190832552,-1.6094379124341005,43,0.05,2.2987192793210336,-2.833213344056216,10,21,19,645.8226636767537,8150,100,8,8
-0.142735604663419,19.492633463573675,0.0,44,0.14,2.56740855763515,-2.19722457733622,15,5,19,737.6936111321135,1.1641610272809588,20.94065467123912,-1.6094379124341005,47,0.04,2.089185799528404,-2.833213344056216,10,21,19,664.7121639240339,8200,100,8,8
-0.7602562309963364,19.478194692144218,0.0,42,0.15,2.496212539692157,0.0,15,5,19,743.8426335163944,0.9597610992372672,21.187965575255184,-1.6094379124341005,47,0.05,2.1588718486819283,-1.6094379124341005,9,21,19,691.1500224959709,8250,100,8,8
0.1944008596990197,19.74720507844218,0.0,41,0.14,2.444149182886601,-2.19722457733622,14,5,19,755.9376990109034,-0.3431884223019119,20.25560509978546,-1.6094379124341005,43,0.05,2.279704862664885,-2.833213344056216,10,21,19,672.2919128096069,8300,100,8,8
-0.1292719925246523,19.49986437650152,0.0,40,0.14,2.580064708346875,-2.19722457733622,14,5,19,739.6924921816585,1.1500358435829858,20.9470422988634,-1.6094379124341005,44,0.05,2.109380650416853,-2.833213344056216,10,21,19,668.5724728928257,8350,100,8,8
-0.1859093029268411,19.49225257322548,0.0,38,0.15,2.5534060026813936,0.0,15,5,19,717.582052765286,1.223918610017657,20.46938940630274,-1.6094379124341005,42,0.05,2.31000223179031,-1.6094379124341005,10,21,5,640.3139663933584,8400,100,8,8
0.2316312939887365,19.748504445464945,0.0,44,0.13,2.4431178083631435,-2.19722457733622,14,5,19,750.4753302124343,0.5791275391708424,20.49763910360545,-1.6094379124341005,46,0.04,2.2844633528840013,-2.833213344056216,10,21,19,661.0436133597614,8450,100,8,8
-0.4089413942248441,19.23773503116424,0.0,40,0.15,2.579933666124937,0.0,15,5,19,713.9366410842468,1.2349536579427882,20.94325718617745,-1.6094379124341005,46,0.05,2.150227295516754,-2.833213344056216,9,21,19,670.1899925851523,8500,100,8,8
-0.2108982214902766,19.48546318708574,0.0,41,0.15,2.5287087784594897,-2.19722457733622,15,5,19,720.1198687660248,0.3034344436364515,20.252530225260184,-1.6094379124341005,43,0.05,2.2448231371624656,-2.833213344056216,10,21,19,666.6910301829665,8550,100,8,8
-0.1519016102440914,19.49066021808344,0.0,43,0.14,2.558442588113196,-2.19722457733622,15,5,19,737.045076645274,1.1894214119863034,20.93684407441153,-1.6094379124341005,46,0.05,2.089185799528404,-2.833213344056216,10,21,19,665.2929739237371,8600,100,8,8
-0.1216700393770417,19.495072643937743,0.0,39,0.15,2.56740855763515,0.0,15,5,19,724.3347128566783,1.2810543397568528,20.9388020130819,-1.6094379124341005,44,0.05,2.150227295516754,-1.6094379124341005,9,21,19,663.9893881740752,8650,100,8,8
0.183348220872436,19.753209478066616,0.0,39,0.13,2.4333665982057826,-2.19722457733622,14,5,19,756.7329981693126,-0.0458911224839057,20.50600900007665,-1.6094379124341005,42,0.04,2.2571129700933623,-2.833213344056216,10,21,19,698.1918655501994,8700,100,8,8
-0.1290161445793952,19.50008309880373,0.0,41,0.14,2.580064708346875,-2.19722457733622,14,5,19,739.8913117656302,1.1658744615295753,20.948223494611646,-1.6094379124341005,46,0.05,2.130802110112529,-2.833213344056216,10,21,19,667.4877354278207,8750,100,8,8
-0.1411913093598409,19.49129169778718,0.0,41,0.15,2.559510343575456,0.0,15,5,19,716.4025710721037,0.8929559554598296,20.24317736361236,-1.6094379124341005,43,0.05,2.304886675433585,-1.6094379124341005,10,21,5,632.8944223316504,8800,100,8,8
-0.1061379329507185,19.498517938394293,0.0,44,0.13,2.583264108686543,-2.19722457733622,15,5,19,740.500338651827,0.8627356753215198,20.725172900665225,-1.6094379124341005,47,0.04,2.277495502857448,-2.833213344056216,10,21,19,647.7415510335078,8850,100,8,8
-0.4601588549715558,19.234391021292303,0.0,41,0.15,2.560675594834473,-2.19722457733622,15,5,19,715.0578542502973,1.238549379341853,20.94145413219464,-1.6094379124341005,46,0.05,2.150227295516754,-2.833213344056216,9,21,19,669.3622313338552,8900,100,8,8
-0.1415645902454151,19.489858726115504,0.0,42,0.15,2.559510343575456,0.0,15,5,19,724.2027209000561,-0.3341987741965931,20.253124684703693,-1.6094379124341005,44,0.05,2.279704862664885,-2.833213344056216,10,21,19,671.3958148264726,8950,100,8,8
-0.1616604151216628,19.491195449813848,0.0,42,0.14,2.568193798270528,-2.19722457733622,14,5,19,737.7204749968847,1.1824244397148185,20.93739353785362,-1.6094379124341005,46,0.05,2.109380650416853,-2.833213344056216,10,21,19,665.3421560386845,9000,100,8,8
0.0818950005419423,19.72717574227339,0.0,38,0.15,2.5018125123556563,0.0,15,5,19,741.4539972588187,1.6516667530756215,20.65975304778716,-1.6094379124341005,43,0.05,2.1206071275814944,-1.6094379124341005,10,21,19,663.1693349338791,9050,100,8,8
0.1038736948082254,19.72563113321977,0.0,34,0.14,2.5162229542046664,-2.19722457733622,14,5,19,741.9982168636358,0.3922899471463534,20.71921671056786,-1.6094379124341005,39,0.04,2.191844731714357,-2.833213344056216,10,21,19,679.5576796881121,9100,100,8,8
-0.5047906553004766,19.22490147203905,0.0,37,0.15,2.5564759502965866,0.0,15,5,19,707.4636427083955,1.2929156711281231,20.929788522955786,-1.6094379124341005,43,0.06,2.130802110112529,-2.833213344056216,10,21,19,661.9775033556003,9150,100,8,8
-0.1965014212358228,19.48839288059479,0.0,40,0.15,2.532354058225297,-2.19722457733622,15,5,19,720.9988046936826,0.6036326610537964,20.0025996881576,-1.6094379124341005,41,0.06,2.295814338766626,-2.833213344056216,10,21,19,638.8235813090712,9200,100,8,8
-0.1454750652114816,19.49165929215635,0.0,40,0.14,2.56740855763515,-2.19722457733622,15,5,19,737.4585565667161,1.1669004878298914,20.939614236349183,-1.6094379124341005,44,0.04,2.089185799528404,-2.833213344056216,10,21,19,664.4318118424511,9250,100,8,8
-0.7937450806913983,19.468256521701345,0.0,40,0.15,2.44766501000566,0.0,15,5,19,741.8469780324268,0.9932499489330248,21.178514262593183,-1.6094379124341005,45,0.05,2.1588718486819283,-1.6094379124341005,9,21,19,687.8235451191285,9300,100,8,8
0.1222498105076907,19.730280109065315,0.0,42,0.14,2.4441491829643245,-2.19722457733622,14,5,19,751.0200724188244,-0.2794317658476999,20.241475006038154,-1.6094379124341005,44,0.05,2.1607414634916786,-2.833213344056216,10,21,19,665.9539708489332,9350,100,8,8
-0.2040315471494346,19.48041331366491,0.0,39,0.14,2.480064708385658,-2.19722457733622,14,5,19,734.820602736546,1.2247953982088111,20.92528971216217,-1.6094379124341005,42,0.05,2.109380650416853,-2.833213344056216,10,21,19,661.1474869757461,9400,100,8,8
-0.2411575725932558,19.47733738604761,0.0,35,0.15,2.509502407428313,0.0,15,5,19,713.6320536539574,1.2875612724227534,20.4499228162831,-1.6094379124341005,39,0.05,2.281011329898798,-1.6094379124341005,10,21,5,646.1668372460364,9450,100,8,8
0.174506367364857,19.73461792604543,0.0,42,0.13,2.580592465784265,-2.19722457733622,14,5,19,746.6115854634137,0.6362524657955424,20.48199933108199,-1.6094379124341005,45,0.04,2.255048067723703,-2.833213344056216,10,21,19,655.3576542853168,9500,100,8,8
-0.4772271044763353,19.21923275467151,0.0,37,0.15,2.526833225486826,0.0,15,5,19,709.7338806226433,1.3032393681951493,20.923567345153703,-1.6094379124341005,44,0.05,2.130802110112529,-2.833213344056216,10,21,19,663.3890062991311,9550,100,8,8
-0.2548011632950158,19.47387198885616,0.0,37,0.15,2.4958392136834804,-2.19722457733622,15,5,19,716.8337794732198,0.3473373854418102,20.24117758242944,-1.6094379124341005,40,0.05,2.2448231371624656,-2.833213344056216,11,21,19,662.4497976143814,9600,100,8,8
-0.2523053200545644,19.471473368893555,0.0,36,0.15,2.4958392136834804,-2.19722457733622,15,5,19,730.9737930751025,1.2898251217976455,20.914003383877304,-1.6094379124341005,41,0.06,2.042674748577844,-2.833213344056216,10,21,5,664.8223800865039,9650,100,8,8
-0.2573484542758605,19.467618888074867,0.0,33,0.16,2.4523540582632,0.0,16,5,19,714.8624301064565,1.416732754656579,20.905720525103927,-1.6094379124341005,38,0.06,2.109380650416853,-1.6094379124341005,9,21,5,663.1592673805558,9700,100,8,8
0.040400657047495,19.724938746369265,0.0,34,0.14,2.4680785670927072,-2.19722457733622,14,5,19,747.2393188144499,0.0484583172981416,20.483756495588523,-1.6094379124341005,38,0.04,2.1381495709201555,-2.833213344056216,10,21,19,688.802112136924,9750,100,8,8
-0.3048612007192568,19.46677131800404,0.0,31,0.16,2.4462497173691378,0.0,16,5,19,728.7304969774765,1.3417195176703935,20.90849969389397,-1.6094379124341005,36,0.07,2.089185799528404,-2.833213344056216,10,21,5,667.7516488464813,9800,100,8,8
-0.3352181243019832,19.45856382506092,0.0,26,0.18,2.262627629523517,0.0,18,5,19,702.9538121407512,1.1355808944464303,20.19592950745216,-1.6094379124341005,29,0.09,2.537208733424868,-1.6094379124341005,10,21,5,654.7552186186651,9850,100,8,8
-0.3325354844360425,19.4595190041732,0.0,25,0.16,2.268247088185574,0.0,16,5,19,725.7559321353941,1.0891332268076854,20.68020517523337,-1.6094379124341005,32,0.07,2.512449964405384,-2.833213344056216,11,21,5,663.699267039563,9900,100,8,8
0.197345327385179,16.539691711455422,0.0,31,0.17,2.550661779583731,0.0,17,5,18,388.1260388489957,0.3124570788828916,21.171929331152143,0.0,38,0.16,2.512712205791644,0.0,16,11,10,581.3657779194026,9950,100,8,8
0.9592382368548252,13.313717755020315,2.19722457733622,33,0.19,2.509090284540868,0.0,19,11,18,530.8471390499576,-2.032847940476048,20.351886478843586,0.0,31,0.28,1.7515223858907134,0.0,28,11,18,846.8267536021643,10000,100,8,8
1.2778358400702654,13.683771740307051,2.19722457733622,32,0.18,2.428084099952501,2.19722457733622,19,11,18,562.740274253929,-2.4497077225388737,21.015793012122828,0.0,31,0.28,1.783318314174852,0.0,28,11,18,961.5121760697194,10050,100,8,8
1.3029636977429788,13.69693391527051,2.19722457733622,32,0.18,2.359305694403882,2.19722457733622,19,11,18,563.8022934903083,-2.7643027402130325,21.21132378538743,0.0,31,0.27,1.7905831680206528,0.0,27,11,18,961.1827672788746,10100,100,8,8
1.2684136876380574,13.69071298578155,2.19722457733622,32,0.19,2.437889117421012,0.0,19,11,18,565.0943417650207,-2.4497077225401576,21.015793012115225,0.0,31,0.28,1.783318314174852,0.0,28,11,18,961.5121760694964,10150,100,8,8
1.3388108747830805,13.700970470794656,2.19722457733622,33,0.18,2.450923689259243,0.0,18,11,18,563.0207500772802,-2.7643027402079188,21.21132378540169,0.0,32,0.27,1.7905831680206528,0.0,27,11,18,961.1827672794122,10200,100,8,8
1.300612658257401,13.690908942096442,2.19722457733622,32,0.18,2.359305694403882,3.218875824868201,19,11,18,566.6575391468875,-2.41751896429047,21.0219846238912,0.0,31,0.27,1.783318314174852,0.0,27,11,18,960.6645805530582,10250,100,8,8
1.593604805105244,14.020588558614945,2.19722457733622,33,0.18,2.424024129901889,0.0,18,11,18,587.2792998014093,-2.135112704870479,21.283865252944608,0.0,32,0.27,1.7963031933179092,0.0,27,11,18,979.8633925520712,10300,100,8,8
1.2541101837032465,13.706844010456487,2.19722457733622,32,0.18,2.4144039619664857,0.0,18,11,18,561.869698724738,-2.4497077225418,21.01579301210428,0.0,31,0.28,1.783318314174852,0.0,28,11,18,958.2146270146992,10350,100,8,8
1.292613049533041,13.703358801196822,2.19722457733622,32,0.19,2.3691107118723926,0.0,19,11,18,568.8770338896644,-2.13511270487225,21.28386525293577,0.0,32,0.27,1.7963031933179092,0.0,27,11,18,979.8633925517108,10400,100,8,8
1.3036285207230849,13.69274389047555,2.19722457733622,32,0.18,2.404598944497975,3.218875824868201,19,11,18,562.1682145319833,-2.417518964290901,21.02198462388584,0.0,31,0.27,1.783318314174852,0.0,27,11,18,961.149216901574,10450,100,8,8
1.2333480325969857,13.687205851450608,2.19722457733622,32,0.18,2.437889117421012,0.0,18,11,18,567.1666748702844,-2.471679968310988,21.01436889242341,0.0,31,0.27,1.805923361253495,0.0,27,11,18,962.7753982860064,10500,100,8,8
0.9414515068653396,14.065342619738388,2.19722457733622,33,0.18,2.424024129901889,0.0,18,11,18,590.3205877922591,-2.764302740208996,21.211323785397987,0.0,31,0.27,1.7905831680206528,0.0,27,11,18,961.1827672793222,10550,100,8,8
1.2617533209126652,13.67515169478955,2.19722457733622,32,0.18,2.428084099952501,2.19722457733622,19,11,18,561.9976723654216,-2.449707722535924,21.015793012127048,0.0,31,0.28,1.783318314174852,0.0,28,11,18,961.5121760698896,10600,100,8,8
1.2476060920290457,13.668114549992282,2.19722457733622,32,0.18,2.4485025397511,2.19722457733622,19,11,18,560.3058211469682,-2.7643027402062184,21.21132378540884,0.0,31,0.27,1.7905831680206528,0.0,27,11,18,961.1827672797102,10650,100,8,8
1.2290507974969411,13.669933613217312,2.19722457733622,32,0.19,2.45830755721961,0.0,19,11,18,562.2393048702572,-2.4497077225348973,21.01579301213009,0.0,31,0.28,1.783318314174852,0.0,28,11,18,961.512176069987,10700,100,8,8
1.3237264227207732,13.693194353020944,2.19722457733622,33,0.18,2.475825939214716,0.0,18,11,18,562.4474000445421,-2.764302740206674,21.21132378540096,0.0,32,0.27,1.7905831680206528,0.0,27,11,18,961.18276727942,10750,100,8,8
1.2740471160901776,13.676956891735948,2.19722457733622,32,0.18,2.4419523194308925,3.218875824868201,19,11,18,565.0369537451423,-2.417518964286804,21.02198462389872,0.0,31,0.27,1.783318314174852,0.0,27,11,18,960.6645805533502,10800,100,8,8
1.5700040648109168,14.008653934364128,2.19722457733622,33,0.18,2.4475092853564155,0.0,18,11,18,585.5379236382026,-2.1351127048661938,21.28386525295361,0.0,32,0.27,1.7963031933179092,0.0,27,11,18,979.8633925523678,10850,100,8,8
1.2375432001148514,13.69789172338134,2.19722457733622,32,0.18,2.437889117421012,0.0,18,11,18,560.6348983108608,-2.4497077225388635,21.01579301210844,0.0,31,0.28,1.783318314174852,0.0,28,11,18,958.2146270148196,10900,100,8,8
1.2461941068098812,13.679471221079408,2.19722457733622,32,0.19,2.45830755721961,0.0,19,11,18,566.4683124702522,-2.135112704866412,21.283865252951323,0.0,32,0.27,1.7963031933179092,0.0,27,11,18,979.8633925523166,10950,100,8,8
1.2652355559307162,13.673043162687314,2.19722457733622,32,0.18,2.4419523194308925,3.218875824868201,19,11,18,559.2687952218987,-2.417518964286428,21.021984623897065,0.0,31,0.27,1.783318314174852,0.0,27,11,18,961.1492169019394,11000,100,8,8
1.221178366397894,13.680786978205209,2.19722457733622,32,0.18,2.437889117421012,0.0,18,11,18,566.8024689100314,-2.4716799683089,21.01436889242365,0.0,31,0.27,1.805923361253495,0.0,27,11,18,962.7753982860264,11050,100,8,8
0.9319944195985164,14.060857457990013,2.19722457733622,33,0.18,2.461377504834806,0.0,18,11,18,589.6855297265049,-2.76430274020781,21.211323785393617,0.0,31,0.27,1.7905831680206528,0.0,27,11,18,961.1827672791115,11100,100,8,8
1.249722053058673,13.66935727498221,2.19722457733622,32,0.18,2.4485025397511,2.19722457733622,19,11,18,561.8074490152884,-2.4497077225345603,21.01579301212396,0.0,31,0.28,1.783318314174852,0.0,28,11,18,961.5121760698004,11150,100,8,8
1.2323450086442254,13.660355211076428,2.19722457733622,32,0.18,2.428084099952501,2.19722457733622,19,11,18,558.9916985944591,-2.764302740204197,21.211323785408297,0.0,31,0.27,1.7905831680206528,0.0,27,11,18,961.1827672796462,11200,100,8,8
1.2477973744409,13.67992206652761,2.19722457733622,32,0.19,2.4517573368994032,0.0,19,11,18,562.5413545402452,-2.4497077225362824,21.015793012114333,0.0,31,0.28,1.783318314174852,0.0,28,11,18,961.5121760692568,11250,100,8,8
1.3394978507438602,13.701968163945114,2.19722457733622,33,0.18,2.450923689259243,0.0,18,11,18,563.870426732044,-2.764302740206187,21.21132378538771,0.0,32,0.27,1.7905831680206528,0.0,27,11,18,961.1827672788348,11300,100,8,8
1.2560462501607887,13.668924487261858,2.19722457733622,32,0.18,2.4485025397511,3.218875824868201,19,11,18,563.9794364136422,-2.417518964285677,21.02198462389453,0.0,31,0.27,1.783318314174852,0.0,27,11,18,960.66458055319,11350,100,8,8
1.5382009161904184,13.994200500335417,2.19722457733622,33,0.18,2.467927725155014,0.0,18,11,18,583.1838064443965,-2.135112704864635,21.28386525295525,0.0,32,0.27,1.7963031933179092,0.0,27,11,18,979.8633925524026,11400,100,8,8
1.2249729835122216,13.691718368076296,2.19722457733622,32,0.18,2.437889117421012,0.0,18,11,18,559.3544693982279,-2.449707722537145,21.015793012106982,0.0,31,0.28,1.783318314174852,0.0,28,11,18,958.2146270146696,11450,100,8,8
1.2528423498884016,13.6831001284778,2.19722457733622,31,0.19,2.437889117421012,0.0,19,11,18,566.4341906910048,-2.135112704867067,21.28386525294144,0.0,32,0.27,1.7963031933179092,0.0,27,11,18,979.8633925519284,11500,100,8,8
1.265987512417044,13.6742463159488,2.19722457733622,32,0.18,2.4485025397511,3.218875824868201,19,11,18,558.9846689892112,-2.417518964286629,21.02198462388677,0.0,31,0.27,1.783318314174852,0.0,27,11,18,961.1492169014232,11550,100,8,8
1.2228081261578476,13.681846933269394,2.19722457733622,32,0.18,2.4517573368994032,0.0,18,11,18,566.6327200623493,-2.4716799683085937,21.01436889241569,0.0,31,0.27,1.805923361253495,0.0,27,11,18,962.7753982856924,11600,100,8,8
0.9126241594234484,14.050696332804042,2.19722457733622,33,0.18,2.461377504834806,0.0,18,11,18,588.343394619864,-2.7643027402048985,21.211323785397152,0.0,31,0.27,1.7905831680206528,0.0,27,11,18,961.1827672792072,11650,100,8,8
1.2542833819527397,13.672575936051604,2.19722457733622,32,0.18,2.4419523194308925,2.19722457733622,19,11,18,560.5570868081774,-2.44970772253504,21.01579301211237,0.0,31,0.28,1.783318314174852,0.0,28,11,18,961.5121760691555,11700,100,8,8
1.2726166848771978,13.681269268530846,2.19722457733622,32,0.18,2.4419523194308925,2.19722457733622,19,11,18,561.6406896990469,-2.764302740207255,21.211323785384486,0.0,31,0.27,1.7905831680206528,0.0,27,11,18,961.1827672786608,11750,100,8,8
1.2532641591220366,13.682278299475612,2.19722457733622,32,0.19,2.4517573368994032,0.0,19,11,18,563.5738329887579,-2.449707722535475,21.01579301210868,0.0,31,0.28,1.783318314174852,0.0,28,11,18,961.512176069042,11800,100,8,8
1.3390456714226635,13.701736778583934,2.19722457733622,33,0.18,2.450923689259243,0.0,18,11,18,563.5366237630337,-2.76430274020586,21.211323785381403,0.0,32,0.27,1.7905831680206528,0.0,27,11,18,961.182767278565,11850,100,8,8
1.2920447181294568,13.687233924001855,2.19722457733622,32,0.18,2.404598944497975,3.218875824868201,19,11,18,565.928651279939,-2.4175189642879933,21.02198462387449,0.0,31,0.27,1.783318314174852,0.0,27,11,18,960.66458055233,11900,100,8,8
1.5548942996405786,14.002058143642223,2.19722457733622,33,0.18,2.4475092853564155,0.0,18,11,18,585.1243177591946,-2.135112704865254,21.28386525294368,0.0,32,0.27,1.7963031933179092,0.0,27,11,18,979.863392551958,11950,100,8,8
1.206304446511078,13.682029652087232,2.19722457733622,32,0.18,2.4517573368994032,0.0,18,11,18,558.098423419469,-2.4497077225344244,21.01579301211014,0.0,31,0.28,1.783318314174852,0.0,28,11,18,958.214627014764,12000,100,8,8
1.249170433277339,13.680689232147529,2.19722457733622,32,0.19,2.437889117421012,0.0,19,11,18,566.3425267010601,-2.1351127048646377,21.283865252941226,0.0,32,0.27,1.7963031933179092,0.0,27,11,18,979.8633925518787,12050,100,8,8
1.2918527699977187,13.687112653343668,2.19722457733622,32,0.18,2.404598944497975,3.218875824868201,19,11,18,560.3900610095071,-2.417518964287729,21.02198462387233,0.0,31,0.27,1.783318314174852,0.0,27,11,18,961.1492169008268,12100,100,8,8
1.2505075321636745,13.696373300678712,2.19722457733622,32,0.18,2.4144039619664857,0.0,18,11,18,568.8950957035466,-2.471679968310653,21.014368892396824,0.0,31,0.27,1.805923361253495,0.0,27,11,18,962.7753982849472,12150,100,8,8
0.9465670290837276,14.0681223620154,2.19722457733622,33,0.18,2.447509285356415,0.0,18,11,18,590.2114525047596,-2.7643027402069817,21.211323785377804,0.0,31,0.27,1.7905831680206528,0.0,27,11,18,961.1827672783965,12200,100,8,8
1.2702990301893482,13.679679436958432,2.19722457733622,32,0.18,2.4419523194308925,2.19722457733622,19,11,18,563.0748494622603,-2.449707722534624,21.01579301210492,0.0,31,0.28,1.783318314174852,0.0,28,11,18,961.5121760689232,12250,100,8,8
1.2645444542496045,13.676546034886664,2.19722457733622,32,0.18,2.428084099952501,2.19722457733622,19,11,18,561.4196137586102,-2.7643027402049483,21.21132378538525,0.0,31,0.27,1.7905831680206528,0.0,27,11,18,961.1827672787066,12300,100,8,8
1.2558959055822283,13.683615303232113,2.19722457733622,32,0.19,2.4144039619664857,0.0,19,11,18,564.1471786386993,-2.449707722534904,21.01579301210193,0.0,31,0.28,1.783318314174852,0.0,28,11,18,961.5121760688052,12350,100,8,8
1.326810501464231,13.69535682188198,2.19722457733622,33,0.18,2.466859969692753,0.0,18,11,18,562.7674564976036,-2.7643027402042457,21.21132378538042,0.0,32,0.27,1.7905831680206528,0.0,27,11,18,961.1827672785324,12400,100,8,8
1.2363939298681896,13.659241691226672,2.19722457733622,32,0.18,2.4485025397511,3.218875824868201,19,11,18,563.1467435953429,-2.417518964282587,21.021984623890013,0.0,31,0.27,1.783318314174852,0.0,27,11,18,960.6645805529474,12450,100,8,8
1.5340367486191522,13.992310910206252,2.19722457733622,33,0.18,2.467927725155014,0.0,18,11,18,582.6285053182802,-2.13511270486245,21.283865252946008,0.0,32,0.27,1.7963031933179092,0.0,27,11,18,979.8633925519412,12500,100,8,8
1.1787001781694015,13.66864849561424,2.19722457733622,32,0.18,2.45830755721961,0.0,18,11,18,557.8702672771492,-2.449707722531829,21.01579301211273,0.0,31,0.28,1.783318314174852,0.0,28,11,18,958.2146270149552,12550,100,8,8
1.1371586249058974,13.62904493599064,2.19722457733622,32,0.19,2.490758682162853,0.0,19,11,18,558.4593531202469,-2.135112704858112,21.28386525296179,0.0,32,0.27,1.7963031933179092,0.0,27,11,18,979.8633925526284,12600,100,8,8
1.16648022943825,13.628831945814044,2.19722457733622,32,0.18,2.4809536646943418,3.218875824868201,19,11,18,552.1981005752608,-2.4175189642796853,21.0219846239,0.0,31,0.27,1.783318314174852,0.0,27,11,18,961.1492169019198,12650,100,8,8
1.1693317148806102,13.656385587077226,2.19722457733622,32,0.18,2.45830755721961,0.0,18,11,18,562.2700277056688,-2.471679968303765,21.0143688924192,0.0,31,0.27,1.805923361253495,0.0,27,11,18,962.7753982856937,12700,100,8,8
2.3601218909781783,18.66198238807191,1.0986122886681098,43,0.19,2.5093966598147146,0.0,19,4,25,543.4989765421386,-4.018158218942872,19.81413308049891,0.0,32,0.24,1.9222335576592489,0.0,24,11,18,582.8205568705007,12750,100,8,8
3.488587559009792,23.545158211602686,0.0,55,0.22,2.0265830324438303,0.0,22,4,25,1259.4960238892031,-6.7045394431928615,15.657817604301322,-1.0986122886681098,23,0.24,1.112394030679887,-2.19722457733622,24,4,25,741.9027615465217,12800,100,8,8
3.8260682804315502,24.68707547310361,0.0,52,0.25,1.5611819421386397,0.0,25,4,25,1445.6345240382334,-7.8868476875263,13.696288415994593,-1.0986122886681098,16,0.26,1.5000000002393346,0.0,26,4,25,813.213488159957,12850,100,8,8
3.826068280431728,24.68707547310516,0.0,53,0.25,1.5611819421386397,0.0,25,4,25,1445.6345240383216,-7.842903195980106,13.72149963666016,0.0,16,0.26,1.4895642179521462,0.0,26,4,25,813.355956224485,12900,100,8,8
3.4895010169902214,24.537015955459555,0.0,52,0.25,1.5611819421386393,0.0,25,4,25,1420.988575835858,-7.842903195983806,13.725017602753912,-1.0986122886681098,16,0.24,1.5000000001995288,2.19722457733622,26,4,25,815.6317406979456,12950,100,8,8
3.48950101698658,24.537015955440875,0.0,52,0.25,1.5611819421386393,0.0,25,4,25,1420.988575834771,-7.886847687524867,13.699812856054097,-2.19722457733622,16,0.24,1.5095699921973325,-2.19722457733622,26,4,25,815.4778298943438,13000,100,8,8
3.826068280427362,24.68707547308151,0.0,52,0.25,1.5611819421386397,0.0,25,4,25,1445.6345240369378,-7.8868476875194675,13.696288415982831,-1.0986122886681098,16,0.26,1.5000000002393346,0.0,26,4,25,813.2134881592739,13050,100,8,8
3.826068280429778,24.68707547309129,0.0,53,0.25,1.5611819421386397,0.0,25,4,25,1445.6345240375238,-7.842903195975521,13.721499636652268,0.0,16,0.26,1.4895642179521462,0.0,26,4,25,813.3559562240267,13100,100,8,8
3.489501016987723,24.537015955446822,0.0,52,0.25,1.5611819421386393,0.0,25,4,25,1420.9885758351163,-7.842903195979952,13.72501760274728,-1.0986122886681098,16,0.24,1.5000000001995288,2.19722457733622,26,4,25,815.6317406975603,13150,100,8,8
3.489501016989593,24.537015955459,0.0,52,0.25,1.5611819421386393,0.0,25,4,25,1420.9885758358148,-7.8868476875305955,13.699812856063948,-2.19722457733622,16,0.24,1.5095699921973325,-2.19722457733622,26,4,25,815.477829894916,13200,100,8,8
3.826068280435857,24.687075473131408,0.0,52,0.25,1.5611819421386397,0.0,25,4,25,1445.6345240398423,-7.886847687535318,13.696288416010107,-1.0986122886681098,16,0.26,1.5000000002393346,0.0,26,4,25,813.2134881608581,13250,100,8,8
3.826068280435581,24.68707547313061,0.0,53,0.25,1.5611819421386397,0.0,25,4,25,1445.6345240397925,-7.842903195988399,13.721499636674436,0.0,16,0.26,1.4895642179521462,0.0,26,4,25,813.3559562253139,13300,100,8,8
3.4895010169913694,24.537015955469624,0.0,52,0.25,1.5611819421386393,0.0,25,4,25,1420.9885758364276,-7.842903195987223,13.72501760275979,-1.0986122886681098,16,0.24,1.5000000001995288,2.19722457733622,26,4,25,815.6317406982869,13350,100,8,8
3.4895010169899274,24.537015955456184,0.0,52,0.25,1.5611819421386393,0.0,25,4,25,1420.988575835669,-7.886847687529349,13.699812856061802,-2.19722457733622,16,0.24,1.5095699921973325,-2.19722457733622,26,4,25,815.4778298947916,13400,100,8,8
3.826068280431459,24.68707547310413,0.0,52,0.25,1.5611819421386397,0.0,25,4,25,1445.6345240382595,-7.886847687526544,13.696288415995008,-1.0986122886681098,16,0.26,1.5000000002393346,0.0,26,4,25,813.2134881599814,13450,100,8,8
3.826068280432443,24.68707547311313,0.0,53,0.25,1.5611819421386397,0.0,25,4,25,1445.6345240387714,-7.842903195982916,13.721499636664998,0.0,16,0.26,1.4895642179521462,0.0,26,4,25,813.3559562247658,13500,100,8,8
3.489501016990242,24.537015955461804,0.0,52,0.25,1.5611819421386393,0.0,25,4,25,1420.9885758359806,-7.842903195984676,13.725017602755408,-1.0986122886681098,16,0.24,1.5000000001995288,2.19722457733622,26,4,25,815.6317406980324,13550,100,8,8
3.489501016989426,24.5370159554595,0.0,52,0.25,1.5611819421386393,0.0,25,4,25,1420.988575835839,-7.886847687530864,13.699812856064415,-2.19722457733622,16,0.24,1.5095699921973325,-2.19722457733622,26,4,25,815.477829894943,13600,100,8,8
3.8260682804357806,24.68707547313173,0.0,52,0.25,1.5611819421386397,0.0,25,4,25,1445.6345240398582,-7.886847687535478,13.696288416010384,-1.0986122886681098,16,0.26,1.5000000002393346,0.0,26,4,25,813.2134881608742,13650,100,8,8
3.826068280433667,24.68707547311657,0.0,53,0.25,1.5611819421386397,0.0,25,4,25,1445.6345240389855,-7.842903195983731,13.721499636666396,0.0,16,0.26,1.4895642179521462,0.0,26,4,25,813.3559562248474,13700,100,8,8
3.4895010169874867,24.53701595544673,0.0,52,0.25,1.5611819421386393,0.0,25,4,25,1420.9885758351068,-7.842903195980023,13.7250176027474,-1.0986122886681098,16,0.24,1.5000000001995288,2.19722457733622,26,4,25,815.6317406975672,13750,100,8,8
3.48950101699116,24.53701595546481,0.0,52,0.25,1.5611819421386393,0.0,25,4,25,1420.9885758361622,-7.886847687532167,13.699812856066654,-2.19722457733622,16,0.24,1.5095699921973325,-2.19722457733622,26,4,25,815.4778298950731,13800,100,8,8
3.826068280431584,24.68707547310348,0.0,52,0.25,1.897520139850759,0.0,25,4,25,1445.6345240382266,-7.886847687526232,13.696288415994474,-1.0986122886681098,16,0.26,1.5000000002393346,0.0,26,4,25,813.2134881599501,13850,100,8,8
3.82606828042966,24.68707547309357,0.0,53,0.25,1.5611819421386397,0.0,25,4,25,1445.6345240376452,-7.842903195976465,13.7214996366539,0.0,16,0.26,1.4895642179521462,0.0,26,4,25,813.3559562241215,13900,100,8,8
3.4895010169885654,24.537015955450865,0.0,52,0.25,1.5611819421386393,0.0,25,4,25,1420.988575835353,-7.842903195981155,13.725017602749352,-1.0986122886681098,16,0.24,1.5000000001995288,2.19722457733622,26,4,25,815.6317406976805,13950,100,8,8
3.4895010169898786,24.537015955465705,0.0,52,0.25,1.5611819421386393,0.0,25,4,25,1420.9885758361854,-7.886847687533085,13.699812856068233,-2.19722457733622,16,0.24,1.5095699921973325,-2.19722457733622,26,4,25,815.4778298951652,14000,100,8,8
3.826068280432224,24.687075473110053,0.0,52,0.25,1.5611819421386397,0.0,25,4,25,1445.6345240385997,-7.886847687528534,13.696288415998438,-1.0986122886681098,16,0.26,1.5000000002393346,0.0,26,4,25,813.2134881601802,14050,100,8,8
3.8260682804297503,24.68707547308894,0.0,53,0.25,1.5611819421386397,0.0,25,4,25,1445.6345240373944,-7.842903195974608,13.7214996366507,0.0,16,0.26,1.4895642179521462,0.0,26,4,25,813.3559562239358,14100,100,8,8
3.4895010169862832,24.537015955436186,0.0,52,0.25,1.5611819421386393,0.0,25,4,25,1420.98857583451,-7.842903195976445,13.725017602741245,-1.0986122886681098,16,0.24,1.5000000001995288,2.19722457733622,26,4,25,815.6317406972098,14150,100,8,8
3.489501016987276,24.537015955442342,0.0,52,0.25,1.5611819421386393,0.0,25,4,25,1420.9885758348646,-7.886847687525131,13.69981285605455,-2.19722457733622,16,0.24,1.5095699921973325,-2.19722457733622,26,4,25,815.4778298943703,14200,100,8,8
3.8260682804298303,24.68707547309555,0.0,52,0.25,1.5611819421386397,0.0,25,4,25,1445.634524037757,-7.886847687523893,13.696288415990448,-1.0986122886681098,16,0.26,1.5000000002393346,0.0,26,4,25,813.2134881597162,14250,100,8,8
3.8260682804292703,24.687075473092232,0.0,53,0.25,1.5611819421386397,0.0,25,4,25,1445.6345240375636,-7.842903195976111,13.721499636653288,0.0,16,0.26,1.4895642179521462,0.0,26,4,25,813.355956224086,14300,100,8,8
3.489501016985823,24.53701595543269,0.0,52,0.25,1.5611819421386393,0.0,25,4,25,1420.9885758343107,-7.842903195975283,13.725017602739245,-1.0986122886681098,16,0.24,1.5000000001995288,2.19722457733622,26,4,25,815.6317406970938,14350,100,8,8
3.489501016984625,24.537015955428654,0.0,52,0.25,1.5611819421386393,0.0,25,4,25,1420.988575834068,-7.88684768752097,13.699812856047387,-2.19722457733622,16,0.24,1.5095699921973325,-2.19722457733622,26,4,25,815.4778298939543,14400,100,8,8
3.826068280429421,24.687075473093618,0.0,52,0.25,1.5611819421386397,0.0,25,4,25,1445.634524037643,-7.886847687523313,13.696288415989452,-1.0986122886681098,16,0.26,1.5000000002393346,0.0,26,4,25,813.2134881596585,14450,100,8,8
3.82606828043046,24.687075473099537,0.0,53,0.25,1.5611819421386397,0.0,25,4,25,1445.6345240379876,-7.8429031959784545,13.721499636657322,0.0,16,0.26,1.4895642179521462,0.0,26,4,25,813.3559562243202,14500,100,8,8
3.4895010169874103,24.53701595544573,0.0,52,0.25,1.5611819421386393,0.0,25,4,25,1420.988575835051,-7.842903195979667,13.725017602746789,-1.0986122886681098,16,0.24,1.5000000001995288,2.19722457733622,26,4,25,815.6317406975318,14550,100,8,8
3.48950101698912,24.537015955449743,0.0,52,0.25,1.5611819421386393,0.0,25,4,25,1420.9885758353034,-7.886847687527198,13.699812856058104,-2.19722457733622,16,0.24,1.5095699921973325,-2.19722457733622,26,4,25,815.4778298945768,14600,100,8,8
3.826068280434973,24.68707547312505,0.0,52,0.25,1.5611819421386397,0.0,25,4,25,1445.634524039476,-7.886847687533208,13.696288416006482,-1.0986122886681098,16,0.26,1.5000000002393346,0.0,26,4,25,813.2134881606473,14650,100,8,8
3.826068280436868,24.68707547314285,0.0,53,0.25,1.5611819421386397,0.0,25,4,25,1445.6345240404878,-7.842903195992635,13.721499636681727,0.0,16,0.26,1.4895642179521462,0.0,26,4,25,813.3559562257374,14700,100,8,8
3.489501016991751,24.53701595546981,0.0,52,0.25,1.5611819421386393,0.0,25,4,25,1420.9885758364455,-7.842903195987125,13.725017602759625,-1.0986122886681098,16,0.24,1.5000000001995288,2.19722457733622,26,4,25,815.6317406982771,14750,100,8,8
3.3707236599604498,23.36790868122167,0.0,53,0.22,2.0543116381201765,0.0,22,4,25,993.4644048602922,-7.422545282145422,13.64726651255534,0.0,22,0.23,2.1545999031033647,0.0,23,4,25,559.246522978621,14800,100,8,8
2.087779269306348,20.85960123396919,0.0,45,0.2,2.104205908393773,0.0,20,7,44,680.6374848836879,-6.888843189020218,13.632981549631538,0.0,22,0.23,1.98679758419011,0.0,23,9,11,438.20291715743457,14850,100,8,8
1.616933527531317,19.2249381300158,0.0,38,0.23,2.4996745943468666,0.0,23,2,44,822.5685726955733,-6.449605430507007,13.5152476248386,0.0,17,0.23,1.9766369686077268,0.0,23,2,11,546.7756245169481,14900,100,8,8
1.9315285341770752,19.451964440850976,0.0,39,0.22,2.4996745943468666,0.0,22,2,44,856.2544272132568,-6.487672055404597,13.502382999476657,0.0,17,0.22,1.9766369686077268,0.0,22,2,11,539.4893493876443,14950,100,8,8
1.5912840097000605,19.22878898809512,0.0,38,0.22,2.509360866103015,0.0,22,2,44,820.050970183267,-6.475254924081413,13.505413429071345,0.0,17,0.22,1.9766369686077268,0.0,22,2,11,544.2233813319917,15000,100,8,8
1.4188871160711698,19.34222628335272,0.0,39,0.22,2.509360866103015,0.0,22,2,44,856.8431372397171,-6.764200534945219,13.72595816934565,0.0,17,0.22,1.9766369686077268,0.0,22,2,11,564.5900045042936,15050,100,8,8
1.642582972592655,19.224474840346744,0.0,38,0.22,2.4996745943468666,0.0,22,2,44,815.0084511097506,-6.449605430506587,13.51524762483782,0.0,17,0.23,1.9766369686077268,0.0,23,2,11,546.0300007294826,15100,100,8,8
1.9315285702256944,19.45196462923569,0.0,38,0.22,2.4996745943468666,0.0,22,2,44,841.3543052491677,-6.41153880560877,13.538700288697592,0.0,17,0.22,1.970893955763899,3.80666248977032,23,2,11,549.9390051944595,15150,100,8,8
1.647378679138643,19.224764177329497,0.0,38,0.22,2.4996745943468666,0.0,22,2,44,815.4142006424808,-6.419160206129143,13.53315934978515,0.0,17,0.22,1.970893955763899,0.0,22,2,11,546.3181857503596,15200,100,8,8
1.616933441530522,19.224938225840564,0.0,38,0.23,2.4996745943468666,0.0,23,2,44,822.5685787185643,-6.411538805608559,13.538700288697202,0.0,17,0.22,1.970893955763899,3.80666248977032,23,2,11,549.9390051944422,15250,100,8,8
1.3023384128333515,19.50419547562172,0.0,39,0.22,2.509360866103015,0.0,22,2,44,836.2536276025959,-6.7642004481775935,13.72595801323611,0.0,18,0.22,1.9766369686077268,0.0,22,2,11,566.3400260835398,15300,100,8,8
1.6169334172738994,19.22493825286805,0.0,38,0.23,2.4996745943468666,0.0,23,2,44,822.5685804173556,-6.449605430506051,13.51524762483683,0.0,17,0.23,1.9766369686077268,0.0,23,2,11,546.7756245168703,15350,100,8,8
1.9315284239195816,19.45196456405244,0.0,39,0.22,2.4996745943468666,0.0,22,2,44,856.2544350429357,-6.487672055403641,13.502382999474884,0.0,17,0.22,1.9766369686077268,0.0,22,2,11,539.4893493875684,15400,100,8,8
1.5912838994426672,19.228789110775665,0.0,38,0.22,2.509360866103015,0.0,22,2,44,820.0509779059088,-6.475254924080457,13.50541342906957,0.0,17,0.22,1.9766369686077268,0.0,22,2,11,544.2233813319137,15450,100,8,8
1.4188869957903902,19.34222641532935,0.0,39,0.22,2.509360866103015,0.0,22,2,44,856.8431451350198,-6.764200534944263,13.725958169343928,0.0,17,0.22,1.9766369686077268,0.0,22,2,11,564.5900045042188,15500,100,8,8
1.6425828623352856,19.224474963349014,0.0,38,0.22,2.4996745943468666,0.0,22,2,44,815.0084588307259,-6.44960543050563,13.515247624836048,0.0,17,0.23,1.9766369686077268,0.0,23,2,11,546.030000729405,15550,100,8,8
1.9315284599683389,19.451964752437235,0.0,38,0.22,2.4996745943468666,0.0,22,2,44,841.354312923598,-6.4115388056078135,13.53870028869582,0.0,17,0.22,1.970893955763899,3.80666248977032,23,2,11,549.9390051943814,15600,100,8,8
1.6473785688812987,19.2247643003574,0.0,38,0.22,2.4996745943468666,0.0,22,2,44,815.4142083639081,-6.419160206128185,13.53315934978338,0.0,17,0.22,1.970893955763899,0.0,22,2,11,546.3181857502822,15650,100,8,8
1.6169333312731902,19.224938348692724,0.0,38,0.23,2.4996745943468666,0.0,23,2,44,822.5685864403406,-6.411538805607602,13.538700288695434,0.0,17,0.22,1.970893955763899,3.80666248977032,23,2,11,549.9390051943642,15700,100,8,8
1.302338302576118,19.50419559493633,0.0,39,0.22,2.509360866103015,0.0,22,2,44,836.2536353678773,-6.76420044817655,13.725958013234232,0.0,18,0.22,1.9766369686077268,0.0,22,2,11,566.3400260834545,15750,100,8,8
1.616933307016592,19.22493837572019,0.0,38,0.23,2.4996745943468666,0.0,23,2,44,822.5685881391305,-6.449605430505094,13.515247624835055,0.0,17,0.23,1.9766369686077268,0.0,23,2,11,546.7756245167926,15800,100,8,8
1.9315283136621983,19.451964687253792,0.0,39,0.22,2.4996745943468666,0.0,22,2,44,856.254442872607,-6.487672055402684,13.502382999473117,0.0,17,0.22,1.9766369686077268,0.0,22,2,11,539.4893493874924,15850,100,8,8
1.5912837891853844,19.22878923345609,0.0,38,0.22,2.509360866103015,0.0,22,2,44,820.0509856285429,-6.4752549240795,13.5054134290678,0.0,17,0.22,1.9766369686077268,0.0,22,2,11,544.223381331836,15900,100,8,8
1.4188868755097312,19.342226547305856,0.0,39,0.22,2.509360866103015,0.0,22,2,44,856.8431530303147,-6.764200534943305,13.725958169342206,0.0,17,0.22,1.9766369686077268,0.0,22,2,11,564.5900045041437,15950,100,8,8
1.6425827520780272,19.22447508635116,0.0,38,0.22,2.4996745943468666,0.0,22,2,44,815.008466551693,-6.449605430504673,13.51524762483428,0.0,17,0.23,1.9766369686077268,0.0,23,2,11,546.0300007293272,16000,100,8,8
1.931528349711093,19.45196487563865,0.0,38,0.22,2.4996745943468666,0.0,22,2,44,841.35432059802,-6.411538805606857,13.538700288694054,0.0,17,0.22,1.970893955763899,3.80666248977032,23,2,11,549.9390051943033,16050,100,8,8
1.6473784586240643,19.224764423385164,0.0,38,0.22,2.4996745943468666,0.0,22,2,44,815.4142160853274,-6.41916020612723,13.533159349781608,0.0,17,0.22,1.970893955763899,0.0,22,2,11,546.3181857502049,16100,100,8,8
1.6169332210159697,19.224938471544764,0.0,38,0.23,2.4996745943468666,0.0,23,2,44,822.5685941621095,-6.411538805606647,13.538700288693663,0.0,17,0.22,1.970893955763899,3.80666248977032,23,2,11,549.9390051942863,16150,100,8,8
1.3023381923189954,19.50419571425084,0.0,39,0.22,2.509360866103015,0.0,22,2,44,836.2536431331507,-6.764200448175506,13.725958013232352,0.0,18,0.22,1.9766369686077268,0.0,22,2,11,566.3400260833693,16200,100,8,8
1.6169331967593954,19.2249384985722,0.0,38,0.23,2.4996745943468666,0.0,23,2,44,822.5685958608976,-6.449605430504138,13.515247624833286,0.0,17,0.23,1.9766369686077268,0.0,23,2,11,546.7756245167146,16250,100,8,8
1.931528203404926,19.45196481045502,0.0,39,0.22,2.4996745943468666,0.0,22,2,44,856.2544507022702,-6.487672055401728,13.502382999471347,0.0,17,0.22,1.9766369686077268,0.0,22,2,11,539.4893493874162,16300,100,8,8
1.591283678928212,19.228789356136406,0.0,38,0.22,2.509360866103015,0.0,22,2,44,820.0509933511693,-6.475254924078542,13.50541342906603,0.0,17,0.22,1.9766369686077268,0.0,22,2,11,544.2233813317581,16350,100,8,8
1.4188867552291926,19.34222667928224,0.0,39,0.22,2.509360866103015,0.0,22,2,44,856.8431609256015,-6.76420053494235,13.725958169340483,0.0,17,0.22,1.9766369686077268,0.0,22,2,11,564.5900045040688,16400,100,8,8
1.642582641820879,19.22447520935319,0.0,38,0.22,2.4996745943468666,0.0,22,2,44,815.0084742726528,-6.449605430503717,13.515247624832508,0.0,17,0.23,1.9766369686077268,0.0,23,2,11,546.0300007292494,16450,100,8,8
1.9315282394539588,19.45196499883996,0.0,38,0.22,2.4996745943468666,0.0,22,2,44,841.3543282724346,-6.4115388056059,13.538700288692285,0.0,17,0.22,1.970893955763899,3.80666248977032,23,2,11,549.9390051942253,16500,100,8,8
1.6473783483669404,19.22476454641282,0.0,38,0.22,2.4996745943468666,0.0,22,2,44,815.4142238067391,-6.419160206126272,13.53315934977984,0.0,17,0.22,1.970893955763899,0.0,22,2,11,546.3181857501273,16550,100,8,8
1.6169331107588587,19.224938594396683,0.0,38,0.23,2.4996745943468666,0.0,23,2,44,822.5686018838702,-6.41153880560569,13.538700288691894,0.0,17,0.22,1.970893955763899,3.80666248977032,23,2,11,549.9390051942081,16600,100,8,8
1.302338082061983,19.50419583356523,0.0,39,0.22,2.509360866103015,0.0,22,2,44,836.2536508984165,-6.764200448174463,13.725958013230471,0.0,18,0.22,1.9766369686077268,0.0,22,2,11,566.3400260832841,16650,100,8,8
1.616933086502309,19.22493862142409,0.0,38,0.23,2.4996745943468666,0.0,23,2,44,822.5686035826567,-6.449605430503181,13.515247624831517,0.0,17,0.23,1.9766369686077268,0.0,23,2,11,546.7756245166369,16700,100,8,8
1.931528093147764,19.45196493365613,0.0,39,0.22,2.4996745943468666,0.0,22,2,44,856.2544585319256,-6.48767205540077,13.502382999469578,0.0,17,0.22,1.9766369686077268,0.0,22,2,11,539.4893493873402,16750,100,8,8
1.59128356867115,19.2287894788166,0.0,38,0.22,2.509360866103015,0.0,22,2,44,820.0510010737879,-6.4752549240775865,13.505413429064262,0.0,17,0.22,1.9766369686077268,0.0,22,2,11,544.2233813316802,16800,100,8,8
1.418886634948775,19.34222681125849,0.0,39,0.22,2.509360866103015,0.0,22,2,44,856.8431688208807,-6.764200534941392,13.725958169338764,0.0,17,0.22,1.9766369686077268,0.0,22,2,11,564.5900045039939,16850,100,8,8
1.6425825315638418,19.22447533235509,0.0,38,0.22,2.4996745943468666,0.0,22,2,44,815.0084819936047,-6.44960543050276,13.51524762483074,0.0,17,0.23,1.9766369686077268,0.0,23,2,11,546.0300007291719,16900,100,8,8
1.9315281291969344,19.45196512204115,0.0,38,0.22,2.4996745943468666,0.0,22,2,44,841.3543359468414,-6.411538805604944,13.538700288690512,0.0,17,0.22,1.970893955763899,3.80666248977032,23,2,11,549.9390051941473,16950,100,8,8
1.6473782381099271,19.22476466944036,0.0,38,0.22,2.4996745943468666,0.0,22,2,44,815.4142315281432,-6.419160206125316,13.53315934977807,0.0,17,0.22,1.970893955763899,0.0,22,2,11,546.31818575005,17000,100,8,8
1.6169330005018592,19.22493871724848,0.0,38,0.23,2.4996745943468666,0.0,23,2,44,822.5686096056236,-6.411538805604732,13.538700288690126,0.0,17,0.22,1.970893955763899,3.80666248977032,23,2,11,549.9390051941301,17050,100,8,8
1.5656778794803006,20.458494605346942,0.0,49,0.13,2.2089581828096443,0.0,13,9,33,547.2107933703473,4.184802765064347,20.19274214091801,0.0,55,0.16,2.2735659752224167,0.0,16,5,22,587.7858341789606,0,100,8,9
0.0818650458958205,20.691291659691306,0.8047189562170501,36,0.16,2.2626241691610725,3.367295829986474,17,9,33,745.28721811712,8.8765002975898,21.10914845526843,3.367295829986474,52,0.16,2.2110434922616298,0.0,16,9,22,855.6454624838208,50,100,8,9
0.0827163881477485,20.20859074906684,0.8047189562170501,34,0.16,2.2600847136824065,3.367295829986474,17,9,33,716.5936207613682,7.8663900594146865,20.790992370776216,2.19722457733622,49,0.18,2.214960146326077,0.0,18,9,22,844.8178062694624,100,100,8,9
-0.0717180629070737,20.119098974494417,0.0,35,0.17,2.2600847136824065,0.0,17,9,33,713.2105414289252,8.119507644758698,20.47167614221692,2.19722457733622,48,0.17,2.225616823063389,0.0,17,9,22,829.4053527421092,150,100,8,9
0.269630854977665,20.357582582163825,0.0,36,0.18,2.254874052706385,0.0,18,9,33,747.6092809916909,9.464341397251008,20.389659695242315,3.367295829986474,52,0.16,2.208339538693046,0.0,16,9,22,819.8778399929394,200,100,8,9
0.2108448242188729,20.7045241717658,1.6094379124341005,37,0.16,2.2719674924233,3.367295829986474,17,9,33,709.9839983702325,9.16572723714555,20.765655649160607,3.367295829986474,53,0.16,2.208339538693046,0.0,16,9,22,824.5683130567994,250,100,8,9
0.1018139021568983,20.69338994934705,1.6094379124341005,36,0.15,2.2626241691610725,3.367295829986474,17,9,33,743.9055305515631,8.281515864611778,20.88665014480696,2.782260203661347,50,0.17,2.221657223648449,0.0,17,9,22,810.8140444242505,300,100,8,9
0.6822523138963603,20.19600949250118,0.8047189562170501,34,0.17,2.263904327986449,0.0,17,9,33,688.7863503466508,8.181098598641771,20.91044656624761,2.19722457733622,49,0.17,2.211000546911137,0.0,17,9,22,853.9175891980788,350,100,8,9
0.3228969364189823,19.869310674602666,0.8047189562170501,35,0.18,2.2331415764988143,0.0,18,9,33,717.1199676442808,9.09898292947438,20.301149841479337,2.782260203661347,50,0.17,2.1898103935881004,0.0,17,9,22,835.9722919853614,400,100,8,9
0.0091082227293341,20.605093379513725,0.8047189562170501,36,0.17,2.24387442747505,0.0,17,9,33,719.1122644634977,9.795144315603984,20.47912387662494,3.367295829986474,53,0.16,2.1888591233162007,0.0,16,9,22,827.4904110293961,450,100,8,9
0.0885524477228055,20.69398139568309,0.8047189562170501,36,0.16,2.2626241691610725,3.367295829986474,17,9,33,745.3034461396549,8.877818860350676,21.11445505570222,3.367295829986474,52,0.16,2.2110434922616298,0.0,16,9,22,856.2085820362447,500,100,8,9
0.0892979960985637,20.21130609944545,0.8047189562170501,34,0.16,2.2600847136824065,3.367295829986474,17,9,33,716.5750565470839,7.866390059410775,20.79633331175109,2.19722457733622,49,0.18,2.214960146326077,0.0,18,9,22,845.4464938309969,550,100,8,9
-0.063922705980684,20.12239399611577,0.0,35,0.17,2.2600847136824065,0.0,17,9,33,713.2639929073415,8.118189081989309,20.478090835974083,2.19722457733622,48,0.17,2.225616823063389,0.0,17,9,22,830.0960741888072,600,100,8,9
0.2773063703030581,20.36066614226578,0.0,36,0.18,2.254874052706385,0.0,18,9,33,747.5942604013666,9.46434139724641,20.396032046587138,3.367295829986474,52,0.16,2.208339538693046,0.0,16,9,22,820.5948515480642,650,100,8,9
0.2184041344472157,20.707537229880696,1.6094379124341005,37,0.16,2.2719674924233,3.367295829986474,17,9,33,709.9265182856024,9.16572723714125,20.771828933729378,3.367295829986474,53,0.16,2.208339538693046,0.0,16,9,22,825.1587270360185,700,100,8,9
0.1080347033959711,20.69590761772859,1.6094379124341005,36,0.15,2.2626241691610725,3.367295829986474,17,9,33,743.9212736350013,8.282743646203008,20.89172089731685,2.782260203661347,50,0.17,2.221657223648449,0.0,17,9,22,811.3286343364847,750,100,8,9
0.6883814866239064,20.19837955313849,0.8047189562170501,34,0.17,2.263904327986449,0.0,17,9,33,688.7597592171658,8.181098598637558,20.91543333372353,2.19722457733622,49,0.17,2.211000546911137,0.0,17,9,22,854.4736892434082,800,100,8,9
0.3301629140625214,19.872302116732083,0.8047189562170501,35,0.18,2.2331415764988143,0.0,18,9,33,717.1430473492884,9.097755147874638,20.30728395627145,2.782260203661347,50,0.17,2.1898103935881004,0.0,17,9,22,836.5379109010205,850,100,8,9
0.0162699936795572,20.60805074216736,0.8047189562170501,36,0.17,2.24387442747505,0.0,17,9,33,719.0874943530239,9.795144315599345,20.48509178648637,3.367295829986474,53,0.16,2.1888591233162007,0.0,16,9,22,828.1243492337713,900,100,8,9
0.0944499907203995,20.696387225852952,0.8047189562170501,36,0.16,2.2626241691610725,3.367295829986474,17,9,33,745.3178685389762,8.878983642594783,21.119210042940963,3.367295829986474,52,0.16,2.2110434922616298,0.0,16,9,22,856.7056652742369,950,100,8,9
0.0951131336726854,20.2137388108777,0.8047189562170501,34,0.16,2.2600847136824065,3.367295829986474,17,9,33,716.5587803400726,7.866390059406864,20.801119696306888,2.19722457733622,49,0.18,2.214960146326077,0.0,18,9,22,846.002369888632,1000,100,8,9
-0.0570247284923731,20.12534871076267,0.0,35,0.17,2.2600847136824065,0.0,17,9,33,713.3113463100326,8.117024299736691,20.48383990994812,2.19722457733622,48,0.17,2.225616823063389,0.0,17,9,22,830.707661575255,1050,100,8,9
0.2841103726329919,20.363437094513955,0.0,36,0.18,2.254874052706385,0.0,18,9,33,747.5809858197056,9.464341397241808,20.4017588329872,3.367295829986474,52,0.16,2.208339538693046,0.0,16,9,22,821.2309409882196,1100,100,8,9
0.2251166930040654,20.710248655718512,1.6094379124341005,37,0.16,2.2719674924233,3.367295829986474,17,9,33,709.8755415622903,9.16572723713695,20.777385240935004,3.367295829986474,53,0.16,2.208339538693046,0.0,16,9,22,825.6836285089548,1150,100,8,9
0.1135664498015989,20.69817599888583,1.6094379124341005,36,0.15,2.2626241691610725,3.367295829986474,17,9,33,743.9353859069153,8.283837033471576,20.89629656362957,2.782260203661347,50,0.17,2.221657223648449,0.0,17,9,22,811.7867249955247,1200,100,8,9
0.6938406803073633,20.200520063847105,0.8047189562170501,34,0.17,2.263904327986449,0.0,17,9,33,688.7362126013775,8.181098598633342,20.919933867516388,2.19722457733622,49,0.17,2.211000546911137,0.0,17,9,22,854.9694022329835,1250,100,8,9
0.3366432270001029,19.87500483109977,0.8047189562170501,35,0.18,2.2331415764988143,0.0,18,9,33,717.1637019109374,9.096661760597556,20.31281923513011,2.782260203661347,50,0.17,2.1898103935881004,0.0,17,9,22,837.042795680318,1300,100,8,9
0.0226673096277922,20.61072504600584,0.8047189562170501,36,0.17,2.24387442747505,0.0,17,9,33,719.0654401512795,9.7951443155947,20.49049106532768,3.367295829986474,53,0.16,2.1888591233162007,0.0,16,9,22,828.6911165695578,1350,100,8,9
0.0997247090725608,20.69856579580315,0.8047189562170501,36,0.16,2.2626241691610725,3.367295829986474,17,9,33,745.3308792381032,8.880026796988428,21.123522586121865,3.367295829986474,52,0.16,2.2110434922616298,0.0,16,9,22,857.1506729292666,1400,100,8,9
0.1003218508120423,20.21594456934723,0.8047189562170501,34,0.16,2.2600847136824065,3.367295829986474,17,9,33,716.5443238803132,7.866390059402951,20.80546066941088,2.19722457733622,49,0.18,2.214960146326077,0.0,18,9,22,846.500629689113,1450,100,8,9
-0.0508386780136566,20.1280296097172,0.0,35,0.17,2.2600847136824065,0.0,17,9,33,713.3538916547969,8.11598114533453,20.4890538232887,2.19722457733622,48,0.17,2.225616823063389,0.0,17,9,22,831.2564648724741,1500,100,8,9
0.2902207552434437,20.365955602437385,0.0,36,0.18,2.254874052706385,0.0,18,9,33,747.5691304264369,9.464341397237208,20.406964283636253,3.367295829986474,52,0.16,2.208339538693046,0.0,16,9,22,821.8026221004549,1550,100,8,9
0.231153240606715,20.712715824799307,1.6094379124341005,37,0.16,2.2719674924233,3.367295829986474,17,9,33,709.8297823182742,9.165727237132652,20.7824418544992,3.367295829986474,53,0.16,2.208339538693046,0.0,16,9,22,826.156209926222,1600,100,8,9
0.1185466855493185,20.700242040210632,1.6094379124341005,36,0.15,2.2626241691610725,3.367295829986474,17,9,33,743.9482002787751,8.284822566964321,20.900469683444584,2.782260203661347,50,0.17,2.221657223648449,0.0,17,9,22,812.1995806931834,1650,100,8,9
0.6987620435569266,20.20247352607453,0.8047189562170501,34,0.17,2.263904327986449,0.0,17,9,33,688.7151142625092,8.18109859862913,20.92403856727784,2.19722457733622,49,0.17,2.211000546911137,0.0,17,9,22,855.4166258234447,1700,100,8,9
0.342491331172374,19.87747197360149,0.8047189562170501,35,0.18,2.2331415764988143,0.0,18,9,33,717.1824261558036,9.095676227096298,20.317866689655386,2.782260203661347,50,0.17,2.1898103935881004,0.0,17,9,22,837.4987971465714,1750,100,8,9
0.0284477489604869,20.613167928967982,0.8047189562170501,36,0.17,2.24387442747505,0.0,17,9,33,719.0455972950801,9.795144315590058,20.495425209890183,3.367295829986474,53,0.16,2.1888591233162007,0.0,16,9,22,829.2036691684176,1800,100,8,9
0.1044956810551553,20.700558107791707,0.8047189562170501,36,0.16,2.2626241691610725,3.367295829986474,17,9,33,745.3427530387861,8.880971340030326,21.12747186589662,3.367295829986474,52,0.16,2.2110434922616298,0.0,16,9,22,857.553551095005,1850,100,8,9
0.1050387707350716,20.21796385779784,0.8047189562170501,34,0.16,2.2600847136824065,3.367295829986474,17,9,33,716.5313465153237,7.866390059399038,20.8094355927441,2.19722457733622,49,0.18,2.214960146326077,0.0,18,9,22,846.9521520496647,1900,100,8,9
-0.0452312465473139,20.13048517587168,0.0,35,0.17,2.2600847136824065,0.0,17,9,33,713.3925452166245,8.115036602284118,20.493827612471406,2.19722457733622,48,0.17,2.225616823063389,0.0,17,9,22,831.7542320441039,1950,100,8,9
0.2957659510771303,20.36826574816012,0.0,36,0.18,2.254874052706385,0.0,18,9,33,747.5584476714533,9.464341397232609,20.411739417282124,3.367295829986474,52,0.16,2.208339538693046,0.0,16,9,22,822.3218108556913,2000,100,8,9
0.2366375705856388,20.7149809407241,1.6094379124341005,37,0.16,2.2719674924233,3.367295829986474,17,9,33,709.7882987636403,9.165727237128351,20.787085051853964,3.367295829986474,53,0.16,2.208339538693046,0.0,16,9,22,826.5860325674096,2050,100,8,9
0.1230754822590034,20.70214038760229,1.6094379124341005,36,0.15,2.2626241691610725,3.367295829986474,17,9,33,743.9599548324587,8.285719627029735,20.90430866844672,2.782260203661347,50,0.17,2.221657223648449,0.0,17,9,22,812.5753938411748,2100,100,8,9
0.7032421120063236,20.20427146475195,0.8047189562170501,34,0.17,2.263904327986449,0.0,17,9,33,688.6960252306272,8.181098598624917,20.92781441227822,2.19722457733622,49,0.17,2.211000546911137,0.0,17,9,22,855.8240497533075,2150,100,8,9
0.3478196947288799,19.87974305462384,0.8047189562170501,35,0.18,2.2331415764988143,0.0,18,9,33,717.1995748531126,9.09477916702237,20.322508685577787,2.782260203661347,50,0.17,2.1898103935881004,0.0,17,9,22,837.9145983942298,2200,100,8,9
0.0337198904041364,20.615417890533536,0.8047189562170501,36,0.17,2.24387442747505,0.0,17,9,33,719.027587190822,9.795144315585413,20.499971420778003,3.367295829986474,53,0.16,2.1888591233162007,0.0,16,9,22,829.6715358076187,2250,100,8,9
0.108850794256256,20.702394833810573,0.8047189562170501,36,0.16,2.2626241691610725,3.367295829986474,17,9,33,745.3536896532725,8.881834315902802,21.131117220837822,3.367295829986474,52,0.16,2.2110434922616298,0.0,16,9,22,857.9216380239538,2300,100,8,9
0.1093488053085749,20.219827065754345,0.8047189562170501,34,0.16,2.2600847136824065,3.367295829986474,17,9,33,716.5195931836254,7.866390059395126,20.81310405242961,2.19722457733622,49,0.18,2.214960146326077,0.0,18,9,22,847.364994704192,2350,100,8,9
-0.0401033854043654,20.132751890803785,0.0,35,0.17,2.2600847136824065,0.0,17,9,33,713.4279817187212,8.114173626403131,20.49823273307541,2.19722457733622,48,0.17,2.225616823063389,0.0,17,9,22,832.2096899358155,2400,100,8,9
0.3008417236217077,20.370400833821307,0.0,36,0.18,2.254874052706385,0.0,18,9,33,747.5487478084007,9.464341397228008,20.416152993281266,3.367295829986474,52,0.16,2.208339538693046,0.0,16,9,22,822.7973894618882,2450,100,8,9
0.2416623052228991,20.717075987338863,1.6094379124341005,37,0.16,2.2719674924233,3.367295829986474,17,9,33,709.7503809719964,9.165727237124052,20.79138022441223,3.367295829986474,53,0.16,2.208339538693046,0.0,16,9,22,826.9802491968148,2500,100,8,9
0.1272279252069097,20.70389736708937,1.6094379124341005,36,0.15,2.2626241691610725,3.367295829986474,17,9,33,743.9708260349298,8.286542798240873,20.90786558387139,2.782260203661347,50,0.17,2.221657223648449,0.0,17,9,22,812.9203104732308,2550,100,8,9
0.7073535569269503,20.20593793593883,0.8047189562170501,34,0.17,2.263904327986449,0.0,17,9,33,688.6786133149498,8.181098598620705,20.931312465011263,2.19722457733622,49,0.17,2.211000546911137,0.0,17,9,22,856.1982153560289,2600,100,8,9
0.3527132094966541,19.881848273621365,0.8047189562170501,35,0.18,2.2331415764988143,0.0,18,9,33,717.2154113287933,9.093955995802718,20.326808081029853,2.782260203661347,50,0.17,2.1898103935881004,0.0,17,9,22,838.2967528131903,2650,100,8,9
0.0385659493835849,20.61750443010336,0.8047189562170501,36,0.17,2.24387442747505,0.0,17,9,33,719.0111189845749,9.79514431558077,20.504188877510945,3.367295829986474,53,0.16,2.1888591233162007,0.0,16,9,22,830.1019304056799,2700,100,8,9
0.1128567696064352,20.704099540538323,0.8047189562170501,36,0.16,2.2626241691610725,3.367295829986474,17,9,33,745.3638390442125,8.882628699237479,21.13450431767476,3.367295829986474,52,0.16,2.2110434922616298,0.0,16,9,22,858.2605037666488,2750,100,8,9
0.1133166120984081,20.221557610114104,0.8047189562170501,34,0.16,2.2600847136824065,3.367295829986474,17,9,33,716.5088682490334,7.866390059391214,20.81651197167063,2.19722457733622,49,0.18,2.214960146326077,0.0,18,9,22,847.7452931857616,2800,100,8,9
-0.0353794863791797,20.13485792014841,0.0,35,0.17,2.2600847136824065,0.0,17,9,33,713.4607127202692,8.11337924305994,20.50232431586664,2.19722457733622,48,0.17,2.225616823063389,0.0,17,9,22,832.6294994729154,2850,100,8,9
0.3055213864675208,20.372386655859028,0.0,36,0.18,2.254874052706385,0.0,18,9,33,747.5398821397458,9.464341397223404,20.420258273882045,3.367295829986474,52,0.16,2.208339538693046,0.0,16,9,22,823.2361568977058,2900,100,8,9
0.2462985555770962,20.719025804657573,1.6094379124341005,37,0.16,2.2719674924233,3.367295829986474,17,9,33,709.715480841971,9.165727237119754,20.79537816320455,3.367295829986474,53,0.16,2.208339538693046,0.0,16,9,22,827.3443515468177,2950,100,8,9
0.1310617963709751,20.70553346962476,1.6094379124341005,36,0.15,2.2626241691610725,3.367295829986474,17,9,33,743.9809485257275,8.287303331846205,20.911181012700464,2.782260203661347,50,0.17,2.221657223648449,0.0,17,9,22,813.2390603620936,3000,100,8,9
0.7111524559588753,20.20749173092375,0.8047189562170501,34,0.17,2.263904327986449,0.0,17,9,33,688.6626212914105,8.18109859861649,20.93457258003551,2.19722457733622,49,0.17,2.211000546911137,0.0,17,9,22,856.5441706549987,3050,100,8,9
0.3572375293145566,19.883811252105936,0.8047189562170501,35,0.18,2.2331415764988143,0.0,18,9,33,717.2301366280861,9.093195462188875,20.33081397601946,2.782260203661347,50,0.17,2.1898103935881004,0.0,17,9,22,838.6503287578855,3100,100,8,9
0.0430496776556534,20.6194506684446,0.8047189562170501,36,0.17,2.24387442747505,0.0,17,9,33,718.995964683824,9.795144315576128,20.50812398231865,3.367295829986474,53,0.16,2.1888591233162007,0.0,16,9,22,830.5004466094782,3150,100,8,9
0.1165654562342089,20.70569074181592,0.8047189562170501,36,0.16,2.2626241691610725,3.367295829986474,17,9,33,745.3733168615242,8.883364595699243,21.13766908495905,3.367295829986474,52,0.16,2.2110434922616298,0.0,16,9,22,858.5744767581833,3200,100,8,9
0.1169925644503117,20.22317393142817,0.8047189562170501,34,0.16,2.2600847136824065,3.367295829986474,17,9,33,716.4990185559731,7.8663900593873,20.81969552111268,2.19722457733622,49,0.18,2.214960146326077,0.0,18,9,22,848.0978278333974,3250,100,8,9
-0.031000522907808,20.136825479592016,0.0,35,0.17,2.2600847136824065,0.0,17,9,33,713.4911355272812,8.112643346589662,20.506145820422084,2.19722457733622,48,0.17,2.225616823063389,0.0,17,9,22,833.0188607192564,3300,100,8,9
0.3098623149474407,20.37424361874584,0.0,36,0.18,2.254874052706385,0.0,18,9,33,747.531732237313,9.464341397218806,20.424097389045063,3.367295829986474,52,0.16,2.208339538693046,0.0,16,9,22,823.6434339036091,3350,100,8,9
0.2506021068619462,20.720850083782537,1.6094379124341005,37,0.16,2.2719674924233,3.367295829986474,17,9,33,709.6831665823589,9.165727237115451,20.79911913543392,3.367295829986474,53,0.16,2.208339538693046,0.0,16,9,22,827.682648418093,3400,100,8,9
0.1346225140124325,20.707064968896216,1.6094379124341005,36,0.15,2.2626241691610725,3.367295829986474,17,9,33,743.9904275144661,8.288010090034623,20.914287227427643,2.782260203661347,50,0.17,2.221657223648449,0.0,17,9,22,813.5353617161563,3450,100,8,9
0.71468298975744,20.20894781955736,0.8047189562170501,34,0.17,2.263904327986449,0.0,17,9,33,688.6478460702369,8.181098598612277,20.937626484027646,2.19722457733622,49,0.17,2.211000546911137,0.0,17,9,22,856.8658932587575,3500,100,8,9
0.361444476994952,19.88565082825148,0.8047189562170501,35,0.18,2.2331415764988143,0.0,18,9,33,717.2439078788127,9.092488703991943,20.33456548086263,2.782260203661347,50,0.17,2.1898103935881004,0.0,17,9,22,838.9793272481596,3550,100,8,9
0.0472215091247387,20.62127507563504,0.8047189562170501,36,0.17,2.24387442747505,0.0,17,9,33,718.9819424442171,9.795144315571482,20.51181381788696,3.367295829986474,53,0.16,2.1888591233162007,0.0,16,9,22,830.8715098191328,3600,100,8,9
0.1200179472969283,20.70718325687601,0.8047189562170501,36,0.16,2.2626241691610725,3.367295829986474,17,9,33,745.3822142925269,8.884050030080871,21.14064032025,3.367295829986474,52,0.16,2.2110434922616298,0.0,16,9,22,858.8669877896731,3650,100,8,9
0.1204166720614106,20.22469082053154,0.8047189562170501,34,0.16,2.5555612678136983,3.367295829986474,17,9,33,716.4899220835094,7.866390059383389,20.822683717717588,2.19722457733622,49,0.18,2.214960146326077,0.0,18,9,22,848.4263959367653,3700,100,8,9
-0.0269195298469898,20.13867241192043,0.0,35,0.17,2.5476748404155134,0.0,17,9,33,713.5195650128201,8.111957912199522,20.509732134306248,2.19722457733622,48,0.17,2.225616823063389,0.0,17,9,22,833.3819113826695,3750,100,8,9
0.3139102556267609,20.375988150472143,0.0,36,0.18,2.5318075027022067,0.0,18,9,33,747.5242024143006,9.464341397214206,20.42770425909456,3.367295829986474,52,0.16,2.208339538693046,0.0,16,9,22,824.0234630443949,3800,100,8,9
0.2546175289142025,20.72256470801556,1.6094379124341005,37,0.16,2.565293342467528,3.367295829986474,17,9,33,709.6530921091277,9.165727237111154,20.80263562502725,3.367295829986474,53,0.16,2.208339538693046,0.0,16,9,22,827.9985831466913,3850,100,8,9
0.1379464264154214,20.70850501246666,1.6094379124341005,36,0.15,2.565293342467528,3.367295829986474,17,9,33,743.9993468774056,8.28867017783682,20.91721033223097,2.782260203661347,50,0.17,2.221657223648449,0.0,17,9,22,813.8121908314188,3900,100,8,9
0.7179805861995291,20.210318328493468,0.8047189562170501,34,0.17,2.5514944547195584,0.0,17,9,33,688.634124601794,8.181098598608063,20.940499861279378,2.19722457733622,49,0.17,2.211000546911137,0.0,17,9,22,857.1665733411307,3950,100,8,9
0.3653756757502852,19.88738227597956,0.8047189562170501,35,0.18,2.5272431099233814,0.0,18,9,33,717.2568503280685,9.091828616181232,20.338094271992897,2.782260203661347,50,0.17,2.1898103935881004,0.0,17,9,22,839.286962343158,4000,100,8,9
0.0511220291357135,20.62299264861541,0.8047189562170501,36,0.17,2.542589388899434,0.0,17,9,33,718.968905024932,9.79514431556684,20.515288504552032,3.367295829986474,53,0.16,2.1888591233162007,0.0,16,9,22,831.2186817276722,4050,100,8,9
0.1232473636308007,20.7085891390335,0.8047189562170501,36,0.16,2.565293342467528,3.367295829986474,17,9,33,745.3906045937786,8.88469148109249,21.143441475351725,3.367295829986474,52,0.16,2.2110434922616298,0.0,16,9,22,859.14080247936,4100,100,8,9
0.123621242383595,20.22612032887253,0.8047189562170501,34,0.16,2.5555612678136983,3.367295829986474,17,9,33,716.4814801265188,7.8663900593794756,20.825500208288883,2.19722457733622,49,0.18,2.214960146326077,0.0,18,9,22,848.7340642564494,4150,100,8,9
-0.0230985257786409,20.14041327191564,0.0,35,0.17,2.5476748404155134,0.0,17,9,33,713.5462550539498,8.11131646117939,20.513111703492697,2.19722457733622,48,0.17,2.225616823063389,0.0,17,9,22,833.7219980198487,4200,100,8,9
0.3177022710034666,20.377633680184942,0.0,36,0.18,2.5318075027022067,0.0,18,9,33,747.5172143619772,9.464341397209608,20.43110661317828,3.367295829986474,52,0.16,2.208339538693046,0.0,16,9,22,824.3796819061149,4250,100,8,9
0.258380994750675,20.72418268218524,1.6094379124341005,37,0.16,2.565293342467528,3.367295829986474,17,9,33,709.6249758621072,9.165727237106854,20.80595423176776,3.367295829986474,53,0.16,2.208339538693046,0.0,16,9,22,828.2949511688083,4300,100,8,9
0.1410630769404178,20.70986437998,1.6094379124341005,36,0.15,2.565293342467528,3.367295829986474,17,9,33,744.0077746322786,8.289289379001538,20.91997175341725,2.782260203661347,50,0.17,2.221657223648449,0.0,17,9,22,814.071967427289,4350,100,8,9
0.7210740899322531,20.21161322382367,0.8047189562170501,34,0.17,2.5514944547195584,0.0,17,9,33,688.6213240711211,8.181098598603851,20.94321380772944,2.19722457733622,49,0.17,2.211000546911137,0.0,17,9,22,857.4488088389484,4400,100,8,9
0.3690650618417115,19.88901815727657,0.8047189562170501,35,0.18,2.5272431099233814,0.0,18,9,33,717.2690655030659,9.091209415008,20.34142637630238,2.782260203661347,50,0.17,2.1898103935881004,0.0,17,9,22,839.5758550558176,4450,100,8,9
0.0547843828067067,20.624615736696224,0.8047189562170501,36,0.17,2.542589388899434,0.0,17,9,33,718.956731617452,9.795144315562196,20.5185728533303,3.367295829986474,53,0.16,2.1888591233162007,0.0,16,9,22,831.5448716184187,4500,100,8,9
0.1262807913429796,20.709918328600427,0.8047189562170501,36,0.16,2.565293342467528,3.367295829986474,17,9,33,745.3985475653451,8.8852942546716,21.14609191309816,3.367295829986474,52,0.16,2.2110434922616298,0.0,16,9,22,859.3981830016265,4550,100,8,9
0.1266327389981726,20.227472410481376,0.8047189562170501,34,0.16,2.5555612678136983,3.367295829986474,17,9,33,716.4736117711975,7.866390059375562,20.82816452736296,2.19722457733622,49,0.18,2.214960146326077,0.0,18,9,22,849.0233453001001,4600,100,8,9
-0.0195063584011446,20.14206009307416,0.0,35,0.17,2.5476748404155134,0.0,17,9,33,713.5714134078445,8.110713687591772,20.51630803699369,2.19722457733622,48,0.17,2.225616823063389,0.0,17,9,22,834.0418658337377,4650,100,8,9
0.3212688073396605,20.37919133149276,0.0,36,0.18,2.5318075027022067,0.0,18,9,33,747.5107032564928,9.464341397205004,20.43432742061543,3.367295829986474,52,0.16,2.208339538693046,0.0,16,9,22,824.7149148526788,4700,100,8,9
0.2619222657905415,20.725714793560023,1.6094379124341005,37,0.16,2.565293342467528,3.367295829986474,17,9,33,709.5985857695982,9.165727237102557,20.809097021966053,3.367295829986474,53,0.16,2.208339538693046,0.0,16,9,22,828.5740532001878,4750,100,8,9
0.143996803362915,20.711152023664813,1.6094379124341005,36,0.15,2.565293342467528,3.367295829986474,17,9,33,744.0157667513616,8.289872464574929,20.922589303178487,2.782260203661347,50,0.17,2.221657223648449,0.0,17,9,22,814.3166854615391,4800,100,8,9
0.7239872987538957,20.21284079950885,0.8047189562170501,34,0.17,2.5514944547195584,0.0,17,9,33,688.6093349090966,8.181098598599638,20.94578587052973,2.19722457733622,49,0.17,2.211000546911137,0.0,17,9,22,857.7147436527875,4850,100,8,9
0.3725406681688014,19.89056893301569,0.8047189562170501,35,0.18,2.5272431099233814,0.0,18,9,33,717.280636905915,9.0906263294261,20.34458344828265,2.782260203661347,50,0.17,2.1898103935881004,0.0,17,9,22,839.84817096128,4900,100,8,9
0.0582359894152737,20.626154634537738,0.8047189562170501,36,0.17,2.542589388899434,0.0,17,9,33,718.945321936423,9.795144315557554,20.521687553704524,3.367295829986474,53,0.16,2.1888591233162007,0.0,16,9,22,831.8524867214657,4950,100,8,9
0.1291406643239928,20.71117912306085,0.8047189562170501,36,0.16,2.565293342467528,3.367295829986474,17,9,33,745.4060927018239,8.885862751006542,21.148607813508068,3.367295829986474,52,0.16,2.2110434922616298,0.0,16,9,22,859.6410034399264,5000,100,8,9
0.1294731112489899,20.228755385491564,0.8047189562170501,34,0.16,2.5555612678136983,3.367295829986474,17,9,33,716.4662499053234,7.866390059371651,20.8306930055507,2.19722457733622,49,0.18,2.214960146326077,0.0,18,9,22,849.296323419869,5050,100,8,9
-0.0161171594898292,20.14362294222583,0.0,35,0.17,2.5476748404155134,0.0,17,9,33,713.595212301273,8.110145191248312,20.519340794632257,2.19722457733622,48,0.17,2.225616823063389,0.0,17,9,22,834.3437947402518,5100,100,8,9
0.3246351814289681,20.38067042549716,0.0,36,0.18,2.5318075027022067,0.0,18,9,33,747.504614883759,9.464341397200403,20.437385929386664,3.367295829986474,52,0.16,2.208339538693046,0.0,16,9,22,825.0315108518294,5150,100,8,9
0.2652661229724682,20.72717009255873,1.6094379124341005,37,0.16,2.565293342467528,3.367295829986474,17,9,33,709.5737283407343,9.165727237098256,20.81208251091245,3.367295829986474,53,0.16,2.208339538693046,0.0,16,9,22,828.837805632187,5200,100,8,9
0.1467678933106972,20.71237546228337,1.6094379124341005,36,0.15,2.565293342467528,3.367295829986474,17,9,33,744.0233698855783,8.290423416343902,20.92507795577332,2.782260203661347,50,0.17,2.221657223648449,0.0,17,9,22,814.5480076131572,5250,100,8,9
0.7267400763954791,20.214008034537297,0.8047189562170501,34,0.17,2.5514944547195584,0.0,17,9,33,688.5980657046158,8.181098598595423,20.9482308076808,2.19722457733622,49,0.17,2.211000546911137,0.0,17,9,22,857.9661677305028,5300,100,8,9
0.3758259187887472,19.892043410225146,0.8047189562170501,35,0.18,2.5272431099233814,0.0,18,9,33,717.2916340876108,9.090075377648612,20.34758370412548,2.782260203661347,50,0.17,2.1898103935881004,0.0,17,9,22,840.10572005223,5350,100,8,9
0.0614997897701552,20.62761801722572,0.8047189562170501,36,0.17,2.542589388899434,0.0,17,9,33,718.934591864218,9.795144315552909,20.524650045379268,3.367295829986474,53,0.16,2.1888591233162007,0.0,16,9,22,832.1435415823136,5400,100,8,9
0.131845772207601,20.712378522800243,0.8047189562170501,36,0.16,2.565293342467528,3.367295829986474,17,9,33,745.4132814653015,8.886400659638863,21.15100284087161,3.367295829986474,52,0.16,2.2110434922616298,0.0,16,9,22,859.8708338654236,5450,100,8,9
0.1321607659810595,20.229976281770288,0.8047189562170501,34,0.16,2.5555612678136983,3.367295829986474,17,9,33,716.459338280724,7.866390059367737,20.83309943909371,2.19722457733622,49,0.18,2.214960146326077,0.0,18,9,22,849.5547469567441,5500,100,8,9
-0.0129092135132682,20.145110328963515,0.0,35,0.17,2.5476748404155134,0.0,17,9,33,713.6177961373235,8.109607282607481,20.52222658964244,2.19722457733622,48,0.17,2.225616823063389,0.0,17,9,22,834.6296989878028,5550,100,8,9
0.327822671855979,20.3820788531326,0.0,36,0.18,2.5318075027022067,0.0,18,9,33,747.4989034824664,9.464341397195804,20.44029843480166,3.367295829986474,52,0.16,2.208339538693046,0.0,16,9,22,825.3314446120966,5600,100,8,9
0.2684334195878118,20.72855624933752,1.6094379124341005,37,0.16,2.565293342467528,3.367295829986474,17,9,33,709.5502405987241,9.165727237093956,20.814926391693657,3.367295829986474,53,0.16,2.208339538693046,0.0,16,9,22,829.0878217343956,5650,100,8,9
0.1493934359049254,20.713541073893417,1.6094379124341005,36,0.15,2.565293342467528,3.367295829986474,17,9,33,744.030623354118,8.290945591861954,20.927450424939583,2.782260203661347,50,0.17,2.221657223648449,0.0,17,9,22,814.7673349120803,5700,100,8,9
0.7293491745597287,20.215120859116546,0.8047189562170501,34,0.17,2.5514944547195584,0.0,17,9,33,688.5874394309199,8.18109859859121,20.95056115383348,2.19722457733622,49,0.17,2.211000546911137,0.0,17,9,22,858.2045909960267,5750,100,8,9
0.3789405869616015,19.893449075835026,0.8047189562170501,35,0.18,2.5272431099233814,0.0,18,9,33,717.3021156263891,9.089553202122048,20.350442618011563,2.782260203661347,50,0.17,2.1898103935881004,0.0,17,9,22,840.350030630295,5800,100,8,9
0.0645951713775436,20.62901326548996,0.8047189562170501,36,0.17,2.542589388899434,0.0,17,9,33,718.9244701857369,9.795144315548264,20.52747517010524,3.367295829986474,53,0.16,2.1888591233162007,0.0,16,9,22,832.4197391649718,5850,100,8,9
0.1344120093147466,20.71352249004042,0.8047189562170501,36,0.16,2.565293342467528,3.367295829986474,17,9,33,745.4201489595825,8.8869111047068,21.153288643908304,3.367295829986474,52,0.16,2.2110434922616298,0.0,16,9,22,860.0890027985982,5900,100,8,9
0.1347112911044256,20.231141091309503,0.8047189562170501,34,0.16,2.5555612678136983,3.367295829986474,17,9,33,716.4528293130284,7.866390059363827,20.835395592420227,2.19722457733622,49,0.18,2.214960146326077,0.0,18,9,22,849.8000968469697,5950,100,8,9
-0.0098641137330336,20.146529513350146,0.0,35,0.17,2.5476748404155134,0.0,17,9,33,713.6392872140575,8.109096837531032,20.52497959158478,2.19722457733622,48,0.17,2.225616823063389,0.0,17,9,22,834.9012014545835,6000,100,8,9
0.330849334651576,20.383423355665137,0.0,36,0.18,2.5318075027022067,0.0,18,9,33,747.4935301024394,9.464341397191202,20.44307885856219,3.367295829986474,52,0.16,2.208339538693046,0.0,16,9,22,825.616392164195,6050,100,8,9
0.2714418698193397,20.729879822934528,1.6094379124341005,37,0.16,2.565293342467528,3.367295829986474,17,9,33,709.5279840124936,9.16572723708966,20.817642085322746,3.367295829986474,53,0.16,2.208339538693046,0.0,16,9,22,829.3254724682618,6100,100,8,9
0.151887960687611,20.714654317176382,1.6094379124341005,36,0.15,2.565293342467528,3.367295829986474,17,9,33,744.0375606260611,8.291441848477747,20.92971760084196,2.782260203661347,50,0.17,2.221657223648449,0.0,17,9,22,814.9758589733013,6150,100,8,9
0.7318288508656476,20.21618435643908,0.8047189562170501,34,0.17,2.5514944547195584,0.0,17,9,33,688.5773905998263,8.181098598586994,20.952787648901648,2.19722457733622,49,0.17,2.211000546911137,0.0,17,9,22,858.4312989219904,6200,100,8,9
0.3819015165051389,19.89479234990829,0.8047189562170501,35,0.18,2.5272431099233814,0.0,18,9,33,717.3121313469976,9.089056945497742,20.353173449916408,2.782260203661347,50,0.17,2.1898103935881004,0.0,17,9,22,840.5824049384015,6250,100,8,9
0.0675386663894466,20.63034671284557,0.8047189562170501,36,0.17,2.542589388899434,0.0,17,9,33,718.9148961030139,9.795144315543622,20.53017566715268,3.367295829986474,53,0.16,2.1888591233162007,0.0,16,9,22,832.6825320294296,6300,100,8,9
0.1368529405642471,20.714616145952164,0.8047189562170501,36,0.16,2.565293342467528,3.367295829986474,17,9,33,745.4267251863239,8.88739675487925,21.1554752368972,3.367295829986474,52,0.16,2.2110434922616298,0.0,16,9,22,860.2966444007523,6350,100,8,9
0.1371380033601837,20.23225496575909,0.8047189562170501,34,0.16,2.5555612678136983,3.367295829986474,17,9,33,716.4466824081723,7.866390059359913,20.837591581457264,2.19722457733622,49,0.18,2.214960146326077,0.0,18,9,22,850.0336385583133,6400,100,8,9
-0.0069661223500945,20.147886740879496,0.0,35,0.17,2.5476748404155134,0.0,17,9,33,713.6597900414057,8.108611187350068,20.52761198653128,2.19722457733622,48,0.17,2.225616823063389,0.0,17,9,22,835.1596899772723,6450,100,8,9
0.3337306228706242,20.384709739334976,0.0,36,0.18,2.5318075027022067,0.0,18,9,33,747.4884613386986,9.464341397186605,20.44573919187085,3.367295829986474,52,0.16,2.208339538693046,0.0,16,9,22,825.8877882668987,6500,100,8,9
0.2743066488100442,20.73114646757448,1.6094379124341005,37,0.16,2.565293342467528,3.367295829986474,17,9,33,709.5068398616571,9.16572723708536,20.820241162451715,3.367295829986474,53,0.16,2.208339538693046,0.0,16,9,22,829.5519327650624,6550,100,8,9
0.1542639245691495,20.715719901334715,1.6094379124341005,36,0.15,2.565293342467528,3.367295829986474,17,9,33,744.044210442785,8.291914638011969,20.93188888579034,2.782260203661347,50,0.17,2.221657223648449,0.0,17,9,22,815.1746018053511,6600,100,8,9
0.7341913406399434,20.21720291792732,0.8047189562170501,34,0.17,2.5514944547195584,0.0,17,9,33,688.5678630836345,8.181098598582786,20.95491956767529,2.19722457733622,49,0.17,2.211000546911137,0.0,17,9,22,858.6473949592767,6650,100,8,9
0.3847231733391352,19.8960787806603,0.8047189562170501,35,0.18,2.5272431099233814,0.0,18,9,33,717.3217240025191,9.088584155955006,20.355787651729635,2.782260203661347,50,0.17,2.1898103935881004,0.0,17,9,22,840.8039616961254,6700,100,8,9
0.0703444861759161,20.631623836183504,0.8047189562170501,36,0.17,2.542589388899434,0.0,17,9,33,718.9058173172822,9.79514431553898,20.53276255551134,3.367295829986474,53,0.16,2.1888591233162007,0.0,16,9,22,832.9331691859107,6750,100,8,9
0.1391802355358951,20.71566392290195,0.8047189562170501,36,0.16,2.565293342467528,3.367295829986474,17,9,33,745.433036002994,8.887859907805016,21.157571294338247,3.367295829986474,52,0.16,2.2110434922616298,0.0,16,9,22,860.4947346687572,6800,100,8,9
0.1394523691769593,20.23332236770098,0.8047189562170501,34,0.16,2.5555612678136983,3.367295829986474,17,9,33,716.4408626718616,7.866390059356,20.839696170214182,2.19722457733622,49,0.18,2.214960146326077,0.0,18,9,22,850.2564619937085,6850,100,8,9
-0.0042016782145394,20.149187424454688,0.0,35,0.17,2.5476748404155134,0.0,17,9,33,713.6793946501142,8.10814803441579,20.53013433334503,2.19722457733622,48,0.17,2.225616823063389,0.0,17,9,22,835.4063606875375,6900,100,8,9
0.3364798640700279,20.38594304191918,0.0,36,0.18,2.5318075027022067,0.0,18,9,33,747.483668343461,9.464341397182002,20.448289839285035,3.367295829986474,52,0.16,2.208339538693046,0.0,16,9,22,826.1468706442262,6950,100,8,9
0.2770408558611441,20.732361093005363,1.6094379124341005,37,0.16,2.565293342467528,3.367295829986474,17,9,33,709.4867056475467,9.16572723708106,20.8227336711412,3.367295829986474,53,0.16,2.208339538693046,0.0,16,9,22,829.7682172497111,7000,100,8,9
0.1565320882144502,20.71674191830441,1.6094379124341005,36,0.15,2.565293342467528,3.367295829986474,17,9,33,744.0505976813275,8.29236608004254,20.9339724557177,2.782260203661347,50,0.17,2.221657223648449,0.0,17,9,22,815.3644465811082,7050,100,8,9
0.7364472221695955,20.21818036430187,0.8047189562170501,34,0.17,2.5514944547195584,0.0,17,9,33,688.5588084256539,8.181098598578568,20.956964976744004,2.19722457733622,49,0.17,2.211000546911137,0.0,17,9,22,858.8538333868008,7100,100,8,9
0.3874180730394222,19.89731319666621,0.8047189562170501,35,0.18,2.5272431099233814,0.0,18,9,33,717.3309305682405,9.088132713915924,20.35829518396185,2.782260203661347,50,0.17,2.1898103935881004,0.0,17,9,22,841.0156690734262,7150,100,8,9
0.0730249363682437,20.632849404702693,0.8047189562170501,36,0.17,2.542589388899434,0.0,17,9,33,718.8971885304608,9.795144315534335,20.53524543262612,3.367295829986474,53,0.16,2.1888591233162007,0.0,16,9,22,833.1727324721105,7200,100,8,9
0.1414040059126997,20.71666968358924,0.8047189562170501,36,0.16,2.565293342467528,3.367295829986474,17,9,33,745.4391038641705,8.888302555853715,21.15958438174232,3.367295829986474,52,0.16,2.2110434922616298,0.0,16,9,22,860.6841195727746,7250,100,8,9
0.1416643323447488,20.23434718920025,0.8047189562170501,34,0.16,2.5555612678136983,3.367295829986474,17,9,33,716.4353399018648,7.866390059352088,20.84171700323652,2.19722457733622,49,0.18,2.214960146326077,0.0,18,9,22,850.469512560843,7300,100,8,9
-0.0015590130551662,20.15043628714276,0.0,35,0.17,2.5476748404155134,0.0,17,9,33,713.6981791630836,8.107705386358576,20.53255584306901,2.19722457733622,48,0.17,2.225616823063389,0.0,17,9,22,835.6422517952279,7350,100,8,9
0.3391086330867497,20.387127663622056,0.0,36,0.18,2.5318075027022067,0.0,18,9,33,747.4791260465302,9.464341397177405,20.450739888931096,3.367295829986474,52,0.16,2.208339538693046,0.0,16,9,22,826.3947145216621,7400,100,8,9
0.2796558765937484,20.73352799066937,1.6094379124341005,37,0.16,2.565293342467528,3.367295829986474,17,9,33,709.4674922797063,9.16572723707676,20.82512839480376,3.367295829986474,53,0.16,2.208339538693046,0.0,16,9,22,829.9752081745148,7450,100,8,9
0.1587018106874148,20.717723946916472,1.6094379124341005,36,0.15,2.565293342467528,3.367295829986474,17,9,33,744.0567440276333,8.292798019348224,20.935975466348783,2.782260203661347,50,0.17,2.221657223648449,0.0,17,9,22,815.546161727563,7500,100,8,9
0.7386057030425133,20.219120041149345,0.8047189562170501,34,0.17,2.5514944547195584,0.0,17,9,33,688.5501845138178,8.181098598574357,20.958930937212568,2.19722457733622,49,0.17,2.211000546911137,0.0,17,9,22,859.0514450660542,7550,100,8,9
0.3899971164161566,19.898499827093065,0.8047189562170501,35,0.18,2.5272431099233814,0.0,18,9,33,717.3397832506197,9.087700774601725,20.360704765729874,2.782260203661347,50,0.17,2.1898103935881004,0.0,17,9,22,841.2183705722873,7600,100,8,9
0.075590743076881,20.634027597684018,0.8047189562170501,36,0.17,2.542589388899434,0.0,17,9,33,718.8889702610537,9.795144315529692,20.53763271069087,3.367295829986474,53,0.16,2.1888591233162007,0.0,16,9,22,833.4021651457979,7650,100,8,9
0.1435330710150617,20.717636815379933,0.8047189562170501,36,0.16,2.565293342467528,3.367295829986474,17,9,33,745.4449484027376,8.888726437911513,21.161521138528432,3.367295829986474,52,0.16,2.2110434922616298,0.0,16,9,22,860.8655371985657,7700,100,8,9
0.1437825722180338,20.235332845799736,0.8047189562170501,34,0.16,2.5555612678136983,3.367295829986474,17,9,33,716.4300877921821,7.866390059348176,20.843660789930404,2.19722457733622,49,0.18,2.214960146326077,0.0,18,9,22,850.6736156560341,7750,100,8,9
0.0009721512695731,20.15163747546009,0.0,35,0.17,2.5476748404155134,0.0,17,9,33,713.716211818374,8.107281504292267,20.53488460056831,2.19722457733622,48,0.17,2.225616823063389,0.0,17,9,22,835.8682702397268,7800,100,8,9
0.341627046512417,20.38826747111161,0.0,36,0.18,2.5318075027022067,0.0,18,9,33,747.474812533875,9.4643413971728,20.45309732728313,3.367295829986474,52,0.16,2.208339538693046,0.0,16,9,22,826.6322599082075,7850,100,8,9
0.2821616694191307,20.73465093411307,1.6094379124341005,37,0.16,2.565293342467528,3.367295829986474,17,9,33,709.4491218454452,9.16572723707246,20.82743305749572,3.367295829986474,53,0.16,2.208339538693046,0.0,16,9,22,830.1736775173719,7900,100,8,9
0.1607812827727187,20.71866913587928,1.6094379124341005,36,0.15,2.565293342467528,3.367295829986474,17,9,33,744.0626685080607,8.2932120714502,20.93790421757552,2.782260203661347,50,0.17,2.221657223648449,0.0,17,9,22,815.7204200037911,7950,100,8,9
0.7406748471902611,20.220024895194527,0.8047189562170501,34,0.17,2.5514944547195584,0.0,17,9,33,688.5419545278678,8.181098598570143,20.96082366641879,2.19722457733622,49,0.17,2.211000546911137,0.0,17,9,22,859.2409578640738,8000,100,8,9
0.3924698558834008,19.89964239771649,0.8047189562170501,35,0.18,2.5272431099233814,0.0,18,9,33,717.348310283732,9.08728672249124,20.36302407425253,2.782260203661347,50,0.17,2.1898103935881004,0.0,17,9,22,841.4128055720986,8050,100,8,9
0.0780513121628665,20.63516209863667,0.8047189562170501,36,0.17,2.542589388899434,0.0,17,9,33,718.8811278988023,9.79514431552505,20.53993180558108,3.367295829986474,53,0.16,2.1888591233162007,0.0,16,9,22,833.6222946108085,8100,100,8,9
0.1455751690658669,20.7185683058032,0.8047189562170501,36,0.16,2.565293342467528,3.367295829986474,17,9,33,745.4505868909789,8.889133080637357,21.16338742451927,3.367295829986474,52,0.16,2.2110434922616298,0.0,16,9,22,861.0396353654912,8150,100,8,9
0.1458147094059698,20.23628235183729,0.8047189562170501,34,0.16,2.5555612678136983,3.367295829986474,17,9,33,716.4250832980108,7.866390059344264,20.845533452276435,2.19722457733622,49,0.18,2.214960146326077,0.0,18,9,22,850.8694961700987,8200,100,8,9
0.0034008441967457,20.15279465022004,0.0,35,0.17,2.5476748404155134,0.0,17,9,33,713.7335525787265,8.106874861557907,20.537127742219926,2.19722457733622,48,0.17,2.225616823063389,0.0,17,9,22,836.0852129436774,8250,100,8,9
0.3440439978089498,20.38936588107241,0.0,36,0.18,2.5318075027022067,0.0,18,9,33,747.4707085476736,9.464341397168202,20.455369211656897,3.367295829986474,52,0.16,2.208339538693046,0.0,16,9,22,826.8603333798319,8300,100,8,9
0.2845669945418367,20.73573325971937,1.6094379124341005,37,0.16,2.565293342467528,3.367295829986474,17,9,33,709.4315258234687,9.16572723706816,20.829654488987124,3.367295829986474,53,0.16,2.208339538693046,0.0,16,9,22,830.3643046495062,8350,100,8,9
0.1627777136802154,20.71958027056282,1.6094379124341005,36,0.15,2.565293342467528,3.367295829986474,17,9,33,744.0683879137022,8.293609659093422,20.939764285843253,2.782260203661347,50,0.17,2.221657223648449,0.0,17,9,22,815.8878137690718,8400,100,8,9
0.7426617567846536,20.22089753578554,0.8047189562170501,34,0.17,2.5514944547195584,0.0,17,9,33,688.5340860952608,8.18109859856593,20.96264866824689,2.19722457733622,49,0.17,2.211000546911137,0.0,17,9,22,859.4230130172185,8450,100,8,9
0.3948447090718593,19.900744208365307,0.8047189562170501,35,0.18,2.5272431099233814,0.0,18,9,33,717.3565365649647,9.086889134839504,20.36525990565263,2.782260203661347,50,0.17,2.1898103935881004,0.0,17,9,22,841.5996258073811,8500,100,8,9
0.0804149374014397,20.636256171302065,0.8047189562170501,36,0.17,2.542589388899434,0.0,17,9,33,718.8736309427917,9.795144315520403,20.54214928941189,3.367295829986474,53,0.16,2.1888591233162007,0.0,16,9,22,833.8338506646517,8550,100,8,9
0.1475371269751475,20.71946680356524,0.8047189562170501,36,0.16,2.565293342467528,3.367295829986474,17,9,33,745.4560346103368,8.889523831652943,21.165188438425147,3.367295829986474,52,0.16,2.2110434922616298,0.0,16,9,22,861.2069857865586,8600,100,8,9
0.1477674712663411,20.237198381382075,0.8047189562170501,34,0.16,2.5555612678136983,3.367295829986474,17,9,33,716.4203061241923,7.86639005934035,20.847340244351948,2.19722457733622,49,0.18,2.214960146326077,0.0,18,9,22,851.0577941837904,8650,100,8,9
0.0057350408876544,20.15391106008777,0.0,35,0.17,2.5476748404155134,0.0,17,9,33,713.7502544252457,8.106484110533808,20.539291599739425,2.19722457733622,48,0.17,2.225616823063389,0.0,17,9,22,836.2937839303232,8700,100,8,9
0.3463673468690245,20.390425927945337,0.0,36,0.18,2.5318075027022067,0.0,18,9,33,747.4667970806046,9.4643413971636,20.457561810060497,3.367295829986474,52,0.16,2.208339538693046,0.0,16,9,22,827.079665643279,8750,100,8,9
0.2868795987975266,20.73677793222818,1.6094379124341005,37,0.16,2.565293342467528,3.367295829986474,17,9,33,709.4146436397252,9.16572723706386,20.83179875873857,3.367295829986474,53,0.16,2.208339538693046,0.0,16,9,22,830.5476905981786,8800,100,8,9
0.1646974818807524,20.72045982724754,1.6094379124341005,36,0.15,2.565293342467528,3.367295829986474,17,9,33,744.0739171425848,8.293992041748274,20.94156063176344,2.782260203661347,50,0.17,2.221657223648449,0.0,17,9,22,816.0488673195729,8850,100,8,9
0.7445727193499474,20.22174028491436,0.8047189562170501,34,0.17,2.5514944547195584,0.0,17,9,33,688.5265506081824,8.181098598561714,20.964410839103248,2.19722457733622,49,0.17,2.211000546911137,0.0,17,9,22,859.5981783672945,8900,100,8,9
0.3971291317472887,19.901808195957187,0.8047189562170501,35,0.18,2.5272431099233814,0.0,18,9,33,717.3644841675406,9.086506752176138,20.36741830575971,2.782260203661347,50,0.17,2.1898103935881004,0.0,17,9,22,841.7794087078856,8950,100,8,9
0.0826889691700753,20.637312721567085,0.8047189562170501,36,0.17,2.542589388899434,0.0,17,9,33,718.8664523820503,9.795144315515763,20.54429101483932,3.367295829986474,53,0.16,2.1888591233162007,0.0,16,9,22,834.0374802871113,9000,100,8,9
0.1494249980494688,20.72033466830069,0.8047189562170501,36,0.16,2.565293342467528,3.367295829986474,17,9,33,745.461305150837,8.889899886487871,21.16692881452869,3.367295829986474,52,0.16,2.2110434922616298,0.0,16,9,22,861.3680955546134,9050,100,8,9
0.1496468262760697,20.23808331797347,0.8047189562170501,34,0.16,2.5555612678136983,3.367295829986474,17,9,33,716.4157383095327,7.866390059336438,20.84908584990053,2.19722457733622,49,0.18,2.214960146326077,0.0,18,9,22,851.239077712807,9100,100,8,9
0.2649836783232714,19.91020698218451,0.0,37,0.18,2.5649460432310707,0.0,18,9,33,713.5842201202724,8.382750145108785,20.18803799700274,2.19722457733622,49,0.16,2.2338824130339967,0.0,16,9,22,825.4349162600566,9150,100,8,9
0.0229696040248983,19.3031278176669,0.0,47,0.16,2.778968105054425,0.0,16,9,33,573.8809792888945,4.662093845646735,20.09451531190447,0.0,52,0.11,2.243357288730427,0.0,11,18,6,428.91711003472017,9200,100,8,9
0.1472377167045974,19.282079861320906,0.0,43,0.13,2.5537377986984247,-2.19722457733622,13,5,19,716.2045948296167,-0.0914689232585159,19.54479649019073,-1.6094379124341005,42,0.06,2.332613320606637,-1.6094379124341005,11,21,19,622.3460747841679,9250,100,8,9
-0.0247171329468963,19.53250027866884,0.0,44,0.13,2.6865159273561083,-2.19722457733622,15,5,19,746.0885562505308,0.7818821298375291,20.7609530965692,-1.6094379124341005,47,0.04,2.32604303254414,-2.833213344056216,10,21,19,656.0912705900912,9300,100,8,9
-0.3611533717788106,19.27618172365432,0.0,41,0.15,2.670612779393491,-2.19722457733622,15,5,19,721.7991498414686,1.1401110623505522,20.98467778716133,-1.6094379124341005,46,0.05,2.150227295516754,-2.833213344056216,9,21,19,679.4322574231255,9350,100,8,9
-0.0207962502701097,19.53657235533624,0.0,42,0.15,2.6426203098268712,0.0,15,5,19,732.7152479150744,-0.4143949194356379,20.284853319520785,-1.6094379124341005,44,0.05,2.319704862629304,-2.833213344056216,10,21,19,679.5883756104994,9400,100,8,9
-0.0415540932225515,19.53703032913994,0.0,44,0.14,2.6865159273561083,-2.19722457733622,14,5,19,745.8174244990514,1.0629988938947412,20.986898227389474,-1.6094379124341005,47,0.05,2.109380650416853,-2.833213344056216,10,21,19,677.5388902238078,9450,100,8,9
0.2251160618004822,19.77354538988189,0.0,42,0.15,2.6422686859083693,0.0,15,5,19,751.4195702772887,1.4688943079250318,20.731100181831287,-1.6094379124341005,45,0.05,2.140422278048086,-1.6094379124341005,10,21,19,681.4630738994405,9500,100,8,9
0.3270485292870727,19.78569362575628,0.0,43,0.13,2.479214212994616,-2.19722457733622,14,5,19,757.3613902569194,0.2460513876185776,20.767575679196288,-1.6094379124341005,45,0.04,2.295731491149285,-2.833213344056216,10,21,19,694.4156872032612,9550,100,8,9
-0.3495966561773239,19.275132843327963,0.0,41,0.14,2.6830639043709223,-2.19722457733622,14,5,19,717.7944826635669,1.1382888382064131,20.98292807650688,-1.6094379124341005,46,0.05,2.150227295516754,-2.833213344056216,10,21,19,677.6532628176755,9600,100,8,9
-0.1173658568209417,19.52274847344728,0.0,41,0.15,2.6220675345529147,-2.19722457733622,15,5,19,726.826746026555,0.4484681109728489,20.054472698779207,-1.6094379124341005,43,0.05,2.3348156840302314,-2.833213344056216,10,21,19,653.8941814377906,9650,100,8,9
-0.0333742474214679,19.534792389784325,0.0,44,0.14,2.6865159273561083,-2.19722457733622,15,5,19,745.2335973890581,1.0554804461189098,20.98621419429045,-1.6094379124341005,47,0.04,2.089185799528404,-2.833213344056216,10,21,19,675.8098634609293,9700,100,8,9
-0.6581069782179528,19.52105414834632,0.0,42,0.15,2.4837614147147136,0.0,15,5,19,750.7363552252201,0.8579519695431407,21.22949661955076,-1.6094379124341005,47,0.05,2.1588718486819283,-1.6094379124341005,9,21,19,701.5345864113068,9750,100,8,9
0.2828072405600034,19.7821952585466,0.0,43,0.14,2.567908814038608,-2.19722457733622,14,5,19,762.2787232199149,-0.402106092192086,20.280516899231305,-1.6094379124341005,44,0.05,2.319704862629304,-2.833213344056216,10,21,19,678.3677128557702,9800,100,8,9
-0.0415003332160171,19.53676430562482,0.0,43,0.14,2.6865159273561083,-2.19722457733622,14,5,19,745.6056982225675,1.062944783717122,20.98665321648045,-1.6094379124341005,46,0.05,2.109380650416853,-2.833213344056216,10,21,19,677.555219725259,9850,100,8,9
-0.1247201276065365,19.52104618104076,0.0,41,0.15,2.646544177078202,0.0,15,5,19,722.3885369208131,1.1341480130131083,20.51161409067428,-1.6094379124341005,44,0.05,2.346098636499508,-1.6094379124341005,10,21,19,646.6835767544728,9900,100,8,9
0.2833420771836957,19.77249513844928,0.0,44,0.13,2.491665338049738,-2.19722457733622,14,5,19,754.4635703094968,0.5279840988154255,20.52330383284528,-1.6094379124341005,46,0.04,2.333010882570693,-2.833213344056216,10,21,19,666.4329898604454,9950,100,8,9
-0.3209595044798164,19.27689934952268,0.0,41,0.15,2.6630436323763527,0.0,15,5,19,719.7176893466278,1.1475389344000682,20.98386160123473,-1.6094379124341005,46,0.05,2.150227295516754,-2.833213344056216,9,21,19,679.1727172982385,10000,100,8,9
-0.0994987989078321,19.52969619201664,0.0,41,0.15,2.5896164096097047,-2.19722457733622,15,5,19,728.2504211553418,0.1923751441368994,20.296123485304328,-1.6094379124341005,43,0.05,2.27829595677145,-2.833213344056216,10,21,19,677.833993111869,10050,100,8,9
-0.0103787553075825,19.54281056664457,0.0,44,0.14,2.63796839766966,-2.19722457733622,15,5,19,746.5078518571814,1.048579333129692,20.99338297342622,-1.6094379124341005,47,0.05,2.089185799528404,-2.833213344056216,10,21,19,679.6070907280069,10100,100,8,9
-0.0067174262357254,19.539953792299887,0.0,42,0.15,2.667096952352159,0.0,15,5,19,732.8415330489157,1.1667824143781274,20.987928983302496,-1.6094379124341005,46,0.05,2.150227295516754,-1.6094379124341005,9,21,19,675.5626812850255,10150,100,8,9
0.2476943433575044,19.780655302579817,0.0,43,0.13,2.555457689061125,-2.19722457733622,14,5,19,761.3614880079826,-0.0879940207258668,20.527154774437847,-1.6094379124341005,44,0.04,2.29711297005778,-2.833213344056216,10,21,19,702.6493796004603,10200,100,8,9
-0.0485623876507772,19.53373501244123,0.0,42,0.14,2.674064802378677,-2.19722457733622,14,5,19,745.1848198002175,1.0861013923622895,20.98451396458276,-1.6094379124341005,46,0.05,2.130802110112529,-2.833213344056216,10,21,19,675.7496633039235,10250,100,8,9
-0.0637179059048267,19.52482745856832,0.0,41,0.15,2.606523905117854,0.0,15,5,19,722.2108213210195,0.7941466170482667,20.28614699861168,-1.6094379124341005,43,0.05,2.304886675433585,-1.6094379124341005,10,21,19,630.7353511627134,10300,100,8,9
9.272644850851552e-05,19.54145159194045,0.0,44,0.13,2.63796839766966,-2.19722457733622,15,5,19,747.68045341815,0.7570722704424803,20.77027941497527,-1.6094379124341005,47,0.04,2.277495502857448,-2.833213344056216,10,21,19,658.5580546402759,10350,100,8,9
-0.3494563801378409,19.28079754505046,0.0,41,0.15,2.670612779393491,-2.19722457733622,15,5,19,722.6017454710559,1.128414070710442,20.98935198818951,-1.6094379124341005,46,0.05,2.150227295516754,-2.833213344056216,9,21,19,680.5861115477004,10400,100,8,9
-0.0658995608392401,19.52094102127351,0.0,42,0.15,2.655071434804303,0.0,15,5,19,729.6560128650498,-0.3897801470337967,20.27737026911769,-1.6094379124341005,44,0.05,2.319704862629304,-2.833213344056216,10,21,19,677.1579853945124,10450,100,8,9
-0.0818809903636553,19.523319849469804,0.0,44,0.14,2.6865159273561083,-2.19722457733622,14,5,19,742.9237099959277,1.1033257910367054,20.97217150585507,-1.6094379124341005,47,0.05,2.109380650416853,-2.833213344056216,10,21,19,673.5355142352078,10500,100,8,9
0.1958554803530349,19.76331598282528,0.0,42,0.15,2.642268685908369,0.0,15,5,19,749.4149476488453,1.5186434275418206,20.71062152217832,-1.6094379124341005,45,0.05,2.140422278048086,-1.6094379124341005,10,21,19,676.6135177953664,10550,100,8,9
0.2994222621720449,19.776120171373314,0.0,43,0.13,2.519361284351964,-2.19722457733622,14,5,19,755.3635334677583,0.2619493515927122,20.761833255516155,-1.6094379124341005,45,0.04,2.3032803661703314,-2.833213344056216,10,21,19,692.8351740409834,10600,100,8,9
-0.3321531750877896,19.28223507432681,0.0,41,0.14,2.670612779393491,-2.19722457733622,14,5,19,718.8802829883605,1.1208453571177386,20.99010788614265,-1.6094379124341005,46,0.05,2.150227295516754,-2.833213344056216,10,21,19,679.3868722797955,10650,100,8,9
-0.114524291429243,19.523764256193303,0.0,41,0.15,2.5896164096097047,-2.19722457733622,15,5,19,727.1738781033257,0.4573548487235911,20.05111424017872,-1.6094379124341005,43,0.05,2.3348156840302314,-2.833213344056216,10,21,19,653.0308908251546,10700,100,8,9
-0.0161714217402244,19.54075410471602,0.0,44,0.14,2.63796839766966,-2.19722457733622,15,5,19,745.9715679210001,1.038277620438527,20.99260130872824,-1.6094379124341005,47,0.04,2.089185799528404,-2.833213344056216,10,21,19,677.5519334317547,10750,100,8,9
-0.6286117654450455,19.53265952967661,0.0,42,0.15,2.44766501000566,0.0,15,5,19,752.7719448163448,0.8284567567709211,21.240446061706432,-1.6094379124341005,47,0.05,2.1588718486819283,-1.6094379124341005,9,21,19,704.4626863293133,10800,100,8,9
0.2751143258405272,19.77916011649498,0.0,43,0.14,2.5554576890611256,-2.19722457733622,14,5,19,761.8347977574128,-0.400992533137427,20.279979606765632,-1.6094379124341005,44,0.05,2.319704862629304,-2.833213344056216,10,21,19,678.2498571988876,10850,100,8,9
-0.0447074068224999,19.535350114412555,0.0,43,0.14,2.6865159273561083,-2.19722457733622,14,5,19,745.4021690508646,1.066151857324637,20.98518063045749,-1.6094379124341005,46,0.05,2.109380650416853,-2.833213344056216,10,21,19,677.2298848545735,10900,100,8,9
-0.1121887907657467,19.525242099538733,0.0,41,0.15,2.646544177078202,0.0,15,5,19,723.1475094588195,1.1281960318386837,20.51338502203844,-1.6094379124341005,44,0.05,2.346098636499508,-1.6094379124341005,10,21,19,647.310271950565,10950,100,8,9
0.3063294434922494,19.77856832136276,0.0,44,0.13,2.5554576890611256,-2.19722457733622,14,5,19,755.9049279889239,0.5049967325072882,20.530063359915097,-1.6094379124341005,46,0.04,2.333010882570693,-2.833213344056216,10,21,19,668.7253263604765,11000,100,8,9
-0.330305388524073,19.271246753711548,0.0,41,0.15,2.6630436323763527,0.0,15,5,19,719.2465079252273,1.156884818445185,20.97830070286046,-1.6094379124341005,46,0.05,2.150227295516754,-2.833213344056216,9,21,19,678.2389572849278,11050,100,8,9
-0.1244883271604561,19.519744264618225,0.0,41,0.15,2.5896164096097047,-2.19722457733622,15,5,19,726.3619449565399,0.2173646723905208,20.28643313799404,-1.6094379124341005,43,0.05,2.27829595677145,-2.833213344056216,10,21,19,675.418006116704,11100,100,8,9
-0.0216770263559604,19.538643278148143,0.0,44,0.14,2.674064802378677,-2.19722457733622,15,5,19,745.7327335208915,1.0598776041789295,20.98894483371904,-1.6094379124341005,47,0.05,2.089185799528404,-2.833213344056216,10,21,19,678.4860710124071,11150,100,8,9
-0.0166058776455552,19.53638236093175,0.0,42,0.15,2.6795480773295903,0.0,15,5,19,732.1782068595186,1.1766708657888652,20.984057330816217,-1.6094379124341005,46,0.05,2.150227295516754,-1.6094379124341005,9,21,19,674.5878104723245,11200,100,8,9
0.2233701820315384,19.774005825379444,0.0,43,0.13,2.656785410878597,-2.19722457733622,14,5,19,760.0011663863704,-0.089284720904353,20.52766284709837,-1.6094379124341005,44,0.04,2.29711297005778,-2.833213344056216,10,21,19,702.7659235661248,11250,100,8,9
-0.0722833984993058,19.52680351761372,0.0,42,0.14,2.6675145820584767,-2.19722457733622,14,5,19,743.6894838075365,1.1098224032117634,20.97688860296188,-1.6094379124341005,46,0.05,2.130802110112529,-2.833213344056216,10,21,19,673.367323169749,11300,100,8,9
-0.0772584111397404,19.520374386514064,0.0,41,0.15,2.638975030061064,0.0,15,5,19,721.3404748087737,0.8333019837891805,20.273048877387723,-1.6094379124341005,43,0.05,2.3534342051202763,-1.6094379124341005,10,21,5,627.2160163500149,11350,100,8,9
-0.0346930706262899,19.52966495492681,0.0,44,0.13,2.6865159273561083,-2.19722457733622,15,5,19,745.5870123879371,0.7918580675187374,20.75792168623612,-1.6094379124341005,47,0.04,2.32604303254414,-2.833213344056216,10,21,19,655.0897288143507,11400,100,8,9
-0.3753731742247518,19.270918508349933,0.0,41,0.15,2.6830639043709223,-2.19722457733622,15,5,19,720.9999866363299,1.154330864798213,20.97931521509413,-1.6094379124341005,46,0.05,2.150227295516754,-2.833213344056216,9,21,19,678.0011102987575,11450,100,8,9
-0.056741350875903,19.52468391900289,0.0,42,0.15,2.638975030061064,0.0,15,5,19,730.1394314125533,-0.3775752433628818,20.273847275216173,-1.6094379124341005,44,0.05,2.319704862629304,-2.833213344056216,10,21,19,675.9310186591659,11500,100,8,9
-0.0570303005918071,19.532594386160408,0.0,44,0.14,2.6350634571152667,-2.19722457733622,14,5,19,744.4528559697249,1.0784751012657172,20.98201540358638,-1.6094379124341005,47,0.05,2.109380650416853,-2.833213344056216,10,21,19,676.0304443302424,11550,100,8,9
0.2342623897724318,19.77637777554048,0.0,42,0.15,2.60981756096516,0.0,15,5,19,752.1014006400862,1.458873404489121,20.734947230872493,-1.6094379124341005,45,0.05,2.140422278048086,-1.6094379124341005,10,21,19,682.4509303864697,11600,100,8,9
0.3210580042934864,19.783852207189312,0.0,43,0.13,2.5554576890611256,-2.19722457733622,14,5,19,757.0254127244633,0.2488305152274092,20.766852664114,-1.6094379124341005,45,0.04,2.295731491149285,-2.833213344056216,10,21,19,694.1355153427149,11650,100,8,9
-0.3643383943728653,19.26981793310583,0.0,41,0.14,2.6830639043709223,-2.19722457733622,14,5,19,716.9299833380672,1.1530305764036743,20.977491611814905,-1.6094379124341005,46,0.05,2.150227295516754,-2.833213344056216,10,21,19,676.1769962276163,11700,100,8,9
-0.1281977190250502,19.518783667940685,0.0,41,0.15,2.6220675345529147,-2.19722457733622,15,5,19,726.0136915078002,0.4625113705648073,20.04916103026517,-1.6094379124341005,43,0.05,2.3348156840302314,-2.833213344056216,10,21,19,652.5504688462119,11750,100,8,9
-0.0109500740340237,19.54260407239104,0.0,44,0.14,2.63796839766966,-2.19722457733622,15,5,19,746.5118542434276,1.0330562727331856,20.99457754279047,-1.6094379124341005,47,0.04,2.089185799528404,-2.833213344056216,10,21,19,678.0520941753118,11800,100,8,9
-0.6325687002178594,19.53082878517652,0.0,41,0.15,2.44766501000566,0.0,15,5,19,752.4483064055826,0.8324136915444231,21.238725293358502,-1.6094379124341005,47,0.05,2.1595030350326536,-1.6094379124341005,9,21,19,704.0737810515649,11850,100,8,9
0.3054058252585205,19.78989931530384,0.0,43,0.14,2.4441491828088777,-2.19722457733622,14,5,19,763.8368737839369,-0.4251987650304137,20.28808408670592,-1.6094379124341005,44,0.05,2.279704862664885,-2.833213344056216,10,21,19,680.6637363555246,11900,100,8,9
-0.0314935800533398,19.54007930705604,0.0,43,0.14,2.63796839766966,-2.19722457733622,14,5,19,746.4608506336368,1.0529380305565084,20.99022619474091,-1.6094379124341005,46,0.05,2.109380650416853,-2.833213344056216,10,21,19,678.5312883050622,11950,100,8,9
-0.1273703645303021,19.51897718493625,0.0,41,0.15,2.646544177078202,0.0,15,5,19,722.0710117977663,1.13729233807978,20.509293709367324,-1.6094379124341005,44,0.05,2.346098636499508,-1.6094379124341005,10,21,19,646.3953764130852,12000,100,8,9
0.2658569540752674,19.7669255659863,0.0,44,0.13,2.670787965832382,-2.19722457733622,14,5,19,753.4142704190285,0.5454692219252408,20.517246654229044,-1.6094379124341005,46,0.04,2.333010882570693,-2.833213344056216,10,21,19,664.6930153300171,12050,100,8,9
-0.3658206117433098,19.26030554106927,0.0,41,0.15,2.6754947573537846,0.0,15,5,19,716.8873448508094,1.1924000416652822,20.966850172753176,-1.6094379124341005,46,0.05,2.150227295516754,-2.833213344056216,9,21,19,674.7072822412728,12100,100,8,9
-0.1236910886504742,19.52010198141392,0.0,40,0.15,2.5896164096097047,-2.19722457733622,15,5,19,726.4572101413839,0.2165674338817012,20.286780985662297,-1.6094379124341005,43,0.05,2.3107470817148226,-2.833213344056216,10,21,19,675.4840116324525,12150,100,8,9
-0.0269487379410553,19.536377324377764,0.0,43,0.14,2.63796839766966,-2.19722457733622,15,5,19,745.3751302294672,1.0651493157648853,20.98657468132101,-1.6094379124341005,47,0.05,2.089185799528404,-2.833213344056216,10,21,19,677.9596283708383,12200,100,8,9
-0.0246899839051999,19.53282197022476,0.0,42,0.15,2.6310005476431413,0.0,15,5,19,731.5447796765839,1.1847549720486987,20.98029561883593,-1.6094379124341005,46,0.05,2.150227295516754,-1.6094379124341005,9,21,19,673.7999326442983,12250,100,8,9
0.2618066517493078,19.785257897304422,0.0,43,0.13,2.433366598128037,-2.19722457733622,14,5,19,762.2818468247991,-0.0987242757233134,20.53052712638699,-1.6094379124341005,44,0.04,2.2571129700933623,-2.833213344056216,10,21,19,703.7202101244374,12300,100,8,9
-0.043711582790816,19.53538005721496,0.0,42,0.14,2.63796839766966,-2.19722457733622,14,5,19,745.7468731562136,1.081250587504219,20.98628510651506,-1.6094379124341005,46,0.05,2.130802110112529,-2.833213344056216,10,21,19,676.2100013669606,12350,100,8,9
-0.1393752446757514,19.50159005344573,0.0,40,0.15,2.62752255978444,0.0,15,5,19,717.0972204082188,0.8664219024279305,20.26240524737674,-1.6094379124341005,42,0.05,2.3154713902377044,-2.833213344056216,10,21,5,630.7854109722545,12400,100,8,9
-0.0739013347046373,19.51887153304426,0.0,41,0.13,2.6675145820584767,-2.19722457733622,15,5,19,742.4799326427146,0.8310663315973477,20.7463363308662,-1.6094379124341005,44,0.04,2.2805313426405225,-2.833213344056216,11,21,19,651.2000454699261,12450,100,8,9
-0.3538107010062103,19.278619319778223,0.0,41,0.15,2.6345163746844733,-2.19722457733622,15,5,19,722.181113491287,1.1327683915805316,20.987189476547066,-1.6094379124341005,46,0.05,2.150227295516754,-2.833213344056216,9,21,19,680.1719080341537,12500,100,8,9
-0.070636379246316,19.51933881107717,0.0,42,0.15,2.655071434804303,0.0,15,5,19,729.5905602362187,-0.3941647707848929,20.278202923031863,-1.6094379124341005,44,0.05,2.319704862629304,-2.833213344056216,10,21,19,677.5719221255126,12550,100,8,9
-0.0923813031073191,19.51922896757802,0.0,44,0.14,2.6865159273561083,-2.19722457733622,14,5,19,742.3343169952618,1.113826103782089,20.967851779222027,-1.6094379124341005,47,0.05,2.109380650416853,-2.833213344056216,10,21,19,672.4761144846134,12600,100,8,9
0.2105502875138852,19.7680109759973,0.0,42,0.15,2.6422686859083693,0.0,15,5,19,750.499801931567,1.5130700625422362,20.71326150070905,-1.6094379124341005,45,0.05,2.140422278048086,-1.6094379124341005,10,21,19,677.178089275046,12650,100,8,9
0.2404862003500928,19.768371940171694,0.0,39,0.14,2.6422686859083693,-2.19722457733622,14,5,19,751.3068854018973,0.3307302339113483,20.74939864585115,-1.6094379124341005,42,0.05,2.2871839614270115,-2.833213344056216,10,21,19,685.9486717400757,12700,100,8,9
-0.4269578018192178,19.25842683625068,0.0,39,0.15,2.642490857102396,0.0,15,5,19,712.2529765350741,1.2156499838508863,20.964672677669167,-1.6094379124341005,43,0.06,2.130802110112529,-2.833213344056216,10,21,19,670.0644575708594,12750,100,8,9
-0.1408728070801256,19.514116526504523,0.0,41,0.15,2.6296164095739227,-2.19722457733622,15,5,19,725.2566512602918,0.4738585438808856,20.044927219083974,-1.6094379124341005,43,0.05,2.347266809007725,-2.833213344056216,10,21,19,651.3877853777727,12800,100,8,9
-0.0423465248599853,19.530707715239497,0.0,44,0.14,2.6865159273561083,-2.19722457733622,15,5,19,744.4245181206734,1.0644527235600072,20.9819750050886,-1.6094379124341005,47,0.04,2.089185799528404,-2.833213344056216,10,21,19,674.933877020769,12850,100,8,9
-0.6628736660389585,19.51845292419192,0.0,41,0.15,2.44766501000566,0.0,15,5,19,750.500236129602,0.86271865736621,21.22705987680732,-1.6094379124341005,47,0.05,2.1588718486819283,-1.6094379124341005,9,21,19,701.0616579787617,12900,100,8,9
0.2738045681480066,19.77857667820736,0.0,43,0.14,2.519361284351964,-2.19722457733622,14,5,19,761.6154516977939,-0.4024277885212768,20.28034723440897,-1.6094379124341005,44,0.05,2.319704862629304,-2.833213344056216,10,21,19,678.4181930800432,12950,100,8,9
-0.0570843761525068,19.53084387715176,0.0,43,0.14,2.6865159273561083,-2.19722457733622,14,5,19,744.8238729437561,1.0785288266567072,20.98038321339144,-1.6094379124341005,46,0.05,2.109380650416853,-2.833213344056216,10,21,19,675.9870532449436,13000,100,8,9
-0.1560215474847404,19.5095463412598,0.0,41,0.15,2.6540930520992103,0.0,15,5,19,720.0385615471154,1.1747738016371432,20.49514359546681,-1.6094379124341005,44,0.05,2.358549761477001,-1.6094379124341005,10,21,19,642.7002883974995,13050,100,8,9
0.280835429330412,19.770292266891342,0.0,44,0.13,2.479214213072269,-2.19722457733622,14,5,19,753.9503076887513,0.5304907466703601,20.52108245477447,-1.6094379124341005,46,0.04,2.333010882570693,-2.833213344056216,10,21,19,666.1829765224569,13100,100,8,9
-0.3600722999120458,19.261822938353763,0.0,41,0.15,2.656493412056152,0.0,15,5,19,717.3771334596875,1.1866517298348782,20.96847067414606,-1.6094379124341005,46,0.05,2.150227295516754,-2.833213344056216,9,21,19,675.2756685668263,13150,100,8,9
-0.1514357395497275,19.511755447834883,0.0,41,0.15,2.5859711298438977,-2.19722457733622,15,5,19,724.2599215040053,0.2443120847820652,20.278622941611765,-1.6094379124341005,43,0.05,2.3107470817148226,-2.833213344056216,10,21,19,672.8441617274403,13200,100,8,9
-0.0310644258374794,19.534807497544428,0.0,44,0.14,2.63796839766966,-2.19722457733622,15,5,19,745.1427969550492,1.069265003662169,20.984909722018543,-1.6094379124341005,47,0.05,2.089185799528404,-2.833213344056216,10,21,19,677.5476339460871,13250,100,8,9
-0.0385522251411582,19.52802585117573,0.0,42,0.15,2.667096952352159,0.0,15,5,19,730.6382230527213,1.1986172132856034,20.975063803861623,-1.6094379124341005,46,0.05,2.150227295516754,-1.6094379124341005,9,21,19,672.4199451571936,13300,100,8,9
0.2302327773732816,19.77567111744587,0.0,43,0.13,2.4819141278923773,-2.19722457733622,14,5,19,760.284957626837,-0.0902196362922129,20.52795705035047,-1.6094379124341005,44,0.04,2.289564095036734,-2.833213344056216,10,21,19,702.873164379181,13350,100,8,9
-0.0987994618816254,19.51818805589078,0.0,42,0.14,2.6750634570794847,-2.19722457733622,14,5,19,742.2954686978694,1.1363384665959742,20.96755688989043,-1.6094379124341005,46,0.05,2.130802110112529,-2.833213344056216,10,21,19,670.7037019200718,13400,100,8,9
-0.1346480350942356,19.50094411869959,0.0,41,0.15,2.62752255978444,0.0,15,5,19,717.0349742414398,0.8847639277928876,20.253858656417627,-1.6094379124341005,43,0.05,2.3409830801427827,-1.6094379124341005,10,21,5,632.2031450704893,13450,100,8,9
-0.0384423767513726,19.527507178318107,0.0,44,0.13,2.6865159273561083,-2.19722457733622,15,5,19,745.1183807502359,0.7956073736452675,20.755754825899444,-1.6094379124341005,47,0.04,2.32604303254414,-2.833213344056216,10,21,19,654.7254593122169,13500,100,8,9
-0.3708092608180975,19.271961776543595,0.0,41,0.15,2.6830639043709223,-2.19722457733622,15,5,19,721.2675615608463,1.1497669513932784,20.980442980223124,-1.6094379124341005,46,0.05,2.150227295516754,-2.833213344056216,9,21,19,678.463298494434,13550,100,8,9
-0.0467846235975871,19.526235437018627,0.0,42,0.15,2.655071434804303,0.0,15,5,19,730.9148688862365,-0.3948877586437782,20.27776417427109,-1.6094379124341005,43,0.05,2.319704862629304,-2.833213344056216,10,21,19,677.6619359659035,13600,100,8,9
-0.045343834248185,19.534801739772583,0.0,44,0.14,2.674064802378677,-2.19722457733622,14,5,19,745.4754964296669,1.0667886349238147,20.98463914664647,-1.6094379124341005,47,0.05,2.109380650416853,-2.833213344056216,10,21,19,677.1538767558219,13650,100,8,9
0.2111997250950758,19.76860355374492,0.0,41,0.15,2.6422686859083693,0.0,15,5,19,750.5196515264704,1.4892918571724252,20.722403350517425,-1.6094379124341005,45,0.05,2.140422278048086,-1.6094379124341005,10,21,19,679.4539254633555,13700,100,8,9
0.289732941531978,19.77310847684057,0.0,43,0.13,2.519361284351964,-2.19722457733622,14,5,19,754.6903089438779,0.2721199681295486,20.758545547399056,-1.6094379124341005,45,0.04,2.3032803661703314,-2.833213344056216,10,21,19,691.8234085832198,13750,100,8,9
-0.3710703007712474,19.26716021342781,0.0,41,0.14,2.6830639043709223,-2.19722457733622,14,5,19,716.4700307139965,1.1597624828037758,20.9747971393014,-1.6094379124341005,46,0.05,2.150227295516754,-2.833213344056216,10,21,19,675.521870534771,13800,100,8,9
-0.1517208441427995,19.51020577597573,0.0,41,0.15,2.6296164095739227,-2.19722457733622,15,5,19,724.4849615773469,0.4940701055450218,20.03744417122433,-1.6094379124341005,43,0.05,2.347266809007725,-2.833213344056216,10,21,19,649.4550039923937,13850,100,8,9
-0.0652306162375038,19.52273996672633,0.0,44,0.14,2.6865159273561083,-2.19722457733622,15,5,19,742.7617674215725,1.087336814938385,20.97344337778648,-1.6094379124341005,47,0.04,2.089185799528404,-2.833213344056216,10,21,19,672.6689251024515,13900,100,8,9
-0.6716128519022715,19.515144555016583,0.0,42,0.15,2.44766501000566,0.0,15,5,19,749.7804145963198,0.8714578432302114,21.22393555629771,-1.6094379124341005,47,0.05,2.1588718486819283,-1.6094379124341005,9,21,19,700.2271802759142,13950,100,8,9
0.2810692668200151,19.781013620030382,0.0,41,0.14,2.480245587518076,-2.19722457733622,14,5,19,762.1759633340831,-0.4056620394313346,20.28130316723514,-1.6094379124341005,44,0.05,2.3121559876082576,-2.833213344056216,10,21,19,678.7262531256157,14000,100,8,9
-0.044191135266109,19.53518146178809,0.0,41,0.14,2.674064802378677,-2.19722457733622,14,5,19,745.5908274016805,1.065635585771341,20.98504875931497,-1.6094379124341005,45,0.05,2.109380650416853,-2.833213344056216,10,21,19,677.2642596436413,14050,100,8,9
-0.1241172944675673,19.520223165519425,0.0,41,0.15,2.646544177078202,0.0,15,5,19,722.2891537348379,1.1388391008595675,20.50855611662188,-1.6094379124341005,44,0.05,2.346098636499508,-1.6094379124341005,10,21,19,646.2607541416204,14100,100,8,9
0.3147123590596533,19.78117721296288,0.0,44,0.13,2.479214212994616,-2.19722457733622,14,5,19,756.4873265708892,0.4966138169417038,20.53290800660565,-1.6094379124341005,46,0.04,2.320559757593199,-2.833213344056216,10,21,19,669.551597862356,14150,100,8,9
-0.3147710190240259,19.277325014612675,0.0,41,0.15,2.626947227667335,0.0,15,5,19,720.2356326341327,1.141350448947718,20.984496406560947,-1.6094379124341005,46,0.05,2.150227295516754,-2.833213344056216,9,21,19,679.7835791063263,14200,100,8,9
-0.1272335452484985,19.51872825826496,0.0,41,0.15,2.5896164096097047,-2.19722457733622,15,5,19,726.2354951353136,0.2201098904816035,20.285442962742906,-1.6094379124341005,43,0.05,2.3107470817148226,-2.833213344056216,10,21,19,675.1293740394729,14250,100,8,9
-0.0474238245706146,19.528773204261714,0.0,42,0.14,2.674064802378677,-2.19722457733622,15,5,19,744.065015045354,1.0856244023961636,20.978482935242425,-1.6094379124341005,46,0.05,2.089185799528404,-2.833213344056216,10,21,19,675.9283254787946,14300,100,8,9
-0.0260879294143032,19.53235697810183,0.0,42,0.15,2.667096952352159,0.0,15,5,19,731.3715082074865,1.186152917559718,20.97978540972448,-1.6094379124341005,46,0.05,2.150227295516754,-1.6094379124341005,9,21,19,673.6679371948013,14350,100,8,9
0.2390551029869109,19.77819781742104,0.0,43,0.13,2.4694630029149085,-2.19722457733622,14,5,19,760.8200774238151,-0.0779341849681172,20.524232003959064,-1.6094379124341005,44,0.04,2.289564095036734,-2.833213344056216,10,21,19,701.6335423385219,14400,100,8,9
-0.088004937891359,19.52018934975124,0.0,42,0.14,2.6865159273561083,-2.19722457733622,14,5,19,742.6752833085884,1.1255439426066542,20.969953950240992,-1.6094379124341005,46,0.05,2.130802110112529,-2.833213344056216,10,21,19,671.831536817976,14450,100,8,9
-0.1110550370666986,19.507948429386097,0.0,41,0.15,2.646523905082072,0.0,15,5,19,718.8590074150297,0.8400631528291737,20.268754111604466,-1.6094379124341005,43,0.05,2.3534342051202763,-1.6094379124341005,10,21,5,628.4961123707077,14500,100,8,9
-0.0544859404653067,19.52217399214293,0.0,44,0.13,2.6865159273561083,-2.19722457733622,15,5,19,744.1410814677703,0.8116509373598688,20.750151901212345,-1.6094379124341005,47,0.04,2.32604303254414,-2.833213344056216,10,21,19,653.117439143457,14550,100,8,9
-0.4012133259176887,19.261192766933195,0.0,41,0.15,2.6830639043709223,-2.19722457733622,15,5,19,719.2798694604147,1.1801710164937298,20.96942194659145,-1.6094379124341005,46,0.05,2.150227295516754,-2.833213344056216,9,21,19,675.4444933967013,14600,100,8,9
-0.0597191105474252,19.522035853565043,0.0,42,0.15,2.655071434804303,0.0,15,5,19,729.8859767856497,-0.3795822012944711,20.273180168439445,-1.6094379124341005,44,0.05,2.3121559876082576,-2.833213344056216,10,21,19,676.1500923984999,14650,100,8,9
-0.0526674841342209,19.532148521577017,0.0,44,0.14,2.674064802378677,-2.19722457733622,14,5,19,744.9597226002767,1.0741122848107103,20.9818127330206,-1.6094379124341005,47,0.05,2.109380650416853,-2.833213344056216,10,21,19,676.4350050653546,14700,100,8,9
0.2216988421636173,19.77169154595105,0.0,42,0.15,2.60981756096516,0.0,15,5,19,751.1887212859235,1.4764216697061547,20.727227157616102,-1.6094379124341005,45,0.05,2.140422278048086,-1.6094379124341005,10,21,19,680.7367402909459,14750,100,8,9
0.3023641063395132,19.77729185106056,0.0,43,0.13,2.519361284351964,-2.19722457733622,14,5,19,755.7741842422319,0.258239129606661,20.763276633355847,-1.6094379124341005,45,0.04,2.295731491149285,-2.833213344056216,10,21,19,693.1990795451848,14800,100,8,9
-0.3787461493812188,19.264619393910458,0.0,41,0.14,2.6830639043709223,-2.19722457733622,14,5,19,715.9283537074656,1.1674383314146075,20.97217454089265,-1.6094379124341005,46,0.05,2.150227295516754,-2.833213344056216,10,21,19,674.7473271459837,14850,100,8,9
-0.1564984795206902,19.50852816136481,0.0,41,0.15,2.6220675345529147,-2.19722457733622,15,5,19,724.091992196078,0.5000974146398123,20.035294917748647,-1.6094379124341005,43,0.05,2.3348156840302314,-2.833213344056216,10,21,19,648.9007483850932,14900,100,8,9
-0.102562535856091,19.51185734129236,0.0,44,0.14,2.667514582058476,-2.19722457733622,15,5,19,740.7274910166358,1.1246687345578323,20.961493597711392,-1.6094379124341005,47,0.04,2.089185799528404,-2.833213344056216,10,21,19,668.9337123678893,14950,100,8,9
-0.7291463666968407,19.496233819275503,0.0,42,0.15,2.496212539692157,0.0,15,5,19,746.2978898874213,0.9289913580254684,21.20600648545313,-1.6094379124341005,47,0.05,2.1588718486819283,-1.6094379124341005,9,21,19,694.4793028154287,15000,100,8,9
0.2450798164692942,19.769798309442542,0.0,43,0.14,2.4802455875957263,-2.19722457733622,14,5,19,759.6654376790826,-0.3806910744542188,20.274173449343458,-1.6094379124341005,44,0.05,2.319704862629304,-2.833213344056216,10,21,19,676.2536745785834,15050,100,8,9
-0.0671430311646152,19.526907546581693,0.0,43,0.14,2.6865159273561083,-2.19722457733622,14,5,19,744.1135301505951,1.088587481670879,20.97622909021664,-1.6094379124341005,46,0.05,2.109380650416853,-2.833213344056216,10,21,19,674.9850787365001,15100,100,8,9
-0.1306667005171168,19.51781963432363,0.0,41,0.15,2.646544177078202,0.0,15,5,19,721.7745248158491,1.1564069922842697,20.501577147427188,-1.6094379124341005,44,0.05,2.358549761477002,-1.6094379124341005,10,21,19,644.5586449239863,15150,100,8,9
0.3091739943211844,19.779391903168367,0.0,43,0.13,2.519361284351964,-2.19722457733622,14,5,19,756.098525051033,0.5021521816806817,20.530969204976014,-1.6094379124341005,46,0.04,2.320559757593199,-2.833213344056216,10,21,19,668.9997868451239,15200,100,8,9
-0.3344376850194775,19.26995345257321,0.0,41,0.15,2.6754947573537846,0.0,15,5,19,719.007544413535,1.1610171149440291,20.97694981781729,-1.6094379124341005,46,0.05,2.150227295516754,-2.833213344056216,9,21,19,677.8296348242483,15250,100,8,9
-0.137545686618701,19.514888695811617,0.0,41,0.15,2.6220675345529147,-2.19722457733622,15,5,19,725.4675810691688,0.2304220318527521,20.28170132599016,-1.6094379124341005,43,0.05,2.3107470817148226,-2.833213344056216,10,21,19,674.1310658966008,15300,100,8,9
-0.0550799140120136,19.526323324587047,0.0,44,0.14,2.674064802378677,-2.19722457733622,15,5,19,743.595551936278,1.093280491838423,20.97582343709462,-1.6094379124341005,47,0.05,2.089185799528404,-2.833213344056216,10,21,19,675.1549040169286,15350,100,8,9
-0.0664532207794217,19.518603369889767,0.0,42,0.15,2.6795480773295903,0.0,15,5,19,728.6056528449467,1.226518208925704,20.964747828359787,-1.6094379124341005,46,0.05,2.150227295516754,-1.6094379124341005,9,21,19,669.6618797497371,15400,100,8,9
0.2175375715889327,19.77073643957623,0.0,43,0.13,2.4694630029149085,-2.19722457733622,14,5,19,759.1822482316637,-0.0624217368363683,20.518872667109363,-1.6094379124341005,44,0.04,2.289564095036734,-2.833213344056216,10,21,19,700.1194582738473,15450,100,8,9
-0.0624242852747844,19.52857692128332,0.0,39,0.14,2.6865159273561083,-2.19722457733622,14,5,19,744.3751716794288,1.0999632899910257,20.97902702332341,-1.6094379124341005,44,0.05,2.130802110112529,-2.833213344056216,10,21,19,674.3539470731517,15500,100,8,9
-0.085796054080689,19.516500754084472,0.0,41,0.15,2.638975030061064,0.0,15,5,19,720.6285031874229,0.8208092531109409,20.275610368320187,-1.6094379124341005,43,0.05,2.3534342051202763,-1.6094379124341005,10,21,19,628.1354455196137,15550,100,8,9
-0.04170797654077,19.52591998254725,0.0,44,0.13,2.6865159273561083,-2.19722457733622,15,5,19,745.0130702372674,0.798872973436275,20.754142424171874,-1.6094379124341005,47,0.04,2.32604303254414,-2.833213344056216,10,21,19,654.3981005800837,15600,100,8,9
-0.3981775765036719,19.26179777807317,0.0,41,0.15,2.6830639043709223,-2.19722457733622,15,5,19,719.5140751676112,1.1771352670805724,20.970090439799822,-1.6094379124341005,46,0.05,2.150227295516754,-2.833213344056216,9,21,19,675.7437684480168,15650,100,8,9
-0.0637811649582032,19.52041464430378,0.0,42,0.15,2.655071434804303,0.0,15,5,19,729.7038349776399,-0.3855516994348718,20.274994907028034,-1.6094379124341005,44,0.05,2.319704862629304,-2.833213344056216,10,21,19,676.7467495675096,15700,100,8,9
-0.0686450251952219,19.52625954125448,0.0,44,0.14,2.6865159273561083,-2.19722457733622,14,5,19,744.0820601479552,1.0900898258725709,20.97555269866796,-1.6094379124341005,47,0.05,2.109380650416853,-2.833213344056216,10,21,19,674.8239016293275,15750,100,8,9
0.1805206272083289,19.75823541878408,0.0,42,0.15,2.642268685908369,0.0,15,5,19,748.4236264068018,1.5276314372140871,20.70687519297664,-1.6094379124341005,45,0.05,2.140422278048086,-1.6094379124341005,10,21,19,675.6882980413546,15800,100,8,9
0.2454371525843132,19.759954379169205,0.0,43,0.13,2.479214213072269,-2.19722457733622,14,5,19,751.844558071556,0.298454012204511,20.74995293650906,-1.6094379124341005,45,0.04,2.295731491149285,-2.833213344056216,10,21,19,689.1859650188184,15850,100,8,9
-0.4205173755975591,19.25108840992955,0.0,40,0.14,2.6640625590732894,-2.19722457733622,14,5,19,713.1815719500408,1.2092095576318074,20.958174068112896,-1.6094379124341005,46,0.05,2.150227295516754,-2.833213344056216,10,21,19,670.6009396342914,15900,100,8,9
-0.181602196930427,19.50119589210101,0.0,41,0.15,2.613520004830684,-2.19722457733622,15,5,19,722.2255342093825,0.5419132032084467,20.0226369270685,-1.6094379124341005,43,0.05,2.3348156840302314,-2.833213344056216,10,21,19,644.9229040500593,15950,100,8,9
-0.0741224811806603,19.51996366387146,0.0,44,0.14,2.6865159273561083,-2.19722457733622,15,5,19,742.1235623129386,1.0962286798832614,20.97042574415732,-1.6094379124341005,47,0.04,2.089185799528404,-2.833213344056216,10,21,19,671.799713440842,16000,100,8,9
-0.6755144662897663,19.51339023200515,0.0,42,0.15,2.44766501000566,0.0,15,5,19,749.6846845183954,0.8753594576190815,21.222285748833453,-1.6094379124341005,47,0.05,2.1588718486819283,-1.6094379124341005,9,21,19,699.8154914070662,16050,100,8,9
0.2381947866641816,19.76832725513825,0.0,43,0.14,2.6422686858310422,-2.19722457733622,14,5,19,759.3162565830306,-0.3668826798560474,20.27059903001492,-1.6094379124341005,44,0.05,2.319704862629304,-2.833213344056216,10,21,19,674.860189289253,16100,100,8,9
-0.1094690275416262,19.514824790552108,0.0,43,0.14,2.6675145820584767,-2.19722457733622,14,5,19,741.2740317897285,1.1309134780489218,20.96291935323603,-1.6094379124341005,46,0.05,2.109380650416853,-2.833213344056216,10,21,19,670.7696339389017,16150,100,8,9
-0.1604809704634065,19.50827347683881,0.0,41,0.15,2.6540930520992103,0.0,15,5,19,719.4871325089196,1.179297897439048,20.49368407532588,-1.6094379124341005,44,0.05,2.358549761477002,-1.6094379124341005,10,21,19,642.3085121617505,16200,100,8,9
0.2999928136562919,19.77606935573664,0.0,44,0.13,2.519361284351964,-2.19722457733622,14,5,19,755.4076149251716,0.5113333623464272,20.527405431157383,-1.6094379124341005,46,0.04,2.333010882570693,-2.833213344056216,10,21,19,668.0873844222508,16250,100,8,9
-0.3401543031691364,19.267595341163457,0.0,41,0.15,2.6754947573537846,0.0,15,5,19,718.623524384835,1.1667337330945484,20.974558334988384,-1.6094379124341005,46,0.05,2.150227295516754,-2.833213344056216,9,21,19,677.2608434558555,16300,100,8,9
-0.1917039756412626,19.498075550674105,0.0,41,0.15,2.613520004830684,-2.19722457733622,15,5,19,721.7374127474429,0.2845803208760323,20.265276163888945,-1.6094379124341005,43,0.05,2.2723720121493893,-2.833213344056216,10,21,19,668.800980963235,16350,100,8,9
-0.1355111425167638,19.50139944424884,0.0,44,0.14,2.6350634571152667,-2.19722457733622,15,5,19,738.1214107264351,1.1737117203440324,20.94863811984538,-1.6094379124341005,47,0.05,2.089185799528404,-2.833213344056216,10,21,19,667.1901293179635,16400,100,8,9
-0.1092903282284611,19.50498131846354,0.0,42,0.15,2.6310005476431417,0.0,15,5,19,725.6254996185218,1.269355316375493,20.949694092569068,-1.6094379124341005,46,0.05,2.150227295516754,-1.6094379124341005,9,21,19,665.4247247931067,16450,100,8,9
0.193347870419293,19.763185770555744,0.0,43,0.13,2.4819141278923773,-2.19722457733622,14,5,19,757.5018491000357,-0.0423901002850165,20.51270037280532,-1.6094379124341005,44,0.04,2.2571129700933623,-2.833213344056216,10,21,19,698.1202889060346,16500,100,8,9
-0.1090032570789801,19.5142422393752,0.0,42,0.14,2.667514582058476,-2.19722457733622,14,5,19,741.560438917535,1.1465422617961674,20.963378865341213,-1.6094379124341005,46,0.05,2.130802110112529,-2.833213344056216,10,21,19,669.7193256732131,16550,100,8,9
-0.1203401356877839,19.506372838726204,0.0,41,0.15,2.62752255978444,0.0,15,5,19,718.1020954964669,0.8595113993378714,20.263123055354463,-1.6094379124341005,43,0.05,2.3154713902377044,-1.6094379124341005,10,21,5,630.3001767440637,16600,100,8,9
-0.064625520877324,19.51838116812188,0.0,44,0.13,2.674064802378677,-2.19722457733622,15,5,19,743.5310320309975,0.8217905177735636,20.746213517105712,-1.6094379124341005,47,0.04,2.3135919075666465,-2.833213344056216,10,21,19,652.1023484567257,16650,100,8,9
-0.4406378130098223,19.247668069360955,0.0,41,0.15,2.6345163746844737,-2.19722457733622,15,5,19,716.7239237748494,1.219595503587583,20.95553425858714,-1.6094379124341005,46,0.05,2.150227295516754,-2.833213344056216,9,21,19,671.5421306868924,16700,100,8,9
-0.1276206660509559,19.500555746070884,0.0,42,0.15,2.606523905117854,0.0,15,5,19,725.3007217952741,-0.3294857894974993,20.25952105469268,-1.6094379124341005,44,0.05,2.279704862664885,-2.833213344056216,10,21,19,671.1714916385649,16750,100,8,9
-0.1140841591298102,19.511665563980888,0.0,44,0.14,2.63796839766966,-2.19722457733622,14,5,19,740.8471851131633,1.1355289598080196,20.9597534644052,-1.6094379124341005,47,0.05,2.109380650416853,-2.833213344056216,10,21,19,670.3298048461083,16800,100,8,9
0.1884604831914302,19.760250037800667,0.0,41,0.15,2.60981756096516,0.0,15,5,19,748.8882485871586,1.5274651723880397,20.70657751588365,-1.6094379124341005,44,0.05,2.140422278048086,-1.6094379124341005,10,21,19,675.7423659341407,16850,100,8,9
0.2371694880854551,19.759457179739755,0.0,42,0.13,2.6307879659454336,-2.19722457733622,14,5,19,751.4539954416512,0.2877799319576027,20.75298475627641,-1.6094379124341005,45,0.04,2.263280366205913,-2.833213344056216,10,21,19,690.2542607139874,16900,100,8,9
-0.4446406643519086,19.24455906593744,0.0,38,0.14,2.63161143413008,-2.19722457733622,14,5,19,711.7822088012067,1.233332846387017,20.951268630952224,-1.6094379124341005,43,0.05,2.130802110112529,-2.833213344056216,11,21,19,668.1974707980035,16950,100,8,9
-0.1903280543493296,19.49742009988213,0.0,40,0.15,2.5896164096097047,-2.19722457733622,15,5,19,721.6958107722829,0.5695808053746638,20.014695123867902,-1.6094379124341005,41,0.05,2.2688917394778745,-2.833213344056216,11,21,19,642.2775072764698,17000,100,8,9
-0.0990256342912995,19.511319713097294,0.0,43,0.14,2.63796839766966,-2.19722457733622,15,5,19,740.6193765320572,1.1211318329947604,20.96116561798941,-1.6094379124341005,46,0.04,2.089185799528404,-2.833213344056216,10,21,19,669.3086820918732,17050,100,8,9
-0.699169436500465,19.504567701765325,0.0,42,0.15,2.44766501000566,0.0,15,5,19,748.0296276246071,0.8990144278304681,21.21395108500072,-1.6094379124341005,47,0.05,2.1588718486819283,-1.6094379124341005,9,21,19,697.4829944732955,17100,100,8,9
0.1973117546642751,19.756363829308967,0.0,43,0.14,2.6098175608877674,-2.19722457733622,14,5,19,756.6263709426045,-0.3485735788433283,20.265487836077696,-1.6094379124341005,44,0.05,2.2462320430559006,-2.833213344056216,10,21,19,673.0443729519837,17150,100,8,9
-0.1550013432523724,19.4998802056035,0.0,42,0.14,2.6350634571152667,-2.19722457733622,14,5,19,738.1717209815813,1.1764457937606998,20.946787624236475,-1.6094379124341005,45,0.05,2.109380650416853,-2.833213344056216,10,21,19,666.2707859298455,17200,100,8,9
-0.1966846296246745,19.49594713779255,0.0,41,0.15,2.6140930521349923,0.0,15,5,19,717.0544804220799,1.2380754875890516,20.47219535554666,-1.6094379124341005,43,0.05,2.31000223179031,-1.6094379124341005,10,21,5,641.9095237838145,17250,100,8,9
0.2524109959243995,19.761574194610787,0.0,43,0.13,2.491665338049738,-2.19722457733622,14,5,19,752.0016095275815,0.5589151800793484,20.511559191658712,-1.6094379124341005,46,0.04,2.2844633528840013,-2.833213344056216,10,21,19,663.3524277583914,17300,100,8,9
-0.3840025463742746,19.25247709622803,0.0,40,0.15,2.626947227667336,0.0,15,5,19,715.9631612618008,1.2105819763005463,20.95894208556604,-1.6094379124341005,46,0.05,2.150227295516754,-2.833213344056216,9,21,19,672.8943994182688,17350,100,8,9
-0.1837689976631112,19.499613952086825,0.0,41,0.15,2.6220675345529147,-2.19722457733622,15,5,19,722.0995977918933,0.2766453428982111,20.26679269255101,-1.6094379124341005,43,0.05,2.27829595677145,-2.833213344056216,10,21,19,669.636819589481,17400,100,8,9
-0.0771553609345206,19.51842842210856,0.0,44,0.14,2.674064802378677,-2.19722457733622,15,5,19,742.1100609001163,1.11535593876265,20.96738125931404,-1.6094379124341005,47,0.05,2.089185799528404,-2.833213344056216,10,21,19,672.9675648875624,17450,100,8,9
-0.0747933808278249,19.5152368732949,0.0,42,0.15,2.6310005476431417,0.0,15,5,19,728.0538601046251,1.23485836897582,20.96115201894287,-1.6094379124341005,46,0.05,2.150227295516754,-1.6094379124341005,9,21,19,668.8360521748077,17500,100,8,9
0.2095017087818841,19.767782173407777,0.0,43,0.13,2.519361284351964,-2.19722457733622,14,5,19,758.6524908709334,-0.0565864928756809,20.5166546562739,-1.6094379124341005,44,0.04,2.2571129700933623,-2.833213344056216,10,21,19,699.5304945361974,17550,100,8,9
-0.0814648241476864,19.5217294819485,0.0,42,0.14,2.674064802378677,-2.19722457733622,14,5,19,743.152370444233,1.1190038288658193,20.9717111757206,-1.6094379124341005,46,0.05,2.130802110112529,-2.833213344056216,10,21,19,672.4655060329068,17600,100,8,9
-0.1330397662450527,19.50246764902096,0.0,41,0.15,2.5999736847976536,0.0,15,5,19,717.3055605795595,0.8702535841247621,20.25959072686784,-1.6094379124341005,43,0.05,2.275471390273286,-1.6094379124341005,10,21,5,631.3385549740586,17650,100,8,9
-0.0909120449899047,19.51137217877128,0.0,42,0.13,2.6350634571152667,-2.19722457733622,15,5,19,741.5139943830344,0.8480770418869629,20.738659785529265,-1.6094379124341005,45,0.04,2.24808021769715,-2.833213344056216,10,21,19,649.5215109542213,17700,100,8,9
-0.4301574308651824,19.25119061632733,0.0,41,0.15,2.63161143413008,-2.19722457733622,15,5,19,717.4275072540273,1.209115121443803,20.95915927820813,-1.6094379124341005,46,0.05,2.150227295516754,-2.833213344056216,9,21,19,672.5636208201936,17750,100,8,9
-0.1104192519762186,19.506041283428328,0.0,42,0.15,2.606523905117854,0.0,15,5,19,726.4392337167075,-0.3533351918272567,20.266074307155147,-1.6094379124341005,44,0.05,2.279704862664885,-2.833213344056216,10,21,19,673.5689077295069,17800,100,8,9
-0.1012676726137387,19.51553308273104,0.0,43,0.14,2.63796839766966,-2.19722457733622,14,5,19,741.8483704600119,1.1227124732928082,20.96397830513711,-1.6094379124341005,47,0.05,2.109380650416853,-2.833213344056216,10,21,19,671.5862145004779,17850,100,8,9
0.1593901582303331,19.75218521426699,0.0,42,0.15,2.6032673406449587,0.0,15,5,19,747.0038932232138,1.5631834856057458,20.69423119876146,-1.6094379124341005,45,0.05,2.140422278048086,-1.6094379124341005,10,21,19,672.2107334466098,17900,100,8,9
0.2349080929499211,19.75721034106542,0.0,43,0.13,2.621821996346112,-2.19722457733622,14,5,19,750.9887475364102,0.309667099109293,20.746896626951223,-1.6094379124341005,45,0.04,2.263280366205913,-2.833213344056216,10,21,19,688.0728114967602,17950,100,8,9
-0.4469114705010262,19.24298683909669,0.0,40,0.14,2.63161143413008,-2.19722457733622,14,5,19,711.8685152222495,1.235603652536994,20.949738999795823,-1.6094379124341005,45,0.05,2.150227295516754,-2.833213344056216,10,21,19,667.9569496744117,18000,100,8,9
-0.2296863545387354,19.486640475935094,0.0,41,0.15,2.5859711298438977,-2.19722457733622,15,5,19,718.8376449946993,0.5893133335494604,20.00777787815201,-1.6094379124341005,42,0.05,2.2688917394778745,-2.833213344056216,10,21,19,640.290048470232,18050,100,8,9
-0.1221927153997521,19.50456320931936,0.0,44,0.14,2.63796839766966,-2.19722457733622,15,5,19,739.0883620555172,1.1442989141040731,20.953746554496057,-1.6094379124341005,47,0.04,2.089185799528404,-2.833213344056216,10,21,19,667.0104491805076,18100,100,8,9
-0.7264451646986458,19.49517393992033,0.0,39,0.15,2.496212539692157,0.0,15,5,19,746.4042339567254,0.9262901560293372,21.205057522122825,-1.6094379124341005,45,0.05,2.1588718486819283,-1.6094379124341005,9,21,19,694.762725251058,18150,100,8,9
0.1976069844865755,19.75682194742773,0.0,40,0.14,2.4596928123994,-2.19722457733622,14,5,19,756.3707975400281,-0.3343133526935108,20.26216409847747,-1.6094379124341005,41,0.05,2.2462320430559006,-2.833213344056216,10,21,19,671.6414997359346,18200,100,8,9
-0.1295063327377677,19.508370283539524,0.0,41,0.14,2.6350634571152667,-2.19722457733622,14,5,19,739.7820791074735,1.1509507832471269,20.955934203364222,-1.6094379124341005,43,0.05,2.109380650416853,-2.833213344056216,10,21,19,668.8205779535639,18250,100,8,9
-0.1757200715491317,19.502226637355225,0.0,41,0.15,2.6140930521349923,0.0,15,5,19,718.5713242349436,1.202555473542939,20.48407223522072,-1.6094379124341005,44,0.05,2.31000223179031,-1.6094379124341005,10,21,19,639.9952986157584,18300,100,8,9
0.2401226526801932,19.7582325689961,0.0,41,0.13,2.630787965868084,-2.19722457733622,14,5,19,751.3899833023578,0.5712035233243044,20.507853626484884,-1.6094379124341005,44,0.04,2.2844633528840013,-2.833213344056216,10,21,19,662.1196157945407,18350,100,8,9
-0.3931130810853306,19.24972625197938,0.0,41,0.15,2.624042287112942,0.0,15,5,19,715.1231662762783,1.219692511012462,20.95605589371144,-1.6094379124341005,46,0.05,2.150227295516754,-2.833213344056216,9,21,19,672.0073533969652,18400,100,8,9
-0.1724365815846976,19.502778720106257,0.0,38,0.15,2.5896164096097047,-2.19722457733622,15,5,19,722.9702239089856,0.2653129268205335,20.26988960489584,-1.6094379124341005,41,0.05,2.27829595677145,-2.833213344056216,10,21,19,670.724319162704,18450,100,8,9
-0.100247307986155,19.510930559464565,0.0,44,0.14,2.63796839766966,-2.19722457733622,15,5,19,740.6281496117492,1.138447885815144,20.959257905641948,-1.6094379124341005,47,0.05,2.089185799528404,-2.833213344056216,10,21,19,670.6719109084005,18500,100,8,9
-0.0942403530759176,19.50901814465908,0.0,41,0.15,2.6310005476431417,0.0,15,5,19,726.6056798744012,1.254305341224748,20.954285795651867,-1.6094379124341005,46,0.05,2.150227295516754,-1.6094379124341005,9,21,19,666.924985055783,18550,100,8,9
0.1640893640814562,19.754919944177768,0.0,43,0.13,2.4333665982057826,-2.19722457733622,14,5,19,755.6853129411193,-0.0251229292225836,20.507770942775394,-1.6094379124341005,44,0.04,2.2571129700933623,-2.833213344056216,10,21,19,696.3896697925529,18600,100,8,9
-0.1417112982994691,19.50319801843773,0.0,42,0.14,2.63796839766966,-2.19722457733622,14,5,19,739.085832489903,1.1792503030185475,20.95147881377969,-1.6094379124341005,46,0.05,2.130802110112529,-2.833213344056216,10,21,19,666.4884313742143,18650,100,8,9
-0.1488824699000439,19.496228373624263,0.0,41,0.15,2.5999736847976536,0.0,15,5,19,716.2119477928738,0.9000450688286308,20.24848448188015,-1.6094379124341005,43,0.05,2.304886675433585,-1.6094379124341005,10,21,5,633.6203852851719,18700,100,8,9
-0.1189233204346634,19.502170338572583,0.0,41,0.13,2.6260974875933125,-2.19722457733622,15,5,19,739.9752091100728,0.8760883173325689,20.728979593833856,-1.6094379124341005,46,0.04,2.277495502857448,-2.833213344056216,10,21,19,646.7083235563779,18750,100,8,9
-0.5276168215621618,19.229052774541167,0.0,38,0.16,2.589621292360608,0.0,16,5,19,711.7273087074857,1.3065745121416428,20.93520132756013,-1.6094379124341005,43,0.06,2.130802110112529,-2.833213344056216,9,21,19,662.8472281534451,18800,100,8,9
-0.2271424767528014,19.48083122564913,0.0,38,0.16,2.544955186048369,0.0,16,5,19,718.1415611604183,-0.2434815191533184,20.246011093181203,-1.6094379124341005,40,0.06,2.1884548280177665,-2.833213344056216,10,21,19,662.6716432846612,18850,100,8,9
-0.1701465030620754,19.495795630278867,0.0,44,0.14,2.6260974875933125,-2.19722457733622,14,5,19,737.179651341544,1.1915913037420047,20.94224654344098,-1.6094379124341005,47,0.05,2.109380650416853,-2.833213344056216,10,21,19,664.7629941063466,18900,100,8,9
0.1265846734941624,19.74272057189281,0.0,42,0.15,2.6032673406449587,0.0,15,5,19,744.6432607996339,1.6028585224461205,20.68036050225464,-1.6094379124341005,44,0.05,2.140422278048086,-1.6094379124341005,10,21,19,668.3245183325951,18950,100,8,9
0.1834484939338372,19.743740227931653,0.0,41,0.13,2.605885715912585,-2.19722457733622,14,5,19,747.3939395581406,0.3662018417507571,20.731392728845982,-1.6094379124341005,44,0.04,2.230219801279789,-2.833213344056216,10,21,19,682.4332417876042,19000,100,8,9
-0.467494833525245,19.23620007090712,0.0,41,0.14,2.622645464608126,-2.19722457733622,14,5,19,710.0696377405594,1.2561870155620734,20.942730169749897,-1.6094379124341005,46,0.05,2.150227295516754,-2.833213344056216,10,21,19,665.965034362383,19050,100,8,9
-0.2591759195197857,19.484780028128583,0.0,34,0.16,2.5609172553162294,0.0,16,5,19,716.9168991993419,0.6137277549066791,20.006873080803377,-1.6094379124341005,38,0.06,2.295814338766626,-2.833213344056216,10,21,19,637.8280372364437,19100,100,8,9
-0.2181400044844949,19.486176347133487,0.0,39,0.15,2.607542831814792,-2.19722457733622,15,5,19,732.5308864551918,1.240246203189676,20.93194784719073,-1.6094379124341005,42,0.05,2.042674748577844,-2.833213344056216,11,21,5,661.4853717165769,19150,100,8,9
-0.7895874315430532,19.476529128678106,0.0,36,0.15,2.4307575144974938,0.0,15,5,19,742.1273500570634,0.989432422874432,21.18732184910493,-1.6094379124341005,43,0.05,2.139847463452683,-2.833213344056216,9,21,19,688.5335304583417,19200,100,8,9
0.1764479927577947,19.749358773877,0.0,41,0.14,2.444149182886601,-2.19722457733622,14,5,19,754.9457898188602,-0.3254938973294231,20.2583066357658,-1.6094379124341005,44,0.05,2.279704862664885,-2.833213344056216,10,21,19,670.7863966589168,19250,100,8,9
-0.1690261944630373,19.496524468236544,0.0,43,0.14,2.6350634571152667,-2.19722457733622,14,5,19,737.5869003464505,1.1904706449734292,20.942979703703863,-1.6094379124341005,45,0.05,2.109380650416853,-2.833213344056216,10,21,19,664.8529094939355,19300,100,8,9
-0.237089638052994,19.48597057753594,0.0,39,0.15,2.593674612336414,0.0,15,5,19,714.1392466805378,1.2762645764130418,20.46131502271571,-1.6094379124341005,42,0.05,2.247950764972673,-1.6094379124341005,10,21,5,645.6471130494438,19350,100,8,9
0.1808447612452045,19.743202385929525,0.0,44,0.13,2.605885715912585,-2.19722457733622,14,5,19,747.2750332219626,0.6304814147601321,20.49102630803681,-1.6094379124341005,46,0.04,2.255048067723703,-2.833213344056216,10,21,19,656.2256287421117,19400,100,8,9
-0.4573448384443601,19.23059881346642,0.0,36,0.15,2.5991400371574938,0.0,15,5,19,711.1233095520847,1.2839242683723515,20.93595145366005,-1.6094379124341005,43,0.05,2.150227295516754,-2.833213344056216,9,21,19,665.6195317664852,19450,100,8,9
-0.2335221514753955,19.485339285249704,0.0,38,0.15,2.5859711298438977,-2.19722457733622,15,5,19,718.6236006169318,0.3263984967119093,20.25283059331726,-1.6094379124341005,43,0.05,2.27829595677145,-2.833213344056216,10,21,19,664.7599916851103,19500,100,8,9
-0.1819158844029669,19.488903346541928,0.0,42,0.14,2.6260974875933125,-2.19722457733622,15,5,19,735.3698295013666,1.2201164622328158,20.934704621355863,-1.6094379124341005,46,0.05,2.089185799528404,-2.833213344056216,10,21,19,662.5490216016013,19550,100,8,9
-0.2069578187532343,19.48131706919757,0.0,35,0.15,2.5626203098647737,0.0,15,5,19,718.9294565311131,1.3670228069028698,20.922248918720857,-1.6094379124341005,41,0.05,2.130802110112529,-1.6094379124341005,9,21,5,658.5129952076995,19600,100,8,9
0.0263606270533898,19.72990148469728,0.0,34,0.14,2.495822173680888,-2.19722457733622,14,5,19,746.2936786174065,0.0950272286306726,20.486343191470034,-1.6094379124341005,38,0.05,2.1687678760006506,-2.833213344056216,10,21,19,684.4351145585894,19650,100,8,9
-0.2523554297742036,19.48113539238299,0.0,38,0.15,2.524896206787864,0.0,15,5,19,731.7872620305218,1.2898944344942276,20.925457522123224,-1.6094379124341005,41,0.06,2.1109869596459374,-2.833213344056216,10,21,5,663.3496429329599,19700,100,8,9
-0.2078352397092618,19.48111601628172,0.0,34,0.15,2.517327059770726,0.0,15,5,19,711.9400419023862,0.9765764178142068,20.227343528198222,-1.6094379124341005,37,0.05,2.2032227009238947,-1.6094379124341005,10,21,5,640.5749672651071,19750,100,8,9
-0.2299976655409636,19.47742808487699,0.0,36,0.13,2.509616409647607,-2.19722457733622,15,5,19,732.855242060384,0.9871626624396568,20.70164120730884,-1.6094379124341005,39,0.04,2.1291168185239435,-2.833213344056216,10,21,5,655.0338609287428,19800,100,8,9
-0.586629454478002,19.21120519586524,0.0,30,0.15,2.5049858576694204,-2.19722457733622,15,5,19,707.2173913762355,1.3655871450583426,20.91661187689312,-1.6094379124341005,36,0.05,2.085771395625521,-2.833213344056216,10,21,5,659.0740735994173,19850,100,8,9
0.0186546831580557,18.457154273327003,0.0,31,0.18,2.553514194486284,0.0,18,5,19,559.536888880076,0.9933765744264964,20.457157120469336,-0.8047189562170501,36,0.1,2.554345488478191,0.0,10,21,5,599.8361367009549,19900,100,8,9
0.7750877892803664,15.658206605263386,0.0,35,0.18,2.4585947703774256,0.0,18,11,18,414.2795753339347,-0.4380648045340068,20.45988662504044,0.0,38,0.22,2.371865476068547,0.0,22,11,18,542.8416832386586,19950,100,8,9
1.294013100533313,13.725943765838371,2.19722457733622,32,0.18,2.3691107118723926,0.0,18,11,18,571.6581483459472,-2.4727016623602047,21.02189634989237,0.0,31,0.27,1.805923361253495,0.0,27,11,18,963.1140447367784,20000,100,8,9
1.0102565838931865,14.109289965652255,2.19722457733622,33,0.18,2.3787308798077955,0.0,18,11,18,594.8728406547605,-2.765437955819752,21.218920827339257,0.0,31,0.27,1.7905831680206528,0.0,27,11,18,961.5211616517332,20050,100,8,9
1.3655819995068763,13.7373699222633,2.19722457733622,32,0.18,2.359305694403882,2.19722457733622,19,11,18,568.8031955317377,-2.45072941659281,21.02332102746077,0.0,31,0.28,1.783318314174852,0.0,28,11,18,961.8508369997736,20100,100,8,9
1.3519361647291677,13.729413243645304,2.19722457733622,32,0.18,2.359305694403882,2.19722457733622,19,11,18,568.0657444140431,-2.7654379558203823,21.21892082733452,0.0,31,0.27,1.7905831680206528,0.0,27,11,18,961.5211616516696,20150,100,8,9
1.319879088580327,13.723993503794162,2.19722457733622,32,0.19,2.3691107118723926,0.0,19,11,18,568.1792649087872,-2.450729416586692,21.02332102748729,0.0,31,0.28,1.783318314174852,0.0,28,11,18,961.8508370007931,20200,100,8,9
1.43115292831009,13.756701683039813,2.19722457733622,33,0.18,2.3787308798077955,0.0,18,11,18,569.6402856117052,-2.7654379558200963,21.21892082732083,0.0,32,0.27,1.7905831680206528,0.0,27,11,18,961.5211616509964,20250,100,8,9
1.3526914748464427,13.724765786763626,2.19722457733622,32,0.18,2.359305694403882,3.218875824868201,19,11,18,570.8663856804164,-2.418540658337256,21.029511986679903,0.0,31,0.27,1.783318314174852,0.0,27,11,18,961.0032157001688,20300,100,8,9
1.634518912332185,14.047129471761329,2.19722457733622,33,0.18,2.378730879807796,0.0,18,11,18,589.6281004157671,-2.1360208773582907,21.291492737143443,0.0,32,0.27,1.7963031933179092,0.0,27,11,18,980.2080373060766,20350,100,8,9
1.2917511268992563,13.733436894880024,2.19722457733622,32,0.18,2.3691107118723926,0.0,18,11,18,564.8427004482951,-2.4507294165880533,21.023321027477685,0.0,31,0.28,1.783318314174852,0.0,28,11,18,958.5532799162124,20400,100,8,9
1.3177353326464671,13.72295076545419,2.19722457733622,32,0.19,2.3691107118723926,0.0,19,11,18,570.2018651556081,-2.1360208773565805,21.29149273714564,0.0,32,0.27,1.7963031933179092,0.0,27,11,18,980.208037306201,20450,100,8,9
1.3457704560357184,13.721079162235949,2.19722457733622,32,0.18,2.359305694403882,3.218875824868201,19,11,18,565.0054211472002,-2.4185406583362243,21.029511986681324,0.0,31,0.27,1.783318314174852,0.0,27,11,18,961.4878802184209,20500,100,8,9
1.2835931900119897,13.719628767363956,2.19722457733622,32,0.18,2.3691107118723926,0.0,18,11,18,570.9676325397343,-2.472701662356346,21.02189634990089,0.0,31,0.27,1.805923361253495,0.0,27,11,18,963.1140447370784,20550,100,8,9
0.9897719536311989,14.097233783436025,2.19722457733622,33,0.18,2.3787308798077955,0.0,18,11,18,593.9412226755494,-2.765437955813825,21.218920827356705,0.0,31,0.27,1.7905831680206528,0.0,27,11,18,961.5211616524892,20600,100,8,9
1.325189373161841,13.713922951925138,2.19722457733622,32,0.18,2.359305694403882,2.19722457733622,19,11,18,566.2582032950357,-2.450729416581852,21.023321027502,0.0,31,0.28,1.783318314174852,0.0,28,11,18,961.8508370014512,20650,100,8,9
1.329962790082268,13.716524796737708,2.19722457733622,32,0.18,2.359305694403882,2.19722457733622,19,11,18,566.2554769742982,-2.7654379558135687,21.21892082735604,0.0,31,0.27,1.7905831680206528,0.0,27,11,18,961.5211616523654,20700,100,8,9
1.325216739423415,13.726942015123912,2.19722457733622,32,0.19,2.3691107118723926,0.0,19,11,18,568.2979597595114,-2.450729416586719,21.023321027477905,0.0,31,0.28,1.783318314174852,0.0,28,11,18,961.8508370004046,20750,100,8,9
1.4335054021265268,13.757931330339188,2.19722457733622,33,0.18,2.3787308798077955,0.0,18,11,18,569.6156307469628,-2.765437955816032,21.21892082731937,0.0,32,0.27,1.7905831680206528,0.0,27,11,18,961.5211616508368,20800,100,8,9
1.370325470701854,13.73529154661842,2.19722457733622,32,0.18,2.359305694403882,3.218875824868201,19,11,18,571.6726161297723,-2.418540658341851,21.02951198664948,0.0,31,0.27,1.783318314174852,0.0,27,11,18,961.0032156987572,20850,100,8,9
1.6355941669730538,14.048097665990053,2.19722457733622,33,0.18,2.378730879807796,0.0,18,11,18,590.3524600767649,-2.136020877362163,21.29149273712704,0.0,32,0.27,1.7963031933179092,0.0,27,11,18,980.2080373056116,20900,100,8,9
1.2648915699419296,13.718082076087905,2.19722457733622,32,0.18,2.3691107118723926,0.0,18,11,18,562.8538782944217,-2.450729416581436,21.02332102749891,0.0,31,0.28,1.783318314174852,0.0,28,11,18,958.5532799169254,20950,100,8,9
1.2999784510655346,13.713015579752096,2.19722457733622,32,0.19,2.3691107118723926,0.0,19,11,18,569.2154430264758,-2.136020877352756,21.291492737154385,0.0,32,0.27,1.7963031933179092,0.0,27,11,18,980.2080373065472,21000,100,8,9
1.3488015453714752,13.723305502376052,2.19722457733622,32,0.18,2.359305694403882,3.218875824868201,19,11,18,564.599218871561,-2.418540658337435,21.02951198666648,0.0,31,0.27,1.783318314174852,0.0,27,11,18,961.4878802177518,21050,100,8,9
1.3162388989918268,13.738776493683083,2.19722457733622,32,0.18,2.3691107118723926,0.0,18,11,18,572.6534696736246,-2.4727016623639053,21.02189634985677,0.0,31,0.27,1.805923361253495,0.0,27,11,18,963.11404473519,21100,100,8,9
1.0205226186363532,14.115483549699762,2.19722457733622,33,0.18,2.424024129901889,0.0,18,11,18,595.9233077506663,-2.765437955820837,21.218920827314893,0.0,31,0.27,1.7905831680206528,0.0,27,11,18,961.5211616507396,21150,100,8,9
1.323088999381028,13.71354364024778,2.19722457733622,32,0.18,2.404598944497975,2.19722457733622,19,11,18,566.3923591546408,-2.4507294165826226,21.02332102748917,0.0,31,0.28,1.783318314174852,0.0,28,11,18,961.8508370009916,21200,100,8,9
1.320292728430135,13.711628280800491,2.19722457733622,32,0.18,2.359305694403882,2.19722457733622,19,11,18,565.0158366557101,-2.7654379558123194,21.218920827352058,0.0,31,0.27,1.7905831680206528,0.0,27,11,18,961.5211616520584,21250,100,8,9
1.3148884555188598,13.72113525001197,2.19722457733622,32,0.19,2.3691107118723926,0.0,19,11,18,567.6250410058518,-2.450729416583953,21.023321027481373,0.0,31,0.28,1.783318314174852,0.0,28,11,18,961.8508370005304,21300,100,8,9
1.4158790029025534,13.748123158060327,2.19722457733622,33,0.18,2.3787308798077955,0.0,18,11,18,568.142238537124,-2.76543795581198,21.21892082732928,0.0,32,0.27,1.7905831680206528,0.0,27,11,18,961.5211616511264,21350,100,8,9
1.3714870974602524,13.735998375705307,2.19722457733622,32,0.18,2.359305694403882,3.218875824868201,19,11,18,571.3612543023181,-2.418540658341501,21.02951198664183,0.0,31,0.27,1.783318314174852,0.0,27,11,18,961.0032156984024,21400,100,8,9
1.6458300988474814,14.053313284520204,2.19722457733622,33,0.18,2.378730879807796,0.0,18,11,18,590.9637165276154,-2.1360208773628373,21.291492737114485,0.0,32,0.27,1.7963031933179092,0.0,27,11,18,980.208037305028,21450,100,8,9
1.2807151431151145,13.726918049657336,2.19722457733622,32,0.18,2.3691107118723926,0.0,18,11,18,563.7997844144934,-2.450729416583582,21.02332102747975,0.0,31,0.28,1.783318314174852,0.0,28,11,18,958.5532799161032,21500,100,8,9
1.2968953358111737,13.71104385291442,2.19722457733622,32,0.19,2.3691107118723926,0.0,19,11,18,569.4131961378398,-2.1360208773507754,21.29149273715404,0.0,32,0.27,1.7963031933179092,0.0,27,11,18,980.20803730661,21550,100,8,9
1.325931701085082,13.70976744221094,2.19722457733622,32,0.18,2.359305694403882,3.218875824868201,19,11,18,563.2619576182913,-2.418540658330384,21.029511986689684,0.0,31,0.27,1.783318314174852,0.0,27,11,18,961.4878802186316,21600,100,8,9
1.3051654124319336,13.73199467010664,2.19722457733622,32,0.18,2.3691107118723926,0.0,18,11,18,571.7066418386371,-2.472701662359545,21.02189634986761,0.0,31,0.27,1.805923361253495,0.0,27,11,18,963.114044735612,21650,100,8,9
1.019119737987351,14.114313658534686,2.19722457733622,33,0.18,2.3787308798077955,0.0,18,11,18,595.7811228267316,-2.7654379558187845,21.218920827314605,0.0,31,0.27,1.7905831680206528,0.0,27,11,18,961.5211616506232,21700,100,8,9
1.3520363548677627,13.729339683255326,2.19722457733622,32,0.18,2.359305694403882,2.19722457733622,19,11,18,567.8361143234868,-2.450729416586296,21.023321027462984,0.0,31,0.28,1.783318314174852,0.0,28,11,18,961.8508369998287,21750,100,8,9
1.3523155884192943,13.72960825925661,2.19722457733622,32,0.18,2.359305694403882,2.19722457733622,19,11,18,567.5006782086957,-2.765437955817627,21.21892082731806,0.0,31,0.27,1.7905831680206528,0.0,27,11,18,961.5211616507328,21800,100,8,9
1.3326192678256137,13.73134635593078,2.19722457733622,32,0.19,2.3691107118723926,0.0,19,11,18,568.6880202878664,-2.450729416587297,21.023321027456703,0.0,31,0.28,1.783318314174852,0.0,28,11,18,961.8508369994672,21850,100,8,9
1.4198297313044217,13.750357781349312,2.19722457733622,33,0.18,2.3787308798077955,0.0,18,11,18,569.3167834267172,-2.765437955815542,21.21892082731438,0.0,32,0.27,1.7905831680206528,0.0,27,11,18,961.5211616506272,21900,100,8,9
1.335475334545558,13.715403541790492,2.19722457733622,32,0.18,2.359305694403882,3.218875824868201,19,11,18,569.732188379935,-2.4185406583322684,21.029511986675075,0.0,31,0.27,1.783318314174852,0.0,27,11,18,961.0032156998648,21950,100,8,9
1.6149766332567117,14.037140277718922,2.19722457733622,33,0.18,2.424024129901889,0.0,18,11,18,589.0623391403578,-2.136020877353248,21.291492737140704,0.0,32,0.27,1.7963031933179092,0.0,27,11,18,980.2080373059756,22000,100,8,9
1.292939403433456,13.734412052435198,2.19722457733622,32,0.18,2.4144039619664857,0.0,18,11,18,564.4784103036163,-2.4507294165864364,21.023321027457328,0.0,31,0.28,1.783318314174852,0.0,28,11,18,958.5532799152156,22050,100,8,9
1.3444709604972849,13.737992105074564,2.19722457733622,32,0.19,2.3691107118723926,0.0,19,11,18,572.4064258192944,-2.136020877358762,21.291492737106203,0.0,32,0.27,1.7963031933179092,0.0,27,11,18,980.208037304624,22100,100,8,9
1.3730570104927542,13.736440882999355,2.19722457733622,32,0.18,2.359305694403882,3.218875824868201,19,11,18,566.3336138855889,-2.418540658339306,21.02951198663933,0.0,31,0.27,1.783318314174852,0.0,27,11,18,961.4878802166148,22150,100,8,9
1.285300044559275,13.721402146907865,2.19722457733622,32,0.18,2.4144039619664857,0.0,18,11,18,571.5118428032247,-2.472701662356242,21.02189634987356,0.0,31,0.27,1.805923361253495,0.0,27,11,18,963.1140447359942,22200,100,8,9
0.978417167936028,14.091347620971971,2.19722457733622,33,0.18,2.424024129901889,0.0,18,11,18,592.598744319486,-2.7654379558104227,21.218920827343208,0.0,31,0.27,1.7905831680206528,0.0,27,11,18,961.5211616517622,22250,100,8,9
1.320850097760322,13.712278277755807,2.19722457733622,32,0.18,2.428084099952501,2.19722457733622,19,11,18,566.045342181047,-2.450729416580373,21.023321027481007,0.0,31,0.28,1.783318314174852,0.0,28,11,18,961.8508370005612,22300,100,8,9
1.325512043806211,13.71504450685843,2.19722457733622,32,0.18,2.428084099952501,2.19722457733622,19,11,18,565.3394101944559,-2.7654379558124025,21.21892082733229,0.0,31,0.27,1.7905831680206528,0.0,27,11,18,961.521161651202,22350,100,8,9
1.3112540146770095,13.71959424071306,2.19722457733622,32,0.19,2.4144039619664857,0.0,19,11,18,567.513337768915,-2.4507294165826674,21.023321027468768,0.0,31,0.28,1.783318314174852,0.0,28,11,18,961.8508370000442,22400,100,8,9
1.408043401087341,13.744261426268556,2.19722457733622,33,0.18,2.425630439130948,0.0,18,11,18,567.8315653418505,-2.7654379558153432,21.21892082731141,0.0,32,0.27,1.7905831680206528,0.0,27,11,18,961.5211616503148,22450,100,8,9
1.3639168840858502,13.7316155747427,2.19722457733622,32,0.18,2.359305694403882,3.218875824868201,19,11,18,571.1145315144448,-2.418540658337854,21.029511986640088,0.0,31,0.27,1.783318314174852,0.0,27,11,18,961.0032156984148,22500,100,8,9
1.63875681585056,14.049591247853122,2.19722457733622,33,0.18,2.378730879807796,0.0,18,11,18,589.927095337971,-2.136020877351831,21.291492737122663,0.0,32,0.27,1.7963031933179092,0.0,27,11,18,980.2080373053384,22550,100,8,9
1.273107814522564,13.722766173226448,2.19722457733622,32,0.18,2.3691107118723926,0.0,18,11,18,563.5155820657736,-2.4507294165807205,21.0233210274744,0.0,31,0.28,1.783318314174852,0.0,28,11,18,958.553279915776,22600,100,8,9
1.2906276389207747,13.708477823165849,2.19722457733622,32,0.19,2.437889117421012,0.0,19,11,18,568.6072686372439,-2.13602087735233,21.29149273713625,0.0,32,0.27,1.7963031933179092,0.0,27,11,18,980.2080373058386,22650,100,8,9
1.328255196700757,13.712214674732428,2.19722457733622,32,0.18,2.428084099952501,3.218875824868201,19,11,18,562.9904326607157,-2.41854065833154,21.029511986665828,0.0,31,0.27,1.783318314174852,0.0,27,11,18,961.487880217576,22700,100,8,9
1.286054269110914,13.720976621925546,2.19722457733622,32,0.18,2.3691107118723926,0.0,18,11,18,570.7116884017227,-2.472701662353491,21.02189634987697,0.0,31,0.27,1.805923361253495,0.0,27,11,18,963.1140447359834,22750,100,8,9
1.007308352826363,14.10736196063296,2.19722457733622,33,0.18,2.3787308798077955,0.0,18,11,18,594.2063914320584,-2.7654379558141,21.21892082731668,0.0,31,0.27,1.7905831680206528,0.0,27,11,18,961.5211616505228,22800,100,8,9
1.3376104681450465,13.722001791840343,2.19722457733622,32,0.18,2.404598944497975,2.19722457733622,19,11,18,567.6634096574187,-2.4507294165837097,21.023321027456365,0.0,31,0.28,1.783318314174852,0.0,28,11,18,961.8508369995642,22850,100,8,9
1.3210084144948702,13.712412419704462,2.19722457733622,32,0.18,2.404598944497975,2.19722457733622,19,11,18,565.4845044498567,-2.7654379558104454,21.21892082733157,0.0,31,0.27,1.7905831680206528,0.0,27,11,18,961.5211616513222,22900,100,8,9
1.2905525903451769,13.70782488892558,2.19722457733622,32,0.19,2.4144039619664857,0.0,19,11,18,566.6089070668165,-2.450729416577563,21.02332102748301,0.0,31,0.28,1.783318314174852,0.0,28,11,18,961.8508370005788,22950,100,8,9
1.383343639000423,13.730716898612252,2.19722457733622,33,0.18,2.450923689259243,0.0,18,11,18,565.9609364124435,-2.765437955808389,21.218920827329395,0.0,32,0.27,1.7905831680206528,0.0,27,11,18,961.52116165108,23000,100,8,9
1.3351585982159018,13.71592825097844,2.19722457733622,32,0.18,2.404598944497975,3.218875824868201,19,11,18,569.5380079051206,-2.41854065833231,21.029511986656352,0.0,31,0.27,1.783318314174852,0.0,27,11,18,961.003215698942,23050,100,8,9
1.623352753389427,14.041380953561577,2.19722457733622,33,0.18,2.378730879807796,0.0,18,11,18,589.2664639420288,-2.1360208773512044,21.29149273712612,0.0,32,0.27,1.7963031933179092,0.0,27,11,18,980.2080373054868,23100,100,8,9
1.2786306029594108,13.72581804158977,2.19722457733622,31,0.18,2.4144039619664857,0.0,18,11,18,563.5276967063998,-2.45072941658083,21.023321027464625,0.0,31,0.28,1.783318314174852,0.0,28,11,18,958.5532799154406,23150,100,8,9
1.3176382984326307,13.723346309268845,2.19722457733622,32,0.19,2.4144039619664857,0.0,19,11,18,570.1017476921185,-2.136020877354696,21.291492737111284,0.0,32,0.27,1.7963031933179092,0.0,27,11,18,980.2080373046527,23200,100,8,9
1.3520290477353123,13.724893953147816,2.19722457733622,32,0.18,2.359305694403882,3.218875824868201,19,11,18,565.2008840747628,-2.418540658334326,21.029511986643737,0.0,31,0.27,1.783318314174852,0.0,27,11,18,961.4878802167784,23250,100,8,9
1.2854249526310448,13.72068617793501,2.19722457733622,32,0.18,2.3691107118723926,0.0,18,11,18,571.0279696779895,-2.47270166235283,21.021896349870747,0.0,31,0.27,1.805923361253495,0.0,27,11,18,963.1140447357674,23300,100,8,9
1.0052924574344102,14.106128534925809,2.19722457733622,33,0.18,2.3787308798077955,0.0,18,11,18,594.2530791364245,-2.765437955812493,21.21892082731434,0.0,31,0.27,1.7905831680206528,0.0,27,11,18,961.5211616504812,23350,100,8,9
1.33418114386085,13.71941154058957,2.19722457733622,32,0.18,2.359305694403882,2.19722457733622,19,11,18,567.6162947742226,-2.450729416580751,21.023321027460728,0.0,31,0.28,1.783318314174852,0.0,28,11,18,961.8508369997716,23400,100,8,9
1.3086375239863923,13.705300352549594,2.19722457733622,32,0.18,2.359305694403882,2.19722457733622,19,11,18,565.0240711515302,-2.7654379558072635,21.218920827336444,0.0,31,0.27,1.7905831680206528,0.0,27,11,18,961.5211616515172,23450,100,8,9
1.3055236276727111,13.716037655220228,2.19722457733622,32,0.19,2.3691107118723926,0.0,19,11,18,566.9807238496252,-2.4507294165795166,21.023321027464743,0.0,31,0.28,1.783318314174852,0.0,28,11,18,961.8508369998136,23500,100,8,9
1.40720945590447,13.743129742090948,2.19722457733622,33,0.18,2.3787308798077955,0.0,18,11,18,568.4744260916826,-2.7654379558122337,21.21892082730709,0.0,32,0.27,1.7905831680206528,0.0,27,11,18,961.5211616502412,23550,100,8,9
1.332844819553955,13.713752311540995,2.19722457733622,32,0.18,2.359305694403882,3.218875824868201,19,11,18,569.3907936007498,-2.4185406583290976,21.029511986661884,0.0,31,0.27,1.783318314174852,0.0,27,11,18,961.003215699244,23600,100,8,9
1.603237584316067,14.030223667372235,2.19722457733622,33,0.18,2.378730879807796,0.0,18,11,18,587.811968393244,-2.136020877343336,21.29149273714712,0.0,32,0.27,1.7963031933179092,0.0,27,11,18,980.2080373062544,23650,100,8,9
1.2488313823375596,13.70875343703173,2.19722457733622,32,0.18,2.3691107118723926,0.0,18,11,18,561.4596890910807,-2.450729416573965,21.023321027487,0.0,31,0.28,1.783318314174852,0.0,28,11,18,958.553279916224,23700,100,8,9
1.3004780353326582,13.71343457534758,2.19722457733622,32,0.19,2.4144039619664857,0.0,19,11,18,568.662456755144,-2.13602087735026,21.29149273712331,0.0,32,0.27,1.7963031933179092,0.0,27,11,18,980.2080373050982,23750,100,8,9
1.35468750031636,13.72637920415374,2.19722457733622,32,0.18,2.404598944497975,3.218875824868201,19,11,18,565.1047479902631,-2.418540658333892,21.029511986636468,0.0,31,0.27,1.783318314174852,0.0,27,11,18,961.4878802163436,23800,100,8,9
1.2824220726304043,13.719524168650953,2.19722457733622,32,0.18,2.4144039619664857,0.0,18,11,18,570.8185247278707,-2.4727016623523355,21.021896349863763,0.0,31,0.27,1.805923361253495,0.0,27,11,18,963.1140447355156,23850,100,8,9
0.9692427905957132,14.08628498601538,2.19722457733622,33,0.18,2.447509285356415,0.0,18,11,18,592.2201830665929,-2.7654379558059827,21.218920827334465,0.0,31,0.27,1.7905831680206528,0.0,27,11,18,961.5211616512375,23900,100,8,9
1.303935679347419,13.702693581231609,2.19722457733622,32,0.18,2.428084099952501,2.19722457733622,19,11,18,564.978238317703,-2.4507294165745943,21.023321027479827,0.0,31,0.28,1.783318314174852,0.0,28,11,18,961.8508370004324,23950,100,8,9
1.312591852765468,13.707297258555508,2.19722457733622,32,0.18,2.404598944497975,2.19722457733622,19,11,18,564.5307370056466,-2.765437955806408,21.21892082733067,0.0,31,0.27,1.7905831680206528,0.0,27,11,18,961.5211616510836,24000,100,8,9
1.3060335870730586,13.716305915740207,2.19722457733622,32,0.19,2.3691107118723926,0.0,19,11,18,567.0587678873034,-2.450729416578897,21.023321027458334,0.0,31,0.28,1.783318314174852,0.0,28,11,18,961.8508369994468,24050,100,8,9
1.3776173677305343,13.727961215364584,2.19722457733622,33,0.18,2.425630439130948,0.0,18,11,18,566.4604485505384,-2.765437955802424,21.218920827325856,0.0,32,0.27,1.7905831680206528,0.0,27,11,18,961.5211616509672,24100,100,8,9
1.3002905892809928,13.697508638950913,2.19722457733622,32,0.18,2.428084099952501,3.218875824868201,19,11,18,566.9137519168896,-2.4185406583256097,21.02951198666868,0.0,31,0.27,1.783318314174852,0.0,27,11,18,961.0032156993568,24150,100,8,9
1.6036133966332384,14.03184817457027,2.19722457733622,33,0.18,2.424024129901889,0.0,18,11,18,587.5024216728497,-2.1360208773516383,21.291492737117988,0.0,32,0.27,1.7963031933179092,0.0,27,11,18,980.208037304898,24200,100,8,9
1.2827381561507472,13.728217128480384,2.19722457733622,32,0.18,2.3691107118723926,0.0,18,11,18,563.597797583754,-2.450729416580397,21.023321027448088,0.0,31,0.28,1.783318314174852,0.0,28,11,18,958.5532799146768,24250,100,8,9
1.269071968648862,13.697846160225172,2.19722457733622,32,0.19,2.437889117421012,0.0,19,11,18,568.6981604392382,-2.136020877346393,21.291492737130937,0.0,32,0.27,1.7963031933179092,0.0,27,11,18,980.2080373056244,24300,100,8,9
1.2953459969321894,13.69525552756632,2.19722457733622,32,0.18,2.428084099952501,3.218875824868201,19,11,18,560.6593754437189,-2.418540658325087,21.029511986667742,0.0,31,0.27,1.783318314174852,0.0,27,11,18,961.4878802176082,24350,100,8,9
1.258943319910804,13.708235610239608,2.19722457733622,32,0.18,2.437889117421012,0.0,18,11,18,570.1849377105547,-2.4727016623501887,21.02189634986438,0.0,31,0.27,1.805923361253495,0.0,27,11,18,963.1140447354792,24400,100,8,9
0.960799218953918,14.08316741572826,2.19722457733622,33,0.18,2.447509285356415,0.0,18,11,18,591.1360223696871,-2.7654379558062407,21.21892082732359,0.0,31,0.27,1.7905831680206528,0.0,27,11,18,961.5211616508772,24450,100,8,9
1.295843208296091,13.69897649828136,2.19722457733622,32,0.18,2.428084099952501,2.19722457733622,19,11,18,564.820544185494,-2.4507294165736244,21.023321027475024,0.0,31,0.28,1.783318314174852,0.0,28,11,18,961.8508370001832,24500,100,8,9
1.2775871516373871,13.689161190149036,2.19722457733622,32,0.18,2.4419523194308925,2.19722457733622,19,11,18,562.115907293234,-2.765437955801465,21.218920827343617,0.0,31,0.27,1.7905831680206528,0.0,27,11,18,961.521161651626,24550,100,8,9
1.2721619435858256,13.698160809364335,2.19722457733622,32,0.19,2.437889117421012,0.0,19,11,18,565.1904227185302,-2.45072941657272,21.023321027477525,0.0,31,0.28,1.783318314174852,0.0,28,11,18,961.8508370001848,24600,100,8,9
1.364253035295196,13.720631556685104,2.19722457733622,33,0.18,2.450923689259243,0.0,18,11,18,565.3951710993259,-2.765437955800815,21.21892082732952,0.0,32,0.27,1.7905831680206528,0.0,27,11,18,961.5211616510998,24650,100,8,9
1.3063130611936102,13.701389561133826,2.19722457733622,32,0.18,2.428084099952501,3.218875824868201,19,11,18,567.7019870649266,-2.418540658326366,21.029511986655923,0.0,31,0.27,1.783318314174852,0.0,27,11,18,961.0032156988202,24700,100,8,9
1.602836279632549,14.033368110253171,2.19722457733622,33,0.18,2.4475092853564155,0.0,18,11,18,587.3356317804272,-2.136020877350008,21.2914927371068,0.0,32,0.27,1.7963031933179092,0.0,27,11,18,980.2080373045358,24750,100,8,9
1.267231491143075,13.720728929174808,2.19722457733622,32,0.18,2.4144039619664857,0.0,18,11,18,562.3673290969016,-2.4507294165785605,21.02332102744728,0.0,31,0.28,1.783318314174852,0.0,28,11,18,958.5532799145464,24800,100,8,9
1.304547030543015,13.71628150500356,2.19722457733622,32,0.19,2.4144039619664857,0.0,19,11,18,569.4795526764293,-2.136020877351408,21.291492737103027,0.0,32,0.27,1.7963031933179092,0.0,27,11,18,980.208037304294,24850,100,8,9
1.3349431670678005,13.71592285741553,2.19722457733622,32,0.18,2.404598944497975,3.218875824868201,19,11,18,563.9412655108757,-2.4185406583294964,21.029511986638177,0.0,31,0.27,1.783318314174852,0.0,27,11,18,961.4878802164496,24900,100,8,9
1.2698884738227338,13.71337262992075,2.19722457733622,32,0.18,2.4144039619664857,0.0,18,11,18,569.6832070970685,-2.4727016623500577,21.02189634985572,0.0,31,0.27,1.805923361253495,0.0,27,11,18,963.1140447350044,24950,100,8,9
0.9802204131018776,14.093093522547225,2.19722457733622,33,0.18,2.424024129901889,0.0,18,11,18,592.4318607004891,-2.765437955807337,21.218920827308875,0.0,31,0.27,1.7905831680206528,0.0,27,11,18,961.5211616502024,25000,100,8,9
1.3196624918914848,13.711887266924483,2.19722457733622,32,0.18,2.404598944497975,2.19722457733622,19,11,18,565.9093439372417,-2.450729416576637,21.023321027451875,0.0,31,0.28,1.783318314174852,0.0,28,11,18,961.8508369991764,25050,100,8,9
1.278056597323138,13.69075942611695,2.19722457733622,32,0.18,2.4419523194308925,2.19722457733622,19,11,18,563.5228485993346,-2.7654379558024385,21.218920827329462,0.0,31,0.27,1.7905831680206528,0.0,27,11,18,961.5211616511456,25100,100,8,9
1.2426091641985524,13.685535726595957,2.19722457733622,32,0.19,2.4517573368994032,0.0,19,11,18,562.104105620844,-2.4507294165716127,21.02332102747336,0.0,31,0.28,1.783318314174852,0.0,28,11,18,961.85083699996,25150,100,8,9
1.3475435713717991,13.713572615646832,2.19722457733622,33,0.18,2.466859969692753,0.0,18,11,18,563.7406401517953,-2.7654379557994533,21.218920827325302,0.0,32,0.27,1.7905831680206528,0.0,27,11,18,961.5211616508276,25200,100,8,9
1.3024768110989908,13.698485630115728,2.19722457733622,32,0.18,2.4419523194308925,3.218875824868201,19,11,18,566.6103319149946,-2.418540658324124,21.02951198665699,0.0,31,0.27,1.783318314174852,0.0,27,11,18,961.0032156987812,25250,100,8,9
1.5906605783825638,14.02534227613493,2.19722457733622,33,0.18,2.461377504834806,0.0,18,11,18,587.367688054411,-2.1360208773465343,21.291492737118883,0.0,32,0.27,1.7963031933179092,0.0,27,11,18,980.2080373050168,25300,100,8,9
1.2605310384454034,13.71587705051654,2.19722457733622,32,0.18,2.437889117421012,0.0,18,11,18,561.9670129288345,-2.450729416574811,21.023321027455285,0.0,31,0.28,1.783318314174852,0.0,28,11,18,958.5532799148584,25350,100,8,9
1.2808740530269136,13.703938494825694,2.19722457733622,32,0.19,2.437889117421012,0.0,19,11,18,568.7780609429572,-2.136020877345898,21.29149273711463,0.0,32,0.27,1.7963031933179092,0.0,27,11,18,980.208037304912,25400,100,8,9
1.274174488285703,13.685046523311858,2.19722457733622,32,0.18,2.4485025397511,3.218875824868201,19,11,18,560.1035799097695,-2.418540658322033,21.02951198666328,0.0,31,0.27,1.783318314174852,0.0,27,11,18,961.4878802173644,25450,100,8,9
1.2531714733997277,13.704862318439591,2.19722457733622,32,0.18,2.437889117421012,0.0,18,11,18,568.3535277433856,-2.472701662347452,21.021896349858466,0.0,31,0.27,1.805923361253495,0.0,27,11,18,963.1140447350908,25500,100,8,9
2.4174769104155645,18.68729727213152,1.0986122886681098,43,0.19,2.1611147891861084,0.0,19,4,25,544.7802134164774,-4.032247988556216,19.82445609756882,0.0,32,0.24,1.9222335576592489,0.0,24,11,18,584.2433566539305,25550,100,8,9
3.5037641094249223,23.55674070057023,0.0,55,0.22,1.9838279220342552,0.0,22,4,25,1260.7807543270023,-6.719537385263392,15.66533783164182,-1.0986122886681098,23,0.24,1.112394030679887,-2.19722457733622,24,4,25,742.1087249856607,25600,100,8,9
3.827544060689844,24.695960587584487,0.0,52,0.25,1.5611819421386397,0.0,25,4,25,1446.1508312450526,-7.889685726484764,13.701172970179124,-1.0986122886681098,16,0.26,1.5000000002393346,0.0,26,4,25,813.4971667249747,25650,100,8,9
3.8275440606910633,24.69596058758738,0.0,53,0.25,1.5611819421386397,0.0,25,4,25,1446.150831245237,-7.845741234938638,13.726384305267194,0.0,16,0.26,1.4895642179521462,0.0,26,4,25,813.6395851174736,25700,100,8,9
3.49086327568956,24.545846246627665,0.0,52,0.25,1.5611819421386393,0.0,25,4,25,1421.4954272864943,-7.845741234941191,13.729901019776914,-1.0986122886681098,16,0.24,1.5000000001995288,2.19722457733622,26,4,25,815.915342753065,25750,100,8,9
3.490863275688588,24.545846246625192,0.0,52,0.25,1.5611819421386393,0.0,25,4,25,1421.4954272863406,-7.889685726487385,13.704696154083662,-2.19722457733622,16,0.24,1.5095699921973325,-2.19722457733622,26,4,25,815.7614854575547,25800,100,8,9
3.827544060690573,24.695960587591472,0.0,52,0.25,1.5611819421386397,0.0,25,4,25,1446.1508312454494,-7.889685726487186,13.701172970183288,-1.0986122886681098,16,0.26,1.5000000002393346,0.0,26,4,25,813.4971667252166,25850,100,8,9
3.8275440606942,24.695960587607424,0.0,53,0.25,1.5611819421386397,0.0,25,4,25,1446.1508312463973,-7.845741234945125,13.72638430527836,0.0,16,0.26,1.4895642179521462,0.0,26,4,25,813.6395851181218,25900,100,8,9
3.49086327569357,24.545846246654072,0.0,52,0.25,1.5611819421386393,0.0,25,4,25,1421.4954272880088,-7.845741234949706,13.72990101979157,-1.0986122886681098,16,0.24,1.5000000001995288,2.19722457733622,26,4,25,815.9153427539162,25950,100,8,9
3.4908632756918494,24.545846246649987,0.0,52,0.25,1.5611819421386393,0.0,25,4,25,1421.4954272877526,-7.889685726495604,13.704696154097809,-2.19722457733622,16,0.24,1.5095699921973325,-2.19722457733622,26,4,25,815.7614854583763,26000,100,8,9
3.8275440606977487,24.69596058763481,0.0,52,0.25,1.5611819421386397,0.0,25,4,25,1446.1508312479675,-7.88968572650104,13.701172970207132,-1.0986122886681098,16,0.26,1.5000000002393346,0.0,26,4,25,813.4971667266017,26050,100,8,9
3.8275440606993656,24.69596058764098,0.0,53,0.25,1.5611819421386397,0.0,25,4,25,1446.1508312483384,-7.84574123495602,13.726384305297112,0.0,16,0.26,1.4895642179521462,0.0,26,4,25,813.639585119211,26100,100,8,9
3.49086327569121,24.54584624663729,0.0,52,0.25,1.5611819421386393,0.0,25,4,25,1421.4954272870498,-7.845741234944208,13.72990101978211,-1.0986122886681098,16,0.24,1.5000000001995288,2.19722457733622,26,4,25,815.9153427533669,26150,100,8,9
3.4908632756851485,24.54584624659165,0.0,52,0.25,1.5611819421386393,0.0,25,4,25,1421.4954272844502,-7.889685726475834,13.704696154063788,-2.19722457733622,16,0.24,1.5095699921973325,-2.19722457733622,26,4,25,815.7614854564004,26200,100,8,9
3.827544060688482,24.6959605875792,0.0,52,0.25,1.5611819421386397,0.0,25,4,25,1446.1508312447345,-7.889685726483285,13.701172970176575,-1.0986122886681098,16,0.26,1.5000000002393346,0.0,26,4,25,813.4971667248267,26250,100,8,9
3.827544060694351,24.69596058762551,0.0,53,0.25,1.5611819421386397,0.0,25,4,25,1446.1508312473868,-7.845741234952157,13.72638430529046,0.0,16,0.26,1.4895642179521462,0.0,26,4,25,813.6395851188245,26300,100,8,9
3.4908632756959985,24.54584624666613,0.0,52,0.25,1.5611819421386393,0.0,25,4,25,1421.4954272887126,-7.845741234953332,13.729901019797808,-1.0986122886681098,16,0.24,1.5000000001995288,2.19722457733622,26,4,25,815.9153427542785,26350,100,8,9
3.49086327568596,24.54584624660472,0.0,52,0.25,1.5611819421386393,0.0,25,4,25,1421.4954272851758,-7.889685726480567,13.704696154071932,-2.19722457733622,16,0.24,1.5095699921973325,-2.19722457733622,26,4,25,815.7614854568734,26400,100,8,9
3.827544060686866,24.69596058757029,0.0,52,0.25,1.5611819421386397,0.0,25,4,25,1446.150831244215,-7.889685726480505,13.701172970171791,-1.0986122886681098,16,0.26,1.5000000002393346,0.0,26,4,25,813.4971667245492,26450,100,8,9
3.827544060697166,24.695960587624505,0.0,53,0.25,1.5611819421386397,0.0,25,4,25,1446.1508312473932,-7.845741234950525,13.726384305287656,0.0,16,0.26,1.4895642179521462,0.0,26,4,25,813.6395851186614,26500,100,8,9
3.490863275691733,24.545846246639734,0.0,52,0.25,1.5611819421386393,0.0,25,4,25,1421.4954272871937,-7.845741234944933,13.729901019783352,-1.0986122886681098,16,0.24,1.5000000001995288,2.19722457733622,26,4,25,815.9153427534388,26550,100,8,9
3.49086327568517,24.54584624659897,0.0,52,0.25,1.5611819421386393,0.0,25,4,25,1421.4954272848474,-7.889685726478676,13.704696154068676,-2.19722457733622,16,0.24,1.5095699921973325,-2.19722457733622,26,4,25,815.7614854566842,26600,100,8,9
3.827544060685923,24.695960587564105,0.0,52,0.25,1.5611819421386397,0.0,25,4,25,1446.1508312438566,-7.889685726478491,13.701172970168322,-1.0986122886681098,16,0.26,1.5000000002393346,0.0,26,4,25,813.4971667243477,26650,100,8,9
3.827544060691951,24.69596058760438,0.0,53,0.25,1.5611819421386397,0.0,25,4,25,1446.1508312461829,-7.845741234944919,13.726384305278003,0.0,16,0.26,1.4895642179521462,0.0,26,4,25,813.6395851181012,26700,100,8,9
3.490863275695262,24.545846246664787,0.0,52,0.25,1.5611819421386393,0.0,25,4,25,1421.4954272886246,-7.845741234953132,13.729901019797463,-1.0986122886681098,16,0.24,1.5000000001995288,2.19722457733622,26,4,25,815.9153427542585,26750,100,8,9
3.490863275691484,24.54584624663426,0.0,52,0.25,1.5611819421386393,0.0,25,4,25,1421.4954272868908,-7.889685726489635,13.704696154087536,-2.19722457733622,16,0.24,1.5095699921973325,-2.19722457733622,26,4,25,815.7614854577797,26800,100,8,9
3.827544060688874,24.695960587579545,0.0,52,0.25,1.5611819421386397,0.0,25,4,25,1446.1508312447622,-7.88968572648325,13.701172970176517,-1.0986122886681098,16,0.26,1.5000000002393346,0.0,26,4,25,813.4971667248234,26850,100,8,9
3.827544060688029,24.69596058757929,0.0,53,0.25,1.5611819421386397,0.0,25,4,25,1446.1508312447302,-7.845741234936795,13.726384305264018,0.0,16,0.26,1.4895642179521462,0.0,26,4,25,813.6395851172894,26900,100,8,9
3.490863275683596,24.545846246591704,0.0,52,0.25,1.5611819421386393,0.0,25,4,25,1421.4954272844218,-7.845741234929818,13.729901019757348,-1.0986122886681098,16,0.24,1.5000000001995288,2.19722457733622,26,4,25,815.9153427519287,26950,100,8,9
3.490863275685555,24.54584624661228,0.0,52,0.25,1.5611819421386393,0.0,25,4,25,1421.4954272855784,-7.889685726483696,13.70469615407732,-2.19722457733622,16,0.24,1.5095699921973325,-2.19722457733622,26,4,25,815.7614854571863,27000,100,8,9
3.8275440606923694,24.695960587601213,0.0,52,0.25,1.5611819421386397,0.0,25,4,25,1446.1508312460194,-7.889685726490219,13.70117297018851,-1.0986122886681098,16,0.26,1.5000000002393346,0.0,26,4,25,813.4971667255202,27050,100,8,9
3.8275440606899007,24.69596058758021,0.0,53,0.25,1.5611819421386397,0.0,25,4,25,1446.150831244821,-7.845741234936332,13.726384305263228,0.0,16,0.26,1.4895642179521462,0.0,26,4,25,813.6395851172433,27100,100,8,9
3.490863275685137,24.545846246597257,0.0,52,0.25,1.5611819421386393,0.0,25,4,25,1421.4954272847542,-7.845741234931297,13.729901019759891,-1.0986122886681098,16,0.24,1.5000000001995288,2.19722457733622,26,4,25,815.9153427520766,27150,100,8,9
3.490863275687515,24.545846246615376,0.0,52,0.25,1.5611819421386393,0.0,25,4,25,1421.4954272857858,-7.889685726484036,13.704696154077896,-2.19722457733622,16,0.24,1.5095699921973325,-2.19722457733622,26,4,25,815.7614854572199,27200,100,8,9
3.827544060693297,24.695960587611072,0.0,52,0.25,1.5611819421386397,0.0,25,4,25,1446.150831246577,-7.889685726493679,13.701172970194463,-1.0986122886681098,16,0.26,1.5000000002393346,0.0,26,4,25,813.4971667258658,27250,100,8,9
3.827544060692673,24.69596058760433,0.0,53,0.25,1.5611819421386397,0.0,25,4,25,1446.1508312461958,-7.845741234944581,13.726384305277426,0.0,16,0.26,1.4895642179521462,0.0,26,4,25,813.6395851180677,27300,100,8,9
3.490863275688976,24.545846246621227,0.0,52,0.25,1.5611819421386393,0.0,25,4,25,1421.4954272861328,-7.845741234938941,13.729901019773044,-1.0986122886681098,16,0.24,1.5000000001995288,2.19722457733622,26,4,25,815.9153427528403,27350,100,8,9
3.4908632756881475,24.545846246614563,0.0,52,0.25,1.5611819421386393,0.0,25,4,25,1421.4954272857549,-7.889685726483435,13.704696154076869,-2.19722457733622,16,0.24,1.5095699921973325,-2.19722457733622,26,4,25,815.7614854571601,27400,100,8,9
3.827544060687897,24.69596058757759,0.0,52,0.25,1.5611819421386397,0.0,25,4,25,1446.150831244635,-7.889685726482913,13.701172970175936,-1.0986122886681098,16,0.26,1.5000000002393346,0.0,26,4,25,813.4971667247896,27450,100,8,9
3.827544060690789,24.695960587594225,0.0,53,0.25,1.5611819421386397,0.0,25,4,25,1446.1508312456042,-7.8457412349414435,13.726384305272024,0.0,16,0.26,1.4895642179521462,0.0,26,4,25,813.6395851177542,27500,100,8,9
3.4908632756902342,24.5458462466342,0.0,52,0.25,1.5611819421386393,0.0,25,4,25,1421.4954272868629,-7.845741234943439,13.729901019780783,-1.0986122886681098,16,0.24,1.5000000001995288,2.19722457733622,26,4,25,815.9153427532898,27550,100,8,9
3.49086327569004,24.545846246632387,0.0,52,0.25,1.5611819421386393,0.0,25,4,25,1421.4954272867603,-7.889685726489546,13.70469615408738,-2.19722457733622,16,0.24,1.5095699921973325,-2.19722457733622,26,4,25,815.7614854577706,27600,100,8,9
3.827544060687546,24.69596058757036,0.0,52,0.25,1.5611819421386397,0.0,25,4,25,1446.1508312442331,-7.889685726480231,13.701172970171315,-1.0986122886681098,16,0.26,1.5000000002393346,0.0,26,4,25,813.4971667245217,27650,100,8,9
3.827544060689776,24.695960587585816,0.0,53,0.25,1.5611819421386397,0.0,25,4,25,1446.150831245124,-7.84574123493859,13.72638430526711,0.0,16,0.26,1.4895642179521462,0.0,26,4,25,813.6395851174688,27700,100,8,9
3.4908632756943887,24.54584624666358,0.0,52,0.25,1.5611819421386393,0.0,25,4,25,1421.4954272885414,-7.845741234953049,13.72990101979732,-1.0986122886681098,16,0.24,1.5000000001995288,2.19722457733622,26,4,25,815.9153427542502,27750,100,8,9
3.49086327568874,24.54584624662055,0.0,52,0.25,1.5611819421386393,0.0,25,4,25,1421.4954272860916,-7.889685726485507,13.704696154080432,-2.19722457733622,16,0.24,1.5095699921973325,-2.19722457733622,26,4,25,815.7614854573669,27800,100,8,9
3.827544060690359,24.695960587584537,0.0,52,0.25,1.897520139850759,0.0,25,4,25,1446.150831245067,-7.889685726484559,13.701172970178767,-1.0986122886681098,16,0.26,1.5000000002393346,0.0,26,4,25,813.497166724954,27850,100,8,9
3.82754406069072,24.69596058759624,0.0,53,0.25,1.5611819421386397,0.0,25,4,25,1446.1508312457122,-7.845741234942263,13.726384305273434,0.0,16,0.26,1.4895642179521462,0.0,26,4,25,813.639585117836,27900,100,8,9
3.490863275685949,24.54584624660753,0.0,52,0.25,1.5611819421386393,0.0,25,4,25,1421.495427285328,-7.845741234934942,13.729901019766166,-1.0986122886681098,16,0.24,1.5000000001995288,2.19722457733622,26,4,25,815.9153427524409,27950,100,8,9
3.490863275687454,24.545846246618588,0.0,52,0.25,1.5611819421386393,0.0,25,4,25,1421.4954272859593,-7.8896857264853155,13.7046961540801,-2.19722457733622,16,0.24,1.5095699921973325,-2.19722457733622,26,4,25,815.7614854573478,28000,100,8,9
3.827544060687485,24.695960587569783,0.0,52,0.25,1.5611819421386397,0.0,25,4,25,1446.1508312442002,-7.88968572648003,13.701172970170974,-1.0986122886681098,16,0.26,1.5000000002393346,0.0,26,4,25,813.4971667245018,28050,100,8,9
3.827544060691084,24.695960587592715,0.0,53,0.25,1.5611819421386397,0.0,25,4,25,1446.1508312455285,-7.845741234940723,13.72638430527078,0.0,16,0.26,1.4895642179521462,0.0,26,4,25,813.6395851176818,28100,100,8,9
3.4908632756918427,24.54584624664263,0.0,52,0.25,1.5611819421386393,0.0,25,4,25,1421.4954272873529,-7.845741234946013,13.72990101978521,-1.0986122886681098,16,0.24,1.5000000001995288,2.19722457733622,26,4,25,815.915342753547,28150,100,8,9
3.490863275688265,24.54584624662396,0.0,52,0.25,1.5611819421386393,0.0,25,4,25,1421.4954272862672,-7.889685726487048,13.704696154083084,-2.19722457733622,16,0.24,1.5095699921973325,-2.19722457733622,26,4,25,815.761485457521,28200,100,8,9
3.827544060695244,24.69596058761986,0.0,52,0.25,1.5611819421386397,0.0,25,4,25,1446.150831247098,-7.889685726496274,13.70117297019893,-1.0986122886681098,16,0.26,1.5000000002393346,0.0,26,4,25,813.497166726125,28250,100,8,9
3.8275440606970816,24.69596058762877,0.0,53,0.25,1.5611819421386397,0.0,25,4,25,1446.150831247624,-7.845741234952237,13.7263843052906,0.0,16,0.26,1.4895642179521462,0.0,26,4,25,813.6395851188327,28300,100,8,9
3.490863275687069,24.54584624661128,0.0,52,0.25,1.5611819421386393,0.0,25,4,25,1421.4954272855546,-7.845741234935906,13.729901019767826,-1.0986122886681098,16,0.24,1.5000000001995288,2.19722457733622,26,4,25,815.9153427525372,28350,100,8,9
3.490863275686765,24.545846246606548,0.0,52,0.25,1.5611819421386393,0.0,25,4,25,1421.4954272852915,-7.889685726480925,13.704696154072549,-2.19722457733622,16,0.24,1.5095699921973325,-2.19722457733622,26,4,25,815.7614854569092,28400,100,8,9
3.827544060694749,24.69596058761821,0.0,52,0.25,1.5611819421386397,0.0,25,4,25,1446.1508312469973,-7.889685726495839,13.70117297019818,-1.0986122886681098,16,0.26,1.5000000002393346,0.0,26,4,25,813.4971667260816,28450,100,8,9
3.827544060696024,24.695960587621247,0.0,53,0.25,1.5611819421386397,0.0,25,4,25,1446.1508312471906,-7.845741234949749,13.726384305286317,0.0,16,0.26,1.4895642179521462,0.0,26,4,25,813.639585118584,28500,100,8,9
3.490863275688976,24.545846246627047,0.0,52,0.25,1.5611819421386393,0.0,25,4,25,1421.495427286449,-7.845741234941212,13.729901019776952,-1.0986122886681098,16,0.24,1.5000000001995288,2.19722457733622,26,4,25,815.9153427530672,28550,100,8,9
3.490863275688258,24.54584624662992,0.0,52,0.25,1.5611819421386393,0.0,25,4,25,1421.4954272865905,-7.889685726489372,13.704696154087085,-2.19722457733622,16,0.24,1.5095699921973325,-2.19722457733622,26,4,25,815.7614854577536,28600,100,8,9
3.827544060693221,24.695960587604905,0.0,52,0.25,1.5611819421386397,0.0,25,4,25,1446.1508312462392,-7.889685726491291,13.701172970190358,-1.0986122886681098,16,0.26,1.5000000002393346,0.0,26,4,25,813.497166725627,28650,100,8,9
3.827544060687989,24.695960587573783,0.0,53,0.25,1.5611819421386397,0.0,25,4,25,1446.1508312444291,-7.845741234934654,13.72638430526034,0.0,16,0.26,1.4895642179521462,0.0,26,4,25,813.6395851170755,28700,100,8,9
3.4908632756908458,24.54584624663397,0.0,52,0.25,1.5611819421386393,0.0,25,4,25,1421.4954272868629,-7.845741234943082,13.72990101978017,-1.0986122886681098,16,0.24,1.5000000001995288,2.19722457733622,26,4,25,815.9153427532541,28750,100,8,9
3.490863275692805,24.545846246652875,0.0,52,0.25,1.5611819421386393,0.0,25,4,25,1421.4954272879286,-7.889685726496308,13.704696154099016,-2.19722457733622,16,0.24,1.5095699921973325,-2.19722457733622,26,4,25,815.7614854584465,28800,100,8,9
3.827544060691556,24.695960587599323,0.0,52,0.25,1.5611819421386397,0.0,25,4,25,1446.1508312458989,-7.889685726489834,13.701172970187846,-1.0986122886681098,16,0.26,1.5000000002393346,0.0,26,4,25,813.4971667254814,28850,100,8,9
3.8275440606979902,24.695960587628164,0.0,53,0.25,1.5611819421386397,0.0,25,4,25,1446.15083124761,-7.845741234951598,13.7263843052895,0.0,16,0.26,1.4895642179521462,0.0,26,4,25,813.6395851187689,28900,100,8,9
3.490863275695358,24.545846246663697,0.0,52,0.25,1.5611819421386393,0.0,25,4,25,1421.4954272885673,-7.845741234952665,13.729901019796658,-1.0986122886681098,16,0.24,1.5000000001995288,2.19722457733622,26,4,25,815.9153427542116,28950,100,8,9
3.4908632756911606,24.54584624663846,0.0,52,0.25,1.5611819421386393,0.0,25,4,25,1421.4954272871128,-7.889685726491415,13.704696154090598,-2.19722457733622,16,0.24,1.5095699921973325,-2.19722457733622,26,4,25,815.7614854579579,29000,100,8,9
3.8275440606910553,24.695960587594787,0.0,52,0.25,1.5611819421386397,0.0,25,4,25,1446.1508312456403,-7.889685726488272,13.70117297018516,-1.0986122886681098,16,0.26,1.5000000002393346,0.0,26,4,25,813.4971667253253,29050,100,8,9
3.8275440606872793,24.69596058756868,0.0,53,0.25,1.5611819421386397,0.0,25,4,25,1446.1508312441356,-7.845741234932961,13.726384305257424,0.0,16,0.26,1.4895642179521462,0.0,26,4,25,813.6395851169063,29100,100,8,9
3.49086327568416,24.54584624659776,0.0,52,0.25,1.5611819421386393,0.0,25,4,25,1421.4954272847624,-7.84574123493193,13.729901019760982,-1.0986122886681098,16,0.24,1.5000000001995288,2.19722457733622,26,4,25,815.9153427521397,29150,100,8,9
3.4908632756860567,24.545846246608285,0.0,52,0.25,1.5611819421386393,0.0,25,4,25,1421.4954272853718,-7.889685726481916,13.70469615407425,-2.19722457733622,16,0.24,1.5095699921973325,-2.19722457733622,26,4,25,815.7614854570081,29200,100,8,9
3.8275440606900712,24.695960587584423,0.0,52,0.25,1.5611819421386397,0.0,25,4,25,1446.1508312450544,-7.88968572648464,13.701172970178908,-1.0986122886681098,16,0.26,1.5000000002393346,0.0,26,4,25,813.4971667249624,29250,100,8,9
3.8275440606914337,24.69596058760026,0.0,53,0.25,1.5611819421386397,0.0,25,4,25,1446.150831245947,-7.845741234943529,13.726384305275612,0.0,16,0.26,1.4895642179521462,0.0,26,4,25,813.6395851179624,29300,100,8,9
3.49086327569055,24.54584624663715,0.0,52,0.25,1.5611819421386393,0.0,25,4,25,1421.4954272870295,-7.845741234944451,13.729901019782526,-1.0986122886681098,16,0.24,1.5000000001995288,2.19722457733622,26,4,25,815.915342753391,29350,100,8,9
3.490863275691712,24.545846246646025,0.0,52,0.25,1.5611819421386393,0.0,25,4,25,1421.4954272875343,-7.889685726494122,13.704696154095252,-2.19722457733622,16,0.24,1.5095699921973325,-2.19722457733622,26,4,25,815.7614854582279,29400,100,8,9
3.827544060694631,24.69596058761344,0.0,52,0.25,1.5611819421386397,0.0,25,4,25,1446.1508312467352,-7.889685726494023,13.701172970195056,-1.0986122886681098,16,0.26,1.5000000002393346,0.0,26,4,25,813.4971667259002,29450,100,8,9
3.82754406069193,24.695960587590296,0.0,53,0.25,1.5611819421386397,0.0,25,4,25,1446.1508312454148,-7.845741234939402,13.726384305268509,0.0,16,0.26,1.4895642179521462,0.0,26,4,25,813.6395851175499,29500,100,8,9
3.4908632756889,24.54584624662264,0.0,52,0.25,1.5611819421386393,0.0,25,4,25,1421.4954272862085,-7.845741234939526,13.72990101977405,-1.0986122886681098,16,0.24,1.5000000001995288,2.19722457733622,26,4,25,815.9153427528988,29550,100,8,9
3.4908632756904665,24.54584624662901,0.0,52,0.25,1.5611819421386393,0.0,25,4,25,1421.4954272865857,-7.889685726488039,13.704696154084788,-2.19722457733622,16,0.24,1.5095699921973325,-2.19722457733622,26,4,25,815.7614854576201,29600,100,8,9
3.34712051773669,23.39852918038683,0.0,53,0.22,2.0543116381201765,0.0,22,4,25,993.3811974676838,-7.450919646401181,13.636956001298756,0.0,22,0.24,2.156867905415352,0.0,24,4,25,557.2264139561537,29650,100,8,9
2.141484887671881,20.77969784712034,0.0,46,0.2,2.111916558517046,0.0,20,7,44,746.7429614088808,-6.907549533959907,13.633088668847108,0.0,21,0.23,1.98679758419011,0.0,23,9,11,436.716675814165,29700,100,8,9
1.5653586351223472,19.31911641745933,0.0,38,0.22,2.4996745943468666,0.0,22,2,44,820.7420982874248,-6.452103876317426,13.519871014746656,0.0,17,0.23,1.9766369686077268,0.0,23,2,11,546.2178484107008,29750,100,8,9
1.854417849381059,19.546818394521367,0.0,38,0.22,2.4996745943468666,0.0,22,2,44,847.0623470976223,-6.41403725141961,13.543322694844196,0.0,17,0.22,1.970893955763899,3.80666248977032,23,2,11,550.1267258327695,29800,100,8,9
1.5701543540398175,19.31942349338502,0.0,38,0.22,2.4996745943468666,0.0,22,2,44,821.1481619441081,-6.421658651939984,13.537782241300324,0.0,17,0.22,1.970893955763899,0.0,22,2,11,546.506131719702,29850,100,8,9
1.5397091231797748,19.31947498576348,0.0,38,0.23,2.4996745943468666,0.0,23,2,44,828.3027774480925,-6.4140372514194,13.54332269484381,0.0,17,0.22,1.970893955763899,3.80666248977032,23,2,11,550.1267258327523,29900,100,8,9
1.2250005785462448,19.596334814966987,0.0,39,0.22,2.509360866103015,0.0,22,2,44,842.0248819787442,-6.766812415548195,13.73065740907683,0.0,18,0.22,1.9766369686077268,0.0,22,2,11,566.5336804802473,29950,100,8,9
1.5397091112946275,19.31947499933251,0.0,38,0.23,2.4996745943468666,0.0,23,2,44,828.3027782806338,-6.452103876316895,13.519871014745677,0.0,17,0.23,1.9766369686077268,0.0,23,2,11,546.9634190466679,30000,100,8,9
1.8544176451234649,19.546818162628693,0.0,39,0.22,2.4996745943468666,0.0,22,2,44,862.0774297467051,-6.490170501214486,13.50700375155098,0.0,17,0.22,1.9766369686077268,0.0,22,2,11,539.6721941434225,30050,100,8,9
1.5140596058348663,19.323204497364657,0.0,38,0.22,2.509360866103015,0.0,22,2,44,825.7857749303212,-6.477753369891302,13.51003544099926,0.0,17,0.22,1.9766369686077268,0.0,22,2,11,544.4111670676386,30100,100,8,9
1.33452870872509,19.44329579270565,0.0,39,0.22,2.509360866103015,0.0,22,2,44,862.712405155227,-6.766812590632702,13.730657724086972,0.0,17,0.22,1.9766369686077268,0.0,22,2,11,564.7835498044545,30150,100,8,9
1.5653585810989523,19.3191164792096,0.0,38,0.22,2.4996745943468666,0.0,22,2,44,820.7421020713239,-6.45210387631648,13.51987101474491,0.0,17,0.23,1.9766369686077268,0.0,23,2,11,546.2178484106238,30200,100,8,9
1.854417795357668,19.5468184563512,0.0,38,0.22,2.4996745943468666,0.0,22,2,44,847.0623508589778,-6.414037251418663,13.543322694842448,0.0,17,0.22,1.970893955763899,3.80666248977032,23,2,11,550.1267258326922,30250,100,8,9
1.5701543000164284,19.319423555147704,0.0,38,0.22,2.4996745943468666,0.0,22,2,44,821.1481657282254,-6.421658651939038,13.537782241298574,0.0,17,0.22,1.970893955763899,0.0,22,2,11,546.5061317196256,30300,100,8,9
1.5397090691563888,19.319475047440864,0.0,38,0.23,2.4996745943468666,0.0,23,2,44,828.3027812323714,-6.414037251418455,13.54332269484206,0.0,17,0.22,1.970893955763899,3.80666248977032,23,2,11,550.1267258326752,30350,100,8,9
1.225000524522948,19.59633487490525,0.0,39,0.22,2.509360866103015,0.0,22,2,44,842.0248857840492,-6.766812415547163,13.730657409074974,0.0,18,0.22,1.9766369686077268,0.0,22,2,11,566.5336804801631,30400,100,8,9
1.5397090572712475,19.31947506100989,0.0,38,0.23,2.4996745943468666,0.0,23,2,44,828.3027820649124,-6.452103876315949,13.519871014743924,0.0,17,0.23,1.9766369686077268,0.0,23,2,11,546.963419046591,30450,100,8,9
1.8544175911000016,19.546818224458374,0.0,39,0.22,2.4996745943468666,0.0,22,2,44,862.0774335831469,-6.49017050121354,13.507003751549233,0.0,17,0.22,1.9766369686077268,0.0,22,2,11,539.6721941433474,30500,100,8,9
1.5140595518114923,19.323204558958416,0.0,38,0.22,2.509360866103015,0.0,22,2,44,825.785778715018,-6.477753369890356,13.510035440997507,0.0,17,0.22,1.9766369686077268,0.0,22,2,11,544.4111670675616,30550,100,8,9
1.3345286497905036,19.443295858939923,0.0,39,0.22,2.509360866103015,0.0,22,2,44,862.7124090242057,-6.766812590631755,13.73065772408527,0.0,17,0.22,1.9766369686077268,0.0,22,2,11,564.7835498043804,30600,100,8,9
1.5653585270755843,19.31911654095984,0.0,38,0.22,2.4996745943468666,0.0,22,2,44,820.7421058552208,-6.452103876315534,13.519871014743156,0.0,17,0.23,1.9766369686077268,0.0,23,2,11,546.217848410547,30650,100,8,9
1.8544177413343024,19.54681851818099,0.0,38,0.22,2.4996745943468666,0.0,22,2,44,847.062354620331,-6.414037251417717,13.543322694840697,0.0,17,0.22,1.970893955763899,3.80666248977032,23,2,11,550.1267258326151,30700,100,8,9
1.5701542459930655,19.319423616910367,0.0,38,0.22,2.4996745943468666,0.0,22,2,44,821.1481695123409,-6.421658651938092,13.537782241296824,0.0,17,0.22,1.970893955763899,0.0,22,2,11,546.506131719549,30750,100,8,9
1.5397090151330295,19.31947510911822,0.0,38,0.23,2.4996745943468666,0.0,23,2,44,828.3027850166484,-6.414037251417509,13.543322694840311,0.0,17,0.22,1.970893955763899,3.80666248977032,23,2,11,550.1267258325981,30800,100,8,9
1.2250004704996773,19.59633493484348,0.0,39,0.22,2.509360866103015,0.0,22,2,44,842.024889589352,-6.766812415546132,13.73065740907312,0.0,18,0.22,1.9766369686077268,0.0,22,2,11,566.5336804800788,30850,100,8,9
1.5397090032478946,19.31947512268724,0.0,38,0.23,2.4996745943468666,0.0,23,2,44,828.3027858491891,-6.452103876315004,13.519871014742176,0.0,17,0.23,1.9766369686077268,0.0,23,2,11,546.963419046514,30900,100,8,9
1.8544175370765648,19.546818286288023,0.0,39,0.22,2.4996745943468666,0.0,22,2,44,862.0774374195868,-6.490170501212594,13.50700375154748,0.0,17,0.22,1.9766369686077268,0.0,22,2,11,539.6721941432722,30950,100,8,9
1.514059497788145,19.323204620552143,0.0,38,0.22,2.509360866103015,0.0,22,2,44,825.785782499713,-6.477753369889411,13.51003544099576,0.0,17,0.22,1.9766369686077268,0.0,22,2,11,544.4111670674846,31000,100,8,9
1.334528590855946,19.44329592517416,0.0,39,0.22,2.509360866103015,0.0,22,2,44,862.7124128931827,-6.766812590630809,13.730657724083567,0.0,17,0.22,1.9766369686077268,0.0,22,2,11,564.7835498043063,31050,100,8,9
1.5653584730522427,19.31911660271004,0.0,38,0.22,2.4996745943468666,0.0,22,2,44,820.7421096391158,-6.452103876314588,13.519871014741408,0.0,17,0.23,1.9766369686077268,0.0,23,2,11,546.2178484104702,31100,100,8,9
1.854417687310964,19.54681858001076,0.0,38,0.22,2.4996745943468666,0.0,22,2,44,847.0623583816825,-6.414037251416772,13.543322694838944,0.0,17,0.22,1.970893955763899,3.80666248977032,23,2,11,550.1267258325379,31150,100,8,9
1.57015419196973,19.319423678672987,0.0,38,0.22,2.4996745943468666,0.0,22,2,44,821.1481732964547,-6.421658651937146,13.537782241295076,0.0,17,0.22,1.970893955763899,0.0,22,2,11,546.5061317194725,31200,100,8,9
1.5397089611096972,19.319475170795545,0.0,38,0.23,2.4996745943468666,0.0,23,2,44,828.3027888009235,-6.414037251416563,13.543322694838562,0.0,17,0.22,1.970893955763899,3.80666248977032,23,2,11,550.1267258325208,31250,100,8,9
1.2250004164764332,19.596334994781675,0.0,39,0.22,2.509360866103015,0.0,22,2,44,842.0248933946531,-6.7668124155451,13.73065740907126,0.0,18,0.22,1.9766369686077268,0.0,22,2,11,566.5336804799946,31300,100,8,9
1.5397089492245677,19.31947518436456,0.0,38,0.23,2.4996745943468666,0.0,23,2,44,828.302789633464,-6.452103876314058,13.519871014740426,0.0,17,0.23,1.9766369686077268,0.0,23,2,11,546.963419046437,31350,100,8,9
1.8544174830531552,19.54681834811765,0.0,39,0.22,2.4996745943468666,0.0,22,2,44,862.0774412560247,-6.490170501211648,13.507003751545732,0.0,17,0.22,1.9766369686077268,0.0,22,2,11,539.6721941431969,31400,100,8,9
1.5140594437648238,19.32320468214584,0.0,38,0.22,2.509360866103015,0.0,22,2,44,825.7857862844065,-6.477753369888465,13.51003544099401,0.0,17,0.22,1.9766369686077268,0.0,22,2,11,544.4111670674077,31450,100,8,9
1.3345285319214168,19.443295991408363,0.0,39,0.22,2.509360866103015,0.0,22,2,44,862.7124167621575,-6.766812590629865,13.730657724081867,0.0,17,0.22,1.9766369686077268,0.0,22,2,11,564.7835498042322,31500,100,8,9
1.5653584190289274,19.31911666446021,0.0,38,0.22,2.4996745943468666,0.0,22,2,44,820.7421134230092,-6.452103876313642,13.519871014739657,0.0,17,0.23,1.9766369686077268,0.0,23,2,11,546.2178484103933,31550,100,8,9
1.854417633287652,19.546818641840503,0.0,38,0.22,2.4996745943468666,0.0,22,2,44,847.0623621430323,-6.414037251415826,13.543322694837196,0.0,17,0.22,1.970893955763899,3.80666248977032,23,2,11,550.1267258324606,31600,100,8,9
1.5701541379464206,19.31942374043559,0.0,38,0.22,2.4996745943468666,0.0,22,2,44,821.1481770805663,-6.4216586519362,13.537782241293325,0.0,17,0.22,1.970893955763899,0.0,22,2,11,546.5061317193961,31650,100,8,9
1.539708907086391,19.31947523247284,0.0,38,0.23,2.4996745943468666,0.0,23,2,44,828.302792585197,-6.414037251415618,13.543322694836812,0.0,17,0.22,1.970893955763899,3.80666248977032,23,2,11,550.1267258324436,31700,100,8,9
1.2250003624532158,19.596335054719848,0.0,39,0.22,2.509360866103015,0.0,22,2,44,842.0248971999524,-6.766812415544067,13.730657409069408,0.0,18,0.22,1.9766369686077268,0.0,22,2,11,566.5336804799103,31750,100,8,9
1.5397088952012674,19.31947524604184,0.0,38,0.23,2.4996745943468666,0.0,23,2,44,828.3027934177369,-6.452103876313112,13.519871014738676,0.0,17,0.23,1.9766369686077268,0.0,23,2,11,546.9634190463601,31800,100,8,9
1.854417429029771,19.54681840994725,0.0,39,0.22,2.4996745943468666,0.0,22,2,44,862.0774450924612,-6.490170501210704,13.507003751543982,0.0,17,0.22,1.9766369686077268,0.0,22,2,11,539.6721941431217,31850,100,8,9
1.5140593897415298,19.32320474373951,0.0,38,0.22,2.509360866103015,0.0,22,2,44,825.7857900690979,-6.477753369887519,13.510035440992258,0.0,17,0.22,1.9766369686077268,0.0,22,2,11,544.4111670673307,31900,100,8,9
1.3345284729869171,19.443296057642545,0.0,39,0.22,2.509360866103015,0.0,22,2,44,862.7124206311303,-6.766812590628917,13.730657724080167,0.0,17,0.22,1.9766369686077268,0.0,22,2,11,564.7835498041582,31950,100,8,9
1.5653583650056389,19.319116726210364,0.0,38,0.22,2.4996745943468666,0.0,22,2,44,820.7421172069005,-6.452103876312695,13.519871014737909,0.0,17,0.23,1.9766369686077268,0.0,23,2,11,546.2178484103166,32000,100,8,9
1.854417579264367,19.54681870367021,0.0,38,0.22,2.4996745943468666,0.0,22,2,44,847.0623659043802,-6.41403725141488,13.543322694835446,0.0,17,0.22,1.970893955763899,3.80666248977032,23,2,11,550.1267258323836,32050,100,8,9
1.5701540839231385,19.31942380219816,0.0,38,0.22,2.4996745943468666,0.0,22,2,44,821.1481808646763,-6.421658651935254,13.537782241291575,0.0,17,0.22,1.970893955763899,0.0,22,2,11,546.5061317193195,32100,100,8,9
1.5397088530631118,19.319475294150102,0.0,38,0.23,2.4996745943468666,0.0,23,2,44,828.3027963694685,-6.414037251414673,13.543322694835062,0.0,17,0.22,1.970893955763899,3.80666248977032,23,2,11,550.1267258323664,32150,100,8,9
1.2250003084300245,19.596335114658,0.0,39,0.22,2.509360866103015,0.0,22,2,44,842.0249010052498,-6.766812415543036,13.730657409067549,0.0,18,0.22,1.9766369686077268,0.0,22,2,11,566.5336804798261,32200,100,8,9
1.5397088411779936,19.319475307719102,0.0,38,0.23,2.4996745943468666,0.0,23,2,44,828.3027972020078,-6.452103876312166,13.519871014736925,0.0,17,0.23,1.9766369686077268,0.0,23,2,11,546.9634190462831,32250,100,8,9
1.8544173750064143,19.54681847177681,0.0,39,0.22,2.4996745943468666,0.0,22,2,44,862.0774489288954,-6.490170501209758,13.507003751542234,0.0,17,0.22,1.9766369686077268,0.0,22,2,11,539.6721941430465,32300,100,8,9
1.514059335718262,19.323204805333148,0.0,38,0.22,2.509360866103015,0.0,22,2,44,825.7857938537873,-6.477753369886573,13.51003544099051,0.0,17,0.22,1.9766369686077268,0.0,22,2,11,544.4111670672537,32350,100,8,9
1.334528414052446,19.443296123876685,0.0,39,0.22,2.509360866103015,0.0,22,2,44,862.7124245001015,-6.766812590627971,13.730657724078467,0.0,17,0.22,1.9766369686077268,0.0,22,2,11,564.7835498040841,32400,100,8,9
1.5653583109823768,19.31911678796048,0.0,38,0.22,2.4996745943468666,0.0,22,2,44,820.7421209907902,-6.45210387631175,13.519871014736156,0.0,17,0.23,1.9766369686077268,0.0,23,2,11,546.2178484102398,32450,100,8,9
1.854417525241108,19.546818765499893,0.0,38,0.22,2.4996745943468666,0.0,22,2,44,847.0623696657262,-6.414037251413935,13.543322694833694,0.0,17,0.22,1.970893955763899,3.80666248977032,23,2,11,550.1267258323064,32500,100,8,9
1.570154029899882,19.3194238639607,0.0,38,0.22,2.4996745943468666,0.0,22,2,44,821.1481846487843,-6.421658651934307,13.537782241289824,0.0,17,0.22,1.970893955763899,0.0,22,2,11,546.506131719243,32550,100,8,9
1.5397087990398586,19.319475355827347,0.0,38,0.23,2.4996745943468666,0.0,23,2,44,828.3028001537381,-6.414037251413726,13.54332269483331,0.0,17,0.22,1.970893955763899,3.80666248977032,23,2,11,550.1267258322895,32600,100,8,9
1.2250002544068606,19.59633517459611,0.0,39,0.22,2.509360866103015,0.0,22,2,44,842.0249048105452,-6.766812415542003,13.730657409065692,0.0,18,0.22,1.9766369686077268,0.0,22,2,11,566.533680479742,32650,100,8,9
1.539708787154746,19.319475369396333,0.0,38,0.23,2.4996745943468666,0.0,23,2,44,828.3028009862772,-6.45210387631122,13.519871014735177,0.0,17,0.23,1.9766369686077268,0.0,23,2,11,546.9634190462062,32700,100,8,9
1.854417320983084,19.546818533606345,0.0,39,0.22,2.4996745943468666,0.0,22,2,44,862.0774527653277,-6.490170501208811,13.507003751540482,0.0,17,0.22,1.9766369686077268,0.0,22,2,11,539.6721941429711,32750,100,8,9
1.514059281695021,19.323204866926755,0.0,38,0.22,2.509360866103015,0.0,22,2,44,825.7857976384752,-6.477753369885627,13.510035440988762,0.0,17,0.22,1.9766369686077268,0.0,22,2,11,544.4111670671766,32800,100,8,9
1.3345283551180045,19.4432961901108,0.0,39,0.22,2.509360866103015,0.0,22,2,44,862.7124283690706,-6.766812590627027,13.730657724076764,0.0,17,0.22,1.9766369686077268,0.0,22,2,11,564.78354980401,32850,100,8,9
1.565358256959141,19.319116849710564,0.0,38,0.22,2.4996745943468666,0.0,22,2,44,820.7421247746778,-6.4521038763108045,13.519871014734406,0.0,17,0.23,1.9766369686077268,0.0,23,2,11,546.217848410163,32900,100,8,9
1.854417471217876,19.546818827329545,0.0,38,0.22,2.4996745943468666,0.0,22,2,44,847.0623734270703,-6.414037251412988,13.543322694831945,0.0,17,0.22,1.970893955763899,3.80666248977032,23,2,11,550.1267258322291,32950,100,8,9
1.570153975876652,19.319423925723203,0.0,38,0.22,2.4996745943468666,0.0,22,2,44,821.1481884328907,-6.421658651933362,13.537782241288072,0.0,17,0.22,1.970893955763899,0.0,22,2,11,546.5061317191664,33000,100,8,9
1.5397087450166318,19.31947541750455,0.0,38,0.23,2.4996745943468666,0.0,23,2,44,828.302803938006,-6.41403725141278,13.54332269483156,0.0,17,0.22,1.970893955763899,3.80666248977032,23,2,11,550.1267258322123,33050,100,8,9
1.2250002003837224,19.5963352345342,0.0,39,0.22,2.509360866103015,0.0,22,2,44,842.0249086158389,-6.766812415540971,13.730657409063834,0.0,18,0.22,1.9766369686077268,0.0,22,2,11,566.5336804796577,33100,100,8,9
1.5397087331315256,19.31947543107353,0.0,38,0.23,2.4996745943468666,0.0,23,2,44,828.3028047705448,-6.452103876310274,13.519871014733424,0.0,17,0.23,1.9766369686077268,0.0,23,2,11,546.9634190461292,33150,100,8,9
1.85441726695978,19.54681859543585,0.0,39,0.22,2.4996745943468666,0.0,22,2,44,862.0774566017584,-6.490170501207865,13.507003751538734,0.0,17,0.22,1.9766369686077268,0.0,22,2,11,539.6721941428959,33200,100,8,9
1.5140592276718057,19.323204928520337,0.0,38,0.22,2.509360866103015,0.0,22,2,44,825.7858014231609,-6.477753369884681,13.51003544098701,0.0,17,0.22,1.9766369686077268,0.0,22,2,11,544.4111670670998,33250,100,8,9
1.3345282961835911,19.44329625634488,0.0,39,0.22,2.509360866103015,0.0,22,2,44,862.7124322380379,-6.766812590626079,13.73065772407506,0.0,17,0.22,1.9766369686077268,0.0,22,2,11,564.7835498039359,33300,100,8,9
1.5653582029359323,19.319116911460625,0.0,38,0.22,2.4996745943468666,0.0,22,2,44,820.7421285585635,-6.45210387630986,13.519871014732656,0.0,17,0.23,1.9766369686077268,0.0,23,2,11,546.2178484100862,33350,100,8,9
1.85441741719467,19.54681888915917,0.0,38,0.22,2.4996745943468666,0.0,22,2,44,847.0623771884127,-6.414037251412042,13.543322694830197,0.0,17,0.22,1.970893955763899,3.80666248977032,23,2,11,550.126725832152,33400,100,8,9
1.570153921853449,19.31942398748569,0.0,38,0.22,2.4996745943468666,0.0,22,2,44,821.1481922169949,-6.421658651932416,13.537782241286326,0.0,17,0.22,1.970893955763899,0.0,22,2,11,546.50613171909,33450,100,8,9
1.539708690993432,19.319475479181733,0.0,38,0.23,2.4996745943468666,0.0,23,2,44,828.3028077222717,-6.414037251411834,13.543322694829811,0.0,17,0.22,1.970893955763899,3.80666248977032,23,2,11,550.1267258321351,33500,100,8,9
1.225000146360611,19.59633529447225,0.0,39,0.22,2.509360866103015,0.0,22,2,44,842.0249124211306,-6.766812415539942,13.730657409061978,0.0,18,0.22,1.9766369686077268,0.0,22,2,11,566.5336804795734,33550,100,8,9
1.5397086791083316,19.319475492750705,0.0,38,0.23,2.4996745943468666,0.0,23,2,44,828.3028085548103,-6.452103876309328,13.519871014731674,0.0,17,0.23,1.9766369686077268,0.0,23,2,11,546.9634190460522,33600,100,8,9
1.8544172129365024,19.54681865726533,0.0,39,0.22,2.4996745943468666,0.0,22,2,44,862.077460438187,-6.49017050120692,13.507003751536985,0.0,17,0.22,1.9766369686077268,0.0,22,2,11,539.6721941428208,33650,100,8,9
1.5140591736486173,19.323204990113886,0.0,38,0.22,2.509360866103015,0.0,22,2,44,825.7858052078448,-6.477753369883735,13.51003544098526,0.0,17,0.22,1.9766369686077268,0.0,22,2,11,544.4111670670227,33700,100,8,9
1.334528237249207,19.44329632257893,0.0,39,0.22,2.509360866103015,0.0,22,2,44,862.7124361070033,-6.7668125906251335,13.73065772407336,0.0,17,0.22,1.9766369686077268,0.0,22,2,11,564.7835498038618,33750,100,8,9
1.5653581489127495,19.31911697321065,0.0,38,0.22,2.4996745943468666,0.0,22,2,44,820.7421323424477,-6.452103876308912,13.519871014730905,0.0,17,0.23,1.9766369686077268,0.0,23,2,11,546.2178484100094,33800,100,8,9
1.8544173631714904,19.54681895098876,0.0,38,0.22,2.4996745943468666,0.0,22,2,44,847.0623809497533,-6.414037251411097,13.543322694828444,0.0,17,0.22,1.970893955763899,3.80666248977032,23,2,11,550.126725832075,33850,100,8,9
1.5701538678302724,19.31942404924813,0.0,38,0.22,2.4996745943468666,0.0,22,2,44,821.1481960010974,-6.421658651931471,13.537782241284576,0.0,17,0.22,1.970893955763899,0.0,22,2,11,546.5061317190135,33900,100,8,9
1.5397086369702588,19.31947554085888,0.0,38,0.23,2.4996745943468666,0.0,23,2,44,828.3028115065358,-6.414037251410888,13.543322694828062,0.0,17,0.22,1.970893955763899,3.80666248977032,23,2,11,550.126725832058,33950,100,8,9
1.2250000923375264,19.59633535441029,0.0,39,0.22,2.509360866103015,0.0,22,2,44,842.0249162264203,-6.766812415538909,13.730657409060123,0.0,18,0.22,1.9766369686077268,0.0,22,2,11,566.5336804794892,34000,100,8,9
1.5397086250851642,19.31947555442785,0.0,38,0.23,2.4996745943468666,0.0,23,2,44,828.3028123390739,-6.4521038763083824,13.519871014729926,0.0,17,0.23,1.9766369686077268,0.0,23,2,11,546.9634190459753,34050,100,8,9
1.854417158913252,19.546818719094777,0.0,39,0.22,2.4996745943468666,0.0,22,2,44,862.0774642746136,-6.490170501205974,13.507003751535237,0.0,17,0.22,1.9766369686077268,0.0,22,2,11,539.6721941427455,34100,100,8,9
1.514059119625455,19.32320505170741,0.0,38,0.22,2.509360866103015,0.0,22,2,44,825.7858089925271,-6.477753369882789,13.510035440983511,0.0,17,0.22,1.9766369686077268,0.0,22,2,11,544.4111670669457,34150,100,8,9
1.334528178314852,19.443296388812943,0.0,39,0.22,2.509360866103015,0.0,22,2,44,862.7124399759668,-6.766812590624189,13.730657724071657,0.0,17,0.22,1.9766369686077268,0.0,22,2,11,564.7835498037879,34200,100,8,9
1.5789044169129287,20.45119363476629,0.0,49,0.13,2.2267645333716275,0.0,13,9,33,546.8266167036769,4.183912096065375,20.212350136943154,0.0,55,0.16,2.2735659752224167,0.0,16,5,22,589.8105881541022,0,100,8,10
0.0952071576090965,20.68089672661304,0.8047189562170501,36,0.16,2.2626241691610725,3.367295829986474,17,9,33,745.171173540852,8.881458804082445,21.13295524118286,3.367295829986474,52,0.16,2.2110434922616298,0.0,16,9,22,858.3580877368162,50,100,8,10
0.095639602437552,20.19798850271097,0.8047189562170501,34,0.16,2.2600847136824065,3.367295829986474,17,9,33,716.4069199609617,7.8647989724830305,20.815044193689925,2.19722457733622,49,0.18,2.214960146326077,0.0,18,9,22,847.8788572639833,100,100,8,10
-0.0489523431332319,20.114889510077592,0.0,35,0.17,2.2600847136824065,0.0,17,9,33,713.2128780226599,8.111112341381578,20.501465983354603,2.19722457733622,48,0.17,2.225616823063389,0.0,17,9,22,832.7974120043795,150,100,8,10
0.2918529944671311,20.352769132904225,0.0,36,0.18,2.254874052706385,0.0,18,9,33,747.4178227362721,9.462431980386102,20.41942948084476,3.367295829986474,52,0.16,2.208339538693046,0.0,16,9,22,823.4211962464703,200,100,8,10
0.2291430295493825,20.696168667761583,1.6094379124341005,37,0.16,2.2719674924233,3.367295829986474,17,9,33,709.3864651678105,9.163881476036824,20.79438834812861,3.367295829986474,53,0.16,2.208339538693046,0.0,16,9,22,827.4686405108448,250,100,8,10
0.1132883619041288,20.682300514620003,1.6094379124341005,36,0.15,2.2626241691610725,3.367295829986474,17,9,33,743.7860756232766,8.286236366450845,20.909628472440577,2.782260203661347,50,0.17,2.221657223648449,0.0,17,9,22,813.3314184010904,300,100,8,10
0.6932264591139172,20.18438997991601,0.8047189562170501,34,0.17,2.263904327986449,0.0,17,9,33,688.5912403043792,8.179443855953917,20.93297276991036,2.19722457733622,49,0.17,2.211000546911137,0.0,17,9,22,856.6496788748333,350,100,8,10
0.3434570462117684,19.863905098229083,0.8047189562170501,35,0.18,2.2331415764988143,0.0,18,9,33,717.0363006087244,9.090761923838723,20.329929471295635,2.782260203661347,50,0.17,2.1898103935881004,0.0,17,9,22,838.765696932916,400,100,8,10
0.0293034781506905,20.5997419589964,0.8047189562170501,36,0.17,2.24387442747505,0.0,17,9,33,718.9018273352538,9.793171242984666,20.507151187860263,3.367295829986474,53,0.16,2.1888591233162007,0.0,16,9,22,830.6528545988809,450,100,8,10
0.0987014943700496,20.68241071382656,0.8047189562170501,36,0.16,2.2626241691610725,3.367295829986474,17,9,33,745.1794904391234,8.8821524832369,21.13595886284753,3.367295829986474,52,0.16,2.2110434922616298,0.0,16,9,22,858.6541163308117,500,100,8,10
0.0991048662480471,20.199527149923192,0.8047189562170501,34,0.16,2.2600847136824065,3.367295829986474,17,9,33,716.3970040465128,7.864798972479092,20.81806502215708,2.19722457733622,49,0.18,2.214960146326077,0.0,18,9,22,848.2113515376005,550,100,8,10
-0.0448226378749829,20.11676177123888,0.0,35,0.17,2.5476748404155134,0.0,17,9,33,713.2409438269202,8.110418662218553,20.50509152455371,2.19722457733622,48,0.17,2.225616823063389,0.0,17,9,22,833.1647741549739,600,100,8,10
0.2959488566141959,20.35453743137264,0.0,36,0.18,2.5318075027022067,0.0,18,9,33,747.4095341865384,9.462431980381472,20.42307518501458,3.367295829986474,52,0.16,2.208339538693046,0.0,16,9,22,823.8056947859984,650,100,8,10
0.2332056024837177,20.69790741200546,1.6094379124341005,37,0.16,2.565293342467528,3.367295829986474,17,9,33,709.3552616913256,9.163881476032495,20.7979423975645,3.367295829986474,53,0.16,2.208339538693046,0.0,16,9,22,827.7882491919827,700,100,8,10
0.1166510429282374,20.683760680459965,1.6094379124341005,36,0.15,2.565293342467528,3.367295829986474,17,9,33,743.7944356461841,8.286904096912345,20.91258230232843,2.782260203661347,50,0.17,2.221657223648449,0.0,17,9,22,813.6114476769765,750,100,8,10
0.6965622090684941,20.18577967608855,0.8047189562170501,34,0.17,2.5514944547195584,0.0,17,9,33,688.5766501097231,8.179443855949676,20.935876387453145,2.19722457733622,49,0.17,2.211000546911137,0.0,17,9,22,856.9538152084684,800,100,8,10
0.3474334260033992,19.865659672128047,0.8047189562170501,35,0.18,2.5272431099233814,0.0,18,9,33,717.0487144997938,9.090094193368651,20.333495503003142,2.782260203661347,50,0.17,2.1898103935881004,0.0,17,9,22,839.0768434179587,850,100,8,10
0.0332484725930604,20.60148218868826,0.8047189562170501,36,0.17,2.542589388899434,0.0,17,9,33,718.8879713571046,9.793171242979994,20.510661949225234,3.367295829986474,53,0.16,2.1888591233162007,0.0,16,9,22,831.0039555949486,900,100,8,10
0.1019674937445048,20.683835811198755,0.8047189562170501,36,0.16,2.565293342467528,3.367295829986474,17,9,33,745.187332759133,8.88280114892893,21.138788623911488,3.367295829986474,52,0.16,2.2110434922616298,0.0,16,9,22,858.9310083824644,950,100,8,10
0.1023454556113243,20.20097615150787,0.8047189562170501,34,0.16,2.5555612678136983,3.367295829986474,17,9,33,716.3878035106745,7.864798972475155,20.820910335601365,2.19722457733622,49,0.18,2.214960146326077,0.0,18,9,22,848.5224577658114,1000,100,8,10
-0.04095896457364,20.118525291166502,0.0,35,0.17,2.5476748404155134,0.0,17,9,33,713.267274349805,8.109769996517954,20.50850574188241,2.19722457733622,48,0.17,2.225616823063389,0.0,17,9,22,833.5086391880749,1050,100,8,10
0.2997828925291665,20.356204253603075,0.0,36,0.18,2.5318075027022067,0.0,18,9,33,747.4018419483001,9.462431980376843,20.42651190071673,3.367295829986474,52,0.16,2.208339538693046,0.0,16,9,22,824.165834946664,1100,100,8,10
0.2370104558879534,20.69954705133626,1.6094379124341005,37,0.16,2.565293342467528,3.367295829986474,17,9,33,709.3261097282084,9.163881476028168,20.801294270601527,3.367295829986474,53,0.16,2.208339538693046,0.0,16,9,22,828.0878448854754,1150,100,8,10
0.1198017523423062,20.685138134871043,1.6094379124341005,36,0.15,2.565293342467528,3.367295829986474,17,9,33,743.8023343073452,8.28753001814719,20.915370983039843,2.782260203661347,50,0.17,2.221657223648449,0.0,17,9,22,813.8740379300339,1200,100,8,10
0.6996892648666035,20.187091853402475,0.8047189562170501,34,0.17,2.5514944547195584,0.0,17,9,33,688.5630455926142,8.179443855945435,20.938617164446384,2.19722457733622,49,0.17,2.211000546911137,0.0,17,9,22,857.2390919162051,1250,100,8,10
0.3511625764562325,19.867316346205204,0.8047189562170501,35,0.18,2.5272431099233814,0.0,18,9,33,717.0604263068052,9.089468272125242,20.33686064454623,2.782260203661347,50,0.17,2.1898103935881004,0.0,17,9,22,839.3688285020988,1300,100,8,10
0.0369500068319065,20.60312565078716,0.8047189562170501,36,0.17,2.542589388899434,0.0,17,9,33,718.8750392708585,9.79317124297532,20.51397835750765,3.367295829986474,53,0.16,2.1888591233162007,0.0,16,9,22,831.3336091467775,1350,100,8,10
0.1050331760293942,20.68518232777047,0.8047189562170501,36,0.16,2.565293342467528,3.367295829986474,17,9,33,745.1947569538086,8.883410288794918,21.141464527370008,3.367295829986474,52,0.16,2.2110434922616298,0.0,16,9,22,859.1911040843934,1400,100,8,10
0.1053887395906953,20.202345828604805,0.8047189562170501,34,0.16,2.5555612678136983,3.367295829986474,17,9,33,716.3792291759386,7.864798972471217,20.823600312186137,2.19722457733622,49,0.18,2.214960146326077,0.0,18,9,22,848.8147744043637,1450,100,8,10
-0.0373291119858376,20.120192536791635,0.0,35,0.17,2.5476748404155134,0.0,17,9,33,713.2920790913628,8.109160856643403,20.511732916860687,2.19722457733622,48,0.17,2.225616823063389,0.0,17,9,22,833.8318456244757,1500,100,8,10
0.3033865753278319,20.357781121164468,0.0,36,0.18,2.5318075027022067,0.0,18,9,33,747.3946740377341,9.462431980372212,20.42976334347876,3.367295829986474,52,0.16,2.208339538693046,0.0,16,9,22,824.5045363496554,1550,100,8,10
0.240588347154369,20.7010987628421,1.6094379124341005,37,0.16,2.565293342467528,3.367295829986474,17,9,33,709.298763730155,9.16388147602384,20.80446674491648,3.367295829986474,53,0.16,2.208339538693046,0.0,16,9,22,828.3698052543751,1600,100,8,10
0.1227656371434707,20.68644215145523,1.6094379124341005,36,0.15,2.565293342467528,3.367295829986474,17,9,33,743.8098245709173,8.288119058750127,20.918012894946024,2.782260203661347,50,0.17,2.221657223648449,0.0,17,9,22,814.1212493862452,1650,100,8,10
0.702632209525643,20.188335102816072,0.8047189562170501,34,0.17,2.5514944547195584,0.0,17,9,33,688.5503084340651,8.179443855941194,20.94121320580693,2.19722457733622,49,0.17,2.211000546911137,0.0,17,9,22,857.5077236064841,1700,100,8,10
0.3546734495948292,19.86888594662351,0.8047189562170501,35,0.18,2.5272431099233814,0.0,18,9,33,717.071517480676,9.088879231513738,20.3400472373446,2.782260203661347,50,0.17,2.1898103935881004,0.0,17,9,22,839.6438887422099,1750,100,8,10
0.0404363923740469,20.60468299594884,0.8047189562170501,36,0.17,2.542589388899434,0.0,17,9,33,718.8629228666285,9.793171242970647,20.517121750970464,3.367295829986474,53,0.16,2.1888591233162007,0.0,16,9,22,831.6443007975635,1800,100,8,10
0.1079217005458788,20.686458851554825,0.8047189562170501,36,0.16,2.565293342467528,3.367295829986474,17,9,33,745.2018096383205,8.883984444361484,21.144003255234097,3.367295829986474,52,0.16,2.2110434922616298,0.0,16,9,22,859.4363381077029,1850,100,8,10
0.1082573720156958,20.20364479115331,0.8047189562170501,34,0.16,2.5555612678136983,3.367295829986474,17,9,33,716.3712072194395,7.864798972467279,20.82615178764227,2.19722457733622,49,0.18,2.214960146326077,0.0,18,9,22,849.090452681418,1900,100,8,10
-0.0339063867145423,20.121773917200983,0.0,35,0.17,2.5476748404155134,0.0,17,9,33,713.3155313480587,8.108586701068269,20.51479331595386,2.19722457733622,48,0.17,2.225616823063389,0.0,17,9,22,834.1367461003308,1950,100,8,10
0.3067860234634048,20.35927767011081,0.0,36,0.18,2.5318075027022067,0.0,18,9,33,747.3879703804673,9.462431980367583,20.43284934882763,3.367295829986474,52,0.16,2.208339538693046,0.0,16,9,22,824.8242223321311,2000,100,8,10
0.2439648362007306,20.702571906232897,1.6094379124341005,37,0.16,2.565293342467528,3.367295829986474,17,9,33,709.2730193639268,9.163881476019515,20.80747889690548,3.367295829986474,53,0.16,2.208339538693046,0.0,16,9,22,828.6361068840226,2050,100,8,10
0.1255636188344399,20.687680504315992,1.6094379124341005,36,0.15,2.565293342467528,3.367295829986474,17,9,33,743.8169504875575,8.288675324116062,20.920523461548864,2.782260203661347,50,0.17,2.221657223648449,0.0,17,9,22,814.3547966421154,2100,100,8,10
0.705411522949055,20.18951663993104,0.8047189562170501,34,0.17,2.5514944547195584,0.0,17,9,33,688.5383401035978,8.179443855936954,20.94367971089549,2.19722457733622,49,0.17,2.211000546911137,0.0,17,9,22,857.7615557210942,2150,100,8,10
0.3579901917813488,19.87037757138133,0.8047189562170501,35,0.18,2.5272431099233814,0.0,18,9,33,717.0820557099912,9.088322966139236,20.34307404140239,2.782260203661347,50,0.17,2.1898103935881004,0.0,17,9,22,839.9038899200061,2200,100,8,10
0.0437312724166002,20.606163183144808,0.8047189562170501,36,0.17,2.542589388899434,0.0,17,9,33,718.851531546058,9.793171242965974,20.52011008426916,3.367295829986474,53,0.16,2.1888591233162007,0.0,16,9,22,831.9381067492772,2250,100,8,10
0.1106524288278,20.687672615191097,0.8047189562170501,36,0.16,2.565293342467528,3.367295829986474,17,9,33,745.2085297857784,8.884527416764897,21.146418871180742,3.367295829986474,52,0.16,2.2110434922616298,0.0,16,9,22,859.668328294179,2300,100,8,10
0.1109703160600436,20.20488029908915,0.8047189562170501,34,0.16,2.5555612678136983,3.367295829986474,17,9,33,716.3636758733454,7.8647989724633405,20.82857896035597,2.19722457733622,49,0.18,2.214960146326077,0.0,18,9,22,849.3512937565337,2350,100,8,10
-0.0306684206901562,20.12327821609406,0.0,35,0.17,2.5476748404155134,0.0,17,9,33,713.3377761441646,8.108043728656288,20.51770403561415,2.19722457733622,48,0.17,2.225616823063389,0.0,17,9,22,834.4253123750613,2400,100,8,10
0.3100031505111699,20.360702044123897,0.0,36,0.18,2.5318075027022067,0.0,18,9,33,747.3816803622261,9.462431980362954,20.43578668119712,3.367295829986474,52,0.16,2.208339538693046,0.0,16,9,22,825.1269265151919,2450,100,8,10
0.2471613943479742,20.70397440044558,1.6094379124341005,37,0.16,2.565293342467528,3.367295829986474,17,9,33,709.2487048140204,9.163881476015188,20.8103468683725,3.367295829986474,53,0.16,2.208339538693046,0.0,16,9,22,828.8884108123488,2500,100,8,10
0.1282132901185586,20.688859777150896,1.6094379124341005,36,0.15,2.565293342467528,3.367295829986474,17,9,33,743.8237491184119,8.289202270138626,20.922915756629884,2.782260203661347,50,0.17,2.221657223648449,0.0,17,9,22,814.5761219823477,2550,100,8,10
0.7080444471342829,20.190642585981177,0.8047189562170501,34,0.17,2.5514944547195584,0.0,17,9,33,688.5270577093877,8.179443855932714,20.946029568324057,2.19722457733622,49,0.17,2.211000546911137,0.0,17,9,22,858.0021423491628,2600,100,8,10
0.3611331517680676,19.87179894225526,0.8047189562170501,35,0.18,2.5272431099233814,0.0,18,9,33,717.0920978922153,9.087796020108104,20.345956967184502,2.782260203661347,50,0.17,2.1898103935881004,0.0,17,9,22,840.1504047941019,2650,100,8,10
0.0468545949549129,20.60757382245514,0.8047189562170501,36,0.17,2.542589388899434,0.0,17,9,33,718.8407887317187,9.793171242961302,20.522958613255927,3.367295829986474,53,0.16,2.1888591233162007,0.0,16,9,22,832.2167791734039,2700,100,8,10
0.1132417121417549,20.68882976896889,0.8047189562170501,36,0.16,2.565293342467528,3.367295829986474,17,9,33,745.2149503376495,8.885042419427704,21.14872334579132,3.367295829986474,52,0.16,2.2110434922616298,0.0,16,9,22,859.8884413391712,2750,100,8,10
0.1135436048083163,20.20605853260716,0.8047189562170501,34,0.16,2.5555612678136983,3.367295829986474,17,9,33,716.356582961351,7.864798972459405,20.83089391901926,2.19722457733622,49,0.18,2.214960146326077,0.0,18,9,22,849.5988208381019,2800,100,8,10
-0.0275962843674272,20.12471291583381,0.0,35,0.17,2.5476748404155134,0.0,17,9,33,713.3589360975831,8.107528725984915,20.520479635204488,2.19722457733622,48,0.17,2.225616823063389,0.0,17,9,22,834.699213409107,2850,100,8,10
0.3130565219985467,20.36206118981982,0.0,36,0.18,2.5318075027022067,0.0,18,9,33,747.3757609717386,9.462431980358325,20.438589641538577,3.367295829986474,52,0.16,2.208339538693046,0.0,16,9,22,825.414372204921,2900,100,8,10
0.25019623238632,20.705313007079287,1.6094379124341005,37,0.16,2.565293342467528,3.367295829986474,17,9,33,709.2256742590616,9.16388147601086,20.81308444359208,3.367295829986474,53,0.16,2.208339538693046,0.0,16,9,22,829.1281263949276,2950,100,8,10
0.1307295856685236,20.68998559626074,1.6094379124341005,36,0.15,2.565293342467528,3.367295829986474,17,9,33,743.8302519623089,8.289702833381414,20.92520096240775,2.782260203661347,50,0.17,2.221657223648449,0.0,17,9,22,814.7864502196779,3000,100,8,10
0.7105456347002385,20.19171818021665,0.8047189562170501,34,0.17,2.5514944547195584,0.0,17,9,33,688.5163908778302,8.179443855928474,20.948273805286863,2.19722457733622,49,0.17,2.211000546911137,0.0,17,9,22,858.230804551826,3050,100,8,10
0.3641196375497874,19.873156671097604,0.8047189562170501,35,0.18,2.5272431099233814,0.0,18,9,33,717.1016923393637,9.08729545685675,20.348709628864828,2.782260203661347,50,0.17,2.1898103935881004,0.0,17,9,22,840.3847714722889,3100,100,8,10
0.0498233448424689,20.60892143485245,0.8047189562170501,36,0.17,2.542589388899434,0.0,17,9,33,718.8306291420466,9.793171242956628,20.52568041410885,3.367295829986474,53,0.16,2.1888591233162007,0.0,16,9,22,832.4818103814187,3150,100,8,10
0.1157034848991276,20.6899355881037,0.8047189562170501,36,0.16,2.565293342467528,3.367295829986474,17,9,33,745.2210994075188,8.88553219330278,21.150926955723364,3.367295829986474,52,0.16,2.2110434922616298,0.0,16,9,22,860.0978422789483,3200,100,8,10
0.1159909154623126,20.207184797723134,0.8047189562170501,34,0.16,2.5555612678136983,3.367295829986474,17,9,33,716.3498840302717,7.864798972455467,20.83310704401703,2.19722457733622,49,0.18,2.214960146326077,0.0,18,9,22,849.8343336280651,3250,100,8,10
-0.0246738161579694,20.126084444234337,0.0,35,0.17,2.5476748404155134,0.0,17,9,33,713.3791158348215,8.107038952101272,20.52313261881801,2.19722457733622,48,0.17,2.225616823063389,0.0,17,9,22,834.959874398553,3300,100,8,10
0.3159620045256186,20.363361082135004,0.0,36,0.18,2.5318075027022067,0.0,18,9,33,747.3701753734191,9.462431980353694,20.44127053107372,3.367295829986474,52,0.16,2.208339538693046,0.0,16,9,22,825.6880325381618,3350,100,8,10
0.2530849290677147,20.70659354709564,1.6094379124341005,37,0.16,2.565293342467528,3.367295829986474,17,9,33,709.2038029020516,9.163881476006534,20.81570349054031,3.367295829986474,53,0.16,2.208339538693046,0.0,16,9,22,829.3564597768059,3400,100,8,10
0.1331252920124563,20.69106280895887,1.6094379124341005,36,0.15,2.565293342467528,3.367295829986474,17,9,33,743.8364860332681,8.290179530188635,20.92738872066889,2.782260203661347,50,0.17,2.221657223648449,0.0,17,9,22,814.9868303801973,3450,100,8,10
0.7129276427583027,20.192747942910053,0.8047189562170501,34,0.17,2.5514944547195584,0.0,17,9,33,688.506279371348,8.179443855924232,20.9504219322466,2.19722457733622,49,0.17,2.211000546911137,0.0,17,9,22,858.448674778484,3500,100,8,10
0.3669644935811463,19.87445646441068,0.8047189562170501,35,0.18,2.5272431099233814,0.0,18,9,33,717.1108804439862,9.08681876004096,20.3513437689702,2.782260203661347,50,0.17,2.1898103935881004,0.0,17,9,22,840.608137928209,3550,100,8,10
0.0526521030857224,20.610211652051785,0.8047189562170501,36,0.17,2.542589388899434,0.0,17,9,33,718.820996693968,9.793171242951956,20.52828678280688,3.367295829986474,53,0.16,2.1888591233162007,0.0,16,9,22,832.7344818478131,3600,100,8,10
0.1180497186857471,20.69099463244538,0.8047189562170501,36,0.16,2.565293342467528,3.367295829986474,17,9,33,745.2270011961187,8.885999095184959,21.153038591582146,3.367295829986474,52,0.16,2.2110434922616298,0.0,16,9,22,860.297532351955,3650,100,8,10
0.1183240094332771,20.208263684926298,0.8047189562170501,34,0.16,2.5555612678136983,3.367295829986474,17,9,33,716.3435409128405,7.8647989724515295,20.835227317259225,2.19722457733622,49,0.18,2.214960146326077,0.0,18,9,22,850.0589500503456,3700,100,8,10
-0.0218871077575494,20.12739836524718,0.0,35,0.17,2.5476748404155134,0.0,17,9,33,713.3984053662391,8.106572050210525,20.525673807428845,2.19722457733622,48,0.17,2.225616823063389,0.0,17,9,22,835.2085220832848,3750,100,8,10
0.3187332648154923,20.364606898817684,0.0,36,0.18,2.5318075027022067,0.0,18,9,33,747.364891796709,9.462431980349065,20.44384001033465,3.367295829986474,52,0.16,2.208339538693046,0.0,16,9,22,825.9491767200151,3800,100,8,10
0.2558409151000415,20.70782106884593,1.6094379124341005,37,0.16,2.565293342467528,3.367295829986474,17,9,33,709.1829831312327,9.163881476002206,20.818214303050205,3.367295829986474,53,0.16,2.208339538693046,0.0,16,9,22,829.574451221285,3850,100,8,10
0.1354114407306195,20.692095622090594,1.6094379124341005,36,0.15,2.565293342467528,3.367295829986474,17,9,33,743.8424746868556,8.290634533225303,20.929487405632408,2.782260203661347,50,0.17,2.221657223648449,0.0,17,9,22,815.1781678494746,3900,100,8,10
0.7152013143773339,20.193735802190805,0.8047189562170501,34,0.17,2.5514944547195584,0.0,17,9,33,688.4966712448615,8.179443855919992,20.9524822110066,2.19722457733622,49,0.17,2.211000546911137,0.0,17,9,22,858.6567311753018,3950,100,8,10
0.3696805472116163,19.875703282655536,0.8047189562170501,35,0.18,2.5272431099233814,0.0,18,9,33,717.1196979570858,9.086363756995729,20.353869588797625,2.782260203661347,50,0.17,2.1898103935881004,0.0,17,9,22,840.8214964321081,4000,100,8,10
0.0553534801036895,20.611449372334327,0.8047189562170501,36,0.17,2.542589388899434,0.0,17,9,33,718.8118428680375,9.793171242947285,20.53078754668559,3.367295829986474,53,0.16,2.1888591233162007,0.0,16,9,22,832.9759021851378,4050,100,8,10
0.120290774439196,20.69201087118177,0.8047189562170501,36,0.16,2.565293342467528,3.367295829986474,17,9,33,745.2326766973755,8.886445166307091,21.155065998537548,3.367295829986474,52,0.16,2.2110434922616298,0.0,16,9,22,860.488378366236,4100,100,8,10
0.1205530742377499,20.209299193244505,0.8047189562170501,34,0.16,2.5555612678136983,3.367295829986474,17,9,33,716.3375206080115,7.864798972447591,20.83726256449976,2.19722457733622,49,0.18,2.214960146326077,0.0,18,9,22,850.273638669531,4150,100,8,10
-0.0192241038020458,20.12865952822789,0.0,35,0.17,2.5476748404155134,0.0,17,9,33,713.4168827027431,8.106125979079826,20.52811263010713,2.19722457733622,48,0.17,2.225616823063389,0.0,17,9,22,835.4462199900128,4200,100,8,10
0.3213821584949807,20.365803157260384,0.0,36,0.18,2.5318075027022067,0.0,18,9,33,747.3598826619742,9.462431980344435,20.446307380722185,3.367295829986474,52,0.16,2.208339538693046,0.0,16,9,22,826.198906043738,4250,100,8,10
0.2584758507633081,20.70899998001845,1.6094379124341005,37,0.16,2.565293342467528,3.367295829986474,17,9,33,709.1631215168389,9.16388147599788,20.820625869520143,3.367295829986474,53,0.16,2.208339538693046,0.0,16,9,22,829.7830042363568,4300,100,8,10
0.137597615611045,20.693087710938325,1.6094379124341005,36,0.15,2.565293342467528,3.367295829986474,17,9,33,743.8482382628752,8.291069731347159,20.93150433865905,2.782260203661347,50,0.17,2.221657223648449,0.0,17,9,22,815.3612494858338,4350,100,8,10
0.7173760770114196,20.19468519396069,0.8047189562170501,34,0.17,2.5514944547195584,0.0,17,9,33,688.4875214014555,8.179443855915753,20.954461865795256,2.19722457733622,49,0.17,2.211000546911137,0.0,17,9,22,858.855824427291,4400,100,8,10
0.3722789583605426,19.876901465839985,0.8047189562170501,35,0.18,2.5272431099233814,0.0,18,9,33,717.1281759820221,9.085928558865303,20.356296008697576,2.782260203661347,50,0.17,2.1898103935881004,0.0,17,9,22,841.025710520267,4450,100,8,10
0.0579384555697535,20.612638883525378,0.8047189562170501,36,0.17,2.542589388899434,0.0,17,9,33,718.803125419339,9.79317124294261,20.533191310384293,3.367295829986474,53,0.16,2.1888591233162007,0.0,16,9,22,833.2070369314903,4500,100,8,10
0.1224356790188278,20.69298778138437,0.8047189562170501,36,0.16,2.565293342467528,3.367295829986474,17,9,33,745.238144250562,8.88687218627733,21.157015966637285,3.367295829986474,52,0.16,2.2110434922616298,0.0,16,9,22,860.6711357626624,4550,100,8,10
0.1226869923701054,20.210294828418736,0.8047189562170501,34,0.16,2.5555612678136983,3.367295829986474,17,9,33,716.3317943984828,7.864798972443655,20.839219647111623,2.19722457733622,49,0.18,2.214960146326077,0.0,18,9,22,850.479244186843,4600,100,8,10
-0.0166742866676761,20.129872186159982,0.0,35,0.17,2.5476748404155134,0.0,17,9,33,713.4346159101028,8.10569895910102,20.53045735459875,2.19722457733622,48,0.17,2.225616823063389,0.0,17,9,22,835.6738961802466,4650,100,8,10
0.3239190366106912,20.36695382305152,0.0,36,0.18,2.5318075027022067,0.0,18,9,33,747.3551238854054,9.462431980339804,20.448680807877288,3.367295829986474,52,0.16,2.208339538693046,0.0,16,9,22,826.4381822891171,4700,100,8,10
0.2609999240278111,20.71013415244689,1.6094379124341005,37,0.16,2.565293342467528,3.367295829986474,17,9,33,709.1441364348008,9.163881475993552,20.82294608637266,3.367295829986474,53,0.16,2.208339538693046,0.0,16,9,22,829.9829085718127,4750,100,8,10
0.1396921954134758,20.69404230582052,1.6094379124341005,36,0.15,2.565293342467528,3.367295829986474,17,9,33,743.8537945915685,8.291486776975958,20.933445959119062,2.782260203661347,50,0.17,2.221657223648449,0.0,17,9,22,815.5367634707767,4800,100,8,10
0.7194601786791962,20.195599141488525,0.8047189562170501,34,0.17,2.5514944547195584,0.0,17,9,33,688.4787904480891,8.179443855911511,20.956367251351505,2.19722457733622,49,0.17,2.211000546911137,0.0,17,9,22,859.0466990033743,4850,100,8,10
0.3747694965563056,19.87805483362879,0.8047189562170501,35,0.18,2.5272431099233814,0.0,18,9,33,717.1363417572202,9.085511513227935,20.35863087540883,2.782260203661347,50,0.17,2.1898103935881004,0.0,17,9,22,841.2215363637043,4900,100,8,10
0.0604166480107827,20.613783961122547,0.8047189562170501,36,0.17,2.542589388899434,0.0,17,9,33,718.7948073502907,9.793171242937936,20.53550565214341,3.367295829986474,53,0.16,2.1888591233162007,0.0,16,9,22,833.4287321822662,4950,100,8,10
0.1244923448474471,20.693928426734608,0.8047189562170501,36,0.16,2.565293342467528,3.367295829986474,17,9,33,745.2434199773666,8.887281715963129,21.15889448297179,3.367295829986474,52,0.16,2.2110434922616298,0.0,16,9,22,860.8464669319188,5000,100,8,10
0.1247335551035401,20.211253681429696,0.8047189562170501,34,0.16,2.5555612678136983,3.367295829986474,17,9,33,716.3263371478118,7.864798972439717,20.84110461550088,2.19722457733622,49,0.18,2.214960146326077,0.0,18,9,22,850.6765077154033,5050,100,8,10
-0.0142284255690888,20.131040090296136,0.0,35,0.17,2.5476748404155134,0.0,17,9,33,713.451664740247,8.105289429406653,20.532715271856468,2.19722457733622,48,0.17,2.225616823063389,0.0,17,9,22,835.8923653386859,5100,100,8,10
0.3263529899236032,20.36806239700277,0.0,36,0.18,2.5318075027022067,0.0,18,9,33,747.3505943209622,9.462431980335175,20.45096750076637,3.367295829986474,52,0.16,2.208339538693046,0.0,16,9,22,826.6678503568317,5150,100,8,10
0.2634220884492506,20.71122700623337,1.6094379124341005,37,0.16,2.565293342467528,3.367295829986474,17,9,33,709.1259561668965,9.163881475989228,20.82518192939824,3.367295829986474,53,0.16,2.208339538693046,0.0,16,9,22,830.1748585732481,5200,100,8,10
0.141702547790737,20.694962261667424,1.6094379124341005,36,0.15,2.565293342467528,3.367295829986474,17,9,33,743.8591593968865,8.291887123984269,20.935317961775432,2.782260203661347,50,0.17,2.221657223648449,0.0,17,9,22,815.705315167531,5250,100,8,10
0.7214608768539628,20.19648031946513,0.8047189562170501,34,0.17,2.5514944547195584,0.0,17,9,33,688.4704437797348,8.179443855907271,20.9582039881424,2.19722457733622,49,0.17,2.211000546911137,0.0,17,9,22,859.230010149455,5300,100,8,10
0.3771607627256914,19.879166765954867,0.8047189562170501,35,0.18,2.5272431099233814,0.0,18,9,33,717.1442192795687,9.085111166211057,20.360881128900687,2.782260203661347,50,0.17,2.1898103935881004,0.0,17,9,22,841.4096398768762,5350,100,8,10
0.0627965308965952,20.61488794738296,0.8047189562170501,36,0.17,2.542589388899434,0.0,17,9,33,718.7868560842344,9.793171242933262,20.53773728204937,3.367295829986474,53,0.16,2.1888591233162007,0.0,16,9,22,833.6417335328763,5400,100,8,10
0.1264677461320327,20.69483552104278,0.8047189562170501,36,0.16,2.565293342467528,3.367295829986474,17,9,33,745.2485181316796,8.887675131933408,21.16070685454412,3.367295829986474,52,0.16,2.2110434922616298,0.0,16,9,22,861.0149559116111,5450,100,8,10
0.1266996342245331,20.21217849192736,0.8047189562170501,34,0.16,2.5555612678136983,3.367295829986474,17,9,33,716.3211267351503,7.864798972435779,20.84292283304137,2.19722457733622,49,0.18,2.214960146326077,0.0,18,9,22,850.8660830676747,5500,100,8,10
-0.0118783748308337,20.132166566661017,0.0,35,0.17,2.5476748404155134,0.0,17,9,33,713.4680819401466,8.104896013427805,20.53489284516504,2.19722457733622,48,0.17,2.225616823063389,0.0,17,9,22,836.1023465334927,5550,100,8,10
0.3286920455495821,20.369131985593523,0.0,36,0.18,2.5318075027022067,0.0,18,9,33,747.3462753083836,9.462431980330544,20.453173856646625,3.367295829986474,52,0.16,2.208339538693046,0.0,16,9,22,826.8886564885912,5600,100,8,10
0.2657502548745693,20.71228157791332,1.6094379124341005,37,0.16,2.565293342467528,3.367295829986474,17,9,33,709.1085173673205,9.1638814759849,20.827339592606823,3.367295829986474,53,0.16,2.208339538693046,0.0,16,9,22,830.3594679748779,5650,100,8,10
0.1436351857050274,20.695850114449065,1.6094379124341005,36,0.15,2.565293342467528,3.367295829986474,17,9,33,743.864346621115,8.292272058283567,20.937125408285983,2.782260203661347,50,0.17,2.221657223648449,0.0,17,9,22,815.8674399143194,5700,100,8,10
0.7233845909907265,20.19733110603409,0.8047189562170501,34,0.17,2.5514944547195584,0.0,17,9,33,688.4624508394702,8.179443855903031,20.95997707215857,2.19722457733622,49,0.17,2.211000546911137,0.0,17,9,22,859.4063376118253,5750,100,8,10
0.3794603684500838,19.88024026853176,0.8047189562170501,35,0.18,2.5272431099233814,0.0,18,9,33,717.151829806061,9.084726231903192,20.36305293788197,2.782260203661347,50,0.17,2.1898103935881004,0.0,17,9,22,841.590610546871,5800,100,8,10
0.065085607479379,20.61595381565028,0.8047189562170501,36,0.17,2.542589388899434,0.0,17,9,33,718.7792427946589,9.793171242928588,20.53989217077513,3.367295829986474,53,0.16,2.1888591233162007,0.0,16,9,22,833.8467014068467,5850,100,8,10
0.1283680615736224,20.69571147996429,0.8047189562170501,36,0.16,2.565293342467528,3.367295829986474,17,9,33,745.2534513823414,8.888053654377774,21.162457808384563,3.367295829986474,52,0.16,2.2110434922616298,0.0,16,9,22,861.1771202897473,5900,100,8,10
0.1285913212581099,20.2130716999277,0.8047189562170501,34,0.16,2.5555612678136983,3.367295829986474,17,9,33,716.3161435966075,7.864798972431843,20.84467907709679,2.19722457733622,49,0.18,2.214960146326077,0.0,18,9,22,851.0485499610429,5950,100,8,10
-0.0096169102022638,20.133254578445328,0.0,35,0.17,2.5476748404155134,0.0,17,9,33,713.4839143120068,8.104517490974875,20.536995831733872,2.19722457733622,48,0.17,2.225616823063389,0.0,17,9,22,836.3044776281437,6000,100,8,10
0.3309433266832508,20.370165358496216,0.0,36,0.18,2.5318075027022067,0.0,18,9,33,747.3421503041196,9.462431980325915,20.45530557944967,3.367295829986474,52,0.16,2.208339538693046,0.0,16,9,22,827.1012630677837,6050,100,8,10
0.2679914473191445,20.71330057617307,1.6094379124341005,37,0.16,2.565293342467528,3.367295829986474,17,9,33,709.0917638141572,9.163881475980572,20.82942460173331,3.367295829986474,53,0.16,2.208339538693046,0.0,16,9,22,830.5372819298378,6100,100,8,10
0.1454958947203162,20.696708127337217,1.6094379124341005,36,0.15,2.565293342467528,3.367295829986474,17,9,33,743.8693686886775,8.292642722739712,20.93887281848232,2.782260203661347,50,0.17,2.221657223648449,0.0,17,9,22,816.0236134372499,6150,100,8,10
0.7252370267799654,20.19815362541719,0.8047189562170501,34,0.17,2.5514944547195584,0.0,17,9,33,688.454784515571,8.179443855898791,20.961690964832723,2.19722457733622,49,0.17,2.211000546911137,0.0,17,9,22,859.5761968182021,6200,100,8,10
0.3816750821161102,19.88127802654873,0.8047189562170501,35,0.18,2.5272431099233814,0.0,18,9,33,717.1591922612757,9.084355567438482,20.365151810802185,2.782260203661347,50,0.17,2.1898103935881004,0.0,17,9,22,841.7649727099617,6250,100,8,10
0.0672905534858728,20.61698422311798,0.8047189562170501,36,0.17,2.542589388899434,0.0,17,9,33,718.7719418562939,9.793171242923917,20.54197565520036,3.367295829986474,53,0.16,2.1888591233162007,0.0,16,9,22,834.0442235669583,6300,100,8,10
0.1301987909341028,20.69655846345821,0.8047189562170501,36,0.16,2.565293342467528,3.367295829986474,17,9,33,745.2582310437964,8.888418369931244,21.164151573803576,3.367295829986474,52,0.16,2.2110434922616298,0.0,16,9,22,861.3334209287912,6350,100,8,10
0.1304140413000879,20.21393548829576,0.8047189562170501,34,0.16,2.5555612678136983,3.367295829986474,17,9,33,716.3113703500786,7.864798972427903,20.84637762204763,2.19722457733622,49,0.18,2.214960146326077,0.0,18,9,22,851.2244248160638,6400,100,8,10
-0.0074375949184068,20.134306777311288,0.0,35,0.17,2.5476748404155134,0.0,17,9,33,713.4992035795152,8.104152775412835,20.53902938265707,2.19722457733622,48,0.17,2.225616823063389,0.0,17,9,22,836.4993270751718,6450,100,8,10
0.3331131834218915,20.371164995933853,0.0,36,0.18,2.5318075027022067,0.0,18,9,33,747.3382045776859,9.462431980321286,20.457367777243345,3.367295829986474,52,0.16,2.208339538693046,0.0,16,9,22,827.3062607432286,6500,100,8,10
0.2701519307620746,20.714286427759625,1.6094379124341005,37,0.16,2.565293342467528,3.367295829986474,17,9,33,709.0756453846193,9.163881475976243,20.83144190777027,3.367295829986474,53,0.16,2.208339538693046,0.0,16,9,22,830.7087868751084,6550,100,8,10
0.147289837445184,20.69753832877052,1.6094379124341005,36,0.15,2.565293342467528,3.367295829986474,17,9,33,743.8742367223814,8.293000137633191,20.94056424568773,2.782260203661347,50,0.17,2.221657223648449,0.0,17,9,22,816.1742603955413,6600,100,8,10
0.7270232781930404,20.19894978311031,0.8047189562170501,34,0.17,2.5514944547195584,0.0,17,9,33,688.4474206463335,8.17944385589455,20.96334966726159,2.19722457733622,49,0.17,2.211000546911137,0.0,17,9,22,859.7400480616257,6650,100,8,10
0.3838109490370147,19.882282449025148,0.8047189562170501,35,0.18,2.5272431099233814,0.0,18,9,33,717.1663235712333,9.083998152536436,20.36718268749283,2.782260203661347,50,0.17,2.1898103935881004,0.0,17,9,22,841.9331948210445,6700,100,8,10
0.0694173345044841,20.617981554443872,0.8047189562170501,36,0.17,2.542589388899434,0.0,17,9,33,718.7649303925313,9.793171242919245,20.543992525736368,3.367295829986474,53,0.16,2.1888591233162007,0.0,16,9,22,834.2348254089333,6750,100,8,10
0.1319648510043769,20.69737841091393,0.8047189562170501,36,0.16,2.565293342467528,3.367295829986474,17,9,33,745.2628672658376,8.888770250480887,21.16579195048814,3.367295829986474,52,0.16,2.2110434922616298,0.0,16,9,22,861.4842699724602,6800,100,8,10
0.1321726468189487,20.21477181792353,0.8047189562170501,34,0.16,2.5555612678136983,3.367295829986474,17,9,33,716.3067914860216,7.864798972423967,20.848022308049,2.19722457733622,49,0.18,2.214960146326077,0.0,18,9,22,851.3941696556807,6850,100,8,10
-0.0053346692468719,20.13532554589995,0.0,35,0.17,2.5476748404155134,0.0,17,9,33,713.5139871013115,8.103800894854627,20.54099812571366,2.19722457733622,48,0.17,2.225616823063389,0.0,17,9,22,836.6874036427392,6900,100,8,10
0.3352073007457817,20.37213312795896,0.0,36,0.18,2.5318075027022067,0.0,18,9,33,747.3344249600947,9.462431980316657,20.45936504307066,3.367295829986474,52,0.16,2.208339538693046,0.0,16,9,22,827.5041784369959,6950,100,8,10
0.2722373167199206,20.715241315590003,1.6094379124341005,37,0.16,2.565293342467528,3.367295829986474,17,9,33,709.0601172076708,9.16388147597192,20.833395964614883,3.367295829986474,53,0.16,2.208339538693046,0.0,16,9,22,830.8744186827813,7000,100,8,10
0.1490216398779408,20.69834254407432,1.6094379124341005,36,0.15,2.565293342467528,3.367295829986474,17,9,33,743.8789607220999,8.293345217587177,20.94220333932131,2.782260203661347,50,0.17,2.221657223648449,0.0,17,9,22,816.3197614473561,7050,100,8,10
0.7287479119185885,20.19972129515612,0.8047189562170501,34,0.17,2.5514944547195584,0.0,17,9,33,688.4403376103869,8.17944385589031,20.964956781918595,2.19722457733622,49,0.17,2.211000546911137,0.0,17,9,22,859.8983041007082,7100,100,8,10
0.3858733909169297,19.88325570571412,0.8047189562170501,35,0.18,2.5272431099233814,0.0,18,9,33,717.1732389391132,9.083653072573885,20.369150015375705,2.782260203661347,50,0.17,2.1898103935881004,0.0,17,9,22,842.0956971301216,7150,100,8,10
0.0714713032685363,20.61894795806132,0.8047189562170501,36,0.17,2.542589388899434,0.0,17,9,33,718.7581878996544,9.79317124291457,20.54594709904292,3.367295829986474,53,0.16,2.1888591233162007,0.0,16,9,22,834.4189784933706,7200,100,8,10
0.1336706551932371,20.698173070419248,0.8047189562170501,36,0.16,2.565293342467528,3.367295829986474,17,9,33,745.2673691909043,8.889110168774366,21.16738236527813,3.367295829986474,52,0.16,2.2110434922616298,0.0,16,9,22,861.6300374869523,7250,100,8,10
0.1338714955134959,20.215582457064503,0.8047189562170501,34,0.16,2.5555612678136983,3.367295829986474,17,9,33,716.302393110801,7.86479897242003,20.849616598373355,2.19722457733622,49,0.18,2.214960146326077,0.0,18,9,22,851.5581994927107,7300,100,8,10
-0.0033029587458489,20.13631303329612,0.0,35,0.17,2.5476748404155134,0.0,17,9,33,713.5282984629813,8.103460976552581,20.542906234435524,2.19722457733622,48,0.17,2.225616823063389,0.0,17,9,22,836.8691644942634,7350,100,8,10
0.3372307882804506,20.373071767258168,0.0,36,0.18,2.5318075027022067,0.0,18,9,33,747.3307996340615,9.462431980312026,20.4613015224665,3.367295829986474,52,0.16,2.208339538693046,0.0,16,9,22,827.6954916646846,7400,100,8,10
0.2742526510802945,20.716167210603142,1.6094379124341005,37,0.16,2.565293342467528,3.367295829986474,17,9,33,709.0451389584864,9.163881475967592,20.83529079397133,3.367295829986474,53,0.16,2.208339538693046,0.0,16,9,22,831.0345694430974,7450,100,8,10
0.1506954632914586,20.699122421905823,1.6094379124341005,36,0.15,2.565293342467528,3.367295829986474,17,9,33,743.883549713508,8.293678785670807,20.943793397288104,2.782260203661347,50,0.17,2.221657223648449,0.0,17,9,22,816.460459133467,7500,100,8,10
0.7304150377149401,20.20046971265468,0.8047189562170501,34,0.17,2.5514944547195584,0.0,17,9,33,688.433515985428,8.179443855886069,20.96651556431248,2.19722457733622,49,0.17,2.211000546911137,0.0,17,9,22,860.051336493135,7550,100,8,10
0.3878672887795392,19.88419975801331,0.8047189562170501,35,0.18,2.5272431099233814,0.0,18,9,33,717.17995207463,9.083319504481686,20.37105781326397,2.782260203661347,50,0.17,2.1898103935881004,0.0,17,9,22,842.2528580835531,7600,100,8,10
0.0734572808308248,20.619885376611403,0.8047189562170501,36,0.17,2.542589388899434,0.0,17,9,33,718.7516959327995,9.793171242909898,20.547843278983333,3.367295829986474,53,0.16,2.1888591233162007,0.0,16,9,22,834.5971076659496,7650,100,8,10
0.1353201799811395,20.698944023307764,0.8047189562170501,36,0.16,2.565293342467528,3.367295829986474,17,9,33,745.2717450854187,8.889438911461598,21.168925919815727,3.367295829986474,52,0.16,2.2110434922616298,0.0,16,9,22,861.7710570070035,7700,100,8,10
0.1355145153718664,20.21636900595553,0.8047189562170501,34,0.16,2.5555612678136983,3.367295829986474,17,9,33,716.2981627322691,7.864798972416093,20.85116362754627,2.19722457733622,49,0.18,2.214960146326077,0.0,18,9,22,851.7168885037585,7750,100,8,10
-0.0013377975538465,20.137271184810047,0.0,35,0.17,2.5476748404155134,0.0,17,9,33,713.5421679716319,8.10313223385678,20.54475748609604,2.19722457733622,48,0.17,2.225616823063389,0.0,17,9,22,837.0450219449035,7800,100,8,10
0.3391882554092187,20.37398273672609,0.0,36,0.18,2.5318075027022067,0.0,18,9,33,747.3273179579832,9.462431980307397,20.46318097021039,3.367295829986474,52,0.16,2.208339538693046,0.0,16,9,22,827.8806294986384,7850,100,8,10
0.276202487656464,20.717065898551763,1.6094379124341005,37,0.16,2.565293342467528,3.367295829986474,17,9,33,709.0306742672254,9.163881475963263,20.837130039946693,3.367295829986474,53,0.16,2.208339538693046,0.0,16,9,22,831.1895931460599,7900,100,8,10
0.1523150644698202,20.69987945651163,1.6094379124341005,36,0.15,2.565293342467528,3.367295829986474,17,9,33,743.8880118727361,8.294001585225097,20.94533741009872,2.782260203661347,50,0.17,2.221657223648449,0.0,17,9,22,816.5966628085412,7950,100,8,10
0.7320283674068442,20.201196442415377,0.8047189562170501,34,0.17,2.5514944547195584,0.0,17,9,33,688.4269382621425,8.17944385588183,20.968028966501507,2.19722457733622,49,0.17,2.211000546911137,0.0,17,9,22,860.199480907708,8000,100,8,10
0.3897970525540767,19.885116385017408,0.8047189562170501,35,0.18,2.5272431099233814,0.0,18,9,33,717.186475386161,9.082996704918829,20.372909725110457,2.782260203661347,50,0.17,2.1898103935881004,0.0,17,9,22,842.4050196962297,8050,100,8,10
0.0753796247279919,20.62079557260577,0.8047189562170501,36,0.17,2.542589388899434,0.0,17,9,33,718.7454378419159,9.793171242905224,20.54968460803644,3.367295829986474,53,0.16,2.1888591233162007,0.0,16,9,22,834.7695970373695,8100,100,8,10
0.1369170207573207,20.699692704873748,0.8047189562170501,36,0.16,2.565293342467528,3.367295829986474,17,9,33,745.2760024501692,8.889757190060028,21.170425430779733,3.367295829986474,52,0.16,2.2110434922616298,0.0,16,9,22,861.9076301966793,8150,100,8,10
0.1371052593764264,20.217132917609128,0.8047189562170501,34,0.16,2.5555612678136983,3.367295829986474,17,9,33,716.2940890795425,7.864798972412156,20.852666241999323,2.19722457733622,49,0.18,2.214960146326077,0.0,18,9,22,851.8705752212632,8200,100,8,10
0.0005650361508146,20.138201767138074,0.0,35,0.17,2.5476748404155134,0.0,17,9,33,713.5556230717168,8.102813955249783,20.54655531069196,2.19722457733622,48,0.17,2.225616823063389,0.0,17,9,22,837.2153491467662,8250,100,8,10
0.341083874514683,20.37486769278135,0.0,36,0.18,2.5318075027022067,0.0,18,9,33,747.3239703174077,9.462431980302766,20.46500679831759,3.367295829986474,52,0.16,2.208339538693046,0.0,16,9,22,828.0599804314361,8300,100,8,10
0.2780909501610796,20.71793900267197,1.6094379124341005,37,0.16,2.565293342467528,3.367295829986474,17,9,33,709.0166902206344,9.163881475958938,20.83891701525002,3.367295829986474,53,0.16,2.208339538693046,0.0,16,9,22,831.3398104696098,8350,100,8,10
0.1538838464908119,20.700615006571347,1.6094379124341005,36,0.15,2.565293342467528,3.367295829986474,17,9,33,743.8923546315087,8.294314289839019,20.94683809824233,2.782260203661347,50,0.17,2.221657223648449,0.0,17,9,22,816.7286527993318,8400,100,8,10
0.7335912646574252,20.20190276445908,0.8047189562170501,34,0.17,2.5514944547195584,0.0,17,9,33,688.4205886029737,8.17944385587759,20.96949967396176,2.19722457733622,49,0.17,2.211000546911137,0.0,17,9,22,860.3430416065228,8450,100,8,10
0.39166667981464,19.8860072056034,0.8047189562170501,35,0.18,2.5272431099233814,0.0,18,9,33,717.1928201426856,9.08268400029634,20.3747090655512,2.782260203661347,50,0.17,2.1898103935881004,0.0,17,9,22,842.5524920870942,8500,100,8,10
0.0772422865594447,20.62168015019248,0.8047189562170501,36,0.17,2.542589388899434,0.0,17,9,33,718.739398548499,9.793171242900552,20.55147431090922,3.367295829986474,53,0.16,2.1888591233162007,0.0,16,9,22,834.936795035449,8550,100,8,10
0.1384644390127325,20.70042042195272,0.8047189562170501,36,0.16,2.565293342467528,3.367295829986474,17,9,33,745.2801481136594,8.890065650227955,21.17188346405232,3.367295829986474,52,0.16,2.2110434922616298,0.0,16,9,22,862.0400307893121,8600,100,8,10
0.138646951771143,20.217875515471352,0.8047189562170501,34,0.16,2.5555612678136983,3.367295829986474,17,9,33,716.290161950662,7.864798972408217,20.854127034598324,2.19722457733622,49,0.18,2.214960146326077,0.0,18,9,22,852.0195669253585,8650,100,8,10
0.0024093747665001,20.139106389739204,0.0,35,0.17,2.5476748404155134,0.0,17,9,33,713.5686886967289,8.10250549507329,20.54830283255133,2.19722457733622,48,0.17,2.225616823063389,0.0,17,9,22,837.3804849004719,8700,100,8,10
0.3429214345317129,20.37572814519252,0.0,36,0.18,2.5318075027022067,0.0,18,9,33,747.3207479990298,9.462431980298136,20.46678211684791,3.367295829986474,52,0.16,2.208339538693046,0.0,16,9,22,828.2338973417792,8750,100,8,10
0.2799217847204309,20.71878800297133,1.6094379124341005,37,0.16,2.565293342467528,3.367295829986474,17,9,33,709.0031569395468,9.16388147595461,20.84065474050276,3.367295829986474,53,0.16,2.208339538693046,0.0,16,9,22,831.4855128379102,8800,100,8,10
0.155404901780825,20.70133031123878,1.6094379124341005,36,0.15,2.565293342467528,3.367295829986474,17,9,33,743.8965847663399,8.29461751181244,20.94829794401869,2.782260203661347,50,0.17,2.221657223648449,0.0,17,9,22,816.856683930874,8850,100,8,10
0.7351067871938883,20.202589846931904,0.8047189562170501,34,0.17,2.5514944547195584,0.0,17,9,33,688.4144526375812,8.17944385587335,20.970930136995165,2.19722457733622,49,0.17,2.211000546911137,0.0,17,9,22,860.4822952482,8900,100,8,10
0.3934798056405149,19.886873697254487,0.8047189562170501,35,0.18,2.5272431099233814,0.0,18,9,33,717.1989966110928,9.08238077831435,20.37645885870691,2.782260203661347,50,0.17,2.1898103935881004,0.0,17,9,22,842.6955573297131,8950,100,8,10
0.0790488608941614,20.622540573716105,0.8047189562170501,36,0.17,2.542589388899434,0.0,17,9,33,718.7335643557991,9.79317124289588,20.55321533173268,3.367295829986474,53,0.16,2.1888591233162007,0.0,16,9,22,835.0990186970286,9000,100,8,10
0.1399654024465525,20.701128367921907,0.8047189562170501,36,0.16,2.565293342467528,3.367295829986474,17,9,33,745.2841883115001,8.890364879649878,21.17330236388795,3.367295829986474,52,0.16,2.2110434922616298,0.0,16,9,22,862.1685079364191,9050,100,8,10
0.1401425274064657,20.21859800849756,0.8047189562170501,34,0.16,2.5555612678136983,3.367295829986474,17,9,33,716.2863720831317,7.864798972404279,20.85554837412521,2.19722457733622,49,0.18,2.214960146326077,0.0,18,9,22,852.1641433791617,9100,100,8,10
0.0041987077374115,20.139986523092663,0.0,35,0.17,2.5476748404155134,0.0,17,9,33,713.5813875682986,8.102206265642799,20.55000290586458,2.19722457733622,48,0.17,2.225616823063389,0.0,17,9,22,837.540737749432,9150,100,8,10
0.3447043865402541,20.376565474024545,0.0,36,0.18,2.5318075027022067,0.0,18,9,33,747.3176430832577,9.462431980293506,20.468509768788657,3.367295829986474,52,0.16,2.208339538693046,0.0,16,9,22,828.4027017228435,9200,100,8,10
0.2816984046106744,20.719614252724963,1.6094379124341005,37,0.16,2.565293342467528,3.367295829986474,17,9,33,708.990047218847,9.163881475950284,20.84234597786133,3.367295829986474,53,0.16,2.208339538693046,0.0,16,9,22,831.6269658793813,9250,100,8,10
0.1568810488116666,20.70202650386801,1.6094379124341005,36,0.15,2.565293342467528,3.367295829986474,17,9,33,743.9007084746254,8.294911809373273,20.94971921878977,2.782260203661347,50,0.17,2.221657223648449,0.0,17,9,22,816.9809885326114,9300,100,8,10
0.7365777228196222,20.20325875887816,0.8047189562170501,34,0.17,2.5514944547195584,0.0,17,9,33,688.4085172885094,8.17944385586911,20.97232259762286,2.19722457733622,49,0.17,2.211000546911137,0.0,17,9,22,860.6174941320039,9350,100,8,10
0.3952397451609359,19.887717212185628,0.8047189562170501,35,0.18,2.5272431099233814,0.0,18,9,33,717.2050141732361,9.082086480744948,20.37816187140896,2.782260203661347,50,0.17,2.1898103935881004,0.0,17,9,22,842.8344727384421,9400,100,8,10
0.080802627027032,20.6233781836242,0.8047189562170501,36,0.17,2.542589388899434,0.0,17,9,33,718.7279227866736,9.793171242891203,20.55491036594471,3.367295829986474,53,0.16,2.1888591233162007,0.0,16,9,22,835.256557332991,9450,100,8,10
0.1414226192260304,20.701817635563383,0.8047189562170501,36,0.16,2.565293342467528,3.367295829986474,17,9,33,745.2881287542973,8.890655414775912,21.17468427793972,3.367295829986474,52,0.16,2.2110434922616298,0.0,16,9,22,862.2932890689456,9500,100,8,10
0.1415946653685844,20.21930150408756,0.8047189562170501,34,0.16,2.5555612678136983,3.367295829986474,17,9,33,716.282711043353,7.864798972400341,20.856932430576123,2.19722457733622,49,0.18,2.214960146326077,0.0,18,9,22,852.3045600219016,9550,100,8,10
0.0059362212916762,20.14084351436856,0.0,35,0.17,2.5476748404155134,0.0,17,9,33,713.5937404518888,8.101915730508198,20.55165814517651,2.19722457733622,48,0.17,2.225616823063389,0.0,17,9,22,837.6963894814888,9600,100,8,10
0.3464358827769078,20.377380944194925,0.0,36,0.18,2.5318075027022067,0.0,18,9,33,747.3146483521815,9.462431980288876,20.47019236001837,3.367295829986474,52,0.16,2.208339538693046,0.0,16,9,22,828.566687300804,9650,100,8,10
0.283423928558784,20.7204189926524,1.6094379124341005,37,0.16,2.565293342467528,3.367295829986474,17,9,33,708.9773362191552,9.163881475945958,20.84399325991456,3.367295829986474,53,0.16,2.208339538693046,0.0,16,9,22,831.7644123880195,9700,100,8,10
0.1583148635337578,20.702704623815112,1.6094379124341005,36,0.15,2.565293342467528,3.367295829986474,17,9,33,743.9047314398913,8.295197692862613,20.951104006422582,2.782260203661347,50,0.17,2.221657223648449,0.0,17,9,22,817.1017790139092,9750,100,8,10
0.7380066202786294,20.2039104812322,0.8047189562170501,34,0.17,2.5514944547195584,0.0,17,9,33,688.4027706218815,8.179443855864868,20.973679112723183,2.19722457733622,49,0.17,2.211000546911137,0.0,17,9,22,860.7488689787069,9800,100,8,10
0.3969495300356668,19.88853899122348,0.8047189562170501,35,0.18,2.5272431099233814,0.0,18,9,33,717.2108814262419,9.081800597247042,20.37982064178722,2.782260203661347,50,0.17,2.1898103935881004,0.0,17,9,22,842.9694736866749,9850,100,8,10
0.082506584803692,20.624194210164028,0.8047189562170501,36,0.17,2.542589388899434,0.0,17,9,33,718.7224624444153,9.793171242886531,20.55656188774852,3.367295829986474,53,0.16,2.1888591233162007,0.0,16,9,22,835.4096756732081,9900,100,8,10
0.1428385673935428,20.702489228146234,0.8047189562170501,36,0.16,2.565293342467528,3.367295829986474,17,9,33,745.29197468599,8.890937746609493,21.176031178832137,3.367295829986474,52,0.16,2.2110434922616298,0.0,16,9,22,862.4145823536805,9950,100,8,10
0.1430058178613637,20.21998701923583,0.8047189562170501,34,0.16,2.5555612678136983,3.367295829986474,17,9,33,716.2791711317537,7.864798972396404,20.858281196970868,2.19722457733622,49,0.18,2.214960146326077,0.0,18,9,22,852.4410507116878,10000,100,8,10
0.0076248325855161,20.141678600940764,0.0,35,0.17,2.5476748404155134,0.0,17,9,33,713.6057663764443,8.101633398666051,20.55327095167561,2.19722457733622,48,0.17,2.225616823063389,0.0,17,9,22,837.8476981379908,10050,100,8,10
0.3481188101733552,20.378175718034232,0.0,36,0.18,2.5318075027022067,0.0,18,9,33,747.3117572103829,9.462431980284247,20.471832285163536,3.367295829986474,52,0.16,2.208339538693046,0.0,16,9,22,828.7261231461611,10100,100,8,10
0.2851012136880915,20.721203363157112,1.6094379124341005,37,0.16,2.565293342467528,3.367295829986474,17,9,33,708.9650012015763,9.16388147594163,20.84559891463367,3.367295829986474,53,0.16,2.208339538693046,0.0,16,9,22,831.8980748712779,10150,100,8,10
0.1597087064264924,20.703365626631527,1.6094379124341005,36,0.15,2.565293342467528,3.367295829986474,17,9,33,743.9086588880092,8.295475630060007,20.95245422354679,2.782260203661347,50,0.17,2.221657223648449,0.0,17,9,22,817.2192500809521,10200,100,8,10
0.7393958158307814,20.204545916320004,0.8047189562170501,34,0.17,2.5514944547195584,0.0,17,9,33,688.3972017189427,8.179443855860628,20.975001574028543,2.19722457733622,49,0.17,2.211000546911137,0.0,17,9,22,860.8766313254084,10250,100,8,10
0.3986119398799681,19.889340175806847,0.8047189562170501,35,0.18,2.5272431099233814,0.0,18,9,33,717.2166062688798,9.08152266004108,20.38143750397773,2.782260203661347,50,0.17,2.1898103935881004,0.0,17,9,22,843.1007760349505,10300,100,8,10
0.0841634854970932,20.624989785229108,0.8047189562170501,36,0.17,2.542589388899434,0.0,17,9,33,718.7171728927634,9.79317124288186,20.55817217386545,3.367295829986474,53,0.16,2.1888591233162007,0.0,16,9,22,835.5586165775713,10350,100,8,10
0.1442155202230547,20.703144069016663,0.8047189562170501,36,0.16,2.565293342467528,3.367295829986474,17,9,33,745.2957309342193,8.891212325700193,21.177344882838742,3.367295829986474,52,0.16,2.2110434922616298,0.0,16,9,22,862.5325788117226,10400,100,8,10
0.1443782351231237,20.220655490185504,0.8047189562170501,34,0.16,2.5555612678136983,3.367295829986474,17,9,33,716.2757453010211,7.864798972392467,20.8595965082372,2.19722457733622,49,0.18,2.214960146326077,0.0,18,9,22,852.573830092081,10450,100,8,10
0.009267219172628,20.14249292208994,0.0,35,0.17,2.5476748404155134,0.0,17,9,33,713.6174828239438,8.10135881956678,20.554843535959176,2.19722457733622,48,0.17,2.225616823063389,0.0,17,9,22,837.9949006112091,10500,100,8,10
0.3497558193179753,20.378950866171675,0.0,36,0.18,2.5318075027022067,0.0,18,9,33,747.3089636165064,9.462431980279618,20.47343175000789,3.367295829986474,52,0.16,2.208339538693046,0.0,16,9,22,828.881256360888,10550,100,8,10
0.2867328839826015,20.721968414938747,1.6094379124341005,37,0.16,2.565293342467528,3.367295829986474,17,9,33,708.9530212985129,9.163881475937304,20.84716508700658,3.367295829986474,53,0.16,2.208339538693046,0.0,16,9,22,832.02815775193,10600,100,8,10
0.1610647458792435,20.70401039290589,1.6094379124341005,36,0.15,2.565293342467528,3.367295829986474,17,9,33,743.9124956358542,8.29574605078848,20.95377163713448,2.782260203661347,50,0.17,2.221657223648449,0.0,17,9,22,817.3335806533528,10650,100,8,10
0.7407474562338731,20.205165896107435,0.8047189562170501,34,0.17,2.5514944547195584,0.0,17,9,33,688.3918005650606,8.179443855856388,20.976291725480827,2.19722457733622,49,0.17,2.211000546911137,0.0,17,9,22,861.0009755969047,10700,100,8,10
0.4002295294520679,19.890121818406083,0.8047189562170501,35,0.18,2.5272431099233814,0.0,18,9,33,717.2221959762669,9.08125223930404,20.38301460956732,2.782260203661347,50,0.17,2.1898103935881004,0.0,17,9,22,843.2285782320067,10750,100,8,10
0.0857758585339532,20.625765952648443,0.8047189562170501,36,0.17,2.542589388899434,0.0,17,9,33,718.712044552027,9.793171242877186,20.559743324168693,3.367295829986474,53,0.16,2.1888591233162007,0.0,16,9,22,835.7036033830535,10800,100,8,10
0.1455555681775865,20.703783009931463,0.8047189562170501,36,0.16,2.565293342467528,3.367295829986474,17,9,33,745.29940195401,8.891479566469211,21.17862706612032,3.367295829986474,52,0.16,2.2110434922616298,0.0,16,9,22,862.6474541533207,10850,100,8,10
0.1457139870140896,20.22130778082133,0.8047189562170501,34,0.16,2.5555612678136983,3.367295829986474,17,9,33,716.2724270853339,7.864798972388529,20.86088005763004,2.19722457733622,49,0.18,2.214960146326077,0.0,18,9,22,852.7030956427528,10900,100,8,10
0.0108658445463869,20.14328752918095,0.0,35,0.17,2.5476748404155134,0.0,17,9,33,713.6289058936809,8.101091578789195,20.55637793782797,2.19722457733622,48,0.17,2.225616823063389,0.0,17,9,22,838.138214895892,10950,100,8,10
0.3513493495702627,20.37970737700748,0.0,36,0.18,2.5318075027022067,0.0,18,9,33,747.3062620238971,9.462431980274989,20.47499279099319,3.367295829986474,52,0.16,2.208339538693046,0.0,16,9,22,829.0323144089837,11000,100,8,10
0.2883213549822017,20.72271511823184,1.6094379124341005,37,0.16,2.565293342467528,3.367295829986474,17,9,33,708.9413773148153,9.163881475932977,20.84869375787333,3.367295829986474,53,0.16,2.208339538693046,0.0,16,9,22,832.1548492788464,11050,100,8,10
0.1623849784845681,20.704639735964463,1.6094379124341005,36,0.15,2.565293342467528,3.367295829986474,17,9,33,743.9162461335973,8.296009350913103,20.95505787981727,2.782260203661347,50,0.17,2.221657223648449,0.0,17,9,22,817.4449355280256,11100,100,8,10
0.7420635187001576,20.205771189389008,0.8047189562170501,34,0.17,2.5514944547195584,0.0,17,9,33,688.3865579534234,8.179443855852147,20.977551178354688,2.19722457733622,49,0.17,2.211000546911137,0.0,17,9,22,861.1220809046774,11150,100,8,10
0.4018046522708698,19.890884891605616,0.8047189562170501,35,0.18,2.5272431099233814,0.0,18,9,33,717.2276572647613,9.08098893917085,20.384553946280395,2.782260203661347,50,0.17,2.1898103935881004,0.0,17,9,22,843.3530631402831,11200,100,8,10
0.087346034723014,20.626523677158588,0.8047189562170501,36,0.17,2.542589388899434,0.0,17,9,33,718.7070686087987,9.793171242872512,20.56127727967801,3.367295829986474,53,0.16,2.1888591233162007,0.0,16,9,22,835.8448419439285,11250,100,8,10
0.1468606380002136,20.70440683832794,0.8047189562170501,36,0.16,2.565293342467528,3.367295829986474,17,9,33,745.3029918658082,8.89173985097173,21.17987927889748,3.367295829986474,52,0.16,2.2110434922616298,0.0,16,9,22,862.7593703734901,11300,100,8,10
0.1470149817944738,20.221944689994928,0.8047189562170501,34,0.16,2.5555612678136983,3.367295829986474,17,9,33,716.2692105388768,7.864798972384592,20.862133411063,2.19722457733622,49,0.18,2.214960146326077,0.0,18,9,22,852.8290294635419,11350,100,8,10
0.0124229803666409,20.144063394547874,0.0,35,0.17,2.5476748404155134,0.0,17,9,33,713.6400504452234,8.10083129427811,20.557876043564978,2.19722457733622,48,0.17,2.225616823063389,0.0,17,9,22,838.2778420488149,11400,100,8,10
0.352901650925489,20.380446164987383,0.0,36,0.18,2.5318075027022067,0.0,18,9,33,747.303647328906,9.462431980270358,20.47651729225449,3.367295829986474,52,0.16,2.208339538693046,0.0,16,9,22,829.1795071457724,11450,100,8,10
0.2898688552922468,20.72344437087962,1.6094379124341005,37,0.16,2.565293342467528,3.367295829986474,17,9,33,708.9300515545905,9.163881475928653,20.85018676038742,3.367295829986474,53,0.16,2.208339538693046,0.0,16,9,22,832.2783231917005,11500,100,8,10
0.1636712467203956,20.705254408603007,1.6094379124341005,36,0.15,2.565293342467528,3.367295829986474,17,9,33,743.9199145016147,8.296265895826515,20.9563144632828,2.782260203661347,50,0.17,2.221657223648449,0.0,17,9,22,817.5534668293028,11550,100,8,10
0.7433458282930858,20.206362508077,0.8047189562170501,34,0.17,2.5514944547195584,0.0,17,9,33,688.3814654011658,8.179443855847905,20.978781424485543,2.19722457733622,49,0.17,2.211000546911137,0.0,17,9,22,861.2401126153937,11600,100,8,10
0.4033394812119844,19.891630296050955,0.8047189562170501,35,0.18,2.5272431099233814,0.0,18,9,33,717.2329963485566,9.080732394248871,20.386057354324127,2.782260203661347,50,0.17,2.1898103935881004,0.0,17,9,22,843.4743996281455,11650,100,8,10
0.0888761665205429,20.6272638522564,0.8047189562170501,36,0.17,2.542589388899434,0.0,17,9,33,718.7022369371919,9.79317124286784,20.56277583831198,3.367295829986474,53,0.16,2.1888591233162007,0.0,16,9,22,835.9825224120858,11700,100,8,10
0.1481325093762372,20.70501628368977,0.8047189562170501,36,0.16,2.565293342467528,3.367295829986474,17,9,33,745.3065044887346,8.891993532181935,21.18110295786637,3.367295829986474,52,0.16,2.2110434922616298,0.0,16,9,22,862.8684771449019,11750,100,8,10
0.1482829825208217,20.222566957941684,0.8047189562170501,34,0.16,2.5555612678136983,3.367295829986474,17,9,33,716.2660901822139,7.864798972380654,20.86335801966406,2.19722457733622,49,0.18,2.214960146326077,0.0,18,9,22,852.9517998324586,11800,100,8,10
0.0139407258744562,20.144821419279346,0.0,35,0.17,2.5476748404155134,0.0,17,9,33,713.6509302232944,8.100577613059336,20.55933960107364,2.19722457733622,48,0.17,2.225616823063389,0.0,17,9,22,838.413967900628,11850,100,8,10
0.3544148031215108,20.38116807785715,0.0,36,0.18,2.5318075027022067,0.0,18,9,33,747.3011148257124,9.462431980265729,20.47800700055588,3.367295829986474,52,0.16,2.208339538693046,0.0,16,9,22,829.3230285915199,11900,100,8,10
0.2913774453882724,20.724157005415314,1.6094379124341005,37,0.16,2.565293342467528,3.367295829986474,17,9,33,708.9190276697967,9.163881475924324,20.851645794454544,3.367295829986474,53,0.16,2.208339538693046,0.0,16,9,22,832.3987401766937,11950,100,8,10
0.1649252544142386,20.70585510899327,1.6094379124341005,36,0.15,2.565293342467528,3.367295829986474,17,9,33,743.9235045628204,8.296516023498386,20.95754279003344,2.782260203661347,50,0.17,2.221657223648449,0.0,17,9,22,817.6593152774473,12000,100,8,10
0.7445960731484298,20.20694051272306,0.8047189562170501,34,0.17,2.5514944547195584,0.0,17,9,33,688.376515076052,8.179443855843665,20.97998384788136,2.19722457733622,49,0.17,2.211000546911137,0.0,17,9,22,861.3552237234857,12050,100,8,10
0.4048360265344574,19.89235886742699,0.8047189562170501,35,0.18,2.5272431099233814,0.0,18,9,33,717.2382189892277,9.080482266568431,20.38752654073651,2.782260203661347,50,0.17,2.1898103935881004,0.0,17,9,22,843.5927439637319,12100,100,8,10
0.0903682457753146,20.62798730709646,0.8047189562170501,36,0.17,2.542589388899434,0.0,17,9,33,718.6975420298809,9.793171242863169,20.564240668725816,3.367295829986474,53,0.16,2.1888591233162007,0.0,16,9,22,836.1168207962022,12150,100,8,10
0.1493728295281488,20.70561202314065,0.8047189562170501,36,0.16,2.565293342467528,3.367295829986474,17,9,33,745.3099433697643,8.892240936871556,21.18229943711328,3.367295829986474,52,0.16,2.2110434922616298,0.0,16,9,22,862.9749130381988,12200,100,8,10
0.1495196214141735,20.22317527192174,0.8047189562170501,34,0.16,2.5555612678136983,3.367295829986474,17,9,33,716.2630609553553,7.864798972376717,20.86455523081356,2.19722457733622,49,0.18,2.214960146326077,0.0,18,9,22,853.0715625711766,12250,100,8,10
0.0154210249112264,20.145562440063976,0.0,35,0.17,2.5476748404155134,0.0,17,9,33,713.6615579672568,8.100330208361152,20.56077023318701,2.19722457733622,48,0.17,2.225616823063389,0.0,17,9,22,838.5467645566696,12300,100,8,10
0.3558907323949006,20.381873903044696,0.0,36,0.18,2.5318075027022067,0.0,18,9,33,747.2986601667104,9.4624319802611,20.479463538430657,3.367295829986474,52,0.16,2.208339538693046,0.0,16,9,22,829.4630584870922,12350,100,8,10
0.2928490341140132,20.724853795294308,1.6094379124341005,37,0.16,2.565293342467528,3.367295829986474,17,9,33,708.9082905274308,9.163881475919997,20.85307243944068,3.367295829986474,53,0.16,2.208339538693046,0.0,16,9,22,832.5162491440299,12400,100,8,10
0.1661485803151267,20.70644248588284,1.6094379124341005,36,0.15,2.565293342467528,3.367295829986474,17,9,33,743.9270198710901,8.296760047152738,20.95874416374249,2.782260203661347,50,0.17,2.221657223648449,0.0,17,9,22,817.762611302194,12450,100,8,10
0.7458158178383291,20.207505817382525,0.8047189562170501,34,0.17,2.5514944547195584,0.0,17,9,33,688.3716997321676,8.179443855839425,20.981159734950083,2.19722457733622,49,0.17,2.211000546911137,0.0,17,9,22,861.46755605647,12500,100,8,10
0.4062961517134668,19.893071382606188,0.8047189562170501,35,0.18,2.5272431099233814,0.0,18,9,33,717.2433305392619,9.080238242905512,20.388963092023893,2.782260203661347,50,0.17,2.1898103935881004,0.0,17,9,22,843.7082410393664,12550,100,8,10
0.0918241193201513,20.62869481256977,0.8047189562170501,36,0.17,2.542589388899434,0.0,17,9,33,718.6929769375276,9.793171242858495,20.56567332250818,3.367295829986474,53,0.16,2.1888591233162007,0.0,16,9,22,836.2479003319456,12600,100,8,10
0.1505831260437256,20.70619468637594,0.8047189562170501,36,0.16,2.565293342467528,3.367295829986474,17,9,33,745.3133118094214,8.892482368140815,21.183469957741547,3.367295829986474,52,0.16,2.2110434922616298,0.0,16,9,22,863.078806594789,12650,100,8,10
0.1507264124938446,20.22377027119519,0.8047189562170501,34,0.16,2.5555612678136983,3.367295829986474,17,9,33,716.2601181765416,7.86479897237278,20.86572629788056,2.19722457733622,49,0.18,2.214960146326077,0.0,18,9,22,853.188462245873,12700,100,8,10
0.0168656808883539,20.146287235229345,0.0,35,0.17,2.5476748404155134,0.0,17,9,33,713.6719455074317,8.100088777083323,20.5621694494075,2.19722457733622,48,0.17,2.225616823063389,0.0,17,9,22,838.6763917172182,12750,100,8,10
0.3573312262251333,20.382564373293235,0.0,36,0.18,2.5318075027022067,0.0,18,9,33,747.2962793276571,9.46243198025647,20.480888415779777,3.367295829986474,52,0.16,2.208339538693046,0.0,16,9,22,829.599763663038,12800,100,8,10
0.2942853932041573,20.72553546039688,1.6094379124341005,37,0.16,2.565293342467528,3.367295829986474,17,9,33,708.8978260926281,9.163881475915668,20.85446816539337,3.367295829986474,53,0.16,2.208339538693046,0.0,16,9,22,832.6309883527202,12850,100,8,10
0.1673426900445057,20.70701714318788,1.6094379124341005,36,0.15,2.565293342467528,3.367295829986474,17,9,33,743.930463736338,8.296998257626287,20.95991979840488,2.782260203661347,50,0.17,2.221657223648449,0.0,17,9,22,817.8634760235132,12900,100,8,10
0.7470065151436954,20.208058993913305,0.8047189562170501,34,0.17,2.5514944547195584,0.0,17,9,33,688.3670126533251,8.179443855835187,20.982310283537068,2.19722457733622,49,0.17,2.211000546911137,0.0,17,9,22,861.5772413368959,12950,100,8,10
0.4077215873918305,19.893768565082976,0.8047189562170501,35,0.18,2.5272431099233814,0.0,18,9,33,717.2483359804341,9.080000032423396,20.390368485327777,2.782260203661347,50,0.17,2.1898103935881004,0.0,17,9,22,843.8210254506841,13000,100,8,10
0.0932455027161871,20.629387086677923,0.8047189562170501,36,0.17,2.542589388899434,0.0,17,9,33,718.6885352153984,9.79317124285382,20.567075244965903,3.367295829986474,53,0.16,2.1888591233162007,0.0,16,9,22,836.3759126900642,13050,100,8,10
0.151764818187865,20.706764860024432,0.8047189562170501,36,0.16,2.565293342467528,3.367295829986474,17,9,33,745.3166128844767,8.892718107651007,21.18461567638965,3.367295829986474,52,0.16,2.2110434922616298,0.0,16,9,22,863.1802772730244,13100,100,8,10
0.1519047627221507,20.224352551423987,0.8047189562170501,34,0.16,2.5555612678136983,3.367295829986474,17,9,33,716.2572575059329,7.864798972368843,20.866872388837688,2.19722457733622,49,0.18,2.214960146326077,0.0,18,9,22,853.3026332266915,13150,100,8,10
0.0182763699966833,20.14699653008612,0.0,35,0.17,2.5476748404155134,0.0,17,9,33,713.6821038501092,8.099853037564566,20.563538656294728,2.19722457733622,48,0.17,2.225616823063389,0.0,17,9,22,838.8029978426495,13200,100,8,10
0.358737946349924,20.38324017164884,0.0,36,0.18,2.5318075027022067,0.0,18,9,33,747.2939685769213,9.46243198025184,20.48228304014125,3.367295829986474,52,0.16,2.208339538693046,0.0,16,9,22,829.7332992483321,13250,100,8,10
0.2956881701090039,20.72620267190188,1.6094379124341005,37,0.16,2.565293342467528,3.367295829986474,17,9,33,708.8876213254564,9.163881475911342,20.855834342980888,3.367295829986474,53,0.16,2.208339538693046,0.0,16,9,22,832.7430864041098,13300,100,8,10
0.1685089466530207,20.707579644062047,1.6094379124341005,36,0.15,2.565293342467528,3.367295829986474,17,9,33,743.933839246707,8.297230925452357,20.96107082644708,2.782260203661347,50,0.17,2.221657223648449,0.0,17,9,22,817.9620221181593,13350,100,8,10
0.7481695164571605,20.208600575786807,0.8047189562170501,34,0.17,2.5514944547195584,0.0,17,9,33,688.3624476031038,8.179443855830947,20.98343661093504,2.19722457733622,49,0.17,2.211000546911137,0.0,17,9,22,861.684402120915,13400,100,8,10
0.4091139437123338,19.89445108979161,0.8047189562170501,35,0.18,2.5272431099233814,0.0,18,9,33,717.2532399577482,9.07976736458876,20.391744098322167,2.782260203661347,50,0.17,2.1898103935881004,0.0,17,9,22,843.9312224506812,13450,100,8,10
0.0946339924064447,20.6300647992989,0.8047189562170501,36,0.17,2.542589388899434,0.0,17,9,33,718.6842108761808,9.793171242849148,20.568447784689035,3.367295829986474,53,0.16,2.1888591233162007,0.0,16,9,22,836.5009990448448,13500,100,8,10
0.1529192269082729,20.707323091517623,0.8047189562170501,36,0.16,2.565293342467528,3.367295829986474,17,9,33,745.3198494680677,8.892948417599893,21.1857376727906,3.367295829986474,52,0.16,2.2110434922616298,0.0,16,9,22,863.2794362852899,13550,100,8,10
0.153055981865833,20.22492266857828,0.8047189562170501,34,0.16,2.5555612678136983,3.367295829986474,17,9,33,716.2544749135237,7.864798972364904,20.86799459390683,2.19722457733622,49,0.18,2.214960146326077,0.0,18,9,22,853.4142006253509,13600,100,8,10
0.0196546528983907,20.147691001671586,0.0,35,0.17,2.5476748404155134,0.0,17,9,33,713.6920432528126,8.099622727607112,20.564879166684896,2.19722457733622,48,0.17,2.225616823063389,0.0,17,9,22,838.926721184867,13650,100,8,10
0.3601124402894304,20.38390193588938,0.0,36,0.18,2.5318075027022067,0.0,18,9,33,747.2917244482655,9.462431980247208,20.48364872580981,3.367295829986474,52,0.16,2.208339538693046,0.0,16,9,22,829.863809740804,13700,100,8,10
0.2970588993538537,20.72685605661607,1.6094379124341005,37,0.16,2.565293342467528,3.367295829986474,17,9,33,708.877664089517,9.163881475907017,20.8571722523216,3.367295829986474,53,0.16,2.208339538693046,0.0,16,9,22,832.8526631221097,13750,100,8,10
0.1696486199739074,20.70813051451191,1.6094379124341005,36,0.15,2.565293342467528,3.367295829986474,17,9,33,743.9371492882668,8.297458302707833,20.96219830593612,2.782260203661347,50,0.17,2.221657223648449,0.0,17,9,22,818.0583545876142,13800,100,8,10
0.7493060810034025,20.209131061476032,0.8047189562170501,34,0.17,2.5514944547195584,0.0,17,9,33,688.357998780615,8.179443855826705,20.98453976100436,2.19722457733622,49,0.17,2.211000546911137,0.0,17,9,22,861.7891526302927,13850,100,8,10
0.4104747212512722,19.895119587390063,0.8047189562170501,35,0.18,2.5272431099233814,0.0,18,9,33,717.2580468095463,9.079539987324717,20.393091218011275,2.782260203661347,50,0.17,2.1898103935881004,0.0,17,9,22,844.0389487957002,13900,100,8,10
0.0959910764946395,20.630728576425422,0.8047189562170501,36,0.17,2.542589388899434,0.0,17,9,33,718.6799983481541,9.793171242844474,20.56979220205841,3.367295829986474,53,0.16,2.1888591233162007,0.0,16,9,22,836.6232910218902,13950,100,8,10
0.154047583711911,20.7078698925321,0.8047189562170501,36,0.16,2.565293342467528,3.367295829986474,17,9,33,745.3230242475801,8.893173542474713,21.18683695649984,3.367295829986474,52,0.16,2.2110434922616298,0.0,16,9,22,863.3763873407611,14000,100,8,10
0.1541812912475298,20.22548114241278,0.8047189562170501,34,0.16,2.5555612678136983,3.367295829986474,17,9,33,716.2517666507089,7.864798972360967,20.869093932363764,2.19722457733622,49,0.18,2.214960146326077,0.0,18,9,22,853.5232811273415,14050,100,8,10
0.0210019851058344,20.14837128297177,0.0,35,0.17,2.5476748404155134,0.0,17,9,33,713.7017732911285,8.099397602723727,20.566192207896023,2.19722457733622,48,0.17,2.225616823063389,0.0,17,9,22,839.0476907030186,14100,100,8,10
0.3614561515797282,20.38455026246865,0.0,36,0.18,2.5318075027022067,0.0,18,9,33,747.2895437166919,9.46243198024258,20.4849867019583,3.367295829986474,52,0.16,2.208339538693046,0.0,16,9,22,829.9914299578312,14150,100,8,10
0.298399012629549,20.72749620083059,1.6094379124341005,37,0.16,2.565293342467528,3.367295829986474,17,9,33,708.8679430707768,9.163881475902688,20.858483090849585,3.367295829986474,53,0.16,2.208339538693046,0.0,16,9,22,832.9598303352924,14200,100,8,10
0.1707628949339351,20.70867024661843,1.6094379124341005,36,0.15,2.565293342467528,3.367295829986474,17,9,33,743.9403965625515,8.297680624654769,20.96330322700509,2.782260203661347,50,0.17,2.221657223648449,0.0,17,9,22,818.1525714405917,14250,100,8,10
0.7504173840345985,20.209650917476125,0.8047189562170501,34,0.17,2.5514944547195584,0.0,17,9,33,688.353660781226,8.179443855822466,20.98562071051994,2.19722457733622,49,0.17,2.211000546911137,0.0,17,9,22,861.8915994920628,14300,100,8,10
0.4118053207393781,19.89577464807944,0.8047189562170501,35,0.18,2.5272431099233814,0.0,18,9,33,717.2627605943004,9.079317665369215,20.394411048571406,2.782260203661347,50,0.17,2.1898103935881004,0.0,17,9,22,844.1443134977212,14350,100,8,10
0.0973181443317089,20.63137900394476,0.8047189562170501,36,0.17,2.542589388899434,0.0,17,9,33,718.6758924380053,9.793171242839804,20.57110967683359,3.367295829986474,53,0.16,2.1888591233162007,0.0,16,9,22,836.7429115412069,14400,100,8,10
0.1551510385617586,20.70840574206036,0.8047189562170501,36,0.16,2.565293342467528,3.367295829986474,17,9,33,745.3261397405888,8.893393710612171,21.18791447289944,3.367295829986474,52,0.16,2.2110434922616298,0.0,16,9,22,863.4712273063178,14450,100,8,10
0.1552818315339155,20.22602845956904,0.8047189562170501,34,0.16,2.5555612678136983,3.367295829986474,17,9,33,716.2491292250122,7.86479897235703,20.8701713586109,2.19722457733622,49,0.18,2.214960146326077,0.0,18,9,22,853.6299837326274,14500,100,8,10
0.0223197262204407,20.14903796668994,0.0,35,0.17,2.5476748404155134,0.0,17,9,33,713.7113029182182,8.099177434577697,20.567478929050743,2.19722457733622,48,0.17,2.225616823063389,0.0,17,9,22,839.1660268787352,14550,100,8,10
0.3627704288852453,20.385185710038066,0.0,36,0.18,2.5318075027022067,0.0,18,9,33,747.2874233769481,9.46243198023795,20.48629811988966,3.367295829986474,52,0.16,2.208339538693046,0.0,16,9,22,830.1162858830182,14600,100,8,10
0.2997098477805273,20.728123653765493,1.6094379124341005,37,0.16,2.565293342467528,3.367295829986474,17,9,33,708.8584477052885,9.163881475898362,20.85976798034029,3.367295829986474,53,0.16,2.208339538693046,0.0,16,9,22,833.0646925737086,14650,100,8,10
0.1718528789582871,20.70919930141503,1.6094379124341005,36,0.15,2.565293342467528,3.367295829986474,17,9,33,743.9435836022162,8.297898111203404,20.964386517595983,2.782260203661347,50,0.17,2.221657223648449,0.0,17,9,22,818.244764301274,14700,100,8,10
0.7515045241347363,20.210160581004327,0.8047189562170501,34,0.17,2.5514944547195584,0.0,17,9,33,688.3494285615894,8.179443855818226,20.98668037484362,2.19722457733622,49,0.17,2.211000546911137,0.0,17,9,22,861.991842397861,14750,100,8,10
0.4131070517280315,19.896416825018388,0.8047189562170501,35,0.18,2.5272431099233814,0.0,18,9,33,717.2673851145126,9.079100178812013,20.39570471835944,2.782260203661347,50,0.17,2.1898103935881004,0.0,17,9,22,844.2474184951433,14800,100,8,10
0.0986164950649057,20.63201663101829,0.8047189562170501,36,0.17,2.542589388899434,0.0,17,9,33,718.6718882976882,9.793171242835127,20.57240131493828,3.367295829986474,53,0.16,2.1888591233162007,0.0,16,9,22,836.8599755691947,14850,100,8,10
0.1562306669208577,20.708931089157392,0.8047189562170501,36,0.16,2.565293342467528,3.367295829986474,17,9,33,745.3291983091092,8.893609135590353,21.18897110857024,3.367295829986474,52,0.16,2.2110434922616298,0.0,16,9,22,863.5640467962005,14900,100,8,10
0.156358669685018,20.22656507635094,0.8047189562170501,34,0.16,2.5555612678136983,3.367295829986474,17,9,33,716.2465593775729,7.864798972353093,20.8712277676108,2.19722457733622,49,0.18,2.214960146326077,0.0,18,9,22,853.7344104166652,14950,100,8,10
0.0236091481786568,20.149691608618696,0.0,35,0.17,2.5476748404155134,0.0,17,9,33,713.72064051795,8.098962009590949,20.56874040762827,2.19722457733622,48,0.17,2.225616823063389,0.0,17,9,22,839.2818424438473,15000,100,8,10
0.3640565341343749,20.385808802599325,0.0,36,0.18,2.5318075027022067,0.0,18,9,33,747.285360624352,9.46243198023332,20.48758405952907,3.367295829986474,52,0.16,2.208339538693046,0.0,16,9,22,830.2384954222372,15050,100,8,10
0.3009926568318614,20.72873893065416,1.6094379124341005,37,0.16,2.565293342467528,3.367295829986474,17,9,33,708.8491681146562,9.163881475894035,20.86102797320205,3.367295829986474,53,0.16,2.208339538693046,0.0,16,9,22,833.1673476913459,15100,100,8,10
0.1729196085853927,20.709718111465403,1.6094379124341005,36,0.15,2.565293342467528,3.367295829986474,17,9,33,743.9467127850495,8.298110968219497,20.965449048604896,2.782260203661347,50,0.17,2.221657223648449,0.0,17,9,22,818.3350189527725,15150,100,8,10
0.7525685297466009,20.210660462419547,0.8047189562170501,34,0.17,2.5514944547195584,0.0,17,9,33,688.34529740843,8.179443855813984,20.9877196130067,2.19722457733622,49,0.17,2.211000546911137,0.0,17,9,22,862.0899746931897,15200,100,8,10
0.4143811403351541,19.897046637383102,0.8047189562170501,35,0.18,2.5272431099233814,0.0,18,9,33,717.2719239380986,9.078887321787352,20.396973286192114,2.782260203661347,50,0.17,2.1898103935881004,0.0,17,9,22,844.3483592524374,15250,100,8,10
0.0998873452813252,20.63264197311086,0.8047189562170501,36,0.17,2.542589388899434,0.0,17,9,33,718.6679813948112,9.793171242830455,20.573668154543203,3.367295829986474,53,0.16,2.1888591233162007,0.0,16,9,22,836.9745907911021,15300,100,8,10
0.1572874760517911,20.70944635540345,0.8047189562170501,36,0.16,2.565293342467528,3.367295829986474,17,9,33,745.3322021723661,8.893820017473848,21.190007696110552,3.367295829986474,52,0.16,2.2110434922616298,0.0,16,9,22,863.6549306994433,15350,100,8,10
0.1574128051708495,20.22709142121405,0.8047189562170501,34,0.16,2.5555612678136983,3.367295829986474,17,9,33,716.2440540630321,7.864798972349156,20.87226399975983,2.19722457733622,49,0.18,2.214960146326077,0.0,18,9,22,853.8366567218184,15400,100,8,10
0.0248714426303258,20.150332730664896,0.0,35,0.17,2.5476748404155134,0.0,17,9,33,713.72979395246,8.098751127698886,20.56997765534125,2.19722457733622,48,0.17,2.225616823063389,0.0,17,9,22,839.3952430316201,15450,100,8,10
0.3653156498012741,20.386420032333625,0.0,36,0.18,2.5318075027022067,0.0,18,9,33,747.2833528376417,9.46243198022869,20.4888455352502,3.367295829986474,52,0.16,2.208339538693046,0.0,16,9,22,830.3581690804295,15500,100,8,10
0.3022486131759955,20.729342515512,1.6094379124341005,37,0.16,2.565293342467528,3.367295829986474,17,9,33,708.8400950482776,9.163881475889708,20.862264058123905,3.367295829986474,53,0.16,2.208339538693046,0.0,16,9,22,833.2678874235618,15550,100,8,10
0.173964055390749,20.710227083178005,1.6094379124341005,36,0.15,2.565293342467528,3.367295829986474,17,9,33,743.9497863465493,8.298319388695349,20.966491638503427,2.782260203661347,50,0.17,2.221657223648449,0.0,17,9,22,818.4234158239227,15600,100,8,10
0.7536103650186263,20.211150947395748,0.8047189562170501,34,0.17,2.5514944547195584,0.0,17,9,33,688.3412629106132,8.179443855809744,20.9887392322748,2.19722457733622,49,0.17,2.211000546911137,0.0,17,9,22,862.186083905367,15650,100,8,10
0.4156287361856456,19.897664573116234,0.8047189562170501,35,0.18,2.5272431099233814,0.0,18,9,33,717.2763804175627,9.078678901302933,20.398217746985782,2.782260203661347,50,0.17,2.1898103935881004,0.0,17,9,22,844.4472252975331,15700,100,8,10
0.1011318358585916,20.63325551471271,0.8047189562170501,36,0.17,2.542589388899434,0.0,17,9,33,718.6641674861127,9.793171242825784,20.574911171532403,3.367295829986474,53,0.16,2.1888591233162007,0.0,16,9,22,837.0868582138348,15750,100,8,10
0.1583224106640934,20.70995193711742,0.8047189562170501,36,0.16,2.565293342467528,3.367295829986474,17,9,33,745.3351534182653,8.894026543930279,21.19102501846856,3.367295829986474,52,0.16,2.2110434922616298,0.0,16,9,22,863.7439586528022,15800,100,8,10
0.1584451755461333,20.22760789700363,0.8047189562170501,34,0.16,2.5555612678136983,3.367295829986474,17,9,33,716.2416104315232,7.864798972345218,20.873280845270067,2.19722457733622,49,0.18,2.214960146326077,0.0,18,9,22,853.9368122877792,15850,100,8,10
0.0261077275567835,20.15096182356957,0.0,35,0.17,2.5476748404155134,0.0,17,9,33,713.7387706048313,8.09854460123389,20.571191623419608,2.19722457733622,48,0.17,2.225616823063389,0.0,17,9,22,839.5063277609542,15900,100,8,10
0.3665488854391867,20.387019862146545,0.0,36,0.18,2.5318075027022067,0.0,18,9,33,747.2813975636038,9.46243198022406,20.49008350111608,3.367295829986474,52,0.16,2.208339538693046,0.0,16,9,22,830.4754105689358,15950,100,8,10
0.3034788180225951,20.72993486362754,1.6094379124341005,37,0.16,2.565293342467528,3.367295829986474,17,9,33,708.8312198315223,9.16388147588538,20.86347716515736,3.367295829986474,53,0.16,2.208339538693046,0.0,16,9,22,833.3663978874761,16000,100,8,10
0.1749871313045835,20.71072659888897,1.6094379124341005,36,0.15,2.565293342467528,3.367295829986474,17,9,33,743.9528063912348,8.29852355380129,20.967515057498872,2.782260203661347,50,0.17,2.221657223648449,0.0,17,9,22,818.5100304263647,16050,100,8,10
0.7546309350549414,20.21163239887885,0.8047189562170501,34,0.17,2.5514944547195584,0.0,17,9,33,688.337320934091,8.179443855805502,20.989739992257416,2.19722457733622,49,0.17,2.211000546911137,0.0,17,9,22,862.2802522176586,16100,100,8,10
0.4168509186448147,19.89827109140209,0.8047189562170501,35,0.18,2.5272431099233814,0.0,18,9,33,717.2807577072382,9.078474736188424,20.39943903683323,2.782260203661347,50,0.17,2.1898103935881004,0.0,17,9,22,844.544100704549,16150,100,8,10
0.1023510381193942,20.63385771179081,0.8047189562170501,36,0.17,2.542589388899434,0.0,17,9,33,718.6604425936478,9.79317124282111,20.576131284426445,3.367295829986474,53,0.16,2.1888591233162007,0.0,16,9,22,837.1968727076093,16200,100,8,10
0.1593363579889481,20.710448207350748,0.8047189562170501,36,0.16,2.565293342467528,3.367295829986474,17,9,33,745.3380540137266,8.894228891233839,21.192023812846475,3.367295829986474,52,0.16,2.2110434922616298,0.0,16,9,22,863.8312054658036,16250,100,8,10
0.1594566614610687,20.228114882971205,0.8047189562170501,34,0.16,2.5555612678136983,3.367295829986474,17,9,33,716.2392258125088,7.86479897234128,20.874279048117824,2.19722457733622,49,0.18,2.214960146326077,0.0,18,9,22,854.034961328398,16300,100,8,10
0.02731905322077,20.151579349359075,0.0,35,0.17,2.5476748404155134,0.0,17,9,33,713.7475774174769,8.09834225392176,20.572383207371736,2.19722457733622,48,0.17,2.225616823063389,0.0,17,9,22,839.6151897616742,16350,100,8,10
0.3677572835557409,20.38760872796237,0.0,36,0.18,2.5318075027022067,0.0,18,9,33,747.2794925032624,9.462431980219431,20.49129885560409,3.367295829986474,52,0.16,2.208339538693046,0.0,16,9,22,830.5903173517439,16400,100,8,10
0.304684306200346,20.73051640380881,1.6094379124341005,37,0.16,2.565293342467528,3.367295829986474,17,9,33,708.8225343191352,9.163881475881054,20.86466817029913,3.367295829986474,53,0.16,2.208339538693046,0.0,16,9,22,833.4629600321948,16450,100,8,10
0.1759896933963028,20.71121701874078,1.6094379124341005,36,0.15,2.565293342467528,3.367295829986474,17,9,33,743.955774902844,8.298723633831946,20.96852003128769,2.782260203661347,50,0.17,2.221657223648449,0.0,17,9,22,818.5949337478797,16500,100,8,10
0.7556310906402356,20.21210515885251,0.8047189562170501,34,0.17,2.5514944547195584,0.0,17,9,33,688.333467599381,8.179443855801264,20.990722608615627,2.19722457733622,49,0.17,2.211000546911137,0.0,17,9,22,862.3725568960524,16550,100,8,10
0.4180487024295138,19.89886662490032,0.8047189562170501,35,0.18,2.5272431099233814,0.0,18,9,33,717.2850587788198,9.078274656149198,20.40063803758405,2.782260203661347,50,0.17,2.1898103935881004,0.0,17,9,22,844.6390645283996,16600,100,8,10
0.1035459593730597,20.634448994001225,0.8047189562170501,36,0.17,2.542589388899434,0.0,17,9,33,718.6568029833627,9.793171242816436,20.57732935882646,3.367295829986474,53,0.16,2.1888591233162007,0.0,16,9,22,837.3047234937417,16650,100,8,10
0.1603301523494822,20.71093551768753,0.8047189562170501,36,0.16,2.565293342467528,3.367295829986474,17,9,33,745.3409058140069,8.894427225169302,21.193004774226328,3.367295829986474,52,0.16,2.2110434922616298,0.0,16,9,22,863.9167415036175,16700,100,8,10
0.1604480911752257,20.22861273659559,0.8047189562170501,34,0.16,2.5555612678136983,3.367295829986474,17,9,33,716.236897700241,7.864798972337342,20.87525930960962,2.19722457733622,49,0.18,2.214960146326077,0.0,18,9,22,854.1311830612951,16750,100,8,10
0.0285064075275309,20.152185743558903,0.0,35,0.17,2.5476748404155134,0.0,17,9,33,713.7562209267425,8.09814391997773,20.57355325128439,2.19722457733622,48,0.17,2.225616823063389,0.0,17,9,22,839.7219166478867,16800,100,8,10
0.3689418249081875,20.388187040796875,0.0,36,0.18,2.5318075027022067,0.0,18,9,33,747.2776354994438,9.4624319802148,20.492492445874905,3.367295829986474,52,0.16,2.208339538693046,0.0,16,9,22,830.7029811378806,16850,100,8,10
0.3058660513873071,20.73108754041328,1.6094379124341005,37,0.16,2.565293342467528,3.367295829986474,17,9,33,708.8140308532448,9.163881475876728,20.865837899632645,3.367295829986474,53,0.16,2.208339538693046,0.0,16,9,22,833.5576500447831,16900,100,8,10
0.1769725481886267,20.711698682380284,1.6094379124341005,36,0.15,2.565293342467528,3.367295829986474,17,9,33,743.9586937535489,8.298919789059688,20.96950724444924,2.782260203661347,50,0.17,2.221657223648449,0.0,17,9,22,818.6781926071405,16950,100,8,10
0.7566116325012664,20.212569549934827,0.8047189562170501,34,0.17,2.5514944547195584,0.0,17,9,33,688.3296992612742,8.179443855797023,20.99168775641445,2.19722457733622,49,0.17,2.211000546911137,0.0,17,9,22,862.4630706742388,17000,100,8,10
0.4192230426700642,19.899451581765767,0.8047189562170501,35,0.18,2.5272431099233814,0.0,18,9,33,717.2892864353928,9.078078500912891,20.401815580985765,2.782260203661347,50,0.17,2.1898103935881004,0.0,17,9,22,844.7321911969332,17050,100,8,10
0.1047175479160096,20.635029766690224,0.8047189562170501,36,0.17,2.542589388899434,0.0,17,9,33,718.6532451457765,9.793171242811765,20.578506211433982,3.367295829986474,53,0.16,2.1888591233162007,0.0,16,9,22,837.410494584887,17100,100,8,10
0.1613045792856484,20.711414199873083,0.8047189562170501,36,0.16,2.565293342467528,3.367295829986474,17,9,33,745.3437105711333,8.89462170184811,21.193968558560773,3.367295829986474,52,0.16,2.2110434922616298,0.0,16,9,22,864.0006330326833,17150,100,8,10
0.1614202446325555,20.229101795230765,0.8047189562170501,34,0.16,2.5555612678136983,3.367295829986474,17,9,33,716.2346237406558,7.864798972333406,20.8762222916092,2.19722457733622,49,0.18,2.214960146326077,0.0,18,9,22,854.2255520957503,17200,100,8,10
0.0296707208656597,20.15278141719716,0.0,35,0.17,2.5476748404155134,0.0,17,9,33,713.7647072941643,8.097949443290357,20.574702551713752,2.19722457733622,48,0.17,2.225616823063389,0.0,17,9,22,839.8265909454614,17250,100,8,10
0.3701034332859773,20.38875518863399,0.0,36,0.18,2.5318075027022067,0.0,18,9,33,747.2758245255588,9.462431980210171,20.493665071637466,3.367295829986474,52,0.16,2.208339538693046,0.0,16,9,22,830.8134883262039,17300,100,8,10
0.3070249708360515,20.731648655186103,1.6094379124341005,37,0.16,2.565293342467528,3.367295829986474,17,9,33,708.8057022254396,9.1638814758724,20.86698713307856,3.367295829986474,53,0.16,2.208339538693046,0.0,16,9,22,833.6505397171079,17350,100,8,10
0.1779364555558151,20.712171910496743,1.6094379124341005,36,0.15,2.565293342467528,3.367295829986474,17,9,33,743.961564712299,8.29911217050596,20.97047734352042,2.782260203661347,50,0.17,2.221657223648449,0.0,17,9,22,818.7598699743264,17400,100,8,10
0.7575733151584788,20.21302587682519,0.8047189562170501,34,0.17,2.5514944547195584,0.0,17,9,33,688.3260124905146,8.179443855792782,20.992636073160003,2.19722457733622,49,0.17,2.211000546911137,0.0,17,9,22,862.5518621016187,17450,100,8,10
0.4203748394862557,19.90002634747885,0.8047189562170501,35,0.18,2.5272431099233814,0.0,18,9,33,717.293443324127,9.07788611945805,20.4029724524355,2.782260203661347,50,0.17,2.1898103935881004,0.0,17,9,22,844.8235508654822,17500,100,8,10
0.1058666975532804,20.635600412707745,0.8047189562170501,36,0.17,2.542589388899434,0.0,17,9,33,718.6497657785235,9.793171242807093,20.57966261369444,3.367295829986474,53,0.16,2.1888591233162007,0.0,16,9,22,837.5142651831796,17550,100,8,10
0.1622603792847999,20.71188456729013,0.8047189562170501,36,0.16,2.565293342467528,3.367295829986474,17,9,33,745.3464699415488,8.894812468446599,21.19491578566652,3.367295829986474,52,0.16,2.2110434922616298,0.0,16,9,22,864.0829425333524,17600,100,8,10
0.1623738571477494,20.22958237760001,0.8047189562170501,34,0.16,2.5555612678136983,3.367295829986474,17,9,33,716.2324017195352,7.864798972329468,20.87716861946371,2.19722457733622,49,0.18,2.214960146326077,0.0,18,9,22,854.3181387836536,17650,100,8,10
0.0308128704871294,20.153366758621413,0.0,35,0.17,2.5476748404155134,0.0,17,9,33,713.7730423347655,8.0977586766833,20.575831861213736,2.19722457733622,48,0.17,2.225616823063389,0.0,17,9,22,839.9292904788623,17700,100,8,10
0.3712429798391008,20.3893135381281,0.0,36,0.18,2.5318075027022067,0.0,18,9,33,747.2740576754585,9.462431980205542,20.494817488655105,3.367295829986474,52,0.16,2.208339538693046,0.0,16,9,22,830.9219204080104,17750,100,8,10
0.3081619296510564,20.732200108928044,1.6094379124341005,37,0.16,2.565293342467528,3.367295829986474,17,9,33,708.7975416424542,9.163881475868074,20.868116607797788,3.367295829986474,53,0.16,2.208339538693046,0.0,16,9,22,833.7416967779956,17800,100,8,10
0.1788821322531968,20.71263700621748,1.6094379124341005,36,0.15,2.565293342467528,3.367295829986474,17,9,33,743.9643894523925,8.299300920639828,20.971430939786725,2.782260203661347,50,0.17,2.221657223648449,0.0,17,9,22,818.84002526148,17850,100,8,10
0.7585168504141651,20.21347442761775,0.8047189562170501,34,0.17,2.5514944547195584,0.0,17,9,33,688.3224040572286,8.179443855788543,20.993568161556546,2.19722457733622,49,0.17,2.211000546911137,0.0,17,9,22,862.6389958585183,17900,100,8,10
0.4215049421323206,19.90059128650735,0.8047189562170501,35,0.18,2.5272431099233814,0.0,18,9,33,717.2975319477902,9.077697369315617,20.404109394385387,2.782260203661347,50,0.17,2.1898103935881004,0.0,17,9,22,844.9132097380724,17950,100,8,10
0.1069942516951279,20.63616129405414,0.8047189562170501,36,0.17,2.542589388899434,0.0,17,9,33,718.6463617705524,9.79317124280242,20.58079929510586,3.367295829986474,53,0.16,2.1888591233162007,0.0,16,9,22,837.6161100410225,18000,100,8,10
0.1631982511623254,20.71234691629972,0.8047189562170501,36,0.16,2.565293342467528,3.367295829986474,17,9,33,745.3491854930533,8.894999663875135,21.195847041853103,3.367295829986474,52,0.16,2.2110434922616298,0.0,16,9,22,864.1637289832605,18050,100,8,10
0.1633096227475922,20.230054785153307,0.8047189562170501,34,0.16,2.5555612678136983,3.367295829986474,17,9,33,716.2302295517924,7.86479897232553,20.878098884662244,2.19722457733622,49,0.18,2.214960146326077,0.0,18,9,22,854.4090095376469,18100,100,8,10
0.0319336844781582,20.15394213514952,0.0,35,0.17,2.5476748404155134,0.0,17,9,33,713.781231542721,8.097571481246197,20.57694189154143,2.19722457733622,48,0.17,2.225616823063389,0.0,17,9,22,840.030088721886,18150,100,8,10
0.3723612870030044,20.38986243615124,0.0,36,0.18,2.5318075027022067,0.0,18,9,33,747.2723331542503,9.462431980200911,20.495950411932203,3.367295829986474,52,0.16,2.208339538693046,0.0,16,9,22,831.028354332173,18200,100,8,10
0.3092777446682977,20.73274224301159,1.6094379124341005,37,0.16,2.565293342467528,3.367295829986474,17,9,33,708.7895426950574,9.163881475863748,20.869227021285223,3.367295829986474,53,0.16,2.208339538693046,0.0,16,9,22,833.831185194569,18250,100,8,10
0.1798102551190742,20.7130942563769,1.6094379124341005,36,0.15,2.565293342467528,3.367295829986474,17,9,33,743.9671695583577,8.299486174011777,20.972368611820706,2.782260203661347,50,0.17,2.221657223648449,0.0,17,9,22,818.9187145859621,18300,100,8,10
0.7594429105175483,20.213915474996185,0.8047189562170501,34,0.17,2.5514944547195584,0.0,17,9,33,688.3188709159031,8.179443855784303,20.994484592013908,2.19722457733622,49,0.17,2.211000546911137,0.0,17,9,22,862.7245330422546,18350,100,8,10
0.0537096348099682,19.156580328435297,0.0,46,0.17,2.7525056418851226,0.0,17,9,33,576.5573410133993,5.395123492989142,19.92656333101685,0.0,51,0.13,2.227566007998,0.0,13,9,22,667.891085280193,18400,100,8,10
-0.0248191356601875,19.06125460511976,0.0,48,0.14,2.6507485378028344,0.0,14,5,19,672.4434471096476,1.5858906570376,19.765921815184868,-1.6094379124341005,47,0.07,2.365639450662525,-1.6094379124341005,11,21,19,631.124989610379,18450,100,8,10
0.0146315862144415,19.555087839309383,0.0,42,0.14,2.63796839766966,-2.19722457733622,14,5,19,749.427132667364,1.022525739748437,21.00696016198697,-1.6094379124341005,46,0.05,2.202994919565131,-2.833213344056216,10,21,19,681.8780174195252,18500,100,8,10
-0.0296229192594813,19.535076311942603,0.0,41,0.15,2.606523905117854,0.0,15,5,19,724.501934848585,0.7479958788111173,20.301806511494675,-1.6094379124341005,43,0.05,2.304886675433585,-1.6094379124341005,10,21,19,635.0717599250602,18550,100,8,10
0.048480577348196,19.5574619046014,0.0,44,0.13,2.63796839766966,-2.19722457733622,15,5,19,750.7759633579735,0.7083663453923305,20.786635143985947,-1.6094379124341005,47,0.04,2.277495502857448,-2.833213344056216,10,21,19,663.2452958157911,18600,100,8,10
-0.289317044080747,19.30272464304767,0.0,41,0.15,2.6345163746844733,-2.19722457733622,15,5,19,726.3664635644532,1.067956711660084,21.01107483337479,-1.6094379124341005,46,0.05,2.2473223549252275,-2.833213344056216,9,21,19,686.4268901762805,18650,100,8,10
8.636122563384419e-05,19.541382700760565,0.0,42,0.15,2.6426203098268712,0.0,15,5,19,734.1795617369029,-0.4326088513209562,20.287712314914167,-1.6094379124341005,44,0.05,2.3121559876082576,-2.833213344056216,10,21,19,681.235161718987,18700,100,8,10
-0.0168922065646612,19.54290907768052,0.0,44,0.14,2.674064802378677,-2.19722457733622,14,5,19,747.0363654610741,1.0379552773323644,20.99301760451892,-1.6094379124341005,47,0.05,2.156280209740755,-2.833213344056216,10,21,19,679.874394874753,18750,100,8,10
0.2126101928692579,19.766561393116262,0.0,42,0.15,2.6498175609293773,0.0,15,5,19,750.717528223082,1.4781591070172062,20.72432627475148,-1.6094379124341005,45,0.05,2.1873218373719885,-1.6094379124341005,10,21,19,680.3051035073157,18800,100,8,10
0.3156361639066568,19.7793824407658,0.0,43,0.13,2.519214213036608,-2.19722457733622,14,5,19,756.091107902246,0.2570942765772128,20.76090935168084,-1.6094379124341005,45,0.04,2.3032803661703314,-2.833213344056216,10,21,19,693.1655019167848,18850,100,8,10
-0.2928243676219705,19.29497516852912,0.0,41,0.14,2.6345163746844733,-2.19722457733622,14,5,19,721.3448294328268,1.081198526658656,21.002638013678904,-1.6094379124341005,46,0.05,2.222420104969356,-2.833213344056216,10,21,19,683.1509522987598,18900,100,8,10
-0.0865126864710933,19.531315121572053,0.0,41,0.15,2.5896164096097047,-2.19722457733622,15,5,19,729.0172869383985,0.4174756825705386,20.063081251806565,-1.6094379124341005,43,0.05,2.2987192793210336,-2.833213344056216,10,21,19,656.7269063115906,18950,100,8,10
0.0067088686622902,19.546177699003778,0.0,44,0.14,2.63796839766966,-2.19722457733622,15,5,19,747.4923583732486,1.015015600130666,20.99821002645892,-1.6094379124341005,47,0.04,2.1344790496232213,-2.833213344056216,10,21,19,679.6713111378399,19000,100,8,10
-0.6151652294900729,19.53490798206736,0.0,42,0.15,2.496212539692157,0.0,15,5,19,753.459767210626,0.8148195093334223,21.241987865284408,-1.6094379124341005,47,0.05,2.1595030350326536,-1.6094379124341005,9,21,19,705.6464158737376,19050,100,8,10
0.291785041477346,19.78220125592791,0.0,43,0.14,2.567908814038608,-2.19722457733622,14,5,19,763.0535135808782,-0.4351077785496958,20.287855010241792,-1.6094379124341005,44,0.05,2.279704862664885,-2.833213344056216,10,21,19,681.4966785633922,19100,100,8,10
-0.0217518691350677,19.541644902758662,0.0,43,0.14,2.674064802378677,-2.19722457733622,14,5,19,746.845532439325,1.04281469204529,20.991604390890483,-1.6094379124341005,46,0.05,2.1815734598694547,-2.833213344056216,10,21,19,679.3553715889617,19150,100,8,10
-0.0711426670883681,19.53810483112856,0.0,41,0.15,2.6140930521349923,0.0,15,5,19,725.9450856102044,1.1040857034609677,20.52085446184644,-1.6094379124341005,44,0.05,2.346098636499508,-1.6094379124341005,10,21,19,649.5892475967224,19200,100,8,10
0.3479891989441469,19.790637781056702,0.0,44,0.13,2.567908814038608,-2.19722457733622,14,5,19,758.6605698751881,0.4630188517457329,20.54305167239317,-1.6094379124341005,46,0.04,2.320559757593199,-2.833213344056216,10,21,19,672.7323883593334,19250,100,8,10
-0.285807444740318,19.28670070471519,0.0,41,0.15,2.6630436323763527,0.0,15,5,19,721.7697985271847,1.1120688516681694,20.99359938978138,-1.6094379124341005,46,0.05,2.197126854840656,-2.833213344056216,9,21,19,682.543514323975,19300,100,8,10
-0.0857796802225122,19.53155029475976,0.0,41,0.15,2.5896164096097047,-2.19722457733622,15,5,19,729.0863674916407,0.1784653139739533,20.297676371512853,-1.6094379124341005,43,0.05,2.27829595677145,-2.833213344056216,10,21,19,679.0429515719312,19350,100,8,10
-0.0059916553302213,19.541161673148466,0.0,44,0.14,2.674064802378677,-2.19722457733622,15,5,19,746.5956208708833,1.0438105032478469,20.99151174878283,-1.6094379124341005,47,0.05,2.1344790496232213,-2.833213344056216,10,21,19,679.9047459940398,19400,100,8,10
0.012530840340785,19.54419663053085,0.0,42,0.15,2.667096952352159,0.0,15,5,19,733.8348444284558,1.1471524690529604,20.992391573522102,-1.6094379124341005,46,0.05,2.222420104969356,-1.6094379124341005,9,21,19,677.3841463371222,19450,100,8,10
0.3084157208785884,19.79914767747317,0.0,43,0.13,2.315740504721066,-2.19722457733622,14,5,19,765.4798986450693,-0.1386701885208262,20.541457594237347,-1.6094379124341005,44,0.04,2.2571129700933623,-2.833213344056216,10,21,19,707.5337249515962,19500,100,8,10
-0.0122166715529499,19.54443067568029,0.0,42,0.14,2.674064802378677,-2.19722457733622,14,5,19,747.6319177971114,1.0493739975167804,20.99571369461555,-1.6094379124341005,46,0.05,2.177701669436431,-2.833213344056216,10,21,19,679.2009396479391,19550,100,8,10
-0.0410561738540189,19.53109688200213,0.0,41,0.15,2.638975030061064,0.0,15,5,19,723.539123994875,0.7609309407970976,20.29691357546458,-1.6094379124341005,43,0.05,2.3409830801427827,-1.6094379124341005,10,21,19,633.8506112604429,19600,100,8,10
0.0295505309114536,19.549943150874512,0.0,44,0.13,2.63796839766966,-2.19722457733622,15,5,19,749.6158119814803,0.7272963918295904,20.778871657694207,-1.6094379124341005,47,0.04,2.277495502857448,-2.833213344056216,10,21,19,661.3461073360028,19650,100,8,10
-0.3209522790262514,19.28892376056339,0.0,41,0.15,2.6345163746844733,-2.19722457733622,15,5,19,724.1804094201985,1.099591946606454,20.99722367246685,-1.6094379124341005,46,0.05,2.197126854840656,-2.833213344056216,9,21,19,683.297524398923,19700,100,8,10
-0.004825635778467,19.538633956923007,0.0,42,0.15,2.6065239051178537,0.0,15,5,19,733.8092709927201,-0.4288228631878046,20.28559831653349,-1.6094379124341005,44,0.05,2.279704862664885,-2.833213344056216,10,21,19,680.8665676748427,19750,100,8,10
-0.014173161477932,19.54346363994896,0.0,44,0.14,2.63796839766966,-2.19722457733622,14,5,19,747.2611586069326,1.0352362322464996,20.993666106810995,-1.6094379124341005,47,0.05,2.156280209740755,-2.833213344056216,10,21,19,680.135293397252,19800,100,8,10
0.2375862512366735,19.77429097448332,0.0,42,0.15,2.60981756096516,0.0,15,5,19,752.3496211179341,1.4543090575226456,20.73321376509817,-1.6094379124341005,45,0.05,2.1873218373719885,-1.6094379124341005,10,21,19,682.6896390147615,19850,100,8,10
0.3458171901664141,19.78907614961348,0.0,43,0.13,2.443117808285418,-2.19722457733622,14,5,19,758.2583726460402,0.23732693774828,20.76677059561709,-1.6094379124341005,45,0.04,2.263280366205913,-2.833213344056216,10,21,19,695.1299329304812,19900,100,8,10
-0.2863720539815459,19.29775591861156,0.0,41,0.14,2.6345163746844733,-2.19722457733622,14,5,19,721.729736207581,1.0747462130190977,21.00543486692256,-1.6094379124341005,46,0.05,2.238356385403121,-2.833213344056216,10,21,19,683.8027099934205,19950,100,8,10
-0.0793765078693234,19.53439792533064,0.0,41,0.15,2.5896164096097047,-2.19722457733622,15,5,19,729.5310903862406,0.3999258165395023,20.07064325583865,-1.6094379124341005,43,0.05,2.2987192793210336,-2.833213344056216,10,21,19,658.3920930204259,20000,100,8,10
-0.0059174191953342,19.543117834724416,0.0,44,0.14,2.674064802378677,-2.19722457733622,15,5,19,746.8023020238779,1.0276418879891551,20.994747324074066,-1.6094379124341005,47,0.04,2.171832424556736,-2.833213344056216,10,21,19,678.3988407036949,20050,100,8,10
-0.6168522702073378,19.536292662829062,0.0,42,0.15,2.483761414714713,0.0,15,5,19,753.125348292199,0.8165065500513796,21.24324541963928,-1.6094379124341005,47,0.05,2.255966908090402,-1.6094379124341005,9,21,19,705.4973797503957,20100,100,8,10
0.3438558165750061,19.801130857922576,0.0,43,0.14,2.3281916296985727,-2.19722457733622,14,5,19,766.5074125304787,-0.4646383554769814,20.29893187127296,-1.6094379124341005,44,0.05,2.279704862664885,-2.833213344056216,10,21,19,684.4298205523551,20150,100,8,10
0.0076774789071926,19.552068128330323,0.0,43,0.14,2.63796839766966,-2.19722457733622,14,5,19,748.9383106054406,1.013385344004068,21.002738771870646,-1.6094379124341005,46,0.05,2.1815734598694547,-2.833213344056216,10,21,19,682.2802239802078,20200,100,8,10
-0.0851606508542725,19.5320627821316,0.0,41,0.15,2.6140930521349923,0.0,15,5,19,724.9929165658936,1.095563489058055,20.52307461690428,-1.6094379124341005,44,0.05,2.31000223179031,-1.6094379124341005,10,21,19,650.3560806640195,20250,100,8,10
0.3548182473087254,19.79285734182719,0.0,44,0.13,2.567908814038608,-2.19722457733622,14,5,19,759.1267552270615,0.4561898033825219,20.545459518201064,-1.6094379124341005,46,0.04,2.320559757593199,-2.833213344056216,10,21,19,673.4146529952399,20300,100,8,10
-0.2831802744059943,19.28750630140821,0.0,41,0.15,2.6630436323763527,0.0,15,5,19,722.1386925413914,1.1094416813347108,20.99444288499236,-1.6094379124341005,46,0.05,2.222420104969356,-2.833213344056216,9,21,19,682.776999855552,20350,100,8,10
-0.0939542752834514,19.52822776236709,0.0,41,0.15,2.5896164096097047,-2.19722457733622,15,5,19,728.3959691834339,0.1866399090340305,20.29444193294756,-1.6094379124341005,43,0.05,2.27829595677145,-2.833213344056216,10,21,19,678.2757496257034,20400,100,8,10
0.010621056119532,19.5475069356282,0.0,44,0.14,2.63796839766966,-2.19722457733622,15,5,19,747.7530859198058,1.0271977917989588,20.99823981508358,-1.6094379124341005,47,0.05,2.089185799528404,-2.833213344056216,10,21,19,681.56093566465,20450,100,8,10
0.0242020036296797,19.54836839034426,0.0,42,0.15,2.6310005476431413,0.0,15,5,19,734.8203072802436,1.1354813057658966,20.996920214032087,-1.6094379124341005,46,0.05,2.150227295516754,-1.6094379124341005,9,21,19,678.5050309225187,20500,100,8,10
0.2966345117855924,19.79512079472214,0.0,43,0.13,2.555457689061125,-2.19722457733622,14,5,19,764.7412600744995,-0.1279394688335044,20.53788264792522,-1.6094379124341005,44,0.04,2.289564095036734,-2.833213344056216,10,21,19,706.4583705810596,20550,100,8,10
-0.0019213378476306,19.548787398540213,0.0,42,0.14,2.674064802378677,-2.19722457733622,14,5,19,748.207374097473,1.0390786638124128,21.000277798751345,-1.6094379124341005,46,0.05,2.202994919565131,-2.833213344056216,10,21,19,680.2339196020355,20600,100,8,10
-0.0388865994835055,19.53129577070498,0.0,41,0.15,2.606523905117854,0.0,15,5,19,723.8986575030762,0.7598118558338166,20.296727465444377,-1.6094379124341005,43,0.05,2.304886675433585,-1.6094379124341005,10,21,19,633.9049343713491,20650,100,8,10
0.0132766113666352,19.54268974950432,0.0,44,0.13,2.63796839766966,-2.19722457733622,15,5,19,748.4041538567183,0.7435703113760148,20.77145442856916,-1.6094379124341005,47,0.04,2.277495502857448,-2.833213344056216,10,21,19,659.7426536388642,20700,100,8,10
-0.3343788154904066,19.282882938219952,0.0,41,0.15,2.6345163746844733,-2.19722457733622,15,5,19,723.4203380003171,1.1130184830714742,20.991176423729915,-1.6094379124341005,46,0.05,2.150227295516754,-2.833213344056216,9,21,19,681.9482490358374,20750,100,8,10
-0.0237450474852369,19.53199727350663,0.0,42,0.15,2.6426203098268712,0.0,15,5,19,732.5418124132834,-0.4331724287106489,20.28708274935556,-1.6094379124341005,44,0.05,2.279704862664885,-2.833213344056216,10,21,19,681.3302001443296,20800,100,8,10
-0.0246576080694695,19.539963678134693,0.0,44,0.14,2.674064802378677,-2.19722457733622,14,5,19,746.7874892573861,1.0457206788389033,20.989897940168017,-1.6094379124341005,47,0.05,2.109380650416853,-2.833213344056216,10,21,19,679.0591931190861,20850,100,8,10
0.2594369995772635,19.782416041947407,0.0,42,0.15,2.60981756096516,0.0,15,5,19,753.709392797285,1.4557272864124866,20.73334395558352,-1.6094379124341005,45,0.05,2.1873218373719885,-1.6094379124341005,10,21,19,682.6548021299511,20900,100,8,10
0.3643562352736228,19.79582203905956,0.0,43,0.13,2.443117808285418,-2.19722457733622,14,5,19,759.854717879735,0.2061824881116806,20.77873114359297,-1.6094379124341005,45,0.04,2.263280366205913,-2.833213344056216,10,21,19,698.2319556800779,20950,100,8,10
-0.3156173848451057,19.285468806839926,0.0,41,0.14,2.670612779393491,-2.19722457733622,14,5,19,720.0227657435363,1.1039915438835226,20.993048969304752,-1.6094379124341005,46,0.05,2.150227295516754,-2.833213344056216,10,21,19,680.8787386014712,21000,100,8,10
-0.1081479600813056,19.52265874955143,0.0,41,0.15,2.6220675345529147,-2.19722457733622,15,5,19,727.4523029448079,0.4413026732824325,20.05342659458444,-1.6094379124341005,43,0.05,2.3348156840302314,-2.833213344056216,10,21,19,654.410597933022,21050,100,8,10
-0.0116197487602047,19.538846977777585,0.0,44,0.14,2.63796839766966,-2.19722457733622,15,5,19,746.2191337614955,1.0333442175548917,20.990494260535208,-1.6094379124341005,47,0.04,2.1344790496232213,-2.833213344056216,10,21,19,677.8509725715251,21100,100,8,10
-0.6197655230771741,19.533023201348705,0.0,42,0.15,2.496212539692157,0.0,15,5,19,752.9353125592434,0.8194198029219083,21.240211323077737,-1.6094379124341005,47,0.05,2.2057714080058304,-1.6094379124341005,9,21,19,705.223415387746,21150,100,8,10
0.3125547328694428,19.789110436235053,0.0,43,0.14,2.480245587518076,-2.19722457733622,14,5,19,764.4214396826519,-0.4452914004001548,20.291448338688426,-1.6094379124341005,44,0.05,2.279704862664885,-2.833213344056216,10,21,19,682.5075844468436,21200,100,8,10
-0.061384620040623,19.52645985318326,0.0,43,0.14,2.6865159273561083,-2.19722457733622,14,5,19,744.655239296091,1.0824474429529225,20.97553977229626,-1.6094379124341005,46,0.05,2.109380650416853,-2.833213344056216,10,21,19,675.3968189088939,21250,100,8,10
-0.1641241202299062,19.502913525339007,0.0,41,0.15,2.6540930520992103,0.0,15,5,19,719.2527965499561,1.1864810870639828,20.486480508086856,-1.6094379124341005,44,0.05,2.346098636499508,-1.6094379124341005,10,21,19,641.4011390204407,21300,100,8,10
0.3378466973517541,19.78695791138184,0.0,44,0.13,2.567908814038608,-2.19722457733622,14,5,19,757.6304812222317,0.4731613533409364,20.53910612270423,-1.6094379124341005,46,0.04,2.333010882570693,-2.833213344056216,10,21,19,671.7374638938486,21350,100,8,10
-0.2693866583652547,19.29266621441357,0.0,41,0.15,2.626947227667335,0.0,15,5,19,723.1633342539953,1.0956480652948364,20.99972610893713,-1.6094379124341005,46,0.05,2.197126854840656,-2.833213344056216,9,21,19,684.1392981842921,21400,100,8,10
-0.0870773110316026,19.53120390169908,0.0,41,0.15,2.5896164096097047,-2.19722457733622,15,5,19,728.8551841576731,0.1797629447805206,20.29733712761892,-1.6094379124341005,43,0.05,2.27829595677145,-2.833213344056216,10,21,19,678.9576562333701,21450,100,8,10
0.0066134135207931,19.54754018524222,0.0,44,0.14,2.674064802378677,-2.19722457733622,15,5,19,747.7770324097091,1.031205434398563,20.998072692820923,-1.6094379124341005,47,0.05,2.171832424556736,-2.833213344056216,10,21,19,681.1481966890327,21500,100,8,10
-0.0123012948256577,19.53587207447434,0.0,42,0.15,2.6795480773295903,0.0,15,5,19,732.5082804216014,1.171984604223789,20.98326916684304,-1.6094379124341005,46,0.05,2.222420104969356,-1.6094379124341005,9,21,19,674.8445340881727,21550,100,8,10
0.2716614938992894,19.786766829245632,0.0,43,0.13,2.567908814038607,-2.19722457733622,14,5,19,762.7571851779284,-0.0973362315759766,20.527390468046764,-1.6094379124341005,44,0.04,2.29711297005778,-2.833213344056216,10,21,19,703.4137324679554,21600,100,8,10
-0.0231394250187437,19.54034743792065,0.0,42,0.14,2.674064802378677,-2.19722457733622,14,5,19,746.7807895398633,1.0602967509844776,20.9913730822214,-1.6094379124341005,46,0.05,2.177701669436431,-2.833213344056216,10,21,19,678.1473451906077,21650,100,8,10
-0.0461733275136355,19.528117023855625,0.0,41,0.15,2.606523905117854,0.0,15,5,19,723.2539214683028,0.7614683644942801,20.29591057885616,-1.6094379124341005,43,0.05,2.304886675433585,-1.6094379124341005,10,21,19,633.7530690147609,21700,100,8,10
0.0295165430124073,19.549561005462284,0.0,44,0.13,2.63796839766966,-2.19722457733622,15,5,19,749.5748895668463,0.7273303797306547,20.77851087599024,-1.6094379124341005,47,0.04,2.277495502857448,-2.833213344056216,10,21,19,661.3518173031559,21750,100,8,10
-0.3407543504996478,19.28105056653561,0.0,41,0.15,2.670612779393491,-2.19722457733622,15,5,19,723.1958740539492,1.119394018081581,20.98925667343907,-1.6094379124341005,46,0.05,2.197126854840656,-2.833213344056216,9,21,19,681.3033746583853,21800,100,8,10
-0.0220067624956686,19.532476955555264,0.0,42,0.15,2.655071434804303,0.0,15,5,19,732.4035357981862,-0.4110743760538844,20.27981963798188,-1.6094379124341005,44,0.05,2.319704862629304,-2.833213344056216,10,21,19,679.1257064235841,21850,100,8,10
-0.0174969891027225,19.542044587628315,0.0,44,0.14,2.674064802378677,-2.19722457733622,14,5,19,747.1800757653575,1.0385600598730214,20.99218341545096,-1.6094379124341005,47,0.05,2.109380650416853,-2.833213344056216,10,21,19,679.7981289525643,21900,100,8,10
0.2563538274784058,19.78127286574805,0.0,42,0.15,2.60981756096516,0.0,15,5,19,753.4686038499088,1.434974120867023,20.74166534740892,-1.6094379124341005,45,0.05,2.1873218373719885,-1.6094379124341005,10,21,19,684.6356898414156,21950,100,8,10
0.3710987358857967,19.798507070955623,0.0,43,0.13,2.443117808285418,-2.19722457733622,14,5,19,760.2617954240068,0.2068149323538614,20.778638793435583,-1.6094379124341005,45,0.04,2.263280366205913,-2.833213344056216,10,21,19,698.1662839550904,22000,100,8,10
-0.319649733824142,19.283925941035967,0.0,41,0.14,2.670612779393491,-2.19722457733622,14,5,19,719.7781550937468,1.1080238928634245,20.991480167629536,-1.6094379124341005,46,0.05,2.197126854840656,-2.833213344056216,10,21,19,680.4825202065235,22050,100,8,10
-0.1052246931242129,19.524142430434736,0.0,41,0.15,2.6220675345529147,-2.19722457733622,15,5,19,727.5743122533544,0.4310044614725426,20.05794251934429,-1.6094379124341005,43,0.05,2.3348156840302314,-2.833213344056216,10,21,19,655.410514033835,22100,100,8,10
0.0158214541508516,19.549777315283592,0.0,44,0.14,2.63796839766966,-2.19722457733622,15,5,19,748.1694494672537,1.0059030146447008,21.002004091388933,-1.6094379124341005,47,0.04,2.1344790496232213,-2.833213344056216,10,21,19,680.5768486488608,22150,100,8,10
-0.6065976812187358,19.538456776473176,0.0,42,0.15,2.496212539692157,0.0,15,5,19,754.0188849969874,0.8062519610641623,21.245332026182,-1.6094379124341005,47,0.05,2.1595030350326536,-1.6094379124341005,9,21,19,706.4932824905719,22200,100,8,10
0.3179824168210222,19.790927479983768,0.0,43,0.14,2.4441491828088777,-2.19722457733622,14,5,19,764.6703591107487,-0.4416793818765318,20.29018640192384,-1.6094379124341005,44,0.05,2.279704862664885,-2.833213344056216,10,21,19,682.1495515786512,22250,100,8,10
-0.0359840950004312,19.534674489959816,0.0,43,0.14,2.674064802378677,-2.19722457733622,14,5,19,746.1316734367621,1.057046917913769,20.98442309985065,-1.6094379124341005,46,0.05,2.109380650416853,-2.833213344056216,10,21,19,677.9423739410265,22300,100,8,10
-0.1047024020610946,19.52445406919032,0.0,41,0.15,2.646544177078202,0.0,15,5,19,723.4162473825766,1.118019666421527,20.51360782070212,-1.6094379124341005,44,0.05,2.346098636499508,-1.6094379124341005,10,21,19,648.1719037349552,22350,100,8,10
0.3637081831932231,19.79560447714772,0.0,44,0.13,2.443117808285418,-2.19722457733622,14,5,19,759.7246472656129,0.4472998674995055,20.548456907880546,-1.6094379124341005,46,0.04,2.2844633528840013,-2.833213344056216,10,21,19,674.2986668626879,22400,100,8,10
-0.2796095464596251,19.28824656206375,0.0,41,0.15,2.626947227667335,0.0,15,5,19,722.3381501222188,1.105870953390072,20.995263486625472,-1.6094379124341005,46,0.05,2.197126854840656,-2.833213344056216,9,21,19,683.149845327615,22450,100,8,10
-0.0939407179230938,19.52812959436073,0.0,41,0.15,2.5896164096097047,-2.19722457733622,15,5,19,728.4673206218749,0.1866263516744102,20.294347533199204,-1.6094379124341005,43,0.05,2.27829595677145,-2.833213344056216,10,21,19,678.251778831484,22500,100,8,10
0.0025320167527326,19.544357327771724,0.0,44,0.14,2.63796839766966,-2.19722457733622,15,5,19,747.2714460299129,1.0352868311674892,20.994907986795884,-1.6094379124341005,47,0.05,2.089185799528404,-2.833213344056216,10,21,19,680.7575341341677,22550,100,8,10
0.0229961122051125,19.54815109495958,0.0,42,0.15,2.6310005476431413,0.0,15,5,19,734.7495818989872,1.1366871971929184,20.99665130626753,-1.6094379124341005,46,0.05,2.197126854840656,-1.6094379124341005,9,21,19,678.3787251677672,22600,100,8,10
0.2835196092302822,19.789925818945616,0.0,43,0.13,2.433366598128037,-2.19722457733622,14,5,19,763.8596916931816,-0.1169792805825071,20.5335805964084,-1.6094379124341005,44,0.04,2.2571129700933623,-2.833213344056216,10,21,19,705.3590061615204,22650,100,8,10
-0.0234576093185739,19.53963508192536,0.0,42,0.14,2.63796839766966,-2.19722457733622,14,5,19,746.6610393779861,1.0606149352852596,20.990694247758167,-1.6094379124341005,46,0.05,2.130802110112529,-2.833213344056216,10,21,19,678.1110620066777,22700,100,8,10
-0.0716019410180889,19.519253825256023,0.0,41,0.15,2.638975030061064,0.0,15,5,19,721.624382487771,0.7946819116758285,20.28305781897503,-1.6094379124341005,43,0.05,2.3409830801427827,-1.6094379124341005,10,21,19,630.468490015875,22750,100,8,10
-0.0481547298024052,19.52087953429617,0.0,44,0.13,2.6865159273561083,-2.19722457733622,15,5,19,744.163431309785,0.8050016525464295,20.748695042876417,-1.6094379124341005,47,0.04,2.32604303254414,-2.833213344056216,10,21,19,653.6291277897903,22800,100,8,10
-0.349990880739306,19.277818942482263,0.0,41,0.15,2.6830639043709223,-2.19722457733622,15,5,19,722.0461377554103,1.1286305483221042,20.98594539389932,-1.6094379124341005,46,0.05,2.197126854840656,-2.833213344056216,9,21,19,680.4439790107547,22850,100,8,10
-0.0077093085581215,19.538114518863647,0.0,42,0.15,2.6426203098268712,0.0,15,5,19,733.6301265731221,-0.4309888369373496,20.287006002139822,-1.6094379124341005,44,0.05,2.3121559876082576,-2.833213344056216,10,21,19,681.081791651295,22900,100,8,10
-0.0266165467100778,19.53883524140079,0.0,44,0.14,2.674064802378677,-2.19722457733622,14,5,19,746.4585394621605,1.0476796174812422,20.98875215887666,-1.6094379124341005,47,0.05,2.109380650416853,-2.833213344056216,10,21,19,678.9010534624032,22950,100,8,10
0.2285416929872218,19.77214920926485,0.0,42,0.15,2.6422686859083693,0.0,15,5,19,751.6005451930129,1.4684032623055856,20.728164583669585,-1.6094379124341005,45,0.05,2.1873218373719885,-1.6094379124341005,10,21,19,681.3256078081273,23000,100,8,10
0.3407528243213826,19.78845942574884,0.0,43,0.13,2.479214213072269,-2.19722457733622,14,5,19,757.8745394395086,0.2389452021306225,20.767492111301145,-1.6094379124341005,45,0.04,2.295731491149285,-2.833213344056216,10,21,19,694.981246196257,23050,100,8,10
-0.2910878136120897,19.29551614527622,0.0,41,0.14,2.6345163746844733,-2.19722457733622,14,5,19,721.4448407613279,1.0794619726522372,21.00320018951776,-1.6094379124341005,46,0.05,2.197126854840656,-2.833213344056216,10,21,19,683.32730415923,23100,100,8,10
-0.0795914651356608,19.534194232512203,0.0,41,0.15,2.5896164096097047,-2.19722457733622,15,5,19,729.4906942108338,0.4035868752732015,20.06891206237357,-1.6094379124341005,43,0.05,2.2987192793210336,-2.833213344056216,10,21,19,658.0565100780542,23150,100,8,10
0.0137578214844897,19.549188453576072,0.0,44,0.14,2.63796839766966,-2.19722457733622,15,5,19,747.9990929087711,1.0079666473119273,21.00135555251245,-1.6094379124341005,47,0.04,2.157964205078123,-2.833213344056216,10,21,19,680.3685355672764,23200,100,8,10
-0.6341962926716721,19.52705212653162,0.0,42,0.15,2.496212539692157,0.0,15,5,19,752.2950775855604,0.8338505725177907,21.23458462243052,-1.6094379124341005,47,0.05,2.2057714080058304,-1.6094379124341005,9,21,19,703.743715288171,23250,100,8,10
0.2768383951870312,19.7766532122648,0.0,43,0.14,2.567908814038608,-2.19722457733622,14,5,19,761.6783740913085,-0.3960633538663252,20.27487048956445,-1.6094379124341005,44,0.05,2.319704862629304,-2.833213344056216,10,21,19,677.6375150884185,23300,100,8,10
-0.0227071364904814,19.54092123064962,0.0,43,0.14,2.674064802378677,-2.19722457733622,14,5,19,746.7297231045528,1.0437699594048575,20.99088423970834,-1.6094379124341005,46,0.05,2.156280209740755,-2.833213344056216,10,21,19,679.2761612664304,23350,100,8,10
-0.1133434854262973,19.521945976246563,0.0,41,0.15,2.646544177078202,0.0,15,5,19,723.0103979795084,1.1221887434120716,20.51275096530774,-1.6094379124341005,44,0.05,2.346098636499508,-1.6094379124341005,10,21,19,647.7004917598939,23400,100,8,10
0.3287776015149999,19.783420408578348,0.0,44,0.13,2.479214213072269,-2.19722457733622,14,5,19,757.0512814936734,0.482230449179629,20.535340020951985,-1.6094379124341005,46,0.04,2.320559757593199,-2.833213344056216,10,21,19,670.8360840180549,23450,100,8,10
-0.3187827326154395,19.273136271309784,0.0,41,0.15,2.6754947573537846,0.0,15,5,19,720.1345950983133,1.1450441395467523,20.979839860747056,-1.6094379124341005,46,0.05,2.150227295516754,-2.833213344056216,9,21,19,679.2197787251928,23500,100,8,10
-0.1308235455262725,19.51476318807485,0.0,41,0.15,2.6296164095739227,-2.19722457733622,15,5,19,725.5981362612284,0.2235091792767931,20.281317551239816,-1.6094379124341005,43,0.05,2.318295956735868,-2.833213344056216,10,21,19,674.7172901912927,23550,100,8,10
-0.0188551255601345,19.53666898807814,0.0,44,0.14,2.6865159273561083,-2.19722457733622,15,5,19,746.0682275936924,1.0566739734812216,20.98669343201538,-1.6094379124341005,47,0.05,2.089185799528404,-2.833213344056216,10,21,19,678.6117697085293,23600,100,8,10
-0.0083690919728098,19.53624459009163,0.0,42,0.15,2.6795480773295903,0.0,15,5,19,732.4640993125273,1.168052401372073,20.98383330380787,-1.6094379124341005,46,0.05,2.150227295516754,-1.6094379124341005,9,21,19,675.2788290303264,23650,100,8,10
0.2908175574007924,19.79250682518681,0.0,43,0.13,2.433366598128037,-2.19722457733622,14,5,19,764.3495415839997,-0.1273959675538571,20.537261946028742,-1.6094379124341005,44,0.04,2.2571129700933623,-2.833213344056216,10,21,19,706.4066965635815,23700,100,8,10
-0.024157503633948,19.539235555667027,0.0,42,0.14,2.63796839766966,-2.19722457733622,14,5,19,746.8594653481317,1.0613148296015855,20.990287758078185,-1.6094379124341005,46,0.05,2.130802110112529,-2.833213344056216,10,21,19,678.0159348977891,23750,100,8,10
-0.0629710841050938,19.521616180614217,0.0,41,0.15,2.638975030061064,0.0,15,5,19,722.1080074095523,0.7891697935652311,20.28434973251717,-1.6094379124341005,43,0.05,2.3409830801427827,-1.6094379124341005,10,21,19,631.0539608123988,23800,100,8,10
-0.0210970251708829,19.52999727250439,0.0,44,0.13,2.6865159273561083,-2.19722457733622,15,5,19,746.1275556323369,0.7779439479158728,20.758260012217857,-1.6094379124341005,47,0.04,2.32604303254414,-2.833213344056216,10,21,19,656.3153137682609,23850,100,8,10
-0.34376100465648,19.279723227635856,0.0,41,0.15,2.670612779393491,-2.19722457733622,15,5,19,722.5080474651417,1.122400672240144,20.98792582148568,-1.6094379124341005,46,0.05,2.197126854840656,-2.833213344056216,9,21,19,681.0524890987834,23900,100,8,10
0.0139057621030818,19.546048412573395,0.0,42,0.15,2.6065239051178537,0.0,15,5,19,735.090060605118,-0.445260387865751,20.291461596247743,-1.6094379124341005,44,0.05,2.279704862664885,-2.833213344056216,10,21,19,682.5045038829475,23950,100,8,10
-0.0029174755096365,19.54767841966813,0.0,44,0.14,2.63796839766966,-2.19722457733622,14,5,19,748.1344439458869,1.023980546281666,20.998137124225693,-1.6094379124341005,47,0.05,2.156280209740755,-2.833213344056216,10,21,19,681.2439191325486,24000,100,8,10
0.2483824348941976,19.77806934639864,0.0,42,0.15,2.60981756096516,0.0,15,5,19,753.0361193640915,1.4412190006672645,20.738766238649006,-1.6094379124341005,45,0.05,2.1873218373719885,-1.6094379124341005,10,21,19,683.9911006613302,24050,100,8,10
0.3569650728777515,19.79288772292585,0.0,43,0.13,2.443117808285418,-2.19722457733622,14,5,19,759.2277153325762,0.2211758133181104,20.772799633835746,-1.6094379124341005,45,0.04,2.263280366205913,-2.833213344056216,10,21,19,696.7369901472242,24100,100,8,10
-0.2895762270254671,19.29627375357577,0.0,41,0.14,2.6345163746844733,-2.19722457733622,14,5,19,721.5596664419398,1.07795038606648,21.00395293874351,-1.6094379124341005,46,0.05,2.222420104969356,-2.833213344056216,10,21,19,683.474112628783,24150,100,8,10
-0.0737250748604891,19.536752130911413,0.0,41,0.15,2.5896164096097047,-2.19722457733622,15,5,19,729.9067709342632,0.3992776252557306,20.07082511473404,-1.6094379124341005,43,0.05,2.2987192793210336,-2.833213344056216,10,21,19,658.4834206279656,24200,100,8,10
-0.0303463103473994,19.534470769352943,0.0,44,0.14,2.6675145820584767,-2.19722457733622,15,5,19,745.2431851634224,1.0520707791446815,20.98550903711978,-1.6094379124341005,47,0.04,2.157964205078123,-2.833213344056216,10,21,19,675.9591872343026,24250,100,8,10
-0.6781725600702692,19.510560864584523,0.0,42,0.15,2.516212539657955,0.0,15,5,19,749.1631119815083,0.87782683991708,21.219006679993416,-1.6094379124341005,47,0.05,2.1588718486819283,-1.6094379124341005,9,21,19,699.4288011038575,24300,100,8,10
0.292593771155979,19.781467566696595,0.0,43,0.14,2.480245587518076,-2.19722457733622,14,5,19,762.8075516352724,-0.4139442624524381,20.280265994603813,-1.6094379124341005,44,0.05,2.3121559876082576,-2.833213344056216,10,21,19,679.4069727450172,24350,100,8,10
-0.0396298011280339,19.533358407088976,0.0,43,0.14,2.674064802378677,-2.19722457733622,14,5,19,745.8475002366677,1.0606926240434489,20.98302054220928,-1.6094379124341005,46,0.05,2.109380650416853,-2.833213344056216,10,21,19,677.5720305812109,24400,100,8,10
-0.1086394934098222,19.52274918146784,0.0,41,0.15,2.646544177078202,0.0,15,5,19,723.0986063134003,1.1196102840143187,20.512804990200287,-1.6094379124341005,44,0.05,2.346098636499508,-1.6094379124341005,10,21,19,648.0172297922284,24450,100,8,10
0.3631207347642525,19.79554700916445,0.0,44,0.13,2.443117808285418,-2.19722457733622,14,5,19,759.6159659253033,0.4478873159298715,20.54837835987718,-1.6094379124341005,46,0.04,2.2844633528840013,-2.833213344056216,10,21,19,674.2416898394149,24500,100,8,10
-0.2743077862112157,19.290705409479752,0.0,41,0.15,2.626947227667335,0.0,15,5,19,722.6469401743847,1.100569193143394,20.99773106573868,-1.6094379124341005,46,0.05,2.222420104969356,-2.833213344056216,9,21,19,683.680060427092,24550,100,8,10
-0.0987573758375409,19.52610180606344,0.0,41,0.15,2.5896164096097047,-2.19722457733622,15,5,19,728.1375658700687,0.191443009591516,20.292374311917705,-1.6094379124341005,43,0.05,2.27829595677145,-2.833213344056216,10,21,19,677.778203265208,24600,100,8,10
-0.0218636821139216,19.534926488611497,0.0,44,0.14,2.674064802378677,-2.19722457733622,15,5,19,745.6507667347302,1.059682530035874,20.98492254695684,-1.6094379124341005,47,0.05,2.089185799528404,-2.833213344056216,10,21,19,678.331237110257,24650,100,8,10
-0.0806641981063043,19.52235554003333,0.0,39,0.16,2.638975030061064,0.0,16,5,19,728.0639783452385,1.2403475075049546,20.966904740895227,-1.6094379124341005,43,0.06,2.176095360207347,-1.6094379124341005,9,21,19,668.0564857688651,24700,100,8,10
0.2019917582485174,19.774075195452163,0.0,39,0.14,2.6253611904002194,-2.19722457733622,14,5,19,757.7539267593611,-0.0359082503521749,20.51781403678534,-1.6094379124341005,41,0.05,2.2810165653144603,-2.833213344056216,10,21,19,697.3082882873449,24750,100,8,10
-0.0199262999187878,19.541124411874616,0.0,42,0.14,2.674064802378677,-2.19722457733622,14,5,19,746.8904210496872,1.057083625887378,20.9922551002832,-1.6094379124341005,46,0.05,2.130802110112529,-2.833213344056216,10,21,19,678.465682084082,24800,100,8,10
-0.0586314708943469,19.52384192808646,0.0,41,0.15,2.638975030061064,0.0,15,5,19,722.5680729915304,0.782168262306635,20.28774379807042,-1.6094379124341005,43,0.05,2.3409830801427827,-1.6094379124341005,10,21,19,631.7051984129882,24850,100,8,10
-0.0071635208258659,19.53538223497404,0.0,44,0.13,2.674064802378677,-2.19722457733622,15,5,19,747.0619543444919,0.764010443571605,20.76383431346852,-1.6094379124341005,47,0.04,2.3135919075666465,-2.833213344056216,10,21,19,657.6993879369405,24900,100,8,10
-0.367066457801785,19.271345745492383,0.0,41,0.15,2.670612779393491,-2.19722457733622,15,5,19,721.5635595667661,1.1457061253863143,20.979365488396795,-1.6094379124341005,46,0.05,2.150227295516754,-2.833213344056216,9,21,19,678.6859003564529,24950,100,8,10
-0.1073795991316712,19.50400418026005,0.0,41,0.15,2.6426203098268712,0.0,15,5,19,726.8218789574643,-0.3592943828373577,20.26439241028455,-1.6094379124341005,44,0.05,2.3121559876082576,-2.833213344056216,10,21,19,673.9667587858581,25000,100,8,10
-0.087735618008273,19.51834872521158,0.0,44,0.14,2.6865159273561083,-2.19722457733622,14,5,19,742.2890414828686,1.1087986887811676,20.96670595734993,-1.6094379124341005,47,0.05,2.156280209740755,-2.833213344056216,10,21,19,672.8120551820299,25050,100,8,10
0.2339749773337239,19.773166221564527,0.0,42,0.15,2.6422686859083693,0.0,15,5,19,751.9979202127579,1.4909458144357726,20.71922367119328,-1.6094379124341005,45,0.05,2.212615087500688,-1.6094379124341005,10,21,19,679.1999637772116,25100,100,8,10
0.3550889251654232,19.792740883505083,0.0,43,0.13,2.5554576890611256,-2.19722457733622,14,5,19,759.0428147599197,0.224874708554726,20.771862259459542,-1.6094379124341005,45,0.04,2.295731491149285,-2.833213344056216,10,21,19,696.3651724765348,25150,100,8,10
-0.3558763240756538,19.272036439484896,0.0,41,0.14,2.6830639043709223,-2.19722457733622,14,5,19,717.7255039448221,1.1442504831175324,20.97919703512028,-1.6094379124341005,46,0.05,2.150227295516754,-2.833213344056216,10,21,19,676.8497820439284,25200,100,8,10
-0.1486823389438204,19.50982926865453,0.0,41,0.15,2.6296164095739227,-2.19722457733622,15,5,19,724.2169074858637,0.472412141816332,20.04419716160688,-1.6094379124341005,43,0.05,2.347266809007725,-2.833213344056216,10,21,19,651.4454073961324,25250,100,8,10
-0.0396343065036551,19.53100691492553,0.0,44,0.14,2.6350634571152667,-2.19722457733622,15,5,19,744.693687150315,1.0613587753018034,20.981832447938736,-1.6094379124341005,47,0.04,2.1344790496232213,-2.833213344056216,10,21,19,675.0388340999797,25300,100,8,10
-0.676585701168652,19.51145494940542,0.0,42,0.15,2.483761414714713,0.0,15,5,19,749.2451861298498,0.8762399810161554,21.21984371111229,-1.6094379124341005,47,0.05,2.1588718486819283,-1.6094379124341005,9,21,19,699.5754179601597,25350,100,8,10
0.2936982209074513,19.7819167912948,0.0,43,0.14,2.480245587518076,-2.19722457733622,14,5,19,762.9857091016868,-0.4254306244948749,20.284241885975703,-1.6094379124341005,44,0.05,2.279704862664885,-2.833213344056216,10,21,19,680.5523865169165,25400,100,8,10
-0.0510306011376394,19.530549241354105,0.0,43,0.14,2.674064802378677,-2.19722457733622,14,5,19,745.2846636252108,1.0720934240540927,20.97985062429926,-1.6094379124341005,46,0.05,2.109380650416853,-2.833213344056216,10,21,19,676.4306715349549,25450,100,8,10
-0.1157632878487433,19.521384691070363,0.0,41,0.15,2.646544177078202,0.0,15,5,19,722.6417374041772,1.1371159907457622,20.506864342605635,-1.6094379124341005,44,0.05,2.358549761477002,-1.6094379124341005,10,21,19,646.2963807784714,25500,100,8,10
0.3266606224169636,19.783314745952776,0.0,44,0.13,2.479214213072269,-2.19722457733622,14,5,19,757.3632177298527,0.4843474282797285,20.53515462023442,-1.6094379124341005,46,0.04,2.320559757593199,-2.833213344056216,10,21,19,670.615460532636,25550,100,8,10
-0.3568900839548348,19.259737975830014,0.0,41,0.15,2.6754947573537846,0.0,15,5,19,717.6307211231635,1.183151490887878,20.966030441655025,-1.6094379124341005,46,0.05,2.150227295516754,-2.833213344056216,9,21,19,675.4361693026264,25600,100,8,10
-0.1650839817305374,19.502648570401924,0.0,41,0.15,2.6296164095739227,-2.19722457733622,15,5,19,723.2593021811482,0.2577696154830549,20.26950442629879,-1.6094379124341005,43,0.05,2.3107470817148226,-2.833213344056216,10,21,19,671.3269412922109,25650,100,8,10
-0.0176213876963037,19.53760843852692,0.0,44,0.14,2.674064802378677,-2.19722457733622,15,5,19,745.5720493586556,1.055440235619122,20.987628983517485,-1.6094379124341005,47,0.05,2.089185799528404,-2.833213344056216,10,21,19,678.786867348306,25700,100,8,10
0.0053938436680427,19.54143494599748,0.0,42,0.15,2.667096952352159,0.0,15,5,19,733.6337946877358,1.154289465731833,20.98942611126811,-1.6094379124341005,46,0.05,2.150227295516754,-1.6094379124341005,9,21,19,676.6329891185059,25750,100,8,10
0.254749946060116,19.77985089159996,0.0,43,0.13,2.567908814038607,-2.19722457733622,14,5,19,761.708629527083,-0.0826202090330007,20.52147280330035,-1.6094379124341005,44,0.04,2.289564095036734,-2.833213344056216,10,21,19,701.9411917831721,25800,100,8,10
-0.0361669015861997,19.535033843911755,0.0,42,0.14,2.6865159273561083,-2.19722457733622,14,5,19,745.794634636924,1.0733242275557409,20.985783046620973,-1.6094379124341005,46,0.05,2.130802110112529,-2.833213344056216,10,21,19,676.8537414396505,25850,100,8,10
-0.0408779775805306,19.530208375394228,0.0,41,0.15,2.606523905117854,0.0,15,5,19,723.657621868882,0.7583685398636031,20.297116547327136,-1.6094379124341005,43,0.05,2.304886675433585,-1.6094379124341005,10,21,19,634.0610650190033,25900,100,8,10
-0.012334108187409,19.53327740486325,0.0,44,0.13,2.674064802378677,-2.19722457733622,15,5,19,746.9720102281199,0.7691810309343878,20.76166553578455,-1.6094379124341005,47,0.04,2.3135919075666465,-2.833213344056216,10,21,19,657.175410084388,25950,100,8,10
-0.3552552761807427,19.27474747617989,0.0,41,0.15,2.670612779393491,-2.19722457733622,15,5,19,721.8126703094288,1.1338949437661376,20.98292860954009,-1.6094379124341005,46,0.05,2.150227295516754,-2.833213344056216,9,21,19,679.8966404004119,26000,100,8,10
-0.0161041072846337,19.534834110371303,0.0,42,0.15,2.655071434804303,0.0,15,5,19,733.1916631713091,-0.4327213887677144,20.28735285803353,-1.6094379124341005,44,0.05,2.3121559876082576,-2.833213344056216,10,21,19,681.2556578342318,26050,100,8,10
-0.0540922976055549,19.528807173297988,0.0,44,0.14,2.6865159273561083,-2.19722457733622,14,5,19,744.8400999953025,1.0751553683793156,20.978079875407925,-1.6094379124341005,47,0.05,2.109380650416853,-2.833213344056216,10,21,19,676.1276096696095,26100,100,8,10
0.2329917145212593,19.77293767859869,0.0,42,0.15,2.6422686859083693,0.0,15,5,19,751.7190765821804,1.4740805913327395,20.72510048899518,-1.6094379124341005,45,0.05,2.140422278048086,-1.6094379124341005,10,21,19,680.8481321048516,26150,100,8,10
0.3669048082784947,19.796598211572164,0.0,43,0.13,2.2627366045035817,-2.19722457733622,14,5,19,759.9530950994866,0.2103927338312213,20.77695049685433,-1.6094379124341005,45,0.04,2.263280366205913,-2.833213344056216,10,21,19,697.8124169940704,26200,100,8,10
-0.3225846294705646,19.28264479438854,0.0,41,0.14,2.670612779393491,-2.19722457733622,14,5,19,719.6646082456768,1.1109587885133083,20.990193010157466,-1.6094379124341005,46,0.05,2.150227295516754,-2.833213344056216,10,21,19,680.1780965164351,26250,100,8,10
-0.1303792612327456,19.51418732783271,0.0,41,0.15,2.6296164095739227,-2.19722457733622,15,5,19,725.7698359984694,0.4567751557172484,20.04758000860925,-1.6094379124341005,43,0.05,2.347266809007725,-2.833213344056216,10,21,19,652.898245971674,26300,100,8,10
-0.0337727105993943,19.530681365047904,0.0,44,0.14,2.6865159273561083,-2.19722457733622,15,5,19,744.8096336284607,1.0554971793984074,20.98181484565887,-1.6094379124341005,47,0.04,2.089185799528404,-2.833213344056216,10,21,19,675.6557276484899,26350,100,8,10
-0.6495884621455913,19.520220557942302,0.0,42,0.15,2.44766501000566,0.0,15,5,19,751.1190946231976,0.8492427419937869,21.22815780374647,-1.6094379124341005,47,0.05,2.1588718486819283,-1.6094379124341005,9,21,19,702.2419292778917,26400,100,8,10
0.2805201859994777,19.777462176648346,0.0,43,0.14,2.5554576890611256,-2.19722457733622,14,5,19,762.01240955891,-0.4046543791626837,20.277436480875902,-1.6094379124341005,44,0.05,2.3121559876082576,-2.833213344056216,10,21,19,678.4746529005174,26450,100,8,10
-0.0720762296561067,19.52274224359973,0.0,43,0.14,2.6865159273561083,-2.19722457733622,14,5,19,743.6944704107882,1.0931390525735982,20.97155848861281,-1.6094379124341005,46,0.05,2.109380650416853,-2.833213344056216,10,21,19,674.371845130628,26500,100,8,10
-0.1248881861816437,19.517779307989034,0.0,41,0.15,2.646544177078202,0.0,15,5,19,722.0035050192514,1.1386426786560029,20.506071086754865,-1.6094379124341005,44,0.05,2.346098636499508,-1.6094379124341005,10,21,19,646.1224673716247,26550,100,8,10
0.3494128801089095,19.79007114983264,0.0,44,0.13,2.443117808285418,-2.19722457733622,14,5,19,758.8147582926283,0.4615951705885653,20.54256200144735,-1.6094379124341005,46,0.04,2.2844633528840013,-2.833213344056216,10,21,19,672.8832010813521,26600,100,8,10
-0.3353750466663871,19.26708917151363,0.0,41,0.15,2.6754947573537846,0.0,15,5,19,719.1307137111181,1.161636453600296,20.97363117859799,-1.6094379124341005,46,0.05,2.150227295516754,-2.833213344056216,9,21,19,677.5646716349687,26650,100,8,10
-0.140533370298508,19.51159989725457,0.0,41,0.15,2.6296164095739227,-2.19722457733622,15,5,19,724.8770271702989,0.2332190040515486,20.2782294581082,-1.6094379124341005,43,0.05,2.318295956735868,-2.833213344056216,10,21,19,673.7746382788615,26700,100,8,10
0.0006781114391616,19.543432881347663,0.0,44,0.14,2.63796839766966,-2.19722457733622,15,5,19,747.1371342658881,1.037140736484522,20.99395576756796,-1.6094379124341005,47,0.05,2.089185799528404,-2.833213344056216,10,21,19,680.5670054109089,26750,100,8,10
0.0081113774688529,19.54170587030347,0.0,42,0.15,2.6310005476431413,0.0,15,5,19,733.6636054270998,1.1515719319320543,20.98982848930467,-1.6094379124341005,46,0.05,2.150227295516754,-1.6094379124341005,9,21,19,676.9170200634363,26800,100,8,10
0.285268672584473,19.79008405458532,0.0,40,0.13,2.433366598128037,-2.19722457733622,14,5,19,763.9104157628338,-0.1204074758463028,20.53436464660138,-1.6094379124341005,42,0.04,2.2571129700933623,-2.833213344056216,10,21,19,705.7128404112095,26850,100,8,10
-0.0238211795699728,19.53911341722903,0.0,42,0.14,2.63796839766966,-2.19722457733622,14,5,19,746.8045204458924,1.0609785055404668,20.99019068137617,-1.6094379124341005,46,0.05,2.130802110112529,-2.833213344056216,10,21,19,678.0554445503025,26900,100,8,10
-0.0476579186310969,19.52744822783724,0.0,41,0.15,2.606523905117854,0.0,15,5,19,723.1754981942455,0.7724170212046724,20.29109852339316,-1.6094379124341005,43,0.05,2.304886675433585,-1.6094379124341005,10,21,19,632.7094264826799,26950,100,8,10
0.0145765515169037,19.543406958423947,0.0,44,0.13,2.63796839766966,-2.19722457733622,15,5,19,748.6775133954824,0.742270371230821,20.77217657557905,-1.6094379124341005,47,0.04,2.277495502857448,-2.833213344056216,10,21,19,659.8640296203411,27000,100,8,10
-0.3352559065440055,19.282490344459703,0.0,41,0.15,2.6345163746844733,-2.19722457733622,15,5,19,723.3985013449264,1.1138955741302654,20.99078324531626,-1.6094379124341005,46,0.05,2.150227295516754,-2.833213344056216,9,21,19,681.8548518154097,27050,100,8,10
-0.0378420437167667,19.5274004114251,0.0,42,0.15,2.6426203098268712,0.0,15,5,19,731.4208414130596,-0.3952851645928257,20.27528609057156,-1.6094379124341005,44,0.05,2.3121559876082576,-2.833213344056216,10,21,19,677.5361374238946,27100,100,8,10
-0.0737744883092752,19.521980975518296,0.0,44,0.14,2.6865159273561083,-2.19722457733622,14,5,19,743.3583625572932,1.0948375590839006,20.97076711375938,-1.6094379124341005,47,0.05,2.109380650416853,-2.833213344056216,10,21,19,674.2180461536567,27150,100,8,10
0.2217147499551688,19.768286301034,0.0,42,0.15,2.6422686859083693,0.0,15,5,19,750.9630071908772,1.4696592681577516,20.72643263542244,-1.6094379124341005,45,0.05,2.140422278048086,-1.6094379124341005,10,21,19,681.2256745783209,27200,100,8,10
0.356087260021621,19.79244030604597,0.0,43,0.13,2.443117808285418,-2.19722457733622,14,5,19,759.2402365507426,0.2162896826899746,20.77459880436108,-1.6094379124341005,45,0.04,2.263280366205913,-2.833213344056216,10,21,19,697.2228952867777,27250,100,8,10
-0.3161540390383519,19.284944454517685,0.0,41,0.14,2.6345163746844733,-2.19722457733622,14,5,19,719.9069137645522,1.1045281980819608,20.992547114956007,-1.6094379124341005,46,0.05,2.150227295516754,-2.833213344056216,10,21,19,680.8233169413738,27300,100,8,10
-0.1116180967257015,19.52102924354205,0.0,41,0.15,2.5896164096097047,-2.19722457733622,15,5,19,727.1407644030925,0.4429345906098829,20.05251166464691,-1.6094379124341005,43,0.05,2.2987192793210336,-2.833213344056216,10,21,19,654.2696814971588,27350,100,8,10
0.0020352419121747,19.543995441326857,0.0,44,0.14,2.63796839766966,-2.19722457733622,15,5,19,747.1252541992972,1.0196892268877045,20.99595125655555,-1.6094379124341005,47,0.04,2.089185799528404,-2.833213344056216,10,21,19,679.218845786926,27400,100,8,10
-0.6216468318742753,19.53172663683652,0.0,42,0.15,2.496212539692157,0.0,15,5,19,753.1172107369812,0.8213011117231637,21.23900129145345,-1.6094379124341005,47,0.05,2.1595030350326536,-1.6094379124341005,9,21,19,704.9901169086238,27450,100,8,10
0.2734631751189554,19.776309220462423,0.0,43,0.14,2.4802455875957263,-2.19722457733622,14,5,19,761.5619502182459,-0.3904275211196599,20.273685339336097,-1.6094379124341005,44,0.05,2.3121559876082576,-2.833213344056216,10,21,19,677.05247101338,27500,100,8,10
-0.0525703393336341,19.5303732479367,0.0,43,0.14,2.674064802378677,-2.19722457733622,14,5,19,744.7927167967771,1.0736331622521642,20.979611850888013,-1.6094379124341005,46,0.05,2.109380650416853,-2.833213344056216,10,21,19,676.3105778050068,27550,100,8,10
-0.0988416067773287,19.52651296000744,0.0,41,0.15,2.6140930521349923,0.0,15,5,19,723.9157926791398,1.1054262520907443,20.518834628579423,-1.6094379124341005,44,0.05,2.31000223179031,-1.6094379124341005,10,21,19,649.3804192154654,27600,100,8,10
0.34342108689788,19.787803968478336,0.0,41,0.13,2.443117808285418,-2.19722457733622,14,5,19,758.336298177865,0.467586963799778,20.540141298874847,-1.6094379124341005,44,0.04,2.2844633528840013,-2.833213344056216,10,21,19,672.2819107389774,27650,100,8,10
-0.2988036090859613,19.280051608940823,0.0,41,0.15,2.626947227667335,0.0,15,5,19,721.0540975266113,1.1250650160207358,20.98697941227424,-1.6094379124341005,46,0.05,2.150227295516754,-2.833213344056216,9,21,19,681.2433393146019,27700,100,8,10
-0.1070895403380203,19.52290343976292,0.0,41,0.15,2.5896164096097047,-2.19722457733622,15,5,19,727.4879485623051,0.1997751740924936,20.289258676666204,-1.6094379124341005,43,0.05,2.27829595677145,-2.833213344056216,10,21,19,676.9766238895166,27750,100,8,10
-0.0066464874567766,19.540864453226742,0.0,44,0.14,2.63796839766966,-2.19722457733622,15,5,19,746.4795384525127,1.0444653353813254,20.9912026894296,-1.6094379124341005,47,0.05,2.089185799528404,-2.833213344056216,10,21,19,679.8558685131264,27800,100,8,10
0.0028901174751594,19.54000052326793,0.0,42,0.15,2.6310005476431413,0.0,15,5,19,733.3729491449047,1.1567931919264678,20.987952308936777,-1.6094379124341005,46,0.05,2.150227295516754,-1.6094379124341005,9,21,19,676.3973910568316,27850,100,8,10
0.266616169478892,19.78378149781112,0.0,43,0.13,2.567908814038607,-2.19722457733622,14,5,19,762.5674464502284,-0.105448033499775,20.529453511528185,-1.6094379124341005,44,0.04,2.289564095036734,-2.833213344056216,10,21,19,704.2213304865345,27900,100,8,10
-0.0385186183755362,19.53403416981333,0.0,42,0.14,2.674064802378677,-2.19722457733622,14,5,19,745.8151757292857,1.0756759443469817,20.984736251476303,-1.6094379124341005,46,0.05,2.130802110112529,-2.833213344056216,10,21,19,676.6100937783426,27950,100,8,10
-0.0551673909596446,19.52460587024757,0.0,41,0.15,2.606523905117854,0.0,15,5,19,722.6603126712607,0.7836195542938307,20.286605385285306,-1.6094379124341005,43,0.05,2.304886675433585,-1.6094379124341005,10,21,19,631.6127036919133,28000,100,8,10
0.0149407349004285,19.54344205257202,0.0,44,0.13,2.63796839766966,-2.19722457733622,15,5,19,748.5745324018279,0.7419061878477118,20.77222286296951,-1.6094379124341005,47,0.04,2.277495502857448,-2.833213344056216,10,21,19,659.8994518149747,28050,100,8,10
-0.3424735276698126,19.27946285111233,0.0,41,0.15,2.6345163746844733,-2.19722457733622,15,5,19,722.9133173174714,1.1211131952569382,20.98773440233424,-1.6094379124341005,46,0.05,2.150227295516754,-2.833213344056216,9,21,19,681.1490374055571,28100,100,8,10
-0.0385088840053554,19.525954029920687,0.0,42,0.15,2.655071434804303,0.0,15,5,19,731.4500723660194,-0.4154156261382576,20.2807848428996,-1.6094379124341005,44,0.05,2.3121559876082576,-2.833213344056216,10,21,19,679.5598847159074,28150,100,8,10
-0.0687806072297568,19.52332615877526,0.0,44,0.14,2.6865159273561083,-2.19722457733622,14,5,19,743.9023232423863,1.0898436780052478,20.972262504749093,-1.6094379124341005,47,0.05,2.109380650416853,-2.833213344056216,10,21,19,674.6774914437361,28200,100,8,10
0.1938291086883423,19.759052967797647,0.0,42,0.15,2.6498175609293773,0.0,15,5,19,748.9994270938979,1.5183422112606066,20.70669518721395,-1.6094379124341005,45,0.05,2.140422278048086,-1.6094379124341005,10,21,19,676.4791961479416,28250,100,8,10
0.2688101235662591,19.765215107578875,0.0,43,0.13,2.670787965832382,-2.19722457733622,14,5,19,753.0530721469596,0.3107328985752933,20.743398895209143,-1.6094379124341005,45,0.04,2.295731491149285,-2.833213344056216,10,21,19,687.8051911620191,28300,100,8,10
-0.3697103650096071,19.26718433376336,0.0,41,0.14,2.66406255907329,-2.19722457733622,14,5,19,715.8702083997138,1.1580845240540811,20.974219867832907,-1.6094379124341005,46,0.05,2.150227295516754,-2.833213344056216,10,21,19,675.573111240012,28350,100,8,10
-0.0998262464318249,19.52566808759793,0.0,41,0.15,2.5896164096097047,-2.19722457733622,15,5,19,728.028085715653,0.4239766608876067,20.060218764970543,-1.6094379124341005,43,0.05,2.2987192793210336,-2.833213344056216,10,21,19,656.0701004988416,28400,100,8,10
-0.0333833952661025,19.531891859050702,0.0,44,0.14,2.674064802378677,-2.19722457733622,15,5,19,744.9603669024365,1.0551078640668468,20.982960581725404,-1.6094379124341005,47,0.04,2.089185799528404,-2.833213344056216,10,21,19,675.6788478773318,28450,100,8,10
-0.6429108732254689,19.52466425752424,0.0,42,0.15,2.516212539657955,0.0,15,5,19,751.4388477160055,0.842565153075049,21.23230684352587,-1.6094379124341005,47,0.05,2.1588718486819283,-1.6094379124341005,9,21,19,702.9117533344275,28500,100,8,10
0.3118326728811395,19.788538911872003,0.0,43,0.14,2.4441491828088777,-2.19722457733622,14,5,19,764.2309288732819,-0.4310080190525441,20.286239921096577,-1.6094379124341005,44,0.05,2.279704862664885,-2.833213344056216,10,21,19,681.0870961076545,28550,100,8,10
-0.0384935335620273,19.533679935114325,0.0,43,0.14,2.674064802378677,-2.19722457733622,14,5,19,745.8935696820724,1.059556356481596,20.98337514852692,-1.6094379124341005,46,0.05,2.109380650416853,-2.833213344056216,10,21,19,677.7000747950736,28600,100,8,10
-0.1129264023490039,19.520855636158,0.0,41,0.15,2.646544177078202,0.0,15,5,19,722.889980723993,1.1217220478346774,20.51175606062837,-1.6094379124341005,44,0.05,2.346098636499508,-1.6094379124341005,10,21,19,647.7775562928788,28650,100,8,10
0.3473937048246309,19.789081358307552,0.0,44,0.13,2.443117808285418,-2.19722457733622,14,5,19,758.6142919369751,0.4636143458740726,20.54152874882586,-1.6094379124341005,46,0.04,2.2844633528840013,-2.833213344056216,10,21,19,672.6845811405584,28700,100,8,10
-0.2963009847276352,19.28100427643152,0.0,41,0.15,2.626947227667335,0.0,15,5,19,721.3938235180088,1.122562391663275,20.98795312457796,-1.6094379124341005,46,0.05,2.150227295516754,-2.833213344056216,9,21,19,681.4686411297577,28750,100,8,10
-0.1173029262801146,19.518712273758936,0.0,41,0.15,2.5896164096097047,-2.19722457733622,15,5,19,726.7480581900872,0.2099885600342592,20.285179183036057,-1.6094379124341005,43,0.05,2.27829595677145,-2.833213344056216,10,21,19,675.9814448563804,28800,100,8,10
-0.0068129564248819,19.54053949459454,0.0,44,0.14,2.63796839766966,-2.19722457733622,15,5,19,746.4916038421443,1.0446318043502965,20.99089195293836,-1.6094379124341005,47,0.05,2.089185799528404,-2.833213344056216,10,21,19,679.8401162317575,28850,100,8,10
0.0144762316745101,19.544242803942343,0.0,42,0.15,2.6310005476431413,0.0,15,5,19,734.1562772364506,1.1452070777287369,20.99254203041922,-1.6094379124341005,46,0.05,2.150227295516754,-1.6094379124341005,9,21,19,677.5389647703676,28900,100,8,10
0.2782426700317837,19.78799285611665,0.0,43,0.13,2.555457689061125,-2.19722457733622,14,5,19,763.4129872995703,-0.1074338768440648,20.530041323486994,-1.6094379124341005,44,0.04,2.289564095036734,-2.833213344056216,10,21,19,704.41564865617,28950,100,8,10
-0.0306604865333333,19.536942764438137,0.0,42,0.14,2.674064802378677,-2.19722457733622,14,5,19,746.2960037392812,1.067817812505731,20.987832127582774,-1.6094379124341005,46,0.05,2.130802110112529,-2.833213344056216,10,21,19,677.3827291136109,29000,100,8,10
-0.0474072841690029,19.52750299103648,0.0,41,0.15,2.606523905117854,0.0,15,5,19,723.1839155300523,0.7662187902961449,20.293695987316347,-1.6094379124341005,43,0.05,2.304886675433585,-1.6094379124341005,10,21,19,633.2965738758273,29050,100,8,10
-0.0003351650738132,19.53749060999125,0.0,44,0.13,2.63796839766966,-2.19722457733622,15,5,19,747.6776318616705,0.757182087823075,20.76606683285072,-1.6094379124341005,47,0.04,2.277495502857448,-2.833213344056216,10,21,19,658.3752400063036,29100,100,8,10
-0.3445308608270729,19.27868596723905,0.0,41,0.15,2.6345163746844733,-2.19722457733622,15,5,19,722.6068098632401,1.1231705284150642,20.98694442496513,-1.6094379124341005,46,0.05,2.150227295516754,-2.833213344056216,9,21,19,680.9575466880972,29150,100,8,10
0.0066530495738589,19.542866481731625,0.0,42,0.15,2.6065239051178537,0.0,15,5,19,734.5605019299732,-0.4391321674093661,20.288984908309992,-1.6094379124341005,44,0.05,2.279704862664885,-2.833213344056216,10,21,19,681.9013552073385,29200,100,8,10
-0.0079119898294356,19.54544810557498,0.0,44,0.14,2.63796839766966,-2.19722457733622,14,5,19,747.8526221999783,1.028975060605792,20.995817995704687,-1.6094379124341005,47,0.05,2.109380650416853,-2.833213344056216,10,21,19,680.7387705250022,29250,100,8,10
0.2471053516916344,19.77736966542316,0.0,42,0.15,2.60981756096516,0.0,15,5,19,752.882128593907,1.4436205759505103,20.737468155465645,-1.6094379124341005,45,0.05,2.140422278048086,-1.6094379124341005,10,21,19,683.7691391288749,29300,100,8,10
0.3171652968533278,19.779088456466727,0.0,43,0.13,2.479214213072269,-2.19722457733622,14,5,19,756.5529362300812,0.2539793194556364,20.76126818762007,-1.6094379124341005,45,0.04,2.295731491149285,-2.833213344056216,10,21,19,693.4576074238418,29350,100,8,10
-0.3480619658852092,19.272720737329983,0.0,41,0.14,2.670612779393491,-2.19722457733622,14,5,19,717.5161524215433,1.1364361249305486,20.98011929444306,-1.6094379124341005,46,0.05,2.150227295516754,-2.833213344056216,10,21,19,677.696786312732,29400,100,8,10
-0.1178613493602645,19.51849369920302,0.0,41,0.15,2.5896164096097047,-2.19722457733622,15,5,19,726.7789778268814,0.4504101696501926,20.04944909700745,-1.6094379124341005,43,0.05,2.2987192793210336,-2.833213344056216,10,21,19,653.5187592225215,29450,100,8,10
-0.062036541530806,19.52163286563868,0.0,44,0.14,2.6350634571152667,-2.19722457733622,15,5,19,743.2287155963459,1.083761010332416,20.972015489221207,-1.6094379124341005,47,0.04,2.089185799528404,-2.833213344056216,10,21,19,672.8339127299655,29500,100,8,10
-0.668381564481577,19.51466575028728,0.0,42,0.15,2.516212539657955,0.0,15,5,19,749.938765458595,0.8680358443318493,21.222873231705705,-1.6094379124341005,47,0.05,2.1588718486819283,-1.6094379124341005,9,21,19,700.360804614952,29550,100,8,10
0.2495642373282713,19.77260185268163,0.0,40,0.14,2.585340918439872,-2.19722457733622,14,5,19,760.1572900769364,-0.3758174981768698,20.27362818105601,-1.6094379124341005,41,0.05,2.2462320430559006,-2.833213344056216,10,21,19,675.5782971993518,29600,100,8,10
-0.0956791335203408,19.518743834699283,0.0,39,0.14,2.646544177078202,-2.19722457733622,14,5,19,741.9524255399554,1.1167419564409478,20.966686946695823,-1.6094379124341005,43,0.05,2.089185799528404,-2.833213344056216,10,21,19,672.0167649661681,29650,100,8,10
-0.1367889672669924,19.511976378552635,0.0,40,0.15,2.6540930520992103,0.0,15,5,19,721.209064978854,1.1526625274314168,20.499067210577365,-1.6094379124341005,44,0.05,2.358549761477002,-1.6094379124341005,10,21,19,644.7288770455635,29700,100,8,10
0.3009970901764573,19.77286165461633,0.0,44,0.13,2.519361284351964,-2.19722457733622,14,5,19,755.3820254734028,0.510010960523281,20.52407036359443,-1.6094379124341005,46,0.04,2.333010882570693,-2.833213344056216,10,21,19,668.0664308069635,29750,100,8,10
-0.3285505279003387,19.268699619807474,0.0,41,0.15,2.6754947573537846,0.0,15,5,19,719.1743895497389,1.1548119348368435,20.97537943361964,-1.6094379124341005,46,0.05,2.150227295516754,-2.833213344056216,9,21,19,678.268049258128,29800,100,8,10
-0.1438132685104733,19.50924439622309,0.0,41,0.15,2.6220675345529147,-2.19722457733622,15,5,19,724.8958905227767,0.2364989022652373,20.27594802513397,-1.6094379124341005,43,0.05,2.3107470817148226,-2.833213344056216,10,21,19,673.3837358270039,29850,100,8,10
-0.0311829522766667,19.531533301893568,0.0,44,0.14,2.6865159273561083,-2.19722457733622,15,5,19,744.7524972802138,1.0690018002029469,20.98130289284046,-1.6094379124341005,47,0.05,2.089185799528404,-2.833213344056216,10,21,19,677.429551783922,29900,100,8,10
-0.0101781988578168,19.53494867792463,0.0,42,0.15,2.667096952352159,0.0,15,5,19,732.4961918540415,1.169861508261746,20.98252680935951,-1.6094379124341005,46,0.05,2.150227295516754,-1.6094379124341005,9,21,19,675.0836981286792,29950,100,8,10
0.2529350897627689,19.77906366486686,0.0,43,0.13,2.567908814038607,-2.19722457733622,14,5,19,761.4157746720848,-0.0839938805281123,20.52195273871409,-1.6094379124341005,44,0.04,2.29711297005778,-2.833213344056216,10,21,19,702.104156507589,30000,100,8,10
-0.0366884453029529,19.53470235387213,0.0,42,0.14,2.674064802378677,-2.19722457733622,14,5,19,745.8217990084717,1.073845771276302,20.98544869679708,-1.6094379124341005,46,0.05,2.130802110112529,-2.833213344056216,10,21,19,676.8010942846945,30050,100,8,10
-0.0638540652765955,19.520882527522843,0.0,41,0.15,2.606523905117854,0.0,15,5,19,722.0639227622779,0.784533155358357,20.28592621078113,-1.6094379124341005,43,0.05,2.304886675433585,-1.6094379124341005,10,21,19,631.4911401401313,30100,100,8,10
0.001869212179194,19.53807723521979,0.0,41,0.13,2.63796839766966,-2.19722457733622,15,5,19,747.6793807999913,0.7549777105706492,20.76669909187921,-1.6094379124341005,45,0.04,2.277495502857448,-2.833213344056216,10,21,19,658.603338174269,30150,100,8,10
-0.3289671481971548,19.284951975772056,0.0,41,0.15,2.6345163746844733,-2.19722457733622,15,5,19,723.7173106631601,1.1076068157860108,20.993277815270066,-1.6094379124341005,46,0.05,2.150227295516754,-2.833213344056216,9,21,19,682.4922902696259,30200,100,8,10
-0.0437438679655223,19.525449822392613,0.0,42,0.15,2.655071434804303,0.0,15,5,19,731.3788995389517,-0.4182611175680701,20.282509255253544,-1.6094379124341005,44,0.05,2.3121559876082576,-2.833213344056216,10,21,19,679.8164299943786,30250,100,8,10
-0.0642321365457065,19.525643771681725,0.0,44,0.14,2.6865159273561083,-2.19722457733622,14,5,19,744.0807152012409,1.0852952073229285,20.97464143950482,-1.6094379124341005,47,0.05,2.109380650416853,-2.833213344056216,10,21,19,675.1304314612546,30300,100,8,10
0.2177007491902179,19.766785033684183,0.0,42,0.15,2.6422686859083693,0.0,15,5,19,750.9246588128327,1.502551046151853,20.713251550434663,-1.6094379124341005,45,0.05,2.140422278048086,-1.6094379124341005,10,21,19,678.0185111202138,30350,100,8,10
0.3056179800960752,19.77423160530708,0.0,43,0.13,2.519361284351964,-2.19722457733622,14,5,19,755.6957269420985,0.2592567885471855,20.75856678523612,-1.6094379124341005,45,0.04,2.295731491149285,-2.833213344056216,10,21,19,692.9383843947954,30400,100,8,10
-0.3590436242793738,19.267552610715978,0.0,41,0.14,2.670612779393491,-2.19722457733622,14,5,19,717.1287835666835,1.1474177833255783,20.974959100921303,-1.6094379124341005,46,0.05,2.150227295516754,-2.833213344056216,10,21,19,676.5646596172426,30450,100,8,10
-0.1636214201394487,19.502249982755178,0.0,41,0.15,2.6296164095739227,-2.19722457733622,15,5,19,723.541306416818,0.5024400880966379,20.030477485002194,-1.6094379124341005,43,0.05,2.347266809007725,-2.833213344056216,10,21,19,648.4697883965033,30500,100,8,10
-0.060192220778583,19.52179703027377,0.0,44,0.14,2.6865159273561083,-2.19722457733622,15,5,19,742.9100166480877,1.0819166895810577,20.972258152280368,-1.6094379124341005,47,0.04,2.089185799528404,-2.833213344056216,10,21,19,673.0361260607418,30550,100,8,10
-0.6496179443847652,19.520542429966863,0.0,42,0.15,2.44766501000566,0.0,15,5,19,751.159731548544,0.8492722242357301,21.22845350226746,-1.6094379124341005,47,0.05,2.1588718486819283,-1.6094379124341005,9,21,19,702.2347869682213,30600,100,8,10
0.273324798218403,19.77515317794857,0.0,43,0.14,2.567908814038608,-2.19722457733622,14,5,19,761.7090769589116,-0.4139893502907527,20.280407434627,-1.6094379124341005,44,0.05,2.3121559876082576,-2.833213344056216,10,21,19,679.4036028730944,30650,100,8,10
-0.0551583281765473,19.527917621283216,0.0,43,0.14,2.6865159273561083,-2.19722457733622,14,5,19,744.752943631851,1.076221151098193,20.97719990455333,-1.6094379124341005,46,0.05,2.109380650416853,-2.833213344056216,10,21,19,676.0295132856568,30700,100,8,10
-0.109188981320731,19.5220409129248,0.0,41,0.15,2.6140930521349923,0.0,15,5,19,723.1850969507151,1.1394738327104643,20.504543541708085,-1.6094379124341005,44,0.05,2.346098636499508,-1.6094379124341005,10,21,19,646.0850852081347,30750,100,8,10
0.3161571660776194,19.779151169070705,0.0,44,0.13,2.479214213072269,-2.19722457733622,14,5,19,756.5302419972816,0.4948508846219741,20.53072860697668,-1.6094379124341005,46,0.04,2.320559757593199,-2.833213344056216,10,21,19,669.5622139479207,30800,100,8,10
-0.3467056013900638,19.26334518404586,0.0,41,0.15,2.6754947573537846,0.0,15,5,19,718.1557365911054,1.1729670083274344,20.96974542889307,-1.6094379124341005,46,0.05,2.150227295516754,-2.833213344056216,9,21,19,676.4670654656406,30850,100,8,10
-0.1315642195058431,19.51440841140752,0.0,41,0.15,2.6220675345529147,-2.19722457733622,15,5,19,725.6871349656416,0.2242498532621757,20.280972799040484,-1.6094379124341005,43,0.05,2.3107470817148226,-2.833213344056216,10,21,19,674.5971862471346,30900,100,8,10
-0.0139247662705369,19.537552744842326,0.0,44,0.14,2.63796839766966,-2.19722457733622,15,5,19,746.1641799276543,1.0517436141976817,20.98775993185368,-1.6094379124341005,47,0.05,2.089185799528404,-2.833213344056216,10,21,19,679.1140593254436,30950,100,8,10
-0.0225913033562277,19.52981811410321,0.0,40,0.15,2.667096952352159,0.0,15,5,19,731.6309022778511,1.1822746127610708,20.977064057826205,-1.6094379124341005,45,0.05,2.150227295516754,-1.6094379124341005,9,21,19,673.858914287041,31000,100,8,10
0.2575853169873628,19.77989248592252,0.0,43,0.13,2.4694630028372355,-2.19722457733622,14,5,19,761.8295596171597,-0.0936604762967254,20.524659956590224,-1.6094379124341005,44,0.04,2.289564095036734,-2.833213344056216,10,21,19,703.0611630099999,31050,100,8,10
-0.0615331767134231,19.527103331809176,0.0,42,0.14,2.6350634571152667,-2.19722457733622,14,5,19,744.6067902390663,1.0986905026877245,20.97714684346628,-1.6094379124341005,46,0.05,2.130802110112529,-2.833213344056216,10,21,19,674.3008398999253,31100,100,8,10
-0.0983240067659581,19.510222268872763,0.0,41,0.15,2.5999736847976536,0.0,15,5,19,719.5313969544382,0.8240194653932972,20.27232391496285,-1.6094379124341005,43,0.05,2.3409830801427827,-1.6094379124341005,10,21,19,627.6371562431722,31150,100,8,10
-0.041127717323923,19.52242111358635,0.0,44,0.13,2.6865159273561083,-2.19722457733622,15,5,19,745.003747719106,0.797974640074905,20.750401708688702,-1.6094379124341005,47,0.04,2.32604303254414,-2.833213344056216,10,21,19,654.3183331339059,31200,100,8,10
-0.3800869473361596,19.26476522358814,0.0,41,0.15,2.6830639043709223,-2.19722457733622,15,5,19,720.3003168144274,1.158726614925881,20.9728374817165,-1.6094379124341005,46,0.05,2.150227295516754,-2.833213344056216,9,21,19,677.4173725361225,31250,100,8,10
-0.0350969615924134,19.526630871973424,0.0,42,0.15,2.6426203098268712,0.0,15,5,19,731.7073874130366,-0.4132942735523116,20.27974184471956,-1.6094379124341005,44,0.05,2.279704862664885,-2.833213344056216,10,21,19,679.3411596950579,31300,100,8,10
-0.0459983559436471,19.53072435624728,0.0,44,0.14,2.674064802378677,-2.19722457733622,14,5,19,745.2966235499061,1.0670614267217342,20.980258539326183,-1.6094379124341005,47,0.05,2.109380650416853,-2.833213344056216,10,21,19,676.9549439273991,31350,100,8,10
0.1542103236271128,19.75706261477026,0.0,38,0.16,2.5816956386740646,0.0,16,5,19,746.532718973556,1.5524277213273756,20.703631583201627,-1.6094379124341005,42,0.06,2.1206071275814944,-1.6094379124341005,10,21,19,673.0176337151729,31400,100,8,10
0.1558325189527806,19.74901873548614,0.0,35,0.15,2.609244513660851,0.0,15,5,19,744.9620572900301,0.3878042786036253,20.736808075322426,-1.6094379124341005,39,0.06,2.248182616163406,-2.833213344056216,10,21,19,680.1420188997197,31450,100,8,10
-0.4516332411399567,19.247365024967444,0.0,39,0.15,2.650039732123404,0.0,15,5,19,710.629542158415,1.2400074001870274,20.9529328629755,-1.6094379124341005,43,0.06,2.130802110112529,-2.833213344056216,10,21,19,667.45733716647,31500,100,8,10
-0.1430009838568801,19.510305612459096,0.0,41,0.15,2.6220675345529147,-2.19722457733622,15,5,19,724.9120569295068,0.5030576229024819,20.032010632187795,-1.6094379124341005,43,0.05,2.347266809007725,-2.833213344056216,10,21,19,648.5198177827164,31550,100,8,10
-0.0300923702698808,19.53132073619018,0.0,44,0.14,2.63796839766966,-2.19722457733622,15,5,19,745.0050736890324,1.0518168390732212,20.982589209204228,-1.6094379124341005,47,0.04,2.089185799528404,-2.833213344056216,10,21,19,676.0264363968575,31600,100,8,10
-0.6397793068949598,19.52383426890777,0.0,42,0.15,2.44766501000566,0.0,15,5,19,751.7668094606009,0.8394335867466168,21.23157305876797,-1.6094379124341005,47,0.05,2.1595030350326536,-1.6094379124341005,9,21,19,703.2135965126027,31650,100,8,10
0.2886599366193695,19.77987006201967,0.0,43,0.14,2.480245587518076,-2.19722457733622,14,5,19,762.5885691230793,-0.4125930169177972,20.27966394867496,-1.6094379124341005,44,0.05,2.3121559876082576,-2.833213344056216,10,21,19,679.2672915314894,31700,100,8,10
-0.051136186845393,19.528739444021515,0.0,42,0.14,2.674064802378677,-2.19722457733622,14,5,19,744.9976990447428,1.0721990097680767,20.978160720198183,-1.6094379124341005,45,0.05,2.109380650416853,-2.833213344056216,10,21,19,676.4470826657076,31750,100,8,10
-0.1330091063906949,19.513010636863523,0.0,41,0.15,2.6540930520992103,0.0,15,5,19,721.5275201098236,1.146562486008064,20.501216486656418,-1.6094379124341005,43,0.05,2.358549761477002,-1.6094379124341005,10,21,19,645.321809290912,31800,100,8,10
0.283983985134598,19.767753063404577,0.0,44,0.13,2.479214213072269,-2.19722457733622,14,5,19,754.31088502684,0.5270240655665319,20.51847635480502,-1.6094379124341005,46,0.04,2.333010882570693,-2.833213344056216,10,21,19,666.3627952048042,31850,100,8,10
-0.3422940690558312,19.264136654311294,0.0,41,0.15,2.6754947573537846,0.0,15,5,19,718.1835485672475,1.168555475994067,20.97064631495053,-1.6094379124341005,46,0.05,2.150227295516754,-2.833213344056216,9,21,19,676.9130987907249,31900,100,8,10
-0.1130249225976875,19.52045621985913,0.0,41,0.15,2.5896164096097047,-2.19722457733622,15,5,19,727.0316227361002,0.205710556354449,20.286876785562672,-1.6094379124341005,43,0.05,2.27829595677145,-2.833213344056216,10,21,19,676.4121587241857,31950,100,8,10
-0.0180105622373706,19.53608782658788,0.0,44,0.14,2.63796839766966,-2.19722457733622,15,5,19,745.8591615737841,1.055829410165381,20.986194191317978,-1.6094379124341005,47,0.05,2.089185799528404,-2.833213344056216,10,21,19,678.7088292176827,32000,100,8,10
-0.0393935442757304,19.524561689060214,0.0,42,0.15,2.667096952352159,0.0,15,5,19,730.4170540554724,1.199076853680944,20.971241248659,-1.6094379124341005,46,0.05,2.150227295516754,-1.6094379124341005,9,21,19,672.2006435003834,32050,100,8,10
0.2310223981278673,19.77203611740547,0.0,43,0.13,2.4819141278923773,-2.19722457733622,14,5,19,759.8112471596421,-0.0642109812936353,20.515811428073253,-1.6094379124341005,44,0.04,2.29711297005778,-2.833213344056216,10,21,19,700.1449672198423,32100,100,8,10
-0.0445447870738793,19.53186589937918,0.0,42,0.14,2.674064802378677,-2.19722457733622,14,5,19,745.2646524697217,1.0817021130491324,20.98242002101105,-1.6094379124341005,46,0.05,2.130802110112529,-2.833213344056216,10,21,19,676.0225942435876,32150,100,8,10
-0.0676114759041674,19.519554552990208,0.0,41,0.15,2.606523905117854,0.0,15,5,19,721.8054784987539,0.7904203583894691,20.283603845463507,-1.6094379124341005,43,0.05,2.304886675433585,-1.6094379124341005,10,21,19,630.920112303695,32200,100,8,10
-0.0068259170883794,19.53477851655668,0.0,44,0.13,2.63796839766966,-2.19722457733622,15,5,19,747.1023558690042,0.7636728398398149,20.7632786199725,-1.6094379124341005,47,0.04,2.277495502857448,-2.833213344056216,10,21,19,657.7349054467766,32250,100,8,10
-0.3799829114466478,19.26541833495557,0.0,41,0.15,2.6830639043709223,-2.19722457733622,15,5,19,720.6870070511243,1.1586225790372349,20.973441266238783,-1.6094379124341005,46,0.05,2.150227295516754,-2.833213344056216,9,21,19,677.4046607604962,32300,100,8,10
-0.0747967308135023,19.51320655187573,0.0,42,0.15,2.655071434804303,0.0,15,5,19,728.7018301155923,-0.3723007774224443,20.26729153637754,-1.6094379124341005,44,0.05,2.3121559876082576,-2.833213344056216,10,21,19,675.291683153713,32350,100,8,10
-0.0496270368762858,19.52975235903353,0.0,44,0.14,2.674064802378677,-2.19722457733622,14,5,19,744.9435709433756,1.0706901076552386,20.97917709249568,-1.6094379124341005,47,0.05,2.109380650416853,-2.833213344056216,10,21,19,676.6083065121662,32400,100,8,10
0.2286562887044446,19.770413306319487,0.0,42,0.15,2.60981756096516,0.0,15,5,19,751.6280430177985,1.4766880293432352,20.72301411175285,-1.6094379124341005,45,0.05,2.140422278048086,-1.6094379124341005,10,21,19,680.5396351145885,32450,100,8,10
0.3100054873031684,19.77570451894674,0.0,43,0.13,2.519361284351964,-2.19722457733622,14,5,19,756.0647080185945,0.2583392678376474,20.75887216242918,-1.6094379124341005,45,0.04,2.295731491149285,-2.833213344056216,10,21,19,693.0283953333711,32500,100,8,10
-0.3785030857547542,19.260768962797385,0.0,41,0.14,2.6830639043709223,-2.19722457733622,14,5,19,715.9716870729379,1.1668772448026905,20.96799618570756,-1.6094379124341005,46,0.05,2.150227295516754,-2.833213344056216,10,21,19,674.6287684941454,32550,100,8,10
-0.1674080144279875,19.50178248007689,0.0,41,0.15,2.6220675345529147,-2.19722457733622,15,5,19,723.2404807710565,0.5027566958907369,20.031262569484745,-1.6094379124341005,43,0.05,2.347266809007725,-2.833213344056216,10,21,19,648.4318199949352,32600,100,8,10
-0.0467639754453369,19.52644756498554,0.0,44,0.14,2.674064802378677,-2.19722457733622,15,5,19,743.8398341278628,1.0684884442495426,20.97724117124508,-1.6094379124341005,47,0.04,2.089185799528404,-2.833213344056216,10,21,19,674.362258395542,32650,100,8,10
-0.6587947346211352,19.516195864771056,0.0,42,0.15,2.44766501000566,0.0,15,5,19,750.6065619470512,0.8584490144734842,21.22437037933372,-1.6094379124341005,47,0.05,2.1588718486819283,-1.6094379124341005,9,21,19,701.3239109409573,32700,100,8,10
0.2375750610356025,19.76395043909835,0.0,43,0.14,2.6098175608877674,-2.19722457733622,14,5,19,759.119963878904,-0.3680826942952152,20.26669174467092,-1.6094379124341005,44,0.05,2.319704862629304,-2.833213344056216,10,21,19,674.8441609743772,32750,100,8,10
-0.0875276614472684,19.517253708532845,0.0,42,0.14,2.6350634571152667,-2.19722457733622,14,5,19,742.4749612181058,1.1085904843709908,20.965696727981666,-1.6094379124341005,46,0.05,2.109380650416853,-2.833213344056216,10,21,19,672.8313859139975,32800,100,8,10
-0.1219918106634605,19.517114720404543,0.0,41,0.15,2.6140930521349923,0.0,15,5,19,722.2320465746966,1.1421197432435723,20.502968987408583,-1.6094379124341005,44,0.05,2.346098636499508,-1.6094379124341005,10,21,19,645.7980443408238,32850,100,8,10
0.323852837930736,19.78053867980832,0.0,44,0.13,2.519361284351964,-2.19722457733622,14,5,19,756.9785904510529,0.4871552127703664,20.53236930145965,-1.6094379124341005,46,0.04,2.320559757593199,-2.833213344056216,10,21,19,670.3314400064638,32900,100,8,10
-0.316299695068451,19.27297058564762,0.0,41,0.15,2.6630436323763527,0.0,15,5,19,719.9713164458883,1.142561102007552,20.979785445092546,-1.6094379124341005,46,0.05,2.150227295516754,-2.833213344056216,9,21,19,679.4975653316201,32950,100,8,10
-0.1540658233838073,19.505723589590907,0.0,41,0.15,2.6296164095739227,-2.19722457733622,15,5,19,724.3003292738616,0.246751457142088,20.27251350057454,-1.6094379124341005,43,0.05,2.318295956735868,-2.833213344056216,10,21,19,672.3390470440784,33000,100,8,10
-0.063362617523931,19.52016645915124,0.0,44,0.14,2.6865159273561083,-2.19722457733622,15,5,19,742.5826848907445,1.1011814654528067,20.96912929105645,-1.6094379124341005,47,0.05,2.089185799528404,-2.833213344056216,10,21,19,674.2292784563796,33050,100,8,10
-0.0233316661519153,19.52961022724298,0.0,42,0.15,2.667096952352159,0.0,15,5,19,731.4365558482203,1.1830149755579733,20.97682958341385,-1.6094379124341005,46,0.05,2.150227295516754,-1.6094379124341005,9,21,19,673.8144199821674,33100,100,8,10
0.2175855458583583,19.767360502322795,0.0,43,0.13,2.4694630029149085,-2.19722457733622,14,5,19,759.2826647969065,-0.0613268234805115,20.51489829689183,-1.6094379124341005,44,0.04,2.29711297005778,-2.833213344056216,10,21,19,699.8250535224581,33150,100,8,10
-0.0947891412559225,19.51453610895281,0.0,42,0.14,2.674064802378677,-2.19722457733622,14,5,19,741.9455025709082,1.1319464672321276,20.963803599881818,-1.6094379124341005,46,0.05,2.130802110112529,-2.833213344056216,10,21,19,671.0152992623725,33200,100,8,10
-0.0998662803226419,19.508037272655194,0.0,41,0.15,2.646523905082072,0.0,15,5,19,719.4705945360513,0.8332278572658864,20.26716360274564,-1.6094379124341005,43,0.05,2.3534342051202763,-1.6094379124341005,10,21,5,627.5676195313843,33250,100,8,10
-0.0397936627279417,19.52278509870494,0.0,44,0.13,2.6865159273561083,-2.19722457733622,15,5,19,744.9542155845145,0.7966405854804276,20.7507928112708,-1.6094379124341005,47,0.04,2.32604303254414,-2.833213344056216,10,21,19,654.4566900157328,33300,100,8,10
-0.3731161944043628,19.267392280498367,0.0,41,0.15,2.6830639043709223,-2.19722457733622,15,5,19,720.9488412351303,1.1517558619958153,20.97550937676479,-1.6094379124341005,46,0.05,2.150227295516754,-2.833213344056216,9,21,19,678.0963640503466,33350,100,8,10
-0.077659871559434,19.5130217620704,0.0,42,0.15,2.646523905082072,0.0,15,5,19,728.7176973246078,-0.3695314239991257,20.267206303923345,-1.6094379124341005,44,0.05,2.3121559876082576,-2.833213344056216,10,21,19,674.9797431675838,33400,100,8,10
-0.0957294078872551,19.5141891489429,0.0,44,0.14,2.6750634570794847,-2.19722457733622,14,5,19,741.8150788589879,1.116792478667073,20.9624444079612,-1.6094379124341005,47,0.05,2.109380650416853,-2.833213344056216,10,21,19,672.0369783507812,33450,100,8,10
0.1927635055414231,19.75785944508477,0.0,42,0.15,2.6498175609293773,0.0,15,5,19,749.0449847441133,1.5126745998302422,20.708044637111623,-1.6094379124341005,45,0.05,2.140422278048086,-1.6094379124341005,10,21,19,676.9964199665119,33500,100,8,10
0.3010985192530197,19.77274880432567,0.0,43,0.13,2.519361284351964,-2.19722457733622,14,5,19,755.3126301509969,0.260846378145815,20.758014684905405,-1.6094379124341005,45,0.04,2.3032803661703314,-2.833213344056216,10,21,19,692.7874278697964,33550,100,8,10
-0.3761465846283184,19.26233552495353,0.0,41,0.14,2.6830639043709223,-2.19722457733622,14,5,19,716.2509486466005,1.16452074367712,20.96952380219269,-1.6094379124341005,46,0.05,2.150227295516754,-2.833213344056216,10,21,19,674.8530281275259,33600,100,8,10
-0.1535565335932152,19.506429671499028,0.0,41,0.15,2.6296164095739227,-2.19722457733622,15,5,19,724.0610354552298,0.4953050727995035,20.03366444808641,-1.6094379124341005,43,0.05,2.347266809007725,-2.833213344056216,10,21,19,649.2284074752729,33650,100,8,10
-0.0651682423966847,19.519581889734948,0.0,44,0.14,2.6865159273561083,-2.19722457733622,15,5,19,742.929856448251,1.086892711201756,20.9699537819906,-1.6094379124341005,47,0.04,2.089185799528404,-2.833213344056216,10,21,19,672.5185583919356,33700,100,8,10
-0.6912792418586591,19.50419913125612,0.0,42,0.15,2.496212539692157,0.0,15,5,19,748.3519056451493,0.8909335217117007,21.213033950309647,-1.6094379124341005,47,0.05,2.1588718486819283,-1.6094379124341005,9,21,19,698.1192724293622,33750,100,8,10
0.2612490944180368,19.77096861253016,0.0,43,0.14,2.4802455875957263,-2.19722457733622,14,5,19,760.8268438422815,-0.4086091964739609,20.278125381332323,-1.6094379124341005,44,0.05,2.279704862664885,-2.833213344056216,10,21,19,678.883402903621,33800,100,8,10
-0.0898312769906818,19.51628922952128,0.0,43,0.14,2.6865159273561083,-2.19722457733622,14,5,19,742.6032800503162,1.1108940999154422,20.964686689394217,-1.6094379124341005,46,0.05,2.109380650416853,-2.833213344056216,10,21,19,672.5697247789578,33850,100,8,10
-0.1514864600798909,19.507077967430074,0.0,41,0.15,2.646544177078202,0.0,15,5,19,720.0149040651661,1.188466861457872,20.48595450728697,-1.6094379124341005,44,0.05,2.358549761477002,-1.6094379124341005,10,21,19,641.2890206291778,33900,100,8,10
0.3039028745861501,19.773434698678123,0.0,44,0.13,2.519361284351964,-2.19722457733622,14,5,19,755.5996357526841,0.5071051761161496,20.524737252625783,-1.6094379124341005,46,0.04,2.320559757593199,-2.833213344056216,10,21,19,668.3453542758783,33950,100,8,10
-0.3243994881504832,19.26976890975721,0.0,41,0.15,2.6630436323763527,0.0,15,5,19,719.3718317877514,1.1506608950904498,20.97652523344921,-1.6094379124341005,46,0.05,2.150227295516754,-2.833213344056216,9,21,19,678.6990809488537,34000,100,8,10
-0.1189352879963434,19.51797060837186,0.0,41,0.15,2.5896164096097047,-2.19722457733622,15,5,19,726.6919770418556,0.2116209217548319,20.284458083434387,-1.6094379124341005,43,0.05,2.27829595677145,-2.833213344056216,10,21,19,675.8078296162814,34050,100,8,10
-0.1011909584408903,19.50923768805304,0.0,44,0.14,2.6750634570794847,-2.19722457733622,15,5,19,740.827539362751,1.139009806370631,20.957082856893308,-1.6094379124341005,47,0.05,2.089185799528404,-2.833213344056216,10,21,19,670.4091842707111,34100,100,8,10
-0.1016216219232078,19.50484737033832,0.0,40,0.15,2.660546732031958,0.0,15,5,19,725.8171092570147,1.2613049313301967,20.949443705592746,-1.6094379124341005,45,0.05,2.150227295516754,-1.6094379124341005,9,21,19,666.0756630727099,34150,100,8,10
0.2283532518129147,19.77076888980941,0.0,43,0.13,2.4694630029149085,-2.19722457733622,14,5,19,759.8428285770076,-0.06941471462677,20.517377899761595,-1.6094379124341005,44,0.04,2.29711297005778,-2.833213344056216,10,21,19,700.6391698418068,34200,100,8,10
-0.0617922113906679,19.525794639969536,0.0,42,0.14,2.674064802378677,-2.19722457733622,14,5,19,744.0983681112416,1.0989495373678246,20.975915812288253,-1.6094379124341005,46,0.05,2.130802110112529,-2.833213344056216,10,21,19,674.3122553459618,34250,100,8,10
-0.0996496037386852,19.509765770520705,0.0,41,0.15,2.5999736847976536,0.0,15,5,19,719.7026709787776,0.8303313658751893,20.26985199192491,-1.6094379124341005,43,0.05,2.3409830801427827,-1.6094379124341005,10,21,5,627.2213969416176,34300,100,8,10
-0.05191588859152,19.520295005081284,0.0,44,0.13,2.6675145820584767,-2.19722457733622,15,5,19,744.0833900797664,0.8087628113447849,20.748007905166173,-1.6094379124341005,47,0.04,2.32604303254414,-2.833213344056216,10,21,19,653.2458537799388,34350,100,8,10
-0.4006373195047263,19.257562492374337,0.0,41,0.15,2.6830639043709223,-2.19722457733622,15,5,19,719.335593167408,1.179276987097044,20.965458339671613,-1.6094379124341005,46,0.05,2.150227295516754,-2.833213344056216,9,21,19,675.3506578570215,34400,100,8,10
-0.096156595545191,19.50704635073405,0.0,42,0.15,2.6426203098268712,0.0,15,5,19,727.1418011171723,-0.3424612685306249,20.258973058009268,-1.6094379124341005,44,0.05,2.279704862664885,-2.833213344056216,10,21,19,672.3206822775488,34450,100,8,10
-0.0761698750500977,19.52120172759769,0.0,44,0.14,2.6865159273561083,-2.19722457733622,14,5,19,743.0623711109771,1.0972329458307812,20.969925067560013,-1.6094379124341005,47,0.05,2.109380650416853,-2.833213344056216,10,21,19,673.988027130014,34500,100,8,10
0.1930134490914689,19.75936678949155,0.0,42,0.15,2.6422686859083693,0.0,15,5,19,749.2326122246669,1.5038512247990956,20.713096846081072,-1.6094379124341005,45,0.05,2.140422278048086,-1.6094379124341005,10,21,19,677.8152255661385,34550,100,8,10
0.2036350594210598,19.75329460742433,0.0,40,0.14,2.642268685908369,-2.19722457733622,14,5,19,749.2834076241836,0.2927278599505831,20.748240502844617,-1.6094379124341005,44,0.04,2.295731491149285,-2.833213344056216,10,21,19,689.5954651881194,34600,100,8,10
-0.4426505313471398,19.248215504325103,0.0,37,0.15,2.642490857102396,0.0,15,5,19,711.5946770195685,1.2310246903968065,20.95405208377863,-1.6094379124341005,43,0.06,2.130802110112529,-2.833213344056216,10,21,19,668.2529469246633,34650,100,8,10
-0.1385506037090637,19.51065449751066,0.0,40,0.15,2.6220675345529147,-2.19722457733622,15,5,19,725.2608240133123,0.545881120944101,20.02561883199004,-1.6094379124341005,41,0.06,2.335814338731044,-2.833213344056216,10,21,19,644.5572961792285,34700,100,8,10
-0.0572873682926307,19.52139818464216,0.0,44,0.14,2.6865159273561083,-2.19722457733622,15,5,19,743.3295785032391,1.0790118370985673,20.97202841205331,-1.6094379124341005,47,0.04,2.089185799528404,-2.833213344056216,10,21,19,673.30595951864,34750,100,8,10
-0.6822264217084831,19.50683467974774,0.0,42,0.15,2.44766501000566,0.0,15,5,19,749.0424902831546,0.8818807015622175,21.215542409209025,-1.6094379124341005,47,0.05,2.1588718486819283,-1.6094379124341005,9,21,19,699.0047706640808,34800,100,8,10
0.245737901938474,19.76582461361976,0.0,43,0.14,2.492696712573196,-2.19722457733622,14,5,19,759.6987500231285,-0.3915639018608036,20.272848458410813,-1.6094379124341005,44,0.05,2.319704862629304,-2.833213344056216,10,21,19,677.1896423984689,34850,100,8,10
-0.0952842141818811,19.51401556104428,0.0,43,0.14,2.6865159273561083,-2.19722457733622,14,5,19,742.1172088310356,1.11634703710768,20.96230451138381,-1.6094379124341005,46,0.05,2.109380650416853,-2.833213344056216,10,21,19,672.0469284878118,34900,100,8,10
-0.1468642632950381,19.5083952906278,0.0,41,0.15,2.646544177078202,0.0,15,5,19,720.3779682194072,1.1823105625409824,20.48793124248592,-1.6094379124341005,44,0.05,2.358549761477002,-1.6094379124341005,10,21,19,641.886483237097,34950,100,8,10
0.2756161698378558,19.76570411879276,0.0,44,0.13,2.6632390908113583,-2.19722457733622,14,5,19,753.9201239075318,0.5353918808656658,20.51617160504405,-1.6094379124341005,46,0.04,2.333010882570693,-2.833213344056216,10,21,19,665.5394517156249,35000,100,8,10
-0.3560205117402127,19.259539823980408,0.0,41,0.15,2.656493412056152,0.0,15,5,19,717.3396937401343,1.1822819186810447,20.965882685991456,-1.6094379124341005,46,0.05,2.150227295516754,-2.833213344056216,9,21,19,675.5454706990402,35050,100,8,10
-0.1296314673036437,19.51390182179029,0.0,41,0.15,2.5896164096097047,-2.19722457733622,15,5,19,725.9415821504555,0.2223171010619247,20.2804941906134,-1.6094379124341005,43,0.05,2.3107470817148226,-2.833213344056216,10,21,19,674.7579663619229,35100,100,8,10
-0.0519486939294168,19.523532375475884,0.0,44,0.14,2.674064802378677,-2.19722457733622,15,5,19,743.6143451728138,1.0897675418600232,20.97282747314961,-1.6094379124341005,47,0.05,2.089185799528404,-2.833213344056216,10,21,19,675.3364634208954,35150,100,8,10
-0.0618212344022887,19.516181665125707,0.0,41,0.15,2.6795480773295903,0.0,15,5,19,728.870151862472,1.2215045438106005,20.962198813819207,-1.6094379124341005,46,0.05,2.150227295516754,-1.6094379124341005,9,21,19,669.977480754256,35200,100,8,10
0.2208689217414096,19.767657060446883,0.0,43,0.13,2.519361284351964,-2.19722457733622,14,5,19,759.245115925404,-0.0659437984637378,20.5156376385694,-1.6094379124341005,44,0.04,2.289564095036734,-2.833213344056216,10,21,19,700.312850229583,35250,100,8,10
-0.0730371191692488,19.521200775278057,0.0,42,0.14,2.6865159273561083,-2.19722457733622,14,5,19,743.686170768531,1.1101944451473578,20.97108347400655,-1.6094379124341005,46,0.05,2.130802110112529,-2.833213344056216,10,21,19,673.162922813729,35300,100,8,10
-0.0940667923219657,19.510078445216813,0.0,41,0.15,2.638975030061064,0.0,15,5,19,719.8412640945274,0.8287619683685001,20.26884559140319,-1.6094379124341005,43,0.05,2.3534342051202763,-1.6094379124341005,10,21,5,627.3590622943021,35350,100,8,10
-0.0303211620850112,19.525929581853912,0.0,41,0.13,2.63796839766966,-2.19722457733622,15,5,19,745.5855571140861,0.7871680848389111,20.75409667481584,-1.6094379124341005,45,0.04,2.32604303254414,-2.833213344056216,10,21,19,655.3948501277902,35400,100,8,10
-0.3711969607193803,19.267778531309347,0.0,38,0.15,2.6345163746844733,-2.19722457733622,15,5,19,720.9082700606554,1.1498366283125632,20.975935417492323,-1.6094379124341005,44,0.05,2.150227295516754,-2.833213344056216,9,21,19,678.3049845843856,35450,100,8,10
-0.0761496101253266,19.514056487590835,0.0,42,0.15,2.638975030061064,0.0,15,5,19,729.1003740742798,-0.395577682883345,20.27438324778985,-1.6094379124341005,44,0.05,2.3121559876082576,-2.833213344056216,10,21,19,677.574743059898,35500,100,8,10
-0.0999757415596881,19.51333911950595,0.0,44,0.14,2.6750634570794847,-2.19722457733622,14,5,19,741.7547305575696,1.1210388123412367,20.96144626355946,-1.6094379124341005,47,0.05,2.109380650416853,-2.833213344056216,10,21,19,671.5713876601679,35550,100,8,10
0.1993550884012369,19.76001785465883,0.0,42,0.15,2.6498175609293773,0.0,15,5,19,749.4956425386105,1.5306190144239722,20.70231001836149,-1.6094379124341005,45,0.05,2.140422278048086,-1.6094379124341005,10,21,19,675.305085500115,35600,100,8,10
0.2980727081166379,19.77141424498185,0.0,43,0.13,2.4916653379721097,-2.19722457733622,14,5,19,755.1663339314553,0.267052857374482,20.75559152821284,-1.6094379124341005,45,0.04,2.3032803661703314,-2.833213344056216,10,21,19,692.1620796543689,35650,100,8,10
-0.3884663516001677,19.258029740932404,0.0,41,0.14,2.63161143413008,-2.19722457733622,14,5,19,715.4037380916334,1.1768405106506996,20.965105364527748,-1.6094379124341005,46,0.05,2.150227295516754,-2.833213344056216,10,21,19,673.639302093528,35700,100,8,10
-0.1755419117027306,19.49898285544269,0.0,41,0.15,2.613520004830684,-2.19722457733622,15,5,19,722.5856991900133,0.5141097828198486,20.027187252640747,-1.6094379124341005,43,0.05,2.347266809007725,-2.833213344056216,10,21,19,647.3525352212068,35750,100,8,10
-0.0901428359733347,19.510531510324707,0.0,44,0.14,2.674064802378677,-2.19722457733622,15,5,19,741.1121320735641,1.1118673047801366,20.96031225858813,-1.6094379124341005,47,0.04,2.089185799528404,-2.833213344056216,10,21,19,670.0439288030195,35800,100,8,10
-0.7163976877969027,19.49507064917851,0.0,39,0.15,2.496212539692157,0.0,15,5,19,746.8236065559796,0.9160519676513292,21.20440461864981,-1.6094379124341005,45,0.05,2.1588718486819283,-1.6094379124341005,9,21,19,695.6263291620699,35850,100,8,10
0.2497380347788925,19.76701786443054,0.0,43,0.14,2.4802455875957263,-2.19722457733622,14,5,19,759.80127917637,-0.3813839513346745,20.26997036918546,-1.6094379124341005,44,0.05,2.3121559876082576,-2.833213344056216,10,21,19,676.1833964630597,35900,100,8,10
-0.1109755318914655,19.510507562927035,0.0,43,0.14,2.6675145820584767,-2.19722457733622,14,5,19,741.467487309735,1.1320383548183033,20.958274471723016,-1.6094379124341005,46,0.05,2.109380650416853,-2.833213344056216,10,21,19,670.4686927754846,35950,100,8,10
-0.2370185616339531,19.48418880403974,0.0,37,0.15,2.574518659567273,0.0,15,5,19,713.9814542378401,1.2582847775149073,20.46544278757573,-1.6094379124341005,41,0.05,2.247950764972673,-1.6094379124341005,10,21,5,644.2916351061015,36000,100,8,10
0.2430542868970026,19.758697850999283,0.0,40,0.13,2.642268685908369,-2.19722457733622,14,5,19,751.0008104690677,0.5679537638069521,20.50813406638066,-1.6094379124341005,43,0.04,2.287499192667075,-2.833213344056216,10,21,19,662.3067753918356,36050,100,8,10
-0.3461751661775268,19.26163112626472,0.0,40,0.15,2.6754947573537846,0.0,15,5,19,718.1387407427376,1.172436573119224,20.968191764522167,-1.6094379124341005,46,0.05,2.150227295516754,-2.833213344056216,9,21,19,676.5188741902905,36100,100,8,10
-0.1572501754530545,19.504116518338925,0.0,40,0.15,2.6220675345529147,-2.19722457733622,15,5,19,723.9737942002979,0.2499358092127407,20.27095266017601,-1.6094379124341005,42,0.05,2.3107470817148226,-2.833213344056216,10,21,19,672.0542905908974,36150,100,8,10
-0.0892088000926933,19.51077614660869,0.0,43,0.14,2.674064802378677,-2.19722457733622,15,5,19,741.138641088314,1.127027648024165,20.95910835804965,-1.6094379124341005,46,0.05,2.089185799528404,-2.833213344056216,10,21,19,671.6339841010935,36200,100,8,10
-0.0757026513045359,19.51131421937433,0.0,42,0.15,2.667096952352159,0.0,15,5,19,727.6942315328014,1.235385960713346,20.95689907395957,-1.6094379124341005,46,0.05,2.150227295516754,-1.6094379124341005,9,21,19,668.642531901333,36250,100,8,10
0.2343218677713059,19.77182816333845,0.0,43,0.13,2.519361284351964,-2.19722457733622,14,5,19,760.2234320269998,-0.0753101372103555,20.518420173188805,-1.6094379124341005,44,0.04,2.29711297005778,-2.833213344056216,10,21,19,701.2370471190483,36300,100,8,10
-0.0625177514928827,19.52444818927597,0.0,42,0.14,2.674064802378677,-2.19722457733622,14,5,19,744.3012779913516,1.0996750774719437,20.974626574490284,-1.6094379124341005,46,0.05,2.130802110112529,-2.833213344056216,10,21,19,674.2110603665693,36350,100,8,10
-0.1060369731325744,19.50563180091267,0.0,41,0.15,2.646523905082072,0.0,15,5,19,719.0546256113201,0.8366455418973885,20.26567106556825,-1.6094379124341005,43,0.05,2.3534342051202763,-1.6094379124341005,10,21,5,628.1248008154182,36400,100,8,10
-0.075344588951317,19.510796923493647,0.0,44,0.13,2.674064802378677,-2.19722457733622,15,5,19,742.5848717114357,0.8321915117061497,20.738217080014355,-1.6094379124341005,47,0.04,2.277495502857448,-2.833213344056216,10,21,19,650.9165748655741,36450,100,8,10
-0.4233229188515007,19.248971782615097,0.0,41,0.15,2.6345163746844737,-2.19722457733622,15,5,19,717.5975728246275,1.201962586445549,20.956724866204,-1.6094379124341005,46,0.05,2.150227295516754,-2.833213344056216,9,21,19,673.1230136702674,36500,100,8,10
-0.0868794570058801,19.508679334761403,0.0,40,0.15,2.606523905117854,0.0,15,5,19,727.9947022568966,-0.3688636508307064,20.26574072263964,-1.6094379124341005,43,0.05,2.279704862664885,-2.833213344056216,10,21,19,674.9444047865414,36550,100,8,10
-0.0807259005521427,19.518295000938377,0.0,44,0.14,2.6865159273561083,-2.19722457733622,14,5,19,742.968198549718,1.101788971334557,20.966997310404288,-1.6094379124341005,47,0.05,2.109380650416853,-2.833213344056216,10,21,19,673.504226248157,36600,100,8,10
0.1761747590660119,19.753070994493672,0.0,42,0.15,2.6498175609293773,0.0,15,5,19,747.9950895206134,1.5378151585886015,20.69886641357886,-1.6094379124341005,45,0.05,2.140422278048086,-1.6094379124341005,10,21,19,674.5155275394019,36650,100,8,10
0.2200374591793452,19.749390346266,0.0,43,0.13,2.621821996346112,-2.19722457733622,14,5,19,749.8588966657447,0.3167559728721889,20.740397706639545,-1.6094379124341005,45,0.04,2.263280366205913,-2.833213344056216,10,21,19,687.2098124697997,36700,100,8,10
-0.4203378544253546,19.24754951446176,0.0,41,0.14,2.6640625590732894,-2.19722457733622,14,5,19,712.9511134978343,1.208712013476752,20.95427981144564,-1.6094379124341005,46,0.05,2.150227295516754,-2.833213344056216,10,21,19,670.5010629998093,36750,100,8,10
-0.1491592223774027,19.506803304493456,0.0,41,0.15,2.6220675345529147,-2.19722457733622,15,5,19,724.488922016846,0.5160592269356643,20.026815267412537,-1.6094379124341005,43,0.05,2.3088917394422923,-2.833213344056216,10,21,19,647.2858155647546,36800,100,8,10
-0.0723251299186264,19.51638327539292,0.0,43,0.14,2.6865159273561083,-2.19722457733622,15,5,19,742.4040547516069,1.0940495987262933,20.966627670818784,-1.6094379124341005,47,0.04,2.089185799528404,-2.833213344056216,10,21,19,671.8140929756443,36850,100,8,10
-0.7318215727545204,19.490186027211017,0.0,41,0.15,2.496212539692157,0.0,15,5,19,746.0920594220098,0.9314758526096386,21.19976858602528,-1.6094379124341005,47,0.05,2.1588718486819283,-1.6094379124341005,9,21,19,694.0488320304639,36900,100,8,10
0.1927334578634375,19.750078860701983,0.0,43,0.14,2.6098175608877674,-2.19722457733622,14,5,19,755.7846326724316,-0.3350060505753207,20.256956221981486,-1.6094379124341005,44,0.05,2.279704862664885,-2.833213344056216,10,21,19,671.6059325050336,36950,100,8,10
-0.1668069092045538,19.499939077581782,0.0,40,0.15,2.6140930521349923,0.0,15,5,19,737.9654004190575,1.1878697321324296,20.94571490331716,-1.6094379124341005,43,0.06,2.089185799528404,-2.833213344056216,10,21,19,664.920262396294,37000,100,8,10
-0.2115404403626304,19.49660347775399,0.0,37,0.16,2.613520004830684,0.0,16,5,19,715.6662247854738,1.2434333324012434,20.474619725437275,-1.6094379124341005,41,0.06,2.3470972912003205,-1.6094379124341005,10,21,5,642.8468570134952,37050,100,8,10
0.2851561401714659,19.76730658801732,0.0,44,0.13,2.519361284351964,-2.19722457733622,14,5,19,754.3700734728975,0.5258519105332814,20.518092546486663,-1.6094379124341005,46,0.04,2.333010882570693,-2.833213344056216,10,21,19,666.4833853195439,37100,100,8,10
-0.356503776424631,19.25771487255712,0.0,41,0.15,2.6630436323763527,0.0,15,5,19,717.4160527277489,1.1827651833671935,20.96418722674903,-1.6094379124341005,46,0.05,2.150227295516754,-2.833213344056216,9,21,19,675.4946996868285,37150,100,8,10
-0.162417148913404,19.502352415512416,0.0,40,0.15,2.5896164096097047,-2.19722457733622,15,5,19,723.5598497719584,0.2551027826736686,20.26923167070267,-1.6094379124341005,43,0.05,2.27829595677145,-2.833213344056216,10,21,19,671.5633305774868,37200,100,8,10
-0.1477867340417437,19.49649114504282,0.0,43,0.14,2.607542831814792,-2.19722457733622,15,5,19,737.7593158024073,1.185605581974081,20.94290853062983,-1.6094379124341005,45,0.05,2.067014677059921,-2.833213344056216,10,21,19,665.7933907740232,37250,100,8,10
-0.1465180636491683,19.49322992615707,0.0,38,0.15,2.5999736847976536,0.0,15,5,19,722.7827943542864,1.306201373058944,20.93614105511236,-1.6094379124341005,43,0.05,2.130802110112529,-1.6094379124341005,9,21,19,661.6147135644812,37300,100,8,10
0.1946817419004201,19.759645253056952,0.0,43,0.13,2.4819141278923773,-2.19722457733622,14,5,19,757.532003620654,-0.044603127063967,20.509210710566744,-1.6094379124341005,44,0.04,2.2571129700933623,-2.833213344056216,10,21,19,698.179513316756,37350,100,8,10
-0.1022111999907711,19.511077014712843,0.0,42,0.14,2.63796839766966,-2.19722457733622,14,5,19,741.7078775853914,1.1393685259707835,20.96021642101769,-1.6094379124341005,46,0.05,2.130802110112529,-2.833213344056216,10,21,19,670.2614170530219,37400,100,8,10
-0.1300272672891145,19.497662369578897,0.0,41,0.15,2.606523905117854,0.0,15,5,19,717.3577965510557,0.8695689517799836,20.25386355672823,-1.6094379124341005,43,0.05,2.304886675433585,-1.6094379124341005,10,21,5,630.9557903745853,37450,100,8,10
-0.0681365912000439,19.51306565647144,0.0,44,0.13,2.674064802378677,-2.19722457733622,15,5,19,742.9992068705253,0.824983513955678,20.74061457825295,-1.6094379124341005,47,0.04,2.277495502857448,-2.833213344056216,10,21,19,651.6376964305633,37500,100,8,10
-0.4163674000998187,19.251531644671264,0.0,41,0.15,2.670612779393491,-2.19722457733622,15,5,19,718.2203666539651,1.1950070676947326,20.95933455005957,-1.6094379124341005,46,0.05,2.150227295516754,-2.833213344056216,9,21,19,673.7968378246418,37550,100,8,10
-0.0877173863157746,19.50864607903525,0.0,39,0.15,2.606523905117854,0.0,15,5,19,727.8474944770255,-0.3651558284026382,20.264925187925314,-1.6094379124341005,42,0.05,2.279704862664885,-2.833213344056216,10,21,19,674.5862760338779,37600,100,8,10
-0.0916666118210363,19.51456286663109,0.0,41,0.14,2.63796839766966,-2.19722457733622,14,5,19,742.4133554872535,1.1127296826043154,20.962990197824944,-1.6094379124341005,45,0.05,2.109380650416853,-2.833213344056216,10,21,19,672.4020512575015,37650,100,8,10
0.1520659637740878,19.74558866652165,0.0,42,0.15,2.60981756096516,0.0,15,5,19,746.2676254567835,1.5590540607639731,20.690782146156245,-1.6094379124341005,45,0.05,2.140422278048086,-1.6094379124341005,10,21,19,672.4206605725916,37700,100,8,10
0.246322707414532,19.75574834627025,0.0,43,0.13,2.479214213072269,-2.19722457733622,14,5,19,751.4835900792764,0.3111104408367728,20.74178341137342,-1.6094379124341005,45,0.04,2.263280366205913,-2.833213344056216,10,21,19,687.7737920227484,37750,100,8,10
-0.4017182991343968,19.252226011242005,0.0,41,0.14,2.6345163746844737,-2.19722457733622,14,5,19,714.3196348845511,1.190092458186659,20.959275866431952,-1.6094379124341005,46,0.05,2.150227295516754,-2.833213344056216,10,21,19,672.3309179138929,37800,100,8,10
-0.1881270451586115,19.49443636682049,0.0,41,0.15,2.5896164096097047,-2.19722457733622,15,5,19,721.6923691416038,0.53438733351866,20.019849877556,-1.6094379124341005,43,0.05,2.2987192793210336,-2.833213344056216,10,21,19,645.4164061352888,37850,100,8,10
-0.1375248939443231,19.49837737648052,0.0,41,0.14,2.6350634571152667,-2.19722457733622,15,5,19,737.8405060421857,1.1592493627528555,20.9466882265879,-1.6094379124341005,44,0.04,2.067014677059921,-2.833213344056216,11,21,19,665.3449084914172,37900,100,8,10
-0.7406838815227503,19.48873725799688,0.0,38,0.15,2.463208639440736,0.0,15,5,19,744.9067530530683,0.940338161378561,21.19835318701154,-1.6094379124341005,44,0.05,2.139847463452683,-2.833213344056216,9,21,19,693.2723370818419,37950,100,8,10
0.1846304258118279,19.750885899652072,0.0,40,0.14,2.585340918439872,-2.19722457733622,14,5,19,755.536525691987,-0.3189226155503472,20.255496248896225,-1.6094379124341005,41,0.05,2.2462320430559006,-2.833213344056216,10,21,19,669.9490541091141,38000,100,8,10
-0.1481142450738178,19.500616500629853,0.0,38,0.14,2.6140930521349923,-2.19722457733622,14,5,19,738.3689804315385,1.1691770680027325,20.94725675249963,-1.6094379124341005,43,0.05,2.089185799528404,-2.833213344056216,10,21,19,666.8267174805225,38050,100,8,10
-0.1812415753946639,19.496703332987646,0.0,41,0.15,2.6140930521349923,0.0,15,5,19,718.0764653499498,1.2051540644614709,20.47911769109737,-1.6094379124341005,44,0.05,2.31000223179031,-1.6094379124341005,10,21,19,639.5550602272962,38100,100,8,10
0.251476257539972,19.75705099002361,0.0,44,0.13,2.479214213072269,-2.19722457733622,14,5,19,751.8703769648017,0.5595317931654535,20.506880467590182,-1.6094379124341005,46,0.04,2.2844633528840013,-2.833213344056216,10,21,19,663.1288807157215,38150,100,8,10
-0.3738051620745412,19.25165805540566,0.0,41,0.15,2.626947227667336,0.0,15,5,19,716.3093644777741,1.2000665690179688,20.957941476044592,-1.6094379124341005,46,0.05,2.150227295516754,-2.833213344056216,9,21,19,673.7771078065108,38200,100,8,10
-0.1767102424977614,19.497586710025285,0.0,41,0.15,2.5896164096097047,-2.19722457733622,15,5,19,722.5416381808772,0.2693958762588018,20.26458094232144,-1.6094379124341005,43,0.05,2.27829595677145,-2.833213344056216,10,21,19,670.17130547625,38250,100,8,10
-0.1018617604129353,19.506557630719787,0.0,43,0.14,2.63796839766966,-2.19722457733622,15,5,19,740.3244673204847,1.1396806083461375,20.95455475453212,-1.6094379124341005,46,0.05,2.089185799528404,-2.833213344056216,10,21,19,670.3775835801812,38300,100,8,10
-0.1141605791948293,19.500501439874217,0.0,42,0.15,2.628095607088748,0.0,15,5,19,725.1243081291252,1.2738438886054877,20.944703258853828,-1.6094379124341005,46,0.05,2.150227295516754,-1.6094379124341005,9,21,19,664.80977098289,38350,100,8,10
0.1056700154213754,19.74371882648481,0.0,38,0.14,2.5892647856912023,-2.19722457733622,14,5,19,751.5322881576044,0.037137344073802,20.495267168334824,-1.6094379124341005,39,0.05,2.215092620762104,-2.833213344056216,10,21,19,690.0444915923972,38400,100,8,10
-0.1828710694214265,19.494991747455,0.0,35,0.15,2.6140930521349923,0.0,15,5,19,736.1587963463583,1.220028395402391,20.941249614725827,-1.6094379124341005,41,0.06,2.1109869596459374,-2.833213344056216,10,21,19,662.2599895577647,38450,100,8,10
-0.1498084418939693,19.49171947026023,0.0,37,0.15,2.606523905117854,0.0,15,5,19,715.9479419118019,0.8966213817276718,20.24503668587484,-1.6094379124341005,40,0.05,2.304886675433585,-1.6094379124341005,10,21,5,633.3817966701495,38500,100,8,10
-0.1188777238408625,19.49777539357261,0.0,44,0.13,2.6350634571152667,-2.19722457733622,15,5,19,739.8183011850324,0.8757246465973918,20.724376963564943,-1.6094379124341005,47,0.04,2.277495502857448,-2.833213344056216,10,21,19,646.5838315353365,38550,100,8,10
-0.4882520163331401,19.23008454513209,0.0,41,0.15,2.622645464608126,-2.19722457733622,15,5,19,713.6884453875505,1.266891683928919,20.936963516736487,-1.6094379124341005,45,0.05,2.150227295516754,-2.833213344056216,9,21,19,666.6484857445487,38600,100,8,10
-0.1387407918150948,19.494649289882847,0.0,40,0.15,2.606523905117854,0.0,15,5,19,724.1703182800754,-0.3157539440435132,20.25305484438352,-1.6094379124341005,41,0.05,2.2462320430559006,-2.833213344056216,10,21,19,669.6925664496873,38650,100,8,10
-0.1505888528861395,19.499476899536617,0.0,40,0.14,2.6140930521349923,-2.19722457733622,14,5,19,738.8286191646833,1.1716519236702847,20.94607521387297,-1.6094379124341005,43,0.05,2.089185799528404,-2.833213344056216,10,21,19,666.5393134451916,38700,100,8,10
0.1068842108516907,19.736056472811686,0.0,38,0.15,2.5816956386740646,0.0,15,5,19,743.0690807780014,1.6058573348280938,20.6773432874353,-1.6094379124341005,42,0.05,2.1206071275814944,-1.6094379124341005,10,21,19,667.8036903499551,38750,100,8,10
0.2139977649368146,19.74695624281242,0.0,42,0.13,2.630787965868084,-2.19722457733622,14,5,19,749.3778032785847,0.3336641415871378,20.735347694462565,-1.6094379124341005,45,0.04,2.263280366205913,-2.833213344056216,10,21,19,685.5224236990412,38800,100,8,10
-0.4394207073447849,19.2401171414473,0.0,39,0.14,2.6345163746844737,-2.19722457733622,14,5,19,711.8730659726891,1.2277948663979128,20.94673480199711,-1.6094379124341005,45,0.05,2.150227295516754,-2.833213344056216,10,21,19,668.5859035160585,38850,100,8,10
-0.2142115987365197,19.48674667877601,0.0,41,0.15,2.5859711298438977,-2.19722457733622,15,5,19,719.8722732902588,0.5702431288254786,20.00889114182975,-1.6094379124341005,43,0.05,2.2987192793210336,-2.833213344056216,10,21,19,641.9579268257881,38900,100,8,10
-0.1508311425824266,19.49298588199153,0.0,42,0.14,2.6260974875933125,-2.19722457733622,15,5,19,737.0258985446425,1.1725556113918243,20.941020397825863,-1.6094379124341005,46,0.04,2.089185799528404,-2.833213344056216,10,21,19,664.0280560719082,38950,100,8,10
-0.7611090019678215,19.48031529632143,0.0,39,0.15,2.44766501000566,0.0,15,5,19,743.8843746868733,0.9607632818243248,21.19041826035481,-1.6094379124341005,45,0.05,2.1588718486819283,-1.6094379124341005,9,21,19,691.1922020508317,39000,100,8,10
0.1789560215381478,19.74620337618325,0.0,40,0.14,2.444149182886601,-2.19722457733622,14,5,19,754.9504891651682,-0.3228483075282595,20.253703829998,-1.6094379124341005,42,0.05,2.279704862664885,-2.833213344056216,10,21,19,670.3806993326256,39050,100,8,10
-0.165324965392654,19.49339276959348,0.0,40,0.14,2.6350634571152667,-2.19722457733622,14,5,19,737.537660792624,1.1863877883226068,20.93969285273422,-1.6094379124341005,44,0.05,2.109380650416853,-2.833213344056216,10,21,19,665.0870967020229,39100,100,8,10
-0.2176667012644847,19.48679998187527,0.0,38,0.15,2.607542831814792,0.0,15,5,19,715.2873829677768,1.251179286584441,20.46442649960948,-1.6094379124341005,42,0.05,2.281011329898798,-1.6094379124341005,10,21,5,643.0972081344595,39150,100,8,10
0.163600286944221,19.740877243074056,0.0,41,0.14,2.60981756096516,-2.19722457733622,14,5,19,746.1908983969125,0.6474077637620184,20.4878203032088,-1.6094379124341005,43,0.05,2.2844633528840013,-2.833213344056216,10,21,19,654.3617666626377,39200,100,8,10
-0.5175295310396345,19.21747668659305,0.0,36,0.16,2.581474913341089,0.0,16,5,19,707.1579504799023,1.343790937983928,20.92087176558924,-1.6094379124341005,42,0.06,2.109380650416853,-2.833213344056216,10,21,19,659.5021111665752,39250,100,8,10
-0.2495992889599061,19.47876148200024,0.0,35,0.15,2.574518659567273,-2.19722457733622,15,5,19,717.1869466855637,0.3422849227215795,20.246135201334184,-1.6094379124341005,38,0.05,2.206047267422058,-2.833213344056216,11,21,19,663.1019546894178,39300,100,8,10
-0.1623300572362933,19.48997601437899,0.0,41,0.14,2.6260974875933125,-2.19722457733622,15,5,19,736.5221039588988,1.2001489051703609,20.9361225905114,-1.6094379124341005,45,0.05,2.089185799528404,-2.833213344056216,10,21,19,664.3550940963,39350,100,8,10
-0.1731801076813549,19.48419631800736,0.0,41,0.15,2.6031933571333,0.0,15,5,19,720.9858714320476,1.3328634170929028,20.926252804297867,-1.6094379124341005,45,0.05,2.150227295516754,-1.6094379124341005,9,21,19,658.9838351603692,39400,100,8,10
0.112769526592696,19.738646198313983,0.0,43,0.13,2.572881815661131,-2.19722457733622,14,5,19,751.916753359471,0.0151570623489122,20.49381290797705,-1.6094379124341005,44,0.04,2.223640150484377,-2.833213344056216,10,21,19,692.2415825624449,39450,100,8,10
-0.2171098800340149,19.48186611420964,0.0,40,0.14,2.5701894568819115,-2.19722457733622,14,5,19,734.4390679449588,1.2542672060159314,20.92733421672345,-1.6094379124341005,44,0.05,2.1109869596459374,-2.833213344056216,10,21,5,659.7310146830976,39500,100,8,10
-0.2675649667511843,19.46912290858075,0.0,32,0.16,2.483249887217252,0.0,16,5,19,707.7801979520048,1.0292586771400132,20.214768461484187,-1.6094379124341005,36,0.06,2.184221355626168,-1.6094379124341005,10,21,5,645.3188621727162,39550,100,8,10
-0.2075864769140041,19.480757346597336,0.0,37,0.14,2.5701894568819115,-2.19722457733622,15,5,19,733.7413541944444,0.9644333996713084,20.7051245862762,-1.6094379124341005,42,0.05,2.277495502857448,-2.833213344056216,10,21,5,653.1130568502875,39600,100,8,10
-0.5299313467774125,19.21952246206584,0.0,36,0.15,2.5661361369061053,-2.19722457733622,15,5,19,710.8647138907974,1.3085710143740572,20.925712102534,-1.6094379124341005,42,0.05,2.130802110112529,-2.833213344056216,9,21,19,662.5178326420315,39650,100,8,10
-0.2594036265919147,19.47063866157242,0.0,33,0.16,2.483249887217252,0.0,16,5,19,716.3342156986932,-0.2552282608264222,20.24092136009745,-1.6094379124341005,37,0.05,2.1607414634916786,-2.833213344056216,10,21,19,663.6926976337407,39700,100,8,10
-0.2732342752673956,19.47302079472617,0.0,33,0.15,2.524896206787864,0.0,15,5,19,730.6036001779162,1.294297346052406,20.91546195899969,-1.6094379124341005,38,0.06,2.067014677059921,-2.833213344056216,11,21,5,666.4673994506496,39750,100,8,10
0.0388673434219362,19.72169239737769,0.0,28,0.15,2.505340918477774,0.0,15,5,19,738.4263920672662,1.7340113538192252,20.644276991117664,-1.6094379124341005,33,0.06,1.948745983083916,-2.833213344056216,10,21,19,655.3356633102746,39800,100,8,10
0.032413778254714,19.718869424427403,0.0,26,0.15,2.487675794661369,0.0,15,5,19,737.4158283892234,0.463949141120823,20.711365761438465,-1.6094379124341005,32,0.05,2.5122790438423186,-2.833213344056216,12,21,19,672.5296225437263,39850,100,8,10
0.257123497189416,16.576360552343715,0.0,32,0.17,2.649653039311599,0.0,17,5,18,390.0174614024174,-0.0084979007853914,20.94328544514312,0.0,38,0.17,2.522216047889496,0.0,17,11,10,554.3688416768222,39900,100,8,10
1.0335141386367122,13.39497448708649,2.19722457733622,33,0.19,2.439697212094781,0.0,19,11,18,512.762896662168,-1.43614585824093,20.40336769208232,0.0,31,0.29,2.2916647238953254,0.0,29,11,18,841.8051143847343,39950,100,8,10
1.3854830351078655,13.76060680861121,2.19722457733622,32,0.19,2.4144039619664857,0.0,19,11,18,574.6454940032692,-2.135511631346248,21.287215721762983,0.0,32,0.27,1.7963031933179092,0.0,27,11,18,980.0147821810912,40000,100,8,10
1.424166014935951,13.765169315994118,2.19722457733622,32,0.18,2.428084099952501,3.218875824868201,19,11,18,569.4657054468494,-2.41796775657448,21.02529111299376,0.0,31,0.27,1.783318314174852,0.0,27,11,18,961.2979791069516,40050,100,8,10
1.364457260785633,13.765213357251438,2.19722457733622,32,0.18,2.437889117421012,0.0,18,11,18,576.2475303818544,-2.47212876059391,21.01767542313231,0.0,31,0.27,1.805923361253495,0.0,27,11,18,962.924153081968,40100,100,8,10
1.08255135468506,14.150713758623564,2.19722457733622,33,0.18,2.447509285356415,0.0,18,11,18,599.1230445618341,-2.764801398303722,21.214660882021665,0.0,31,0.27,1.7905831680206528,0.0,27,11,18,961.3314113449007,40150,100,8,10
1.4191791894997603,13.767738348909305,2.19722457733622,32,0.18,2.404598944497975,2.19722457733622,19,11,18,572.7789102652307,-2.450156514826934,21.01909978791285,0.0,31,0.28,1.783318314174852,0.0,28,11,18,961.6609372264612,40200,100,8,10
1.4087534230578511,13.761192346053596,2.19722457733622,32,0.18,2.404598944497975,2.19722457733622,19,11,18,571.130300688615,-2.764801398298252,21.21466088204486,0.0,31,0.27,1.7905831680206528,0.0,27,11,18,961.3314113460164,40250,100,8,10
1.3725057718588838,13.753211036389736,2.19722457733622,32,0.19,2.437889117421012,0.0,19,11,18,572.3317518527468,-2.4501565148171145,21.019099787956417,0.0,31,0.28,1.783318314174852,0.0,28,11,18,961.660937228168,40300,100,8,10
1.471465776271449,13.778770337107762,2.19722457733622,33,0.18,2.450923689259243,0.0,18,11,18,571.5546468855631,-2.764801398289809,21.214660882053856,0.0,32,0.27,1.7905831680206528,0.0,27,11,18,961.3314113463384,40350,100,8,10
1.4084994154912598,13.755826794936857,2.19722457733622,32,0.18,2.404598944497975,3.218875824868201,19,11,18,574.2625787421711,-2.4179677565685536,21.02529111301508,0.0,31,0.27,1.783318314174852,0.0,27,11,18,960.8133303831996,40400,100,8,10
1.6863466751610547,14.073683728908424,2.19722457733622,33,0.18,2.378730879807796,0.0,18,11,18,592.7465280389238,-2.135511631345725,21.28721572177061,0.0,32,0.27,1.7963031933179092,0.0,27,11,18,980.0147821811404,40450,100,8,10
1.361235700494581,13.77275928730642,2.19722457733622,32,0.18,2.3691107118723926,0.0,18,11,18,569.0312397233552,-2.4501565148237328,21.019099787922567,0.0,31,0.28,1.783318314174852,0.0,28,11,18,958.3633846442934,40500,100,8,10
1.4038103383255602,13.7721505065795,2.19722457733622,32,0.19,2.4144039619664857,0.0,19,11,18,575.872405845221,-2.135511631353531,21.287215721716407,0.0,32,0.27,1.7963031933179092,0.0,27,11,18,980.0147821791433,40550,100,8,10
1.4284659826864785,13.76805917981342,2.19722457733622,32,0.18,2.404598944497975,3.218875824868201,19,11,18,570.0808869037976,-2.4179677565770827,21.025291112972447,0.0,31,0.27,1.783318314174852,0.0,27,11,18,961.2979791062944,40600,100,8,10
1.380475999707777,13.77554399448012,2.19722457733622,32,0.18,2.4517573368994032,0.0,18,11,18,576.7839422820122,-2.4721287606030904,21.017675423080675,0.0,31,0.27,1.805923361253495,0.0,27,11,18,962.9241530795224,40650,100,8,10
1.0916281926441878,14.156624018527657,2.19722457733622,33,0.18,2.4679277251550134,0.0,18,11,18,600.6834851350932,-2.764801398308821,21.21466088198856,0.0,31,0.27,1.7905831680206528,0.0,27,11,18,961.3314113440704,40700,100,8,10
1.410556211814738,13.762106764035911,2.19722457733622,32,0.18,2.404598944497975,2.19722457733622,19,11,18,571.7663434762588,-2.450156514820504,21.01909978793316,0.0,31,0.28,1.783318314174852,0.0,28,11,18,961.6609372271552,40750,100,8,10
1.4245866124233073,13.770825413322408,2.19722457733622,32,0.18,2.404598944497975,2.19722457733622,19,11,18,572.0422086244489,-2.7648013983038275,21.21466088200957,0.0,31,0.27,1.7905831680206528,0.0,27,11,18,961.3314113443691,40800,100,8,10
1.3850180409425468,13.760927321055243,2.19722457733622,32,0.19,2.4144039619664857,0.0,19,11,18,573.3389698319677,-2.450156514821615,21.01909978792636,0.0,31,0.28,1.783318314174852,0.0,28,11,18,961.6609372270168,40850,100,8,10
1.466996288091425,13.7758386174483,2.19722457733622,33,0.18,2.425630439130948,0.0,18,11,18,571.1416375227546,-2.764801398278199,21.214660882074703,0.0,32,0.27,1.7905831680206528,0.0,27,11,18,961.3314113471906,40900,100,8,10
1.4210514333994748,13.763632083080967,2.19722457733622,32,0.18,2.428084099952501,3.218875824868201,19,11,18,574.4617787361543,-2.417967756574057,21.02529111298041,0.0,31,0.27,1.783318314174852,0.0,27,11,18,960.8133303813064,40950,100,8,10
1.703161088399776,14.083416079374588,2.19722457733622,33,0.18,2.424024129901889,0.0,18,11,18,594.0895998453963,-2.1355116313569686,21.2872157217236,0.0,32,0.27,1.7963031933179092,0.0,27,11,18,980.0147821795096,41000,100,8,10
1.356106214531207,13.769492057675158,2.19722457733622,32,0.18,2.4144039619664857,0.0,18,11,18,568.3674329759516,-2.450156514820645,21.019099787927463,0.0,31,0.28,1.783318314174852,0.0,28,11,18,958.3633846443088,41050,100,8,10
1.389480862596877,13.763624753372696,2.19722457733622,32,0.19,2.437889117421012,0.0,19,11,18,575.5353917557213,-2.135511631351642,21.287215721725595,0.0,32,0.27,1.7963031933179092,0.0,27,11,18,980.0147821795048,41100,100,8,10
1.4253537714028532,13.766444186209997,2.19722457733622,32,0.18,2.428084099952501,3.218875824868201,19,11,18,569.6772990318607,-2.417967756576744,21.025291112964684,0.0,31,0.27,1.783318314174852,0.0,27,11,18,961.297979106086,41150,100,8,10
1.3472845311072907,13.754915796495869,2.19722457733622,32,0.18,2.4144039619664857,0.0,18,11,18,575.3905554322461,-2.472128760586627,21.017675423147224,0.0,31,0.27,1.805923361253495,0.0,27,11,18,962.9241530825116,41200,100,8,10
1.0447293175119912,14.126977843925628,2.19722457733622,33,0.18,2.3787308798077955,0.0,18,11,18,596.6748455800811,-2.764801398283812,21.214660882093344,0.0,31,0.27,1.7905831680206528,0.0,27,11,18,961.3314113478316,41250,100,8,10
1.40666147573429,13.759569467495927,2.19722457733622,32,0.18,2.359305694403882,2.19722457733622,19,11,18,571.1768688527608,-2.450156514816945,21.01909978794022,0.0,31,0.28,1.783318314174852,0.0,28,11,18,961.660937227138,41300,100,8,10
1.4203139531430766,13.768208933833153,2.19722457733622,32,0.18,2.428084099952501,2.19722457733622,19,11,18,571.8107646049649,-2.764801398301152,21.21466088201207,0.0,31,0.27,1.7905831680206528,0.0,27,11,18,961.3314113444524,41350,100,8,10
1.3871614123879,13.761954019891368,2.19722457733622,32,0.19,2.437889117421012,0.0,19,11,18,572.5557102331356,-2.4501565148200983,21.019099787924013,0.0,31,0.28,1.783318314174852,0.0,28,11,18,961.660937226707,41400,100,8,10
1.4787304566504895,13.782627306096378,2.19722457733622,33,0.18,2.3787308798077955,0.0,18,11,18,572.0409397017835,-2.764801398284056,21.21466088204985,0.0,32,0.27,1.7905831680206528,0.0,27,11,18,961.3314113458744,41450,100,8,10
1.4342461304270389,13.77164541026317,2.19722457733622,32,0.18,2.428084099952501,3.218875824868201,19,11,18,575.2838684136293,-2.417967756578661,21.025291112949887,0.0,31,0.27,1.783318314174852,0.0,27,11,18,960.813330380206,41500,100,8,10
1.6925320228006009,14.077314314734153,2.19722457733622,33,0.18,2.4475092853564155,0.0,18,11,18,593.7834427551629,-2.1355116313501976,21.28721572173924,0.0,32,0.27,1.7963031933179092,0.0,27,11,18,980.0147821802406,41550,100,8,10
1.3441017329176066,13.762104704025983,2.19722457733622,32,0.18,2.4144039619664857,0.0,18,11,18,567.0682594457382,-2.45015651481474,21.019099787945347,0.0,31,0.28,1.783318314174852,0.0,28,11,18,958.3633846447352,41600,100,8,10
1.3931467924436418,13.765692305493042,2.19722457733622,32,0.19,2.437889117421012,0.0,19,11,18,575.9381816981734,-2.1355116313494187,21.287215721721136,0.0,32,0.27,1.7963031933179092,0.0,27,11,18,980.0147821794428,41650,100,8,10
1.414637555141698,13.759717152545326,2.19722457733622,32,0.18,2.4419523194308925,3.218875824868201,19,11,18,569.0618980383632,-2.4179677565702566,21.02529111298523,0.0,31,0.27,1.783318314174852,0.0,27,11,18,961.2979791067884,41700,100,8,10
1.361892675318405,13.763755831791505,2.19722457733622,32,0.18,2.437889117421012,0.0,18,11,18,575.7766386475171,-2.4721287605911755,21.01767542311693,0.0,31,0.27,1.805923361253495,0.0,27,11,18,962.9241530810953,41750,100,8,10
1.0890795407339708,14.154777335413485,2.19722457733622,33,0.18,2.447509285356415,0.0,18,11,18,599.5237838959579,-2.7648013983040443,21.214660881990927,0.0,31,0.27,1.7905831680206528,0.0,27,11,18,961.3314113435246,41800,100,8,10
1.4183667978592067,13.76747168877969,2.19722457733622,32,0.18,2.428084099952501,2.19722457733622,19,11,18,573.1670238216358,-2.4501565148257924,21.01909978789013,0.0,31,0.28,1.783318314174852,0.0,28,11,18,961.6609372255726,41850,100,8,10
1.3716389324822065,13.738883890372184,2.19722457733622,32,0.18,2.359305694403882,2.19722457733622,19,11,18,569.4036781485187,-2.764801398281848,21.21466088209073,0.0,31,0.27,1.7905831680206528,0.0,27,11,18,961.3314113481064,41900,100,8,10
1.357617253713324,13.743847384698496,2.19722457733622,32,0.19,2.3691107118723926,0.0,19,11,18,569.982306675868,-2.4501565148065296,21.019099787977204,0.0,31,0.28,1.783318314174852,0.0,28,11,18,961.6609372284968,41950,100,8,10
1.4866790600794573,13.78705664038202,2.19722457733622,33,0.18,2.3787308798077955,0.0,18,11,18,572.8579973929623,-2.764801398285399,21.214660882036263,0.0,32,0.27,1.7905831680206528,0.0,27,11,18,961.33141134549,42000,100,8,10
1.408320201922597,13.755419726976806,2.19722457733622,32,0.18,2.359305694403882,3.218875824868201,19,11,18,574.2026458489146,-2.417967756564393,21.02529111300626,0.0,31,0.27,1.783318314174852,0.0,27,11,18,960.8133303827196,42050,100,8,10
1.6920983244283778,14.076773379336371,2.19722457733622,33,0.18,2.378730879807796,0.0,18,11,18,592.7676113013446,-2.1355116313429146,21.287215721750407,0.0,32,0.27,1.7963031933179092,0.0,27,11,18,980.014782180392,42100,100,8,10
1.362175521212476,13.773356249267811,2.19722457733622,32,0.18,2.4144039619664857,0.0,18,11,18,568.823685377079,-2.450156514822272,21.01909978790131,0.0,31,0.28,1.783318314174852,0.0,28,11,18,958.3633846431744,42150,100,8,10
1.3972985754299003,13.76831528955741,2.19722457733622,32,0.19,2.437889117421012,0.0,19,11,18,575.3202883228271,-2.1355116313544795,21.287215721699827,0.0,32,0.27,1.7963031933179092,0.0,27,11,18,980.0147821783876,42200,100,8,10
1.4366487542054802,13.77295936990032,2.19722457733622,32,0.18,2.404598944497975,3.218875824868201,19,11,18,570.2416256636787,-2.4179677565774496,21.02529111294278,0.0,31,0.27,1.783318314174852,0.0,27,11,18,961.2979791047864,42250,100,8,10
1.3650491100159652,13.766305277962312,2.19722457733622,32,0.18,2.3691107118723926,0.0,18,11,18,576.7424945745595,-2.472128760594485,21.01767542309236,0.0,31,0.27,1.805923361253495,0.0,27,11,18,962.9241530802592,42300,100,8,10
1.041139739355465,14.12592781254165,2.19722457733622,33,0.18,2.424024129901889,0.0,18,11,18,597.2834374368247,-2.764801398286809,21.214660882060105,0.0,31,0.27,1.7905831680206528,0.0,27,11,18,961.331411346816,42350,100,8,10
1.3922987846248356,13.751949000467212,2.19722457733622,32,0.18,2.4419523194308925,2.19722457733622,19,11,18,570.104439753917,-2.4501565148159754,21.019099787926034,0.0,31,0.28,1.783318314174852,0.0,28,11,18,961.6609372263651,42400,100,8,10
1.4059989787622993,13.759762949784694,2.19722457733622,32,0.18,2.428084099952501,2.19722457733622,19,11,18,571.5965039336022,-2.7648013982950665,21.21466088202043,0.0,31,0.27,1.7905831680206528,0.0,27,11,18,961.3314113451892,42450,100,8,10
1.375840369740934,13.754593063154209,2.19722457733622,32,0.19,2.3691107118723926,0.0,19,11,18,571.858032831874,-2.450156514811389,21.01909978794549,0.0,31,0.28,1.783318314174852,0.0,28,11,18,961.6609372274384,42500,100,8,10
1.4771304174003776,13.781595598937637,2.19722457733622,33,0.18,2.425630439130948,0.0,18,11,18,572.3063592379824,-2.764801398279002,21.21466088204564,0.0,32,0.27,1.7905831680206528,0.0,27,11,18,961.3314113459272,42550,100,8,10
1.4161615126942826,13.76045331889184,2.19722457733622,32,0.18,2.404598944497975,3.218875824868201,19,11,18,574.2905088345108,-2.417967756568401,21.025291112978483,0.0,31,0.27,1.783318314174852,0.0,27,11,18,960.8133303812766,42600,100,8,10
1.7167772985264458,14.0912762200838,2.19722457733622,33,0.18,2.4613775048348066,0.0,18,11,18,594.5549779651938,-2.135511631356421,21.28721572168576,0.0,32,0.27,1.7963031933179092,0.0,27,11,18,980.0147821779055,42650,100,8,10
1.362471693002126,13.774064485139904,2.19722457733622,32,0.18,2.45830755721961,0.0,18,11,18,569.1681458112652,-2.45015651482446,21.01909978788191,0.0,31,0.28,1.783318314174852,0.0,28,11,18,958.363384642496,42700,100,8,10
1.3854102411866325,13.761096981193475,2.19722457733622,32,0.19,2.437889117421012,0.0,19,11,18,574.6049764757524,-2.135511631350299,21.28721572171441,0.0,32,0.27,1.7963031933179092,0.0,27,11,18,980.0147821789858,42750,100,8,10
1.4244084185902233,13.765734152661608,2.19722457733622,32,0.18,2.428084099952501,3.218875824868201,19,11,18,569.6180385243589,-2.4179677565728115,21.02529111295481,0.0,31,0.27,1.783318314174852,0.0,27,11,18,961.297979105385,42800,100,8,10
1.3577043843716852,13.761983454788156,2.19722457733622,32,0.18,2.437889117421012,0.0,18,11,18,575.716935498728,-2.4721287605918056,21.017675423095376,0.0,31,0.27,1.805923361253495,0.0,27,11,18,962.9241530802968,42850,100,8,10
1.059525190698141,14.136474124645678,2.19722457733622,33,0.18,2.424024129901889,0.0,18,11,18,597.9998695948701,-2.764801398289139,21.21466088203968,0.0,31,0.27,1.7905831680206528,0.0,27,11,18,961.3314113458512,42900,100,8,10
1.3895060630758038,13.7492664821406,2.19722457733622,32,0.18,2.359305694403882,2.19722457733622,19,11,18,570.7333728432028,-2.4501565148085755,21.019099787950804,0.0,31,0.28,1.783318314174852,0.0,28,11,18,961.6609372276052,42950,100,8,10
1.3779922648066605,13.742781186029742,2.19722457733622,32,0.18,2.359305694403882,2.19722457733622,19,11,18,569.1600737307177,-2.764801398282858,21.214660882066585,0.0,31,0.27,1.7905831680206528,0.0,27,11,18,961.3314113468234,43000,100,8,10
1.3871315822707015,13.762418732369332,2.19722457733622,32,0.19,2.3691107118723926,0.0,19,11,18,571.614473269456,-2.4501565148203124,21.019099787895044,0.0,31,0.28,1.783318314174852,0.0,28,11,18,961.660937224938,43050,100,8,10
1.4932064216278922,13.79173721854443,2.19722457733622,33,0.18,2.3787308798077955,0.0,18,11,18,573.7191975343592,-2.764801398296912,21.214660881981896,0.0,32,0.27,1.7905831680206528,0.0,27,11,18,961.331411343486,43100,100,8,10
1.4022106024681398,13.752249788093806,2.19722457733622,32,0.18,2.404598944497975,3.218875824868201,19,11,18,573.585020232747,-2.417967756563216,21.02529111299303,0.0,31,0.27,1.783318314174852,0.0,27,11,18,960.8133303818804,43150,100,8,10
1.688244133596,14.074775282161232,2.19722457733622,33,0.18,2.424024129901889,0.0,18,11,18,593.0777845108471,-2.135511631336691,21.287215721748304,0.0,32,0.27,1.7963031933179092,0.0,27,11,18,980.0147821805926,43200,100,8,10
1.3550356777005204,13.76857082579108,2.19722457733622,32,0.18,2.3691107118723926,0.0,18,11,18,568.3132498228301,-2.4501565148153004,21.01909978791478,0.0,31,0.28,1.783318314174852,0.0,28,11,18,958.3633846437268,43250,100,8,10
1.3978445388316485,13.768416876848296,2.19722457733622,32,0.19,2.437889117421012,0.0,19,11,18,575.5735569188387,-2.1355116313502016,21.28721572169594,0.0,32,0.27,1.7963031933179092,0.0,27,11,18,980.0147821781836,43300,100,8,10
1.4293537433385413,13.76866852231317,2.19722457733622,32,0.18,2.428084099952501,3.218875824868201,19,11,18,569.9070255801436,-2.4179677565739883,21.025291112940074,0.0,31,0.27,1.783318314174852,0.0,27,11,18,961.2979791047208,43350,100,8,10
1.3773063673999,13.773376987628303,2.19722457733622,32,0.18,2.4144039619664857,0.0,18,11,18,576.6566590690846,-2.4721287605962163,21.01767542306572,0.0,31,0.27,1.805923361253495,0.0,27,11,18,962.9241530789728,43400,100,8,10
1.094728976724379,14.158267668659136,2.19722457733622,33,0.18,2.461377504834806,0.0,18,11,18,600.0737120538096,-2.7648013983036943,21.21466088196327,0.0,31,0.27,1.7905831680206528,0.0,27,11,18,961.3314113424656,43450,100,8,10
1.4064232974877189,13.760044477352512,2.19722457733622,32,0.18,2.428084099952501,2.19722457733622,19,11,18,571.8472055919102,-2.4501565148169098,21.01909978790307,0.0,31,0.28,1.783318314174852,0.0,28,11,18,961.6609372258508,43500,100,8,10
1.3968001134181165,13.753903467344632,2.19722457733622,32,0.18,2.359305694403882,2.19722457733622,19,11,18,570.0945782566516,-2.7648013982875,21.214660882035574,0.0,31,0.27,1.7905831680206528,0.0,27,11,18,961.3314113452838,43550,100,8,10
1.371367880632751,13.752449085831906,2.19722457733622,32,0.19,2.3691107118723926,0.0,19,11,18,571.5659750223175,-2.4501565148111326,21.019099787928013,0.0,31,0.28,1.783318314174852,0.0,28,11,18,961.6609372267836,43600,100,8,10
1.448868071824537,13.76489047773095,2.19722457733622,33,0.18,2.3787308798077955,0.0,18,11,18,570.4769957473504,-2.764801398279701,21.21466088205936,0.0,32,0.27,1.7905831680206528,0.0,27,11,18,961.3314113462372,43650,100,8,10
1.4026883906603522,13.7525097022206,2.19722457733622,32,0.18,2.404598944497975,3.218875824868201,19,11,18,573.2098150191554,-2.417967756562302,21.02529111298792,0.0,31,0.27,1.783318314174852,0.0,27,11,18,960.8133303816518,43700,100,8,10
1.706674211210252,14.085555488134077,2.19722457733622,33,0.18,2.424024129901889,0.0,18,11,18,593.9177067300496,-2.135511631341315,21.28721572170891,0.0,32,0.27,1.7963031933179092,0.0,27,11,18,980.0147821787864,43750,100,8,10
1.3543925064425395,13.768779306273585,2.19722457733622,32,0.18,2.3691107118723926,0.0,18,11,18,569.0197026795448,-2.450156514817136,21.019099787897,0.0,31,0.28,1.783318314174852,0.0,28,11,18,958.3633846429924,43800,100,8,10
1.388185343957001,13.762953538375028,2.19722457733622,32,0.19,2.3691107118723926,0.0,19,11,18,575.063323196692,-2.1355116313478613,21.28721572169869,0.0,32,0.27,1.7963031933179092,0.0,27,11,18,980.0147821785212,43850,100,8,10
1.432622152073968,13.770470789284923,2.19722457733622,32,0.18,2.404598944497975,3.218875824868201,19,11,18,570.2865234474464,-2.4179677565734203,21.025291112933363,0.0,31,0.27,1.783318314174852,0.0,27,11,18,961.2979791045606,43900,100,8,10
1.360837529961016,13.763257682733634,2.19722457733622,32,0.18,2.4144039619664857,0.0,18,11,18,576.4567547085123,-2.472128760588123,21.01767542309369,0.0,31,0.27,1.805923361253495,0.0,27,11,18,962.9241530803364,43950,100,8,10
1.064868760345509,14.139783003983018,2.19722457733622,33,0.18,2.424024129901889,0.0,18,11,18,598.2174932920733,-2.76480139828988,21.21466088201678,0.0,31,0.27,1.7905831680206528,0.0,27,11,18,961.3314113447964,44000,100,8,10
1.3890760907380806,13.749636286295877,2.19722457733622,32,0.18,2.404598944497975,2.19722457733622,19,11,18,570.8431155326341,-2.4501565148099456,21.019099787925835,0.0,31,0.28,1.783318314174852,0.0,28,11,18,961.6609372266709,44050,100,8,10
1.3779102964835397,13.742643269732396,2.19722457733622,32,0.18,2.359305694403882,2.19722457733622,19,11,18,569.1968596506855,-2.764801398280276,21.214660882058908,0.0,31,0.27,1.7905831680206528,0.0,27,11,18,961.3314113464096,44100,100,8,10
1.3747563500266315,13.754115082253636,2.19722457733622,32,0.19,2.3691107118723926,0.0,19,11,18,571.6376686851946,-2.450156514809624,21.01909978792564,0.0,31,0.28,1.783318314174852,0.0,28,11,18,961.660937226546,44150,100,8,10
1.4738988526755372,13.779627210877363,2.19722457733622,33,0.18,2.3787308798077955,0.0,18,11,18,572.252860270671,-2.764801398285676,21.214660882017707,0.0,32,0.27,1.7905831680206528,0.0,27,11,18,961.3314113446888,44200,100,8,10
1.411107042802464,13.757327990808886,2.19722457733622,32,0.18,2.359305694403882,3.218875824868201,19,11,18,574.1205670763826,-2.417967756563555,21.02529111297282,0.0,31,0.27,1.783318314174852,0.0,27,11,18,960.8133303810712,44250,100,8,10
1.7010085453053754,14.082484156016482,2.19722457733622,33,0.18,2.424024129901889,0.0,18,11,18,593.9254016182703,-2.135511631338096,21.287215721711,0.0,32,0.27,1.7963031933179092,0.0,27,11,18,980.0147821790588,44300,100,8,10
1.355976361010407,13.769621165841594,2.19722457733622,32,0.18,2.4144039619664857,0.0,18,11,18,568.5323029724277,-2.4501565148165123,21.019099787890543,0.0,31,0.28,1.783318314174852,0.0,28,11,18,958.363384642748,44350,100,8,10
1.3808840734799468,13.75794572241983,2.19722457733622,32,0.19,2.3691107118723926,0.0,19,11,18,575.0568791110325,-2.135511631344192,21.28721572171445,0.0,32,0.27,1.7963031933179092,0.0,27,11,18,980.0147821790536,44400,100,8,10
1.405058703906646,13.753847732640718,2.19722457733622,32,0.18,2.359305694403882,3.218875824868201,19,11,18,568.8759809815363,-2.417967756562046,21.02529111297641,0.0,31,0.27,1.783318314174852,0.0,27,11,18,961.2979791064092,44450,100,8,10
1.3452518173641113,13.75392311902502,2.19722457733622,32,0.18,2.3691107118723926,0.0,18,11,18,574.9909491628212,-2.472128760582004,21.017675423112568,0.0,31,0.27,1.805923361253495,0.0,27,11,18,962.92415308099,44500,100,8,10
1.0647392507488638,14.139648960899532,2.19722457733622,33,0.18,2.3787308798077955,0.0,18,11,18,598.0314234719799,-2.764801398288104,21.21466088201516,0.0,31,0.27,1.7905831680206528,0.0,27,11,18,961.331411344603,44550,100,8,10
1.379323341032423,13.743422690119564,2.19722457733622,32,0.18,2.359305694403882,2.19722457733622,19,11,18,570.3822008932779,-2.4501565148036177,21.019099787945663,0.0,31,0.28,1.783318314174852,0.0,28,11,18,961.660937227543,44600,100,8,10
1.3594282331087073,13.731585982664926,2.19722457733622,32,0.18,2.359305694403882,2.19722457733622,19,11,18,567.7369861657712,-2.7648013982733834,21.214660882080715,0.0,31,0.27,1.7905831680206528,0.0,27,11,18,961.3314113471264,44650,100,8,10
1.3703013066336631,13.752010384409584,2.19722457733622,32,0.19,2.3691107118723926,0.0,19,11,18,570.9846572368115,-2.450156514809977,21.019099787914687,0.0,31,0.28,1.783318314174852,0.0,28,11,18,961.6609372259747,44700,100,8,10
1.4695173147597516,13.778007769239728,2.19722457733622,33,0.18,2.425630439130948,0.0,18,11,18,571.8639931261896,-2.764801398276447,21.21466088201693,0.0,32,0.27,1.7905831680206528,0.0,27,11,18,961.331411344656,44750,100,8,10
1.4137659791842745,13.759717569643296,2.19722457733622,32,0.18,2.404598944497975,3.218875824868201,19,11,18,573.8650627412502,-2.417967756567564,21.02529111294504,0.0,31,0.27,1.783318314174852,0.0,27,11,18,960.8133303797446,44800,100,8,10
1.710696265624438,14.087689156756651,2.19722457733622,33,0.18,2.378730879807796,0.0,18,11,18,594.663176392652,-2.1355116313527454,21.2872157216738,0.0,32,0.27,1.7963031933179092,0.0,27,11,18,980.014782177476,44850,100,8,10
1.3347925866498769,13.75680541506864,2.19722457733622,32,0.18,2.4144039619664857,0.0,18,11,18,567.9441862515467,-2.450156514808184,21.0190997879196,0.0,31,0.28,1.783318314174852,0.0,28,11,18,958.3633846439486,44900,100,8,10
1.3598607479371017,13.746007888405948,2.19722457733622,32,0.19,2.4144039619664857,0.0,19,11,18,573.3448039492228,-2.13551163133731,21.28721572173169,0.0,32,0.27,1.7963031933179092,0.0,27,11,18,980.0147821797308,44950,100,8,10
1.4099929743203925,13.757215082507276,2.19722457733622,32,0.18,2.359305694403882,3.218875824868201,19,11,18,568.8538021269599,-2.4179677565642264,21.02529111295705,0.0,31,0.27,1.783318314174852,0.0,27,11,18,961.2979791054572,45000,100,8,10
1.3632976537749308,13.765040136378085,2.19722457733622,32,0.18,2.3691107118723926,0.0,18,11,18,575.9493165214238,-2.472128760588905,21.01767542307143,0.0,31,0.27,1.805923361253495,0.0,27,11,18,962.9241530790896,45050,100,8,10
1.0625206643739356,14.138329410992707,2.19722457733622,33,0.18,2.3787308798077955,0.0,18,11,18,598.4476624232612,-2.7648013982869024,21.214660882010904,0.0,31,0.27,1.7905831680206528,0.0,27,11,18,961.3314113446544,45100,100,8,10
1.3856765406279172,13.74737899231691,2.19722457733622,32,0.18,2.359305694403882,2.19722457733622,19,11,18,570.2742173859796,-2.450156514805875,21.01909978792593,0.0,31,0.28,1.783318314174852,0.0,28,11,18,961.6609372263576,45150,100,8,10
1.3873162825614185,13.748203173608244,2.19722457733622,32,0.18,2.359305694403882,2.19722457733622,19,11,18,569.9637993514038,-2.764801398281591,21.21466088203337,0.0,31,0.27,1.7905831680206528,0.0,27,11,18,961.3314113454596,45200,100,8,10
1.3675388235646528,13.749385025477988,2.19722457733622,32,0.19,2.3691107118723926,0.0,19,11,18,571.3122213798517,-2.450156514803635,21.01909978793457,0.0,31,0.28,1.783318314174852,0.0,28,11,18,961.6609372267656,45250,100,8,10
1.4520196924207114,13.766798379800557,2.19722457733622,33,0.18,2.3787308798077955,0.0,18,11,18,570.9933384052679,-2.7648013982674886,21.214660882054137,0.0,32,0.27,1.7905831680206528,0.0,27,11,18,961.33141134624,45300,100,8,10
1.3785918374796209,13.737784805518524,2.19722457733622,32,0.18,2.359305694403882,3.218875824868201,19,11,18,571.8142259716536,-2.4179677565498685,21.0252911130172,0.0,31,0.27,1.783318314174852,0.0,27,11,18,960.8133303827814,45350,100,8,10
1.6967477579159984,14.079531566923563,2.19722457733622,33,0.18,2.378730879807796,0.0,18,11,18,592.8548076535993,-2.1355116313440083,21.28721572170075,0.0,32,0.27,1.7963031933179092,0.0,27,11,18,980.0147821780632,45400,100,8,10
1.3358390784002632,13.757611740809116,2.19722457733622,32,0.18,2.3691107118723926,0.0,18,11,18,568.1952332050807,-2.4501565148082736,21.01909978790985,0.0,31,0.28,1.783318314174852,0.0,28,11,18,958.3633846436828,45450,100,8,10
1.35630921905564,13.743597884456166,2.19722457733622,32,0.19,2.3691107118723926,0.0,19,11,18,572.391903608157,-2.1355116313334754,21.287215721737933,0.0,32,0.27,1.7963031933179092,0.0,27,11,18,980.01478217967,45500,100,8,10
1.4050042823481508,13.754048491103728,2.19722457733622,32,0.18,2.359305694403882,3.218875824868201,19,11,18,569.09554683209,-2.4179677565607927,21.025291112963536,0.0,31,0.27,1.783318314174852,0.0,27,11,18,961.2979791057984,45550,100,8,10
1.321339181201379,13.739701589682497,2.19722457733622,32,0.18,2.3691107118723926,0.0,18,11,18,573.4697690497268,-2.472128760572228,21.017675423138964,0.0,31,0.27,1.805923361253495,0.0,27,11,18,962.9241530819664,45600,100,8,10
1.0157512908919162,14.110078831423095,2.19722457733622,33,0.18,2.3787308798077955,0.0,18,11,18,595.3134132129364,-2.7648013982701314,21.21466088207796,0.0,31,0.27,1.7905831680206528,0.0,27,11,18,961.331411347147,45650,100,8,10
1.3459809549576929,13.72334280993809,2.19722457733622,31,0.18,2.359305694403882,2.19722457733622,19,11,18,567.4550369442975,-2.450156514790568,21.01909978798713,0.0,31,0.28,1.783318314174852,0.0,28,11,18,961.6609372289206,45700,100,8,10
1.367226597581101,13.736221673251164,2.19722457733622,32,0.18,2.404598944497975,2.19722457733622,19,11,18,567.945818227445,-2.76480139827454,21.21466088205592,0.0,31,0.27,1.7905831680206528,0.0,27,11,18,961.3314113459764,45750,100,8,10
1.3601526499336776,13.745802449160424,2.19722457733622,32,0.19,2.4144039619664857,0.0,19,11,18,571.0643210515468,-2.4501565148047844,21.019099787919952,0.0,31,0.28,1.783318314174852,0.0,28,11,18,961.66093722626,45800,100,8,10
1.4737358060992454,13.779916970286198,2.19722457733622,33,0.18,2.3787308798077955,0.0,18,11,18,571.5087585333516,-2.764801398276918,21.214660882004747,0.0,32,0.27,1.7905831680206528,0.0,27,11,18,961.3314113439724,45850,100,8,10
1.4247477811743403,13.76587733237356,2.19722457733622,32,0.18,2.359305694403882,3.218875824868201,19,11,18,575.2796567639316,-2.417967756567875,21.02529111292496,0.0,31,0.27,1.783318314174852,0.0,27,11,18,960.8133303791092,45900,100,8,10
1.6820118458617452,14.071854679773397,2.19722457733622,33,0.18,2.378730879807796,0.0,18,11,18,593.0120451357601,-2.13551163134072,21.287215721706065,0.0,32,0.27,1.7963031933179092,0.0,27,11,18,980.0147821787626,45950,100,8,10
1.3473014833594932,13.764646119995554,2.19722457733622,32,0.18,2.3691107118723926,0.0,18,11,18,567.4671973507906,-2.4501565148120816,21.019099787882976,0.0,31,0.28,1.783318314174852,0.0,28,11,18,958.363384642228,46000,100,8,10
1.3942106573137638,13.766039854888312,2.19722457733622,32,0.19,2.3691107118723926,0.0,19,11,18,575.7718349275216,-2.1355116313440057,21.287215721678336,0.0,32,0.27,1.7963031933179092,0.0,27,11,18,980.0147821775356,46050,100,8,10
1.4154996384543006,13.75975714108469,2.19722457733622,32,0.18,2.359305694403882,3.218875824868201,19,11,18,569.2712529280064,-2.417967756561402,21.025291112951404,0.0,31,0.27,1.783318314174852,0.0,27,11,18,961.297979105129,46100,100,8,10
1.3559165287250454,13.760354387741302,2.19722457733622,32,0.18,2.3691107118723926,0.0,18,11,18,575.2307059312766,-2.4721287605831104,21.01767542307948,0.0,31,0.27,1.805923361253495,0.0,27,11,18,962.9241530794476,46150,100,8,10
1.0281729027647424,14.118352574188902,2.19722457733622,33,0.18,2.3787308798077955,0.0,18,11,18,596.7016535563455,-2.7648013982757567,21.21466088204244,0.0,31,0.27,1.7905831680206528,0.0,27,11,18,961.3314113456788,46200,100,8,10
1.367728565216868,13.737139856895206,2.19722457733622,32,0.18,2.359305694403882,2.19722457733622,19,11,18,568.6632335207369,-2.450156514799424,21.01909978793701,0.0,31,0.28,1.783318314174852,0.0,28,11,18,961.6609372267682,46250,100,8,10
1.3989696018411553,13.75491953209593,2.19722457733622,32,0.18,2.359305694403882,2.19722457733622,19,11,18,570.8136374525735,-2.7648013982829616,21.214660882007585,0.0,31,0.27,1.7905831680206528,0.0,27,11,18,961.3314113444555,46300,100,8,10
1.3558056326544012,13.743378182154782,2.19722457733622,32,0.19,2.3691107118723926,0.0,19,11,18,570.6212584633296,-2.4501565148026727,21.01909978792036,0.0,31,0.28,1.783318314174852,0.0,28,11,18,961.6609372261636,46350,100,8,10
1.4548488940246482,13.768879233947937,2.19722457733622,33,0.18,2.3787308798077955,0.0,18,11,18,570.4322508547592,-2.7648013982727435,21.21466088202349,0.0,32,0.27,1.7905831680206528,0.0,27,11,18,961.3314113446756,46400,100,8,10
1.405037974431698,13.754285830037224,2.19722457733622,32,0.18,2.359305694403882,3.218875824868201,19,11,18,573.6643716289551,-2.417967756559962,21.02529111295207,0.0,31,0.27,1.783318314174852,0.0,27,11,18,960.8133303801312,46450,100,8,10
1.6698493410519886,14.0652013421838,2.19722457733622,33,0.18,2.378730879807796,0.0,18,11,18,592.3841247703051,-2.1355116313360054,21.287215721717885,0.0,32,0.27,1.7963031933179092,0.0,27,11,18,980.01478217901,46500,100,8,10
1.313630123378238,13.744056796139152,2.19722457733622,32,0.18,2.3691107118723926,0.0,18,11,18,565.8922674173942,-2.4501565147978543,21.0190997879392,0.0,31,0.28,1.783318314174852,0.0,28,11,18,958.3633846446884,46550,100,8,10
1.3472698317135627,13.737785321700091,2.19722457733622,32,0.19,2.3691107118723926,0.0,19,11,18,572.2410617417104,-2.135511631322924,21.287215721756223,0.0,32,0.27,1.7963031933179092,0.0,27,11,18,980.014782180506,46600,100,8,10
1.3868681991684966,13.742998340524505,2.19722457733622,32,0.18,2.359305694403882,3.218875824868201,19,11,18,567.0522358269596,-2.4179677565518967,21.02529111298585,0.0,31,0.27,1.783318314174852,0.0,27,11,18,961.297979106332,46650,100,8,10
1.3315899805077518,13.745988065889076,2.19722457733622,32,0.18,2.3691107118723926,0.0,18,11,18,573.7863708170406,-2.4721287605744915,21.01767542310988,0.0,31,0.27,1.805923361253495,0.0,27,11,18,962.9241530806014,46700,100,8,10
1.0486384406691514,14.130115157926458,2.19722457733622,33,0.18,2.3787308798077955,0.0,18,11,18,596.7244299442706,-2.764801398279997,21.21466088201327,0.0,31,0.27,1.7905831680206528,0.0,27,11,18,961.3314113442688,46750,100,8,10
1.3898291522920334,13.750182569228448,2.19722457733622,32,0.18,2.359305694403882,2.19722457733622,19,11,18,570.5978580615462,-2.4501565148067685,21.01909978789384,0.0,31,0.28,1.783318314174852,0.0,28,11,18,961.6609372251712,46800,100,8,10
1.371586961322456,13.738829858329094,2.19722457733622,32,0.18,2.359305694403882,2.19722457733622,19,11,18,569.064073609551,-2.764801398273903,21.21466088203932,0.0,31,0.27,1.7905831680206528,0.0,27,11,18,961.3314113455978,46850,100,8,10
1.34442423796448,13.736554482848575,2.19722457733622,32,0.19,2.4144039619664857,0.0,19,11,18,569.7404921307984,-2.450156514797232,21.0190997879361,0.0,31,0.28,1.783318314174852,0.0,28,11,18,961.6609372268152,46900,100,8,10
1.4638694634811185,13.774423696214171,2.19722457733622,33,0.18,2.425630439130948,0.0,18,11,18,570.9422734879145,-2.764801398278891,21.214660881996,0.0,32,0.27,1.7905831680206528,0.0,27,11,18,961.3314113436486,46950,100,8,10
1.4034107795641304,13.7525814480617,2.19722457733622,32,0.18,2.359305694403882,3.218875824868201,19,11,18,574.059876479356,-2.4179677565559534,21.0252911129612,0.0,31,0.27,1.783318314174852,0.0,27,11,18,960.8133303806068,47000,100,8,10
1.6539115052902795,14.0552376357773,2.19722457733622,33,0.18,2.378730879807796,0.0,18,11,18,591.4664473864996,-2.1355116313223044,21.287215721760955,0.0,32,0.27,1.7963031933179092,0.0,27,11,18,980.0147821808062,47050,100,8,10
1.29412002642583,13.732021463294709,2.19722457733622,32,0.18,2.3691107118723926,0.0,18,11,18,564.67394563921,-2.450156514789533,21.01909978796821,0.0,31,0.28,1.783318314174852,0.0,28,11,18,958.3633846458112,47100,100,8,10
1.3422641760423455,13.735090577198452,2.19722457733622,32,0.19,2.3691107118723926,0.0,19,11,18,572.0149398379433,-2.135511631322225,21.28721572175016,0.0,32,0.27,1.7963031933179092,0.0,27,11,18,980.0147821801088,47150,100,8,10
1.3876622299914632,13.743611015233403,2.19722457733622,32,0.18,2.359305694403882,3.218875824868201,19,11,18,567.8421781277189,-2.417967756551932,21.02529111297637,0.0,31,0.27,1.783318314174852,0.0,27,11,18,961.297979106302,47200,100,8,10
1.3269441723361497,13.742700764773106,2.19722457733622,32,0.18,2.3691107118723926,0.0,18,11,18,573.5650648837528,-2.4721287605702686,21.01767542312001,0.0,31,0.27,1.805923361253495,0.0,27,11,18,962.924153080998,47250,100,8,10
1.042535686300763,14.126333645693752,2.19722457733622,33,0.18,2.3787308798077955,0.0,18,11,18,596.669644123645,-2.7648013982767536,21.214660882018368,0.0,31,0.27,1.7905831680206528,0.0,27,11,18,961.3314113444932,47300,100,8,10
1.417541457351236,13.767016733487896,2.19722457733622,32,0.18,2.359305694403882,2.19722457733622,19,11,18,571.8897287440259,-2.450156514816931,21.01909978783769,0.0,31,0.28,1.783318314174852,0.0,28,11,18,961.660937222664,47350,100,8,10
1.4303669073959626,13.77436513010604,2.19722457733622,32,0.18,2.359305694403882,2.19722457733622,19,11,18,573.094655102565,-2.7648013982958246,21.21466088192917,0.0,31,0.27,1.7905831680206528,0.0,27,11,18,961.3314113413464,47400,100,8,10
1.363655866044528,13.74777836598884,2.19722457733622,32,0.19,2.3691107118723926,0.0,19,11,18,571.270651189283,-2.4501565148023543,21.01909978790317,0.0,31,0.28,1.783318314174852,0.0,28,11,18,961.6609372255976,47450,100,8,10
1.43958290447984,13.75972952234572,2.19722457733622,33,0.18,2.3787308798077955,0.0,18,11,18,569.5165366649078,-2.7648013982672186,21.214660882035943,0.0,32,0.27,1.7905831680206528,0.0,27,11,18,961.3314113451344,47500,100,8,10
1.3728484163526418,13.735124938169433,2.19722457733622,32,0.18,2.404598944497975,3.218875824868201,19,11,18,572.1140672666195,-2.417967756547016,21.025291112993028,0.0,31,0.27,1.783318314174852,0.0,27,11,18,960.8133303818544,47550,100,8,10
1.645230224265865,14.051148792629828,2.19722457733622,33,0.18,2.424024129901889,0.0,18,11,18,590.7486085462841,-2.13551163132227,21.28721572175436,0.0,32,0.27,1.7963031933179092,0.0,27,11,18,980.0147821805256,47600,100,8,10
1.3136818128504486,13.74481773514196,2.19722457733622,32,0.18,2.4144039619664857,0.0,18,11,18,565.7496999975334,-2.45015651479899,21.019099787915312,0.0,31,0.28,1.783318314174852,0.0,28,11,18,958.3633846435666,47650,100,8,10
1.3788572691707284,13.757545664516634,2.19722457733622,32,0.19,2.4144039619664857,0.0,19,11,18,574.1929239054015,-2.1355116313359948,21.28721572168032,0.0,32,0.27,1.7963031933179092,0.0,27,11,18,980.01478217738,47700,100,8,10
1.4149024309466245,13.759522733021567,2.19722457733622,32,0.18,2.359305694403882,3.218875824868201,19,11,18,569.3594336276376,-2.417967756559457,21.0252911129324,0.0,31,0.27,1.783318314174852,0.0,27,11,18,961.2979791044374,47750,100,8,10
1.3383448757253151,13.749770706163211,2.19722457733622,32,0.18,2.3691107118723926,0.0,18,11,18,574.0825324748189,-2.4721287605745608,21.017675423090907,0.0,31,0.27,1.805923361253495,0.0,27,11,18,962.924153079732,47800,100,8,10
1.0385645347989445,14.124694402973306,2.19722457733622,33,0.18,2.424024129901889,0.0,18,11,18,596.6378253059913,-2.7648013982765565,21.21466088200952,0.0,31,0.27,1.7905831680206528,0.0,27,11,18,961.3314113441342,47850,100,8,10
1.3878803484583069,13.749323833722936,2.19722457733622,32,0.18,2.404598944497975,2.19722457733622,19,11,18,570.2796263818162,-2.450156514804407,21.01909978788606,0.0,31,0.28,1.783318314174852,0.0,28,11,18,961.6609372247746,47900,100,8,10
1.3546725719140011,13.730388501694527,2.19722457733622,32,0.18,2.428084099952501,2.19722457733622,19,11,18,568.6077110015758,-2.764801398271065,21.21466088203281,0.0,31,0.27,1.7905831680206528,0.0,27,11,18,961.3314113455532,47950,100,8,10
1.3296417547261976,13.728758070928428,2.19722457733622,32,0.19,2.437889117421012,0.0,19,11,18,567.7558083056633,-2.4501565147934103,21.01909978793505,0.0,31,0.28,1.783318314174852,0.0,28,11,18,961.6609372264292,48000,100,8,10
1.475840457361929,13.780882718702443,2.19722457733622,33,0.18,2.3787308798077955,0.0,18,11,18,572.3594110372507,-2.764801398282131,21.214660881969948,0.0,32,0.27,1.7905831680206528,0.0,27,11,18,961.3314113425818,48050,100,8,10
1.398703372589284,13.751224087596333,2.19722457733622,32,0.18,2.404598944497975,3.218875824868201,19,11,18,574.2319613871734,-2.41796775655738,21.02529111293598,0.0,31,0.27,1.783318314174852,0.0,27,11,18,960.8133303795632,48100,100,8,10
1.6737950438600302,14.068545548595496,2.19722457733622,33,0.18,2.424024129901889,0.0,18,11,18,591.9235011964488,-2.1355116313264104,21.28721572169871,0.0,32,0.27,1.7963031933179092,0.0,27,11,18,980.0147821783812,48150,100,8,10
1.3218785958084032,13.7500464721414,2.19722457733622,32,0.18,2.3691107118723926,0.0,18,11,18,566.9331509173901,-2.4501565148026248,21.01909978788924,0.0,31,0.28,1.783318314174852,0.0,28,11,18,958.3633846425332,48200,100,8,10
1.320896909288282,13.72294595709968,2.19722457733622,32,0.19,2.4144039619664857,0.0,19,11,18,571.3836606231798,-2.135511631321256,21.287215721754112,0.0,32,0.27,1.7963031933179092,0.0,27,11,18,980.0147821807184,48250,100,8,10
1.3660395377287673,13.73072935003672,2.19722457733622,32,0.18,2.404598944497975,3.218875824868201,19,11,18,565.5717208416304,-2.417967756542412,21.025291113001543,0.0,31,0.27,1.783318314174852,0.0,27,11,18,961.2979791068932,48300,100,8,10
1.357005038829585,13.760558373772268,2.19722457733622,32,0.18,2.3691107118723926,0.0,18,11,18,575.3001750235921,-2.4721287605784026,21.017675423063867,0.0,31,0.27,1.805923361253495,0.0,27,11,18,962.9241530785284,48350,100,8,10
1.0547550244534585,14.133769223987317,2.19722457733622,33,0.18,2.3787308798077955,0.0,18,11,18,597.9271956003518,-2.764801398279322,21.214660881987097,0.0,31,0.27,1.7905831680206528,0.0,27,11,18,961.3314113435274,48400,100,8,10
1.366427277230252,13.735908872434988,2.19722457733622,32,0.18,2.359305694403882,2.19722457733622,19,11,18,568.6194860105317,-2.450156514794743,21.019099787921263,0.0,31,0.28,1.783318314174852,0.0,28,11,18,961.6609372259936,48450,100,8,10
1.3851520273414886,13.746889296259958,2.19722457733622,32,0.18,2.359305694403882,2.19722457733622,19,11,18,569.476431863418,-2.7648013982759765,21.21466088200056,0.0,31,0.27,1.7905831680206528,0.0,27,11,18,961.331411343764,48500,100,8,10
1.3653144755055238,13.749615408985177,2.19722457733622,32,0.19,2.4144039619664857,0.0,19,11,18,571.7207255704845,-2.450156514804328,21.019099787875422,0.0,31,0.28,1.783318314174852,0.0,28,11,18,961.6609372244274,48550,100,8,10
1.441231069457337,13.76241107754042,2.19722457733622,33,0.18,2.450923689259243,0.0,18,11,18,570.7525345010215,-2.7648013982773336,21.21466088198962,0.0,32,0.27,1.7905831680206528,0.0,27,11,18,961.3314113435198,48600,100,8,10
1.3773671728130312,13.738664485082149,2.19722457733622,32,0.18,2.404598944497975,3.218875824868201,19,11,18,572.5366238346605,-2.41796775654946,21.02529111296313,0.0,31,0.27,1.783318314174852,0.0,27,11,18,960.8133303805791,48650,100,8,10
1.6740243665612735,14.067169718281487,2.19722457733622,33,0.18,2.378730879807796,0.0,18,11,18,592.3590324850461,-2.1355116313233844,21.287215721710176,0.0,32,0.27,1.7963031933179092,0.0,27,11,18,980.0147821787835,48700,100,8,10
1.3520320369072163,13.767085817141828,2.19722457733622,32,0.18,2.3691107118723926,0.0,18,11,18,568.1191796522671,-2.4501565148085165,21.01909978785277,0.0,31,0.28,1.783318314174852,0.0,28,11,18,958.3633846409472,48750,100,8,10
1.371764403543006,13.753700317875817,2.19722457733622,32,0.19,2.4144039619664857,0.0,19,11,18,575.0985716855058,-2.1355116313339044,21.287215721673668,0.0,32,0.27,1.7963031933179092,0.0,27,11,18,980.0147821773052,48800,100,8,10
1.3930478300540603,13.747368417923646,2.19722457733622,32,0.18,2.404598944497975,3.218875824868201,19,11,18,567.5148820501093,-2.4179677565523194,21.02529111294661,0.0,31,0.27,1.783318314174852,0.0,27,11,18,961.2979791048454,48850,100,8,10
1.359315822149686,13.762021588197252,2.19722457733622,32,0.18,2.3691107118723926,0.0,18,11,18,575.6642531940356,-2.4721287605787494,21.017675423052943,0.0,31,0.27,1.805923361253495,0.0,27,11,18,962.9241530781082,48900,100,8,10
1.0553033637711524,14.134367855075102,2.19722457733622,33,0.18,2.3787308798077955,0.0,18,11,18,598.1863991706863,-2.764801398279188,21.21466088197796,0.0,31,0.27,1.7905831680206528,0.0,27,11,18,961.3314113431298,48950,100,8,10
1.3864319582045457,13.748123771873772,2.19722457733622,32,0.18,2.359305694403882,2.19722457733622,19,11,18,570.0054588236818,-2.450156514801264,21.01909978788189,0.0,31,0.28,1.783318314174852,0.0,28,11,18,961.660937224545,49000,100,8,10
1.3913095135095035,13.750502712123728,2.19722457733622,32,0.18,2.359305694403882,2.19722457733622,19,11,18,570.0841295920193,-2.7648013982767417,21.2146608819873,0.0,31,0.27,1.7905831680206528,0.0,27,11,18,961.331411343354,49050,100,8,10
1.358013488832459,13.744337630269516,2.19722457733622,32,0.19,2.3691107118723926,0.0,19,11,18,570.3546762160179,-2.450156514797779,21.01909978789627,0.0,31,0.28,1.783318314174852,0.0,28,11,18,961.6609372250372,49100,100,8,10
1.436957785595432,13.758680778954178,2.19722457733622,33,0.18,2.425630439130948,0.0,18,11,18,569.9362653934297,-2.7648013982637782,21.21466088202008,0.0,32,0.27,1.7905831680206528,0.0,27,11,18,961.3314113444964,49150,100,8,10
1.3534577656248994,13.723693367092697,2.19722457733622,32,0.18,2.404598944497975,3.218875824868201,19,11,18,570.7640179643075,-2.4179677565383275,21.025291113005064,0.0,31,0.27,1.783318314174852,0.0,27,11,18,960.8133303822226,49200,100,8,10
1.6478107151268675,14.052545757911014,2.19722457733622,33,0.18,2.378730879807796,0.0,18,11,18,590.2191668169528,-2.13551163131723,21.28721572173925,0.0,32,0.27,1.7963031933179092,0.0,27,11,18,980.0147821797336,49250,100,8,10
1.3136844233107952,13.744889717514672,2.19722457733622,32,0.18,2.3691107118723926,0.0,18,11,18,565.6846735530462,-2.45015651479674,21.0190997878977,0.0,31,0.28,1.783318314174852,0.0,28,11,18,958.3633846427988,49300,100,8,10
1.35421585562923,13.742370923232444,2.19722457733622,32,0.19,2.3691107118723926,0.0,19,11,18,572.1468104743506,-2.1355116313284697,21.287215721701035,0.0,32,0.27,1.7963031933179092,0.0,27,11,18,980.0147821780158,49350,100,8,10
1.3790846965173509,13.738112413489391,2.19722457733622,32,0.18,2.359305694403882,3.218875824868201,19,11,18,567.2329055038973,-2.4179677565443645,21.02529111297391,0.0,31,0.27,1.783318314174852,0.0,27,11,18,961.2979791058788,49400,100,8,10
1.3139537445521337,13.735121551315771,2.19722457733622,32,0.18,2.3691107118723926,0.0,18,11,18,572.7172272519015,-2.4721287605640865,21.0176754231112,0.0,31,0.27,1.805923361253495,0.0,27,11,18,962.9241530803794,49450,100,8,10
1.063137227956254,14.138930350299214,2.19722457733622,33,0.18,2.3787308798077955,0.0,18,11,18,597.803602498224,-2.7648013982813087,21.214660881958487,0.0,31,0.27,1.7905831680206528,0.0,27,11,18,961.3314113420126,49500,100,8,10
1.357403843036802,13.732060903666309,2.19722457733622,32,0.18,2.404598944497975,2.19722457733622,19,11,18,569.4461611162792,-2.4501565147954283,21.019099787899457,0.0,31,0.28,1.783318314174852,0.0,28,11,18,961.6609372255808,49550,100,8,10
1.3217263422809382,13.711255513464875,2.19722457733622,32,0.18,2.428084099952501,2.19722457733622,19,11,18,565.0216087311384,-2.764801398259694,21.21466088205562,0.0,31,0.27,1.7905831680206528,0.0,27,11,18,961.331411345798,49600,100,8,10
1.3735203053070244,13.754695883271188,2.19722457733622,32,0.19,2.4144039619664857,0.0,19,11,18,571.0674240253221,-2.450156514805782,21.01909978785008,0.0,31,0.28,1.783318314174852,0.0,28,11,18,961.6609372230448,49650,100,8,10
1.4803560793949646,13.783714990999073,2.19722457733622,33,0.18,2.3787308798077955,0.0,18,11,18,573.2992464179064,-2.764801398282062,21.21466088194144,0.0,32,0.27,1.7905831680206528,0.0,27,11,18,961.331411341641,49700,100,8,10
1.4057655329726215,13.754041595538157,2.19722457733622,32,0.18,2.359305694403882,3.218875824868201,19,11,18,573.5059315859878,-2.417967756553247,21.025291112927047,0.0,31,0.27,1.783318314174852,0.0,27,11,18,960.8133303788836,49750,100,8,10
1.6896114634325985,14.075309389703298,2.19722457733622,33,0.18,2.378730879807796,0.0,18,11,18,593.5851863245153,-2.135511631326161,21.287215721684245,0.0,32,0.27,1.7963031933179092,0.0,27,11,18,980.0147821776924,49800,100,8,10
1.316100874679851,13.74541974126053,2.19722457733622,32,0.18,2.3691107118723926,0.0,18,11,18,566.1338316325231,-2.45015651479361,21.01909978790279,0.0,31,0.28,1.783318314174852,0.0,28,11,18,958.3633846430024,49850,100,8,10
1.356547035443704,13.743555327124726,2.19722457733622,32,0.19,2.3691107118723926,0.0,19,11,18,572.549726206341,-2.135511631324814,21.28721572169941,0.0,32,0.27,1.7963031933179092,0.0,27,11,18,980.014782177977,49900,100,8,10
1.4024045101299194,13.751605114507154,2.19722457733622,32,0.18,2.359305694403882,3.218875824868201,19,11,18,568.3285351479005,-2.417967756549633,21.025291112940327,0.0,31,0.27,1.783318314174852,0.0,27,11,18,961.2979791045556,49950,100,8,10
1.3345084674742085,13.747402702603406,2.19722457733622,32,0.18,2.3691107118723926,0.0,18,11,18,574.0478824388017,-2.472128760569196,21.01767542307832,0.0,31,0.27,1.805923361253495,0.0,27,11,18,962.9241530791194,50000,100,8,10
1.011389475394758,14.10892238466243,2.19722457733622,33,0.18,2.424024129901889,0.0,18,11,18,594.8431391062567,-2.764801398265307,21.21466088202202,0.0,31,0.27,1.7905831680206528,0.0,27,11,18,961.3314113447424,50050,100,8,10
1.356624812139121,13.730888213625276,2.19722457733622,32,0.18,2.404598944497975,2.19722457733622,19,11,18,567.1479254608336,-2.4501565147902635,21.01909978791392,0.0,31,0.28,1.783318314174852,0.0,28,11,18,961.6609372254464,50100,100,8,10
1.368521930251203,13.737667603473732,2.19722457733622,32,0.18,2.404598944497975,2.19722457733622,19,11,18,569.146342702408,-2.764801398269493,21.214660882000988,0.0,31,0.27,1.7905831680206528,0.0,27,11,18,961.3314113437804,50150,100,8,10
1.337204625581362,13.732488876170398,2.19722457733622,32,0.19,2.4144039619664857,0.0,19,11,18,569.1567734571059,-2.450156514791008,21.01909978790881,0.0,31,0.28,1.783318314174852,0.0,28,11,18,961.6609372255884,50200,100,8,10
1.3998617491571597,13.737478759256962,2.19722457733622,33,0.18,2.450923689259243,0.0,18,11,18,568.488412877848,-2.764801398257063,21.21466088204492,0.0,32,0.27,1.7905831680206528,0.0,27,11,18,961.3314113457416,50250,100,8,10
1.3137014542614054,13.70342482233336,2.19722457733622,32,0.18,2.4419523194308925,3.218875824868201,19,11,18,568.1395518962116,-2.417967756533012,21.025291113010898,0.0,31,0.27,1.783318314174852,0.0,27,11,18,960.8133303822428,50300,100,8,10
1.648710201342357,14.055448465906291,2.19722457733622,33,0.18,2.424024129901889,0.0,18,11,18,590.4544859246697,-2.135511631319695,21.287215721702328,0.0,32,0.27,1.7963031933179092,0.0,27,11,18,980.0147821783428,50350,100,8,10
1.327177352172113,13.7525247870229,2.19722457733622,32,0.18,2.3691107118723926,0.0,18,11,18,567.2838656552218,-2.450156514798706,21.019099787869983,0.0,31,0.28,1.783318314174852,0.0,28,11,18,958.363384641802,50400,100,8,10
1.3634981394537622,13.747574525249163,2.19722457733622,32,0.19,2.3691107118723926,0.0,19,11,18,573.5916172146431,-2.135511631326891,21.28721572168457,0.0,32,0.27,1.7963031933179092,0.0,27,11,18,980.0147821775928,50450,100,8,10
1.385097997602136,13.74208966160969,2.19722457733622,32,0.18,2.359305694403882,3.218875824868201,19,11,18,567.5312512797778,-2.41796775654595,21.025291112947965,0.0,31,0.27,1.783318314174852,0.0,27,11,18,961.297979104867,50500,100,8,10
1.3107288575994096,13.733927163972892,2.19722457733622,32,0.18,2.3691107118723926,0.0,18,11,18,571.9670748945738,-2.4721287605634075,21.017675423095667,0.0,31,0.27,1.805923361253495,0.0,27,11,18,962.9241530797076,50550,100,8,10
1.0063761743610806,14.10554227985626,2.19722457733622,33,0.18,2.424024129901889,0.0,18,11,18,594.5570906360398,-2.764801398261945,21.21466088202766,0.0,31,0.27,1.7905831680206528,0.0,27,11,18,961.3314113448112,50600,100,8,10
1.364290454776484,13.73519985235897,2.19722457733622,32,0.18,2.404598944497975,2.19722457733622,19,11,18,568.2182565047016,-2.450156514791468,21.01909978789904,0.0,31,0.28,1.783318314174852,0.0,28,11,18,961.6609372249236,50650,100,8,10
1.3714032432174446,13.740426580840792,2.19722457733622,32,0.18,2.404598944497975,2.19722457733622,19,11,18,569.1519452797955,-2.764801398271393,21.214660881982528,0.0,31,0.27,1.7905831680206528,0.0,27,11,18,961.3314113432202,50700,100,8,10
1.3147587942967374,13.721544196323832,2.19722457733622,32,0.19,2.437889117421012,0.0,19,11,18,567.1869241278562,-2.4501565147896858,21.01909978790557,0.0,31,0.28,1.783318314174852,0.0,28,11,18,961.6609372252648,50750,100,8,10
1.4256910541012973,13.752533944223815,2.19722457733622,33,0.18,2.425630439130948,0.0,18,11,18,568.5270454789646,-2.7648013982647126,21.21466088200048,0.0,32,0.27,1.7905831680206528,0.0,27,11,18,961.3314113434956,50800,100,8,10
1.393119954733873,13.746267525085203,2.19722457733622,32,0.18,2.359305694403882,3.218875824868201,19,11,18,573.0372034817594,-2.4179677565462403,21.025291112940653,0.0,31,0.27,1.783318314174852,0.0,27,11,18,960.8133303795536,50850,100,8,10
1.665473006899927,14.061978612510492,2.19722457733622,33,0.18,2.378730879807796,0.0,18,11,18,591.9484300430565,-2.1355116313169806,21.28721572170745,0.0,32,0.27,1.7963031933179092,0.0,27,11,18,980.0147821785796,50900,100,8,10
1.3039454457061226,13.740106501069764,2.19722457733622,32,0.18,2.4144039619664857,0.0,18,11,18,565.6809652054785,-2.4501565147933,21.019099787885573,0.0,31,0.28,1.783318314174852,0.0,28,11,18,958.363384642034,50950,100,8,10
1.322698507864004,13.729015954094615,2.19722457733622,32,0.19,2.437889117421012,0.0,19,11,18,572.2459907221997,-2.1355116313245377,21.287215721684177,0.0,32,0.27,1.7963031933179092,0.0,27,11,18,980.0147821776768,51000,100,8,10
1.3341624730476878,13.71587032800954,2.19722457733622,32,0.18,2.404598944497975,3.218875824868201,19,11,18,564.6713002923061,-2.417967756536555,21.025291112981893,0.0,31,0.27,1.783318314174852,0.0,27,11,18,961.2979791063432,51050,100,8,10
1.2791340705651686,13.71584842012816,2.19722457733622,32,0.18,2.4144039619664857,0.0,18,11,18,570.816591075442,-2.4721287605539093,21.01767542313011,0.0,31,0.27,1.805923361253495,0.0,27,11,18,962.924153081062,51100,100,8,10
2.447372149707037,18.695260764978148,1.0986122886681098,43,0.19,2.152567259463758,0.0,19,4,25,544.171743896597,-4.040212166616814,19.823204632233445,0.0,32,0.24,1.9222335576592489,0.0,24,11,18,584.9807395975895,51150,100,8,10
3.53046783609786,23.55851329096156,0.0,55,0.22,2.0265830324438303,0.0,22,4,25,1262.180609339387,-6.726992317264855,15.664141011004237,-1.0986122886681098,23,0.24,1.112394030679887,-2.19722457733622,24,4,25,741.924217220461,51200,100,8,10
3.826716535852943,24.690978373356465,0.0,52,0.25,1.5611819421386397,0.0,25,4,25,1445.8613186006612,-7.888094332566425,13.698434016377956,-1.0986122886681098,16,0.26,1.5000000002393346,0.0,26,4,25,813.3380976000249,51250,100,8,10
3.8267165358510185,24.690978373342773,0.0,53,0.25,1.5611819421386397,0.0,25,4,25,1445.8613185998734,-7.844149841015172,13.723645287311385,0.0,16,0.26,1.4895642179521462,0.0,26,4,25,813.4805438407038,51300,100,8,10
3.490099406603248,24.54089477380493,0.0,52,0.25,1.5611819421386393,0.0,25,4,25,1421.2112168329054,-7.844149841011455,13.727162703509904,-1.0986122886681098,16,0.24,1.5000000001995288,2.19722457733622,26,4,25,815.7563165223387,51350,100,8,10
3.490099406600733,24.54089477378233,0.0,52,0.25,1.5611819421386393,0.0,25,4,25,1421.2112168316276,-7.888094332550488,13.70195790451767,-2.19722457733622,16,0.24,1.5095699921973325,-2.19722457733622,26,4,25,815.6024292270046,51400,100,8,10
3.826716535854543,24.69097837337305,0.0,52,0.25,1.5611819421386397,0.0,25,4,25,1445.8613186016005,-7.888094332572234,13.698434016387951,-1.0986122886681098,16,0.26,1.5000000002393346,0.0,26,4,25,813.3380976006052,51450,100,8,10
3.826716535856987,24.690978373404,0.0,53,0.25,1.5611819421386397,0.0,25,4,25,1445.8613186033394,-7.844149841036571,13.723645287348214,0.0,16,0.26,1.4895642179521462,0.0,26,4,25,813.4805438428423,51500,100,8,10
3.490099406607574,24.540894773842503,0.0,52,0.25,1.5611819421386393,0.0,25,4,25,1421.211216835033,-7.844149841024187,13.727162703531812,-1.0986122886681098,16,0.24,1.5000000001995288,2.19722457733622,26,4,25,815.756316523611,51550,100,8,10
3.490099406602852,24.540894773814127,0.0,52,0.25,1.5611819421386393,0.0,25,4,25,1421.2112168333967,-7.8880943325619475,13.701957904537382,-2.19722457733622,16,0.24,1.5095699921973325,-2.19722457733622,26,4,25,815.6024292281497,51600,100,8,10
3.826716535847744,24.6909783733204,0.0,52,0.25,1.897520139850759,0.0,25,4,25,1445.8613185985826,-7.888094332554558,13.698434016357533,-1.0986122886681098,16,0.26,1.5000000002393346,0.0,26,4,25,813.3380975988389,51650,100,8,10
3.826716535838156,24.69097837325014,0.0,53,0.25,1.5611819421386397,0.0,25,4,25,1445.8613185945449,-7.844149840984475,13.723645287258549,0.0,16,0.26,1.4895642179521462,0.0,26,4,25,813.4805438376361,51700,100,8,10
3.4900994065965527,24.54089477376603,0.0,52,0.25,1.5611819421386393,0.0,25,4,25,1421.2112168306587,-7.844149840999264,13.727162703488926,-1.0986122886681098,16,0.24,1.5000000001995288,2.19722457733622,26,4,25,815.7563165211202,51750,100,8,10
3.4900994066007955,24.540894773780487,0.0,52,0.25,1.5611819421386393,0.0,25,4,25,1421.2112168315286,-7.888094332549741,13.701957904516384,-2.19722457733622,16,0.24,1.5095699921973325,-2.19722457733622,26,4,25,815.6024292269299,51800,100,8,10
3.826716535850658,24.69097837334586,0.0,52,0.25,1.5611819421386397,0.0,25,4,25,1445.8613186000334,-7.888094332563267,13.698434016372524,-1.0986122886681098,16,0.26,1.5000000002393346,0.0,26,4,25,813.3380975997094,51850,100,8,10
3.826716535851442,24.69097837337672,0.0,53,0.25,1.5611819421386397,0.0,25,4,25,1445.8613186017326,-7.8441498410283055,13.723645287333987,0.0,16,0.26,1.4895642179521462,0.0,26,4,25,813.4805438420165,51900,100,8,10
3.490099406600555,24.540894773789983,0.0,52,0.25,1.5611819421386393,0.0,25,4,25,1421.2112168320396,-7.844149841006824,13.727162703501936,-1.0986122886681098,16,0.24,1.5000000001995288,2.19722457733622,26,4,25,815.7563165218759,51950,100,8,10
3.4900994066011486,24.540894773774976,0.0,52,0.25,1.913373186404603,0.0,25,4,25,1421.2112168312365,-7.8880943325474355,13.701957904512415,-2.19722457733622,16,0.24,1.5095699921973325,-2.19722457733622,26,4,25,815.6024292266994,52000,100,8,10
3.826716535846351,24.690978373320217,0.0,52,0.25,1.5611819421386397,0.0,25,4,25,1445.8613185985428,-7.888094332555098,13.698434016358464,-1.0986122886681098,16,0.26,1.5000000002393346,0.0,26,4,25,813.3380975988928,52050,100,8,10
3.8267165358573614,24.69097837339949,0.0,53,0.25,1.5611819421386397,0.0,25,4,25,1445.861318603102,-7.844149841034643,13.72364528734489,0.0,16,0.26,1.4895642179521462,0.0,26,4,25,813.4805438426492,52100,100,8,10
3.490099406617115,24.54089477389194,0.0,52,0.25,1.5611819421386393,0.0,25,4,25,1421.2112168379083,-7.844149841039223,13.727162703557688,-1.0986122886681098,16,0.24,1.5000000001995288,2.19722457733622,26,4,25,815.7563165251134,52150,100,8,10
3.490099406605109,24.54089477380202,0.0,52,0.25,1.5611819421386393,0.0,25,4,25,1421.2112168327849,-7.888094332556221,13.701957904527532,-2.19722457733622,16,0.24,1.5095699921973325,-2.19722457733622,26,4,25,815.6024292275775,52200,100,8,10
3.826716535844594,24.69097837331112,0.0,52,0.25,1.5611819421386397,0.0,25,4,25,1445.861318598009,-7.888094332552303,13.69843401635365,-1.0986122886681098,16,0.26,1.5000000002393346,0.0,26,4,25,813.3380975986131,52250,100,8,10
3.8267165358482993,24.69097837334344,0.0,53,0.25,1.5611819421386397,0.0,25,4,25,1445.8613185998504,-7.844149841016627,13.723645287313886,0.0,16,0.26,1.4895642179521462,0.0,26,4,25,813.4805438408491,52300,100,8,10
3.490099406604931,24.54089477382202,0.0,52,0.25,1.5611819421386393,0.0,25,4,25,1421.2112168338674,-7.844149841017375,13.72716270352009,-1.0986122886681098,16,0.24,1.5000000001995288,2.19722457733622,26,4,25,815.7563165229301,52350,100,8,10
3.490099406603073,24.54089477379604,0.0,52,0.25,1.5611819421386393,0.0,25,4,25,1421.2112168324193,-7.888094332554793,13.70195790452508,-2.19722457733622,16,0.24,1.5095699921973325,-2.19722457733622,26,4,25,815.6024292274351,52400,100,8,10
3.826716535848505,24.69097837332901,0.0,52,0.25,1.5611819421386397,0.0,25,4,25,1445.861318599069,-7.888094332557605,13.698434016362777,-1.0986122886681098,16,0.26,1.5000000002393346,0.0,26,4,25,813.3380975991431,52450,100,8,10
3.8267165358510686,24.69097837335749,0.0,53,0.25,1.5611819421386397,0.0,25,4,25,1445.8613186006764,-7.844149841020926,13.723645287321286,0.0,16,0.26,1.4895642179521462,0.0,26,4,25,813.4805438412787,52500,100,8,10
3.4900994065924333,24.54089477373407,0.0,52,0.25,1.5611819421386393,0.0,25,4,25,1421.2112168288402,-7.84414984098863,13.72716270347063,-1.0986122886681098,16,0.24,1.5000000001995288,2.19722457733622,26,4,25,815.7563165200577,52550,100,8,10
3.490099406602401,24.54089477382679,0.0,52,0.25,1.5611819421386393,0.0,25,4,25,1421.2112168340757,-7.888094332567083,13.701957904546225,-2.19722457733622,16,0.24,1.5095699921973325,-2.19722457733622,26,4,25,815.6024292286631,52600,100,8,10
3.826716535862593,24.69097837342616,0.0,52,0.25,1.5611819421386397,0.0,25,4,25,1445.8613186046691,-7.888094332589534,13.698434016417728,-1.0986122886681098,16,0.26,1.5000000002393346,0.0,26,4,25,813.3380976023346,52650,100,8,10
3.826716535858282,24.69097837338402,0.0,53,0.25,1.5611819421386397,0.0,25,4,25,1445.8613186022794,-7.844149841028167,13.72364528733375,0.0,16,0.26,1.4895642179521462,0.0,26,4,25,813.4805438420025,52700,100,8,10
3.490099406610897,24.540894773850024,0.0,52,0.25,1.5611819421386393,0.0,25,4,25,1421.2112168355077,-7.844149841025642,13.727162703534315,-1.0986122886681098,16,0.24,1.5000000001995288,2.19722457733622,26,4,25,815.7563165237561,52750,100,8,10
3.49009940660315,24.54089477379529,0.0,52,0.25,1.5611819421386393,0.0,25,4,25,1421.21121683238,-7.88809433255447,13.70195790452452,-2.19722457733622,16,0.24,1.5095699921973325,-2.19722457733622,26,4,25,815.6024292274024,52800,100,8,10
3.826716535835477,24.69097837325737,0.0,52,0.25,1.5611819421386397,0.0,25,4,25,1445.861318594881,-7.888094332535217,13.698434016324242,-1.0986122886681098,16,0.26,1.5000000002393346,0.0,26,4,25,813.3380975969052,52850,100,8,10
3.826716535839112,24.690978373286004,0.0,53,0.25,1.5611819421386397,0.0,25,4,25,1445.861318596521,-7.844149840998127,13.723645287282048,0.0,16,0.26,1.4895642179521462,0.0,26,4,25,813.4805438390002,52900,100,8,10
3.4900994066092847,24.540894773836307,0.0,52,0.25,1.5611819421386393,0.0,25,4,25,1421.21121683473,-7.844149841021008,13.727162703526345,-1.0986122886681098,16,0.24,1.5000000001995288,2.19722457733622,26,4,25,815.7563165232933,52950,100,8,10
3.490099406604984,24.54089477382428,0.0,52,0.25,1.5611819421386393,0.0,25,4,25,1421.211216833991,-7.888094332564957,13.701957904542567,-2.19722457733622,16,0.24,1.5095699921973325,-2.19722457733622,26,4,25,815.6024292284507,53000,100,8,10
3.826716535852685,24.69097837336794,0.0,52,0.25,1.5611819421386397,0.0,25,4,25,1445.8613186012813,-7.8880943325710415,13.698434016385905,-1.0986122886681098,16,0.26,1.5000000002393346,0.0,26,4,25,813.3380976004864,53050,100,8,10
3.826716535853637,24.69097837334997,0.0,53,0.25,1.5611819421386397,0.0,25,4,25,1445.8613186003222,-7.844149841016848,13.723645287314268,0.0,16,0.26,1.4895642179521462,0.0,26,4,25,813.4805438408712,53100,100,8,10
3.49009940659708,24.540894773759216,0.0,52,0.25,1.5611819421386393,0.0,25,4,25,1421.211216830299,-7.844149840996371,13.727162703483948,-1.0986122886681098,16,0.24,1.5000000001995288,2.19722457733622,26,4,25,815.7563165208312,53150,100,8,10
3.490099406596711,24.54089477375065,0.0,52,0.25,1.5611819421386393,0.0,25,4,25,1421.2112168298268,-7.888094332539923,13.701957904499489,-2.19722457733622,16,0.24,1.5095699921973325,-2.19722457733622,26,4,25,815.6024292259485,53200,100,8,10
3.826716535840814,24.690978373294715,0.0,52,0.25,1.5611819421386397,0.0,25,4,25,1445.8613185970328,-7.888094332547525,13.698434016345429,-1.0986122886681098,16,0.26,1.5000000002393346,0.0,26,4,25,813.3380975981356,53250,100,8,10
3.82671653584294,24.69097837331749,0.0,53,0.25,1.5611819421386397,0.0,25,4,25,1445.8613185983202,-7.844149841008805,13.723645287300425,0.0,16,0.26,1.4895642179521462,0.0,26,4,25,813.4805438400673,53300,100,8,10
3.490099406608552,24.54089477383302,0.0,52,0.25,1.5611819421386393,0.0,25,4,25,1421.2112168345373,-7.844149841020052,13.7271627035247,-1.0986122886681098,16,0.24,1.5000000001995288,2.19722457733622,26,4,25,815.7563165231979,53350,100,8,10
3.4900994066149047,24.54089477387656,0.0,52,0.25,1.5611819421386393,0.0,25,4,25,1421.211216837029,-7.888094332580936,13.701957904570062,-2.19722457733622,16,0.24,1.5095699921973325,-2.19722457733622,26,4,25,815.6024292300477,53400,100,8,10
3.826716535846933,24.69097837333087,0.0,52,0.25,1.5611819421386397,0.0,25,4,25,1445.861318599136,-7.888094332559024,13.698434016365216,-1.0986122886681098,16,0.26,1.5000000002393346,0.0,26,4,25,813.338097599285,53450,100,8,10
3.826716535839998,24.69097837329116,0.0,53,0.25,1.5611819421386397,0.0,25,4,25,1445.861318596821,-7.844149840999763,13.723645287284862,0.0,16,0.26,1.4895642179521462,0.0,26,4,25,813.4805438391637,53500,100,8,10
3.490099406607554,24.540894773833283,0.0,52,0.25,1.5611819421386393,0.0,25,4,25,1421.2112168345311,-7.844149841020599,13.72716270352564,-1.0986122886681098,16,0.24,1.5000000001995288,2.19722457733622,26,4,25,815.7563165232525,53550,100,8,10
3.4900994066080298,24.54089477381913,0.0,52,0.25,1.913373186404603,0.0,25,4,25,1421.211216833772,-7.888094332561592,13.701957904536776,-2.19722457733622,16,0.24,1.5095699921973325,-2.19722457733622,26,4,25,815.6024292281144,53600,100,8,10
3.826716535838328,24.69097837327089,0.0,52,0.25,1.5611819421386397,0.0,25,4,25,1445.8613185956804,-7.888094332539273,13.698434016331223,-1.0986122886681098,16,0.26,1.5000000002393346,0.0,26,4,25,813.3380975973108,53650,100,8,10
3.82671653583349,24.69097837324624,0.0,53,0.25,1.5611819421386397,0.0,25,4,25,1445.8613185942313,-7.844149840984995,13.723645287259444,0.0,16,0.26,1.4895642179521462,0.0,26,4,25,813.4805438376878,53700,100,8,10
3.4900994065943034,24.54089477374822,0.0,52,0.25,1.5611819421386393,0.0,25,4,25,1421.2112168296462,-7.844149840993317,13.727162703478694,-1.0986122886681098,16,0.24,1.5000000001995288,2.19722457733622,26,4,25,815.7563165205262,53750,100,8,10
3.4900994065969537,24.5408947737746,0.0,52,0.25,1.5611819421386393,0.0,25,4,25,1421.2112168311317,-7.888094332549151,13.70195790451537,-2.19722457733622,16,0.24,1.5095699921973325,-2.19722457733622,26,4,25,815.6024292268711,53800,100,8,10
3.826716535852104,24.690978373358544,0.0,52,0.25,1.5611819421386397,0.0,25,4,25,1445.8613186007562,-7.888094332567608,13.698434016379991,-1.0986122886681098,16,0.26,1.5000000002393346,0.0,26,4,25,813.338097600143,53850,100,8,10
3.8267165358610864,24.69097837340249,0.0,53,0.25,1.5611819421386397,0.0,25,4,25,1445.8613186033467,-7.844149841034183,13.723645287344109,0.0,16,0.26,1.4895642179521462,0.0,26,4,25,813.4805438426038,53900,100,8,10
3.490099406604376,24.540894773812195,0.0,52,0.25,1.5611819421386393,0.0,25,4,25,1421.2112168333226,-7.844149841013787,13.72716270351392,-1.0986122886681098,16,0.24,1.5000000001995288,2.19722457733622,26,4,25,815.7563165225719,53950,100,8,10
3.490099406593804,24.540894773740742,0.0,52,0.25,1.5611819421386393,0.0,25,4,25,1421.21121682923,-7.888094332537348,13.70195790449506,-2.19722457733622,16,0.24,1.5095699921973325,-2.19722457733622,26,4,25,815.6024292256913,54000,100,8,10
3.826716535837296,24.69097837326565,0.0,52,0.25,1.5611819421386397,0.0,25,4,25,1445.8613185953718,-7.888094332537666,13.69843401632846,-1.0986122886681098,16,0.26,1.5000000002393346,0.0,26,4,25,813.3380975971502,54050,100,8,10
3.826716535844588,24.69097837332458,0.0,53,0.25,1.5611819421386397,0.0,25,4,25,1445.8613185987422,-7.844149841010859,13.72364528730396,0.0,16,0.26,1.4895642179521462,0.0,26,4,25,813.4805438402727,54100,100,8,10
3.490099406604313,24.54089477382036,0.0,52,0.25,1.5611819421386393,0.0,25,4,25,1421.2112168337646,-7.844149841017001,13.727162703519449,-1.0986122886681098,16,0.24,1.5000000001995288,2.19722457733622,26,4,25,815.7563165228927,54150,100,8,10
3.4900994066058075,24.540894773831948,0.0,52,0.25,1.5611819421386393,0.0,25,4,25,1421.2112168344238,-7.888094332567581,13.701957904547085,-2.19722457733622,16,0.24,1.5095699921973325,-2.19722457733622,26,4,25,815.6024292287129,54200,100,8,10
3.8267165358580657,24.690978373386265,0.0,52,0.25,1.5611819421386397,0.0,25,4,25,1445.8613186023968,-7.888094332575868,13.698434016394208,-1.0986122886681098,16,0.26,1.5000000002393346,0.0,26,4,25,813.3380976009686,54250,100,8,10
3.826716535849767,24.690978373335906,0.0,53,0.25,1.5611819421386397,0.0,25,4,25,1445.8613185994716,-7.844149841013026,13.723645287307688,0.0,16,0.26,1.4895642179521462,0.0,26,4,25,813.4805438404893,54300,100,8,10
3.4900994066013307,24.54089477378588,0.0,52,0.25,1.5611819421386393,0.0,25,4,25,1421.2112168318322,-7.844149841004879,13.727162703498587,-1.0986122886681098,16,0.24,1.5000000001995288,2.19722457733622,26,4,25,815.7563165216815,54350,100,8,10
3.4900994065977766,24.540894773754463,0.0,52,0.25,1.5611819421386393,0.0,25,4,25,1421.2112168300548,-7.888094332540934,13.701957904501231,-2.19722457733622,16,0.24,1.5095699921973325,-2.19722457733622,26,4,25,815.6024292260497,54400,100,8,10
3.826716535841858,24.6909783733012,0.0,52,0.25,1.5611819421386397,0.0,25,4,25,1445.8613185974084,-7.888094332549608,13.698434016349012,-1.0986122886681098,16,0.26,1.5000000002393346,0.0,26,4,25,813.3380975983439,54450,100,8,10
3.826716535854329,24.69097837337949,0.0,53,0.25,1.5611819421386397,0.0,25,4,25,1445.8613186019463,-7.844149841028126,13.723645287333676,0.0,16,0.26,1.4895642179521462,0.0,26,4,25,813.4805438419984,54500,100,8,10
3.490099406610012,24.54089477385532,0.0,52,0.25,1.5611819421386393,0.0,25,4,25,1421.2112168357771,-7.844149841028098,13.72716270353854,-1.0986122886681098,16,0.24,1.5000000001995288,2.19722457733622,26,4,25,815.7563165240017,54550,100,8,10
3.490099406611347,24.54089477387167,0.0,52,0.25,1.5611819421386393,0.0,25,4,25,1421.2112168366923,-7.88809433258061,13.701957904569502,-2.19722457733622,16,0.24,1.5095699921973325,-2.19722457733622,26,4,25,815.6024292300153,54600,100,8,10
3.826716535854562,24.69097837336524,0.0,52,0.25,1.5611819421386397,0.0,25,4,25,1445.861318601175,-7.888094332569159,13.69843401638266,-1.0986122886681098,16,0.26,1.5000000002393346,0.0,26,4,25,813.3380976002983,54650,100,8,10
3.8267165358443247,24.6909783732888,0.0,53,0.25,1.5611819421386397,0.0,25,4,25,1445.861318596786,-7.844149840996938,13.723645287279998,0.0,16,0.26,1.4895642179521462,0.0,26,4,25,813.4805438388813,54700,100,8,10
3.49009940659827,24.540894773770813,0.0,52,0.25,1.5611819421386393,0.0,25,4,25,1421.2112168309527,-7.844149841000364,13.727162703490825,-1.0986122886681098,16,0.24,1.5000000001995288,2.19722457733622,26,4,25,815.7563165212301,54750,100,8,10
3.490099406605025,24.540894773812006,0.0,52,0.25,1.5611819421386393,0.0,25,4,25,1421.2112168333254,-7.888094332560152,13.7019579045343,-2.19722457733622,16,0.24,1.5095699921973325,-2.19722457733622,26,4,25,815.6024292279704,54800,100,8,10
3.8267165358504296,24.69097837335038,0.0,52,0.25,1.5611819421386397,0.0,25,4,25,1445.8613186002754,-7.888094332565143,13.698434016375751,-1.0986122886681098,16,0.26,1.5000000002393346,0.0,26,4,25,813.3380975998969,54850,100,8,10
3.826716535840871,24.690978373299146,0.0,53,0.25,1.5611819421386397,0.0,25,4,25,1445.861318597275,-7.844149841002511,13.723645287289589,0.0,16,0.26,1.4895642179521462,0.0,26,4,25,813.4805438394383,54900,100,8,10
3.490099406601946,24.5408947737905,0.0,52,0.25,1.5611819421386393,0.0,25,4,25,1421.2112168320955,-7.844149841006408,13.727162703501218,-1.0986122886681098,16,0.24,1.5000000001995288,2.19722457733622,26,4,25,815.7563165218343,54950,100,8,10
3.4900994066098106,24.540894773847945,0.0,52,0.25,1.5611819421386393,0.0,25,4,25,1421.2112168353729,-7.88809433257204,13.701957904554751,-2.19722457733622,16,0.24,1.5095699921973325,-2.19722457733622,26,4,25,815.6024292291586,55000,100,8,10
3.826716535852977,24.69097837336956,0.0,52,0.25,1.5611819421386397,0.0,25,4,25,1445.8613186013756,-7.888094332571549,13.698434016386772,-1.0986122886681098,16,0.26,1.5000000002393346,0.0,26,4,25,813.3380976005369,55050,100,8,10
3.826716535860484,24.690978373410783,0.0,53,0.25,1.5611819421386397,0.0,25,4,25,1445.8613186037855,-7.8441498410377,13.72364528735016,0.0,16,0.26,1.4895642179521462,0.0,26,4,25,813.4805438429551,55100,100,8,10
3.4900994066069377,24.54089477382683,0.0,52,0.25,1.5611819421386393,0.0,25,4,25,1421.211216834169,-7.844149841018357,13.72716270352178,-1.0986122886681098,16,0.24,1.5000000001995288,2.19722457733622,26,4,25,815.7563165230283,55150,100,8,10
3.49009940660461,24.54089477379573,0.0,52,0.25,1.5611819421386393,0.0,25,4,25,1421.2112168324331,-7.888094332553991,13.701957904523695,-2.19722457733622,16,0.24,1.5095699921973325,-2.19722457733622,26,4,25,815.6024292273546,55200,100,8,10
3.8267165358510944,24.69097837335284,0.0,52,0.25,1.5611819421386397,0.0,25,4,25,1445.8613186004236,-7.888094332565816,13.69843401637691,-1.0986122886681098,16,0.26,1.5000000002393346,0.0,26,4,25,813.3380975999638,55250,100,8,10
3.826716535854785,24.69097837339466,0.0,53,0.25,1.5611819421386397,0.0,25,4,25,1445.8613186027835,-7.844149841033879,13.72364528734358,0.0,16,0.26,1.4895642179521462,0.0,26,4,25,813.4805438425733,55300,100,8,10
3.490099406626025,24.540894773956182,0.0,52,0.25,1.5611819421386393,0.0,25,4,25,1421.211216841576,-7.844149841060318,13.727162703593985,-1.0986122886681098,16,0.24,1.5000000001995288,2.19722457733622,26,4,25,815.7563165272213,55350,100,8,10
3.490099406623184,24.54089477390801,0.0,52,0.25,1.5611819421386393,0.0,25,4,25,1421.2112168389028,-7.888094332589519,13.701957904584829,-2.19722457733622,16,0.24,1.5095699921973325,-2.19722457733622,26,4,25,815.6024292309057,55400,100,8,10
3.8267165358544446,24.69097837336402,0.0,52,0.25,1.897520139850759,0.0,25,4,25,1445.8613186011055,-7.88809433256873,13.698434016381924,-1.0986122886681098,16,0.26,1.5000000002393346,0.0,26,4,25,813.3380976002553,55450,100,8,10
3.8267165358377,24.69097837329164,0.0,53,0.25,1.5611819421386397,0.0,25,4,25,1445.8613185967974,-7.84414984100096,13.72364528728692,0.0,16,0.26,1.4895642179521462,0.0,26,4,25,813.4805438392834,55500,100,8,10
3.490099406598617,24.54089477377696,0.0,52,0.25,1.5611819421386393,0.0,25,4,25,1421.2112168312935,-7.844149841002609,13.72716270349468,-1.0986122886681098,16,0.24,1.5000000001995288,2.19722457733622,26,4,25,815.7563165214544,55550,100,8,10
3.490099406600899,24.54089477378194,0.0,52,0.25,1.5611819421386393,0.0,25,4,25,1421.2112168316096,-7.88809433255026,13.701957904517275,-2.19722457733622,16,0.24,1.5095699921973325,-2.19722457733622,26,4,25,815.6024292269817,55600,100,8,10
3.826716535835982,24.690978373256613,0.0,52,0.25,1.5611819421386397,0.0,25,4,25,1445.861318594851,-7.888094332534695,13.69843401632335,-1.0986122886681098,16,0.26,1.5000000002393346,0.0,26,4,25,813.3380975968535,55650,100,8,10
3.826716535843868,24.69097837330804,0.0,53,0.25,1.5611819421386397,0.0,25,4,25,1445.8613185978245,-7.844149841004686,13.72364528729333,0.0,16,0.26,1.4895642179521462,0.0,26,4,25,813.4805438396556,55700,100,8,10
3.4900994066099496,24.54089477384567,0.0,52,0.25,1.5611819421386393,0.0,25,4,25,1421.211216835252,-7.844149841024366,13.727162703532125,-1.0986122886681098,16,0.24,1.5000000001995288,2.19722457733622,26,4,25,815.756316523629,55750,100,8,10
3.490099406610032,24.54089477385043,0.0,52,0.25,1.5611819421386393,0.0,25,4,25,1421.2112168355127,-7.888094332572912,13.70195790455625,-2.19722457733622,16,0.24,1.5095699921973325,-2.19722457733622,26,4,25,815.6024292292456,55800,100,8,10
3.826716535852866,24.69097837336389,0.0,52,0.25,1.5611819421386397,0.0,25,4,25,1445.8613186010643,-7.888094332569373,13.69843401638303,-1.0986122886681098,16,0.26,1.5000000002393346,0.0,26,4,25,813.3380976003197,55850,100,8,10
3.826716535855324,24.69097837336672,0.0,53,0.25,1.5611819421386397,0.0,25,4,25,1445.861318601272,-7.844149841022678,13.723645287324302,0.0,16,0.26,1.4895642179521462,0.0,26,4,25,813.4805438414538,55900,100,8,10
3.490099406603276,24.54089477381353,0.0,52,0.25,1.5611819421386393,0.0,25,4,25,1421.211216833373,-7.844149841014798,13.727162703515658,-1.0986122886681098,16,0.24,1.5000000001995288,2.19722457733622,26,4,25,815.7563165226728,55950,100,8,10
3.49009940660787,24.540894773845785,0.0,52,0.25,1.5611819421386393,0.0,25,4,25,1421.2112168352166,-7.88809433257206,13.701957904554789,-2.19722457733622,16,0.24,1.5095699921973325,-2.19722457733622,26,4,25,815.6024292291606,56000,100,8,10
3.8267165358617135,24.69097837340926,0.0,52,0.25,1.5611819421386397,0.0,25,4,25,1445.8613186037294,-7.8880943325832895,13.698434016406985,-1.0986122886681098,16,0.26,1.5000000002393346,0.0,26,4,25,813.3380976017105,56050,100,8,10
3.826716535855429,24.690978373370186,0.0,53,0.25,1.5611819421386397,0.0,25,4,25,1445.8613186014634,-7.844149841023993,13.723645287326566,0.0,16,0.26,1.4895642179521462,0.0,26,4,25,813.4805438415852,56100,100,8,10
3.4900994066009705,24.540894773799312,0.0,52,0.25,1.5611819421386393,0.0,25,4,25,1421.2112168325546,-7.844149841010278,13.72716270350788,-1.0986122886681098,16,0.24,1.5000000001995288,2.19722457733622,26,4,25,815.7563165222211,56150,100,8,10
3.490099406604187,24.54089477382625,0.0,52,0.25,1.5611819421386393,0.0,25,4,25,1421.2112168340818,-7.888094332566079,13.701957904544496,-2.19722457733622,16,0.24,1.5095699921973325,-2.19722457733622,26,4,25,815.6024292285628,56200,100,8,10
3.8267165358587296,24.69097837339048,0.0,52,0.25,1.5611819421386397,0.0,25,4,25,1445.8613186026412,-7.88809433257723,13.698434016396554,-1.0986122886681098,16,0.26,1.5000000002393346,0.0,26,4,25,813.3380976011051,56250,100,8,10
3.826716535850175,24.69097837334208,0.0,53,0.25,1.5611819421386397,0.0,25,4,25,1445.861318599817,-7.84414984101527,13.723645287311552,0.0,16,0.26,1.4895642179521462,0.0,26,4,25,813.4805438407136,56300,100,8,10
3.4900994066073183,24.540894773838893,0.0,52,0.25,1.5611819421386393,0.0,25,4,25,1421.2112168348317,-7.844149841022892,13.727162703529585,-1.0986122886681098,16,0.24,1.5000000001995288,2.19722457733622,26,4,25,815.7563165234815,56350,100,8,10
3.490099406617529,24.540894773886297,0.0,52,0.25,1.913373186404603,0.0,25,4,25,1421.2112168376104,-7.888094332583567,13.701957904574588,-2.19722457733622,16,0.24,1.5095699921973325,-2.19722457733622,26,4,25,815.6024292303107,56400,100,8,10
3.826716535858065,24.690978373386564,0.0,52,0.25,1.5611819421386397,0.0,25,4,25,1445.8613186024131,-7.888094332575986,13.698434016394412,-1.0986122886681098,16,0.26,1.5000000002393346,0.0,26,4,25,813.3380976009804,56450,100,8,10
3.826716535858648,24.690978373398583,0.0,53,0.25,1.5611819421386397,0.0,25,4,25,1445.8613186030807,-7.844149841033721,13.723645287343308,0.0,16,0.26,1.4895642179521462,0.0,26,4,25,813.4805438425573,56500,100,8,10
3.4900994066025284,24.54089477379408,0.0,52,0.25,1.5611819421386393,0.0,25,4,25,1421.2112168323015,-7.844149841007542,13.727162703503174,-1.0986122886681098,16,0.24,1.5000000001995288,2.19722457733622,26,4,25,815.7563165219476,56550,100,8,10
3.4900994065874547,24.540894773694784,0.0,52,0.25,1.5611819421386393,0.0,25,4,25,1421.2112168266071,-7.8880943325222495,13.70195790446908,-2.19722457733622,16,0.24,1.5095699921973325,-2.19722457733622,26,4,25,815.6024292241822,56600,100,8,10
3.8267165358411535,24.690978373296115,0.0,52,0.25,1.5611819421386397,0.0,25,4,25,1445.8613185971162,-7.888094332547927,13.69843401634612,-1.0986122886681098,16,0.26,1.5000000002393346,0.0,26,4,25,813.3380975981758,56650,100,8,10
3.826716535853027,24.690978373384507,0.0,53,0.25,1.5611819421386397,0.0,25,4,25,1445.8613186021917,-7.844149841030667,13.72364528733805,0.0,16,0.26,1.4895642179521462,0.0,26,4,25,813.4805438422522,56700,100,8,10
3.49009940661614,24.540894773892617,0.0,52,0.25,1.5611819421386393,0.0,25,4,25,1421.2112168379256,-7.844149841039923,13.727162703558887,-1.0986122886681098,16,0.24,1.5000000001995288,2.19722457733622,26,4,25,815.7563165251833,56750,100,8,10
3.4900994066098794,24.54089477383043,0.0,52,0.25,1.913373186404603,0.0,25,4,25,1421.2112168344229,-7.888094332565179,13.701957904542946,-2.19722457733622,16,0.24,1.5095699921973325,-2.19722457733622,26,4,25,815.6024292284729,56800,100,8,10
3.826716535843604,24.690978373298208,0.0,52,0.25,1.5611819421386397,0.0,25,4,25,1445.8613185972831,-7.888094332547672,13.69843401634568,-1.0986122886681098,16,0.26,1.5000000002393346,0.0,26,4,25,813.3380975981502,56850,100,8,10
3.826716535846346,24.690978373324448,0.0,53,0.25,1.5611819421386397,0.0,25,4,25,1445.861318598773,-7.844149841010035,13.723645287302542,0.0,16,0.26,1.4895642179521462,0.0,26,4,25,813.4805438401904,56900,100,8,10
3.490099406600679,24.540894773793017,0.0,52,0.25,1.5611819421386393,0.0,25,4,25,1421.211216832207,-7.844149841007952,13.727162703503875,-1.0986122886681098,16,0.24,1.5000000001995288,2.19722457733622,26,4,25,815.7563165219885,56950,100,8,10
3.4900994066096844,24.540894773849026,0.0,52,0.25,1.5611819421386393,0.0,25,4,25,1421.2112168354297,-7.888094332572516,13.701957904555572,-2.19722457733622,16,0.24,1.5095699921973325,-2.19722457733622,26,4,25,815.6024292292063,57000,100,8,10
3.826716535856357,24.690978373380165,0.0,52,0.25,1.5611819421386397,0.0,25,4,25,1445.8613186020273,-7.888094332574226,13.698434016391383,-1.0986122886681098,16,0.26,1.5000000002393346,0.0,26,4,25,813.3380976008045,57050,100,8,10
3.826716535840967,24.69097837328489,0.0,53,0.25,1.5611819421386397,0.0,25,4,25,1445.8613185965,-7.8441498409968755,13.723645287279892,0.0,16,0.26,1.4895642179521462,0.0,26,4,25,813.4805438388751,57100,100,8,10
3.490099406598284,24.54089477376668,0.0,52,0.25,1.5611819421386393,0.0,25,4,25,1421.2112168307283,-7.844149840998743,13.727162703488034,-1.0986122886681098,16,0.24,1.5000000001995288,2.19722457733622,26,4,25,815.7563165210685,57150,100,8,10
3.4900994066055167,24.540894773832825,0.0,52,0.25,1.5611819421386393,0.0,25,4,25,1421.2112168344656,-7.888094332568052,13.70195790454789,-2.19722457733622,16,0.24,1.5095699921973325,-2.19722457733622,26,4,25,815.60242922876,57200,100,8,10
3.8267165358553457,24.690978373385136,0.0,52,0.25,1.5611819421386397,0.0,25,4,25,1445.8613186022762,-7.888094332576621,13.698434016395508,-1.0986122886681098,16,0.26,1.5000000002393346,0.0,26,4,25,813.3380976010441,57250,100,8,10
3.8267165358505344,24.69097837334612,0.0,53,0.25,1.5611819421386397,0.0,25,4,25,1445.8613186000448,-7.844149841016696,13.723645287314003,0.0,16,0.26,1.4895642179521462,0.0,26,4,25,813.4805438408561,57300,100,8,10
3.490099406603179,24.54089477381014,0.0,52,0.25,1.5611819421386393,0.0,25,4,25,1421.211216833187,-7.844149841013518,13.727162703513455,-1.0986122886681098,16,0.24,1.5000000001995288,2.19722457733622,26,4,25,815.7563165225448,57350,100,8,10
3.4900994066037443,24.54089477380895,0.0,52,0.25,1.913373186404603,0.0,25,4,25,1421.2112168331337,-7.888094332559529,13.701957904533227,-2.19722457733622,16,0.24,1.5095699921973325,-2.19722457733622,26,4,25,815.6024292279081,57400,100,8,10
3.826716535844599,24.69097837330564,0.0,52,0.25,1.5611819421386397,0.0,25,4,25,1445.86131859771,-7.88809433255015,13.698434016349944,-1.0986122886681098,16,0.26,1.5000000002393346,0.0,26,4,25,813.338097598398,57450,100,8,10
3.8267165358461113,24.690978373316582,0.0,53,0.25,1.5611819421386397,0.0,25,4,25,1445.8613185983393,-7.84414984100705,13.72364528729741,0.0,16,0.26,1.4895642179521462,0.0,26,4,25,813.4805438398921,57500,100,8,10
3.490099406604051,24.540894773814863,0.0,52,0.25,1.5611819421386393,0.0,25,4,25,1421.2112168334606,-7.844149841014971,13.727162703515956,-1.0986122886681098,16,0.24,1.5000000001995288,2.19722457733622,26,4,25,815.75631652269,57550,100,8,10
3.4900994065986493,24.54089477376208,0.0,52,0.25,1.5611819421386393,0.0,25,4,25,1421.211216830486,-7.888094332543516,13.701957904505674,-2.19722457733622,16,0.24,1.5095699921973325,-2.19722457733622,26,4,25,815.6024292263077,57600,100,8,10
3.826716535840536,24.69097837328112,0.0,52,0.25,1.5611819421386397,0.0,25,4,25,1445.8613185962854,-7.888094332542312,13.698434016336456,-1.0986122886681098,16,0.26,1.5000000002393346,0.0,26,4,25,813.3380975976146,57650,100,8,10
3.826716535842559,24.69097837330645,0.0,53,0.25,1.5611819421386397,0.0,25,4,25,1445.86131859771,-7.844149841004637,13.72364528729325,0.0,16,0.26,1.4895642179521462,0.0,26,4,25,813.4805438396506,57700,100,8,10
3.490099406596844,24.54089477376922,0.0,52,0.25,1.5611819421386393,0.0,25,4,25,1421.211216830838,-7.844149841000379,13.727162703490844,-1.0986122886681098,16,0.24,1.5000000001995288,2.19722457733622,26,4,25,815.7563165212316,57750,100,8,10
3.490099406600498,24.54089477378785,0.0,52,0.25,1.5611819421386393,0.0,25,4,25,1421.211216831923,-7.888094332552745,13.701957904521551,-2.19722457733622,16,0.24,1.5095699921973325,-2.19722457733622,26,4,25,815.6024292272301,57800,100,8,10
3.826716535849487,24.690978373337224,0.0,52,0.25,1.5611819421386397,0.0,25,4,25,1445.8613185995375,-7.888094332560395,13.698434016367576,-1.0986122886681098,16,0.26,1.5000000002393346,0.0,26,4,25,813.338097599422,57850,100,8,10
3.826716535856481,24.690978373390017,0.0,53,0.25,1.5611819421386397,0.0,25,4,25,1445.8613186025668,-7.84414984103131,13.723645287339158,0.0,16,0.26,1.4895642179521462,0.0,26,4,25,813.4805438423166,57900,100,8,10
3.490099406615592,24.54089477387685,0.0,52,0.25,1.5611819421386393,0.0,25,4,25,1421.2112168370586,-7.844149841034018,13.727162703548728,-1.0986122886681098,16,0.24,1.5000000001995288,2.19722457733622,26,4,25,815.7563165245933,57950,100,8,10
3.49009940660918,24.54089477384957,0.0,52,0.25,1.5611819421386393,0.0,25,4,25,1421.2112168354483,-7.888094332572953,13.701957904556323,-2.19722457733622,16,0.24,1.5095699921973325,-2.19722457733622,26,4,25,815.6024292292498,58000,100,8,10
3.826716535849508,24.690978373347185,0.0,52,0.25,1.5611819421386397,0.0,25,4,25,1445.861318600081,-7.888094332564292,13.698434016374286,-1.0986122886681098,16,0.26,1.5000000002393346,0.0,26,4,25,813.3380975998116,58050,100,8,10
3.826716535853283,24.69097837335008,0.0,53,0.25,1.5611819421386397,0.0,25,4,25,1445.86131860032,-7.844149841017042,13.723645287314604,0.0,16,0.26,1.4895642179521462,0.0,26,4,25,813.4805438408906,58100,100,8,10
3.4900994066020505,24.5408947738058,0.0,52,0.25,1.5611819421386393,0.0,25,4,25,1421.2112168329286,-7.844149841012329,13.727162703511404,-1.0986122886681098,16,0.24,1.5000000001995288,2.19722457733622,26,4,25,815.7563165224258,58150,100,8,10
3.490099406602818,24.540894773825823,0.0,52,0.25,1.5611819421386393,0.0,25,4,25,1421.2112168340316,-7.888094332566522,13.701957904545258,-2.19722457733622,16,0.24,1.5095699921973325,-2.19722457733622,26,4,25,815.6024292286071,58200,100,8,10
3.8267165358446,24.69097837330292,0.0,52,0.25,1.5611819421386397,0.0,25,4,25,1445.861318597562,-7.888094332549084,13.698434016348108,-1.0986122886681098,16,0.26,1.5000000002393346,0.0,26,4,25,813.3380975982915,58250,100,8,10
3.826716535839424,24.690978373252776,0.0,53,0.25,1.5611819421386397,0.0,25,4,25,1445.8613185947163,-7.844149840984952,13.723645287259371,0.0,16,0.26,1.4895642179521462,0.0,26,4,25,813.4805438376837,58300,100,8,10
3.490099406599316,24.54089477378262,0.0,52,0.25,1.5611819421386393,0.0,25,4,25,1421.2112168316148,-7.844149841004505,13.727162703497944,-1.0986122886681098,16,0.24,1.5000000001995288,2.19722457733622,26,4,25,815.7563165216441,58350,100,8,10
3.4900994066006503,24.54089477379514,0.0,52,0.25,1.5611819421386393,0.0,25,4,25,1421.2112168323215,-7.8880943325555215,13.70195790452633,-2.19722457733622,16,0.24,1.5095699921973325,-2.19722457733622,26,4,25,815.6024292275075,58400,100,8,10
3.826716535848,24.69097837333005,0.0,52,0.25,1.5611819421386397,0.0,25,4,25,1445.8613185991146,-7.888094332558235,13.698434016363862,-1.0986122886681098,16,0.26,1.5000000002393346,0.0,26,4,25,813.3380975992061,58450,100,8,10
3.8267165358480137,24.690978373342745,0.0,53,0.25,1.5611819421386397,0.0,25,4,25,1445.8613185998065,-7.844149841016483,13.723645287313634,0.0,16,0.26,1.4895642179521462,0.0,26,4,25,813.4805438408346,58500,100,8,10
3.4900994066106623,24.540894773855435,0.0,52,0.25,1.5611819421386393,0.0,25,4,25,1421.211216835797,-7.844149841027856,13.727162703538124,-1.0986122886681098,16,0.24,1.5000000001995288,2.19722457733622,26,4,25,815.7563165239776,58550,100,8,10
3.4900994066074764,24.54089477383992,0.0,52,0.25,1.913373186404603,0.0,25,4,25,1421.2112168348904,-7.888094332569949,13.701957904551154,-2.19722457733622,16,0.24,1.5095699921973325,-2.19722457733622,26,4,25,815.6024292289496,58600,100,8,10
3.826716535850872,24.69097837334624,0.0,52,0.25,1.5611819421386397,0.0,25,4,25,1445.8613186000591,-7.888094332563323,13.698434016372616,-1.0986122886681098,16,0.26,1.5000000002393346,0.0,26,4,25,813.338097599715,58650,100,8,10
3.826716535864159,24.690978373414136,0.0,53,0.25,1.5611819421386397,0.0,25,4,25,1445.8613186040484,-7.844149841037403,13.723645287349644,0.0,16,0.26,1.4895642179521462,0.0,26,4,25,813.4805438429254,58700,100,8,10
3.490099406614159,24.540894773872377,0.0,52,0.25,1.5611819421386393,0.0,25,4,25,1421.211216836787,-7.844149841032911,13.727162703546822,-1.0986122886681098,16,0.24,1.5000000001995288,2.19722457733622,26,4,25,815.7563165244826,58750,100,8,10
3.490099406602325,24.540894773793752,0.0,52,0.25,1.5611819421386393,0.0,25,4,25,1421.2112168322794,-7.888094332554234,13.701957904524113,-2.19722457733622,16,0.24,1.5095699921973325,-2.19722457733622,26,4,25,815.6024292273788,58800,100,8,10
3.826716535844773,24.690978373313264,0.0,52,0.25,1.5611819421386397,0.0,25,4,25,1445.8613185981292,-7.888094332553063,13.69843401635496,-1.0986122886681098,16,0.26,1.5000000002393346,0.0,26,4,25,813.3380975986893,58850,100,8,10
3.826716535850328,24.69097837335497,0.0,53,0.25,1.5611819421386397,0.0,25,4,25,1445.861318600523,-7.844149841020261,13.723645287320142,0.0,16,0.26,1.4895642179521462,0.0,26,4,25,813.4805438412122,58900,100,8,10
3.490099406609444,24.540894773843743,0.0,52,0.25,1.5611819421386393,0.0,25,4,25,1421.2112168351375,-7.84414984102384,13.727162703531215,-1.0986122886681098,16,0.24,1.5000000001995288,2.19722457733622,26,4,25,815.7563165235762,58950,100,8,10
3.4900994066079054,24.54089477382624,0.0,52,0.25,1.5611819421386393,0.0,25,4,25,1421.2112168341562,-7.888094332564424,13.701957904541649,-2.19722457733622,16,0.24,1.5095699921973325,-2.19722457733622,26,4,25,815.6024292283975,59000,100,8,10
3.826716535850748,24.690978373349484,0.0,52,0.25,1.5611819421386397,0.0,25,4,25,1445.8613186002333,-7.888094332564654,13.698434016374907,-1.0986122886681098,16,0.26,1.5000000002393346,0.0,26,4,25,813.3380975998476,59050,100,8,10
3.82671653584926,24.69097837334379,0.0,53,0.25,1.5611819421386397,0.0,25,4,25,1445.8613185998904,-7.844149841016343,13.7236452873134,0.0,16,0.26,1.4895642179521462,0.0,26,4,25,813.4805438408208,59100,100,8,10
3.490099406607035,24.54089477382934,0.0,52,0.25,1.5611819421386393,0.0,25,4,25,1421.2112168343067,-7.844149841019293,13.727162703523392,-1.0986122886681098,16,0.24,1.5000000001995288,2.19722457733622,26,4,25,815.756316523122,59150,100,8,10
3.490099406602852,24.54089477379975,0.0,52,0.25,1.5611819421386393,0.0,25,4,25,1421.211216832616,-7.888094332556339,13.701957904527736,-2.19722457733622,16,0.24,1.5095699921973325,-2.19722457733622,26,4,25,815.6024292275893,59200,100,8,10
3.8267165358511295,24.690978373351165,0.0,52,0.25,1.5611819421386397,0.0,25,4,25,1445.861318600333,-7.888094332565145,13.698434016375751,-1.0986122886681098,16,0.26,1.5000000002393346,0.0,26,4,25,813.3380975998969,59250,100,8,10
3.8267165358607182,24.69097837341828,0.0,53,0.25,1.5611819421386397,0.0,25,4,25,1445.8613186041991,-7.844149841040538,13.723645287355044,0.0,16,0.26,1.4895642179521462,0.0,26,4,25,813.4805438432388,59300,100,8,10
3.0983009651545905,23.20998358694553,0.0,53,0.21,2.0561462546614218,0.0,21,4,25,879.6504781607385,-7.435040858377427,13.649032873697903,0.0,22,0.23,2.1765045381645054,0.0,23,4,25,493.8376648662582,59350,100,8,10
2.1467462146179024,20.263016644076203,0.0,43,0.21,2.1067133278061494,0.0,21,2,45,756.0685351759327,-6.562928546095083,13.44687050527586,0.0,21,0.22,1.981315277715979,0.0,22,9,11,458.5286448070168,59400,100,8,10
1.3760613504108727,19.39274873391013,0.0,39,0.22,2.509360866103015,0.0,22,2,44,859.7999854402032,-6.765347894390161,13.728022467145047,0.0,17,0.22,1.9766369686077268,0.0,22,2,11,564.6750203116911,59450,100,8,10
1.6033717688014186,19.271754566203047,0.0,38,0.22,2.4996745943468666,0.0,22,2,44,817.8973214786657,-6.450702886986022,13.517278468166724,0.0,17,0.23,1.9766369686077268,0.0,23,2,11,546.1125139210402,59500,100,8,10
1.8923672734134047,19.49934947580516,0.0,38,0.22,2.4996745943468666,0.0,22,2,44,844.229661044587,-6.4126362620882045,13.54073069983256,0.0,17,0.22,1.970893955763899,3.80666248977032,23,2,11,550.0214625790741,59550,100,8,10
1.608167482705379,19.2720529429206,0.0,38,0.22,2.4996745943468666,0.0,22,2,44,818.303231089185,-6.42025766260858,13.535189974158996,0.0,17,0.22,1.970893955763899,0.0,22,2,11,546.4007421176929,59600,100,8,10
1.5777222491106957,19.27216461622394,0.0,38,0.23,2.4996745943468666,0.0,23,2,44,825.4577314586066,-6.412636262087996,13.54073069983217,0.0,17,0.22,1.970893955763899,3.80666248977032,23,2,11,550.021462579057,59650,100,8,10
1.263077357952706,19.550199811193743,0.0,39,0.22,2.509360866103015,0.0,22,2,44,839.1611822923333,-6.765347770462382,13.728022244176987,0.0,18,0.22,1.9766369686077268,0.0,22,2,11,566.4250900147458,59700,100,8,10
1.5777222322120406,19.27216463528916,0.0,38,0.23,2.4996745943468666,0.0,23,2,44,825.4577326422184,-6.450702886985489,13.517278468165737,0.0,17,0.23,1.9766369686077268,0.0,23,2,11,546.8581143601815,59750,100,8,10
1.892367108007603,19.499349334781243,0.0,39,0.22,2.4996745943468666,0.0,22,2,44,859.1878596002379,-6.488769511883079,13.50441268389187,0.0,17,0.22,1.9766369686077268,0.0,22,2,11,539.5696650223566,59800,100,8,10
1.5520727217387733,19.27595387449704,0.0,38,0.22,2.509360866103015,0.0,22,2,44,822.9404349174807,-6.476352380559895,13.50744366699215,0.0,17,0.22,1.9766369686077268,0.0,22,2,11,544.3058673117814,59850,100,8,10
1.376061266615887,19.392748826989493,0.0,39,0.22,2.509360866103015,0.0,22,2,44,859.799990940911,-6.765347894389209,13.728022467143337,0.0,17,0.22,1.9766369686077268,0.0,22,2,11,564.6750203116165,59900,100,8,10
1.603371691989354,19.27175465296721,0.0,38,0.22,2.4996745943468666,0.0,22,2,44,817.8973268581683,-6.450702886985071,13.517278468164962,0.0,17,0.23,1.9766369686077268,0.0,23,2,11,546.1125139209628,59950,100,8,10
1.892367196601348,19.49934956269503,0.0,38,0.22,2.4996745943468666,0.0,22,2,44,844.2296663918543,-6.412636262087253,13.540730699830796,0.0,17,0.22,1.970893955763899,3.80666248977032,23,2,11,550.0214625789965,60000,100,8,10
1.6081674058933255,19.27205302970252,0.0,38,0.22,2.4996745943468666,0.0,22,2,44,818.3032364690006,-6.420257662607627,13.535189974157232,0.0,17,0.22,1.970893955763899,0.0,22,2,11,546.4007421176159,60050,100,8,10
1.5777221722986488,19.27216470288401,0.0,38,0.23,2.4996745943468666,0.0,23,2,44,825.4577368386587,-6.412636262087043,13.54073069983041,0.0,17,0.22,1.970893955763899,3.80666248977032,23,2,11,550.0214625789795,60100,100,8,10
1.2630772811407516,19.55019989538499,0.0,39,0.22,2.509360866103015,0.0,22,2,44,839.1611877024831,-6.765347770461343,13.728022244175127,0.0,18,0.22,1.9766369686077268,0.0,22,2,11,566.425090014661,60150,100,8,10
1.5777221554000065,19.272164721949213,0.0,38,0.23,2.4996745943468666,0.0,23,2,44,825.4577380222694,-6.450702886984537,13.517278468163974,0.0,17,0.23,1.9766369686077268,0.0,23,2,11,546.8581143601041,60200,100,8,10
1.892367031195488,19.49934942167095,0.0,39,0.22,2.4996745943468666,0.0,22,2,44,859.1878650549464,-6.488769511882127,13.504412683890113,0.0,17,0.22,1.9766369686077268,0.0,22,2,11,539.5696650222809,60250,100,8,10
1.55207264492675,19.275953961037835,0.0,38,0.22,2.509360866103015,0.0,22,2,44,822.9404402981287,-6.476352380558942,13.50744366699039,0.0,17,0.22,1.9766369686077268,0.0,22,2,11,544.3058673117041,60300,100,8,10
1.376061182820959,19.392748920068787,0.0,39,0.22,2.509360866103015,0.0,22,2,44,859.7999964416148,-6.765347894388258,13.728022467141622,0.0,17,0.22,1.9766369686077268,0.0,22,2,11,564.675020311542,60350,100,8,10
1.603371615177343,19.27175473973132,0.0,38,0.22,2.4996745943468666,0.0,22,2,44,817.8973322376675,-6.450702886984118,13.5172784681632,0.0,17,0.23,1.9766369686077268,0.0,23,2,11,546.1125139208854,60400,100,8,10
1.8923671197893424,19.49934964958484,0.0,38,0.22,2.4996745943468666,0.0,22,2,44,844.2296717391173,-6.412636262086302,13.540730699829036,0.0,17,0.22,1.970893955763899,3.80666248977032,23,2,11,550.0214625789189,60450,100,8,10
1.6081673290813268,19.272053116484383,0.0,38,0.22,2.4996745943468666,0.0,22,2,44,818.3032418488126,-6.420257662606674,13.535189974155474,0.0,17,0.22,1.970893955763899,0.0,22,2,11,546.4007421175388,60500,100,8,10
1.5777220954866562,19.27216478954401,0.0,38,0.23,2.4996745943468666,0.0,23,2,44,825.4577422187069,-6.412636262086092,13.540730699828652,0.0,17,0.22,1.970893955763899,3.80666248977032,23,2,11,550.0214625789017,60550,100,8,10
1.263077204328851,19.550199979576178,0.0,39,0.22,2.509360866103015,0.0,22,2,44,839.161193112629,-6.765347770460304,13.72802224417326,0.0,18,0.22,1.9766369686077268,0.0,22,2,11,566.4250900145763,60600,100,8,10
1.5777220785880253,19.27216480860921,0.0,38,0.23,2.4996745943468666,0.0,23,2,44,825.4577434023167,-6.450702886983585,13.517278468162214,0.0,17,0.23,1.9766369686077268,0.0,23,2,11,546.8581143600265,60650,100,8,10
1.8923669543834247,19.49934950856059,0.0,39,0.22,2.4996745943468666,0.0,22,2,44,859.187870509651,-6.488769511881176,13.50441268388835,0.0,17,0.22,1.9766369686077268,0.0,22,2,11,539.5696650222052,60700,100,8,10
1.5520725681147811,19.275954047578576,0.0,38,0.22,2.509360866103015,0.0,22,2,44,822.940445678773,-6.476352380557992,13.50744366698863,0.0,17,0.22,1.9766369686077268,0.0,22,2,11,544.3058673116265,60750,100,8,10
1.3760610990260906,19.392749013148027,0.0,39,0.22,2.509360866103015,0.0,22,2,44,859.8000019423147,-6.765347894387305,13.72802246713991,0.0,17,0.22,1.9766369686077268,0.0,22,2,11,564.6750203114675,60800,100,8,10
1.6033715383653857,19.271754826495368,0.0,38,0.22,2.4996745943468666,0.0,22,2,44,817.8973376171627,-6.450702886983167,13.51727846816144,0.0,17,0.23,1.9766369686077268,0.0,23,2,11,546.1125139208083,60850,100,8,10
1.892367042977392,19.49934973647459,0.0,38,0.22,2.4996745943468666,0.0,22,2,44,844.2296770863767,-6.41263626208535,13.54073069982728,0.0,17,0.22,1.970893955763899,3.80666248977032,23,2,11,550.0214625788412,60900,100,8,10
1.6081672522693813,19.27205320326619,0.0,38,0.22,2.4996745943468666,0.0,22,2,44,818.3032472286206,-6.420257662605724,13.535189974153711,0.0,17,0.22,1.970893955763899,0.0,22,2,11,546.4007421174617,60950,100,8,10
1.577722018674717,19.27216487620397,0.0,38,0.23,2.4996745943468666,0.0,23,2,44,825.4577475987513,-6.41263626208514,13.540730699826888,0.0,17,0.22,1.970893955763899,3.80666248977032,23,2,11,550.0214625788242,61000,100,8,10
1.2630771275170036,19.550200063767303,0.0,39,0.22,2.509360866103015,0.0,22,2,44,839.1611985227713,-6.765347770459266,13.72802224417139,0.0,18,0.22,1.9766369686077268,0.0,22,2,11,566.4250900144915,61050,100,8,10
1.577722001776098,19.27216489526916,0.0,38,0.23,2.4996745943468666,0.0,23,2,44,825.4577487823605,-6.450702886982635,13.517278468160452,0.0,17,0.23,1.9766369686077268,0.0,23,2,11,546.8581143599492,61100,100,8,10
1.892366877571417,19.49934959545018,0.0,39,0.22,2.4996745943468666,0.0,22,2,44,859.1878759643524,-6.488769511880222,13.50441268388659,0.0,17,0.22,1.9766369686077268,0.0,22,2,11,539.5696650221296,61150,100,8,10
1.5520724913028658,19.27595413411926,0.0,38,0.22,2.509360866103015,0.0,22,2,44,822.9404510594132,-6.476352380557039,13.507443666986868,0.0,17,0.22,1.9766369686077268,0.0,22,2,11,544.3058673115492,61200,100,8,10
1.37606101523128,19.392749106227203,0.0,39,0.22,2.509360866103015,0.0,22,2,44,859.8000074430108,-6.7653478943863545,13.728022467138196,0.0,17,0.22,1.9766369686077268,0.0,22,2,11,564.675020311393,61250,100,8,10
1.6033714615534824,19.27175491325936,0.0,38,0.22,2.4996745943468666,0.0,22,2,44,817.8973429966541,-6.450702886982215,13.517278468159676,0.0,17,0.23,1.9766369686077268,0.0,23,2,11,546.1125139207309,61300,100,8,10
1.8923669661654945,19.499349823364284,0.0,38,0.22,2.4996745943468666,0.0,22,2,44,844.2296824336322,-6.412636262084399,13.540730699825518,0.0,17,0.22,1.970893955763899,3.80666248977032,23,2,11,550.0214625787636,61350,100,8,10
1.6081671754574896,19.27205329004794,0.0,38,0.22,2.4996745943468666,0.0,22,2,44,818.303252608425,-6.420257662604771,13.535189974151953,0.0,17,0.22,1.970893955763899,0.0,22,2,11,546.4007421173848,61400,100,8,10
1.5777219418628317,19.27216496286386,0.0,38,0.23,2.4996745943468666,0.0,23,2,44,825.457752978792,-6.412636262084189,13.54073069982513,0.0,17,0.22,1.970893955763899,3.80666248977032,23,2,11,550.0214625787465,61450,100,8,10
1.26307705070521,19.550200147958385,0.0,39,0.22,2.509360866103015,0.0,22,2,44,839.1612039329095,-6.765347770458227,13.728022244169525,0.0,18,0.22,1.9766369686077268,0.0,22,2,11,566.4250900144067,61500,100,8,10
1.5777219249642245,19.27216498192904,0.0,38,0.23,2.4996745943468666,0.0,23,2,44,825.4577541624004,-6.450702886981682,13.51727846815869,0.0,17,0.23,1.9766369686077268,0.0,23,2,11,546.8581143598718,61550,100,8,10
1.892366800759462,19.499349682339705,0.0,39,0.22,2.4996745943468666,0.0,22,2,44,859.1878814190493,-6.488769511879272,13.504412683884826,0.0,17,0.22,1.9766369686077268,0.0,22,2,11,539.5696650220538,61600,100,8,10
1.552072414491004,19.275954220659884,0.0,38,0.22,2.509360866103015,0.0,22,2,44,822.9404564400501,-6.476352380556087,13.507443666985107,0.0,17,0.22,1.9766369686077268,0.0,22,2,11,544.3058673114716,61650,100,8,10
1.376060931436528,19.392749199306312,0.0,39,0.22,2.509360866103015,0.0,22,2,44,859.8000129437032,-6.765347894385402,13.728022467136482,0.0,17,0.22,1.9766369686077268,0.0,22,2,11,564.6750203113183,61700,100,8,10
1.6033713847416322,19.271755000023283,0.0,38,0.22,2.4996745943468666,0.0,22,2,44,817.8973483761418,-6.450702886981263,13.517278468157915,0.0,17,0.23,1.9766369686077268,0.0,23,2,11,546.1125139206536,61750,100,8,10
1.8923668893536512,19.499349910253912,0.0,38,0.22,2.4996745943468666,0.0,22,2,44,844.2296877808842,-6.412636262083447,13.540730699823756,0.0,17,0.22,1.970893955763899,3.80666248977032,23,2,11,550.0214625786858,61800,100,8,10
1.6081670986456515,19.272053376829625,0.0,38,0.22,2.4996745943468666,0.0,22,2,44,818.3032579882255,-6.420257662603819,13.53518997415019,0.0,17,0.22,1.970893955763899,0.0,22,2,11,546.4007421173077,61850,100,8,10
1.5777218650510003,19.272165049523704,0.0,38,0.23,2.4996745943468666,0.0,23,2,44,825.457758358829,-6.412636262083237,13.540730699823367,0.0,17,0.22,1.970893955763899,3.80666248977032,23,2,11,550.0214625786689,61900,100,8,10
1.2630769738934702,19.5502002321494,0.0,39,0.22,2.509360866103015,0.0,22,2,44,839.1612093430441,-6.76534777045719,13.72802224416765,0.0,18,0.22,1.9766369686077268,0.0,22,2,11,566.4250900143222,61950,100,8,10
1.5777218481524042,19.27216506858885,0.0,38,0.23,2.4996745943468666,0.0,23,2,44,825.4577595424365,-6.450702886980729,13.517278468156928,0.0,17,0.23,1.9766369686077268,0.0,23,2,11,546.8581143597944,62000,100,8,10
1.8923667239475608,19.49934976922918,0.0,39,0.22,2.4996745943468666,0.0,22,2,44,859.1878868737429,-6.488769511878319,13.50441268388307,0.0,17,0.22,1.9766369686077268,0.0,22,2,11,539.569665021978,62050,100,8,10
1.5520723376791958,19.275954307200443,0.0,38,0.22,2.509360866103015,0.0,22,2,44,822.940461820683,-6.476352380555134,13.507443666983344,0.0,17,0.22,1.9766369686077268,0.0,22,2,11,544.3058673113941,62100,100,8,10
1.3760608476418346,19.39274929238536,0.0,39,0.22,2.509360866103015,0.0,22,2,44,859.8000184443918,-6.76534789438445,13.72802246713477,0.0,17,0.22,1.9766369686077268,0.0,22,2,11,564.6750203112439,62150,100,8,10
1.603371307929836,19.271755086787152,0.0,38,0.22,2.4996745943468666,0.0,22,2,44,817.8973537556259,-6.45070288698031,13.517278468156157,0.0,17,0.23,1.9766369686077268,0.0,23,2,11,546.1125139205762,62200,100,8,10
1.8923668125418616,19.499349997143483,0.0,38,0.22,2.4996745943468666,0.0,22,2,44,844.2296931281322,-6.412636262082494,13.540730699821994,0.0,17,0.22,1.970893955763899,3.80666248977032,23,2,11,550.0214625786083,62250,100,8,10
1.608167021833867,19.272053463611257,0.0,38,0.22,2.4996745943468666,0.0,22,2,44,818.3032633680224,-6.420257662602868,13.535189974148423,0.0,17,0.22,1.970893955763899,0.0,22,2,11,546.4007421172307,62300,100,8,10
1.5777217882392216,19.27216513618348,0.0,38,0.23,2.4996745943468666,0.0,23,2,44,825.457763738862,-6.412636262082284,13.540730699821609,0.0,17,0.22,1.970893955763899,3.80666248977032,23,2,11,550.0214625785912,62350,100,8,10
1.263076897081784,19.55020031634036,0.0,39,0.22,2.509360866103015,0.0,22,2,44,839.1612147531752,-6.765347770456151,13.728022244165784,0.0,18,0.22,1.9766369686077268,0.0,22,2,11,566.4250900142372,62400,100,8,10
1.5777217713406375,19.27216515524862,0.0,38,0.23,2.4996745943468666,0.0,23,2,44,825.4577649224688,-6.450702886979777,13.517278468155167,0.0,17,0.23,1.9766369686077268,0.0,23,2,11,546.8581143597168,62450,100,8,10
1.8923666471357128,19.499349856118588,0.0,39,0.22,2.4996745943468666,0.0,22,2,44,859.1878923284322,-6.488769511877366,13.50441268388131,0.0,17,0.22,1.9766369686077268,0.0,22,2,11,539.5696650219024,62500,100,8,10
1.552072260867441,19.27595439374096,0.0,38,0.22,2.509360866103015,0.0,22,2,44,822.9404672013123,-6.476352380554183,13.507443666981588,0.0,17,0.22,1.9766369686077268,0.0,22,2,11,544.3058673113168,62550,100,8,10
1.3760607638471998,19.39274938546433,0.0,39,0.22,2.509360866103015,0.0,22,2,44,859.8000239450763,-6.765347894383498,13.728022467133057,0.0,17,0.22,1.9766369686077268,0.0,22,2,11,564.6750203111693,62600,100,8,10
1.6033712311180932,19.27175517355097,0.0,38,0.22,2.4996745943468666,0.0,22,2,44,817.8973591351061,-6.450702886979359,13.517278468154393,0.0,17,0.23,1.9766369686077268,0.0,23,2,11,546.1125139204989,62650,100,8,10
1.892366735730125,19.499350084033004,0.0,38,0.22,2.4996745943468666,0.0,22,2,44,844.229698475377,-6.412636262081543,13.540730699820232,0.0,17,0.22,1.970893955763899,3.80666248977032,23,2,11,550.0214625785306,62700,100,8,10
1.608166945022136,19.27205355039283,0.0,38,0.22,2.4996745943468666,0.0,22,2,44,818.3032687478154,-6.420257662601915,13.535189974146666,0.0,17,0.22,1.970893955763899,0.0,22,2,11,546.4007421171538,62750,100,8,10
1.5777217114274975,19.2721652228432,0.0,38,0.23,2.4996745943468666,0.0,23,2,44,825.4577691188915,-6.412636262081333,13.540730699819845,0.0,17,0.22,1.970893955763899,3.80666248977032,23,2,11,550.0214625785135,62800,100,8,10
1.2630768202701514,19.550200400531267,0.0,39,0.22,2.509360866103015,0.0,22,2,44,839.1612201633022,-6.765347770455112,13.728022244163911,0.0,18,0.22,1.9766369686077268,0.0,22,2,11,566.4250900141524,62850,100,8,10
1.5777216945289254,19.27216524190833,0.0,38,0.23,2.4996745943468666,0.0,23,2,44,825.4577703024974,-6.450702886978826,13.517278468153403,0.0,17,0.23,1.9766369686077268,0.0,23,2,11,546.8581143596394,62900,100,8,10
1.89236657032392,19.499349943007942,0.0,39,0.22,2.4996745943468666,0.0,22,2,44,859.1878977831182,-6.488769511876416,13.504412683879549,0.0,17,0.22,1.9766369686077268,0.0,22,2,11,539.5696650218267,62950,100,8,10
1.5520721840557403,19.2759544802814,0.0,38,0.22,2.509360866103015,0.0,22,2,44,822.9404725819378,-6.476352380553232,13.507443666979826,0.0,17,0.22,1.9766369686077268,0.0,22,2,11,544.3058673112392,63000,100,8,10
1.3760606800526238,19.392749478543266,0.0,39,0.22,2.509360866103015,0.0,22,2,44,859.8000294457569,-6.765347894382546,13.728022467131346,0.0,17,0.22,1.9766369686077268,0.0,22,2,11,564.6750203110947,63050,100,8,10
1.6033711543064042,19.271755260314723,0.0,38,0.22,2.4996745943468666,0.0,22,2,44,817.8973645145825,-6.450702886978406,13.51727846815263,0.0,17,0.23,1.9766369686077268,0.0,23,2,11,546.1125139204216,63100,100,8,10
1.8923666589184427,19.49935017092246,0.0,38,0.22,2.4996745943468666,0.0,22,2,44,844.2297038226175,-6.41263626208059,13.540730699818472,0.0,17,0.22,1.970893955763899,3.80666248977032,23,2,11,550.021462578453,63150,100,8,10
1.6081668682104588,19.27205363717434,0.0,38,0.22,2.4996745943468666,0.0,22,2,44,818.3032741276048,-6.420257662600963,13.535189974144904,0.0,17,0.22,1.970893955763899,0.0,22,2,11,546.4007421170767,63200,100,8,10
1.5777216346158267,19.272165309502853,0.0,38,0.23,2.4996745943468666,0.0,23,2,44,825.4577744989172,-6.4126362620803805,13.540730699818086,0.0,17,0.22,1.970893955763899,3.80666248977032,23,2,11,550.021462578436,63250,100,8,10
1.2630767434585723,19.550200484722108,0.0,39,0.22,2.509360866103015,0.0,22,2,44,839.1612255734254,-6.765347770454074,13.728022244162048,0.0,18,0.22,1.9766369686077268,0.0,22,2,11,566.4250900140676,63300,100,8,10
1.577721617717266,19.27216532856797,0.0,38,0.23,2.4996745943468666,0.0,23,2,44,825.4577756825223,-6.450702886977874,13.517278468151645,0.0,17,0.23,1.9766369686077268,0.0,23,2,11,546.8581143595621,63350,100,8,10
1.89236649351218,19.49935002989724,0.0,39,0.22,2.4996745943468666,0.0,22,2,44,859.1879032378002,-6.488769511875464,13.504412683877783,0.0,17,0.22,1.9766369686077268,0.0,22,2,11,539.569665021751,63400,100,8,10
1.5520721072440933,19.27595456682179,0.0,38,0.22,2.509360866103015,0.0,22,2,44,822.9404779625595,-6.47635238055228,13.507443666978064,0.0,17,0.22,1.9766369686077268,0.0,22,2,11,544.3058673111617,63450,100,8,10
1.3760605962581056,19.39274957162212,0.0,39,0.22,2.509360866103015,0.0,22,2,44,859.8000349464338,-6.765347894381595,13.728022467129634,0.0,17,0.22,1.9766369686077268,0.0,22,2,11,564.6750203110201,63500,100,8,10
1.6033710774947687,19.271755347078425,0.0,38,0.22,2.4996745943468666,0.0,22,2,44,817.8973698940553,-6.450702886977456,13.517278468150868,0.0,17,0.23,1.9766369686077268,0.0,23,2,11,546.1125139203443,63550,100,8,10
1.8923665821068136,19.49935025781186,0.0,38,0.22,2.4996745943468666,0.0,22,2,44,844.2297091698545,-6.412636262079639,13.540730699816711,0.0,17,0.22,1.970893955763899,3.80666248977032,23,2,11,550.0214625783753,63600,100,8,10
1.608166791398835,19.2720537239558,0.0,38,0.22,2.4996745943468666,0.0,22,2,44,818.3032795073904,-6.420257662600012,13.535189974143142,0.0,17,0.22,1.970893955763899,0.0,22,2,11,546.4007421169997,63650,100,8,10
1.5777215578042094,19.272165396162457,0.0,38,0.23,2.4996745943468666,0.0,23,2,44,825.4577798789393,-6.412636262079428,13.54073069981632,0.0,17,0.22,1.970893955763899,3.80666248977032,23,2,11,550.0214625783582,63700,100,8,10
1.2630766666470477,19.550200568912903,0.0,39,0.22,2.509360866103015,0.0,22,2,44,839.161230983545,-6.765347770453036,13.72802224416018,0.0,18,0.22,1.9766369686077268,0.0,22,2,11,566.4250900139828,63750,100,8,10
1.577721540905661,19.27216541522756,0.0,38,0.23,2.4996745943468666,0.0,23,2,44,825.4577810625434,-6.450702886976923,13.51727846814988,0.0,17,0.23,1.9766369686077268,0.0,23,2,11,546.8581143594846,63800,100,8,10
1.8923664167004928,19.49935011678648,0.0,39,0.22,2.4996745943468666,0.0,22,2,44,859.1879086924782,-6.488769511874511,13.504412683876025,0.0,17,0.22,1.9766369686077268,0.0,22,2,11,539.5696650216752,63850,100,8,10
1.5520720304324995,19.275954653362124,0.0,38,0.22,2.509360866103015,0.0,22,2,44,822.9404833431773,-6.476352380551328,13.507443666976304,0.0,17,0.22,1.9766369686077268,0.0,22,2,11,544.3058673110842,63900,100,8,10
1.3760605124636465,19.39274966470092,0.0,39,0.22,2.509360866103015,0.0,22,2,44,859.800040447107,-6.765347894380642,13.728022467127918,0.0,17,0.22,1.9766369686077268,0.0,22,2,11,564.6750203109457,63950,100,8,10
1.6033710006831865,19.27175543384206,0.0,38,0.22,2.4996745943468666,0.0,22,2,44,817.8973752735243,-6.450702886976504,13.517278468149106,0.0,17,0.23,1.9766369686077268,0.0,23,2,11,546.1125139202671,64000,100,8,10
1.8923665052952376,19.499350344701195,0.0,38,0.22,2.4996745943468666,0.0,22,2,44,844.2297145170878,-6.412636262078687,13.540730699814947,0.0,17,0.22,1.970893955763899,3.80666248977032,23,2,11,550.0214625782977,64050,100,8,10
1.608166714587265,19.27205381073719,0.0,38,0.22,2.4996745943468666,0.0,22,2,44,818.3032848871721,-6.42025766259906,13.535189974141382,0.0,17,0.22,1.970893955763899,0.0,22,2,11,546.4007421169227,64100,100,8,10
1.5777214809926456,19.272165482822,0.0,38,0.23,2.4996745943468666,0.0,23,2,44,825.4577852589574,-6.412636262078476,13.540730699814562,0.0,17,0.22,1.970893955763899,3.80666248977032,23,2,11,550.0214625782806,64150,100,8,10
1.2630765898355756,19.55020065310364,0.0,39,0.22,2.509360866103015,0.0,22,2,44,839.1612363936605,-6.765347770451997,13.72802224415831,0.0,18,0.22,1.9766369686077268,0.0,22,2,11,566.4250900138982,64200,100,8,10
1.577721464094109,19.27216550188709,0.0,38,0.23,2.4996745943468666,0.0,23,2,44,825.4577864425609,-6.45070288697597,13.517278468148122,0.0,17,0.23,1.9766369686077268,0.0,23,2,11,546.8581143594072,64250,100,8,10
1.89236633988886,19.49935020367565,0.0,39,0.22,2.4996745943468666,0.0,22,2,44,859.1879141471526,-6.48876951187356,13.504412683874268,0.0,17,0.22,1.9766369686077268,0.0,22,2,11,539.5696650215997,64300,100,8,10
1.5520719536209595,19.27595473990239,0.0,38,0.22,2.509360866103015,0.0,22,2,44,822.9404887237916,-6.476352380550375,13.507443666974542,0.0,17,0.22,1.9766369686077268,0.0,22,2,11,544.3058673110069,64350,100,8,10
1.3760604286692455,19.39274975777965,0.0,39,0.22,2.509360866103015,0.0,22,2,44,859.8000459477763,-6.765347894379691,13.728022467126207,0.0,17,0.22,1.9766369686077268,0.0,22,2,11,564.675020310871,64400,100,8,10
1.6033709238716585,19.27175552060564,0.0,38,0.22,2.4996745943468666,0.0,22,2,44,817.8973806529897,-6.450702886975551,13.51727846814735,0.0,17,0.23,1.9766369686077268,0.0,23,2,11,546.1125139201897,64450,100,8,10
1.892366428483716,19.49935043159048,0.0,38,0.22,2.4996745943468666,0.0,22,2,44,844.2297198643171,-6.412636262077735,13.540730699813189,0.0,17,0.22,1.970893955763899,3.80666248977032,23,2,11,550.0214625782199,64500,100,8,10
1.6081666377757486,19.27205389751853,0.0,38,0.22,2.4996745943468666,0.0,22,2,44,818.3032902669502,-6.4202576625981065,13.53518997413962,0.0,17,0.22,1.970893955763899,0.0,22,2,11,546.4007421168457,64550,100,8,10
1.5777214041811356,19.272165569481484,0.0,38,0.23,2.4996745943468666,0.0,23,2,44,825.4577906389717,-6.412636262077525,13.5407306998128,0.0,17,0.22,1.970893955763899,3.80666248977032,23,2,11,550.021462578203,64600,100,8,10
1.2630765130241577,19.550200737294315,0.0,39,0.22,2.509360866103015,0.0,22,2,44,839.1612418037726,-6.765347770450959,13.728022244156444,0.0,18,0.22,1.9766369686077268,0.0,22,2,11,566.4250900138134,64650,100,8,10
1.577721387282611,19.272165588546564,0.0,38,0.23,2.4996745943468666,0.0,23,2,44,825.4577918225742,-6.4507028869750185,13.51727846814636,0.0,17,0.23,1.9766369686077268,0.0,23,2,11,546.8581143593296,64700,100,8,10
1.892366263077281,19.499350290564767,0.0,39,0.22,2.4996745943468666,0.0,22,2,44,859.1879196018232,-6.488769511872608,13.504412683872506,0.0,17,0.22,1.9766369686077268,0.0,22,2,11,539.5696650215239,64750,100,8,10
1.5520718768094732,19.275954826442604,0.0,38,0.22,2.509360866103015,0.0,22,2,44,822.9404941044023,-6.476352380549424,13.50744366697278,0.0,17,0.22,1.9766369686077268,0.0,22,2,11,544.3058673109292,64800,100,8,10
1.3760603448749031,19.39274985085832,0.0,39,0.22,2.509360866103015,0.0,22,2,44,859.8000514484416,-6.765347894378738,13.728022467124491,0.0,17,0.22,1.9766369686077268,0.0,22,2,11,564.6750203107966,64850,100,8,10
1.603370847060184,19.27175560736916,0.0,38,0.22,2.4996745943468666,0.0,22,2,44,817.8973860324511,-6.4507028869746,13.517278468145584,0.0,17,0.23,1.9766369686077268,0.0,23,2,11,546.1125139201124,64900,100,8,10
1.892366351672248,19.49935051847969,0.0,38,0.22,2.4996745943468666,0.0,22,2,44,844.2297252115429,-6.412636262076783,13.540730699811428,0.0,17,0.22,1.970893955763899,3.80666248977032,23,2,11,550.0214625781423,64950,100,8,10
1.6081665609642857,19.27205398429981,0.0,38,0.22,2.4996745943468666,0.0,22,2,44,818.3032956467245,-6.420257662597156,13.53518997413786,0.0,17,0.22,1.970893955763899,0.0,22,2,11,546.4007421167687,65000,100,8,10
1.5777213273696793,19.27216565614092,0.0,38,0.23,2.4996745943468666,0.0,23,2,44,825.4577960189823,-6.412636262076572,13.540730699811036,0.0,17,0.22,1.970893955763899,3.80666248977032,23,2,11,550.0214625781252,65050,100,8,10
1.263076436212793,19.55020082148493,0.0,39,0.22,2.509360866103015,0.0,22,2,44,839.1612472138806,-6.76534777044992,13.728022244154571,0.0,18,0.22,1.9766369686077268,0.0,22,2,11,566.4250900137284,65100,100,8,10
1.577721310471166,19.272165675205976,0.0,38,0.23,2.4996745943468666,0.0,23,2,44,825.4577972025842,-6.450702886974067,13.517278468144598,0.0,17,0.23,1.9766369686077268,0.0,23,2,11,546.8581143592522,65150,100,8,10
1.8923661862657544,19.49935037745384,0.0,39,0.22,2.4996745943468666,0.0,22,2,44,859.1879250564898,-6.488769511871656,13.504412683870743,0.0,17,0.22,1.9766369686077268,0.0,22,2,11,539.5696650214481,65200,100,8,10
1.552071799998041,19.27595491298276,0.0,38,0.22,2.509360866103015,0.0,22,2,44,822.9404994850088,-6.476352380548471,13.507443666971024,0.0,17,0.22,1.9766369686077268,0.0,22,2,11,544.3058673108519,65250,100,8,10
1.3760602610806194,19.39274994393693,0.0,39,0.22,2.509360866103015,0.0,22,2,44,859.8000569491031,-6.765347894377786,13.72802246712278,0.0,17,0.22,1.9766369686077268,0.0,22,2,11,564.6750203107221,65300,100,8,10
1.6033707702487632,19.271755694132622,0.0,38,0.22,2.4996745943468666,0.0,22,2,44,817.8973914119086,-6.450702886973647,13.517278468143823,0.0,17,0.23,1.9766369686077268,0.0,23,2,11,546.1125139200351,65350,100,8,10
1.8923662748608336,19.499350605368864,0.0,38,0.22,2.4996745943468666,0.0,22,2,44,844.2297305587653,-6.412636262075831,13.540730699809664,0.0,17,0.22,1.970893955763899,3.80666248977032,23,2,11,550.0214625780646,65400,100,8,10
1.6081664841528769,19.27205407108103,0.0,38,0.22,2.4996745943468666,0.0,22,2,44,818.3033010264949,-6.420257662596203,13.535189974136095,0.0,17,0.22,1.970893955763899,0.0,22,2,11,546.4007421166917,65450,100,8,10
1.5777212505582767,19.27216574280028,0.0,38,0.23,2.4996745943468666,0.0,23,2,44,825.4578013989892,-6.412636262075621,13.54073069980928,0.0,17,0.22,1.970893955763899,3.80666248977032,23,2,11,550.0214625780476,65500,100,8,10
1.2630763594014824,19.5502009056755,0.0,39,0.22,2.509360866103015,0.0,22,2,44,839.1612526239852,-6.765347770448881,13.728022244152706,0.0,18,0.22,1.9766369686077268,0.0,22,2,11,566.4250900136439,65550,100,8,10
1.5777212336597757,19.272165761865327,0.0,38,0.23,2.4996745943468666,0.0,23,2,44,825.4578025825903,-6.450702886973114,13.517278468142836,0.0,17,0.23,1.9766369686077268,0.0,23,2,11,546.8581143591747,65600,100,8,10
1.8923661094542832,19.499350464342832,0.0,39,0.22,2.4996745943468666,0.0,22,2,44,859.1879305111527,-6.488769511870704,13.504412683868985,0.0,17,0.22,1.9766369686077268,0.0,22,2,11,539.5696650213724,65650,100,8,10
1.5520717231866612,19.27595499952286,0.0,38,0.22,2.509360866103015,0.0,22,2,44,822.9405048656116,-6.476352380547519,13.50744366696926,0.0,17,0.22,1.9766369686077268,0.0,22,2,11,544.3058673107743,65700,100,8,10
1.376060177286394,19.392750037015475,0.0,39,0.22,2.509360866103015,0.0,22,2,44,859.800062449761,-6.765347894376836,13.72802246712107,0.0,17,0.22,1.9766369686077268,0.0,22,2,11,564.6750203106476,65750,100,8,10
1.603370693437396,19.271755780896022,0.0,38,0.22,2.4996745943468666,0.0,22,2,44,817.8973967913626,-6.450702886972695,13.517278468142065,0.0,17,0.23,1.9766369686077268,0.0,23,2,11,546.1125139199578,65800,100,8,10
1.8923661980494728,19.49935069225797,0.0,38,0.22,2.4996745943468666,0.0,22,2,44,844.2297359059834,-6.412636262074878,13.540730699807906,0.0,17,0.22,1.970893955763899,3.80666248977032,23,2,11,550.0214625779869,65850,100,8,10
1.6081664073415212,19.27205415786219,0.0,38,0.22,2.4996745943468666,0.0,22,2,44,818.3033064062618,-6.420257662595252,13.535189974134337,0.0,17,0.22,1.970893955763899,0.0,22,2,11,546.4007421166147,65900,100,8,10
1.577721173746928,19.272165829459585,0.0,38,0.23,2.4996745943468666,0.0,23,2,44,825.4578067789924,-6.4126362620746695,13.54073069980752,0.0,17,0.22,1.970893955763899,3.80666248977032,23,2,11,550.0214625779699,65950,100,8,10
1.2630762825902253,19.550200989866006,0.0,39,0.22,2.509360866103015,0.0,22,2,44,839.1612580340859,-6.765347770447843,13.728022244150836,0.0,18,0.22,1.9766369686077268,0.0,22,2,11,566.425090013559,66000,100,8,10
1.5777211568484382,19.272165848524622,0.0,38,0.23,2.4996745943468666,0.0,23,2,44,825.4578079625925,-6.450702886972161,13.517278468141075,0.0,17,0.23,1.9766369686077268,0.0,23,2,11,546.8581143590973,66050,100,8,10
1.8923660326428644,19.49935055123177,0.0,39,0.22,2.4996745943468666,0.0,22,2,44,859.1879359658118,-6.488769511869752,13.504412683867224,0.0,17,0.22,1.9766369686077268,0.0,22,2,11,539.5696650212967,66100,100,8,10
1.552071646375336,19.275955086062904,0.0,38,0.22,2.509360866103015,0.0,22,2,44,822.9405102462109,-6.476352380546567,13.507443666967498,0.0,17,0.22,1.9766369686077268,0.0,22,2,11,544.3058673106968,66150,100,8,10
1.3760600934922274,19.39275013009396,0.0,39,0.22,2.509360866103015,0.0,22,2,44,859.800067950415,-6.765347894375882,13.728022467119356,0.0,17,0.22,1.9766369686077268,0.0,22,2,11,564.675020310573,66200,100,8,10
1.6033706166260822,19.27175586765937,0.0,38,0.22,2.4996745943468666,0.0,22,2,44,817.8974021708127,-6.450702886971744,13.5172784681403,0.0,17,0.23,1.9766369686077268,0.0,23,2,11,546.1125139198806,66250,100,8,10
1.8923661212381653,19.49935077914701,0.0,38,0.22,2.4996745943468666,0.0,22,2,44,844.2297412531981,-6.412636262073928,13.540730699806142,0.0,17,0.22,1.970893955763899,3.80666248977032,23,2,11,550.0214625779093,66300,100,8,10
1.6081663305302194,19.272054244643293,0.0,38,0.22,2.4996745943468666,0.0,22,2,44,818.3033117860248,-6.420257662594299,13.535189974132576,0.0,17,0.22,1.970893955763899,0.0,22,2,11,546.4007421165377,66350,100,8,10
1.5777210969356326,19.27216591611884,0.0,38,0.23,2.4996745943468666,0.0,23,2,44,825.4578121589918,-6.4126362620737165,13.540730699805756,0.0,17,0.22,1.970893955763899,3.80666248977032,23,2,11,550.0214625778922,66400,100,8,10
1.2630762057790217,19.550201074056456,0.0,39,0.22,2.509360866103015,0.0,22,2,44,839.1612634441829,-6.765347770446805,13.728022244148969,0.0,18,0.22,1.9766369686077268,0.0,22,2,11,566.4250900134742,66450,100,8,10
1.5777210800371546,19.272165935183864,0.0,38,0.23,2.4996745943468666,0.0,23,2,44,825.4578133425911,-6.450702886971211,13.517278468139311,0.0,17,0.23,1.9766369686077268,0.0,23,2,11,546.8581143590199,66500,100,8,10
1.8923659558315,19.49935063812066,0.0,39,0.22,2.4996745943468666,0.0,22,2,44,859.187941420467,-6.488769511868799,13.504412683865464,0.0,17,0.22,1.9766369686077268,0.0,22,2,11,539.5696650212211,66550,100,8,10
1.552071569564064,19.27595517260288,0.0,38,0.22,2.509360866103015,0.0,22,2,44,822.9405156268062,-6.476352380545616,13.507443666965738,0.0,17,0.22,1.9766369686077268,0.0,22,2,11,544.3058673106194,66600,100,8,10
1.376060009698119,19.39275022317238,0.0,39,0.22,2.509360866103015,0.0,22,2,44,859.800073451065,-6.765347894374932,13.728022467117643,0.0,17,0.22,1.9766369686077268,0.0,22,2,11,564.6750203104983,66650,100,8,10
1.603370539814822,19.27175595442265,0.0,38,0.22,2.4996745943468666,0.0,22,2,44,817.8974075502592,-6.450702886970792,13.51727846813854,0.0,17,0.23,1.9766369686077268,0.0,23,2,11,546.1125139198032,66700,100,8,10
1.8923660444269124,19.499350866036007,0.0,38,0.22,2.4996745943468666,0.0,22,2,44,844.2297466004087,-6.412636262072976,13.540730699804383,0.0,17,0.22,1.970893955763899,3.80666248977032,23,2,11,550.0214625778316,66750,100,8,10
1.608166253718971,19.272054331424336,0.0,38,0.22,2.4996745943468666,0.0,22,2,44,818.3033171657838,-6.4202576625933485,13.535189974130814,0.0,17,0.22,1.970893955763899,0.0,22,2,11,546.4007421164607,66800,100,8,10
1.5777210201243903,19.27216600277803,0.0,38,0.23,2.4996745943468666,0.0,23,2,44,825.4578175389876,-6.412636262072766,13.540730699803996,0.0,17,0.22,1.970893955763899,3.80666248977032,23,2,11,550.0214625778148,66850,100,8,10
1.2630761289678716,19.55020115824685,0.0,39,0.22,2.509360866103015,0.0,22,2,44,839.1612688542757,-6.765347770445766,13.728022244147102,0.0,18,0.22,1.9766369686077268,0.0,22,2,11,566.4250900133894,66900,100,8,10
1.5777210032259248,19.27216602184304,0.0,38,0.23,2.4996745943468666,0.0,23,2,44,825.4578187225859,-6.450702886970259,13.517278468137553,0.0,17,0.23,1.9766369686077268,0.0,23,2,11,546.8581143589424,66950,100,8,10
1.8923658790201885,19.49935072500948,0.0,39,0.22,2.4996745943468666,0.0,22,2,44,859.1879468751184,-6.488769511867849,13.504412683863702,0.0,17,0.22,1.9766369686077268,0.0,22,2,11,539.5696650211453,67000,100,8,10
1.5520714927528458,19.275955259142805,0.0,38,0.22,2.509360866103015,0.0,22,2,44,822.9405210073979,-6.476352380544665,13.507443666963978,0.0,17,0.22,1.9766369686077268,0.0,22,2,11,544.3058673105419,67050,100,8,10
1.3760599259040691,19.392750316250737,0.0,39,0.22,2.509360866103015,0.0,22,2,44,859.8000789517112,-6.765347894373979,13.728022467115933,0.0,17,0.22,1.9766369686077268,0.0,22,2,11,564.6750203104239,67100,100,8,10
1.603370463003616,19.271756041185885,0.0,38,0.22,2.4996745943468666,0.0,22,2,44,817.8974129297018,-6.45070288696984,13.517278468136777,0.0,17,0.23,1.9766369686077268,0.0,23,2,11,546.112513919726,67150,100,8,10
1.892365967615712,19.49935095292493,0.0,38,0.22,2.4996745943468666,0.0,22,2,44,844.2297519476159,-6.412636262072023,13.540730699802625,0.0,17,0.22,1.970893955763899,3.80666248977032,23,2,11,550.0214625777542,67200,100,8,10
1.6081661769077764,19.272054418205325,0.0,38,0.22,2.4996745943468666,0.0,22,2,44,818.3033225455395,-6.420257662592396,13.53518997412905,0.0,17,0.22,1.970893955763899,0.0,22,2,11,546.4007421163836,67250,100,8,10
1.577720943313203,19.272166089437164,0.0,38,0.23,2.4996745943468666,0.0,23,2,44,825.4578229189793,-6.412636262071813,13.540730699802236,0.0,17,0.22,1.970893955763899,3.80666248977032,23,2,11,550.021462577737,67300,100,8,10
1.2630760521567757,19.550201242437183,0.0,39,0.22,2.509360866103015,0.0,22,2,44,839.161274264365,-6.765347770444729,13.728022244145231,0.0,18,0.22,1.9766369686077268,0.0,22,2,11,566.4250900133048,67350,100,8,10
1.577720926414748,19.27216610850217,0.0,38,0.23,2.4996745943468666,0.0,23,2,44,825.457824102577,-6.450702886969307,13.517278468135787,0.0,17,0.23,1.9766369686077268,0.0,23,2,11,546.858114358865,67400,100,8,10
1.8923658022089311,19.49935081189825,0.0,39,0.22,2.4996745943468666,0.0,22,2,44,859.1879523297661,-6.488769511866897,13.504412683861943,0.0,17,0.22,1.9766369686077268,0.0,22,2,11,539.5696650210696,67450,100,8,10
1.5520714159416813,19.275955345682664,0.0,38,0.22,2.509360866103015,0.0,22,2,44,822.9405263879859,-6.476352380543712,13.507443666962216,0.0,17,0.22,1.9766369686077268,0.0,22,2,11,544.3058673104645,67500,100,8,10
1.376059842110078,19.39275040932903,0.0,39,0.22,2.509360866103015,0.0,22,2,44,859.8000844523535,-6.765347894373027,13.72802246711422,0.0,17,0.22,1.9766369686077268,0.0,22,2,11,564.6750203103493,67550,100,8,10
1.603370386192463,19.271756127949057,0.0,38,0.22,2.4996745943468666,0.0,22,2,44,817.8974183091408,-6.450702886968887,13.517278468135016,0.0,17,0.23,1.9766369686077268,0.0,23,2,11,546.1125139196487,67600,100,8,10
1.8923658908045653,19.499351039813803,0.0,38,0.22,2.4996745943468666,0.0,22,2,44,844.2297572948194,-6.412636262071072,13.540730699800855,0.0,17,0.22,1.970893955763899,3.80666248977032,23,2,11,550.0214625776764,67650,100,8,10
1.6081661000966354,19.272054504986247,0.0,38,0.22,2.4996745943468666,0.0,22,2,44,818.3033279252913,-6.420257662591444,13.535189974127292,0.0,17,0.22,1.970893955763899,0.0,22,2,11,546.4007421163067,67700,100,8,10
1.577720866502068,19.27216617609624,0.0,38,0.23,2.4996745943468666,0.0,23,2,44,825.4578282989673,-6.412636262070861,13.54073069980047,0.0,17,0.22,1.970893955763899,3.80666248977032,23,2,11,550.0214625776593,67750,100,8,10
1.2630759753457328,19.550201326627462,0.0,39,0.22,2.509360866103015,0.0,22,2,44,839.1612796744507,-6.765347770443689,13.728022244143364,0.0,18,0.22,1.9766369686077268,0.0,22,2,11,566.4250900132199,67800,100,8,10
1.5777208496036257,19.27216619516123,0.0,38,0.23,2.4996745943468666,0.0,23,2,44,825.4578294825643,-6.450702886968355,13.51727846813403,0.0,17,0.23,1.9766369686077268,0.0,23,2,11,546.8581143587874,67850,100,8,10
1.892365725397727,19.49935089878696,0.0,39,0.22,2.4996745943468666,0.0,22,2,44,859.1879577844101,-6.488769511865945,13.50441268386018,0.0,17,0.22,1.9766369686077268,0.0,22,2,11,539.569665020994,67900,100,8,10
1.5520713391305707,19.275955432222474,0.0,38,0.22,2.509360866103015,0.0,22,2,44,822.9405317685699,-6.47635238054276,13.507443666960452,0.0,17,0.22,1.9766369686077268,0.0,22,2,11,544.305867310387,67950,100,8,10
1.3760597583161456,19.39275050240726,0.0,39,0.22,2.509360866103015,0.0,22,2,44,859.8000899529919,-6.765347894372075,13.728022467112504,0.0,17,0.22,1.9766369686077268,0.0,22,2,11,564.6750203102747,68000,100,8,10
1.603370309381364,19.27175621471217,0.0,38,0.22,2.4996745943468666,0.0,22,2,44,817.8974236885759,-6.450702886967935,13.517278468133256,0.0,17,0.23,1.9766369686077268,0.0,23,2,11,546.1125139195714,68050,100,8,10
1.8923658139934727,19.499351126702617,0.0,38,0.22,2.4996745943468666,0.0,22,2,44,844.2297626420191,-6.412636262070119,13.5407306997991,0.0,17,0.22,1.970893955763899,3.80666248977032,23,2,11,550.0214625775988,68100,100,8,10
1.6081660232855484,19.27205459176712,0.0,38,0.22,2.4996745943468666,0.0,22,2,44,818.3033333050394,-6.420257662590492,13.53518997412553,0.0,17,0.22,1.970893955763899,0.0,22,2,11,546.4007421162297,68150,100,8,10
1.577720789690987,19.272166262755256,0.0,38,0.23,2.4996745943468666,0.0,23,2,44,825.4578336789518,-6.412636262069909,13.540730699798711,0.0,17,0.22,1.970893955763899,3.80666248977032,23,2,11,550.0214625775816,68200,100,8,10
1.263075898534744,19.55020141081769,0.0,39,0.22,2.509360866103015,0.0,22,2,44,839.1612850845322,-6.7653477704426495,13.728022244141496,0.0,18,0.22,1.9766369686077268,0.0,22,2,11,566.4250900131352,68250,100,8,10
1.5777207727925566,19.27216628182023,0.0,38,0.23,2.4996745943468666,0.0,23,2,44,825.4578348625479,-6.450702886967402,13.517278468132268,0.0,17,0.23,1.9766369686077268,0.0,23,2,11,546.8581143587099,68300,100,8,10
1.8923656485865763,19.49935098567561,0.0,39,0.22,2.4996745943468666,0.0,22,2,44,859.18796323905,-6.4887695118649935,13.50441268385842,0.0,17,0.22,1.9766369686077268,0.0,22,2,11,539.5696650209183,68350,100,8,10
1.5520712623195132,19.27595551876222,0.0,38,0.22,2.509360866103015,0.0,22,2,44,822.9405371491504,-6.476352380541808,13.507443666958691,0.0,17,0.22,1.9766369686077268,0.0,22,2,11,544.3058673103095,68400,100,8,10
1.376059674522271,19.392750595485428,0.0,39,0.22,2.509360866103015,0.0,22,2,44,859.8000954536268,-6.765347894371123,13.728022467110794,0.0,17,0.22,1.9766369686077268,0.0,22,2,11,564.6750203102002,68450,100,8,10
1.6033702325703183,19.27175630147522,0.0,38,0.22,2.4996745943468666,0.0,22,2,44,817.8974290680072,-6.450702886966984,13.517278468131494,0.0,17,0.23,1.9766369686077268,0.0,23,2,11,546.1125139194941,68500,100,8,10
2.214124881381237,19.7697940117496,0.0,44,0.2,2.598148038811096,0.0,20,2,44,820.0558394647162,-7.061548773226467,13.949384615416276,0.0,25,0.21,2.034041812925816,0.0,21,2,44,443.6666935912822,68550,100,8,10
