Timestamp,PC,Type,Address,pattern_type,Delta_with_1_last_read,Delta_with_1_last_write,Delta_with_2_last_read,Delta_with_2_last_write,Delta_with_3_last_read,Delta_with_3_last_write,Delta_with_4_last_read,Delta_with_4_last_write,Delta_with_5_last_read,Delta_with_5_last_write,Delta_with_6_last_read,Delta_with_6_last_write,Delta_with_7_last_read,Delta_with_7_last_write,Delta_with_8_last_read,Delta_with_8_last_write,Delta_with_1_next_read,Delta_with_1_next_write,Delta_with_2_next_read,Delta_with_2_next_write,Delta_with_3_next_read,Delta_with_3_next_write,Delta_with_4_next_read,Delta_with_4_next_write,Delta_with_5_next_read,Delta_with_5_next_write,Delta_with_6_next_read,Delta_with_6_next_write,Delta_with_7_next_read,Delta_with_7_next_write,Delta_with_8_next_read,Delta_with_8_next_write
5,0x55763b07c0a9,R,0x7ffefa157eb0,1,,,,,,,,,,,,,,,,,-46766809255640,-8,-46766809255624,-24,-104,-280,-145309329224,-288,-372,-304,16,-312,-364,-372,-364,-384
9,0x55763b07c0b1,W,0x7ffefa157ea8,1,-8,,,,,,,,,,,,,,,,-46766809255632,-8,-46766809255616,-264,-96,-272,-145309329216,-288,-376,-296,-46766809255640,-304,-384,-364,-356,-320
11,0x55763b07c0b2,W,0x7ffefa157ea0,1,-16,-8,-16,,,,,,,,,,,,,,-46766809255624,-8,-88,-256,-88,-272,-356,-280,32,-288,-348,-296,-376,-368,-348,-348
16,0x55763b07c0bf,R,0x55763b07efd8,1,-46766809255640,-46766809255624,-46766809255640,-46766809255632,-46766809255640,,,,,,,,,,,,16,46766809255616,46766809255536,46766809255360,46621499926416,46766809255352,46766809255256,46766809255344,-8,46766809255336,46766809255276,46766809255268,46766809255248,46766809255312,46766809255276,46766809255248
17,0x55763b07c0bf,W,0x7ffefa157e98,1,46766809255616,-8,-24,-16,-24,-16,-24,,,,,,,,,,-46766809255600,-248,-80,-256,-348,-264,40,-272,-46766809255624,-288,-340,-360,-368,-340,-340,-340
21,0x55763b07c008,R,0x55763b07efe8,1,16,-46766809255600,-46766809255624,-46766809255616,-46766809255624,-46766809255608,-46766809255624,-46766809255616,-46766809255624,,,,,,,,46766809255520,46766809255352,46621499926400,46766809255344,46766809255240,46766809255336,46766809255640,46766809255320,-24,46766809255252,46766809255260,46766809255296,46766809255232,46766809255232,46766809255260,46766809255280
26,0x55763b07c01a,R,0x7ffefa157e48,1,46766809255520,-80,-104,-88,46766809255536,-88,-104,-88,-104,-96,-104,,,,,,0,-168,-268,-176,-280,-192,120,-208,-46766809255544,-280,-260,-260,-288,-260,-260,-288
39,0x55763b07c138,R,0x7ffefa157e48,1,0,-80,46766809255536,-88,46766809255536,-96,46766809255536,-88,-104,-88,-104,-96,-104,,,,-145309329120,-168,-268,-184,-280,-200,120,-268,-46766809255544,-224,-260,-288,-288,-240,-260,-232
42,0x55763b07c18d,W,0x7ffefa157da0,1,-168,-248,46766809255352,-256,-272,-264,46766809255368,-248,46766809255368,-256,-272,-256,-272,-264,-272,,-145309328952,-8,-100,-24,-112,-40,288,-112,-46766809255376,-92,-92,-92,-120,-120,-92,-88
45,0x55763b07c191,W,0x7ffefa157d98,1,-176,-8,-176,-264,46766809255360,-272,46766809255344,-256,46766809255360,-256,46766809255360,-264,-280,-264,-280,-272,-145309328944,-8,-92,-24,-104,-92,296,-48,-46766809255368,-112,-84,-64,-112,-56,-80,-80
47,0x55763b07c193,W,0x7ffefa157d90,1,-184,-8,-184,-264,46766809255336,-280,-288,-264,46766809255336,-264,46766809255352,-264,46766809255352,-272,-288,-272,-145309328936,-8,-84,-24,-96,-96,304,-76,-46766809255360,-76,-76,-104,-76,-48,-72,-104
49,0x55763b07c195,W,0x7ffefa157d88,1,-192,-8,-192,-24,46766809255328,-280,46766809255344,-272,-192,-272,46766809255328,-272,46766809255344,-272,46766809255344,-280,-145309328928,-8,-76,-76,-88,-32,312,-96,-46766809255352,-48,-96,-96,-68,-64,-64,-64
51,0x55763b07c197,W,0x7ffefa157d80,1,-200,-8,-200,-24,46766809255320,-280,46766809255336,-296,-304,-280,-200,-280,46766809255320,-280,46766809255336,-280,-145309328920,-8,-68,-80,-80,-60,320,-60,-60,-40,-88,-32,-60,-88,-56,-56
53,0x55763b07c199,W,0x7ffefa157d78,1,-208,-8,-208,-24,46766809255312,-40,46766809255328,-296,-312,-40,-208,-288,-208,-288,46766809255312,-288,-145309328912,-60,-60,-16,-72,-80,-46766809255336,-52,-52,-80,-80,-48,-48,-80,-24,-48
56,0x55763b07c19e,W,0x7ffefa157d3c,1,-268,-60,-268,-76,46766809255252,-92,46766809255268,-348,-372,-364,-268,-100,-268,-348,-268,-348,-145309328852,-12,0,8,388,-20,-46766809255276,28,8,36,8,12,12,-20,12,12
58,0x55763b07c1a1,W,0x7ffefa157d30,1,-280,-12,-280,-80,46766809255240,-96,46766809255256,-112,-384,-368,-280,-104,-280,-112,-280,-360,-145309328840,56,0,20,400,20,-46766809255264,-8,-8,48,24,24,48,-8,24,-16
60,0x55763b07c1a5,R,0x7fdd24f91768,1,-145309329120,-145309328840,-145309329120,-145309328912,46621499926400,-145309328928,46621499926416,-145309328944,-145309329224,-145309329200,-145309329120,-145309329216,-145309329120,-145309328944,-145309329120,-145309328952,145309328852,145309328896,145309328840,145309328832,145309329240,145309328880,145309328860,145309328832,145309328860,145309328888,145309328864,145309328864,145309328888,145309328864,145309328864,145309328824
62,0x55763b07c1ae,W,0x7ffefa157d68,1,145309328896,56,-224,44,46766809255296,-24,46766809255312,-40,-328,-56,-224,-312,-224,-40,-224,-48,-44,-36,-56,-36,-46766809255320,-16,-64,-64,-32,-8,-32,-64,-32,-32,-32,-32
67,0x55763b07c1ba,W,0x7ffefa157d44,1,145309328860,-36,-260,8,46766809255260,-52,46766809255276,-68,-364,-84,-260,-340,-260,-356,-260,-76,-8,-28,380,0,0,20,0,-28,4,4,28,-28,4,-36,4,4
69,0x55763b07c1c1,R,0x7ffefa157d3c,1,145309328852,-8,-268,12,-268,-60,46766809255268,-68,-372,-84,-268,-100,-268,-356,-268,-76,-12,-20,-46766809255276,8,-20,28,8,36,12,12,36,12,12,-28,12,-36
72,0x55763b07c1c7,R,0x7ffefa157d30,1,-12,-20,-280,-56,-280,-12,46766809255240,-80,-384,-88,-280,-104,-280,-360,-280,-376,400,-8,20,20,-8,-8,24,48,24,-8,24,24,24,24,24,-24
75,0x55763b07c1cf,R,0x7ffefa157ec0,1,400,380,145309329240,344,120,400,46766809255640,328,46766809255656,312,120,304,120,288,120,32,-46766809255664,-408,-380,-360,-380,-408,-376,-376,-352,-408,-376,-416,-376,-376,-376,-376
78,0x55763b07c1d5,W,0x7ffefa157d28,1,-408,-28,-20,-64,-288,-8,46766809255232,-20,46766809255248,-88,-392,-104,-288,-112,-288,-368,-46766809255256,28,0,48,28,56,32,32,56,32,32,-8,32,-16,32,-24
81,0x55763b07c094,R,0x55763b07efd0,1,-46766809255664,-46766809255256,-46766809255264,-46766809255320,-46621499926424,-46766809255264,-46766809255544,-46766809255276,-8,-46766809255336,-46766809255648,-46766809255352,-46621499926424,-46766809255368,-46766809255544,-46766809255376,46766809255284,46766809255284,46766809255256,46766809255256,46766809255288,46766809255312,46766809255288,46766809255256,46766809255288,46766809255288,46766809255288,46766809255288,46766809255288,46766809255288,46766809255312,46766809255232
83,0x55763b07c1da,W,0x7ffefa157d44,1,46766809255284,28,20,0,8,20,-260,8,46766809255260,-52,-364,-60,145309328860,-76,145309328860,-92,0,20,0,-28,4,4,28,-28,4,-36,4,-44,4,4,28,4
85,0x55763b07c1dd,R,0x7ffefa157d44,1,46766809255284,0,-380,0,8,-36,145309328860,8,-260,-52,46766809255276,-60,145309328860,-68,145309328860,-84,-28,20,0,28,4,4,28,4,4,4,4,-44,4,-52,4,4
89,0x55763b07c1e7,W,0x7ffefa157d58,1,20,20,-360,48,40,-16,145309328880,40,-240,-32,46766809255280,-40,-344,-48,145309328880,-56,-48,-48,-16,8,-16,-48,8,-56,-16,-16,-16,-16,8,-72,-16,-16
122,0x55763b07c277,R,0x7ffefa157d28,1,-28,-48,46766809255256,0,-8,-28,-20,-8,-288,-20,-288,-88,46766809255248,-96,-20,-104,28,0,32,32,32,32,32,-8,32,-16,32,32,32,-24,32,32
123,0x55763b07c277,W,0x7ffefa157d28,1,0,-48,46766809255256,-28,-408,-28,-20,-64,145309328832,-20,-288,-80,46766809255232,-96,-392,-104,28,56,32,0,56,32,32,32,32,-16,56,32,32,-24,32,32
129,0x55763b07c28a,W,0x7ffefa157d60,1,56,56,28,28,-352,56,48,-8,145309328888,48,-232,-24,46766809255288,-32,46766809255304,-48,-28,-24,-24,-56,0,-64,-24,-24,-24,-72,-24,-24,-24,-80,-24,-88
131,0x55763b07c28e,R,0x7ffefa157d44,1,28,-28,0,-20,46766809255284,28,20,0,8,20,-260,8,-260,-60,46766809255276,-68,4,4,4,4,4,-36,4,4,28,-44,4,4,4,4,28,-60
134,0x55763b07c294,W,0x7ffefa157d48,1,4,-24,4,32,46766809255288,4,-376,4,12,-32,145309328864,12,-256,-48,46766809255264,-64,0,-32,24,0,0,-40,0,0,0,-48,0,-56,0,0,24,0
137,0x55763b07c2b5,R,0x7ffefa157d48,1,4,0,32,32,46766809255288,-16,-376,32,24,-32,145309328864,24,-256,-48,46766809255264,-56,0,-32,0,0,0,-40,24,0,0,0,0,-56,0,-64,0,0
141,0x55763b07c29d,R,0x7ffefa157d48,1,0,0,32,-24,4,-16,-376,4,24,4,12,24,-256,12,-256,-56,24,-32,0,0,0,-40,24,-48,0,0,0,0,24,-64,0,0
143,0x55763b07c2a2,R,0x7ffefa157d60,1,24,24,28,0,28,56,46766809255312,28,48,56,36,-8,145309328888,36,-232,-24,-24,-56,-24,-24,-24,-24,-24,-72,-24,-80,-24,-24,-24,-88,-24,-24
145,0x55763b07c2a6,R,0x7ffefa157d48,1,-24,0,0,-24,32,32,46766809255288,-16,-376,32,12,4,145309328864,24,-256,-48,0,-32,0,-40,24,0,0,0,0,-56,24,0,0,-64,0,0
148,0x55763b07c2ac,W,0x7ffefa157d28,1,-32,-32,-32,-56,-28,0,-28,-48,-408,-28,-8,-28,145309328832,-64,-288,-20,32,32,32,-8,56,-16,32,32,32,-24,32,32,32,-32,32,-40
150,0x55763b07c2b1,R,0x7ffefa157d48,1,0,32,-24,-24,0,32,32,-16,46766809255288,4,24,32,12,-32,-256,24,0,0,0,0,0,-48,0,0,24,-56,0,0,0,0,24,-72
151,0x55763b07c2b1,W,0x7ffefa157d48,1,0,32,-24,0,0,32,4,-16,4,4,-376,32,12,4,145309328864,24,0,-40,24,0,0,-48,0,0,0,-56,0,-64,0,0,24,0
153,0x55763b07c2b5,R,0x7ffefa157d48,1,0,0,0,0,0,-24,0,-16,32,4,46766809255288,32,24,4,145309328864,-32,0,-40,0,0,0,-48,24,0,0,0,0,-64,0,-72,0,0
157,0x55763b07c29d,R,0x7ffefa157d48,1,0,0,0,32,-24,-24,0,32,4,4,4,32,-376,4,12,-32,24,-40,0,0,0,-48,24,-56,0,0,0,0,24,-72,0,0
159,0x55763b07c2a2,R,0x7ffefa157d60,1,24,24,24,56,0,24,24,56,28,8,56,56,46766809255312,28,48,-8,-24,-64,-24,-24,-24,-24,-24,-80,-24,-88,-24,-24,-24,-96,-24,-24
161,0x55763b07c2a6,R,0x7ffefa157d48,1,-24,0,0,32,0,0,0,-24,0,-16,32,4,4,4,-376,-32,0,-40,0,-48,24,0,0,0,0,-64,24,0,0,-72,0,0
164,0x55763b07c2ac,W,0x7ffefa157d20,1,-40,-40,-40,-8,-40,-40,-64,-64,-40,-8,-36,-36,-36,-8,46766809255248,-72,40,40,40,-8,64,-16,40,40,40,-24,40,40,40,-32,40,-40
166,0x55763b07c2b1,R,0x7ffefa157d48,1,0,40,-24,32,0,0,0,-24,0,32,4,-16,32,32,46766809255288,4,0,0,0,0,0,-56,0,0,24,-64,0,0,0,0,24,-80
167,0x55763b07c2b1,W,0x7ffefa157d48,1,0,40,-24,0,0,0,0,-24,-24,32,0,-16,32,4,4,4,0,-48,24,0,0,-56,0,0,0,-64,0,-72,0,0,24,0
169,0x55763b07c2b5,R,0x7ffefa157d48,1,0,0,0,0,0,32,0,-24,0,32,0,-16,4,4,4,32,0,-48,0,0,0,-56,24,0,0,0,0,-72,0,-80,0,0
173,0x55763b07c29d,R,0x7ffefa157d48,1,0,0,0,40,-24,32,0,0,0,32,-24,-16,0,4,32,32,24,-48,0,0,0,-56,24,-64,0,0,0,0,24,-80,0,0
175,0x55763b07c2a2,R,0x7ffefa157d60,1,24,24,24,64,0,24,24,24,24,0,24,8,24,28,28,56,-24,-72,-24,-24,-24,-24,-24,-88,-24,-96,-24,-24,-24,-104,-24,-24
177,0x55763b07c2a6,R,0x7ffefa157d48,1,-24,0,0,40,0,0,0,32,0,-24,0,32,-24,4,0,32,0,-48,0,-56,24,0,0,0,0,-72,24,0,0,-80,0,0
180,0x55763b07c2ac,W,0x7ffefa157d18,1,-48,-48,-48,-8,-48,-48,-72,-16,-48,-48,-48,-16,-72,-64,-48,-16,48,48,48,-8,72,-16,48,48,48,-24,48,48,48,-32,48,-40
182,0x55763b07c2b1,R,0x7ffefa157d48,1,0,48,-24,40,0,0,0,32,0,0,0,-24,0,-16,0,4,0,0,0,0,0,-64,0,0,24,-72,0,0,0,0,24,-88
183,0x55763b07c2b1,W,0x7ffefa157d48,1,0,48,-24,0,0,0,0,32,-24,0,0,-24,0,32,-24,4,0,-56,24,0,0,-64,0,0,0,-72,0,-80,0,0,24,0
185,0x55763b07c2b5,R,0x7ffefa157d48,1,0,0,0,0,0,40,0,32,0,0,0,-24,0,32,-24,-16,0,-56,0,0,0,-64,24,0,0,0,0,-80,0,-88,0,0
189,0x55763b07c29d,R,0x7ffefa157d48,1,0,0,0,48,-24,40,0,0,0,0,-24,-24,0,32,0,-16,24,-56,0,0,0,-64,24,-72,0,0,0,0,24,-88,0,0
191,0x55763b07c2a2,R,0x7ffefa157d60,1,24,24,24,72,0,24,24,24,24,56,24,0,24,56,24,8,-24,-80,-24,-24,-24,-24,-24,-96,-24,-104,-24,-24,-24,-112,-24,-24
193,0x55763b07c2a6,R,0x7ffefa157d48,1,-24,0,0,48,0,0,0,40,0,32,0,0,-24,32,0,-16,0,-56,0,-64,24,0,0,0,0,-80,24,0,0,-88,0,0
196,0x55763b07c2ac,W,0x7ffefa157d10,1,-56,-56,-56,-8,-56,-56,-80,-16,-56,-56,-56,-56,-80,-80,-56,-72,56,56,56,-8,80,-16,56,56,56,-24,56,56,56,-32,56,-40
198,0x55763b07c2b1,R,0x7ffefa157d48,1,0,56,-24,48,0,0,0,40,0,0,0,32,0,-24,0,32,0,0,0,0,0,-72,0,0,24,-80,0,0,0,0,24,-96
199,0x55763b07c2b1,W,0x7ffefa157d48,1,0,56,-24,0,0,0,0,40,-24,0,0,32,0,0,-24,32,0,-64,24,0,0,-72,0,0,0,-80,0,-88,0,0,24,0
201,0x55763b07c2b5,R,0x7ffefa157d48,1,0,0,0,0,0,48,0,40,0,0,0,32,0,0,-24,-24,0,-64,0,0,0,-72,24,0,0,0,0,-88,0,-96,0,0
205,0x55763b07c29d,R,0x7ffefa157d48,1,0,0,0,56,-24,48,0,0,0,0,-24,32,0,0,0,-24,24,-64,0,0,0,-72,24,-80,0,0,0,0,24,-96,0,0
207,0x55763b07c2a2,R,0x7ffefa157d60,1,24,24,24,80,0,24,24,24,24,64,24,56,24,24,24,0,-24,-88,-24,-24,-24,-24,-24,-104,-24,-112,-24,-24,-24,-120,-24,-24
209,0x55763b07c2a6,R,0x7ffefa157d48,1,-24,0,0,56,0,0,0,48,0,40,0,0,-24,0,0,-24,0,-64,0,-72,24,0,0,0,0,-88,24,0,0,-96,0,0
212,0x55763b07c2ac,W,0x7ffefa157d08,1,-64,-64,-64,-8,-64,-64,-88,-16,-64,-64,-64,-64,-88,-32,-64,-88,64,64,64,-8,88,-16,64,64,64,-24,64,64,64,-32,64,-40
214,0x55763b07c2b1,R,0x7ffefa157d48,1,0,64,-24,56,0,0,0,48,0,0,0,40,0,32,0,0,0,0,0,0,0,-80,0,0,24,-88,0,0,0,0,24,-104
215,0x55763b07c2b1,W,0x7ffefa157d48,1,0,64,-24,0,0,0,0,48,-24,0,0,40,0,0,-24,0,0,-72,24,0,0,-80,0,0,0,-88,0,-96,0,0,24,0
217,0x55763b07c2b5,R,0x7ffefa157d48,1,0,0,0,0,0,56,0,48,0,0,0,40,0,0,-24,32,0,-72,0,0,0,-80,24,0,0,0,0,-96,0,-104,0,0
221,0x55763b07c29d,R,0x7ffefa157d48,1,0,0,0,64,-24,56,0,0,0,0,-24,40,0,0,0,32,24,-72,0,0,0,-80,24,-88,0,0,0,0,24,-104,0,0
223,0x55763b07c2a2,R,0x7ffefa157d60,1,24,24,24,88,0,24,24,24,24,72,24,64,24,24,24,56,-24,-96,-24,-24,-24,-24,-24,-112,-24,-120,-24,-24,-24,-128,-24,-24
225,0x55763b07c2a6,R,0x7ffefa157d48,1,-24,0,0,64,0,0,0,56,0,48,0,0,-24,0,0,32,0,-72,0,-80,24,0,0,0,0,-96,24,0,0,-104,0,0
228,0x55763b07c2ac,W,0x7ffefa157d00,1,-72,-72,-72,-8,-72,-72,-96,-16,-72,-72,-72,-72,-96,-32,-72,-40,72,72,72,-8,96,-16,72,72,72,-24,72,72,72,-32,72,-40
230,0x55763b07c2b1,R,0x7ffefa157d48,1,0,72,-24,64,0,0,0,56,0,0,0,48,0,40,0,0,0,0,0,0,0,-88,0,0,24,-96,0,0,0,0,24,-112
231,0x55763b07c2b1,W,0x7ffefa157d48,1,0,72,-24,0,0,0,0,56,-24,0,0,48,0,0,-24,0,0,-80,24,0,0,-88,0,0,0,-96,0,-104,0,0,24,0
233,0x55763b07c2b5,R,0x7ffefa157d48,1,0,0,0,0,0,64,0,56,0,0,0,48,0,0,-24,40,0,-80,0,0,0,-88,24,0,0,0,0,-104,0,-112,0,0
237,0x55763b07c29d,R,0x7ffefa157d48,1,0,0,0,72,-24,64,0,0,0,0,-24,48,0,0,0,40,24,-80,0,0,0,-88,24,-96,0,0,0,0,24,-112,0,0
239,0x55763b07c2a2,R,0x7ffefa157d60,1,24,24,24,96,0,24,24,24,24,80,24,72,24,24,24,64,-24,-104,-24,-24,-24,-24,-24,-120,-24,-128,-24,-24,-24,-136,-24,-24
241,0x55763b07c2a6,R,0x7ffefa157d48,1,-24,0,0,72,0,0,0,64,0,56,0,0,-24,0,0,40,0,-80,0,-88,24,0,0,0,0,-104,24,0,0,-112,0,0
244,0x55763b07c2ac,W,0x7ffefa157cf8,1,-80,-80,-80,-8,-80,-80,-104,-16,-80,-80,-80,-80,-104,-32,-80,-40,80,80,80,-8,104,-16,80,80,80,-24,80,80,80,-32,80,-40
246,0x55763b07c2b1,R,0x7ffefa157d48,1,0,80,-24,72,0,0,0,64,0,0,0,56,0,48,0,0,0,0,0,0,0,-96,0,0,24,-104,0,0,0,0,24,-120
247,0x55763b07c2b1,W,0x7ffefa157d48,1,0,80,-24,0,0,0,0,64,-24,0,0,56,0,0,-24,0,0,-88,24,0,0,-96,0,0,0,-104,0,-112,0,0,24,0
249,0x55763b07c2b5,R,0x7ffefa157d48,1,0,0,0,0,0,72,0,64,0,0,0,56,0,0,-24,48,0,-88,0,0,0,-96,24,0,0,0,0,-112,0,-120,0,0
253,0x55763b07c29d,R,0x7ffefa157d48,1,0,0,0,80,-24,72,0,0,0,0,-24,56,0,0,0,48,24,-88,0,0,0,-96,24,-104,0,0,0,0,24,-120,0,0
255,0x55763b07c2a2,R,0x7ffefa157d60,1,24,24,24,104,0,24,24,24,24,88,24,80,24,24,24,72,-24,-112,-24,-24,-24,-24,-24,-128,-24,-136,-24,-24,-24,-144,-24,-24
257,0x55763b07c2a6,R,0x7ffefa157d48,1,-24,0,0,80,0,0,0,72,0,64,0,0,-24,0,0,48,0,-88,0,-96,24,0,0,0,0,-112,24,0,0,-120,0,0
260,0x55763b07c2ac,W,0x7ffefa157cf0,1,-88,-88,-88,-8,-88,-88,-112,-16,-88,-88,-88,-88,-112,-32,-88,-40,88,88,88,-8,112,-16,88,88,88,-24,88,88,88,-32,88,-40
262,0x55763b07c2b1,R,0x7ffefa157d48,1,0,88,-24,80,0,0,0,72,0,0,0,64,0,56,0,0,0,0,0,0,0,-104,0,0,24,-112,0,0,0,0,24,-128
263,0x55763b07c2b1,W,0x7ffefa157d48,1,0,88,-24,0,0,0,0,72,-24,0,0,64,0,0,-24,0,0,-96,24,0,0,-104,0,0,0,-112,0,-120,0,0,24,0
265,0x55763b07c2b5,R,0x7ffefa157d48,1,0,0,0,0,0,80,0,72,0,0,0,64,0,0,-24,56,0,-96,0,0,0,-104,24,0,0,0,0,-120,0,-128,0,0
269,0x55763b07c29d,R,0x7ffefa157d48,1,0,0,0,88,-24,80,0,0,0,0,-24,64,0,0,0,56,24,-96,0,0,0,-104,24,-112,0,0,0,0,24,-128,0,0
271,0x55763b07c2a2,R,0x7ffefa157d60,1,24,24,24,112,0,24,24,24,24,96,24,88,24,24,24,80,-24,-120,-24,-24,-24,-24,-24,-136,-24,-144,-24,-24,-24,-152,-24,-24
273,0x55763b07c2a6,R,0x7ffefa157d48,1,-24,0,0,88,0,0,0,80,0,72,0,0,-24,0,0,56,0,-96,0,-104,24,0,0,0,0,-120,24,0,0,-128,0,0
276,0x55763b07c2ac,W,0x7ffefa157ce8,1,-96,-96,-96,-8,-96,-96,-120,-16,-96,-96,-96,-96,-120,-32,-96,-40,96,96,96,-8,120,-16,96,96,96,-24,96,96,96,-32,96,-40
278,0x55763b07c2b1,R,0x7ffefa157d48,1,0,96,-24,88,0,0,0,80,0,0,0,72,0,64,0,0,0,0,0,0,0,-112,0,0,24,-120,0,0,0,0,24,-136
279,0x55763b07c2b1,W,0x7ffefa157d48,1,0,96,-24,0,0,0,0,80,-24,0,0,72,0,0,-24,0,0,-104,24,0,0,-112,0,0,0,-120,0,-128,0,0,24,0
281,0x55763b07c2b5,R,0x7ffefa157d48,1,0,0,0,0,0,88,0,80,0,0,0,72,0,0,-24,64,0,-104,0,0,0,-112,24,0,0,0,0,-128,0,-136,0,0
285,0x55763b07c29d,R,0x7ffefa157d48,1,0,0,0,96,-24,88,0,0,0,0,-24,72,0,0,0,64,24,-104,0,0,0,-112,24,-120,0,0,0,0,24,-136,0,0
287,0x55763b07c2a2,R,0x7ffefa157d60,1,24,24,24,120,0,24,24,24,24,104,24,96,24,24,24,88,-24,-128,-24,-24,-24,-24,-24,-144,-24,-152,-24,-24,-24,-160,-24,-24
289,0x55763b07c2a6,R,0x7ffefa157d48,1,-24,0,0,96,0,0,0,88,0,80,0,0,-24,0,0,64,0,-104,0,-112,24,0,0,0,0,-128,24,0,0,-136,0,0
292,0x55763b07c2ac,W,0x7ffefa157ce0,1,-104,-104,-104,-8,-104,-104,-128,-16,-104,-104,-104,-104,-128,-32,-104,-40,104,104,104,-8,128,-16,104,104,104,-24,104,104,104,-32,104,-40
294,0x55763b07c2b1,R,0x7ffefa157d48,1,0,104,-24,96,0,0,0,88,0,0,0,80,0,72,0,0,0,0,0,0,0,-120,0,0,24,-128,0,0,0,0,24,-144
295,0x55763b07c2b1,W,0x7ffefa157d48,1,0,104,-24,0,0,0,0,88,-24,0,0,80,0,0,-24,0,0,-112,24,0,0,-120,0,0,0,-128,0,-136,0,0,24,0
297,0x55763b07c2b5,R,0x7ffefa157d48,1,0,0,0,0,0,96,0,88,0,0,0,80,0,0,-24,72,0,-112,0,0,0,-120,24,0,0,0,0,-136,0,-144,0,0
301,0x55763b07c29d,R,0x7ffefa157d48,1,0,0,0,104,-24,96,0,0,0,0,-24,80,0,0,0,72,24,-112,0,0,0,-120,24,-128,0,0,0,0,24,-144,0,0
303,0x55763b07c2a2,R,0x7ffefa157d60,1,24,24,24,128,0,24,24,24,24,112,24,104,24,24,24,96,-24,-136,-24,-24,-24,-24,-24,-152,-24,-160,-24,-24,-24,-168,-24,-24
305,0x55763b07c2a6,R,0x7ffefa157d48,1,-24,0,0,104,0,0,0,96,0,88,0,0,-24,0,0,72,0,-112,0,-120,24,0,0,0,0,-136,24,0,0,-144,0,0
308,0x55763b07c2ac,W,0x7ffefa157cd8,1,-112,-112,-112,-8,-112,-112,-136,-16,-112,-112,-112,-112,-136,-32,-112,-40,112,112,112,-8,136,-16,112,112,112,-24,112,112,112,-32,112,-40
310,0x55763b07c2b1,R,0x7ffefa157d48,1,0,112,-24,104,0,0,0,96,0,0,0,88,0,80,0,0,0,0,0,0,0,-128,0,0,24,-136,0,0,0,0,24,-152
311,0x55763b07c2b1,W,0x7ffefa157d48,1,0,112,-24,0,0,0,0,96,-24,0,0,88,0,0,-24,0,0,-120,24,0,0,-128,0,0,0,-136,0,-144,0,0,24,0
313,0x55763b07c2b5,R,0x7ffefa157d48,1,0,0,0,0,0,104,0,96,0,0,0,88,0,0,-24,80,0,-120,0,0,0,-128,24,0,0,0,0,-144,0,-152,0,0
317,0x55763b07c29d,R,0x7ffefa157d48,1,0,0,0,112,-24,104,0,0,0,0,-24,88,0,0,0,80,24,-120,0,0,0,-128,24,-136,0,0,0,0,24,-152,0,0
319,0x55763b07c2a2,R,0x7ffefa157d60,1,24,24,24,136,0,24,24,24,24,120,24,112,24,24,24,104,-24,-144,-24,-24,-24,-24,-24,-160,-24,-168,-24,-24,-24,-176,-24,-24
321,0x55763b07c2a6,R,0x7ffefa157d48,1,-24,0,0,112,0,0,0,104,0,96,0,0,-24,0,0,80,0,-120,0,-128,24,0,0,0,0,-144,24,0,0,-152,0,0
324,0x55763b07c2ac,W,0x7ffefa157cd0,1,-120,-120,-120,-8,-120,-120,-144,-16,-120,-120,-120,-120,-144,-32,-120,-40,120,120,120,-8,144,-16,120,120,120,-24,120,120,120,-32,120,-40
326,0x55763b07c2b1,R,0x7ffefa157d48,1,0,120,-24,112,0,0,0,104,0,0,0,96,0,88,0,0,0,0,0,0,0,-136,0,0,24,-144,0,0,0,0,24,-160
327,0x55763b07c2b1,W,0x7ffefa157d48,1,0,120,-24,0,0,0,0,104,-24,0,0,96,0,0,-24,0,0,-128,24,0,0,-136,0,0,0,-144,0,-152,0,0,24,0
329,0x55763b07c2b5,R,0x7ffefa157d48,1,0,0,0,0,0,112,0,104,0,0,0,96,0,0,-24,88,0,-128,0,0,0,-136,24,0,0,0,0,-152,0,-160,0,0
333,0x55763b07c29d,R,0x7ffefa157d48,1,0,0,0,120,-24,112,0,0,0,0,-24,96,0,0,0,88,24,-128,0,0,0,-136,24,-144,0,0,0,0,24,-160,0,0
335,0x55763b07c2a2,R,0x7ffefa157d60,1,24,24,24,144,0,24,24,24,24,128,24,120,24,24,24,112,-24,-152,-24,-24,-24,-24,-24,-168,-24,-176,-24,-24,-24,-184,-24,-24
337,0x55763b07c2a6,R,0x7ffefa157d48,1,-24,0,0,120,0,0,0,112,0,104,0,0,-24,0,0,88,0,-128,0,-136,24,0,0,0,0,-152,24,0,0,-160,0,0
340,0x55763b07c2ac,W,0x7ffefa157cc8,1,-128,-128,-128,-8,-128,-128,-152,-16,-128,-128,-128,-128,-152,-32,-128,-40,128,128,128,-8,152,-16,128,128,128,-24,128,128,128,-32,128,-40
342,0x55763b07c2b1,R,0x7ffefa157d48,1,0,128,-24,120,0,0,0,112,0,0,0,104,0,96,0,0,0,0,0,0,0,-144,0,0,24,-152,0,0,0,0,24,-168
343,0x55763b07c2b1,W,0x7ffefa157d48,1,0,128,-24,0,0,0,0,112,-24,0,0,104,0,0,-24,0,0,-136,24,0,0,-144,0,0,0,-152,0,-160,0,0,24,0
345,0x55763b07c2b5,R,0x7ffefa157d48,1,0,0,0,0,0,120,0,112,0,0,0,104,0,0,-24,96,0,-136,0,0,0,-144,24,0,0,0,0,-160,0,-168,0,0
349,0x55763b07c29d,R,0x7ffefa157d48,1,0,0,0,128,-24,120,0,0,0,0,-24,104,0,0,0,96,24,-136,0,0,0,-144,24,-152,0,0,0,0,24,-168,0,0
351,0x55763b07c2a2,R,0x7ffefa157d60,1,24,24,24,152,0,24,24,24,24,136,24,128,24,24,24,120,-24,-160,-24,-24,-24,-24,-24,-176,-24,-184,-24,-24,-24,-192,-24,-24
353,0x55763b07c2a6,R,0x7ffefa157d48,1,-24,0,0,128,0,0,0,120,0,112,0,0,-24,0,0,96,0,-136,0,-144,24,0,0,0,0,-160,24,0,0,-168,0,0
356,0x55763b07c2ac,W,0x7ffefa157cc0,1,-136,-136,-136,-8,-136,-136,-160,-16,-136,-136,-136,-136,-160,-32,-136,-40,136,136,136,-8,160,-16,136,136,136,-24,136,136,136,-32,136,-40
358,0x55763b07c2b1,R,0x7ffefa157d48,1,0,136,-24,128,0,0,0,120,0,0,0,112,0,104,0,0,0,0,0,0,0,-152,0,0,24,-160,0,0,0,0,24,-176
359,0x55763b07c2b1,W,0x7ffefa157d48,1,0,136,-24,0,0,0,0,120,-24,0,0,112,0,0,-24,0,0,-144,24,0,0,-152,0,0,0,-160,0,-168,0,0,24,0
361,0x55763b07c2b5,R,0x7ffefa157d48,1,0,0,0,0,0,128,0,120,0,0,0,112,0,0,-24,104,0,-144,0,0,0,-152,24,0,0,0,0,-168,0,-176,0,0
365,0x55763b07c29d,R,0x7ffefa157d48,1,0,0,0,136,-24,128,0,0,0,0,-24,112,0,0,0,104,24,-144,0,0,0,-152,24,-160,0,0,0,0,24,-176,0,0
367,0x55763b07c2a2,R,0x7ffefa157d60,1,24,24,24,160,0,24,24,24,24,144,24,136,24,24,24,128,-24,-168,-24,-24,-24,-24,-24,-184,-24,-192,-24,-24,-24,-200,-24,-24
369,0x55763b07c2a6,R,0x7ffefa157d48,1,-24,0,0,136,0,0,0,128,0,120,0,0,-24,0,0,104,0,-144,0,-152,24,0,0,0,0,-168,24,0,0,-176,0,0
372,0x55763b07c2ac,W,0x7ffefa157cb8,1,-144,-144,-144,-8,-144,-144,-168,-16,-144,-144,-144,-144,-168,-32,-144,-40,144,144,144,-8,168,-16,144,144,144,-24,144,144,144,-32,144,-40
374,0x55763b07c2b1,R,0x7ffefa157d48,1,0,144,-24,136,0,0,0,128,0,0,0,120,0,112,0,0,0,0,0,0,0,-160,0,0,24,-168,0,0,0,0,24,-184
375,0x55763b07c2b1,W,0x7ffefa157d48,1,0,144,-24,0,0,0,0,128,-24,0,0,120,0,0,-24,0,0,-152,24,0,0,-160,0,0,0,-168,0,-176,0,0,24,0
377,0x55763b07c2b5,R,0x7ffefa157d48,1,0,0,0,0,0,136,0,128,0,0,0,120,0,0,-24,112,0,-152,0,0,0,-160,24,0,0,0,0,-176,0,-184,0,0
381,0x55763b07c29d,R,0x7ffefa157d48,1,0,0,0,144,-24,136,0,0,0,0,-24,120,0,0,0,112,24,-152,0,0,0,-160,24,-168,0,0,0,0,24,-184,0,0
383,0x55763b07c2a2,R,0x7ffefa157d60,1,24,24,24,168,0,24,24,24,24,152,24,144,24,24,24,136,-24,-176,-24,-24,-24,-24,-24,-192,-24,-200,-24,-24,-24,-208,-24,-24
385,0x55763b07c2a6,R,0x7ffefa157d48,1,-24,0,0,144,0,0,0,136,0,128,0,0,-24,0,0,112,0,-152,0,-160,24,0,0,0,0,-176,24,0,0,-184,0,0
388,0x55763b07c2ac,W,0x7ffefa157cb0,1,-152,-152,-152,-8,-152,-152,-176,-16,-152,-152,-152,-152,-176,-32,-152,-40,152,152,152,-8,176,-16,152,152,152,-24,152,152,152,-32,152,-40
390,0x55763b07c2b1,R,0x7ffefa157d48,1,0,152,-24,144,0,0,0,136,0,0,0,128,0,120,0,0,0,0,0,0,0,-168,0,0,24,-176,0,0,0,0,24,-192
391,0x55763b07c2b1,W,0x7ffefa157d48,1,0,152,-24,0,0,0,0,136,-24,0,0,128,0,0,-24,0,0,-160,24,0,0,-168,0,0,0,-176,0,-184,0,0,24,0
393,0x55763b07c2b5,R,0x7ffefa157d48,1,0,0,0,0,0,144,0,136,0,0,0,128,0,0,-24,120,0,-160,0,0,0,-168,24,0,0,0,0,-184,0,-192,0,0
397,0x55763b07c29d,R,0x7ffefa157d48,1,0,0,0,152,-24,144,0,0,0,0,-24,128,0,0,0,120,24,-160,0,0,0,-168,24,-176,0,0,0,0,24,-192,0,0
399,0x55763b07c2a2,R,0x7ffefa157d60,1,24,24,24,176,0,24,24,24,24,160,24,152,24,24,24,144,-24,-184,-24,-24,-24,-24,-24,-200,-24,-208,-24,-24,-24,-216,-24,-24
401,0x55763b07c2a6,R,0x7ffefa157d48,1,-24,0,0,152,0,0,0,144,0,136,0,0,-24,0,0,120,0,-160,0,-168,24,0,0,0,0,-184,24,0,0,-192,0,0
404,0x55763b07c2ac,W,0x7ffefa157ca8,1,-160,-160,-160,-8,-160,-160,-184,-16,-160,-160,-160,-160,-184,-32,-160,-40,160,160,160,-8,184,-16,160,160,160,-24,160,160,160,-32,160,-40
406,0x55763b07c2b1,R,0x7ffefa157d48,1,0,160,-24,152,0,0,0,144,0,0,0,136,0,128,0,0,0,0,0,0,0,-176,0,0,24,-184,0,0,0,0,24,-200
407,0x55763b07c2b1,W,0x7ffefa157d48,1,0,160,-24,0,0,0,0,144,-24,0,0,136,0,0,-24,0,0,-168,24,0,0,-176,0,0,0,-184,0,-192,0,0,24,0
409,0x55763b07c2b5,R,0x7ffefa157d48,1,0,0,0,0,0,152,0,144,0,0,0,136,0,0,-24,128,0,-168,0,0,0,-176,24,0,0,0,0,-192,0,-200,0,0
413,0x55763b07c29d,R,0x7ffefa157d48,1,0,0,0,160,-24,152,0,0,0,0,-24,136,0,0,0,128,24,-168,0,0,0,-176,24,-184,0,0,0,0,24,-200,0,0
415,0x55763b07c2a2,R,0x7ffefa157d60,1,24,24,24,184,0,24,24,24,24,168,24,160,24,24,24,152,-24,-192,-24,-24,-24,-24,-24,-208,-24,-216,-24,-24,-24,-224,-24,-24
417,0x55763b07c2a6,R,0x7ffefa157d48,1,-24,0,0,160,0,0,0,152,0,144,0,0,-24,0,0,128,0,-168,0,-176,24,0,0,0,0,-192,24,0,0,-200,0,0
420,0x55763b07c2ac,W,0x7ffefa157ca0,1,-168,-168,-168,-8,-168,-168,-192,-16,-168,-168,-168,-168,-192,-32,-168,-40,168,168,168,-8,192,-16,168,168,168,-24,168,168,168,-32,168,-40
422,0x55763b07c2b1,R,0x7ffefa157d48,1,0,168,-24,160,0,0,0,152,0,0,0,144,0,136,0,0,0,0,0,0,0,-184,0,0,24,-192,0,0,0,0,24,-208
423,0x55763b07c2b1,W,0x7ffefa157d48,1,0,168,-24,0,0,0,0,152,-24,0,0,144,0,0,-24,0,0,-176,24,0,0,-184,0,0,0,-192,0,-200,0,0,24,0
425,0x55763b07c2b5,R,0x7ffefa157d48,1,0,0,0,0,0,160,0,152,0,0,0,144,0,0,-24,136,0,-176,0,0,0,-184,24,0,0,0,0,-200,0,-208,0,0
429,0x55763b07c29d,R,0x7ffefa157d48,1,0,0,0,168,-24,160,0,0,0,0,-24,144,0,0,0,136,24,-176,0,0,0,-184,24,-192,0,0,0,0,24,-208,0,0
431,0x55763b07c2a2,R,0x7ffefa157d60,1,24,24,24,192,0,24,24,24,24,176,24,168,24,24,24,160,-24,-200,-24,-24,-24,-24,-24,-216,-24,-224,-24,-24,-24,-232,-24,-24
433,0x55763b07c2a6,R,0x7ffefa157d48,1,-24,0,0,168,0,0,0,160,0,152,0,0,-24,0,0,136,0,-176,0,-184,24,0,0,0,0,-200,24,0,0,-208,0,0
436,0x55763b07c2ac,W,0x7ffefa157c98,1,-176,-176,-176,-8,-176,-176,-200,-16,-176,-176,-176,-176,-200,-32,-176,-40,176,176,176,-8,200,-16,176,176,176,-24,176,176,176,-32,176,-40
438,0x55763b07c2b1,R,0x7ffefa157d48,1,0,176,-24,168,0,0,0,160,0,0,0,152,0,144,0,0,0,0,0,0,0,-192,0,0,24,-200,0,0,0,0,24,-216
439,0x55763b07c2b1,W,0x7ffefa157d48,1,0,176,-24,0,0,0,0,160,-24,0,0,152,0,0,-24,0,0,-184,24,0,0,-192,0,0,0,-200,0,-208,0,0,24,0
441,0x55763b07c2b5,R,0x7ffefa157d48,1,0,0,0,0,0,168,0,160,0,0,0,152,0,0,-24,144,0,-184,0,0,0,-192,24,0,0,0,0,-208,0,-216,0,0
445,0x55763b07c29d,R,0x7ffefa157d48,1,0,0,0,176,-24,168,0,0,0,0,-24,152,0,0,0,144,24,-184,0,0,0,-192,24,-200,0,0,0,0,24,-216,0,0
447,0x55763b07c2a2,R,0x7ffefa157d60,1,24,24,24,200,0,24,24,24,24,184,24,176,24,24,24,168,-24,-208,-24,-24,-24,-24,-24,-224,-24,-232,-24,-24,-24,-240,-24,-24
449,0x55763b07c2a6,R,0x7ffefa157d48,1,-24,0,0,176,0,0,0,168,0,160,0,0,-24,0,0,144,0,-184,0,-192,24,0,0,0,0,-208,24,0,0,-216,0,0
452,0x55763b07c2ac,W,0x7ffefa157c90,1,-184,-184,-184,-8,-184,-184,-208,-16,-184,-184,-184,-184,-208,-32,-184,-40,184,184,184,-8,208,-16,184,184,184,-24,184,184,184,-32,184,-40
454,0x55763b07c2b1,R,0x7ffefa157d48,1,0,184,-24,176,0,0,0,168,0,0,0,160,0,152,0,0,0,0,0,0,0,-200,0,0,24,-208,0,0,0,0,24,-224
455,0x55763b07c2b1,W,0x7ffefa157d48,1,0,184,-24,0,0,0,0,168,-24,0,0,160,0,0,-24,0,0,-192,24,0,0,-200,0,0,0,-208,0,-216,0,0,24,0
457,0x55763b07c2b5,R,0x7ffefa157d48,1,0,0,0,0,0,176,0,168,0,0,0,160,0,0,-24,152,0,-192,0,0,0,-200,24,0,0,0,0,-216,0,-224,0,0
461,0x55763b07c29d,R,0x7ffefa157d48,1,0,0,0,184,-24,176,0,0,0,0,-24,160,0,0,0,152,24,-192,0,0,0,-200,24,-208,0,0,0,0,24,-224,0,0
463,0x55763b07c2a2,R,0x7ffefa157d60,1,24,24,24,208,0,24,24,24,24,192,24,184,24,24,24,176,-24,-216,-24,-24,-24,-24,-24,-232,-24,-240,-24,-24,-24,-248,-24,-24
465,0x55763b07c2a6,R,0x7ffefa157d48,1,-24,0,0,184,0,0,0,176,0,168,0,0,-24,0,0,152,0,-192,0,-200,24,0,0,0,0,-216,24,0,0,-224,0,0
468,0x55763b07c2ac,W,0x7ffefa157c88,1,-192,-192,-192,-8,-192,-192,-216,-16,-192,-192,-192,-192,-216,-32,-192,-40,192,192,192,-8,216,-16,192,192,192,-24,192,192,192,-32,192,-40
470,0x55763b07c2b1,R,0x7ffefa157d48,1,0,192,-24,184,0,0,0,176,0,0,0,168,0,160,0,0,0,0,0,0,0,-208,0,0,24,-216,0,0,0,0,24,-232
471,0x55763b07c2b1,W,0x7ffefa157d48,1,0,192,-24,0,0,0,0,176,-24,0,0,168,0,0,-24,0,0,-200,24,0,0,-208,0,0,0,-216,0,-224,0,0,24,0
473,0x55763b07c2b5,R,0x7ffefa157d48,1,0,0,0,0,0,184,0,176,0,0,0,168,0,0,-24,160,0,-200,0,0,0,-208,24,0,0,0,0,-224,0,-232,0,0
477,0x55763b07c29d,R,0x7ffefa157d48,1,0,0,0,192,-24,184,0,0,0,0,-24,168,0,0,0,160,24,-200,0,0,0,-208,24,-216,0,0,0,0,24,-232,0,0
479,0x55763b07c2a2,R,0x7ffefa157d60,1,24,24,24,216,0,24,24,24,24,200,24,192,24,24,24,184,-24,-224,-24,-24,-24,-24,-24,-240,-24,-248,-24,-24,-24,-256,-24,-24
481,0x55763b07c2a6,R,0x7ffefa157d48,1,-24,0,0,192,0,0,0,184,0,176,0,0,-24,0,0,160,0,-200,0,-208,24,0,0,0,0,-224,24,0,0,-232,0,0
484,0x55763b07c2ac,W,0x7ffefa157c80,1,-200,-200,-200,-8,-200,-200,-224,-16,-200,-200,-200,-200,-224,-32,-200,-40,200,200,200,-8,224,-16,200,200,200,-24,200,200,200,-32,200,-40
486,0x55763b07c2b1,R,0x7ffefa157d48,1,0,200,-24,192,0,0,0,184,0,0,0,176,0,168,0,0,0,0,0,0,0,-216,0,0,24,-224,0,0,0,0,24,-240
487,0x55763b07c2b1,W,0x7ffefa157d48,1,0,200,-24,0,0,0,0,184,-24,0,0,176,0,0,-24,0,0,-208,24,0,0,-216,0,0,0,-224,0,-232,0,0,24,0
489,0x55763b07c2b5,R,0x7ffefa157d48,1,0,0,0,0,0,192,0,184,0,0,0,176,0,0,-24,168,0,-208,0,0,0,-216,24,0,0,0,0,-232,0,-240,0,0
493,0x55763b07c29d,R,0x7ffefa157d48,1,0,0,0,200,-24,192,0,0,0,0,-24,176,0,0,0,168,24,-208,0,0,0,-216,24,-224,0,0,0,0,24,-240,0,0
495,0x55763b07c2a2,R,0x7ffefa157d60,1,24,24,24,224,0,24,24,24,24,208,24,200,24,24,24,192,-24,-232,-24,-24,-24,-24,-24,-248,-24,-256,-24,-24,-24,-264,-24,-24
497,0x55763b07c2a6,R,0x7ffefa157d48,1,-24,0,0,200,0,0,0,192,0,184,0,0,-24,0,0,168,0,-208,0,-216,24,0,0,0,0,-232,24,0,0,-240,0,0
500,0x55763b07c2ac,W,0x7ffefa157c78,1,-208,-208,-208,-8,-208,-208,-232,-16,-208,-208,-208,-208,-232,-32,-208,-40,208,208,208,-8,232,-16,208,208,208,-24,208,208,208,-32,208,-40
502,0x55763b07c2b1,R,0x7ffefa157d48,1,0,208,-24,200,0,0,0,192,0,0,0,184,0,176,0,0,0,0,0,0,0,-224,0,0,24,-232,0,0,0,0,24,-248
503,0x55763b07c2b1,W,0x7ffefa157d48,1,0,208,-24,0,0,0,0,192,-24,0,0,184,0,0,-24,0,0,-216,24,0,0,-224,0,0,0,-232,0,-240,0,0,24,0
505,0x55763b07c2b5,R,0x7ffefa157d48,1,0,0,0,0,0,200,0,192,0,0,0,184,0,0,-24,176,0,-216,0,0,0,-224,24,0,0,0,0,-240,0,-248,0,0
509,0x55763b07c29d,R,0x7ffefa157d48,1,0,0,0,208,-24,200,0,0,0,0,-24,184,0,0,0,176,24,-216,0,0,0,-224,24,-232,0,0,0,0,24,-248,0,0
511,0x55763b07c2a2,R,0x7ffefa157d60,1,24,24,24,232,0,24,24,24,24,216,24,208,24,24,24,200,-24,-240,-24,-24,-24,-24,-24,-256,-24,-264,-24,-24,-24,-272,-24,-24
513,0x55763b07c2a6,R,0x7ffefa157d48,1,-24,0,0,208,0,0,0,200,0,192,0,0,-24,0,0,176,0,-216,0,-224,24,0,0,0,0,-240,24,0,0,-248,0,0
516,0x55763b07c2ac,W,0x7ffefa157c70,1,-216,-216,-216,-8,-216,-216,-240,-16,-216,-216,-216,-216,-240,-32,-216,-40,216,216,216,-8,240,-16,216,216,216,-24,216,216,216,-32,216,-40
518,0x55763b07c2b1,R,0x7ffefa157d48,1,0,216,-24,208,0,0,0,200,0,0,0,192,0,184,0,0,0,0,0,0,0,-232,0,0,24,-240,0,0,0,0,24,-256
519,0x55763b07c2b1,W,0x7ffefa157d48,1,0,216,-24,0,0,0,0,200,-24,0,0,192,0,0,-24,0,0,-224,24,0,0,-232,0,0,0,-240,0,-248,0,0,24,0
521,0x55763b07c2b5,R,0x7ffefa157d48,1,0,0,0,0,0,208,0,200,0,0,0,192,0,0,-24,184,0,-224,0,0,0,-232,24,0,0,0,0,-248,0,-256,0,0
525,0x55763b07c29d,R,0x7ffefa157d48,1,0,0,0,216,-24,208,0,0,0,0,-24,192,0,0,0,184,24,-224,0,0,0,-232,24,-240,0,0,0,0,24,-256,0,0
527,0x55763b07c2a2,R,0x7ffefa157d60,1,24,24,24,240,0,24,24,24,24,224,24,216,24,24,24,208,-24,-248,-24,-24,-24,-24,-24,-264,-24,-272,-24,-24,-24,-280,-24,-24
529,0x55763b07c2a6,R,0x7ffefa157d48,1,-24,0,0,216,0,0,0,208,0,200,0,0,-24,0,0,184,0,-224,0,-232,24,0,0,0,0,-248,24,0,0,-256,0,0
532,0x55763b07c2ac,W,0x7ffefa157c68,1,-224,-224,-224,-8,-224,-224,-248,-16,-224,-224,-224,-224,-248,-32,-224,-40,224,224,224,-8,248,-16,224,224,224,-24,224,224,224,-32,224,-40
534,0x55763b07c2b1,R,0x7ffefa157d48,1,0,224,-24,216,0,0,0,208,0,0,0,200,0,192,0,0,0,0,0,0,0,-240,0,0,24,-248,0,0,0,0,24,-264
535,0x55763b07c2b1,W,0x7ffefa157d48,1,0,224,-24,0,0,0,0,208,-24,0,0,200,0,0,-24,0,0,-232,24,0,0,-240,0,0,0,-248,0,-256,0,0,24,0
537,0x55763b07c2b5,R,0x7ffefa157d48,1,0,0,0,0,0,216,0,208,0,0,0,200,0,0,-24,192,0,-232,0,0,0,-240,24,0,0,0,0,-256,0,-264,0,0
541,0x55763b07c29d,R,0x7ffefa157d48,1,0,0,0,224,-24,216,0,0,0,0,-24,200,0,0,0,192,24,-232,0,0,0,-240,24,-248,0,0,0,0,24,-264,0,0
543,0x55763b07c2a2,R,0x7ffefa157d60,1,24,24,24,248,0,24,24,24,24,232,24,224,24,24,24,216,-24,-256,-24,-24,-24,-24,-24,-272,-24,-280,-24,-24,-24,-288,-24,-24
545,0x55763b07c2a6,R,0x7ffefa157d48,1,-24,0,0,224,0,0,0,216,0,208,0,0,-24,0,0,192,0,-232,0,-240,24,0,0,0,0,-256,24,0,0,-264,0,0
548,0x55763b07c2ac,W,0x7ffefa157c60,1,-232,-232,-232,-8,-232,-232,-256,-16,-232,-232,-232,-232,-256,-32,-232,-40,232,232,232,-8,256,-16,232,232,232,-24,232,232,232,-32,232,-40
550,0x55763b07c2b1,R,0x7ffefa157d48,1,0,232,-24,224,0,0,0,216,0,0,0,208,0,200,0,0,0,0,0,0,0,-248,0,0,24,-256,0,0,0,0,24,-272
551,0x55763b07c2b1,W,0x7ffefa157d48,1,0,232,-24,0,0,0,0,216,-24,0,0,208,0,0,-24,0,0,-240,24,0,0,-248,0,0,0,-256,0,-264,0,0,24,0
553,0x55763b07c2b5,R,0x7ffefa157d48,1,0,0,0,0,0,224,0,216,0,0,0,208,0,0,-24,200,0,-240,0,0,0,-248,24,0,0,0,0,-264,0,-272,0,0
557,0x55763b07c29d,R,0x7ffefa157d48,1,0,0,0,232,-24,224,0,0,0,0,-24,208,0,0,0,200,24,-240,0,0,0,-248,24,-256,0,0,0,0,24,-272,0,0
559,0x55763b07c2a2,R,0x7ffefa157d60,1,24,24,24,256,0,24,24,24,24,240,24,232,24,24,24,224,-24,-264,-24,-24,-24,-24,-24,-280,-24,-288,-24,-24,-24,-296,-24,-24
561,0x55763b07c2a6,R,0x7ffefa157d48,1,-24,0,0,232,0,0,0,224,0,216,0,0,-24,0,0,200,0,-240,0,-248,24,0,0,0,0,-264,24,0,0,-272,0,0
564,0x55763b07c2ac,W,0x7ffefa157c58,1,-240,-240,-240,-8,-240,-240,-264,-16,-240,-240,-240,-240,-264,-32,-240,-40,240,240,240,-8,264,-16,240,240,240,-24,240,240,240,-32,240,-40
566,0x55763b07c2b1,R,0x7ffefa157d48,1,0,240,-24,232,0,0,0,224,0,0,0,216,0,208,0,0,0,0,0,0,0,-256,0,0,24,-264,0,0,0,0,24,-280
567,0x55763b07c2b1,W,0x7ffefa157d48,1,0,240,-24,0,0,0,0,224,-24,0,0,216,0,0,-24,0,0,-248,24,0,0,-256,0,0,0,-264,0,-272,0,0,24,0
569,0x55763b07c2b5,R,0x7ffefa157d48,1,0,0,0,0,0,232,0,224,0,0,0,216,0,0,-24,208,0,-248,0,0,0,-256,24,0,0,0,0,-272,0,-280,0,0
573,0x55763b07c29d,R,0x7ffefa157d48,1,0,0,0,240,-24,232,0,0,0,0,-24,216,0,0,0,208,24,-248,0,0,0,-256,24,-264,0,0,0,0,24,-280,0,0
575,0x55763b07c2a2,R,0x7ffefa157d60,1,24,24,24,264,0,24,24,24,24,248,24,240,24,24,24,232,-24,-272,-24,-24,-24,-24,-24,-288,-24,-296,-24,-24,-24,-304,-24,-24
577,0x55763b07c2a6,R,0x7ffefa157d48,1,-24,0,0,240,0,0,0,232,0,224,0,0,-24,0,0,208,0,-248,0,-256,24,0,0,0,0,-272,24,0,0,-280,0,0
580,0x55763b07c2ac,W,0x7ffefa157c50,1,-248,-248,-248,-8,-248,-248,-272,-16,-248,-248,-248,-248,-272,-32,-248,-40,248,248,248,-8,272,-16,248,248,248,-24,248,248,248,-32,248,-40
582,0x55763b07c2b1,R,0x7ffefa157d48,1,0,248,-24,240,0,0,0,232,0,0,0,224,0,216,0,0,0,0,0,0,0,-264,0,0,24,-272,0,0,0,0,24,-288
583,0x55763b07c2b1,W,0x7ffefa157d48,1,0,248,-24,0,0,0,0,232,-24,0,0,224,0,0,-24,0,0,-256,24,0,0,-264,0,0,0,-272,0,-280,0,0,24,0
585,0x55763b07c2b5,R,0x7ffefa157d48,1,0,0,0,0,0,240,0,232,0,0,0,224,0,0,-24,216,0,-256,0,0,0,-264,24,0,0,0,0,-280,0,-288,0,0
589,0x55763b07c29d,R,0x7ffefa157d48,1,0,0,0,248,-24,240,0,0,0,0,-24,224,0,0,0,216,24,-256,0,0,0,-264,24,-272,0,0,0,0,24,-288,0,0
591,0x55763b07c2a2,R,0x7ffefa157d60,1,24,24,24,272,0,24,24,24,24,256,24,248,24,24,24,240,-24,-280,-24,-24,-24,-24,-24,-296,-24,-304,-24,-24,-24,-312,-24,-24
593,0x55763b07c2a6,R,0x7ffefa157d48,1,-24,0,0,248,0,0,0,240,0,232,0,0,-24,0,0,216,0,-256,0,-264,24,0,0,0,0,-280,24,0,0,-288,0,0
596,0x55763b07c2ac,W,0x7ffefa157c48,1,-256,-256,-256,-8,-256,-256,-280,-16,-256,-256,-256,-256,-280,-32,-256,-40,256,256,256,-8,280,-16,256,256,256,-24,256,256,256,-32,256,-40
598,0x55763b07c2b1,R,0x7ffefa157d48,1,0,256,-24,248,0,0,0,240,0,0,0,232,0,224,0,0,0,0,0,0,0,-272,0,0,24,-280,0,0,0,0,24,-296
599,0x55763b07c2b1,W,0x7ffefa157d48,1,0,256,-24,0,0,0,0,240,-24,0,0,232,0,0,-24,0,0,-264,24,0,0,-272,0,0,0,-280,0,-288,0,0,24,0
601,0x55763b07c2b5,R,0x7ffefa157d48,1,0,0,0,0,0,248,0,240,0,0,0,232,0,0,-24,224,0,-264,0,0,0,-272,24,0,0,0,0,-288,0,-296,0,0
605,0x55763b07c29d,R,0x7ffefa157d48,1,0,0,0,256,-24,248,0,0,0,0,-24,232,0,0,0,224,24,-264,0,0,0,-272,24,-280,0,0,0,0,24,-296,0,0
607,0x55763b07c2a2,R,0x7ffefa157d60,1,24,24,24,280,0,24,24,24,24,264,24,256,24,24,24,248,-24,-288,-24,-24,-24,-24,-24,-304,-24,-312,-24,-24,-24,-320,-24,-24
609,0x55763b07c2a6,R,0x7ffefa157d48,1,-24,0,0,256,0,0,0,248,0,240,0,0,-24,0,0,224,0,-264,0,-272,24,0,0,0,0,-288,24,0,0,-296,0,0
612,0x55763b07c2ac,W,0x7ffefa157c40,1,-264,-264,-264,-8,-264,-264,-288,-16,-264,-264,-264,-264,-288,-32,-264,-40,264,264,264,-8,288,-16,264,264,264,-24,264,264,264,-32,264,-40
614,0x55763b07c2b1,R,0x7ffefa157d48,1,0,264,-24,256,0,0,0,248,0,0,0,240,0,232,0,0,0,0,0,0,0,-280,0,0,24,-288,0,0,0,0,24,-304
615,0x55763b07c2b1,W,0x7ffefa157d48,1,0,264,-24,0,0,0,0,248,-24,0,0,240,0,0,-24,0,0,-272,24,0,0,-280,0,0,0,-288,0,-296,0,0,24,0
617,0x55763b07c2b5,R,0x7ffefa157d48,1,0,0,0,0,0,256,0,248,0,0,0,240,0,0,-24,232,0,-272,0,0,0,-280,24,0,0,0,0,-296,0,-304,0,0
621,0x55763b07c29d,R,0x7ffefa157d48,1,0,0,0,264,-24,256,0,0,0,0,-24,240,0,0,0,232,24,-272,0,0,0,-280,24,-288,0,0,0,0,24,-304,0,0
623,0x55763b07c2a2,R,0x7ffefa157d60,1,24,24,24,288,0,24,24,24,24,272,24,264,24,24,24,256,-24,-296,-24,-24,-24,-24,-24,-312,-24,-320,-24,-24,-24,-328,-24,-24
625,0x55763b07c2a6,R,0x7ffefa157d48,1,-24,0,0,264,0,0,0,256,0,248,0,0,-24,0,0,232,0,-272,0,-280,24,0,0,0,0,-296,24,0,0,-304,0,0
628,0x55763b07c2ac,W,0x7ffefa157c38,1,-272,-272,-272,-8,-272,-272,-296,-16,-272,-272,-272,-272,-296,-32,-272,-40,272,272,272,-8,296,-16,272,272,272,-24,272,272,272,-32,272,-40
630,0x55763b07c2b1,R,0x7ffefa157d48,1,0,272,-24,264,0,0,0,256,0,0,0,248,0,240,0,0,0,0,0,0,0,-288,0,0,24,-296,0,0,0,0,24,-312
631,0x55763b07c2b1,W,0x7ffefa157d48,1,0,272,-24,0,0,0,0,256,-24,0,0,248,0,0,-24,0,0,-280,24,0,0,-288,0,0,0,-296,0,-304,0,0,24,0
633,0x55763b07c2b5,R,0x7ffefa157d48,1,0,0,0,0,0,264,0,256,0,0,0,248,0,0,-24,240,0,-280,0,0,0,-288,24,0,0,0,0,-304,0,-312,0,0
637,0x55763b07c29d,R,0x7ffefa157d48,1,0,0,0,272,-24,264,0,0,0,0,-24,248,0,0,0,240,24,-280,0,0,0,-288,24,-296,0,0,0,0,24,-312,0,0
639,0x55763b07c2a2,R,0x7ffefa157d60,1,24,24,24,296,0,24,24,24,24,280,24,272,24,24,24,264,-24,-304,-24,-24,-24,-24,-24,-320,-24,-328,-24,-24,-24,-336,-24,-24
641,0x55763b07c2a6,R,0x7ffefa157d48,1,-24,0,0,272,0,0,0,264,0,256,0,0,-24,0,0,240,0,-280,0,-288,24,0,0,0,0,-304,24,0,0,-312,0,0
644,0x55763b07c2ac,W,0x7ffefa157c30,1,-280,-280,-280,-8,-280,-280,-304,-16,-280,-280,-280,-280,-304,-32,-280,-40,280,280,280,-8,304,-16,280,280,280,-24,280,280,280,-32,280,-40
646,0x55763b07c2b1,R,0x7ffefa157d48,1,0,280,-24,272,0,0,0,264,0,0,0,256,0,248,0,0,0,0,0,0,0,-296,0,0,24,-304,0,0,0,0,24,-320
647,0x55763b07c2b1,W,0x7ffefa157d48,1,0,280,-24,0,0,0,0,264,-24,0,0,256,0,0,-24,0,0,-288,24,0,0,-296,0,0,0,-304,0,-312,0,0,24,0
649,0x55763b07c2b5,R,0x7ffefa157d48,1,0,0,0,0,0,272,0,264,0,0,0,256,0,0,-24,248,0,-288,0,0,0,-296,24,0,0,0,0,-312,0,-320,0,0
653,0x55763b07c29d,R,0x7ffefa157d48,1,0,0,0,280,-24,272,0,0,0,0,-24,256,0,0,0,248,24,-288,0,0,0,-296,24,-304,0,0,0,0,24,-320,0,0
655,0x55763b07c2a2,R,0x7ffefa157d60,1,24,24,24,304,0,24,24,24,24,288,24,280,24,24,24,272,-24,-312,-24,-24,-24,-24,-24,-328,-24,-336,-24,-24,-24,-344,-24,-24
657,0x55763b07c2a6,R,0x7ffefa157d48,1,-24,0,0,280,0,0,0,272,0,264,0,0,-24,0,0,248,0,-288,0,-296,24,0,0,0,0,-312,24,0,0,-320,0,0
660,0x55763b07c2ac,W,0x7ffefa157c28,1,-288,-288,-288,-8,-288,-288,-312,-16,-288,-288,-288,-288,-312,-32,-288,-40,288,288,288,-8,312,-16,288,288,288,-24,288,288,288,-32,288,-40
662,0x55763b07c2b1,R,0x7ffefa157d48,1,0,288,-24,280,0,0,0,272,0,0,0,264,0,256,0,0,0,0,0,0,0,-304,0,0,24,-312,0,0,0,0,24,-328
663,0x55763b07c2b1,W,0x7ffefa157d48,1,0,288,-24,0,0,0,0,272,-24,0,0,264,0,0,-24,0,0,-296,24,0,0,-304,0,0,0,-312,0,-320,0,0,24,0
665,0x55763b07c2b5,R,0x7ffefa157d48,1,0,0,0,0,0,280,0,272,0,0,0,264,0,0,-24,256,0,-296,0,0,0,-304,24,0,0,0,0,-320,0,-328,0,0
669,0x55763b07c29d,R,0x7ffefa157d48,1,0,0,0,288,-24,280,0,0,0,0,-24,264,0,0,0,256,24,-296,0,0,0,-304,24,-312,0,0,0,0,24,-328,0,0
671,0x55763b07c2a2,R,0x7ffefa157d60,1,24,24,24,312,0,24,24,24,24,296,24,288,24,24,24,280,-24,-320,-24,-24,-24,-24,-24,-336,-24,-344,-24,-24,-24,-352,-24,-24
673,0x55763b07c2a6,R,0x7ffefa157d48,1,-24,0,0,288,0,0,0,280,0,272,0,0,-24,0,0,256,0,-296,0,-304,24,0,0,0,0,-320,24,0,0,-328,0,0
676,0x55763b07c2ac,W,0x7ffefa157c20,1,-296,-296,-296,-8,-296,-296,-320,-16,-296,-296,-296,-296,-320,-32,-296,-40,296,296,296,-8,320,-16,296,296,296,-24,296,296,296,-32,296,-40
678,0x55763b07c2b1,R,0x7ffefa157d48,1,0,296,-24,288,0,0,0,280,0,0,0,272,0,264,0,0,0,0,0,0,0,-312,0,0,24,-320,0,0,0,0,24,-336
679,0x55763b07c2b1,W,0x7ffefa157d48,1,0,296,-24,0,0,0,0,280,-24,0,0,272,0,0,-24,0,0,-304,24,0,0,-312,0,0,0,-320,0,-328,0,0,24,0
681,0x55763b07c2b5,R,0x7ffefa157d48,1,0,0,0,0,0,288,0,280,0,0,0,272,0,0,-24,264,0,-304,0,0,0,-312,24,0,0,0,0,-328,0,-336,0,0
685,0x55763b07c29d,R,0x7ffefa157d48,1,0,0,0,296,-24,288,0,0,0,0,-24,272,0,0,0,264,24,-304,0,0,0,-312,24,-320,0,0,0,0,24,-336,0,0
687,0x55763b07c2a2,R,0x7ffefa157d60,1,24,24,24,320,0,24,24,24,24,304,24,296,24,24,24,288,-24,-328,-24,-24,-24,-24,-24,-344,-24,-352,-24,-24,-24,-360,-24,-24
689,0x55763b07c2a6,R,0x7ffefa157d48,1,-24,0,0,296,0,0,0,288,0,280,0,0,-24,0,0,264,0,-304,0,-312,24,0,0,0,0,-328,24,0,0,-336,0,0
692,0x55763b07c2ac,W,0x7ffefa157c18,1,-304,-304,-304,-8,-304,-304,-328,-16,-304,-304,-304,-304,-328,-32,-304,-40,304,304,304,-8,328,-16,304,304,304,-24,304,304,304,-32,304,-40
694,0x55763b07c2b1,R,0x7ffefa157d48,1,0,304,-24,296,0,0,0,288,0,0,0,280,0,272,0,0,0,0,0,0,0,-320,0,0,24,-328,0,0,0,0,24,-344
695,0x55763b07c2b1,W,0x7ffefa157d48,1,0,304,-24,0,0,0,0,288,-24,0,0,280,0,0,-24,0,0,-312,24,0,0,-320,0,0,0,-328,0,-336,0,0,24,0
697,0x55763b07c2b5,R,0x7ffefa157d48,1,0,0,0,0,0,296,0,288,0,0,0,280,0,0,-24,272,0,-312,0,0,0,-320,24,0,0,0,0,-336,0,-344,0,0
701,0x55763b07c29d,R,0x7ffefa157d48,1,0,0,0,304,-24,296,0,0,0,0,-24,280,0,0,0,272,24,-312,0,0,0,-320,24,-328,0,0,0,0,24,-344,0,0
703,0x55763b07c2a2,R,0x7ffefa157d60,1,24,24,24,328,0,24,24,24,24,312,24,304,24,24,24,296,-24,-336,-24,-24,-24,-24,-24,-352,-24,-360,-24,-24,-24,-368,-24,-24
705,0x55763b07c2a6,R,0x7ffefa157d48,1,-24,0,0,304,0,0,0,296,0,288,0,0,-24,0,0,272,0,-312,0,-320,24,0,0,0,0,-336,24,0,0,-344,0,0
708,0x55763b07c2ac,W,0x7ffefa157c10,1,-312,-312,-312,-8,-312,-312,-336,-16,-312,-312,-312,-312,-336,-32,-312,-40,312,312,312,-8,336,-16,312,312,312,-24,312,312,312,-32,312,-40
710,0x55763b07c2b1,R,0x7ffefa157d48,1,0,312,-24,304,0,0,0,296,0,0,0,288,0,280,0,0,0,0,0,0,0,-328,0,0,24,-336,0,0,0,0,24,-352
711,0x55763b07c2b1,W,0x7ffefa157d48,1,0,312,-24,0,0,0,0,296,-24,0,0,288,0,0,-24,0,0,-320,24,0,0,-328,0,0,0,-336,0,-344,0,0,24,0
713,0x55763b07c2b5,R,0x7ffefa157d48,1,0,0,0,0,0,304,0,296,0,0,0,288,0,0,-24,280,0,-320,0,0,0,-328,24,0,0,0,0,-344,0,-352,0,0
717,0x55763b07c29d,R,0x7ffefa157d48,1,0,0,0,312,-24,304,0,0,0,0,-24,288,0,0,0,280,24,-320,0,0,0,-328,24,-336,0,0,0,0,24,-352,0,0
719,0x55763b07c2a2,R,0x7ffefa157d60,1,24,24,24,336,0,24,24,24,24,320,24,312,24,24,24,304,-24,-344,-24,-24,-24,-24,-24,-360,-24,-368,-24,-24,-24,-376,-24,-24
721,0x55763b07c2a6,R,0x7ffefa157d48,1,-24,0,0,312,0,0,0,304,0,296,0,0,-24,0,0,280,0,-320,0,-328,24,0,0,0,0,-344,24,0,0,-352,0,0
724,0x55763b07c2ac,W,0x7ffefa157c08,1,-320,-320,-320,-8,-320,-320,-344,-16,-320,-320,-320,-320,-344,-32,-320,-40,320,320,320,-8,344,-16,320,320,320,-24,320,320,320,-32,320,-40
726,0x55763b07c2b1,R,0x7ffefa157d48,1,0,320,-24,312,0,0,0,304,0,0,0,296,0,288,0,0,0,0,0,0,0,-336,0,0,24,-344,0,0,0,0,24,-360
727,0x55763b07c2b1,W,0x7ffefa157d48,1,0,320,-24,0,0,0,0,304,-24,0,0,296,0,0,-24,0,0,-328,24,0,0,-336,0,0,0,-344,0,-352,0,0,24,0
729,0x55763b07c2b5,R,0x7ffefa157d48,1,0,0,0,0,0,312,0,304,0,0,0,296,0,0,-24,288,0,-328,0,0,0,-336,24,0,0,0,0,-352,0,-360,0,0
733,0x55763b07c29d,R,0x7ffefa157d48,1,0,0,0,320,-24,312,0,0,0,0,-24,296,0,0,0,288,24,-328,0,0,0,-336,24,-344,0,0,0,0,24,-360,0,0
735,0x55763b07c2a2,R,0x7ffefa157d60,1,24,24,24,344,0,24,24,24,24,328,24,320,24,24,24,312,-24,-352,-24,-24,-24,-24,-24,-368,-24,-376,-24,-24,-24,-384,-24,-24
737,0x55763b07c2a6,R,0x7ffefa157d48,1,-24,0,0,320,0,0,0,312,0,304,0,0,-24,0,0,288,0,-328,0,-336,24,0,0,0,0,-352,24,0,0,-360,0,0
740,0x55763b07c2ac,W,0x7ffefa157c00,1,-328,-328,-328,-8,-328,-328,-352,-16,-328,-328,-328,-328,-352,-32,-328,-40,328,328,328,-8,352,-16,328,328,328,-24,328,328,328,-32,328,-40
742,0x55763b07c2b1,R,0x7ffefa157d48,1,0,328,-24,320,0,0,0,312,0,0,0,304,0,296,0,0,0,0,0,0,0,-344,0,0,24,-352,0,0,0,0,24,-368
743,0x55763b07c2b1,W,0x7ffefa157d48,1,0,328,-24,0,0,0,0,312,-24,0,0,304,0,0,-24,0,0,-336,24,0,0,-344,0,0,0,-352,0,-360,0,0,24,0
745,0x55763b07c2b5,R,0x7ffefa157d48,1,0,0,0,0,0,320,0,312,0,0,0,304,0,0,-24,296,0,-336,0,0,0,-344,24,0,0,0,0,-360,0,-368,0,0
749,0x55763b07c29d,R,0x7ffefa157d48,1,0,0,0,328,-24,320,0,0,0,0,-24,304,0,0,0,296,24,-336,0,0,0,-344,24,-352,0,0,0,0,24,-368,0,0
751,0x55763b07c2a2,R,0x7ffefa157d60,1,24,24,24,352,0,24,24,24,24,336,24,328,24,24,24,320,-24,-360,-24,-24,-24,-24,-24,-376,-24,-384,-24,-24,-24,-392,-24,-24
753,0x55763b07c2a6,R,0x7ffefa157d48,1,-24,0,0,328,0,0,0,320,0,312,0,0,-24,0,0,296,0,-336,0,-344,24,0,0,0,0,-360,24,0,0,-368,0,0
756,0x55763b07c2ac,W,0x7ffefa157bf8,1,-336,-336,-336,-8,-336,-336,-360,-16,-336,-336,-336,-336,-360,-32,-336,-40,336,336,336,-8,360,-16,336,336,336,-24,336,336,336,-32,336,-40
758,0x55763b07c2b1,R,0x7ffefa157d48,1,0,336,-24,328,0,0,0,320,0,0,0,312,0,304,0,0,0,0,0,0,0,-352,0,0,24,-360,0,0,0,0,24,-376
759,0x55763b07c2b1,W,0x7ffefa157d48,1,0,336,-24,0,0,0,0,320,-24,0,0,312,0,0,-24,0,0,-344,24,0,0,-352,0,0,0,-360,0,-368,0,0,24,0
761,0x55763b07c2b5,R,0x7ffefa157d48,1,0,0,0,0,0,328,0,320,0,0,0,312,0,0,-24,304,0,-344,0,0,0,-352,24,0,0,0,0,-368,0,-376,0,0
765,0x55763b07c29d,R,0x7ffefa157d48,1,0,0,0,336,-24,328,0,0,0,0,-24,312,0,0,0,304,24,-344,0,0,0,-352,24,-360,0,0,0,0,24,-376,0,0
767,0x55763b07c2a2,R,0x7ffefa157d60,1,24,24,24,360,0,24,24,24,24,344,24,336,24,24,24,328,-24,-368,-24,-24,-24,-24,-24,-384,-24,-392,-24,-24,-24,-400,-24,-24
769,0x55763b07c2a6,R,0x7ffefa157d48,1,-24,0,0,336,0,0,0,328,0,320,0,0,-24,0,0,304,0,-344,0,-352,24,0,0,0,0,-368,24,0,0,-376,0,0
772,0x55763b07c2ac,W,0x7ffefa157bf0,1,-344,-344,-344,-8,-344,-344,-368,-16,-344,-344,-344,-344,-368,-32,-344,-40,344,344,344,-8,368,-16,344,344,344,-24,344,344,344,-32,344,-40
774,0x55763b07c2b1,R,0x7ffefa157d48,1,0,344,-24,336,0,0,0,328,0,0,0,320,0,312,0,0,0,0,0,0,0,-360,0,0,24,-368,0,0,0,0,24,-384
775,0x55763b07c2b1,W,0x7ffefa157d48,1,0,344,-24,0,0,0,0,328,-24,0,0,320,0,0,-24,0,0,-352,24,0,0,-360,0,0,0,-368,0,-376,0,0,24,0
777,0x55763b07c2b5,R,0x7ffefa157d48,1,0,0,0,0,0,336,0,328,0,0,0,320,0,0,-24,312,0,-352,0,0,0,-360,24,0,0,0,0,-376,0,-384,0,0
781,0x55763b07c29d,R,0x7ffefa157d48,1,0,0,0,344,-24,336,0,0,0,0,-24,320,0,0,0,312,24,-352,0,0,0,-360,24,-368,0,0,0,0,24,-384,0,0
783,0x55763b07c2a2,R,0x7ffefa157d60,1,24,24,24,368,0,24,24,24,24,352,24,344,24,24,24,336,-24,-376,-24,-24,-24,-24,-24,-392,-24,-400,-24,-24,-24,-408,-24,-24
785,0x55763b07c2a6,R,0x7ffefa157d48,1,-24,0,0,344,0,0,0,336,0,328,0,0,-24,0,0,312,0,-352,0,-360,24,0,0,0,0,-376,24,0,0,-384,0,0
788,0x55763b07c2ac,W,0x7ffefa157be8,1,-352,-352,-352,-8,-352,-352,-376,-16,-352,-352,-352,-352,-376,-32,-352,-40,352,352,352,-8,376,-16,352,352,352,-24,352,352,352,-32,352,-40
790,0x55763b07c2b1,R,0x7ffefa157d48,1,0,352,-24,344,0,0,0,336,0,0,0,328,0,320,0,0,0,0,0,0,0,-368,0,0,24,-376,0,0,0,0,24,-392
791,0x55763b07c2b1,W,0x7ffefa157d48,1,0,352,-24,0,0,0,0,336,-24,0,0,328,0,0,-24,0,0,-360,24,0,0,-368,0,0,0,-376,0,-384,0,0,24,0
793,0x55763b07c2b5,R,0x7ffefa157d48,1,0,0,0,0,0,344,0,336,0,0,0,328,0,0,-24,320,0,-360,0,0,0,-368,24,0,0,0,0,-384,0,-392,0,0
797,0x55763b07c29d,R,0x7ffefa157d48,1,0,0,0,352,-24,344,0,0,0,0,-24,328,0,0,0,320,24,-360,0,0,0,-368,24,-376,0,0,0,0,24,-392,0,0
799,0x55763b07c2a2,R,0x7ffefa157d60,1,24,24,24,376,0,24,24,24,24,360,24,352,24,24,24,344,-24,-384,-24,-24,-24,-24,-24,-400,-24,-408,-24,-24,-24,-416,-24,-24
801,0x55763b07c2a6,R,0x7ffefa157d48,1,-24,0,0,352,0,0,0,344,0,336,0,0,-24,0,0,320,0,-360,0,-368,24,0,0,0,0,-384,24,0,0,-392,0,0
804,0x55763b07c2ac,W,0x7ffefa157be0,1,-360,-360,-360,-8,-360,-360,-384,-16,-360,-360,-360,-360,-384,-32,-360,-40,360,360,360,-8,384,-16,360,360,360,-24,360,360,360,-32,360,-40
806,0x55763b07c2b1,R,0x7ffefa157d48,1,0,360,-24,352,0,0,0,344,0,0,0,336,0,328,0,0,0,0,0,0,0,-376,0,0,24,-384,0,0,0,0,24,-400
807,0x55763b07c2b1,W,0x7ffefa157d48,1,0,360,-24,0,0,0,0,344,-24,0,0,336,0,0,-24,0,0,-368,24,0,0,-376,0,0,0,-384,0,-392,0,0,24,0
809,0x55763b07c2b5,R,0x7ffefa157d48,1,0,0,0,0,0,352,0,344,0,0,0,336,0,0,-24,328,0,-368,0,0,0,-376,24,0,0,0,0,-392,0,-400,0,0
813,0x55763b07c29d,R,0x7ffefa157d48,1,0,0,0,360,-24,352,0,0,0,0,-24,336,0,0,0,328,24,-368,0,0,0,-376,24,-384,0,0,0,0,24,-400,0,0
815,0x55763b07c2a2,R,0x7ffefa157d60,1,24,24,24,384,0,24,24,24,24,368,24,360,24,24,24,352,-24,-392,-24,-24,-24,-24,-24,-408,-24,-416,-24,-24,-24,-424,-24,-24
817,0x55763b07c2a6,R,0x7ffefa157d48,1,-24,0,0,360,0,0,0,352,0,344,0,0,-24,0,0,328,0,-368,0,-376,24,0,0,0,0,-392,24,0,0,-400,0,0
820,0x55763b07c2ac,W,0x7ffefa157bd8,1,-368,-368,-368,-8,-368,-368,-392,-16,-368,-368,-368,-368,-392,-32,-368,-40,368,368,368,-8,392,-16,368,368,368,-24,368,368,368,-32,368,-40
822,0x55763b07c2b1,R,0x7ffefa157d48,1,0,368,-24,360,0,0,0,352,0,0,0,344,0,336,0,0,0,0,0,0,0,-384,0,0,24,-392,0,0,0,0,24,-408
823,0x55763b07c2b1,W,0x7ffefa157d48,1,0,368,-24,0,0,0,0,352,-24,0,0,344,0,0,-24,0,0,-376,24,0,0,-384,0,0,0,-392,0,-400,0,0,24,0
825,0x55763b07c2b5,R,0x7ffefa157d48,1,0,0,0,0,0,360,0,352,0,0,0,344,0,0,-24,336,0,-376,0,0,0,-384,24,0,0,0,0,-400,0,-408,0,0
829,0x55763b07c29d,R,0x7ffefa157d48,1,0,0,0,368,-24,360,0,0,0,0,-24,344,0,0,0,336,24,-376,0,0,0,-384,24,-392,0,0,0,0,24,-408,0,0
831,0x55763b07c2a2,R,0x7ffefa157d60,1,24,24,24,392,0,24,24,24,24,376,24,368,24,24,24,360,-24,-400,-24,-24,-24,-24,-24,-416,-24,-424,-24,-24,-24,-432,-24,-24
833,0x55763b07c2a6,R,0x7ffefa157d48,1,-24,0,0,368,0,0,0,360,0,352,0,0,-24,0,0,336,0,-376,0,-384,24,0,0,0,0,-400,24,0,0,-408,0,0
836,0x55763b07c2ac,W,0x7ffefa157bd0,1,-376,-376,-376,-8,-376,-376,-400,-16,-376,-376,-376,-376,-400,-32,-376,-40,376,376,376,-8,400,-16,376,376,376,-24,376,376,376,-32,376,-40
838,0x55763b07c2b1,R,0x7ffefa157d48,1,0,376,-24,368,0,0,0,360,0,0,0,352,0,344,0,0,0,0,0,0,0,-392,0,0,24,-400,0,0,0,0,24,-416
839,0x55763b07c2b1,W,0x7ffefa157d48,1,0,376,-24,0,0,0,0,360,-24,0,0,352,0,0,-24,0,0,-384,24,0,0,-392,0,0,0,-400,0,-408,0,0,24,0
841,0x55763b07c2b5,R,0x7ffefa157d48,1,0,0,0,0,0,368,0,360,0,0,0,352,0,0,-24,344,0,-384,0,0,0,-392,24,0,0,0,0,-408,0,-416,0,0
845,0x55763b07c29d,R,0x7ffefa157d48,1,0,0,0,376,-24,368,0,0,0,0,-24,352,0,0,0,344,24,-384,0,0,0,-392,24,-400,0,0,0,0,24,-416,0,0
847,0x55763b07c2a2,R,0x7ffefa157d60,1,24,24,24,400,0,24,24,24,24,384,24,376,24,24,24,368,-24,-408,-24,-24,-24,-24,-24,-424,-24,-432,-24,-24,-24,-440,-24,-24
849,0x55763b07c2a6,R,0x7ffefa157d48,1,-24,0,0,376,0,0,0,368,0,360,0,0,-24,0,0,344,0,-384,0,-392,24,0,0,0,0,-408,24,0,0,-416,0,0
852,0x55763b07c2ac,W,0x7ffefa157bc8,1,-384,-384,-384,-8,-384,-384,-408,-16,-384,-384,-384,-384,-408,-32,-384,-40,384,384,384,-8,408,-16,384,384,384,-24,384,384,384,-32,384,-40
854,0x55763b07c2b1,R,0x7ffefa157d48,1,0,384,-24,376,0,0,0,368,0,0,0,360,0,352,0,0,0,0,0,0,0,-400,0,0,24,-408,0,0,0,0,24,-424
855,0x55763b07c2b1,W,0x7ffefa157d48,1,0,384,-24,0,0,0,0,368,-24,0,0,360,0,0,-24,0,0,-392,24,0,0,-400,0,0,0,-408,0,-416,0,0,24,0
857,0x55763b07c2b5,R,0x7ffefa157d48,1,0,0,0,0,0,376,0,368,0,0,0,360,0,0,-24,352,0,-392,0,0,0,-400,24,0,0,0,0,-416,0,-424,0,0
861,0x55763b07c29d,R,0x7ffefa157d48,1,0,0,0,384,-24,376,0,0,0,0,-24,360,0,0,0,352,24,-392,0,0,0,-400,24,-408,0,0,0,0,24,-424,0,0
863,0x55763b07c2a2,R,0x7ffefa157d60,1,24,24,24,408,0,24,24,24,24,392,24,384,24,24,24,376,-24,-416,-24,-24,-24,-24,-24,-432,-24,-440,-24,-24,-24,-448,-24,-24
865,0x55763b07c2a6,R,0x7ffefa157d48,1,-24,0,0,384,0,0,0,376,0,368,0,0,-24,0,0,352,0,-392,0,-400,24,0,0,0,0,-416,24,0,0,-424,0,0
868,0x55763b07c2ac,W,0x7ffefa157bc0,1,-392,-392,-392,-8,-392,-392,-416,-16,-392,-392,-392,-392,-416,-32,-392,-40,392,392,392,-8,416,-16,392,392,392,-24,392,392,392,-32,392,-40
870,0x55763b07c2b1,R,0x7ffefa157d48,1,0,392,-24,384,0,0,0,376,0,0,0,368,0,360,0,0,0,0,0,0,0,-408,0,0,24,-416,0,0,0,0,24,-432
871,0x55763b07c2b1,W,0x7ffefa157d48,1,0,392,-24,0,0,0,0,376,-24,0,0,368,0,0,-24,0,0,-400,24,0,0,-408,0,0,0,-416,0,-424,0,0,24,0
873,0x55763b07c2b5,R,0x7ffefa157d48,1,0,0,0,0,0,384,0,376,0,0,0,368,0,0,-24,360,0,-400,0,0,0,-408,24,0,0,0,0,-424,0,-432,0,0
877,0x55763b07c29d,R,0x7ffefa157d48,1,0,0,0,392,-24,384,0,0,0,0,-24,368,0,0,0,360,24,-400,0,0,0,-408,24,-416,0,0,0,0,24,-432,0,0
879,0x55763b07c2a2,R,0x7ffefa157d60,1,24,24,24,416,0,24,24,24,24,400,24,392,24,24,24,384,-24,-424,-24,-24,-24,-24,-24,-440,-24,-448,-24,-24,-24,-456,-24,-24
881,0x55763b07c2a6,R,0x7ffefa157d48,1,-24,0,0,392,0,0,0,384,0,376,0,0,-24,0,0,360,0,-400,0,-408,24,0,0,0,0,-424,24,0,0,-432,0,0
884,0x55763b07c2ac,W,0x7ffefa157bb8,1,-400,-400,-400,-8,-400,-400,-424,-16,-400,-400,-400,-400,-424,-32,-400,-40,400,400,400,-8,424,-16,400,400,400,-24,400,400,400,-32,400,-40
886,0x55763b07c2b1,R,0x7ffefa157d48,1,0,400,-24,392,0,0,0,384,0,0,0,376,0,368,0,0,0,0,0,0,0,-416,0,0,24,-424,0,0,0,0,24,-440
887,0x55763b07c2b1,W,0x7ffefa157d48,1,0,400,-24,0,0,0,0,384,-24,0,0,376,0,0,-24,0,0,-408,24,0,0,-416,0,0,0,-424,0,-432,0,0,24,0
889,0x55763b07c2b5,R,0x7ffefa157d48,1,0,0,0,0,0,392,0,384,0,0,0,376,0,0,-24,368,0,-408,0,0,0,-416,24,0,0,0,0,-432,0,-440,0,0
893,0x55763b07c29d,R,0x7ffefa157d48,1,0,0,0,400,-24,392,0,0,0,0,-24,376,0,0,0,368,24,-408,0,0,0,-416,24,-424,0,0,0,0,24,-440,0,0
895,0x55763b07c2a2,R,0x7ffefa157d60,1,24,24,24,424,0,24,24,24,24,408,24,400,24,24,24,392,-24,-432,-24,-24,-24,-24,-24,-448,-24,-456,-24,-24,-24,-464,-24,-24
897,0x55763b07c2a6,R,0x7ffefa157d48,1,-24,0,0,400,0,0,0,392,0,384,0,0,-24,0,0,368,0,-408,0,-416,24,0,0,0,0,-432,24,0,0,-440,0,0
900,0x55763b07c2ac,W,0x7ffefa157bb0,1,-408,-408,-408,-8,-408,-408,-432,-16,-408,-408,-408,-408,-432,-32,-408,-40,408,408,408,-8,432,-16,408,408,408,-24,408,408,408,-32,408,-40
902,0x55763b07c2b1,R,0x7ffefa157d48,1,0,408,-24,400,0,0,0,392,0,0,0,384,0,376,0,0,0,0,0,0,0,-424,0,0,24,-432,0,0,0,0,24,-448
903,0x55763b07c2b1,W,0x7ffefa157d48,1,0,408,-24,0,0,0,0,392,-24,0,0,384,0,0,-24,0,0,-416,24,0,0,-424,0,0,0,-432,0,-440,0,0,24,0
905,0x55763b07c2b5,R,0x7ffefa157d48,1,0,0,0,0,0,400,0,392,0,0,0,384,0,0,-24,376,0,-416,0,0,0,-424,24,0,0,0,0,-440,0,-448,0,0
909,0x55763b07c29d,R,0x7ffefa157d48,1,0,0,0,408,-24,400,0,0,0,0,-24,384,0,0,0,376,24,-416,0,0,0,-424,24,-432,0,0,0,0,24,-448,0,0
911,0x55763b07c2a2,R,0x7ffefa157d60,1,24,24,24,432,0,24,24,24,24,416,24,408,24,24,24,400,-24,-440,-24,-24,-24,-24,-24,-456,-24,-464,-24,-24,-24,-472,-24,-24
913,0x55763b07c2a6,R,0x7ffefa157d48,1,-24,0,0,408,0,0,0,400,0,392,0,0,-24,0,0,376,0,-416,0,-424,24,0,0,0,0,-440,24,0,0,-448,0,0
916,0x55763b07c2ac,W,0x7ffefa157ba8,1,-416,-416,-416,-8,-416,-416,-440,-16,-416,-416,-416,-416,-440,-32,-416,-40,416,416,416,-8,440,-16,416,416,416,-24,416,416,416,-32,416,-40
918,0x55763b07c2b1,R,0x7ffefa157d48,1,0,416,-24,408,0,0,0,400,0,0,0,392,0,384,0,0,0,0,0,0,0,-432,0,0,24,-440,0,0,0,0,24,-456
919,0x55763b07c2b1,W,0x7ffefa157d48,1,0,416,-24,0,0,0,0,400,-24,0,0,392,0,0,-24,0,0,-424,24,0,0,-432,0,0,0,-440,0,-448,0,0,24,0
921,0x55763b07c2b5,R,0x7ffefa157d48,1,0,0,0,0,0,408,0,400,0,0,0,392,0,0,-24,384,0,-424,0,0,0,-432,24,0,0,0,0,-448,0,-456,0,0
925,0x55763b07c29d,R,0x7ffefa157d48,1,0,0,0,416,-24,408,0,0,0,0,-24,392,0,0,0,384,24,-424,0,0,0,-432,24,-440,0,0,0,0,24,-456,0,0
927,0x55763b07c2a2,R,0x7ffefa157d60,1,24,24,24,440,0,24,24,24,24,424,24,416,24,24,24,408,-24,-448,-24,-24,-24,-24,-24,-464,-24,-472,-24,-24,-24,-480,-24,-24
929,0x55763b07c2a6,R,0x7ffefa157d48,1,-24,0,0,416,0,0,0,408,0,400,0,0,-24,0,0,384,0,-424,0,-432,24,0,0,0,0,-448,24,0,0,-456,0,0
932,0x55763b07c2ac,W,0x7ffefa157ba0,1,-424,-424,-424,-8,-424,-424,-448,-16,-424,-424,-424,-424,-448,-32,-424,-40,424,424,424,-8,448,-16,424,424,424,-24,424,424,424,-32,424,-40
934,0x55763b07c2b1,R,0x7ffefa157d48,1,0,424,-24,416,0,0,0,408,0,0,0,400,0,392,0,0,0,0,0,0,0,-440,0,0,24,-448,0,0,0,0,24,-464
935,0x55763b07c2b1,W,0x7ffefa157d48,1,0,424,-24,0,0,0,0,408,-24,0,0,400,0,0,-24,0,0,-432,24,0,0,-440,0,0,0,-448,0,-456,0,0,24,0
937,0x55763b07c2b5,R,0x7ffefa157d48,1,0,0,0,0,0,416,0,408,0,0,0,400,0,0,-24,392,0,-432,0,0,0,-440,24,0,0,0,0,-456,0,-464,0,0
941,0x55763b07c29d,R,0x7ffefa157d48,1,0,0,0,424,-24,416,0,0,0,0,-24,400,0,0,0,392,24,-432,0,0,0,-440,24,-448,0,0,0,0,24,-464,0,0
943,0x55763b07c2a2,R,0x7ffefa157d60,1,24,24,24,448,0,24,24,24,24,432,24,424,24,24,24,416,-24,-456,-24,-24,-24,-24,-24,-472,-24,-480,-24,-24,-24,-488,-24,-24
945,0x55763b07c2a6,R,0x7ffefa157d48,1,-24,0,0,424,0,0,0,416,0,408,0,0,-24,0,0,392,0,-432,0,-440,24,0,0,0,0,-456,24,0,0,-464,0,0
948,0x55763b07c2ac,W,0x7ffefa157b98,1,-432,-432,-432,-8,-432,-432,-456,-16,-432,-432,-432,-432,-456,-32,-432,-40,432,432,432,-8,456,-16,432,432,432,-24,432,432,432,-32,432,-40
950,0x55763b07c2b1,R,0x7ffefa157d48,1,0,432,-24,424,0,0,0,416,0,0,0,408,0,400,0,0,0,0,0,0,0,-448,0,0,24,-456,0,0,0,0,24,-472
951,0x55763b07c2b1,W,0x7ffefa157d48,1,0,432,-24,0,0,0,0,416,-24,0,0,408,0,0,-24,0,0,-440,24,0,0,-448,0,0,0,-456,0,-464,0,0,24,0
953,0x55763b07c2b5,R,0x7ffefa157d48,1,0,0,0,0,0,424,0,416,0,0,0,408,0,0,-24,400,0,-440,0,0,0,-448,24,0,0,0,0,-464,0,-472,0,0
957,0x55763b07c29d,R,0x7ffefa157d48,1,0,0,0,432,-24,424,0,0,0,0,-24,408,0,0,0,400,24,-440,0,0,0,-448,24,-456,0,0,0,0,24,-472,0,0
959,0x55763b07c2a2,R,0x7ffefa157d60,1,24,24,24,456,0,24,24,24,24,440,24,432,24,24,24,424,-24,-464,-24,-24,-24,-24,-24,-480,-24,-488,-24,-24,-24,-496,-24,-24
961,0x55763b07c2a6,R,0x7ffefa157d48,1,-24,0,0,432,0,0,0,424,0,416,0,0,-24,0,0,400,0,-440,0,-448,24,0,0,0,0,-464,24,0,0,-472,0,0
964,0x55763b07c2ac,W,0x7ffefa157b90,1,-440,-440,-440,-8,-440,-440,-464,-16,-440,-440,-440,-440,-464,-32,-440,-40,440,440,440,-8,464,-16,440,440,440,-24,440,440,440,-32,440,-40
966,0x55763b07c2b1,R,0x7ffefa157d48,1,0,440,-24,432,0,0,0,424,0,0,0,416,0,408,0,0,0,0,0,0,0,-456,0,0,24,-464,0,0,0,0,24,-480
967,0x55763b07c2b1,W,0x7ffefa157d48,1,0,440,-24,0,0,0,0,424,-24,0,0,416,0,0,-24,0,0,-448,24,0,0,-456,0,0,0,-464,0,-472,0,0,24,0
969,0x55763b07c2b5,R,0x7ffefa157d48,1,0,0,0,0,0,432,0,424,0,0,0,416,0,0,-24,408,0,-448,0,0,0,-456,24,0,0,0,0,-472,0,-480,0,0
973,0x55763b07c29d,R,0x7ffefa157d48,1,0,0,0,440,-24,432,0,0,0,0,-24,416,0,0,0,408,24,-448,0,0,0,-456,24,-464,0,0,0,0,24,-480,0,0
975,0x55763b07c2a2,R,0x7ffefa157d60,1,24,24,24,464,0,24,24,24,24,448,24,440,24,24,24,432,-24,-472,-24,-24,-24,-24,-24,-488,-24,-496,-24,-24,-24,-504,-24,-24
977,0x55763b07c2a6,R,0x7ffefa157d48,1,-24,0,0,440,0,0,0,432,0,424,0,0,-24,0,0,408,0,-448,0,-456,24,0,0,0,0,-472,24,0,0,-480,0,0
980,0x55763b07c2ac,W,0x7ffefa157b88,1,-448,-448,-448,-8,-448,-448,-472,-16,-448,-448,-448,-448,-472,-32,-448,-40,448,448,448,-8,472,-16,448,448,448,-24,448,448,448,-32,448,-40
982,0x55763b07c2b1,R,0x7ffefa157d48,1,0,448,-24,440,0,0,0,432,0,0,0,424,0,416,0,0,0,0,0,0,0,-464,0,0,24,-472,0,0,0,0,24,-488
983,0x55763b07c2b1,W,0x7ffefa157d48,1,0,448,-24,0,0,0,0,432,-24,0,0,424,0,0,-24,0,0,-456,24,0,0,-464,0,0,0,-472,0,-480,0,0,24,0
985,0x55763b07c2b5,R,0x7ffefa157d48,1,0,0,0,0,0,440,0,432,0,0,0,424,0,0,-24,416,0,-456,0,0,0,-464,24,0,0,0,0,-480,0,-488,0,0
989,0x55763b07c29d,R,0x7ffefa157d48,1,0,0,0,448,-24,440,0,0,0,0,-24,424,0,0,0,416,24,-456,0,0,0,-464,24,-472,0,0,0,0,24,-488,0,0
991,0x55763b07c2a2,R,0x7ffefa157d60,1,24,24,24,472,0,24,24,24,24,456,24,448,24,24,24,440,-24,-480,-24,-24,-24,-24,-24,-496,-24,-504,-24,-24,-24,-512,-24,-24
993,0x55763b07c2a6,R,0x7ffefa157d48,1,-24,0,0,448,0,0,0,440,0,432,0,0,-24,0,0,416,0,-456,0,-464,24,0,0,0,0,-480,24,0,0,-488,0,0
996,0x55763b07c2ac,W,0x7ffefa157b80,1,-456,-456,-456,-8,-456,-456,-480,-16,-456,-456,-456,-456,-480,-32,-456,-40,456,456,456,-8,480,-16,456,456,456,-24,456,456,456,-32,456,-40
998,0x55763b07c2b1,R,0x7ffefa157d48,1,0,456,-24,448,0,0,0,440,0,0,0,432,0,424,0,0,0,0,0,0,0,-472,0,0,24,-480,0,0,0,0,24,-496
999,0x55763b07c2b1,W,0x7ffefa157d48,1,0,456,-24,0,0,0,0,440,-24,0,0,432,0,0,-24,0,0,-464,24,0,0,-472,0,0,0,-480,0,-488,0,0,24,0
1001,0x55763b07c2b5,R,0x7ffefa157d48,1,0,0,0,0,0,448,0,440,0,0,0,432,0,0,-24,424,0,-464,0,0,0,-472,24,0,0,0,0,-488,0,-496,0,0
1005,0x55763b07c29d,R,0x7ffefa157d48,1,0,0,0,456,-24,448,0,0,0,0,-24,432,0,0,0,424,24,-464,0,0,0,-472,24,-480,0,0,0,0,24,-496,0,0
1007,0x55763b07c2a2,R,0x7ffefa157d60,1,24,24,24,480,0,24,24,24,24,464,24,456,24,24,24,448,-24,-488,-24,-24,-24,-24,-24,-504,-24,-512,-24,-24,-24,-520,-24,-24
1009,0x55763b07c2a6,R,0x7ffefa157d48,1,-24,0,0,456,0,0,0,448,0,440,0,0,-24,0,0,424,0,-464,0,-472,24,0,0,0,0,-488,24,0,0,-496,0,0
1012,0x55763b07c2ac,W,0x7ffefa157b78,1,-464,-464,-464,-8,-464,-464,-488,-16,-464,-464,-464,-464,-488,-32,-464,-40,464,464,464,-8,488,-16,464,464,464,-24,464,464,464,-32,464,-40
1014,0x55763b07c2b1,R,0x7ffefa157d48,1,0,464,-24,456,0,0,0,448,0,0,0,440,0,432,0,0,0,0,0,0,0,-480,0,0,24,-488,0,0,0,0,24,-504
1015,0x55763b07c2b1,W,0x7ffefa157d48,1,0,464,-24,0,0,0,0,448,-24,0,0,440,0,0,-24,0,0,-472,24,0,0,-480,0,0,0,-488,0,-496,0,0,24,0
1017,0x55763b07c2b5,R,0x7ffefa157d48,1,0,0,0,0,0,456,0,448,0,0,0,440,0,0,-24,432,0,-472,0,0,0,-480,24,0,0,0,0,-496,0,-504,0,0
1021,0x55763b07c29d,R,0x7ffefa157d48,1,0,0,0,464,-24,456,0,0,0,0,-24,440,0,0,0,432,24,-472,0,0,0,-480,24,-488,0,0,0,0,24,-504,0,0
1023,0x55763b07c2a2,R,0x7ffefa157d60,1,24,24,24,488,0,24,24,24,24,472,24,464,24,24,24,456,-24,-496,-24,-24,-24,-24,-24,-512,-24,-520,-24,-24,-24,-528,-24,-24
1025,0x55763b07c2a6,R,0x7ffefa157d48,1,-24,0,0,464,0,0,0,456,0,448,0,0,-24,0,0,432,0,-472,0,-480,24,0,0,0,0,-496,24,0,0,-504,0,0
1028,0x55763b07c2ac,W,0x7ffefa157b70,1,-472,-472,-472,-8,-472,-472,-496,-16,-472,-472,-472,-472,-496,-32,-472,-40,472,472,472,-8,496,-16,472,472,472,-24,472,472,472,-32,472,-40
1030,0x55763b07c2b1,R,0x7ffefa157d48,1,0,472,-24,464,0,0,0,456,0,0,0,448,0,440,0,0,0,0,0,0,0,-488,0,0,24,-496,0,0,0,0,24,-512
1031,0x55763b07c2b1,W,0x7ffefa157d48,1,0,472,-24,0,0,0,0,456,-24,0,0,448,0,0,-24,0,0,-480,24,0,0,-488,0,0,0,-496,0,-504,0,0,24,0
1033,0x55763b07c2b5,R,0x7ffefa157d48,1,0,0,0,0,0,464,0,456,0,0,0,448,0,0,-24,440,0,-480,0,0,0,-488,24,0,0,0,0,-504,0,-512,0,0
1037,0x55763b07c29d,R,0x7ffefa157d48,1,0,0,0,472,-24,464,0,0,0,0,-24,448,0,0,0,440,24,-480,0,0,0,-488,24,-496,0,0,0,0,24,-512,0,0
1039,0x55763b07c2a2,R,0x7ffefa157d60,1,24,24,24,496,0,24,24,24,24,480,24,472,24,24,24,464,-24,-504,-24,-24,-24,-24,-24,-520,-24,-528,-24,-24,-24,-536,-24,-24
1041,0x55763b07c2a6,R,0x7ffefa157d48,1,-24,0,0,472,0,0,0,464,0,456,0,0,-24,0,0,440,0,-480,0,-488,24,0,0,0,0,-504,24,0,0,-512,0,0
1044,0x55763b07c2ac,W,0x7ffefa157b68,1,-480,-480,-480,-8,-480,-480,-504,-16,-480,-480,-480,-480,-504,-32,-480,-40,480,480,480,-8,504,-16,480,480,480,-24,480,480,480,-32,480,-40
1046,0x55763b07c2b1,R,0x7ffefa157d48,1,0,480,-24,472,0,0,0,464,0,0,0,456,0,448,0,0,0,0,0,0,0,-496,0,0,24,-504,0,0,0,0,24,-520
1047,0x55763b07c2b1,W,0x7ffefa157d48,1,0,480,-24,0,0,0,0,464,-24,0,0,456,0,0,-24,0,0,-488,24,0,0,-496,0,0,0,-504,0,-512,0,0,24,0
1049,0x55763b07c2b5,R,0x7ffefa157d48,1,0,0,0,0,0,472,0,464,0,0,0,456,0,0,-24,448,0,-488,0,0,0,-496,24,0,0,0,0,-512,0,-520,0,0
1053,0x55763b07c29d,R,0x7ffefa157d48,1,0,0,0,480,-24,472,0,0,0,0,-24,456,0,0,0,448,24,-488,0,0,0,-496,24,-504,0,0,0,0,24,-520,0,0
1055,0x55763b07c2a2,R,0x7ffefa157d60,1,24,24,24,504,0,24,24,24,24,488,24,480,24,24,24,472,-24,-512,-24,-24,-24,-24,-24,-528,-24,-536,-24,-24,-24,-544,-24,-24
1057,0x55763b07c2a6,R,0x7ffefa157d48,1,-24,0,0,480,0,0,0,472,0,464,0,0,-24,0,0,448,0,-488,0,-496,24,0,0,0,0,-512,24,0,0,-520,0,0
1060,0x55763b07c2ac,W,0x7ffefa157b60,1,-488,-488,-488,-8,-488,-488,-512,-16,-488,-488,-488,-488,-512,-32,-488,-40,488,488,488,-8,512,-16,488,488,488,-24,488,488,488,-32,488,-40
1062,0x55763b07c2b1,R,0x7ffefa157d48,1,0,488,-24,480,0,0,0,472,0,0,0,464,0,456,0,0,0,0,0,0,0,-504,0,0,24,-512,0,0,0,0,24,-528
1063,0x55763b07c2b1,W,0x7ffefa157d48,1,0,488,-24,0,0,0,0,472,-24,0,0,464,0,0,-24,0,0,-496,24,0,0,-504,0,0,0,-512,0,-520,0,0,24,0
1065,0x55763b07c2b5,R,0x7ffefa157d48,1,0,0,0,0,0,480,0,472,0,0,0,464,0,0,-24,456,0,-496,0,0,0,-504,24,0,0,0,0,-520,0,-528,0,0
1069,0x55763b07c29d,R,0x7ffefa157d48,1,0,0,0,488,-24,480,0,0,0,0,-24,464,0,0,0,456,24,-496,0,0,0,-504,24,-512,0,0,0,0,24,-528,0,0
1071,0x55763b07c2a2,R,0x7ffefa157d60,1,24,24,24,512,0,24,24,24,24,496,24,488,24,24,24,480,-24,-520,-24,-24,-24,-24,-24,-536,-24,-544,-24,-24,-24,-552,-24,-24
1073,0x55763b07c2a6,R,0x7ffefa157d48,1,-24,0,0,488,0,0,0,480,0,472,0,0,-24,0,0,456,0,-496,0,-504,24,0,0,0,0,-520,24,0,0,-528,0,0
1076,0x55763b07c2ac,W,0x7ffefa157b58,1,-496,-496,-496,-8,-496,-496,-520,-16,-496,-496,-496,-496,-520,-32,-496,-40,496,496,496,-8,520,-16,496,496,496,-24,496,496,496,-32,496,-40
1078,0x55763b07c2b1,R,0x7ffefa157d48,1,0,496,-24,488,0,0,0,480,0,0,0,472,0,464,0,0,0,0,0,0,0,-512,0,0,24,-520,0,0,0,0,24,-536
1079,0x55763b07c2b1,W,0x7ffefa157d48,1,0,496,-24,0,0,0,0,480,-24,0,0,472,0,0,-24,0,0,-504,24,0,0,-512,0,0,0,-520,0,-528,0,0,24,0
1081,0x55763b07c2b5,R,0x7ffefa157d48,1,0,0,0,0,0,488,0,480,0,0,0,472,0,0,-24,464,0,-504,0,0,0,-512,24,0,0,0,0,-528,0,-536,0,0
1085,0x55763b07c29d,R,0x7ffefa157d48,1,0,0,0,496,-24,488,0,0,0,0,-24,472,0,0,0,464,24,-504,0,0,0,-512,24,-520,0,0,0,0,24,-536,0,0
1087,0x55763b07c2a2,R,0x7ffefa157d60,1,24,24,24,520,0,24,24,24,24,504,24,496,24,24,24,488,-24,-528,-24,-24,-24,-24,-24,-544,-24,-552,-24,-24,-24,-560,-24,-24
1089,0x55763b07c2a6,R,0x7ffefa157d48,1,-24,0,0,496,0,0,0,488,0,480,0,0,-24,0,0,464,0,-504,0,-512,24,0,0,0,0,-528,24,0,0,-536,0,0
1092,0x55763b07c2ac,W,0x7ffefa157b50,1,-504,-504,-504,-8,-504,-504,-528,-16,-504,-504,-504,-504,-528,-32,-504,-40,504,504,504,-8,528,-16,504,504,504,-24,504,504,504,-32,504,-40
1094,0x55763b07c2b1,R,0x7ffefa157d48,1,0,504,-24,496,0,0,0,488,0,0,0,480,0,472,0,0,0,0,0,0,0,-520,0,0,24,-528,0,0,0,0,24,-544
1095,0x55763b07c2b1,W,0x7ffefa157d48,1,0,504,-24,0,0,0,0,488,-24,0,0,480,0,0,-24,0,0,-512,24,0,0,-520,0,0,0,-528,0,-536,0,0,24,0
1097,0x55763b07c2b5,R,0x7ffefa157d48,1,0,0,0,0,0,496,0,488,0,0,0,480,0,0,-24,472,0,-512,0,0,0,-520,24,0,0,0,0,-536,0,-544,0,0
1101,0x55763b07c29d,R,0x7ffefa157d48,1,0,0,0,504,-24,496,0,0,0,0,-24,480,0,0,0,472,24,-512,0,0,0,-520,24,-528,0,0,0,0,24,-544,0,0
1103,0x55763b07c2a2,R,0x7ffefa157d60,1,24,24,24,528,0,24,24,24,24,512,24,504,24,24,24,496,-24,-536,-24,-24,-24,-24,-24,-552,-24,-560,-24,-24,-24,-568,-24,-24
1105,0x55763b07c2a6,R,0x7ffefa157d48,1,-24,0,0,504,0,0,0,496,0,488,0,0,-24,0,0,472,0,-512,0,-520,24,0,0,0,0,-536,24,0,0,-544,0,0
1108,0x55763b07c2ac,W,0x7ffefa157b48,1,-512,-512,-512,-8,-512,-512,-536,-16,-512,-512,-512,-512,-536,-32,-512,-40,512,512,512,-8,536,-16,512,512,512,-24,512,512,512,-32,512,-40
1110,0x55763b07c2b1,R,0x7ffefa157d48,1,0,512,-24,504,0,0,0,496,0,0,0,488,0,480,0,0,0,0,0,0,0,-528,0,0,24,-536,0,0,0,0,24,-552
1111,0x55763b07c2b1,W,0x7ffefa157d48,1,0,512,-24,0,0,0,0,496,-24,0,0,488,0,0,-24,0,0,-520,24,0,0,-528,0,0,0,-536,0,-544,0,0,24,0
1113,0x55763b07c2b5,R,0x7ffefa157d48,1,0,0,0,0,0,504,0,496,0,0,0,488,0,0,-24,480,0,-520,0,0,0,-528,24,0,0,0,0,-544,0,-552,0,0
1117,0x55763b07c29d,R,0x7ffefa157d48,1,0,0,0,512,-24,504,0,0,0,0,-24,488,0,0,0,480,24,-520,0,0,0,-528,24,-536,0,0,0,0,24,-552,0,0
1119,0x55763b07c2a2,R,0x7ffefa157d60,1,24,24,24,536,0,24,24,24,24,520,24,512,24,24,24,504,-24,-544,-24,-24,-24,-24,-24,-560,-24,-568,-24,-24,-24,-576,-24,-24
1121,0x55763b07c2a6,R,0x7ffefa157d48,1,-24,0,0,512,0,0,0,504,0,496,0,0,-24,0,0,480,0,-520,0,-528,24,0,0,0,0,-544,24,0,0,-552,0,0
1124,0x55763b07c2ac,W,0x7ffefa157b40,1,-520,-520,-520,-8,-520,-520,-544,-16,-520,-520,-520,-520,-544,-32,-520,-40,520,520,520,-8,544,-16,520,520,520,-24,520,520,520,-32,520,-40
1126,0x55763b07c2b1,R,0x7ffefa157d48,1,0,520,-24,512,0,0,0,504,0,0,0,496,0,488,0,0,0,0,0,0,0,-536,0,0,24,-544,0,0,0,0,24,-560
1127,0x55763b07c2b1,W,0x7ffefa157d48,1,0,520,-24,0,0,0,0,504,-24,0,0,496,0,0,-24,0,0,-528,24,0,0,-536,0,0,0,-544,0,-552,0,0,24,0
1129,0x55763b07c2b5,R,0x7ffefa157d48,1,0,0,0,0,0,512,0,504,0,0,0,496,0,0,-24,488,0,-528,0,0,0,-536,24,0,0,0,0,-552,0,-560,0,0
1133,0x55763b07c29d,R,0x7ffefa157d48,1,0,0,0,520,-24,512,0,0,0,0,-24,496,0,0,0,488,24,-528,0,0,0,-536,24,-544,0,0,0,0,24,-560,0,0
1135,0x55763b07c2a2,R,0x7ffefa157d60,1,24,24,24,544,0,24,24,24,24,528,24,520,24,24,24,512,-24,-552,-24,-24,-24,-24,-24,-568,-24,-576,-24,-24,-24,-584,-24,-24
1137,0x55763b07c2a6,R,0x7ffefa157d48,1,-24,0,0,520,0,0,0,512,0,504,0,0,-24,0,0,488,0,-528,0,-536,24,0,0,0,0,-552,24,0,0,-560,0,0
1140,0x55763b07c2ac,W,0x7ffefa157b38,1,-528,-528,-528,-8,-528,-528,-552,-16,-528,-528,-528,-528,-552,-32,-528,-40,528,528,528,-8,552,-16,528,528,528,-24,528,528,528,-32,528,-40
1142,0x55763b07c2b1,R,0x7ffefa157d48,1,0,528,-24,520,0,0,0,512,0,0,0,504,0,496,0,0,0,0,0,0,0,-544,0,0,24,-552,0,0,0,0,24,-568
1143,0x55763b07c2b1,W,0x7ffefa157d48,1,0,528,-24,0,0,0,0,512,-24,0,0,504,0,0,-24,0,0,-536,24,0,0,-544,0,0,0,-552,0,-560,0,0,24,0
1145,0x55763b07c2b5,R,0x7ffefa157d48,1,0,0,0,0,0,520,0,512,0,0,0,504,0,0,-24,496,0,-536,0,0,0,-544,24,0,0,0,0,-560,0,-568,0,0
1149,0x55763b07c29d,R,0x7ffefa157d48,1,0,0,0,528,-24,520,0,0,0,0,-24,504,0,0,0,496,24,-536,0,0,0,-544,24,-552,0,0,0,0,24,-568,0,0
1151,0x55763b07c2a2,R,0x7ffefa157d60,1,24,24,24,552,0,24,24,24,24,536,24,528,24,24,24,520,-24,-560,-24,-24,-24,-24,-24,-576,-24,-584,-24,-24,-24,-592,-24,-24
1153,0x55763b07c2a6,R,0x7ffefa157d48,1,-24,0,0,528,0,0,0,520,0,512,0,0,-24,0,0,496,0,-536,0,-544,24,0,0,0,0,-560,24,0,0,-568,0,0
1156,0x55763b07c2ac,W,0x7ffefa157b30,1,-536,-536,-536,-8,-536,-536,-560,-16,-536,-536,-536,-536,-560,-32,-536,-40,536,536,536,-8,560,-16,536,536,536,-24,536,536,536,-32,536,-40
1158,0x55763b07c2b1,R,0x7ffefa157d48,1,0,536,-24,528,0,0,0,520,0,0,0,512,0,504,0,0,0,0,0,0,0,-552,0,0,24,-560,0,0,0,0,24,-576
1159,0x55763b07c2b1,W,0x7ffefa157d48,1,0,536,-24,0,0,0,0,520,-24,0,0,512,0,0,-24,0,0,-544,24,0,0,-552,0,0,0,-560,0,-568,0,0,24,0
1161,0x55763b07c2b5,R,0x7ffefa157d48,1,0,0,0,0,0,528,0,520,0,0,0,512,0,0,-24,504,0,-544,0,0,0,-552,24,0,0,0,0,-568,0,-576,0,0
1165,0x55763b07c29d,R,0x7ffefa157d48,1,0,0,0,536,-24,528,0,0,0,0,-24,512,0,0,0,504,24,-544,0,0,0,-552,24,-560,0,0,0,0,24,-576,0,0
1167,0x55763b07c2a2,R,0x7ffefa157d60,1,24,24,24,560,0,24,24,24,24,544,24,536,24,24,24,528,-24,-568,-24,-24,-24,-24,-24,-584,-24,-592,-24,-24,-24,-600,-24,-24
1169,0x55763b07c2a6,R,0x7ffefa157d48,1,-24,0,0,536,0,0,0,528,0,520,0,0,-24,0,0,504,0,-544,0,-552,24,0,0,0,0,-568,24,0,0,-576,0,0
1172,0x55763b07c2ac,W,0x7ffefa157b28,1,-544,-544,-544,-8,-544,-544,-568,-16,-544,-544,-544,-544,-568,-32,-544,-40,544,544,544,-8,568,-16,544,544,544,-24,544,544,544,-32,544,-40
1174,0x55763b07c2b1,R,0x7ffefa157d48,1,0,544,-24,536,0,0,0,528,0,0,0,520,0,512,0,0,0,0,0,0,0,-560,0,0,24,-568,0,0,0,0,24,-584
1175,0x55763b07c2b1,W,0x7ffefa157d48,1,0,544,-24,0,0,0,0,528,-24,0,0,520,0,0,-24,0,0,-552,24,0,0,-560,0,0,0,-568,0,-576,0,0,24,0
1177,0x55763b07c2b5,R,0x7ffefa157d48,1,0,0,0,0,0,536,0,528,0,0,0,520,0,0,-24,512,0,-552,0,0,0,-560,24,0,0,0,0,-576,0,-584,0,0
1181,0x55763b07c29d,R,0x7ffefa157d48,1,0,0,0,544,-24,536,0,0,0,0,-24,520,0,0,0,512,24,-552,0,0,0,-560,24,-568,0,0,0,0,24,-584,0,0
1183,0x55763b07c2a2,R,0x7ffefa157d60,1,24,24,24,568,0,24,24,24,24,552,24,544,24,24,24,536,-24,-576,-24,-24,-24,-24,-24,-592,-24,-600,-24,-24,-24,-608,-24,-24
1185,0x55763b07c2a6,R,0x7ffefa157d48,1,-24,0,0,544,0,0,0,536,0,528,0,0,-24,0,0,512,0,-552,0,-560,24,0,0,0,0,-576,24,0,0,-584,0,0
1188,0x55763b07c2ac,W,0x7ffefa157b20,1,-552,-552,-552,-8,-552,-552,-576,-16,-552,-552,-552,-552,-576,-32,-552,-40,552,552,552,-8,576,-16,552,552,552,-24,552,552,552,-32,552,-40
1190,0x55763b07c2b1,R,0x7ffefa157d48,1,0,552,-24,544,0,0,0,536,0,0,0,528,0,520,0,0,0,0,0,0,0,-568,0,0,24,-576,0,0,0,0,24,-592
1191,0x55763b07c2b1,W,0x7ffefa157d48,1,0,552,-24,0,0,0,0,536,-24,0,0,528,0,0,-24,0,0,-560,24,0,0,-568,0,0,0,-576,0,-584,0,0,24,0
1193,0x55763b07c2b5,R,0x7ffefa157d48,1,0,0,0,0,0,544,0,536,0,0,0,528,0,0,-24,520,0,-560,0,0,0,-568,24,0,0,0,0,-584,0,-592,0,0
1197,0x55763b07c29d,R,0x7ffefa157d48,1,0,0,0,552,-24,544,0,0,0,0,-24,528,0,0,0,520,24,-560,0,0,0,-568,24,-576,0,0,0,0,24,-592,0,0
1199,0x55763b07c2a2,R,0x7ffefa157d60,1,24,24,24,576,0,24,24,24,24,560,24,552,24,24,24,544,-24,-584,-24,-24,-24,-24,-24,-600,-24,-608,-24,-24,-24,-616,-24,-24
1201,0x55763b07c2a6,R,0x7ffefa157d48,1,-24,0,0,552,0,0,0,544,0,536,0,0,-24,0,0,520,0,-560,0,-568,24,0,0,0,0,-584,24,0,0,-592,0,0
1204,0x55763b07c2ac,W,0x7ffefa157b18,1,-560,-560,-560,-8,-560,-560,-584,-16,-560,-560,-560,-560,-584,-32,-560,-40,560,560,560,-8,584,-16,560,560,560,-24,560,560,560,-32,560,-40
1206,0x55763b07c2b1,R,0x7ffefa157d48,1,0,560,-24,552,0,0,0,544,0,0,0,536,0,528,0,0,0,0,0,0,0,-576,0,0,24,-584,0,0,0,0,24,-600
1207,0x55763b07c2b1,W,0x7ffefa157d48,1,0,560,-24,0,0,0,0,544,-24,0,0,536,0,0,-24,0,0,-568,24,0,0,-576,0,0,0,-584,0,-592,0,0,24,0
1209,0x55763b07c2b5,R,0x7ffefa157d48,1,0,0,0,0,0,552,0,544,0,0,0,536,0,0,-24,528,0,-568,0,0,0,-576,24,0,0,0,0,-592,0,-600,0,0
1213,0x55763b07c29d,R,0x7ffefa157d48,1,0,0,0,560,-24,552,0,0,0,0,-24,536,0,0,0,528,24,-568,0,0,0,-576,24,-584,0,0,0,0,24,-600,0,0
1215,0x55763b07c2a2,R,0x7ffefa157d60,1,24,24,24,584,0,24,24,24,24,568,24,560,24,24,24,552,-24,-592,-24,-24,-24,-24,-24,-608,-24,-616,-24,-24,-24,-624,-24,-24
1217,0x55763b07c2a6,R,0x7ffefa157d48,1,-24,0,0,560,0,0,0,552,0,544,0,0,-24,0,0,528,0,-568,0,-576,24,0,0,0,0,-592,24,0,0,-600,0,0
1220,0x55763b07c2ac,W,0x7ffefa157b10,1,-568,-568,-568,-8,-568,-568,-592,-16,-568,-568,-568,-568,-592,-32,-568,-40,568,568,568,-8,592,-16,568,568,568,-24,568,568,568,-32,568,-40
1222,0x55763b07c2b1,R,0x7ffefa157d48,1,0,568,-24,560,0,0,0,552,0,0,0,544,0,536,0,0,0,0,0,0,0,-584,0,0,24,-592,0,0,0,0,24,-608
1223,0x55763b07c2b1,W,0x7ffefa157d48,1,0,568,-24,0,0,0,0,552,-24,0,0,544,0,0,-24,0,0,-576,24,0,0,-584,0,0,0,-592,0,-600,0,0,24,0
1225,0x55763b07c2b5,R,0x7ffefa157d48,1,0,0,0,0,0,560,0,552,0,0,0,544,0,0,-24,536,0,-576,0,0,0,-584,24,0,0,0,0,-600,0,-608,0,0
1229,0x55763b07c29d,R,0x7ffefa157d48,1,0,0,0,568,-24,560,0,0,0,0,-24,544,0,0,0,536,24,-576,0,0,0,-584,24,-592,0,0,0,0,24,-608,0,0
1231,0x55763b07c2a2,R,0x7ffefa157d60,1,24,24,24,592,0,24,24,24,24,576,24,568,24,24,24,560,-24,-600,-24,-24,-24,-24,-24,-616,-24,-624,-24,-24,-24,-632,-24,-24
1233,0x55763b07c2a6,R,0x7ffefa157d48,1,-24,0,0,568,0,0,0,560,0,552,0,0,-24,0,0,536,0,-576,0,-584,24,0,0,0,0,-600,24,0,0,-608,0,0
1236,0x55763b07c2ac,W,0x7ffefa157b08,1,-576,-576,-576,-8,-576,-576,-600,-16,-576,-576,-576,-576,-600,-32,-576,-40,576,576,576,-8,600,-16,576,576,576,-24,576,576,576,-32,576,-40
1238,0x55763b07c2b1,R,0x7ffefa157d48,1,0,576,-24,568,0,0,0,560,0,0,0,552,0,544,0,0,0,0,0,0,0,-592,0,0,24,-600,0,0,0,0,24,-616
1239,0x55763b07c2b1,W,0x7ffefa157d48,1,0,576,-24,0,0,0,0,560,-24,0,0,552,0,0,-24,0,0,-584,24,0,0,-592,0,0,0,-600,0,-608,0,0,24,0
1241,0x55763b07c2b5,R,0x7ffefa157d48,1,0,0,0,0,0,568,0,560,0,0,0,552,0,0,-24,544,0,-584,0,0,0,-592,24,0,0,0,0,-608,0,-616,0,0
1245,0x55763b07c29d,R,0x7ffefa157d48,1,0,0,0,576,-24,568,0,0,0,0,-24,552,0,0,0,544,24,-584,0,0,0,-592,24,-600,0,0,0,0,24,-616,0,0
1247,0x55763b07c2a2,R,0x7ffefa157d60,1,24,24,24,600,0,24,24,24,24,584,24,576,24,24,24,568,-24,-608,-24,-24,-24,-24,-24,-624,-24,-632,-24,-24,-24,-640,-24,-24
1249,0x55763b07c2a6,R,0x7ffefa157d48,1,-24,0,0,576,0,0,0,568,0,560,0,0,-24,0,0,544,0,-584,0,-592,24,0,0,0,0,-608,24,0,0,-616,0,0
1252,0x55763b07c2ac,W,0x7ffefa157b00,1,-584,-584,-584,-8,-584,-584,-608,-16,-584,-584,-584,-584,-608,-32,-584,-40,584,584,584,-8,608,-16,584,584,584,-24,584,584,584,-32,584,-40
1254,0x55763b07c2b1,R,0x7ffefa157d48,1,0,584,-24,576,0,0,0,568,0,0,0,560,0,552,0,0,0,0,0,0,0,-600,0,0,24,-608,0,0,0,0,24,-624
1255,0x55763b07c2b1,W,0x7ffefa157d48,1,0,584,-24,0,0,0,0,568,-24,0,0,560,0,0,-24,0,0,-592,24,0,0,-600,0,0,0,-608,0,-616,0,0,24,0
1257,0x55763b07c2b5,R,0x7ffefa157d48,1,0,0,0,0,0,576,0,568,0,0,0,560,0,0,-24,552,0,-592,0,0,0,-600,24,0,0,0,0,-616,0,-624,0,0
1261,0x55763b07c29d,R,0x7ffefa157d48,1,0,0,0,584,-24,576,0,0,0,0,-24,560,0,0,0,552,24,-592,0,0,0,-600,24,-608,0,0,0,0,24,-624,0,0
1263,0x55763b07c2a2,R,0x7ffefa157d60,1,24,24,24,608,0,24,24,24,24,592,24,584,24,24,24,576,-24,-616,-24,-24,-24,-24,-24,-632,-24,-640,-24,-24,-24,-648,-24,-24
1265,0x55763b07c2a6,R,0x7ffefa157d48,1,-24,0,0,584,0,0,0,576,0,568,0,0,-24,0,0,552,0,-592,0,-600,24,0,0,0,0,-616,24,0,0,-624,0,0
1268,0x55763b07c2ac,W,0x7ffefa157af8,1,-592,-592,-592,-8,-592,-592,-616,-16,-592,-592,-592,-592,-616,-32,-592,-40,592,592,592,-8,616,-16,592,592,592,-24,592,592,592,-32,592,-40
1270,0x55763b07c2b1,R,0x7ffefa157d48,1,0,592,-24,584,0,0,0,576,0,0,0,568,0,560,0,0,0,0,0,0,0,-608,0,0,24,-616,0,0,0,0,24,-632
1271,0x55763b07c2b1,W,0x7ffefa157d48,1,0,592,-24,0,0,0,0,576,-24,0,0,568,0,0,-24,0,0,-600,24,0,0,-608,0,0,0,-616,0,-624,0,0,24,0
1273,0x55763b07c2b5,R,0x7ffefa157d48,1,0,0,0,0,0,584,0,576,0,0,0,568,0,0,-24,560,0,-600,0,0,0,-608,24,0,0,0,0,-624,0,-632,0,0
1277,0x55763b07c29d,R,0x7ffefa157d48,1,0,0,0,592,-24,584,0,0,0,0,-24,568,0,0,0,560,24,-600,0,0,0,-608,24,-616,0,0,0,0,24,-632,0,0
1279,0x55763b07c2a2,R,0x7ffefa157d60,1,24,24,24,616,0,24,24,24,24,600,24,592,24,24,24,584,-24,-624,-24,-24,-24,-24,-24,-640,-24,-648,-24,-24,-24,-656,-24,-24
1281,0x55763b07c2a6,R,0x7ffefa157d48,1,-24,0,0,592,0,0,0,584,0,576,0,0,-24,0,0,560,0,-600,0,-608,24,0,0,0,0,-624,24,0,0,-632,0,0
1284,0x55763b07c2ac,W,0x7ffefa157af0,1,-600,-600,-600,-8,-600,-600,-624,-16,-600,-600,-600,-600,-624,-32,-600,-40,600,600,600,-8,624,-16,600,600,600,-24,600,600,600,-32,600,-40
1286,0x55763b07c2b1,R,0x7ffefa157d48,1,0,600,-24,592,0,0,0,584,0,0,0,576,0,568,0,0,0,0,0,0,0,-616,0,0,24,-624,0,0,0,0,24,-640
1287,0x55763b07c2b1,W,0x7ffefa157d48,1,0,600,-24,0,0,0,0,584,-24,0,0,576,0,0,-24,0,0,-608,24,0,0,-616,0,0,0,-624,0,-632,0,0,24,0
1289,0x55763b07c2b5,R,0x7ffefa157d48,1,0,0,0,0,0,592,0,584,0,0,0,576,0,0,-24,568,0,-608,0,0,0,-616,24,0,0,0,0,-632,0,-640,0,0
1293,0x55763b07c29d,R,0x7ffefa157d48,1,0,0,0,600,-24,592,0,0,0,0,-24,576,0,0,0,568,24,-608,0,0,0,-616,24,-624,0,0,0,0,24,-640,0,0
1295,0x55763b07c2a2,R,0x7ffefa157d60,1,24,24,24,624,0,24,24,24,24,608,24,600,24,24,24,592,-24,-632,-24,-24,-24,-24,-24,-648,-24,-656,-24,-24,-24,-664,-24,-24
1297,0x55763b07c2a6,R,0x7ffefa157d48,1,-24,0,0,600,0,0,0,592,0,584,0,0,-24,0,0,568,0,-608,0,-616,24,0,0,0,0,-632,24,0,0,-640,0,0
1300,0x55763b07c2ac,W,0x7ffefa157ae8,1,-608,-608,-608,-8,-608,-608,-632,-16,-608,-608,-608,-608,-632,-32,-608,-40,608,608,608,-8,632,-16,608,608,608,-24,608,608,608,-32,608,-40
1302,0x55763b07c2b1,R,0x7ffefa157d48,1,0,608,-24,600,0,0,0,592,0,0,0,584,0,576,0,0,0,0,0,0,0,-624,0,0,24,-632,0,0,0,0,24,-648
1303,0x55763b07c2b1,W,0x7ffefa157d48,1,0,608,-24,0,0,0,0,592,-24,0,0,584,0,0,-24,0,0,-616,24,0,0,-624,0,0,0,-632,0,-640,0,0,24,0
1305,0x55763b07c2b5,R,0x7ffefa157d48,1,0,0,0,0,0,600,0,592,0,0,0,584,0,0,-24,576,0,-616,0,0,0,-624,24,0,0,0,0,-640,0,-648,0,0
1309,0x55763b07c29d,R,0x7ffefa157d48,1,0,0,0,608,-24,600,0,0,0,0,-24,584,0,0,0,576,24,-616,0,0,0,-624,24,-632,0,0,0,0,24,-648,0,0
1311,0x55763b07c2a2,R,0x7ffefa157d60,1,24,24,24,632,0,24,24,24,24,616,24,608,24,24,24,600,-24,-640,-24,-24,-24,-24,-24,-656,-24,-664,-24,-24,-24,-672,-24,-24
1313,0x55763b07c2a6,R,0x7ffefa157d48,1,-24,0,0,608,0,0,0,600,0,592,0,0,-24,0,0,576,0,-616,0,-624,24,0,0,0,0,-640,24,0,0,-648,0,0
1316,0x55763b07c2ac,W,0x7ffefa157ae0,1,-616,-616,-616,-8,-616,-616,-640,-16,-616,-616,-616,-616,-640,-32,-616,-40,616,616,616,-8,640,-16,616,616,616,-24,616,616,616,-32,616,-40
1318,0x55763b07c2b1,R,0x7ffefa157d48,1,0,616,-24,608,0,0,0,600,0,0,0,592,0,584,0,0,0,0,0,0,0,-632,0,0,24,-640,0,0,0,0,24,-656
1319,0x55763b07c2b1,W,0x7ffefa157d48,1,0,616,-24,0,0,0,0,600,-24,0,0,592,0,0,-24,0,0,-624,24,0,0,-632,0,0,0,-640,0,-648,0,0,24,0
1321,0x55763b07c2b5,R,0x7ffefa157d48,1,0,0,0,0,0,608,0,600,0,0,0,592,0,0,-24,584,0,-624,0,0,0,-632,24,0,0,0,0,-648,0,-656,0,0
1325,0x55763b07c29d,R,0x7ffefa157d48,1,0,0,0,616,-24,608,0,0,0,0,-24,592,0,0,0,584,24,-624,0,0,0,-632,24,-640,0,0,0,0,24,-656,0,0
1327,0x55763b07c2a2,R,0x7ffefa157d60,1,24,24,24,640,0,24,24,24,24,624,24,616,24,24,24,608,-24,-648,-24,-24,-24,-24,-24,-664,-24,-672,-24,-24,-24,-680,-24,-24
1329,0x55763b07c2a6,R,0x7ffefa157d48,1,-24,0,0,616,0,0,0,608,0,600,0,0,-24,0,0,584,0,-624,0,-632,24,0,0,0,0,-648,24,0,0,-656,0,0
1332,0x55763b07c2ac,W,0x7ffefa157ad8,1,-624,-624,-624,-8,-624,-624,-648,-16,-624,-624,-624,-624,-648,-32,-624,-40,624,624,624,-8,648,-16,624,624,624,-24,624,624,624,-32,624,-40
1334,0x55763b07c2b1,R,0x7ffefa157d48,1,0,624,-24,616,0,0,0,608,0,0,0,600,0,592,0,0,0,0,0,0,0,-640,0,0,24,-648,0,0,0,0,24,-664
1335,0x55763b07c2b1,W,0x7ffefa157d48,1,0,624,-24,0,0,0,0,608,-24,0,0,600,0,0,-24,0,0,-632,24,0,0,-640,0,0,0,-648,0,-656,0,0,24,0
1337,0x55763b07c2b5,R,0x7ffefa157d48,1,0,0,0,0,0,616,0,608,0,0,0,600,0,0,-24,592,0,-632,0,0,0,-640,24,0,0,0,0,-656,0,-664,0,0
1341,0x55763b07c29d,R,0x7ffefa157d48,1,0,0,0,624,-24,616,0,0,0,0,-24,600,0,0,0,592,24,-632,0,0,0,-640,24,-648,0,0,0,0,24,-664,0,0
1343,0x55763b07c2a2,R,0x7ffefa157d60,1,24,24,24,648,0,24,24,24,24,632,24,624,24,24,24,616,-24,-656,-24,-24,-24,-24,-24,-672,-24,-680,-24,-24,-24,-688,-24,-24
1345,0x55763b07c2a6,R,0x7ffefa157d48,1,-24,0,0,624,0,0,0,616,0,608,0,0,-24,0,0,592,0,-632,0,-640,24,0,0,0,0,-656,24,0,0,-664,0,0
1348,0x55763b07c2ac,W,0x7ffefa157ad0,1,-632,-632,-632,-8,-632,-632,-656,-16,-632,-632,-632,-632,-656,-32,-632,-40,632,632,632,-8,656,-16,632,632,632,-24,632,632,632,-32,632,-40
1350,0x55763b07c2b1,R,0x7ffefa157d48,1,0,632,-24,624,0,0,0,616,0,0,0,608,0,600,0,0,0,0,0,0,0,-648,0,0,24,-656,0,0,0,0,24,-672
1351,0x55763b07c2b1,W,0x7ffefa157d48,1,0,632,-24,0,0,0,0,616,-24,0,0,608,0,0,-24,0,0,-640,24,0,0,-648,0,0,0,-656,0,-664,0,0,24,0
1353,0x55763b07c2b5,R,0x7ffefa157d48,1,0,0,0,0,0,624,0,616,0,0,0,608,0,0,-24,600,0,-640,0,0,0,-648,24,0,0,0,0,-664,0,-672,0,0
1357,0x55763b07c29d,R,0x7ffefa157d48,1,0,0,0,632,-24,624,0,0,0,0,-24,608,0,0,0,600,24,-640,0,0,0,-648,24,-656,0,0,0,0,24,-672,0,0
1359,0x55763b07c2a2,R,0x7ffefa157d60,1,24,24,24,656,0,24,24,24,24,640,24,632,24,24,24,624,-24,-664,-24,-24,-24,-24,-24,-680,-24,-688,-24,-24,-24,-696,-24,-24
1361,0x55763b07c2a6,R,0x7ffefa157d48,1,-24,0,0,632,0,0,0,624,0,616,0,0,-24,0,0,600,0,-640,0,-648,24,0,0,0,0,-664,24,0,0,-672,0,0
1364,0x55763b07c2ac,W,0x7ffefa157ac8,1,-640,-640,-640,-8,-640,-640,-664,-16,-640,-640,-640,-640,-664,-32,-640,-40,640,640,640,-8,664,-16,640,640,640,-24,640,640,640,-32,640,-40
1366,0x55763b07c2b1,R,0x7ffefa157d48,1,0,640,-24,632,0,0,0,624,0,0,0,616,0,608,0,0,0,0,0,0,0,-656,0,0,24,-664,0,0,0,0,24,-680
1367,0x55763b07c2b1,W,0x7ffefa157d48,1,0,640,-24,0,0,0,0,624,-24,0,0,616,0,0,-24,0,0,-648,24,0,0,-656,0,0,0,-664,0,-672,0,0,24,0
1369,0x55763b07c2b5,R,0x7ffefa157d48,1,0,0,0,0,0,632,0,624,0,0,0,616,0,0,-24,608,0,-648,0,0,0,-656,24,0,0,0,0,-672,0,-680,0,0
1373,0x55763b07c29d,R,0x7ffefa157d48,1,0,0,0,640,-24,632,0,0,0,0,-24,616,0,0,0,608,24,-648,0,0,0,-656,24,-664,0,0,0,0,24,-680,0,0
1375,0x55763b07c2a2,R,0x7ffefa157d60,1,24,24,24,664,0,24,24,24,24,648,24,640,24,24,24,632,-24,-672,-24,-24,-24,-24,-24,-688,-24,-696,-24,-24,-24,-704,-24,-24
1377,0x55763b07c2a6,R,0x7ffefa157d48,1,-24,0,0,640,0,0,0,632,0,624,0,0,-24,0,0,608,0,-648,0,-656,24,0,0,0,0,-672,24,0,0,-680,0,0
1380,0x55763b07c2ac,W,0x7ffefa157ac0,1,-648,-648,-648,-8,-648,-648,-672,-16,-648,-648,-648,-648,-672,-32,-648,-40,648,648,648,-8,672,-16,648,648,648,-24,648,648,648,-32,648,-40
1382,0x55763b07c2b1,R,0x7ffefa157d48,1,0,648,-24,640,0,0,0,632,0,0,0,624,0,616,0,0,0,0,0,0,0,-664,0,0,24,-672,0,0,0,0,24,-688
1383,0x55763b07c2b1,W,0x7ffefa157d48,1,0,648,-24,0,0,0,0,632,-24,0,0,624,0,0,-24,0,0,-656,24,0,0,-664,0,0,0,-672,0,-680,0,0,24,0
1385,0x55763b07c2b5,R,0x7ffefa157d48,1,0,0,0,0,0,640,0,632,0,0,0,624,0,0,-24,616,0,-656,0,0,0,-664,24,0,0,0,0,-680,0,-688,0,0
1389,0x55763b07c29d,R,0x7ffefa157d48,1,0,0,0,648,-24,640,0,0,0,0,-24,624,0,0,0,616,24,-656,0,0,0,-664,24,-672,0,0,0,0,24,-688,0,0
1391,0x55763b07c2a2,R,0x7ffefa157d60,1,24,24,24,672,0,24,24,24,24,656,24,648,24,24,24,640,-24,-680,-24,-24,-24,-24,-24,-696,-24,-704,-24,-24,-24,-712,-24,-24
1393,0x55763b07c2a6,R,0x7ffefa157d48,1,-24,0,0,648,0,0,0,640,0,632,0,0,-24,0,0,616,0,-656,0,-664,24,0,0,0,0,-680,24,0,0,-688,0,0
1396,0x55763b07c2ac,W,0x7ffefa157ab8,1,-656,-656,-656,-8,-656,-656,-680,-16,-656,-656,-656,-656,-680,-32,-656,-40,656,656,656,-8,680,-16,656,656,656,-24,656,656,656,-32,656,-40
1398,0x55763b07c2b1,R,0x7ffefa157d48,1,0,656,-24,648,0,0,0,640,0,0,0,632,0,624,0,0,0,0,0,0,0,-672,0,0,24,-680,0,0,0,0,24,-696
1399,0x55763b07c2b1,W,0x7ffefa157d48,1,0,656,-24,0,0,0,0,640,-24,0,0,632,0,0,-24,0,0,-664,24,0,0,-672,0,0,0,-680,0,-688,0,0,24,0
1401,0x55763b07c2b5,R,0x7ffefa157d48,1,0,0,0,0,0,648,0,640,0,0,0,632,0,0,-24,624,0,-664,0,0,0,-672,24,0,0,0,0,-688,0,-696,0,0
1405,0x55763b07c29d,R,0x7ffefa157d48,1,0,0,0,656,-24,648,0,0,0,0,-24,632,0,0,0,624,24,-664,0,0,0,-672,24,-680,0,0,0,0,24,-696,0,0
1407,0x55763b07c2a2,R,0x7ffefa157d60,1,24,24,24,680,0,24,24,24,24,664,24,656,24,24,24,648,-24,-688,-24,-24,-24,-24,-24,-704,-24,-712,-24,-24,-24,-720,-24,-24
1409,0x55763b07c2a6,R,0x7ffefa157d48,1,-24,0,0,656,0,0,0,648,0,640,0,0,-24,0,0,624,0,-664,0,-672,24,0,0,0,0,-688,24,0,0,-696,0,0
1412,0x55763b07c2ac,W,0x7ffefa157ab0,1,-664,-664,-664,-8,-664,-664,-688,-16,-664,-664,-664,-664,-688,-32,-664,-40,664,664,664,-8,688,-16,664,664,664,-24,664,664,664,-32,664,-40
1414,0x55763b07c2b1,R,0x7ffefa157d48,1,0,664,-24,656,0,0,0,648,0,0,0,640,0,632,0,0,0,0,0,0,0,-680,0,0,24,-688,0,0,0,0,24,-704
1415,0x55763b07c2b1,W,0x7ffefa157d48,1,0,664,-24,0,0,0,0,648,-24,0,0,640,0,0,-24,0,0,-672,24,0,0,-680,0,0,0,-688,0,-696,0,0,24,0
1417,0x55763b07c2b5,R,0x7ffefa157d48,1,0,0,0,0,0,656,0,648,0,0,0,640,0,0,-24,632,0,-672,0,0,0,-680,24,0,0,0,0,-696,0,-704,0,0
1421,0x55763b07c29d,R,0x7ffefa157d48,1,0,0,0,664,-24,656,0,0,0,0,-24,640,0,0,0,632,24,-672,0,0,0,-680,24,-688,0,0,0,0,24,-704,0,0
1423,0x55763b07c2a2,R,0x7ffefa157d60,1,24,24,24,688,0,24,24,24,24,672,24,664,24,24,24,656,-24,-696,-24,-24,-24,-24,-24,-712,-24,-720,-24,-24,-24,-728,-24,-24
1425,0x55763b07c2a6,R,0x7ffefa157d48,1,-24,0,0,664,0,0,0,656,0,648,0,0,-24,0,0,632,0,-672,0,-680,24,0,0,0,0,-696,24,0,0,-704,0,0
1428,0x55763b07c2ac,W,0x7ffefa157aa8,1,-672,-672,-672,-8,-672,-672,-696,-16,-672,-672,-672,-672,-696,-32,-672,-40,672,672,672,-8,696,-16,672,672,672,-24,672,672,672,-32,672,-40
1430,0x55763b07c2b1,R,0x7ffefa157d48,1,0,672,-24,664,0,0,0,656,0,0,0,648,0,640,0,0,0,0,0,0,0,-688,0,0,24,-696,0,0,0,0,24,-712
1431,0x55763b07c2b1,W,0x7ffefa157d48,1,0,672,-24,0,0,0,0,656,-24,0,0,648,0,0,-24,0,0,-680,24,0,0,-688,0,0,0,-696,0,-704,0,0,24,0
1433,0x55763b07c2b5,R,0x7ffefa157d48,1,0,0,0,0,0,664,0,656,0,0,0,648,0,0,-24,640,0,-680,0,0,0,-688,24,0,0,0,0,-704,0,-712,0,0
1437,0x55763b07c29d,R,0x7ffefa157d48,1,0,0,0,672,-24,664,0,0,0,0,-24,648,0,0,0,640,24,-680,0,0,0,-688,24,-696,0,0,0,0,24,-712,0,0
1439,0x55763b07c2a2,R,0x7ffefa157d60,1,24,24,24,696,0,24,24,24,24,680,24,672,24,24,24,664,-24,-704,-24,-24,-24,-24,-24,-720,-24,-728,-24,-24,-24,-736,-24,-24
1441,0x55763b07c2a6,R,0x7ffefa157d48,1,-24,0,0,672,0,0,0,664,0,656,0,0,-24,0,0,640,0,-680,0,-688,24,0,0,0,0,-704,24,0,0,-712,0,0
1444,0x55763b07c2ac,W,0x7ffefa157aa0,1,-680,-680,-680,-8,-680,-680,-704,-16,-680,-680,-680,-680,-704,-32,-680,-40,680,680,680,-8,704,-16,680,680,680,-24,680,680,680,-32,680,-40
1446,0x55763b07c2b1,R,0x7ffefa157d48,1,0,680,-24,672,0,0,0,664,0,0,0,656,0,648,0,0,0,0,0,0,0,-696,0,0,24,-704,0,0,0,0,24,-720
1447,0x55763b07c2b1,W,0x7ffefa157d48,1,0,680,-24,0,0,0,0,664,-24,0,0,656,0,0,-24,0,0,-688,24,0,0,-696,0,0,0,-704,0,-712,0,0,24,0
1449,0x55763b07c2b5,R,0x7ffefa157d48,1,0,0,0,0,0,672,0,664,0,0,0,656,0,0,-24,648,0,-688,0,0,0,-696,24,0,0,0,0,-712,0,-720,0,0
1453,0x55763b07c29d,R,0x7ffefa157d48,1,0,0,0,680,-24,672,0,0,0,0,-24,656,0,0,0,648,24,-688,0,0,0,-696,24,-704,0,0,0,0,24,-720,0,0
1455,0x55763b07c2a2,R,0x7ffefa157d60,1,24,24,24,704,0,24,24,24,24,688,24,680,24,24,24,672,-24,-712,-24,-24,-24,-24,-24,-728,-24,-736,-24,-24,-24,-744,-24,-24
1457,0x55763b07c2a6,R,0x7ffefa157d48,1,-24,0,0,680,0,0,0,672,0,664,0,0,-24,0,0,648,0,-688,0,-696,24,0,0,0,0,-712,24,0,0,-720,0,0
1460,0x55763b07c2ac,W,0x7ffefa157a98,1,-688,-688,-688,-8,-688,-688,-712,-16,-688,-688,-688,-688,-712,-32,-688,-40,688,688,688,-8,712,-16,688,688,688,-24,688,688,688,-32,688,-40
1462,0x55763b07c2b1,R,0x7ffefa157d48,1,0,688,-24,680,0,0,0,672,0,0,0,664,0,656,0,0,0,0,0,0,0,-704,0,0,24,-712,0,0,0,0,24,-728
1463,0x55763b07c2b1,W,0x7ffefa157d48,1,0,688,-24,0,0,0,0,672,-24,0,0,664,0,0,-24,0,0,-696,24,0,0,-704,0,0,0,-712,0,-720,0,0,24,0
1465,0x55763b07c2b5,R,0x7ffefa157d48,1,0,0,0,0,0,680,0,672,0,0,0,664,0,0,-24,656,0,-696,0,0,0,-704,24,0,0,0,0,-720,0,-728,0,0
1469,0x55763b07c29d,R,0x7ffefa157d48,1,0,0,0,688,-24,680,0,0,0,0,-24,664,0,0,0,656,24,-696,0,0,0,-704,24,-712,0,0,0,0,24,-728,0,0
1471,0x55763b07c2a2,R,0x7ffefa157d60,1,24,24,24,712,0,24,24,24,24,696,24,688,24,24,24,680,-24,-720,-24,-24,-24,-24,-24,-736,-24,-744,-24,-24,-24,-752,-24,-24
1473,0x55763b07c2a6,R,0x7ffefa157d48,1,-24,0,0,688,0,0,0,680,0,672,0,0,-24,0,0,656,0,-696,0,-704,24,0,0,0,0,-720,24,0,0,-728,0,0
1476,0x55763b07c2ac,W,0x7ffefa157a90,1,-696,-696,-696,-8,-696,-696,-720,-16,-696,-696,-696,-696,-720,-32,-696,-40,696,696,696,-8,720,-16,696,696,696,-24,696,696,696,-32,696,-40
1478,0x55763b07c2b1,R,0x7ffefa157d48,1,0,696,-24,688,0,0,0,680,0,0,0,672,0,664,0,0,0,0,0,0,0,-712,0,0,24,-720,0,0,0,0,24,-736
1479,0x55763b07c2b1,W,0x7ffefa157d48,1,0,696,-24,0,0,0,0,680,-24,0,0,672,0,0,-24,0,0,-704,24,0,0,-712,0,0,0,-720,0,-728,0,0,24,0
1481,0x55763b07c2b5,R,0x7ffefa157d48,1,0,0,0,0,0,688,0,680,0,0,0,672,0,0,-24,664,0,-704,0,0,0,-712,24,0,0,0,0,-728,0,-736,0,0
1485,0x55763b07c29d,R,0x7ffefa157d48,1,0,0,0,696,-24,688,0,0,0,0,-24,672,0,0,0,664,24,-704,0,0,0,-712,24,-720,0,0,0,0,24,-736,0,0
1487,0x55763b07c2a2,R,0x7ffefa157d60,1,24,24,24,720,0,24,24,24,24,704,24,696,24,24,24,688,-24,-728,-24,-24,-24,-24,-24,-744,-24,-752,-24,-24,-24,-760,-24,-24
1489,0x55763b07c2a6,R,0x7ffefa157d48,1,-24,0,0,696,0,0,0,688,0,680,0,0,-24,0,0,664,0,-704,0,-712,24,0,0,0,0,-728,24,0,0,-736,0,0
1492,0x55763b07c2ac,W,0x7ffefa157a88,1,-704,-704,-704,-8,-704,-704,-728,-16,-704,-704,-704,-704,-728,-32,-704,-40,704,704,704,-8,728,-16,704,704,704,-24,704,704,704,-32,704,-40
1494,0x55763b07c2b1,R,0x7ffefa157d48,1,0,704,-24,696,0,0,0,688,0,0,0,680,0,672,0,0,0,0,0,0,0,-720,0,0,24,-728,0,0,0,0,24,-744
1495,0x55763b07c2b1,W,0x7ffefa157d48,1,0,704,-24,0,0,0,0,688,-24,0,0,680,0,0,-24,0,0,-712,24,0,0,-720,0,0,0,-728,0,-736,0,0,24,0
1497,0x55763b07c2b5,R,0x7ffefa157d48,1,0,0,0,0,0,696,0,688,0,0,0,680,0,0,-24,672,0,-712,0,0,0,-720,24,0,0,0,0,-736,0,-744,0,0
1501,0x55763b07c29d,R,0x7ffefa157d48,1,0,0,0,704,-24,696,0,0,0,0,-24,680,0,0,0,672,24,-712,0,0,0,-720,24,-728,0,0,0,0,24,-744,0,0
1503,0x55763b07c2a2,R,0x7ffefa157d60,1,24,24,24,728,0,24,24,24,24,712,24,704,24,24,24,696,-24,-736,-24,-24,-24,-24,-24,-752,-24,-760,-24,-24,-24,-768,-24,-24
1505,0x55763b07c2a6,R,0x7ffefa157d48,1,-24,0,0,704,0,0,0,696,0,688,0,0,-24,0,0,672,0,-712,0,-720,24,0,0,0,0,-736,24,0,0,-744,0,0
1508,0x55763b07c2ac,W,0x7ffefa157a80,1,-712,-712,-712,-8,-712,-712,-736,-16,-712,-712,-712,-712,-736,-32,-712,-40,712,712,712,-8,736,-16,712,712,712,-24,712,712,712,-32,712,-40
1510,0x55763b07c2b1,R,0x7ffefa157d48,1,0,712,-24,704,0,0,0,696,0,0,0,688,0,680,0,0,0,0,0,0,0,-728,0,0,24,-736,0,0,0,0,24,-752
1511,0x55763b07c2b1,W,0x7ffefa157d48,1,0,712,-24,0,0,0,0,696,-24,0,0,688,0,0,-24,0,0,-720,24,0,0,-728,0,0,0,-736,0,-744,0,0,24,0
1513,0x55763b07c2b5,R,0x7ffefa157d48,1,0,0,0,0,0,704,0,696,0,0,0,688,0,0,-24,680,0,-720,0,0,0,-728,24,0,0,0,0,-744,0,-752,0,0
1517,0x55763b07c29d,R,0x7ffefa157d48,1,0,0,0,712,-24,704,0,0,0,0,-24,688,0,0,0,680,24,-720,0,0,0,-728,24,-736,0,0,0,0,24,-752,0,0
1519,0x55763b07c2a2,R,0x7ffefa157d60,1,24,24,24,736,0,24,24,24,24,720,24,712,24,24,24,704,-24,-744,-24,-24,-24,-24,-24,-760,-24,-768,-24,-24,-24,-776,-24,-24
1521,0x55763b07c2a6,R,0x7ffefa157d48,1,-24,0,0,712,0,0,0,704,0,696,0,0,-24,0,0,680,0,-720,0,-728,24,0,0,0,0,-744,24,0,0,-752,0,0
1524,0x55763b07c2ac,W,0x7ffefa157a78,1,-720,-720,-720,-8,-720,-720,-744,-16,-720,-720,-720,-720,-744,-32,-720,-40,720,720,720,-8,744,-16,720,720,720,-24,720,720,720,-32,720,-40
1526,0x55763b07c2b1,R,0x7ffefa157d48,1,0,720,-24,712,0,0,0,704,0,0,0,696,0,688,0,0,0,0,0,0,0,-736,0,0,24,-744,0,0,0,0,24,-760
1527,0x55763b07c2b1,W,0x7ffefa157d48,1,0,720,-24,0,0,0,0,704,-24,0,0,696,0,0,-24,0,0,-728,24,0,0,-736,0,0,0,-744,0,-752,0,0,24,0
1529,0x55763b07c2b5,R,0x7ffefa157d48,1,0,0,0,0,0,712,0,704,0,0,0,696,0,0,-24,688,0,-728,0,0,0,-736,24,0,0,0,0,-752,0,-760,0,0
1533,0x55763b07c29d,R,0x7ffefa157d48,1,0,0,0,720,-24,712,0,0,0,0,-24,696,0,0,0,688,24,-728,0,0,0,-736,24,-744,0,0,0,0,24,-760,0,0
1535,0x55763b07c2a2,R,0x7ffefa157d60,1,24,24,24,744,0,24,24,24,24,728,24,720,24,24,24,712,-24,-752,-24,-24,-24,-24,-24,-768,-24,-776,-24,-24,-24,-784,-24,-24
1537,0x55763b07c2a6,R,0x7ffefa157d48,1,-24,0,0,720,0,0,0,712,0,704,0,0,-24,0,0,688,0,-728,0,-736,24,0,0,0,0,-752,24,0,0,-760,0,0
1540,0x55763b07c2ac,W,0x7ffefa157a70,1,-728,-728,-728,-8,-728,-728,-752,-16,-728,-728,-728,-728,-752,-32,-728,-40,728,728,728,-8,752,-16,728,728,728,-24,728,728,728,-32,728,-40
1542,0x55763b07c2b1,R,0x7ffefa157d48,1,0,728,-24,720,0,0,0,712,0,0,0,704,0,696,0,0,0,0,0,0,0,-744,0,0,24,-752,0,0,0,0,24,-768
1543,0x55763b07c2b1,W,0x7ffefa157d48,1,0,728,-24,0,0,0,0,712,-24,0,0,704,0,0,-24,0,0,-736,24,0,0,-744,0,0,0,-752,0,-760,0,0,24,0
1545,0x55763b07c2b5,R,0x7ffefa157d48,1,0,0,0,0,0,720,0,712,0,0,0,704,0,0,-24,696,0,-736,0,0,0,-744,24,0,0,0,0,-760,0,-768,0,0
1549,0x55763b07c29d,R,0x7ffefa157d48,1,0,0,0,728,-24,720,0,0,0,0,-24,704,0,0,0,696,24,-736,0,0,0,-744,24,-752,0,0,0,0,24,-768,0,0
1551,0x55763b07c2a2,R,0x7ffefa157d60,1,24,24,24,752,0,24,24,24,24,736,24,728,24,24,24,720,-24,-760,-24,-24,-24,-24,-24,-776,-24,-784,-24,-24,-24,-792,-24,-24
1553,0x55763b07c2a6,R,0x7ffefa157d48,1,-24,0,0,728,0,0,0,720,0,712,0,0,-24,0,0,696,0,-736,0,-744,24,0,0,0,0,-760,24,0,0,-768,0,0
1556,0x55763b07c2ac,W,0x7ffefa157a68,1,-736,-736,-736,-8,-736,-736,-760,-16,-736,-736,-736,-736,-760,-32,-736,-40,736,736,736,-8,760,-16,736,736,736,-24,736,736,736,-32,736,-40
1558,0x55763b07c2b1,R,0x7ffefa157d48,1,0,736,-24,728,0,0,0,720,0,0,0,712,0,704,0,0,0,0,0,0,0,-752,0,0,24,-760,0,0,0,0,24,-776
1559,0x55763b07c2b1,W,0x7ffefa157d48,1,0,736,-24,0,0,0,0,720,-24,0,0,712,0,0,-24,0,0,-744,24,0,0,-752,0,0,0,-760,0,-768,0,0,24,0
1561,0x55763b07c2b5,R,0x7ffefa157d48,1,0,0,0,0,0,728,0,720,0,0,0,712,0,0,-24,704,0,-744,0,0,0,-752,24,0,0,0,0,-768,0,-776,0,0
1565,0x55763b07c29d,R,0x7ffefa157d48,1,0,0,0,736,-24,728,0,0,0,0,-24,712,0,0,0,704,24,-744,0,0,0,-752,24,-760,0,0,0,0,24,-776,0,0
1567,0x55763b07c2a2,R,0x7ffefa157d60,1,24,24,24,760,0,24,24,24,24,744,24,736,24,24,24,728,-24,-768,-24,-24,-24,-24,-24,-784,-24,-792,-24,-24,-24,-800,-24,-24
1569,0x55763b07c2a6,R,0x7ffefa157d48,1,-24,0,0,736,0,0,0,728,0,720,0,0,-24,0,0,704,0,-744,0,-752,24,0,0,0,0,-768,24,0,0,-776,0,0
1572,0x55763b07c2ac,W,0x7ffefa157a60,1,-744,-744,-744,-8,-744,-744,-768,-16,-744,-744,-744,-744,-768,-32,-744,-40,744,744,744,-8,768,-16,744,744,744,-24,744,744,744,-32,744,-40
1574,0x55763b07c2b1,R,0x7ffefa157d48,1,0,744,-24,736,0,0,0,728,0,0,0,720,0,712,0,0,0,0,0,0,0,-760,0,0,24,-768,0,0,0,0,24,-784
1575,0x55763b07c2b1,W,0x7ffefa157d48,1,0,744,-24,0,0,0,0,728,-24,0,0,720,0,0,-24,0,0,-752,24,0,0,-760,0,0,0,-768,0,-776,0,0,24,0
1577,0x55763b07c2b5,R,0x7ffefa157d48,1,0,0,0,0,0,736,0,728,0,0,0,720,0,0,-24,712,0,-752,0,0,0,-760,24,0,0,0,0,-776,0,-784,0,0
1581,0x55763b07c29d,R,0x7ffefa157d48,1,0,0,0,744,-24,736,0,0,0,0,-24,720,0,0,0,712,24,-752,0,0,0,-760,24,-768,0,0,0,0,24,-784,0,0
1583,0x55763b07c2a2,R,0x7ffefa157d60,1,24,24,24,768,0,24,24,24,24,752,24,744,24,24,24,736,-24,-776,-24,-24,-24,-24,-24,-792,-24,-800,-24,-24,-24,-808,-24,-24
1585,0x55763b07c2a6,R,0x7ffefa157d48,1,-24,0,0,744,0,0,0,736,0,728,0,0,-24,0,0,712,0,-752,0,-760,24,0,0,0,0,-776,24,0,0,-784,0,0
1588,0x55763b07c2ac,W,0x7ffefa157a58,1,-752,-752,-752,-8,-752,-752,-776,-16,-752,-752,-752,-752,-776,-32,-752,-40,752,752,752,-8,776,-16,752,752,752,-24,752,752,752,-32,752,-40
1590,0x55763b07c2b1,R,0x7ffefa157d48,1,0,752,-24,744,0,0,0,736,0,0,0,728,0,720,0,0,0,0,0,0,0,-768,0,0,24,-776,0,0,0,0,24,-792
1591,0x55763b07c2b1,W,0x7ffefa157d48,1,0,752,-24,0,0,0,0,736,-24,0,0,728,0,0,-24,0,0,-760,24,0,0,-768,0,0,0,-776,0,-784,0,0,24,0
1593,0x55763b07c2b5,R,0x7ffefa157d48,1,0,0,0,0,0,744,0,736,0,0,0,728,0,0,-24,720,0,-760,0,0,0,-768,24,0,0,0,0,-784,0,-792,0,0
1597,0x55763b07c29d,R,0x7ffefa157d48,1,0,0,0,752,-24,744,0,0,0,0,-24,728,0,0,0,720,24,-760,0,0,0,-768,24,-776,0,0,0,0,24,-792,0,0
1599,0x55763b07c2a2,R,0x7ffefa157d60,1,24,24,24,776,0,24,24,24,24,760,24,752,24,24,24,744,-24,-784,-24,-24,-24,-24,-24,-800,-24,-808,-24,-24,-24,-816,-24,-24
1601,0x55763b07c2a6,R,0x7ffefa157d48,1,-24,0,0,752,0,0,0,744,0,736,0,0,-24,0,0,720,0,-760,0,-768,24,0,0,0,0,-784,24,0,0,-792,0,0
1604,0x55763b07c2ac,W,0x7ffefa157a50,1,-760,-760,-760,-8,-760,-760,-784,-16,-760,-760,-760,-760,-784,-32,-760,-40,760,760,760,-8,784,-16,760,760,760,-24,760,760,760,-32,760,-40
1606,0x55763b07c2b1,R,0x7ffefa157d48,1,0,760,-24,752,0,0,0,744,0,0,0,736,0,728,0,0,0,0,0,0,0,-776,0,0,24,-784,0,0,0,0,24,-800
1607,0x55763b07c2b1,W,0x7ffefa157d48,1,0,760,-24,0,0,0,0,744,-24,0,0,736,0,0,-24,0,0,-768,24,0,0,-776,0,0,0,-784,0,-792,0,0,24,0
1609,0x55763b07c2b5,R,0x7ffefa157d48,1,0,0,0,0,0,752,0,744,0,0,0,736,0,0,-24,728,0,-768,0,0,0,-776,24,0,0,0,0,-792,0,-800,0,0
1613,0x55763b07c29d,R,0x7ffefa157d48,1,0,0,0,760,-24,752,0,0,0,0,-24,736,0,0,0,728,24,-768,0,0,0,-776,24,-784,0,0,0,0,24,-800,0,0
1615,0x55763b07c2a2,R,0x7ffefa157d60,1,24,24,24,784,0,24,24,24,24,768,24,760,24,24,24,752,-24,-792,-24,-24,-24,-24,-24,-808,-24,-816,-24,-24,-24,-824,-24,-24
1617,0x55763b07c2a6,R,0x7ffefa157d48,1,-24,0,0,760,0,0,0,752,0,744,0,0,-24,0,0,728,0,-768,0,-776,24,0,0,0,0,-792,24,0,0,-800,0,0
1620,0x55763b07c2ac,W,0x7ffefa157a48,1,-768,-768,-768,-8,-768,-768,-792,-16,-768,-768,-768,-768,-792,-32,-768,-40,768,768,768,-8,792,-16,768,768,768,-24,768,768,768,-32,768,-40
1622,0x55763b07c2b1,R,0x7ffefa157d48,1,0,768,-24,760,0,0,0,752,0,0,0,744,0,736,0,0,0,0,0,0,0,-784,0,0,24,-792,0,0,0,0,24,-808
1623,0x55763b07c2b1,W,0x7ffefa157d48,1,0,768,-24,0,0,0,0,752,-24,0,0,744,0,0,-24,0,0,-776,24,0,0,-784,0,0,0,-792,0,-800,0,0,24,0
1625,0x55763b07c2b5,R,0x7ffefa157d48,1,0,0,0,0,0,760,0,752,0,0,0,744,0,0,-24,736,0,-776,0,0,0,-784,24,0,0,0,0,-800,0,-808,0,0
1629,0x55763b07c29d,R,0x7ffefa157d48,1,0,0,0,768,-24,760,0,0,0,0,-24,744,0,0,0,736,24,-776,0,0,0,-784,24,-792,0,0,0,0,24,-808,0,0
1631,0x55763b07c2a2,R,0x7ffefa157d60,1,24,24,24,792,0,24,24,24,24,776,24,768,24,24,24,760,-24,-800,-24,-24,-24,-24,-24,-816,-24,-824,-24,-24,-24,-832,-24,-24
1633,0x55763b07c2a6,R,0x7ffefa157d48,1,-24,0,0,768,0,0,0,760,0,752,0,0,-24,0,0,736,0,-776,0,-784,24,0,0,0,0,-800,24,0,0,-808,0,0
1636,0x55763b07c2ac,W,0x7ffefa157a40,1,-776,-776,-776,-8,-776,-776,-800,-16,-776,-776,-776,-776,-800,-32,-776,-40,776,776,776,-8,800,-16,776,776,776,-24,776,776,776,-32,776,-40
1638,0x55763b07c2b1,R,0x7ffefa157d48,1,0,776,-24,768,0,0,0,760,0,0,0,752,0,744,0,0,0,0,0,0,0,-792,0,0,24,-800,0,0,0,0,24,-816
1639,0x55763b07c2b1,W,0x7ffefa157d48,1,0,776,-24,0,0,0,0,760,-24,0,0,752,0,0,-24,0,0,-784,24,0,0,-792,0,0,0,-800,0,-808,0,0,24,0
1641,0x55763b07c2b5,R,0x7ffefa157d48,1,0,0,0,0,0,768,0,760,0,0,0,752,0,0,-24,744,0,-784,0,0,0,-792,24,0,0,0,0,-808,0,-816,0,0
1645,0x55763b07c29d,R,0x7ffefa157d48,1,0,0,0,776,-24,768,0,0,0,0,-24,752,0,0,0,744,24,-784,0,0,0,-792,24,-800,0,0,0,0,24,-816,0,0
1647,0x55763b07c2a2,R,0x7ffefa157d60,1,24,24,24,800,0,24,24,24,24,784,24,776,24,24,24,768,-24,-808,-24,-24,-24,-24,-24,-824,-24,-832,-24,-24,-24,-840,-24,-24
1649,0x55763b07c2a6,R,0x7ffefa157d48,1,-24,0,0,776,0,0,0,768,0,760,0,0,-24,0,0,744,0,-784,0,-792,24,0,0,0,0,-808,24,0,0,-816,0,0
1652,0x55763b07c2ac,W,0x7ffefa157a38,1,-784,-784,-784,-8,-784,-784,-808,-16,-784,-784,-784,-784,-808,-32,-784,-40,784,784,784,-8,808,-16,784,784,784,-24,784,784,784,-32,784,-40
1654,0x55763b07c2b1,R,0x7ffefa157d48,1,0,784,-24,776,0,0,0,768,0,0,0,760,0,752,0,0,0,0,0,0,0,-800,0,0,24,-808,0,0,0,0,24,-824
1655,0x55763b07c2b1,W,0x7ffefa157d48,1,0,784,-24,0,0,0,0,768,-24,0,0,760,0,0,-24,0,0,-792,24,0,0,-800,0,0,0,-808,0,-816,0,0,24,0
1657,0x55763b07c2b5,R,0x7ffefa157d48,1,0,0,0,0,0,776,0,768,0,0,0,760,0,0,-24,752,0,-792,0,0,0,-800,24,0,0,0,0,-816,0,-824,0,0
1661,0x55763b07c29d,R,0x7ffefa157d48,1,0,0,0,784,-24,776,0,0,0,0,-24,760,0,0,0,752,24,-792,0,0,0,-800,24,-808,0,0,0,0,24,-824,0,0
1663,0x55763b07c2a2,R,0x7ffefa157d60,1,24,24,24,808,0,24,24,24,24,792,24,784,24,24,24,776,-24,-816,-24,-24,-24,-24,-24,-832,-24,-840,-24,-24,-24,-848,-24,-24
1665,0x55763b07c2a6,R,0x7ffefa157d48,1,-24,0,0,784,0,0,0,776,0,768,0,0,-24,0,0,752,0,-792,0,-800,24,0,0,0,0,-816,24,0,0,-824,0,0
1668,0x55763b07c2ac,W,0x7ffefa157a30,1,-792,-792,-792,-8,-792,-792,-816,-16,-792,-792,-792,-792,-816,-32,-792,-40,792,792,792,-8,816,-16,792,792,792,-24,792,792,792,-32,792,800
1670,0x55763b07c2b1,R,0x7ffefa157d48,1,0,792,-24,784,0,0,0,776,0,0,0,768,0,760,0,0,0,0,0,0,0,-808,0,0,24,-816,0,0,0,0,24,8
1671,0x55763b07c2b1,W,0x7ffefa157d48,1,0,792,-24,0,0,0,0,776,-24,0,0,768,0,0,-24,0,0,-800,24,0,0,-808,0,0,0,-816,0,-824,0,0,24,4
1673,0x55763b07c2b5,R,0x7ffefa157d48,1,0,0,0,0,0,784,0,776,0,0,0,768,0,0,-24,760,0,-800,0,0,0,-808,24,0,0,0,0,-824,0,8,0,4
1677,0x55763b07c29d,R,0x7ffefa157d48,1,0,0,0,792,-24,784,0,0,0,0,-24,768,0,0,0,760,24,-800,0,0,0,-808,24,-816,0,0,0,0,24,8,0,4
1679,0x55763b07c2a2,R,0x7ffefa157d60,1,24,24,24,816,0,24,24,24,24,800,24,792,24,24,24,784,-24,-824,-24,-24,-24,-24,-24,-840,-24,-848,-24,-24,-24,-16,-24,-20
1681,0x55763b07c2a6,R,0x7ffefa157d48,1,-24,0,0,792,0,0,0,784,0,776,0,0,-24,0,0,760,0,-800,0,-808,24,0,0,0,0,-824,24,0,0,8,0,4
1684,0x55763b07c2ac,W,0x7ffefa157a28,1,-800,-800,-800,-8,-800,-800,-824,-16,-800,-800,-800,-800,-824,-32,-800,-40,800,800,800,-8,824,-16,800,800,800,-24,800,800,800,808,800,808
1686,0x55763b07c2b1,R,0x7ffefa157d48,1,0,800,-24,792,0,0,0,784,0,0,0,776,0,768,0,0,0,0,0,0,0,-816,0,0,24,-824,0,0,0,4,24,8
1687,0x55763b07c2b1,W,0x7ffefa157d48,1,0,800,-24,0,0,0,0,784,-24,0,0,776,0,0,-24,0,0,-808,24,0,0,-816,0,0,0,-824,0,8,0,4,24,4
1689,0x55763b07c2b5,R,0x7ffefa157d48,1,0,0,0,0,0,792,0,784,0,0,0,776,0,0,-24,768,0,-808,0,0,0,-816,24,0,0,0,0,8,0,8,0,4
1693,0x55763b07c29d,R,0x7ffefa157d48,1,0,0,0,800,-24,792,0,0,0,0,-24,776,0,0,0,768,24,-808,0,0,0,-816,24,-824,0,0,0,4,24,8,0,4
1695,0x55763b07c2a2,R,0x7ffefa157d60,1,24,24,24,824,0,24,24,24,24,808,24,800,24,24,24,792,-24,-832,-24,-24,-24,-24,-24,-848,-24,-16,-24,-20,-24,-16,-24,-20
1697,0x55763b07c2a6,R,0x7ffefa157d48,1,-24,0,0,800,0,0,0,792,0,784,0,0,-24,0,0,768,0,-808,0,-816,24,0,0,0,0,8,24,4,0,8,-4,4
1700,0x55763b07c2ac,W,0x7ffefa157a20,1,-808,-808,-808,-8,-808,-808,-832,-16,-808,-808,-808,-808,-832,-32,-808,-40,808,808,808,-8,832,-16,808,808,808,816,808,812,808,816,804,816
1702,0x55763b07c2b1,R,0x7ffefa157d48,1,0,808,-24,800,0,0,0,792,0,0,0,784,0,776,0,0,0,0,0,0,0,-824,0,0,24,8,0,4,0,4,4,8
1703,0x55763b07c2b1,W,0x7ffefa157d48,1,0,808,-24,0,0,0,0,792,-24,0,0,784,0,0,-24,0,0,-816,24,0,0,-824,0,0,0,8,0,8,-4,4,4,4
1705,0x55763b07c2b5,R,0x7ffefa157d48,1,0,0,0,0,0,800,0,792,0,0,0,784,0,0,-24,776,0,-816,0,0,0,-824,24,0,0,4,0,8,-4,8,24,4
1709,0x55763b07c29d,R,0x7ffefa157d48,1,0,0,0,808,-24,800,0,0,0,0,-24,784,0,0,0,776,24,-816,0,0,0,-824,24,8,0,4,0,4,4,8,4,4
1711,0x55763b07c2a2,R,0x7ffefa157d60,1,24,24,24,832,0,24,24,24,24,816,24,808,24,24,24,800,-24,-840,-24,-24,-24,-24,-24,-16,-24,-16,-28,-20,0,-16,-56,-20
1713,0x55763b07c2a6,R,0x7ffefa157d48,1,-24,0,0,808,0,0,0,800,0,792,0,0,-24,0,0,776,0,-816,0,-824,24,0,0,4,0,8,4,4,4,8,8,4
1716,0x55763b07c2ac,W,0x7ffefa157a18,1,-816,-816,-816,-8,-816,-816,-840,-16,-816,-816,-816,-816,-840,-32,-816,-40,816,816,816,-8,840,824,816,820,812,824,840,820,784,824,824,824
1718,0x55763b07c2b1,R,0x7ffefa157d48,1,0,816,-24,808,0,0,0,800,0,0,0,792,0,784,0,0,0,0,0,0,0,8,0,4,4,8,4,4,-32,4,4,8
1719,0x55763b07c2b1,W,0x7ffefa157d48,1,0,816,-24,0,0,0,0,800,-24,0,0,792,0,0,-24,0,0,-824,24,0,0,8,-4,4,24,8,4,8,8,4,4,4
1721,0x55763b07c2b5,R,0x7ffefa157d48,1,0,0,0,0,0,808,0,800,0,0,0,792,0,0,-24,784,0,-824,0,0,0,8,4,4,24,4,-32,8,8,8,4,4
1725,0x55763b07c29d,R,0x7ffefa157d48,1,0,0,0,816,-24,808,0,0,0,0,-24,792,0,0,0,784,24,-824,0,0,-4,8,4,8,4,4,-32,4,4,8,4,8
1727,0x55763b07c2a2,R,0x7ffefa157d60,1,24,24,24,840,0,24,24,24,24,824,24,816,24,24,24,808,-24,-848,-24,-24,-28,-20,0,-16,-20,-16,-16,-20,-20,-20,0,-16
1729,0x55763b07c2a6,R,0x7ffefa157d48,1,-24,0,0,816,0,0,0,808,0,800,0,0,-24,0,0,784,0,-824,0,8,4,4,24,4,-32,8,8,8,4,4,24,4
1732,0x55763b07c2ac,W,0x7ffefa157a10,1,-824,-824,-824,-8,-824,-824,-848,-16,-824,-824,-824,-824,-848,-32,-824,-40,824,824,820,832,828,832,828,828,792,828,828,832,828,832,828,828
1734,0x55763b07c2b1,R,0x7ffefa157d48,1,0,824,-24,816,0,0,0,808,0,0,0,800,0,792,0,0,0,0,-4,4,24,8,4,8,8,4,4,4,24,8,-40,4
1735,0x55763b07c2b1,W,0x7ffefa157d48,1,0,824,-24,0,0,0,0,808,-24,0,0,800,0,0,-24,0,0,8,4,4,24,4,-32,8,8,8,4,4,4,8,8,4
1737,0x55763b07c2b5,R,0x7ffefa157d48,1,0,0,0,0,0,816,0,808,0,0,0,800,0,0,-24,792,-4,8,4,8,4,4,-32,4,4,8,24,4,-40,8,4,4
1741,0x55763b07c2bf,W,0x7ffefa157d50,1,8,8,8,832,-16,824,8,8,8,8,-16,808,8,8,8,800,-12,-4,16,0,-4,0,0,-4,-4,0,-4,-4,0,0,-4,-4
1743,0x55763b07c2c4,R,0x7ffefa157d44,1,-4,-12,-4,820,-28,-4,-4,-4,-4,804,-4,796,-4,-4,-4,788,8,8,28,8,-28,12,8,8,28,12,-36,8,8,12,8,12
1746,0x55763b07c2ca,W,0x7ffefa157d4c,1,8,-4,4,4,4,4,4,820,4,812,4,4,-20,4,4,796,0,4,0,0,4,4,0,0,0,4,4,0,0,0,20,4
1749,0x55763b07c2f0,R,0x7ffefa157d4c,1,8,0,4,4,4,828,-20,820,4,4,4,4,-20,804,4,796,20,4,-36,0,0,4,20,0,-44,4,4,4,0,0,20,0
1752,0x55763b07c2cf,R,0x7ffefa157d60,1,20,20,24,16,24,848,0,24,24,24,24,832,24,824,24,24,-20,-16,-16,-20,-20,-16,-20,-20,-64,-20,-20,-16,-20,-16,-20,-20
1754,0x55763b07c2d3,R,0x7ffefa157d4c,1,-20,0,8,-4,4,4,4,4,4,820,4,812,4,4,-20,4,-36,4,0,0,20,4,0,4,4,0,0,0,20,4,-52,0
1757,0x55763b07c2d9,R,0x7ffefa157d28,1,-36,-36,-36,-40,-32,-32,-32,792,-56,784,-32,-32,-32,-32,-56,768,40,40,36,36,56,36,-8,40,40,40,36,36,36,40,40,36
1759,0x55763b07c2de,R,0x7ffefa157d50,1,40,4,-16,0,12,8,8,832,-16,8,8,8,8,816,8,808,-4,0,-4,0,-4,-4,-48,-4,-4,0,16,-4,-56,0,-4,-4
1762,0x55763b07c2e7,W,0x7ffefa157d50,1,0,4,4,0,4,8,8,832,8,8,8,824,8,816,8,8,-4,-4,16,0,-4,0,0,-4,-4,0,-4,-4,0,0,-4,-4
1764,0x55763b07c2ec,R,0x7ffefa157d4c,1,-4,-4,36,-4,-20,4,8,828,4,4,-20,820,4,4,4,4,0,0,20,0,-44,4,0,0,20,4,-52,0,0,4,0,4
1765,0x55763b07c2ec,W,0x7ffefa157d4c,1,0,-4,36,0,0,4,0,828,4,4,4,820,4,4,4,812,0,4,0,0,4,4,0,0,0,4,4,0,0,0,20,4
1767,0x55763b07c2f0,R,0x7ffefa157d4c,1,0,0,-4,0,0,-4,-20,828,8,4,4,820,-20,4,4,812,20,4,-44,0,0,4,20,0,-52,4,4,4,0,0,20,0
1770,0x55763b07c2cf,R,0x7ffefa157d60,1,20,20,16,16,56,16,0,24,20,24,24,840,24,24,24,832,-20,-16,-16,-20,-20,-16,-20,-20,-72,-20,-20,-16,-20,-16,-20,-20
1772,0x55763b07c2d3,R,0x7ffefa157d4c,1,-20,0,0,-4,36,0,0,4,0,828,8,820,4,4,-20,812,-44,4,0,0,20,4,0,4,4,0,0,0,20,4,-60,0
1775,0x55763b07c2d9,R,0x7ffefa157d20,1,-44,-44,-44,-48,-48,-44,-44,-48,-64,784,-36,-40,-40,-40,-40,768,48,48,44,44,64,44,-8,48,48,48,44,44,44,48,48,44
1777,0x55763b07c2de,R,0x7ffefa157d50,1,48,4,-16,0,4,4,40,0,-16,8,4,8,8,824,8,816,-4,0,-4,0,-4,-4,-56,-4,-4,0,16,-4,-64,0,-4,-4
1780,0x55763b07c2e7,W,0x7ffefa157d50,1,0,4,4,0,4,4,0,0,4,8,4,832,12,824,8,8,-4,-4,16,0,-4,0,0,-4,-4,0,-4,-4,0,0,-4,-4
1782,0x55763b07c2ec,R,0x7ffefa157d4c,1,-4,-4,44,-4,-20,0,0,-4,36,4,-20,828,8,4,4,4,0,0,20,0,-52,4,0,0,20,4,-60,0,0,4,0,4
1783,0x55763b07c2ec,W,0x7ffefa157d4c,1,0,-4,44,0,0,0,0,-4,-4,4,0,828,0,4,4,820,0,4,0,0,4,4,0,0,0,4,4,0,0,0,20,4
1785,0x55763b07c2f0,R,0x7ffefa157d4c,1,0,0,-4,0,0,-4,-20,-4,0,4,36,828,-20,4,8,820,20,4,-52,0,0,4,20,0,-60,4,4,4,0,0,20,0
1788,0x55763b07c2cf,R,0x7ffefa157d60,1,20,20,16,16,64,16,0,20,20,24,16,848,20,24,20,840,-20,-16,-16,-20,-20,-16,-20,-20,-80,-20,-20,-16,-20,-16,-20,-20
1790,0x55763b07c2d3,R,0x7ffefa157d4c,1,-20,0,0,-4,44,0,0,0,0,-4,0,828,36,4,-20,820,-52,4,0,0,20,4,0,4,4,0,0,0,20,4,-68,0
1793,0x55763b07c2d9,R,0x7ffefa157d18,1,-52,-52,-52,-56,-56,-52,-52,-56,-72,-56,-52,-48,-56,-48,-52,768,56,56,52,52,72,52,-8,56,56,56,52,52,52,56,56,52
1795,0x55763b07c2de,R,0x7ffefa157d50,1,56,4,-16,0,4,4,48,0,-16,4,4,8,0,832,40,824,-4,0,-4,0,-4,-4,-64,-4,-4,0,16,-4,-72,0,-4,-4
1798,0x55763b07c2e7,W,0x7ffefa157d50,1,0,4,4,0,4,4,0,0,4,4,4,0,4,832,40,8,-4,-4,16,0,-4,0,0,-4,-4,0,-4,-4,0,0,-4,-4
1800,0x55763b07c2ec,R,0x7ffefa157d4c,1,-4,-4,52,-4,-20,0,0,-4,44,0,-20,-4,0,4,-4,4,0,0,20,0,-60,4,0,0,20,4,-68,0,0,4,0,4
1801,0x55763b07c2ec,W,0x7ffefa157d4c,1,0,-4,52,0,0,0,0,-4,-4,0,0,-4,0,4,-4,828,0,4,0,0,4,4,0,0,0,4,4,0,0,0,20,4
1803,0x55763b07c2f0,R,0x7ffefa157d4c,1,0,0,-4,0,0,-4,-20,-4,0,0,44,-4,-20,4,0,828,20,4,-60,0,0,4,20,0,-68,4,4,4,0,0,20,0
1806,0x55763b07c2cf,R,0x7ffefa157d60,1,20,20,16,16,72,16,0,20,20,20,16,16,20,24,20,848,-20,-16,-16,-20,-20,-16,-20,-20,-88,-20,-20,-16,-20,-16,-20,-20
1808,0x55763b07c2d3,R,0x7ffefa157d4c,1,-20,0,0,-4,52,0,0,0,0,-4,0,-4,44,4,-20,828,-60,4,0,0,20,4,0,4,4,0,0,0,20,4,-76,0
1811,0x55763b07c2d9,R,0x7ffefa157d10,1,-60,-60,-60,-64,-64,-60,-60,-64,-80,-64,-60,-60,-64,-56,-60,768,64,64,60,60,80,60,-8,64,64,64,60,60,60,64,64,60
1813,0x55763b07c2de,R,0x7ffefa157d50,1,64,4,-16,0,4,4,56,0,-16,4,4,4,0,0,48,832,-4,0,-4,0,-4,-4,-72,-4,-4,0,16,-4,-80,0,-4,-4
1816,0x55763b07c2e7,W,0x7ffefa157d50,1,0,4,4,0,4,4,0,0,4,4,4,0,4,0,48,8,-4,-4,16,0,-4,0,0,-4,-4,0,-4,-4,0,0,-4,-4
1818,0x55763b07c2ec,R,0x7ffefa157d4c,1,-4,-4,60,-4,-20,0,0,-4,52,0,-20,-4,0,0,-4,4,0,0,20,0,-68,4,0,0,20,4,-76,0,0,4,0,4
1819,0x55763b07c2ec,W,0x7ffefa157d4c,1,0,-4,60,0,0,0,0,-4,-4,0,0,-4,0,0,-4,-4,0,4,0,0,4,4,0,0,0,4,4,0,0,0,20,4
1821,0x55763b07c2f0,R,0x7ffefa157d4c,1,0,0,-4,0,0,-4,-20,-4,0,0,52,-4,-20,0,0,-4,20,4,-68,0,0,4,20,0,-76,4,4,4,0,0,20,0
1824,0x55763b07c2cf,R,0x7ffefa157d60,1,20,20,16,16,80,16,0,20,20,20,16,16,20,20,20,16,-20,-16,-16,-20,-20,-16,-20,-20,-96,-20,-20,-16,-20,-16,-20,-20
1826,0x55763b07c2d3,R,0x7ffefa157d4c,1,-20,0,0,-4,60,0,0,0,0,-4,0,-4,52,0,-20,-4,-68,4,0,0,20,4,0,4,4,0,0,0,20,4,-84,0
1829,0x55763b07c2d9,R,0x7ffefa157d08,1,-68,-68,-68,-72,-72,-68,-68,-72,-88,-72,-68,-68,-72,-68,-68,-72,72,72,68,68,88,68,-8,72,72,72,68,68,68,72,72,68
1831,0x55763b07c2de,R,0x7ffefa157d50,1,72,4,-16,0,4,4,64,0,-16,4,4,4,0,0,56,0,-4,0,-4,0,-4,-4,-80,-4,-4,0,16,-4,-88,0,-4,-4
1834,0x55763b07c2e7,W,0x7ffefa157d50,1,0,4,4,0,4,4,0,0,4,4,4,0,4,0,56,4,-4,-4,16,0,-4,0,0,-4,-4,0,-4,-4,0,0,-4,-4
1836,0x55763b07c2ec,R,0x7ffefa157d4c,1,-4,-4,68,-4,-20,0,0,-4,60,0,-20,-4,0,0,-4,0,0,0,20,0,-76,4,0,0,20,4,-84,0,0,4,0,4
1837,0x55763b07c2ec,W,0x7ffefa157d4c,1,0,-4,68,0,0,0,0,-4,-4,0,0,-4,0,0,-4,-4,0,4,0,0,4,4,0,0,0,4,4,0,0,0,20,4
1839,0x55763b07c2f0,R,0x7ffefa157d4c,1,0,0,-4,0,0,-4,-20,-4,0,0,60,-4,-20,0,0,-4,20,4,-76,0,0,4,20,0,-84,4,4,4,0,0,20,0
1842,0x55763b07c2cf,R,0x7ffefa157d60,1,20,20,16,16,88,16,0,20,20,20,16,16,20,20,20,16,-20,-16,-16,-20,-20,-16,-20,-20,-104,-20,-20,-16,-20,-16,-20,-20
1844,0x55763b07c2d3,R,0x7ffefa157d4c,1,-20,0,0,-4,68,0,0,0,0,-4,0,-4,60,0,-20,-4,-76,4,0,0,20,4,0,4,4,0,0,0,20,4,-92,0
1847,0x55763b07c2d9,R,0x7ffefa157d00,1,-76,-76,-76,-80,-80,-76,-76,-80,-96,-80,-76,-76,-80,-76,-76,-80,80,80,76,76,96,76,-8,80,80,80,76,76,76,80,80,76
1849,0x55763b07c2de,R,0x7ffefa157d50,1,80,4,-16,0,4,4,72,0,-16,4,4,4,0,0,64,0,-4,0,-4,0,-4,-4,-88,-4,-4,0,16,-4,-96,0,-4,-4
1852,0x55763b07c2e7,W,0x7ffefa157d50,1,0,4,4,0,4,4,0,0,4,4,4,0,4,0,64,4,-4,-4,16,0,-4,0,0,-4,-4,0,-4,-4,0,0,-4,-4
1854,0x55763b07c2ec,R,0x7ffefa157d4c,1,-4,-4,76,-4,-20,0,0,-4,68,0,-20,-4,0,0,-4,0,0,0,20,0,-84,4,0,0,20,4,-92,0,0,4,0,4
1855,0x55763b07c2ec,W,0x7ffefa157d4c,1,0,-4,76,0,0,0,0,-4,-4,0,0,-4,0,0,-4,-4,0,4,0,0,4,4,0,0,0,4,4,0,0,0,20,4
1857,0x55763b07c2f0,R,0x7ffefa157d4c,1,0,0,-4,0,0,-4,-20,-4,0,0,68,-4,-20,0,0,-4,20,4,-84,0,0,4,20,0,-92,4,4,4,0,0,20,0
1860,0x55763b07c2cf,R,0x7ffefa157d60,1,20,20,16,16,96,16,0,20,20,20,16,16,20,20,20,16,-20,-16,-16,-20,-20,-16,-20,-20,-112,-20,-20,-16,-20,-16,-20,-20
1862,0x55763b07c2d3,R,0x7ffefa157d4c,1,-20,0,0,-4,76,0,0,0,0,-4,0,-4,68,0,-20,-4,-84,4,0,0,20,4,0,4,4,0,0,0,20,4,-100,0
1865,0x55763b07c2d9,R,0x7ffefa157cf8,1,-84,-84,-84,-88,-88,-84,-84,-88,-104,-88,-84,-84,-88,-84,-84,-88,88,88,84,84,104,84,-8,88,88,88,84,84,84,88,88,84
1867,0x55763b07c2de,R,0x7ffefa157d50,1,88,4,-16,0,4,4,80,0,-16,4,4,4,0,0,72,0,-4,0,-4,0,-4,-4,-96,-4,-4,0,16,-4,-104,0,-4,-4
1870,0x55763b07c2e7,W,0x7ffefa157d50,1,0,4,4,0,4,4,0,0,4,4,4,0,4,0,72,4,-4,-4,16,0,-4,0,0,-4,-4,0,-4,-4,0,0,-4,-4
1872,0x55763b07c2ec,R,0x7ffefa157d4c,1,-4,-4,84,-4,-20,0,0,-4,76,0,-20,-4,0,0,-4,0,0,0,20,0,-92,4,0,0,20,4,-100,0,0,4,0,4
1873,0x55763b07c2ec,W,0x7ffefa157d4c,1,0,-4,84,0,0,0,0,-4,-4,0,0,-4,0,0,-4,-4,0,4,0,0,4,4,0,0,0,4,4,0,0,0,20,4
1875,0x55763b07c2f0,R,0x7ffefa157d4c,1,0,0,-4,0,0,-4,-20,-4,0,0,76,-4,-20,0,0,-4,20,4,-92,0,0,4,20,0,-100,4,4,4,0,0,20,0
1878,0x55763b07c2cf,R,0x7ffefa157d60,1,20,20,16,16,104,16,0,20,20,20,16,16,20,20,20,16,-20,-16,-16,-20,-20,-16,-20,-20,-120,-20,-20,-16,-20,-16,-20,-20
1880,0x55763b07c2d3,R,0x7ffefa157d4c,1,-20,0,0,-4,84,0,0,0,0,-4,0,-4,76,0,-20,-4,-92,4,0,0,20,4,0,4,4,0,0,0,20,4,-108,0
1883,0x55763b07c2d9,R,0x7ffefa157cf0,1,-92,-92,-92,-96,-96,-92,-92,-96,-112,-96,-92,-92,-96,-92,-92,-96,96,96,92,92,112,92,-8,96,96,96,92,92,92,96,96,92
1885,0x55763b07c2de,R,0x7ffefa157d50,1,96,4,-16,0,4,4,88,0,-16,4,4,4,0,0,80,0,-4,0,-4,0,-4,-4,-104,-4,-4,0,16,-4,-112,0,-4,-4
1888,0x55763b07c2e7,W,0x7ffefa157d50,1,0,4,4,0,4,4,0,0,4,4,4,0,4,0,80,4,-4,-4,16,0,-4,0,0,-4,-4,0,-4,-4,0,0,-4,-4
1890,0x55763b07c2ec,R,0x7ffefa157d4c,1,-4,-4,92,-4,-20,0,0,-4,84,0,-20,-4,0,0,-4,0,0,0,20,0,-100,4,0,0,20,4,-108,0,0,4,0,4
1891,0x55763b07c2ec,W,0x7ffefa157d4c,1,0,-4,92,0,0,0,0,-4,-4,0,0,-4,0,0,-4,-4,0,4,0,0,4,4,0,0,0,4,4,0,0,0,20,4
1893,0x55763b07c2f0,R,0x7ffefa157d4c,1,0,0,-4,0,0,-4,-20,-4,0,0,84,-4,-20,0,0,-4,20,4,-100,0,0,4,20,0,-108,4,4,4,0,0,20,0
1896,0x55763b07c2cf,R,0x7ffefa157d60,1,20,20,16,16,112,16,0,20,20,20,16,16,20,20,20,16,-20,-16,-16,-20,-20,-16,-20,-20,-128,-20,-20,-16,-20,-16,-20,-20
1898,0x55763b07c2d3,R,0x7ffefa157d4c,1,-20,0,0,-4,92,0,0,0,0,-4,0,-4,84,0,-20,-4,-100,4,0,0,20,4,0,4,4,0,0,0,20,4,-116,0
1901,0x55763b07c2d9,R,0x7ffefa157ce8,1,-100,-100,-100,-104,-104,-100,-100,-104,-120,-104,-100,-100,-104,-100,-100,-104,104,104,100,100,120,100,-8,104,104,104,100,100,100,104,104,100
1903,0x55763b07c2de,R,0x7ffefa157d50,1,104,4,-16,0,4,4,96,0,-16,4,4,4,0,0,88,0,-4,0,-4,0,-4,-4,-112,-4,-4,0,16,-4,-120,0,-4,-4
1906,0x55763b07c2e7,W,0x7ffefa157d50,1,0,4,4,0,4,4,0,0,4,4,4,0,4,0,88,4,-4,-4,16,0,-4,0,0,-4,-4,0,-4,-4,0,0,-4,-4
1908,0x55763b07c2ec,R,0x7ffefa157d4c,1,-4,-4,100,-4,-20,0,0,-4,92,0,-20,-4,0,0,-4,0,0,0,20,0,-108,4,0,0,20,4,-116,0,0,4,0,4
1909,0x55763b07c2ec,W,0x7ffefa157d4c,1,0,-4,100,0,0,0,0,-4,-4,0,0,-4,0,0,-4,-4,0,4,0,0,4,4,0,0,0,4,4,0,0,0,20,4
1911,0x55763b07c2f0,R,0x7ffefa157d4c,1,0,0,-4,0,0,-4,-20,-4,0,0,92,-4,-20,0,0,-4,20,4,-108,0,0,4,20,0,-116,4,4,4,0,0,20,0
1914,0x55763b07c2cf,R,0x7ffefa157d60,1,20,20,16,16,120,16,0,20,20,20,16,16,20,20,20,16,-20,-16,-16,-20,-20,-16,-20,-20,-136,-20,-20,-16,-20,-16,-20,-20
1916,0x55763b07c2d3,R,0x7ffefa157d4c,1,-20,0,0,-4,100,0,0,0,0,-4,0,-4,92,0,-20,-4,-108,4,0,0,20,4,0,4,4,0,0,0,20,4,-124,0
1919,0x55763b07c2d9,R,0x7ffefa157ce0,1,-108,-108,-108,-112,-112,-108,-108,-112,-128,-112,-108,-108,-112,-108,-108,-112,112,112,108,108,128,108,-8,112,112,112,108,108,108,112,112,108
1921,0x55763b07c2de,R,0x7ffefa157d50,1,112,4,-16,0,4,4,104,0,-16,4,4,4,0,0,96,0,-4,0,-4,0,-4,-4,-120,-4,-4,0,16,-4,-128,0,-4,-4
1924,0x55763b07c2e7,W,0x7ffefa157d50,1,0,4,4,0,4,4,0,0,4,4,4,0,4,0,96,4,-4,-4,16,0,-4,0,0,-4,-4,0,-4,-4,0,0,-4,-4
1926,0x55763b07c2ec,R,0x7ffefa157d4c,1,-4,-4,108,-4,-20,0,0,-4,100,0,-20,-4,0,0,-4,0,0,0,20,0,-116,4,0,0,20,4,-124,0,0,4,0,4
1927,0x55763b07c2ec,W,0x7ffefa157d4c,1,0,-4,108,0,0,0,0,-4,-4,0,0,-4,0,0,-4,-4,0,4,0,0,4,4,0,0,0,4,4,0,0,0,20,4
1929,0x55763b07c2f0,R,0x7ffefa157d4c,1,0,0,-4,0,0,-4,-20,-4,0,0,100,-4,-20,0,0,-4,20,4,-116,0,0,4,20,0,-124,4,4,4,0,0,20,0
1932,0x55763b07c2cf,R,0x7ffefa157d60,1,20,20,16,16,128,16,0,20,20,20,16,16,20,20,20,16,-20,-16,-16,-20,-20,-16,-20,-20,-144,-20,-20,-16,-20,-16,-20,-20
1934,0x55763b07c2d3,R,0x7ffefa157d4c,1,-20,0,0,-4,108,0,0,0,0,-4,0,-4,100,0,-20,-4,-116,4,0,0,20,4,0,4,4,0,0,0,20,4,-132,0
1937,0x55763b07c2d9,R,0x7ffefa157cd8,1,-116,-116,-116,-120,-120,-116,-116,-120,-136,-120,-116,-116,-120,-116,-116,-120,120,120,116,116,136,116,-8,120,120,120,116,116,116,120,120,116
1939,0x55763b07c2de,R,0x7ffefa157d50,1,120,4,-16,0,4,4,112,0,-16,4,4,4,0,0,104,0,-4,0,-4,0,-4,-4,-128,-4,-4,0,16,-4,-136,0,-4,-4
1942,0x55763b07c2e7,W,0x7ffefa157d50,1,0,4,4,0,4,4,0,0,4,4,4,0,4,0,104,4,-4,-4,16,0,-4,0,0,-4,-4,0,-4,-4,0,0,-4,-4
1944,0x55763b07c2ec,R,0x7ffefa157d4c,1,-4,-4,116,-4,-20,0,0,-4,108,0,-20,-4,0,0,-4,0,0,0,20,0,-124,4,0,0,20,4,-132,0,0,4,0,4
1945,0x55763b07c2ec,W,0x7ffefa157d4c,1,0,-4,116,0,0,0,0,-4,-4,0,0,-4,0,0,-4,-4,0,4,0,0,4,4,0,0,0,4,4,0,0,0,20,4
1947,0x55763b07c2f0,R,0x7ffefa157d4c,1,0,0,-4,0,0,-4,-20,-4,0,0,108,-4,-20,0,0,-4,20,4,-124,0,0,4,20,0,-132,4,4,4,0,0,20,0
1950,0x55763b07c2cf,R,0x7ffefa157d60,1,20,20,16,16,136,16,0,20,20,20,16,16,20,20,20,16,-20,-16,-16,-20,-20,-16,-20,-20,-152,-20,-20,-16,-20,-16,-20,-20
1952,0x55763b07c2d3,R,0x7ffefa157d4c,1,-20,0,0,-4,116,0,0,0,0,-4,0,-4,108,0,-20,-4,-124,4,0,0,20,4,0,4,4,0,0,0,20,4,-140,0
1955,0x55763b07c2d9,R,0x7ffefa157cd0,1,-124,-124,-124,-128,-128,-124,-124,-128,-144,-128,-124,-124,-128,-124,-124,-128,128,128,124,124,144,124,-8,128,128,128,124,124,124,128,128,124
1957,0x55763b07c2de,R,0x7ffefa157d50,1,128,4,-16,0,4,4,120,0,-16,4,4,4,0,0,112,0,-4,0,-4,0,-4,-4,-136,-4,-4,0,16,-4,-144,0,-4,-4
1960,0x55763b07c2e7,W,0x7ffefa157d50,1,0,4,4,0,4,4,0,0,4,4,4,0,4,0,112,4,-4,-4,16,0,-4,0,0,-4,-4,0,-4,-4,0,0,-4,-4
1962,0x55763b07c2ec,R,0x7ffefa157d4c,1,-4,-4,124,-4,-20,0,0,-4,116,0,-20,-4,0,0,-4,0,0,0,20,0,-132,4,0,0,20,4,-140,0,0,4,0,4
1963,0x55763b07c2ec,W,0x7ffefa157d4c,1,0,-4,124,0,0,0,0,-4,-4,0,0,-4,0,0,-4,-4,0,4,0,0,4,4,0,0,0,4,4,0,0,0,20,4
1965,0x55763b07c2f0,R,0x7ffefa157d4c,1,0,0,-4,0,0,-4,-20,-4,0,0,116,-4,-20,0,0,-4,20,4,-132,0,0,4,20,0,-140,4,4,4,0,0,20,0
1968,0x55763b07c2cf,R,0x7ffefa157d60,1,20,20,16,16,144,16,0,20,20,20,16,16,20,20,20,16,-20,-16,-16,-20,-20,-16,-20,-20,-160,-20,-20,-16,-20,-16,-20,-20
1970,0x55763b07c2d3,R,0x7ffefa157d4c,1,-20,0,0,-4,124,0,0,0,0,-4,0,-4,116,0,-20,-4,-132,4,0,0,20,4,0,4,4,0,0,0,20,4,-148,0
1973,0x55763b07c2d9,R,0x7ffefa157cc8,1,-132,-132,-132,-136,-136,-132,-132,-136,-152,-136,-132,-132,-136,-132,-132,-136,136,136,132,132,152,132,-8,136,136,136,132,132,132,136,136,132
1975,0x55763b07c2de,R,0x7ffefa157d50,1,136,4,-16,0,4,4,128,0,-16,4,4,4,0,0,120,0,-4,0,-4,0,-4,-4,-144,-4,-4,0,16,-4,-152,0,-4,-4
1978,0x55763b07c2e7,W,0x7ffefa157d50,1,0,4,4,0,4,4,0,0,4,4,4,0,4,0,120,4,-4,-4,16,0,-4,0,0,-4,-4,0,-4,-4,0,0,-4,-4
1980,0x55763b07c2ec,R,0x7ffefa157d4c,1,-4,-4,132,-4,-20,0,0,-4,124,0,-20,-4,0,0,-4,0,0,0,20,0,-140,4,0,0,20,4,-148,0,0,4,0,4
1981,0x55763b07c2ec,W,0x7ffefa157d4c,1,0,-4,132,0,0,0,0,-4,-4,0,0,-4,0,0,-4,-4,0,4,0,0,4,4,0,0,0,4,4,0,0,0,20,4
1983,0x55763b07c2f0,R,0x7ffefa157d4c,1,0,0,-4,0,0,-4,-20,-4,0,0,124,-4,-20,0,0,-4,20,4,-140,0,0,4,20,0,-148,4,4,4,0,0,20,0
1986,0x55763b07c2cf,R,0x7ffefa157d60,1,20,20,16,16,152,16,0,20,20,20,16,16,20,20,20,16,-20,-16,-16,-20,-20,-16,-20,-20,-168,-20,-20,-16,-20,-16,-20,-20
1988,0x55763b07c2d3,R,0x7ffefa157d4c,1,-20,0,0,-4,132,0,0,0,0,-4,0,-4,124,0,-20,-4,-140,4,0,0,20,4,0,4,4,0,0,0,20,4,-156,0
1991,0x55763b07c2d9,R,0x7ffefa157cc0,1,-140,-140,-140,-144,-144,-140,-140,-144,-160,-144,-140,-140,-144,-140,-140,-144,144,144,140,140,160,140,-8,144,144,144,140,140,140,144,144,140
1993,0x55763b07c2de,R,0x7ffefa157d50,1,144,4,-16,0,4,4,136,0,-16,4,4,4,0,0,128,0,-4,0,-4,0,-4,-4,-152,-4,-4,0,16,-4,-160,0,-4,-4
1996,0x55763b07c2e7,W,0x7ffefa157d50,1,0,4,4,0,4,4,0,0,4,4,4,0,4,0,128,4,-4,-4,16,0,-4,0,0,-4,-4,0,-4,-4,0,0,-4,-4
1998,0x55763b07c2ec,R,0x7ffefa157d4c,1,-4,-4,140,-4,-20,0,0,-4,132,0,-20,-4,0,0,-4,0,0,0,20,0,-148,4,0,0,20,4,-156,0,0,4,0,4
1999,0x55763b07c2ec,W,0x7ffefa157d4c,1,0,-4,140,0,0,0,0,-4,-4,0,0,-4,0,0,-4,-4,0,4,0,0,4,4,0,0,0,4,4,0,0,0,20,4
2001,0x55763b07c2f0,R,0x7ffefa157d4c,1,0,0,-4,0,0,-4,-20,-4,0,0,132,-4,-20,0,0,-4,20,4,-148,0,0,4,20,0,-156,4,4,4,0,0,20,0
2004,0x55763b07c2cf,R,0x7ffefa157d60,1,20,20,16,16,160,16,0,20,20,20,16,16,20,20,20,16,-20,-16,-16,-20,-20,-16,-20,-20,-176,-20,-20,-16,-20,-16,-20,-20
2006,0x55763b07c2d3,R,0x7ffefa157d4c,1,-20,0,0,-4,140,0,0,0,0,-4,0,-4,132,0,-20,-4,-148,4,0,0,20,4,0,4,4,0,0,0,20,4,-164,0
2009,0x55763b07c2d9,R,0x7ffefa157cb8,1,-148,-148,-148,-152,-152,-148,-148,-152,-168,-152,-148,-148,-152,-148,-148,-152,152,152,148,148,168,148,-8,152,152,152,148,148,148,152,152,148
2011,0x55763b07c2de,R,0x7ffefa157d50,1,152,4,-16,0,4,4,144,0,-16,4,4,4,0,0,136,0,-4,0,-4,0,-4,-4,-160,-4,-4,0,16,-4,-168,0,-4,-4
2014,0x55763b07c2e7,W,0x7ffefa157d50,1,0,4,4,0,4,4,0,0,4,4,4,0,4,0,136,4,-4,-4,16,0,-4,0,0,-4,-4,0,-4,-4,0,0,-4,-4
2016,0x55763b07c2ec,R,0x7ffefa157d4c,1,-4,-4,148,-4,-20,0,0,-4,140,0,-20,-4,0,0,-4,0,0,0,20,0,-156,4,0,0,20,4,-164,0,0,4,0,4
2017,0x55763b07c2ec,W,0x7ffefa157d4c,1,0,-4,148,0,0,0,0,-4,-4,0,0,-4,0,0,-4,-4,0,4,0,0,4,4,0,0,0,4,4,0,0,0,20,4
2019,0x55763b07c2f0,R,0x7ffefa157d4c,1,0,0,-4,0,0,-4,-20,-4,0,0,140,-4,-20,0,0,-4,20,4,-156,0,0,4,20,0,-164,4,4,4,0,0,20,0
2022,0x55763b07c2cf,R,0x7ffefa157d60,1,20,20,16,16,168,16,0,20,20,20,16,16,20,20,20,16,-20,-16,-16,-20,-20,-16,-20,-20,-184,-20,-20,-16,-20,-16,-20,-20
2024,0x55763b07c2d3,R,0x7ffefa157d4c,1,-20,0,0,-4,148,0,0,0,0,-4,0,-4,140,0,-20,-4,-156,4,0,0,20,4,0,4,4,0,0,0,20,4,-172,0
2027,0x55763b07c2d9,R,0x7ffefa157cb0,1,-156,-156,-156,-160,-160,-156,-156,-160,-176,-160,-156,-156,-160,-156,-156,-160,160,160,156,156,176,156,-8,160,160,160,156,156,156,160,160,156
2029,0x55763b07c2de,R,0x7ffefa157d50,1,160,4,-16,0,4,4,152,0,-16,4,4,4,0,0,144,0,-4,0,-4,0,-4,-4,-168,-4,-4,0,16,-4,-176,0,-4,-4
2032,0x55763b07c2e7,W,0x7ffefa157d50,1,0,4,4,0,4,4,0,0,4,4,4,0,4,0,144,4,-4,-4,16,0,-4,0,0,-4,-4,0,-4,-4,0,0,-4,-4
2034,0x55763b07c2ec,R,0x7ffefa157d4c,1,-4,-4,156,-4,-20,0,0,-4,148,0,-20,-4,0,0,-4,0,0,0,20,0,-164,4,0,0,20,4,-172,0,0,4,0,4
2035,0x55763b07c2ec,W,0x7ffefa157d4c,1,0,-4,156,0,0,0,0,-4,-4,0,0,-4,0,0,-4,-4,0,4,0,0,4,4,0,0,0,4,4,0,0,0,20,4
2037,0x55763b07c2f0,R,0x7ffefa157d4c,1,0,0,-4,0,0,-4,-20,-4,0,0,148,-4,-20,0,0,-4,20,4,-164,0,0,4,20,0,-172,4,4,4,0,0,20,0
2040,0x55763b07c2cf,R,0x7ffefa157d60,1,20,20,16,16,176,16,0,20,20,20,16,16,20,20,20,16,-20,-16,-16,-20,-20,-16,-20,-20,-192,-20,-20,-16,-20,-16,-20,-20
2042,0x55763b07c2d3,R,0x7ffefa157d4c,1,-20,0,0,-4,156,0,0,0,0,-4,0,-4,148,0,-20,-4,-164,4,0,0,20,4,0,4,4,0,0,0,20,4,-180,0
2045,0x55763b07c2d9,R,0x7ffefa157ca8,1,-164,-164,-164,-168,-168,-164,-164,-168,-184,-168,-164,-164,-168,-164,-164,-168,168,168,164,164,184,164,-8,168,168,168,164,164,164,168,168,164
2047,0x55763b07c2de,R,0x7ffefa157d50,1,168,4,-16,0,4,4,160,0,-16,4,4,4,0,0,152,0,-4,0,-4,0,-4,-4,-176,-4,-4,0,16,-4,-184,0,-4,-4
2050,0x55763b07c2e7,W,0x7ffefa157d50,1,0,4,4,0,4,4,0,0,4,4,4,0,4,0,152,4,-4,-4,16,0,-4,0,0,-4,-4,0,-4,-4,0,0,-4,-4
2052,0x55763b07c2ec,R,0x7ffefa157d4c,1,-4,-4,164,-4,-20,0,0,-4,156,0,-20,-4,0,0,-4,0,0,0,20,0,-172,4,0,0,20,4,-180,0,0,4,0,4
2053,0x55763b07c2ec,W,0x7ffefa157d4c,1,0,-4,164,0,0,0,0,-4,-4,0,0,-4,0,0,-4,-4,0,4,0,0,4,4,0,0,0,4,4,0,0,0,20,4
2055,0x55763b07c2f0,R,0x7ffefa157d4c,1,0,0,-4,0,0,-4,-20,-4,0,0,156,-4,-20,0,0,-4,20,4,-172,0,0,4,20,0,-180,4,4,4,0,0,20,0
2058,0x55763b07c2cf,R,0x7ffefa157d60,1,20,20,16,16,184,16,0,20,20,20,16,16,20,20,20,16,-20,-16,-16,-20,-20,-16,-20,-20,-200,-20,-20,-16,-20,-16,-20,-20
2060,0x55763b07c2d3,R,0x7ffefa157d4c,1,-20,0,0,-4,164,0,0,0,0,-4,0,-4,156,0,-20,-4,-172,4,0,0,20,4,0,4,4,0,0,0,20,4,-188,0
2063,0x55763b07c2d9,R,0x7ffefa157ca0,1,-172,-172,-172,-176,-176,-172,-172,-176,-192,-176,-172,-172,-176,-172,-172,-176,176,176,172,172,192,172,-8,176,176,176,172,172,172,176,176,172
2065,0x55763b07c2de,R,0x7ffefa157d50,1,176,4,-16,0,4,4,168,0,-16,4,4,4,0,0,160,0,-4,0,-4,0,-4,-4,-184,-4,-4,0,16,-4,-192,0,-4,-4
2068,0x55763b07c2e7,W,0x7ffefa157d50,1,0,4,4,0,4,4,0,0,4,4,4,0,4,0,160,4,-4,-4,16,0,-4,0,0,-4,-4,0,-4,-4,0,0,-4,-4
2070,0x55763b07c2ec,R,0x7ffefa157d4c,1,-4,-4,172,-4,-20,0,0,-4,164,0,-20,-4,0,0,-4,0,0,0,20,0,-180,4,0,0,20,4,-188,0,0,4,0,4
2071,0x55763b07c2ec,W,0x7ffefa157d4c,1,0,-4,172,0,0,0,0,-4,-4,0,0,-4,0,0,-4,-4,0,4,0,0,4,4,0,0,0,4,4,0,0,0,20,4
2073,0x55763b07c2f0,R,0x7ffefa157d4c,1,0,0,-4,0,0,-4,-20,-4,0,0,164,-4,-20,0,0,-4,20,4,-180,0,0,4,20,0,-188,4,4,4,0,0,20,0
2076,0x55763b07c2cf,R,0x7ffefa157d60,1,20,20,16,16,192,16,0,20,20,20,16,16,20,20,20,16,-20,-16,-16,-20,-20,-16,-20,-20,-208,-20,-20,-16,-20,-16,-20,-20
2078,0x55763b07c2d3,R,0x7ffefa157d4c,1,-20,0,0,-4,172,0,0,0,0,-4,0,-4,164,0,-20,-4,-180,4,0,0,20,4,0,4,4,0,0,0,20,4,-196,0
2081,0x55763b07c2d9,R,0x7ffefa157c98,1,-180,-180,-180,-184,-184,-180,-180,-184,-200,-184,-180,-180,-184,-180,-180,-184,184,184,180,180,200,180,-8,184,184,184,180,180,180,184,184,180
2083,0x55763b07c2de,R,0x7ffefa157d50,1,184,4,-16,0,4,4,176,0,-16,4,4,4,0,0,168,0,-4,0,-4,0,-4,-4,-192,-4,-4,0,16,-4,-200,0,-4,-4
2086,0x55763b07c2e7,W,0x7ffefa157d50,1,0,4,4,0,4,4,0,0,4,4,4,0,4,0,168,4,-4,-4,16,0,-4,0,0,-4,-4,0,-4,-4,0,0,-4,-4
2088,0x55763b07c2ec,R,0x7ffefa157d4c,1,-4,-4,180,-4,-20,0,0,-4,172,0,-20,-4,0,0,-4,0,0,0,20,0,-188,4,0,0,20,4,-196,0,0,4,0,4
2089,0x55763b07c2ec,W,0x7ffefa157d4c,1,0,-4,180,0,0,0,0,-4,-4,0,0,-4,0,0,-4,-4,0,4,0,0,4,4,0,0,0,4,4,0,0,0,20,4
2091,0x55763b07c2f0,R,0x7ffefa157d4c,1,0,0,-4,0,0,-4,-20,-4,0,0,172,-4,-20,0,0,-4,20,4,-188,0,0,4,20,0,-196,4,4,4,0,0,20,0
2094,0x55763b07c2cf,R,0x7ffefa157d60,1,20,20,16,16,200,16,0,20,20,20,16,16,20,20,20,16,-20,-16,-16,-20,-20,-16,-20,-20,-216,-20,-20,-16,-20,-16,-20,-20
2096,0x55763b07c2d3,R,0x7ffefa157d4c,1,-20,0,0,-4,180,0,0,0,0,-4,0,-4,172,0,-20,-4,-188,4,0,0,20,4,0,4,4,0,0,0,20,4,-204,0
2099,0x55763b07c2d9,R,0x7ffefa157c90,1,-188,-188,-188,-192,-192,-188,-188,-192,-208,-192,-188,-188,-192,-188,-188,-192,192,192,188,188,208,188,-8,192,192,192,188,188,188,192,192,188
2101,0x55763b07c2de,R,0x7ffefa157d50,1,192,4,-16,0,4,4,184,0,-16,4,4,4,0,0,176,0,-4,0,-4,0,-4,-4,-200,-4,-4,0,16,-4,-208,0,-4,-4
2104,0x55763b07c2e7,W,0x7ffefa157d50,1,0,4,4,0,4,4,0,0,4,4,4,0,4,0,176,4,-4,-4,16,0,-4,0,0,-4,-4,0,-4,-4,0,0,-4,-4
2106,0x55763b07c2ec,R,0x7ffefa157d4c,1,-4,-4,188,-4,-20,0,0,-4,180,0,-20,-4,0,0,-4,0,0,0,20,0,-196,4,0,0,20,4,-204,0,0,4,0,4
2107,0x55763b07c2ec,W,0x7ffefa157d4c,1,0,-4,188,0,0,0,0,-4,-4,0,0,-4,0,0,-4,-4,0,4,0,0,4,4,0,0,0,4,4,0,0,0,20,4
2109,0x55763b07c2f0,R,0x7ffefa157d4c,1,0,0,-4,0,0,-4,-20,-4,0,0,180,-4,-20,0,0,-4,20,4,-196,0,0,4,20,0,-204,4,4,4,0,0,20,0
2112,0x55763b07c2cf,R,0x7ffefa157d60,1,20,20,16,16,208,16,0,20,20,20,16,16,20,20,20,16,-20,-16,-16,-20,-20,-16,-20,-20,-224,-20,-20,-16,-20,-16,-20,-20
2114,0x55763b07c2d3,R,0x7ffefa157d4c,1,-20,0,0,-4,188,0,0,0,0,-4,0,-4,180,0,-20,-4,-196,4,0,0,20,4,0,4,4,0,0,0,20,4,-212,0
2117,0x55763b07c2d9,R,0x7ffefa157c88,1,-196,-196,-196,-200,-200,-196,-196,-200,-216,-200,-196,-196,-200,-196,-196,-200,200,200,196,196,216,196,-8,200,200,200,196,196,196,200,200,196
2119,0x55763b07c2de,R,0x7ffefa157d50,1,200,4,-16,0,4,4,192,0,-16,4,4,4,0,0,184,0,-4,0,-4,0,-4,-4,-208,-4,-4,0,16,-4,-216,0,-4,-4
2122,0x55763b07c2e7,W,0x7ffefa157d50,1,0,4,4,0,4,4,0,0,4,4,4,0,4,0,184,4,-4,-4,16,0,-4,0,0,-4,-4,0,-4,-4,0,0,-4,-4
2124,0x55763b07c2ec,R,0x7ffefa157d4c,1,-4,-4,196,-4,-20,0,0,-4,188,0,-20,-4,0,0,-4,0,0,0,20,0,-204,4,0,0,20,4,-212,0,0,4,0,4
2125,0x55763b07c2ec,W,0x7ffefa157d4c,1,0,-4,196,0,0,0,0,-4,-4,0,0,-4,0,0,-4,-4,0,4,0,0,4,4,0,0,0,4,4,0,0,0,20,4
2127,0x55763b07c2f0,R,0x7ffefa157d4c,1,0,0,-4,0,0,-4,-20,-4,0,0,188,-4,-20,0,0,-4,20,4,-204,0,0,4,20,0,-212,4,4,4,0,0,20,0
2130,0x55763b07c2cf,R,0x7ffefa157d60,1,20,20,16,16,216,16,0,20,20,20,16,16,20,20,20,16,-20,-16,-16,-20,-20,-16,-20,-20,-232,-20,-20,-16,-20,-16,-20,-20
2132,0x55763b07c2d3,R,0x7ffefa157d4c,1,-20,0,0,-4,196,0,0,0,0,-4,0,-4,188,0,-20,-4,-204,4,0,0,20,4,0,4,4,0,0,0,20,4,-220,0
2135,0x55763b07c2d9,R,0x7ffefa157c80,1,-204,-204,-204,-208,-208,-204,-204,-208,-224,-208,-204,-204,-208,-204,-204,-208,208,208,204,204,224,204,-8,208,208,208,204,204,204,208,208,204
2137,0x55763b07c2de,R,0x7ffefa157d50,1,208,4,-16,0,4,4,200,0,-16,4,4,4,0,0,192,0,-4,0,-4,0,-4,-4,-216,-4,-4,0,16,-4,-224,0,-4,-4
2140,0x55763b07c2e7,W,0x7ffefa157d50,1,0,4,4,0,4,4,0,0,4,4,4,0,4,0,192,4,-4,-4,16,0,-4,0,0,-4,-4,0,-4,-4,0,0,-4,-4
2142,0x55763b07c2ec,R,0x7ffefa157d4c,1,-4,-4,204,-4,-20,0,0,-4,196,0,-20,-4,0,0,-4,0,0,0,20,0,-212,4,0,0,20,4,-220,0,0,4,0,4
2143,0x55763b07c2ec,W,0x7ffefa157d4c,1,0,-4,204,0,0,0,0,-4,-4,0,0,-4,0,0,-4,-4,0,4,0,0,4,4,0,0,0,4,4,0,0,0,20,4
2145,0x55763b07c2f0,R,0x7ffefa157d4c,1,0,0,-4,0,0,-4,-20,-4,0,0,196,-4,-20,0,0,-4,20,4,-212,0,0,4,20,0,-220,4,4,4,0,0,20,0
2148,0x55763b07c2cf,R,0x7ffefa157d60,1,20,20,16,16,224,16,0,20,20,20,16,16,20,20,20,16,-20,-16,-16,-20,-20,-16,-20,-20,-240,-20,-20,-16,-20,-16,-20,-20
2150,0x55763b07c2d3,R,0x7ffefa157d4c,1,-20,0,0,-4,204,0,0,0,0,-4,0,-4,196,0,-20,-4,-212,4,0,0,20,4,0,4,4,0,0,0,20,4,-228,0
2153,0x55763b07c2d9,R,0x7ffefa157c78,1,-212,-212,-212,-216,-216,-212,-212,-216,-232,-216,-212,-212,-216,-212,-212,-216,216,216,212,212,232,212,-8,216,216,216,212,212,212,216,216,212
2155,0x55763b07c2de,R,0x7ffefa157d50,1,216,4,-16,0,4,4,208,0,-16,4,4,4,0,0,200,0,-4,0,-4,0,-4,-4,-224,-4,-4,0,16,-4,-232,0,-4,-4
2158,0x55763b07c2e7,W,0x7ffefa157d50,1,0,4,4,0,4,4,0,0,4,4,4,0,4,0,200,4,-4,-4,16,0,-4,0,0,-4,-4,0,-4,-4,0,0,-4,-4
2160,0x55763b07c2ec,R,0x7ffefa157d4c,1,-4,-4,212,-4,-20,0,0,-4,204,0,-20,-4,0,0,-4,0,0,0,20,0,-220,4,0,0,20,4,-228,0,0,4,0,4
2161,0x55763b07c2ec,W,0x7ffefa157d4c,1,0,-4,212,0,0,0,0,-4,-4,0,0,-4,0,0,-4,-4,0,4,0,0,4,4,0,0,0,4,4,0,0,0,20,4
2163,0x55763b07c2f0,R,0x7ffefa157d4c,1,0,0,-4,0,0,-4,-20,-4,0,0,204,-4,-20,0,0,-4,20,4,-220,0,0,4,20,0,-228,4,4,4,0,0,20,0
2166,0x55763b07c2cf,R,0x7ffefa157d60,1,20,20,16,16,232,16,0,20,20,20,16,16,20,20,20,16,-20,-16,-16,-20,-20,-16,-20,-20,-248,-20,-20,-16,-20,-16,-20,-20
2168,0x55763b07c2d3,R,0x7ffefa157d4c,1,-20,0,0,-4,212,0,0,0,0,-4,0,-4,204,0,-20,-4,-220,4,0,0,20,4,0,4,4,0,0,0,20,4,-236,0
2171,0x55763b07c2d9,R,0x7ffefa157c70,1,-220,-220,-220,-224,-224,-220,-220,-224,-240,-224,-220,-220,-224,-220,-220,-224,224,224,220,220,240,220,-8,224,224,224,220,220,220,224,224,220
2173,0x55763b07c2de,R,0x7ffefa157d50,1,224,4,-16,0,4,4,216,0,-16,4,4,4,0,0,208,0,-4,0,-4,0,-4,-4,-232,-4,-4,0,16,-4,-240,0,-4,-4
2176,0x55763b07c2e7,W,0x7ffefa157d50,1,0,4,4,0,4,4,0,0,4,4,4,0,4,0,208,4,-4,-4,16,0,-4,0,0,-4,-4,0,-4,-4,0,0,-4,-4
2178,0x55763b07c2ec,R,0x7ffefa157d4c,1,-4,-4,220,-4,-20,0,0,-4,212,0,-20,-4,0,0,-4,0,0,0,20,0,-228,4,0,0,20,4,-236,0,0,4,0,4
2179,0x55763b07c2ec,W,0x7ffefa157d4c,1,0,-4,220,0,0,0,0,-4,-4,0,0,-4,0,0,-4,-4,0,4,0,0,4,4,0,0,0,4,4,0,0,0,20,4
2181,0x55763b07c2f0,R,0x7ffefa157d4c,1,0,0,-4,0,0,-4,-20,-4,0,0,212,-4,-20,0,0,-4,20,4,-228,0,0,4,20,0,-236,4,4,4,0,0,20,0
2184,0x55763b07c2cf,R,0x7ffefa157d60,1,20,20,16,16,240,16,0,20,20,20,16,16,20,20,20,16,-20,-16,-16,-20,-20,-16,-20,-20,-256,-20,-20,-16,-20,-16,-20,-20
2186,0x55763b07c2d3,R,0x7ffefa157d4c,1,-20,0,0,-4,220,0,0,0,0,-4,0,-4,212,0,-20,-4,-228,4,0,0,20,4,0,4,4,0,0,0,20,4,-244,0
2189,0x55763b07c2d9,R,0x7ffefa157c68,1,-228,-228,-228,-232,-232,-228,-228,-232,-248,-232,-228,-228,-232,-228,-228,-232,232,232,228,228,248,228,-8,232,232,232,228,228,228,232,232,228
2191,0x55763b07c2de,R,0x7ffefa157d50,1,232,4,-16,0,4,4,224,0,-16,4,4,4,0,0,216,0,-4,0,-4,0,-4,-4,-240,-4,-4,0,16,-4,-248,0,-4,-4
2194,0x55763b07c2e7,W,0x7ffefa157d50,1,0,4,4,0,4,4,0,0,4,4,4,0,4,0,216,4,-4,-4,16,0,-4,0,0,-4,-4,0,-4,-4,0,0,-4,-4
2196,0x55763b07c2ec,R,0x7ffefa157d4c,1,-4,-4,228,-4,-20,0,0,-4,220,0,-20,-4,0,0,-4,0,0,0,20,0,-236,4,0,0,20,4,-244,0,0,4,0,4
2197,0x55763b07c2ec,W,0x7ffefa157d4c,1,0,-4,228,0,0,0,0,-4,-4,0,0,-4,0,0,-4,-4,0,4,0,0,4,4,0,0,0,4,4,0,0,0,20,4
2199,0x55763b07c2f0,R,0x7ffefa157d4c,1,0,0,-4,0,0,-4,-20,-4,0,0,220,-4,-20,0,0,-4,20,4,-236,0,0,4,20,0,-244,4,4,4,0,0,20,0
2202,0x55763b07c2cf,R,0x7ffefa157d60,1,20,20,16,16,248,16,0,20,20,20,16,16,20,20,20,16,-20,-16,-16,-20,-20,-16,-20,-20,-264,-20,-20,-16,-20,-16,-20,-20
2204,0x55763b07c2d3,R,0x7ffefa157d4c,1,-20,0,0,-4,228,0,0,0,0,-4,0,-4,220,0,-20,-4,-236,4,0,0,20,4,0,4,4,0,0,0,20,4,-252,0
2207,0x55763b07c2d9,R,0x7ffefa157c60,1,-236,-236,-236,-240,-240,-236,-236,-240,-256,-240,-236,-236,-240,-236,-236,-240,240,240,236,236,256,236,-8,240,240,240,236,236,236,240,240,236
2209,0x55763b07c2de,R,0x7ffefa157d50,1,240,4,-16,0,4,4,232,0,-16,4,4,4,0,0,224,0,-4,0,-4,0,-4,-4,-248,-4,-4,0,16,-4,-256,0,-4,-4
2212,0x55763b07c2e7,W,0x7ffefa157d50,1,0,4,4,0,4,4,0,0,4,4,4,0,4,0,224,4,-4,-4,16,0,-4,0,0,-4,-4,0,-4,-4,0,0,-4,-4
2214,0x55763b07c2ec,R,0x7ffefa157d4c,1,-4,-4,236,-4,-20,0,0,-4,228,0,-20,-4,0,0,-4,0,0,0,20,0,-244,4,0,0,20,4,-252,0,0,4,0,4
2215,0x55763b07c2ec,W,0x7ffefa157d4c,1,0,-4,236,0,0,0,0,-4,-4,0,0,-4,0,0,-4,-4,0,4,0,0,4,4,0,0,0,4,4,0,0,0,20,4
2217,0x55763b07c2f0,R,0x7ffefa157d4c,1,0,0,-4,0,0,-4,-20,-4,0,0,228,-4,-20,0,0,-4,20,4,-244,0,0,4,20,0,-252,4,4,4,0,0,20,0
2220,0x55763b07c2cf,R,0x7ffefa157d60,1,20,20,16,16,256,16,0,20,20,20,16,16,20,20,20,16,-20,-16,-16,-20,-20,-16,-20,-20,-272,-20,-20,-16,-20,-16,-20,-20
2222,0x55763b07c2d3,R,0x7ffefa157d4c,1,-20,0,0,-4,236,0,0,0,0,-4,0,-4,228,0,-20,-4,-244,4,0,0,20,4,0,4,4,0,0,0,20,4,-260,0
2225,0x55763b07c2d9,R,0x7ffefa157c58,1,-244,-244,-244,-248,-248,-244,-244,-248,-264,-248,-244,-244,-248,-244,-244,-248,248,248,244,244,264,244,-8,248,248,248,244,244,244,248,248,244
2227,0x55763b07c2de,R,0x7ffefa157d50,1,248,4,-16,0,4,4,240,0,-16,4,4,4,0,0,232,0,-4,0,-4,0,-4,-4,-256,-4,-4,0,16,-4,-264,0,-4,-4
2230,0x55763b07c2e7,W,0x7ffefa157d50,1,0,4,4,0,4,4,0,0,4,4,4,0,4,0,232,4,-4,-4,16,0,-4,0,0,-4,-4,0,-4,-4,0,0,-4,-4
2232,0x55763b07c2ec,R,0x7ffefa157d4c,1,-4,-4,244,-4,-20,0,0,-4,236,0,-20,-4,0,0,-4,0,0,0,20,0,-252,4,0,0,20,4,-260,0,0,4,0,4
2233,0x55763b07c2ec,W,0x7ffefa157d4c,1,0,-4,244,0,0,0,0,-4,-4,0,0,-4,0,0,-4,-4,0,4,0,0,4,4,0,0,0,4,4,0,0,0,20,4
2235,0x55763b07c2f0,R,0x7ffefa157d4c,1,0,0,-4,0,0,-4,-20,-4,0,0,236,-4,-20,0,0,-4,20,4,-252,0,0,4,20,0,-260,4,4,4,0,0,20,0
2238,0x55763b07c2cf,R,0x7ffefa157d60,1,20,20,16,16,264,16,0,20,20,20,16,16,20,20,20,16,-20,-16,-16,-20,-20,-16,-20,-20,-280,-20,-20,-16,-20,-16,-20,-20
2240,0x55763b07c2d3,R,0x7ffefa157d4c,1,-20,0,0,-4,244,0,0,0,0,-4,0,-4,236,0,-20,-4,-252,4,0,0,20,4,0,4,4,0,0,0,20,4,-268,0
2243,0x55763b07c2d9,R,0x7ffefa157c50,1,-252,-252,-252,-256,-256,-252,-252,-256,-272,-256,-252,-252,-256,-252,-252,-256,256,256,252,252,272,252,-8,256,256,256,252,252,252,256,256,252
2245,0x55763b07c2de,R,0x7ffefa157d50,1,256,4,-16,0,4,4,248,0,-16,4,4,4,0,0,240,0,-4,0,-4,0,-4,-4,-264,-4,-4,0,16,-4,-272,0,-4,-4
2248,0x55763b07c2e7,W,0x7ffefa157d50,1,0,4,4,0,4,4,0,0,4,4,4,0,4,0,240,4,-4,-4,16,0,-4,0,0,-4,-4,0,-4,-4,0,0,-4,-4
2250,0x55763b07c2ec,R,0x7ffefa157d4c,1,-4,-4,252,-4,-20,0,0,-4,244,0,-20,-4,0,0,-4,0,0,0,20,0,-260,4,0,0,20,4,-268,0,0,4,0,4
2251,0x55763b07c2ec,W,0x7ffefa157d4c,1,0,-4,252,0,0,0,0,-4,-4,0,0,-4,0,0,-4,-4,0,4,0,0,4,4,0,0,0,4,4,0,0,0,20,4
2253,0x55763b07c2f0,R,0x7ffefa157d4c,1,0,0,-4,0,0,-4,-20,-4,0,0,244,-4,-20,0,0,-4,20,4,-260,0,0,4,20,0,-268,4,4,4,0,0,20,0
2256,0x55763b07c2cf,R,0x7ffefa157d60,1,20,20,16,16,272,16,0,20,20,20,16,16,20,20,20,16,-20,-16,-16,-20,-20,-16,-20,-20,-288,-20,-20,-16,-20,-16,-20,-20
2258,0x55763b07c2d3,R,0x7ffefa157d4c,1,-20,0,0,-4,252,0,0,0,0,-4,0,-4,244,0,-20,-4,-260,4,0,0,20,4,0,4,4,0,0,0,20,4,-276,0
2261,0x55763b07c2d9,R,0x7ffefa157c48,1,-260,-260,-260,-264,-264,-260,-260,-264,-280,-264,-260,-260,-264,-260,-260,-264,264,264,260,260,280,260,-8,264,264,264,260,260,260,264,264,260
2263,0x55763b07c2de,R,0x7ffefa157d50,1,264,4,-16,0,4,4,256,0,-16,4,4,4,0,0,248,0,-4,0,-4,0,-4,-4,-272,-4,-4,0,16,-4,-280,0,-4,-4
2266,0x55763b07c2e7,W,0x7ffefa157d50,1,0,4,4,0,4,4,0,0,4,4,4,0,4,0,248,4,-4,-4,16,0,-4,0,0,-4,-4,0,-4,-4,0,0,-4,-4
2268,0x55763b07c2ec,R,0x7ffefa157d4c,1,-4,-4,260,-4,-20,0,0,-4,252,0,-20,-4,0,0,-4,0,0,0,20,0,-268,4,0,0,20,4,-276,0,0,4,0,4
2269,0x55763b07c2ec,W,0x7ffefa157d4c,1,0,-4,260,0,0,0,0,-4,-4,0,0,-4,0,0,-4,-4,0,4,0,0,4,4,0,0,0,4,4,0,0,0,20,4
2271,0x55763b07c2f0,R,0x7ffefa157d4c,1,0,0,-4,0,0,-4,-20,-4,0,0,252,-4,-20,0,0,-4,20,4,-268,0,0,4,20,0,-276,4,4,4,0,0,20,0
2274,0x55763b07c2cf,R,0x7ffefa157d60,1,20,20,16,16,280,16,0,20,20,20,16,16,20,20,20,16,-20,-16,-16,-20,-20,-16,-20,-20,-296,-20,-20,-16,-20,-16,-20,-20
2276,0x55763b07c2d3,R,0x7ffefa157d4c,1,-20,0,0,-4,260,0,0,0,0,-4,0,-4,252,0,-20,-4,-268,4,0,0,20,4,0,4,4,0,0,0,20,4,-284,0
2279,0x55763b07c2d9,R,0x7ffefa157c40,1,-268,-268,-268,-272,-272,-268,-268,-272,-288,-272,-268,-268,-272,-268,-268,-272,272,272,268,268,288,268,-8,272,272,272,268,268,268,272,272,268
2281,0x55763b07c2de,R,0x7ffefa157d50,1,272,4,-16,0,4,4,264,0,-16,4,4,4,0,0,256,0,-4,0,-4,0,-4,-4,-280,-4,-4,0,16,-4,-288,0,-4,-4
2284,0x55763b07c2e7,W,0x7ffefa157d50,1,0,4,4,0,4,4,0,0,4,4,4,0,4,0,256,4,-4,-4,16,0,-4,0,0,-4,-4,0,-4,-4,0,0,-4,-4
2286,0x55763b07c2ec,R,0x7ffefa157d4c,1,-4,-4,268,-4,-20,0,0,-4,260,0,-20,-4,0,0,-4,0,0,0,20,0,-276,4,0,0,20,4,-284,0,0,4,0,4
2287,0x55763b07c2ec,W,0x7ffefa157d4c,1,0,-4,268,0,0,0,0,-4,-4,0,0,-4,0,0,-4,-4,0,4,0,0,4,4,0,0,0,4,4,0,0,0,20,4
2289,0x55763b07c2f0,R,0x7ffefa157d4c,1,0,0,-4,0,0,-4,-20,-4,0,0,260,-4,-20,0,0,-4,20,4,-276,0,0,4,20,0,-284,4,4,4,0,0,20,0
2292,0x55763b07c2cf,R,0x7ffefa157d60,1,20,20,16,16,288,16,0,20,20,20,16,16,20,20,20,16,-20,-16,-16,-20,-20,-16,-20,-20,-304,-20,-20,-16,-20,-16,-20,-20
2294,0x55763b07c2d3,R,0x7ffefa157d4c,1,-20,0,0,-4,268,0,0,0,0,-4,0,-4,260,0,-20,-4,-276,4,0,0,20,4,0,4,4,0,0,0,20,4,-292,0
2297,0x55763b07c2d9,R,0x7ffefa157c38,1,-276,-276,-276,-280,-280,-276,-276,-280,-296,-280,-276,-276,-280,-276,-276,-280,280,280,276,276,296,276,-8,280,280,280,276,276,276,280,280,276
2299,0x55763b07c2de,R,0x7ffefa157d50,1,280,4,-16,0,4,4,272,0,-16,4,4,4,0,0,264,0,-4,0,-4,0,-4,-4,-288,-4,-4,0,16,-4,-296,0,-4,-4
2302,0x55763b07c2e7,W,0x7ffefa157d50,1,0,4,4,0,4,4,0,0,4,4,4,0,4,0,264,4,-4,-4,16,0,-4,0,0,-4,-4,0,-4,-4,0,0,-4,-4
2304,0x55763b07c2ec,R,0x7ffefa157d4c,1,-4,-4,276,-4,-20,0,0,-4,268,0,-20,-4,0,0,-4,0,0,0,20,0,-284,4,0,0,20,4,-292,0,0,4,0,4
2305,0x55763b07c2ec,W,0x7ffefa157d4c,1,0,-4,276,0,0,0,0,-4,-4,0,0,-4,0,0,-4,-4,0,4,0,0,4,4,0,0,0,4,4,0,0,0,20,4
2307,0x55763b07c2f0,R,0x7ffefa157d4c,1,0,0,-4,0,0,-4,-20,-4,0,0,268,-4,-20,0,0,-4,20,4,-284,0,0,4,20,0,-292,4,4,4,0,0,20,0
2310,0x55763b07c2cf,R,0x7ffefa157d60,1,20,20,16,16,296,16,0,20,20,20,16,16,20,20,20,16,-20,-16,-16,-20,-20,-16,-20,-20,-312,-20,-20,-16,-20,-16,-20,-20
2312,0x55763b07c2d3,R,0x7ffefa157d4c,1,-20,0,0,-4,276,0,0,0,0,-4,0,-4,268,0,-20,-4,-284,4,0,0,20,4,0,4,4,0,0,0,20,4,-300,0
2315,0x55763b07c2d9,R,0x7ffefa157c30,1,-284,-284,-284,-288,-288,-284,-284,-288,-304,-288,-284,-284,-288,-284,-284,-288,288,288,284,284,304,284,-8,288,288,288,284,284,284,288,288,284
2317,0x55763b07c2de,R,0x7ffefa157d50,1,288,4,-16,0,4,4,280,0,-16,4,4,4,0,0,272,0,-4,0,-4,0,-4,-4,-296,-4,-4,0,16,-4,-304,0,-4,-4
2320,0x55763b07c2e7,W,0x7ffefa157d50,1,0,4,4,0,4,4,0,0,4,4,4,0,4,0,272,4,-4,-4,16,0,-4,0,0,-4,-4,0,-4,-4,0,0,-4,-4
2322,0x55763b07c2ec,R,0x7ffefa157d4c,1,-4,-4,284,-4,-20,0,0,-4,276,0,-20,-4,0,0,-4,0,0,0,20,0,-292,4,0,0,20,4,-300,0,0,4,0,4
2323,0x55763b07c2ec,W,0x7ffefa157d4c,1,0,-4,284,0,0,0,0,-4,-4,0,0,-4,0,0,-4,-4,0,4,0,0,4,4,0,0,0,4,4,0,0,0,20,4
2325,0x55763b07c2f0,R,0x7ffefa157d4c,1,0,0,-4,0,0,-4,-20,-4,0,0,276,-4,-20,0,0,-4,20,4,-292,0,0,4,20,0,-300,4,4,4,0,0,20,0
2328,0x55763b07c2cf,R,0x7ffefa157d60,1,20,20,16,16,304,16,0,20,20,20,16,16,20,20,20,16,-20,-16,-16,-20,-20,-16,-20,-20,-320,-20,-20,-16,-20,-16,-20,-20
2330,0x55763b07c2d3,R,0x7ffefa157d4c,1,-20,0,0,-4,284,0,0,0,0,-4,0,-4,276,0,-20,-4,-292,4,0,0,20,4,0,4,4,0,0,0,20,4,-308,0
2333,0x55763b07c2d9,R,0x7ffefa157c28,1,-292,-292,-292,-296,-296,-292,-292,-296,-312,-296,-292,-292,-296,-292,-292,-296,296,296,292,292,312,292,-8,296,296,296,292,292,292,296,296,292
2335,0x55763b07c2de,R,0x7ffefa157d50,1,296,4,-16,0,4,4,288,0,-16,4,4,4,0,0,280,0,-4,0,-4,0,-4,-4,-304,-4,-4,0,16,-4,-312,0,-4,-4
2338,0x55763b07c2e7,W,0x7ffefa157d50,1,0,4,4,0,4,4,0,0,4,4,4,0,4,0,280,4,-4,-4,16,0,-4,0,0,-4,-4,0,-4,-4,0,0,-4,-4
2340,0x55763b07c2ec,R,0x7ffefa157d4c,1,-4,-4,292,-4,-20,0,0,-4,284,0,-20,-4,0,0,-4,0,0,0,20,0,-300,4,0,0,20,4,-308,0,0,4,0,4
2341,0x55763b07c2ec,W,0x7ffefa157d4c,1,0,-4,292,0,0,0,0,-4,-4,0,0,-4,0,0,-4,-4,0,4,0,0,4,4,0,0,0,4,4,0,0,0,20,4
2343,0x55763b07c2f0,R,0x7ffefa157d4c,1,0,0,-4,0,0,-4,-20,-4,0,0,284,-4,-20,0,0,-4,20,4,-300,0,0,4,20,0,-308,4,4,4,0,0,20,0
2346,0x55763b07c2cf,R,0x7ffefa157d60,1,20,20,16,16,312,16,0,20,20,20,16,16,20,20,20,16,-20,-16,-16,-20,-20,-16,-20,-20,-328,-20,-20,-16,-20,-16,-20,-20
2348,0x55763b07c2d3,R,0x7ffefa157d4c,1,-20,0,0,-4,292,0,0,0,0,-4,0,-4,284,0,-20,-4,-300,4,0,0,20,4,0,4,4,0,0,0,20,4,-316,0
2351,0x55763b07c2d9,R,0x7ffefa157c20,1,-300,-300,-300,-304,-304,-300,-300,-304,-320,-304,-300,-300,-304,-300,-300,-304,304,304,300,300,320,300,-8,304,304,304,300,300,300,304,304,300
2353,0x55763b07c2de,R,0x7ffefa157d50,1,304,4,-16,0,4,4,296,0,-16,4,4,4,0,0,288,0,-4,0,-4,0,-4,-4,-312,-4,-4,0,16,-4,-320,0,-4,-4
2356,0x55763b07c2e7,W,0x7ffefa157d50,1,0,4,4,0,4,4,0,0,4,4,4,0,4,0,288,4,-4,-4,16,0,-4,0,0,-4,-4,0,-4,-4,0,0,-4,-4
2358,0x55763b07c2ec,R,0x7ffefa157d4c,1,-4,-4,300,-4,-20,0,0,-4,292,0,-20,-4,0,0,-4,0,0,0,20,0,-308,4,0,0,20,4,-316,0,0,4,0,4
2359,0x55763b07c2ec,W,0x7ffefa157d4c,1,0,-4,300,0,0,0,0,-4,-4,0,0,-4,0,0,-4,-4,0,4,0,0,4,4,0,0,0,4,4,0,0,0,20,4
2361,0x55763b07c2f0,R,0x7ffefa157d4c,1,0,0,-4,0,0,-4,-20,-4,0,0,292,-4,-20,0,0,-4,20,4,-308,0,0,4,20,0,-316,4,4,4,0,0,20,0
2364,0x55763b07c2cf,R,0x7ffefa157d60,1,20,20,16,16,320,16,0,20,20,20,16,16,20,20,20,16,-20,-16,-16,-20,-20,-16,-20,-20,-336,-20,-20,-16,-20,-16,-20,-20
2366,0x55763b07c2d3,R,0x7ffefa157d4c,1,-20,0,0,-4,300,0,0,0,0,-4,0,-4,292,0,-20,-4,-308,4,0,0,20,4,0,4,4,0,0,0,20,4,-324,0
2369,0x55763b07c2d9,R,0x7ffefa157c18,1,-308,-308,-308,-312,-312,-308,-308,-312,-328,-312,-308,-308,-312,-308,-308,-312,312,312,308,308,328,308,-8,312,312,312,308,308,308,312,312,308
2371,0x55763b07c2de,R,0x7ffefa157d50,1,312,4,-16,0,4,4,304,0,-16,4,4,4,0,0,296,0,-4,0,-4,0,-4,-4,-320,-4,-4,0,16,-4,-328,0,-4,-4
2374,0x55763b07c2e7,W,0x7ffefa157d50,1,0,4,4,0,4,4,0,0,4,4,4,0,4,0,296,4,-4,-4,16,0,-4,0,0,-4,-4,0,-4,-4,0,0,-4,-4
2376,0x55763b07c2ec,R,0x7ffefa157d4c,1,-4,-4,308,-4,-20,0,0,-4,300,0,-20,-4,0,0,-4,0,0,0,20,0,-316,4,0,0,20,4,-324,0,0,4,0,4
2377,0x55763b07c2ec,W,0x7ffefa157d4c,1,0,-4,308,0,0,0,0,-4,-4,0,0,-4,0,0,-4,-4,0,4,0,0,4,4,0,0,0,4,4,0,0,0,20,4
2379,0x55763b07c2f0,R,0x7ffefa157d4c,1,0,0,-4,0,0,-4,-20,-4,0,0,300,-4,-20,0,0,-4,20,4,-316,0,0,4,20,0,-324,4,4,4,0,0,20,0
2382,0x55763b07c2cf,R,0x7ffefa157d60,1,20,20,16,16,328,16,0,20,20,20,16,16,20,20,20,16,-20,-16,-16,-20,-20,-16,-20,-20,-344,-20,-20,-16,-20,-16,-20,-20
2384,0x55763b07c2d3,R,0x7ffefa157d4c,1,-20,0,0,-4,308,0,0,0,0,-4,0,-4,300,0,-20,-4,-316,4,0,0,20,4,0,4,4,0,0,0,20,4,-332,0
2387,0x55763b07c2d9,R,0x7ffefa157c10,1,-316,-316,-316,-320,-320,-316,-316,-320,-336,-320,-316,-316,-320,-316,-316,-320,320,320,316,316,336,316,-8,320,320,320,316,316,316,320,320,316
2389,0x55763b07c2de,R,0x7ffefa157d50,1,320,4,-16,0,4,4,312,0,-16,4,4,4,0,0,304,0,-4,0,-4,0,-4,-4,-328,-4,-4,0,16,-4,-336,0,-4,-4
2392,0x55763b07c2e7,W,0x7ffefa157d50,1,0,4,4,0,4,4,0,0,4,4,4,0,4,0,304,4,-4,-4,16,0,-4,0,0,-4,-4,0,-4,-4,0,0,-4,-4
2394,0x55763b07c2ec,R,0x7ffefa157d4c,1,-4,-4,316,-4,-20,0,0,-4,308,0,-20,-4,0,0,-4,0,0,0,20,0,-324,4,0,0,20,4,-332,0,0,4,0,4
2395,0x55763b07c2ec,W,0x7ffefa157d4c,1,0,-4,316,0,0,0,0,-4,-4,0,0,-4,0,0,-4,-4,0,4,0,0,4,4,0,0,0,4,4,0,0,0,20,4
2397,0x55763b07c2f0,R,0x7ffefa157d4c,1,0,0,-4,0,0,-4,-20,-4,0,0,308,-4,-20,0,0,-4,20,4,-324,0,0,4,20,0,-332,4,4,4,0,0,20,0
2400,0x55763b07c2cf,R,0x7ffefa157d60,1,20,20,16,16,336,16,0,20,20,20,16,16,20,20,20,16,-20,-16,-16,-20,-20,-16,-20,-20,-352,-20,-20,-16,-20,-16,-20,-20
2402,0x55763b07c2d3,R,0x7ffefa157d4c,1,-20,0,0,-4,316,0,0,0,0,-4,0,-4,308,0,-20,-4,-324,4,0,0,20,4,0,4,4,0,0,0,20,4,-340,0
2405,0x55763b07c2d9,R,0x7ffefa157c08,1,-324,-324,-324,-328,-328,-324,-324,-328,-344,-328,-324,-324,-328,-324,-324,-328,328,328,324,324,344,324,-8,328,328,328,324,324,324,328,328,324
2407,0x55763b07c2de,R,0x7ffefa157d50,1,328,4,-16,0,4,4,320,0,-16,4,4,4,0,0,312,0,-4,0,-4,0,-4,-4,-336,-4,-4,0,16,-4,-344,0,-4,-4
2410,0x55763b07c2e7,W,0x7ffefa157d50,1,0,4,4,0,4,4,0,0,4,4,4,0,4,0,312,4,-4,-4,16,0,-4,0,0,-4,-4,0,-4,-4,0,0,-4,-4
2412,0x55763b07c2ec,R,0x7ffefa157d4c,1,-4,-4,324,-4,-20,0,0,-4,316,0,-20,-4,0,0,-4,0,0,0,20,0,-332,4,0,0,20,4,-340,0,0,4,0,4
2413,0x55763b07c2ec,W,0x7ffefa157d4c,1,0,-4,324,0,0,0,0,-4,-4,0,0,-4,0,0,-4,-4,0,4,0,0,4,4,0,0,0,4,4,0,0,0,20,4
2415,0x55763b07c2f0,R,0x7ffefa157d4c,1,0,0,-4,0,0,-4,-20,-4,0,0,316,-4,-20,0,0,-4,20,4,-332,0,0,4,20,0,-340,4,4,4,0,0,20,0
2418,0x55763b07c2cf,R,0x7ffefa157d60,1,20,20,16,16,344,16,0,20,20,20,16,16,20,20,20,16,-20,-16,-16,-20,-20,-16,-20,-20,-360,-20,-20,-16,-20,-16,-20,-20
2420,0x55763b07c2d3,R,0x7ffefa157d4c,1,-20,0,0,-4,324,0,0,0,0,-4,0,-4,316,0,-20,-4,-332,4,0,0,20,4,0,4,4,0,0,0,20,4,-348,0
2423,0x55763b07c2d9,R,0x7ffefa157c00,1,-332,-332,-332,-336,-336,-332,-332,-336,-352,-336,-332,-332,-336,-332,-332,-336,336,336,332,332,352,332,-8,336,336,336,332,332,332,336,336,332
2425,0x55763b07c2de,R,0x7ffefa157d50,1,336,4,-16,0,4,4,328,0,-16,4,4,4,0,0,320,0,-4,0,-4,0,-4,-4,-344,-4,-4,0,16,-4,-352,0,-4,-4
2428,0x55763b07c2e7,W,0x7ffefa157d50,1,0,4,4,0,4,4,0,0,4,4,4,0,4,0,320,4,-4,-4,16,0,-4,0,0,-4,-4,0,-4,-4,0,0,-4,-4
2430,0x55763b07c2ec,R,0x7ffefa157d4c,1,-4,-4,332,-4,-20,0,0,-4,324,0,-20,-4,0,0,-4,0,0,0,20,0,-340,4,0,0,20,4,-348,0,0,4,0,4
2431,0x55763b07c2ec,W,0x7ffefa157d4c,1,0,-4,332,0,0,0,0,-4,-4,0,0,-4,0,0,-4,-4,0,4,0,0,4,4,0,0,0,4,4,0,0,0,20,4
2433,0x55763b07c2f0,R,0x7ffefa157d4c,1,0,0,-4,0,0,-4,-20,-4,0,0,324,-4,-20,0,0,-4,20,4,-340,0,0,4,20,0,-348,4,4,4,0,0,20,0
2436,0x55763b07c2cf,R,0x7ffefa157d60,1,20,20,16,16,352,16,0,20,20,20,16,16,20,20,20,16,-20,-16,-16,-20,-20,-16,-20,-20,-368,-20,-20,-16,-20,-16,-20,-20
2438,0x55763b07c2d3,R,0x7ffefa157d4c,1,-20,0,0,-4,332,0,0,0,0,-4,0,-4,324,0,-20,-4,-340,4,0,0,20,4,0,4,4,0,0,0,20,4,-356,0
2441,0x55763b07c2d9,R,0x7ffefa157bf8,1,-340,-340,-340,-344,-344,-340,-340,-344,-360,-344,-340,-340,-344,-340,-340,-344,344,344,340,340,360,340,-8,344,344,344,340,340,340,344,344,340
2443,0x55763b07c2de,R,0x7ffefa157d50,1,344,4,-16,0,4,4,336,0,-16,4,4,4,0,0,328,0,-4,0,-4,0,-4,-4,-352,-4,-4,0,16,-4,-360,0,-4,-4
2446,0x55763b07c2e7,W,0x7ffefa157d50,1,0,4,4,0,4,4,0,0,4,4,4,0,4,0,328,4,-4,-4,16,0,-4,0,0,-4,-4,0,-4,-4,0,0,-4,-4
2448,0x55763b07c2ec,R,0x7ffefa157d4c,1,-4,-4,340,-4,-20,0,0,-4,332,0,-20,-4,0,0,-4,0,0,0,20,0,-348,4,0,0,20,4,-356,0,0,4,0,4
2449,0x55763b07c2ec,W,0x7ffefa157d4c,1,0,-4,340,0,0,0,0,-4,-4,0,0,-4,0,0,-4,-4,0,4,0,0,4,4,0,0,0,4,4,0,0,0,20,4
2451,0x55763b07c2f0,R,0x7ffefa157d4c,1,0,0,-4,0,0,-4,-20,-4,0,0,332,-4,-20,0,0,-4,20,4,-348,0,0,4,20,0,-356,4,4,4,0,0,20,0
2454,0x55763b07c2cf,R,0x7ffefa157d60,1,20,20,16,16,360,16,0,20,20,20,16,16,20,20,20,16,-20,-16,-16,-20,-20,-16,-20,-20,-376,-20,-20,-16,-20,-16,-20,-20
2456,0x55763b07c2d3,R,0x7ffefa157d4c,1,-20,0,0,-4,340,0,0,0,0,-4,0,-4,332,0,-20,-4,-348,4,0,0,20,4,0,4,4,0,0,0,20,4,-364,0
2459,0x55763b07c2d9,R,0x7ffefa157bf0,1,-348,-348,-348,-352,-352,-348,-348,-352,-368,-352,-348,-348,-352,-348,-348,-352,352,352,348,348,368,348,-8,352,352,352,348,348,348,352,352,348
2461,0x55763b07c2de,R,0x7ffefa157d50,1,352,4,-16,0,4,4,344,0,-16,4,4,4,0,0,336,0,-4,0,-4,0,-4,-4,-360,-4,-4,0,16,-4,-368,0,-4,-4
2464,0x55763b07c2e7,W,0x7ffefa157d50,1,0,4,4,0,4,4,0,0,4,4,4,0,4,0,336,4,-4,-4,16,0,-4,0,0,-4,-4,0,-4,-4,0,0,-4,-4
2466,0x55763b07c2ec,R,0x7ffefa157d4c,1,-4,-4,348,-4,-20,0,0,-4,340,0,-20,-4,0,0,-4,0,0,0,20,0,-356,4,0,0,20,4,-364,0,0,4,0,4
2467,0x55763b07c2ec,W,0x7ffefa157d4c,1,0,-4,348,0,0,0,0,-4,-4,0,0,-4,0,0,-4,-4,0,4,0,0,4,4,0,0,0,4,4,0,0,0,20,4
2469,0x55763b07c2f0,R,0x7ffefa157d4c,1,0,0,-4,0,0,-4,-20,-4,0,0,340,-4,-20,0,0,-4,20,4,-356,0,0,4,20,0,-364,4,4,4,0,0,20,0
2472,0x55763b07c2cf,R,0x7ffefa157d60,1,20,20,16,16,368,16,0,20,20,20,16,16,20,20,20,16,-20,-16,-16,-20,-20,-16,-20,-20,-384,-20,-20,-16,-20,-16,-20,-20
2474,0x55763b07c2d3,R,0x7ffefa157d4c,1,-20,0,0,-4,348,0,0,0,0,-4,0,-4,340,0,-20,-4,-356,4,0,0,20,4,0,4,4,0,0,0,20,4,-372,0
2477,0x55763b07c2d9,R,0x7ffefa157be8,1,-356,-356,-356,-360,-360,-356,-356,-360,-376,-360,-356,-356,-360,-356,-356,-360,360,360,356,356,376,356,-8,360,360,360,356,356,356,360,360,356
2479,0x55763b07c2de,R,0x7ffefa157d50,1,360,4,-16,0,4,4,352,0,-16,4,4,4,0,0,344,0,-4,0,-4,0,-4,-4,-368,-4,-4,0,16,-4,-376,0,-4,-4
2482,0x55763b07c2e7,W,0x7ffefa157d50,1,0,4,4,0,4,4,0,0,4,4,4,0,4,0,344,4,-4,-4,16,0,-4,0,0,-4,-4,0,-4,-4,0,0,-4,-4
2484,0x55763b07c2ec,R,0x7ffefa157d4c,1,-4,-4,356,-4,-20,0,0,-4,348,0,-20,-4,0,0,-4,0,0,0,20,0,-364,4,0,0,20,4,-372,0,0,4,0,4
2485,0x55763b07c2ec,W,0x7ffefa157d4c,1,0,-4,356,0,0,0,0,-4,-4,0,0,-4,0,0,-4,-4,0,4,0,0,4,4,0,0,0,4,4,0,0,0,20,4
2487,0x55763b07c2f0,R,0x7ffefa157d4c,1,0,0,-4,0,0,-4,-20,-4,0,0,348,-4,-20,0,0,-4,20,4,-364,0,0,4,20,0,-372,4,4,4,0,0,20,0
2490,0x55763b07c2cf,R,0x7ffefa157d60,1,20,20,16,16,376,16,0,20,20,20,16,16,20,20,20,16,-20,-16,-16,-20,-20,-16,-20,-20,-392,-20,-20,-16,-20,-16,-20,-20
2492,0x55763b07c2d3,R,0x7ffefa157d4c,1,-20,0,0,-4,356,0,0,0,0,-4,0,-4,348,0,-20,-4,-364,4,0,0,20,4,0,4,4,0,0,0,20,4,-380,0
2495,0x55763b07c2d9,R,0x7ffefa157be0,1,-364,-364,-364,-368,-368,-364,-364,-368,-384,-368,-364,-364,-368,-364,-364,-368,368,368,364,364,384,364,-8,368,368,368,364,364,364,368,368,364
2497,0x55763b07c2de,R,0x7ffefa157d50,1,368,4,-16,0,4,4,360,0,-16,4,4,4,0,0,352,0,-4,0,-4,0,-4,-4,-376,-4,-4,0,16,-4,-384,0,-4,-4
2500,0x55763b07c2e7,W,0x7ffefa157d50,1,0,4,4,0,4,4,0,0,4,4,4,0,4,0,352,4,-4,-4,16,0,-4,0,0,-4,-4,0,-4,-4,0,0,-4,-4
2502,0x55763b07c2ec,R,0x7ffefa157d4c,1,-4,-4,364,-4,-20,0,0,-4,356,0,-20,-4,0,0,-4,0,0,0,20,0,-372,4,0,0,20,4,-380,0,0,4,0,4
2503,0x55763b07c2ec,W,0x7ffefa157d4c,1,0,-4,364,0,0,0,0,-4,-4,0,0,-4,0,0,-4,-4,0,4,0,0,4,4,0,0,0,4,4,0,0,0,20,4
2505,0x55763b07c2f0,R,0x7ffefa157d4c,1,0,0,-4,0,0,-4,-20,-4,0,0,356,-4,-20,0,0,-4,20,4,-372,0,0,4,20,0,-380,4,4,4,0,0,20,0
2508,0x55763b07c2cf,R,0x7ffefa157d60,1,20,20,16,16,384,16,0,20,20,20,16,16,20,20,20,16,-20,-16,-16,-20,-20,-16,-20,-20,-400,-20,-20,-16,-20,-16,-20,-20
2510,0x55763b07c2d3,R,0x7ffefa157d4c,1,-20,0,0,-4,364,0,0,0,0,-4,0,-4,356,0,-20,-4,-372,4,0,0,20,4,0,4,4,0,0,0,20,4,-388,0
2513,0x55763b07c2d9,R,0x7ffefa157bd8,1,-372,-372,-372,-376,-376,-372,-372,-376,-392,-376,-372,-372,-376,-372,-372,-376,376,376,372,372,392,372,-8,376,376,376,372,372,372,376,376,372
2515,0x55763b07c2de,R,0x7ffefa157d50,1,376,4,-16,0,4,4,368,0,-16,4,4,4,0,0,360,0,-4,0,-4,0,-4,-4,-384,-4,-4,0,16,-4,-392,0,-4,-4
2518,0x55763b07c2e7,W,0x7ffefa157d50,1,0,4,4,0,4,4,0,0,4,4,4,0,4,0,360,4,-4,-4,16,0,-4,0,0,-4,-4,0,-4,-4,0,0,-4,-4
2520,0x55763b07c2ec,R,0x7ffefa157d4c,1,-4,-4,372,-4,-20,0,0,-4,364,0,-20,-4,0,0,-4,0,0,0,20,0,-380,4,0,0,20,4,-388,0,0,4,0,4
2521,0x55763b07c2ec,W,0x7ffefa157d4c,1,0,-4,372,0,0,0,0,-4,-4,0,0,-4,0,0,-4,-4,0,4,0,0,4,4,0,0,0,4,4,0,0,0,20,4
2523,0x55763b07c2f0,R,0x7ffefa157d4c,1,0,0,-4,0,0,-4,-20,-4,0,0,364,-4,-20,0,0,-4,20,4,-380,0,0,4,20,0,-388,4,4,4,0,0,20,0
2526,0x55763b07c2cf,R,0x7ffefa157d60,1,20,20,16,16,392,16,0,20,20,20,16,16,20,20,20,16,-20,-16,-16,-20,-20,-16,-20,-20,-408,-20,-20,-16,-20,-16,-20,-20
2528,0x55763b07c2d3,R,0x7ffefa157d4c,1,-20,0,0,-4,372,0,0,0,0,-4,0,-4,364,0,-20,-4,-380,4,0,0,20,4,0,4,4,0,0,0,20,4,-396,0
2531,0x55763b07c2d9,R,0x7ffefa157bd0,1,-380,-380,-380,-384,-384,-380,-380,-384,-400,-384,-380,-380,-384,-380,-380,-384,384,384,380,380,400,380,-8,384,384,384,380,380,380,384,384,380
2533,0x55763b07c2de,R,0x7ffefa157d50,1,384,4,-16,0,4,4,376,0,-16,4,4,4,0,0,368,0,-4,0,-4,0,-4,-4,-392,-4,-4,0,16,-4,-400,0,-4,-4
2536,0x55763b07c2e7,W,0x7ffefa157d50,1,0,4,4,0,4,4,0,0,4,4,4,0,4,0,368,4,-4,-4,16,0,-4,0,0,-4,-4,0,-4,-4,0,0,-4,-4
2538,0x55763b07c2ec,R,0x7ffefa157d4c,1,-4,-4,380,-4,-20,0,0,-4,372,0,-20,-4,0,0,-4,0,0,0,20,0,-388,4,0,0,20,4,-396,0,0,4,0,4
2539,0x55763b07c2ec,W,0x7ffefa157d4c,1,0,-4,380,0,0,0,0,-4,-4,0,0,-4,0,0,-4,-4,0,4,0,0,4,4,0,0,0,4,4,0,0,0,20,4
2541,0x55763b07c2f0,R,0x7ffefa157d4c,1,0,0,-4,0,0,-4,-20,-4,0,0,372,-4,-20,0,0,-4,20,4,-388,0,0,4,20,0,-396,4,4,4,0,0,20,0
2544,0x55763b07c2cf,R,0x7ffefa157d60,1,20,20,16,16,400,16,0,20,20,20,16,16,20,20,20,16,-20,-16,-16,-20,-20,-16,-20,-20,-416,-20,-20,-16,-20,-16,-20,-20
2546,0x55763b07c2d3,R,0x7ffefa157d4c,1,-20,0,0,-4,380,0,0,0,0,-4,0,-4,372,0,-20,-4,-388,4,0,0,20,4,0,4,4,0,0,0,20,4,-404,0
2549,0x55763b07c2d9,R,0x7ffefa157bc8,1,-388,-388,-388,-392,-392,-388,-388,-392,-408,-392,-388,-388,-392,-388,-388,-392,392,392,388,388,408,388,-8,392,392,392,388,388,388,392,392,388
2551,0x55763b07c2de,R,0x7ffefa157d50,1,392,4,-16,0,4,4,384,0,-16,4,4,4,0,0,376,0,-4,0,-4,0,-4,-4,-400,-4,-4,0,16,-4,-408,0,-4,-4
2554,0x55763b07c2e7,W,0x7ffefa157d50,1,0,4,4,0,4,4,0,0,4,4,4,0,4,0,376,4,-4,-4,16,0,-4,0,0,-4,-4,0,-4,-4,0,0,-4,-4
2556,0x55763b07c2ec,R,0x7ffefa157d4c,1,-4,-4,388,-4,-20,0,0,-4,380,0,-20,-4,0,0,-4,0,0,0,20,0,-396,4,0,0,20,4,-404,0,0,4,0,4
2557,0x55763b07c2ec,W,0x7ffefa157d4c,1,0,-4,388,0,0,0,0,-4,-4,0,0,-4,0,0,-4,-4,0,4,0,0,4,4,0,0,0,4,4,0,0,0,20,4
2559,0x55763b07c2f0,R,0x7ffefa157d4c,1,0,0,-4,0,0,-4,-20,-4,0,0,380,-4,-20,0,0,-4,20,4,-396,0,0,4,20,0,-404,4,4,4,0,0,20,0
2562,0x55763b07c2cf,R,0x7ffefa157d60,1,20,20,16,16,408,16,0,20,20,20,16,16,20,20,20,16,-20,-16,-16,-20,-20,-16,-20,-20,-424,-20,-20,-16,-20,-16,-20,-20
2564,0x55763b07c2d3,R,0x7ffefa157d4c,1,-20,0,0,-4,388,0,0,0,0,-4,0,-4,380,0,-20,-4,-396,4,0,0,20,4,0,4,4,0,0,0,20,4,-412,0
2567,0x55763b07c2d9,R,0x7ffefa157bc0,1,-396,-396,-396,-400,-400,-396,-396,-400,-416,-400,-396,-396,-400,-396,-396,-400,400,400,396,396,416,396,-8,400,400,400,396,396,396,400,400,396
2569,0x55763b07c2de,R,0x7ffefa157d50,1,400,4,-16,0,4,4,392,0,-16,4,4,4,0,0,384,0,-4,0,-4,0,-4,-4,-408,-4,-4,0,16,-4,-416,0,-4,-4
2572,0x55763b07c2e7,W,0x7ffefa157d50,1,0,4,4,0,4,4,0,0,4,4,4,0,4,0,384,4,-4,-4,16,0,-4,0,0,-4,-4,0,-4,-4,0,0,-4,-4
2574,0x55763b07c2ec,R,0x7ffefa157d4c,1,-4,-4,396,-4,-20,0,0,-4,388,0,-20,-4,0,0,-4,0,0,0,20,0,-404,4,0,0,20,4,-412,0,0,4,0,4
2575,0x55763b07c2ec,W,0x7ffefa157d4c,1,0,-4,396,0,0,0,0,-4,-4,0,0,-4,0,0,-4,-4,0,4,0,0,4,4,0,0,0,4,4,0,0,0,20,4
2577,0x55763b07c2f0,R,0x7ffefa157d4c,1,0,0,-4,0,0,-4,-20,-4,0,0,388,-4,-20,0,0,-4,20,4,-404,0,0,4,20,0,-412,4,4,4,0,0,20,0
2580,0x55763b07c2cf,R,0x7ffefa157d60,1,20,20,16,16,416,16,0,20,20,20,16,16,20,20,20,16,-20,-16,-16,-20,-20,-16,-20,-20,-432,-20,-20,-16,-20,-16,-20,-20
2582,0x55763b07c2d3,R,0x7ffefa157d4c,1,-20,0,0,-4,396,0,0,0,0,-4,0,-4,388,0,-20,-4,-404,4,0,0,20,4,0,4,4,0,0,0,20,4,-420,0
2585,0x55763b07c2d9,R,0x7ffefa157bb8,1,-404,-404,-404,-408,-408,-404,-404,-408,-424,-408,-404,-404,-408,-404,-404,-408,408,408,404,404,424,404,-8,408,408,408,404,404,404,408,408,404
2587,0x55763b07c2de,R,0x7ffefa157d50,1,408,4,-16,0,4,4,400,0,-16,4,4,4,0,0,392,0,-4,0,-4,0,-4,-4,-416,-4,-4,0,16,-4,-424,0,-4,-4
2590,0x55763b07c2e7,W,0x7ffefa157d50,1,0,4,4,0,4,4,0,0,4,4,4,0,4,0,392,4,-4,-4,16,0,-4,0,0,-4,-4,0,-4,-4,0,0,-4,-4
2592,0x55763b07c2ec,R,0x7ffefa157d4c,1,-4,-4,404,-4,-20,0,0,-4,396,0,-20,-4,0,0,-4,0,0,0,20,0,-412,4,0,0,20,4,-420,0,0,4,0,4
2593,0x55763b07c2ec,W,0x7ffefa157d4c,1,0,-4,404,0,0,0,0,-4,-4,0,0,-4,0,0,-4,-4,0,4,0,0,4,4,0,0,0,4,4,0,0,0,20,4
2595,0x55763b07c2f0,R,0x7ffefa157d4c,1,0,0,-4,0,0,-4,-20,-4,0,0,396,-4,-20,0,0,-4,20,4,-412,0,0,4,20,0,-420,4,4,4,0,0,20,0
2598,0x55763b07c2cf,R,0x7ffefa157d60,1,20,20,16,16,424,16,0,20,20,20,16,16,20,20,20,16,-20,-16,-16,-20,-20,-16,-20,-20,-440,-20,-20,-16,-20,-16,-20,-20
2600,0x55763b07c2d3,R,0x7ffefa157d4c,1,-20,0,0,-4,404,0,0,0,0,-4,0,-4,396,0,-20,-4,-412,4,0,0,20,4,0,4,4,0,0,0,20,4,-428,0
2603,0x55763b07c2d9,R,0x7ffefa157bb0,1,-412,-412,-412,-416,-416,-412,-412,-416,-432,-416,-412,-412,-416,-412,-412,-416,416,416,412,412,432,412,-8,416,416,416,412,412,412,416,416,412
2605,0x55763b07c2de,R,0x7ffefa157d50,1,416,4,-16,0,4,4,408,0,-16,4,4,4,0,0,400,0,-4,0,-4,0,-4,-4,-424,-4,-4,0,16,-4,-432,0,-4,-4
2608,0x55763b07c2e7,W,0x7ffefa157d50,1,0,4,4,0,4,4,0,0,4,4,4,0,4,0,400,4,-4,-4,16,0,-4,0,0,-4,-4,0,-4,-4,0,0,-4,-4
2610,0x55763b07c2ec,R,0x7ffefa157d4c,1,-4,-4,412,-4,-20,0,0,-4,404,0,-20,-4,0,0,-4,0,0,0,20,0,-420,4,0,0,20,4,-428,0,0,4,0,4
2611,0x55763b07c2ec,W,0x7ffefa157d4c,1,0,-4,412,0,0,0,0,-4,-4,0,0,-4,0,0,-4,-4,0,4,0,0,4,4,0,0,0,4,4,0,0,0,20,4
2613,0x55763b07c2f0,R,0x7ffefa157d4c,1,0,0,-4,0,0,-4,-20,-4,0,0,404,-4,-20,0,0,-4,20,4,-420,0,0,4,20,0,-428,4,4,4,0,0,20,0
2616,0x55763b07c2cf,R,0x7ffefa157d60,1,20,20,16,16,432,16,0,20,20,20,16,16,20,20,20,16,-20,-16,-16,-20,-20,-16,-20,-20,-448,-20,-20,-16,-20,-16,-20,-20
2618,0x55763b07c2d3,R,0x7ffefa157d4c,1,-20,0,0,-4,412,0,0,0,0,-4,0,-4,404,0,-20,-4,-420,4,0,0,20,4,0,4,4,0,0,0,20,4,-436,0
2621,0x55763b07c2d9,R,0x7ffefa157ba8,1,-420,-420,-420,-424,-424,-420,-420,-424,-440,-424,-420,-420,-424,-420,-420,-424,424,424,420,420,440,420,-8,424,424,424,420,420,420,424,424,420
2623,0x55763b07c2de,R,0x7ffefa157d50,1,424,4,-16,0,4,4,416,0,-16,4,4,4,0,0,408,0,-4,0,-4,0,-4,-4,-432,-4,-4,0,16,-4,-440,0,-4,-4
2626,0x55763b07c2e7,W,0x7ffefa157d50,1,0,4,4,0,4,4,0,0,4,4,4,0,4,0,408,4,-4,-4,16,0,-4,0,0,-4,-4,0,-4,-4,0,0,-4,-4
2628,0x55763b07c2ec,R,0x7ffefa157d4c,1,-4,-4,420,-4,-20,0,0,-4,412,0,-20,-4,0,0,-4,0,0,0,20,0,-428,4,0,0,20,4,-436,0,0,4,0,4
2629,0x55763b07c2ec,W,0x7ffefa157d4c,1,0,-4,420,0,0,0,0,-4,-4,0,0,-4,0,0,-4,-4,0,4,0,0,4,4,0,0,0,4,4,0,0,0,20,4
2631,0x55763b07c2f0,R,0x7ffefa157d4c,1,0,0,-4,0,0,-4,-20,-4,0,0,412,-4,-20,0,0,-4,20,4,-428,0,0,4,20,0,-436,4,4,4,0,0,20,0
2634,0x55763b07c2cf,R,0x7ffefa157d60,1,20,20,16,16,440,16,0,20,20,20,16,16,20,20,20,16,-20,-16,-16,-20,-20,-16,-20,-20,-456,-20,-20,-16,-20,-16,-20,-20
2636,0x55763b07c2d3,R,0x7ffefa157d4c,1,-20,0,0,-4,420,0,0,0,0,-4,0,-4,412,0,-20,-4,-428,4,0,0,20,4,0,4,4,0,0,0,20,4,-444,0
2639,0x55763b07c2d9,R,0x7ffefa157ba0,1,-428,-428,-428,-432,-432,-428,-428,-432,-448,-432,-428,-428,-432,-428,-428,-432,432,432,428,428,448,428,-8,432,432,432,428,428,428,432,432,428
2641,0x55763b07c2de,R,0x7ffefa157d50,1,432,4,-16,0,4,4,424,0,-16,4,4,4,0,0,416,0,-4,0,-4,0,-4,-4,-440,-4,-4,0,16,-4,-448,0,-4,-4
2644,0x55763b07c2e7,W,0x7ffefa157d50,1,0,4,4,0,4,4,0,0,4,4,4,0,4,0,416,4,-4,-4,16,0,-4,0,0,-4,-4,0,-4,-4,0,0,-4,-4
2646,0x55763b07c2ec,R,0x7ffefa157d4c,1,-4,-4,428,-4,-20,0,0,-4,420,0,-20,-4,0,0,-4,0,0,0,20,0,-436,4,0,0,20,4,-444,0,0,4,0,4
2647,0x55763b07c2ec,W,0x7ffefa157d4c,1,0,-4,428,0,0,0,0,-4,-4,0,0,-4,0,0,-4,-4,0,4,0,0,4,4,0,0,0,4,4,0,0,0,20,4
2649,0x55763b07c2f0,R,0x7ffefa157d4c,1,0,0,-4,0,0,-4,-20,-4,0,0,420,-4,-20,0,0,-4,20,4,-436,0,0,4,20,0,-444,4,4,4,0,0,20,0
2652,0x55763b07c2cf,R,0x7ffefa157d60,1,20,20,16,16,448,16,0,20,20,20,16,16,20,20,20,16,-20,-16,-16,-20,-20,-16,-20,-20,-464,-20,-20,-16,-20,-16,-20,-20
2654,0x55763b07c2d3,R,0x7ffefa157d4c,1,-20,0,0,-4,428,0,0,0,0,-4,0,-4,420,0,-20,-4,-436,4,0,0,20,4,0,4,4,0,0,0,20,4,-452,0
2657,0x55763b07c2d9,R,0x7ffefa157b98,1,-436,-436,-436,-440,-440,-436,-436,-440,-456,-440,-436,-436,-440,-436,-436,-440,440,440,436,436,456,436,-8,440,440,440,436,436,436,440,440,436
2659,0x55763b07c2de,R,0x7ffefa157d50,1,440,4,-16,0,4,4,432,0,-16,4,4,4,0,0,424,0,-4,0,-4,0,-4,-4,-448,-4,-4,0,16,-4,-456,0,-4,-4
2662,0x55763b07c2e7,W,0x7ffefa157d50,1,0,4,4,0,4,4,0,0,4,4,4,0,4,0,424,4,-4,-4,16,0,-4,0,0,-4,-4,0,-4,-4,0,0,-4,-4
2664,0x55763b07c2ec,R,0x7ffefa157d4c,1,-4,-4,436,-4,-20,0,0,-4,428,0,-20,-4,0,0,-4,0,0,0,20,0,-444,4,0,0,20,4,-452,0,0,4,0,4
2665,0x55763b07c2ec,W,0x7ffefa157d4c,1,0,-4,436,0,0,0,0,-4,-4,0,0,-4,0,0,-4,-4,0,4,0,0,4,4,0,0,0,4,4,0,0,0,20,4
2667,0x55763b07c2f0,R,0x7ffefa157d4c,1,0,0,-4,0,0,-4,-20,-4,0,0,428,-4,-20,0,0,-4,20,4,-444,0,0,4,20,0,-452,4,4,4,0,0,20,0
2670,0x55763b07c2cf,R,0x7ffefa157d60,1,20,20,16,16,456,16,0,20,20,20,16,16,20,20,20,16,-20,-16,-16,-20,-20,-16,-20,-20,-472,-20,-20,-16,-20,-16,-20,-20
2672,0x55763b07c2d3,R,0x7ffefa157d4c,1,-20,0,0,-4,436,0,0,0,0,-4,0,-4,428,0,-20,-4,-444,4,0,0,20,4,0,4,4,0,0,0,20,4,-460,0
2675,0x55763b07c2d9,R,0x7ffefa157b90,1,-444,-444,-444,-448,-448,-444,-444,-448,-464,-448,-444,-444,-448,-444,-444,-448,448,448,444,444,464,444,-8,448,448,448,444,444,444,448,448,444
2677,0x55763b07c2de,R,0x7ffefa157d50,1,448,4,-16,0,4,4,440,0,-16,4,4,4,0,0,432,0,-4,0,-4,0,-4,-4,-456,-4,-4,0,16,-4,-464,0,-4,-4
2680,0x55763b07c2e7,W,0x7ffefa157d50,1,0,4,4,0,4,4,0,0,4,4,4,0,4,0,432,4,-4,-4,16,0,-4,0,0,-4,-4,0,-4,-4,0,0,-4,-4
2682,0x55763b07c2ec,R,0x7ffefa157d4c,1,-4,-4,444,-4,-20,0,0,-4,436,0,-20,-4,0,0,-4,0,0,0,20,0,-452,4,0,0,20,4,-460,0,0,4,0,4
2683,0x55763b07c2ec,W,0x7ffefa157d4c,1,0,-4,444,0,0,0,0,-4,-4,0,0,-4,0,0,-4,-4,0,4,0,0,4,4,0,0,0,4,4,0,0,0,20,4
2685,0x55763b07c2f0,R,0x7ffefa157d4c,1,0,0,-4,0,0,-4,-20,-4,0,0,436,-4,-20,0,0,-4,20,4,-452,0,0,4,20,0,-460,4,4,4,0,0,20,0
2688,0x55763b07c2cf,R,0x7ffefa157d60,1,20,20,16,16,464,16,0,20,20,20,16,16,20,20,20,16,-20,-16,-16,-20,-20,-16,-20,-20,-480,-20,-20,-16,-20,-16,-20,-20
2690,0x55763b07c2d3,R,0x7ffefa157d4c,1,-20,0,0,-4,444,0,0,0,0,-4,0,-4,436,0,-20,-4,-452,4,0,0,20,4,0,4,4,0,0,0,20,4,-468,0
2693,0x55763b07c2d9,R,0x7ffefa157b88,1,-452,-452,-452,-456,-456,-452,-452,-456,-472,-456,-452,-452,-456,-452,-452,-456,456,456,452,452,472,452,-8,456,456,456,452,452,452,456,456,452
2695,0x55763b07c2de,R,0x7ffefa157d50,1,456,4,-16,0,4,4,448,0,-16,4,4,4,0,0,440,0,-4,0,-4,0,-4,-4,-464,-4,-4,0,16,-4,-472,0,-4,-4
2698,0x55763b07c2e7,W,0x7ffefa157d50,1,0,4,4,0,4,4,0,0,4,4,4,0,4,0,440,4,-4,-4,16,0,-4,0,0,-4,-4,0,-4,-4,0,0,-4,-4
2700,0x55763b07c2ec,R,0x7ffefa157d4c,1,-4,-4,452,-4,-20,0,0,-4,444,0,-20,-4,0,0,-4,0,0,0,20,0,-460,4,0,0,20,4,-468,0,0,4,0,4
2701,0x55763b07c2ec,W,0x7ffefa157d4c,1,0,-4,452,0,0,0,0,-4,-4,0,0,-4,0,0,-4,-4,0,4,0,0,4,4,0,0,0,4,4,0,0,0,20,4
2703,0x55763b07c2f0,R,0x7ffefa157d4c,1,0,0,-4,0,0,-4,-20,-4,0,0,444,-4,-20,0,0,-4,20,4,-460,0,0,4,20,0,-468,4,4,4,0,0,20,0
2706,0x55763b07c2cf,R,0x7ffefa157d60,1,20,20,16,16,472,16,0,20,20,20,16,16,20,20,20,16,-20,-16,-16,-20,-20,-16,-20,-20,-488,-20,-20,-16,-20,-16,-20,-20
2708,0x55763b07c2d3,R,0x7ffefa157d4c,1,-20,0,0,-4,452,0,0,0,0,-4,0,-4,444,0,-20,-4,-460,4,0,0,20,4,0,4,4,0,0,0,20,4,-476,0
2711,0x55763b07c2d9,R,0x7ffefa157b80,1,-460,-460,-460,-464,-464,-460,-460,-464,-480,-464,-460,-460,-464,-460,-460,-464,464,464,460,460,480,460,-8,464,464,464,460,460,460,464,464,460
2713,0x55763b07c2de,R,0x7ffefa157d50,1,464,4,-16,0,4,4,456,0,-16,4,4,4,0,0,448,0,-4,0,-4,0,-4,-4,-472,-4,-4,0,16,-4,-480,0,-4,-4
2716,0x55763b07c2e7,W,0x7ffefa157d50,1,0,4,4,0,4,4,0,0,4,4,4,0,4,0,448,4,-4,-4,16,0,-4,0,0,-4,-4,0,-4,-4,0,0,-4,-4
2718,0x55763b07c2ec,R,0x7ffefa157d4c,1,-4,-4,460,-4,-20,0,0,-4,452,0,-20,-4,0,0,-4,0,0,0,20,0,-468,4,0,0,20,4,-476,0,0,4,0,4
2719,0x55763b07c2ec,W,0x7ffefa157d4c,1,0,-4,460,0,0,0,0,-4,-4,0,0,-4,0,0,-4,-4,0,4,0,0,4,4,0,0,0,4,4,0,0,0,20,4
2721,0x55763b07c2f0,R,0x7ffefa157d4c,1,0,0,-4,0,0,-4,-20,-4,0,0,452,-4,-20,0,0,-4,20,4,-468,0,0,4,20,0,-476,4,4,4,0,0,20,0
2724,0x55763b07c2cf,R,0x7ffefa157d60,1,20,20,16,16,480,16,0,20,20,20,16,16,20,20,20,16,-20,-16,-16,-20,-20,-16,-20,-20,-496,-20,-20,-16,-20,-16,-20,-20
2726,0x55763b07c2d3,R,0x7ffefa157d4c,1,-20,0,0,-4,460,0,0,0,0,-4,0,-4,452,0,-20,-4,-468,4,0,0,20,4,0,4,4,0,0,0,20,4,-484,0
2729,0x55763b07c2d9,R,0x7ffefa157b78,1,-468,-468,-468,-472,-472,-468,-468,-472,-488,-472,-468,-468,-472,-468,-468,-472,472,472,468,468,488,468,-8,472,472,472,468,468,468,472,472,468
2731,0x55763b07c2de,R,0x7ffefa157d50,1,472,4,-16,0,4,4,464,0,-16,4,4,4,0,0,456,0,-4,0,-4,0,-4,-4,-480,-4,-4,0,16,-4,-488,0,-4,-4
2734,0x55763b07c2e7,W,0x7ffefa157d50,1,0,4,4,0,4,4,0,0,4,4,4,0,4,0,456,4,-4,-4,16,0,-4,0,0,-4,-4,0,-4,-4,0,0,-4,-4
2736,0x55763b07c2ec,R,0x7ffefa157d4c,1,-4,-4,468,-4,-20,0,0,-4,460,0,-20,-4,0,0,-4,0,0,0,20,0,-476,4,0,0,20,4,-484,0,0,4,0,4
2737,0x55763b07c2ec,W,0x7ffefa157d4c,1,0,-4,468,0,0,0,0,-4,-4,0,0,-4,0,0,-4,-4,0,4,0,0,4,4,0,0,0,4,4,0,0,0,20,4
2739,0x55763b07c2f0,R,0x7ffefa157d4c,1,0,0,-4,0,0,-4,-20,-4,0,0,460,-4,-20,0,0,-4,20,4,-476,0,0,4,20,0,-484,4,4,4,0,0,20,0
2742,0x55763b07c2cf,R,0x7ffefa157d60,1,20,20,16,16,488,16,0,20,20,20,16,16,20,20,20,16,-20,-16,-16,-20,-20,-16,-20,-20,-504,-20,-20,-16,-20,-16,-20,-20
2744,0x55763b07c2d3,R,0x7ffefa157d4c,1,-20,0,0,-4,468,0,0,0,0,-4,0,-4,460,0,-20,-4,-476,4,0,0,20,4,0,4,4,0,0,0,20,4,-492,0
2747,0x55763b07c2d9,R,0x7ffefa157b70,1,-476,-476,-476,-480,-480,-476,-476,-480,-496,-480,-476,-476,-480,-476,-476,-480,480,480,476,476,496,476,-8,480,480,480,476,476,476,480,480,476
2749,0x55763b07c2de,R,0x7ffefa157d50,1,480,4,-16,0,4,4,472,0,-16,4,4,4,0,0,464,0,-4,0,-4,0,-4,-4,-488,-4,-4,0,16,-4,-496,0,-4,-4
2752,0x55763b07c2e7,W,0x7ffefa157d50,1,0,4,4,0,4,4,0,0,4,4,4,0,4,0,464,4,-4,-4,16,0,-4,0,0,-4,-4,0,-4,-4,0,0,-4,-4
2754,0x55763b07c2ec,R,0x7ffefa157d4c,1,-4,-4,476,-4,-20,0,0,-4,468,0,-20,-4,0,0,-4,0,0,0,20,0,-484,4,0,0,20,4,-492,0,0,4,0,4
2755,0x55763b07c2ec,W,0x7ffefa157d4c,1,0,-4,476,0,0,0,0,-4,-4,0,0,-4,0,0,-4,-4,0,4,0,0,4,4,0,0,0,4,4,0,0,0,20,4
2757,0x55763b07c2f0,R,0x7ffefa157d4c,1,0,0,-4,0,0,-4,-20,-4,0,0,468,-4,-20,0,0,-4,20,4,-484,0,0,4,20,0,-492,4,4,4,0,0,20,0
2760,0x55763b07c2cf,R,0x7ffefa157d60,1,20,20,16,16,496,16,0,20,20,20,16,16,20,20,20,16,-20,-16,-16,-20,-20,-16,-20,-20,-512,-20,-20,-16,-20,-16,-20,-20
2762,0x55763b07c2d3,R,0x7ffefa157d4c,1,-20,0,0,-4,476,0,0,0,0,-4,0,-4,468,0,-20,-4,-484,4,0,0,20,4,0,4,4,0,0,0,20,4,-500,0
2765,0x55763b07c2d9,R,0x7ffefa157b68,1,-484,-484,-484,-488,-488,-484,-484,-488,-504,-488,-484,-484,-488,-484,-484,-488,488,488,484,484,504,484,-8,488,488,488,484,484,484,488,488,484
2767,0x55763b07c2de,R,0x7ffefa157d50,1,488,4,-16,0,4,4,480,0,-16,4,4,4,0,0,472,0,-4,0,-4,0,-4,-4,-496,-4,-4,0,16,-4,-504,0,-4,-4
2770,0x55763b07c2e7,W,0x7ffefa157d50,1,0,4,4,0,4,4,0,0,4,4,4,0,4,0,472,4,-4,-4,16,0,-4,0,0,-4,-4,0,-4,-4,0,0,-4,-4
2772,0x55763b07c2ec,R,0x7ffefa157d4c,1,-4,-4,484,-4,-20,0,0,-4,476,0,-20,-4,0,0,-4,0,0,0,20,0,-492,4,0,0,20,4,-500,0,0,4,0,4
2773,0x55763b07c2ec,W,0x7ffefa157d4c,1,0,-4,484,0,0,0,0,-4,-4,0,0,-4,0,0,-4,-4,0,4,0,0,4,4,0,0,0,4,4,0,0,0,20,4
2775,0x55763b07c2f0,R,0x7ffefa157d4c,1,0,0,-4,0,0,-4,-20,-4,0,0,476,-4,-20,0,0,-4,20,4,-492,0,0,4,20,0,-500,4,4,4,0,0,20,0
2778,0x55763b07c2cf,R,0x7ffefa157d60,1,20,20,16,16,504,16,0,20,20,20,16,16,20,20,20,16,-20,-16,-16,-20,-20,-16,-20,-20,-520,-20,-20,-16,-20,-16,-20,-20
2780,0x55763b07c2d3,R,0x7ffefa157d4c,1,-20,0,0,-4,484,0,0,0,0,-4,0,-4,476,0,-20,-4,-492,4,0,0,20,4,0,4,4,0,0,0,20,4,-508,0
2783,0x55763b07c2d9,R,0x7ffefa157b60,1,-492,-492,-492,-496,-496,-492,-492,-496,-512,-496,-492,-492,-496,-492,-492,-496,496,496,492,492,512,492,-8,496,496,496,492,492,492,496,496,492
2785,0x55763b07c2de,R,0x7ffefa157d50,1,496,4,-16,0,4,4,488,0,-16,4,4,4,0,0,480,0,-4,0,-4,0,-4,-4,-504,-4,-4,0,16,-4,-512,0,-4,-4
2788,0x55763b07c2e7,W,0x7ffefa157d50,1,0,4,4,0,4,4,0,0,4,4,4,0,4,0,480,4,-4,-4,16,0,-4,0,0,-4,-4,0,-4,-4,0,0,-4,-4
2790,0x55763b07c2ec,R,0x7ffefa157d4c,1,-4,-4,492,-4,-20,0,0,-4,484,0,-20,-4,0,0,-4,0,0,0,20,0,-500,4,0,0,20,4,-508,0,0,4,0,4
2791,0x55763b07c2ec,W,0x7ffefa157d4c,1,0,-4,492,0,0,0,0,-4,-4,0,0,-4,0,0,-4,-4,0,4,0,0,4,4,0,0,0,4,4,0,0,0,20,4
2793,0x55763b07c2f0,R,0x7ffefa157d4c,1,0,0,-4,0,0,-4,-20,-4,0,0,484,-4,-20,0,0,-4,20,4,-500,0,0,4,20,0,-508,4,4,4,0,0,20,0
2796,0x55763b07c2cf,R,0x7ffefa157d60,1,20,20,16,16,512,16,0,20,20,20,16,16,20,20,20,16,-20,-16,-16,-20,-20,-16,-20,-20,-528,-20,-20,-16,-20,-16,-20,-20
2798,0x55763b07c2d3,R,0x7ffefa157d4c,1,-20,0,0,-4,492,0,0,0,0,-4,0,-4,484,0,-20,-4,-500,4,0,0,20,4,0,4,4,0,0,0,20,4,-516,0
2801,0x55763b07c2d9,R,0x7ffefa157b58,1,-500,-500,-500,-504,-504,-500,-500,-504,-520,-504,-500,-500,-504,-500,-500,-504,504,504,500,500,520,500,-8,504,504,504,500,500,500,504,504,500
2803,0x55763b07c2de,R,0x7ffefa157d50,1,504,4,-16,0,4,4,496,0,-16,4,4,4,0,0,488,0,-4,0,-4,0,-4,-4,-512,-4,-4,0,16,-4,-520,0,-4,-4
2806,0x55763b07c2e7,W,0x7ffefa157d50,1,0,4,4,0,4,4,0,0,4,4,4,0,4,0,488,4,-4,-4,16,0,-4,0,0,-4,-4,0,-4,-4,0,0,-4,-4
2808,0x55763b07c2ec,R,0x7ffefa157d4c,1,-4,-4,500,-4,-20,0,0,-4,492,0,-20,-4,0,0,-4,0,0,0,20,0,-508,4,0,0,20,4,-516,0,0,4,0,4
2809,0x55763b07c2ec,W,0x7ffefa157d4c,1,0,-4,500,0,0,0,0,-4,-4,0,0,-4,0,0,-4,-4,0,4,0,0,4,4,0,0,0,4,4,0,0,0,20,4
2811,0x55763b07c2f0,R,0x7ffefa157d4c,1,0,0,-4,0,0,-4,-20,-4,0,0,492,-4,-20,0,0,-4,20,4,-508,0,0,4,20,0,-516,4,4,4,0,0,20,0
2814,0x55763b07c2cf,R,0x7ffefa157d60,1,20,20,16,16,520,16,0,20,20,20,16,16,20,20,20,16,-20,-16,-16,-20,-20,-16,-20,-20,-536,-20,-20,-16,-20,-16,-20,-20
2816,0x55763b07c2d3,R,0x7ffefa157d4c,1,-20,0,0,-4,500,0,0,0,0,-4,0,-4,492,0,-20,-4,-508,4,0,0,20,4,0,4,4,0,0,0,20,4,-524,0
2819,0x55763b07c2d9,R,0x7ffefa157b50,1,-508,-508,-508,-512,-512,-508,-508,-512,-528,-512,-508,-508,-512,-508,-508,-512,512,512,508,508,528,508,-8,512,512,512,508,508,508,512,512,508
2821,0x55763b07c2de,R,0x7ffefa157d50,1,512,4,-16,0,4,4,504,0,-16,4,4,4,0,0,496,0,-4,0,-4,0,-4,-4,-520,-4,-4,0,16,-4,-528,0,-4,-4
2824,0x55763b07c2e7,W,0x7ffefa157d50,1,0,4,4,0,4,4,0,0,4,4,4,0,4,0,496,4,-4,-4,16,0,-4,0,0,-4,-4,0,-4,-4,0,0,-4,-4
2826,0x55763b07c2ec,R,0x7ffefa157d4c,1,-4,-4,508,-4,-20,0,0,-4,500,0,-20,-4,0,0,-4,0,0,0,20,0,-516,4,0,0,20,4,-524,0,0,4,0,4
2827,0x55763b07c2ec,W,0x7ffefa157d4c,1,0,-4,508,0,0,0,0,-4,-4,0,0,-4,0,0,-4,-4,0,4,0,0,4,4,0,0,0,4,4,0,0,0,20,4
2829,0x55763b07c2f0,R,0x7ffefa157d4c,1,0,0,-4,0,0,-4,-20,-4,0,0,500,-4,-20,0,0,-4,20,4,-516,0,0,4,20,0,-524,4,4,4,0,0,20,0
2832,0x55763b07c2cf,R,0x7ffefa157d60,1,20,20,16,16,528,16,0,20,20,20,16,16,20,20,20,16,-20,-16,-16,-20,-20,-16,-20,-20,-544,-20,-20,-16,-20,-16,-20,-20
2834,0x55763b07c2d3,R,0x7ffefa157d4c,1,-20,0,0,-4,508,0,0,0,0,-4,0,-4,500,0,-20,-4,-516,4,0,0,20,4,0,4,4,0,0,0,20,4,-532,0
2837,0x55763b07c2d9,R,0x7ffefa157b48,1,-516,-516,-516,-520,-520,-516,-516,-520,-536,-520,-516,-516,-520,-516,-516,-520,520,520,516,516,536,516,-8,520,520,520,516,516,516,520,520,516
2839,0x55763b07c2de,R,0x7ffefa157d50,1,520,4,-16,0,4,4,512,0,-16,4,4,4,0,0,504,0,-4,0,-4,0,-4,-4,-528,-4,-4,0,16,-4,-536,0,-4,-4
2842,0x55763b07c2e7,W,0x7ffefa157d50,1,0,4,4,0,4,4,0,0,4,4,4,0,4,0,504,4,-4,-4,16,0,-4,0,0,-4,-4,0,-4,-4,0,0,-4,-4
2844,0x55763b07c2ec,R,0x7ffefa157d4c,1,-4,-4,516,-4,-20,0,0,-4,508,0,-20,-4,0,0,-4,0,0,0,20,0,-524,4,0,0,20,4,-532,0,0,4,0,4
2845,0x55763b07c2ec,W,0x7ffefa157d4c,1,0,-4,516,0,0,0,0,-4,-4,0,0,-4,0,0,-4,-4,0,4,0,0,4,4,0,0,0,4,4,0,0,0,20,4
2847,0x55763b07c2f0,R,0x7ffefa157d4c,1,0,0,-4,0,0,-4,-20,-4,0,0,508,-4,-20,0,0,-4,20,4,-524,0,0,4,20,0,-532,4,4,4,0,0,20,0
2850,0x55763b07c2cf,R,0x7ffefa157d60,1,20,20,16,16,536,16,0,20,20,20,16,16,20,20,20,16,-20,-16,-16,-20,-20,-16,-20,-20,-552,-20,-20,-16,-20,-16,-20,-20
2852,0x55763b07c2d3,R,0x7ffefa157d4c,1,-20,0,0,-4,516,0,0,0,0,-4,0,-4,508,0,-20,-4,-524,4,0,0,20,4,0,4,4,0,0,0,20,4,-540,0
2855,0x55763b07c2d9,R,0x7ffefa157b40,1,-524,-524,-524,-528,-528,-524,-524,-528,-544,-528,-524,-524,-528,-524,-524,-528,528,528,524,524,544,524,-8,528,528,528,524,524,524,528,528,524
2857,0x55763b07c2de,R,0x7ffefa157d50,1,528,4,-16,0,4,4,520,0,-16,4,4,4,0,0,512,0,-4,0,-4,0,-4,-4,-536,-4,-4,0,16,-4,-544,0,-4,-4
2860,0x55763b07c2e7,W,0x7ffefa157d50,1,0,4,4,0,4,4,0,0,4,4,4,0,4,0,512,4,-4,-4,16,0,-4,0,0,-4,-4,0,-4,-4,0,0,-4,-4
2862,0x55763b07c2ec,R,0x7ffefa157d4c,1,-4,-4,524,-4,-20,0,0,-4,516,0,-20,-4,0,0,-4,0,0,0,20,0,-532,4,0,0,20,4,-540,0,0,4,0,4
2863,0x55763b07c2ec,W,0x7ffefa157d4c,1,0,-4,524,0,0,0,0,-4,-4,0,0,-4,0,0,-4,-4,0,4,0,0,4,4,0,0,0,4,4,0,0,0,20,4
2865,0x55763b07c2f0,R,0x7ffefa157d4c,1,0,0,-4,0,0,-4,-20,-4,0,0,516,-4,-20,0,0,-4,20,4,-532,0,0,4,20,0,-540,4,4,4,0,0,20,0
2868,0x55763b07c2cf,R,0x7ffefa157d60,1,20,20,16,16,544,16,0,20,20,20,16,16,20,20,20,16,-20,-16,-16,-20,-20,-16,-20,-20,-560,-20,-20,-16,-20,-16,-20,-20
2870,0x55763b07c2d3,R,0x7ffefa157d4c,1,-20,0,0,-4,524,0,0,0,0,-4,0,-4,516,0,-20,-4,-532,4,0,0,20,4,0,4,4,0,0,0,20,4,-548,0
2873,0x55763b07c2d9,R,0x7ffefa157b38,1,-532,-532,-532,-536,-536,-532,-532,-536,-552,-536,-532,-532,-536,-532,-532,-536,536,536,532,532,552,532,-8,536,536,536,532,532,532,536,536,532
2875,0x55763b07c2de,R,0x7ffefa157d50,1,536,4,-16,0,4,4,528,0,-16,4,4,4,0,0,520,0,-4,0,-4,0,-4,-4,-544,-4,-4,0,16,-4,-552,0,-4,-4
2878,0x55763b07c2e7,W,0x7ffefa157d50,1,0,4,4,0,4,4,0,0,4,4,4,0,4,0,520,4,-4,-4,16,0,-4,0,0,-4,-4,0,-4,-4,0,0,-4,-4
2880,0x55763b07c2ec,R,0x7ffefa157d4c,1,-4,-4,532,-4,-20,0,0,-4,524,0,-20,-4,0,0,-4,0,0,0,20,0,-540,4,0,0,20,4,-548,0,0,4,0,4
2881,0x55763b07c2ec,W,0x7ffefa157d4c,1,0,-4,532,0,0,0,0,-4,-4,0,0,-4,0,0,-4,-4,0,4,0,0,4,4,0,0,0,4,4,0,0,0,20,4
2883,0x55763b07c2f0,R,0x7ffefa157d4c,1,0,0,-4,0,0,-4,-20,-4,0,0,524,-4,-20,0,0,-4,20,4,-540,0,0,4,20,0,-548,4,4,4,0,0,20,0
2886,0x55763b07c2cf,R,0x7ffefa157d60,1,20,20,16,16,552,16,0,20,20,20,16,16,20,20,20,16,-20,-16,-16,-20,-20,-16,-20,-20,-568,-20,-20,-16,-20,-16,-20,-20
2888,0x55763b07c2d3,R,0x7ffefa157d4c,1,-20,0,0,-4,532,0,0,0,0,-4,0,-4,524,0,-20,-4,-540,4,0,0,20,4,0,4,4,0,0,0,20,4,-556,0
2891,0x55763b07c2d9,R,0x7ffefa157b30,1,-540,-540,-540,-544,-544,-540,-540,-544,-560,-544,-540,-540,-544,-540,-540,-544,544,544,540,540,560,540,-8,544,544,544,540,540,540,544,544,540
2893,0x55763b07c2de,R,0x7ffefa157d50,1,544,4,-16,0,4,4,536,0,-16,4,4,4,0,0,528,0,-4,0,-4,0,-4,-4,-552,-4,-4,0,16,-4,-560,0,-4,-4
2896,0x55763b07c2e7,W,0x7ffefa157d50,1,0,4,4,0,4,4,0,0,4,4,4,0,4,0,528,4,-4,-4,16,0,-4,0,0,-4,-4,0,-4,-4,0,0,-4,-4
2898,0x55763b07c2ec,R,0x7ffefa157d4c,1,-4,-4,540,-4,-20,0,0,-4,532,0,-20,-4,0,0,-4,0,0,0,20,0,-548,4,0,0,20,4,-556,0,0,4,0,4
2899,0x55763b07c2ec,W,0x7ffefa157d4c,1,0,-4,540,0,0,0,0,-4,-4,0,0,-4,0,0,-4,-4,0,4,0,0,4,4,0,0,0,4,4,0,0,0,20,4
2901,0x55763b07c2f0,R,0x7ffefa157d4c,1,0,0,-4,0,0,-4,-20,-4,0,0,532,-4,-20,0,0,-4,20,4,-548,0,0,4,20,0,-556,4,4,4,0,0,20,0
2904,0x55763b07c2cf,R,0x7ffefa157d60,1,20,20,16,16,560,16,0,20,20,20,16,16,20,20,20,16,-20,-16,-16,-20,-20,-16,-20,-20,-576,-20,-20,-16,-20,-16,-20,-20
2906,0x55763b07c2d3,R,0x7ffefa157d4c,1,-20,0,0,-4,540,0,0,0,0,-4,0,-4,532,0,-20,-4,-548,4,0,0,20,4,0,4,4,0,0,0,20,4,-564,0
2909,0x55763b07c2d9,R,0x7ffefa157b28,1,-548,-548,-548,-552,-552,-548,-548,-552,-568,-552,-548,-548,-552,-548,-548,-552,552,552,548,548,568,548,-8,552,552,552,548,548,548,552,552,548
2911,0x55763b07c2de,R,0x7ffefa157d50,1,552,4,-16,0,4,4,544,0,-16,4,4,4,0,0,536,0,-4,0,-4,0,-4,-4,-560,-4,-4,0,16,-4,-568,0,-4,-4
2914,0x55763b07c2e7,W,0x7ffefa157d50,1,0,4,4,0,4,4,0,0,4,4,4,0,4,0,536,4,-4,-4,16,0,-4,0,0,-4,-4,0,-4,-4,0,0,-4,-4
2916,0x55763b07c2ec,R,0x7ffefa157d4c,1,-4,-4,548,-4,-20,0,0,-4,540,0,-20,-4,0,0,-4,0,0,0,20,0,-556,4,0,0,20,4,-564,0,0,4,0,4
2917,0x55763b07c2ec,W,0x7ffefa157d4c,1,0,-4,548,0,0,0,0,-4,-4,0,0,-4,0,0,-4,-4,0,4,0,0,4,4,0,0,0,4,4,0,0,0,20,4
2919,0x55763b07c2f0,R,0x7ffefa157d4c,1,0,0,-4,0,0,-4,-20,-4,0,0,540,-4,-20,0,0,-4,20,4,-556,0,0,4,20,0,-564,4,4,4,0,0,20,0
2922,0x55763b07c2cf,R,0x7ffefa157d60,1,20,20,16,16,568,16,0,20,20,20,16,16,20,20,20,16,-20,-16,-16,-20,-20,-16,-20,-20,-584,-20,-20,-16,-20,-16,-20,-20
2924,0x55763b07c2d3,R,0x7ffefa157d4c,1,-20,0,0,-4,548,0,0,0,0,-4,0,-4,540,0,-20,-4,-556,4,0,0,20,4,0,4,4,0,0,0,20,4,-572,0
2927,0x55763b07c2d9,R,0x7ffefa157b20,1,-556,-556,-556,-560,-560,-556,-556,-560,-576,-560,-556,-556,-560,-556,-556,-560,560,560,556,556,576,556,-8,560,560,560,556,556,556,560,560,556
2929,0x55763b07c2de,R,0x7ffefa157d50,1,560,4,-16,0,4,4,552,0,-16,4,4,4,0,0,544,0,-4,0,-4,0,-4,-4,-568,-4,-4,0,16,-4,-576,0,-4,-4
2932,0x55763b07c2e7,W,0x7ffefa157d50,1,0,4,4,0,4,4,0,0,4,4,4,0,4,0,544,4,-4,-4,16,0,-4,0,0,-4,-4,0,-4,-4,0,0,-4,-4
2934,0x55763b07c2ec,R,0x7ffefa157d4c,1,-4,-4,556,-4,-20,0,0,-4,548,0,-20,-4,0,0,-4,0,0,0,20,0,-564,4,0,0,20,4,-572,0,0,4,0,4
2935,0x55763b07c2ec,W,0x7ffefa157d4c,1,0,-4,556,0,0,0,0,-4,-4,0,0,-4,0,0,-4,-4,0,4,0,0,4,4,0,0,0,4,4,0,0,0,20,4
2937,0x55763b07c2f0,R,0x7ffefa157d4c,1,0,0,-4,0,0,-4,-20,-4,0,0,548,-4,-20,0,0,-4,20,4,-564,0,0,4,20,0,-572,4,4,4,0,0,20,0
2940,0x55763b07c2cf,R,0x7ffefa157d60,1,20,20,16,16,576,16,0,20,20,20,16,16,20,20,20,16,-20,-16,-16,-20,-20,-16,-20,-20,-592,-20,-20,-16,-20,-16,-20,-20
2942,0x55763b07c2d3,R,0x7ffefa157d4c,1,-20,0,0,-4,556,0,0,0,0,-4,0,-4,548,0,-20,-4,-564,4,0,0,20,4,0,4,4,0,0,0,20,4,-580,0
2945,0x55763b07c2d9,R,0x7ffefa157b18,1,-564,-564,-564,-568,-568,-564,-564,-568,-584,-568,-564,-564,-568,-564,-564,-568,568,568,564,564,584,564,-8,568,568,568,564,564,564,568,568,564
2947,0x55763b07c2de,R,0x7ffefa157d50,1,568,4,-16,0,4,4,560,0,-16,4,4,4,0,0,552,0,-4,0,-4,0,-4,-4,-576,-4,-4,0,16,-4,-584,0,-4,-4
2950,0x55763b07c2e7,W,0x7ffefa157d50,1,0,4,4,0,4,4,0,0,4,4,4,0,4,0,552,4,-4,-4,16,0,-4,0,0,-4,-4,0,-4,-4,0,0,-4,-4
2952,0x55763b07c2ec,R,0x7ffefa157d4c,1,-4,-4,564,-4,-20,0,0,-4,556,0,-20,-4,0,0,-4,0,0,0,20,0,-572,4,0,0,20,4,-580,0,0,4,0,4
2953,0x55763b07c2ec,W,0x7ffefa157d4c,1,0,-4,564,0,0,0,0,-4,-4,0,0,-4,0,0,-4,-4,0,4,0,0,4,4,0,0,0,4,4,0,0,0,20,4
2955,0x55763b07c2f0,R,0x7ffefa157d4c,1,0,0,-4,0,0,-4,-20,-4,0,0,556,-4,-20,0,0,-4,20,4,-572,0,0,4,20,0,-580,4,4,4,0,0,20,0
2958,0x55763b07c2cf,R,0x7ffefa157d60,1,20,20,16,16,584,16,0,20,20,20,16,16,20,20,20,16,-20,-16,-16,-20,-20,-16,-20,-20,-600,-20,-20,-16,-20,-16,-20,-20
2960,0x55763b07c2d3,R,0x7ffefa157d4c,1,-20,0,0,-4,564,0,0,0,0,-4,0,-4,556,0,-20,-4,-572,4,0,0,20,4,0,4,4,0,0,0,20,4,-588,0
2963,0x55763b07c2d9,R,0x7ffefa157b10,1,-572,-572,-572,-576,-576,-572,-572,-576,-592,-576,-572,-572,-576,-572,-572,-576,576,576,572,572,592,572,-8,576,576,576,572,572,572,576,576,572
2965,0x55763b07c2de,R,0x7ffefa157d50,1,576,4,-16,0,4,4,568,0,-16,4,4,4,0,0,560,0,-4,0,-4,0,-4,-4,-584,-4,-4,0,16,-4,-592,0,-4,-4
2968,0x55763b07c2e7,W,0x7ffefa157d50,1,0,4,4,0,4,4,0,0,4,4,4,0,4,0,560,4,-4,-4,16,0,-4,0,0,-4,-4,0,-4,-4,0,0,-4,-4
2970,0x55763b07c2ec,R,0x7ffefa157d4c,1,-4,-4,572,-4,-20,0,0,-4,564,0,-20,-4,0,0,-4,0,0,0,20,0,-580,4,0,0,20,4,-588,0,0,4,0,4
2971,0x55763b07c2ec,W,0x7ffefa157d4c,1,0,-4,572,0,0,0,0,-4,-4,0,0,-4,0,0,-4,-4,0,4,0,0,4,4,0,0,0,4,4,0,0,0,20,4
2973,0x55763b07c2f0,R,0x7ffefa157d4c,1,0,0,-4,0,0,-4,-20,-4,0,0,564,-4,-20,0,0,-4,20,4,-580,0,0,4,20,0,-588,4,4,4,0,0,20,0
2976,0x55763b07c2cf,R,0x7ffefa157d60,1,20,20,16,16,592,16,0,20,20,20,16,16,20,20,20,16,-20,-16,-16,-20,-20,-16,-20,-20,-608,-20,-20,-16,-20,-16,-20,-20
2978,0x55763b07c2d3,R,0x7ffefa157d4c,1,-20,0,0,-4,572,0,0,0,0,-4,0,-4,564,0,-20,-4,-580,4,0,0,20,4,0,4,4,0,0,0,20,4,-596,0
2981,0x55763b07c2d9,R,0x7ffefa157b08,1,-580,-580,-580,-584,-584,-580,-580,-584,-600,-584,-580,-580,-584,-580,-580,-584,584,584,580,580,600,580,-8,584,584,584,580,580,580,584,584,580
2983,0x55763b07c2de,R,0x7ffefa157d50,1,584,4,-16,0,4,4,576,0,-16,4,4,4,0,0,568,0,-4,0,-4,0,-4,-4,-592,-4,-4,0,16,-4,-600,0,-4,-4
2986,0x55763b07c2e7,W,0x7ffefa157d50,1,0,4,4,0,4,4,0,0,4,4,4,0,4,0,568,4,-4,-4,16,0,-4,0,0,-4,-4,0,-4,-4,0,0,-4,-4
2988,0x55763b07c2ec,R,0x7ffefa157d4c,1,-4,-4,580,-4,-20,0,0,-4,572,0,-20,-4,0,0,-4,0,0,0,20,0,-588,4,0,0,20,4,-596,0,0,4,0,4
2989,0x55763b07c2ec,W,0x7ffefa157d4c,1,0,-4,580,0,0,0,0,-4,-4,0,0,-4,0,0,-4,-4,0,4,0,0,4,4,0,0,0,4,4,0,0,0,20,4
2991,0x55763b07c2f0,R,0x7ffefa157d4c,1,0,0,-4,0,0,-4,-20,-4,0,0,572,-4,-20,0,0,-4,20,4,-588,0,0,4,20,0,-596,4,4,4,0,0,20,0
2994,0x55763b07c2cf,R,0x7ffefa157d60,1,20,20,16,16,600,16,0,20,20,20,16,16,20,20,20,16,-20,-16,-16,-20,-20,-16,-20,-20,-616,-20,-20,-16,-20,-16,-20,-20
2996,0x55763b07c2d3,R,0x7ffefa157d4c,1,-20,0,0,-4,580,0,0,0,0,-4,0,-4,572,0,-20,-4,-588,4,0,0,20,4,0,4,4,0,0,0,20,4,-604,0
2999,0x55763b07c2d9,R,0x7ffefa157b00,1,-588,-588,-588,-592,-592,-588,-588,-592,-608,-592,-588,-588,-592,-588,-588,-592,592,592,588,588,608,588,-8,592,592,592,588,588,588,592,592,588
3001,0x55763b07c2de,R,0x7ffefa157d50,1,592,4,-16,0,4,4,584,0,-16,4,4,4,0,0,576,0,-4,0,-4,0,-4,-4,-600,-4,-4,0,16,-4,-608,0,-4,-4
3004,0x55763b07c2e7,W,0x7ffefa157d50,1,0,4,4,0,4,4,0,0,4,4,4,0,4,0,576,4,-4,-4,16,0,-4,0,0,-4,-4,0,-4,-4,0,0,-4,-4
3006,0x55763b07c2ec,R,0x7ffefa157d4c,1,-4,-4,588,-4,-20,0,0,-4,580,0,-20,-4,0,0,-4,0,0,0,20,0,-596,4,0,0,20,4,-604,0,0,4,0,4
3007,0x55763b07c2ec,W,0x7ffefa157d4c,1,0,-4,588,0,0,0,0,-4,-4,0,0,-4,0,0,-4,-4,0,4,0,0,4,4,0,0,0,4,4,0,0,0,20,4
3009,0x55763b07c2f0,R,0x7ffefa157d4c,1,0,0,-4,0,0,-4,-20,-4,0,0,580,-4,-20,0,0,-4,20,4,-596,0,0,4,20,0,-604,4,4,4,0,0,20,0
3012,0x55763b07c2cf,R,0x7ffefa157d60,1,20,20,16,16,608,16,0,20,20,20,16,16,20,20,20,16,-20,-16,-16,-20,-20,-16,-20,-20,-624,-20,-20,-16,-20,-16,-20,-20
3014,0x55763b07c2d3,R,0x7ffefa157d4c,1,-20,0,0,-4,588,0,0,0,0,-4,0,-4,580,0,-20,-4,-596,4,0,0,20,4,0,4,4,0,0,0,20,4,-612,0
3017,0x55763b07c2d9,R,0x7ffefa157af8,1,-596,-596,-596,-600,-600,-596,-596,-600,-616,-600,-596,-596,-600,-596,-596,-600,600,600,596,596,616,596,-8,600,600,600,596,596,596,600,600,596
3019,0x55763b07c2de,R,0x7ffefa157d50,1,600,4,-16,0,4,4,592,0,-16,4,4,4,0,0,584,0,-4,0,-4,0,-4,-4,-608,-4,-4,0,16,-4,-616,0,-4,-4
3022,0x55763b07c2e7,W,0x7ffefa157d50,1,0,4,4,0,4,4,0,0,4,4,4,0,4,0,584,4,-4,-4,16,0,-4,0,0,-4,-4,0,-4,-4,0,0,-4,-4
3024,0x55763b07c2ec,R,0x7ffefa157d4c,1,-4,-4,596,-4,-20,0,0,-4,588,0,-20,-4,0,0,-4,0,0,0,20,0,-604,4,0,0,20,4,-612,0,0,4,0,4
3025,0x55763b07c2ec,W,0x7ffefa157d4c,1,0,-4,596,0,0,0,0,-4,-4,0,0,-4,0,0,-4,-4,0,4,0,0,4,4,0,0,0,4,4,0,0,0,20,4
3027,0x55763b07c2f0,R,0x7ffefa157d4c,1,0,0,-4,0,0,-4,-20,-4,0,0,588,-4,-20,0,0,-4,20,4,-604,0,0,4,20,0,-612,4,4,4,0,0,20,0
3030,0x55763b07c2cf,R,0x7ffefa157d60,1,20,20,16,16,616,16,0,20,20,20,16,16,20,20,20,16,-20,-16,-16,-20,-20,-16,-20,-20,-632,-20,-20,-16,-20,-16,-20,-20
3032,0x55763b07c2d3,R,0x7ffefa157d4c,1,-20,0,0,-4,596,0,0,0,0,-4,0,-4,588,0,-20,-4,-604,4,0,0,20,4,0,4,4,0,0,0,20,4,-620,0
3035,0x55763b07c2d9,R,0x7ffefa157af0,1,-604,-604,-604,-608,-608,-604,-604,-608,-624,-608,-604,-604,-608,-604,-604,-608,608,608,604,604,624,604,-8,608,608,608,604,604,604,608,608,604
3037,0x55763b07c2de,R,0x7ffefa157d50,1,608,4,-16,0,4,4,600,0,-16,4,4,4,0,0,592,0,-4,0,-4,0,-4,-4,-616,-4,-4,0,16,-4,-624,0,-4,-4
3040,0x55763b07c2e7,W,0x7ffefa157d50,1,0,4,4,0,4,4,0,0,4,4,4,0,4,0,592,4,-4,-4,16,0,-4,0,0,-4,-4,0,-4,-4,0,0,-4,-4
3042,0x55763b07c2ec,R,0x7ffefa157d4c,1,-4,-4,604,-4,-20,0,0,-4,596,0,-20,-4,0,0,-4,0,0,0,20,0,-612,4,0,0,20,4,-620,0,0,4,0,4
3043,0x55763b07c2ec,W,0x7ffefa157d4c,1,0,-4,604,0,0,0,0,-4,-4,0,0,-4,0,0,-4,-4,0,4,0,0,4,4,0,0,0,4,4,0,0,0,20,4
3045,0x55763b07c2f0,R,0x7ffefa157d4c,1,0,0,-4,0,0,-4,-20,-4,0,0,596,-4,-20,0,0,-4,20,4,-612,0,0,4,20,0,-620,4,4,4,0,0,20,0
3048,0x55763b07c2cf,R,0x7ffefa157d60,1,20,20,16,16,624,16,0,20,20,20,16,16,20,20,20,16,-20,-16,-16,-20,-20,-16,-20,-20,-640,-20,-20,-16,-20,-16,-20,-20
3050,0x55763b07c2d3,R,0x7ffefa157d4c,1,-20,0,0,-4,604,0,0,0,0,-4,0,-4,596,0,-20,-4,-612,4,0,0,20,4,0,4,4,0,0,0,20,4,-628,0
3053,0x55763b07c2d9,R,0x7ffefa157ae8,1,-612,-612,-612,-616,-616,-612,-612,-616,-632,-616,-612,-612,-616,-612,-612,-616,616,616,612,612,632,612,-8,616,616,616,612,612,612,616,616,612
3055,0x55763b07c2de,R,0x7ffefa157d50,1,616,4,-16,0,4,4,608,0,-16,4,4,4,0,0,600,0,-4,0,-4,0,-4,-4,-624,-4,-4,0,16,-4,-632,0,-4,-4
3058,0x55763b07c2e7,W,0x7ffefa157d50,1,0,4,4,0,4,4,0,0,4,4,4,0,4,0,600,4,-4,-4,16,0,-4,0,0,-4,-4,0,-4,-4,0,0,-4,-4
3060,0x55763b07c2ec,R,0x7ffefa157d4c,1,-4,-4,612,-4,-20,0,0,-4,604,0,-20,-4,0,0,-4,0,0,0,20,0,-620,4,0,0,20,4,-628,0,0,4,0,4
3061,0x55763b07c2ec,W,0x7ffefa157d4c,1,0,-4,612,0,0,0,0,-4,-4,0,0,-4,0,0,-4,-4,0,4,0,0,4,4,0,0,0,4,4,0,0,0,20,4
3063,0x55763b07c2f0,R,0x7ffefa157d4c,1,0,0,-4,0,0,-4,-20,-4,0,0,604,-4,-20,0,0,-4,20,4,-620,0,0,4,20,0,-628,4,4,4,0,0,20,0
3066,0x55763b07c2cf,R,0x7ffefa157d60,1,20,20,16,16,632,16,0,20,20,20,16,16,20,20,20,16,-20,-16,-16,-20,-20,-16,-20,-20,-648,-20,-20,-16,-20,-16,-20,-20
3068,0x55763b07c2d3,R,0x7ffefa157d4c,1,-20,0,0,-4,612,0,0,0,0,-4,0,-4,604,0,-20,-4,-620,4,0,0,20,4,0,4,4,0,0,0,20,4,-636,0
3071,0x55763b07c2d9,R,0x7ffefa157ae0,1,-620,-620,-620,-624,-624,-620,-620,-624,-640,-624,-620,-620,-624,-620,-620,-624,624,624,620,620,640,620,-8,624,624,624,620,620,620,624,624,620
3073,0x55763b07c2de,R,0x7ffefa157d50,1,624,4,-16,0,4,4,616,0,-16,4,4,4,0,0,608,0,-4,0,-4,0,-4,-4,-632,-4,-4,0,16,-4,-640,0,-4,-4
3076,0x55763b07c2e7,W,0x7ffefa157d50,1,0,4,4,0,4,4,0,0,4,4,4,0,4,0,608,4,-4,-4,16,0,-4,0,0,-4,-4,0,-4,-4,0,0,-4,-4
3078,0x55763b07c2ec,R,0x7ffefa157d4c,1,-4,-4,620,-4,-20,0,0,-4,612,0,-20,-4,0,0,-4,0,0,0,20,0,-628,4,0,0,20,4,-636,0,0,4,0,4
3079,0x55763b07c2ec,W,0x7ffefa157d4c,1,0,-4,620,0,0,0,0,-4,-4,0,0,-4,0,0,-4,-4,0,4,0,0,4,4,0,0,0,4,4,0,0,0,20,4
3081,0x55763b07c2f0,R,0x7ffefa157d4c,1,0,0,-4,0,0,-4,-20,-4,0,0,612,-4,-20,0,0,-4,20,4,-628,0,0,4,20,0,-636,4,4,4,0,0,20,0
3084,0x55763b07c2cf,R,0x7ffefa157d60,1,20,20,16,16,640,16,0,20,20,20,16,16,20,20,20,16,-20,-16,-16,-20,-20,-16,-20,-20,-656,-20,-20,-16,-20,-16,-20,-20
3086,0x55763b07c2d3,R,0x7ffefa157d4c,1,-20,0,0,-4,620,0,0,0,0,-4,0,-4,612,0,-20,-4,-628,4,0,0,20,4,0,4,4,0,0,0,20,4,-644,0
3089,0x55763b07c2d9,R,0x7ffefa157ad8,1,-628,-628,-628,-632,-632,-628,-628,-632,-648,-632,-628,-628,-632,-628,-628,-632,632,632,628,628,648,628,-8,632,632,632,628,628,628,632,632,628
3091,0x55763b07c2de,R,0x7ffefa157d50,1,632,4,-16,0,4,4,624,0,-16,4,4,4,0,0,616,0,-4,0,-4,0,-4,-4,-640,-4,-4,0,16,-4,-648,0,-4,-4
3094,0x55763b07c2e7,W,0x7ffefa157d50,1,0,4,4,0,4,4,0,0,4,4,4,0,4,0,616,4,-4,-4,16,0,-4,0,0,-4,-4,0,-4,-4,0,0,-4,-4
3096,0x55763b07c2ec,R,0x7ffefa157d4c,1,-4,-4,628,-4,-20,0,0,-4,620,0,-20,-4,0,0,-4,0,0,0,20,0,-636,4,0,0,20,4,-644,0,0,4,0,4
3097,0x55763b07c2ec,W,0x7ffefa157d4c,1,0,-4,628,0,0,0,0,-4,-4,0,0,-4,0,0,-4,-4,0,4,0,0,4,4,0,0,0,4,4,0,0,0,20,4
3099,0x55763b07c2f0,R,0x7ffefa157d4c,1,0,0,-4,0,0,-4,-20,-4,0,0,620,-4,-20,0,0,-4,20,4,-636,0,0,4,20,0,-644,4,4,4,0,0,20,0
3102,0x55763b07c2cf,R,0x7ffefa157d60,1,20,20,16,16,648,16,0,20,20,20,16,16,20,20,20,16,-20,-16,-16,-20,-20,-16,-20,-20,-664,-20,-20,-16,-20,-16,-20,-20
3104,0x55763b07c2d3,R,0x7ffefa157d4c,1,-20,0,0,-4,628,0,0,0,0,-4,0,-4,620,0,-20,-4,-636,4,0,0,20,4,0,4,4,0,0,0,20,4,-652,0
3107,0x55763b07c2d9,R,0x7ffefa157ad0,1,-636,-636,-636,-640,-640,-636,-636,-640,-656,-640,-636,-636,-640,-636,-636,-640,640,640,636,636,656,636,-8,640,640,640,636,636,636,640,640,636
3109,0x55763b07c2de,R,0x7ffefa157d50,1,640,4,-16,0,4,4,632,0,-16,4,4,4,0,0,624,0,-4,0,-4,0,-4,-4,-648,-4,-4,0,16,-4,-656,0,-4,-4
3112,0x55763b07c2e7,W,0x7ffefa157d50,1,0,4,4,0,4,4,0,0,4,4,4,0,4,0,624,4,-4,-4,16,0,-4,0,0,-4,-4,0,-4,-4,0,0,-4,-4
3114,0x55763b07c2ec,R,0x7ffefa157d4c,1,-4,-4,636,-4,-20,0,0,-4,628,0,-20,-4,0,0,-4,0,0,0,20,0,-644,4,0,0,20,4,-652,0,0,4,0,4
3115,0x55763b07c2ec,W,0x7ffefa157d4c,1,0,-4,636,0,0,0,0,-4,-4,0,0,-4,0,0,-4,-4,0,4,0,0,4,4,0,0,0,4,4,0,0,0,20,4
3117,0x55763b07c2f0,R,0x7ffefa157d4c,1,0,0,-4,0,0,-4,-20,-4,0,0,628,-4,-20,0,0,-4,20,4,-644,0,0,4,20,0,-652,4,4,4,0,0,20,0
3120,0x55763b07c2cf,R,0x7ffefa157d60,1,20,20,16,16,656,16,0,20,20,20,16,16,20,20,20,16,-20,-16,-16,-20,-20,-16,-20,-20,-672,-20,-20,-16,-20,-16,-20,-20
3122,0x55763b07c2d3,R,0x7ffefa157d4c,1,-20,0,0,-4,636,0,0,0,0,-4,0,-4,628,0,-20,-4,-644,4,0,0,20,4,0,4,4,0,0,0,20,4,-660,0
3125,0x55763b07c2d9,R,0x7ffefa157ac8,1,-644,-644,-644,-648,-648,-644,-644,-648,-664,-648,-644,-644,-648,-644,-644,-648,648,648,644,644,664,644,-8,648,648,648,644,644,644,648,648,644
3127,0x55763b07c2de,R,0x7ffefa157d50,1,648,4,-16,0,4,4,640,0,-16,4,4,4,0,0,632,0,-4,0,-4,0,-4,-4,-656,-4,-4,0,16,-4,-664,0,-4,-4
3130,0x55763b07c2e7,W,0x7ffefa157d50,1,0,4,4,0,4,4,0,0,4,4,4,0,4,0,632,4,-4,-4,16,0,-4,0,0,-4,-4,0,-4,-4,0,0,-4,-4
3132,0x55763b07c2ec,R,0x7ffefa157d4c,1,-4,-4,644,-4,-20,0,0,-4,636,0,-20,-4,0,0,-4,0,0,0,20,0,-652,4,0,0,20,4,-660,0,0,4,0,4
3133,0x55763b07c2ec,W,0x7ffefa157d4c,1,0,-4,644,0,0,0,0,-4,-4,0,0,-4,0,0,-4,-4,0,4,0,0,4,4,0,0,0,4,4,0,0,0,20,4
3135,0x55763b07c2f0,R,0x7ffefa157d4c,1,0,0,-4,0,0,-4,-20,-4,0,0,636,-4,-20,0,0,-4,20,4,-652,0,0,4,20,0,-660,4,4,4,0,0,20,0
3138,0x55763b07c2cf,R,0x7ffefa157d60,1,20,20,16,16,664,16,0,20,20,20,16,16,20,20,20,16,-20,-16,-16,-20,-20,-16,-20,-20,-680,-20,-20,-16,-20,-16,-20,-20
3140,0x55763b07c2d3,R,0x7ffefa157d4c,1,-20,0,0,-4,644,0,0,0,0,-4,0,-4,636,0,-20,-4,-652,4,0,0,20,4,0,4,4,0,0,0,20,4,-668,0
3143,0x55763b07c2d9,R,0x7ffefa157ac0,1,-652,-652,-652,-656,-656,-652,-652,-656,-672,-656,-652,-652,-656,-652,-652,-656,656,656,652,652,672,652,-8,656,656,656,652,652,652,656,656,652
3145,0x55763b07c2de,R,0x7ffefa157d50,1,656,4,-16,0,4,4,648,0,-16,4,4,4,0,0,640,0,-4,0,-4,0,-4,-4,-664,-4,-4,0,16,-4,-672,0,-4,-4
3148,0x55763b07c2e7,W,0x7ffefa157d50,1,0,4,4,0,4,4,0,0,4,4,4,0,4,0,640,4,-4,-4,16,0,-4,0,0,-4,-4,0,-4,-4,0,0,-4,-4
3150,0x55763b07c2ec,R,0x7ffefa157d4c,1,-4,-4,652,-4,-20,0,0,-4,644,0,-20,-4,0,0,-4,0,0,0,20,0,-660,4,0,0,20,4,-668,0,0,4,0,4
3151,0x55763b07c2ec,W,0x7ffefa157d4c,1,0,-4,652,0,0,0,0,-4,-4,0,0,-4,0,0,-4,-4,0,4,0,0,4,4,0,0,0,4,4,0,0,0,20,4
3153,0x55763b07c2f0,R,0x7ffefa157d4c,1,0,0,-4,0,0,-4,-20,-4,0,0,644,-4,-20,0,0,-4,20,4,-660,0,0,4,20,0,-668,4,4,4,0,0,20,0
3156,0x55763b07c2cf,R,0x7ffefa157d60,1,20,20,16,16,672,16,0,20,20,20,16,16,20,20,20,16,-20,-16,-16,-20,-20,-16,-20,-20,-688,-20,-20,-16,-20,-16,-20,-20
3158,0x55763b07c2d3,R,0x7ffefa157d4c,1,-20,0,0,-4,652,0,0,0,0,-4,0,-4,644,0,-20,-4,-660,4,0,0,20,4,0,4,4,0,0,0,20,4,-676,0
3161,0x55763b07c2d9,R,0x7ffefa157ab8,1,-660,-660,-660,-664,-664,-660,-660,-664,-680,-664,-660,-660,-664,-660,-660,-664,664,664,660,660,680,660,-8,664,664,664,660,660,660,664,664,660
3163,0x55763b07c2de,R,0x7ffefa157d50,1,664,4,-16,0,4,4,656,0,-16,4,4,4,0,0,648,0,-4,0,-4,0,-4,-4,-672,-4,-4,0,16,-4,-680,0,-4,-4
3166,0x55763b07c2e7,W,0x7ffefa157d50,1,0,4,4,0,4,4,0,0,4,4,4,0,4,0,648,4,-4,-4,16,0,-4,0,0,-4,-4,0,-4,-4,0,0,-4,-4
3168,0x55763b07c2ec,R,0x7ffefa157d4c,1,-4,-4,660,-4,-20,0,0,-4,652,0,-20,-4,0,0,-4,0,0,0,20,0,-668,4,0,0,20,4,-676,0,0,4,0,4
3169,0x55763b07c2ec,W,0x7ffefa157d4c,1,0,-4,660,0,0,0,0,-4,-4,0,0,-4,0,0,-4,-4,0,4,0,0,4,4,0,0,0,4,4,0,0,0,20,4
3171,0x55763b07c2f0,R,0x7ffefa157d4c,1,0,0,-4,0,0,-4,-20,-4,0,0,652,-4,-20,0,0,-4,20,4,-668,0,0,4,20,0,-676,4,4,4,0,0,20,0
3174,0x55763b07c2cf,R,0x7ffefa157d60,1,20,20,16,16,680,16,0,20,20,20,16,16,20,20,20,16,-20,-16,-16,-20,-20,-16,-20,-20,-696,-20,-20,-16,-20,-16,-20,-20
3176,0x55763b07c2d3,R,0x7ffefa157d4c,1,-20,0,0,-4,660,0,0,0,0,-4,0,-4,652,0,-20,-4,-668,4,0,0,20,4,0,4,4,0,0,0,20,4,-684,0
3179,0x55763b07c2d9,R,0x7ffefa157ab0,1,-668,-668,-668,-672,-672,-668,-668,-672,-688,-672,-668,-668,-672,-668,-668,-672,672,672,668,668,688,668,-8,672,672,672,668,668,668,672,672,668
3181,0x55763b07c2de,R,0x7ffefa157d50,1,672,4,-16,0,4,4,664,0,-16,4,4,4,0,0,656,0,-4,0,-4,0,-4,-4,-680,-4,-4,0,16,-4,-688,0,-4,-4
3184,0x55763b07c2e7,W,0x7ffefa157d50,1,0,4,4,0,4,4,0,0,4,4,4,0,4,0,656,4,-4,-4,16,0,-4,0,0,-4,-4,0,-4,-4,0,0,-4,-4
3186,0x55763b07c2ec,R,0x7ffefa157d4c,1,-4,-4,668,-4,-20,0,0,-4,660,0,-20,-4,0,0,-4,0,0,0,20,0,-676,4,0,0,20,4,-684,0,0,4,0,4
3187,0x55763b07c2ec,W,0x7ffefa157d4c,1,0,-4,668,0,0,0,0,-4,-4,0,0,-4,0,0,-4,-4,0,4,0,0,4,4,0,0,0,4,4,0,0,0,20,4
3189,0x55763b07c2f0,R,0x7ffefa157d4c,1,0,0,-4,0,0,-4,-20,-4,0,0,660,-4,-20,0,0,-4,20,4,-676,0,0,4,20,0,-684,4,4,4,0,0,20,0
3192,0x55763b07c2cf,R,0x7ffefa157d60,1,20,20,16,16,688,16,0,20,20,20,16,16,20,20,20,16,-20,-16,-16,-20,-20,-16,-20,-20,-704,-20,-20,-16,-20,-16,-20,-20
3194,0x55763b07c2d3,R,0x7ffefa157d4c,1,-20,0,0,-4,668,0,0,0,0,-4,0,-4,660,0,-20,-4,-676,4,0,0,20,4,0,4,4,0,0,0,20,4,-692,0
3197,0x55763b07c2d9,R,0x7ffefa157aa8,1,-676,-676,-676,-680,-680,-676,-676,-680,-696,-680,-676,-676,-680,-676,-676,-680,680,680,676,676,696,676,-8,680,680,680,676,676,676,680,680,676
3199,0x55763b07c2de,R,0x7ffefa157d50,1,680,4,-16,0,4,4,672,0,-16,4,4,4,0,0,664,0,-4,0,-4,0,-4,-4,-688,-4,-4,0,16,-4,-696,0,-4,-4
3202,0x55763b07c2e7,W,0x7ffefa157d50,1,0,4,4,0,4,4,0,0,4,4,4,0,4,0,664,4,-4,-4,16,0,-4,0,0,-4,-4,0,-4,-4,0,0,-4,-4
3204,0x55763b07c2ec,R,0x7ffefa157d4c,1,-4,-4,676,-4,-20,0,0,-4,668,0,-20,-4,0,0,-4,0,0,0,20,0,-684,4,0,0,20,4,-692,0,0,4,0,4
3205,0x55763b07c2ec,W,0x7ffefa157d4c,1,0,-4,676,0,0,0,0,-4,-4,0,0,-4,0,0,-4,-4,0,4,0,0,4,4,0,0,0,4,4,0,0,0,20,4
3207,0x55763b07c2f0,R,0x7ffefa157d4c,1,0,0,-4,0,0,-4,-20,-4,0,0,668,-4,-20,0,0,-4,20,4,-684,0,0,4,20,0,-692,4,4,4,0,0,20,0
3210,0x55763b07c2cf,R,0x7ffefa157d60,1,20,20,16,16,696,16,0,20,20,20,16,16,20,20,20,16,-20,-16,-16,-20,-20,-16,-20,-20,-712,-20,-20,-16,-20,-16,-20,-20
3212,0x55763b07c2d3,R,0x7ffefa157d4c,1,-20,0,0,-4,676,0,0,0,0,-4,0,-4,668,0,-20,-4,-684,4,0,0,20,4,0,4,4,0,0,0,20,4,-700,0
3215,0x55763b07c2d9,R,0x7ffefa157aa0,1,-684,-684,-684,-688,-688,-684,-684,-688,-704,-688,-684,-684,-688,-684,-684,-688,688,688,684,684,704,684,-8,688,688,688,684,684,684,688,688,684
3217,0x55763b07c2de,R,0x7ffefa157d50,1,688,4,-16,0,4,4,680,0,-16,4,4,4,0,0,672,0,-4,0,-4,0,-4,-4,-696,-4,-4,0,16,-4,-704,0,-4,-4
3220,0x55763b07c2e7,W,0x7ffefa157d50,1,0,4,4,0,4,4,0,0,4,4,4,0,4,0,672,4,-4,-4,16,0,-4,0,0,-4,-4,0,-4,-4,0,0,-4,-4
3222,0x55763b07c2ec,R,0x7ffefa157d4c,1,-4,-4,684,-4,-20,0,0,-4,676,0,-20,-4,0,0,-4,0,0,0,20,0,-692,4,0,0,20,4,-700,0,0,4,0,4
3223,0x55763b07c2ec,W,0x7ffefa157d4c,1,0,-4,684,0,0,0,0,-4,-4,0,0,-4,0,0,-4,-4,0,4,0,0,4,4,0,0,0,4,4,0,0,0,20,4
3225,0x55763b07c2f0,R,0x7ffefa157d4c,1,0,0,-4,0,0,-4,-20,-4,0,0,676,-4,-20,0,0,-4,20,4,-692,0,0,4,20,0,-700,4,4,4,0,0,20,0
3228,0x55763b07c2cf,R,0x7ffefa157d60,1,20,20,16,16,704,16,0,20,20,20,16,16,20,20,20,16,-20,-16,-16,-20,-20,-16,-20,-20,-720,-20,-20,-16,-20,-16,-20,-20
3230,0x55763b07c2d3,R,0x7ffefa157d4c,1,-20,0,0,-4,684,0,0,0,0,-4,0,-4,676,0,-20,-4,-692,4,0,0,20,4,0,4,4,0,0,0,20,4,-708,0
3233,0x55763b07c2d9,R,0x7ffefa157a98,1,-692,-692,-692,-696,-696,-692,-692,-696,-712,-696,-692,-692,-696,-692,-692,-696,696,696,692,692,712,692,-8,696,696,696,692,692,692,696,696,692
3235,0x55763b07c2de,R,0x7ffefa157d50,1,696,4,-16,0,4,4,688,0,-16,4,4,4,0,0,680,0,-4,0,-4,0,-4,-4,-704,-4,-4,0,16,-4,-712,0,-4,-4
3238,0x55763b07c2e7,W,0x7ffefa157d50,1,0,4,4,0,4,4,0,0,4,4,4,0,4,0,680,4,-4,-4,16,0,-4,0,0,-4,-4,0,-4,-4,0,0,-4,-4
3240,0x55763b07c2ec,R,0x7ffefa157d4c,1,-4,-4,692,-4,-20,0,0,-4,684,0,-20,-4,0,0,-4,0,0,0,20,0,-700,4,0,0,20,4,-708,0,0,4,0,4
3241,0x55763b07c2ec,W,0x7ffefa157d4c,1,0,-4,692,0,0,0,0,-4,-4,0,0,-4,0,0,-4,-4,0,4,0,0,4,4,0,0,0,4,4,0,0,0,20,4
3243,0x55763b07c2f0,R,0x7ffefa157d4c,1,0,0,-4,0,0,-4,-20,-4,0,0,684,-4,-20,0,0,-4,20,4,-700,0,0,4,20,0,-708,4,4,4,0,0,20,0
3246,0x55763b07c2cf,R,0x7ffefa157d60,1,20,20,16,16,712,16,0,20,20,20,16,16,20,20,20,16,-20,-16,-16,-20,-20,-16,-20,-20,-728,-20,-20,-16,-20,-16,-20,-20
3248,0x55763b07c2d3,R,0x7ffefa157d4c,1,-20,0,0,-4,692,0,0,0,0,-4,0,-4,684,0,-20,-4,-700,4,0,0,20,4,0,4,4,0,0,0,20,4,-716,0
3251,0x55763b07c2d9,R,0x7ffefa157a90,1,-700,-700,-700,-704,-704,-700,-700,-704,-720,-704,-700,-700,-704,-700,-700,-704,704,704,700,700,720,700,-8,704,704,704,700,700,700,704,704,700
3253,0x55763b07c2de,R,0x7ffefa157d50,1,704,4,-16,0,4,4,696,0,-16,4,4,4,0,0,688,0,-4,0,-4,0,-4,-4,-712,-4,-4,0,16,-4,-720,0,-4,-4
3256,0x55763b07c2e7,W,0x7ffefa157d50,1,0,4,4,0,4,4,0,0,4,4,4,0,4,0,688,4,-4,-4,16,0,-4,0,0,-4,-4,0,-4,-4,0,0,-4,-4
3258,0x55763b07c2ec,R,0x7ffefa157d4c,1,-4,-4,700,-4,-20,0,0,-4,692,0,-20,-4,0,0,-4,0,0,0,20,0,-708,4,0,0,20,4,-716,0,0,4,0,4
3259,0x55763b07c2ec,W,0x7ffefa157d4c,1,0,-4,700,0,0,0,0,-4,-4,0,0,-4,0,0,-4,-4,0,4,0,0,4,4,0,0,0,4,4,0,0,0,20,4
3261,0x55763b07c2f0,R,0x7ffefa157d4c,1,0,0,-4,0,0,-4,-20,-4,0,0,692,-4,-20,0,0,-4,20,4,-708,0,0,4,20,0,-716,4,4,4,0,0,20,0
3264,0x55763b07c2cf,R,0x7ffefa157d60,1,20,20,16,16,720,16,0,20,20,20,16,16,20,20,20,16,-20,-16,-16,-20,-20,-16,-20,-20,-736,-20,-20,-16,-20,-16,-20,-20
3266,0x55763b07c2d3,R,0x7ffefa157d4c,1,-20,0,0,-4,700,0,0,0,0,-4,0,-4,692,0,-20,-4,-708,4,0,0,20,4,0,4,4,0,0,0,20,4,-724,0
3269,0x55763b07c2d9,R,0x7ffefa157a88,1,-708,-708,-708,-712,-712,-708,-708,-712,-728,-712,-708,-708,-712,-708,-708,-712,712,712,708,708,728,708,-8,712,712,712,708,708,708,712,712,708
3271,0x55763b07c2de,R,0x7ffefa157d50,1,712,4,-16,0,4,4,704,0,-16,4,4,4,0,0,696,0,-4,0,-4,0,-4,-4,-720,-4,-4,0,16,-4,-728,0,-4,-4
3274,0x55763b07c2e7,W,0x7ffefa157d50,1,0,4,4,0,4,4,0,0,4,4,4,0,4,0,696,4,-4,-4,16,0,-4,0,0,-4,-4,0,-4,-4,0,0,-4,-4
3276,0x55763b07c2ec,R,0x7ffefa157d4c,1,-4,-4,708,-4,-20,0,0,-4,700,0,-20,-4,0,0,-4,0,0,0,20,0,-716,4,0,0,20,4,-724,0,0,4,0,4
3277,0x55763b07c2ec,W,0x7ffefa157d4c,1,0,-4,708,0,0,0,0,-4,-4,0,0,-4,0,0,-4,-4,0,4,0,0,4,4,0,0,0,4,4,0,0,0,20,4
3279,0x55763b07c2f0,R,0x7ffefa157d4c,1,0,0,-4,0,0,-4,-20,-4,0,0,700,-4,-20,0,0,-4,20,4,-716,0,0,4,20,0,-724,4,4,4,0,0,20,0
3282,0x55763b07c2cf,R,0x7ffefa157d60,1,20,20,16,16,728,16,0,20,20,20,16,16,20,20,20,16,-20,-16,-16,-20,-20,-16,-20,-20,-744,-20,-20,-16,-20,-16,-20,-20
3284,0x55763b07c2d3,R,0x7ffefa157d4c,1,-20,0,0,-4,708,0,0,0,0,-4,0,-4,700,0,-20,-4,-716,4,0,0,20,4,0,4,4,0,0,0,20,4,-732,0
3287,0x55763b07c2d9,R,0x7ffefa157a80,1,-716,-716,-716,-720,-720,-716,-716,-720,-736,-720,-716,-716,-720,-716,-716,-720,720,720,716,716,736,716,-8,720,720,720,716,716,716,720,720,716
3289,0x55763b07c2de,R,0x7ffefa157d50,1,720,4,-16,0,4,4,712,0,-16,4,4,4,0,0,704,0,-4,0,-4,0,-4,-4,-728,-4,-4,0,16,-4,-736,0,-4,-4
3292,0x55763b07c2e7,W,0x7ffefa157d50,1,0,4,4,0,4,4,0,0,4,4,4,0,4,0,704,4,-4,-4,16,0,-4,0,0,-4,-4,0,-4,-4,0,0,-4,-4
3294,0x55763b07c2ec,R,0x7ffefa157d4c,1,-4,-4,716,-4,-20,0,0,-4,708,0,-20,-4,0,0,-4,0,0,0,20,0,-724,4,0,0,20,4,-732,0,0,4,0,4
3295,0x55763b07c2ec,W,0x7ffefa157d4c,1,0,-4,716,0,0,0,0,-4,-4,0,0,-4,0,0,-4,-4,0,4,0,0,4,4,0,0,0,4,4,0,0,0,20,4
3297,0x55763b07c2f0,R,0x7ffefa157d4c,1,0,0,-4,0,0,-4,-20,-4,0,0,708,-4,-20,0,0,-4,20,4,-724,0,0,4,20,0,-732,4,4,4,0,0,20,0
3300,0x55763b07c2cf,R,0x7ffefa157d60,1,20,20,16,16,736,16,0,20,20,20,16,16,20,20,20,16,-20,-16,-16,-20,-20,-16,-20,-20,-752,-20,-20,-16,-20,-16,-20,-20
3302,0x55763b07c2d3,R,0x7ffefa157d4c,1,-20,0,0,-4,716,0,0,0,0,-4,0,-4,708,0,-20,-4,-724,4,0,0,20,4,0,4,4,0,0,0,20,4,-740,0
3305,0x55763b07c2d9,R,0x7ffefa157a78,1,-724,-724,-724,-728,-728,-724,-724,-728,-744,-728,-724,-724,-728,-724,-724,-728,728,728,724,724,744,724,-8,728,728,728,724,724,724,728,728,724
3307,0x55763b07c2de,R,0x7ffefa157d50,1,728,4,-16,0,4,4,720,0,-16,4,4,4,0,0,712,0,-4,0,-4,0,-4,-4,-736,-4,-4,0,16,-4,-744,0,-4,-4
3310,0x55763b07c2e7,W,0x7ffefa157d50,1,0,4,4,0,4,4,0,0,4,4,4,0,4,0,712,4,-4,-4,16,0,-4,0,0,-4,-4,0,-4,-4,0,0,-4,-4
3312,0x55763b07c2ec,R,0x7ffefa157d4c,1,-4,-4,724,-4,-20,0,0,-4,716,0,-20,-4,0,0,-4,0,0,0,20,0,-732,4,0,0,20,4,-740,0,0,4,0,4
3313,0x55763b07c2ec,W,0x7ffefa157d4c,1,0,-4,724,0,0,0,0,-4,-4,0,0,-4,0,0,-4,-4,0,4,0,0,4,4,0,0,0,4,4,0,0,0,20,4
3315,0x55763b07c2f0,R,0x7ffefa157d4c,1,0,0,-4,0,0,-4,-20,-4,0,0,716,-4,-20,0,0,-4,20,4,-732,0,0,4,20,0,-740,4,4,4,0,0,20,0
3318,0x55763b07c2cf,R,0x7ffefa157d60,1,20,20,16,16,744,16,0,20,20,20,16,16,20,20,20,16,-20,-16,-16,-20,-20,-16,-20,-20,-760,-20,-20,-16,-20,-16,-20,-20
3320,0x55763b07c2d3,R,0x7ffefa157d4c,1,-20,0,0,-4,724,0,0,0,0,-4,0,-4,716,0,-20,-4,-732,4,0,0,20,4,0,4,4,0,0,0,20,4,-748,0
3323,0x55763b07c2d9,R,0x7ffefa157a70,1,-732,-732,-732,-736,-736,-732,-732,-736,-752,-736,-732,-732,-736,-732,-732,-736,736,736,732,732,752,732,-8,736,736,736,732,732,732,736,736,732
3325,0x55763b07c2de,R,0x7ffefa157d50,1,736,4,-16,0,4,4,728,0,-16,4,4,4,0,0,720,0,-4,0,-4,0,-4,-4,-744,-4,-4,0,16,-4,-752,0,-4,-4
3328,0x55763b07c2e7,W,0x7ffefa157d50,1,0,4,4,0,4,4,0,0,4,4,4,0,4,0,720,4,-4,-4,16,0,-4,0,0,-4,-4,0,-4,-4,0,0,-4,-4
3330,0x55763b07c2ec,R,0x7ffefa157d4c,1,-4,-4,732,-4,-20,0,0,-4,724,0,-20,-4,0,0,-4,0,0,0,20,0,-740,4,0,0,20,4,-748,0,0,4,0,4
3331,0x55763b07c2ec,W,0x7ffefa157d4c,1,0,-4,732,0,0,0,0,-4,-4,0,0,-4,0,0,-4,-4,0,4,0,0,4,4,0,0,0,4,4,0,0,0,20,4
3333,0x55763b07c2f0,R,0x7ffefa157d4c,1,0,0,-4,0,0,-4,-20,-4,0,0,724,-4,-20,0,0,-4,20,4,-740,0,0,4,20,0,-748,4,4,4,0,0,20,0
3336,0x55763b07c2cf,R,0x7ffefa157d60,1,20,20,16,16,752,16,0,20,20,20,16,16,20,20,20,16,-20,-16,-16,-20,-20,-16,-20,-20,-768,-20,-20,-16,-20,-16,-20,-20
3338,0x55763b07c2d3,R,0x7ffefa157d4c,1,-20,0,0,-4,732,0,0,0,0,-4,0,-4,724,0,-20,-4,-740,4,0,0,20,4,0,4,4,0,0,0,20,4,-756,0
3341,0x55763b07c2d9,R,0x7ffefa157a68,1,-740,-740,-740,-744,-744,-740,-740,-744,-760,-744,-740,-740,-744,-740,-740,-744,744,744,740,740,760,740,-8,744,744,744,740,740,740,744,744,740
3343,0x55763b07c2de,R,0x7ffefa157d50,1,744,4,-16,0,4,4,736,0,-16,4,4,4,0,0,728,0,-4,0,-4,0,-4,-4,-752,-4,-4,0,16,-4,-760,0,-4,-4
3346,0x55763b07c2e7,W,0x7ffefa157d50,1,0,4,4,0,4,4,0,0,4,4,4,0,4,0,728,4,-4,-4,16,0,-4,0,0,-4,-4,0,-4,-4,0,0,-4,-4
3348,0x55763b07c2ec,R,0x7ffefa157d4c,1,-4,-4,740,-4,-20,0,0,-4,732,0,-20,-4,0,0,-4,0,0,0,20,0,-748,4,0,0,20,4,-756,0,0,4,0,4
3349,0x55763b07c2ec,W,0x7ffefa157d4c,1,0,-4,740,0,0,0,0,-4,-4,0,0,-4,0,0,-4,-4,0,4,0,0,4,4,0,0,0,4,4,0,0,0,20,4
3351,0x55763b07c2f0,R,0x7ffefa157d4c,1,0,0,-4,0,0,-4,-20,-4,0,0,732,-4,-20,0,0,-4,20,4,-748,0,0,4,20,0,-756,4,4,4,0,0,20,0
3354,0x55763b07c2cf,R,0x7ffefa157d60,1,20,20,16,16,760,16,0,20,20,20,16,16,20,20,20,16,-20,-16,-16,-20,-20,-16,-20,-20,-776,-20,-20,-16,-20,-16,-20,-20
3356,0x55763b07c2d3,R,0x7ffefa157d4c,1,-20,0,0,-4,740,0,0,0,0,-4,0,-4,732,0,-20,-4,-748,4,0,0,20,4,0,4,4,0,0,0,20,4,-764,0
3359,0x55763b07c2d9,R,0x7ffefa157a60,1,-748,-748,-748,-752,-752,-748,-748,-752,-768,-752,-748,-748,-752,-748,-748,-752,752,752,748,748,768,748,-8,752,752,752,748,748,748,752,752,748
3361,0x55763b07c2de,R,0x7ffefa157d50,1,752,4,-16,0,4,4,744,0,-16,4,4,4,0,0,736,0,-4,0,-4,0,-4,-4,-760,-4,-4,0,16,-4,-768,0,-4,-4
3364,0x55763b07c2e7,W,0x7ffefa157d50,1,0,4,4,0,4,4,0,0,4,4,4,0,4,0,736,4,-4,-4,16,0,-4,0,0,-4,-4,0,-4,-4,0,0,-4,-4
3366,0x55763b07c2ec,R,0x7ffefa157d4c,1,-4,-4,748,-4,-20,0,0,-4,740,0,-20,-4,0,0,-4,0,0,0,20,0,-756,4,0,0,20,4,-764,0,0,4,0,4
3367,0x55763b07c2ec,W,0x7ffefa157d4c,1,0,-4,748,0,0,0,0,-4,-4,0,0,-4,0,0,-4,-4,0,4,0,0,4,4,0,0,0,4,4,0,0,0,20,4
3369,0x55763b07c2f0,R,0x7ffefa157d4c,1,0,0,-4,0,0,-4,-20,-4,0,0,740,-4,-20,0,0,-4,20,4,-756,0,0,4,20,0,-764,4,4,4,0,0,20,0
3372,0x55763b07c2cf,R,0x7ffefa157d60,1,20,20,16,16,768,16,0,20,20,20,16,16,20,20,20,16,-20,-16,-16,-20,-20,-16,-20,-20,-784,-20,-20,-16,-20,-16,-20,-20
3374,0x55763b07c2d3,R,0x7ffefa157d4c,1,-20,0,0,-4,748,0,0,0,0,-4,0,-4,740,0,-20,-4,-756,4,0,0,20,4,0,4,4,0,0,0,20,4,-772,0
3377,0x55763b07c2d9,R,0x7ffefa157a58,1,-756,-756,-756,-760,-760,-756,-756,-760,-776,-760,-756,-756,-760,-756,-756,-760,760,760,756,756,776,756,-8,760,760,760,756,756,756,760,760,756
3379,0x55763b07c2de,R,0x7ffefa157d50,1,760,4,-16,0,4,4,752,0,-16,4,4,4,0,0,744,0,-4,0,-4,0,-4,-4,-768,-4,-4,0,16,-4,-776,0,-4,-4
3382,0x55763b07c2e7,W,0x7ffefa157d50,1,0,4,4,0,4,4,0,0,4,4,4,0,4,0,744,4,-4,-4,16,0,-4,0,0,-4,-4,0,-4,-4,0,0,-4,-4
3384,0x55763b07c2ec,R,0x7ffefa157d4c,1,-4,-4,756,-4,-20,0,0,-4,748,0,-20,-4,0,0,-4,0,0,0,20,0,-764,4,0,0,20,4,-772,0,0,4,0,4
3385,0x55763b07c2ec,W,0x7ffefa157d4c,1,0,-4,756,0,0,0,0,-4,-4,0,0,-4,0,0,-4,-4,0,4,0,0,4,4,0,0,0,4,4,0,0,0,20,4
3387,0x55763b07c2f0,R,0x7ffefa157d4c,1,0,0,-4,0,0,-4,-20,-4,0,0,748,-4,-20,0,0,-4,20,4,-764,0,0,4,20,0,-772,4,4,4,0,0,20,0
3390,0x55763b07c2cf,R,0x7ffefa157d60,1,20,20,16,16,776,16,0,20,20,20,16,16,20,20,20,16,-20,-16,-16,-20,-20,-16,-20,-20,-792,-20,-20,-16,-20,-16,-20,-20
3392,0x55763b07c2d3,R,0x7ffefa157d4c,1,-20,0,0,-4,756,0,0,0,0,-4,0,-4,748,0,-20,-4,-764,4,0,0,20,4,0,4,4,0,0,0,20,4,-780,0
3395,0x55763b07c2d9,R,0x7ffefa157a50,1,-764,-764,-764,-768,-768,-764,-764,-768,-784,-768,-764,-764,-768,-764,-764,-768,768,768,764,764,784,764,-8,768,768,768,764,764,764,768,768,764
3397,0x55763b07c2de,R,0x7ffefa157d50,1,768,4,-16,0,4,4,760,0,-16,4,4,4,0,0,752,0,-4,0,-4,0,-4,-4,-776,-4,-4,0,16,-4,-784,0,-4,-4
3400,0x55763b07c2e7,W,0x7ffefa157d50,1,0,4,4,0,4,4,0,0,4,4,4,0,4,0,752,4,-4,-4,16,0,-4,0,0,-4,-4,0,-4,-4,0,0,-4,-4
3402,0x55763b07c2ec,R,0x7ffefa157d4c,1,-4,-4,764,-4,-20,0,0,-4,756,0,-20,-4,0,0,-4,0,0,0,20,0,-772,4,0,0,20,4,-780,0,0,4,0,4
3403,0x55763b07c2ec,W,0x7ffefa157d4c,1,0,-4,764,0,0,0,0,-4,-4,0,0,-4,0,0,-4,-4,0,4,0,0,4,4,0,0,0,4,4,0,0,0,20,4
3405,0x55763b07c2f0,R,0x7ffefa157d4c,1,0,0,-4,0,0,-4,-20,-4,0,0,756,-4,-20,0,0,-4,20,4,-772,0,0,4,20,0,-780,4,4,4,0,0,20,0
3408,0x55763b07c2cf,R,0x7ffefa157d60,1,20,20,16,16,784,16,0,20,20,20,16,16,20,20,20,16,-20,-16,-16,-20,-20,-16,-20,-20,-800,-20,-20,-16,-20,-16,-20,-20
3410,0x55763b07c2d3,R,0x7ffefa157d4c,1,-20,0,0,-4,764,0,0,0,0,-4,0,-4,756,0,-20,-4,-772,4,0,0,20,4,0,4,4,0,0,0,20,4,-788,0
3413,0x55763b07c2d9,R,0x7ffefa157a48,1,-772,-772,-772,-776,-776,-772,-772,-776,-792,-776,-772,-772,-776,-772,-772,-776,776,776,772,772,792,772,-8,776,776,776,772,772,772,776,776,772
3415,0x55763b07c2de,R,0x7ffefa157d50,1,776,4,-16,0,4,4,768,0,-16,4,4,4,0,0,760,0,-4,0,-4,0,-4,-4,-784,-4,-4,0,16,-4,-792,0,-4,-4
3418,0x55763b07c2e7,W,0x7ffefa157d50,1,0,4,4,0,4,4,0,0,4,4,4,0,4,0,760,4,-4,-4,16,0,-4,0,0,-4,-4,0,-4,-4,0,0,-4,-4
3420,0x55763b07c2ec,R,0x7ffefa157d4c,1,-4,-4,772,-4,-20,0,0,-4,764,0,-20,-4,0,0,-4,0,0,0,20,0,-780,4,0,0,20,4,-788,0,0,4,0,4
3421,0x55763b07c2ec,W,0x7ffefa157d4c,1,0,-4,772,0,0,0,0,-4,-4,0,0,-4,0,0,-4,-4,0,4,0,0,4,4,0,0,0,4,4,0,0,0,20,4
3423,0x55763b07c2f0,R,0x7ffefa157d4c,1,0,0,-4,0,0,-4,-20,-4,0,0,764,-4,-20,0,0,-4,20,4,-780,0,0,4,20,0,-788,4,4,4,0,0,20,0
3426,0x55763b07c2cf,R,0x7ffefa157d60,1,20,20,16,16,792,16,0,20,20,20,16,16,20,20,20,16,-20,-16,-16,-20,-20,-16,-20,-20,-808,-20,-20,-16,-20,-16,-20,-20
3428,0x55763b07c2d3,R,0x7ffefa157d4c,1,-20,0,0,-4,772,0,0,0,0,-4,0,-4,764,0,-20,-4,-780,4,0,0,20,4,0,4,4,0,0,0,20,4,-796,0
3431,0x55763b07c2d9,R,0x7ffefa157a40,1,-780,-780,-780,-784,-784,-780,-780,-784,-800,-784,-780,-780,-784,-780,-780,-784,784,784,780,780,800,780,-8,784,784,784,780,780,780,784,784,780
3433,0x55763b07c2de,R,0x7ffefa157d50,1,784,4,-16,0,4,4,776,0,-16,4,4,4,0,0,768,0,-4,0,-4,0,-4,-4,-792,-4,-4,0,16,-4,-800,0,-4,-4
3436,0x55763b07c2e7,W,0x7ffefa157d50,1,0,4,4,0,4,4,0,0,4,4,4,0,4,0,768,4,-4,-4,16,0,-4,0,0,-4,-4,0,-4,-4,0,0,-4,-4
3438,0x55763b07c2ec,R,0x7ffefa157d4c,1,-4,-4,780,-4,-20,0,0,-4,772,0,-20,-4,0,0,-4,0,0,0,20,0,-788,4,0,0,20,4,-796,0,0,4,0,4
3439,0x55763b07c2ec,W,0x7ffefa157d4c,1,0,-4,780,0,0,0,0,-4,-4,0,0,-4,0,0,-4,-4,0,4,0,0,4,4,0,0,0,4,4,0,0,0,20,4
3441,0x55763b07c2f0,R,0x7ffefa157d4c,1,0,0,-4,0,0,-4,-20,-4,0,0,772,-4,-20,0,0,-4,20,4,-788,0,0,4,20,0,-796,4,4,4,0,0,20,0
3444,0x55763b07c2cf,R,0x7ffefa157d60,1,20,20,16,16,800,16,0,20,20,20,16,16,20,20,20,16,-20,-16,-16,-20,-20,-16,-20,-20,-816,-20,-20,-16,-20,-16,-20,-20
3446,0x55763b07c2d3,R,0x7ffefa157d4c,1,-20,0,0,-4,780,0,0,0,0,-4,0,-4,772,0,-20,-4,-788,4,0,0,20,4,0,4,4,0,0,0,20,4,-804,0
3449,0x55763b07c2d9,R,0x7ffefa157a38,1,-788,-788,-788,-792,-792,-788,-788,-792,-808,-792,-788,-788,-792,-788,-788,-792,792,792,788,788,808,788,-8,792,792,792,788,788,788,792,792,788
3451,0x55763b07c2de,R,0x7ffefa157d50,1,792,4,-16,0,4,4,784,0,-16,4,4,4,0,0,776,0,-4,0,-4,0,-4,-4,-800,-4,-4,0,16,-4,-808,0,-4,-4
3454,0x55763b07c2e7,W,0x7ffefa157d50,1,0,4,4,0,4,4,0,0,4,4,4,0,4,0,776,4,-4,-4,16,0,-4,0,0,-4,-4,0,-4,-4,0,0,-4,-4
3456,0x55763b07c2ec,R,0x7ffefa157d4c,1,-4,-4,788,-4,-20,0,0,-4,780,0,-20,-4,0,0,-4,0,0,0,20,0,-796,4,0,0,20,4,-804,0,0,4,0,4
3457,0x55763b07c2ec,W,0x7ffefa157d4c,1,0,-4,788,0,0,0,0,-4,-4,0,0,-4,0,0,-4,-4,0,4,0,0,4,4,0,0,0,4,4,0,0,0,20,4
3459,0x55763b07c2f0,R,0x7ffefa157d4c,1,0,0,-4,0,0,-4,-20,-4,0,0,780,-4,-20,0,0,-4,20,4,-796,0,0,4,20,0,-804,4,4,4,0,0,20,0
3462,0x55763b07c2cf,R,0x7ffefa157d60,1,20,20,16,16,808,16,0,20,20,20,16,16,20,20,20,16,-20,-16,-16,-20,-20,-16,-20,-20,-824,-20,-20,-16,-20,-16,-20,-20
3464,0x55763b07c2d3,R,0x7ffefa157d4c,1,-20,0,0,-4,788,0,0,0,0,-4,0,-4,780,0,-20,-4,-796,4,0,0,20,4,0,4,4,0,0,0,20,4,-812,0
3467,0x55763b07c2d9,R,0x7ffefa157a30,1,-796,-796,-796,-800,-800,-796,-796,-800,-816,-800,-796,-796,-800,-796,-796,-800,800,800,796,796,816,796,-8,800,800,800,796,796,796,800,800,796
3469,0x55763b07c2de,R,0x7ffefa157d50,1,800,4,-16,0,4,4,792,0,-16,4,4,4,0,0,784,0,-4,0,-4,0,-4,-4,-808,-4,-4,0,16,-4,-816,0,-4,-4
3472,0x55763b07c2e7,W,0x7ffefa157d50,1,0,4,4,0,4,4,0,0,4,4,4,0,4,0,784,4,-4,-4,16,0,-4,0,0,-4,-4,0,-4,-4,0,0,-4,-4
3474,0x55763b07c2ec,R,0x7ffefa157d4c,1,-4,-4,796,-4,-20,0,0,-4,788,0,-20,-4,0,0,-4,0,0,0,20,0,-804,4,0,0,20,4,-812,0,0,4,0,-836
3475,0x55763b07c2ec,W,0x7ffefa157d4c,1,0,-4,796,0,0,0,0,-4,-4,0,0,-4,0,0,-4,-4,0,4,0,0,4,4,0,0,0,4,4,0,0,0,20,-836
3477,0x55763b07c2f0,R,0x7ffefa157d4c,1,0,0,-4,0,0,-4,-20,-4,0,0,788,-4,-20,0,0,-4,20,4,-804,0,0,4,20,0,-812,4,4,4,0,0,20,-172
3480,0x55763b07c2cf,R,0x7ffefa157d60,1,20,20,16,16,816,16,0,20,20,20,16,16,20,20,20,16,-20,-16,-16,-20,-20,-16,-20,-20,-832,-20,-20,-16,-20,-856,-20,-192
3482,0x55763b07c2d3,R,0x7ffefa157d4c,1,-20,0,0,-4,796,0,0,0,0,-4,0,-4,788,0,-20,-4,-804,4,0,0,20,4,0,4,4,0,0,0,20,-836,-820,-172
3485,0x55763b07c2d9,R,0x7ffefa157a28,1,-804,-804,-804,-808,-808,-804,-804,-808,-824,-808,-804,-804,-808,-804,-804,-808,808,808,804,804,824,804,-8,808,808,808,804,804,804,-32,808,632
3487,0x55763b07c2de,R,0x7ffefa157d50,1,808,4,-16,0,4,4,800,0,-16,4,4,4,0,0,792,0,-4,0,-4,0,-4,-4,-816,-4,-4,0,16,-4,-824,-840,-4,-176
3490,0x55763b07c2e7,W,0x7ffefa157d50,1,0,4,4,0,4,4,0,0,4,4,4,0,4,0,792,4,-4,-4,16,0,-4,0,0,-4,-4,0,-4,-4,0,-840,-4,-176
3492,0x55763b07c2ec,R,0x7ffefa157d4c,1,-4,-4,804,-4,-20,0,0,-4,796,0,-20,-4,0,0,-4,0,0,0,20,0,-812,4,0,0,20,4,-820,0,0,-836,0,-180
3493,0x55763b07c2ec,W,0x7ffefa157d4c,1,0,-4,804,0,0,0,0,-4,-4,0,0,-4,0,0,-4,-4,0,4,0,0,4,4,0,0,0,4,4,0,0,-172,20,-180
3495,0x55763b07c2f0,R,0x7ffefa157d4c,1,0,0,-4,0,0,-4,-20,-4,0,0,796,-4,-20,0,0,-4,20,4,-812,0,0,4,20,0,-820,4,4,-836,0,-172,20,-180
3498,0x55763b07c2cf,R,0x7ffefa157d60,1,20,20,16,16,824,16,0,20,20,20,16,16,20,20,20,16,-20,-16,-16,-20,-20,-16,-20,-20,-840,-20,-20,-856,-20,-200,-20,-200
3500,0x55763b07c2d3,R,0x7ffefa157d4c,1,-20,0,0,-4,804,0,0,0,0,-4,0,-4,796,0,-20,-4,-812,4,0,0,20,4,0,4,4,0,0,-172,20,-180,-828,-180
3503,0x55763b07c2d9,R,0x7ffefa157a20,1,-812,-812,-812,-816,-816,-812,-812,-816,-832,-816,-812,-812,-816,-812,-812,-816,816,816,812,812,832,812,-8,816,816,-24,812,640,812,632,816,632
3505,0x55763b07c2de,R,0x7ffefa157d50,1,816,4,-16,0,4,4,808,0,-16,4,4,4,0,0,800,0,-4,0,-4,0,-4,-4,-824,-4,-4,-840,16,-176,-832,-184,-4,-184
3508,0x55763b07c2e7,W,0x7ffefa157d50,1,0,4,4,0,4,4,0,0,4,4,4,0,4,0,800,4,-4,-4,16,0,-4,0,0,-4,-4,-840,-4,-176,0,-184,-4,-184
3510,0x55763b07c2ec,R,0x7ffefa157d4c,1,-4,-4,812,-4,-20,0,0,-4,804,0,-20,-4,0,0,-4,0,0,0,20,0,-820,4,0,0,20,-836,-828,-172,0,-180,0,-46766809255228
3511,0x55763b07c2ec,W,0x7ffefa157d4c,1,0,-4,812,0,0,0,0,-4,-4,0,0,-4,0,0,-4,-4,0,4,0,0,4,4,0,0,0,-836,4,-172,0,-180,-46766809255308,-46766809255228
3513,0x55763b07c2f0,R,0x7ffefa157d4c,1,0,0,-4,0,0,-4,-20,-4,0,0,804,-4,-20,0,0,-4,20,4,-820,0,0,4,20,0,-828,-836,4,-180,0,-180,-46766809255308,4
3516,0x55763b07c2cf,R,0x7ffefa157d60,1,20,20,16,16,832,16,0,20,20,20,16,16,20,20,20,16,-20,-16,-16,-20,-20,-16,-20,-20,-848,-192,-20,-200,-20,-46766809255248,8,-16
3518,0x55763b07c2d3,R,0x7ffefa157d4c,1,-20,0,0,-4,812,0,0,0,0,-4,0,-4,804,0,-20,-4,-820,4,0,0,20,4,0,-836,4,-172,0,-180,-46766809255308,-46766809255228,-145309328868,4
3521,0x55763b07c2d9,R,0x7ffefa157a18,1,-820,-820,-820,-824,-824,-820,-820,-824,-840,-824,-820,-820,-824,-820,-820,-824,824,824,820,820,840,820,-8,-16,824,640,820,640,848,-46766809254408,864,824
3523,0x55763b07c2de,R,0x7ffefa157d50,1,824,4,-16,0,4,4,816,0,-16,4,4,4,0,0,808,0,-4,0,-4,0,-4,-4,-832,-176,-4,-184,-46766809255312,-184,-145309328872,-46766809255232,48,0
3526,0x55763b07c2e7,W,0x7ffefa157d50,1,0,4,4,0,4,4,0,0,4,4,4,0,4,0,808,4,-4,-4,16,0,-4,-840,0,-176,-4,-184,24,-184,40,-46766809255232,56,0
3528,0x55763b07c2ec,R,0x7ffefa157d4c,1,-4,-4,820,-4,-20,0,0,-4,812,0,-20,-4,0,0,-4,0,0,0,20,0,-828,-836,0,-172,-46766809255308,-180,-145309328868,-180,52,-46766809255228,60,0
3529,0x55763b07c2ec,W,0x7ffefa157d4c,1,0,-4,820,0,0,0,0,-4,-4,0,0,-4,0,0,-4,-4,0,4,0,0,4,-836,0,-172,28,-180,44,-180,52,0,68,0
3531,0x55763b07c2f0,R,0x7ffefa157d4c,1,0,0,-4,0,0,-4,-20,-4,0,0,812,-4,-20,0,0,-4,20,4,-828,0,0,-836,-46766809255308,-172,-145309328868,-180,44,-46766809255228,60,0,68,-836
3534,0x55763b07c2cf,R,0x7ffefa157d60,1,20,20,16,16,840,16,0,20,20,20,16,16,20,20,20,16,-20,-16,-16,-20,-20,-856,8,-192,-145309328888,-200,32,-46766809255248,40,-856,56,-856
3536,0x55763b07c2d3,R,0x7ffefa157d4c,1,-20,0,0,-4,820,0,0,0,0,-4,0,-4,812,0,-20,-4,-828,4,0,0,-46766809255308,-836,28,-180,44,-180,52,-836,68,-836,76,-172
3539,0x55763b07c2d9,R,0x7ffefa157a10,1,-828,-828,-828,-832,-832,-828,-828,-832,-848,-832,-828,-828,-832,-828,-828,-832,832,832,828,828,-46766809254480,656,-145309328040,648,872,-46766809254400,888,-8,896,656,912,656
3541,0x55763b07c2de,R,0x7ffefa157d50,1,832,4,-16,0,4,4,824,0,-16,4,4,4,0,0,816,0,-4,0,-4,-840,24,-176,-145309328872,-184,48,-46766809255232,56,-176,72,-176,88,-176
3544,0x55763b07c2e7,W,0x7ffefa157d50,1,0,4,4,0,4,4,0,0,4,4,4,0,4,0,816,4,-4,-4,-46766809255312,-840,24,-184,40,-184,48,-176,64,-176,80,-176,-46766809255232,-176
3546,0x55763b07c2ec,R,0x7ffefa157d4c,1,-4,-4,828,-4,-20,0,0,-4,820,0,-20,-4,0,0,-4,0,0,0,-46766809255308,-172,-145309328868,-180,44,-46766809255228,60,-172,76,-172,92,-172,-46766809255252,-172
3547,0x55763b07c2ec,W,0x7ffefa157d4c,1,0,-4,828,0,0,0,0,-4,-4,0,0,-4,0,0,-4,-4,0,-836,28,-172,-145309328868,-180,52,-46766809255228,68,-172,84,-172,-46766809255228,-172,-46766809255236,-172
3549,0x55763b07c2f0,R,0x7ffefa157d4c,1,0,0,-4,0,0,-4,-20,-4,0,0,820,-4,-20,0,0,-4,-46766809255308,-836,28,-180,44,-180,60,-46766809255228,76,-172,92,-172,-46766809255252,-172,-46766809255252,-172
3554,0x55763b07c300,W,0x7ffefa157a08,1,-836,-836,-840,-840,-8,-840,-856,-836,-836,-836,-840,-840,-836,-836,-836,-840,-46766809254472,664,-145309328032,656,888,656,904,-46766809254392,920,664,-46766809254392,664,-46766809254400,664,656,664
3557,0x55763b07c074,R,0x55763b07efc0,1,-46766809255308,-46766809254472,-46766809255308,-46766809255312,-46766809254480,-46766809255308,-46766809255308,-46766809255308,-46766809255308,-46766809255312,-46766809255308,-46766809255312,-46766809254488,-46766809255308,-46766809255328,-46766809255312,46766809255336,46766809255136,46766809255352,46766809255128,46766809255368,46766809255128,46766809255384,80,46766809255400,46766809255136,56,46766809255136,56,46766809255136,46766809255136,46766809255136
3561,0x55763b07c30d,R,0x7ffefa157d68,1,46766809255336,864,28,28,24,28,28,24,8,24,28,28,24,28,28,24,-145309328896,-200,24,-208,40,-208,56,-46766809255256,-46766809255256,-200,-46766809255264,-200,-208,-200,-192,-200
3563,0x55763b07c311,R,0x7fdd24f91768,1,-145309328896,-145309328032,-145309328868,-145309328868,-145309328872,-145309328872,-145309328040,-145309328872,-145309328888,-145309328868,-145309328868,-145309328868,-145309328872,-145309328872,-145309328048,-145309328872,145309328912,145309328696,145309328928,145309328688,145309328944,145309328688,145309328960,-46621499926360,-46621499926384,145309328696,-46621499926384,145309328696,145309328696,145309328696,145309328704,145309328696
3567,0x55763b07c325,R,0x7ffefa157d78,1,145309328912,880,46766809255352,44,44,40,872,44,44,44,44,40,44,40,864,44,8,-216,24,-224,40,-224,-46766809255272,-46766809255272,-46766809255280,-216,-224,-216,-208,-216,-46766809255296,-216
3569,0x55763b07c326,R,0x7ffefa157d80,1,8,888,24,52,52,48,48,52,52,48,32,48,52,52,48,52,8,-224,24,-232,40,-232,-46766809255304,-46766809255280,-46766809255304,-224,-224,-224,-216,-224,-46766809255304,-232
3571,0x55763b07c328,R,0x7ffefa157d88,1,8,896,145309328928,60,46766809255368,56,60,60,888,56,40,60,60,60,56,56,8,-232,24,-240,-46766809255288,-240,-46766809255296,-46766809255288,-240,-232,-224,-232,-224,-240,-46766809255296,-240
3573,0x55763b07c32a,R,0x7ffefa157d90,1,8,904,24,68,40,64,68,68,64,64,68,68,68,64,68,64,8,-240,24,-248,-46766809255320,-248,-46766809255320,-46766809255296,-240,-240,-232,-248,-46766809255304,-248,-46766809255320,-248
3575,0x55763b07c32c,R,0x7ffefa157d98,1,8,912,24,76,145309328944,72,46766809255384,76,76,72,904,76,56,72,76,76,8,-248,-46766809255304,-256,-46766809255312,-256,-256,-46766809255304,-248,-256,-240,-256,-46766809255328,-256,-46766809255328,-256
3577,0x55763b07c32e,R,0x7ffefa157da0,1,8,920,24,84,40,80,56,84,84,80,80,84,84,80,84,84,8,-256,-46766809255336,-264,-46766809255336,-264,-264,-264,-248,-264,-46766809255336,-264,-46766809255336,-264,-264,-264
3579,0x55763b07c32f,R,0x7ffefa157da8,1,8,928,24,92,40,88,145309328960,92,46766809255400,88,92,92,920,88,72,92,-46766809255320,-264,-46766809255328,-272,-46766809255344,-46766809255320,-264,-272,-256,-272,-46766809255344,-272,-272,-272,-272,-46766809255320
3582,0x55763b07c144,R,0x55763b07f010,1,-46766809255320,-46766809254392,-46766809255304,-46766809255228,-46766809255288,-46766809255232,-46766809255272,-46766809255228,-46766809255256,-46766809255232,-46766809255228,-46766809255228,-46766809255232,-46766809255232,-46766809255228,-46766809255228,-24,46766809255056,-8,46766809255048,46766809255048,0,46766809255064,46766809255048,46766809255064,46766809255048,46766809255048,46766809255048,46766809255048,0,46766809255056,0
3585,0x55763b07c14d,W,0x7ffefa157ca0,1,46766809255056,664,-256,-172,-240,-176,-224,-172,145309328696,-176,46766809255136,-172,-172,-176,656,-172,-46766809255080,-8,-46766809255080,-8,0,-46766809255056,8,-8,-8,-8,-8,-46766809255056,0,-46766809255056,0,
3587,0x55763b07c14e,R,0x55763b07eff8,1,-24,-46766809255080,-46766809255344,-46766809255252,-46766809255328,-46766809255256,-46766809255312,-46766809255252,-46766809255296,-46766809255256,-46766809255280,-46766809255252,-46766809255252,-46766809255256,-46766809255256,-46766809255252,16,46766809255072,46766809255072,46766809255072,46766809255080,46766809255072,46766809255088,46766809255072,46766809255072,24,46766809255080,24,46766809255080,,46766809255088,
3591,0x55763b07c15b,R,0x55763b07f008,1,16,-46766809255064,-46766809255328,-46766809254400,-46766809255320,-46766809255240,-46766809255304,-46766809255236,-46766809255288,-46766809255240,-46621499926368,-46766809255236,72,-46766809255240,-46766809255236,-46766809255236,-16,46766809255056,46766809255056,8,46766809255072,46766809255056,46766809255072,8,46766809255064,8,46766809255064,,46766809255072,,46766809255072,
3593,0x55763b07c162,W,0x7ffefa157c98,1,46766809255056,-8,46766809255048,656,-264,-180,-256,-180,-240,-184,-224,-180,-208,-184,-180,-180,-46766809255072,0,8,-46766809255048,16,-46766809255048,8,-46766809255048,8,,16,,16,,,
3596,0x55763b07c064,R,0x55763b07eff8,1,-16,-46766809255072,0,-46766809254416,-46766809255344,-46766809255252,-46766809255328,-46766809255256,-46766809255320,-46766809255256,-46766809255304,-46766809255252,-46621499926384,-46766809255256,56,-46766809255252,46766809255072,46766809255072,46766809255080,24,46766809255088,24,46766809255080,,46766809255088,,46766809255088,,,,,
3598,0x55763b07c167,W,0x7ffefa157c98,1,46766809255072,0,46766809255072,-8,46766809255048,-180,-264,-184,-248,-180,-240,-180,-224,-184,-208,-180,0,-46766809255048,16,-46766809255048,16,,16,,16,,,,,,,
3604,0x55763b07c0f8,R,0x7ffefa157c98,1,46766809255072,0,46766809255056,-8,46766809255048,656,-272,-184,-256,-180,-240,-184,-232,-184,145309328688,-180,8,-46766809255048,16,,16,,16,,,,,,,,,
3606,0x55763b07c16c,W,0x55763b07f010,1,-46766809255048,-46766809255048,8,-46766809255048,24,-46766809254392,-46766809255320,-46766809255228,-46766809255312,-46766809255228,-46766809255296,-46766809255232,-46766809255280,-46766809255228,-46766809255272,-46766809255228,46766809255056,,46766809255064,,46766809255064,,,,,,,,,,,
3608,0x55763b07c173,R,0x7ffefa157ca0,1,8,46766809255056,46766809255080,8,46766809255080,0,46766809255056,-172,-256,-176,-248,-176,-232,-172,-216,-176,8,,8,,,,,,,,,,,,,
3610,0x55763b07c174,R,0x7ffefa157ca8,1,8,46766809255064,46766809255088,16,46766809255072,8,46766809255064,672,-256,-168,-240,-164,-232,-164,-216,-168,0,,,,,,,,,,,,,,,
3615,0x55763b07c33c,R,0x7ffefa157ca8,1,0,46766809255064,16,16,46766809255072,16,46766809255088,672,-256,-164,-248,-164,-232,-168,-224,-168,,,,,,,,,,,,,,,,
