Delta_with_1_last_read_mean,Delta_with_1_last_read_std,Delta_with_1_last_read_median,Delta_with_1_last_read_unique,Delta_with_1_last_read_zeros_frac,Delta_with_1_last_read_entropy,Delta_with_1_last_read_mode,Delta_with_1_last_read_mode_count,Delta_with_1_last_read_ac_first_peak,Delta_with_1_last_read_fft_dom_bin,Delta_with_1_last_read_fft_dom_power,Delta_with_2_last_read_mean,Delta_with_2_last_read_std,Delta_with_2_last_read_median,Delta_with_2_last_read_unique,Delta_with_2_last_read_zeros_frac,Delta_with_2_last_read_entropy,Delta_with_2_last_read_mode,Delta_with_2_last_read_mode_count,Delta_with_2_last_read_ac_first_peak,Delta_with_2_last_read_fft_dom_bin,Delta_with_2_last_read_fft_dom_power,Delta_with_1_last_write_mean,Delta_with_1_last_write_std,Delta_with_1_last_write_median,Delta_with_1_last_write_unique,Delta_with_1_last_write_zeros_frac,Delta_with_1_last_write_entropy,Delta_with_1_last_write_mode,Delta_with_1_last_write_mode_count,Delta_with_1_last_write_ac_first_peak,Delta_with_1_last_write_fft_dom_bin,Delta_with_1_last_write_fft_dom_power,Delta_with_2_last_write_mean,Delta_with_2_last_write_std,Delta_with_2_last_write_median,Delta_with_2_last_write_unique,Delta_with_2_last_write_zeros_frac,Delta_with_2_last_write_entropy,Delta_with_2_last_write_mode,Delta_with_2_last_write_mode_count,Delta_with_2_last_write_ac_first_peak,Delta_with_2_last_write_fft_dom_bin,Delta_with_2_last_write_fft_dom_power,start,length,Target,Fine grained Target
-1.6452004367472983,14.194415573307277,0.0,37,0.26,2.674966161601877,0.0,26,8,12,303.84694986371056,-2.591470641724825,14.083474043175707,-2.19722457733622,37,0.18,2.7195357151111987,-3.044522437723423,18,8,12,376.52584094746567,1.2268097386591768,17.02625457866002,0.0,41,0.31,2.37263553817531,0.0,31,8,25,597.6047975407898,9.99127055346628,18.434189944650186,1.6094379124341005,39,0.21,1.7257747468287854,0.0,21,5,1,745.1625529126663,0,100,3,1
-4.111286794100472,10.74005611894987,0.0,18,0.36,2.178547652442487,0.0,36,8,25,422.2872311147488,-4.446184262250048,10.653756750732375,-1.0986122886681098,18,0.25,2.259422768701085,0.0,25,8,25,385.69164510488815,4.119644099384264,18.73303540975421,0.0,28,0.38,2.15694290937488,0.0,38,8,25,884.2384569793314,20.026674355124868,14.92152622508819,31.45626575636225,20,0.24,0.9506720929293964,0.0,24,8,13,440.2777622013692,50,100,3,1
-4.119759772704275,10.730242067612934,0.0,18,0.38,1.9072315245979987,0.0,38,8,25,419.30723311373015,-4.537519935381682,10.61954289988054,-2.19722457733622,18,0.24,1.9007101616210853,-3.044522437723423,26,8,25,379.6800469556173,4.718324190134198,19.113679445450515,1.0986122886681098,29,0.37,1.3229349239878838,0.0,37,8,25,923.5038804295284,19.712111697560896,15.008574765170838,31.456265756361685,19,0.25,0.9580420224685556,0.0,25,8,38,443.0087376601479,100,100,3,1
-3.752779644989993,10.396527333049873,0.0,17,0.39,2.130998777696401,0.0,39,8,25,385.5796194908359,-4.179012786271271,10.295856649410853,-1.0986122886681098,17,0.25,2.2394227687016603,-3.044522437723423,26,8,25,346.11900594071346,5.054859093471111,18.766913333227347,2.19722457733622,28,0.37,1.9030845704035448,0.0,37,8,25,893.4538280191518,19.696017318436223,15.028827730290196,31.45626575636116,19,0.26,0.9580420224685556,0.0,26,8,13,440.2777622013534,150,100,3,1
-3.744306666386058,10.406357305317156,0.0,17,0.37,2.1527959547937274,0.0,37,8,25,388.5718134064177,-4.087677113139507,10.327972533997656,0.0,17,0.26,1.908259036209143,0.0,26,8,25,352.1026258012082,4.456179002721044,18.39004794092313,1.0986122886681098,27,0.38,2.15694290937488,0.0,38,8,25,853.926392081363,20.01057997599949,14.942236001761383,31.45626575636064,20,0.25,0.9506720929293964,0.0,25,8,38,443.0087376601319,200,100,3,1
-4.111286794100189,10.740056118949148,0.0,18,0.36,2.178547652442487,0.0,36,8,25,422.2872311147205,-4.446184262249766,10.653756750731658,-1.0986122886681098,18,0.25,2.259422768701085,0.0,25,8,25,385.69164510485984,4.119644099384024,18.733035409752905,0.0,28,0.38,2.15694290937488,0.0,38,8,25,884.238456979271,20.02667435512349,14.921526225087137,31.456265756360068,20,0.24,0.9506720929293964,0.0,24,8,13,440.2777622013384,250,100,3,1
-4.119759772703992,10.730242067612211,0.0,18,0.38,1.9072315245979987,0.0,38,8,25,419.3072331137018,-4.537519935381398,10.61954289987982,-2.19722457733622,18,0.24,1.9007101616210853,-3.044522437723423,26,8,25,379.680046955589,4.718324190133915,19.113679445449183,1.0986122886681098,29,0.37,1.3229349239878838,0.0,37,8,25,923.5038804294647,19.712111697559543,15.008574765169778,31.456265756359503,19,0.25,0.9580420224685556,0.0,25,8,38,443.0087376601164,300,100,3,1
-3.7527796449897313,10.396527333049171,0.0,17,0.39,2.130998777696401,0.0,39,8,25,385.5796194908097,-4.179012786271009,10.29585664941016,-1.0986122886681098,17,0.25,2.2394227687016603,-3.044522437723423,26,8,25,346.11900594068726,5.054859093470805,18.766913333226043,2.19722457733622,28,0.37,1.9030845704035448,0.0,37,8,25,893.4538280190902,19.69601731843487,15.028827730289136,31.456265756358977,19,0.26,0.9580420224685556,0.0,26,8,13,440.2777622013229,350,100,3,1
-3.744306666385796,10.406357305316458,0.0,17,0.37,2.1527959547937274,0.0,37,8,25,388.5718134063916,-4.087677113139244,10.327972533996965,0.0,17,0.26,1.908259036209143,0.0,26,8,25,352.1026258011821,4.456179002720783,18.390047940921846,1.0986122886681098,27,0.38,2.15694290937488,0.0,38,8,25,853.9263920813044,20.01057997599812,14.94223600176033,31.45626575635845,20,0.25,0.9506720929293964,0.0,25,8,38,443.0087376601003,400,100,3,1
-4.111286794099905,10.740056118948427,0.0,18,0.36,2.178547652442487,0.0,36,8,25,422.2872311146921,-4.446184262249481,10.653756750730937,-1.0986122886681098,18,0.25,2.259422768701085,0.0,25,8,25,385.6916451048315,4.119644099383784,18.733035409751604,0.0,28,0.38,2.15694290937488,0.0,38,8,25,884.2384569792106,20.026674355122115,14.921526225086089,31.456265756357887,20,0.24,0.9506720929293964,0.0,24,8,13,440.2777622013078,450,100,3,1
-4.119759772703708,10.730242067611488,0.0,18,0.38,1.9072315245979987,0.0,38,8,25,419.3072331136734,-4.537519935381115,10.6195428998791,-2.19722457733622,18,0.24,1.9007101616210853,-3.044522437723423,26,8,25,379.6800469555607,4.718324190133632,19.113679445447858,1.0986122886681098,29,0.37,1.3229349239878838,0.0,37,8,25,923.5038804294012,19.71211169755819,15.008574765168715,31.45626575635732,19,0.25,0.9580420224685556,0.0,25,8,38,443.0087376600848,500,100,3,1
-3.752779644989469,10.396527333048477,0.0,17,0.39,2.130998777696401,0.0,39,8,25,385.5796194907836,-4.179012786270747,10.295856649409464,-1.0986122886681098,17,0.25,2.2394227687016603,-3.044522437723423,26,8,25,346.1190059406612,5.0548590934705,18.766913333224736,2.19722457733622,28,0.37,1.9030845704035448,0.0,37,8,25,893.4538280190287,19.696017318433515,15.028827730288077,31.4562657563568,19,0.26,0.9580420224685556,0.0,26,8,13,440.2777622012921,550,100,3,1
-3.744306666385535,10.406357305315762,0.0,17,0.37,2.1527959547937274,0.0,37,8,25,388.5718134063654,-4.087677113138984,10.327972533996268,0.0,17,0.26,1.908259036209143,0.0,26,8,25,352.10262580115585,4.456179002720523,18.39004794092057,1.0986122886681098,27,0.38,2.15694290937488,0.0,38,8,25,853.9263920812459,20.010579975996745,14.942236001759278,31.45626575635628,20,0.25,0.9506720929293964,0.0,25,8,38,443.0087376600687,600,100,3,1
-4.1112867940996205,10.740056118947704,0.0,18,0.36,2.178547652442487,0.0,36,8,25,422.28723111466377,-4.446184262249197,10.65375675073022,-1.0986122886681098,18,0.25,2.259422768701085,0.0,25,8,25,385.6916451048031,4.119644099383542,18.733035409750304,0.0,28,0.38,2.15694290937488,0.0,38,8,25,884.23845697915,20.02667435512074,14.921526225085032,31.456265756355705,20,0.24,0.9506720929293964,0.0,24,8,13,440.2777622012772,650,100,3,1
-4.119759772703425,10.730242067610767,0.0,18,0.38,1.9072315245979987,0.0,38,8,25,419.3072331136451,-4.537519935380832,10.619542899878384,-2.19722457733622,18,0.24,1.9007101616210853,-3.044522437723423,26,8,25,379.68004695553225,4.718324190133348,19.113679445446525,1.0986122886681098,29,0.37,1.3229349239878838,0.0,37,8,25,923.503880429338,19.71211169755684,15.00857476516766,31.45626575635514,19,0.25,0.9580420224685556,0.0,25,8,38,443.0087376600532,700,100,3,1
-3.7527796449892072,10.396527333047777,0.0,17,0.39,2.130998777696401,0.0,39,8,25,385.5796194907573,-4.179012786270485,10.295856649408774,-1.0986122886681098,17,0.25,2.2394227687016603,-3.044522437723423,26,8,25,346.119005940635,5.054859093470194,18.766913333223428,2.19722457733622,28,0.37,1.9030845704035448,0.0,37,8,25,893.4538280189676,19.69601731843216,15.028827730287022,31.45626575635461,19,0.26,0.9580420224685556,0.0,26,8,13,440.2777622012615,750,100,3,1
-3.7443066663852727,10.406357305315066,0.0,17,0.37,2.1527959547937274,0.0,37,8,25,388.5718134063392,-4.087677113138721,10.327972533995576,0.0,17,0.26,1.908259036209143,0.0,26,8,25,352.1026258011297,4.45617900272026,18.39004794091929,1.0986122886681098,27,0.38,2.15694290937488,0.0,38,8,25,853.9263920811874,20.010579975995373,14.942236001758229,31.45626575635409,20,0.25,0.9506720929293964,0.0,25,8,38,443.008737660037,800,100,3,1
-4.111286794099337,10.740056118946985,0.0,18,0.36,2.178547652442487,0.0,36,8,25,422.28723111463546,-4.446184262248913,10.6537567507295,-1.0986122886681098,18,0.25,2.259422768701085,0.0,25,8,25,385.6916451047747,4.119644099383303,18.733035409749,0.0,28,0.38,2.15694290937488,0.0,38,8,25,884.2384569790895,20.026674355119365,14.921526225083982,31.456265756353524,20,0.24,0.9506720929293964,0.0,24,8,13,440.27776220124633,850,100,3,1
-4.119759772703141,10.730242067610046,0.0,18,0.38,1.9072315245979987,0.0,38,8,25,419.3072331136168,-4.537519935380548,10.619542899877668,-2.19722457733622,18,0.24,1.9007101616210853,-3.044522437723423,26,8,25,379.680046955504,4.718324190133064,19.1136794454452,1.0986122886681098,29,0.37,1.3229349239878838,0.0,37,8,25,923.5038804292748,19.71211169755549,15.0085747651666,31.45626575635296,19,0.25,0.9580420224685556,0.0,25,8,38,443.0087376600215,900,100,3,1
-3.752779644988946,10.396527333047082,0.0,17,0.39,2.130998777696401,0.0,39,8,25,385.57961949073126,-4.179012786270224,10.29585664940808,-1.0986122886681098,17,0.25,2.2394227687016603,-3.044522437723423,26,8,25,346.1190059406088,5.05485909346989,18.76691333322212,2.19722457733622,28,0.37,1.9030845704035448,0.0,37,8,25,893.4538280189059,19.69601731843081,15.02882773028596,31.45626575635244,19,0.26,0.9580420224685556,0.0,26,8,13,440.2777622012307,950,100,3,1
-3.74430666638501,10.406357305314373,0.0,17,0.37,2.1527959547937274,0.0,37,8,25,388.571813406313,-4.08767711313846,10.32797253399488,0.0,17,0.26,1.908259036209143,0.0,26,8,25,352.1026258011036,4.456179002719997,18.39004794091801,1.0986122886681098,27,0.38,2.15694290937488,0.0,38,8,25,853.9263920811289,20.010579975993995,14.942236001757172,31.45626575635191,20,0.25,0.9506720929293964,0.0,25,8,38,443.0087376600055,1000,100,3,1
-4.111286794099055,10.740056118946262,0.0,18,0.36,2.178547652442487,0.0,36,8,25,422.2872311146071,-4.446184262248631,10.653756750728778,-1.0986122886681098,18,0.25,2.259422768701085,0.0,25,8,25,385.6916451047464,4.119644099383064,18.733035409747693,0.0,28,0.38,2.15694290937488,0.0,38,8,25,884.238456979029,20.026674355118,14.92152622508293,31.456265756351343,20,0.24,0.9506720929293964,0.0,24,8,13,440.27776220121575,1050,100,3,1
-4.119759772702857,10.730242067609325,0.0,18,0.38,1.9072315245979987,0.0,38,8,25,419.3072331135885,-4.537519935380264,10.619542899876944,-2.19722457733622,18,0.24,1.9007101616210853,-3.044522437723423,26,8,25,379.6800469554756,4.718324190132781,19.113679445443864,1.0986122886681098,29,0.37,1.3229349239878838,0.0,37,8,25,923.5038804292112,19.712111697554136,15.008574765165545,31.456265756350778,19,0.25,0.9580420224685556,0.0,25,8,38,443.00873765999,1100,100,3,1
-3.752779644988684,10.396527333046382,0.0,17,0.39,2.130998777696401,0.0,39,8,25,385.57961949070506,-4.179012786269962,10.295856649407384,-1.0986122886681098,17,0.25,2.2394227687016603,-3.044522437723423,26,8,25,346.1190059405828,5.0548590934695845,18.766913333220813,2.19722457733622,28,0.37,1.9030845704035448,0.0,37,8,25,893.4538280188445,19.696017318429465,15.0288277302849,31.45626575635025,19,0.26,0.9580420224685556,0.0,26,8,13,440.27776220120006,1150,100,3,1
-3.74430666638475,10.406357305313673,0.0,17,0.37,2.1527959547937274,0.0,37,8,25,388.5718134062869,-4.087677113138198,10.327972533994188,0.0,17,0.26,1.908259036209143,0.0,26,8,25,352.1026258010774,4.456179002719737,18.39004794091673,1.0986122886681098,27,0.38,2.15694290937488,0.0,38,8,25,853.9263920810704,20.010579975992624,14.94223600175612,31.45626575634973,20,0.25,0.9506720929293964,0.0,25,8,38,443.00873765997386,1200,100,3,1
-4.1112867940987705,10.74005611894554,0.0,18,0.36,2.178547652442487,0.0,36,8,25,422.2872311145787,-4.446184262248346,10.65375675072806,-1.0986122886681098,18,0.25,2.259422768701085,0.0,25,8,25,385.691645104718,4.119644099382823,18.733035409746392,0.0,28,0.38,2.15694290937488,0.0,38,8,25,884.2384569789685,20.02667435511662,14.921526225081877,31.45626575634916,20,0.24,0.9506720929293964,0.0,24,8,13,440.27776220118506,1250,100,3,1
-4.119759772702574,10.7302420676086,0.0,18,0.38,1.9072315245979987,0.0,38,8,25,419.3072331135601,-4.537519935379981,10.619542899876228,-2.19722457733622,18,0.24,1.9007101616210853,-3.044522437723423,26,8,25,379.68004695544727,4.718324190132497,19.113679445442536,1.0986122886681098,29,0.37,1.3229349239878838,0.0,37,8,25,923.5038804291476,19.712111697552785,15.008574765164484,31.4562657563486,19,0.25,0.9580420224685556,0.0,25,8,38,443.0087376599584,1300,100,3,1
-3.7527796449884216,10.396527333045686,0.0,17,0.39,2.130998777696401,0.0,39,8,25,385.57961949067897,-4.1790127862697,10.295856649406693,-1.0986122886681098,17,0.25,2.2394227687016603,-3.044522437723423,26,8,25,346.1190059405565,5.054859093469278,18.766913333219502,2.19722457733622,28,0.37,1.9030845704035448,0.0,37,8,25,893.4538280187829,19.696017318428105,15.028827730283846,31.45626575634807,19,0.26,0.9580420224685556,0.0,26,8,13,440.27776220116925,1350,100,3,1
-3.744306666384488,10.406357305312977,0.0,17,0.37,2.1527959547937274,0.0,37,8,25,388.5718134062606,-4.087677113137937,10.327972533993496,0.0,17,0.26,1.908259036209143,0.0,26,8,25,352.1026258010513,4.456179002719475,18.390047940915448,1.0986122886681098,27,0.38,2.15694290937488,0.0,38,8,25,853.926392081012,20.01057997599125,14.942236001755065,31.45626575634755,20,0.25,0.9506720929293964,0.0,25,8,38,443.0087376599423,1400,100,3,1
-4.111286794098486,10.740056118944818,0.0,18,0.36,2.178547652442487,0.0,36,8,25,422.2872311145504,-4.446184262248062,10.65375675072734,-1.0986122886681098,18,0.25,2.259422768701085,0.0,25,8,25,385.69164510468977,4.119644099382583,18.73303540974509,0.0,28,0.38,2.15694290937488,0.0,38,8,25,884.2384569789081,20.026674355115247,14.921526225080823,31.45626575634698,20,0.24,0.9506720929293964,0.0,24,8,13,440.2777622011543,1450,100,3,1
-4.119759772702291,10.73024206760788,0.0,18,0.38,1.9072315245979987,0.0,38,8,25,419.3072331135318,-4.537519935379697,10.619542899875508,-2.19722457733622,18,0.24,1.9007101616210853,-3.044522437723423,26,8,25,379.6800469554189,4.718324190132214,19.113679445441203,1.0986122886681098,29,0.37,1.3229349239878838,0.0,37,8,25,923.503880429084,19.71211169755143,15.008574765163427,31.45626575634641,19,0.25,0.9580420224685556,0.0,25,8,38,443.0087376599269,1500,100,3,1
-3.752779644988161,10.396527333044988,0.0,17,0.39,2.130998777696401,0.0,39,8,25,385.5796194906527,-4.179012786269439,10.295856649406,-1.0986122886681098,17,0.25,2.2394227687016603,-3.044522437723423,26,8,25,346.1190059405304,5.054859093468974,18.7669133332182,2.19722457733622,28,0.37,1.9030845704035448,0.0,37,8,25,893.4538280187215,19.69601731842676,15.028827730282789,31.45626575634589,19,0.26,0.9580420224685556,0.0,26,8,13,440.27776220113856,1550,100,3,1
-3.7443066663842255,10.406357305312278,0.0,17,0.37,2.1527959547937274,0.0,37,8,25,388.5718134062345,-4.087677113137676,10.3279725339928,0.0,17,0.26,1.908259036209143,0.0,26,8,25,352.10262580102506,4.456179002719213,18.39004794091417,1.0986122886681098,27,0.38,2.15694290937488,0.0,38,8,25,853.9263920809533,20.010579975989867,14.942236001754011,31.456265756345367,20,0.25,0.9506720929293964,0.0,25,8,38,443.00873765991065,1600,100,3,1
-4.111286794098203,10.740056118944096,0.0,18,0.36,2.178547652442487,0.0,36,8,25,422.28723111452206,-4.44618426224778,10.653756750726624,-1.0986122886681098,18,0.25,2.259422768701085,0.0,25,8,25,385.6916451046614,4.119644099382344,18.733035409743785,0.0,28,0.38,2.15694290937488,0.0,38,8,25,884.2384569788476,20.026674355113872,14.92152622507977,31.4562657563448,20,0.24,0.9506720929293964,0.0,24,8,13,440.27776220112366,1650,100,3,1
-4.119759772702007,10.730242067607156,0.0,18,0.38,1.9072315245979987,0.0,38,8,25,419.3072331135034,-4.537519935379413,10.61954289987479,-2.19722457733622,18,0.24,1.9007101616210853,-3.044522437723423,26,8,25,379.68004695539065,4.71832419013193,19.11367944543987,1.0986122886681098,29,0.37,1.3229349239878838,0.0,37,8,25,923.5038804290208,19.712111697550075,15.008574765162368,31.45626575634424,19,0.25,0.9580420224685556,0.0,25,8,38,443.00873765989513,1700,100,3,1
-3.087880172906868,10.610023481836556,0.0,21,0.36,2.474491692791537,0.0,36,8,37,309.2377814188728,-3.0220445982289554,11.141139032958009,0.0,22,0.22,2.267655258505447,-3.044522437723423,22,8,12,364.27583134200574,4.0684212290308,17.664994553391658,0.8047189562170501,30,0.35,2.369250326189609,0.0,35,8,25,765.1961436647598,16.786225038604027,16.219381928439876,31.456265756343665,22,0.27,1.291349296075208,0.0,27,8,37,441.3220534519284,1750,100,3,1
-1.0828222143365138,12.660020656498531,0.0,25,0.31,2.6315889560448,0.0,31,8,40,375.2836104798071,0.9834140033995804,14.85826359066446,0.8047189562170501,28,0.15,2.225035197438285,-2.19722457733622,16,10,10,446.82357092926713,-0.2654916992601122,13.46191551702317,0.0,22,0.27,2.1260052992578844,0.0,27,8,25,282.7044552068912,5.132705074065211,16.19111614272718,0.0,21,0.39,2.268709386556297,0.0,39,5,1,688.691929428076,1800,100,3,1
0.2353640263794157,14.16861005583036,0.0,26,0.3,2.646439345755622,0.0,30,10,50,633.5514888646535,3.7490417224600088,16.92646855099801,2.381086967398878,28,0.1,2.12192809586896,-2.19722457733622,20,10,10,763.9859927971333,-3.0058136937595794,9.686821894784227,0.0,16,0.2,2.1219280954379376,-2.19722457733622,20,10,40,361.4623858827024,-3.6110226106520376,9.38411855926174,0.0,15,0.5,1.960964048666856,0.0,50,10,40,356.6815520197126,1850,100,3,1
0.2353640263794156,14.168610055830165,0.0,26,0.3,2.646439345755622,0.0,30,10,50,633.5514888646449,3.7490417224599657,16.92646855099778,2.381086967398878,28,0.1,2.12192809586896,-2.19722457733622,20,10,10,763.9859927971219,-3.0058136937595363,9.6868218947841,0.0,16,0.2,2.1219280954379376,-2.19722457733622,20,10,40,361.462385882698,-3.6110226106519945,9.38411855926161,0.0,15,0.5,1.960964048666856,0.0,50,10,40,356.6815520197084,1900,100,3,1
0.2353640263794156,14.168610055829973,0.0,26,0.3,2.646439345755622,0.0,30,10,50,633.551488864636,3.7490417224599217,16.926468550997544,2.381086967398878,28,0.1,2.12192809586896,-2.19722457733622,20,10,10,763.9859927971104,-3.005813693759492,9.686821894783971,0.0,16,0.2,2.1219280954379376,-2.19722457733622,20,10,40,361.4623858826936,-3.611022610651951,9.38411855926148,0.0,15,0.5,1.960964048666856,0.0,50,10,40,356.681552019704,1950,100,3,1
0.2353640263794156,14.168610055829776,0.0,26,0.3,2.646439345755622,0.0,30,10,50,633.5514888646273,3.749041722459878,16.92646855099731,2.381086967398878,28,0.1,2.12192809586896,-2.19722457733622,20,10,10,763.985992797099,-3.0058136937594484,9.686821894783844,0.0,16,0.2,2.1219280954379376,-2.19722457733622,20,10,40,361.46238588268943,-3.611022610651907,9.384118559261353,0.0,15,0.5,1.960964048666856,0.0,50,10,40,356.6815520196996,2000,100,3,1
0.2353640263794155,14.168610055829584,0.0,26,0.3,2.646439345755622,0.0,30,10,50,633.5514888646187,3.749041722459834,16.926468550997075,2.381086967398878,28,0.1,2.12192809586896,-2.19722457733622,20,10,10,763.9859927970876,-3.005813693759405,9.686821894783714,0.0,16,0.2,2.1219280954379376,-2.19722457733622,20,10,40,361.462385882685,-3.611022610651864,9.38411855926122,0.0,15,0.5,1.960964048666856,0.0,50,10,40,356.6815520196954,2050,100,3,1
0.2353640263794157,14.16861005582939,0.0,26,0.3,2.646439345755622,0.0,30,10,50,633.5514888646098,3.749041722459791,16.926468550996844,2.381086967398878,28,0.1,2.12192809586896,-2.19722457733622,20,10,10,763.9859927970762,-3.005813693759361,9.686821894783586,0.0,16,0.2,2.1219280954379376,-2.19722457733622,20,10,40,361.46238588268073,-3.61102261065182,9.384118559261092,0.0,15,0.5,1.960964048666856,0.0,50,10,40,356.6815520196911,2100,100,3,1
0.2353640263794155,14.168610055829197,0.0,26,0.3,2.646439345755622,0.0,30,10,50,633.5514888646012,3.749041722459747,16.926468550996606,2.381086967398878,28,0.1,2.12192809586896,-2.19722457733622,20,10,10,763.9859927970647,-3.005813693759318,9.686821894783458,0.0,16,0.2,2.1219280954379376,-2.19722457733622,20,10,40,361.4623858826764,-3.611022610651776,9.384118559260964,0.0,15,0.5,1.960964048666856,0.0,50,10,40,356.6815520196867,2150,100,3,1
0.2353640263794154,14.168610055829005,0.0,26,0.3,2.646439345755622,0.0,30,10,50,633.5514888645924,3.749041722459704,16.926468550996375,2.381086967398878,28,0.1,2.12192809586896,-2.19722457733622,20,10,10,763.9859927970534,-3.005813693759273,9.68682189478333,0.0,16,0.2,2.1219280954379376,-2.19722457733622,20,10,40,361.462385882672,-3.611022610651733,9.384118559260834,0.0,15,0.5,1.960964048666856,0.0,50,10,40,356.6815520196824,2200,100,3,1
0.2353640263794158,14.16861005582881,0.0,26,0.3,2.646439345755622,0.0,30,10,50,633.5514888645837,3.74904172245966,16.926468550996145,2.381086967398878,28,0.1,2.12192809586896,-2.19722457733622,20,10,10,763.9859927970421,-3.0058136937592304,9.686821894783202,0.0,16,0.2,2.1219280954379376,-2.19722457733622,20,10,40,361.4623858826678,-3.6110226106516894,9.384118559260704,0.0,15,0.5,1.960964048666856,0.0,50,10,40,356.68155201967807,2250,100,3,1
0.2353640263794154,14.168610055828614,0.0,26,0.3,2.646439345755622,0.0,30,10,50,633.551488864575,3.7490417224596166,16.92646855099591,2.381086967398878,28,0.1,2.12192809586896,-2.19722457733622,20,10,10,763.9859927970307,-3.0058136937591864,9.686821894783074,0.0,16,0.2,2.1219280954379376,-2.19722457733622,20,10,40,361.46238588266345,-3.611022610651645,9.384118559260576,0.0,15,0.5,1.960964048666856,0.0,50,10,40,356.6815520196738,2300,100,3,1
0.2353640263794156,14.168610055828422,0.0,26,0.3,2.646439345755622,0.0,30,10,50,633.5514888645662,3.749041722459572,16.926468550995676,2.381086967398878,28,0.1,2.12192809586896,-2.19722457733622,20,10,10,763.9859927970191,-3.005813693759143,9.686821894782948,0.0,16,0.2,2.1219280954379376,-2.19722457733622,20,10,40,361.46238588265913,-3.6110226106516015,9.384118559260443,0.0,15,0.5,1.960964048666856,0.0,50,10,40,356.6815520196695,2350,100,3,1
0.2353640263794156,14.168610055828228,0.0,26,0.3,2.646439345755622,0.0,30,10,50,633.5514888645575,3.749041722459529,16.92646855099544,2.381086967398878,28,0.1,2.12192809586896,-2.19722457733622,20,10,10,763.9859927970078,-3.0058136937591,9.686821894782817,0.0,16,0.2,2.1219280954379376,-2.19722457733622,20,10,40,361.46238588265487,-3.611022610651558,9.384118559260315,0.0,15,0.5,1.960964048666856,0.0,50,10,40,356.6815520196651,2400,100,3,1
0.2353640263794155,14.168610055828037,0.0,26,0.3,2.646439345755622,0.0,30,10,50,633.5514888645489,3.749041722459486,16.926468550995207,2.381086967398878,28,0.1,2.12192809586896,-2.19722457733622,20,10,10,763.9859927969962,-3.005813693759056,9.686821894782687,0.0,16,0.2,2.1219280954379376,-2.19722457733622,20,10,40,361.4623858826505,-3.611022610651515,9.384118559260187,0.0,15,0.5,1.960964048666856,0.0,50,10,40,356.68155201966084,2450,100,3,1
0.2353640263794158,14.16861005582784,0.0,26,0.3,2.646439345755622,0.0,30,10,50,633.55148886454,3.749041722459442,16.926468550994976,2.381086967398878,28,0.1,2.12192809586896,-2.19722457733622,20,10,10,763.9859927969849,-3.005813693759012,9.68682189478256,0.0,16,0.2,2.1219280954379376,-2.19722457733622,20,10,40,361.4623858826462,-3.611022610651471,9.384118559260056,0.0,15,0.5,1.960964048666856,0.0,50,10,40,356.6815520196564,2500,100,3,1
0.2353640263794154,14.168610055827648,0.0,26,0.3,2.646439345755622,0.0,30,10,50,633.5514888645314,3.749041722459398,16.926468550994738,2.381086967398878,28,0.1,2.12192809586896,-2.19722457733622,20,10,10,763.9859927969736,-3.005813693758969,9.686821894782431,0.0,16,0.2,2.1219280954379376,-2.19722457733622,20,10,40,361.4623858826419,-3.6110226106514274,9.384118559259928,0.0,15,0.5,1.960964048666856,0.0,50,10,40,356.68155201965214,2550,100,3,1
0.2353640263794159,14.168610055827454,0.0,26,0.3,2.646439345755622,0.0,30,10,50,633.5514888645228,3.749041722459355,16.926468550994507,2.381086967398878,28,0.1,2.12192809586896,-2.19722457733622,20,10,10,763.985992796962,-3.0058136937589253,9.686821894782303,0.0,16,0.2,2.1219280954379376,-2.19722457733622,20,10,40,361.4623858826376,-3.611022610651384,9.384118559259797,0.0,15,0.5,1.960964048666856,0.0,50,10,40,356.68155201964777,2600,100,3,1
0.2353640263794158,14.16861005582726,0.0,26,0.3,2.646439345755622,0.0,30,10,50,633.5514888645139,3.749041722459312,16.926468550994272,2.381086967398878,28,0.1,2.12192809586896,-2.19722457733622,20,10,10,763.9859927969508,-3.0058136937588813,9.68682189478218,0.0,16,0.2,2.1219280954379376,-2.19722457733622,20,10,40,361.4623858826333,-3.61102261065134,9.384118559259669,0.0,15,0.5,1.960964048666856,0.0,50,10,40,356.68155201964345,2650,100,3,1
0.2353640263794155,14.168610055827063,0.0,26,0.3,2.646439345755622,0.0,30,10,50,633.5514888645052,3.749041722459268,16.92646855099404,2.381086967398878,28,0.1,2.12192809586896,-2.19722457733622,20,10,10,763.9859927969392,-3.0058136937588382,9.68682189478205,0.0,16,0.2,2.1219280954379376,-2.19722457733622,20,10,40,361.462385882629,-3.611022610651296,9.38411855925954,0.0,15,0.5,1.960964048666856,0.0,50,10,40,356.6815520196392,2700,100,3,1
0.2353640263794159,14.168610055826871,0.0,26,0.3,2.646439345755622,0.0,30,10,50,633.5514888644965,3.749041722459225,16.926468550993807,2.381086967398878,28,0.1,2.12192809586896,-2.19722457733622,20,10,10,763.9859927969279,-3.0058136937587943,9.68682189478192,0.0,16,0.2,2.1219280954379376,-2.19722457733622,20,10,40,361.46238588262463,-3.611022610651253,9.38411855925941,0.0,15,0.5,1.960964048666856,0.0,50,10,40,356.6815520196348,2750,100,3,1
0.2353640263794156,14.16861005582668,0.0,26,0.3,2.646439345755622,0.0,30,10,50,633.5514888644877,3.749041722459181,16.926468550993572,2.381086967398878,28,0.1,2.12192809586896,-2.19722457733622,20,10,10,763.9859927969165,-3.0058136937587507,9.686821894781794,0.0,16,0.2,2.1219280954379376,-2.19722457733622,20,10,40,361.4623858826204,-3.611022610651209,9.38411855925928,0.0,15,0.5,1.960964048666856,0.0,50,10,40,356.6815520196305,2800,100,3,1
0.2353640263794157,14.168610055826484,0.0,26,0.3,2.646439345755622,0.0,30,10,50,633.5514888644791,3.749041722459137,16.92646855099334,2.381086967398878,28,0.1,2.12192809586896,-2.19722457733622,20,10,10,763.9859927969052,-3.005813693758707,9.686821894781664,0.0,16,0.2,2.1219280954379376,-2.19722457733622,20,10,40,361.462385882616,-3.611022610651166,9.384118559259152,0.0,15,0.5,1.960964048666856,0.0,50,10,40,356.68155201962617,2850,100,3,1
0.2353640263794156,14.168610055826292,0.0,26,0.3,2.646439345755622,0.0,30,10,50,633.5514888644702,3.7490417224590935,16.926468550993107,2.381086967398878,28,0.1,2.12192809586896,-2.19722457733622,20,10,10,763.9859927968938,-3.005813693758663,9.686821894781536,0.0,16,0.2,2.1219280954379376,-2.19722457733622,20,10,40,361.4623858826118,-3.611022610651122,9.384118559259022,0.0,15,0.5,1.960964048666856,0.0,50,10,40,356.68155201962185,2900,100,3,1
0.2353640263794156,14.168610055826097,0.0,26,0.3,2.646439345755622,0.0,30,10,50,633.5514888644616,3.749041722459049,16.926468550992873,2.381086967398878,28,0.1,2.12192809586896,-2.19722457733622,20,10,10,763.9859927968823,-3.00581369375862,9.686821894781408,0.0,16,0.2,2.1219280954379376,-2.19722457733622,20,10,40,361.46238588260735,-3.6110226106510783,9.384118559258892,0.0,15,0.5,1.960964048666856,0.0,50,10,40,356.6815520196176,2950,100,3,1
0.2353640263794156,14.168610055825903,0.0,26,0.3,2.646439345755622,0.0,30,10,50,633.5514888644527,3.749041722459006,16.92646855099264,2.381086967398878,28,0.1,2.12192809586896,-2.19722457733622,20,10,10,763.985992796871,-3.005813693758576,9.68682189478128,0.0,16,0.2,2.1219280954379376,-2.19722457733622,20,10,40,361.4623858826031,-3.6110226106510335,9.38411855925876,0.0,15,0.5,1.960964048666856,0.0,50,10,40,356.6815520196132,3000,100,3,1
0.2353640263794155,14.168610055825708,0.0,26,0.3,2.646439345755622,0.0,30,10,50,633.5514888644441,3.7490417224589616,16.926468550992407,2.381086967398878,28,0.1,2.12192809586896,-2.19722457733622,20,10,10,763.9859927968596,-3.005813693758532,9.686821894781152,0.0,16,0.2,2.1219280954379376,-2.19722457733622,20,10,40,361.4623858825988,-3.6110226106509913,9.384118559258631,0.0,15,0.5,1.960964048666856,0.0,50,10,40,356.6815520196089,3050,100,3,1
0.2353640263794157,14.168610055825516,0.0,26,0.3,2.646439345755622,0.0,30,10,50,633.5514888644354,3.749041722458919,16.926468550992173,2.381086967398878,28,0.1,2.12192809586896,-2.19722457733622,20,10,10,763.9859927968481,-3.005813693758489,9.686821894781025,0.0,16,0.2,2.1219280954379376,-2.19722457733622,20,10,40,361.4623858825945,-3.6110226106509473,9.384118559258502,0.0,15,0.5,1.960964048666856,0.0,50,10,40,356.6815520196046,3100,100,3,1
0.2353640263794156,14.168610055825322,0.0,26,0.3,2.646439345755622,0.0,30,10,50,633.5514888644266,3.749041722458876,16.926468550991938,2.381086967398878,28,0.1,2.12192809586896,-2.19722457733622,20,10,10,763.9859927968367,-3.0058136937584448,9.686821894780897,0.0,16,0.2,2.1219280954379376,-2.19722457733622,20,10,40,361.4623858825902,-3.611022610650904,9.384118559258374,0.0,15,0.5,1.960964048666856,0.0,50,10,40,356.68155201960025,3150,100,3,1
0.2353640263794153,14.168610055825129,0.0,26,0.3,2.646439345755622,0.0,30,10,50,633.5514888644179,3.749041722458832,16.926468550991707,2.381086967398878,28,0.1,2.12192809586896,-2.19722457733622,20,10,10,763.9859927968254,-3.0058136937584017,9.686821894780769,0.0,16,0.2,2.1219280954379376,-2.19722457733622,20,10,40,361.462385882586,-3.61102261065086,9.384118559258246,0.0,15,0.5,1.960964048666856,0.0,50,10,40,356.6815520195959,3200,100,3,1
0.2353640263794158,14.168610055824937,0.0,26,0.3,2.646439345755622,0.0,30,10,50,633.5514888644093,3.749041722458788,16.92646855099147,2.381086967398878,28,0.1,2.12192809586896,-2.19722457733622,20,10,10,763.9859927968139,-3.0058136937583577,9.68682189478064,0.0,16,0.2,2.1219280954379376,-2.19722457733622,20,10,40,361.46238588258166,-3.6110226106508168,9.384118559258116,0.0,15,0.5,1.960964048666856,0.0,50,10,40,356.6815520195916,3250,100,3,1
0.2353640263794154,14.16861005582474,0.0,26,0.3,2.646439345755622,0.0,30,10,50,633.5514888644004,3.749041722458744,16.92646855099124,2.381086967398878,28,0.1,2.12192809586896,-2.19722457733622,20,10,10,763.9859927968024,-3.005813693758314,9.686821894780511,0.0,16,0.2,2.1219280954379376,-2.19722457733622,20,10,40,361.4623858825772,-3.611022610650773,9.384118559257988,0.0,15,0.5,1.960964048666856,0.0,50,10,40,356.68155201958723,3300,100,3,1
0.2353640263794156,14.168610055824548,0.0,26,0.3,2.646439345755622,0.0,30,10,50,633.5514888643918,3.749041722458701,16.926468550991004,2.381086967398878,28,0.1,2.12192809586896,-2.19722457733622,20,10,10,763.985992796791,-3.0058136937582707,9.686821894780383,0.0,16,0.2,2.1219280954379376,-2.19722457733622,20,10,40,361.4623858825731,-3.611022610650729,9.384118559257857,0.0,15,0.5,1.960964048666856,0.0,50,10,40,356.68155201958297,3350,100,3,1
0.2353640263794158,14.168610055824354,0.0,26,0.3,2.646439345755622,0.0,30,10,50,633.551488864383,3.749041722458657,16.926468550990773,2.381086967398878,28,0.1,2.12192809586896,-2.19722457733622,20,10,10,763.9859927967796,-3.005813693758227,9.686821894780254,0.0,16,0.2,2.1219280954379376,-2.19722457733622,20,10,40,361.46238588256864,-3.611022610650686,9.384118559257727,0.0,15,0.5,1.960964048666856,0.0,50,10,40,356.6815520195786,3400,100,3,1
0.2353640263794154,14.16861005582416,0.0,26,0.3,2.646439345755622,0.0,30,10,50,633.5514888643743,3.749041722458613,16.92646855099054,2.381086967398878,28,0.1,2.12192809586896,-2.19722457733622,20,10,10,763.9859927967683,-3.005813693758183,9.686821894780127,0.0,16,0.2,2.1219280954379376,-2.19722457733622,20,10,40,361.4623858825643,-3.611022610650642,9.384118559257598,0.0,15,0.5,1.960964048666856,0.0,50,10,40,356.6815520195742,3450,100,3,1
0.2353640263794158,14.168610055823963,0.0,26,0.3,2.646439345755622,0.0,30,10,50,633.5514888643656,3.7490417224585695,16.926468550990304,2.381086967398878,28,0.1,2.12192809586896,-2.19722457733622,20,10,10,763.9859927967568,-3.00581369375814,9.68682189478,0.0,16,0.2,2.1219280954379376,-2.19722457733622,20,10,40,361.46238588256,-3.611022610650599,9.384118559257468,0.0,15,0.5,1.960964048666856,0.0,50,10,40,356.68155201957,3500,100,3,1
0.2353640263794154,14.168610055823772,0.0,26,0.3,2.646439345755622,0.0,30,10,50,633.5514888643568,3.749041722458526,16.92646855099007,2.381086967398878,28,0.1,2.12192809586896,-2.19722457733622,20,10,10,763.9859927967453,-3.005813693758096,9.68682189477987,0.0,16,0.2,2.1219280954379376,-2.19722457733622,20,10,40,361.4623858825557,-3.6110226106505534,9.384118559257338,0.0,15,0.5,1.960964048666856,0.0,50,10,40,356.6815520195657,3550,100,3,1
0.2353640263794159,14.168610055823578,0.0,26,0.3,2.646439345755622,0.0,30,10,50,633.5514888643481,3.749041722458482,16.926468550989835,2.381086967398878,28,0.1,2.12192809586896,-2.19722457733622,20,10,10,763.985992796734,-3.0058136937580526,9.686821894779742,0.0,16,0.2,2.1219280954379376,-2.19722457733622,20,10,40,361.46238588255136,-3.611022610650512,9.38411855925721,0.0,15,0.5,1.960964048666856,0.0,50,10,40,356.68155201956137,3600,100,3,1
0.2353640263794158,14.168610055823384,0.0,26,0.3,2.646439345755622,0.0,30,10,50,633.5514888643395,3.749041722458439,16.926468550989604,2.381086967398878,28,0.1,2.12192809586896,-2.19722457733622,20,10,10,763.9859927967226,-3.005813693758009,9.686821894779614,0.0,16,0.2,2.1219280954379376,-2.19722457733622,20,10,40,361.46238588254704,-3.611022610650468,9.38411855925708,0.0,15,0.5,1.960964048666856,0.0,50,10,40,356.68155201955705,3650,100,3,1
0.2353640263794154,14.168610055823192,0.0,26,0.3,2.646439345755622,0.0,30,10,50,633.5514888643306,3.749041722458395,16.92646855098937,2.381086967398878,28,0.1,2.12192809586896,-2.19722457733622,20,10,10,763.9859927967112,-3.005813693757965,9.686821894779488,0.0,16,0.2,2.1219280954379376,-2.19722457733622,20,10,40,361.4623858825428,-3.6110226106504233,9.384118559256953,0.0,15,0.5,1.960964048666856,0.0,50,10,40,356.68155201955267,3700,100,3,1
0.2353640263794159,14.168610055823,0.0,26,0.3,2.646439345755622,0.0,30,10,50,633.551488864322,3.749041722458352,16.926468550989135,2.381086967398878,28,0.1,2.12192809586896,-2.19722457733622,20,10,10,763.9859927967,-3.0058136937579216,9.686821894779357,0.0,16,0.2,2.1219280954379376,-2.19722457733622,20,10,40,361.4623858825384,-3.61102261065038,9.38411855925682,0.0,15,0.5,1.960964048666856,0.0,50,10,40,356.6815520195484,3750,100,3,1
0.2353640263794158,14.168610055822803,0.0,26,0.3,2.646439345755622,0.0,30,10,50,633.5514888643133,3.749041722458308,16.9264685509889,2.381086967398878,28,0.1,2.12192809586896,-2.19722457733622,20,10,10,763.9859927966883,-3.0058136937578777,9.686821894779229,0.0,16,0.2,2.1219280954379376,-2.19722457733622,20,10,40,361.4623858825341,-3.611022610650337,9.384118559256692,0.0,15,0.5,1.960964048666856,0.0,50,10,40,356.681552019544,3800,100,3,1
0.2353640263794157,14.168610055822612,0.0,26,0.3,2.646439345755622,0.0,30,10,50,633.5514888643045,3.749041722458264,16.926468550988666,2.381086967398878,28,0.1,2.12192809586896,-2.19722457733622,20,10,10,763.985992796677,-3.005813693757834,9.6868218947791,0.0,16,0.2,2.1219280954379376,-2.19722457733622,20,10,40,361.4623858825298,-3.6110226106502927,9.384118559256564,0.0,15,0.5,1.960964048666856,0.0,50,10,40,356.6815520195397,3850,100,3,1
0.2353640263794158,14.168610055822418,0.0,26,0.3,2.646439345755622,0.0,30,10,50,633.5514888642958,3.749041722458221,16.926468550988435,2.381086967398878,28,0.1,2.12192809586896,-2.19722457733622,20,10,10,763.9859927966654,-3.005813693757791,9.686821894778973,0.0,16,0.2,2.1219280954379376,-2.19722457733622,20,10,40,361.4623858825255,-3.6110226106502497,9.384118559256432,0.0,15,0.5,1.960964048666856,0.0,50,10,40,356.68155201953545,3900,100,3,1
0.2353640263794156,14.168610055822224,0.0,26,0.3,2.646439345755622,0.0,30,10,50,633.551488864287,3.749041722458177,16.9264685509882,2.381086967398878,28,0.1,2.12192809586896,-2.19722457733622,20,10,10,763.9859927966542,-3.0058136937577467,9.686821894778848,0.0,16,0.2,2.1219280954379376,-2.19722457733622,20,10,40,361.4623858825212,-3.6110226106502057,9.384118559256304,0.0,15,0.5,1.960964048666856,0.0,50,10,40,356.681552019531,3950,100,3,1
0.1153769299326047,15.50676437135848,0.0,34,0.27,2.679771195906968,0.0,27,10,40,654.003258642978,3.30347674227295,16.747592466391147,2.19722457733622,34,0.08,2.2892697423958634,-2.19722457733622,19,10,10,695.0001626154666,-3.627364214022816,10.494987242016483,0.0,24,0.18,2.327662845092414,2.19722457733622,19,10,40,369.3237466826192,-4.256519092546892,10.179634013592404,0.0,22,0.46,2.488436571912724,0.0,46,10,40,360.5787345700234,4000,100,3,1
-1.6452287913642505,14.194730666220806,0.0,37,0.26,2.674966161601877,0.0,26,8,12,303.8531682021556,-2.5915134103084894,14.083787060786548,-2.19722457733622,37,0.18,2.7195357151111987,-3.044522437723423,18,8,12,376.5330041199717,1.2268308862927717,17.02663656693103,0.0,41,0.31,2.37263553817531,0.0,31,8,25,597.6182310602073,9.991498987844992,18.43460331129661,1.6094379124341005,39,0.21,1.7257747468287854,0.0,21,5,1,745.1791450060557,0,100,3,2
-4.111379715744834,10.740292704428368,0.0,18,0.36,2.178547652442487,0.0,36,8,25,422.2965201176773,-4.446277183894411,10.653992331700522,-1.0986122886681098,18,0.25,2.259422768701085,0.0,25,8,25,385.7009352850712,4.119722725391032,18.73346221221582,0.0,28,0.38,2.15694290937488,0.0,38,8,25,884.2582780735565,20.027124667709085,14.921871155547796,31.45698053824196,20,0.24,0.9506720929293964,0.0,24,8,13,440.2878208400038,50,100,3,2
-4.119852694348638,10.730478796098932,0.0,18,0.38,1.9072315245979987,0.0,38,8,25,419.316520664312,-4.537612857026045,10.619778440647393,-2.19722457733622,18,0.24,1.9007101616210853,-3.044522437723423,26,8,25,379.6893352090245,4.71841711177856,19.11411528354927,1.0986122886681098,29,0.37,1.3229349239878838,0.0,37,8,25,923.52465808901,19.712554862326314,15.008921539959193,31.4569805382414,19,0.25,0.9580420224685556,0.0,25,8,38,443.0190907697624,100,100,3,2
-3.752865418815559,10.396755893487931,0.0,17,0.39,2.130998777696401,0.0,39,8,25,385.5881938907772,-4.179098560096837,10.296083893784395,-1.0986122886681098,17,0.25,2.2394227687016603,-3.044522437723423,26,8,25,346.1275770720481,5.054959162934271,18.767341652114457,2.19722457733622,28,0.37,1.9030845704035448,0.0,37,8,25,893.4739689763885,19.696460483201644,15.02917451234735,31.45698053824087,19,0.26,0.9580420224685556,0.0,26,8,13,440.2878208399881,150,100,3,2
-3.744392440211623,10.4065857196955,0.0,17,0.37,2.1527959547937274,0.0,37,8,25,388.580388984407,-4.087762886965072,10.328199830273372,0.0,17,0.26,1.908259036209143,0.0,26,8,25,352.1111996069129,4.456264776546611,18.390467306310985,1.0986122886681098,27,0.38,2.15694290937488,0.0,38,8,25,853.9455713727101,20.01103028858371,14.942580939185564,31.456980538240348,20,0.25,0.9506720929293964,0.0,25,8,38,443.0190907697463,200,100,3,2
-4.111379715744551,10.74029270442765,0.0,18,0.36,2.178547652442487,0.0,36,8,25,422.296520117649,-4.446277183894128,10.653992331699802,-1.0986122886681098,18,0.25,2.259422768701085,0.0,25,8,25,385.7009352850428,4.119722725390791,18.73346221221452,0.0,28,0.38,2.15694290937488,0.0,38,8,25,884.2582780734961,20.02712466770771,14.921871155546746,31.456980538239783,20,0.24,0.9506720929293964,0.0,24,8,13,440.2878208399731,250,100,3,2
-4.119852694348355,10.730478796098213,0.0,18,0.38,1.9072315245979987,0.0,38,8,25,419.3165206642836,-4.537612857025762,10.619778440646677,-2.19722457733622,18,0.24,1.9007101616210853,-3.044522437723423,26,8,25,379.6893352089961,4.718417111778277,19.114115283547942,1.0986122886681098,29,0.37,1.3229349239878838,0.0,37,8,25,923.5246580889464,19.712554862324968,15.008921539958134,31.45698053823921,19,0.25,0.9580420224685556,0.0,25,8,38,443.0190907697309,300,100,3,2
-3.752865418815296,10.396755893487232,0.0,17,0.39,2.130998777696401,0.0,39,8,25,385.5881938907512,-4.179098560096574,10.296083893783702,-1.0986122886681098,17,0.25,2.2394227687016603,-3.044522437723423,26,8,25,346.127577072022,5.054959162933965,18.767341652113146,2.19722457733622,28,0.37,1.9030845704035448,0.0,37,8,25,893.473968976327,19.69646048320029,15.029174512346296,31.45698053823869,19,0.26,0.9580420224685556,0.0,26,8,13,440.2878208399573,350,100,3,2
-3.7443924402113615,10.406585719694805,0.0,17,0.37,2.1527959547937274,0.0,37,8,25,388.5803889843808,-4.087762886964812,10.32819983027268,0.0,17,0.26,1.908259036209143,0.0,26,8,25,352.1111996068868,4.456264776546349,18.390467306309706,1.0986122886681098,27,0.38,2.15694290937488,0.0,38,8,25,853.9455713726517,20.011030288582337,14.942580939184513,31.456980538238167,20,0.25,0.9506720929293964,0.0,25,8,38,443.0190907697148,400,100,3,2
-4.111379715744267,10.740292704426926,0.0,18,0.36,2.178547652442487,0.0,36,8,25,422.29652011762073,-4.446277183893844,10.653992331699085,-1.0986122886681098,18,0.25,2.259422768701085,0.0,25,8,25,385.70093528501445,4.119722725390552,18.73346221221322,0.0,28,0.38,2.15694290937488,0.0,38,8,25,884.2582780734357,20.02712466770633,14.921871155545697,31.4569805382376,20,0.24,0.9506720929293964,0.0,24,8,13,440.28782083994247,450,100,3,2
-4.119852694348071,10.73047879609749,0.0,18,0.38,1.9072315245979987,0.0,38,8,25,419.3165206642553,-4.537612857025478,10.619778440645955,-2.19722457733622,18,0.24,1.9007101616210853,-3.044522437723423,26,8,25,379.6893352089678,4.7184171117779945,19.11411528354661,1.0986122886681098,29,0.37,1.3229349239878838,0.0,37,8,25,923.524658088883,19.71255486232361,15.008921539957075,31.45698053823704,19,0.25,0.9580420224685556,0.0,25,8,38,443.0190907696992,500,100,3,2
-3.7528654188150345,10.396755893486535,0.0,17,0.39,2.130998777696401,0.0,39,8,25,385.58819389072505,-4.179098560096313,10.29608389378301,-1.0986122886681098,17,0.25,2.2394227687016603,-3.044522437723423,26,8,25,346.12757707199586,5.0549591629336605,18.76734165211184,2.19722457733622,28,0.37,1.9030845704035448,0.0,37,8,25,893.4739689762655,19.69646048319894,15.029174512345234,31.45698053823651,19,0.26,0.9580420224685556,0.0,26,8,13,440.2878208399266,550,100,3,2
-3.744392440211101,10.406585719694109,0.0,17,0.37,2.1527959547937274,0.0,37,8,25,388.5803889843546,-4.087762886964549,10.328199830271986,0.0,17,0.26,1.908259036209143,0.0,26,8,25,352.11119960686057,4.456264776546088,18.390467306308427,1.0986122886681098,27,0.38,2.15694290937488,0.0,38,8,25,853.9455713725932,20.011030288580965,14.94258093918346,31.45698053823599,20,0.25,0.9506720929293964,0.0,25,8,38,443.01909076968326,600,100,3,2
-4.111379715743984,10.740292704426206,0.0,18,0.36,2.178547652442487,0.0,36,8,25,422.2965201175924,-4.44627718389356,10.653992331698367,-1.0986122886681098,18,0.25,2.259422768701085,0.0,25,8,25,385.7009352849861,4.119722725390313,18.73346221221191,0.0,28,0.38,2.15694290937488,0.0,38,8,25,884.2582780733752,20.02712466770496,14.921871155544643,31.45698053823542,20,0.24,0.9506720929293964,0.0,24,8,13,440.2878208399117,650,100,3,2
-4.119852694347787,10.730478796096769,0.0,18,0.38,1.9072315245979987,0.0,38,8,25,419.316520664227,-4.537612857025194,10.619778440645238,-2.19722457733622,18,0.24,1.9007101616210853,-3.044522437723423,26,8,25,379.6893352089395,4.71841711177771,19.11411528354528,1.0986122886681098,29,0.37,1.3229349239878838,0.0,37,8,25,923.5246580888198,19.712554862322257,15.00892153995602,31.456980538234856,19,0.25,0.9580420224685556,0.0,25,8,38,443.0190907696678,700,100,3,2
-3.752865418814774,10.39675589348584,0.0,17,0.39,2.130998777696401,0.0,39,8,25,385.5881938906989,-4.179098560096052,10.296083893782315,-1.0986122886681098,17,0.25,2.2394227687016603,-3.044522437723423,26,8,25,346.12757707196977,5.054959162933357,18.76734165211053,2.19722457733622,28,0.37,1.9030845704035448,0.0,37,8,25,893.4739689762039,19.6964604831976,15.029174512344175,31.456980538234333,19,0.26,0.9580420224685556,0.0,26,8,13,440.287820839896,750,100,3,2
-3.7443924402108384,10.40658571969341,0.0,17,0.37,2.1527959547937274,0.0,37,8,25,388.5803889843286,-4.087762886964288,10.328199830271291,0.0,17,0.26,1.908259036209143,0.0,26,8,25,352.1111996068345,4.456264776545825,18.390467306307148,1.0986122886681098,27,0.38,2.15694290937488,0.0,38,8,25,853.9455713725347,20.01103028857959,14.942580939182404,31.456980538233807,20,0.25,0.9506720929293964,0.0,25,8,38,443.01909076965165,800,100,3,2
-4.111379715743701,10.740292704425483,0.0,18,0.36,2.178547652442487,0.0,36,8,25,422.296520117564,-4.446277183893278,10.653992331697648,-1.0986122886681098,18,0.25,2.259422768701085,0.0,25,8,25,385.7009352849578,4.119722725390073,18.73346221221061,0.0,28,0.38,2.15694290937488,0.0,38,8,25,884.2582780733148,20.02712466770359,14.92187115554359,31.456980538233243,20,0.24,0.9506720929293964,0.0,24,8,13,440.28782083988096,850,100,3,2
-4.119852694347504,10.730478796096047,0.0,18,0.38,1.9072315245979987,0.0,38,8,25,419.31652066419866,-4.53761285702491,10.61977844064452,-2.19722457733622,18,0.24,1.9007101616210853,-3.044522437723423,26,8,25,379.68933520891113,4.718417111777427,19.11411528354396,1.0986122886681098,29,0.37,1.3229349239878838,0.0,37,8,25,923.5246580887564,19.71255486232092,15.008921539954962,31.45698053823268,19,0.25,0.9580420224685556,0.0,25,8,38,443.01909076963614,900,100,3,2
-3.752865418814512,10.396755893485144,0.0,17,0.39,2.130998777696401,0.0,39,8,25,385.5881938906727,-4.17909856009579,10.296083893781622,-1.0986122886681098,17,0.25,2.2394227687016603,-3.044522437723423,26,8,25,346.1275770719436,5.05495916293305,18.767341652109227,2.19722457733622,28,0.37,1.9030845704035448,0.0,37,8,25,893.4739689761428,19.69646048319624,15.02917451234312,31.456980538232152,19,0.26,0.9580420224685556,0.0,26,8,13,440.2878208398653,950,100,3,2
-3.744392440210577,10.406585719692714,0.0,17,0.37,2.1527959547937274,0.0,37,8,25,388.5803889843024,-4.0877628869640255,10.3281998302706,0.0,17,0.26,1.908259036209143,0.0,26,8,25,352.1111996068083,4.456264776545564,18.390467306305872,1.0986122886681098,27,0.38,2.15694290937488,0.0,38,8,25,853.9455713724763,20.01103028857822,14.942580939181354,31.45698053823163,20,0.25,0.9506720929293964,0.0,25,8,38,443.0190907696201,1000,100,3,2
-4.111379715743417,10.740292704424762,0.0,18,0.36,2.178547652442487,0.0,36,8,25,422.2965201175357,-4.4462771838929935,10.653992331696928,-1.0986122886681098,18,0.25,2.259422768701085,0.0,25,8,25,385.7009352849295,4.119722725389832,18.733462212209314,0.0,28,0.38,2.15694290937488,0.0,38,8,25,884.2582780732544,20.02712466770221,14.921871155542538,31.456980538231065,20,0.24,0.9506720929293964,0.0,24,8,13,440.2878208398504,1050,100,3,2
-4.119852694347221,10.730478796095325,0.0,18,0.38,1.9072315245979987,0.0,38,8,25,419.31652066417024,-4.537612857024628,10.619778440643802,-2.19722457733622,18,0.24,1.9007101616210853,-3.044522437723423,26,8,25,379.6893352088828,4.718417111777145,19.114115283542628,1.0986122886681098,29,0.37,1.3229349239878838,0.0,37,8,25,923.524658088693,19.71255486231956,15.008921539953905,31.456980538230496,19,0.25,0.9580420224685556,0.0,25,8,38,443.0190907696046,1100,100,3,2
-3.75286541881425,10.396755893484448,0.0,17,0.39,2.130998777696401,0.0,39,8,25,385.58819389064655,-4.179098560095528,10.29608389378093,-1.0986122886681098,17,0.25,2.2394227687016603,-3.044522437723423,26,8,25,346.1275770719175,5.054959162932745,18.767341652107923,2.19722457733622,28,0.37,1.9030845704035448,0.0,37,8,25,893.4739689760812,19.696460483194883,15.029174512342063,31.45698053822997,19,0.26,0.9580420224685556,0.0,26,8,13,440.2878208398348,1150,100,3,2
-3.744392440210316,10.406585719692018,0.0,17,0.37,2.1527959547937274,0.0,37,8,25,388.5803889842763,-4.087762886963764,10.328199830269906,0.0,17,0.26,1.908259036209143,0.0,26,8,25,352.1111996067821,4.456264776545304,18.390467306304583,1.0986122886681098,27,0.38,2.15694290937488,0.0,38,8,25,853.9455713724177,20.011030288576844,14.9425809391803,31.45698053822945,20,0.25,0.9506720929293964,0.0,25,8,38,443.0190907695885,1200,100,3,2
-4.111379715743134,10.74029270442404,0.0,18,0.36,2.178547652442487,0.0,36,8,25,422.2965201175073,-4.446277183892711,10.653992331696209,-1.0986122886681098,18,0.25,2.259422768701085,0.0,25,8,25,385.7009352849012,4.119722725389593,18.73346221220801,0.0,28,0.38,2.15694290937488,0.0,38,8,25,884.2582780731939,20.027124667700846,14.921871155541488,31.456980538228883,20,0.24,0.9506720929293964,0.0,24,8,13,440.2878208398197,1250,100,3,2
-4.119852694346937,10.730478796094602,0.0,18,0.38,1.9072315245979987,0.0,38,8,25,419.3165206641421,-4.537612857024344,10.619778440643085,-2.19722457733622,18,0.24,1.9007101616210853,-3.044522437723423,26,8,25,379.6893352088545,4.718417111776861,19.1141152835413,1.0986122886681098,29,0.37,1.3229349239878838,0.0,37,8,25,923.5246580886296,19.712554862318203,15.008921539952844,31.456980538228315,19,0.25,0.9580420224685556,0.0,25,8,38,443.0190907695731,1300,100,3,2
-3.7528654188139887,10.396755893483746,0.0,17,0.39,2.130998777696401,0.0,39,8,25,385.5881938906204,-4.179098560095267,10.29608389378024,-1.0986122886681098,17,0.25,2.2394227687016603,-3.044522437723423,26,8,25,346.1275770718913,5.054959162932441,18.767341652106616,2.19722457733622,28,0.37,1.9030845704035448,0.0,37,8,25,893.47396897602,19.696460483193537,15.029174512341005,31.4569805382278,19,0.26,0.9580420224685556,0.0,26,8,13,440.287820839804,1350,100,3,2
-3.744392440210053,10.40658571969132,0.0,17,0.37,2.1527959547937274,0.0,37,8,25,388.5803889842501,-4.087762886963501,10.328199830269211,0.0,17,0.26,1.908259036209143,0.0,26,8,25,352.1111996067561,4.456264776545041,18.390467306303314,1.0986122886681098,27,0.38,2.15694290937488,0.0,38,8,25,853.9455713723593,20.01103028857547,14.942580939179251,31.45698053822727,20,0.25,0.9506720929293964,0.0,25,8,38,443.0190907695569,1400,100,3,2
-4.111379715742851,10.740292704423322,0.0,18,0.36,2.178547652442487,0.0,36,8,25,422.2965201174791,-4.446277183892428,10.653992331695491,-1.0986122886681098,18,0.25,2.259422768701085,0.0,25,8,25,385.70093528487286,4.119722725389353,18.733462212206707,0.0,28,0.38,2.15694290937488,0.0,38,8,25,884.2582780731335,20.02712466769947,14.921871155540437,31.456980538226706,20,0.24,0.9506720929293964,0.0,24,8,13,440.287820839789,1450,100,3,2
-4.119852694346655,10.73047879609388,0.0,18,0.38,1.9072315245979987,0.0,38,8,25,419.3165206641136,-4.537612857024062,10.619778440642364,-2.19722457733622,18,0.24,1.9007101616210853,-3.044522437723423,26,8,25,379.68933520882615,4.718417111776577,19.114115283539967,1.0986122886681098,29,0.37,1.3229349239878838,0.0,37,8,25,923.5246580885664,19.712554862316857,15.00892153995179,31.456980538226137,19,0.25,0.9580420224685556,0.0,25,8,38,443.01909076954144,1500,100,3,2
-3.752865418813727,10.39675589348305,0.0,17,0.39,2.130998777696401,0.0,39,8,25,385.5881938905943,-4.179098560095006,10.296083893779542,-1.0986122886681098,17,0.25,2.2394227687016603,-3.044522437723423,26,8,25,346.12757707186523,5.054959162932135,18.767341652105312,2.19722457733622,28,0.37,1.9030845704035448,0.0,37,8,25,893.4739689759584,19.696460483192183,15.029174512339948,31.45698053822561,19,0.26,0.9580420224685556,0.0,26,8,13,440.28782083977336,1550,100,3,2
-3.744392440209792,10.406585719690623,0.0,17,0.37,2.1527959547937274,0.0,37,8,25,388.580388984224,-4.087762886963241,10.32819983026852,0.0,17,0.26,1.908259036209143,0.0,26,8,25,352.1111996067299,4.45626477654478,18.390467306302032,1.0986122886681098,27,0.38,2.15694290937488,0.0,38,8,25,853.9455713723007,20.011030288574105,14.9425809391782,31.45698053822509,20,0.25,0.9506720929293964,0.0,25,8,38,443.0190907695253,1600,100,3,2
-4.111379715742567,10.7402927044226,0.0,18,0.36,2.178547652442487,0.0,36,8,25,422.29652011745065,-4.446277183892144,10.653992331694775,-1.0986122886681098,18,0.25,2.259422768701085,0.0,25,8,25,385.70093528484455,4.1197227253891135,18.733462212205406,0.0,28,0.38,2.15694290937488,0.0,38,8,25,884.258278073073,20.027124667698093,14.921871155539383,31.45698053822452,20,0.24,0.9506720929293964,0.0,24,8,13,440.2878208397583,1650,100,3,2
-4.119852694346371,10.73047879609316,0.0,18,0.38,1.9072315245979987,0.0,38,8,25,419.3165206640854,-4.537612857023778,10.619778440641648,-2.19722457733622,18,0.24,1.9007101616210853,-3.044522437723423,26,8,25,379.6893352087979,4.718417111776294,19.114115283538645,1.0986122886681098,29,0.37,1.3229349239878838,0.0,37,8,25,923.524658088503,19.712554862315507,15.008921539950732,31.45698053822396,19,0.25,0.9580420224685556,0.0,25,8,38,443.0190907695098,1700,100,3,2
-3.752865418813465,10.396755893482354,0.0,17,0.39,2.130998777696401,0.0,39,8,25,385.5881938905681,-4.179098560094744,10.296083893778851,-1.0986122886681098,17,0.25,2.2394227687016603,-3.044522437723423,26,8,25,346.127577071839,5.054959162931828,18.767341652104005,2.19722457733622,28,0.37,1.9030845704035448,0.0,37,8,25,893.4739689758968,19.69646048319083,15.02917451233889,31.45698053822344,19,0.26,0.9580420224685556,0.0,26,8,13,440.28782083974266,1750,100,3,2
-3.744392440209531,10.406585719689929,0.0,17,0.37,2.1527959547937274,0.0,37,8,25,388.5803889841979,-4.08776288696298,10.328199830267828,0.0,17,0.26,1.908259036209143,0.0,26,8,25,352.11119960670374,4.456264776544519,18.39046730630076,1.0986122886681098,27,0.38,2.15694290937488,0.0,38,8,25,853.9455713722422,20.011030288572726,14.942580939177146,31.45698053822291,20,0.25,0.9506720929293964,0.0,25,8,38,443.01909076949386,1800,100,3,2
-4.111379715742284,10.740292704421876,0.0,18,0.36,2.178547652442487,0.0,36,8,25,422.2965201174224,-4.44627718389186,10.653992331694054,-1.0986122886681098,18,0.25,2.259422768701085,0.0,25,8,25,385.7009352848162,4.119722725388873,18.733462212204103,0.0,28,0.38,2.15694290937488,0.0,38,8,25,884.2582780730127,20.027124667696725,14.921871155538332,31.456980538222343,20,0.24,0.9506720929293964,0.0,24,8,13,440.28782083972766,1850,100,3,2
-4.119852694346088,10.730478796092436,0.0,18,0.38,1.9072315245979987,0.0,38,8,25,419.31652066405707,-4.537612857023494,10.619778440640928,-2.19722457733622,18,0.24,1.9007101616210853,-3.044522437723423,26,8,25,379.6893352087696,4.718417111776011,19.11411528353732,1.0986122886681098,29,0.37,1.3229349239878838,0.0,37,8,25,923.5246580884397,19.71255486231416,15.008921539949672,31.45698053822177,19,0.25,0.9580420224685556,0.0,25,8,38,443.0190907694782,1900,100,3,2
-3.752865418813205,10.396755893481656,0.0,17,0.39,2.130998777696401,0.0,39,8,25,385.588193890542,-4.1790985600944826,10.296083893778157,-1.0986122886681098,17,0.25,2.2394227687016603,-3.044522437723423,26,8,25,346.1275770718129,5.054959162931523,18.767341652102697,2.19722457733622,28,0.37,1.9030845704035448,0.0,37,8,25,893.4739689758356,19.69646048318948,15.029174512337834,31.45698053822125,19,0.26,0.9580420224685556,0.0,26,8,13,440.287820839712,1950,100,3,2
-3.744392440209269,10.40658571968923,0.0,17,0.37,2.1527959547937274,0.0,37,8,25,388.5803889841717,-4.087762886962717,10.328199830267137,0.0,17,0.26,1.908259036209143,0.0,26,8,25,352.1111996066776,4.4562647765442565,18.39046730629948,1.0986122886681098,27,0.38,2.15694290937488,0.0,38,8,25,853.9455713721838,20.01103028857135,14.942580939176096,31.45698053822073,20,0.25,0.9506720929293964,0.0,25,8,38,443.0190907694621,2000,100,3,2
-4.111379715742001,10.740292704421156,0.0,18,0.36,2.178547652442487,0.0,36,8,25,422.2965201173941,-4.446277183891578,10.653992331693338,-1.0986122886681098,18,0.25,2.259422768701085,0.0,25,8,25,385.7009352847878,4.119722725388634,18.73346221220281,0.0,28,0.38,2.15694290937488,0.0,38,8,25,884.2582780729522,20.02712466769535,14.921871155537282,31.456980538220165,20,0.24,0.9506720929293964,0.0,24,8,13,440.2878208396971,2050,100,3,2
-4.119852694345804,10.730478796091717,0.0,18,0.38,1.9072315245979987,0.0,38,8,25,419.3165206640287,-4.537612857023211,10.619778440640212,-2.19722457733622,18,0.24,1.9007101616210853,-3.044522437723423,26,8,25,379.6893352087412,4.718417111775727,19.114115283535984,1.0986122886681098,29,0.37,1.3229349239878838,0.0,37,8,25,923.5246580883762,19.712554862312803,15.008921539948616,31.4569805382196,19,0.25,0.9580420224685556,0.0,25,8,38,443.0190907694468,2100,100,3,2
-3.752865418812943,10.39675589348096,0.0,17,0.39,2.130998777696401,0.0,39,8,25,385.58819389051575,-4.179098560094221,10.296083893777466,-1.0986122886681098,17,0.25,2.2394227687016603,-3.044522437723423,26,8,25,346.1275770717867,5.054959162931219,18.7673416521014,2.19722457733622,28,0.37,1.9030845704035448,0.0,37,8,25,893.4739689757741,19.69646048318813,15.029174512336777,31.456980538219074,19,0.26,0.9580420224685556,0.0,26,8,13,440.2878208396813,2150,100,3,2
-3.744392440209008,10.406585719688534,0.0,17,0.37,2.1527959547937274,0.0,37,8,25,388.5803889841456,-4.087762886962455,10.32819983026644,0.0,17,0.26,1.908259036209143,0.0,26,8,25,352.1111996066515,4.456264776543994,18.3904673062982,1.0986122886681098,27,0.38,2.15694290937488,0.0,38,8,25,853.9455713721252,20.011030288569984,14.942580939175045,31.456980538218552,20,0.25,0.9506720929293964,0.0,25,8,38,443.01909076943065,2200,100,3,2
-3.774837664586179,10.391461216965276,0.0,19,0.36,2.0099823629513507,0.0,36,8,25,384.6654613577803,-4.060369859516331,10.340203965545154,0.0,19,0.24,1.906037311293348,-3.044522437723423,24,8,25,350.6503124922947,4.423618933318931,18.39832004349107,0.8047189562170501,30,0.37,2.222546756705048,0.0,37,8,25,850.915993022884,19.69646048318745,15.030897921619228,31.45698053821794,20,0.24,0.9580420224685556,0.0,24,8,13,466.8275942909513,2250,100,3,2
-1.7782097977072382,12.580607691970716,0.0,25,0.33,2.259549566795036,0.0,33,8,40,293.4198222195293,-0.1622626841373977,14.559536431421868,0.0,30,0.15,2.631864547299258,-2.19722457733622,16,8,10,425.65335215135485,0.6883074697712296,15.16488658099229,0.0,25,0.28,2.179566221164927,0.0,28,8,25,440.2456363847496,7.7281133917914495,16.967581005746336,0.0,21,0.37,1.664484782892988,0.0,37,2,1,744.9888186109876,2300,100,3,2
0.2353640263794155,14.168927438725287,0.0,26,0.3,2.646439345755622,0.0,30,10,50,633.5657845022415,3.7330188215236086,16.931172895026755,2.381086967398878,36,0.09,2.168827655191971,-2.19722457733622,20,10,10,765.2581860381043,-3.0058851719475195,9.687031828210968,0.0,16,0.2,2.1219280954379376,-2.19722457733622,20,10,40,361.4694474567746,-3.6110940888399785,9.384330654623614,0.0,15,0.5,1.960964048666856,0.0,50,10,40,356.6886362806462,2350,100,3,2
0.2353640263794154,14.168927438724902,0.0,26,0.3,2.646439345755622,0.0,30,10,50,633.5657845022242,3.749113200647863,16.92685122602281,2.381086967398878,35,0.1,2.12192809586896,-2.19722457733622,20,10,10,764.0046823469498,-3.0058851719474324,9.68703182821071,0.0,16,0.2,2.1219280954379376,-2.19722457733622,20,10,40,361.469447456766,-3.611094088839892,9.384330654623357,0.0,15,0.5,1.960964048666856,0.0,50,10,40,356.6886362806376,2400,100,3,2
0.2353640263794154,14.168927438724516,0.0,26,0.3,2.646439345755622,0.0,30,10,50,633.5657845022067,3.749113200647776,16.926851226022343,2.381086967398878,35,0.1,2.12192809586896,-2.19722457733622,20,10,10,764.0046823469271,-3.0058851719473454,9.687031828210454,0.0,16,0.2,2.1219280954379376,-2.19722457733622,20,10,40,361.4694474567573,-3.611094088839804,9.384330654623096,0.0,15,0.5,1.960964048666856,0.0,50,10,40,356.68863628062894,2450,100,3,2
0.2353640263794154,14.168927438724127,0.0,26,0.3,2.646439345755622,0.0,30,10,50,633.5657845021892,3.749113200647688,16.926851226021874,2.381086967398878,35,0.1,2.12192809586896,-2.19722457733622,20,10,10,764.0046823469042,-3.005885171947258,9.687031828210198,0.0,16,0.2,2.1219280954379376,-2.19722457733622,20,10,40,361.4694474567488,-3.611094088839717,9.384330654622836,0.0,15,0.5,1.960964048666856,0.0,50,10,40,356.68863628062024,2500,100,3,2
0.2353640263794154,14.168927438723738,0.0,26,0.3,2.646439345755622,0.0,30,10,50,633.5657845021719,3.749113200647601,16.92685122602141,2.381086967398878,35,0.1,2.12192809586896,-2.19722457733622,20,10,10,764.0046823468815,-3.005885171947171,9.687031828209944,0.0,16,0.2,2.1219280954379376,-2.19722457733622,20,10,40,361.46944745674017,-3.61109408883963,9.38433065462258,0.0,15,0.5,1.960964048666856,0.0,50,10,40,356.6886362806116,2550,100,3,2
0.2353640263794156,14.168927438723353,0.0,26,0.3,2.646439345755622,0.0,30,10,50,633.5657845021544,3.749113200647514,16.92685122602094,2.381086967398878,35,0.1,2.12192809586896,-2.19722457733622,20,10,10,764.0046823468587,-3.005885171947084,9.687031828209683,0.0,16,0.2,2.1219280954379376,-2.19722457733622,20,10,40,361.46944745673153,-3.6110940888395424,9.38433065462232,0.0,15,0.5,1.960964048666856,0.0,50,10,40,356.68863628060296,2600,100,3,2
0.2353640263794152,14.168927438722964,0.0,26,0.3,2.646439345755622,0.0,30,10,50,633.5657845021369,3.7491132006474266,16.926851226020474,2.381086967398878,35,0.1,2.12192809586896,-2.19722457733622,20,10,10,764.0046823468359,-3.0058851719469963,9.687031828209433,0.0,16,0.2,2.1219280954379376,-2.19722457733622,20,10,40,361.46944745672295,-3.611094088839456,9.384330654622062,0.0,15,0.5,1.960964048666856,0.0,50,10,40,356.6886362805944,2650,100,3,2
0.2353640263794156,14.168927438722578,0.0,26,0.3,2.646439345755622,0.0,30,10,50,633.5657845021196,3.74911320064734,16.92685122602001,2.381086967398878,35,0.1,2.12192809586896,-2.19722457733622,20,10,10,764.0046823468131,-3.0058851719469093,9.687031828209175,0.0,16,0.2,2.1219280954379376,-2.19722457733622,20,10,40,361.4694474567143,-3.611094088839368,9.384330654621802,0.0,15,0.5,1.960964048666856,0.0,50,10,40,356.6886362805857,2700,100,3,2
0.2353640263794157,14.168927438722193,0.0,26,0.3,2.646439345755622,0.0,30,10,50,633.5657845021021,3.749113200647253,16.926851226019544,2.381086967398878,35,0.1,2.12192809586896,-2.19722457733622,20,10,10,764.0046823467901,-3.0058851719468227,9.68703182820892,0.0,16,0.2,2.1219280954379376,-2.19722457733622,20,10,40,361.46944745670567,-3.611094088839281,9.38433065462154,0.0,15,0.5,1.960964048666856,0.0,50,10,40,356.6886362805772,2750,100,3,2
0.2353640263794155,14.168927438721804,0.0,26,0.3,2.646439345755622,0.0,30,10,50,633.5657845020846,3.749113200647165,16.926851226019075,2.381086967398878,35,0.1,2.12192809586896,-2.19722457733622,20,10,10,764.0046823467674,-3.005885171946735,9.687031828208664,0.0,16,0.2,2.1219280954379376,-2.19722457733622,20,10,40,361.4694474566971,-3.611094088839194,9.384330654621284,0.0,15,0.5,1.960964048666856,0.0,50,10,40,356.68863628056846,2800,100,3,2
0.2353640263794156,14.168927438721417,0.0,26,0.3,2.646439345755622,0.0,30,10,50,633.5657845020673,3.749113200647078,16.926851226018606,2.381086967398878,35,0.1,2.12192809586896,-2.19722457733622,20,10,10,764.0046823467446,-3.005885171946648,9.687031828208406,0.0,16,0.2,2.1219280954379376,-2.19722457733622,20,10,40,361.4694474566885,-3.611094088839107,9.384330654621028,0.0,15,0.5,1.960964048666856,0.0,50,10,40,356.6886362805599,2850,100,3,2
0.2353640263794157,14.16892743872103,0.0,26,0.3,2.646439345755622,0.0,30,10,50,633.5657845020498,3.749113200646991,16.92685122601814,2.381086967398878,35,0.1,2.12192809586896,-2.19722457733622,20,10,10,764.0046823467218,-3.005885171946561,9.68703182820815,0.0,16,0.2,2.1219280954379376,-2.19722457733622,20,10,40,361.46944745668,-3.6110940888390193,9.384330654620769,0.0,15,0.5,1.960964048666856,0.0,50,10,40,356.6886362805512,2900,100,3,2
0.2353640263794154,14.168927438720642,0.0,26,0.3,2.646439345755622,0.0,30,10,50,633.5657845020323,3.749113200646904,16.926851226017675,2.381086967398878,35,0.1,2.12192809586896,-2.19722457733622,20,10,10,764.0046823466992,-3.0058851719464736,9.687031828207893,0.0,16,0.2,2.1219280954379376,-2.19722457733622,20,10,40,361.4694474566712,-3.611094088838932,9.38433065462051,0.0,15,0.5,1.960964048666856,0.0,50,10,40,356.68863628054254,2950,100,3,2
0.2353640263794156,14.168927438720257,0.0,26,0.3,2.646439345755622,0.0,30,10,50,633.565784502015,3.749113200646816,16.92685122601721,2.381086967398878,35,0.1,2.12192809586896,-2.19722457733622,20,10,10,764.0046823466763,-3.0058851719463866,9.68703182820764,0.0,16,0.2,2.1219280954379376,-2.19722457733622,20,10,40,361.4694474566627,-3.6110940888388456,9.384330654620252,0.0,15,0.5,1.960964048666856,0.0,50,10,40,356.6886362805339,3000,100,3,2
0.2353640263794158,14.168927438719868,0.0,26,0.3,2.646439345755622,0.0,30,10,50,633.5657845019975,3.74911320064673,16.92685122601674,2.381086967398878,35,0.1,2.12192809586896,-2.19722457733622,20,10,10,764.0046823466536,-3.005885171946299,9.68703182820738,0.0,16,0.2,2.1219280954379376,-2.19722457733622,20,10,40,361.46944745665405,-3.611094088838758,9.38433065461999,0.0,15,0.5,1.960964048666856,0.0,50,10,40,356.68863628052526,3050,100,3,2
0.2353640263794154,14.168927438719482,0.0,26,0.3,2.646439345755622,0.0,30,10,50,633.56578450198,3.749113200646642,16.92685122601627,2.381086967398878,35,0.1,2.12192809586896,-2.19722457733622,20,10,10,764.0046823466307,-3.005885171946212,9.687031828207123,0.0,16,0.2,2.1219280954379376,-2.19722457733622,20,10,40,361.4694474566455,-3.611094088838671,9.384330654619731,0.0,15,0.5,1.960964048666856,0.0,50,10,40,356.6886362805166,3100,100,3,2
0.2353640263794155,14.168927438719097,0.0,26,0.3,2.646439345755622,0.0,30,10,50,633.5657845019626,3.7491132006465553,16.92685122601581,2.381086967398878,35,0.1,2.12192809586896,-2.19722457733622,20,10,10,764.004682346608,-3.0058851719461246,9.68703182820687,0.0,16,0.2,2.1219280954379376,-2.19722457733622,20,10,40,361.4694474566368,-3.611094088838584,9.384330654619474,0.0,15,0.5,1.960964048666856,0.0,50,10,40,356.688636280508,3150,100,3,2
0.2353640263794156,14.168927438718708,0.0,26,0.3,2.646439345755622,0.0,30,10,50,633.5657845019452,3.749113200646468,16.92685122601534,2.381086967398878,35,0.1,2.12192809586896,-2.19722457733622,20,10,10,764.0046823465851,-3.005885171946037,9.687031828206614,0.0,16,0.2,2.1219280954379376,-2.19722457733622,20,10,40,361.4694474566282,-3.6110940888384966,9.384330654619212,0.0,15,0.5,1.960964048666856,0.0,50,10,40,356.6886362804993,3200,100,3,2
0.2353640263794154,14.16892743871832,0.0,26,0.3,2.646439345755622,0.0,30,10,50,633.5657845019277,3.7491132006463808,16.926851226014875,2.381086967398878,35,0.1,2.12192809586896,-2.19722457733622,20,10,10,764.0046823465624,-3.0058851719459505,9.687031828206358,0.0,16,0.2,2.1219280954379376,-2.19722457733622,20,10,40,361.4694474566196,-3.611094088838409,9.384330654618958,0.0,15,0.5,1.960964048666856,0.0,50,10,40,356.6886362804907,3250,100,3,2
0.2353640263794156,14.168927438717931,0.0,26,0.3,2.646439345755622,0.0,30,10,50,633.5657845019102,3.7491132006462937,16.926851226014406,2.381086967398878,35,0.1,2.12192809586896,-2.19722457733622,20,10,10,764.0046823465394,-3.005885171945863,9.6870318282061,0.0,16,0.2,2.1219280954379376,-2.19722457733622,20,10,40,361.46944745661096,-3.611094088838322,9.3843306546187,0.0,15,0.5,1.960964048666856,0.0,50,10,40,356.688636280482,3300,100,3,2
0.2353640263794154,14.168927438717544,0.0,26,0.3,2.646439345755622,0.0,30,10,50,633.565784501893,3.7491132006462062,16.92685122601394,2.381086967398878,35,0.1,2.12192809586896,-2.19722457733622,20,10,10,764.0046823465167,-3.005885171945776,9.687031828205846,0.0,16,0.2,2.1219280954379376,-2.19722457733622,20,10,40,361.4694474566023,-3.611094088838235,9.384330654618438,0.0,15,0.5,1.960964048666856,0.0,50,10,40,356.6886362804734,3350,100,3,2
0.2353640263794156,14.16892743871716,0.0,26,0.3,2.646439345755622,0.0,30,10,50,633.5657845018754,3.749113200646119,16.926851226013476,2.381086967398878,35,0.1,2.12192809586896,-2.19722457733622,20,10,10,764.004682346494,-3.0058851719456885,9.68703182820559,0.0,16,0.2,2.1219280954379376,-2.19722457733622,20,10,40,361.4694474565937,-3.611094088838148,9.38433065461818,0.0,15,0.5,1.960964048666856,0.0,50,10,40,356.6886362804647,3400,100,3,2
0.2353640263794157,14.16892743871677,0.0,26,0.3,2.646439345755622,0.0,30,10,50,633.5657845018579,3.749113200646032,16.926851226013007,2.381086967398878,35,0.1,2.12192809586896,-2.19722457733622,20,10,10,764.004682346471,-3.005885171945601,9.687031828205336,0.0,16,0.2,2.1219280954379376,-2.19722457733622,20,10,40,361.4694474565851,-3.611094088838061,9.384330654617925,0.0,15,0.5,1.960964048666856,0.0,50,10,40,356.6886362804561,3450,100,3,2
0.2353640263794154,14.168927438716382,0.0,26,0.3,2.646439345755622,0.0,30,10,50,633.5657845018407,3.7491132006459447,16.92685122601254,2.381086967398878,35,0.1,2.12192809586896,-2.19722457733622,20,10,10,764.0046823464482,-3.005885171945514,9.687031828205075,0.0,16,0.2,2.1219280954379376,-2.19722457733622,20,10,40,361.4694474565765,-3.611094088837973,9.384330654617663,0.0,15,0.5,1.960964048666856,0.0,50,10,40,356.6886362804474,3500,100,3,2
0.2353640263794158,14.168927438716,0.0,26,0.3,2.646439345755622,0.0,30,10,50,633.5657845018231,3.7491132006458567,16.926851226012072,2.381086967398878,35,0.1,2.12192809586896,-2.19722457733622,20,10,10,764.0046823464255,-3.005885171945427,9.68703182820482,0.0,16,0.2,2.1219280954379376,-2.19722457733622,20,10,40,361.4694474565678,-3.611094088837886,9.384330654617404,0.0,15,0.5,1.960964048666856,0.0,50,10,40,356.6886362804389,3550,100,3,2
0.2353640263794157,14.16892743871561,0.0,26,0.3,2.646439345755622,0.0,30,10,50,633.5657845018056,3.7491132006457706,16.926851226011607,2.381086967398878,35,0.1,2.12192809586896,-2.19722457733622,20,10,10,764.0046823464029,-3.00588517194534,9.687031828204566,0.0,16,0.2,2.1219280954379376,-2.19722457733622,20,10,40,361.4694474565592,-3.611094088837799,9.384330654617148,0.0,15,0.5,1.960964048666856,0.0,50,10,40,356.6886362804302,3600,100,3,2
0.2353640263794154,14.168927438715222,0.0,26,0.3,2.646439345755622,0.0,30,10,50,633.5657845017882,3.749113200645682,16.92685122601114,2.381086967398878,35,0.1,2.12192809586896,-2.19722457733622,20,10,10,764.00468234638,-3.0058851719452524,9.687031828204308,0.0,16,0.2,2.1219280954379376,-2.19722457733622,20,10,40,361.46944745655065,-3.611094088837712,9.384330654616884,0.0,15,0.5,1.960964048666856,0.0,50,10,40,356.68863628042163,3650,100,3,2
0.2353640263794156,14.168927438714835,0.0,26,0.3,2.646439345755622,0.0,30,10,50,633.5657845017708,3.749113200645595,16.926851226010672,2.381086967398878,35,0.1,2.12192809586896,-2.19722457733622,20,10,10,764.004682346357,-3.0058851719451654,9.687031828204052,0.0,16,0.2,2.1219280954379376,-2.19722457733622,20,10,40,361.469447456542,-3.611094088837624,9.38433065461663,0.0,15,0.5,1.960964048666856,0.0,50,10,40,356.6886362804128,3700,100,3,2
-1.6452988436138156,14.195498191347584,0.0,37,0.26,2.674966161601877,0.0,26,8,12,303.8683654185005,-2.591618456463808,14.084549486169932,-2.19722457733622,37,0.18,2.7195357151111987,-3.044522437723423,18,8,12,376.55048694010793,1.2268834415894625,17.02757058874712,0.0,41,0.31,2.37263553817531,0.0,31,8,25,597.6511158166518,9.992059188363069,18.43561392721963,1.6094379124341005,39,0.21,1.7257747468287854,0.0,21,5,1,745.2197179500092,0,100,3,3
-4.111607280844076,10.74087210295767,0.0,18,0.36,2.178547652442487,0.0,36,8,25,422.3192688856568,-4.446504748993653,10.654569270377822,-1.0986122886681098,18,0.25,2.259422768701085,0.0,25,8,25,385.72368693596303,4.119915280475006,18.734507451565253,0.0,28,0.38,2.15694290937488,0.0,38,8,25,884.3068199317281,20.028227483190022,14.92271589024748,31.458731039005364,20,0.24,0.9506720929293964,0.0,24,8,13,440.3124544459605,50,100,3,3
-4.120080259447881,10.7310585448276,0.0,18,0.38,1.9072315245979987,0.0,38,8,25,419.3392658757704,-4.537840422125288,10.62035528088218,-2.19722457733622,18,0.24,1.9007101616210853,-3.044522437723423,26,8,25,379.71208214164704,4.718644676877804,19.11518265116387,1.0986122886681098,29,0.37,1.3229349239878838,0.0,37,8,25,923.575542575384,19.71364017279963,15.00977079142007,31.4587310390048,19,0.25,0.9580420224685556,0.0,25,8,38,443.0444455343645,100,100,3,3
-3.753075478907166,10.397315638677176,0.0,17,0.39,2.130998777696401,0.0,39,8,25,385.6091925960743,-4.179308620188444,10.29664041618459,-1.0986122886681098,17,0.25,2.2394227687016603,-3.044522437723423,26,8,25,346.14856777327515,5.055204233041147,18.76839060518513,2.19722457733622,28,0.37,1.9030845704035448,0.0,37,8,25,893.5232941790025,19.697545793674955,15.03002378160806,31.45873103900428,19,0.26,0.9580420224685556,0.0,26,8,13,440.3124544459447,150,100,3,3
-3.7446025003032326,10.407145107210937,0.0,17,0.37,2.1527959547937274,0.0,37,8,25,388.6013905745194,-4.087972947056681,10.328756479769387,0.0,17,0.26,1.908259036209143,0.0,26,8,25,352.1321968570997,4.45647483663822,18.391494332272355,1.0986122886681098,27,0.38,2.15694290937488,0.0,38,8,25,853.9925414556695,20.01213310406466,14.943425690940076,31.458731039003755,20,0.25,0.9506720929293964,0.0,25,8,38,443.0444455343484,200,100,3,3
-4.111607280843794,10.74087210295695,0.0,18,0.36,2.178547652442487,0.0,36,8,25,422.3192688856285,-4.44650474899337,10.654569270377104,-1.0986122886681098,18,0.25,2.259422768701085,0.0,25,8,25,385.7236869359349,4.119915280474767,18.73450745156395,0.0,28,0.38,2.15694290937488,0.0,38,8,25,884.3068199316679,20.02822748318865,14.922715890246431,31.45873103900319,20,0.24,0.9506720929293964,0.0,24,8,13,440.3124544459299,250,100,3,3
-4.120080259447597,10.73105854482688,0.0,18,0.38,1.9072315245979987,0.0,38,8,25,419.3392658757421,-4.537840422125004,10.620355280881464,-2.19722457733622,18,0.24,1.9007101616210853,-3.044522437723423,26,8,25,379.7120821416187,4.7186446768775205,19.115182651162545,1.0986122886681098,29,0.37,1.3229349239878838,0.0,37,8,25,923.575542575321,19.713640172798275,15.009770791419015,31.458731039002625,19,0.25,0.9580420224685556,0.0,25,8,38,443.044445534333,300,100,3,3
-3.7530754789069056,10.39731563867648,0.0,17,0.39,2.130998777696401,0.0,39,8,25,385.6091925960482,-4.179308620188184,10.296640416183898,-1.0986122886681098,17,0.25,2.2394227687016603,-3.044522437723423,26,8,25,346.148567773249,5.055204233040843,18.768390605183832,2.19722457733622,28,0.37,1.9030845704035448,0.0,37,8,25,893.5232941789412,19.697545793673605,15.030023781607005,31.4587310390021,19,0.26,0.9580420224685556,0.0,26,8,13,440.3124544459143,350,100,3,3
-3.744602500302971,10.407145107210242,0.0,17,0.37,2.1527959547937274,0.0,37,8,25,388.6013905744933,-4.08797294705642,10.3287564797687,0.0,17,0.26,1.908259036209143,0.0,26,8,25,352.1321968570735,4.456474836637959,18.39149433227108,1.0986122886681098,27,0.38,2.15694290937488,0.0,38,8,25,853.9925414556114,20.012133104063285,14.943425690939026,31.458731039001577,20,0.25,0.9506720929293964,0.0,25,8,38,443.044445534317,400,100,3,3
-4.111607280843511,10.74087210295623,0.0,18,0.36,2.178547652442487,0.0,36,8,25,422.3192688856002,-4.446504748993087,10.654569270376388,-1.0986122886681098,18,0.25,2.259422768701085,0.0,25,8,25,385.7236869359065,4.119915280474527,18.734507451562653,0.0,28,0.38,2.15694290937488,0.0,38,8,25,884.3068199316076,20.028227483187283,14.922715890245383,31.45873103900101,20,0.24,0.9506720929293964,0.0,24,8,13,440.3124544458993,450,100,3,3
-4.120080259447315,10.731058544826157,0.0,18,0.38,1.9072315245979987,0.0,38,8,25,419.3392658757139,-4.537840422124722,10.620355280880746,-2.19722457733622,18,0.24,1.9007101616210853,-3.044522437723423,26,8,25,379.7120821415905,4.718644676877238,19.115182651161224,1.0986122886681098,29,0.37,1.3229349239878838,0.0,37,8,25,923.5755425752576,19.71364017279693,15.009770791417962,31.458731039000448,19,0.25,0.9580420224685556,0.0,25,8,38,443.0444455343016,500,100,3,3
-3.753075478906645,10.397315638675783,0.0,17,0.39,2.130998777696401,0.0,39,8,25,385.6091925960222,-4.179308620187923,10.296640416183203,-1.0986122886681098,17,0.25,2.2394227687016603,-3.044522437723423,26,8,25,346.14856777322296,5.055204233040537,18.768390605182525,2.19722457733622,28,0.37,1.9030845704035448,0.0,37,8,25,893.5232941788798,19.69754579367225,15.03002378160595,31.458731038999925,19,0.26,0.9580420224685556,0.0,26,8,13,440.31245444588353,550,100,3,3
-3.7446025003027104,10.407145107209548,0.0,17,0.37,2.1527959547937274,0.0,37,8,25,388.6013905744673,-4.087972947056159,10.328756479768009,0.0,17,0.26,1.908259036209143,0.0,26,8,25,352.13219685704735,4.456474836637697,18.391494332269804,1.0986122886681098,27,0.38,2.15694290937488,0.0,38,8,25,853.9925414555531,20.01213310406192,14.943425690937977,31.458731038999403,20,0.25,0.9506720929293964,0.0,25,8,38,443.0444455342854,600,100,3,3
-4.111607280843228,10.74087210295551,0.0,18,0.36,2.178547652442487,0.0,36,8,25,422.319268885572,-4.446504748992805,10.65456927037567,-1.0986122886681098,18,0.25,2.259422768701085,0.0,25,8,25,385.72368693587816,4.119915280474287,18.73450745156136,0.0,28,0.38,2.15694290937488,0.0,38,8,25,884.3068199315472,20.02822748318592,14.922715890244334,31.458731038998835,20,0.24,0.9506720929293964,0.0,24,8,13,440.31245444586864,650,100,3,3
-4.1200802594470325,10.73105854482544,0.0,18,0.38,1.9072315245979987,0.0,38,8,25,419.3392658756856,-4.537840422124439,10.620355280880029,-2.19722457733622,18,0.24,1.9007101616210853,-3.044522437723423,26,8,25,379.71208214156223,4.718644676876956,19.11518265115989,1.0986122886681098,29,0.37,1.3229349239878838,0.0,37,8,25,923.5755425751944,19.71364017279558,15.009770791416903,31.45873103899827,19,0.25,0.9580420224685556,0.0,25,8,38,443.0444455342701,700,100,3,3
-3.753075478906384,10.397315638675089,0.0,17,0.39,2.130998777696401,0.0,39,8,25,385.609192595996,-4.179308620187662,10.296640416182516,-1.0986122886681098,17,0.25,2.2394227687016603,-3.044522437723423,26,8,25,346.1485677731968,5.055204233040232,18.768390605181224,2.19722457733622,28,0.37,1.9030845704035448,0.0,37,8,25,893.5232941788183,19.697545793670905,15.030023781604894,31.458731038997747,19,0.26,0.9580420224685556,0.0,26,8,13,440.31245444585295,750,100,3,3
-3.744602500302448,10.407145107208851,0.0,17,0.37,2.1527959547937274,0.0,37,8,25,388.6013905744412,-4.0879729470558965,10.328756479767314,0.0,17,0.26,1.908259036209143,0.0,26,8,25,352.1321968570213,4.456474836637436,18.391494332268525,1.0986122886681098,27,0.38,2.15694290937488,0.0,38,8,25,853.9925414554946,20.012133104060545,14.943425690936929,31.458731038997225,20,0.25,0.9506720929293964,0.0,25,8,38,443.044445534254,800,100,3,3
-4.111607280842946,10.74087210295479,0.0,18,0.36,2.178547652442487,0.0,36,8,25,422.3192688855437,-4.446504748992522,10.654569270374951,-1.0986122886681098,18,0.25,2.259422768701085,0.0,25,8,25,385.72368693585,4.119915280474049,18.73450745156005,0.0,28,0.38,2.15694290937488,0.0,38,8,25,884.3068199314869,20.028227483184548,14.92271589024328,31.45873103899666,20,0.24,0.9506720929293964,0.0,24,8,13,440.31245444583806,850,100,3,3
-4.120080259446749,10.731058544824718,0.0,18,0.38,1.9072315245979987,0.0,38,8,25,419.33926587565736,-4.537840422124156,10.620355280879313,-2.19722457733622,18,0.24,1.9007101616210853,-3.044522437723423,26,8,25,379.7120821415339,4.718644676876671,19.11518265115857,1.0986122886681098,29,0.37,1.3229349239878838,0.0,37,8,25,923.5755425751312,19.713640172794232,15.00977079141585,31.45873103899609,19,0.25,0.9580420224685556,0.0,25,8,38,443.0444455342384,900,100,3,3
-3.753075478906122,10.397315638674394,0.0,17,0.39,2.130998777696401,0.0,39,8,25,385.60919259596994,-4.179308620187401,10.29664041618182,-1.0986122886681098,17,0.25,2.2394227687016603,-3.044522437723423,26,8,25,346.1485677731708,5.055204233039929,18.76839060517992,2.19722457733622,28,0.37,1.9030845704035448,0.0,37,8,25,893.5232941787573,19.697545793669555,15.03002378160384,31.458731038995573,19,0.26,0.9580420224685556,0.0,26,8,13,440.3124544458223,950,100,3,3
-3.744602500302187,10.40714510720816,0.0,17,0.37,2.1527959547937274,0.0,37,8,25,388.6013905744151,-4.087972947055636,10.328756479766623,0.0,17,0.26,1.908259036209143,0.0,26,8,25,352.1321968569952,4.456474836637174,18.391494332267246,1.0986122886681098,27,0.38,2.15694290937488,0.0,38,8,25,853.9925414554361,20.012133104059178,14.943425690935875,31.45873103899505,20,0.25,0.9506720929293964,0.0,25,8,38,443.0444455342224,1000,100,3,3
-4.111607280842661,10.74087210295407,0.0,18,0.36,2.178547652442487,0.0,36,8,25,422.3192688855154,-4.446504748992238,10.654569270374235,-1.0986122886681098,18,0.25,2.259422768701085,0.0,25,8,25,385.72368693582166,4.119915280473808,18.734507451558752,0.0,28,0.38,2.15694290937488,0.0,38,8,25,884.3068199314265,20.02822748318317,14.922715890242232,31.45873103899449,20,0.24,0.9506720929293964,0.0,24,8,13,440.3124544458073,1050,100,3,3
-4.120080259446467,10.731058544823997,0.0,18,0.38,1.9072315245979987,0.0,38,8,25,419.3392658756291,-4.537840422123873,10.620355280878597,-2.19722457733622,18,0.24,1.9007101616210853,-3.044522437723423,26,8,25,379.7120821415057,4.71864467687639,19.11518265115724,1.0986122886681098,29,0.37,1.3229349239878838,0.0,37,8,25,923.575542575068,19.71364017279288,15.009770791414796,31.45873103899392,19,0.25,0.9580420224685556,0.0,25,8,38,443.044445534207,1100,100,3,3
-3.7530754789058607,10.397315638673698,0.0,17,0.39,2.130998777696401,0.0,39,8,25,385.6091925959439,-4.17930862018714,10.29664041618113,-1.0986122886681098,17,0.25,2.2394227687016603,-3.044522437723423,26,8,25,346.14856777314463,5.055204233039626,18.768390605178613,2.19722457733622,28,0.37,1.9030845704035448,0.0,37,8,25,893.5232941786959,19.69754579366821,15.030023781602782,31.458731038993395,19,0.26,0.9580420224685556,0.0,26,8,13,440.3124544457917,1150,100,3,3
-3.744602500301927,10.40714510720746,0.0,17,0.37,2.1527959547937274,0.0,37,8,25,388.601390574389,-4.087972947055376,10.32875647976593,0.0,17,0.26,1.908259036209143,0.0,26,8,25,352.1321968569691,4.456474836636914,18.39149433226597,1.0986122886681098,27,0.38,2.15694290937488,0.0,38,8,25,853.9925414553778,20.0121331040578,14.943425690934829,31.45873103899288,20,0.25,0.9506720929293964,0.0,25,8,38,443.0444455341909,1200,100,3,3
-4.111607280842379,10.740872102953348,0.0,18,0.36,2.178547652442487,0.0,36,8,25,422.31926888548713,-4.446504748991956,10.65456927037352,-1.0986122886681098,18,0.25,2.259422768701085,0.0,25,8,25,385.7236869357934,4.1199152804735695,18.73450745155745,0.0,28,0.38,2.15694290937488,0.0,38,8,25,884.306819931366,20.028227483181805,14.92271589024118,31.45873103899231,20,0.24,0.9506720929293964,0.0,24,8,13,440.3124544457768,1250,100,3,3
-4.120080259446183,10.731058544823275,0.0,18,0.38,1.9072315245979987,0.0,38,8,25,419.3392658756008,-4.53784042212359,10.62035528087788,-2.19722457733622,18,0.24,1.9007101616210853,-3.044522437723423,26,8,25,379.71208214147737,4.718644676876106,19.115182651155912,1.0986122886681098,29,0.37,1.3229349239878838,0.0,37,8,25,923.5755425750044,19.71364017279153,15.009770791413736,31.458731038991743,19,0.25,0.9580420224685556,0.0,25,8,38,443.0444455341754,1300,100,3,3
-3.7530754789056,10.397315638673,0.0,17,0.39,2.130998777696401,0.0,39,8,25,385.6091925959177,-4.179308620186879,10.29664041618044,-1.0986122886681098,17,0.25,2.2394227687016603,-3.044522437723423,26,8,25,346.14856777311854,5.05520423303932,18.76839060517731,2.19722457733622,28,0.37,1.9030845704035448,0.0,37,8,25,893.5232941786346,19.697545793666865,15.030023781601724,31.45873103899122,19,0.26,0.9580420224685556,0.0,26,8,13,440.3124544457611,1350,100,3,3
-3.744602500301666,10.407145107206766,0.0,17,0.37,2.1527959547937274,0.0,37,8,25,388.6013905743628,-4.087972947055114,10.32875647976524,0.0,17,0.26,1.908259036209143,0.0,26,8,25,352.132196856943,4.456474836636653,18.3914943322647,1.0986122886681098,27,0.38,2.15694290937488,0.0,38,8,25,853.9925414553196,20.01213310405643,14.943425690933775,31.4587310389907,20,0.25,0.9506720929293964,0.0,25,8,38,443.04444553415937,1400,100,3,3
-4.1116072808420965,10.740872102952627,0.0,18,0.36,2.178547652442487,0.0,36,8,25,422.3192688854588,-4.446504748991672,10.654569270372802,-1.0986122886681098,18,0.25,2.259422768701085,0.0,25,8,25,385.7236869357652,4.11991528047333,18.73450745155616,0.0,28,0.38,2.15694290937488,0.0,38,8,25,884.3068199313058,20.02822748318043,14.92271589024013,31.45873103899013,20,0.24,0.9506720929293964,0.0,24,8,13,440.3124544457461,1450,100,3,3
-4.120080259445901,10.731058544822554,0.0,18,0.38,1.9072315245979987,0.0,38,8,25,419.3392658755725,-4.537840422123308,10.620355280877162,-2.19722457733622,18,0.24,1.9007101616210853,-3.044522437723423,26,8,25,379.71208214144906,4.718644676875823,19.115182651154583,1.0986122886681098,29,0.37,1.3229349239878838,0.0,37,8,25,923.5755425749414,19.713640172790186,15.009770791412684,31.45873103898957,19,0.25,0.9580420224685556,0.0,25,8,38,443.044445534144,1500,100,3,3
-3.7530754789053375,10.397315638672303,0.0,17,0.39,2.130998777696401,0.0,39,8,25,385.60919259589167,-4.1793086201866165,10.296640416179748,-1.0986122886681098,17,0.25,2.2394227687016603,-3.044522437723423,26,8,25,346.14856777309245,5.055204233039014,18.768390605176005,2.19722457733622,28,0.37,1.9030845704035448,0.0,37,8,25,893.5232941785732,19.69754579366551,15.03002378160067,31.458731038989043,19,0.26,0.9580420224685556,0.0,26,8,13,440.3124544457304,1550,100,3,3
-3.7446025003014047,10.407145107206071,0.0,17,0.37,2.1527959547937274,0.0,37,8,25,388.6013905743366,-4.087972947054853,10.328756479764548,0.0,17,0.26,1.908259036209143,0.0,26,8,25,352.1321968569169,4.456474836636392,18.391494332263417,1.0986122886681098,27,0.38,2.15694290937488,0.0,38,8,25,853.9925414552611,20.01213310405506,14.943425690932727,31.45873103898852,20,0.25,0.9506720929293964,0.0,25,8,38,443.04444553412793,1600,100,3,3
-4.111607280841813,10.740872102951908,0.0,18,0.36,2.178547652442487,0.0,36,8,25,422.3192688854306,-4.44650474899139,10.654569270372082,-1.0986122886681098,18,0.25,2.259422768701085,0.0,25,8,25,385.7236869357369,4.119915280473091,18.73450745155485,0.0,28,0.38,2.15694290937488,0.0,38,8,25,884.3068199312455,20.028227483179062,14.92271589023908,31.45873103898796,20,0.24,0.9506720929293964,0.0,24,8,13,440.3124544457156,1650,100,3,3
-4.120080259445618,10.731058544821837,0.0,18,0.38,1.9072315245979987,0.0,38,8,25,419.3392658755442,-4.537840422123025,10.620355280876446,-2.19722457733622,18,0.24,1.9007101616210853,-3.044522437723423,26,8,25,379.7120821414208,4.71864467687554,19.115182651153265,1.0986122886681098,29,0.37,1.3229349239878838,0.0,37,8,25,923.575542574878,19.71364017278883,15.009770791411626,31.45873103898739,19,0.25,0.9580420224685556,0.0,25,8,38,443.0444455341124,1700,100,3,3
-3.753075478905078,10.397315638671609,0.0,17,0.39,2.130998777696401,0.0,39,8,25,385.6091925958655,-4.179308620186356,10.296640416179056,-1.0986122886681098,17,0.25,2.2394227687016603,-3.044522437723423,26,8,25,346.1485677730664,5.055204233038711,18.768390605174705,2.19722457733622,28,0.37,1.9030845704035448,0.0,37,8,25,893.523294178512,19.69754579366416,15.030023781599612,31.45873103898687,19,0.26,0.9580420224685556,0.0,26,8,13,440.3124544456998,1750,100,3,3
-3.744602500301143,10.407145107205375,0.0,17,0.37,2.1527959547937274,0.0,37,8,25,388.6013905743105,-4.087972947054592,10.328756479763856,0.0,17,0.26,1.908259036209143,0.0,26,8,25,352.13219685689086,4.45647483663613,18.391494332262145,1.0986122886681098,27,0.38,2.15694290937488,0.0,38,8,25,853.9925414552027,20.01213310405369,14.94342569093168,31.458731038986347,20,0.25,0.9506720929293964,0.0,25,8,38,443.0444455340963,1800,100,3,3
-4.111607280841531,10.740872102951188,0.0,18,0.36,2.178547652442487,0.0,36,8,25,422.3192688854023,-4.4465047489911065,10.654569270371368,-1.0986122886681098,18,0.25,2.259422768701085,0.0,25,8,25,385.7236869357086,4.119915280472852,18.734507451553554,0.0,28,0.38,2.15694290937488,0.0,38,8,25,884.306819931185,20.028227483177687,14.92271589023803,31.458731038985785,20,0.24,0.9506720929293964,0.0,24,8,13,440.312454445685,1850,100,3,3
-4.120080259445334,10.731058544821115,0.0,18,0.38,1.9072315245979987,0.0,38,8,25,419.3392658755161,-4.537840422122741,10.620355280875726,-2.19722457733622,18,0.24,1.9007101616210853,-3.044522437723423,26,8,25,379.71208214139256,4.718644676875258,19.115182651151933,1.0986122886681098,29,0.37,1.3229349239878838,0.0,37,8,25,923.5755425748148,19.713640172787485,15.00977079141057,31.458731038985214,19,0.25,0.9580420224685556,0.0,25,8,38,443.0444455340809,1900,100,3,3
-3.7530754789048166,10.397315638670912,0.0,17,0.39,2.130998777696401,0.0,39,8,25,385.6091925958394,-4.179308620186095,10.296640416178365,-1.0986122886681098,17,0.25,2.2394227687016603,-3.044522437723423,26,8,25,346.1485677730403,5.055204233038404,18.7683906051734,2.19722457733622,28,0.37,1.9030845704035448,0.0,37,8,25,893.5232941784507,19.697545793662808,15.03002378159856,31.45873103898469,19,0.26,0.9580420224685556,0.0,26,8,13,440.3124544456692,1950,100,3,3
-3.744602500300883,10.407145107204682,0.0,17,0.37,2.1527959547937274,0.0,37,8,25,388.6013905742845,-4.087972947054331,10.328756479763165,0.0,17,0.26,1.908259036209143,0.0,26,8,25,352.1321968568647,4.45647483663587,18.391494332260866,1.0986122886681098,27,0.38,2.15694290937488,0.0,38,8,25,853.9925414551443,20.01213310405232,14.943425690930628,31.45873103898417,20,0.25,0.9506720929293964,0.0,25,8,38,443.0444455340649,2000,100,3,3
-4.111607280841247,10.740872102950467,0.0,18,0.36,2.178547652442487,0.0,36,8,25,422.3192688853741,-4.446504748990824,10.65456927037065,-1.0986122886681098,18,0.25,2.259422768701085,0.0,25,8,25,385.7236869356803,4.119915280472612,18.734507451552258,0.0,28,0.38,2.15694290937488,0.0,38,8,25,884.3068199311247,20.02822748317632,14.92271589023698,31.458731038983604,20,0.24,0.9506720929293964,0.0,24,8,13,440.3124544456542,2050,100,3,3
-4.120080259445052,10.731058544820392,0.0,18,0.38,1.9072315245979987,0.0,38,8,25,419.3392658754877,-4.537840422122458,10.620355280875012,-2.19722457733622,18,0.24,1.9007101616210853,-3.044522437723423,26,8,25,379.7120821413644,4.718644676874975,19.115182651150608,1.0986122886681098,29,0.37,1.3229349239878838,0.0,37,8,25,923.5755425747516,19.71364017278613,15.009770791409514,31.45873103898304,19,0.25,0.9580420224685556,0.0,25,8,38,443.0444455340494,2100,100,3,3
-3.753075478904556,10.397315638670218,0.0,17,0.39,2.130998777696401,0.0,39,8,25,385.6091925958133,-4.179308620185834,10.29664041617767,-1.0986122886681098,17,0.25,2.2394227687016603,-3.044522437723423,26,8,25,346.1485677730143,5.055204233038101,18.76839060517209,2.19722457733622,28,0.37,1.9030845704035448,0.0,37,8,25,893.5232941783893,19.69754579366146,15.030023781597505,31.45873103898252,19,0.26,0.9580420224685556,0.0,26,8,13,440.31245444563854,2150,100,3,3
-3.74460250030062,10.407145107203986,0.0,17,0.37,2.1527959547937274,0.0,37,8,25,388.60139057425846,-4.087972947054069,10.32875647976247,0.0,17,0.26,1.908259036209143,0.0,26,8,25,352.13219685683856,4.456474836635608,18.391494332259583,1.0986122886681098,27,0.38,2.15694290937488,0.0,38,8,25,853.992541455086,20.012133104050942,14.943425690929576,31.458731038981995,20,0.25,0.9506720929293964,0.0,25,8,38,443.0444455340333,2200,100,3,3
-4.111607280840966,10.740872102949748,0.0,18,0.36,2.178547652442487,0.0,36,8,25,422.3192688853457,-4.446504748990542,10.654569270369931,-1.0986122886681098,18,0.25,2.259422768701085,0.0,25,8,25,385.7236869356519,4.119915280472373,18.73450745155096,0.0,28,0.38,2.15694290937488,0.0,38,8,25,884.3068199310645,20.02822748317495,14.922715890235931,31.458731038981423,20,0.24,0.9506720929293964,0.0,24,8,13,440.3124544456237,2250,100,3,3
-4.1200802594447685,10.731058544819671,0.0,18,0.38,1.9072315245979987,0.0,38,8,25,419.3392658754594,-4.537840422122176,10.620355280874293,-2.19722457733622,18,0.24,1.9007101616210853,-3.044522437723423,26,8,25,379.712082141336,4.718644676874692,19.11518265114928,1.0986122886681098,29,0.37,1.3229349239878838,0.0,37,8,25,923.5755425746884,19.71364017278479,15.00977079140846,31.45873103898086,19,0.25,0.9580420224685556,0.0,25,8,38,443.0444455340179,2300,100,3,3
-3.7530754789042944,10.397315638669522,0.0,17,0.39,2.130998777696401,0.0,39,8,25,385.6091925957872,-4.179308620185573,10.29664041617698,-1.0986122886681098,17,0.25,2.2394227687016603,-3.044522437723423,26,8,25,346.1485677729881,5.055204233037796,18.76839060517079,2.19722457733622,28,0.37,1.9030845704035448,0.0,37,8,25,893.523294178328,19.69754579366011,15.030023781596446,31.45873103898034,19,0.26,0.9580420224685556,0.0,26,8,13,440.312454445608,2350,100,3,3
-3.74460250030036,10.40714510720329,0.0,17,0.37,2.1527959547937274,0.0,37,8,25,388.6013905742323,-4.087972947053808,10.32875647976178,0.0,17,0.26,1.908259036209143,0.0,26,8,25,352.1321968568125,4.456474836635348,18.39149433225831,1.0986122886681098,27,0.38,2.15694290937488,0.0,38,8,25,853.9925414550275,20.012133104049585,14.943425690928528,31.458731038979817,20,0.25,0.9506720929293964,0.0,25,8,38,443.0444455340018,2400,100,3,3
-4.111607280840682,10.740872102949028,0.0,18,0.36,2.178547652442487,0.0,36,8,25,422.3192688853174,-4.446504748990258,10.654569270369215,-1.0986122886681098,18,0.25,2.259422768701085,0.0,25,8,25,385.7236869356237,4.119915280472133,18.734507451549657,0.0,28,0.38,2.15694290937488,0.0,38,8,25,884.3068199310042,20.028227483173573,14.922715890234882,31.45873103897925,20,0.24,0.9506720929293964,0.0,24,8,13,440.312454445593,2450,100,3,3
-4.120080259444486,10.731058544818952,0.0,18,0.38,1.9072315245979987,0.0,38,8,25,419.3392658754313,-4.537840422121892,10.620355280873577,-2.19722457733622,18,0.24,1.9007101616210853,-3.044522437723423,26,8,25,379.71208214130775,4.718644676874409,19.11518265114796,1.0986122886681098,29,0.37,1.3229349239878838,0.0,37,8,25,923.5755425746252,19.713640172783435,15.0097707914074,31.458731038978687,19,0.25,0.9580420224685556,0.0,25,8,38,443.04444553398633,2500,100,3,3
-3.753075478904033,10.397315638668823,0.0,17,0.39,2.130998777696401,0.0,39,8,25,385.6091925957611,-4.179308620185311,10.29664041617629,-1.0986122886681098,17,0.25,2.2394227687016603,-3.044522437723423,26,8,25,346.14856777296205,5.055204233037493,18.76839060516949,2.19722457733622,28,0.37,1.9030845704035448,0.0,37,8,25,893.5232941782667,19.69754579365876,15.030023781595396,31.458731038978165,19,0.26,0.9580420224685556,0.0,26,8,13,440.3124544455773,2550,100,3,3
-3.744602500300098,10.407145107202595,0.0,17,0.37,2.1527959547937274,0.0,37,8,25,388.6013905742062,-4.087972947053547,10.328756479761088,0.0,17,0.26,1.908259036209143,0.0,26,8,25,352.13219685678644,4.456474836635086,18.39149433225704,1.0986122886681098,27,0.38,2.15694290937488,0.0,38,8,25,853.9925414549691,20.012133104048203,14.943425690927477,31.458731038977643,20,0.25,0.9506720929293964,0.0,25,8,38,443.0444455339703,2600,100,3,3
-4.111607280840399,10.740872102948307,0.0,18,0.36,2.178547652442487,0.0,36,8,25,422.3192688852892,-4.446504748989976,10.654569270368498,-1.0986122886681098,18,0.25,2.259422768701085,0.0,25,8,25,385.72368693559537,4.119915280471894,18.73450745154836,0.0,28,0.38,2.15694290937488,0.0,38,8,25,884.3068199309437,20.02822748317221,14.922715890233832,31.45873103897708,20,0.24,0.9506720929293964,0.0,24,8,13,440.31245444556254,2650,100,3,3
-4.120080259444203,10.731058544818229,0.0,18,0.38,1.9072315245979987,0.0,38,8,25,419.3392658754029,-4.53784042212161,10.620355280872856,-2.19722457733622,18,0.24,1.9007101616210853,-3.044522437723423,26,8,25,379.7120821412794,4.718644676874126,19.115182651146625,1.0986122886681098,29,0.37,1.3229349239878838,0.0,37,8,25,923.5755425745618,19.71364017278209,15.009770791406346,31.45873103897651,19,0.25,0.9580420224685556,0.0,25,8,38,443.0444455339548,2700,100,3,3
-3.753075478903773,10.39731563866813,0.0,17,0.39,2.130998777696401,0.0,39,8,25,385.60919259573495,-4.179308620185051,10.296640416175595,-1.0986122886681098,17,0.25,2.2394227687016603,-3.044522437723423,26,8,25,346.1485677729359,5.055204233037187,18.768390605168182,2.19722457733622,28,0.37,1.9030845704035448,0.0,37,8,25,893.5232941782051,19.69754579365741,15.030023781594336,31.458731038975987,19,0.26,0.9580420224685556,0.0,26,8,13,440.31245444554673,2750,100,3,3
-3.744602500299838,10.4071451072019,0.0,17,0.37,2.1527959547937274,0.0,37,8,25,388.60139057418,-4.087972947053286,10.328756479760395,0.0,17,0.26,1.908259036209143,0.0,26,8,25,352.1321968567603,4.4564748366348255,18.39149433225576,1.0986122886681098,27,0.38,2.15694290937488,0.0,38,8,25,853.9925414549107,20.01213310404684,14.943425690926423,31.458731038975465,20,0.25,0.9506720929293964,0.0,25,8,38,443.0444455339388,2800,100,3,3
-4.111607280840116,10.740872102947586,0.0,18,0.36,2.178547652442487,0.0,36,8,25,422.31926888526095,-4.4465047489896925,10.65456927036778,-1.0986122886681098,18,0.25,2.259422768701085,0.0,25,8,25,385.7236869355671,4.119915280471654,18.73450745154706,0.0,28,0.38,2.15694290937488,0.0,38,8,25,884.3068199308834,20.02822748317083,14.922715890232782,31.4587310389749,20,0.24,0.9506720929293964,0.0,24,8,13,440.3124544455319,2850,100,3,3
-4.120080259443921,10.731058544817513,0.0,18,0.38,1.9072315245979987,0.0,38,8,25,419.33926587537456,-4.537840422121327,10.620355280872143,-2.19722457733622,18,0.24,1.9007101616210853,-3.044522437723423,26,8,25,379.7120821412512,4.718644676873844,19.1151826511453,1.0986122886681098,29,0.37,1.3229349239878838,0.0,37,8,25,923.5755425744984,19.71364017278074,15.009770791405291,31.45873103897433,19,0.25,0.9580420224685556,0.0,25,8,38,443.0444455339233,2900,100,3,3
-3.753075478903511,10.397315638667434,0.0,17,0.39,2.130998777696401,0.0,39,8,25,385.6091925957089,-4.1793086201847895,10.296640416174904,-1.0986122886681098,17,0.25,2.2394227687016603,-3.044522437723423,26,8,25,346.14856777290987,5.055204233036882,18.76839060516688,2.19722457733622,28,0.37,1.9030845704035448,0.0,37,8,25,893.5232941781438,19.697545793656065,15.03002378159328,31.458731038973813,19,0.26,0.9580420224685556,0.0,26,8,13,440.3124544455162,2950,100,3,3
-3.744602500299576,10.407145107201204,0.0,17,0.37,2.1527959547937274,0.0,37,8,25,388.60139057415387,-4.087972947053025,10.328756479759704,0.0,17,0.26,1.908259036209143,0.0,26,8,25,352.1321968567341,4.456474836634564,18.39149433225448,1.0986122886681098,27,0.38,2.15694290937488,0.0,38,8,25,853.9925414548525,20.012133104045464,14.943425690925377,31.45873103897329,20,0.25,0.9506720929293964,0.0,25,8,38,443.0444455339072,3000,100,3,3
-4.1116072808398325,10.740872102946868,0.0,18,0.36,2.178547652442487,0.0,36,8,25,422.3192688852327,-4.446504748989409,10.654569270367066,-1.0986122886681098,18,0.25,2.259422768701085,0.0,25,8,25,385.72368693553886,4.119915280471415,18.734507451545763,0.0,28,0.38,2.15694290937488,0.0,38,8,25,884.306819930823,20.028227483169463,14.92271589023173,31.45873103897272,20,0.24,0.9506720929293964,0.0,24,8,13,440.3124544455012,3050,100,3,3
-4.120080259443637,10.73105854481679,0.0,18,0.38,1.9072315245979987,0.0,38,8,25,419.3392658753464,-4.537840422121044,10.620355280871426,-2.19722457733622,18,0.24,1.9007101616210853,-3.044522437723423,26,8,25,379.7120821412228,4.718644676873559,19.11518265114397,1.0986122886681098,29,0.37,1.3229349239878838,0.0,37,8,25,923.5755425744352,19.71364017277939,15.009770791404236,31.45873103897216,19,0.25,0.9580420224685556,0.0,25,8,38,443.04444553389175,3100,100,3,3
-3.0881267011696605,10.610828813751208,0.0,21,0.36,2.474491692791537,0.0,36,8,37,309.2587085952087,-3.0222664736653173,11.141983723282635,0.0,22,0.22,2.267655258505447,-3.044522437723423,22,8,12,364.3004356018255,4.06869241011972,17.6663807841923,0.8047189562170501,30,0.35,2.369250326189609,0.0,35,8,25,765.2557693399806,16.78753163839668,16.220659341218177,31.458731038971592,22,0.27,1.291349296075208,0.0,27,8,37,441.3569539914666,3150,100,3,3
-1.0829208256416307,12.660992298240815,0.0,25,0.31,2.6315889560448,0.0,31,8,40,375.3099101785333,0.9834633090530112,14.85940855708458,0.8047189562170501,31,0.15,2.225035197438285,-2.19722457733622,16,10,10,446.86151339220015,-0.2655410049135428,13.462951451645512,0.0,22,0.27,2.1260052992578844,0.0,27,8,25,282.72650469958404,5.133124172111087,16.192372262904023,0.0,21,0.39,2.268709386556297,0.0,39,5,1,688.7443608013327,3200,100,3,3
0.2353640263794154,14.169704709840545,0.0,26,0.3,2.646439345755622,0.0,30,10,50,633.600794517487,3.749288250724178,16.927788397558096,2.381086967398878,35,0.1,2.12192809586896,-2.19722457733622,20,10,10,764.0504530578464,-3.0060602220237467,9.687545955988044,0.0,16,0.2,2.1219280954379376,-2.19722457733622,20,10,40,361.4867412653989,-3.6112691389162057,9.384850076595916,0.0,15,0.5,1.960964048666856,0.0,50,10,40,356.70598564578364,3250,100,3,3
0.2353640263794155,14.169704709839772,0.0,26,0.3,2.646439345755622,0.0,30,10,50,633.6007945174522,3.749288250724003,16.927788397557165,2.381086967398878,35,0.1,2.12192809586896,-2.19722457733622,20,10,10,764.0504530578011,-3.0060602220235726,9.687545955987533,0.0,16,0.2,2.1219280954379376,-2.19722457733622,20,10,40,361.4867412653816,-3.611269138916033,9.3848500765954,0.0,15,0.5,1.960964048666856,0.0,50,10,40,356.7059856457664,3300,100,3,3
0.2353640263794154,14.169704709839,0.0,26,0.3,2.646439345755622,0.0,30,10,50,633.6007945174174,3.7492882507238288,16.92778839755623,2.381086967398878,35,0.1,2.12192809586896,-2.19722457733622,20,10,10,764.0504530577554,-3.006060222023399,9.68754595598702,0.0,16,0.2,2.1219280954379376,-2.19722457733622,20,10,40,361.4867412653644,-3.611269138915857,9.384850076594882,0.0,15,0.5,1.960964048666856,0.0,50,10,40,356.70598564574914,3350,100,3,3
0.2353640263794155,14.169704709838223,0.0,26,0.3,2.646439345755622,0.0,30,10,50,633.6007945173826,3.7492882507236542,16.9277883975553,2.381086967398878,35,0.1,2.12192809586896,-2.19722457733622,20,10,10,764.0504530577097,-3.006060222023225,9.687545955986508,0.0,16,0.2,2.1219280954379376,-2.19722457733622,20,10,40,361.4867412653473,-3.611269138915684,9.384850076594368,0.0,15,0.5,1.960964048666856,0.0,50,10,40,356.7059856457319,3400,100,3,3
0.2353640263794154,14.169704709837452,0.0,26,0.3,2.646439345755622,0.0,30,10,50,633.6007945173478,3.7492882507234806,16.927788397554366,2.381086967398878,35,0.1,2.12192809586896,-2.19722457733622,20,10,10,764.0504530576644,-3.006060222023051,9.687545955985998,0.0,16,0.2,2.1219280954379376,-2.19722457733622,20,10,40,361.48674126533,-3.611269138915509,9.38485007659385,0.0,15,0.5,1.960964048666856,0.0,50,10,40,356.70598564571463,3450,100,3,3
0.2353640263794155,14.16970470983668,0.0,26,0.3,2.646439345755622,0.0,30,10,50,633.600794517313,3.7492882507233065,16.927788397553435,2.381086967398878,35,0.1,2.12192809586896,-2.19722457733622,20,10,10,764.0504530576188,-3.0060602220228763,9.687545955985488,0.0,16,0.2,2.1219280954379376,-2.19722457733622,20,10,40,361.4867412653128,-3.6112691389153353,9.384850076593333,0.0,15,0.5,1.960964048666856,0.0,50,10,40,356.7059856456973,3500,100,3,3
0.2353640263794154,14.169704709835909,0.0,26,0.3,2.646439345755622,0.0,30,10,50,633.6007945172781,3.749288250723133,16.927788397552504,2.381086967398878,35,0.1,2.12192809586896,-2.19722457733622,20,10,10,764.0504530575733,-3.006060222022703,9.687545955984978,0.0,16,0.2,2.1219280954379376,-2.19722457733622,20,10,40,361.4867412652956,-3.6112691389151617,9.384850076592818,0.0,15,0.5,1.960964048666856,0.0,50,10,40,356.7059856456802,3550,100,3,3
0.2353640263794155,14.169704709835132,0.0,26,0.3,2.646439345755622,0.0,30,10,50,633.6007945172432,3.749288250722959,16.92778839755157,2.381086967398878,35,0.1,2.12192809586896,-2.19722457733622,20,10,10,764.0504530575279,-3.0060602220225285,9.687545955984463,0.0,16,0.2,2.1219280954379376,-2.19722457733622,20,10,40,361.4867412652784,-3.611269138914988,9.3848500765923,0.0,15,0.5,1.960964048666856,0.0,50,10,40,356.7059856456629,3600,100,3,3
0.2353640263794154,14.16970470983436,0.0,26,0.3,2.646439345755622,0.0,30,10,50,633.6007945172084,3.7492882507227847,16.92778839755064,2.381086967398878,35,0.1,2.12192809586896,-2.19722457733622,20,10,10,764.0504530574823,-3.006060222022354,9.687545955983952,0.0,16,0.2,2.1219280954379376,-2.19722457733622,20,10,40,361.4867412652612,-3.611269138914813,9.384850076591784,0.0,15,0.5,1.960964048666856,0.0,50,10,40,356.7059856456456,3650,100,3,3
0.2353640263794155,14.169704709833589,0.0,26,0.3,2.646439345755622,0.0,30,10,50,633.6007945171737,3.74928825072261,16.92778839754971,2.381086967398878,35,0.1,2.12192809586896,-2.19722457733622,20,10,10,764.0504530574366,-3.00606022202218,9.687545955983442,0.0,16,0.2,2.1219280954379376,-2.19722457733622,20,10,40,361.486741265244,-3.61126913891464,9.384850076591269,0.0,15,0.5,1.960964048666856,0.0,50,10,40,356.7059856456284,3700,100,3,3
0.2353640263794154,14.169704709832814,0.0,26,0.3,2.646439345755622,0.0,30,10,50,633.6007945171389,3.749288250722436,16.927788397548774,2.381086967398878,35,0.1,2.12192809586896,-2.19722457733622,20,10,10,764.0504530573913,-3.0060602220220063,9.687545955982928,0.0,16,0.2,2.1219280954379376,-2.19722457733622,20,10,40,361.4867412652269,-3.611269138914464,9.38485007659075,0.0,15,0.5,1.960964048666856,0.0,50,10,40,356.7059856456111,3750,100,3,3
0.2353640263794155,14.16970470983204,0.0,26,0.3,2.646439345755622,0.0,30,10,50,633.6007945171041,3.7492882507222616,16.927788397547843,2.381086967398878,35,0.1,2.12192809586896,-2.19722457733622,20,10,10,764.0504530573455,-3.006060222021832,9.68754595598242,0.0,16,0.2,2.1219280954379376,-2.19722457733622,20,10,40,361.4867412652096,-3.6112691389142912,9.384850076590231,0.0,15,0.5,1.960964048666856,0.0,50,10,40,356.7059856455939,3800,100,3,3
0.2353640263794154,14.169704709831269,0.0,26,0.3,2.646439345755622,0.0,30,10,50,633.6007945170693,3.749288250722088,16.927788397546912,2.381086967398878,35,0.1,2.12192809586896,-2.19722457733622,20,10,10,764.0504530573003,-3.006060222021658,9.687545955981909,0.0,16,0.2,2.1219280954379376,-2.19722457733622,20,10,40,361.4867412651925,-3.6112691389141167,9.384850076589718,0.0,15,0.5,1.960964048666856,0.0,50,10,40,356.7059856455767,3850,100,3,3
0.2353640263794155,14.169704709830496,0.0,26,0.3,2.646439345755622,0.0,30,10,50,633.6007945170345,3.749288250721914,16.92778839754598,2.381086967398878,35,0.1,2.12192809586896,-2.19722457733622,20,10,10,764.0504530572547,-3.006060222021484,9.687545955981395,0.0,16,0.2,2.1219280954379376,-2.19722457733622,20,10,40,361.4867412651752,-3.611269138913943,9.3848500765892,0.0,15,0.5,1.960964048666856,0.0,50,10,40,356.70598564555934,3900,100,3,3
0.2353640263794154,14.169704709829723,0.0,26,0.3,2.646439345755622,0.0,30,10,50,633.6007945169996,3.74928825072174,16.92778839754505,2.381086967398878,35,0.1,2.12192809586896,-2.19722457733622,20,10,10,764.0504530572091,-3.0060602220213104,9.687545955980886,0.0,16,0.2,2.1219280954379376,-2.19722457733622,20,10,40,361.486741265158,-3.611269138913769,9.384850076588684,0.0,15,0.5,1.960964048666856,0.0,50,10,40,356.7059856455421,3950,100,3,3
0.2353640263794155,14.16970470982895,0.0,26,0.3,2.646439345755622,0.0,30,10,50,633.6007945169647,3.749288250721566,16.927788397544116,2.381086967398878,35,0.1,2.12192809586896,-2.19722457733622,20,10,10,764.0504530571637,-3.006060222021136,9.687545955980374,0.0,16,0.2,2.1219280954379376,-2.19722457733622,20,10,40,361.4867412651408,-3.611269138913595,9.384850076588169,0.0,15,0.5,1.960964048666856,0.0,50,10,40,356.7059856455249,4000,100,3,3
0.2353640263794154,14.169704709828178,0.0,26,0.3,2.646439345755622,0.0,30,10,50,633.6007945169299,3.749288250721392,16.927788397543186,2.381086967398878,35,0.1,2.12192809586896,-2.19722457733622,20,10,10,764.050453057118,-3.0060602220209613,9.687545955979866,0.0,16,0.2,2.1219280954379376,-2.19722457733622,20,10,40,361.48674126512367,-3.611269138913421,9.384850076587652,0.0,15,0.5,1.960964048666856,0.0,50,10,40,356.70598564550767,4050,100,3,3
0.2353640263794155,14.169704709827403,0.0,26,0.3,2.646439345755622,0.0,30,10,50,633.6007945168951,3.7492882507212175,16.92778839754225,2.381086967398878,35,0.1,2.12192809586896,-2.19722457733622,20,10,10,764.0504530570726,-3.006060222020788,9.687545955979347,0.0,16,0.2,2.1219280954379376,-2.19722457733622,20,10,40,361.4867412651065,-3.611269138913247,9.384850076587137,0.0,15,0.5,1.960964048666856,0.0,50,10,40,356.7059856454904,4100,100,3,3
0.1153769299326045,15.507965222552,0.0,34,0.27,2.679771195906968,0.0,27,10,40,654.0526275449764,3.303698617709581,16.74889171928452,2.19722457733622,40,0.08,2.2892697423958634,-2.19722457733622,19,10,10,695.0582998881084,-3.627660201268146,10.49577209417783,0.0,24,0.18,2.327662845092414,2.19722457733622,19,10,40,369.34974081251295,-4.256815079792221,10.180424885528204,0.0,22,0.46,2.488436571912724,0.0,46,10,40,360.6048000751457,4150,100,3,3
-1.6459438766005627,14.202580191746607,0.0,37,0.26,2.674966161601877,0.0,26,8,12,304.00852163173613,-2.5925865359846387,14.091584498140987,-2.19722457733622,37,0.18,2.7195357151111987,-3.044522437723423,18,8,12,376.7117540041213,1.2273669513091705,17.03618400249042,0.0,41,0.31,2.37263553817531,0.0,31,8,25,597.9543219534522,9.997223030031844,18.444933851162112,1.6094379124341005,39,0.21,1.7257747468287854,0.0,21,5,1,745.5938706128308,0,100,3,4
-4.113705360683315,10.746214025844685,0.0,18,0.36,2.178547652442487,0.0,36,8,25,422.5290055305253,-4.448602828832891,10.659888527146697,-1.0986122886681098,18,0.25,2.259422768701085,0.0,25,8,25,385.9334501481049,4.121690578800514,18.744144245603785,0.0,28,0.38,2.15694290937488,0.0,38,8,25,884.7543608574758,20.03839510087249,14.930504085150435,31.47487011469181,20,0.24,0.9506720929293964,0.0,24,8,13,440.53956872730686,50,100,3,4
-4.12217833928712,10.736403694706762,0.0,18,0.38,1.9072315245979987,0.0,38,8,25,419.5489697490625,-4.539938501964527,10.6256736307402,-2.19722457733622,18,0.24,1.9007101616210853,-3.044522437723423,26,8,25,379.9218018798514,4.720742756717043,19.12502346033231,1.0986122886681098,29,0.37,1.3229349239878838,0.0,37,8,25,924.0446818066432,19.72364639972523,15.017600629480787,31.474870114691264,19,0.25,0.9580420224685556,0.0,25,8,38,443.2782086245917,100,100,3,4
-3.755012167989543,10.402476362730878,0.0,17,0.39,2.130998777696401,0.0,39,8,25,385.80279420240953,-4.181245309270822,10.301771444026372,-1.0986122886681098,17,0.25,2.2394227687016603,-3.044522437723423,26,8,25,346.34209563454465,5.057463703637253,18.778061638273595,2.19722457733622,28,0.37,1.9030845704035448,0.0,37,8,25,893.9780572951815,19.70755202060056,15.037853783679973,31.47487011469075,19,0.26,0.9580420224685556,0.0,26,8,13,440.53956872729134,150,100,3,4
-3.7465391893856097,10.412302535389983,0.0,17,0.37,2.1527959547937274,0.0,37,8,25,388.7950187629903,-4.089909636139058,10.333888678553269,0.0,17,0.26,1.908259036209143,0.0,26,8,25,352.32578505949874,4.458411525720597,18.400963204835904,1.0986122886681098,27,0.38,2.15694290937488,0.0,38,8,25,854.4255910988447,20.022300721747136,14.951214042989454,31.47487011469024,20,0.25,0.9506720929293964,0.0,25,8,38,443.278208624576,200,100,3,4
-4.113705360683037,10.746214025843974,0.0,18,0.36,2.178547652442487,0.0,36,8,25,422.5290055304974,-4.448602828832613,10.659888527145991,-1.0986122886681098,18,0.25,2.259422768701085,0.0,25,8,25,385.933450148077,4.12169057880028,18.744144245602502,0.0,28,0.38,2.15694290937488,0.0,38,8,25,884.7543608574163,20.03839510087114,14.9305040851494,31.47487011468968,20,0.24,0.9506720929293964,0.0,24,8,13,440.5395687272767,250,100,3,4
-4.122178339286842,10.73640369470605,0.0,18,0.38,1.9072315245979987,0.0,38,8,25,419.54896974903465,-4.539938501964249,10.625673630739495,-2.19722457733622,18,0.24,1.9007101616210853,-3.044522437723423,26,8,25,379.9218018798237,4.720742756716764,19.125023460331004,1.0986122886681098,29,0.37,1.3229349239878838,0.0,37,8,25,924.0446818065813,19.723646399723904,15.017600629479748,31.47487011468912,19,0.25,0.9580420224685556,0.0,25,8,38,443.2782086245608,300,100,3,4
-3.7550121679892863,10.402476362730196,0.0,17,0.39,2.130998777696401,0.0,39,8,25,385.8027942023839,-4.181245309270564,10.301771444025688,-1.0986122886681098,17,0.25,2.2394227687016603,-3.044522437723423,26,8,25,346.34209563451884,5.0574637036369525,18.778061638272305,2.19722457733622,28,0.37,1.9030845704035448,0.0,37,8,25,893.9780572951214,19.70755202059924,15.037853783678932,31.474870114688606,19,0.26,0.9580420224685556,0.0,26,8,13,440.5395687272614,350,100,3,4
-3.746539189385353,10.4123025353893,0.0,17,0.37,2.1527959547937274,0.0,37,8,25,388.79501876296456,-4.089909636138801,10.333888678552588,0.0,17,0.26,1.908259036209143,0.0,26,8,25,352.32578505947305,4.45841152572034,18.40096320483465,1.0986122886681098,27,0.38,2.15694290937488,0.0,38,8,25,854.4255910987872,20.02230072174579,14.95121404298842,31.47487011468809,20,0.25,0.9506720929293964,0.0,25,8,38,443.2782086245449,400,100,3,4
-4.113705360682759,10.746214025843264,0.0,18,0.36,2.178547652442487,0.0,36,8,25,422.5290055304696,-4.448602828832335,10.659888527145284,-1.0986122886681098,18,0.25,2.259422768701085,0.0,25,8,25,385.9334501480492,4.121690578800044,18.744144245601223,0.0,28,0.38,2.15694290937488,0.0,38,8,25,884.754360857357,20.0383951008698,14.93050408514837,31.474870114687537,20,0.24,0.9506720929293964,0.0,24,8,13,440.5395687272466,450,100,3,4
-4.122178339286564,10.736403694705343,0.0,18,0.38,1.9072315245979987,0.0,38,8,25,419.54896974900686,-4.53993850196397,10.62567363073879,-2.19722457733622,18,0.24,1.9007101616210853,-3.044522437723423,26,8,25,379.9218018797957,4.720742756716487,19.125023460329697,1.0986122886681098,29,0.37,1.3229349239878838,0.0,37,8,25,924.0446818065188,19.72364639972257,15.017600629478707,31.47487011468698,19,0.25,0.9580420224685556,0.0,25,8,38,443.27820862452967,500,100,3,4
-3.7550121679890287,10.40247636272951,0.0,17,0.39,2.130998777696401,0.0,39,8,25,385.8027942023583,-4.181245309270307,10.30177144402501,-1.0986122886681098,17,0.25,2.2394227687016603,-3.044522437723423,26,8,25,346.3420956344932,5.057463703636653,18.778061638271023,2.19722457733622,28,0.37,1.9030845704035448,0.0,37,8,25,893.9780572950609,19.707552020597905,15.037853783677896,31.474870114686468,19,0.26,0.9580420224685556,0.0,26,8,13,440.5395687272312,550,100,3,4
-3.746539189385096,10.412302535388616,0.0,17,0.37,2.1527959547937274,0.0,37,8,25,388.79501876293887,-4.089909636138544,10.333888678551906,0.0,17,0.26,1.908259036209143,0.0,26,8,25,352.32578505944736,4.458411525720083,18.40096320483339,1.0986122886681098,27,0.38,2.15694290937488,0.0,38,8,25,854.4255910987296,20.02230072174444,14.951214042987385,31.474870114685952,20,0.25,0.9506720929293964,0.0,25,8,38,443.27820862451387,600,100,3,4
-4.11370536068248,10.746214025842557,0.0,18,0.36,2.178547652442487,0.0,36,8,25,422.5290055304417,-4.4486028288320565,10.65988852714458,-1.0986122886681098,18,0.25,2.259422768701085,0.0,25,8,25,385.9334501480213,4.121690578799808,18.744144245599948,0.0,28,0.38,2.15694290937488,0.0,38,8,25,884.7543608572976,20.03839510086844,14.930504085147334,31.474870114685395,20,0.24,0.9506720929293964,0.0,24,8,13,440.5395687272165,650,100,3,4
-4.122178339286285,10.736403694704633,0.0,18,0.38,1.9072315245979987,0.0,38,8,25,419.548969748979,-4.539938501963692,10.625673630738085,-2.19722457733622,18,0.24,1.9007101616210853,-3.044522437723423,26,8,25,379.92180187976805,4.720742756716208,19.1250234603284,1.0986122886681098,29,0.37,1.3229349239878838,0.0,37,8,25,924.0446818064564,19.72364639972125,15.017600629477668,31.47487011468484,19,0.25,0.9580420224685556,0.0,25,8,38,443.2782086244986,700,100,3,4
-3.755012167988773,10.402476362728828,0.0,17,0.39,2.130998777696401,0.0,39,8,25,385.8027942023325,-4.181245309270051,10.301771444024329,-1.0986122886681098,17,0.25,2.2394227687016603,-3.044522437723423,26,8,25,346.3420956344676,5.057463703636354,18.778061638269747,2.19722457733622,28,0.37,1.9030845704035448,0.0,37,8,25,893.9780572950006,19.70755202059658,15.037853783676857,31.474870114684325,19,0.26,0.9580420224685556,0.0,26,8,13,440.539568727201,750,100,3,4
-3.746539189384839,10.412302535387932,0.0,17,0.37,2.1527959547937274,0.0,37,8,25,388.7950187629132,-4.089909636138288,10.333888678551224,0.0,17,0.26,1.908259036209143,0.0,26,8,25,352.3257850594216,4.458411525719826,18.40096320483213,1.0986122886681098,27,0.38,2.15694290937488,0.0,38,8,25,854.4255910986722,20.02230072174309,14.951214042986352,31.47487011468381,20,0.25,0.9506720929293964,0.0,25,8,38,443.2782086244829,800,100,3,4
-4.113705360682202,10.746214025841848,0.0,18,0.36,2.178547652442487,0.0,36,8,25,422.52900553041394,-4.4486028288317785,10.659888527143874,-1.0986122886681098,18,0.25,2.259422768701085,0.0,25,8,25,385.9334501479935,4.121690578799574,18.744144245598672,0.0,28,0.38,2.15694290937488,0.0,38,8,25,884.7543608572382,20.038395100867096,14.930504085146302,31.474870114683256,20,0.24,0.9506720929293964,0.0,24,8,13,440.5395687271863,850,100,3,4
-4.122178339286006,10.736403694703927,0.0,18,0.38,1.9072315245979987,0.0,38,8,25,419.54896974895127,-4.539938501963414,10.625673630737378,-2.19722457733622,18,0.24,1.9007101616210853,-3.044522437723423,26,8,25,379.92180187974014,4.7207427567159295,19.125023460327085,1.0986122886681098,29,0.37,1.3229349239878838,0.0,37,8,25,924.0446818063944,19.72364639971992,15.017600629476632,31.47487011468269,19,0.25,0.9580420224685556,0.0,25,8,38,443.2782086244676,900,100,3,4
-3.7550121679885153,10.402476362728144,0.0,17,0.39,2.130998777696401,0.0,39,8,25,385.8027942023068,-4.181245309269794,10.301771444023649,-1.0986122886681098,17,0.25,2.2394227687016603,-3.044522437723423,26,8,25,346.3420956344419,5.057463703636054,18.778061638268458,2.19722457733622,28,0.37,1.9030845704035448,0.0,37,8,25,893.9780572949403,19.70755202059525,15.037853783675816,31.474870114682183,19,0.26,0.9580420224685556,0.0,26,8,13,440.539568727171,950,100,3,4
-3.7465391893845816,10.412302535387246,0.0,17,0.37,2.1527959547937274,0.0,37,8,25,388.7950187628875,-4.08990963613803,10.333888678550544,0.0,17,0.26,1.908259036209143,0.0,26,8,25,352.3257850593959,4.458411525719569,18.40096320483088,1.0986122886681098,27,0.38,2.15694290937488,0.0,38,8,25,854.4255910986147,20.022300721741743,14.95121404298532,31.47487011468167,20,0.25,0.9506720929293964,0.0,25,8,38,443.2782086244519,1000,100,3,4
-4.113705360681924,10.74621402584114,0.0,18,0.36,2.178547652442487,0.0,36,8,25,422.5290055303861,-4.4486028288315005,10.659888527143169,-1.0986122886681098,18,0.25,2.259422768701085,0.0,25,8,25,385.9334501479657,4.121690578799337,18.74414424559739,0.0,28,0.38,2.15694290937488,0.0,38,8,25,884.7543608571787,20.03839510086575,14.93050408514527,31.47487011468112,20,0.24,0.9506720929293964,0.0,24,8,13,440.5395687271562,1050,100,3,4
-4.122178339285728,10.736403694703212,0.0,18,0.38,1.9072315245979987,0.0,38,8,25,419.54896974892335,-4.539938501963136,10.625673630736674,-2.19722457733622,18,0.24,1.9007101616210853,-3.044522437723423,26,8,25,379.9218018797124,4.720742756715652,19.12502346032578,1.0986122886681098,29,0.37,1.3229349239878838,0.0,37,8,25,924.044681806332,19.7236463997186,15.017600629475591,31.47487011468056,19,0.25,0.9580420224685556,0.0,25,8,38,443.2782086244366,1100,100,3,4
-3.7550121679882578,10.402476362727455,0.0,17,0.39,2.130998777696401,0.0,39,8,25,385.8027942022811,-4.181245309269537,10.301771444022965,-1.0986122886681098,17,0.25,2.2394227687016603,-3.044522437723423,26,8,25,346.3420956344161,5.057463703635753,18.77806163826718,2.19722457733622,28,0.37,1.9030845704035448,0.0,37,8,25,893.9780572948798,19.707552020593923,15.03785378367478,31.474870114680044,19,0.26,0.9580420224685556,0.0,26,8,13,440.5395687271408,1150,100,3,4
-3.746539189384325,10.412302535386562,0.0,17,0.37,2.1527959547937274,0.0,37,8,25,388.7950187628619,-4.089909636137773,10.333888678549862,0.0,17,0.26,1.908259036209143,0.0,26,8,25,352.3257850593703,4.458411525719312,18.40096320482962,1.0986122886681098,27,0.38,2.15694290937488,0.0,38,8,25,854.4255910985574,20.022300721740383,14.951214042984288,31.47487011467953,20,0.25,0.9506720929293964,0.0,25,8,38,443.2782086244209,1200,100,3,4
-4.113705360681645,10.74621402584043,0.0,18,0.36,2.178547652442487,0.0,36,8,25,422.5290055303583,-4.448602828831222,10.659888527142462,-1.0986122886681098,18,0.25,2.259422768701085,0.0,25,8,25,385.9334501479379,4.121690578799101,18.74414424559611,0.0,28,0.38,2.15694290937488,0.0,38,8,25,884.7543608571194,20.038395100864395,14.930504085144236,31.47487011467897,20,0.24,0.9506720929293964,0.0,24,8,13,440.5395687271261,1250,100,3,4
-4.12217833928545,10.736403694702505,0.0,18,0.38,1.9072315245979987,0.0,38,8,25,419.5489697488955,-4.539938501962857,10.625673630735966,-2.19722457733622,18,0.24,1.9007101616210853,-3.044522437723423,26,8,25,379.9218018796846,4.720742756715373,19.12502346032447,1.0986122886681098,29,0.37,1.3229349239878838,0.0,37,8,25,924.04468180627,19.723646399717264,15.017600629474556,31.474870114678417,19,0.25,0.9580420224685556,0.0,25,8,38,443.2782086244056,1300,100,3,4
-3.7550121679880015,10.402476362726771,0.0,17,0.39,2.130998777696401,0.0,39,8,25,385.8027942022554,-4.18124530926928,10.301771444022286,-1.0986122886681098,17,0.25,2.2394227687016603,-3.044522437723423,26,8,25,346.34209563439055,5.057463703635454,18.778061638265896,2.19722457733622,28,0.37,1.9030845704035448,0.0,37,8,25,893.9780572948197,19.7075520205926,15.03785378367374,31.474870114677906,19,0.26,0.9580420224685556,0.0,26,8,13,440.5395687271108,1350,100,3,4
-3.746539189384068,10.412302535385876,0.0,17,0.37,2.1527959547937274,0.0,37,8,25,388.79501876283615,-4.089909636137517,10.33388867854918,0.0,17,0.26,1.908259036209143,0.0,26,8,25,352.3257850593445,4.458411525719055,18.40096320482837,1.0986122886681098,27,0.38,2.15694290937488,0.0,38,8,25,854.4255910984999,20.022300721739047,14.951214042983253,31.474870114677387,20,0.25,0.9506720929293964,0.0,25,8,38,443.2782086243898,1400,100,3,4
-4.113705360681367,10.746214025839722,0.0,18,0.36,2.178547652442487,0.0,36,8,25,422.5290055303305,-4.448602828830944,10.659888527141756,-1.0986122886681098,18,0.25,2.259422768701085,0.0,25,8,25,385.9334501479101,4.121690578798867,18.744144245594835,0.0,28,0.38,2.15694290937488,0.0,38,8,25,884.7543608570602,20.03839510086305,14.930504085143202,31.47487011467684,20,0.24,0.9506720929293964,0.0,24,8,13,440.5395687270959,1450,100,3,4
-4.122178339285171,10.736403694701798,0.0,18,0.38,1.9072315245979987,0.0,38,8,25,419.5489697488677,-4.539938501962578,10.625673630735264,-2.19722457733622,18,0.24,1.9007101616210853,-3.044522437723423,26,8,25,379.9218018796568,4.720742756715095,19.12502346032317,1.0986122886681098,29,0.37,1.3229349239878838,0.0,37,8,25,924.0446818062076,19.72364639971593,15.017600629473511,31.474870114676275,19,0.25,0.9580420224685556,0.0,25,8,38,443.2782086243747,1500,100,3,4
-3.755012167987745,10.40247636272609,0.0,17,0.39,2.130998777696401,0.0,39,8,25,385.80279420222985,-4.181245309269023,10.301771444021604,-1.0986122886681098,17,0.25,2.2394227687016603,-3.044522437723423,26,8,25,346.3420956343648,5.057463703635154,18.77806163826461,2.19722457733622,28,0.37,1.9030845704035448,0.0,37,8,25,893.9780572947592,19.70755202059127,15.0378537836727,31.47487011467576,19,0.26,0.9580420224685556,0.0,26,8,13,440.5395687270805,1550,100,3,4
-3.74653918938381,10.412302535385194,0.0,17,0.37,2.1527959547937274,0.0,37,8,25,388.7950187628105,-4.089909636137259,10.3338886785485,0.0,17,0.26,1.908259036209143,0.0,26,8,25,352.32578505931883,4.458411525718798,18.40096320482711,1.0986122886681098,27,0.38,2.15694290937488,0.0,38,8,25,854.4255910984425,20.022300721737693,14.95121404298222,31.474870114675248,20,0.25,0.9506720929293964,0.0,25,8,38,443.2782086243588,1600,100,3,4
-4.113705360681089,10.746214025839013,0.0,18,0.36,2.178547652442487,0.0,36,8,25,422.5290055303027,-4.448602828830666,10.659888527141051,-1.0986122886681098,18,0.25,2.259422768701085,0.0,25,8,25,385.9334501478822,4.121690578798631,18.74414424559356,0.0,28,0.38,2.15694290937488,0.0,38,8,25,884.7543608570006,20.0383951008617,14.930504085142168,31.47487011467469,20,0.24,0.9506720929293964,0.0,24,8,13,440.5395687270658,1650,100,3,4
-4.122178339284894,10.736403694701089,0.0,18,0.38,1.9072315245979987,0.0,38,8,25,419.54896974884,-4.5399385019623,10.625673630734555,-2.19722457733622,18,0.24,1.9007101616210853,-3.044522437723423,26,8,25,379.9218018796288,4.720742756714817,19.125023460321863,1.0986122886681098,29,0.37,1.3229349239878838,0.0,37,8,25,924.0446818061454,19.72364639971461,15.017600629472476,31.474870114674133,19,0.25,0.9580420224685556,0.0,25,8,38,443.2782086243436,1700,100,3,4
-3.7550121679874873,10.402476362725404,0.0,17,0.39,2.130998777696401,0.0,39,8,25,385.8027942022041,-4.181245309268766,10.301771444020924,-1.0986122886681098,17,0.25,2.2394227687016603,-3.044522437723423,26,8,25,346.3420956343392,5.057463703634855,18.77806163826333,2.19722457733622,28,0.37,1.9030845704035448,0.0,37,8,25,893.9780572946988,19.707552020589944,15.03785378367166,31.47487011467362,19,0.26,0.9580420224685556,0.0,26,8,13,440.5395687270504,1750,100,3,4
-3.746539189383554,10.41230253538451,0.0,17,0.37,2.1527959547937274,0.0,37,8,25,388.7950187627848,-4.089909636137002,10.33388867854782,0.0,17,0.26,1.908259036209143,0.0,26,8,25,352.3257850592933,4.4584115257185415,18.400963204825853,1.0986122886681098,27,0.38,2.15694290937488,0.0,38,8,25,854.425591098385,20.022300721736343,14.951214042981183,31.474870114673102,20,0.25,0.9506720929293964,0.0,25,8,38,443.27820862432776,1800,100,3,4
-4.11370536068081,10.746214025838304,0.0,18,0.36,2.178547652442487,0.0,36,8,25,422.5290055302749,-4.448602828830386,10.659888527140344,-1.0986122886681098,18,0.25,2.259422768701085,0.0,25,8,25,385.93345014785433,4.121690578798395,18.74414424559228,0.0,28,0.38,2.15694290937488,0.0,38,8,25,884.7543608569414,20.03839510086035,14.930504085141134,31.474870114672548,20,0.24,0.9506720929293964,0.0,24,8,13,440.53956872703566,1850,100,3,4
-4.122178339284615,10.736403694700376,0.0,18,0.38,1.9072315245979987,0.0,38,8,25,419.54896974881206,-4.539938501962022,10.62567363073385,-2.19722457733622,18,0.24,1.9007101616210853,-3.044522437723423,26,8,25,379.92180187960105,4.720742756714538,19.12502346032056,1.0986122886681098,29,0.37,1.3229349239878838,0.0,37,8,25,924.0446818060832,19.723646399713285,15.01760062947144,31.474870114672,19,0.25,0.9580420224685556,0.0,25,8,38,443.2782086243127,1900,100,3,4
-3.755012167987231,10.40247636272472,0.0,17,0.39,2.130998777696401,0.0,39,8,25,385.8027942021784,-4.181245309268509,10.301771444020243,-1.0986122886681098,17,0.25,2.2394227687016603,-3.044522437723423,26,8,25,346.3420956343136,5.057463703634555,18.778061638262045,2.19722457733622,28,0.37,1.9030845704035448,0.0,37,8,25,893.9780572946387,19.70755202058861,15.037853783670624,31.47487011467148,19,0.26,0.9580420224685556,0.0,26,8,13,440.53956872702025,1950,100,3,4
-3.746539189383297,10.412302535383825,0.0,17,0.37,2.1527959547937274,0.0,37,8,25,388.795018762759,-4.089909636136746,10.33388867854714,0.0,17,0.26,1.908259036209143,0.0,26,8,25,352.3257850592676,4.458411525718285,18.400963204824595,1.0986122886681098,27,0.38,2.15694290937488,0.0,38,8,25,854.4255910983276,20.022300721735,14.951214042980151,31.474870114670964,20,0.25,0.9506720929293964,0.0,25,8,38,443.2782086242968,2000,100,3,4
-4.113705360680532,10.746214025837594,0.0,18,0.36,2.178547652442487,0.0,36,8,25,422.5290055302469,-4.448602828830108,10.65988852713964,-1.0986122886681098,18,0.25,2.259422768701085,0.0,25,8,25,385.9334501478265,4.121690578798161,18.744144245591,0.0,28,0.38,2.15694290937488,0.0,38,8,25,884.7543608568822,20.038395100859,14.930504085140102,31.47487011467041,20,0.24,0.9506720929293964,0.0,24,8,13,440.5395687270056,2050,100,3,4
-4.1221783392843365,10.73640369469967,0.0,18,0.38,1.9072315245979987,0.0,38,8,25,419.5489697487842,-4.539938501961744,10.625673630733148,-2.19722457733622,18,0.24,1.9007101616210853,-3.044522437723423,26,8,25,379.92180187957337,4.72074275671426,19.12502346031925,1.0986122886681098,29,0.37,1.3229349239878838,0.0,37,8,25,924.044681806021,19.72364639971196,15.0176006294704,31.47487011466985,19,0.25,0.9580420224685556,0.0,25,8,38,443.2782086242816,2100,100,3,4
-3.755012167986974,10.402476362724036,0.0,17,0.39,2.130998777696401,0.0,39,8,25,385.8027942021527,-4.181245309268252,10.301771444019565,-1.0986122886681098,17,0.25,2.2394227687016603,-3.044522437723423,26,8,25,346.34209563428783,5.057463703634255,18.778061638260763,2.19722457733622,28,0.37,1.9030845704035448,0.0,37,8,25,893.9780572945783,19.707552020587286,15.037853783669584,31.474870114669336,19,0.26,0.9580420224685556,0.0,26,8,13,440.5395687269902,2150,100,3,4
-3.74653918938304,10.412302535383144,0.0,17,0.37,2.1527959547937274,0.0,37,8,25,388.79501876273343,-4.089909636136488,10.333888678546458,0.0,17,0.26,1.908259036209143,0.0,26,8,25,352.3257850592418,4.458411525718027,18.40096320482334,1.0986122886681098,27,0.38,2.15694290937488,0.0,38,8,25,854.4255910982702,20.022300721733647,14.95121404297912,31.474870114668825,20,0.25,0.9506720929293964,0.0,25,8,38,443.27820862426574,2200,100,3,4
-4.113705360680254,10.746214025836888,0.0,18,0.36,2.178547652442487,0.0,36,8,25,422.5290055302192,-4.448602828829831,10.659888527138936,-1.0986122886681098,18,0.25,2.259422768701085,0.0,25,8,25,385.9334501477986,4.121690578797924,18.744144245589723,0.0,28,0.38,2.15694290937488,0.0,38,8,25,884.7543608568225,20.03839510085765,14.93050408513907,31.474870114668267,20,0.24,0.9506720929293964,0.0,24,8,13,440.5395687269754,2250,100,3,4
-4.1221783392840585,10.73640369469896,0.0,18,0.38,1.9072315245979987,0.0,38,8,25,419.54896974875646,-4.5399385019614655,10.62567363073244,-2.19722457733622,18,0.24,1.9007101616210853,-3.044522437723423,26,8,25,379.9218018795455,4.720742756713982,19.125023460317948,1.0986122886681098,29,0.37,1.3229349239878838,0.0,37,8,25,924.0446818059586,19.72364639971063,15.01760062946936,31.47487011466771,19,0.25,0.9580420224685556,0.0,25,8,38,443.2782086242505,2300,100,3,4
-3.755012167986716,10.40247636272335,0.0,17,0.39,2.130998777696401,0.0,39,8,25,385.80279420212696,-4.181245309267995,10.30177144401888,-1.0986122886681098,17,0.25,2.2394227687016603,-3.044522437723423,26,8,25,346.34209563426214,5.057463703633954,18.77806163825948,2.19722457733622,28,0.37,1.9030845704035448,0.0,37,8,25,893.9780572945181,19.70755202058596,15.037853783668544,31.4748701146672,19,0.26,0.9580420224685556,0.0,26,8,13,440.53956872696,2350,100,3,4
-3.746539189382783,10.412302535382455,0.0,17,0.37,2.1527959547937274,0.0,37,8,25,388.7950187627077,-4.089909636136231,10.333888678545776,0.0,17,0.26,1.908259036209143,0.0,26,8,25,352.3257850592163,4.4584115257177706,18.400963204822084,1.0986122886681098,27,0.38,2.15694290937488,0.0,38,8,25,854.4255910982125,20.022300721732297,14.951214042978084,31.47487011466668,20,0.25,0.9506720929293964,0.0,25,8,38,443.2782086242348,2400,100,3,4
-4.113705360679975,10.746214025836178,0.0,18,0.36,2.178547652442487,0.0,36,8,25,422.52900553019134,-4.448602828829551,10.659888527138229,-1.0986122886681098,18,0.25,2.259422768701085,0.0,25,8,25,385.9334501477709,4.121690578797688,18.744144245588444,0.0,28,0.38,2.15694290937488,0.0,38,8,25,884.7543608567632,20.038395100856302,14.930504085138036,31.474870114666125,20,0.24,0.9506720929293964,0.0,24,8,13,440.5395687269453,2450,100,3,4
-4.1221783392837805,10.736403694698252,0.0,18,0.38,1.9072315245979987,0.0,38,8,25,419.5489697487286,-4.539938501961188,10.625673630731734,-2.19722457733622,18,0.24,1.9007101616210853,-3.044522437723423,26,8,25,379.9218018795176,4.720742756713703,19.12502346031664,1.0986122886681098,29,0.37,1.3229349239878838,0.0,37,8,25,924.0446818058964,19.7236463997093,15.01760062946832,31.47487011466557,19,0.25,0.9580420224685556,0.0,25,8,38,443.2782086242197,2500,100,3,4
-3.75501216798646,10.402476362722666,0.0,17,0.39,2.130998777696401,0.0,39,8,25,385.8027942021014,-4.181245309267738,10.301771444018202,-1.0986122886681098,17,0.25,2.2394227687016603,-3.044522437723423,26,8,25,346.3420956342365,5.057463703633656,18.7780616382582,2.19722457733622,28,0.37,1.9030845704035448,0.0,37,8,25,893.9780572944577,19.70755202058463,15.037853783667508,31.47487011466505,19,0.26,0.9580420224685556,0.0,26,8,13,440.5395687269299,2550,100,3,4
-3.746539189382527,10.412302535381771,0.0,17,0.37,2.1527959547937274,0.0,37,8,25,388.795018762682,-4.089909636135976,10.333888678545096,0.0,17,0.26,1.908259036209143,0.0,26,8,25,352.32578505919054,4.458411525717514,18.40096320482083,1.0986122886681098,27,0.38,2.15694290937488,0.0,38,8,25,854.4255910981552,20.02230072173095,14.951214042977051,31.47487011466454,20,0.25,0.9506720929293964,0.0,25,8,38,443.2782086242038,2600,100,3,4
-4.113705360679697,10.746214025835467,0.0,18,0.36,2.178547652442487,0.0,36,8,25,422.5290055301634,-4.448602828829273,10.659888527137523,-1.0986122886681098,18,0.25,2.259422768701085,0.0,25,8,25,385.9334501477429,4.121690578797454,18.74414424558716,0.0,28,0.38,2.15694290937488,0.0,38,8,25,884.7543608567038,20.038395100854952,14.930504085137002,31.474870114663982,20,0.24,0.9506720929293964,0.0,24,8,13,440.5395687269152,2650,100,3,4
-4.122178339283502,10.73640369469754,0.0,18,0.38,1.9072315245979987,0.0,38,8,25,419.5489697487008,-4.539938501960909,10.625673630731027,-2.19722457733622,18,0.24,1.9007101616210853,-3.044522437723423,26,8,25,379.92180187948986,4.720742756713424,19.12502346031534,1.0986122886681098,29,0.37,1.3229349239878838,0.0,37,8,25,924.0446818058344,19.72364639970797,15.017600629467283,31.474870114663428,19,0.25,0.9580420224685556,0.0,25,8,38,443.2782086241886,2700,100,3,4
-3.755012167986203,10.40247636272198,0.0,17,0.39,2.130998777696401,0.0,39,8,25,385.8027942020756,-4.1812453092674815,10.301771444017522,-1.0986122886681098,17,0.25,2.2394227687016603,-3.044522437723423,26,8,25,346.34209563421075,5.057463703633356,18.77806163825691,2.19722457733622,28,0.37,1.9030845704035448,0.0,37,8,25,893.9780572943974,19.707552020583304,15.03785378366647,31.47487011466292,19,0.26,0.9580420224685556,0.0,26,8,13,440.5395687268997,2750,100,3,4
-3.746539189382269,10.412302535381087,0.0,17,0.37,2.1527959547937274,0.0,37,8,25,388.7950187626564,-4.089909636135718,10.333888678544415,0.0,17,0.26,1.908259036209143,0.0,26,8,25,352.3257850591648,4.458411525717256,18.40096320481957,1.0986122886681098,27,0.38,2.15694290937488,0.0,38,8,25,854.4255910980977,20.022300721729604,14.95121404297602,31.4748701146624,20,0.25,0.9506720929293964,0.0,25,8,38,443.2782086241728,2800,100,3,4
-4.113705360679419,10.74621402583476,0.0,18,0.36,2.178547652442487,0.0,36,8,25,422.5290055301358,-4.448602828828995,10.659888527136816,-1.0986122886681098,18,0.25,2.259422768701085,0.0,25,8,25,385.9334501477152,4.121690578797217,18.744144245585883,0.0,28,0.38,2.15694290937488,0.0,38,8,25,884.7543608566444,20.03839510085361,14.930504085135968,31.474870114661844,20,0.24,0.9506720929293964,0.0,24,8,13,440.539568726885,2850,100,3,4
-4.1221783392832245,10.736403694696833,0.0,18,0.38,1.9072315245979987,0.0,38,8,25,419.5489697486731,-4.539938501960631,10.625673630730326,-2.19722457733622,18,0.24,1.9007101616210853,-3.044522437723423,26,8,25,379.921801879462,4.720742756713147,19.12502346031403,1.0986122886681098,29,0.37,1.3229349239878838,0.0,37,8,25,924.044681805772,19.723646399706645,15.017600629466248,31.47487011466129,19,0.25,0.9580420224685556,0.0,25,8,38,443.2782086241576,2900,100,3,4
-3.7550121679859454,10.402476362721297,0.0,17,0.39,2.130998777696401,0.0,39,8,25,385.80279420205,-4.181245309267224,10.30177144401684,-1.0986122886681098,17,0.25,2.2394227687016603,-3.044522437723423,26,8,25,346.3420956341852,5.057463703633056,18.77806163825563,2.19722457733622,28,0.37,1.9030845704035448,0.0,37,8,25,893.978057294337,19.70755202058198,15.037853783665428,31.47487011466077,19,0.26,0.9580420224685556,0.0,26,8,13,440.5395687268696,2950,100,3,4
-3.746539189382012,10.412302535380404,0.0,17,0.37,2.1527959547937274,0.0,37,8,25,388.7950187626307,-4.08990963613546,10.333888678543737,0.0,17,0.26,1.908259036209143,0.0,26,8,25,352.32578505913915,4.458411525717,18.400963204818314,1.0986122886681098,27,0.38,2.15694290937488,0.0,38,8,25,854.4255910980403,20.02230072172825,14.951214042974986,31.47487011466026,20,0.25,0.9506720929293964,0.0,25,8,38,443.27820862414177,3000,100,3,4
-4.113705360679139,10.746214025834051,0.0,18,0.36,2.178547652442487,0.0,36,8,25,422.5290055301079,-4.448602828828716,10.65988852713611,-1.0986122886681098,18,0.25,2.259422768701085,0.0,25,8,25,385.9334501476874,4.121690578796982,18.744144245584604,0.0,28,0.38,2.15694290937488,0.0,38,8,25,884.7543608565851,20.03839510085225,14.930504085134936,31.4748701146597,20,0.24,0.9506720929293964,0.0,24,8,13,440.5395687268549,3050,100,3,4
-4.122178339282945,10.736403694696124,0.0,18,0.38,1.9072315245979987,0.0,38,8,25,419.5489697486451,-4.539938501960353,10.625673630729615,-2.19722457733622,18,0.24,1.9007101616210853,-3.044522437723423,26,8,25,379.92180187943416,4.720742756712868,19.125023460312725,1.0986122886681098,29,0.37,1.3229349239878838,0.0,37,8,25,924.0446818057096,19.72364639970532,15.017600629465203,31.474870114659147,19,0.25,0.9580420224685556,0.0,25,8,38,443.2782086241265,3100,100,3,4
-3.755012167985689,10.402476362720613,0.0,17,0.39,2.130998777696401,0.0,39,8,25,385.8027942020242,-4.181245309266967,10.30177144401616,-1.0986122886681098,17,0.25,2.2394227687016603,-3.044522437723423,26,8,25,346.3420956341595,5.057463703632757,18.77806163825435,2.19722457733622,28,0.37,1.9030845704035448,0.0,37,8,25,893.9780572942766,19.70755202058065,15.037853783664392,31.474870114658632,19,0.26,0.9580420224685556,0.0,26,8,13,440.5395687268396,3150,100,3,4
-3.746539189381756,10.41230253537972,0.0,17,0.37,2.1527959547937274,0.0,37,8,25,388.79501876260497,-4.0899096361352045,10.333888678543056,0.0,17,0.26,1.908259036209143,0.0,26,8,25,352.32578505911346,4.458411525716743,18.400963204817057,1.0986122886681098,27,0.38,2.15694290937488,0.0,38,8,25,854.4255910979829,20.022300721726904,14.951214042973952,31.47487011465812,20,0.25,0.9506720929293964,0.0,25,8,38,443.2782086241108,3200,100,3,4
-4.113705360678861,10.746214025833345,0.0,18,0.36,2.178547652442487,0.0,36,8,25,422.52900553008,-4.448602828828438,10.659888527135404,-1.0986122886681098,18,0.25,2.259422768701085,0.0,25,8,25,385.9334501476595,4.121690578796748,18.744144245583325,0.0,28,0.38,2.15694290937488,0.0,38,8,25,884.7543608565256,20.03839510085091,14.930504085133904,31.474870114657563,20,0.24,0.9506720929293964,0.0,24,8,13,440.5395687268247,3250,100,3,4
-4.122178339282667,10.736403694695412,0.0,18,0.38,1.9072315245979987,0.0,38,8,25,419.54896974861737,-4.539938501960074,10.625673630728912,-2.19722457733622,18,0.24,1.9007101616210853,-3.044522437723423,26,8,25,379.9218018794063,4.720742756712589,19.12502346031142,1.0986122886681098,29,0.37,1.3229349239878838,0.0,37,8,25,924.0446818056472,19.72364639970399,15.017600629464166,31.474870114657005,19,0.25,0.9580420224685556,0.0,25,8,38,443.2782086240955,3300,100,3,4
-3.755012167985433,10.402476362719923,0.0,17,0.39,2.130998777696401,0.0,39,8,25,385.8027942019986,-4.181245309266711,10.301771444015476,-1.0986122886681098,17,0.25,2.2394227687016603,-3.044522437723423,26,8,25,346.3420956341338,5.057463703632457,18.778061638253064,2.19722457733622,28,0.37,1.9030845704035448,0.0,37,8,25,893.9780572942162,19.70755202057932,15.03785378366335,31.47487011465649,19,0.26,0.9580420224685556,0.0,26,8,13,440.53956872680936,3350,100,3,4
-3.7465391893814974,10.412302535379036,0.0,17,0.37,2.1527959547937274,0.0,37,8,25,388.7950187625793,-4.089909636134947,10.333888678542372,0.0,17,0.26,1.908259036209143,0.0,26,8,25,352.3257850590877,4.458411525716486,18.40096320481581,1.0986122886681098,27,0.38,2.15694290937488,0.0,38,8,25,854.4255910979253,20.02230072172556,14.95121404297292,31.47487011465597,20,0.25,0.9506720929293964,0.0,25,8,38,443.27820862407975,3400,100,3,4
-4.113705360678583,10.746214025832634,0.0,18,0.36,2.178547652442487,0.0,36,8,25,422.5290055300522,-4.44860282882816,10.6598885271347,-1.0986122886681098,18,0.25,2.259422768701085,0.0,25,8,25,385.9334501476317,4.121690578796511,18.74414424558205,0.0,28,0.38,2.15694290937488,0.0,38,8,25,884.7543608564663,20.038395100849563,14.93050408513287,31.47487011465542,20,0.24,0.9506720929293964,0.0,24,8,13,440.5395687267946,3450,100,3,4
-4.122178339282389,10.736403694694705,0.0,18,0.38,1.9072315245979987,0.0,38,8,25,419.5489697485895,-4.539938501959796,10.625673630728206,-2.19722457733622,18,0.24,1.9007101616210853,-3.044522437723423,26,8,25,379.9218018793785,4.720742756712311,19.12502346031012,1.0986122886681098,29,0.37,1.3229349239878838,0.0,37,8,25,924.044681805585,19.723646399702663,15.017600629463129,31.474870114654863,19,0.25,0.9580420224685556,0.0,25,8,38,443.2782086240646,3500,100,3,4
-3.755012167985175,10.40247636271924,0.0,17,0.39,2.130998777696401,0.0,39,8,25,385.8027942019729,-4.181245309266453,10.301771444014795,-1.0986122886681098,17,0.25,2.2394227687016603,-3.044522437723423,26,8,25,346.3420956341081,5.057463703632156,18.77806163825178,2.19722457733622,28,0.37,1.9030845704035448,0.0,37,8,25,893.978057294156,19.707552020577992,15.037853783662314,31.47487011465435,19,0.26,0.9580420224685556,0.0,26,8,13,440.5395687267793,3550,100,3,4
-3.7465391893812416,10.412302535378352,0.0,17,0.37,2.1527959547937274,0.0,37,8,25,388.7950187625536,-4.089909636134689,10.333888678541694,0.0,17,0.26,1.908259036209143,0.0,26,8,25,352.3257850590621,4.458411525716229,18.400963204814545,1.0986122886681098,27,0.38,2.15694290937488,0.0,38,8,25,854.4255910978678,20.0223007217242,14.951214042971886,31.47487011465384,20,0.25,0.9506720929293964,0.0,25,8,38,443.2782086240487,3600,100,3,4
-4.1137053606783045,10.746214025831923,0.0,18,0.36,2.178547652442487,0.0,36,8,25,422.52900553002434,-4.448602828827881,10.659888527133994,-1.0986122886681098,18,0.25,2.259422768701085,0.0,25,8,25,385.9334501476038,4.121690578796275,18.74414424558077,0.0,28,0.38,2.15694290937488,0.0,38,8,25,884.7543608564068,20.03839510084821,14.930504085131837,31.47487011465328,20,0.24,0.9506720929293964,0.0,24,8,13,440.5395687267645,3650,100,3,4
-4.12217833928211,10.736403694693996,0.0,18,0.38,1.9072315245979987,0.0,38,8,25,419.5489697485617,-4.539938501959517,10.6256736307275,-2.19722457733622,18,0.24,1.9007101616210853,-3.044522437723423,26,8,25,379.9218018793506,4.720742756712033,19.12502346030881,1.0986122886681098,29,0.37,1.3229349239878838,0.0,37,8,25,924.044681805523,19.723646399701337,15.017600629462091,31.474870114652724,19,0.25,0.9580420224685556,0.0,25,8,38,443.2782086240336,3700,100,3,4
-3.755012167984918,10.402476362718556,0.0,17,0.39,2.130998777696401,0.0,39,8,25,385.8027942019472,-4.181245309266197,10.301771444014117,-1.0986122886681098,17,0.25,2.2394227687016603,-3.044522437723423,26,8,25,346.34209563408234,5.057463703631857,18.77806163825049,2.19722457733622,28,0.37,1.9030845704035448,0.0,37,8,25,893.9780572940957,19.707552020576667,15.037853783661276,31.47487011465221,19,0.26,0.9580420224685556,0.0,26,8,13,440.53956872674905,3750,100,3,4
-3.746539189380985,10.412302535377668,0.0,17,0.37,2.1527959547937274,0.0,37,8,25,388.7950187625279,-4.089909636134434,10.333888678541012,0.0,17,0.26,1.908259036209143,0.0,26,8,25,352.32578505903643,4.458411525715972,18.40096320481329,1.0986122886681098,27,0.38,2.15694290937488,0.0,38,8,25,854.4255910978104,20.022300721722857,14.951214042970854,31.474870114651694,20,0.25,0.9506720929293964,0.0,25,8,38,443.2782086240177,3800,100,3,4
-4.1137053606780265,10.746214025831216,0.0,18,0.36,2.178547652442487,0.0,36,8,25,422.5290055299966,-4.448602828827603,10.659888527133289,-1.0986122886681098,18,0.25,2.259422768701085,0.0,25,8,25,385.933450147576,4.1216905787960405,18.74414424557949,0.0,28,0.38,2.15694290937488,0.0,38,8,25,884.7543608563473,20.038395100846863,14.930504085130805,31.47487011465114,20,0.24,0.9506720929293964,0.0,24,8,13,440.53956872673433,3850,100,3,4
-4.122178339281832,10.736403694693289,0.0,18,0.38,1.9072315245979987,0.0,38,8,25,419.54896974853386,-4.539938501959239,10.625673630726796,-2.19722457733622,18,0.24,1.9007101616210853,-3.044522437723423,26,8,25,379.92180187932286,4.720742756711754,19.125023460307503,1.0986122886681098,29,0.37,1.3229349239878838,0.0,37,8,25,924.0446818054608,19.723646399700005,15.017600629461052,31.47487011465058,19,0.25,0.9580420224685556,0.0,25,8,38,443.27820862400256,3900,100,3,4
-3.7550121679846615,10.402476362717872,0.0,17,0.39,2.130998777696401,0.0,39,8,25,385.80279420192153,-4.18124530926594,10.301771444013434,-1.0986122886681098,17,0.25,2.2394227687016603,-3.044522437723423,26,8,25,346.3420956340567,5.057463703631558,18.778061638249216,2.19722457733622,28,0.37,1.9030845704035448,0.0,37,8,25,893.9780572940354,19.70755202057534,15.037853783660236,31.474870114650063,19,0.26,0.9580420224685556,0.0,26,8,13,440.539568726719,3950,100,3,4
-3.746539189380728,10.412302535376984,0.0,17,0.37,2.1527959547937274,0.0,37,8,25,388.7950187625023,-4.089909636134176,10.33388867854033,0.0,17,0.26,1.908259036209143,0.0,26,8,25,352.32578505901074,4.458411525715715,18.40096320481204,1.0986122886681098,27,0.38,2.15694290937488,0.0,38,8,25,854.425591097753,20.022300721721507,14.951214042969818,31.474870114649555,20,0.25,0.9506720929293964,0.0,25,8,38,443.2782086239868,4000,100,3,4
-4.1137053606777485,10.746214025830508,0.0,18,0.36,2.178547652442487,0.0,36,8,25,422.5290055299688,-4.448602828827325,10.659888527132582,-1.0986122886681098,18,0.25,2.259422768701085,0.0,25,8,25,385.9334501475482,4.121690578795804,18.74414424557821,0.0,28,0.38,2.15694290937488,0.0,38,8,25,884.7543608562883,20.03839510084552,14.93050408512977,31.474870114649,20,0.24,0.9506720929293964,0.0,24,8,13,440.5395687267042,4050,100,3,4
-4.122178339281554,10.736403694692576,0.0,18,0.38,1.9072315245979987,0.0,38,8,25,419.54896974850607,-4.53993850195896,10.62567363072609,-2.19722457733622,18,0.24,1.9007101616210853,-3.044522437723423,26,8,25,379.92180187929495,4.720742756711477,19.125023460306195,1.0986122886681098,29,0.37,1.3229349239878838,0.0,37,8,25,924.0446818053986,19.72364639969868,15.017600629460013,31.47487011464844,19,0.25,0.9580420224685556,0.0,25,8,38,443.27820862397147,4100,100,3,4
-3.755012167984404,10.402476362717188,0.0,17,0.39,2.130998777696401,0.0,39,8,25,385.80279420189584,-4.181245309265682,10.301771444012756,-1.0986122886681098,17,0.25,2.2394227687016603,-3.044522437723423,26,8,25,346.342095634031,5.0574637036312575,18.77806163824793,2.19722457733622,28,0.37,1.9030845704035448,0.0,37,8,25,893.9780572939751,19.707552020574013,15.037853783659198,31.474870114647928,19,0.26,0.9580420224685556,0.0,26,8,13,440.5395687266888,4150,100,3,4
-3.746539189380471,10.4123025353763,0.0,17,0.37,2.1527959547937274,0.0,37,8,25,388.7950187624765,-4.089909636133919,10.33388867853965,0.0,17,0.26,1.908259036209143,0.0,26,8,25,352.325785058985,4.458411525715459,18.40096320481077,1.0986122886681098,27,0.38,2.15694290937488,0.0,38,8,25,854.4255910976956,20.02230072172016,14.951214042968786,31.474870114647413,20,0.25,0.9506720929293964,0.0,25,8,38,443.2782086239557,4200,100,3,4
-4.11370536067747,10.7462140258298,0.0,18,0.36,2.178547652442487,0.0,36,8,25,422.5290055299408,-4.448602828827046,10.659888527131878,-1.0986122886681098,18,0.25,2.259422768701085,0.0,25,8,25,385.9334501475204,4.121690578795569,18.744144245576937,0.0,28,0.38,2.15694290937488,0.0,38,8,25,884.7543608562288,20.038395100844163,14.93050408512874,31.47487011464685,20,0.24,0.9506720929293964,0.0,24,8,13,440.5395687266741,4250,100,3,4
-4.122178339281275,10.73640369469187,0.0,18,0.38,1.9072315245979987,0.0,38,8,25,419.5489697484783,-4.539938501958682,10.625673630725382,-2.19722457733622,18,0.24,1.9007101616210853,-3.044522437723423,26,8,25,379.9218018792672,4.720742756711198,19.12502346030489,1.0986122886681098,29,0.37,1.3229349239878838,0.0,37,8,25,924.0446818053364,19.72364639969736,15.017600629458972,31.4748701146463,19,0.25,0.9580420224685556,0.0,25,8,38,443.2782086239405,4300,100,3,4
-3.755012167984148,10.402476362716502,0.0,17,0.39,2.130998777696401,0.0,39,8,25,385.8027942018703,-4.181245309265426,10.301771444012076,-1.0986122886681098,17,0.25,2.2394227687016603,-3.044522437723423,26,8,25,346.34209563400543,5.057463703630958,18.778061638246648,2.19722457733622,28,0.37,1.9030845704035448,0.0,37,8,25,893.9780572939146,19.707552020572685,15.03785378365816,31.474870114645785,19,0.26,0.9580420224685556,0.0,26,8,13,440.5395687266587,4350,100,3,4
-3.746539189380216,10.412302535375613,0.0,17,0.37,2.1527959547937274,0.0,37,8,25,388.79501876245087,-4.089909636133664,10.333888678538967,0.0,17,0.26,1.908259036209143,0.0,26,8,25,352.3257850589593,4.458411525715201,18.40096320480952,1.0986122886681098,27,0.38,2.15694290937488,0.0,38,8,25,854.4255910976381,20.02230072171881,14.951214042967754,31.47487011464527,20,0.25,0.9506720929293964,0.0,25,8,38,443.27820862392457,4400,100,3,4
-4.113705360677192,10.74621402582909,0.0,18,0.36,2.178547652442487,0.0,36,8,25,422.529005529913,-4.448602828826768,10.659888527131171,-1.0986122886681098,18,0.25,2.259422768701085,0.0,25,8,25,385.9334501474926,4.121690578795334,18.74414424557565,0.0,28,0.38,2.15694290937488,0.0,38,8,25,884.7543608561692,20.038395100842813,14.930504085127705,31.47487011464472,20,0.24,0.9506720929293964,0.0,24,8,13,440.5395687266439,4450,100,3,4
-4.122178339280996,10.73640369469116,0.0,18,0.38,1.9072315245979987,0.0,38,8,25,419.5489697484505,-4.539938501958404,10.62567363072468,-2.19722457733622,18,0.24,1.9007101616210853,-3.044522437723423,26,8,25,379.9218018792394,4.720742756710919,19.125023460303588,1.0986122886681098,29,0.37,1.3229349239878838,0.0,37,8,25,924.044681805274,19.723646399696023,15.017600629457936,31.47487011464416,19,0.25,0.9580420224685556,0.0,25,8,38,443.2782086239094,4500,100,3,4
-3.7550121679838906,10.402476362715817,0.0,17,0.39,2.130998777696401,0.0,39,8,25,385.8027942018445,-4.181245309265169,10.301771444011392,-1.0986122886681098,17,0.25,2.2394227687016603,-3.044522437723423,26,8,25,346.3420956339797,5.057463703630658,18.77806163824537,2.19722457733622,28,0.37,1.9030845704035448,0.0,37,8,25,893.9780572938542,19.70755202057136,15.037853783657116,31.474870114643643,19,0.26,0.9580420224685556,0.0,26,8,13,440.5395687266286,4550,100,3,4
-3.746539189379957,10.41230253537493,0.0,17,0.37,2.1527959547937274,0.0,37,8,25,388.7950187624252,-4.089909636133405,10.33388867853829,0.0,17,0.26,1.908259036209143,0.0,26,8,25,352.32578505893366,4.458411525714944,18.400963204808264,1.0986122886681098,27,0.38,2.15694290937488,0.0,38,8,25,854.4255910975807,20.02230072171746,14.95121404296672,31.47487011464313,20,0.25,0.9506720929293964,0.0,25,8,38,443.2782086238936,4600,100,3,4
-4.113705360676914,10.746214025828383,0.0,18,0.36,2.178547652442487,0.0,36,8,25,422.5290055298852,-4.44860282882649,10.659888527130466,-1.0986122886681098,18,0.25,2.259422768701085,0.0,25,8,25,385.9334501474648,4.121690578795098,18.74414424557438,0.0,28,0.38,2.15694290937488,0.0,38,8,25,884.75436085611,20.038395100841463,14.930504085126673,31.47487011464257,20,0.24,0.9506720929293964,0.0,24,8,13,440.5395687266138,4650,100,3,4
-4.122178339280719,10.736403694690452,0.0,18,0.38,1.9072315245979987,0.0,38,8,25,419.5489697484226,-4.539938501958126,10.625673630723972,-2.19722457733622,18,0.24,1.9007101616210853,-3.044522437723423,26,8,25,379.9218018792115,4.720742756710641,19.12502346030228,1.0986122886681098,29,0.37,1.3229349239878838,0.0,37,8,25,924.0446818052118,19.7236463996947,15.017600629456895,31.474870114642016,19,0.25,0.9580420224685556,0.0,25,8,38,443.2782086238784,4700,100,3,4
-3.755012167983633,10.402476362715133,0.0,17,0.39,2.130998777696401,0.0,39,8,25,385.8027942018188,-4.181245309264912,10.301771444010711,-1.0986122886681098,17,0.25,2.2394227687016603,-3.044522437723423,26,8,25,346.34209563395405,5.057463703630358,18.77806163824408,2.19722457733622,28,0.37,1.9030845704035448,0.0,37,8,25,893.978057293794,19.707552020570027,15.03785378365608,31.474870114641504,19,0.26,0.9580420224685556,0.0,26,8,13,440.5395687265984,4750,100,3,4
-3.7465391893797,10.412302535374248,0.0,17,0.37,2.1527959547937274,0.0,37,8,25,388.79501876239954,-4.089909636133148,10.333888678537608,0.0,17,0.26,1.908259036209143,0.0,26,8,25,352.325785058908,4.458411525714688,18.40096320480701,1.0986122886681098,27,0.38,2.15694290937488,0.0,38,8,25,854.4255910975234,20.02230072171611,14.951214042965686,31.47487011464099,20,0.25,0.9506720929293964,0.0,25,8,38,443.2782086238626,4800,100,3,4
-4.113705360676635,10.746214025827674,0.0,18,0.36,2.178547652442487,0.0,36,8,25,422.52900552985744,-4.448602828826211,10.65988852712976,-1.0986122886681098,18,0.25,2.259422768701085,0.0,25,8,25,385.933450147437,4.121690578794862,18.744144245573096,0.0,28,0.38,2.15694290937488,0.0,38,8,25,884.7543608560504,20.03839510084012,14.930504085125635,31.47487011464043,20,0.24,0.9506720929293964,0.0,24,8,13,440.53956872658375,4850,100,3,4
-4.12217833928044,10.73640369468974,0.0,18,0.38,1.9072315245979987,0.0,38,8,25,419.5489697483948,-4.539938501957847,10.625673630723266,-2.19722457733622,18,0.24,1.9007101616210853,-3.044522437723423,26,8,25,379.92180187918376,4.720742756710362,19.125023460300977,1.0986122886681098,29,0.37,1.3229349239878838,0.0,37,8,25,924.0446818051496,19.72364639969337,15.017600629455858,31.47487011463988,19,0.25,0.9580420224685556,0.0,25,8,38,443.2782086238474,4900,100,3,4
-3.0897406087364323,10.616100999240995,0.0,21,0.36,2.474491692791537,0.0,36,8,37,309.39570997507684,-3.023718990475224,11.14751358438505,0.0,22,0.22,2.267655258505447,-3.044522437723423,22,8,12,364.4615090771385,4.070467708442983,17.67545581660143,0.8047189562170501,30,0.35,2.369250326189609,0.0,35,8,25,765.6461113185786,16.79608534850038,16.229021982947824,31.47487011463932,22,0.27,1.291349296075208,0.0,27,8,37,441.5854318389559,4950,100,3,4
-1.08356638866834,12.667353227741565,0.0,25,0.31,2.6315889560448,0.0,31,8,40,375.4820838633296,0.9837860905674384,14.866904166908927,0.8047189562170501,31,0.15,2.225035197438285,-2.19722457733622,16,10,10,447.10990570026667,-0.2658637864279699,13.469733274604184,0.0,22,0.27,2.1260052992578844,0.0,27,8,25,282.8708526267898,5.135867814973527,16.200595519849532,0.0,21,0.39,2.268709386556297,0.0,39,5,1,689.0876049759418,5000,100,3,4
0.2353640263794159,14.176870938063232,0.0,26,0.3,2.646439345755622,0.0,30,10,50,633.9235760311788,3.750902158292636,16.936428858058402,2.381086967398878,35,0.1,2.12192809586896,-2.19722457733622,20,10,10,764.4724451848488,-3.0076741295922056,9.692286110779431,0.0,16,0.2,2.1219280954379376,-2.19722457733622,20,10,40,361.6461857901985,-3.6128830464846646,9.38963901657071,0.0,15,0.5,1.960964048666856,0.0,50,10,40,356.86594214319894,5050,100,3,4
0.2353640263794159,14.176870938061713,0.0,26,0.3,2.646439345755622,0.0,30,10,50,633.9235760311101,3.750902158292294,16.93642885805657,2.381086967398878,35,0.1,2.12192809586896,-2.19722457733622,20,10,10,764.472445184759,-3.007674129591864,9.692286110778424,0.0,16,0.2,2.1219280954379376,-2.19722457733622,20,10,40,361.6461857901646,-3.612883046484322,9.389639016569692,0.0,15,0.5,1.960964048666856,0.0,50,10,40,356.865942143165,5100,100,3,4
0.2353640263794156,14.17687093806019,0.0,26,0.3,2.646439345755622,0.0,30,10,50,633.9235760310416,3.750902158291951,16.936428858054736,2.381086967398878,35,0.1,2.12192809586896,-2.19722457733622,20,10,10,764.4724451846696,-3.007674129591521,9.692286110777417,0.0,16,0.2,2.1219280954379376,-2.19722457733622,20,10,40,361.64618579013074,-3.61288304648398,9.389639016568676,0.0,15,0.5,1.960964048666856,0.0,50,10,40,356.8659421431309,5150,100,3,4
0.2353640263794159,14.176870938058668,0.0,26,0.3,2.646439345755622,0.0,30,10,50,633.9235760309732,3.7509021582916087,16.9364288580529,2.381086967398878,35,0.1,2.12192809586896,-2.19722457733622,20,10,10,764.47244518458,-3.007674129591178,9.692286110776411,0.0,16,0.2,2.1219280954379376,-2.19722457733622,20,10,40,361.6461857900969,-3.612883046483637,9.38963901656766,0.0,15,0.5,1.960964048666856,0.0,50,10,40,356.8659421430971,5200,100,3,4
0.235364026379416,14.176870938057148,0.0,26,0.3,2.646439345755622,0.0,30,10,50,633.9235760309045,3.7509021582912654,16.936428858051066,2.381086967398878,35,0.1,2.12192809586896,-2.19722457733622,20,10,10,764.4724451844904,-3.007674129590835,9.692286110775406,0.0,16,0.2,2.1219280954379376,-2.19722457733622,20,10,40,361.6461857900632,-3.612883046483294,9.389639016566642,0.0,15,0.5,1.960964048666856,0.0,50,10,40,356.8659421430632,5250,100,3,4
0.2353640263794159,14.176870938055629,0.0,26,0.3,2.646439345755622,0.0,30,10,50,633.9235760308361,3.750902158290923,16.93642885804923,2.381086967398878,35,0.1,2.12192809586896,-2.19722457733622,20,10,10,764.4724451844008,-3.0076741295904923,9.6922861107744,0.0,16,0.2,2.1219280954379376,-2.19722457733622,20,10,40,361.6461857900293,-3.612883046482952,9.389639016565626,0.0,15,0.5,1.960964048666856,0.0,50,10,40,356.86594214302914,5300,100,3,4
0.2353640263794159,14.176870938054106,0.0,26,0.3,2.646439345755622,0.0,30,10,50,633.9235760307677,3.7509021582905806,16.936428858047396,2.381086967398878,35,0.1,2.12192809586896,-2.19722457733622,20,10,10,764.4724451843113,-3.0076741295901503,9.692286110773392,0.0,16,0.2,2.1219280954379376,-2.19722457733622,20,10,40,361.64618578999534,-3.6128830464826094,9.38963901656461,0.0,15,0.5,1.960964048666856,0.0,50,10,40,356.86594214299527,5350,100,3,4
0.2353640263794159,14.176870938052584,0.0,26,0.3,2.646439345755622,0.0,30,10,50,633.923576030699,3.750902158290238,16.936428858045563,2.381086967398878,35,0.1,2.12192809586896,-2.19722457733622,20,10,10,764.4724451842217,-3.007674129589808,9.692286110772386,0.0,16,0.2,2.1219280954379376,-2.19722457733622,20,10,40,361.6461857899615,-3.6128830464822665,9.389639016563594,0.0,15,0.5,1.960964048666856,0.0,50,10,40,356.8659421429612,5400,100,3,4
0.2353640263794159,14.176870938051064,0.0,26,0.3,2.646439345755622,0.0,30,10,50,633.9235760306306,3.750902158289896,16.936428858043733,2.381086967398878,35,0.1,2.12192809586896,-2.19722457733622,20,10,10,764.4724451841321,-3.007674129589465,9.69228611077138,0.0,16,0.2,2.1219280954379376,-2.19722457733622,20,10,40,361.6461857899277,-3.612883046481924,9.389639016562578,0.0,15,0.5,1.960964048666856,0.0,50,10,40,356.8659421429273,5450,100,3,4
0.2353640263794157,14.176870938049545,0.0,26,0.3,2.646439345755622,0.0,30,10,50,633.9235760305621,3.750902158289553,16.936428858041893,2.381086967398878,35,0.1,2.12192809586896,-2.19722457733622,20,10,10,764.4724451840426,-3.0076741295891223,9.692286110770375,0.0,16,0.2,2.1219280954379376,-2.19722457733622,20,10,40,361.6461857898938,-3.612883046481581,9.38963901656156,0.0,15,0.5,1.960964048666856,0.0,50,10,40,356.86594214289323,5500,100,3,4
0.2353640263794156,14.17687093804802,0.0,26,0.3,2.646439345755622,0.0,30,10,50,633.9235760304935,3.750902158289211,16.93642885804006,2.381086967398878,35,0.1,2.12192809586896,-2.19722457733622,20,10,10,764.4724451839529,-3.0076741295887803,9.69228611076937,0.0,16,0.2,2.1219280954379376,-2.19722457733622,20,10,40,361.64618578986006,-3.61288304648124,9.389639016560542,0.0,15,0.5,1.960964048666856,0.0,50,10,40,356.8659421428593,5550,100,3,4
0.2353640263794156,14.176870938046498,0.0,26,0.3,2.646439345755622,0.0,30,10,50,633.923576030425,3.750902158288868,16.936428858038227,2.381086967398878,35,0.1,2.12192809586896,-2.19722457733622,20,10,10,764.4724451838634,-3.007674129588437,9.692286110768364,0.0,16,0.2,2.1219280954379376,-2.19722457733622,20,10,40,361.6461857898262,-3.612883046480896,9.389639016559528,0.0,15,0.5,1.960964048666856,0.0,50,10,40,356.86594214282536,5600,100,3,4
0.2353640263794159,14.176870938044978,0.0,26,0.3,2.646439345755622,0.0,30,10,50,633.9235760303566,3.750902158288525,16.936428858036393,2.381086967398878,35,0.1,2.12192809586896,-2.19722457733622,20,10,10,764.4724451837739,-3.0076741295880947,9.692286110767355,0.0,16,0.2,2.1219280954379376,-2.19722457733622,20,10,40,361.6461857897924,-3.6128830464805537,9.38963901655851,0.0,15,0.5,1.960964048666856,0.0,50,10,40,356.8659421427914,5650,100,3,4
0.2353640263794157,14.176870938043455,0.0,26,0.3,2.646439345755622,0.0,30,10,50,633.923576030288,3.750902158288183,16.93642885803456,2.381086967398878,35,0.1,2.12192809586896,-2.19722457733622,20,10,10,764.4724451836844,-3.007674129587752,9.692286110766348,0.0,16,0.2,2.1219280954379376,-2.19722457733622,20,10,40,361.6461857897585,-3.612883046480211,9.389639016557492,0.0,15,0.5,1.960964048666856,0.0,50,10,40,356.8659421427575,5700,100,3,4
0.7263646602325302,16.12941148380492,0.0,36,0.25,2.460877288491759,0.0,25,3,50,571.9128457568088,3.93760489430442,17.76760505541937,2.381086967398878,45,0.08,2.31668513699968,-2.19722457733622,17,10,10,702.0713054695968,-3.665551042880181,13.003970131860015,0.0,29,0.18,2.261670427707904,0.0,18,10,40,350.098026216992,-5.174394431281395,11.189117017745705,0.0,25,0.41,2.384809050889935,0.0,41,3,40,329.7214885059088,5750,100,3,4
-1.6456011622901716,14.198822573362094,0.0,37,0.26,2.674966161601877,0.0,26,8,12,303.9341328911852,-2.592072473566644,14.087851831057494,-2.19722457733622,37,0.18,2.7195357151111987,-3.044522437723423,18,8,12,376.6261717260232,1.227109911052579,17.031612151919873,0.0,41,0.31,2.37263553817531,0.0,31,8,25,597.7933677669766,9.994481376619955,18.439987060979288,1.6094379124341005,39,0.21,1.7257747468287854,0.0,21,5,1,745.3952759443054,0,100,3,5
-4.112591568579214,10.743378188110317,0.0,18,0.36,2.178547652442487,0.0,36,8,25,422.41766418252814,-4.447489036728791,10.657064719096374,-1.0986122886681098,18,0.25,2.259422768701085,0.0,25,8,25,385.8220946992963,4.120748139327815,18.73902842977623,0.0,28,0.38,2.15694290937488,0.0,38,8,25,884.5167781199128,20.032997492983387,14.926369623311704,31.466302483121808,20,0.24,0.9506720929293964,0.0,24,8,13,440.4190022391758,50,100,3,5
-4.1210645471830185,10.73356614427329,0.0,18,0.38,1.9072315245979987,0.0,38,8,25,419.4376457941258,-4.5388247098604255,10.622850303978003,-2.19722457733622,18,0.24,1.9007101616210853,-3.044522437723423,26,8,25,379.810469503655,4.719628964612941,19.11979934064573,1.0986122886681098,29,0.37,1.3229349239878838,0.0,37,8,25,923.7956333370682,19.71833446815182,15.013444060843666,31.466302483121247,19,0.25,0.9580420224685556,0.0,25,8,38,443.1541125439488,100,100,3,5
-3.7539840522011407,10.399736716929684,0.0,17,0.39,2.130998777696401,0.0,39,8,25,385.700018343217,-4.180217193482419,10.299047559035836,-1.0986122886681098,17,0.25,2.2394227687016603,-3.044522437723423,26,8,25,346.23935891262227,5.056264235217451,18.772927646285176,2.19722457733622,28,0.37,1.9030845704035448,0.0,37,8,25,893.7366405675685,19.70224008902715,15.033697127997389,31.466302483120728,19,0.26,0.9580420224685556,0.0,26,8,13,440.4190022391603,150,100,3,5
-3.745511073597207,10.409564638848408,0.0,17,0.37,2.1527959547937274,0.0,37,8,25,388.69222879569867,-4.088881520350655,10.33116417214251,0.0,17,0.26,1.908259036209143,0.0,26,8,25,352.2230163133198,4.457383409932194,18.39593653216381,1.0986122886681098,27,0.38,2.15694290937488,0.0,38,8,25,854.1957012413956,20.016903113858017,14.947079497748645,31.46630248312021,20,0.25,0.9506720929293964,0.0,25,8,38,443.15411254393285,200,100,3,5
-4.112591568578933,10.743378188109595,0.0,18,0.36,2.178547652442487,0.0,36,8,25,422.4176641825,-4.44748903672851,10.65706471909566,-1.0986122886681098,18,0.25,2.259422768701085,0.0,25,8,25,385.8220946992682,4.120748139327577,18.739028429774937,0.0,28,0.38,2.15694290937488,0.0,38,8,25,884.5167781198529,20.032997492982023,14.92636962331066,31.466302483119648,20,0.24,0.9506720929293964,0.0,24,8,13,440.4190022391455,250,100,3,5
-4.121064547182738,10.733566144272574,0.0,18,0.38,1.9072315245979987,0.0,38,8,25,419.43764579409776,-4.538824709860145,10.622850303977296,-2.19722457733622,18,0.24,1.9007101616210853,-3.044522437723423,26,8,25,379.8104695036269,4.71962896461266,19.11979934064442,1.0986122886681098,29,0.37,1.3229349239878838,0.0,37,8,25,923.7956333370056,19.718334468150484,15.013444060842616,31.466302483119087,19,0.25,0.9580420224685556,0.0,25,8,38,443.1541125439175,300,100,3,5
-3.7539840522008814,10.399736716928992,0.0,17,0.39,2.130998777696401,0.0,39,8,25,385.7000183431911,-4.18021719348216,10.299047559035149,-1.0986122886681098,17,0.25,2.2394227687016603,-3.044522437723423,26,8,25,346.2393589125964,5.0562642352171485,18.77292764628388,2.19722457733622,28,0.37,1.9030845704035448,0.0,37,8,25,893.7366405675075,19.70224008902581,15.033697127996344,31.466302483118568,19,0.26,0.9580420224685556,0.0,26,8,13,440.41900223913,350,100,3,5
-3.745511073596948,10.409564638847716,0.0,17,0.37,2.1527959547937274,0.0,37,8,25,388.6922287956728,-4.088881520350395,10.331164172141824,0.0,17,0.26,1.908259036209143,0.0,26,8,25,352.2230163132939,4.457383409931935,18.395936532162544,1.0986122886681098,27,0.38,2.15694290937488,0.0,38,8,25,854.1957012413375,20.01690311385666,14.9470794977476,31.46630248311805,20,0.25,0.9506720929293964,0.0,25,8,38,443.1541125439015,400,100,3,5
-4.112591568578653,10.743378188108885,0.0,18,0.36,2.178547652442487,0.0,36,8,25,422.4176641824719,-4.447489036728229,10.657064719094947,-1.0986122886681098,18,0.25,2.259422768701085,0.0,25,8,25,385.8220946992401,4.12074813932734,18.73902842977365,0.0,28,0.38,2.15694290937488,0.0,38,8,25,884.5167781197933,20.032997492980662,14.92636962330962,31.466302483117488,20,0.24,0.9506720929293964,0.0,24,8,13,440.4190022391152,450,100,3,5
-4.121064547182457,10.733566144271856,0.0,18,0.38,1.9072315245979987,0.0,38,8,25,419.4376457940697,-4.538824709859864,10.622850303976584,-2.19722457733622,18,0.24,1.9007101616210853,-3.044522437723423,26,8,25,379.8104695035989,4.71962896461238,19.1197993406431,1.0986122886681098,29,0.37,1.3229349239878838,0.0,37,8,25,923.7956333369426,19.71833446814914,15.013444060841572,31.466302483116927,19,0.25,0.9580420224685556,0.0,25,8,38,443.1541125438862,500,100,3,5
-3.753984052200622,10.399736716928302,0.0,17,0.39,2.130998777696401,0.0,39,8,25,385.70001834316514,-4.180217193481901,10.299047559034465,-1.0986122886681098,17,0.25,2.2394227687016603,-3.044522437723423,26,8,25,346.2393589125704,5.056264235216847,18.772927646282582,2.19722457733622,28,0.37,1.9030845704035448,0.0,37,8,25,893.7366405674467,19.70224008902447,15.033697127995293,31.466302483116408,19,0.26,0.9580420224685556,0.0,26,8,13,440.41900223909954,550,100,3,5
-3.745511073596688,10.409564638847026,0.0,17,0.37,2.1527959547937274,0.0,37,8,25,388.6922287956469,-4.088881520350137,10.331164172141138,0.0,17,0.26,1.908259036209143,0.0,26,8,25,352.223016313268,4.457383409931676,18.39593653216128,1.0986122886681098,27,0.38,2.15694290937488,0.0,38,8,25,854.1957012412796,20.016903113855296,14.947079497746556,31.46630248311589,20,0.25,0.9506720929293964,0.0,25,8,38,443.15411254387016,600,100,3,5
-4.112591568578372,10.743378188108167,0.0,18,0.36,2.178547652442487,0.0,36,8,25,422.4176641824438,-4.447489036727948,10.657064719094238,-1.0986122886681098,18,0.25,2.259422768701085,0.0,25,8,25,385.822094699212,4.120748139327102,18.73902842977236,0.0,28,0.38,2.15694290937488,0.0,38,8,25,884.5167781197333,20.0329974929793,14.926369623308576,31.466302483115328,20,0.24,0.9506720929293964,0.0,24,8,13,440.4190022390848,650,100,3,5
-4.121064547182176,10.733566144271142,0.0,18,0.38,1.9072315245979987,0.0,38,8,25,419.4376457940416,-4.538824709859584,10.622850303975872,-2.19722457733622,18,0.24,1.9007101616210853,-3.044522437723423,26,8,25,379.8104695035708,4.719628964612099,19.119799340641784,1.0986122886681098,29,0.37,1.3229349239878838,0.0,37,8,25,923.79563333688,19.718334468147805,15.013444060840522,31.466302483114767,19,0.25,0.9580420224685556,0.0,25,8,38,443.15411254385486,700,100,3,5
-3.753984052200363,10.399736716927611,0.0,17,0.39,2.130998777696401,0.0,39,8,25,385.7000183431393,-4.180217193481641,10.299047559033776,-1.0986122886681098,17,0.25,2.2394227687016603,-3.044522437723423,26,8,25,346.2393589125446,5.056264235216544,18.772927646281293,2.19722457733622,28,0.37,1.9030845704035448,0.0,37,8,25,893.736640567386,19.70224008902313,15.033697127994245,31.466302483114248,19,0.26,0.9580420224685556,0.0,26,8,13,440.4190022390693,750,100,3,5
-3.745511073596429,10.409564638846335,0.0,17,0.37,2.1527959547937274,0.0,37,8,25,388.6922287956209,-4.088881520349878,10.331164172140449,0.0,17,0.26,1.908259036209143,0.0,26,8,25,352.22301631324206,4.457383409931417,18.39593653216001,1.0986122886681098,27,0.38,2.15694290937488,0.0,38,8,25,854.1957012412216,20.01690311385394,14.947079497745516,31.46630248311373,20,0.25,0.9506720929293964,0.0,25,8,38,443.154112543839,800,100,3,5
-4.112591568578091,10.743378188107457,0.0,18,0.36,2.178547652442487,0.0,36,8,25,422.4176641824158,-4.447489036727668,10.657064719093526,-1.0986122886681098,18,0.25,2.259422768701085,0.0,25,8,25,385.822094699184,4.120748139326865,18.73902842977107,0.0,28,0.38,2.15694290937488,0.0,38,8,25,884.5167781196735,20.03299749297794,14.926369623307536,31.466302483113168,20,0.24,0.9506720929293964,0.0,24,8,13,440.4190022390543,850,100,3,5
-4.121064547181896,10.733566144270428,0.0,18,0.38,1.9072315245979987,0.0,38,8,25,419.4376457940135,-4.538824709859302,10.62285030397516,-2.19722457733622,18,0.24,1.9007101616210853,-3.044522437723423,26,8,25,379.8104695035428,4.719628964611819,19.11979934064048,1.0986122886681098,29,0.37,1.3229349239878838,0.0,37,8,25,923.7956333368172,19.718334468146463,15.013444060839474,31.466302483112607,19,0.25,0.9580420224685556,0.0,25,8,38,443.1541125438236,900,100,3,5
-3.753984052200104,10.39973671692692,0.0,17,0.39,2.130998777696401,0.0,39,8,25,385.70001834311336,-4.180217193481382,10.29904755903309,-1.0986122886681098,17,0.25,2.2394227687016603,-3.044522437723423,26,8,25,346.2393589125187,5.056264235216242,18.77292764628,2.19722457733622,28,0.37,1.9030845704035448,0.0,37,8,25,893.736640567325,19.702240089021792,15.033697127993197,31.466302483112088,19,0.26,0.9580420224685556,0.0,26,8,13,440.4190022390388,950,100,3,5
-3.74551107359617,10.409564638845646,0.0,17,0.37,2.1527959547937274,0.0,37,8,25,388.692228795595,-4.088881520349618,10.331164172139763,0.0,17,0.26,1.908259036209143,0.0,26,8,25,352.2230163132162,4.457383409931158,18.395936532158743,1.0986122886681098,27,0.38,2.15694290937488,0.0,38,8,25,854.1957012411636,20.01690311385257,14.947079497744475,31.466302483111573,20,0.25,0.9506720929293964,0.0,25,8,38,443.1541125438077,1000,100,3,5
-4.112591568577811,10.74337818810674,0.0,18,0.36,2.178547652442487,0.0,36,8,25,422.4176641823877,-4.447489036727387,10.657064719092814,-1.0986122886681098,18,0.25,2.259422768701085,0.0,25,8,25,385.8220946991559,4.120748139326627,18.739028429769785,0.0,28,0.38,2.15694290937488,0.0,38,8,25,884.5167781196135,20.032997492976577,14.926369623306492,31.466302483111008,20,0.24,0.9506720929293964,0.0,24,8,13,440.419002239024,1050,100,3,5
-4.121064547181615,10.733566144269714,0.0,18,0.38,1.9072315245979987,0.0,38,8,25,419.4376457939856,-4.538824709859021,10.622850303974449,-2.19722457733622,18,0.24,1.9007101616210853,-3.044522437723423,26,8,25,379.8104695035148,4.719628964611538,19.119799340639155,1.0986122886681098,29,0.37,1.3229349239878838,0.0,37,8,25,923.7956333367543,19.71833446814513,15.013444060838424,31.46630248311045,19,0.25,0.9580420224685556,0.0,25,8,38,443.15411254379234,1100,100,3,5
-3.753984052199845,10.399736716926228,0.0,17,0.39,2.130998777696401,0.0,39,8,25,385.7000183430875,-4.180217193481123,10.299047559032402,-1.0986122886681098,17,0.25,2.2394227687016603,-3.044522437723423,26,8,25,346.23935891249283,5.056264235215939,18.77292764627871,2.19722457733622,28,0.37,1.9030845704035448,0.0,37,8,25,893.7366405672642,19.702240089020457,15.03369712799215,31.46630248310993,19,0.26,0.9580420224685556,0.0,26,8,13,440.4190022390084,1150,100,3,5
-3.745511073595911,10.409564638844955,0.0,17,0.37,2.1527959547937274,0.0,37,8,25,388.69222879556906,-4.088881520349359,10.331164172139076,0.0,17,0.26,1.908259036209143,0.0,26,8,25,352.2230163131903,4.457383409930898,18.395936532157474,1.0986122886681098,27,0.38,2.15694290937488,0.0,38,8,25,854.1957012411057,20.016903113851217,14.947079497743433,31.466302483109413,20,0.25,0.9506720929293964,0.0,25,8,38,443.1541125437764,1200,100,3,5
-4.11259156857753,10.743378188106025,0.0,18,0.36,2.178547652442487,0.0,36,8,25,422.4176641823596,-4.447489036727107,10.657064719092103,-1.0986122886681098,18,0.25,2.259422768701085,0.0,25,8,25,385.82209469912783,4.120748139326389,18.739028429768496,0.0,28,0.38,2.15694290937488,0.0,38,8,25,884.5167781195536,20.03299749297522,14.926369623305453,31.46630248310885,20,0.24,0.9506720929293964,0.0,24,8,13,440.4190022389936,1250,100,3,5
-4.121064547181335,10.733566144268998,0.0,18,0.38,1.9072315245979987,0.0,38,8,25,419.4376457939575,-4.538824709858741,10.622850303973738,-2.19722457733622,18,0.24,1.9007101616210853,-3.044522437723423,26,8,25,379.8104695034866,4.719628964611258,19.11979934063784,1.0986122886681098,29,0.37,1.3229349239878838,0.0,37,8,25,923.7956333366916,19.718334468143787,15.01344406083738,31.46630248310829,19,0.25,0.9580420224685556,0.0,25,8,38,443.154112543761,1300,100,3,5
-3.7539840521995855,10.399736716925538,0.0,17,0.39,2.130998777696401,0.0,39,8,25,385.7000183430615,-4.180217193480864,10.299047559031717,-1.0986122886681098,17,0.25,2.2394227687016603,-3.044522437723423,26,8,25,346.23935891246686,5.056264235215637,18.77292764627741,2.19722457733622,28,0.37,1.9030845704035448,0.0,37,8,25,893.7366405672032,19.70224008901912,15.033697127991102,31.46630248310777,19,0.26,0.9580420224685556,0.0,26,8,13,440.419002238978,1350,100,3,5
-3.7455110735956514,10.409564638844264,0.0,17,0.37,2.1527959547937274,0.0,37,8,25,388.6922287955431,-4.0888815203491,10.33116417213839,0.0,17,0.26,1.908259036209143,0.0,26,8,25,352.22301631316435,4.457383409930639,18.39593653215621,1.0986122886681098,27,0.38,2.15694290937488,0.0,38,8,25,854.1957012410477,20.016903113849853,14.94707949774239,31.466302483107253,20,0.25,0.9506720929293964,0.0,25,8,38,443.154112543745,1400,100,3,5
-4.112591568577249,10.74337818810531,0.0,18,0.36,2.178547652442487,0.0,36,8,25,422.4176641823315,-4.447489036726825,10.657064719091393,-1.0986122886681098,18,0.25,2.259422768701085,0.0,25,8,25,385.82209469909975,4.120748139326152,18.7390284297672,0.0,28,0.38,2.15694290937488,0.0,38,8,25,884.5167781194937,20.03299749297386,14.92636962330441,31.46630248310669,20,0.24,0.9506720929293964,0.0,24,8,13,440.4190022389632,1450,100,3,5
-4.121064547181053,10.733566144268282,0.0,18,0.38,1.9072315245979987,0.0,38,8,25,419.4376457939293,-4.53882470985846,10.622850303973024,-2.19722457733622,18,0.24,1.9007101616210853,-3.044522437723423,26,8,25,379.8104695034585,4.719628964610977,19.11979934063652,1.0986122886681098,29,0.37,1.3229349239878838,0.0,37,8,25,923.7956333366288,19.71833446814245,15.013444060836331,31.46630248310613,19,0.25,0.9580420224685556,0.0,25,8,38,443.15411254372975,1500,100,3,5
-3.753984052199326,10.39973671692485,0.0,17,0.39,2.130998777696401,0.0,39,8,25,385.7000183430357,-4.180217193480605,10.299047559031033,-1.0986122886681098,17,0.25,2.2394227687016603,-3.044522437723423,26,8,25,346.2393589124411,5.056264235215334,18.77292764627612,2.19722457733622,28,0.37,1.9030845704035448,0.0,37,8,25,893.7366405671423,19.70224008901778,15.033697127990054,31.46630248310561,19,0.26,0.9580420224685556,0.0,26,8,13,440.41900223894766,1550,100,3,5
-3.745511073595393,10.409564638843577,0.0,17,0.37,2.1527959547937274,0.0,37,8,25,388.6922287955174,-4.088881520348842,10.331164172137704,0.0,17,0.26,1.908259036209143,0.0,26,8,25,352.22301631313843,4.45738340993038,18.395936532154938,1.0986122886681098,27,0.38,2.15694290937488,0.0,38,8,25,854.1957012409899,20.016903113848496,14.947079497741347,31.466302483105093,20,0.25,0.9506720929293964,0.0,25,8,38,443.1541125437138,1600,100,3,5
-4.112591568576969,10.743378188104597,0.0,18,0.36,2.178547652442487,0.0,36,8,25,422.4176641823034,-4.4474890367265445,10.65706471909068,-1.0986122886681098,18,0.25,2.259422768701085,0.0,25,8,25,385.82209469907167,4.120748139325914,18.73902842976592,0.0,28,0.38,2.15694290937488,0.0,38,8,25,884.5167781194338,20.032997492972505,14.926369623303367,31.46630248310453,20,0.24,0.9506720929293964,0.0,24,8,13,440.4190022389328,1650,100,3,5
-4.121064547180772,10.733566144267568,0.0,18,0.38,1.9072315245979987,0.0,38,8,25,419.43764579390137,-4.538824709858179,10.622850303972315,-2.19722457733622,18,0.24,1.9007101616210853,-3.044522437723423,26,8,25,379.8104695034305,4.719628964610696,19.1197993406352,1.0986122886681098,29,0.37,1.3229349239878838,0.0,37,8,25,923.795633336566,19.71833446814111,15.013444060835283,31.46630248310397,19,0.25,0.9580420224685556,0.0,25,8,38,443.1541125436984,1700,100,3,5
-3.753984052199067,10.399736716924156,0.0,17,0.39,2.130998777696401,0.0,39,8,25,385.7000183430097,-4.180217193480345,10.299047559030344,-1.0986122886681098,17,0.25,2.2394227687016603,-3.044522437723423,26,8,25,346.2393589124151,5.056264235215032,18.77292764627482,2.19722457733622,28,0.37,1.9030845704035448,0.0,37,8,25,893.7366405670817,19.70224008901644,15.033697127989006,31.46630248310345,19,0.26,0.9580420224685556,0.0,26,8,13,440.4190022389173,1750,100,3,5
-3.7455110735951336,10.409564638842886,0.0,17,0.37,2.1527959547937274,0.0,37,8,25,388.6922287954914,-4.088881520348583,10.331164172137017,0.0,17,0.26,1.908259036209143,0.0,26,8,25,352.22301631311257,4.45738340993012,18.39593653215368,1.0986122886681098,27,0.38,2.15694290937488,0.0,38,8,25,854.1957012409318,20.01690311384713,14.947079497740306,31.466302483102933,20,0.25,0.9506720929293964,0.0,25,8,38,443.1541125436826,1800,100,3,5
-4.112591568576687,10.743378188103884,0.0,18,0.36,2.178547652442487,0.0,36,8,25,422.4176641822756,-4.447489036726264,10.657064719089966,-1.0986122886681098,18,0.25,2.259422768701085,0.0,25,8,25,385.8220946990437,4.120748139325677,18.739028429764627,0.0,28,0.38,2.15694290937488,0.0,38,8,25,884.5167781193738,20.032997492971138,14.926369623302325,31.46630248310237,20,0.24,0.9506720929293964,0.0,24,8,13,440.4190022389024,1850,100,3,5
-4.121064547180492,10.733566144266852,0.0,18,0.38,1.9072315245979987,0.0,38,8,25,419.4376457938732,-4.538824709857899,10.622850303971603,-2.19722457733622,18,0.24,1.9007101616210853,-3.044522437723423,26,8,25,379.8104695034025,4.719628964610415,19.11979934063389,1.0986122886681098,29,0.37,1.3229349239878838,0.0,37,8,25,923.7956333365032,19.718334468139773,15.013444060834235,31.46630248310181,19,0.25,0.9580420224685556,0.0,25,8,38,443.1541125436672,1900,100,3,5
-3.753984052198808,10.399736716923467,0.0,17,0.39,2.130998777696401,0.0,39,8,25,385.70001834298375,-4.180217193480086,10.299047559029656,-1.0986122886681098,17,0.25,2.2394227687016603,-3.044522437723423,26,8,25,346.23935891238926,5.056264235214729,18.772927646273526,2.19722457733622,28,0.37,1.9030845704035448,0.0,37,8,25,893.7366405670207,19.702240089015103,15.033697127987958,31.46630248310129,19,0.26,0.9580420224685556,0.0,26,8,13,440.4190022388869,1950,100,3,5
-3.745511073594874,10.409564638842197,0.0,17,0.37,2.1527959547937274,0.0,37,8,25,388.69222879546544,-4.088881520348323,10.331164172136328,0.0,17,0.26,1.908259036209143,0.0,26,8,25,352.22301631308665,4.457383409929862,18.395936532152405,1.0986122886681098,27,0.38,2.15694290937488,0.0,38,8,25,854.195701240874,20.01690311384578,14.947079497739264,31.46630248310077,20,0.25,0.9506720929293964,0.0,25,8,38,443.15411254365137,2000,100,3,5
-4.112591568576407,10.743378188103168,0.0,18,0.36,2.178547652442487,0.0,36,8,25,422.41766418224745,-4.447489036725983,10.657064719089256,-1.0986122886681098,18,0.25,2.259422768701085,0.0,25,8,25,385.8220946990156,4.120748139325439,18.739028429763337,0.0,28,0.38,2.15694290937488,0.0,38,8,25,884.516778119314,20.03299749296978,14.926369623301284,31.46630248310021,20,0.24,0.9506720929293964,0.0,24,8,13,440.419002238872,2050,100,3,5
-4.121064547180211,10.733566144266137,0.0,18,0.38,1.9072315245979987,0.0,38,8,25,419.4376457938452,-4.538824709857618,10.62285030397089,-2.19722457733622,18,0.24,1.9007101616210853,-3.044522437723423,26,8,25,379.81046950337446,4.719628964610134,19.119799340632568,1.0986122886681098,29,0.37,1.3229349239878838,0.0,37,8,25,923.7956333364406,19.71833446813843,15.013444060833187,31.46630248309965,19,0.25,0.9580420224685556,0.0,25,8,38,443.1541125436359,2100,100,3,5
-3.7539840521985495,10.399736716922776,0.0,17,0.39,2.130998777696401,0.0,39,8,25,385.700018342958,-4.1802171934798285,10.29904755902897,-1.0986122886681098,17,0.25,2.2394227687016603,-3.044522437723423,26,8,25,346.23935891236334,5.056264235214425,18.77292764627224,2.19722457733622,28,0.37,1.9030845704035448,0.0,37,8,25,893.73664056696,19.702240089013763,15.03369712798691,31.46630248309913,19,0.26,0.9580420224685556,0.0,26,8,13,440.4190022388565,2150,100,3,5
-3.7455110735946153,10.409564638841506,0.0,17,0.37,2.1527959547937274,0.0,37,8,25,388.6922287954396,-4.088881520348064,10.331164172135642,0.0,17,0.26,1.908259036209143,0.0,26,8,25,352.2230163130607,4.457383409929602,18.39593653215114,1.0986122886681098,27,0.38,2.15694290937488,0.0,38,8,25,854.195701240816,20.01690311384441,14.94707949773822,31.46630248309861,20,0.25,0.9506720929293964,0.0,25,8,38,443.15411254361993,2200,100,3,5
-4.112591568576126,10.74337818810245,0.0,18,0.36,2.178547652442487,0.0,36,8,25,422.4176641822194,-4.447489036725703,10.657064719088543,-1.0986122886681098,18,0.25,2.259422768701085,0.0,25,8,25,385.8220946989875,4.120748139325202,18.739028429762044,0.0,28,0.38,2.15694290937488,0.0,38,8,25,884.5167781192542,20.032997492968416,14.92636962330024,31.46630248309805,20,0.24,0.9506720929293964,0.0,24,8,13,440.4190022388416,2250,100,3,5
-4.12106454717993,10.733566144265422,0.0,18,0.38,1.9072315245979987,0.0,38,8,25,419.4376457938171,-4.538824709857336,10.622850303970178,-2.19722457733622,18,0.24,1.9007101616210853,-3.044522437723423,26,8,25,379.8104695033463,4.7196289646098535,19.119799340631253,1.0986122886681098,29,0.37,1.3229349239878838,0.0,37,8,25,923.7956333363776,19.71833446813709,15.01344406083214,31.46630248309749,19,0.25,0.9580420224685556,0.0,25,8,38,443.15411254360464,2300,100,3,5
-3.7539840521982906,10.399736716922083,0.0,17,0.39,2.130998777696401,0.0,39,8,25,385.700018342932,-4.180217193479569,10.299047559028285,-1.0986122886681098,17,0.25,2.2394227687016603,-3.044522437723423,26,8,25,346.2393589123374,5.056264235214124,18.772927646270944,2.19722457733622,28,0.37,1.9030845704035448,0.0,37,8,25,893.7366405668992,19.702240089012424,15.033697127985864,31.46630248309697,19,0.26,0.9580420224685556,0.0,26,8,13,440.4190022388261,2350,100,3,5
-3.745511073594356,10.409564638840813,0.0,17,0.37,2.1527959547937274,0.0,37,8,25,388.69222879541366,-4.088881520347805,10.331164172134956,0.0,17,0.26,1.908259036209143,0.0,26,8,25,352.2230163130348,4.457383409929343,18.395936532149875,1.0986122886681098,27,0.38,2.15694290937488,0.0,38,8,25,854.1957012407581,20.016903113843057,14.94707949773718,31.466302483096456,20,0.25,0.9506720929293964,0.0,25,8,38,443.1541125435887,2400,100,3,5
-4.112591568575845,10.743378188101737,0.0,18,0.36,2.178547652442487,0.0,36,8,25,422.41766418219134,-4.447489036725422,10.657064719087831,-1.0986122886681098,18,0.25,2.259422768701085,0.0,25,8,25,385.82209469895935,4.120748139324964,18.739028429760754,0.0,28,0.38,2.15694290937488,0.0,38,8,25,884.5167781191942,20.03299749296706,14.926369623299198,31.46630248309589,20,0.24,0.9506720929293964,0.0,24,8,13,440.4190022388112,2450,100,3,5
-4.12106454717965,10.733566144264708,0.0,18,0.38,1.9072315245979987,0.0,38,8,25,419.43764579378905,-4.538824709857056,10.622850303969468,-2.19722457733622,18,0.24,1.9007101616210853,-3.044522437723423,26,8,25,379.8104695033183,4.719628964609573,19.11979934062993,1.0986122886681098,29,0.37,1.3229349239878838,0.0,37,8,25,923.795633336315,19.71833446813575,15.013444060831093,31.466302483095333,19,0.25,0.9580420224685556,0.0,25,8,38,443.1541125435733,2500,100,3,5
-3.753984052198031,10.399736716921394,0.0,17,0.39,2.130998777696401,0.0,39,8,25,385.7000183429061,-4.18021719347931,10.299047559027596,-1.0986122886681098,17,0.25,2.2394227687016603,-3.044522437723423,26,8,25,346.2393589123116,5.056264235213822,18.772927646269647,2.19722457733622,28,0.37,1.9030845704035448,0.0,37,8,25,893.7366405668381,19.702240089011084,15.033697127984816,31.46630248309481,19,0.26,0.9580420224685556,0.0,26,8,13,440.4190022387957,2550,100,3,5
-3.7455110735940966,10.409564638840129,0.0,17,0.37,2.1527959547937274,0.0,37,8,25,388.6922287953877,-4.088881520347545,10.331164172134269,0.0,17,0.26,1.908259036209143,0.0,26,8,25,352.223016313009,4.457383409929084,18.395936532148603,1.0986122886681098,27,0.38,2.15694290937488,0.0,38,8,25,854.1957012407003,20.016903113841693,14.94707949773614,31.466302483094296,20,0.25,0.9506720929293964,0.0,25,8,38,443.1541125435575,2600,100,3,5
-4.1125915685755645,10.74337818810102,0.0,18,0.36,2.178547652442487,0.0,36,8,25,422.41766418216326,-4.447489036725141,10.65706471908712,-1.0986122886681098,18,0.25,2.259422768701085,0.0,25,8,25,385.8220946989313,4.120748139324727,18.739028429759465,0.0,28,0.38,2.15694290937488,0.0,38,8,25,884.5167781191344,20.03299749296569,14.926369623298156,31.46630248309373,20,0.24,0.9506720929293964,0.0,24,8,13,440.4190022387809,2650,100,3,5
-4.121064547179369,10.73356614426399,0.0,18,0.38,1.9072315245979987,0.0,38,8,25,419.43764579376096,-4.538824709856776,10.622850303968756,-2.19722457733622,18,0.24,1.9007101616210853,-3.044522437723423,26,8,25,379.8104695032902,4.719628964609292,19.119799340628617,1.0986122886681098,29,0.37,1.3229349239878838,0.0,37,8,25,923.795633336252,19.71833446813441,15.013444060830048,31.466302483093173,19,0.25,0.9580420224685556,0.0,25,8,38,443.1541125435421,2700,100,3,5
-3.753984052197772,10.399736716920703,0.0,17,0.39,2.130998777696401,0.0,39,8,25,385.7000183428801,-4.18021719347905,10.29904755902691,-1.0986122886681098,17,0.25,2.2394227687016603,-3.044522437723423,26,8,25,346.2393589122856,5.056264235213519,18.77292764626836,2.19722457733622,28,0.37,1.9030845704035448,0.0,37,8,25,893.7366405667774,19.702240089009745,15.033697127983768,31.46630248309265,19,0.26,0.9580420224685556,0.0,26,8,13,440.41900223876536,2750,100,3,5
-3.7455110735938377,10.409564638839434,0.0,17,0.37,2.1527959547937274,0.0,37,8,25,388.6922287953618,-4.088881520347287,10.331164172133583,0.0,17,0.26,1.908259036209143,0.0,26,8,25,352.2230163129831,4.457383409928824,18.39593653214734,1.0986122886681098,27,0.38,2.15694290937488,0.0,38,8,25,854.1957012406422,20.01690311384033,14.947079497735096,31.466302483092136,20,0.25,0.9506720929293964,0.0,25,8,38,443.1541125435263,2800,100,3,5
-4.112591568575284,10.743378188100309,0.0,18,0.36,2.178547652442487,0.0,36,8,25,422.4176641821352,-4.44748903672486,10.657064719086408,-1.0986122886681098,18,0.25,2.259422768701085,0.0,25,8,25,385.82209469890336,4.120748139324489,18.73902842975817,0.0,28,0.38,2.15694290937488,0.0,38,8,25,884.5167781190745,20.032997492964338,14.926369623297116,31.46630248309157,20,0.24,0.9506720929293964,0.0,24,8,13,440.4190022387504,2850,100,3,5
-4.121064547179088,10.733566144263277,0.0,18,0.38,1.9072315245979987,0.0,38,8,25,419.4376457937329,-4.538824709856495,10.622850303968049,-2.19722457733622,18,0.24,1.9007101616210853,-3.044522437723423,26,8,25,379.8104695032621,4.719628964609012,19.1197993406273,1.0986122886681098,29,0.37,1.3229349239878838,0.0,37,8,25,923.7956333361892,19.71833446813308,15.013444060828997,31.466302483091013,19,0.25,0.9580420224685556,0.0,25,8,38,443.1541125435108,2900,100,3,5
-3.753984052197513,10.399736716920014,0.0,17,0.39,2.130998777696401,0.0,39,8,25,385.7000183428542,-4.180217193478791,10.299047559026224,-1.0986122886681098,17,0.25,2.2394227687016603,-3.044522437723423,26,8,25,346.2393589122597,5.056264235213217,18.772927646267064,2.19722457733622,28,0.37,1.9030845704035448,0.0,37,8,25,893.7366405667165,19.70224008900841,15.03369712798272,31.46630248309049,19,0.26,0.9580420224685556,0.0,26,8,13,440.4190022387349,2950,100,3,5
-3.7455110735935775,10.409564638838743,0.0,17,0.37,2.1527959547937274,0.0,37,8,25,388.6922287953359,-4.088881520347028,10.331164172132896,0.0,17,0.26,1.908259036209143,0.0,26,8,25,352.2230163129572,4.457383409928565,18.39593653214608,1.0986122886681098,27,0.38,2.15694290937488,0.0,38,8,25,854.1957012405842,20.01690311383897,14.947079497734055,31.466302483089976,20,0.25,0.9506720929293964,0.0,25,8,38,443.1541125434948,3000,100,3,5
-4.112591568575002,10.743378188099593,0.0,18,0.36,2.178547652442487,0.0,36,8,25,422.4176641821071,-4.447489036724579,10.657064719085696,-1.0986122886681098,18,0.25,2.259422768701085,0.0,25,8,25,385.8220946988753,4.120748139324252,18.739028429756885,0.0,28,0.38,2.15694290937488,0.0,38,8,25,884.5167781190146,20.032997492962973,14.926369623296074,31.46630248308941,20,0.24,0.9506720929293964,0.0,24,8,13,440.4190022387201,3050,100,3,5
-4.121064547178808,10.73356614426256,0.0,18,0.38,1.9072315245979987,0.0,38,8,25,419.43764579370486,-4.538824709856215,10.622850303967333,-2.19722457733622,18,0.24,1.9007101616210853,-3.044522437723423,26,8,25,379.81046950323406,4.71962896460873,19.119799340625985,1.0986122886681098,29,0.37,1.3229349239878838,0.0,37,8,25,923.7956333361268,19.71833446813174,15.01344406082795,31.466302483088853,19,0.25,0.9580420224685556,0.0,25,8,38,443.1541125434794,3100,100,3,5
-3.7539840521972536,10.399736716919325,0.0,17,0.39,2.130998777696401,0.0,39,8,25,385.70001834282834,-4.180217193478532,10.299047559025537,-1.0986122886681098,17,0.25,2.2394227687016603,-3.044522437723423,26,8,25,346.23935891223385,5.056264235212915,18.772927646265764,2.19722457733622,28,0.37,1.9030845704035448,0.0,37,8,25,893.7366405666555,19.702240089007063,15.033697127981672,31.46630248308833,19,0.26,0.9580420224685556,0.0,26,8,13,440.4190022387046,3150,100,3,5
-3.745511073593319,10.409564638838054,0.0,17,0.37,2.1527959547937274,0.0,37,8,25,388.69222879531,-4.088881520346768,10.331164172132208,0.0,17,0.26,1.908259036209143,0.0,26,8,25,352.2230163129313,4.4573834099283065,18.3959365321448,1.0986122886681098,27,0.38,2.15694290937488,0.0,38,8,25,854.1957012405263,20.01690311383761,14.947079497733013,31.466302483087816,20,0.25,0.9506720929293964,0.0,25,8,38,443.1541125434636,3200,100,3,5
-4.112591568574722,10.743378188098877,0.0,18,0.36,2.178547652442487,0.0,36,8,25,422.417664182079,-4.447489036724298,10.657064719084987,-1.0986122886681098,18,0.25,2.259422768701085,0.0,25,8,25,385.8220946988472,4.1207481393240135,18.7390284297556,0.0,28,0.38,2.15694290937488,0.0,38,8,25,884.5167781189546,20.032997492961616,14.92636962329503,31.46630248308725,20,0.24,0.9506720929293964,0.0,24,8,13,440.4190022386896,3250,100,3,5
-4.121064547178527,10.733566144261848,0.0,18,0.38,1.9072315245979987,0.0,38,8,25,419.4376457936768,-4.538824709855934,10.62285030396662,-2.19722457733622,18,0.24,1.9007101616210853,-3.044522437723423,26,8,25,379.8104695032061,4.719628964608449,19.119799340624667,1.0986122886681098,29,0.37,1.3229349239878838,0.0,37,8,25,923.7956333360636,19.7183344681304,15.013444060826902,31.466302483086693,19,0.25,0.9580420224685556,0.0,25,8,38,443.1541125434482,3300,100,3,5
-3.7539840521969934,10.399736716918634,0.0,17,0.39,2.130998777696401,0.0,39,8,25,385.7000183428024,-4.180217193478273,10.299047559024851,-1.0986122886681098,17,0.25,2.2394227687016603,-3.044522437723423,26,8,25,346.23935891220793,5.056264235212613,18.77292764626448,2.19722457733622,28,0.37,1.9030845704035448,0.0,37,8,25,893.7366405665949,19.702240089005727,15.033697127980624,31.46630248308617,19,0.26,0.9580420224685556,0.0,26,8,13,440.4190022386742,3350,100,3,5
-3.74551107359306,10.409564638837365,0.0,17,0.37,2.1527959547937274,0.0,37,8,25,388.69222879528417,-4.088881520346509,10.331164172131524,0.0,17,0.26,1.908259036209143,0.0,26,8,25,352.2230163129054,4.457383409928047,18.395936532143537,1.0986122886681098,27,0.38,2.15694290937488,0.0,38,8,25,854.1957012404683,20.01690311383625,14.947079497731972,31.466302483085656,20,0.25,0.9506720929293964,0.0,25,8,38,443.1541125434322,3400,100,3,5
-4.112591568574441,10.74337818809816,0.0,18,0.36,2.178547652442487,0.0,36,8,25,422.4176641820509,-4.447489036724018,10.657064719084271,-1.0986122886681098,18,0.25,2.259422768701085,0.0,25,8,25,385.8220946988191,4.120748139323776,18.73902842975431,0.0,28,0.38,2.15694290937488,0.0,38,8,25,884.5167781188949,20.03299749296025,14.926369623293986,31.46630248308509,20,0.24,0.9506720929293964,0.0,24,8,13,440.4190022386593,3450,100,3,5
-4.121064547178246,10.73356614426113,0.0,18,0.38,1.9072315245979987,0.0,38,8,25,419.4376457936488,-4.538824709855653,10.62285030396591,-2.19722457733622,18,0.24,1.9007101616210853,-3.044522437723423,26,8,25,379.810469503178,4.7196289646081695,19.11979934062335,1.0986122886681098,29,0.37,1.3229349239878838,0.0,37,8,25,923.795633336001,19.71833446812906,15.013444060825856,31.466302483084533,19,0.25,0.9580420224685556,0.0,25,8,38,443.154112543417,3500,100,3,5
-3.753984052196736,10.399736716917944,0.0,17,0.39,2.130998777696401,0.0,39,8,25,385.70001834277656,-4.180217193478014,10.299047559024162,-1.0986122886681098,17,0.25,2.2394227687016603,-3.044522437723423,26,8,25,346.239358912182,5.056264235212312,18.772927646263177,2.19722457733622,28,0.37,1.9030845704035448,0.0,37,8,25,893.7366405665339,19.70224008900439,15.033697127979575,31.46630248308401,19,0.26,0.9580420224685556,0.0,26,8,13,440.4190022386437,3550,100,3,5
-3.745511073592801,10.409564638836676,0.0,17,0.37,2.1527959547937274,0.0,37,8,25,388.6922287952582,-4.088881520346249,10.331164172130835,0.0,17,0.26,1.908259036209143,0.0,26,8,25,352.2230163128795,4.457383409927789,18.39593653214227,1.0986122886681098,27,0.38,2.15694290937488,0.0,38,8,25,854.1957012404104,20.016903113834893,14.947079497730927,31.4663024830835,20,0.25,0.9506720929293964,0.0,25,8,38,443.154112543401,3600,100,3,5
-4.11259156857416,10.743378188097449,0.0,18,0.36,2.178547652442487,0.0,36,8,25,422.4176641820229,-4.447489036723737,10.65706471908356,-1.0986122886681098,18,0.25,2.259422768701085,0.0,25,8,25,385.82209469879103,4.120748139323538,18.739028429753017,0.0,28,0.38,2.15694290937488,0.0,38,8,25,884.5167781188351,20.03299749295889,14.926369623292944,31.46630248308293,20,0.24,0.9506720929293964,0.0,24,8,13,440.4190022386289,3650,100,3,5
-4.121064547177966,10.733566144260417,0.0,18,0.38,1.9072315245979987,0.0,38,8,25,419.4376457936207,-4.538824709855373,10.622850303965198,-2.19722457733622,18,0.24,1.9007101616210853,-3.044522437723423,26,8,25,379.81046950315,4.719628964607889,19.11979934062203,1.0986122886681098,29,0.37,1.3229349239878838,0.0,37,8,25,923.7956333359382,19.71833446812772,15.013444060824806,31.466302483082373,19,0.25,0.9580420224685556,0.0,25,8,38,443.1541125433857,3700,100,3,5
-3.753984052196476,10.399736716917252,0.0,17,0.39,2.130998777696401,0.0,39,8,25,385.7000183427506,-4.1802171934777546,10.299047559023478,-1.0986122886681098,17,0.25,2.2394227687016603,-3.044522437723423,26,8,25,346.2393589121562,5.056264235212009,18.772927646261884,2.19722457733622,28,0.37,1.9030845704035448,0.0,37,8,25,893.7366405664729,19.70224008900305,15.033697127978527,31.46630248308185,19,0.26,0.9580420224685556,0.0,26,8,13,440.41900223861336,3750,100,3,5
-3.7455110735925423,10.409564638835985,0.0,17,0.37,2.1527959547937274,0.0,37,8,25,388.6922287952323,-4.08888152034599,10.33116417213015,0.0,17,0.26,1.908259036209143,0.0,26,8,25,352.2230163128535,4.457383409927529,18.395936532141004,1.0986122886681098,27,0.38,2.15694290937488,0.0,38,8,25,854.1957012403525,20.01690311383353,14.947079497729886,31.46630248308134,20,0.25,0.9506720929293964,0.0,25,8,38,443.1541125433698,3800,100,3,5
-4.11259156857388,10.743378188096733,0.0,18,0.36,2.178547652442487,0.0,36,8,25,422.4176641819949,-4.447489036723456,10.65706471908285,-1.0986122886681098,18,0.25,2.259422768701085,0.0,25,8,25,385.82209469876295,4.1207481393233,18.73902842975173,0.0,28,0.38,2.15694290937488,0.0,38,8,25,884.516778118775,20.03299749295753,14.926369623291905,31.46630248308077,20,0.24,0.9506720929293964,0.0,24,8,13,440.41900223859847,3850,100,3,5
-4.121064547177685,10.7335661442597,0.0,18,0.38,1.9072315245979987,0.0,38,8,25,419.4376457935927,-4.538824709855091,10.622850303964483,-2.19722457733622,18,0.24,1.9007101616210853,-3.044522437723423,26,8,25,379.81046950312185,4.719628964607608,19.11979934062072,1.0986122886681098,29,0.37,1.3229349239878838,0.0,37,8,25,923.7956333358756,19.718334468126383,15.01344406082376,31.466302483080216,19,0.25,0.9580420224685556,0.0,25,8,38,443.1541125433544,3900,100,3,5
-3.7539840521962167,10.39973671691656,0.0,17,0.39,2.130998777696401,0.0,39,8,25,385.7000183427247,-4.180217193477495,10.29904755902279,-1.0986122886681098,17,0.25,2.2394227687016603,-3.044522437723423,26,8,25,346.23935891213017,5.056264235211707,18.77292764626059,2.19722457733622,28,0.37,1.9030845704035448,0.0,37,8,25,893.7366405664123,19.70224008900172,15.033697127977485,31.46630248307969,19,0.26,0.9580420224685556,0.0,26,8,13,440.419002238583,3950,100,3,5
-3.745511073592283,10.409564638835295,0.0,17,0.37,2.1527959547937274,0.0,37,8,25,388.6922287952064,-4.088881520345732,10.331164172129462,0.0,17,0.26,1.908259036209143,0.0,26,8,25,352.22301631282767,4.457383409927271,18.395936532139736,1.0986122886681098,27,0.38,2.15694290937488,0.0,38,8,25,854.1957012402944,20.01690311383217,14.947079497728843,31.46630248307918,20,0.25,0.9506720929293964,0.0,25,8,38,443.1541125433384,4000,100,3,5
-4.112591568573599,10.743378188096017,0.0,18,0.36,2.178547652442487,0.0,36,8,25,422.4176641819668,-4.447489036723175,10.65706471908214,-1.0986122886681098,18,0.25,2.259422768701085,0.0,25,8,25,385.8220946987349,4.120748139323063,18.73902842975044,0.0,28,0.38,2.15694290937488,0.0,38,8,25,884.5167781187153,20.032997492956174,14.926369623290862,31.466302483078618,20,0.24,0.9506720929293964,0.0,24,8,13,440.4190022385681,4050,100,3,5
-4.121064547177404,10.733566144258983,0.0,18,0.38,1.9072315245979987,0.0,38,8,25,419.4376457935646,-4.5388247098548105,10.622850303963776,-2.19722457733622,18,0.24,1.9007101616210853,-3.044522437723423,26,8,25,379.8104695030938,4.719628964607328,19.1197993406194,1.0986122886681098,29,0.37,1.3229349239878838,0.0,37,8,25,923.7956333358128,19.718334468125043,15.01344406082271,31.466302483078056,19,0.25,0.9580420224685556,0.0,25,8,38,443.1541125433232,4100,100,3,5
-3.7539840521959578,10.39973671691587,0.0,17,0.39,2.130998777696401,0.0,39,8,25,385.7000183426989,-4.180217193477236,10.299047559022103,-1.0986122886681098,17,0.25,2.2394227687016603,-3.044522437723423,26,8,25,346.2393589121044,5.056264235211404,18.772927646259298,2.19722457733622,28,0.37,1.9030845704035448,0.0,37,8,25,893.7366405663514,19.702240089000377,15.033697127976437,31.466302483077538,19,0.26,0.9580420224685556,0.0,26,8,13,440.4190022385526,4150,100,3,5
-3.745511073592024,10.409564638834604,0.0,17,0.37,2.1527959547937274,0.0,37,8,25,388.6922287951804,-4.088881520345472,10.331164172128778,0.0,17,0.26,1.908259036209143,0.0,26,8,25,352.2230163128017,4.457383409927012,18.39593653213847,1.0986122886681098,27,0.38,2.15694290937488,0.0,38,8,25,854.1957012402365,20.01690311383081,14.947079497727804,31.46630248307702,20,0.25,0.9506720929293964,0.0,25,8,38,443.1541125433072,4200,100,3,5
-4.112591568573318,10.743378188095305,0.0,18,0.36,2.178547652442487,0.0,36,8,25,422.41766418193873,-4.447489036722895,10.657064719081426,-1.0986122886681098,18,0.25,2.259422768701085,0.0,25,8,25,385.8220946987067,4.120748139322826,18.73902842974915,0.0,28,0.38,2.15694290937488,0.0,38,8,25,884.5167781186553,20.03299749295481,14.92636962328982,31.466302483076458,20,0.24,0.9506720929293964,0.0,24,8,13,440.4190022385376,4250,100,3,5
-4.121064547177124,10.733566144258267,0.0,18,0.38,1.9072315245979987,0.0,38,8,25,419.4376457935365,-4.53882470985453,10.622850303963062,-2.19722457733622,18,0.24,1.9007101616210853,-3.044522437723423,26,8,25,379.8104695030656,4.719628964607047,19.119799340618084,1.0986122886681098,29,0.37,1.3229349239878838,0.0,37,8,25,923.7956333357502,19.718334468123704,15.013444060821664,31.466302483075896,19,0.25,0.9580420224685556,0.0,25,8,38,443.15411254329183,4300,100,3,5
-3.7539840521956975,10.39973671691518,0.0,17,0.39,2.130998777696401,0.0,39,8,25,385.700018342673,-4.1802171934769765,10.29904755902142,-1.0986122886681098,17,0.25,2.2394227687016603,-3.044522437723423,26,8,25,346.2393589120784,5.056264235211102,18.772927646258,2.19722457733622,28,0.37,1.9030845704035448,0.0,37,8,25,893.7366405662906,19.70224008899904,15.033697127975389,31.466302483075378,19,0.26,0.9580420224685556,0.0,26,8,13,440.4190022385221,4350,100,3,5
-3.7455110735917647,10.409564638833912,0.0,17,0.37,2.1527959547937274,0.0,37,8,25,388.69222879515456,-4.088881520345213,10.331164172128087,0.0,17,0.26,1.908259036209143,0.0,26,8,25,352.22301631277577,4.457383409926752,18.395936532137203,1.0986122886681098,27,0.38,2.15694290937488,0.0,38,8,25,854.1957012401787,20.016903113829454,14.94707949772676,31.46630248307486,20,0.25,0.9506720929293964,0.0,25,8,38,443.1541125432759,4400,100,3,5
-4.112591568573038,10.743378188094589,0.0,18,0.36,2.178547652442487,0.0,36,8,25,422.4176641819106,-4.447489036722614,10.657064719080717,-1.0986122886681098,18,0.25,2.259422768701085,0.0,25,8,25,385.8220946986788,4.120748139322589,18.73902842974786,0.0,28,0.38,2.15694290937488,0.0,38,8,25,884.5167781185955,20.03299749295345,14.926369623288778,31.466302483074298,20,0.24,0.9506720929293964,0.0,24,8,13,440.4190022385073,4450,100,3,5
-4.121064547176842,10.733566144257551,0.0,18,0.38,1.9072315245979987,0.0,38,8,25,419.4376457935085,-4.538824709854249,10.62285030396235,-2.19722457733622,18,0.24,1.9007101616210853,-3.044522437723423,26,8,25,379.8104695030376,4.719628964606766,19.11979934061677,1.0986122886681098,29,0.37,1.3229349239878838,0.0,37,8,25,923.7956333356872,19.718334468122364,15.013444060820616,31.466302483073736,19,0.25,0.9580420224685556,0.0,25,8,38,443.1541125432606,4500,100,3,5
-3.753984052195439,10.39973671691449,0.0,17,0.39,2.130998777696401,0.0,39,8,25,385.7000183426471,-4.180217193476718,10.29904755902073,-1.0986122886681098,17,0.25,2.2394227687016603,-3.044522437723423,26,8,25,346.2393589120526,5.056264235210799,18.772927646256708,2.19722457733622,28,0.37,1.9030845704035448,0.0,37,8,25,893.7366405662298,19.70224008899769,15.033697127974335,31.466302483073218,19,0.26,0.9580420224685556,0.0,26,8,13,440.4190022384918,4550,100,3,5
-3.745511073591506,10.409564638833224,0.0,17,0.37,2.1527959547937274,0.0,37,8,25,388.69222879512864,-4.088881520344954,10.3311641721274,0.0,17,0.26,1.908259036209143,0.0,26,8,25,352.2230163127499,4.457383409926493,18.39593653213593,1.0986122886681098,27,0.38,2.15694290937488,0.0,38,8,25,854.1957012401207,20.016903113828093,14.94707949772572,31.4663024830727,20,0.25,0.9506720929293964,0.0,25,8,38,443.1541125432446,4600,100,3,5
-4.112591568572757,10.743378188093873,0.0,18,0.36,2.178547652442487,0.0,36,8,25,422.41766418188257,-4.447489036722334,10.65706471908,-1.0986122886681098,18,0.25,2.259422768701085,0.0,25,8,25,385.8220946986507,4.120748139322351,18.73902842974657,0.0,28,0.38,2.15694290937488,0.0,38,8,25,884.5167781185355,20.032997492952088,14.926369623287735,31.466302483072138,20,0.24,0.9506720929293964,0.0,24,8,13,440.4190022384769,4650,100,3,5
-4.1210645471765615,10.73356614425684,0.0,18,0.38,1.9072315245979987,0.0,38,8,25,419.4376457934804,-4.5388247098539685,10.62285030396164,-2.19722457733622,18,0.24,1.9007101616210853,-3.044522437723423,26,8,25,379.8104695030096,4.719628964606485,19.11979934061545,1.0986122886681098,29,0.37,1.3229349239878838,0.0,37,8,25,923.7956333356244,19.71833446812103,15.013444060819568,31.466302483071576,19,0.25,0.9580420224685556,0.0,25,8,38,443.15411254322936,4700,100,3,5
-3.7539840521951806,10.399736716913798,0.0,17,0.39,2.130998777696401,0.0,39,8,25,385.7000183426211,-4.180217193476459,10.299047559020044,-1.0986122886681098,17,0.25,2.2394227687016603,-3.044522437723423,26,8,25,346.23935891202666,5.056264235210496,18.77292764625541,2.19722457733622,28,0.37,1.9030845704035448,0.0,37,8,25,893.7366405661691,19.70224008899636,15.033697127973292,31.466302483071058,19,0.26,0.9580420224685556,0.0,26,8,13,440.41900223846136,4750,100,3,5
-3.745511073591246,10.409564638832531,0.0,17,0.37,2.1527959547937274,0.0,37,8,25,388.6922287951029,-4.088881520344694,10.331164172126716,0.0,17,0.26,1.908259036209143,0.0,26,8,25,352.223016312724,4.4573834099262335,18.39593653213467,1.0986122886681098,27,0.38,2.15694290937488,0.0,38,8,25,854.1957012400627,20.01690311382673,14.947079497724676,31.46630248307054,20,0.25,0.9506720929293964,0.0,25,8,38,443.1541125432134,4800,100,3,5
-4.112591568572476,10.74337818809316,0.0,18,0.36,2.178547652442487,0.0,36,8,25,422.4176641818545,-4.447489036722052,10.657064719079292,-1.0986122886681098,18,0.25,2.259422768701085,0.0,25,8,25,385.8220946986226,4.120748139322114,18.73902842974528,0.0,28,0.38,2.15694290937488,0.0,38,8,25,884.5167781184757,20.03299749295073,14.926369623286693,31.46630248306998,20,0.24,0.9506720929293964,0.0,24,8,13,440.4190022384466,4850,100,3,5
-4.121064547176281,10.733566144256123,0.0,18,0.38,1.9072315245979987,0.0,38,8,25,419.4376457934524,-4.538824709853688,10.622850303960927,-2.19722457733622,18,0.24,1.9007101616210853,-3.044522437723423,26,8,25,379.8104695029816,4.719628964606204,19.11979934061413,1.0986122886681098,29,0.37,1.3229349239878838,0.0,37,8,25,923.7956333355615,19.71833446811969,15.01344406081852,31.466302483069416,19,0.25,0.9580420224685556,0.0,25,8,38,443.154112543198,4900,100,3,5
-3.753984052194921,10.39973671691311,0.0,17,0.39,2.130998777696401,0.0,39,8,25,385.7000183425953,-4.180217193476199,10.29904755901936,-1.0986122886681098,17,0.25,2.2394227687016603,-3.044522437723423,26,8,25,346.23935891200085,5.056264235210194,18.77292764625412,2.19722457733622,28,0.37,1.9030845704035448,0.0,37,8,25,893.736640566108,19.70224008899502,15.033697127972244,31.466302483068898,19,0.26,0.9580420224685556,0.0,26,8,13,440.4190022384311,4950,100,3,5
-3.745511073590988,10.409564638831844,0.0,17,0.37,2.1527959547937274,0.0,37,8,25,388.6922287950769,-4.088881520344437,10.33116417212603,0.0,17,0.26,1.908259036209143,0.0,26,8,25,352.2230163126981,4.457383409925974,18.395936532133405,1.0986122886681098,27,0.38,2.15694290937488,0.0,38,8,25,854.1957012400048,20.016903113825368,14.947079497723632,31.466302483068382,20,0.25,0.9506720929293964,0.0,25,8,38,443.1541125431821,5000,100,3,5
-4.112591568572196,10.743378188092445,0.0,18,0.36,2.178547652442487,0.0,36,8,25,422.41766418182647,-4.447489036721771,10.65706471907858,-1.0986122886681098,18,0.25,2.259422768701085,0.0,25,8,25,385.8220946985945,4.120748139321876,18.739028429744,0.0,28,0.38,2.15694290937488,0.0,38,8,25,884.5167781184158,20.03299749294937,14.926369623285652,31.46630248306782,20,0.24,0.9506720929293964,0.0,24,8,13,440.4190022384161,5050,100,3,5
-4.121064547176,10.73356614425541,0.0,18,0.38,1.9072315245979987,0.0,38,8,25,419.43764579342434,-4.538824709853406,10.622850303960217,-2.19722457733622,18,0.24,1.9007101616210853,-3.044522437723423,26,8,25,379.8104695029535,4.719628964605923,19.11979934061281,1.0986122886681098,29,0.37,1.3229349239878838,0.0,37,8,25,923.7956333354988,19.71833446811835,15.013444060817474,31.466302483067256,19,0.25,0.9580420224685556,0.0,25,8,38,443.1541125431667,5100,100,3,5
-3.753984052194662,10.399736716912418,0.0,17,0.39,2.130998777696401,0.0,39,8,25,385.70001834256936,-4.180217193475941,10.299047559018671,-1.0986122886681098,17,0.25,2.2394227687016603,-3.044522437723423,26,8,25,346.2393589119749,5.056264235209892,18.772927646252825,2.19722457733622,28,0.37,1.9030845704035448,0.0,37,8,25,893.7366405660471,19.70224008899368,15.033697127971196,31.46630248306674,19,0.26,0.9580420224685556,0.0,26,8,13,440.4190022384007,5150,100,3,5
-3.745511073590728,10.409564638831156,0.0,17,0.37,2.1527959547937274,0.0,37,8,25,388.6922287950509,-4.088881520344177,10.331164172125344,0.0,17,0.26,1.908259036209143,0.0,26,8,25,352.22301631267214,4.457383409925715,18.395936532132133,1.0986122886681098,27,0.38,2.15694290937488,0.0,38,8,25,854.1957012399469,20.01690311382401,14.94707949772259,31.466302483066222,20,0.25,0.9506720929293964,0.0,25,8,38,443.1541125431508,5200,100,3,5
-4.112591568571914,10.74337818809173,0.0,18,0.36,2.178547652442487,0.0,36,8,25,422.4176641817984,-4.447489036721491,10.657064719077866,-1.0986122886681098,18,0.25,2.259422768701085,0.0,25,8,25,385.8220946985665,4.120748139321638,18.7390284297427,0.0,28,0.38,2.15694290937488,0.0,38,8,25,884.5167781183559,20.032997492948013,14.926369623284607,31.46630248306566,20,0.24,0.9506720929293964,0.0,24,8,13,440.41900223838576,5250,100,3,5
-4.12106454717572,10.733566144254691,0.0,18,0.38,1.9072315245979987,0.0,38,8,25,419.43764579339626,-4.538824709853126,10.622850303959504,-2.19722457733622,18,0.24,1.9007101616210853,-3.044522437723423,26,8,25,379.8104695029253,4.719628964605643,19.119799340611504,1.0986122886681098,29,0.37,1.3229349239878838,0.0,37,8,25,923.795633335436,19.718334468117007,15.013444060816424,31.4663024830651,19,0.25,0.9580420224685556,0.0,25,8,38,443.15411254313545,5300,100,3,5
-3.753984052194403,10.399736716911727,0.0,17,0.39,2.130998777696401,0.0,39,8,25,385.7000183425434,-4.1802171934756815,10.299047559017986,-1.0986122886681098,17,0.25,2.2394227687016603,-3.044522437723423,26,8,25,346.239358911949,5.05626423520959,18.77292764625153,2.19722457733622,28,0.37,1.9030845704035448,0.0,37,8,25,893.7366405659862,19.70224008899234,15.033697127970148,31.46630248306458,19,0.26,0.9580420224685556,0.0,26,8,13,440.41900223837024,5350,100,3,5
-3.745511073590469,10.409564638830464,0.0,17,0.37,2.1527959547937274,0.0,37,8,25,388.692228795025,-4.088881520343918,10.331164172124655,0.0,17,0.26,1.908259036209143,0.0,26,8,25,352.22301631264634,4.457383409925456,18.395936532130868,1.0986122886681098,27,0.38,2.15694290937488,0.0,38,8,25,854.1957012398889,20.016903113822647,14.947079497721548,31.466302483064062,20,0.25,0.9506720929293964,0.0,25,8,38,443.1541125431195,5400,100,3,5
-4.112591568571633,10.743378188091013,0.0,18,0.36,2.178547652442487,0.0,36,8,25,422.4176641817703,-4.44748903672121,10.657064719077152,-1.0986122886681098,18,0.25,2.259422768701085,0.0,25,8,25,385.8220946985384,4.1207481393214005,18.739028429741413,0.0,28,0.38,2.15694290937488,0.0,38,8,25,884.5167781182961,20.03299749294665,14.926369623283566,31.4663024830635,20,0.24,0.9506720929293964,0.0,24,8,13,440.41900223835535,5450,100,3,5
-4.121064547175439,10.73356614425398,0.0,18,0.38,1.9072315245979987,0.0,38,8,25,419.43764579336806,-4.538824709852845,10.622850303958792,-2.19722457733622,18,0.24,1.9007101616210853,-3.044522437723423,26,8,25,379.8104695028974,4.719628964605362,19.119799340610182,1.0986122886681098,29,0.37,1.3229349239878838,0.0,37,8,25,923.7956333353732,19.71833446811567,15.01344406081538,31.46630248306294,19,0.25,0.9580420224685556,0.0,25,8,38,443.1541125431041,5500,100,3,5
-3.753984052194144,10.399736716911036,0.0,17,0.39,2.130998777696401,0.0,39,8,25,385.7000183425174,-4.180217193475422,10.299047559017298,-1.0986122886681098,17,0.25,2.2394227687016603,-3.044522437723423,26,8,25,346.2393589119231,5.056264235209287,18.772927646250235,2.19722457733622,28,0.37,1.9030845704035448,0.0,37,8,25,893.7366405659254,19.702240088991,15.033697127969102,31.46630248306242,19,0.26,0.9580420224685556,0.0,26,8,13,440.41900223833983,5550,100,3,5
-3.74551107359021,10.409564638829774,0.0,17,0.37,2.1527959547937274,0.0,37,8,25,388.6922287949992,-4.088881520343659,10.331164172123968,0.0,17,0.26,1.908259036209143,0.0,26,8,25,352.2230163126204,4.457383409925197,18.395936532129603,1.0986122886681098,27,0.38,2.15694290937488,0.0,38,8,25,854.1957012398309,20.01690311382129,14.947079497720509,31.466302483061902,20,0.25,0.9506720929293964,0.0,25,8,38,443.1541125430883,5600,100,3,5
-4.112591568571353,10.7433781880903,0.0,18,0.36,2.178547652442487,0.0,36,8,25,422.4176641817422,-4.447489036720929,10.657064719076445,-1.0986122886681098,18,0.25,2.259422768701085,0.0,25,8,25,385.8220946985104,4.1207481393211625,18.739028429740124,0.0,28,0.38,2.15694290937488,0.0,38,8,25,884.5167781182363,20.03299749294529,14.926369623282524,31.46630248306134,20,0.24,0.9506720929293964,0.0,24,8,13,440.419002238325,5650,100,3,5
-4.121064547175157,10.73356614425326,0.0,18,0.38,1.9072315245979987,0.0,38,8,25,419.43764579334015,-4.538824709852564,10.62285030395808,-2.19722457733622,18,0.24,1.9007101616210853,-3.044522437723423,26,8,25,379.8104695028693,4.719628964605081,19.119799340608864,1.0986122886681098,29,0.37,1.3229349239878838,0.0,37,8,25,923.7956333353106,19.718334468114328,15.01344406081433,31.46630248306078,19,0.25,0.9580420224685556,0.0,25,8,38,443.1541125430729,5700,100,3,5
-3.753984052193884,10.399736716910349,0.0,17,0.39,2.130998777696401,0.0,39,8,25,385.7000183424916,-4.180217193475163,10.29904755901661,-1.0986122886681098,17,0.25,2.2394227687016603,-3.044522437723423,26,8,25,346.2393589118972,5.056264235208985,18.772927646248945,2.19722457733622,28,0.37,1.9030845704035448,0.0,37,8,25,893.7366405658646,19.70224008898966,15.033697127968052,31.46630248306026,19,0.26,0.9580420224685556,0.0,26,8,13,440.4190022383095,5750,100,3,5
-2.4247227449576165,11.6626641430948,0.0,23,0.34,2.1908410902554625,0.0,34,8,38,306.4044440719017,-1.5501640108762342,13.048730600744022,0.0,26,0.19,2.401863506913473,0.0,19,8,38,283.5574190719185,2.076342622617897,16.294641612708954,0.0,27,0.32,2.5419532662665385,0.0,32,8,25,582.971504240838,12.575657215712251,17.268940120938225,1.6094379124341005,22,0.32,1.5286707487058178,0.0,32,5,1,620.1482801856231,5800,100,3,5
-0.4410348285576629,13.45438634106684,0.0,27,0.3,2.640629464646818,0.0,30,10,50,465.0361618139249,2.373535936165077,15.990935435828897,2.19722457733622,35,0.11,2.2153188066628924,-2.19722457733622,18,10,10,664.353076067408,-1.651521276260096,11.808816545123614,0.0,20,0.23,2.061884845396472,0.0,23,10,20,308.2993113842177,0.9185240295538312,14.106975704615486,0.0,19,0.44,2.518668655562869,0.0,44,8,1,425.8768065473713,5850,100,3,5
0.2353640263794157,14.173066649068524,0.0,26,0.3,2.646439345755622,0.0,30,10,50,633.7522233996467,3.750045395134976,16.93184195432498,2.381086967398878,35,0.1,2.12192809586896,-2.19722457733622,20,10,10,764.2484252762904,-3.006817366434545,9.68976972740591,0.0,16,0.2,2.1219280954379376,-2.19722457733622,20,10,40,361.56154244117073,-3.612026283327004,9.38709674073174,0.0,15,0.5,1.960964048666856,0.0,50,10,40,356.7810270612524,5900,100,3,5
0.2353640263794158,14.173066649065454,0.0,26,0.3,2.646439345755622,0.0,30,10,50,633.7522233995085,3.750045395134285,16.931841954321282,2.381086967398878,35,0.1,2.12192809586896,-2.19722457733622,20,10,10,764.2484252761097,-3.0068173664338547,9.689769727403878,0.0,16,0.2,2.1219280954379376,-2.19722457733622,20,10,40,361.5615424411024,-3.612026283326313,9.387096740729692,0.0,15,0.5,1.960964048666856,0.0,50,10,40,356.781027061184,5950,100,3,5
0.2353640263794156,14.173066649062386,0.0,26,0.3,2.646439345755622,0.0,30,10,50,633.7522233993702,3.7500453951335935,16.93184195431758,2.381086967398878,35,0.1,2.12192809586896,-2.19722457733622,20,10,10,764.2484252759291,-3.006817366433164,9.689769727401847,0.0,16,0.2,2.1219280954379376,-2.19722457733622,20,10,40,361.5615424410341,-3.612026283325623,9.38709674072764,0.0,15,0.5,1.960964048666856,0.0,50,10,40,356.7810270611154,6000,100,3,5
0.2353640263794155,14.17306664905932,0.0,26,0.3,2.646439345755622,0.0,30,10,50,633.7522233992321,3.750045395132904,16.93184195431388,2.381086967398878,35,0.1,2.12192809586896,-2.19722457733622,20,10,10,764.2484252757483,-3.006817366432472,9.68976972739982,0.0,16,0.2,2.1219280954379376,-2.19722457733622,20,10,40,361.56154244096587,-3.6120262833249313,9.387096740725587,0.0,15,0.5,1.960964048666856,0.0,50,10,40,356.781027061047,6050,100,3,5
0.2353640263794154,14.17306664905625,0.0,26,0.3,2.646439345755622,0.0,30,10,50,633.752223399094,3.750045395132211,16.931841954310183,2.381086967398878,35,0.1,2.12192809586896,-2.19722457733622,20,10,10,764.2484252755676,-3.006817366431781,9.68976972739779,0.0,16,0.2,2.1219280954379376,-2.19722457733622,20,10,40,361.5615424408976,-3.61202628332424,9.387096740723536,0.0,15,0.5,1.960964048666856,0.0,50,10,40,356.7810270609785,6100,100,3,5
0.2353640263794157,14.17306664905318,0.0,26,0.3,2.646439345755622,0.0,30,10,50,633.7522233989557,3.75004539513152,16.931841954306485,2.381086967398878,35,0.1,2.12192809586896,-2.19722457733622,20,10,10,764.2484252753869,-3.0068173664310898,9.689769727395758,0.0,16,0.2,2.1219280954379376,-2.19722457733622,20,10,40,361.5615424408294,-3.612026283323549,9.38709674072149,0.0,15,0.5,1.960964048666856,0.0,50,10,40,356.78102706091,6150,100,3,5
0.2353640263794159,14.173066649050112,0.0,26,0.3,2.646439345755622,0.0,30,10,50,633.7522233988175,3.75004539513083,16.93184195430278,2.381086967398878,35,0.1,2.12192809586896,-2.19722457733622,20,10,10,764.2484252752062,-3.006817366430399,9.68976972739373,0.0,16,0.2,2.1219280954379376,-2.19722457733622,20,10,40,361.561542440761,-3.612026283322858,9.387096740719436,0.0,15,0.5,1.960964048666856,0.0,50,10,40,356.7810270608415,6200,100,3,5
0.7164588206677839,16.127302866234803,0.0,36,0.24,2.4731056672005143,0.0,24,3,50,578.3985046746539,3.621999213484585,17.54976905672584,2.19722457733622,44,0.09,2.3300801841860324,-2.19722457733622,17,10,10,721.8334152338487,-4.265517298962926,12.021875062137427,0.0,28,0.19,2.185829270868294,0.0,19,3,40,342.41144908273867,-5.229773569259798,11.156849564040732,0.0,25,0.41,2.3766339921569246,0.0,41,3,40,331.8842043897153,6250,100,3,5
-1.6455693084393967,14.198457617828078,0.0,37,0.26,2.674966161601877,0.0,26,8,12,303.92698092628706,-2.592023807943411,14.087489234072072,-2.19722457733622,37,0.18,2.7195357151111987,-3.044522437723423,18,8,12,376.61790947795134,1.2270864630880334,17.031173277926012,0.0,41,0.31,2.37263553817531,0.0,31,8,25,597.7779716146046,9.99422057309603,18.4395120047579,1.6094379124341005,39,0.21,1.7257747468287854,0.0,21,5,1,745.3762157154883,0,100,3,6
-4.112485167811215,10.743107281267884,0.0,18,0.36,2.178547652442487,0.0,36,8,25,422.40702772377625,-4.447382635960792,10.65679496179648,-1.0986122886681098,18,0.25,2.259422768701085,0.0,25,8,25,385.81145689316446,4.1206581079087385,18.738539715212283,0.0,28,0.38,2.15694290937488,0.0,38,8,25,884.494081796702,20.032481858492314,14.925974657457845,31.465484015675663,20,0.24,0.9506720929293964,0.0,24,8,13,440.4074845014136,50,100,3,6
-4.12095814641502,10.73329507377018,0.0,18,0.38,1.9072315245979987,0.0,38,8,25,419.42701099742686,-4.538718309092428,10.62258059267424,-2.19722457733622,18,0.24,1.9007101616210853,-3.044522437723423,26,8,25,379.7998339023734,4.719522563844943,19.11930027977708,1.0986122886681098,29,0.37,1.3229349239878838,0.0,37,8,25,923.7718416902794,19.71782701833521,15.013046983123656,31.465484015675106,19,0.25,0.9580420224685556,0.0,25,8,38,443.1422576222024,100,100,3,6
-3.753885836107604,10.39947499929094,0.0,17,0.39,2.130998777696401,0.0,39,8,25,385.69020014716415,-4.180118977388882,10.298787347479903,-1.0986122886681098,17,0.25,2.2394227687016603,-3.044522437723423,26,8,25,346.2295444566894,5.05614964977499,18.7724371953409,2.19722457733622,28,0.37,1.9030845704035448,0.0,37,8,25,893.7135779824891,19.70173263921054,15.033300041959311,31.465484015674583,19,0.26,0.9580420224685556,0.0,26,8,13,440.4074845013981,150,100,3,6
-3.745412857503669,10.409303088363766,0.0,17,0.37,2.1527959547937274,0.0,37,8,25,388.6824092514984,-4.088783304257118,10.330903901199791,0.0,17,0.26,1.908259036209143,0.0,26,8,25,352.2131987970864,4.457285193838656,18.39545633347096,1.0986122886681098,27,0.38,2.15694290937488,0.0,38,8,25,854.1737398204285,20.016387479366948,14.946684523924873,31.465484015674065,20,0.25,0.9506720929293964,0.0,25,8,38,443.14225762218655,200,100,3,6
-4.112485167810934,10.74310728126717,0.0,18,0.36,2.178547652442487,0.0,36,8,25,422.4070277237482,-4.447382635960511,10.65679496179577,-1.0986122886681098,18,0.25,2.259422768701085,0.0,25,8,25,385.81145689313627,4.1206581079085005,18.738539715210987,0.0,28,0.38,2.15694290937488,0.0,38,8,25,884.494081796642,20.03248185849095,14.9259746574568,31.465484015673503,20,0.24,0.9506720929293964,0.0,24,8,13,440.4074845013832,250,100,3,6
-4.120958146414739,10.733295073769463,0.0,18,0.38,1.9072315245979987,0.0,38,8,25,419.4270109973988,-4.538718309092146,10.622580592673526,-2.19722457733622,18,0.24,1.9007101616210853,-3.044522437723423,26,8,25,379.7998339023453,4.719522563844662,19.119300279775764,1.0986122886681098,29,0.37,1.3229349239878838,0.0,37,8,25,923.7718416902164,19.717827018333875,15.013046983122608,31.465484015672946,19,0.25,0.9580420224685556,0.0,25,8,38,443.1422576221712,300,100,3,6
-3.753885836107344,10.399474999290252,0.0,17,0.39,2.130998777696401,0.0,39,8,25,385.6902001471382,-4.180118977388623,10.298787347479214,-1.0986122886681098,17,0.25,2.2394227687016603,-3.044522437723423,26,8,25,346.22954445666346,5.056149649774687,18.7724371953396,2.19722457733622,28,0.37,1.9030845704035448,0.0,37,8,25,893.7135779824282,19.7017326392092,15.03330004195826,31.465484015672423,19,0.26,0.9580420224685556,0.0,26,8,13,440.4074845013676,350,100,3,6
-3.74541285750341,10.409303088363076,0.0,17,0.37,2.1527959547937274,0.0,37,8,25,388.6824092514725,-4.088783304256859,10.330903901199106,0.0,17,0.26,1.908259036209143,0.0,26,8,25,352.2131987970605,4.457285193838397,18.39545633346969,1.0986122886681098,27,0.38,2.15694290937488,0.0,38,8,25,854.1737398203707,20.01638747936559,14.94668452392383,31.465484015671905,20,0.25,0.9506720929293964,0.0,25,8,38,443.1422576221552,400,100,3,6
-4.112485167810654,10.743107281266456,0.0,18,0.36,2.178547652442487,0.0,36,8,25,422.4070277237201,-4.4473826359602295,10.656794961795056,-1.0986122886681098,18,0.25,2.259422768701085,0.0,25,8,25,385.8114568931083,4.120658107908263,18.738539715209697,0.0,28,0.38,2.15694290937488,0.0,38,8,25,884.494081796582,20.03248185848959,14.925974657455756,31.465484015671343,20,0.24,0.9506720929293964,0.0,24,8,13,440.4074845013528,450,100,3,6
-4.120958146414457,10.73329507376875,0.0,18,0.38,1.9072315245979987,0.0,38,8,25,419.4270109973708,-4.538718309091864,10.622580592672817,-2.19722457733622,18,0.24,1.9007101616210853,-3.044522437723423,26,8,25,379.7998339023173,4.719522563844381,19.119300279774446,1.0986122886681098,29,0.37,1.3229349239878838,0.0,37,8,25,923.7718416901538,19.717827018332528,15.01304698312156,31.46548401567078,19,0.25,0.9580420224685556,0.0,25,8,38,443.14225762213977,500,100,3,6
-3.753885836107085,10.39947499928956,0.0,17,0.39,2.130998777696401,0.0,39,8,25,385.6902001471123,-4.180118977388363,10.298787347478529,-1.0986122886681098,17,0.25,2.2394227687016603,-3.044522437723423,26,8,25,346.22954445663754,5.056149649774384,18.772437195338306,2.19722457733622,28,0.37,1.9030845704035448,0.0,37,8,25,893.7135779823675,19.70173263920786,15.033300041957212,31.46548401567026,19,0.26,0.9580420224685556,0.0,26,8,13,440.4074845013372,550,100,3,6
-3.745412857503151,10.409303088362382,0.0,17,0.37,2.1527959547937274,0.0,37,8,25,388.6824092514465,-4.0887833042566,10.330903901198418,0.0,17,0.26,1.908259036209143,0.0,26,8,25,352.21319879703464,4.457285193838137,18.39545633346842,1.0986122886681098,27,0.38,2.15694290937488,0.0,38,8,25,854.1737398203127,20.016387479364223,14.946684523922787,31.46548401566974,20,0.25,0.9506720929293964,0.0,25,8,38,443.1422576221239,600,100,3,6
-4.112485167810373,10.74310728126574,0.0,18,0.36,2.178547652442487,0.0,36,8,25,422.407027723692,-4.447382635959949,10.656794961794343,-1.0986122886681098,18,0.25,2.259422768701085,0.0,25,8,25,385.8114568930802,4.120658107908025,18.73853971520841,0.0,28,0.38,2.15694290937488,0.0,38,8,25,884.4940817965222,20.032481858488225,14.925974657454717,31.46548401566918,20,0.24,0.9506720929293964,0.0,24,8,13,440.4074845013223,650,100,3,6
-4.120958146414177,10.733295073768032,0.0,18,0.38,1.9072315245979987,0.0,38,8,25,419.4270109973426,-4.538718309091584,10.6225805926721,-2.19722457733622,18,0.24,1.9007101616210853,-3.044522437723423,26,8,25,379.7998339022892,4.7195225638441,19.119300279773128,1.0986122886681098,29,0.37,1.3229349239878838,0.0,37,8,25,923.7718416900908,19.717827018331192,15.013046983120509,31.46548401566862,19,0.25,0.9580420224685556,0.0,25,8,38,443.1422576221085,700,100,3,6
-3.7538858361068246,10.399474999288868,0.0,17,0.39,2.130998777696401,0.0,39,8,25,385.6902001470864,-4.180118977388103,10.298787347477845,-1.0986122886681098,17,0.25,2.2394227687016603,-3.044522437723423,26,8,25,346.2295444566117,5.056149649774082,18.77243719533701,2.19722457733622,28,0.37,1.9030845704035448,0.0,37,8,25,893.7135779823066,19.70173263920652,15.033300041956164,31.4654840156681,19,0.26,0.9580420224685556,0.0,26,8,13,440.4074845013068,750,100,3,6
-3.7454128575028913,10.409303088361694,0.0,17,0.37,2.1527959547937274,0.0,37,8,25,388.6824092514206,-4.08878330425634,10.330903901197733,0.0,17,0.26,1.908259036209143,0.0,26,8,25,352.2131987970086,4.457285193837879,18.395456333467155,1.0986122886681098,27,0.38,2.15694290937488,0.0,38,8,25,854.1737398202546,20.016387479362866,14.946684523921745,31.46548401566758,20,0.25,0.9506720929293964,0.0,25,8,38,443.1422576220926,800,100,3,6
-4.112485167810092,10.743107281265022,0.0,18,0.36,2.178547652442487,0.0,36,8,25,422.407027723664,-4.447382635959668,10.656794961793633,-1.0986122886681098,18,0.25,2.259422768701085,0.0,25,8,25,385.8114568930521,4.120658107907788,18.73853971520712,0.0,28,0.38,2.15694290937488,0.0,38,8,25,884.4940817964623,20.032481858486868,14.925974657453674,31.46548401566702,20,0.24,0.9506720929293964,0.0,24,8,13,440.4074845012919,850,100,3,6
-4.120958146413896,10.733295073767316,0.0,18,0.38,1.9072315245979987,0.0,38,8,25,419.4270109973145,-4.538718309091303,10.62258059267139,-2.19722457733622,18,0.24,1.9007101616210853,-3.044522437723423,26,8,25,379.7998339022611,4.719522563843819,19.11930027977181,1.0986122886681098,29,0.37,1.3229349239878838,0.0,37,8,25,923.7718416900282,19.717827018329853,15.013046983119462,31.46548401566646,19,0.25,0.9580420224685556,0.0,25,8,38,443.1422576220773,900,100,3,6
-3.7538858361065657,10.39947499928818,0.0,17,0.39,2.130998777696401,0.0,39,8,25,385.69020014706047,-4.180118977387844,10.298787347477154,-1.0986122886681098,17,0.25,2.2394227687016603,-3.044522437723423,26,8,25,346.22954445658576,5.05614964977378,18.77243719533572,2.19722457733622,28,0.37,1.9030845704035448,0.0,37,8,25,893.7135779822456,19.70173263920518,15.033300041955115,31.46548401566594,19,0.26,0.9580420224685556,0.0,26,8,13,440.4074845012764,950,100,3,6
-3.745412857502632,10.409303088361002,0.0,17,0.37,2.1527959547937274,0.0,37,8,25,388.6824092513948,-4.08878330425608,10.330903901197049,0.0,17,0.26,1.908259036209143,0.0,26,8,25,352.2131987969828,4.45728519383762,18.395456333465884,1.0986122886681098,27,0.38,2.15694290937488,0.0,38,8,25,854.1737398201965,20.01638747936149,14.946684523920702,31.46548401566542,20,0.25,0.9506720929293964,0.0,25,8,38,443.1422576220613,1000,100,3,6
-4.112485167809811,10.743107281264308,0.0,18,0.36,2.178547652442487,0.0,36,8,25,422.4070277236359,-4.447382635959388,10.65679496179292,-1.0986122886681098,18,0.25,2.259422768701085,0.0,25,8,25,385.811456893024,4.12065810790755,18.738539715205825,0.0,28,0.38,2.15694290937488,0.0,38,8,25,884.4940817964024,20.032481858485504,14.925974657452633,31.465484015664856,20,0.24,0.9506720929293964,0.0,24,8,13,440.4074845012616,1050,100,3,6
-4.120958146413615,10.733295073766602,0.0,18,0.38,1.9072315245979987,0.0,38,8,25,419.4270109972865,-4.5387183090910215,10.622580592670678,-2.19722457733622,18,0.24,1.9007101616210853,-3.044522437723423,26,8,25,379.79983390223305,4.7195225638435385,19.11930027977049,1.0986122886681098,29,0.37,1.3229349239878838,0.0,37,8,25,923.7718416899656,19.71782701832852,15.013046983118413,31.46548401566429,19,0.25,0.9580420224685556,0.0,25,8,38,443.1422576220459,1100,100,3,6
-3.7538858361063054,10.399474999287486,0.0,17,0.39,2.130998777696401,0.0,39,8,25,385.69020014703455,-4.180118977387584,10.298787347476466,-1.0986122886681098,17,0.25,2.2394227687016603,-3.044522437723423,26,8,25,346.2295444565598,5.056149649773477,18.772437195334422,2.19722457733622,28,0.37,1.9030845704035448,0.0,37,8,25,893.7135779821846,19.701732639203843,15.03330004195407,31.465484015663776,19,0.26,0.9580420224685556,0.0,26,8,13,440.407484501246,1150,100,3,6
-3.7454128575023726,10.409303088360312,0.0,17,0.37,2.1527959547937274,0.0,37,8,25,388.6824092513687,-4.088783304255821,10.33090390119636,0.0,17,0.26,1.908259036209143,0.0,26,8,25,352.2131987969569,4.45728519383736,18.39545633346461,1.0986122886681098,27,0.38,2.15694290937488,0.0,38,8,25,854.1737398201386,20.01638747936014,14.946684523919656,31.465484015663257,20,0.25,0.9506720929293964,0.0,25,8,38,443.14225762203006,1200,100,3,6
-4.112485167809529,10.74310728126359,0.0,18,0.36,2.178547652442487,0.0,36,8,25,422.40702772360777,-4.447382635959106,10.656794961792208,-1.0986122886681098,18,0.25,2.259422768701085,0.0,25,8,25,385.8114568929959,4.120658107907312,18.73853971520454,0.0,28,0.38,2.15694290937488,0.0,38,8,25,884.4940817963422,20.032481858484147,14.925974657451588,31.465484015662696,20,0.24,0.9506720929293964,0.0,24,8,13,440.4074845012311,1250,100,3,6
-4.120958146413334,10.733295073765886,0.0,18,0.38,1.9072315245979987,0.0,38,8,25,419.4270109972584,-4.538718309090741,10.622580592669967,-2.19722457733622,18,0.24,1.9007101616210853,-3.044522437723423,26,8,25,379.799833902205,4.719522563843257,19.119300279769178,1.0986122886681098,29,0.37,1.3229349239878838,0.0,37,8,25,923.7718416899024,19.71782701832717,15.013046983117366,31.46548401566213,19,0.25,0.9580420224685556,0.0,25,8,38,443.14225762201454,1300,100,3,6
-3.753885836106047,10.399474999286792,0.0,17,0.39,2.130998777696401,0.0,39,8,25,385.6902001470086,-4.180118977387326,10.29878734747578,-1.0986122886681098,17,0.25,2.2394227687016603,-3.044522437723423,26,8,25,346.2295444565338,5.056149649773175,18.77243719533313,2.19722457733622,28,0.37,1.9030845704035448,0.0,37,8,25,893.7135779821238,19.7017326392025,15.03330004195302,31.465484015661616,19,0.26,0.9580420224685556,0.0,26,8,13,440.4074845012156,1350,100,3,6
-3.745412857502113,10.40930308835962,0.0,17,0.37,2.1527959547937274,0.0,37,8,25,388.6824092513429,-4.0887833042555615,10.33090390119567,0.0,17,0.26,1.908259036209143,0.0,26,8,25,352.2131987969309,4.457285193837101,18.39545633346335,1.0986122886681098,27,0.38,2.15694290937488,0.0,38,8,25,854.1737398200805,20.016387479358777,14.946684523918616,31.465484015661097,20,0.25,0.9506720929293964,0.0,25,8,38,443.1422576219986,1400,100,3,6
-4.112485167809249,10.743107281262878,0.0,18,0.36,2.178547652442487,0.0,36,8,25,422.4070277235798,-4.447382635958825,10.656794961791494,-1.0986122886681098,18,0.25,2.259422768701085,0.0,25,8,25,385.8114568929678,4.120658107907075,18.738539715203245,0.0,28,0.38,2.15694290937488,0.0,38,8,25,884.4940817962824,20.032481858482782,14.925974657450544,31.465484015660536,20,0.24,0.9506720929293964,0.0,24,8,13,440.4074845012006,1450,100,3,6
-4.120958146413053,10.73329507376517,0.0,18,0.38,1.9072315245979987,0.0,38,8,25,419.4270109972303,-4.53871830909046,10.622580592669252,-2.19722457733622,18,0.24,1.9007101616210853,-3.044522437723423,26,8,25,379.7998339021769,4.719522563842975,19.119300279767856,1.0986122886681098,29,0.37,1.3229349239878838,0.0,37,8,25,923.7718416898396,19.717827018325835,15.013046983116316,31.46548401565997,19,0.25,0.9580420224685556,0.0,25,8,38,443.1422576219833,1500,100,3,6
-3.753885836105788,10.399474999286104,0.0,17,0.39,2.130998777696401,0.0,39,8,25,385.6902001469826,-4.180118977387067,10.298787347475091,-1.0986122886681098,17,0.25,2.2394227687016603,-3.044522437723423,26,8,25,346.22954445650794,5.056149649772872,18.77243719533183,2.19722457733622,28,0.37,1.9030845704035448,0.0,37,8,25,893.7135779820629,19.70173263920116,15.033300041951971,31.465484015659456,19,0.26,0.9580420224685556,0.0,26,8,13,440.4074845011851,1550,100,3,6
-3.745412857501854,10.40930308835893,0.0,17,0.37,2.1527959547937274,0.0,37,8,25,388.68240925131687,-4.088783304255302,10.330903901194985,0.0,17,0.26,1.908259036209143,0.0,26,8,25,352.2131987969049,4.457285193836841,18.39545633346208,1.0986122886681098,27,0.38,2.15694290937488,0.0,38,8,25,854.1737398200227,20.01638747935742,14.946684523917572,31.465484015658937,20,0.25,0.9506720929293964,0.0,25,8,38,443.1422576219673,1600,100,3,6
-4.112485167808967,10.743107281262164,0.0,18,0.36,2.178547652442487,0.0,36,8,25,422.4070277235517,-4.447382635958544,10.656794961790784,-1.0986122886681098,18,0.25,2.259422768701085,0.0,25,8,25,385.8114568929397,4.120658107906837,18.73853971520196,0.0,28,0.38,2.15694290937488,0.0,38,8,25,884.4940817962225,20.032481858481425,14.9259746574495,31.465484015658376,20,0.24,0.9506720929293964,0.0,24,8,13,440.4074845011703,1650,100,3,6
-4.120958146412772,10.733295073764454,0.0,18,0.38,1.9072315245979987,0.0,38,8,25,419.4270109972023,-4.538718309090179,10.62258059266854,-2.19722457733622,18,0.24,1.9007101616210853,-3.044522437723423,26,8,25,379.7998339021487,4.719522563842695,19.11930027976653,1.0986122886681098,29,0.37,1.3229349239878838,0.0,37,8,25,923.7718416897768,19.71782701832449,15.013046983115268,31.46548401565781,19,0.25,0.9580420224685556,0.0,25,8,38,443.142257621952,1700,100,3,6
-3.7538858361055287,10.399474999285411,0.0,17,0.39,2.130998777696401,0.0,39,8,25,385.6902001469568,-4.180118977386807,10.298787347474406,-1.0986122886681098,17,0.25,2.2394227687016603,-3.044522437723423,26,8,25,346.229544456482,5.056149649772568,18.772437195330536,2.19722457733622,28,0.37,1.9030845704035448,0.0,37,8,25,893.7135779820019,19.70173263919981,15.033300041950922,31.46548401565729,19,0.26,0.9580420224685556,0.0,26,8,13,440.4074845011547,1750,100,3,6
-3.745412857501595,10.40930308835824,0.0,17,0.37,2.1527959547937274,0.0,37,8,25,388.68240925129095,-4.088783304255043,10.330903901194295,0.0,17,0.26,1.908259036209143,0.0,26,8,25,352.2131987968791,4.457285193836582,18.39545633346081,1.0986122886681098,27,0.38,2.15694290937488,0.0,38,8,25,854.1737398199645,20.01638747935605,14.94668452391653,31.465484015656774,20,0.25,0.9506720929293964,0.0,25,8,38,443.14225762193615,1800,100,3,6
-4.1124851678086864,10.743107281261446,0.0,18,0.36,2.178547652442487,0.0,36,8,25,422.4070277235235,-4.447382635958263,10.65679496179007,-1.0986122886681098,18,0.25,2.259422768701085,0.0,25,8,25,385.8114568929117,4.120658107906599,18.738539715200663,0.0,28,0.38,2.15694290937488,0.0,38,8,25,884.4940817961625,20.03248185848006,14.925974657448458,31.46548401565621,20,0.24,0.9506720929293964,0.0,24,8,13,440.40748450113983,1850,100,3,6
-4.120958146412491,10.733295073763736,0.0,18,0.38,1.9072315245979987,0.0,38,8,25,419.4270109971742,-4.538718309089898,10.622580592667829,-2.19722457733622,18,0.24,1.9007101616210853,-3.044522437723423,26,8,25,379.7998339021207,4.719522563842414,19.11930027976522,1.0986122886681098,29,0.37,1.3229349239878838,0.0,37,8,25,923.771841689714,19.71782701832316,15.01304698311422,31.46548401565565,19,0.25,0.9580420224685556,0.0,25,8,38,443.1422576219206,1900,100,3,6
-3.753885836105269,10.399474999284722,0.0,17,0.39,2.130998777696401,0.0,39,8,25,385.6902001469308,-4.180118977386547,10.298787347473718,-1.0986122886681098,17,0.25,2.2394227687016603,-3.044522437723423,26,8,25,346.2295444564561,5.056149649772267,18.772437195329243,2.19722457733622,28,0.37,1.9030845704035448,0.0,37,8,25,893.7135779819411,19.70173263919848,15.033300041949875,31.46548401565513,19,0.26,0.9580420224685556,0.0,26,8,13,440.40748450112426,1950,100,3,6
-3.745412857501336,10.40930308835755,0.0,17,0.37,2.1527959547937274,0.0,37,8,25,388.68240925126497,-4.088783304254784,10.33090390119361,0.0,17,0.26,1.908259036209143,0.0,26,8,25,352.213198796853,4.457285193836324,18.395456333459546,1.0986122886681098,27,0.38,2.15694290937488,0.0,38,8,25,854.1737398199065,20.01638747935469,14.946684523915485,31.465484015654614,20,0.25,0.9506720929293964,0.0,25,8,38,443.1422576219048,2000,100,3,6
-4.112485167808406,10.743107281260732,0.0,18,0.36,2.178547652442487,0.0,36,8,25,422.4070277234954,-4.4473826359579824,10.65679496178936,-1.0986122886681098,18,0.25,2.259422768701085,0.0,25,8,25,385.8114568928835,4.120658107906362,18.738539715199376,0.0,28,0.38,2.15694290937488,0.0,38,8,25,884.4940817961026,20.0324818584787,14.925974657447414,31.46548401565405,20,0.24,0.9506720929293964,0.0,24,8,13,440.40748450110937,2050,100,3,6
-4.120958146412209,10.733295073763022,0.0,18,0.38,1.9072315245979987,0.0,38,8,25,419.427010997146,-4.538718309089616,10.622580592667116,-2.19722457733622,18,0.24,1.9007101616210853,-3.044522437723423,26,8,25,379.7998339020926,4.7195225638421325,19.119300279763905,1.0986122886681098,29,0.37,1.3229349239878838,0.0,37,8,25,923.7718416896512,19.71782701832181,15.013046983113169,31.465484015653487,19,0.25,0.9580420224685556,0.0,25,8,38,443.14225762188937,2100,100,3,6
-3.7538858361050096,10.39947499928403,0.0,17,0.39,2.130998777696401,0.0,39,8,25,385.6902001469049,-4.180118977386289,10.298787347473027,-1.0986122886681098,17,0.25,2.2394227687016603,-3.044522437723423,26,8,25,346.22954445643023,5.056149649771964,18.772437195327942,2.19722457733622,28,0.37,1.9030845704035448,0.0,37,8,25,893.7135779818801,19.70173263919714,15.033300041948824,31.46548401565297,19,0.26,0.9580420224685556,0.0,26,8,13,440.4074845010938,2150,100,3,6
-3.745412857501076,10.409303088356856,0.0,17,0.37,2.1527959547937274,0.0,37,8,25,388.6824092512391,-4.088783304254525,10.330903901192922,0.0,17,0.26,1.908259036209143,0.0,26,8,25,352.2131987968272,4.457285193836063,18.39545633345828,1.0986122886681098,27,0.38,2.15694290937488,0.0,38,8,25,854.1737398198485,20.01638747935333,14.946684523914442,31.46548401565245,20,0.25,0.9506720929293964,0.0,25,8,38,443.1422576218735,2200,100,3,6
-4.112485167808124,10.743107281260016,0.0,18,0.36,2.178547652442487,0.0,36,8,25,422.4070277234673,-4.447382635957701,10.656794961788648,-1.0986122886681098,18,0.25,2.259422768701085,0.0,25,8,25,385.81145689285546,4.120658107906123,18.738539715198087,0.0,28,0.38,2.15694290937488,0.0,38,8,25,884.4940817960426,20.032481858477333,14.925974657446371,31.46548401565189,20,0.24,0.9506720929293964,0.0,24,8,13,440.40748450107895,2250,100,3,6
-4.120958146411928,10.733295073762305,0.0,18,0.38,1.9072315245979987,0.0,38,8,25,419.4270109971179,-4.538718309089335,10.622580592666404,-2.19722457733622,18,0.24,1.9007101616210853,-3.044522437723423,26,8,25,379.7998339020645,4.719522563841852,19.119300279762584,1.0986122886681098,29,0.37,1.3229349239878838,0.0,37,8,25,923.7718416895884,19.71782701832048,15.01304698311212,31.465484015651327,19,0.25,0.9580420224685556,0.0,25,8,38,443.1422576218581,2300,100,3,6
-3.753885836104751,10.39947499928334,0.0,17,0.39,2.130998777696401,0.0,39,8,25,385.69020014687896,-4.180118977386029,10.298787347472343,-1.0986122886681098,17,0.25,2.2394227687016603,-3.044522437723423,26,8,25,346.2295444564043,5.056149649771662,18.77243719532665,2.19722457733622,28,0.37,1.9030845704035448,0.0,37,8,25,893.7135779818193,19.701732639195804,15.033300041947776,31.46548401565081,19,0.26,0.9580420224685556,0.0,26,8,13,440.4074845010634,2350,100,3,6
-3.745412857500817,10.409303088356166,0.0,17,0.37,2.1527959547937274,0.0,37,8,25,388.68240925121313,-4.088783304254266,10.330903901192237,0.0,17,0.26,1.908259036209143,0.0,26,8,25,352.21319879680124,4.457285193835804,18.395456333457005,1.0986122886681098,27,0.38,2.15694290937488,0.0,38,8,25,854.1737398197906,20.016387479351973,14.9466845239134,31.46548401565029,20,0.25,0.9506720929293964,0.0,25,8,38,443.1422576218421,2400,100,3,6
-4.112485167807844,10.743107281259302,0.0,18,0.36,2.178547652442487,0.0,36,8,25,422.4070277234393,-4.44738263595742,10.656794961787933,-1.0986122886681098,18,0.25,2.259422768701085,0.0,25,8,25,385.8114568928273,4.120658107905886,18.73853971519679,0.0,28,0.38,2.15694290937488,0.0,38,8,25,884.4940817959828,20.03248185847597,14.925974657445328,31.46548401564973,20,0.24,0.9506720929293964,0.0,24,8,13,440.4074845010485,2450,100,3,6
-4.120958146411647,10.73329507376159,0.0,18,0.38,1.9072315245979987,0.0,38,8,25,419.42701099709,-4.538718309089054,10.622580592665692,-2.19722457733622,18,0.24,1.9007101616210853,-3.044522437723423,26,8,25,379.7998339020364,4.71952256384157,19.11930027976127,1.0986122886681098,29,0.37,1.3229349239878838,0.0,37,8,25,923.7718416895256,19.71782701831913,15.013046983111074,31.465484015649167,19,0.25,0.9580420224685556,0.0,25,8,38,443.1422576218268,2500,100,3,6
-3.7538858361044913,10.399474999282647,0.0,17,0.39,2.130998777696401,0.0,39,8,25,385.6902001468532,-4.18011897738577,10.298787347471658,-1.0986122886681098,17,0.25,2.2394227687016603,-3.044522437723423,26,8,25,346.2295444563784,5.056149649771359,18.772437195325352,2.19722457733622,28,0.37,1.9030845704035448,0.0,37,8,25,893.7135779817582,19.70173263919446,15.03330004194673,31.46548401564865,19,0.26,0.9580420224685556,0.0,26,8,13,440.407484501033,2550,100,3,6
-3.7454128575005567,10.409303088355475,0.0,17,0.37,2.1527959547937274,0.0,37,8,25,388.68240925118727,-4.088783304254005,10.330903901191547,0.0,17,0.26,1.908259036209143,0.0,26,8,25,352.2131987967753,4.457285193835545,18.39545633345574,1.0986122886681098,27,0.38,2.15694290937488,0.0,38,8,25,854.1737398197325,20.01638747935061,14.946684523912356,31.46548401564813,20,0.25,0.9506720929293964,0.0,25,8,38,443.14225762181087,2600,100,3,6
-4.112485167807562,10.743107281258585,0.0,18,0.36,2.178547652442487,0.0,36,8,25,422.4070277234112,-4.447382635957139,10.65679496178722,-1.0986122886681098,18,0.25,2.259422768701085,0.0,25,8,25,385.8114568927992,4.120658107905648,18.7385397151955,0.0,28,0.38,2.15694290937488,0.0,38,8,25,884.4940817959229,20.03248185847461,14.925974657444284,31.46548401564757,20,0.24,0.9506720929293964,0.0,24,8,13,440.407484501018,2650,100,3,6
-4.120958146411367,10.733295073760877,0.0,18,0.38,1.9072315245979987,0.0,38,8,25,419.42701099706176,-4.5387183090887735,10.62258059266498,-2.19722457733622,18,0.24,1.9007101616210853,-3.044522437723423,26,8,25,379.79983390200834,4.71952256384129,19.11930027975995,1.0986122886681098,29,0.37,1.3229349239878838,0.0,37,8,25,923.7718416894628,19.717827018317795,15.013046983110025,31.465484015647004,19,0.25,0.9580420224685556,0.0,25,8,38,443.1422576217954,2700,100,3,6
-3.753885836104232,10.399474999281958,0.0,17,0.39,2.130998777696401,0.0,39,8,25,385.6902001468271,-4.180118977385511,10.298787347470968,-1.0986122886681098,17,0.25,2.2394227687016603,-3.044522437723423,26,8,25,346.22954445635247,5.056149649771057,18.77243719532406,2.19722457733622,28,0.37,1.9030845704035448,0.0,37,8,25,893.7135779816974,19.701732639193125,15.03330004194568,31.465484015646485,19,0.26,0.9580420224685556,0.0,26,8,13,440.4074845010026,2750,100,3,6
-3.745412857500298,10.409303088354786,0.0,17,0.37,2.1527959547937274,0.0,37,8,25,388.68240925116135,-4.088783304253746,10.33090390119086,0.0,17,0.26,1.908259036209143,0.0,26,8,25,352.2131987967494,4.457285193835285,18.39545633345447,1.0986122886681098,27,0.38,2.15694290937488,0.0,38,8,25,854.1737398196746,20.01638747934925,14.946684523911312,31.465484015645966,20,0.25,0.9506720929293964,0.0,25,8,38,443.1422576217795,2800,100,3,6
-4.112485167807281,10.743107281257869,0.0,18,0.36,2.178547652442487,0.0,36,8,25,422.407027723383,-4.447382635956858,10.65679496178651,-1.0986122886681098,18,0.25,2.259422768701085,0.0,25,8,25,385.8114568927711,4.12065810790541,18.73853971519421,0.0,28,0.38,2.15694290937488,0.0,38,8,25,884.4940817958629,20.03248185847325,14.925974657443245,31.465484015645405,20,0.24,0.9506720929293964,0.0,24,8,13,440.4074845009877,2850,100,3,6
-4.120958146411086,10.73329507376016,0.0,18,0.38,1.9072315245979987,0.0,38,8,25,419.4270109970337,-4.538718309088492,10.622580592664267,-2.19722457733622,18,0.24,1.9007101616210853,-3.044522437723423,26,8,25,379.7998339019802,4.719522563841009,19.11930027975864,1.0986122886681098,29,0.37,1.3229349239878838,0.0,37,8,25,923.7718416893998,19.71782701831645,15.013046983108977,31.465484015644844,19,0.25,0.9580420224685556,0.0,25,8,38,443.1422576217641,2900,100,3,6
-3.753885836103973,10.399474999281267,0.0,17,0.39,2.130998777696401,0.0,39,8,25,385.69020014680126,-4.180118977385251,10.298787347470284,-1.0986122886681098,17,0.25,2.2394227687016603,-3.044522437723423,26,8,25,346.2295444563265,5.056149649770754,18.77243719532277,2.19722457733622,28,0.37,1.9030845704035448,0.0,37,8,25,893.7135779816367,19.701732639191786,15.03330004194463,31.465484015644325,19,0.26,0.9580420224685556,0.0,26,8,13,440.4074845009722,2950,100,3,6
-3.74541285750004,10.409303088354095,0.0,17,0.37,2.1527959547937274,0.0,37,8,25,388.6824092511354,-4.088783304253487,10.330903901190172,0.0,17,0.26,1.908259036209143,0.0,26,8,25,352.2131987967235,4.457285193835026,18.395456333453204,1.0986122886681098,27,0.38,2.15694290937488,0.0,38,8,25,854.1737398196166,20.016387479347888,14.946684523910273,31.465484015643806,20,0.25,0.9506720929293964,0.0,25,8,38,443.1422576217482,3000,100,3,6
-4.112485167807001,10.743107281257153,0.0,18,0.36,2.178547652442487,0.0,36,8,25,422.4070277233549,-4.447382635956577,10.656794961785796,-1.0986122886681098,18,0.25,2.259422768701085,0.0,25,8,25,385.811456892743,4.1206581079051725,18.738539715192925,0.0,28,0.38,2.15694290937488,0.0,38,8,25,884.4940817958028,20.032481858471886,14.9259746574422,31.465484015643245,20,0.24,0.9506720929293964,0.0,24,8,13,440.40748450095737,3050,100,3,6
-4.120958146410805,10.733295073759445,0.0,18,0.38,1.9072315245979987,0.0,38,8,25,419.4270109970057,-4.538718309088211,10.622580592663557,-2.19722457733622,18,0.24,1.9007101616210853,-3.044522437723423,26,8,25,379.7998339019521,4.719522563840728,19.11930027975731,1.0986122886681098,29,0.37,1.3229349239878838,0.0,37,8,25,923.7718416893372,19.71782701831512,15.013046983107929,31.465484015642684,19,0.25,0.9580420224685556,0.0,25,8,38,443.1422576217328,3100,100,3,6
-3.7538858361037137,10.399474999280576,0.0,17,0.39,2.130998777696401,0.0,39,8,25,385.69020014677534,-4.180118977384992,10.298787347469595,-1.0986122886681098,17,0.25,2.2394227687016603,-3.044522437723423,26,8,25,346.22954445630063,5.05614964977045,18.77243719532147,2.19722457733622,28,0.37,1.9030845704035448,0.0,37,8,25,893.7135779815757,19.70173263919044,15.033300041943583,31.465484015642165,19,0.26,0.9580420224685556,0.0,26,8,13,440.4074845009417,3150,100,3,6
-3.745412857499779,10.409303088353404,0.0,17,0.37,2.1527959547937274,0.0,37,8,25,388.6824092511095,-4.088783304253227,10.330903901189483,0.0,17,0.26,1.908259036209143,0.0,26,8,25,352.2131987966976,4.457285193834767,18.395456333451936,1.0986122886681098,27,0.38,2.15694290937488,0.0,38,8,25,854.1737398195586,20.01638747934653,14.946684523909228,31.46548401564165,20,0.25,0.9506720929293964,0.0,25,8,38,443.14225762171696,3200,100,3,6
-4.11248516780672,10.74310728125644,0.0,18,0.36,2.178547652442487,0.0,36,8,25,422.40702772332696,-4.447382635956297,10.656794961785083,-1.0986122886681098,18,0.25,2.259422768701085,0.0,25,8,25,385.8114568927151,4.120658107904935,18.73853971519163,0.0,28,0.38,2.15694290937488,0.0,38,8,25,884.4940817957431,20.03248185847053,14.925974657441156,31.46548401564108,20,0.24,0.9506720929293964,0.0,24,8,13,440.40748450092696,3250,100,3,6
-4.1209581464105245,10.733295073758727,0.0,18,0.38,1.9072315245979987,0.0,38,8,25,419.4270109969776,-4.538718309087931,10.622580592662844,-2.19722457733622,18,0.24,1.9007101616210853,-3.044522437723423,26,8,25,379.7998339019241,4.719522563840448,19.119300279756,1.0986122886681098,29,0.37,1.3229349239878838,0.0,37,8,25,923.7718416892744,19.71782701831377,15.01304698310688,31.46548401564052,19,0.25,0.9580420224685556,0.0,25,8,38,443.1422576217015,3300,100,3,6
-3.753885836103454,10.399474999279889,0.0,17,0.39,2.130998777696401,0.0,39,8,25,385.6902001467493,-4.1801189773847325,10.298787347468908,-1.0986122886681098,17,0.25,2.2394227687016603,-3.044522437723423,26,8,25,346.2295444562747,5.056149649770149,18.77243719532018,2.19722457733622,28,0.37,1.9030845704035448,0.0,37,8,25,893.7135779815147,19.7017326391891,15.033300041942534,31.46548401564,19,0.26,0.9580420224685556,0.0,26,8,13,440.40748450091127,3350,100,3,6
-3.74541285749952,10.409303088352711,0.0,17,0.37,2.1527959547937274,0.0,37,8,25,388.6824092510835,-4.088783304252968,10.330903901188798,0.0,17,0.26,1.908259036209143,0.0,26,8,25,352.2131987966717,4.457285193834506,18.39545633345067,1.0986122886681098,27,0.38,2.15694290937488,0.0,38,8,25,854.1737398195005,20.016387479345163,14.946684523908184,31.465484015639483,20,0.25,0.9506720929293964,0.0,25,8,38,443.1422576216856,3400,100,3,6
-4.112485167806439,10.743107281255725,0.0,18,0.36,2.178547652442487,0.0,36,8,25,422.4070277232989,-4.447382635956015,10.656794961784373,-1.0986122886681098,18,0.25,2.259422768701085,0.0,25,8,25,385.811456892687,4.120658107904697,18.738539715190345,0.0,28,0.38,2.15694290937488,0.0,38,8,25,884.4940817956832,20.032481858469165,14.925974657440111,31.46548401563892,20,0.24,0.9506720929293964,0.0,24,8,13,440.4074845008965,3450,100,3,6
-4.120958146410243,10.733295073758011,0.0,18,0.38,1.9072315245979987,0.0,38,8,25,419.4270109969495,-4.53871830908765,10.622580592662132,-2.19722457733622,18,0.24,1.9007101616210853,-3.044522437723423,26,8,25,379.799833901896,4.719522563840167,19.11930027975468,1.0986122886681098,29,0.37,1.3229349239878838,0.0,37,8,25,923.7718416892116,19.71782701831244,15.013046983105829,31.46548401563836,19,0.25,0.9580420224685556,0.0,25,8,38,443.1422576216703,3500,100,3,6
-3.7538858361031946,10.399474999279194,0.0,17,0.39,2.130998777696401,0.0,39,8,25,385.6902001467234,-4.180118977384473,10.298787347468222,-1.0986122886681098,17,0.25,2.2394227687016603,-3.044522437723423,26,8,25,346.22954445624885,5.056149649769846,18.77243719531888,2.19722457733622,28,0.37,1.9030845704035448,0.0,37,8,25,893.713577981454,19.701732639187764,15.033300041941486,31.46548401563784,19,0.26,0.9580420224685556,0.0,26,8,13,440.40748450088097,3550,100,3,6
-3.745412857499261,10.409303088352024,0.0,17,0.37,2.1527959547937274,0.0,37,8,25,388.6824092510576,-4.0887833042527095,10.330903901188112,0.0,17,0.26,1.908259036209143,0.0,26,8,25,352.21319879664566,4.457285193834247,18.3954563334494,1.0986122886681098,27,0.38,2.15694290937488,0.0,38,8,25,854.1737398194425,20.016387479343805,14.94668452390714,31.465484015637323,20,0.25,0.9506720929293964,0.0,25,8,38,443.1422576216543,3600,100,3,6
-4.112485167806158,10.743107281255009,0.0,18,0.36,2.178547652442487,0.0,36,8,25,422.4070277232707,-4.447382635955735,10.65679496178366,-1.0986122886681098,18,0.25,2.259422768701085,0.0,25,8,25,385.8114568926589,4.120658107904458,18.73853971518905,0.0,28,0.38,2.15694290937488,0.0,38,8,25,884.4940817956231,20.032481858467804,14.92597465743907,31.46548401563676,20,0.24,0.9506720929293964,0.0,24,8,13,440.4074845008661,3650,100,3,6
-4.120958146409962,10.733295073757295,0.0,18,0.38,1.9072315245979987,0.0,38,8,25,419.4270109969215,-4.538718309087369,10.62258059266142,-2.19722457733622,18,0.24,1.9007101616210853,-3.044522437723423,26,8,25,379.799833901868,4.719522563839885,19.11930027975336,1.0986122886681098,29,0.37,1.3229349239878838,0.0,37,8,25,923.7718416891488,19.71782701831109,15.013046983104784,31.4654840156362,19,0.25,0.9580420224685556,0.0,25,8,38,443.1422576216389,3700,100,3,6
-3.753885836102935,10.399474999278503,0.0,17,0.39,2.130998777696401,0.0,39,8,25,385.6902001466975,-4.180118977384214,10.298787347467536,-1.0986122886681098,17,0.25,2.2394227687016603,-3.044522437723423,26,8,25,346.2295444562229,5.056149649769544,18.772437195317583,2.19722457733622,28,0.37,1.9030845704035448,0.0,37,8,25,893.7135779813929,19.70173263918642,15.033300041940436,31.46548401563568,19,0.26,0.9580420224685556,0.0,26,8,13,440.4074845008504,3750,100,3,6
-3.7454128574990007,10.409303088351331,0.0,17,0.37,2.1527959547937274,0.0,37,8,25,388.6824092510317,-4.088783304252448,10.330903901187424,0.0,17,0.26,1.908259036209143,0.0,26,8,25,352.2131987966198,4.457285193833988,18.39545633344813,1.0986122886681098,27,0.38,2.15694290937488,0.0,38,8,25,854.1737398193848,20.01638747934244,14.946684523906097,31.465484015635163,20,0.25,0.9506720929293964,0.0,25,8,38,443.1422576216231,3800,100,3,6
-4.112485167805876,10.743107281254291,0.0,18,0.36,2.178547652442487,0.0,36,8,25,422.4070277232426,-4.447382635955453,10.656794961782948,-1.0986122886681098,18,0.25,2.259422768701085,0.0,25,8,25,385.8114568926307,4.12065810790422,18.738539715187763,0.0,28,0.38,2.15694290937488,0.0,38,8,25,884.4940817955631,20.03248185846644,14.925974657438028,31.4654840156346,20,0.24,0.9506720929293964,0.0,24,8,13,440.40748450083566,3850,100,3,6
-4.120958146409682,10.73329507375658,0.0,18,0.38,1.9072315245979987,0.0,38,8,25,419.4270109968934,-4.538718309087089,10.622580592660707,-2.19722457733622,18,0.24,1.9007101616210853,-3.044522437723423,26,8,25,379.7998339018399,4.719522563839605,19.119300279752043,1.0986122886681098,29,0.37,1.3229349239878838,0.0,37,8,25,923.7718416890856,19.717827018309755,15.013046983103736,31.46548401563404,19,0.25,0.9580420224685556,0.0,25,8,38,443.14225762160765,3900,100,3,6
-3.753885836102676,10.39947499927781,0.0,17,0.39,2.130998777696401,0.0,39,8,25,385.69020014667154,-4.180118977383954,10.298787347466844,-1.0986122886681098,17,0.25,2.2394227687016603,-3.044522437723423,26,8,25,346.22954445619695,5.0561496497692415,18.77243719531629,2.19722457733622,28,0.37,1.9030845704035448,0.0,37,8,25,893.713577981332,19.701732639185085,15.033300041939388,31.46548401563352,19,0.26,0.9580420224685556,0.0,26,8,13,440.40748450082015,3950,100,3,6
-3.745412857498741,10.409303088350642,0.0,17,0.37,2.1527959547937274,0.0,37,8,25,388.68240925100577,-4.08878330425219,10.330903901186735,0.0,17,0.26,1.908259036209143,0.0,26,8,25,352.213198796594,4.457285193833729,18.395456333446862,1.0986122886681098,27,0.38,2.15694290937488,0.0,38,8,25,854.1737398193266,20.01638747934108,14.946684523905054,31.465484015633,20,0.25,0.9506720929293964,0.0,25,8,38,443.1422576215917,4000,100,3,6
-4.112485167805596,10.74310728125358,0.0,18,0.36,2.178547652442487,0.0,36,8,25,422.4070277232146,-4.447382635955172,10.656794961782236,-1.0986122886681098,18,0.25,2.259422768701085,0.0,25,8,25,385.81145689260256,4.120658107903983,18.738539715186462,0.0,28,0.38,2.15694290937488,0.0,38,8,25,884.4940817955031,20.032481858465083,14.925974657436983,31.46548401563244,20,0.24,0.9506720929293964,0.0,24,8,13,440.40748450080525,4050,100,3,6
-4.120958146409401,10.733295073755864,0.0,18,0.38,1.9072315245979987,0.0,38,8,25,419.4270109968653,-4.538718309086807,10.622580592659997,-2.19722457733622,18,0.24,1.9007101616210853,-3.044522437723423,26,8,25,379.7998339018117,4.719522563839324,19.119300279750725,1.0986122886681098,29,0.37,1.3229349239878838,0.0,37,8,25,923.7718416890232,19.717827018308416,15.013046983102685,31.46548401563188,19,0.25,0.9580420224685556,0.0,25,8,38,443.14225762157633,4100,100,3,6
-3.753885836102417,10.399474999277118,0.0,17,0.39,2.130998777696401,0.0,39,8,25,385.6902001466456,-4.180118977383695,10.298787347466158,-1.0986122886681098,17,0.25,2.2394227687016603,-3.044522437723423,26,8,25,346.229544456171,5.056149649768939,18.772437195315,2.19722457733622,28,0.37,1.9030845704035448,0.0,37,8,25,893.7135779812711,19.701732639183746,15.033300041938338,31.46548401563136,19,0.26,0.9580420224685556,0.0,26,8,13,440.4074845007898,4150,100,3,6
-3.745412857498482,10.409303088349953,0.0,17,0.37,2.1527959547937274,0.0,37,8,25,388.6824092509799,-4.088783304251931,10.330903901186046,0.0,17,0.26,1.908259036209143,0.0,26,8,25,352.213198796568,4.45728519383347,18.3954563334456,1.0986122886681098,27,0.38,2.15694290937488,0.0,38,8,25,854.1737398192686,20.01638747933972,14.946684523904011,31.46548401563084,20,0.25,0.9506720929293964,0.0,25,8,38,443.1422576215604,4200,100,3,6
-4.112485167805315,10.743107281252865,0.0,18,0.36,2.178547652442487,0.0,36,8,25,422.4070277231866,-4.447382635954892,10.656794961781523,-1.0986122886681098,18,0.25,2.259422768701085,0.0,25,8,25,385.81145689257454,4.120658107903745,18.738539715185183,0.0,28,0.38,2.15694290937488,0.0,38,8,25,884.4940817954435,20.03248185846372,14.925974657435942,31.46548401563028,20,0.24,0.9506720929293964,0.0,24,8,13,440.40748450077473,4250,100,3,6
-4.120958146409119,10.73329507375515,0.0,18,0.38,1.9072315245979987,0.0,38,8,25,419.4270109968371,-4.538718309086526,10.622580592659284,-2.19722457733622,18,0.24,1.9007101616210853,-3.044522437723423,26,8,25,379.7998339017837,4.719522563839043,19.119300279749407,1.0986122886681098,29,0.37,1.3229349239878838,0.0,37,8,25,923.7718416889602,19.71782701830708,15.013046983101637,31.46548401562972,19,0.25,0.9580420224685556,0.0,25,8,38,443.142257621545,4300,100,3,6
-3.753885836102157,10.399474999276428,0.0,17,0.39,2.130998777696401,0.0,39,8,25,385.6902001466197,-4.180118977383436,10.298787347465472,-1.0986122886681098,17,0.25,2.2394227687016603,-3.044522437723423,26,8,25,346.2295444561451,5.056149649768635,18.772437195313696,2.19722457733622,28,0.37,1.9030845704035448,0.0,37,8,25,893.7135779812102,19.701732639182406,15.033300041937292,31.4654840156292,19,0.26,0.9580420224685556,0.0,26,8,13,440.4074845007593,4350,100,3,6
-3.7454128574982217,10.409303088349262,0.0,17,0.37,2.1527959547937274,0.0,37,8,25,388.68240925095387,-4.08878330425167,10.33090390118536,0.0,17,0.26,1.908259036209143,0.0,26,8,25,352.213198796542,4.45728519383321,18.395456333444333,1.0986122886681098,27,0.38,2.15694290937488,0.0,38,8,25,854.1737398192107,20.01638747933836,14.94668452390297,31.46548401562868,20,0.25,0.9506720929293964,0.0,25,8,38,443.1422576215291,4400,100,3,6
-4.112485167805034,10.743107281252149,0.0,18,0.36,2.178547652442487,0.0,36,8,25,422.4070277231584,-4.44738263595461,10.656794961780813,-1.0986122886681098,18,0.25,2.259422768701085,0.0,25,8,25,385.81145689254646,4.120658107903508,18.73853971518389,0.0,28,0.38,2.15694290937488,0.0,38,8,25,884.4940817953832,20.03248185846236,14.925974657434898,31.46548401562812,20,0.24,0.9506720929293964,0.0,24,8,13,440.4074845007445,4450,100,3,6
-4.120958146408839,10.733295073754432,0.0,18,0.38,1.9072315245979987,0.0,38,8,25,419.4270109968091,-4.538718309086246,10.62258059265857,-2.19722457733622,18,0.24,1.9007101616210853,-3.044522437723423,26,8,25,379.7998339017555,4.719522563838762,19.119300279748085,1.0986122886681098,29,0.37,1.3229349239878838,0.0,37,8,25,923.7718416888972,19.71782701830573,15.013046983100589,31.46548401562756,19,0.25,0.9580420224685556,0.0,25,8,38,443.1422576215138,4500,100,3,6
-3.7538858361018974,10.399474999275736,0.0,17,0.39,2.130998777696401,0.0,39,8,25,385.6902001465938,-4.180118977383176,10.298787347464788,-1.0986122886681098,17,0.25,2.2394227687016603,-3.044522437723423,26,8,25,346.2295444561192,5.056149649768333,18.772437195312403,2.19722457733622,28,0.37,1.9030845704035448,0.0,37,8,25,893.7135779811493,19.70173263918106,15.033300041936242,31.46548401562704,19,0.26,0.9580420224685556,0.0,26,8,13,440.4074845007289,4550,100,3,6
-3.7454128574979615,10.409303088348569,0.0,17,0.37,2.1527959547937274,0.0,37,8,25,388.682409250928,-4.088783304251411,10.330903901184673,0.0,17,0.26,1.908259036209143,0.0,26,8,25,352.21319879651617,4.45728519383295,18.39545633344306,1.0986122886681098,27,0.38,2.15694290937488,0.0,38,8,25,854.1737398191527,20.01638747933699,14.946684523901924,31.465484015626515,20,0.25,0.9506720929293964,0.0,25,8,38,443.1422576214979,4600,100,3,6
-4.112485167804753,10.743107281251431,0.0,18,0.36,2.178547652442487,0.0,36,8,25,422.4070277231303,-4.447382635954329,10.6567949617801,-1.0986122886681098,18,0.25,2.259422768701085,0.0,25,8,25,385.8114568925183,4.12065810790327,18.7385397151826,0.0,28,0.38,2.15694290937488,0.0,38,8,25,884.4940817953236,20.032481858461,14.925974657433857,31.46548401562596,20,0.24,0.9506720929293964,0.0,24,8,13,440.407484500714,4650,100,3,6
-4.120958146408558,10.733295073753716,0.0,18,0.38,1.9072315245979987,0.0,38,8,25,419.42701099678095,-4.538718309085965,10.622580592657858,-2.19722457733622,18,0.24,1.9007101616210853,-3.044522437723423,26,8,25,379.79983390172754,4.71952256383848,19.11930027974677,1.0986122886681098,29,0.37,1.3229349239878838,0.0,37,8,25,923.7718416888346,19.7178270183044,15.01304698309954,31.4654840156254,19,0.25,0.9580420224685556,0.0,25,8,38,443.1422576214824,4700,100,3,6
-3.75388583610164,10.399474999275046,0.0,17,0.39,2.130998777696401,0.0,39,8,25,385.6902001465679,-4.180118977382917,10.2987873474641,-1.0986122886681098,17,0.25,2.2394227687016603,-3.044522437723423,26,8,25,346.2295444560933,5.056149649768031,18.77243719531111,2.19722457733622,28,0.37,1.9030845704035448,0.0,37,8,25,893.7135779810884,19.701732639179724,15.033300041935195,31.46548401562488,19,0.26,0.9580420224685556,0.0,26,8,13,440.4074845006984,4750,100,3,6
-3.745412857497704,10.40930308834788,0.0,17,0.37,2.1527959547937274,0.0,37,8,25,388.682409250902,-4.088783304251152,10.330903901183987,0.0,17,0.26,1.908259036209143,0.0,26,8,25,352.21319879649013,4.457285193832691,18.3954563334418,1.0986122886681098,27,0.38,2.15694290937488,0.0,38,8,25,854.1737398190947,20.016387479335634,14.946684523900885,31.465484015624355,20,0.25,0.9506720929293964,0.0,25,8,38,443.14225762146646,4800,100,3,6
-4.112485167804472,10.743107281250715,0.0,18,0.36,2.178547652442487,0.0,36,8,25,422.4070277231022,-4.447382635954049,10.656794961779386,-1.0986122886681098,18,0.25,2.259422768701085,0.0,25,8,25,385.8114568924903,4.120658107903033,18.73853971518131,0.0,28,0.38,2.15694290937488,0.0,38,8,25,884.4940817952635,20.03248185845964,14.92597465743281,31.4654840156238,20,0.24,0.9506720929293964,0.0,24,8,13,440.4074845006836,4850,100,3,6
-4.1209581464082765,10.733295073753002,0.0,18,0.38,1.9072315245979987,0.0,38,8,25,419.4270109967529,-4.538718309085684,10.622580592657146,-2.19722457733622,18,0.24,1.9007101616210853,-3.044522437723423,26,8,25,379.79983390169946,4.7195225638382,19.119300279745453,1.0986122886681098,29,0.37,1.3229349239878838,0.0,37,8,25,923.7718416887716,19.71782701830305,15.01304698309849,31.465484015623232,19,0.25,0.9580420224685556,0.0,25,8,38,443.142257621451,4900,100,3,6
-3.0888019988347675,10.613034812900336,0.0,21,0.36,2.474491692791537,0.0,36,8,37,309.3160331035631,-3.022874241563721,11.14429753710928,0.0,22,0.22,2.267655258505447,-3.044522437723423,22,8,12,364.36783247068297,4.069435237551146,17.67017799250479,0.8047189562170501,30,0.35,2.369250326189609,0.0,35,8,25,765.4190977920786,16.79111071602155,16.22415847005983,31.46548401562267,22,0.27,1.291349296075208,0.0,27,8,37,441.4525546053845,4950,100,3,6
-1.0831909447076735,12.66365385617171,0.0,25,0.31,2.6315889560448,0.0,31,8,40,375.38195144133454,0.9835983685868231,14.86254489184762,0.8047189562170501,31,0.15,2.225035197438285,-2.19722457733622,16,10,10,446.9654466136521,-0.2656760644473552,13.465789122045289,0.0,22,0.27,2.1260052992578844,0.0,27,8,25,282.7869033366213,5.13427217814098,16.19581306809129,0.0,21,0.39,2.268709386556297,0.0,39,5,1,688.8879824029221,5000,100,3,6
0.2353640263794156,14.172703225396418,0.0,26,0.3,2.646439345755622,0.0,30,10,50,633.7358540506268,3.7499635483898768,16.931403767316375,2.381086967398878,35,0.1,2.12192809586896,-2.19722457733622,20,10,10,764.2270246211265,-3.0067355196894465,9.689529338311228,0.0,16,0.2,2.1219280954379376,-2.19722457733622,20,10,40,361.5534564716303,-3.6119444365819056,9.386853877442556,0.0,15,0.5,1.960964048666856,0.0,50,10,40,356.77291512659866,5050,100,3,6
0.2353640263794157,14.172703225390276,0.0,26,0.3,2.646439345755622,0.0,30,10,50,633.7358540503503,3.749963548388493,16.93140376730897,2.381086967398878,35,0.1,2.12192809586896,-2.19722457733622,20,10,10,764.2270246207648,-3.006735519688064,9.689529338307162,0.0,16,0.2,2.1219280954379376,-2.19722457733622,20,10,40,361.5534564714936,-3.6119444365805218,9.386853877438451,0.0,15,0.5,1.960964048666856,0.0,50,10,40,356.7729151264615,5100,100,3,6
0.1153769299326053,15.5112518802983,0.0,34,0.27,2.679771195906968,0.0,27,10,40,654.1877915927248,3.304306385609149,16.752449829296356,2.19722457733622,40,0.08,2.2892697423958634,-2.19722457733622,19,10,10,695.2175449419728,-3.6284702991487454,10.4979201964994,0.0,24,0.18,2.327662845092414,2.19722457733622,19,10,40,369.4209084839131,-4.257625177672821,10.182589459217263,0.0,22,0.46,2.488436571912724,0.0,46,10,40,360.6761631104819,5150,100,3,6
-1.646092015660637,14.204192375356085,0.0,37,0.26,2.674966161601877,0.0,26,8,12,304.04049358529204,-2.5928080601264667,14.0931859276174,-2.19722457733622,37,0.18,2.7195357151111987,-3.044522437723423,18,8,12,376.74851069378985,1.2274783978283688,17.038149489662377,0.0,41,0.31,2.37263553817531,0.0,31,8,25,598.0235596616025,9.998403522486528,18.44706038196501,1.6094379124341005,39,0.21,1.7257747468287854,0.0,21,5,1,745.6792513095215,0,100,3,7
-4.114184588171636,10.747434199414052,0.0,18,0.36,2.178547652442487,0.0,36,8,25,422.5769119945677,-4.449082056321212,10.661103526770692,-1.0986122886681098,18,0.25,2.259422768701085,0.0,25,8,25,385.98136267733366,4.12209607898294,18.746345411679386,0.0,28,0.38,2.15694290937488,0.0,38,8,25,884.8565847636107,20.0407175110082,14.932283006135894,31.4785564799866,20,0.24,0.9506720929293964,0.0,24,8,13,440.59144446265367,50,100,3,7
-4.122657566775441,10.737624604921624,0.0,18,0.38,1.9072315245979987,0.0,38,8,25,419.5968687323364,-4.540417729452848,10.6268884233912,-2.19722457733622,18,0.24,1.9007101616210853,-3.044522437723423,26,8,25,379.9697044859345,4.721221984205364,19.12727122583716,1.0986122886681098,29,0.37,1.3229349239878838,0.0,37,8,25,924.1518390334384,19.72593194620799,15.019389062284722,31.47855647998604,19,0.25,0.9580420224685556,0.0,25,8,38,443.331603017597,100,100,3,7
-3.755454531824916,10.403655147954405,0.0,17,0.39,2.130998777696401,0.0,39,8,25,385.8470152228334,-4.181687673106194,10.302943450542976,-1.0986122886681098,17,0.25,2.2394227687016603,-3.044522437723423,26,8,25,346.3862998233221,5.057979794778521,18.780270624894555,2.19722457733622,28,0.37,1.9030845704035448,0.0,37,8,25,894.0819308385159,19.70983756708332,15.039642253921384,31.478556479985524,19,0.26,0.9580420224685556,0.0,26,8,13,440.5914444626383,150,100,3,7
-3.746981553220983,10.413480568241862,0.0,17,0.37,2.1527959547937274,0.0,37,8,25,388.8392458513173,-4.090351999974431,10.335060952314604,0.0,17,0.26,1.908259036209143,0.0,26,8,25,352.37000302126376,4.45885388955597,18.403126015645,1.0986122886681098,27,0.38,2.15694290937488,0.0,38,8,25,854.5245050157909,20.024623131882848,14.952992999845364,31.478556479985013,20,0.25,0.9506720929293964,0.0,25,8,38,443.3316030175813,200,100,3,7
-4.114184588171359,10.747434199413345,0.0,18,0.36,2.178547652442487,0.0,36,8,25,422.5769119945399,-4.449082056320935,10.66110352676999,-1.0986122886681098,18,0.25,2.259422768701085,0.0,25,8,25,385.98136267730587,4.122096078982705,18.746345411678103,0.0,28,0.38,2.15694290937488,0.0,38,8,25,884.8565847635515,20.04071751100685,14.932283006134863,31.47855647998446,20,0.24,0.9506720929293964,0.0,24,8,13,440.5914444626236,250,100,3,7
-4.122657566775164,10.737624604920915,0.0,18,0.38,1.9072315245979987,0.0,38,8,25,419.59686873230856,-4.540417729452571,10.6268884233905,-2.19722457733622,18,0.24,1.9007101616210853,-3.044522437723423,26,8,25,379.9697044859069,4.721221984205086,19.12727122583585,1.0986122886681098,29,0.37,1.3229349239878838,0.0,37,8,25,924.151839033376,19.725931946206664,15.01938906228369,31.478556479983904,19,0.25,0.9580420224685556,0.0,25,8,38,443.33160301756607,300,100,3,7
-3.75545453182466,10.403655147953724,0.0,17,0.39,2.130998777696401,0.0,39,8,25,385.84701522280784,-4.181687673105938,10.302943450542298,-1.0986122886681098,17,0.25,2.2394227687016603,-3.044522437723423,26,8,25,346.3862998232965,5.057979794778223,18.78027062489328,2.19722457733622,28,0.37,1.9030845704035448,0.0,37,8,25,894.0819308384556,19.709837567082,15.03964225392035,31.4785564799834,19,0.26,0.9580420224685556,0.0,26,8,13,440.5914444626083,350,100,3,7
-3.746981553220727,10.41348056824118,0.0,17,0.37,2.1527959547937274,0.0,37,8,25,388.8392458512917,-4.090351999974176,10.335060952313926,0.0,17,0.26,1.908259036209143,0.0,26,8,25,352.3700030212382,4.458853889555714,18.403126015643743,1.0986122886681098,27,0.38,2.15694290937488,0.0,38,8,25,854.5245050157337,20.02462313188149,14.952992999844335,31.47855647998288,20,0.25,0.9506720929293964,0.0,25,8,38,443.3316030175503,400,100,3,7
-4.1141845881710815,10.74743419941264,0.0,18,0.36,2.178547652442487,0.0,36,8,25,422.57691199451216,-4.449082056320657,10.661103526769288,-1.0986122886681098,18,0.25,2.259422768701085,0.0,25,8,25,385.9813626772781,4.122096078982471,18.74634541167683,0.0,28,0.38,2.15694290937488,0.0,38,8,25,884.8565847634923,20.040717511005507,14.932283006133837,31.478556479982327,20,0.24,0.9506720929293964,0.0,24,8,13,440.59144446259353,450,100,3,7
-4.122657566774887,10.73762460492021,0.0,18,0.38,1.9072315245979987,0.0,38,8,25,419.596868732281,-4.540417729452294,10.626888423389795,-2.19722457733622,18,0.24,1.9007101616210853,-3.044522437723423,26,8,25,379.9697044858791,4.721221984204809,19.12727122583455,1.0986122886681098,29,0.37,1.3229349239878838,0.0,37,8,25,924.1518390333142,19.725931946205343,15.019389062282656,31.478556479981773,19,0.25,0.9580420224685556,0.0,25,8,38,443.3316030175352,500,100,3,7
-3.755454531824405,10.403655147953042,0.0,17,0.39,2.130998777696401,0.0,39,8,25,385.8470152227823,-4.1816876731056825,10.30294345054162,-1.0986122886681098,17,0.25,2.2394227687016603,-3.044522437723423,26,8,25,346.38629982327086,5.057979794777924,18.780270624892,2.19722457733622,28,0.37,1.9030845704035448,0.0,37,8,25,894.0819308383955,19.70983756708068,15.039642253919316,31.478556479981258,19,0.26,0.9580420224685556,0.0,26,8,13,440.5914444625782,550,100,3,7
-3.746981553220471,10.413480568240496,0.0,17,0.37,2.1527959547937274,0.0,37,8,25,388.83924585126607,-4.090351999973919,10.335060952313246,0.0,17,0.26,1.908259036209143,0.0,26,8,25,352.3700030212124,4.458853889555458,18.40312601564249,1.0986122886681098,27,0.38,2.15694290937488,0.0,38,8,25,854.5245050156763,20.02462313188016,14.952992999843309,31.478556479980742,20,0.25,0.9506720929293964,0.0,25,8,38,443.3316030175195,600,100,3,7
-4.114184588170804,10.74743419941193,0.0,18,0.36,2.178547652442487,0.0,36,8,25,422.5769119944844,-4.44908205632038,10.661103526768583,-1.0986122886681098,18,0.25,2.259422768701085,0.0,25,8,25,385.9813626772504,4.122096078982236,18.74634541167556,0.0,28,0.38,2.15694290937488,0.0,38,8,25,884.8565847634331,20.040717511004164,14.932283006132806,31.478556479980192,20,0.24,0.9506720929293964,0.0,24,8,13,440.5914444625636,650,100,3,7
-4.122657566774609,10.737624604919503,0.0,18,0.38,1.9072315245979987,0.0,38,8,25,419.59686873225326,-4.540417729452016,10.626888423389094,-2.19722457733622,18,0.24,1.9007101616210853,-3.044522437723423,26,8,25,379.9697044858513,4.721221984204532,19.12727122583325,1.0986122886681098,29,0.37,1.3229349239878838,0.0,37,8,25,924.151839033252,19.725931946204025,15.019389062281617,31.47855647997964,19,0.25,0.9580420224685556,0.0,25,8,38,443.33160301750434,700,100,3,7
-3.755454531824149,10.403655147952358,0.0,17,0.39,2.130998777696401,0.0,39,8,25,385.8470152227567,-4.181687673105427,10.302943450540944,-1.0986122886681098,17,0.25,2.2394227687016603,-3.044522437723423,26,8,25,346.38629982324534,5.0579797947776255,18.78027062489073,2.19722457733622,28,0.37,1.9030845704035448,0.0,37,8,25,894.0819308383356,19.709837567079354,15.039642253918284,31.47855647997913,19,0.26,0.9580420224685556,0.0,26,8,13,440.5914444625483,750,100,3,7
-3.7469815532202153,10.413480568239818,0.0,17,0.37,2.1527959547937274,0.0,37,8,25,388.8392458512405,-4.090351999973664,10.335060952312569,0.0,17,0.26,1.908259036209143,0.0,26,8,25,352.370003021187,4.458853889555202,18.40312601564124,1.0986122886681098,27,0.38,2.15694290937488,0.0,38,8,25,854.5245050156192,20.02462313187881,14.952992999842277,31.47855647997861,20,0.25,0.9506720929293964,0.0,25,8,38,443.3316030174886,800,100,3,7
-4.114184588170527,10.747434199411224,0.0,18,0.36,2.178547652442487,0.0,36,8,25,422.5769119944568,-4.449082056320103,10.661103526767882,-1.0986122886681098,18,0.25,2.259422768701085,0.0,25,8,25,385.98136267722265,4.122096078982002,18.74634541167428,0.0,28,0.38,2.15694290937488,0.0,38,8,25,884.856584763374,20.040717511002818,14.932283006131776,31.47855647997806,20,0.24,0.9506720929293964,0.0,24,8,13,440.5914444625336,850,100,3,7
-4.122657566774333,10.737624604918798,0.0,18,0.38,1.9072315245979987,0.0,38,8,25,419.5968687322254,-4.54041772945174,10.62688842338839,-2.19722457733622,18,0.24,1.9007101616210853,-3.044522437723423,26,8,25,379.9697044858236,4.721221984204255,19.12727122583195,1.0986122886681098,29,0.37,1.3229349239878838,0.0,37,8,25,924.1518390331904,19.725931946202703,15.019389062280585,31.478556479977502,19,0.25,0.9580420224685556,0.0,25,8,38,443.3316030174733,900,100,3,7
-3.755454531823892,10.403655147951678,0.0,17,0.39,2.130998777696401,0.0,39,8,25,385.8470152227311,-4.181687673105171,10.302943450540262,-1.0986122886681098,17,0.25,2.2394227687016603,-3.044522437723423,26,8,25,346.3862998232197,5.057979794777328,18.780270624889447,2.19722457733622,28,0.37,1.9030845704035448,0.0,37,8,25,894.0819308382755,19.70983756707804,15.039642253917249,31.478556479976994,19,0.26,0.9580420224685556,0.0,26,8,13,440.5914444625182,950,100,3,7
-3.746981553219959,10.413480568239136,0.0,17,0.37,2.1527959547937274,0.0,37,8,25,388.8392458512148,-4.090351999973407,10.335060952311888,0.0,17,0.26,1.908259036209143,0.0,26,8,25,352.3700030211613,4.4588538895549465,18.403126015639987,1.0986122886681098,27,0.38,2.15694290937488,0.0,38,8,25,854.5245050155619,20.02462313187748,14.952992999841246,31.47855647997648,20,0.25,0.9506720929293964,0.0,25,8,38,443.3316030174577,1000,100,3,7
-4.114184588170249,10.747434199410518,0.0,18,0.36,2.178547652442487,0.0,36,8,25,422.57691199442905,-4.449082056319826,10.661103526767176,-1.0986122886681098,18,0.25,2.259422768701085,0.0,25,8,25,385.98136267719485,4.122096078981767,18.74634541167301,0.0,28,0.38,2.15694290937488,0.0,38,8,25,884.8565847633149,20.04071751100148,14.932283006130747,31.478556479975925,20,0.24,0.9506720929293964,0.0,24,8,13,440.5914444625036,1050,100,3,7
-4.122657566774055,10.737624604918093,0.0,18,0.38,1.9072315245979987,0.0,38,8,25,419.59686873219766,-4.540417729451462,10.626888423387689,-2.19722457733622,18,0.24,1.9007101616210853,-3.044522437723423,26,8,25,379.969704485796,4.721221984203978,19.127271225830647,1.0986122886681098,29,0.37,1.3229349239878838,0.0,37,8,25,924.1518390331282,19.72593194620138,15.019389062279547,31.47855647997537,19,0.25,0.9580420224685556,0.0,25,8,38,443.33160301744255,1100,100,3,7
-3.755454531823637,10.403655147950994,0.0,17,0.39,2.130998777696401,0.0,39,8,25,385.8470152227055,-4.181687673104915,10.302943450539589,-1.0986122886681098,17,0.25,2.2394227687016603,-3.044522437723423,26,8,25,346.3862998231942,5.057979794777029,18.78027062488816,2.19722457733622,28,0.37,1.9030845704035448,0.0,37,8,25,894.0819308382152,19.709837567076715,15.03964225391621,31.47855647997486,19,0.26,0.9580420224685556,0.0,26,8,13,440.5914444624881,1150,100,3,7
-3.746981553219704,10.413480568238452,0.0,17,0.37,2.1527959547937274,0.0,37,8,25,388.8392458511893,-4.090351999973152,10.33506095231121,0.0,17,0.26,1.908259036209143,0.0,26,8,25,352.3700030211358,4.458853889554691,18.403126015638733,1.0986122886681098,27,0.38,2.15694290937488,0.0,38,8,25,854.5245050155047,20.02462313187613,14.952992999840218,31.478556479974348,20,0.25,0.9506720929293964,0.0,25,8,38,443.3316030174268,1200,100,3,7
-4.114184588169973,10.747434199409817,0.0,18,0.36,2.178547652442487,0.0,36,8,25,422.5769119944013,-4.449082056319549,10.661103526766476,-1.0986122886681098,18,0.25,2.259422768701085,0.0,25,8,25,385.9813626771671,4.122096078981533,18.746345411671737,0.0,28,0.38,2.15694290937488,0.0,38,8,25,884.8565847632558,20.04071751100014,14.932283006129715,31.4785564799738,20,0.24,0.9506720929293964,0.0,24,8,13,440.59144446247353,1250,100,3,7
-4.122657566773778,10.737624604917382,0.0,18,0.38,1.9072315245979987,0.0,38,8,25,419.5968687321701,-4.540417729451185,10.626888423386983,-2.19722457733622,18,0.24,1.9007101616210853,-3.044522437723423,26,8,25,379.9697044857682,4.721221984203701,19.12727122582936,1.0986122886681098,29,0.37,1.3229349239878838,0.0,37,8,25,924.151839033066,19.725931946200056,15.019389062278512,31.47855647997324,19,0.25,0.9580420224685556,0.0,25,8,38,443.3316030174116,1300,100,3,7
-3.7554545318233807,10.403655147950314,0.0,17,0.39,2.130998777696401,0.0,39,8,25,385.84701522268,-4.181687673104659,10.30294345053891,-1.0986122886681098,17,0.25,2.2394227687016603,-3.044522437723423,26,8,25,346.3862998231686,5.057979794776731,18.78027062488689,2.19722457733622,28,0.37,1.9030845704035448,0.0,37,8,25,894.0819308381551,19.7098375670754,15.039642253915176,31.478556479972728,19,0.26,0.9580420224685556,0.0,26,8,13,440.5914444624581,1350,100,3,7
-3.746981553219448,10.413480568237771,0.0,17,0.37,2.1527959547937274,0.0,37,8,25,388.83924585116375,-4.090351999972896,10.335060952310531,0.0,17,0.26,1.908259036209143,0.0,26,8,25,352.37000302111016,4.458853889554435,18.403126015637483,1.0986122886681098,27,0.38,2.15694290937488,0.0,38,8,25,854.5245050154475,20.024623131874787,14.952992999839188,31.478556479972216,20,0.25,0.9506720929293964,0.0,25,8,38,443.33160301739593,1400,100,3,7
-4.114184588169694,10.747434199409108,0.0,18,0.36,2.178547652442487,0.0,36,8,25,422.5769119943736,-4.449082056319271,10.661103526765771,-1.0986122886681098,18,0.25,2.259422768701085,0.0,25,8,25,385.9813626771396,4.122096078981298,18.746345411670465,0.0,28,0.38,2.15694290937488,0.0,38,8,25,884.8565847631967,20.04071751099879,14.932283006128689,31.47855647997165,20,0.24,0.9506720929293964,0.0,24,8,13,440.5914444624434,1450,100,3,7
-4.1226575667735,10.73762460491668,0.0,18,0.38,1.9072315245979987,0.0,38,8,25,419.5968687321424,-4.540417729450906,10.626888423386282,-2.19722457733622,18,0.24,1.9007101616210853,-3.044522437723423,26,8,25,379.9697044857404,4.721221984203422,19.127271225828054,1.0986122886681098,29,0.37,1.3229349239878838,0.0,37,8,25,924.1518390330042,19.725931946198727,15.019389062277478,31.478556479971104,19,0.25,0.9580420224685556,0.0,25,8,38,443.3316030173808,1500,100,3,7
-3.755454531823124,10.403655147949632,0.0,17,0.39,2.130998777696401,0.0,39,8,25,385.8470152226544,-4.181687673104403,10.302943450538228,-1.0986122886681098,17,0.25,2.2394227687016603,-3.044522437723423,26,8,25,346.38629982314296,5.057979794776432,18.78027062488561,2.19722457733622,28,0.37,1.9030845704035448,0.0,37,8,25,894.0819308380949,19.709837567074064,15.03964225391414,31.478556479970592,19,0.26,0.9580420224685556,0.0,26,8,13,440.59144446242817,1550,100,3,7
-3.7469815532191904,10.41348056823709,0.0,17,0.37,2.1527959547937274,0.0,37,8,25,388.8392458511382,-4.090351999972639,10.335060952309854,0.0,17,0.26,1.908259036209143,0.0,26,8,25,352.37000302108464,4.458853889554178,18.403126015636232,1.0986122886681098,27,0.38,2.15694290937488,0.0,38,8,25,854.52450501539,20.02462313187344,14.952992999838155,31.47855647997008,20,0.25,0.9506720929293964,0.0,25,8,38,443.33160301736496,1600,100,3,7
-4.114184588169417,10.747434199408405,0.0,18,0.36,2.178547652442487,0.0,36,8,25,422.5769119943458,-4.449082056318993,10.66110352676507,-1.0986122886681098,18,0.25,2.259422768701085,0.0,25,8,25,385.9813626771118,4.122096078981063,18.746345411669186,0.0,28,0.38,2.15694290937488,0.0,38,8,25,884.8565847631373,20.04071751099745,14.93228300612766,31.478556479969527,20,0.24,0.9506720929293964,0.0,24,8,13,440.5914444624135,1650,100,3,7
-4.122657566773222,10.737624604915972,0.0,18,0.38,1.9072315245979987,0.0,38,8,25,419.5968687321146,-4.5404177294506285,10.62688842338558,-2.19722457733622,18,0.24,1.9007101616210853,-3.044522437723423,26,8,25,379.9697044857128,4.7212219842031455,19.127271225826743,1.0986122886681098,29,0.37,1.3229349239878838,0.0,37,8,25,924.151839032942,19.72593194619741,15.019389062276444,31.47855647996897,19,0.25,0.9580420224685556,0.0,25,8,38,443.3316030173498,1700,100,3,7
-3.755454531822868,10.403655147948951,0.0,17,0.39,2.130998777696401,0.0,39,8,25,385.8470152226288,-4.181687673104147,10.30294345053755,-1.0986122886681098,17,0.25,2.2394227687016603,-3.044522437723423,26,8,25,346.3862998231174,5.057979794776132,18.78027062488433,2.19722457733622,28,0.37,1.9030845704035448,0.0,37,8,25,894.0819308380349,19.709837567072743,15.039642253913106,31.47855647996846,19,0.26,0.9580420224685556,0.0,26,8,13,440.5914444623981,1750,100,3,7
-3.746981553218936,10.413480568236409,0.0,17,0.37,2.1527959547937274,0.0,37,8,25,388.8392458511125,-4.090351999972384,10.335060952309174,0.0,17,0.26,1.908259036209143,0.0,26,8,25,352.370003021059,4.4588538895539225,18.40312601563498,1.0986122886681098,27,0.38,2.15694290937488,0.0,38,8,25,854.5245050153328,20.024623131872094,14.952992999837129,31.47855647996795,20,0.25,0.9506720929293964,0.0,25,8,38,443.3316030173341,1800,100,3,7
-4.114184588169139,10.747434199407696,0.0,18,0.36,2.178547652442487,0.0,36,8,25,422.5769119943182,-4.449082056318716,10.661103526764364,-1.0986122886681098,18,0.25,2.259422768701085,0.0,25,8,25,385.981362677084,4.122096078980828,18.74634541166792,0.0,28,0.38,2.15694290937488,0.0,38,8,25,884.8565847630783,20.0407175109961,14.93228300612663,31.478556479967395,20,0.24,0.9506720929293964,0.0,24,8,13,440.5914444623834,1850,100,3,7
-4.122657566772944,10.737624604915265,0.0,18,0.38,1.9072315245979987,0.0,38,8,25,419.5968687320869,-4.540417729450351,10.626888423384877,-2.19722457733622,18,0.24,1.9007101616210853,-3.044522437723423,26,8,25,379.969704485685,4.721221984202868,19.12727122582545,1.0986122886681098,29,0.37,1.3229349239878838,0.0,37,8,25,924.1518390328804,19.725931946196084,15.019389062275406,31.47855647996684,19,0.25,0.9580420224685556,0.0,25,8,38,443.33160301731897,1900,100,3,7
-3.755454531822612,10.403655147948268,0.0,17,0.39,2.130998777696401,0.0,39,8,25,385.8470152226032,-4.18168767310389,10.302943450536873,-1.0986122886681098,17,0.25,2.2394227687016603,-3.044522437723423,26,8,25,346.38629982309186,5.057979794775833,18.78027062488305,2.19722457733622,28,0.37,1.9030845704035448,0.0,37,8,25,894.0819308379748,19.709837567071418,15.039642253912072,31.47855647996633,19,0.26,0.9580420224685556,0.0,26,8,13,440.5914444623681,1950,100,3,7
-3.7469815532186783,10.413480568235729,0.0,17,0.37,2.1527959547937274,0.0,37,8,25,388.8392458510869,-4.090351999972127,10.335060952308496,0.0,17,0.26,1.908259036209143,0.0,26,8,25,352.37000302103337,4.458853889553665,18.403126015633728,1.0986122886681098,27,0.38,2.15694290937488,0.0,38,8,25,854.5245050152755,20.024623131870747,14.952992999836098,31.47855647996581,20,0.25,0.9506720929293964,0.0,25,8,38,443.3316030173032,2000,100,3,7
-4.114184588168862,10.747434199406989,0.0,18,0.36,2.178547652442487,0.0,36,8,25,422.5769119942905,-4.449082056318439,10.66110352676366,-1.0986122886681098,18,0.25,2.259422768701085,0.0,25,8,25,385.9813626770563,4.122096078980593,18.74634541166664,0.0,28,0.38,2.15694290937488,0.0,38,8,25,884.8565847630191,20.04071751099476,14.932283006125598,31.47855647996526,20,0.24,0.9506720929293964,0.0,24,8,13,440.5914444623535,2050,100,3,7
-4.122657566772667,10.73762460491456,0.0,18,0.38,1.9072315245979987,0.0,38,8,25,419.5968687320592,-4.540417729450074,10.626888423384177,-2.19722457733622,18,0.24,1.9007101616210853,-3.044522437723423,26,8,25,379.96970448565736,4.7212219842025895,19.12727122582415,1.0986122886681098,29,0.37,1.3229349239878838,0.0,37,8,25,924.1518390328182,19.725931946194763,15.019389062274374,31.478556479964706,19,0.25,0.9580420224685556,0.0,25,8,38,443.33160301728793,2100,100,3,7
-3.755454531822356,10.403655147947584,0.0,17,0.39,2.130998777696401,0.0,39,8,25,385.8470152225777,-4.181687673103635,10.302943450536192,-1.0986122886681098,17,0.25,2.2394227687016603,-3.044522437723423,26,8,25,346.3862998230662,5.057979794775534,18.78027062488178,2.19722457733622,28,0.37,1.9030845704035448,0.0,37,8,25,894.0819308379148,19.709837567070096,15.039642253911037,31.4785564799642,19,0.26,0.9580420224685556,0.0,26,8,13,440.591444462338,2150,100,3,7
-3.746981553218423,10.413480568235046,0.0,17,0.37,2.1527959547937274,0.0,37,8,25,388.8392458510613,-4.090351999971872,10.33506095230782,0.0,17,0.26,1.908259036209143,0.0,26,8,25,352.3700030210078,4.458853889553411,18.40312601563248,1.0986122886681098,27,0.38,2.15694290937488,0.0,38,8,25,854.5245050152184,20.024623131869404,14.952992999835072,31.47855647996368,20,0.25,0.9506720929293964,0.0,25,8,38,443.3316030172723,2200,100,3,7
-4.114184588168585,10.747434199406284,0.0,18,0.36,2.178547652442487,0.0,36,8,25,422.5769119942628,-4.4490820563181614,10.66110352676296,-1.0986122886681098,18,0.25,2.259422768701085,0.0,25,8,25,385.9813626770286,4.122096078980359,18.746345411665366,0.0,28,0.38,2.15694290937488,0.0,38,8,25,884.8565847629601,20.04071751099341,14.932283006124576,31.478556479963128,20,0.24,0.9506720929293964,0.0,24,8,13,440.5914444623234,2250,100,3,7
-4.12265756677239,10.73762460491385,0.0,18,0.38,1.9072315245979987,0.0,38,8,25,419.5968687320316,-4.540417729449797,10.626888423383472,-2.19722457733622,18,0.24,1.9007101616210853,-3.044522437723423,26,8,25,379.9697044856297,4.721221984202313,19.12727122582285,1.0986122886681098,29,0.37,1.3229349239878838,0.0,37,8,25,924.151839032756,19.72593194619344,15.01938906227334,31.47855647996257,19,0.25,0.9580420224685556,0.0,25,8,38,443.3316030172572,2300,100,3,7
-3.7554545318221,10.403655147946903,0.0,17,0.39,2.130998777696401,0.0,39,8,25,385.847015222552,-4.1816876731033785,10.302943450535516,-1.0986122886681098,17,0.25,2.2394227687016603,-3.044522437723423,26,8,25,346.3862998230407,5.057979794775236,18.78027062488049,2.19722457733622,28,0.37,1.9030845704035448,0.0,37,8,25,894.0819308378547,19.70983756706877,15.03964225391,31.47855647996206,19,0.26,0.9580420224685556,0.0,26,8,13,440.591444462308,2350,100,3,7
-3.746981553218167,10.413480568234364,0.0,17,0.37,2.1527959547937274,0.0,37,8,25,388.8392458510357,-4.090351999971616,10.33506095230714,0.0,17,0.26,1.908259036209143,0.0,26,8,25,352.37000302098227,4.458853889553153,18.403126015631223,1.0986122886681098,27,0.38,2.15694290937488,0.0,38,8,25,854.524505015161,20.02462313186805,14.95299299983404,31.478556479961547,20,0.25,0.9506720929293964,0.0,25,8,38,443.3316030172414,2400,100,3,7
-4.114184588168308,10.747434199405578,0.0,18,0.36,2.178547652442487,0.0,36,8,25,422.5769119942349,-4.449082056317884,10.661103526762256,-1.0986122886681098,18,0.25,2.259422768701085,0.0,25,8,25,385.9813626770009,4.122096078980124,18.74634541166409,0.0,28,0.38,2.15694290937488,0.0,38,8,25,884.8565847629008,20.040717510992064,14.93228300612354,31.478556479961,20,0.24,0.9506720929293964,0.0,24,8,13,440.5914444622933,2450,100,3,7
-4.122657566772113,10.737624604913144,0.0,18,0.38,1.9072315245979987,0.0,38,8,25,419.5968687320038,-4.54041772944952,10.626888423382768,-2.19722457733622,18,0.24,1.9007101616210853,-3.044522437723423,26,8,25,379.96970448560194,4.721221984202035,19.127271225821545,1.0986122886681098,29,0.37,1.3229349239878838,0.0,37,8,25,924.151839032694,19.72593194619212,15.0193890622723,31.47855647996044,19,0.25,0.9580420224685556,0.0,25,8,38,443.3316030172261,2500,100,3,7
-3.7554545318218446,10.40365514794622,0.0,17,0.39,2.130998777696401,0.0,39,8,25,385.8470152225264,-4.181687673103124,10.30294345053484,-1.0986122886681098,17,0.25,2.2394227687016603,-3.044522437723423,26,8,25,346.38629982301507,5.057979794774937,18.78027062487921,2.19722457733622,28,0.37,1.9030845704035448,0.0,37,8,25,894.0819308377944,19.70983756706745,15.039642253908966,31.478556479959927,19,0.26,0.9580420224685556,0.0,26,8,13,440.5914444622781,2550,100,3,7
-3.746981553217912,10.413480568233682,0.0,17,0.37,2.1527959547937274,0.0,37,8,25,388.83924585101016,-4.09035199997136,10.335060952306462,0.0,17,0.26,1.908259036209143,0.0,26,8,25,352.3700030209567,4.458853889552899,18.40312601562997,1.0986122886681098,27,0.38,2.15694290937488,0.0,38,8,25,854.5245050151038,20.02462313186672,14.952992999833011,31.478556479959416,20,0.25,0.9506720929293964,0.0,25,8,38,443.33160301721057,2600,100,3,7
-4.114184588168031,10.747434199404871,0.0,18,0.36,2.178547652442487,0.0,36,8,25,422.5769119942073,-4.449082056317607,10.661103526761552,-1.0986122886681098,18,0.25,2.259422768701085,0.0,25,8,25,385.9813626769731,4.12209607897989,18.74634541166282,0.0,28,0.38,2.15694290937488,0.0,38,8,25,884.8565847628415,20.040717510990724,14.932283006122514,31.47855647995886,20,0.24,0.9506720929293964,0.0,24,8,13,440.5914444622633,2650,100,3,7
-4.122657566771836,10.73762460491244,0.0,18,0.38,1.9072315245979987,0.0,38,8,25,419.5968687319761,-4.540417729449243,10.626888423382065,-2.19722457733622,18,0.24,1.9007101616210853,-3.044522437723423,26,8,25,379.9697044855741,4.721221984201759,19.127271225820248,1.0986122886681098,29,0.37,1.3229349239878838,0.0,37,8,25,924.1518390326324,19.7259319461908,15.019389062271271,31.478556479958307,19,0.25,0.9580420224685556,0.0,25,8,38,443.3316030171954,2700,100,3,7
-3.755454531821589,10.40365514794554,0.0,17,0.39,2.130998777696401,0.0,39,8,25,385.8470152225008,-4.181687673102867,10.30294345053416,-1.0986122886681098,17,0.25,2.2394227687016603,-3.044522437723423,26,8,25,346.3862998229895,5.057979794774639,18.780270624877943,2.19722457733622,28,0.37,1.9030845704035448,0.0,37,8,25,894.0819308377344,19.709837567066128,15.039642253907932,31.478556479957795,19,0.26,0.9580420224685556,0.0,26,8,13,440.591444462248,2750,100,3,7
-3.746981553217655,10.413480568233,0.0,17,0.37,2.1527959547937274,0.0,37,8,25,388.8392458509847,-4.090351999971104,10.335060952305785,0.0,17,0.26,1.908259036209143,0.0,26,8,25,352.37000302093094,4.458853889552642,18.40312601562872,1.0986122886681098,27,0.38,2.15694290937488,0.0,38,8,25,854.5245050150465,20.02462313186538,14.952992999831984,31.47855647995728,20,0.25,0.9506720929293964,0.0,25,8,38,443.3316030171797,2800,100,3,7
-4.1141845881677535,10.747434199404166,0.0,18,0.36,2.178547652442487,0.0,36,8,25,422.5769119941796,-4.44908205631733,10.66110352676085,-1.0986122886681098,18,0.25,2.259422768701085,0.0,25,8,25,385.98136267694537,4.122096078979655,18.746345411661547,0.0,28,0.38,2.15694290937488,0.0,38,8,25,884.8565847627825,20.04071751098938,14.932283006121482,31.47855647995673,20,0.24,0.9506720929293964,0.0,24,8,13,440.59144446223326,2850,100,3,7
-4.122657566771559,10.737624604911732,0.0,18,0.38,1.9072315245979987,0.0,38,8,25,419.5968687319484,-4.540417729448966,10.62688842338136,-2.19722457733622,18,0.24,1.9007101616210853,-3.044522437723423,26,8,25,379.9697044855464,4.721221984201481,19.127271225818944,1.0986122886681098,29,0.37,1.3229349239878838,0.0,37,8,25,924.1518390325704,19.72593194618948,15.019389062270234,31.47855647995617,19,0.25,0.9580420224685556,0.0,25,8,38,443.3316030171644,2900,100,3,7
-3.7554545318213326,10.40365514794486,0.0,17,0.39,2.130998777696401,0.0,39,8,25,385.8470152224752,-4.181687673102611,10.30294345053348,-1.0986122886681098,17,0.25,2.2394227687016603,-3.044522437723423,26,8,25,346.3862998229639,5.057979794774341,18.78027062487666,2.19722457733622,28,0.37,1.9030845704035448,0.0,37,8,25,894.0819308376743,19.70983756706481,15.039642253906896,31.47855647995566,19,0.26,0.9580420224685556,0.0,26,8,13,440.591444462218,2950,100,3,7
-3.7469815532173993,10.413480568232318,0.0,17,0.37,2.1527959547937274,0.0,37,8,25,388.839245850959,-4.090351999970848,10.335060952305106,0.0,17,0.26,1.908259036209143,0.0,26,8,25,352.3700030209056,4.458853889552386,18.403126015627468,1.0986122886681098,27,0.38,2.15694290937488,0.0,38,8,25,854.5245050149894,20.02462313186403,14.95299299983095,31.47855647995515,20,0.25,0.9506720929293964,0.0,25,8,38,443.3316030171488,3000,100,3,7
-4.114184588167476,10.74743419940346,0.0,18,0.36,2.178547652442487,0.0,36,8,25,422.5769119941519,-4.449082056317052,10.661103526760147,-1.0986122886681098,18,0.25,2.259422768701085,0.0,25,8,25,385.9813626769177,4.122096078979421,18.746345411660275,0.0,28,0.38,2.15694290937488,0.0,38,8,25,884.8565847627233,20.040717510988035,14.932283006120452,31.478556479954594,20,0.24,0.9506720929293964,0.0,24,8,13,440.5914444622033,3050,100,3,7
-4.122657566771282,10.737624604911026,0.0,18,0.38,1.9072315245979987,0.0,38,8,25,419.5968687319206,-4.540417729448689,10.62688842338066,-2.19722457733622,18,0.24,1.9007101616210853,-3.044522437723423,26,8,25,379.9697044855188,4.721221984201204,19.127271225817648,1.0986122886681098,29,0.37,1.3229349239878838,0.0,37,8,25,924.151839032508,19.72593194618815,15.0193890622692,31.47855647995404,19,0.25,0.9580420224685556,0.0,25,8,38,443.3316030171336,3100,100,3,7
-3.755454531821077,10.403655147944177,0.0,17,0.39,2.130998777696401,0.0,39,8,25,385.8470152224496,-4.181687673102355,10.302943450532805,-1.0986122886681098,17,0.25,2.2394227687016603,-3.044522437723423,26,8,25,346.3862998229384,5.057979794774042,18.78027062487538,2.19722457733622,28,0.37,1.9030845704035448,0.0,37,8,25,894.081930837614,19.709837567063488,15.03964225390586,31.47855647995353,19,0.26,0.9580420224685556,0.0,26,8,13,440.591444462188,3150,100,3,7
-3.746981553217144,10.413480568231638,0.0,17,0.37,2.1527959547937274,0.0,37,8,25,388.8392458509334,-4.090351999970593,10.335060952304428,0.0,17,0.26,1.908259036209143,0.0,26,8,25,352.37000302087984,4.45885388955213,18.40312601562622,1.0986122886681098,27,0.38,2.15694290937488,0.0,38,8,25,854.5245050149323,20.02462313186269,14.95299299982992,31.478556479953017,20,0.25,0.9506720929293964,0.0,25,8,38,443.33160301711786,3200,100,3,7
-4.114184588167198,10.747434199402754,0.0,18,0.36,2.178547652442487,0.0,36,8,25,422.576911994124,-4.449082056316775,10.661103526759442,-1.0986122886681098,18,0.25,2.259422768701085,0.0,25,8,25,385.98136267688994,4.122096078979186,18.746345411659,0.0,28,0.38,2.15694290937488,0.0,38,8,25,884.8565847626642,20.040717510986696,14.932283006119423,31.47855647995246,20,0.24,0.9506720929293964,0.0,24,8,13,440.5914444621733,3250,100,3,7
-4.122657566771004,10.73762460491032,0.0,18,0.38,1.9072315245979987,0.0,38,8,25,419.59686873189287,-4.540417729448411,10.626888423379956,-2.19722457733622,18,0.24,1.9007101616210853,-3.044522437723423,26,8,25,379.9697044854909,4.721221984200927,19.12727122581634,1.0986122886681098,29,0.37,1.3229349239878838,0.0,37,8,25,924.151839032446,19.72593194618684,15.019389062268164,31.478556479951905,19,0.25,0.9580420224685556,0.0,25,8,38,443.3316030171026,3300,100,3,7
-3.755454531820821,10.403655147943493,0.0,17,0.39,2.130998777696401,0.0,39,8,25,385.847015222424,-4.181687673102099,10.302943450532124,-1.0986122886681098,17,0.25,2.2394227687016603,-3.044522437723423,26,8,25,346.38629982291275,5.057979794773743,18.780270624874102,2.19722457733622,28,0.37,1.9030845704035448,0.0,37,8,25,894.0819308375541,19.709837567062163,15.039642253904823,31.4785564799514,19,0.26,0.9580420224685556,0.0,26,8,13,440.5914444621579,3350,100,3,7
-3.7469815532168873,10.413480568230954,0.0,17,0.37,2.1527959547937274,0.0,37,8,25,388.8392458509077,-4.090351999970335,10.335060952303747,0.0,17,0.26,1.908259036209143,0.0,26,8,25,352.37000302085426,4.458853889551874,18.403126015624967,1.0986122886681098,27,0.38,2.15694290937488,0.0,38,8,25,854.524505014875,20.024623131861343,14.952992999828892,31.47855647995088,20,0.25,0.9506720929293964,0.0,25,8,38,443.331603017087,3400,100,3,7
-4.114184588166921,10.747434199402049,0.0,18,0.36,2.178547652442487,0.0,36,8,25,422.5769119940962,-4.449082056316498,10.661103526758742,-1.0986122886681098,18,0.25,2.259422768701085,0.0,25,8,25,385.9813626768623,4.122096078978951,18.746345411657725,0.0,28,0.38,2.15694290937488,0.0,38,8,25,884.8565847626049,20.04071751098535,14.932283006118393,31.478556479950328,20,0.24,0.9506720929293964,0.0,24,8,13,440.5914444621432,3450,100,3,7
-4.122657566770727,10.73762460490961,0.0,18,0.38,1.9072315245979987,0.0,38,8,25,419.59686873186513,-4.540417729448134,10.62688842337925,-2.19722457733622,18,0.24,1.9007101616210853,-3.044522437723423,26,8,25,379.9697044854632,4.72122198420065,19.127271225815047,1.0986122886681098,29,0.37,1.3229349239878838,0.0,37,8,25,924.1518390323844,19.725931946185504,15.01938906226713,31.478556479949773,19,0.25,0.9580420224685556,0.0,25,8,38,443.33160301707176,3500,100,3,7
-3.7554545318205648,10.403655147942809,0.0,17,0.39,2.130998777696401,0.0,39,8,25,385.8470152223984,-4.181687673101843,10.302943450531448,-1.0986122886681098,17,0.25,2.2394227687016603,-3.044522437723423,26,8,25,346.3862998228873,5.057979794773444,18.780270624872824,2.19722457733622,28,0.37,1.9030845704035448,0.0,37,8,25,894.0819308374939,19.70983756706084,15.039642253903793,31.478556479949265,19,0.26,0.9580420224685556,0.0,26,8,13,440.5914444621279,3550,100,3,7
-3.746981553216632,10.413480568230272,0.0,17,0.37,2.1527959547937274,0.0,37,8,25,388.83924585088215,-4.090351999970079,10.335060952303072,0.0,17,0.26,1.908259036209143,0.0,26,8,25,352.3700030208287,4.4588538895516185,18.40312601562372,1.0986122886681098,27,0.38,2.15694290937488,0.0,38,8,25,854.5245050148176,20.02462313186,14.952992999827863,31.47855647994875,20,0.25,0.9506720929293964,0.0,25,8,38,443.331603017056,3600,100,3,7
-4.114184588166644,10.747434199401342,0.0,18,0.36,2.178547652442487,0.0,36,8,25,422.5769119940686,-4.449082056316221,10.661103526758035,-1.0986122886681098,18,0.25,2.259422768701085,0.0,25,8,25,385.9813626768345,4.122096078978717,18.74634541165645,0.0,28,0.38,2.15694290937488,0.0,38,8,25,884.8565847625459,20.04071751098401,14.932283006117364,31.4785564799482,20,0.24,0.9506720929293964,0.0,24,8,13,440.59144446211326,3650,100,3,7
-4.1226575667704495,10.737624604908904,0.0,18,0.38,1.9072315245979987,0.0,38,8,25,419.5968687318374,-4.5404177294478565,10.62688842337855,-2.19722457733622,18,0.24,1.9007101616210853,-3.044522437723423,26,8,25,379.9697044854356,4.721221984200372,19.127271225813743,1.0986122886681098,29,0.37,1.3229349239878838,0.0,37,8,25,924.151839032322,19.725931946184183,15.019389062266097,31.47855647994764,19,0.25,0.9580420224685556,0.0,25,8,38,443.3316030170408,3700,100,3,7
-3.755454531820308,10.403655147942128,0.0,17,0.39,2.130998777696401,0.0,39,8,25,385.8470152223728,-4.181687673101587,10.302943450530767,-1.0986122886681098,17,0.25,2.2394227687016603,-3.044522437723423,26,8,25,346.3862998228616,5.0579797947731455,18.780270624871548,2.19722457733622,28,0.37,1.9030845704035448,0.0,37,8,25,894.0819308374337,19.70983756705952,15.039642253902755,31.478556479947127,19,0.26,0.9580420224685556,0.0,26,8,13,440.591444462098,3750,100,3,7
-3.746981553216375,10.413480568229591,0.0,17,0.37,2.1527959547937274,0.0,37,8,25,388.83924585085657,-4.090351999969824,10.33506095230239,0.0,17,0.26,1.908259036209143,0.0,26,8,25,352.37000302080315,4.458853889551362,18.403126015622465,1.0986122886681098,27,0.38,2.15694290937488,0.0,38,8,25,854.5245050147604,20.02462313185865,14.952992999826831,31.47855647994661,20,0.25,0.9506720929293964,0.0,25,8,38,443.3316030170251,3800,100,3,7
-4.114184588166366,10.747434199400631,0.0,18,0.36,2.178547652442487,0.0,36,8,25,422.576911994041,-4.449082056315943,10.661103526757334,-1.0986122886681098,18,0.25,2.259422768701085,0.0,25,8,25,385.9813626768069,4.1220960789784815,18.746345411655174,0.0,28,0.38,2.15694290937488,0.0,38,8,25,884.8565847624867,20.040717510982663,14.932283006116336,31.47855647994606,20,0.24,0.9506720929293964,0.0,24,8,13,440.5914444620832,3850,100,3,7
-4.122657566770172,10.7376246049082,0.0,18,0.38,1.9072315245979987,0.0,38,8,25,419.59686873180976,-4.540417729447579,10.626888423377846,-2.19722457733622,18,0.24,1.9007101616210853,-3.044522437723423,26,8,25,379.9697044854078,4.721221984200095,19.12727122581244,1.0986122886681098,29,0.37,1.3229349239878838,0.0,37,8,25,924.15183903226,19.725931946182858,15.01938906226506,31.478556479945507,19,0.25,0.9580420224685556,0.0,25,8,38,443.33160301701,3900,100,3,7
-3.755454531820052,10.403655147941445,0.0,17,0.39,2.130998777696401,0.0,39,8,25,385.8470152223472,-4.181687673101331,10.302943450530089,-1.0986122886681098,17,0.25,2.2394227687016603,-3.044522437723423,26,8,25,346.38629982283595,5.057979794772847,18.78027062487027,2.19722457733622,28,0.37,1.9030845704035448,0.0,37,8,25,894.0819308373736,19.709837567058194,15.03964225390172,31.478556479944995,19,0.26,0.9580420224685556,0.0,26,8,13,440.59144446206784,3950,100,3,7
-3.746981553216119,10.413480568228907,0.0,17,0.37,2.1527959547937274,0.0,37,8,25,388.839245850831,-4.090351999969568,10.335060952301712,0.0,17,0.26,1.908259036209143,0.0,26,8,25,352.3700030207776,4.458853889551106,18.40312601562121,1.0986122886681098,27,0.38,2.15694290937488,0.0,38,8,25,854.5245050147033,20.02462313185731,14.952992999825804,31.478556479944483,20,0.25,0.9506720929293964,0.0,25,8,38,443.3316030169942,4000,100,3,7
-4.11418458816609,10.74743419939993,0.0,18,0.36,2.178547652442487,0.0,36,8,25,422.5769119940132,-4.449082056315666,10.661103526756634,-1.0986122886681098,18,0.25,2.259422768701085,0.0,25,8,25,385.9813626767791,4.122096078978247,18.746345411653905,0.0,28,0.38,2.15694290937488,0.0,38,8,25,884.8565847624277,20.04071751098132,14.932283006115306,31.47855647994393,20,0.24,0.9506720929293964,0.0,24,8,13,440.5914444620531,4050,100,3,7
-4.122657566769895,10.737624604907491,0.0,18,0.38,1.9072315245979987,0.0,38,8,25,419.596868731782,-4.540417729447302,10.626888423377144,-2.19722457733622,18,0.24,1.9007101616210853,-3.044522437723423,26,8,25,379.9697044853801,4.7212219841998175,19.127271225811143,1.0986122886681098,29,0.37,1.3229349239878838,0.0,37,8,25,924.151839032198,19.72593194618154,15.019389062264024,31.47855647994337,19,0.25,0.9580420224685556,0.0,25,8,38,443.3316030169791,4100,100,3,7
-3.755454531819797,10.403655147940764,0.0,17,0.39,2.130998777696401,0.0,39,8,25,385.8470152223216,-4.181687673101076,10.302943450529412,-1.0986122886681098,17,0.25,2.2394227687016603,-3.044522437723423,26,8,25,346.38629982281043,5.057979794772548,18.78027062486899,2.19722457733622,28,0.37,1.9030845704035448,0.0,37,8,25,894.0819308373135,19.70983756705687,15.039642253900688,31.47855647994286,19,0.26,0.9580420224685556,0.0,26,8,13,440.5914444620379,4150,100,3,7
-3.7469815532158632,10.413480568228229,0.0,17,0.37,2.1527959547937274,0.0,37,8,25,388.8392458508054,-4.090351999969312,10.335060952301037,0.0,17,0.26,1.908259036209143,0.0,26,8,25,352.3700030207519,4.45885388955085,18.403126015619964,1.0986122886681098,27,0.38,2.15694290937488,0.0,38,8,25,854.524505014646,20.024623131855964,14.952992999824772,31.47855647994235,20,0.25,0.9506720929293964,0.0,25,8,38,443.3316030169633,4200,100,3,7
-4.114184588165812,10.747434199399224,0.0,18,0.36,2.178547652442487,0.0,36,8,25,422.5769119939855,-4.4490820563153886,10.661103526755928,-1.0986122886681098,18,0.25,2.259422768701085,0.0,25,8,25,385.9813626767513,4.122096078978013,18.74634541165263,0.0,28,0.38,2.15694290937488,0.0,38,8,25,884.8565847623685,20.04071751097997,14.932283006114275,31.4785564799418,20,0.24,0.9506720929293964,0.0,24,8,13,440.5914444620233,4250,100,3,7
-4.122657566769617,10.737624604906786,0.0,18,0.38,1.9072315245979987,0.0,38,8,25,419.5968687317542,-4.540417729447025,10.62688842337644,-2.19722457733622,18,0.24,1.9007101616210853,-3.044522437723423,26,8,25,379.96970448535234,4.72122198419954,19.12727122580984,1.0986122886681098,29,0.37,1.3229349239878838,0.0,37,8,25,924.151839032136,19.72593194618021,15.019389062262988,31.47855647994124,19,0.25,0.9580420224685556,0.0,25,8,38,443.33160301694807,4300,100,3,7
-3.75545453181954,10.40365514794008,0.0,17,0.39,2.130998777696401,0.0,39,8,25,385.8470152222961,-4.181687673100819,10.302943450528735,-1.0986122886681098,17,0.25,2.2394227687016603,-3.044522437723423,26,8,25,346.38629982278485,5.05797979477225,18.78027062486771,2.19722457733622,28,0.37,1.9030845704035448,0.0,37,8,25,894.0819308372535,19.709837567055548,15.039642253899654,31.47855647994073,19,0.26,0.9580420224685556,0.0,26,8,13,440.5914444620079,4350,100,3,7
-3.746981553215607,10.413480568227548,0.0,17,0.37,2.1527959547937274,0.0,37,8,25,388.83924585077983,-4.090351999969055,10.335060952300356,0.0,17,0.26,1.908259036209143,0.0,26,8,25,352.3700030207263,4.4588538895505945,18.403126015618707,1.0986122886681098,27,0.38,2.15694290937488,0.0,38,8,25,854.5245050145888,20.02462313185463,14.952992999823744,31.478556479940217,20,0.25,0.9506720929293964,0.0,25,8,38,443.3316030169324,4400,100,3,7
-4.114184588165535,10.747434199398516,0.0,18,0.36,2.178547652442487,0.0,36,8,25,422.5769119939577,-4.449082056315112,10.661103526755223,-1.0986122886681098,18,0.25,2.259422768701085,0.0,25,8,25,385.9813626767236,4.122096078977777,18.746345411651355,0.0,28,0.38,2.15694290937488,0.0,38,8,25,884.8565847623092,20.04071751097863,14.932283006113249,31.478556479939662,20,0.24,0.9506720929293964,0.0,24,8,13,440.5914444619932,4450,100,3,7
-4.12265756676934,10.73762460490608,0.0,18,0.38,1.9072315245979987,0.0,38,8,25,419.5968687317265,-4.540417729446747,10.626888423375735,-2.19722457733622,18,0.24,1.9007101616210853,-3.044522437723423,26,8,25,379.9697044853247,4.721221984199263,19.127271225808546,1.0986122886681098,29,0.37,1.3229349239878838,0.0,37,8,25,924.151839032074,19.725931946178893,15.019389062261956,31.478556479939108,19,0.25,0.9580420224685556,0.0,25,8,38,443.33160301691726,4500,100,3,7
-3.755454531819285,10.403655147939398,0.0,17,0.39,2.130998777696401,0.0,39,8,25,385.8470152222705,-4.181687673100564,10.302943450528057,-1.0986122886681098,17,0.25,2.2394227687016603,-3.044522437723423,26,8,25,346.3862998227593,5.057979794771951,18.78027062486644,2.19722457733622,28,0.37,1.9030845704035448,0.0,37,8,25,894.0819308371935,19.70983756705423,15.039642253898617,31.4785564799386,19,0.26,0.9580420224685556,0.0,26,8,13,440.5914444619779,4550,100,3,7
-3.746981553215352,10.413480568226865,0.0,17,0.37,2.1527959547937274,0.0,37,8,25,388.8392458507543,-4.0903519999688,10.335060952299678,0.0,17,0.26,1.908259036209143,0.0,26,8,25,352.3700030207008,4.458853889550339,18.40312601561746,1.0986122886681098,27,0.38,2.15694290937488,0.0,38,8,25,854.5245050145317,20.02462313185328,14.952992999822715,31.47855647993808,20,0.25,0.9506720929293964,0.0,25,8,38,443.3316030169015,4600,100,3,7
-4.114184588165258,10.74743419939781,0.0,18,0.36,2.178547652442487,0.0,36,8,25,422.57691199393,-4.449082056314834,10.661103526754522,-1.0986122886681098,18,0.25,2.259422768701085,0.0,25,8,25,385.9813626766959,4.122096078977544,18.74634541165008,0.0,28,0.38,2.15694290937488,0.0,38,8,25,884.8565847622501,20.040717510977288,14.932283006112216,31.478556479937527,20,0.24,0.9506720929293964,0.0,24,8,13,440.5914444619632,4650,100,3,7
-4.122657566769063,10.73762460490537,0.0,18,0.38,1.9072315245979987,0.0,38,8,25,419.5968687316989,-4.540417729446471,10.626888423375034,-2.19722457733622,18,0.24,1.9007101616210853,-3.044522437723423,26,8,25,379.969704485297,4.721221984198986,19.12727122580724,1.0986122886681098,29,0.37,1.3229349239878838,0.0,37,8,25,924.151839032012,19.72593194617757,15.01938906226092,31.478556479936973,19,0.25,0.9580420224685556,0.0,25,8,38,443.3316030168863,4700,100,3,7
-3.7554545318190287,10.403655147938716,0.0,17,0.39,2.130998777696401,0.0,39,8,25,385.8470152222449,-4.181687673100307,10.302943450527378,-1.0986122886681098,17,0.25,2.2394227687016603,-3.044522437723423,26,8,25,346.3862998227337,5.057979794771653,18.78027062486516,2.19722457733622,28,0.37,1.9030845704035448,0.0,37,8,25,894.0819308371332,19.709837567052908,15.03964225389758,31.47855647993646,19,0.26,0.9580420224685556,0.0,26,8,13,440.5914444619479,4750,100,3,7
-3.746981553215096,10.413480568226182,0.0,17,0.37,2.1527959547937274,0.0,37,8,25,388.8392458507287,-4.090351999968544,10.335060952299,0.0,17,0.26,1.908259036209143,0.0,26,8,25,352.3700030206752,4.458853889550083,18.40312601561621,1.0986122886681098,27,0.38,2.15694290937488,0.0,38,8,25,854.5245050144742,20.02462313185194,14.952992999821689,31.47855647993595,20,0.25,0.9506720929293964,0.0,25,8,38,443.3316030168707,4800,100,3,7
-4.114184588164981,10.747434199397103,0.0,18,0.36,2.178547652442487,0.0,36,8,25,422.5769119939023,-4.449082056314557,10.661103526753822,-1.0986122886681098,18,0.25,2.259422768701085,0.0,25,8,25,385.9813626766682,4.122096078977308,18.74634541164881,0.0,28,0.38,2.15694290937488,0.0,38,8,25,884.856584762191,20.040717510975945,14.93228300611119,31.4785564799354,20,0.24,0.9506720929293964,0.0,24,8,13,440.5914444619333,4850,100,3,7
-4.122657566768786,10.737624604904669,0.0,18,0.38,1.9072315245979987,0.0,38,8,25,419.5968687316711,-4.540417729446193,10.62688842337433,-2.19722457733622,18,0.24,1.9007101616210853,-3.044522437723423,26,8,25,379.9697044852692,4.721221984198709,19.12727122580594,1.0986122886681098,29,0.37,1.3229349239878838,0.0,37,8,25,924.15183903195,19.725931946176253,15.019389062259885,31.47855647993484,19,0.25,0.9580420224685556,0.0,25,8,38,443.33160301685547,4900,100,3,7
-3.0901092452659293,10.617305243183043,0.0,21,0.36,2.474491692791537,0.0,36,8,37,309.4270029730174,-3.0240507633517733,11.14877668807617,0.0,22,0.22,2.267655258505447,-3.044522437723423,22,8,12,364.4983004199149,4.070873208625431,17.677528670244357,0.8047189562170501,30,0.35,2.369250326189609,0.0,35,8,25,765.7352702751492,16.798039122106715,16.230932115535865,31.478556479934287,22,0.27,1.291349296075208,0.0,27,8,37,441.6376190184935,4950,100,3,7
-1.0837138432801383,12.668806151849404,0.0,25,0.31,2.6315889560448,0.0,31,8,40,375.5214108623498,0.9838598178726096,14.868616266842912,0.8047189562170501,31,0.15,2.225035197438285,-2.19722457733622,16,10,10,447.1666416828427,-0.2659375137331411,13.471282335379811,0.0,22,0.27,2.1260052992578844,0.0,27,8,25,282.9038234864828,5.136494497074401,16.2024738171971,0.0,21,0.39,2.268709386556297,0.0,39,5,1,689.1660062078205,5000,100,3,7
0.1153769299326058,15.517616861439684,0.0,34,0.27,2.487320070976005,0.0,27,10,40,654.4495102517786,3.3054829073984098,16.75933848710729,2.19722457733622,40,0.08,2.2892697423958634,-2.19722457733622,19,10,10,695.5258193682599,-3.6300391383807296,10.502080274873569,0.0,24,0.18,2.327662845092414,2.19722457733622,19,10,40,369.5587105461686,-4.2591940169048055,10.18678141794886,0.0,22,0.46,2.488436571912724,0.0,46,10,40,360.8143432491349,5050,100,3,7
-1.6455586939447089,14.198349332468991,0.0,37,0.26,2.674966161601877,0.0,26,8,12,303.92479957696685,-2.592008343046858,14.0873817013141,-2.19722457733622,37,0.18,2.7195357151111987,-3.044522437723423,18,8,12,376.6154174732741,1.2270782737942767,17.031038865953903,0.0,41,0.31,2.37263553817531,0.0,31,8,25,597.7732113931041,9.994138740845514,18.43936666736713,1.6094379124341005,39,0.21,1.7257747468287854,0.0,21,5,1,745.3703750410248,0,100,3,8
-4.11245215545129,10.743023228590658,0.0,18,0.36,2.178547652442487,0.0,36,8,25,422.403727610372,-4.447349623600866,10.656711265793486,-1.0986122886681098,18,0.25,2.259422768701085,0.0,25,8,25,385.8081563617046,4.120630174373417,18.73838808453952,0.0,28,0.38,2.15694290937488,0.0,38,8,25,884.4870399378473,20.03232187551729,14.925852113655305,31.465230074445472,20,0.24,0.9506720929293964,0.0,24,8,13,440.4039109586055,50,100,3,8
-4.120925134055095,10.733210970313248,0.0,18,0.38,1.9072315245979987,0.0,38,8,25,419.42371139971567,-4.538685296732501,10.622496910942855,-2.19722457733622,18,0.24,1.9007101616210853,-3.044522437723423,26,8,25,379.7965340550255,4.719489551485018,19.119145439014726,1.0986122886681098,29,0.37,1.3229349239878838,0.0,37,8,25,923.7644599916184,19.717669574772493,15.012923784084451,31.46523007444491,19,0.25,0.9580420224685556,0.0,25,8,38,443.1385794631932,100,100,3,8
-3.75385536315998,10.399393797694524,0.0,17,0.39,2.130998777696401,0.0,39,8,25,385.6871539114627,-4.180088504441259,10.298706613183157,-1.0986122886681098,17,0.25,2.2394227687016603,-3.044522437723423,26,8,25,346.2264993814607,5.056114098002763,18.772285025931016,2.19722457733622,28,0.37,1.9030845704035448,0.0,37,8,25,893.7064224856488,19.701575195647823,15.033176840339218,31.46523007444439,19,0.26,0.9580420224685556,0.0,26,8,13,440.40391095858985,150,100,3,8
-3.745382384556046,10.409221938630964,0.0,17,0.37,2.1527959547937274,0.0,37,8,25,388.6793625975008,-4.088752831309495,10.330823148476656,0.0,17,0.26,1.908259036209143,0.0,26,8,25,352.2101527723197,4.457254720891033,18.395307344969304,1.0986122886681098,27,0.38,2.15694290937488,0.0,38,8,25,854.1669259755038,20.01622749639193,14.946561977649464,31.46523007444387,20,0.25,0.9506720929293964,0.0,25,8,38,443.1385794631773,200,100,3,8
-4.112452155451009,10.743023228589944,0.0,18,0.36,2.178547652442487,0.0,36,8,25,422.403727610344,-4.447349623600585,10.656711265792772,-1.0986122886681098,18,0.25,2.259422768701085,0.0,25,8,25,385.8081563616765,4.120630174373179,18.738388084538222,0.0,28,0.38,2.15694290937488,0.0,38,8,25,884.4870399377872,20.03232187551593,14.925852113654258,31.46523007444331,20,0.24,0.9506720929293964,0.0,24,8,13,440.40391095857495,250,100,3,8
-4.120925134054814,10.733210970312532,0.0,18,0.38,1.9072315245979987,0.0,38,8,25,419.42371139968753,-4.53868529673222,10.622496910942145,-2.19722457733622,18,0.24,1.9007101616210853,-3.044522437723423,26,8,25,379.7965340549973,4.719489551484737,19.1191454390134,1.0986122886681098,29,0.37,1.3229349239878838,0.0,37,8,25,923.7644599915556,19.71766957477115,15.012923784083403,31.465230074442747,19,0.25,0.9580420224685556,0.0,25,8,38,443.1385794631619,300,100,3,8
-3.7538553631597207,10.399393797693833,0.0,17,0.39,2.130998777696401,0.0,39,8,25,385.6871539114367,-4.180088504440999,10.298706613182471,-1.0986122886681098,17,0.25,2.2394227687016603,-3.044522437723423,26,8,25,346.22649938143473,5.05611409800246,18.772285025929715,2.19722457733622,28,0.37,1.9030845704035448,0.0,37,8,25,893.7064224855878,19.701575195646484,15.033176840338168,31.46523007444223,19,0.26,0.9580420224685556,0.0,26,8,13,440.4039109585595,350,100,3,8
-3.7453823845557865,10.409221938630273,0.0,17,0.37,2.1527959547937274,0.0,37,8,25,388.6793625974749,-4.088752831309235,10.330823148475966,0.0,17,0.26,1.908259036209143,0.0,26,8,25,352.2101527722937,4.457254720890775,18.395307344968035,1.0986122886681098,27,0.38,2.15694290937488,0.0,38,8,25,854.1669259754458,20.016227496390567,14.946561977648422,31.46523007444171,20,0.25,0.9506720929293964,0.0,25,8,38,443.138579463146,400,100,3,8
-4.112452155450728,10.743023228589228,0.0,18,0.36,2.178547652442487,0.0,36,8,25,422.4037276103158,-4.447349623600305,10.65671126579206,-1.0986122886681098,18,0.25,2.259422768701085,0.0,25,8,25,385.80815636164846,4.120630174372942,18.73838808453694,0.0,28,0.38,2.15694290937488,0.0,38,8,25,884.4870399377273,20.032321875514565,14.925852113653216,31.46523007444115,20,0.24,0.9506720929293964,0.0,24,8,13,440.4039109585445,450,100,3,8
-4.120925134054533,10.733210970311816,0.0,18,0.38,1.9072315245979987,0.0,38,8,25,419.4237113996595,-4.53868529673194,10.622496910941432,-2.19722457733622,18,0.24,1.9007101616210853,-3.044522437723423,26,8,25,379.79653405496936,4.719489551484457,19.11914543901209,1.0986122886681098,29,0.37,1.3229349239878838,0.0,37,8,25,923.7644599914926,19.71766957476981,15.012923784082355,31.465230074440587,19,0.25,0.9580420224685556,0.0,25,8,38,443.1385794631306,500,100,3,8
-3.753855363159461,10.39939379769314,0.0,17,0.39,2.130998777696401,0.0,39,8,25,385.6871539114107,-4.180088504440739,10.29870661318178,-1.0986122886681098,17,0.25,2.2394227687016603,-3.044522437723423,26,8,25,346.22649938140887,5.056114098002158,18.772285025928426,2.19722457733622,28,0.37,1.9030845704035448,0.0,37,8,25,893.7064224855271,19.701575195645145,15.033176840337122,31.465230074440065,19,0.26,0.9580420224685556,0.0,26,8,13,440.40391095852897,550,100,3,8
-3.745382384555527,10.40922193862958,0.0,17,0.37,2.1527959547937274,0.0,37,8,25,388.6793625974488,-4.088752831308976,10.33082314847528,0.0,17,0.26,1.908259036209143,0.0,26,8,25,352.2101527722678,4.457254720890514,18.395307344966767,1.0986122886681098,27,0.38,2.15694290937488,0.0,38,8,25,854.1669259753878,20.0162274963892,14.946561977647375,31.465230074439543,20,0.25,0.9506720929293964,0.0,25,8,38,443.1385794631146,600,100,3,8
-4.112452155450447,10.74302322858851,0.0,18,0.36,2.178547652442487,0.0,36,8,25,422.40372761028766,-4.447349623600023,10.656711265791348,-1.0986122886681098,18,0.25,2.259422768701085,0.0,25,8,25,385.8081563616204,4.120630174372704,18.738388084535647,0.0,28,0.38,2.15694290937488,0.0,38,8,25,884.4870399376674,20.032321875513208,14.925852113652171,31.465230074438985,20,0.24,0.9506720929293964,0.0,24,8,13,440.4039109585141,650,100,3,8
-4.120925134054252,10.7332109703111,0.0,18,0.38,1.9072315245979987,0.0,38,8,25,419.4237113996314,-4.538685296731659,10.62249691094072,-2.19722457733622,18,0.24,1.9007101616210853,-3.044522437723423,26,8,25,379.7965340549412,4.719489551484174,19.11914543901077,1.0986122886681098,29,0.37,1.3229349239878838,0.0,37,8,25,923.7644599914296,19.71766957476847,15.012923784081307,31.465230074438423,19,0.25,0.9580420224685556,0.0,25,8,38,443.1385794630993,700,100,3,8
-3.753855363159202,10.399393797692449,0.0,17,0.39,2.130998777696401,0.0,39,8,25,385.6871539113848,-4.18008850444048,10.298706613181093,-1.0986122886681098,17,0.25,2.2394227687016603,-3.044522437723423,26,8,25,346.2264993813829,5.056114098001855,18.772285025927125,2.19722457733622,28,0.37,1.9030845704035448,0.0,37,8,25,893.7064224854661,19.7015751956438,15.033176840336072,31.465230074437905,19,0.26,0.9580420224685556,0.0,26,8,13,440.40391095849856,750,100,3,8
-3.745382384555268,10.409221938628887,0.0,17,0.37,2.1527959547937274,0.0,37,8,25,388.6793625974231,-4.0887528313087165,10.330823148474591,0.0,17,0.26,1.908259036209143,0.0,26,8,25,352.21015277224194,4.457254720890255,18.3953073449655,1.0986122886681098,27,0.38,2.15694290937488,0.0,38,8,25,854.1669259753296,20.01622749638784,14.946561977646336,31.465230074437383,20,0.25,0.9506720929293964,0.0,25,8,38,443.1385794630834,800,100,3,8
-4.112452155450166,10.743023228587797,0.0,18,0.36,2.178547652442487,0.0,36,8,25,422.4037276102597,-4.447349623599743,10.656711265790635,-1.0986122886681098,18,0.25,2.259422768701085,0.0,25,8,25,385.8081563615923,4.120630174372466,18.73838808453436,0.0,28,0.38,2.15694290937488,0.0,38,8,25,884.4870399376074,20.03232187551184,14.925852113651132,31.465230074436825,20,0.24,0.9506720929293964,0.0,24,8,13,440.4039109584837,850,100,3,8
-4.120925134053971,10.733210970310385,0.0,18,0.38,1.9072315245979987,0.0,38,8,25,419.4237113996033,-4.538685296731378,10.622496910940008,-2.19722457733622,18,0.24,1.9007101616210853,-3.044522437723423,26,8,25,379.796534054913,4.7194895514838935,19.11914543900945,1.0986122886681098,29,0.37,1.3229349239878838,0.0,37,8,25,923.764459991367,19.71766957476713,15.01292378408026,31.465230074436263,19,0.25,0.9580420224685556,0.0,25,8,38,443.138579463068,900,100,3,8
-3.753855363158943,10.399393797691756,0.0,17,0.39,2.130998777696401,0.0,39,8,25,385.6871539113589,-4.180088504440222,10.298706613180409,-1.0986122886681098,17,0.25,2.2394227687016603,-3.044522437723423,26,8,25,346.22649938135703,5.056114098001551,18.772285025925832,2.19722457733622,28,0.37,1.9030845704035448,0.0,37,8,25,893.706422485405,19.701575195642462,15.033176840335022,31.46523007443574,19,0.26,0.9580420224685556,0.0,26,8,13,440.4039109584682,950,100,3,8
-3.745382384555009,10.4092219386282,0.0,17,0.37,2.1527959547937274,0.0,37,8,25,388.679362597397,-4.088752831308457,10.330823148473906,0.0,17,0.26,1.908259036209143,0.0,26,8,25,352.210152772216,4.457254720889996,18.395307344964227,1.0986122886681098,27,0.38,2.15694290937488,0.0,38,8,25,854.1669259752716,20.01622749638648,14.94656197764529,31.465230074435222,20,0.25,0.9506720929293964,0.0,25,8,38,443.1385794630521,1000,100,3,8
-4.112452155449885,10.74302322858708,0.0,18,0.36,2.178547652442487,0.0,36,8,25,422.4037276102315,-4.447349623599462,10.656711265789925,-1.0986122886681098,18,0.25,2.259422768701085,0.0,25,8,25,385.8081563615642,4.120630174372229,18.738388084533064,0.0,28,0.38,2.15694290937488,0.0,38,8,25,884.4870399375474,20.032321875510483,14.925852113650087,31.46523007443466,20,0.24,0.9506720929293964,0.0,24,8,13,440.4039109584533,1050,100,3,8
-4.12092513405369,10.733210970309669,0.0,18,0.38,1.9072315245979987,0.0,38,8,25,419.42371139957527,-4.538685296731096,10.622496910939292,-2.19722457733622,18,0.24,1.9007101616210853,-3.044522437723423,26,8,25,379.79653405488506,4.719489551483613,19.119145439008136,1.0986122886681098,29,0.37,1.3229349239878838,0.0,37,8,25,923.7644599913044,19.71766957476579,15.012923784079211,31.4652300744341,19,0.25,0.9580420224685556,0.0,25,8,38,443.1385794630367,1100,100,3,8
-3.7538553631586815,10.399393797691069,0.0,17,0.39,2.130998777696401,0.0,39,8,25,385.687153911333,-4.180088504439961,10.29870661317972,-1.0986122886681098,17,0.25,2.2394227687016603,-3.044522437723423,26,8,25,346.22649938133105,5.05611409800125,18.77228502592454,2.19722457733622,28,0.37,1.9030845704035448,0.0,37,8,25,893.7064224853443,19.701575195641123,15.033176840333974,31.46523007443358,19,0.26,0.9580420224685556,0.0,26,8,13,440.4039109584377,1150,100,3,8
-3.745382384554749,10.409221938627509,0.0,17,0.37,2.1527959547937274,0.0,37,8,25,388.6793625973711,-4.088752831308198,10.330823148473218,0.0,17,0.26,1.908259036209143,0.0,26,8,25,352.21015277219,4.457254720889736,18.39530734496296,1.0986122886681098,27,0.38,2.15694290937488,0.0,38,8,25,854.1669259752139,20.01622749638512,14.946561977644247,31.465230074433062,20,0.25,0.9506720929293964,0.0,25,8,38,443.1385794630207,1200,100,3,8
-4.1124521554496045,10.743023228586363,0.0,18,0.36,2.178547652442487,0.0,36,8,25,422.4037276102034,-4.447349623599181,10.656711265789212,-1.0986122886681098,18,0.25,2.259422768701085,0.0,25,8,25,385.808156361536,4.120630174371991,18.73838808453177,0.0,28,0.38,2.15694290937488,0.0,38,8,25,884.4870399374875,20.03232187550912,14.925852113649045,31.4652300744325,20,0.24,0.9506720929293964,0.0,24,8,13,440.4039109584229,1250,100,3,8
-4.120925134053409,10.733210970308953,0.0,18,0.38,1.9072315245979987,0.0,38,8,25,419.4237113995472,-4.538685296730815,10.62249691093858,-2.19722457733622,18,0.24,1.9007101616210853,-3.044522437723423,26,8,25,379.79653405485686,4.719489551483332,19.11914543900681,1.0986122886681098,29,0.37,1.3229349239878838,0.0,37,8,25,923.7644599912412,19.717669574764454,15.012923784078165,31.46523007443194,19,0.25,0.9580420224685556,0.0,25,8,38,443.13857946300527,1300,100,3,8
-3.753855363158424,10.399393797690376,0.0,17,0.39,2.130998777696401,0.0,39,8,25,385.687153911307,-4.180088504439702,10.298706613179034,-1.0986122886681098,17,0.25,2.2394227687016603,-3.044522437723423,26,8,25,346.22649938130513,5.056114098000948,18.77228502592324,2.19722457733622,28,0.37,1.9030845704035448,0.0,37,8,25,893.7064224852834,19.70157519563978,15.033176840332926,31.465230074431418,19,0.26,0.9580420224685556,0.0,26,8,13,440.4039109584074,1350,100,3,8
-3.74538238455449,10.409221938626816,0.0,17,0.37,2.1527959547937274,0.0,37,8,25,388.67936259734506,-4.0887528313079375,10.330823148472527,0.0,17,0.26,1.908259036209143,0.0,26,8,25,352.210152772164,4.457254720889477,18.395307344961694,1.0986122886681098,27,0.38,2.15694290937488,0.0,38,8,25,854.1669259751557,20.01622749638376,14.946561977643205,31.4652300744309,20,0.25,0.9506720929293964,0.0,25,8,38,443.1385794629894,1400,100,3,8
-4.112452155449323,10.743023228585647,0.0,18,0.36,2.178547652442487,0.0,36,8,25,422.40372761017534,-4.4473496235989,10.656711265788497,-1.0986122886681098,18,0.25,2.259422768701085,0.0,25,8,25,385.808156361508,4.120630174371753,18.738388084530488,0.0,28,0.38,2.15694290937488,0.0,38,8,25,884.4870399374275,20.03232187550776,14.925852113648002,31.465230074430337,20,0.24,0.9506720929293964,0.0,24,8,13,440.4039109583924,1450,100,3,8
-4.120925134053127,10.733210970308235,0.0,18,0.38,1.9072315245979987,0.0,38,8,25,419.423711399519,-4.5386852967305344,10.622496910937867,-2.19722457733622,18,0.24,1.9007101616210853,-3.044522437723423,26,8,25,379.7965340548287,4.71948955148305,19.119145439005496,1.0986122886681098,29,0.37,1.3229349239878838,0.0,37,8,25,923.7644599911785,19.717669574763107,15.012923784077111,31.465230074429776,19,0.25,0.9580420224685556,0.0,25,8,38,443.13857946297406,1500,100,3,8
-3.753855363158164,10.399393797689685,0.0,17,0.39,2.130998777696401,0.0,39,8,25,385.6871539112811,-4.180088504439443,10.298706613178346,-1.0986122886681098,17,0.25,2.2394227687016603,-3.044522437723423,26,8,25,346.2264993812792,5.056114098000645,18.77228502592195,2.19722457733622,28,0.37,1.9030845704035448,0.0,37,8,25,893.7064224852223,19.70157519563844,15.033176840331876,31.465230074429257,19,0.26,0.9580420224685556,0.0,26,8,13,440.40391095837685,1550,100,3,8
-3.7453823845542304,10.409221938626128,0.0,17,0.37,2.1527959547937274,0.0,37,8,25,388.67936259731925,-4.088752831307678,10.330823148471842,0.0,17,0.26,1.908259036209143,0.0,26,8,25,352.21015277213814,4.4572547208892175,18.395307344960425,1.0986122886681098,27,0.38,2.15694290937488,0.0,38,8,25,854.1669259750976,20.016227496382392,14.946561977642162,31.46523007442874,20,0.25,0.9506720929293964,0.0,25,8,38,443.138579462958,1600,100,3,8
-4.112452155449042,10.743023228584931,0.0,18,0.36,2.178547652442487,0.0,36,8,25,422.40372761014726,-4.447349623598619,10.656711265787786,-1.0986122886681098,18,0.25,2.259422768701085,0.0,25,8,25,385.8081563614799,4.120630174371516,18.73838808452919,0.0,28,0.38,2.15694290937488,0.0,38,8,25,884.4870399373675,20.0323218755064,14.925852113646958,31.465230074428177,20,0.24,0.9506720929293964,0.0,24,8,13,440.403910958362,1650,100,3,8
-4.120925134052846,10.73321097030752,0.0,18,0.38,1.9072315245979987,0.0,38,8,25,419.4237113994909,-4.538685296730253,10.622496910937157,-2.19722457733622,18,0.24,1.9007101616210853,-3.044522437723423,26,8,25,379.7965340548007,4.719489551482769,19.119145439004186,1.0986122886681098,29,0.37,1.3229349239878838,0.0,37,8,25,923.7644599911156,19.71766957476177,15.012923784076063,31.465230074427616,19,0.25,0.9580420224685556,0.0,25,8,38,443.1385794629427,1700,100,3,8
-3.753855363157905,10.399393797688994,0.0,17,0.39,2.130998777696401,0.0,39,8,25,385.6871539112551,-4.180088504439183,10.298706613177655,-1.0986122886681098,17,0.25,2.2394227687016603,-3.044522437723423,26,8,25,346.2264993812533,5.05611409800034,18.77228502592065,2.19722457733622,28,0.37,1.9030845704035448,0.0,37,8,25,893.7064224851616,19.701575195637098,15.033176840330828,31.46523007442709,19,0.26,0.9580420224685556,0.0,26,8,13,440.4039109583464,1750,100,3,8
-3.745382384553971,10.409221938625436,0.0,17,0.37,2.1527959547937274,0.0,37,8,25,388.6793625972932,-4.08875283130742,10.330823148471156,0.0,17,0.26,1.908259036209143,0.0,26,8,25,352.2101527721122,4.457254720888958,18.39530734495916,1.0986122886681098,27,0.38,2.15694290937488,0.0,38,8,25,854.1669259750398,20.016227496381035,14.946561977641116,31.46523007442657,20,0.25,0.9506720929293964,0.0,25,8,38,443.1385794629267,1800,100,3,8
-4.112452155448761,10.74302322858422,0.0,18,0.36,2.178547652442487,0.0,36,8,25,422.4037276101191,-4.447349623598337,10.656711265787074,-1.0986122886681098,18,0.25,2.259422768701085,0.0,25,8,25,385.8081563614517,4.120630174371277,18.7383880845279,0.0,28,0.38,2.15694290937488,0.0,38,8,25,884.4870399373075,20.03232187550504,14.925852113645911,31.46523007442601,20,0.24,0.9506720929293964,0.0,24,8,13,440.40391095833166,1850,100,3,8
-4.120925134052565,10.733210970306803,0.0,18,0.38,1.9072315245979987,0.0,38,8,25,419.4237113994629,-4.538685296729971,10.622496910936444,-2.19722457733622,18,0.24,1.9007101616210853,-3.044522437723423,26,8,25,379.7965340547726,4.719489551482488,19.119145439002864,1.0986122886681098,29,0.37,1.3229349239878838,0.0,37,8,25,923.7644599910528,19.71766957476043,15.012923784075015,31.465230074425453,19,0.25,0.9580420224685556,0.0,25,8,38,443.13857946291137,1900,100,3,8
-3.753855363157646,10.3993937976883,0.0,17,0.39,2.130998777696401,0.0,39,8,25,385.6871539112292,-4.180088504438924,10.298706613176972,-1.0986122886681098,17,0.25,2.2394227687016603,-3.044522437723423,26,8,25,346.22649938122737,5.056114098000038,18.77228502591936,2.19722457733622,28,0.37,1.9030845704035448,0.0,37,8,25,893.7064224851007,19.701575195635755,15.03317684032978,31.46523007442493,19,0.26,0.9580420224685556,0.0,26,8,13,440.403910958316,1950,100,3,8
-3.745382384553712,10.409221938624745,0.0,17,0.37,2.1527959547937274,0.0,37,8,25,388.6793625972672,-4.08875283130716,10.33082314847047,0.0,17,0.26,1.908259036209143,0.0,26,8,25,352.21015277208625,4.4572547208887,18.39530734495789,1.0986122886681098,27,0.38,2.15694290937488,0.0,38,8,25,854.1669259749816,20.01622749637967,14.946561977640076,31.46523007442441,20,0.25,0.9506720929293964,0.0,25,8,38,443.13857946289545,2000,100,3,8
-4.11245215544848,10.7430232285835,0.0,18,0.36,2.178547652442487,0.0,36,8,25,422.40372761009104,-4.447349623598057,10.65671126578636,-1.0986122886681098,18,0.25,2.259422768701085,0.0,25,8,25,385.8081563614237,4.12063017437104,18.73838808452661,0.0,28,0.38,2.15694290937488,0.0,38,8,25,884.4870399372476,20.03232187550368,14.92585211364487,31.46523007442385,20,0.24,0.9506720929293964,0.0,24,8,13,440.4039109583012,2050,100,3,8
-4.120925134052283,10.733210970306086,0.0,18,0.38,1.9072315245979987,0.0,38,8,25,419.4237113994347,-4.53868529672969,10.622496910935734,-2.19722457733622,18,0.24,1.9007101616210853,-3.044522437723423,26,8,25,379.7965340547445,4.719489551482207,19.119145439001542,1.0986122886681098,29,0.37,1.3229349239878838,0.0,37,8,25,923.76445999099,19.71766957475909,15.012923784073966,31.46523007442329,19,0.25,0.9580420224685556,0.0,25,8,38,443.1385794628801,2100,100,3,8
-3.753855363157386,10.399393797687608,0.0,17,0.39,2.130998777696401,0.0,39,8,25,385.6871539112033,-4.180088504438665,10.298706613176286,-1.0986122886681098,17,0.25,2.2394227687016603,-3.044522437723423,26,8,25,346.2264993812015,5.056114097999736,18.77228502591806,2.19722457733622,28,0.37,1.9030845704035448,0.0,37,8,25,893.7064224850396,19.70157519563442,15.03317684032873,31.46523007442277,19,0.26,0.9580420224685556,0.0,26,8,13,440.4039109582856,2150,100,3,8
-3.745382384553452,10.409221938624055,0.0,17,0.37,2.1527959547937274,0.0,37,8,25,388.6793625972413,-4.088752831306901,10.33082314846978,0.0,17,0.26,1.908259036209143,0.0,26,8,25,352.2101527720603,4.457254720888439,18.395307344956624,1.0986122886681098,27,0.38,2.15694290937488,0.0,38,8,25,854.1669259749236,20.01622749637831,14.94656197763903,31.46523007442225,20,0.25,0.9506720929293964,0.0,25,8,38,443.1385794628641,2200,100,3,8
-4.112452155448199,10.743023228582787,0.0,18,0.36,2.178547652442487,0.0,36,8,25,422.403727610063,-4.447349623597775,10.656711265785647,-1.0986122886681098,18,0.25,2.259422768701085,0.0,25,8,25,385.8081563613956,4.120630174370802,18.73838808452532,0.0,28,0.38,2.15694290937488,0.0,38,8,25,884.4870399371878,20.032321875502312,14.925852113643824,31.46523007442169,20,0.24,0.9506720929293964,0.0,24,8,13,440.4039109582707,2250,100,3,8
-4.120925134052002,10.733210970305372,0.0,18,0.38,1.9072315245979987,0.0,38,8,25,419.4237113994066,-4.538685296729409,10.62249691093502,-2.19722457733622,18,0.24,1.9007101616210853,-3.044522437723423,26,8,25,379.79653405471646,4.719489551481925,19.119145439000224,1.0986122886681098,29,0.37,1.3229349239878838,0.0,37,8,25,923.7644599909272,19.717669574757743,15.012923784072916,31.46523007442113,19,0.25,0.9580420224685556,0.0,25,8,38,443.1385794628488,2300,100,3,8
-3.753855363157127,10.399393797686916,0.0,17,0.39,2.130998777696401,0.0,39,8,25,385.68715391117735,-4.180088504438405,10.298706613175597,-1.0986122886681098,17,0.25,2.2394227687016603,-3.044522437723423,26,8,25,346.2264993811755,5.0561140979994335,18.77228502591677,2.19722457733622,28,0.37,1.9030845704035448,0.0,37,8,25,893.7064224849787,19.70157519563308,15.033176840327682,31.46523007442061,19,0.26,0.9580420224685556,0.0,26,8,13,440.4039109582552,2350,100,3,8
-3.745382384553193,10.409221938623364,0.0,17,0.37,2.1527959547937274,0.0,37,8,25,388.6793625972155,-4.088752831306642,10.330823148469094,0.0,17,0.26,1.908259036209143,0.0,26,8,25,352.2101527720344,4.45725472088818,18.395307344955352,1.0986122886681098,27,0.38,2.15694290937488,0.0,38,8,25,854.1669259748656,20.016227496376946,14.946561977637987,31.46523007442009,20,0.25,0.9506720929293964,0.0,25,8,38,443.13857946283287,2400,100,3,8
-4.112452155447918,10.743023228582071,0.0,18,0.36,2.178547652442487,0.0,36,8,25,422.4037276100349,-4.447349623597495,10.656711265784931,-1.0986122886681098,18,0.25,2.259422768701085,0.0,25,8,25,385.8081563613675,4.120630174370564,18.738388084524026,0.0,28,0.38,2.15694290937488,0.0,38,8,25,884.4870399371277,20.032321875500948,14.925852113642785,31.46523007441953,20,0.24,0.9506720929293964,0.0,24,8,13,440.4039109582403,2450,100,3,8
-4.1209251340517215,10.733210970304656,0.0,18,0.38,1.9072315245979987,0.0,38,8,25,419.4237113993787,-4.5386852967291285,10.622496910934307,-2.19722457733622,18,0.24,1.9007101616210853,-3.044522437723423,26,8,25,379.7965340546885,4.719489551481645,19.119145438998903,1.0986122886681098,29,0.37,1.3229349239878838,0.0,37,8,25,923.7644599908642,19.71766957475641,15.01292378407187,31.465230074418965,19,0.25,0.9580420224685556,0.0,25,8,38,443.1385794628175,2500,100,3,8
-3.7538553631568674,10.399393797686228,0.0,17,0.39,2.130998777696401,0.0,39,8,25,385.6871539111515,-4.180088504438146,10.29870661317491,-1.0986122886681098,17,0.25,2.2394227687016603,-3.044522437723423,26,8,25,346.2264993811496,5.056114097999132,18.77228502591547,2.19722457733622,28,0.37,1.9030845704035448,0.0,37,8,25,893.7064224849179,19.70157519563174,15.033176840326632,31.465230074418447,19,0.26,0.9580420224685556,0.0,26,8,13,440.4039109582247,2550,100,3,8
-3.745382384552933,10.409221938622672,0.0,17,0.37,2.1527959547937274,0.0,37,8,25,388.6793625971896,-4.0887528313063815,10.330823148468404,0.0,17,0.26,1.908259036209143,0.0,26,8,25,352.2101527720085,4.457254720887921,18.395307344954084,1.0986122886681098,27,0.38,2.15694290937488,0.0,38,8,25,854.1669259748077,20.016227496375585,14.946561977636945,31.465230074417928,20,0.25,0.9506720929293964,0.0,25,8,38,443.1385794628016,2600,100,3,8
-4.112452155447636,10.743023228581354,0.0,18,0.36,2.178547652442487,0.0,36,8,25,422.4037276100067,-4.447349623597213,10.656711265784224,-1.0986122886681098,18,0.25,2.259422768701085,0.0,25,8,25,385.8081563613394,4.1206301743703255,18.73838808452274,0.0,28,0.38,2.15694290937488,0.0,38,8,25,884.4870399370677,20.03232187549959,14.92585211364174,31.465230074417367,20,0.24,0.9506720929293964,0.0,24,8,13,440.40391095821,2650,100,3,8
-4.120925134051441,10.73321097030394,0.0,18,0.38,1.9072315245979987,0.0,38,8,25,419.4237113993505,-4.538685296728847,10.622496910933595,-2.19722457733622,18,0.24,1.9007101616210853,-3.044522437723423,26,8,25,379.7965340546602,4.719489551481364,19.11914543899759,1.0986122886681098,29,0.37,1.3229349239878838,0.0,37,8,25,923.7644599908014,19.717669574755067,15.012923784070818,31.465230074416805,19,0.25,0.9580420224685556,0.0,25,8,38,443.1385794627861,2700,100,3,8
-3.753855363156609,10.399393797685535,0.0,17,0.39,2.130998777696401,0.0,39,8,25,385.6871539111255,-4.180088504437887,10.298706613174222,-1.0986122886681098,17,0.25,2.2394227687016603,-3.044522437723423,26,8,25,346.22649938112363,5.056114097998829,18.77228502591417,2.19722457733622,28,0.37,1.9030845704035448,0.0,37,8,25,893.7064224848571,19.7015751956304,15.033176840325584,31.465230074416286,19,0.26,0.9580420224685556,0.0,26,8,13,440.4039109581944,2750,100,3,8
-3.745382384552674,10.409221938621982,0.0,17,0.37,2.1527959547937274,0.0,37,8,25,388.6793625971635,-4.088752831306122,10.33082314846772,0.0,17,0.26,1.908259036209143,0.0,26,8,25,352.21015277198256,4.457254720887661,18.39530734495281,1.0986122886681098,27,0.38,2.15694290937488,0.0,38,8,25,854.1669259747496,20.01622749637422,14.9465619776359,31.465230074415768,20,0.25,0.9506720929293964,0.0,25,8,38,443.13857946277017,2800,100,3,8
-4.112452155447356,10.743023228580642,0.0,18,0.36,2.178547652442487,0.0,36,8,25,422.4037276099786,-4.447349623596932,10.65671126578351,-1.0986122886681098,18,0.25,2.259422768701085,0.0,25,8,25,385.80815636131126,4.120630174370088,18.738388084521446,0.0,28,0.38,2.15694290937488,0.0,38,8,25,884.4870399370078,20.032321875498223,14.925852113640696,31.465230074415206,20,0.24,0.9506720929293964,0.0,24,8,13,440.4039109581796,2850,100,3,8
-4.12092513405116,10.733210970303222,0.0,18,0.38,1.9072315245979987,0.0,38,8,25,419.4237113993224,-4.538685296728566,10.622496910932885,-2.19722457733622,18,0.24,1.9007101616210853,-3.044522437723423,26,8,25,379.79653405463216,4.719489551481083,19.11914543899628,1.0986122886681098,29,0.37,1.3229349239878838,0.0,37,8,25,923.7644599907386,19.717669574753728,15.01292378406977,31.46523007441464,19,0.25,0.9580420224685556,0.0,25,8,38,443.1385794627549,2900,100,3,8
-3.7538553631563487,10.399393797684846,0.0,17,0.39,2.130998777696401,0.0,39,8,25,385.6871539110996,-4.180088504437627,10.298706613173534,-1.0986122886681098,17,0.25,2.2394227687016603,-3.044522437723423,26,8,25,346.22649938109777,5.056114097998526,18.77228502591288,2.19722457733622,28,0.37,1.9030845704035448,0.0,37,8,25,893.7064224847961,19.70157519562905,15.033176840324533,31.465230074414123,19,0.26,0.9580420224685556,0.0,26,8,13,440.4039109581639,2950,100,3,8
-3.745382384552414,10.409221938621291,0.0,17,0.37,2.1527959547937274,0.0,37,8,25,388.6793625971376,-4.088752831305863,10.330823148467031,0.0,17,0.26,1.908259036209143,0.0,26,8,25,352.2101527719567,4.457254720887401,18.395307344951544,1.0986122886681098,27,0.38,2.15694290937488,0.0,38,8,25,854.1669259746918,20.016227496372863,14.946561977634856,31.465230074413604,20,0.25,0.9506720929293964,0.0,25,8,38,443.1385794627389,3000,100,3,8
-4.112452155447075,10.743023228579924,0.0,18,0.36,2.178547652442487,0.0,36,8,25,422.4037276099506,-4.447349623596652,10.656711265782796,-1.0986122886681098,18,0.25,2.259422768701085,0.0,25,8,25,385.8081563612832,4.12063017436985,18.73838808452016,0.0,28,0.38,2.15694290937488,0.0,38,8,25,884.4870399369478,20.032321875496866,14.925852113639651,31.465230074413043,20,0.24,0.9506720929293964,0.0,24,8,13,440.403910958149,3050,100,3,8
-4.12092513405088,10.73321097030251,0.0,18,0.38,1.9072315245979987,0.0,38,8,25,419.4237113992944,-4.538685296728286,10.62249691093217,-2.19722457733622,18,0.24,1.9007101616210853,-3.044522437723423,26,8,25,379.7965340546041,4.719489551480803,19.11914543899496,1.0986122886681098,29,0.37,1.3229349239878838,0.0,37,8,25,923.7644599906756,19.71766957475239,15.012923784068724,31.46523007441248,19,0.25,0.9580420224685556,0.0,25,8,38,443.1385794627236,3100,100,3,8
-3.75385536315609,10.399393797684157,0.0,17,0.39,2.130998777696401,0.0,39,8,25,385.68715391107366,-4.180088504437368,10.298706613172849,-1.0986122886681098,17,0.25,2.2394227687016603,-3.044522437723423,26,8,25,346.22649938107185,5.056114097998224,18.772285025911582,2.19722457733622,28,0.37,1.9030845704035448,0.0,37,8,25,893.7064224847352,19.701575195627715,15.033176840323486,31.465230074411963,19,0.26,0.9580420224685556,0.0,26,8,13,440.4039109581334,3150,100,3,8
-3.7453823845521534,10.4092219386206,0.0,17,0.37,2.1527959547937274,0.0,37,8,25,388.67936259711166,-4.088752831305603,10.330823148466346,0.0,17,0.26,1.908259036209143,0.0,26,8,25,352.21015277193067,4.457254720887142,18.39530734495028,1.0986122886681098,27,0.38,2.15694290937488,0.0,38,8,25,854.1669259746337,20.0162274963715,14.946561977633817,31.465230074411444,20,0.25,0.9506720929293964,0.0,25,8,38,443.1385794627075,3200,100,3,8
-4.112452155446793,10.74302322857921,0.0,18,0.36,2.178547652442487,0.0,36,8,25,422.40372760992256,-4.44734962359637,10.656711265782086,-1.0986122886681098,18,0.25,2.259422768701085,0.0,25,8,25,385.808156361255,4.120630174369612,18.738388084518864,0.0,28,0.38,2.15694290937488,0.0,38,8,25,884.487039936888,20.03232187549549,14.92585211363861,31.465230074410883,20,0.24,0.9506720929293964,0.0,24,8,13,440.4039109581186,3250,100,3,8
-4.120925134050598,10.733210970301792,0.0,18,0.38,1.9072315245979987,0.0,38,8,25,419.4237113992662,-4.538685296728005,10.622496910931456,-2.19722457733622,18,0.24,1.9007101616210853,-3.044522437723423,26,8,25,379.796534054576,4.719489551480522,19.11914543899364,1.0986122886681098,29,0.37,1.3229349239878838,0.0,37,8,25,923.7644599906127,19.71766957475105,15.012923784067674,31.46523007441032,19,0.25,0.9580420224685556,0.0,25,8,38,443.1385794626922,3300,100,3,8
-3.7538553631558296,10.399393797683464,0.0,17,0.39,2.130998777696401,0.0,39,8,25,385.6871539110477,-4.180088504437108,10.29870661317216,-1.0986122886681098,17,0.25,2.2394227687016603,-3.044522437723423,26,8,25,346.2264993810459,5.056114097997921,18.77228502591029,2.19722457733622,28,0.37,1.9030845704035448,0.0,37,8,25,893.7064224846741,19.70157519562638,15.033176840322438,31.4652300744098,19,0.26,0.9580420224685556,0.0,26,8,13,440.4039109581031,3350,100,3,8
-3.745382384551895,10.409221938619908,0.0,17,0.37,2.1527959547937274,0.0,37,8,25,388.6793625970857,-4.088752831305343,10.330823148465656,0.0,17,0.26,1.908259036209143,0.0,26,8,25,352.21015277190475,4.4572547208868825,18.39530734494901,1.0986122886681098,27,0.38,2.15694290937488,0.0,38,8,25,854.1669259745757,20.01622749637014,14.94656197763277,31.46523007440928,20,0.25,0.9506720929293964,0.0,25,8,38,443.13857946267626,3400,100,3,8
-4.112452155446512,10.743023228578494,0.0,18,0.36,2.178547652442487,0.0,36,8,25,422.4037276098943,-4.4473496235960885,10.656711265781372,-1.0986122886681098,18,0.25,2.259422768701085,0.0,25,8,25,385.808156361227,4.120630174369374,18.738388084517577,0.0,28,0.38,2.15694290937488,0.0,38,8,25,884.487039936828,20.03232187549414,14.925852113637566,31.46523007440872,20,0.24,0.9506720929293964,0.0,24,8,13,440.40391095808826,3450,100,3,8
-4.120925134050317,10.733210970301077,0.0,18,0.38,1.9072315245979987,0.0,38,8,25,419.4237113992381,-4.538685296727724,10.622496910930746,-2.19722457733622,18,0.24,1.9007101616210853,-3.044522437723423,26,8,25,379.7965340545479,4.71948955148024,19.11914543899232,1.0986122886681098,29,0.37,1.3229349239878838,0.0,37,8,25,923.76445999055,19.71766957474971,15.012923784066626,31.46523007440816,19,0.25,0.9580420224685556,0.0,25,8,38,443.1385794626609,3500,100,3,8
-3.75385536315557,10.399393797682771,0.0,17,0.39,2.130998777696401,0.0,39,8,25,385.6871539110218,-4.180088504436849,10.298706613171472,-1.0986122886681098,17,0.25,2.2394227687016603,-3.044522437723423,26,8,25,346.22649938101995,5.056114097997618,18.772285025909,2.19722457733622,28,0.37,1.9030845704035448,0.0,37,8,25,893.7064224846132,19.70157519562504,15.033176840321389,31.46523007440764,19,0.26,0.9580420224685556,0.0,26,8,13,440.4039109580728,3550,100,3,8
-3.745382384551636,10.409221938619218,0.0,17,0.37,2.1527959547937274,0.0,37,8,25,388.6793625970597,-4.088752831305084,10.330823148464969,0.0,17,0.26,1.908259036209143,0.0,26,8,25,352.2101527718788,4.457254720886623,18.39530734494774,1.0986122886681098,27,0.38,2.15694290937488,0.0,38,8,25,854.1669259745174,20.01622749636877,14.946561977631728,31.46523007440712,20,0.25,0.9506720929293964,0.0,25,8,38,443.13857946264505,3600,100,3,8
-4.112452155446231,10.743023228577776,0.0,18,0.36,2.178547652442487,0.0,36,8,25,422.4037276098662,-4.447349623595808,10.65671126578066,-1.0986122886681098,18,0.25,2.259422768701085,0.0,25,8,25,385.8081563611989,4.120630174369136,18.738388084516284,0.0,28,0.38,2.15694290937488,0.0,38,8,25,884.487039936768,20.032321875492777,14.925852113636523,31.46523007440656,20,0.24,0.9506720929293964,0.0,24,8,13,440.4039109580578,3650,100,3,8
-4.120925134050037,10.73321097030036,0.0,18,0.38,1.9072315245979987,0.0,38,8,25,419.4237113992101,-4.538685296727444,10.622496910930032,-2.19722457733622,18,0.24,1.9007101616210853,-3.044522437723423,26,8,25,379.7965340545197,4.719489551479959,19.119145438990994,1.0986122886681098,29,0.37,1.3229349239878838,0.0,37,8,25,923.7644599904872,19.717669574748367,15.012923784065576,31.465230074405994,19,0.25,0.9580420224685556,0.0,25,8,38,443.1385794626296,3700,100,3,8
-3.7538553631553104,10.39939379768208,0.0,17,0.39,2.130998777696401,0.0,39,8,25,385.6871539109958,-4.180088504436589,10.298706613170785,-1.0986122886681098,17,0.25,2.2394227687016603,-3.044522437723423,26,8,25,346.226499380994,5.056114097997315,18.77228502590769,2.19722457733622,28,0.37,1.9030845704035448,0.0,37,8,25,893.7064224845524,19.701575195623697,15.03317684032034,31.46523007440548,19,0.26,0.9580420224685556,0.0,26,8,13,440.4039109580422,3750,100,3,8
-3.745382384551376,10.409221938618527,0.0,17,0.37,2.1527959547937274,0.0,37,8,25,388.6793625970338,-4.088752831304824,10.33082314846428,0.0,17,0.26,1.908259036209143,0.0,26,8,25,352.2101527718529,4.457254720886363,18.39530734494648,1.0986122886681098,27,0.38,2.15694290937488,0.0,38,8,25,854.1669259744598,20.016227496367414,14.946561977630685,31.46523007440496,20,0.25,0.9506720929293964,0.0,25,8,38,443.1385794626136,3800,100,3,8
-4.112452155445951,10.743023228577064,0.0,18,0.36,2.178547652442487,0.0,36,8,25,422.4037276098381,-4.447349623595527,10.656711265779949,-1.0986122886681098,18,0.25,2.259422768701085,0.0,25,8,25,385.8081563611708,4.120630174368899,18.73838808451499,0.0,28,0.38,2.15694290937488,0.0,38,8,25,884.487039936708,20.032321875491416,14.92585211363548,31.4652300744044,20,0.24,0.9506720929293964,0.0,24,8,13,440.4039109580274,3850,100,3,8
-4.120925134049755,10.733210970299645,0.0,18,0.38,1.9072315245979987,0.0,38,8,25,419.423711399182,-4.538685296727163,10.622496910929325,-2.19722457733622,18,0.24,1.9007101616210853,-3.044522437723423,26,8,25,379.7965340544917,4.719489551479678,19.11914543898968,1.0986122886681098,29,0.37,1.3229349239878838,0.0,37,8,25,923.7644599904244,19.717669574747028,15.012923784064528,31.465230074403834,19,0.25,0.9580420224685556,0.0,25,8,38,443.1385794625982,3900,100,3,8
-3.753855363155052,10.39939379768139,0.0,17,0.39,2.130998777696401,0.0,39,8,25,385.68715391097,-4.18008850443633,10.2987066131701,-1.0986122886681098,17,0.25,2.2394227687016603,-3.044522437723423,26,8,25,346.2264993809681,5.056114097997013,18.7722850259064,2.19722457733622,28,0.37,1.9030845704035448,0.0,37,8,25,893.7064224844914,19.70157519562236,15.033176840319292,31.46523007440332,19,0.26,0.9580420224685556,0.0,26,8,13,440.4039109580119,3950,100,3,8
-3.745382384551117,10.409221938617836,0.0,17,0.37,2.1527959547937274,0.0,37,8,25,388.6793625970079,-4.088752831304564,10.330823148463594,0.0,17,0.26,1.908259036209143,0.0,26,8,25,352.210152771827,4.457254720886104,18.39530734494521,1.0986122886681098,27,0.38,2.15694290937488,0.0,38,8,25,854.1669259744016,20.01622749636605,14.94656197762964,31.4652300744028,20,0.25,0.9506720929293964,0.0,25,8,38,443.1385794625823,4000,100,3,8
-4.11245215544567,10.743023228576348,0.0,18,0.36,2.178547652442487,0.0,36,8,25,422.4037276098101,-4.447349623595247,10.656711265779231,-1.0986122886681098,18,0.25,2.259422768701085,0.0,25,8,25,385.80815636114266,4.120630174368661,18.7383880845137,0.0,28,0.38,2.15694290937488,0.0,38,8,25,884.4870399366482,20.03232187549005,14.925852113634436,31.46523007440224,20,0.24,0.9506720929293964,0.0,24,8,13,440.403910957997,4050,100,3,8
-4.120925134049474,10.733210970298927,0.0,18,0.38,1.9072315245979987,0.0,38,8,25,419.4237113991538,-4.5386852967268805,10.622496910928607,-2.19722457733622,18,0.24,1.9007101616210853,-3.044522437723423,26,8,25,379.7965340544637,4.7194895514793975,19.119145438988365,1.0986122886681098,29,0.37,1.3229349239878838,0.0,37,8,25,923.7644599903616,19.71766957474569,15.012923784063478,31.46523007440167,19,0.25,0.9580420224685556,0.0,25,8,38,443.13857946256695,4100,100,3,8
-3.753855363154792,10.399393797680698,0.0,17,0.39,2.130998777696401,0.0,39,8,25,385.687153910944,-4.18008850443607,10.298706613169411,-1.0986122886681098,17,0.25,2.2394227687016603,-3.044522437723423,26,8,25,346.22649938094224,5.05611409799671,18.772285025905106,2.19722457733622,28,0.37,1.9030845704035448,0.0,37,8,25,893.7064224844304,19.70157519562101,15.03317684031824,31.465230074401152,19,0.26,0.9580420224685556,0.0,26,8,13,440.4039109579814,4150,100,3,8
-3.745382384550857,10.409221938617144,0.0,17,0.37,2.1527959547937274,0.0,37,8,25,388.679362596982,-4.088752831304306,10.330823148462905,0.0,17,0.26,1.908259036209143,0.0,26,8,25,352.21015277180106,4.457254720885845,18.395307344943934,1.0986122886681098,27,0.38,2.15694290937488,0.0,38,8,25,854.1669259743436,20.01622749636469,14.946561977628598,31.46523007440064,20,0.25,0.9506720929293964,0.0,25,8,38,443.13857946255104,4200,100,3,8
-4.112452155445389,10.74302322857563,0.0,18,0.36,2.178547652442487,0.0,36,8,25,422.4037276097819,-4.447349623594965,10.656711265778524,-1.0986122886681098,18,0.25,2.259422768701085,0.0,25,8,25,385.8081563611145,4.120630174368424,18.73838808451241,0.0,28,0.38,2.15694290937488,0.0,38,8,25,884.4870399365882,20.03232187548869,14.925852113633397,31.465230074400072,20,0.24,0.9506720929293964,0.0,24,8,13,440.4039109579665,4250,100,3,8
-4.120925134049193,10.733210970298211,0.0,18,0.38,1.9072315245979987,0.0,38,8,25,419.42371139912575,-4.5386852967266,10.622496910927897,-2.19722457733622,18,0.24,1.9007101616210853,-3.044522437723423,26,8,25,379.7965340544355,4.719489551479117,19.119145438987044,1.0986122886681098,29,0.37,1.3229349239878838,0.0,37,8,25,923.7644599902986,19.71766957474435,15.012923784062428,31.46523007439951,19,0.25,0.9580420224685556,0.0,25,8,38,443.1385794625356,4300,100,3,8
-3.753855363154533,10.399393797680004,0.0,17,0.39,2.130998777696401,0.0,39,8,25,385.687153910918,-4.180088504435811,10.298706613168722,-1.0986122886681098,17,0.25,2.2394227687016603,-3.044522437723423,26,8,25,346.22649938091627,5.056114097996407,18.772285025903813,2.19722457733622,28,0.37,1.9030845704035448,0.0,37,8,25,893.7064224843696,19.701575195619675,15.033176840317193,31.465230074398992,19,0.26,0.9580420224685556,0.0,26,8,13,440.403910957951,4350,100,3,8
-3.745382384550598,10.409221938616454,0.0,17,0.37,2.1527959547937274,0.0,37,8,25,388.6793625969561,-4.088752831304046,10.330823148462215,0.0,17,0.26,1.908259036209143,0.0,26,8,25,352.21015277177514,4.457254720885586,18.39530734494267,1.0986122886681098,27,0.38,2.15694290937488,0.0,38,8,25,854.1669259742856,20.016227496363328,14.946561977627551,31.46523007439848,20,0.25,0.9506720929293964,0.0,25,8,38,443.1385794625198,4400,100,3,8
-4.112452155445108,10.743023228574916,0.0,18,0.36,2.178547652442487,0.0,36,8,25,422.4037276097538,-4.447349623594684,10.65671126577781,-1.0986122886681098,18,0.25,2.259422768701085,0.0,25,8,25,385.8081563610865,4.120630174368185,18.73838808451112,0.0,28,0.38,2.15694290937488,0.0,38,8,25,884.4870399365283,20.03232187548733,14.92585211363235,31.46523007439791,20,0.24,0.9506720929293964,0.0,24,8,13,440.403910957936,4450,100,3,8
-4.120925134048912,10.733210970297495,0.0,18,0.38,1.9072315245979987,0.0,38,8,25,419.4237113990977,-4.538685296726319,10.622496910927184,-2.19722457733622,18,0.24,1.9007101616210853,-3.044522437723423,26,8,25,379.7965340544074,4.719489551478834,19.11914543898573,1.0986122886681098,29,0.37,1.3229349239878838,0.0,37,8,25,923.7644599902358,19.71766957474301,15.012923784061382,31.465230074397347,19,0.25,0.9580420224685556,0.0,25,8,38,443.1385794625044,4500,100,3,8
-3.753855363154273,10.399393797679318,0.0,17,0.39,2.130998777696401,0.0,39,8,25,385.6871539108921,-4.180088504435552,10.298706613168036,-1.0986122886681098,17,0.25,2.2394227687016603,-3.044522437723423,26,8,25,346.22649938089035,5.056114097996104,18.772285025902512,2.19722457733622,28,0.37,1.9030845704035448,0.0,37,8,25,893.7064224843087,19.701575195618336,15.033176840316145,31.46523007439683,19,0.26,0.9580420224685556,0.0,26,8,13,440.40391095792063,4550,100,3,8
-3.745382384550339,10.409221938615763,0.0,17,0.37,2.1527959547937274,0.0,37,8,25,388.6793625969301,-4.088752831303787,10.330823148461532,0.0,17,0.26,1.908259036209143,0.0,26,8,25,352.2101527717492,4.457254720885326,18.3953073449414,1.0986122886681098,27,0.38,2.15694290937488,0.0,38,8,25,854.1669259742275,20.016227496361967,14.946561977626509,31.46523007439631,20,0.25,0.9506720929293964,0.0,25,8,38,443.1385794624884,4600,100,3,8
-4.112452155444827,10.7430232285742,0.0,18,0.36,2.178547652442487,0.0,36,8,25,422.4037276097258,-4.447349623594403,10.656711265777098,-1.0986122886681098,18,0.25,2.259422768701085,0.0,25,8,25,385.8081563610584,4.120630174367948,18.73838808450984,0.0,28,0.38,2.15694290937488,0.0,38,8,25,884.4870399364684,20.03232187548597,14.925852113631306,31.46523007439575,20,0.24,0.9506720929293964,0.0,24,8,13,440.4039109579057,4650,100,3,8
-4.120925134048631,10.73321097029678,0.0,18,0.38,1.9072315245979987,0.0,38,8,25,419.4237113990697,-4.538685296726039,10.622496910926474,-2.19722457733622,18,0.24,1.9007101616210853,-3.044522437723423,26,8,25,379.7965340543793,4.719489551478554,19.119145438984408,1.0986122886681098,29,0.37,1.3229349239878838,0.0,37,8,25,923.7644599901728,19.717669574741663,15.01292378406033,31.465230074395187,19,0.25,0.9580420224685556,0.0,25,8,38,443.13857946247305,4700,100,3,8
-3.753855363154013,10.399393797678622,0.0,17,0.39,2.130998777696401,0.0,39,8,25,385.6871539108661,-4.180088504435292,10.298706613167347,-1.0986122886681098,17,0.25,2.2394227687016603,-3.044522437723423,26,8,25,346.2264993808644,5.056114097995801,18.77228502590122,2.19722457733622,28,0.37,1.9030845704035448,0.0,37,8,25,893.7064224842477,19.701575195617,15.033176840315097,31.46523007439467,19,0.26,0.9580420224685556,0.0,26,8,13,440.4039109578901,4750,100,3,8
-3.74538238455008,10.409221938615072,0.0,17,0.37,2.1527959547937274,0.0,37,8,25,388.6793625969042,-4.088752831303528,10.330823148460846,0.0,17,0.26,1.908259036209143,0.0,26,8,25,352.21015277172324,4.457254720885067,18.39530734494013,1.0986122886681098,27,0.38,2.15694290937488,0.0,38,8,25,854.1669259741694,20.016227496360603,14.946561977625468,31.46523007439415,20,0.25,0.9506720929293964,0.0,25,8,38,443.13857946245713,4800,100,3,8
-4.1124521554445455,10.743023228573485,0.0,18,0.36,2.178547652442487,0.0,36,8,25,422.4037276096977,-4.447349623594122,10.656711265776384,-1.0986122886681098,18,0.25,2.259422768701085,0.0,25,8,25,385.8081563610304,4.12063017436771,18.738388084508536,0.0,28,0.38,2.15694290937488,0.0,38,8,25,884.4870399364083,20.032321875484605,14.925852113630263,31.465230074393588,20,0.24,0.9506720929293964,0.0,24,8,13,440.40391095787527,4850,100,3,8
-4.12092513404835,10.733210970296064,0.0,18,0.38,1.9072315245979987,0.0,38,8,25,419.4237113990415,-4.538685296725757,10.622496910925758,-2.19722457733622,18,0.24,1.9007101616210853,-3.044522437723423,26,8,25,379.7965340543512,4.719489551478273,19.119145438983093,1.0986122886681098,29,0.37,1.3229349239878838,0.0,37,8,25,923.7644599901104,19.717669574740327,15.012923784059282,31.465230074393023,19,0.25,0.9580420224685556,0.0,25,8,38,443.1385794624417,4900,100,3,8
-3.7538553631537535,10.39939379767793,0.0,17,0.39,2.130998777696401,0.0,39,8,25,385.68715391084027,-4.180088504435032,10.29870661316666,-1.0986122886681098,17,0.25,2.2394227687016603,-3.044522437723423,26,8,25,346.22649938083856,5.056114097995499,18.77228502589992,2.19722457733622,28,0.37,1.9030845704035448,0.0,37,8,25,893.7064224841871,19.70157519561565,15.033176840314049,31.465230074392505,19,0.26,0.9580420224685556,0.0,26,8,13,440.4039109578597,4950,100,3,8
-3.74538238454982,10.409221938614383,0.0,17,0.37,2.1527959547937274,0.0,37,8,25,388.6793625968782,-4.088752831303268,10.330823148460157,0.0,17,0.26,1.908259036209143,0.0,26,8,25,352.2101527716973,4.457254720884808,18.39530734493886,1.0986122886681098,27,0.38,2.15694290937488,0.0,38,8,25,854.1669259741115,20.01622749635924,14.946561977624423,31.465230074391982,20,0.25,0.9506720929293964,0.0,25,8,38,443.1385794624258,5000,100,3,8
-4.112452155444265,10.743023228572769,0.0,18,0.36,2.178547652442487,0.0,36,8,25,422.4037276096696,-4.447349623593841,10.656711265775671,-1.0986122886681098,18,0.25,2.259422768701085,0.0,25,8,25,385.8081563610023,4.120630174367472,18.73838808450725,0.0,28,0.38,2.15694290937488,0.0,38,8,25,884.4870399363483,20.03232187548324,14.92585211362922,31.465230074391425,20,0.24,0.9506720929293964,0.0,24,8,13,440.4039109578448,5050,100,3,8
-4.120925134048069,10.733210970295348,0.0,18,0.38,1.9072315245979987,0.0,38,8,25,419.4237113990135,-4.538685296725476,10.622496910925047,-2.19722457733622,18,0.24,1.9007101616210853,-3.044522437723423,26,8,25,379.7965340543231,4.719489551477992,19.11914543898177,1.0986122886681098,29,0.37,1.3229349239878838,0.0,37,8,25,923.7644599900474,19.71766957473898,15.012923784058236,31.465230074390863,19,0.25,0.9580420224685556,0.0,25,8,38,443.1385794624104,5100,100,3,8
-3.753855363153495,10.39939379767724,0.0,17,0.39,2.130998777696401,0.0,39,8,25,385.6871539108143,-4.180088504434773,10.298706613165974,-1.0986122886681098,17,0.25,2.2394227687016603,-3.044522437723423,26,8,25,346.2264993808126,5.056114097995197,18.77228502589863,2.19722457733622,28,0.37,1.9030845704035448,0.0,37,8,25,893.706422484126,19.70157519561431,15.033176840313,31.465230074390345,19,0.26,0.9580420224685556,0.0,26,8,13,440.4039109578293,5150,100,3,8
-3.74538238454956,10.40922193861369,0.0,17,0.37,2.1527959547937274,0.0,37,8,25,388.6793625968523,-4.088752831303009,10.330823148459467,0.0,17,0.26,1.908259036209143,0.0,26,8,25,352.21015277167146,4.457254720884547,18.395307344937592,1.0986122886681098,27,0.38,2.15694290937488,0.0,38,8,25,854.1669259740537,20.01622749635788,14.94656197762338,31.465230074389822,20,0.25,0.9506720929293964,0.0,25,8,38,443.13857946239455,5200,100,3,8
-4.112452155443983,10.743023228572056,0.0,18,0.36,2.178547652442487,0.0,36,8,25,422.4037276096416,-4.44734962359356,10.65671126577496,-1.0986122886681098,18,0.25,2.259422768701085,0.0,25,8,25,385.80815636097407,4.120630174367234,18.73838808450596,0.0,28,0.38,2.15694290937488,0.0,38,8,25,884.4870399362885,20.03232187548188,14.92585211362818,31.46523007438926,20,0.24,0.9506720929293964,0.0,24,8,13,440.4039109578144,5250,100,3,8
-4.120925134047787,10.733210970294632,0.0,18,0.38,1.9072315245979987,0.0,38,8,25,419.42371139898535,-4.538685296725194,10.622496910924337,-2.19722457733622,18,0.24,1.9007101616210853,-3.044522437723423,26,8,25,379.796534054295,4.71948955147771,19.119145438980453,1.0986122886681098,29,0.37,1.3229349239878838,0.0,37,8,25,923.7644599899844,19.717669574737645,15.012923784057184,31.4652300743887,19,0.25,0.9580420224685556,0.0,25,8,38,443.1385794623791,5300,100,3,8
-3.753855363153235,10.399393797676549,0.0,17,0.39,2.130998777696401,0.0,39,8,25,385.6871539107883,-4.180088504434513,10.298706613165288,-1.0986122886681098,17,0.25,2.2394227687016603,-3.044522437723423,26,8,25,346.22649938078666,5.056114097994893,18.77228502589733,2.19722457733622,28,0.37,1.9030845704035448,0.0,37,8,25,893.706422484065,19.70157519561297,15.033176840311944,31.46523007438818,19,0.26,0.9580420224685556,0.0,26,8,13,440.40391095779887,5350,100,3,8
-3.7453823845493015,10.409221938613,0.0,17,0.37,2.1527959547937274,0.0,37,8,25,388.6793625968264,-4.088752831302751,10.33082314845878,0.0,17,0.26,1.908259036209143,0.0,26,8,25,352.2101527716454,4.457254720884288,18.395307344936324,1.0986122886681098,27,0.38,2.15694290937488,0.0,38,8,25,854.1669259739956,20.01622749635652,14.946561977622338,31.465230074387662,20,0.25,0.9506720929293964,0.0,25,8,38,443.1385794623632,5400,100,3,8
-4.112452155443703,10.74302322857134,0.0,18,0.36,2.178547652442487,0.0,36,8,25,422.40372760961344,-4.447349623593279,10.656711265774248,-1.0986122886681098,18,0.25,2.259422768701085,0.0,25,8,25,385.808156360946,4.120630174366997,18.738388084504667,0.0,28,0.38,2.15694290937488,0.0,38,8,25,884.4870399362285,20.03232187548052,14.925852113627132,31.4652300743871,20,0.24,0.9506720929293964,0.0,24,8,13,440.403910957784,5450,100,3,8
-4.120925134047506,10.733210970293916,0.0,18,0.38,1.9072315245979987,0.0,38,8,25,419.4237113989572,-4.538685296724913,10.62249691092362,-2.19722457733622,18,0.24,1.9007101616210853,-3.044522437723423,26,8,25,379.7965340542669,4.719489551477428,19.11914543897913,1.0986122886681098,29,0.37,1.3229349239878838,0.0,37,8,25,923.7644599899216,19.717669574736306,15.012923784056136,31.46523007438654,19,0.25,0.9580420224685556,0.0,25,8,38,443.1385794623478,5500,100,3,8
-3.753855363152976,10.39939379767586,0.0,17,0.39,2.130998777696401,0.0,39,8,25,385.6871539107625,-4.180088504434255,10.2987066131646,-1.0986122886681098,17,0.25,2.2394227687016603,-3.044522437723423,26,8,25,346.2264993807608,5.056114097994591,18.77228502589604,2.19722457733622,28,0.37,1.9030845704035448,0.0,37,8,25,893.7064224840041,19.701575195611632,15.0331768403109,31.46523007438602,19,0.26,0.9580420224685556,0.0,26,8,13,440.4039109577684,5550,100,3,8
-3.7453823845490417,10.40922193861231,0.0,17,0.37,2.1527959547937274,0.0,37,8,25,388.6793625968005,-4.0887528313024895,10.330823148458094,0.0,17,0.26,1.908259036209143,0.0,26,8,25,352.2101527716196,4.457254720884029,18.39530734493506,1.0986122886681098,27,0.38,2.15694290937488,0.0,38,8,25,854.1669259739376,20.01622749635516,14.946561977621297,31.465230074385502,20,0.25,0.9506720929293964,0.0,25,8,38,443.1385794623319,5600,100,3,8
-4.112452155443422,10.743023228570625,0.0,18,0.36,2.178547652442487,0.0,36,8,25,422.40372760958536,-4.447349623592998,10.656711265773534,-1.0986122886681098,18,0.25,2.259422768701085,0.0,25,8,25,385.8081563609179,4.120630174366759,18.738388084503374,0.0,28,0.38,2.15694290937488,0.0,38,8,25,884.4870399361685,20.032321875479155,14.925852113626092,31.46523007438494,20,0.24,0.9506720929293964,0.0,24,8,13,440.4039109577536,5650,100,3,8
-4.1209251340472255,10.733210970293198,0.0,18,0.38,1.9072315245979987,0.0,38,8,25,419.4237113989291,-4.5386852967246325,10.62249691092291,-2.19722457733622,18,0.24,1.9007101616210853,-3.044522437723423,26,8,25,379.79653405423886,4.719489551477148,19.119145438977817,1.0986122886681098,29,0.37,1.3229349239878838,0.0,37,8,25,923.7644599898588,19.717669574734963,15.012923784055088,31.465230074384376,19,0.25,0.9580420224685556,0.0,25,8,38,443.1385794623165,5700,100,3,8
-3.753855363152717,10.399393797675168,0.0,17,0.39,2.130998777696401,0.0,39,8,25,385.6871539107364,-4.180088504433996,10.298706613163912,-1.0986122886681098,17,0.25,2.2394227687016603,-3.044522437723423,26,8,25,346.2264993807348,5.056114097994288,18.77228502589474,2.19722457733622,28,0.37,1.9030845704035448,0.0,37,8,25,893.7064224839432,19.70157519561029,15.033176840309848,31.465230074383857,19,0.26,0.9580420224685556,0.0,26,8,13,440.403910957738,5750,100,3,8
-3.7453823845487824,10.409221938611616,0.0,17,0.37,2.1527959547937274,0.0,37,8,25,388.6793625967746,-4.088752831302231,10.330823148457409,0.0,17,0.26,1.908259036209143,0.0,26,8,25,352.2101527715935,4.45725472088377,18.39530734493379,1.0986122886681098,27,0.38,2.15694290937488,0.0,38,8,25,854.1669259738796,20.0162274963538,14.946561977620252,31.46523007438334,20,0.25,0.9506720929293964,0.0,25,8,38,443.13857946230047,5800,100,3,8
-4.11245215544314,10.743023228569909,0.0,18,0.36,2.178547652442487,0.0,36,8,25,422.4037276095572,-4.447349623592717,10.656711265772822,-1.0986122886681098,18,0.25,2.259422768701085,0.0,25,8,25,385.8081563608898,4.1206301743665215,18.738388084502088,0.0,28,0.38,2.15694290937488,0.0,38,8,25,884.4870399361088,20.032321875477795,14.925852113625048,31.465230074382777,20,0.24,0.9506720929293964,0.0,24,8,13,440.4039109577232,5850,100,3,8
-4.120925134046945,10.733210970292484,0.0,18,0.38,1.9072315245979987,0.0,38,8,25,419.4237113989011,-4.538685296724352,10.622496910922196,-2.19722457733622,18,0.24,1.9007101616210853,-3.044522437723423,26,8,25,379.7965340542108,4.719489551476867,19.119145438976496,1.0986122886681098,29,0.37,1.3229349239878838,0.0,37,8,25,923.764459989796,19.71766957473362,15.01292378405404,31.465230074382216,19,0.25,0.9580420224685556,0.0,25,8,38,443.1385794622853,5900,100,3,8
-3.753855363152457,10.399393797674476,0.0,17,0.39,2.130998777696401,0.0,39,8,25,385.68715391071055,-4.180088504433735,10.298706613163226,-1.0986122886681098,17,0.25,2.2394227687016603,-3.044522437723423,26,8,25,346.2264993807089,5.056114097993986,18.77228502589345,2.19722457733622,28,0.37,1.9030845704035448,0.0,37,8,25,893.7064224838823,19.70157519560896,15.033176840308805,31.465230074381697,19,0.26,0.9580420224685556,0.0,26,8,13,440.4039109577077,5950,100,3,8
-3.7453823845485226,10.409221938610928,0.0,17,0.37,2.1527959547937274,0.0,37,8,25,388.67936259674855,-4.088752831301972,10.33082314845672,0.0,17,0.26,1.908259036209143,0.0,26,8,25,352.2101527715677,4.457254720883509,18.39530734493252,1.0986122886681098,27,0.38,2.15694290937488,0.0,38,8,25,854.1669259738217,20.016227496352432,14.946561977619208,31.46523007438118,20,0.25,0.9506720929293964,0.0,25,8,38,443.13857946226926,6000,100,3,8
-4.112452155442859,10.743023228569191,0.0,18,0.36,2.178547652442487,0.0,36,8,25,422.40372760952914,-4.447349623592436,10.65671126577211,-1.0986122886681098,18,0.25,2.259422768701085,0.0,25,8,25,385.8081563608616,4.120630174366283,18.738388084500794,0.0,28,0.38,2.15694290937488,0.0,38,8,25,884.4870399360487,20.03232187547644,14.925852113624003,31.465230074380614,20,0.24,0.9506720929293964,0.0,24,8,13,440.4039109576928,6050,100,3,8
-4.120925134046663,10.733210970291768,0.0,18,0.38,1.9072315245979987,0.0,38,8,25,419.42371139887297,-4.538685296724069,10.622496910921486,-2.19722457733622,18,0.24,1.9007101616210853,-3.044522437723423,26,8,25,379.7965340541828,4.719489551476586,19.11914543897518,1.0986122886681098,29,0.37,1.3229349239878838,0.0,37,8,25,923.7644599897332,19.717669574732284,15.012923784052989,31.46523007438005,19,0.25,0.9580420224685556,0.0,25,8,38,443.13857946225386,6100,100,3,8
-3.753855363152198,10.399393797673785,0.0,17,0.39,2.130998777696401,0.0,39,8,25,385.68715391068463,-4.180088504433476,10.298706613162537,-1.0986122886681098,17,0.25,2.2394227687016603,-3.044522437723423,26,8,25,346.2264993806829,5.056114097993684,18.77228502589215,2.19722457733622,28,0.37,1.9030845704035448,0.0,37,8,25,893.7064224838213,19.701575195607614,15.033176840307751,31.465230074379534,19,0.26,0.9580420224685556,0.0,26,8,13,440.4039109576772,6150,100,3,8
-3.745382384548263,10.409221938610235,0.0,17,0.37,2.1527959547937274,0.0,37,8,25,388.6793625967226,-4.088752831301712,10.33082314845603,0.0,17,0.26,1.908259036209143,0.0,26,8,25,352.21015277154174,4.457254720883251,18.39530734493125,1.0986122886681098,27,0.38,2.15694290937488,0.0,38,8,25,854.1669259737636,20.016227496351075,14.946561977618169,31.46523007437901,20,0.25,0.9506720929293964,0.0,25,8,38,443.1385794622379,6200,100,3,8
-4.112452155442577,10.743023228568475,0.0,18,0.36,2.178547652442487,0.0,36,8,25,422.40372760950106,-4.447349623592154,10.656711265771396,-1.0986122886681098,18,0.25,2.259422768701085,0.0,25,8,25,385.8081563608337,4.120630174366045,18.7383880844995,0.0,28,0.38,2.15694290937488,0.0,38,8,25,884.4870399359887,20.032321875475063,14.925852113622962,31.465230074378454,20,0.24,0.9506720929293964,0.0,24,8,13,440.40391095766233,6250,100,3,8
-4.120925134046383,10.733210970291053,0.0,18,0.38,1.9072315245979987,0.0,38,8,25,419.4237113988448,-4.538685296723789,10.622496910920772,-2.19722457733622,18,0.24,1.9007101616210853,-3.044522437723423,26,8,25,379.7965340541546,4.719489551476306,19.119145438973863,1.0986122886681098,29,0.37,1.3229349239878838,0.0,37,8,25,923.7644599896704,19.71766957473094,15.012923784051942,31.46523007437789,19,0.25,0.9580420224685556,0.0,25,8,38,443.1385794622225,6300,100,3,8
-3.753855363151938,10.399393797673094,0.0,17,0.39,2.130998777696401,0.0,39,8,25,385.6871539106588,-4.180088504433217,10.29870661316185,-1.0986122886681098,17,0.25,2.2394227687016603,-3.044522437723423,26,8,25,346.22649938065706,5.056114097993381,18.772285025890856,2.19722457733622,28,0.37,1.9030845704035448,0.0,37,8,25,893.7064224837605,19.70157519560627,15.033176840306709,31.465230074377374,19,0.26,0.9580420224685556,0.0,26,8,13,440.4039109576467,6350,100,3,8
-3.745382384548004,10.409221938609544,0.0,17,0.37,2.1527959547937274,0.0,37,8,25,388.6793625966967,-4.088752831301453,10.330823148455345,0.0,17,0.26,1.908259036209143,0.0,26,8,25,352.21015277151577,4.457254720882991,18.395307344929986,1.0986122886681098,27,0.38,2.15694290937488,0.0,38,8,25,854.1669259737055,20.016227496349707,14.946561977617122,31.46523007437685,20,0.25,0.9506720929293964,0.0,25,8,38,443.13857946220656,6400,100,3,8
-4.112452155442297,10.74302322856776,0.0,18,0.36,2.178547652442487,0.0,36,8,25,422.4037276094729,-4.447349623591873,10.656711265770689,-1.0986122886681098,18,0.25,2.259422768701085,0.0,25,8,25,385.8081563608055,4.120630174365807,18.73838808449821,0.0,28,0.38,2.15694290937488,0.0,38,8,25,884.4870399359287,20.03232187547371,14.925852113621918,31.465230074376294,20,0.24,0.9506720929293964,0.0,24,8,13,440.4039109576319,6450,100,3,8
-4.120925134046101,10.733210970290337,0.0,18,0.38,1.9072315245979987,0.0,38,8,25,419.4237113988168,-4.538685296723508,10.62249691092006,-2.19722457733622,18,0.24,1.9007101616210853,-3.044522437723423,26,8,25,379.7965340541264,4.719489551476025,19.119145438972545,1.0986122886681098,29,0.37,1.3229349239878838,0.0,37,8,25,923.7644599896074,19.717669574729605,15.012923784050892,31.46523007437573,19,0.25,0.9580420224685556,0.0,25,8,38,443.1385794621912,6500,100,3,8
-3.753855363151679,10.399393797672404,0.0,17,0.39,2.130998777696401,0.0,39,8,25,385.6871539106328,-4.180088504432957,10.298706613161164,-1.0986122886681098,17,0.25,2.2394227687016603,-3.044522437723423,26,8,25,346.22649938063114,5.056114097993078,18.77228502588956,2.19722457733622,28,0.37,1.9030845704035448,0.0,37,8,25,893.7064224836996,19.70157519560493,15.033176840305655,31.46523007437521,19,0.26,0.9580420224685556,0.0,26,8,13,440.4039109576163,6550,100,3,8
-3.745382384547745,10.409221938608852,0.0,17,0.37,2.1527959547937274,0.0,37,8,25,388.6793625966708,-4.088752831301194,10.330823148454655,0.0,17,0.26,1.908259036209143,0.0,26,8,25,352.2101527714899,4.457254720882732,18.39530734492872,1.0986122886681098,27,0.38,2.15694290937488,0.0,38,8,25,854.1669259736475,20.016227496348343,14.94656197761608,31.46523007437469,20,0.25,0.9506720929293964,0.0,25,8,38,443.1385794621753,6600,100,3,8
-4.112452155442016,10.743023228567049,0.0,18,0.36,2.178547652442487,0.0,36,8,25,422.4037276094448,-4.447349623591593,10.656711265769973,-1.0986122886681098,18,0.25,2.259422768701085,0.0,25,8,25,385.8081563607775,4.12063017436557,18.73838808449692,0.0,28,0.38,2.15694290937488,0.0,38,8,25,884.4870399358689,20.032321875472345,14.925852113620875,31.46523007437413,20,0.24,0.9506720929293964,0.0,24,8,13,440.4039109576014,6650,100,3,8
-4.12092513404582,10.733210970289624,0.0,18,0.38,1.9072315245979987,0.0,38,8,25,419.4237113987887,-4.538685296723227,10.622496910919349,-2.19722457733622,18,0.24,1.9007101616210853,-3.044522437723423,26,8,25,379.7965340540984,4.719489551475744,19.119145438971227,1.0986122886681098,29,0.37,1.3229349239878838,0.0,37,8,25,923.7644599895448,19.717669574728266,15.012923784049844,31.46523007437357,19,0.25,0.9580420224685556,0.0,25,8,38,443.1385794621599,6700,100,3,8
-3.753855363151419,10.39939379767171,0.0,17,0.39,2.130998777696401,0.0,39,8,25,385.6871539106068,-4.180088504432698,10.298706613160476,-1.0986122886681098,17,0.25,2.2394227687016603,-3.044522437723423,26,8,25,346.2264993806052,5.056114097992776,18.772285025888262,2.19722457733622,28,0.37,1.9030845704035448,0.0,37,8,25,893.7064224836386,19.701575195603592,15.033176840304607,31.46523007437305,19,0.26,0.9580420224685556,0.0,26,8,13,440.40391095758594,6750,100,3,8
-3.7453823845474847,10.409221938608162,0.0,17,0.37,2.1527959547937274,0.0,37,8,25,388.6793625966448,-4.088752831300933,10.330823148453968,0.0,17,0.26,1.908259036209143,0.0,26,8,25,352.2101527714639,4.457254720882472,18.39530734492745,1.0986122886681098,27,0.38,2.15694290937488,0.0,38,8,25,854.1669259735895,20.016227496346986,14.946561977615035,31.46523007437253,20,0.25,0.9506720929293964,0.0,25,8,38,443.138579462144,6800,100,3,8
-4.112452155441734,10.74302322856633,0.0,18,0.36,2.178547652442487,0.0,36,8,25,422.4037276094168,-4.447349623591311,10.65671126576926,-1.0986122886681098,18,0.25,2.259422768701085,0.0,25,8,25,385.8081563607493,4.120630174365332,18.738388084495632,0.0,28,0.38,2.15694290937488,0.0,38,8,25,884.4870399358089,20.032321875470988,14.925852113619833,31.465230074371966,20,0.24,0.9506720929293964,0.0,24,8,13,440.40391095757104,6850,100,3,8
-4.12092513404554,10.733210970288903,0.0,18,0.38,1.9072315245979987,0.0,38,8,25,419.4237113987606,-4.538685296722947,10.622496910918636,-2.19722457733622,18,0.24,1.9007101616210853,-3.044522437723423,26,8,25,379.7965340540704,4.719489551475463,19.11914543896991,1.0986122886681098,29,0.37,1.3229349239878838,0.0,37,8,25,923.7644599894816,19.717669574726923,15.012923784048796,31.465230074371405,19,0.25,0.9580420224685556,0.0,25,8,38,443.13857946212863,6900,100,3,8
-3.75385536315116,10.39939379767102,0.0,17,0.39,2.130998777696401,0.0,39,8,25,385.687153910581,-4.180088504432439,10.298706613159789,-1.0986122886681098,17,0.25,2.2394227687016603,-3.044522437723423,26,8,25,346.22649938057924,5.056114097992474,18.77228502588697,2.19722457733622,28,0.37,1.9030845704035448,0.0,37,8,25,893.7064224835779,19.70157519560225,15.033176840303556,31.465230074370886,19,0.26,0.9580420224685556,0.0,26,8,13,440.4039109575555,6950,100,3,8
-3.7453823845472254,10.409221938607471,0.0,17,0.37,2.1527959547937274,0.0,37,8,25,388.6793625966188,-4.088752831300674,10.330823148453282,0.0,17,0.26,1.908259036209143,0.0,26,8,25,352.210152771438,4.457254720882212,18.39530734492618,1.0986122886681098,27,0.38,2.15694290937488,0.0,38,8,25,854.1669259735315,20.01622749634562,14.946561977613992,31.465230074370368,20,0.25,0.9506720929293964,0.0,25,8,38,443.1385794621127,7000,100,3,8
-4.112452155441454,10.743023228565614,0.0,18,0.36,2.178547652442487,0.0,36,8,25,422.4037276093888,-4.44734962359103,10.656711265768546,-1.0986122886681098,18,0.25,2.259422768701085,0.0,25,8,25,385.8081563607212,4.120630174365094,18.73838808449434,0.0,28,0.38,2.15694290937488,0.0,38,8,25,884.487039935749,20.032321875469624,14.925852113618788,31.465230074369806,20,0.24,0.9506720929293964,0.0,24,8,13,440.40391095754063,7050,100,3,8
-4.120925134045258,10.733210970288187,0.0,18,0.38,1.9072315245979987,0.0,38,8,25,419.4237113987325,-4.538685296722665,10.62249691091792,-2.19722457733622,18,0.24,1.9007101616210853,-3.044522437723423,26,8,25,379.79653405404224,4.719489551475181,19.119145438968587,1.0986122886681098,29,0.37,1.3229349239878838,0.0,37,8,25,923.764459989419,19.717669574725583,15.012923784047745,31.465230074369245,19,0.25,0.9580420224685556,0.0,25,8,38,443.13857946209725,7100,100,3,8
-3.0887766047093685,10.612951857496393,0.0,21,0.36,2.474491692791537,0.0,36,8,37,309.3138774489878,-3.022851386850624,11.144210527328127,0.0,22,0.22,2.267655258505447,-3.044522437723423,22,8,12,364.3652980521032,4.069407304012969,17.670035200899175,0.8047189562170501,30,0.35,2.369250326189609,0.0,35,8,25,765.4129559328334,16.790976127156704,16.22402688758648,31.465230074368684,22,0.27,1.291349296075208,0.0,27,8,37,441.4489596070316,7150,100,3,8
-1.083180787057514,12.663553769834502,0.0,25,0.31,2.6315889560448,0.0,31,8,40,375.3792423681291,0.9835932897619256,14.862426951822613,0.8047189562170501,31,0.15,2.225035197438285,-2.19722457733622,16,10,10,446.9615382709904,-0.2656709856224575,13.465682413127908,0.0,22,0.27,2.1260052992578844,0.0,27,8,25,282.7846320855215,5.134229008127619,16.195683678795746,0.0,21,0.39,2.268709386556297,0.0,39,5,1,688.8825816068735,7200,100,3,8
